epoch,fn,slot,trigger,bsr_type,lcg,bsr_index
1785742142.779009,724,7,T_PERIODIC_EXPIRY_BSR | HIGH_DATA_ARRIVAL,SHORT_BSR,0,0
1785742142.779009,726,7,HIGH_DATA_ARRIVAL,SHORT_BSR,0,0
1785742142.779009,824,7,T_PERIODIC_EXPIRY_BSR | HIGH_DATA_ARRIVAL,SHORT_BSR,0,0
1785742142.779009,828,7,T_PERIODIC_EXPIRY_BSR | HIGH_DATA_ARRIVAL,SHORT_BSR,0,0
1785742142.779009,924,7,T_PERIODIC_EXPIRY_BSR | HIGH_DATA_ARRIVAL,SHORT_BSR,0,0
1785742142.779009,926,7,HIGH_DATA_ARRIVAL,SHORT_BSR,0,0
1785742142.779009,1014,7,T_PERIODIC_EXPIRY_BSR,SHORT_BSR,0,0
1785742142.779009,0,7,T_PERIODIC_EXPIRY_BSR | HIGH_DATA_ARRIVAL,SHORT_BSR,0,0
1785742142.779009,2,7,HIGH_DATA_ARRIVAL,SHORT_BSR,0,0
1785742142.779009,100,7,T_PERIODIC_EXPIRY_BSR | HIGH_DATA_ARRIVAL,SHORT_BSR,0,0
1785742142.779009,102,7,HIGH_DATA_ARRIVAL,SHORT_BSR,0,0
1785742142.779009,200,7,T_PERIODIC_EXPIRY_BSR | HIGH_DATA_ARRIVAL,SHORT_BSR,0,0
1785742142.779009,202,7,HIGH_DATA_ARRIVAL,SHORT_BSR,0,0
1785742142.779009,282,7,T_PERIODIC_EXPIRY_BSR | HIGH_DATA_ARRIVAL,SHORT_BSR,0,0
1785742142.779009,284,7,HIGH_DATA_ARRIVAL,SHORT_BSR,0,0
1785742149.778990,302,7,T_PERIODIC_EXPIRY_BSR | HIGH_DATA_ARRIVAL,SHORT_BSR,0,0
1785742149.778990,304,7,HIGH_DATA_ARRIVAL,SHORT_BSR,0,0
1785742149.778990,402,7,T_PERIODIC_EXPIRY_BSR | HIGH_DATA_ARRIVAL,SHORT_BSR,0,0
1785742149.778990,404,7,HIGH_DATA_ARRIVAL,SHORT_BSR,0,0
1785742149.778990,502,7,T_PERIODIC_EXPIRY_BSR | HIGH_DATA_ARRIVAL,SHORT_BSR,0,0
1785742149.778990,504,7,HIGH_DATA_ARRIVAL,SHORT_BSR,0,0
1785742149.778990,562,7,T_PERIODIC_EXPIRY_BSR,SHORT_BSR,0,0
1785742149.778990,602,7,T_PERIODIC_EXPIRY_BSR | HIGH_DATA_ARRIVAL,SHORT_BSR,0,0
1785742149.778990,604,7,HIGH_DATA_ARRIVAL,SHORT_BSR,0,0
1785742149.778990,702,7,T_PERIODIC_EXPIRY_BSR | HIGH_DATA_ARRIVAL,SHORT_BSR,0,0
1785742149.778990,704,7,HIGH_DATA_ARRIVAL,SHORT_BSR,0,0
1785742149.778990,802,7,T_PERIODIC_EXPIRY_BSR | HIGH_DATA_ARRIVAL,SHORT_BSR,0,0
1785742149.778990,804,7,HIGH_DATA_ARRIVAL,SHORT_BSR,0,0
1785742149.778990,902,7,T_PERIODIC_EXPIRY_BSR | HIGH_DATA_ARRIVAL,SHORT_BSR,0,0
1785742149.778990,904,7,HIGH_DATA_ARRIVAL,SHORT_BSR,0,0
1785742151.773983,1002,7,T_PERIODIC_EXPIRY_BSR | HIGH_DATA_ARRIVAL,SHORT_BSR,0,0
1785742151.773983,1006,7,T_PERIODIC_EXPIRY_BSR | HIGH_DATA_ARRIVAL,SHORT_BSR,0,0
1785742151.773983,78,7,T_PERIODIC_EXPIRY_BSR | HIGH_DATA_ARRIVAL,SHORT_BSR,0,0
1785742151.773983,80,7,HIGH_DATA_ARRIVAL,SHORT_BSR,0,0
1785742151.773983,162,7,T_PERIODIC_EXPIRY_BSR | HIGH_DATA_ARRIVAL,SHORT_BSR,0,0
1785742151.773983,164,7,HIGH_DATA_ARRIVAL,SHORT_BSR,0,0
1785742151.773983,166,7,HIGH_DATA_ARRIVAL,SHORT_BSR,0,0
1785742151.773983,168,7,HIGH_DATA_ARRIVAL,SHORT_BSR,0,0
1785742151.773983,170,7,HIGH_DATA_ARRIVAL,SHORT_BSR,0,0
1785742151.773983,172,7,HIGH_DATA_ARRIVAL,SHORT_BSR,2,23
1785742151.773983,173,7,T_PERIODIC_EXPIRY_BSR,SHORT_BSR,2,23
1785742151.773983,174,7,T_PERIODIC_EXPIRY_BSR,SHORT_BSR,2,18
1785742151.773983,174,17,HIGH_DATA_ARRIVAL,SHORT_BSR,2,22
1785742151.773983,175,17,T_PERIODIC_EXPIRY_BSR,SHORT_BSR,2,25
1785742151.773983,176,17,T_PERIODIC_EXPIRY_BSR,SHORT_BSR,2,25
1785742151.924590,177,17,T_PERIODIC_EXPIRY_BSR,SHORT_BSR,2,26
1785742151.924590,178,17,T_PERIODIC_EXPIRY_BSR,SHORT_BSR,2,27
1785742151.924590,179,17,T_PERIODIC_EXPIRY_BSR,SHORT_BSR,2,28
1785742151.924590,180,17,T_PERIODIC_EXPIRY_BSR,SHORT_BSR,2,27
1785742151.924590,181,19,T_PERIODIC_EXPIRY_BSR,SHORT_BSR,2,27
1785742151.924590,182,19,T_PERIODIC_EXPIRY_BSR,SHORT_BSR,2,27
1785742151.924590,183,19,T_PERIODIC_EXPIRY_BSR,SHORT_BSR,2,27
1785742151.924590,184,19,T_PERIODIC_EXPIRY_BSR,SHORT_BSR,2,27
1785742151.924590,185,19,T_PERIODIC_EXPIRY_BSR,SHORT_BSR,2,27
1785742151.924590,186,19,T_PERIODIC_EXPIRY_BSR,SHORT_BSR,2,27
1785742151.924590,187,19,T_PERIODIC_EXPIRY_BSR,SHORT_BSR,2,27
1785742151.924590,188,19,T_PERIODIC_EXPIRY_BSR,SHORT_BSR,2,27
1785742151.924590,189,19,T_PERIODIC_EXPIRY_BSR,SHORT_BSR,2,28
1785742151.924590,190,19,T_PERIODIC_EXPIRY_BSR,SHORT_BSR,2,27
1785742151.924590,191,19,T_PERIODIC_EXPIRY_BSR,SHORT_BSR,2,28
1785742152.078974,192,19,T_PERIODIC_EXPIRY_BSR,SHORT_BSR,2,28
1785742152.078974,193,19,T_PERIODIC_EXPIRY_BSR,SHORT_BSR,2,27
1785742152.078974,194,19,T_PERIODIC_EXPIRY_BSR,SHORT_BSR,2,27
1785742152.078974,195,19,T_PERIODIC_EXPIRY_BSR,SHORT_BSR,2,27
1785742152.078974,196,19,T_PERIODIC_EXPIRY_BSR,SHORT_BSR,2,27
1785742152.078974,197,19,T_PERIODIC_EXPIRY_BSR,SHORT_BSR,2,28
1785742152.078974,199,7,T_PERIODIC_EXPIRY_BSR,SHORT_BSR,2,28
1785742152.078974,200,7,T_PERIODIC_EXPIRY_BSR,SHORT_BSR,2,28
1785742152.078974,201,7,T_PERIODIC_EXPIRY_BSR,SHORT_BSR,2,28
1785742152.078974,202,7,T_PERIODIC_EXPIRY_BSR,SHORT_BSR,2,28
1785742152.078974,203,7,T_PERIODIC_EXPIRY_BSR,SHORT_BSR,2,28
1785742152.078974,204,7,T_PERIODIC_EXPIRY_BSR,SHORT_BSR,2,28
1785742152.078974,205,7,T_PERIODIC_EXPIRY_BSR,SHORT_BSR,2,28
1785742152.078974,206,7,T_PERIODIC_EXPIRY_BSR,SHORT_BSR,2,28
1785742152.078974,207,7,T_PERIODIC_EXPIRY_BSR,SHORT_BSR,2,28
1785742152.228983,208,7,T_PERIODIC_EXPIRY_BSR,SHORT_BSR,2,28
1785742152.228983,209,7,T_PERIODIC_EXPIRY_BSR,SHORT_BSR,2,28
1785742152.228983,210,7,T_PERIODIC_EXPIRY_BSR,SHORT_BSR,2,28
1785742152.228983,211,7,T_PERIODIC_EXPIRY_BSR,SHORT_BSR,2,28
1785742152.228983,212,7,T_PERIODIC_EXPIRY_BSR,SHORT_BSR,2,28
1785742152.228983,213,7,T_PERIODIC_EXPIRY_BSR,SHORT_BSR,2,28
1785742152.228983,214,7,T_PERIODIC_EXPIRY_BSR,SHORT_BSR,2,28
1785742152.228983,215,7,T_PERIODIC_EXPIRY_BSR,SHORT_BSR,2,28
1785742152.228983,216,7,T_PERIODIC_EXPIRY_BSR,SHORT_BSR,2,28
1785742152.228983,217,7,T_PERIODIC_EXPIRY_BSR,SHORT_BSR,2,28
1785742152.228983,218,7,T_PERIODIC_EXPIRY_BSR,SHORT_BSR,2,28
1785742152.228983,219,7,T_PERIODIC_EXPIRY_BSR,SHORT_BSR,2,28
1785742152.228983,220,7,T_PERIODIC_EXPIRY_BSR,SHORT_BSR,2,28
1785742152.228983,221,7,T_PERIODIC_EXPIRY_BSR,SHORT_BSR,2,28
1785742152.228983,222,7,T_PERIODIC_EXPIRY_BSR,SHORT_BSR,2,28
1785742152.378986,223,7,T_PERIODIC_EXPIRY_BSR,SHORT_BSR,2,28
1785742152.378986,224,7,T_PERIODIC_EXPIRY_BSR,SHORT_BSR,2,28
1785742152.378986,225,7,T_PERIODIC_EXPIRY_BSR,SHORT_BSR,2,28
1785742152.378986,226,7,T_PERIODIC_EXPIRY_BSR,SHORT_BSR,2,28
1785742152.378986,227,7,T_PERIODIC_EXPIRY_BSR,SHORT_BSR,2,28
1785742152.378986,228,7,T_PERIODIC_EXPIRY_BSR,SHORT_BSR,2,29
1785742152.378986,229,7,T_PERIODIC_EXPIRY_BSR,SHORT_BSR,2,29
1785742152.378986,230,7,T_PERIODIC_EXPIRY_BSR,SHORT_BSR,2,29
1785742152.378986,231,7,T_PERIODIC_EXPIRY_BSR,SHORT_BSR,2,28
1785742152.378986,232,7,T_PERIODIC_EXPIRY_BSR,SHORT_BSR,2,28
1785742152.378986,233,7,T_PERIODIC_EXPIRY_BSR,SHORT_BSR,2,28
1785742152.378986,234,7,T_PERIODIC_EXPIRY_BSR,SHORT_BSR,2,28
1785742152.378986,235,7,T_PERIODIC_EXPIRY_BSR,SHORT_BSR,2,28
1785742152.378986,236,7,T_PERIODIC_EXPIRY_BSR,SHORT_BSR,2,29
1785742152.378986,237,7,T_PERIODIC_EXPIRY_BSR,SHORT_BSR,2,29
1785742152.528986,238,7,T_PERIODIC_EXPIRY_BSR,SHORT_BSR,2,28
1785742152.528986,239,7,T_PERIODIC_EXPIRY_BSR,SHORT_BSR,2,28
1785742152.528986,240,7,T_PERIODIC_EXPIRY_BSR,SHORT_BSR,2,28
1785742152.528986,241,7,T_PERIODIC_EXPIRY_BSR,SHORT_BSR,2,29
1785742152.528986,242,7,T_PERIODIC_EXPIRY_BSR,SHORT_BSR,2,28
1785742152.528986,243,7,T_PERIODIC_EXPIRY_BSR,SHORT_BSR,2,29
1785742152.528986,244,7,T_PERIODIC_EXPIRY_BSR,SHORT_BSR,2,29
1785742152.528986,245,7,T_PERIODIC_EXPIRY_BSR,SHORT_BSR,2,29
1785742152.528986,246,7,T_PERIODIC_EXPIRY_BSR,SHORT_BSR,2,29
1785742152.528986,247,7,T_PERIODIC_EXPIRY_BSR,SHORT_BSR,2,29
1785742152.528986,248,7,T_PERIODIC_EXPIRY_BSR,SHORT_BSR,2,29
1785742152.528986,249,7,T_PERIODIC_EXPIRY_BSR,SHORT_BSR,2,29
1785742152.528986,250,7,T_PERIODIC_EXPIRY_BSR,SHORT_BSR,2,29
1785742152.528986,251,7,T_PERIODIC_EXPIRY_BSR,SHORT_BSR,2,29
1785742152.528986,252,7,T_PERIODIC_EXPIRY_BSR,SHORT_BSR,2,29
1785742152.678976,253,7,T_PERIODIC_EXPIRY_BSR,SHORT_BSR,2,29
1785742152.678976,254,7,T_PERIODIC_EXPIRY_BSR,SHORT_BSR,2,29
1785742152.678976,255,7,T_PERIODIC_EXPIRY_BSR,SHORT_BSR,2,29
1785742152.678976,256,7,T_PERIODIC_EXPIRY_BSR,SHORT_BSR,2,29
1785742152.678976,257,7,T_PERIODIC_EXPIRY_BSR,SHORT_BSR,2,29
1785742152.678976,258,7,T_PERIODIC_EXPIRY_BSR,SHORT_BSR,2,29
1785742152.678976,259,7,T_PERIODIC_EXPIRY_BSR,SHORT_BSR,2,29
1785742152.678976,260,7,T_PERIODIC_EXPIRY_BSR,SHORT_BSR,2,29
1785742152.678976,261,7,T_PERIODIC_EXPIRY_BSR,SHORT_BSR,2,29
1785742152.678976,262,7,T_PERIODIC_EXPIRY_BSR,SHORT_BSR,2,29
1785742152.678976,263,7,T_PERIODIC_EXPIRY_BSR,SHORT_BSR,2,29
1785742152.678976,264,7,T_PERIODIC_EXPIRY_BSR,SHORT_BSR,2,29
1785742152.678976,265,7,T_PERIODIC_EXPIRY_BSR,SHORT_BSR,2,29
1785742152.678976,266,7,T_PERIODIC_EXPIRY_BSR,SHORT_BSR,2,29
1785742152.678976,267,7,T_PERIODIC_EXPIRY_BSR,SHORT_BSR,2,29
1785742152.828988,268,7,T_PERIODIC_EXPIRY_BSR,SHORT_BSR,2,29
1785742152.828988,269,7,T_PERIODIC_EXPIRY_BSR,SHORT_BSR,2,29
1785742152.828988,270,7,T_PERIODIC_EXPIRY_BSR,SHORT_BSR,2,29
1785742152.828988,271,7,T_PERIODIC_EXPIRY_BSR,SHORT_BSR,2,29
1785742152.828988,272,7,T_PERIODIC_EXPIRY_BSR,SHORT_BSR,2,29
1785742152.828988,273,7,T_PERIODIC_EXPIRY_BSR,SHORT_BSR,2,29
1785742152.828988,274,7,T_PERIODIC_EXPIRY_BSR,SHORT_BSR,2,29
1785742152.828988,275,7,T_PERIODIC_EXPIRY_BSR,SHORT_BSR,2,29
1785742152.828988,276,7,T_PERIODIC_EXPIRY_BSR,SHORT_BSR,2,29
1785742152.828988,277,7,T_PERIODIC_EXPIRY_BSR,SHORT_BSR,2,29
1785742152.828988,278,7,T_PERIODIC_EXPIRY_BSR,SHORT_BSR,2,29
1785742152.828988,279,7,T_PERIODIC_EXPIRY_BSR,SHORT_BSR,2,29
1785742152.828988,280,7,T_PERIODIC_EXPIRY_BSR,SHORT_BSR,2,29
1785742152.828988,281,7,T_PERIODIC_EXPIRY_BSR,SHORT_BSR,2,29
1785742152.828988,282,7,T_PERIODIC_EXPIRY_BSR,SHORT_BSR,2,29
1785742152.978974,283,7,T_PERIODIC_EXPIRY_BSR,SHORT_BSR,2,29
1785742152.978974,284,7,T_PERIODIC_EXPIRY_BSR,SHORT_BSR,2,29
1785742152.978974,285,7,T_PERIODIC_EXPIRY_BSR,SHORT_BSR,2,29
1785742152.978974,286,7,T_PERIODIC_EXPIRY_BSR,SHORT_BSR,2,29
1785742152.978974,287,7,T_PERIODIC_EXPIRY_BSR,SHORT_BSR,2,29
1785742152.978974,288,7,T_PERIODIC_EXPIRY_BSR,SHORT_BSR,2,29
1785742152.978974,289,7,T_PERIODIC_EXPIRY_BSR,SHORT_BSR,2,29
1785742152.978974,290,7,T_PERIODIC_EXPIRY_BSR,SHORT_BSR,2,29
1785742152.978974,291,7,T_PERIODIC_EXPIRY_BSR,SHORT_BSR,2,29
1785742152.978974,292,7,T_PERIODIC_EXPIRY_BSR,SHORT_BSR,2,29
1785742152.978974,293,7,T_PERIODIC_EXPIRY_BSR,SHORT_BSR,2,30
1785742152.978974,294,7,T_PERIODIC_EXPIRY_BSR,SHORT_BSR,2,29
1785742152.978974,295,7,T_PERIODIC_EXPIRY_BSR,SHORT_BSR,2,29
1785742152.978974,296,7,T_PERIODIC_EXPIRY_BSR,SHORT_BSR,2,29
1785742152.978974,297,7,T_PERIODIC_EXPIRY_BSR,SHORT_BSR,2,29
1785742153.128984,298,7,T_PERIODIC_EXPIRY_BSR,SHORT_BSR,2,29
1785742153.128984,299,7,T_PERIODIC_EXPIRY_BSR,SHORT_BSR,2,30
1785742153.128984,300,7,T_PERIODIC_EXPIRY_BSR,SHORT_BSR,2,29
1785742153.128984,301,7,T_PERIODIC_EXPIRY_BSR,SHORT_BSR,2,29
1785742153.128984,302,7,T_PERIODIC_EXPIRY_BSR,SHORT_BSR,2,30
1785742153.128984,303,7,T_PERIODIC_EXPIRY_BSR,SHORT_BSR,2,30
1785742153.128984,304,7,T_PERIODIC_EXPIRY_BSR,SHORT_BSR,2,30
1785742153.128984,305,7,T_PERIODIC_EXPIRY_BSR,SHORT_BSR,2,30
1785742153.128984,306,7,T_PERIODIC_EXPIRY_BSR,SHORT_BSR,2,29
1785742153.128984,307,7,T_PERIODIC_EXPIRY_BSR,SHORT_BSR,2,30
1785742153.128984,308,7,T_PERIODIC_EXPIRY_BSR,SHORT_BSR,2,30
1785742153.128984,309,7,T_PERIODIC_EXPIRY_BSR,SHORT_BSR,2,29
1785742153.128984,310,7,T_PERIODIC_EXPIRY_BSR,SHORT_BSR,2,30
1785742153.128984,311,7,T_PERIODIC_EXPIRY_BSR,SHORT_BSR,2,30
1785742153.128984,312,7,T_PERIODIC_EXPIRY_BSR,SHORT_BSR,2,30
1785742153.278987,313,7,T_PERIODIC_EXPIRY_BSR,SHORT_BSR,2,30
1785742153.278987,314,7,T_PERIODIC_EXPIRY_BSR,SHORT_BSR,2,30
1785742153.278987,315,7,T_PERIODIC_EXPIRY_BSR,SHORT_BSR,2,30
1785742153.278987,316,7,T_PERIODIC_EXPIRY_BSR,SHORT_BSR,2,30
1785742153.278987,317,7,T_PERIODIC_EXPIRY_BSR,SHORT_BSR,2,30
1785742153.278987,318,7,T_PERIODIC_EXPIRY_BSR,SHORT_BSR,2,30
1785742153.278987,319,7,T_PERIODIC_EXPIRY_BSR,SHORT_BSR,2,30
1785742153.278987,320,7,T_PERIODIC_EXPIRY_BSR,SHORT_BSR,2,30
1785742153.278987,321,7,T_PERIODIC_EXPIRY_BSR,SHORT_BSR,2,30
1785742153.278987,322,7,T_PERIODIC_EXPIRY_BSR,SHORT_BSR,2,30
1785742153.278987,323,7,T_PERIODIC_EXPIRY_BSR,SHORT_BSR,2,30
1785742153.278987,324,7,T_PERIODIC_EXPIRY_BSR,SHORT_BSR,2,30
1785742153.278987,325,7,T_PERIODIC_EXPIRY_BSR,SHORT_BSR,2,30
1785742153.278987,326,7,T_PERIODIC_EXPIRY_BSR,SHORT_BSR,2,30
1785742153.278987,327,7,T_PERIODIC_EXPIRY_BSR,SHORT_BSR,2,30
1785742153.434581,328,7,T_PERIODIC_EXPIRY_BSR,SHORT_BSR,2,30
1785742153.434581,329,7,T_PERIODIC_EXPIRY_BSR,SHORT_BSR,2,30
1785742153.434581,330,7,T_PERIODIC_EXPIRY_BSR,SHORT_BSR,2,30
1785742153.434581,331,8,T_PERIODIC_EXPIRY_BSR,SHORT_BSR,2,30
1785742153.434581,332,8,T_PERIODIC_EXPIRY_BSR,SHORT_BSR,2,30
1785742153.434581,333,7,T_PERIODIC_EXPIRY_BSR,SHORT_BSR,2,30
1785742153.434581,334,7,T_PERIODIC_EXPIRY_BSR,SHORT_BSR,2,30
1785742153.434581,335,7,T_PERIODIC_EXPIRY_BSR,SHORT_BSR,2,30
1785742153.434581,336,7,T_PERIODIC_EXPIRY_BSR,SHORT_BSR,2,30
1785742153.434581,337,9,T_PERIODIC_EXPIRY_BSR,SHORT_BSR,2,30
1785742153.434581,338,9,T_PERIODIC_EXPIRY_BSR,SHORT_BSR,2,30
1785742153.434581,339,9,T_PERIODIC_EXPIRY_BSR,SHORT_BSR,2,30
1785742153.434581,340,9,T_PERIODIC_EXPIRY_BSR,SHORT_BSR,2,30
1785742153.434581,341,9,T_PERIODIC_EXPIRY_BSR,SHORT_BSR,2,30
1785742153.434581,342,9,T_PERIODIC_EXPIRY_BSR,SHORT_BSR,2,30
1785742153.584581,343,19,T_PERIODIC_EXPIRY_BSR,SHORT_BSR,2,30
1785742153.584581,344,19,T_PERIODIC_EXPIRY_BSR,SHORT_BSR,2,30
1785742153.584581,345,19,T_PERIODIC_EXPIRY_BSR,SHORT_BSR,2,30
1785742153.584581,346,19,T_PERIODIC_EXPIRY_BSR,SHORT_BSR,2,30
1785742153.584581,347,19,T_PERIODIC_EXPIRY_BSR,SHORT_BSR,2,30
1785742153.584581,348,19,T_PERIODIC_EXPIRY_BSR,SHORT_BSR,2,30
1785742153.584581,349,19,T_PERIODIC_EXPIRY_BSR,SHORT_BSR,2,30
1785742153.584581,350,19,T_PERIODIC_EXPIRY_BSR,SHORT_BSR,2,30
1785742153.584581,351,19,T_PERIODIC_EXPIRY_BSR,SHORT_BSR,2,30
1785742153.584581,352,19,T_PERIODIC_EXPIRY_BSR,SHORT_BSR,2,30
1785742153.584581,353,19,T_PERIODIC_EXPIRY_BSR,SHORT_BSR,2,30
1785742153.584581,354,19,T_PERIODIC_EXPIRY_BSR,SHORT_BSR,2,30
1785742153.584581,355,19,T_PERIODIC_EXPIRY_BSR,SHORT_BSR,2,30
1785742153.584581,356,19,T_PERIODIC_EXPIRY_BSR,SHORT_BSR,2,30
1785742153.584581,357,19,T_PERIODIC_EXPIRY_BSR,SHORT_BSR,2,30
1785742153.738978,358,19,T_PERIODIC_EXPIRY_BSR,SHORT_BSR,2,30
1785742153.738978,360,7,T_PERIODIC_EXPIRY_BSR,SHORT_BSR,2,30
1785742153.738978,361,7,T_PERIODIC_EXPIRY_BSR,SHORT_BSR,2,30
1785742153.738978,362,7,T_PERIODIC_EXPIRY_BSR,SHORT_BSR,2,30
1785742153.738978,363,7,T_PERIODIC_EXPIRY_BSR,SHORT_BSR,2,30
1785742153.738978,364,7,T_PERIODIC_EXPIRY_BSR,SHORT_BSR,2,30
1785742153.738978,365,7,T_PERIODIC_EXPIRY_BSR,SHORT_BSR,2,30
1785742153.738978,366,7,T_PERIODIC_EXPIRY_BSR,SHORT_BSR,2,30
1785742153.738978,367,7,T_PERIODIC_EXPIRY_BSR,SHORT_BSR,2,30
1785742153.738978,368,7,T_PERIODIC_EXPIRY_BSR,SHORT_BSR,2,30
1785742153.738978,369,7,T_PERIODIC_EXPIRY_BSR,SHORT_BSR,2,30
1785742153.738978,370,7,T_PERIODIC_EXPIRY_BSR,SHORT_BSR,2,30
1785742153.738978,371,7,T_PERIODIC_EXPIRY_BSR,SHORT_BSR,2,30
1785742153.738978,372,7,T_PERIODIC_EXPIRY_BSR,SHORT_BSR,2,30
1785742153.738978,373,7,T_PERIODIC_EXPIRY_BSR,SHORT_BSR,2,30
1785742153.888966,374,7,T_PERIODIC_EXPIRY_BSR,SHORT_BSR,2,30
1785742153.888966,375,7,T_PERIODIC_EXPIRY_BSR,SHORT_BSR,2,30
1785742153.888966,376,7,T_PERIODIC_EXPIRY_BSR,SHORT_BSR,2,30
1785742153.888966,377,7,T_PERIODIC_EXPIRY_BSR,SHORT_BSR,2,30
1785742153.888966,378,7,T_PERIODIC_EXPIRY_BSR,SHORT_BSR,2,30
1785742153.888966,379,7,T_PERIODIC_EXPIRY_BSR,SHORT_BSR,2,30
1785742153.888966,380,7,T_PERIODIC_EXPIRY_BSR,SHORT_BSR,2,30
1785742153.888966,381,7,T_PERIODIC_EXPIRY_BSR,SHORT_BSR,2,30
1785742153.888966,382,7,T_PERIODIC_EXPIRY_BSR,SHORT_BSR,2,30
1785742153.888966,383,7,T_PERIODIC_EXPIRY_BSR,SHORT_BSR,2,30
1785742153.888966,384,7,T_PERIODIC_EXPIRY_BSR,SHORT_BSR,2,30
1785742153.888966,385,7,T_PERIODIC_EXPIRY_BSR,SHORT_BSR,2,30
1785742153.888966,386,7,T_PERIODIC_EXPIRY_BSR,SHORT_BSR,2,30
1785742153.888966,387,7,T_PERIODIC_EXPIRY_BSR,SHORT_BSR,2,30
1785742153.888966,388,7,T_PERIODIC_EXPIRY_BSR,SHORT_BSR,2,30
1785742154.038989,389,7,T_PERIODIC_EXPIRY_BSR,SHORT_BSR,2,30
1785742154.038989,390,7,T_PERIODIC_EXPIRY_BSR,SHORT_BSR,2,30
1785742154.038989,391,7,T_PERIODIC_EXPIRY_BSR,SHORT_BSR,2,30
1785742154.038989,392,7,T_PERIODIC_EXPIRY_BSR,SHORT_BSR,2,30
1785742154.038989,393,7,T_PERIODIC_EXPIRY_BSR,SHORT_BSR,2,31
1785742154.038989,394,7,T_PERIODIC_EXPIRY_BSR,SHORT_BSR,2,30
1785742154.038989,395,7,T_PERIODIC_EXPIRY_BSR,SHORT_BSR,2,30
1785742154.038989,396,7,T_PERIODIC_EXPIRY_BSR,SHORT_BSR,2,31
1785742154.038989,397,7,T_PERIODIC_EXPIRY_BSR,SHORT_BSR,2,30
1785742154.038989,398,7,T_PERIODIC_EXPIRY_BSR,SHORT_BSR,2,30
1785742154.038989,399,7,T_PERIODIC_EXPIRY_BSR,SHORT_BSR,2,30
1785742154.038989,400,7,T_PERIODIC_EXPIRY_BSR,SHORT_BSR,2,30
1785742154.038989,401,7,T_PERIODIC_EXPIRY_BSR,SHORT_BSR,2,30
1785742154.038989,402,7,T_PERIODIC_EXPIRY_BSR,SHORT_BSR,2,31
1785742154.038989,403,7,T_PERIODIC_EXPIRY_BSR,SHORT_BSR,2,31
1785742154.188977,404,7,T_PERIODIC_EXPIRY_BSR,SHORT_BSR,2,31
1785742154.188977,405,7,T_PERIODIC_EXPIRY_BSR,SHORT_BSR,2,30
1785742154.188977,406,7,T_PERIODIC_EXPIRY_BSR,SHORT_BSR,2,31
1785742154.188977,407,7,T_PERIODIC_EXPIRY_BSR,SHORT_BSR,2,31
1785742154.188977,408,7,T_PERIODIC_EXPIRY_BSR,SHORT_BSR,2,31
1785742154.188977,409,8,T_PERIODIC_EXPIRY_BSR,SHORT_BSR,2,30
1785742154.188977,410,7,T_PERIODIC_EXPIRY_BSR,SHORT_BSR,2,30
1785742154.188977,411,7,T_PERIODIC_EXPIRY_BSR,SHORT_BSR,2,31
1785742154.188977,412,7,T_PERIODIC_EXPIRY_BSR,SHORT_BSR,2,31
1785742154.188977,413,7,T_PERIODIC_EXPIRY_BSR,SHORT_BSR,2,31
1785742154.188977,414,7,T_PERIODIC_EXPIRY_BSR,SHORT_BSR,2,31
1785742154.188977,415,7,T_PERIODIC_EXPIRY_BSR,SHORT_BSR,2,31
1785742154.188977,416,7,T_PERIODIC_EXPIRY_BSR,SHORT_BSR,2,31
1785742154.188977,417,7,T_PERIODIC_EXPIRY_BSR,SHORT_BSR,2,31
1785742154.188977,418,7,T_PERIODIC_EXPIRY_BSR,SHORT_BSR,2,31
1785742154.338973,419,7,T_PERIODIC_EXPIRY_BSR,SHORT_BSR,2,31
1785742154.338973,420,7,T_PERIODIC_EXPIRY_BSR,SHORT_BSR,2,31
1785742154.338973,421,7,T_PERIODIC_EXPIRY_BSR,SHORT_BSR,2,31
1785742154.338973,422,7,T_PERIODIC_EXPIRY_BSR,SHORT_BSR,2,31
1785742154.338973,423,7,T_PERIODIC_EXPIRY_BSR,SHORT_BSR,2,31
1785742154.338973,424,7,T_PERIODIC_EXPIRY_BSR,SHORT_BSR,2,31
1785742154.338973,425,7,T_PERIODIC_EXPIRY_BSR,SHORT_BSR,2,31
1785742154.338973,426,7,T_PERIODIC_EXPIRY_BSR,SHORT_BSR,2,31
1785742154.338973,427,7,T_PERIODIC_EXPIRY_BSR,SHORT_BSR,2,31
1785742154.338973,428,7,T_PERIODIC_EXPIRY_BSR,SHORT_BSR,2,31
1785742154.338973,429,7,T_PERIODIC_EXPIRY_BSR,SHORT_BSR,2,31
1785742154.338973,430,7,T_PERIODIC_EXPIRY_BSR,SHORT_BSR,2,31
1785742154.338973,431,7,T_PERIODIC_EXPIRY_BSR,SHORT_BSR,2,31
1785742154.338973,432,7,T_PERIODIC_EXPIRY_BSR,SHORT_BSR,2,31
1785742154.338973,433,7,T_PERIODIC_EXPIRY_BSR,SHORT_BSR,2,31
1785742154.488971,434,7,T_PERIODIC_EXPIRY_BSR,SHORT_BSR,2,31
1785742154.488971,435,7,T_PERIODIC_EXPIRY_BSR,SHORT_BSR,2,31
1785742154.488971,436,7,T_PERIODIC_EXPIRY_BSR,SHORT_BSR,2,31
1785742154.488971,437,7,T_PERIODIC_EXPIRY_BSR,SHORT_BSR,2,31
1785742154.488971,438,7,T_PERIODIC_EXPIRY_BSR,SHORT_BSR,2,31
1785742154.488971,439,7,T_PERIODIC_EXPIRY_BSR,SHORT_BSR,2,31
1785742154.488971,440,7,T_PERIODIC_EXPIRY_BSR,SHORT_BSR,2,31
1785742154.488971,441,7,T_PERIODIC_EXPIRY_BSR,SHORT_BSR,2,31
1785742154.488971,442,7,T_PERIODIC_EXPIRY_BSR,SHORT_BSR,2,31
1785742154.488971,443,7,T_PERIODIC_EXPIRY_BSR,SHORT_BSR,2,31
1785742154.488971,444,7,T_PERIODIC_EXPIRY_BSR,SHORT_BSR,2,31
1785742154.488971,445,7,T_PERIODIC_EXPIRY_BSR,SHORT_BSR,2,31
1785742154.488971,446,7,T_PERIODIC_EXPIRY_BSR,SHORT_BSR,2,31
1785742154.488971,447,7,T_PERIODIC_EXPIRY_BSR,SHORT_BSR,2,31
1785742154.488971,448,7,T_PERIODIC_EXPIRY_BSR,SHORT_BSR,2,31
1785742154.638976,449,7,T_PERIODIC_EXPIRY_BSR,SHORT_BSR,2,31
1785742154.638976,450,7,T_PERIODIC_EXPIRY_BSR,SHORT_BSR,2,31
1785742154.638976,451,7,T_PERIODIC_EXPIRY_BSR,SHORT_BSR,2,31
1785742154.638976,452,7,T_PERIODIC_EXPIRY_BSR,SHORT_BSR,2,31
1785742154.638976,453,7,T_PERIODIC_EXPIRY_BSR,SHORT_BSR,2,31
1785742154.638976,454,7,T_PERIODIC_EXPIRY_BSR,SHORT_BSR,2,31
1785742154.638976,455,7,T_PERIODIC_EXPIRY_BSR,SHORT_BSR,2,31
1785742154.638976,456,7,T_PERIODIC_EXPIRY_BSR,SHORT_BSR,2,31
1785742154.638976,457,7,T_PERIODIC_EXPIRY_BSR,SHORT_BSR,2,31
1785742154.638976,458,7,T_PERIODIC_EXPIRY_BSR,SHORT_BSR,2,31
1785742154.638976,459,7,T_PERIODIC_EXPIRY_BSR,SHORT_BSR,2,31
1785742154.638976,460,7,T_PERIODIC_EXPIRY_BSR,SHORT_BSR,2,31
1785742154.638976,461,7,T_PERIODIC_EXPIRY_BSR,SHORT_BSR,2,31
1785742154.638976,462,7,T_PERIODIC_EXPIRY_BSR,SHORT_BSR,2,31
1785742154.638976,463,7,T_PERIODIC_EXPIRY_BSR,SHORT_BSR,2,31
1785742154.788971,464,7,T_PERIODIC_EXPIRY_BSR,SHORT_BSR,2,31
1785742154.788971,465,7,T_PERIODIC_EXPIRY_BSR,SHORT_BSR,2,31
1785742154.788971,466,7,T_PERIODIC_EXPIRY_BSR,SHORT_BSR,2,31
1785742154.788971,467,7,T_PERIODIC_EXPIRY_BSR,SHORT_BSR,2,31
1785742154.788971,468,7,T_PERIODIC_EXPIRY_BSR,SHORT_BSR,2,31
1785742154.788971,469,7,T_PERIODIC_EXPIRY_BSR,SHORT_BSR,2,31
1785742154.788971,470,7,T_PERIODIC_EXPIRY_BSR,SHORT_BSR,2,31
1785742154.788971,471,7,T_PERIODIC_EXPIRY_BSR,SHORT_BSR,2,31
1785742154.788971,472,7,T_PERIODIC_EXPIRY_BSR,SHORT_BSR,2,31
1785742154.788971,473,7,T_PERIODIC_EXPIRY_BSR,SHORT_BSR,2,31
1785742154.788971,474,7,T_PERIODIC_EXPIRY_BSR,SHORT_BSR,2,31
1785742154.788971,475,7,T_PERIODIC_EXPIRY_BSR,SHORT_BSR,2,31
1785742154.788971,476,7,T_PERIODIC_EXPIRY_BSR,SHORT_BSR,2,31
1785742154.788971,477,7,T_PERIODIC_EXPIRY_BSR,SHORT_BSR,2,31
1785742154.788971,478,7,T_PERIODIC_EXPIRY_BSR,SHORT_BSR,2,31
1785742154.938978,479,7,T_PERIODIC_EXPIRY_BSR,SHORT_BSR,2,31
1785742154.938978,480,7,T_PERIODIC_EXPIRY_BSR,SHORT_BSR,2,31
1785742154.938978,481,7,T_PERIODIC_EXPIRY_BSR,SHORT_BSR,2,31
1785742154.938978,482,7,T_PERIODIC_EXPIRY_BSR,SHORT_BSR,2,31
1785742154.938978,483,7,T_PERIODIC_EXPIRY_BSR,SHORT_BSR,2,31
1785742154.938978,484,7,T_PERIODIC_EXPIRY_BSR,SHORT_BSR,2,31
1785742154.938978,485,7,T_PERIODIC_EXPIRY_BSR,SHORT_BSR,2,31
1785742154.938978,486,7,T_PERIODIC_EXPIRY_BSR,SHORT_BSR,2,31
1785742154.938978,487,7,T_PERIODIC_EXPIRY_BSR,SHORT_BSR,2,31
1785742154.938978,488,7,T_PERIODIC_EXPIRY_BSR,SHORT_BSR,2,31
1785742154.938978,489,7,T_PERIODIC_EXPIRY_BSR,SHORT_BSR,2,31
1785742154.938978,490,7,T_PERIODIC_EXPIRY_BSR,SHORT_BSR,2,31
1785742154.938978,491,7,T_PERIODIC_EXPIRY_BSR,SHORT_BSR,2,31
1785742154.938978,492,7,T_PERIODIC_EXPIRY_BSR,SHORT_BSR,2,31
1785742154.938978,493,7,T_PERIODIC_EXPIRY_BSR,SHORT_BSR,2,31
1785742155.088975,494,7,T_PERIODIC_EXPIRY_BSR,SHORT_BSR,2,31
1785742155.088975,495,7,T_PERIODIC_EXPIRY_BSR,SHORT_BSR,2,31
1785742155.088975,496,7,T_PERIODIC_EXPIRY_BSR,SHORT_BSR,2,31
1785742155.088975,497,7,T_PERIODIC_EXPIRY_BSR,SHORT_BSR,2,31
1785742155.088975,498,7,T_PERIODIC_EXPIRY_BSR,SHORT_BSR,2,31
1785742155.088975,499,7,T_PERIODIC_EXPIRY_BSR,SHORT_BSR,2,31
1785742155.088975,500,7,T_PERIODIC_EXPIRY_BSR,SHORT_BSR,2,31
1785742155.088975,501,7,T_PERIODIC_EXPIRY_BSR,SHORT_BSR,2,31
1785742155.088975,502,7,T_PERIODIC_EXPIRY_BSR,SHORT_BSR,2,31
1785742155.088975,503,7,T_PERIODIC_EXPIRY_BSR,SHORT_BSR,2,31
1785742155.088975,504,7,T_PERIODIC_EXPIRY_BSR,SHORT_BSR,2,31
1785742155.088975,505,7,T_PERIODIC_EXPIRY_BSR,SHORT_BSR,2,31
1785742155.088975,506,7,T_PERIODIC_EXPIRY_BSR,SHORT_BSR,2,31
1785742155.088975,507,7,T_PERIODIC_EXPIRY_BSR,SHORT_BSR,2,31
1785742155.088975,508,7,T_PERIODIC_EXPIRY_BSR,SHORT_BSR,2,31
1785742155.238976,509,7,T_PERIODIC_EXPIRY_BSR,SHORT_BSR,2,31
1785742155.238976,510,7,T_PERIODIC_EXPIRY_BSR,SHORT_BSR,2,31
1785742155.238976,511,7,T_PERIODIC_EXPIRY_BSR,SHORT_BSR,2,31
1785742155.238976,512,7,T_PERIODIC_EXPIRY_BSR,SHORT_BSR,2,31
1785742155.238976,513,7,T_PERIODIC_EXPIRY_BSR,SHORT_BSR,2,31
1785742155.238976,514,7,T_PERIODIC_EXPIRY_BSR,SHORT_BSR,2,31
1785742155.238976,515,7,T_PERIODIC_EXPIRY_BSR,SHORT_BSR,2,31
1785742155.238976,516,7,T_PERIODIC_EXPIRY_BSR,SHORT_BSR,2,31
1785742155.238976,517,7,T_PERIODIC_EXPIRY_BSR,SHORT_BSR,2,31
1785742155.238976,518,7,T_PERIODIC_EXPIRY_BSR,SHORT_BSR,2,31
1785742155.238976,519,7,T_PERIODIC_EXPIRY_BSR,SHORT_BSR,2,31
1785742155.238976,520,7,T_PERIODIC_EXPIRY_BSR,SHORT_BSR,2,31
1785742155.238976,521,7,T_PERIODIC_EXPIRY_BSR,SHORT_BSR,2,31
1785742155.238976,522,7,T_PERIODIC_EXPIRY_BSR,SHORT_BSR,2,31
1785742155.238976,523,7,T_PERIODIC_EXPIRY_BSR,SHORT_BSR,2,31
1785742155.388985,524,7,T_PERIODIC_EXPIRY_BSR,SHORT_BSR,2,31
1785742155.388985,525,7,T_PERIODIC_EXPIRY_BSR,SHORT_BSR,2,31
1785742155.388985,526,7,T_PERIODIC_EXPIRY_BSR,SHORT_BSR,2,31
1785742155.388985,527,7,T_PERIODIC_EXPIRY_BSR,SHORT_BSR,2,31
1785742155.388985,528,7,T_PERIODIC_EXPIRY_BSR,SHORT_BSR,2,31
1785742155.388985,529,7,T_PERIODIC_EXPIRY_BSR,SHORT_BSR,2,31
1785742155.388985,530,7,T_PERIODIC_EXPIRY_BSR,SHORT_BSR,2,31
1785742155.388985,531,7,T_PERIODIC_EXPIRY_BSR,SHORT_BSR,2,31
1785742155.388985,532,8,T_PERIODIC_EXPIRY_BSR,SHORT_BSR,2,31
1785742155.388985,533,7,T_PERIODIC_EXPIRY_BSR,SHORT_BSR,2,31
1785742155.388985,534,7,T_PERIODIC_EXPIRY_BSR,SHORT_BSR,2,31
1785742155.388985,535,7,T_PERIODIC_EXPIRY_BSR,SHORT_BSR,2,31
1785742155.388985,536,7,T_PERIODIC_EXPIRY_BSR,SHORT_BSR,2,31
1785742155.388985,537,7,T_PERIODIC_EXPIRY_BSR,SHORT_BSR,2,31
1785742155.388985,538,7,T_PERIODIC_EXPIRY_BSR,SHORT_BSR,2,31
1785742155.538978,539,7,T_PERIODIC_EXPIRY_BSR,SHORT_BSR,2,31
1785742155.538978,540,7,T_PERIODIC_EXPIRY_BSR,SHORT_BSR,2,31
1785742155.538978,541,7,T_PERIODIC_EXPIRY_BSR,SHORT_BSR,2,31
1785742155.538978,542,7,T_PERIODIC_EXPIRY_BSR,SHORT_BSR,2,31
1785742155.538978,543,7,T_PERIODIC_EXPIRY_BSR,SHORT_BSR,2,31
1785742155.538978,544,7,T_PERIODIC_EXPIRY_BSR,SHORT_BSR,2,31
1785742155.538978,545,7,T_PERIODIC_EXPIRY_BSR,SHORT_BSR,2,31
1785742155.538978,546,7,T_PERIODIC_EXPIRY_BSR,SHORT_BSR,2,31
1785742155.538978,547,7,T_PERIODIC_EXPIRY_BSR,SHORT_BSR,2,31
1785742155.538978,548,7,T_PERIODIC_EXPIRY_BSR,SHORT_BSR,2,31
1785742155.538978,549,7,T_PERIODIC_EXPIRY_BSR,SHORT_BSR,2,31
1785742155.538978,550,7,T_PERIODIC_EXPIRY_BSR,SHORT_BSR,2,31
1785742155.538978,551,7,T_PERIODIC_EXPIRY_BSR,SHORT_BSR,2,31
1785742155.538978,552,7,T_PERIODIC_EXPIRY_BSR,SHORT_BSR,2,31
1785742155.538978,553,7,T_PERIODIC_EXPIRY_BSR,SHORT_BSR,2,31
1785742155.694576,554,7,T_PERIODIC_EXPIRY_BSR,SHORT_BSR,2,31
1785742155.694576,555,7,T_PERIODIC_EXPIRY_BSR,SHORT_BSR,2,31
1785742155.694576,556,7,T_PERIODIC_EXPIRY_BSR,SHORT_BSR,2,31
1785742155.694576,557,7,T_PERIODIC_EXPIRY_BSR,SHORT_BSR,2,31
1785742155.694576,558,7,T_PERIODIC_EXPIRY_BSR,SHORT_BSR,2,31
1785742155.694576,559,7,T_PERIODIC_EXPIRY_BSR,SHORT_BSR,2,31
1785742155.694576,560,7,T_PERIODIC_EXPIRY_BSR,SHORT_BSR,2,31
1785742155.694576,561,7,T_PERIODIC_EXPIRY_BSR,SHORT_BSR,2,31
1785742155.694576,562,7,T_PERIODIC_EXPIRY_BSR,SHORT_BSR,2,31
1785742155.694576,563,7,T_PERIODIC_EXPIRY_BSR,SHORT_BSR,2,31
1785742155.694576,564,19,T_PERIODIC_EXPIRY_BSR,SHORT_BSR,2,31
1785742155.694576,565,19,T_PERIODIC_EXPIRY_BSR,SHORT_BSR,2,31
1785742155.694576,566,19,T_PERIODIC_EXPIRY_BSR,SHORT_BSR,2,31
1785742155.694576,567,19,T_PERIODIC_EXPIRY_BSR,SHORT_BSR,2,31
1785742155.694576,568,19,T_PERIODIC_EXPIRY_BSR,SHORT_BSR,2,31
1785742155.854584,569,19,T_PERIODIC_EXPIRY_BSR,SHORT_BSR,2,31
1785742155.854584,570,19,T_PERIODIC_EXPIRY_BSR,SHORT_BSR,2,31
1785742155.854584,571,19,T_PERIODIC_EXPIRY_BSR,SHORT_BSR,2,31
1785742155.854584,572,19,T_PERIODIC_EXPIRY_BSR,SHORT_BSR,2,31
1785742155.854584,573,19,T_PERIODIC_EXPIRY_BSR,SHORT_BSR,2,31
1785742155.854584,574,19,T_PERIODIC_EXPIRY_BSR,SHORT_BSR,2,31
1785742155.854584,575,19,T_PERIODIC_EXPIRY_BSR,SHORT_BSR,2,31
1785742155.854584,576,19,T_PERIODIC_EXPIRY_BSR,SHORT_BSR,2,31
1785742155.854584,578,19,T_PERIODIC_EXPIRY_BSR,SHORT_BSR,2,31
1785742155.854584,579,19,T_PERIODIC_EXPIRY_BSR,SHORT_BSR,2,31
1785742155.854584,580,19,T_PERIODIC_EXPIRY_BSR,SHORT_BSR,2,31
1785742155.854584,581,19,T_PERIODIC_EXPIRY_BSR,SHORT_BSR,2,31
1785742155.854584,582,19,T_PERIODIC_EXPIRY_BSR,SHORT_BSR,2,31
1785742155.854584,583,19,T_PERIODIC_EXPIRY_BSR,SHORT_BSR,2,31
1785742155.854584,584,19,T_PERIODIC_EXPIRY_BSR,SHORT_BSR,2,31
1785742156.004577,585,19,T_PERIODIC_EXPIRY_BSR,SHORT_BSR,2,31
1785742156.004577,586,19,T_PERIODIC_EXPIRY_BSR,SHORT_BSR,2,31
1785742156.004577,587,19,T_PERIODIC_EXPIRY_BSR,SHORT_BSR,2,31
1785742156.004577,588,19,T_PERIODIC_EXPIRY_BSR,SHORT_BSR,2,31
1785742156.004577,589,19,T_PERIODIC_EXPIRY_BSR,SHORT_BSR,2,31
1785742156.004577,590,19,T_PERIODIC_EXPIRY_BSR,SHORT_BSR,2,31
1785742156.004577,591,19,T_PERIODIC_EXPIRY_BSR,SHORT_BSR,2,31
1785742156.004577,592,19,T_PERIODIC_EXPIRY_BSR,SHORT_BSR,2,31
1785742156.004577,593,19,T_PERIODIC_EXPIRY_BSR,SHORT_BSR,2,31
1785742156.004577,594,19,T_PERIODIC_EXPIRY_BSR,SHORT_BSR,2,31
1785742156.004577,595,19,T_PERIODIC_EXPIRY_BSR,SHORT_BSR,2,31
1785742156.004577,596,19,T_PERIODIC_EXPIRY_BSR,SHORT_BSR,2,31
1785742156.004577,597,19,T_PERIODIC_EXPIRY_BSR,SHORT_BSR,2,31
1785742156.004577,598,19,T_PERIODIC_EXPIRY_BSR,SHORT_BSR,2,31
1785742156.004577,599,19,T_PERIODIC_EXPIRY_BSR,SHORT_BSR,2,31
1785742156.154586,600,19,T_PERIODIC_EXPIRY_BSR,SHORT_BSR,2,31
1785742156.154586,601,19,T_PERIODIC_EXPIRY_BSR,SHORT_BSR,2,31
1785742156.154586,602,19,T_PERIODIC_EXPIRY_BSR,SHORT_BSR,2,31
1785742156.154586,603,19,T_PERIODIC_EXPIRY_BSR,SHORT_BSR,2,31
1785742156.154586,604,19,T_PERIODIC_EXPIRY_BSR,SHORT_BSR,2,31
1785742156.154586,605,19,T_PERIODIC_EXPIRY_BSR,SHORT_BSR,2,31
1785742156.154586,606,19,T_PERIODIC_EXPIRY_BSR,SHORT_BSR,2,31
1785742156.154586,607,19,T_PERIODIC_EXPIRY_BSR,SHORT_BSR,2,31
1785742156.154586,608,19,T_PERIODIC_EXPIRY_BSR,SHORT_BSR,2,31
1785742156.154586,609,19,T_PERIODIC_EXPIRY_BSR,SHORT_BSR,2,31
1785742156.154586,610,19,T_PERIODIC_EXPIRY_BSR,SHORT_BSR,2,31
1785742156.154586,611,19,T_PERIODIC_EXPIRY_BSR,SHORT_BSR,2,31
1785742156.154586,612,19,T_PERIODIC_EXPIRY_BSR,SHORT_BSR,2,31
1785742156.154586,613,19,T_PERIODIC_EXPIRY_BSR,SHORT_BSR,2,31
1785742156.154586,614,19,T_PERIODIC_EXPIRY_BSR,SHORT_BSR,2,31
1785742156.304582,615,19,T_PERIODIC_EXPIRY_BSR,SHORT_BSR,2,31
1785742156.304582,616,19,T_PERIODIC_EXPIRY_BSR,SHORT_BSR,2,31
1785742156.304582,617,19,T_PERIODIC_EXPIRY_BSR,SHORT_BSR,2,31
1785742156.304582,618,19,T_PERIODIC_EXPIRY_BSR,SHORT_BSR,2,31
1785742156.304582,619,19,T_PERIODIC_EXPIRY_BSR,SHORT_BSR,2,31
1785742156.304582,620,19,T_PERIODIC_EXPIRY_BSR,SHORT_BSR,2,31
1785742156.304582,621,19,T_PERIODIC_EXPIRY_BSR,SHORT_BSR,2,31
1785742156.304582,622,19,T_PERIODIC_EXPIRY_BSR,SHORT_BSR,2,31
1785742156.304582,623,19,T_PERIODIC_EXPIRY_BSR,SHORT_BSR,2,31
1785742156.304582,624,19,T_PERIODIC_EXPIRY_BSR,SHORT_BSR,2,31
1785742156.304582,625,19,T_PERIODIC_EXPIRY_BSR,SHORT_BSR,2,31
1785742156.304582,626,19,T_PERIODIC_EXPIRY_BSR,SHORT_BSR,2,31
1785742156.304582,627,19,T_PERIODIC_EXPIRY_BSR,SHORT_BSR,2,31
1785742156.304582,628,19,T_PERIODIC_EXPIRY_BSR,SHORT_BSR,2,31
1785742156.304582,629,19,T_PERIODIC_EXPIRY_BSR,SHORT_BSR,2,31
1785742156.454583,630,19,T_PERIODIC_EXPIRY_BSR,SHORT_BSR,2,31
1785742156.454583,631,19,T_PERIODIC_EXPIRY_BSR,SHORT_BSR,2,31
1785742156.454583,632,19,T_PERIODIC_EXPIRY_BSR,SHORT_BSR,2,31
1785742156.454583,633,19,T_PERIODIC_EXPIRY_BSR,SHORT_BSR,2,31
1785742156.454583,634,19,T_PERIODIC_EXPIRY_BSR,SHORT_BSR,2,31
1785742156.454583,635,19,T_PERIODIC_EXPIRY_BSR,SHORT_BSR,2,31
1785742156.454583,636,19,T_PERIODIC_EXPIRY_BSR,SHORT_BSR,2,31
1785742156.454583,637,19,T_PERIODIC_EXPIRY_BSR,SHORT_BSR,2,31
1785742156.454583,638,19,T_PERIODIC_EXPIRY_BSR,SHORT_BSR,2,31
1785742156.454583,639,19,T_PERIODIC_EXPIRY_BSR,SHORT_BSR,2,31
1785742156.454583,640,19,T_PERIODIC_EXPIRY_BSR,SHORT_BSR,2,31
1785742156.454583,641,19,T_PERIODIC_EXPIRY_BSR,SHORT_BSR,2,31
1785742156.454583,642,19,T_PERIODIC_EXPIRY_BSR,SHORT_BSR,2,31
1785742156.454583,643,19,T_PERIODIC_EXPIRY_BSR,SHORT_BSR,2,31
1785742156.454583,644,19,T_PERIODIC_EXPIRY_BSR,SHORT_BSR,2,31
1785742156.604584,645,19,T_PERIODIC_EXPIRY_BSR,SHORT_BSR,2,31
1785742156.604584,646,19,T_PERIODIC_EXPIRY_BSR,SHORT_BSR,2,31
1785742156.604584,647,19,T_PERIODIC_EXPIRY_BSR,SHORT_BSR,2,31
1785742156.604584,648,19,T_PERIODIC_EXPIRY_BSR,SHORT_BSR,2,31
1785742156.604584,649,19,T_PERIODIC_EXPIRY_BSR,SHORT_BSR,2,31
1785742156.604584,650,19,T_PERIODIC_EXPIRY_BSR,SHORT_BSR,2,31
1785742156.604584,651,19,T_PERIODIC_EXPIRY_BSR,SHORT_BSR,2,31
1785742156.604584,652,19,T_PERIODIC_EXPIRY_BSR,SHORT_BSR,2,31
1785742156.604584,653,19,T_PERIODIC_EXPIRY_BSR,SHORT_BSR,2,31
1785742156.604584,654,19,T_PERIODIC_EXPIRY_BSR,SHORT_BSR,2,31
1785742156.604584,655,19,T_PERIODIC_EXPIRY_BSR,SHORT_BSR,2,31
1785742156.604584,656,19,T_PERIODIC_EXPIRY_BSR,SHORT_BSR,2,31
1785742156.604584,657,19,T_PERIODIC_EXPIRY_BSR,SHORT_BSR,2,31
1785742156.604584,658,19,T_PERIODIC_EXPIRY_BSR,SHORT_BSR,2,31
1785742156.604584,659,19,T_PERIODIC_EXPIRY_BSR,SHORT_BSR,2,31
1785742156.754573,660,19,T_PERIODIC_EXPIRY_BSR,SHORT_BSR,2,31
1785742156.754573,661,19,T_PERIODIC_EXPIRY_BSR,SHORT_BSR,2,31
1785742156.754573,662,19,T_PERIODIC_EXPIRY_BSR,SHORT_BSR,2,31
1785742156.754573,663,19,T_PERIODIC_EXPIRY_BSR,SHORT_BSR,2,31
1785742156.754573,664,19,T_PERIODIC_EXPIRY_BSR,SHORT_BSR,2,31
1785742156.754573,665,19,T_PERIODIC_EXPIRY_BSR,SHORT_BSR,2,31
1785742156.754573,666,19,T_PERIODIC_EXPIRY_BSR,SHORT_BSR,2,31
1785742156.754573,667,19,T_PERIODIC_EXPIRY_BSR,SHORT_BSR,2,31
1785742156.754573,668,19,T_PERIODIC_EXPIRY_BSR,SHORT_BSR,2,31
1785742156.754573,669,19,T_PERIODIC_EXPIRY_BSR,SHORT_BSR,2,31
1785742156.754573,670,19,T_PERIODIC_EXPIRY_BSR,SHORT_BSR,2,31
1785742156.754573,671,19,T_PERIODIC_EXPIRY_BSR,SHORT_BSR,2,31
1785742156.754573,672,19,T_PERIODIC_EXPIRY_BSR,SHORT_BSR,2,31
1785742156.754573,673,19,T_PERIODIC_EXPIRY_BSR,SHORT_BSR,2,31
1785742156.754573,674,19,T_PERIODIC_EXPIRY_BSR,SHORT_BSR,2,31
1785742156.904577,675,19,T_PERIODIC_EXPIRY_BSR,SHORT_BSR,2,31
1785742156.904577,676,19,T_PERIODIC_EXPIRY_BSR,SHORT_BSR,2,31
1785742156.904577,677,19,T_PERIODIC_EXPIRY_BSR,SHORT_BSR,2,31
1785742156.904577,678,19,T_PERIODIC_EXPIRY_BSR,SHORT_BSR,2,31
1785742156.904577,679,19,T_PERIODIC_EXPIRY_BSR,SHORT_BSR,2,31
1785742156.904577,680,19,T_PERIODIC_EXPIRY_BSR,SHORT_BSR,2,31
1785742156.904577,681,19,T_PERIODIC_EXPIRY_BSR,SHORT_BSR,2,31
1785742156.904577,682,19,T_PERIODIC_EXPIRY_BSR,SHORT_BSR,2,31
1785742156.904577,683,19,T_PERIODIC_EXPIRY_BSR,SHORT_BSR,2,31
1785742156.904577,684,19,T_PERIODIC_EXPIRY_BSR,SHORT_BSR,2,31
1785742156.904577,685,19,T_PERIODIC_EXPIRY_BSR,SHORT_BSR,2,31
1785742156.904577,686,19,T_PERIODIC_EXPIRY_BSR,SHORT_BSR,2,31
1785742156.904577,687,19,T_PERIODIC_EXPIRY_BSR,SHORT_BSR,2,31
1785742156.904577,688,19,T_PERIODIC_EXPIRY_BSR,SHORT_BSR,2,31
1785742156.904577,689,19,T_PERIODIC_EXPIRY_BSR,SHORT_BSR,2,31
1785742157.054574,690,19,T_PERIODIC_EXPIRY_BSR,SHORT_BSR,2,31
1785742157.054574,691,19,T_PERIODIC_EXPIRY_BSR,SHORT_BSR,2,31
1785742157.054574,692,19,T_PERIODIC_EXPIRY_BSR,SHORT_BSR,2,31
1785742157.054574,693,19,T_PERIODIC_EXPIRY_BSR,SHORT_BSR,2,31
1785742157.054574,694,19,T_PERIODIC_EXPIRY_BSR,SHORT_BSR,2,31
1785742157.054574,695,19,T_PERIODIC_EXPIRY_BSR,SHORT_BSR,2,31
1785742157.054574,696,19,T_PERIODIC_EXPIRY_BSR,SHORT_BSR,2,31
1785742157.054574,697,19,T_PERIODIC_EXPIRY_BSR,SHORT_BSR,2,31
1785742157.054574,698,19,T_PERIODIC_EXPIRY_BSR,SHORT_BSR,2,31
1785742157.054574,699,19,T_PERIODIC_EXPIRY_BSR,SHORT_BSR,2,31
1785742157.054574,700,19,T_PERIODIC_EXPIRY_BSR,SHORT_BSR,2,31
1785742157.054574,701,19,T_PERIODIC_EXPIRY_BSR,SHORT_BSR,2,31
1785742157.054574,702,19,T_PERIODIC_EXPIRY_BSR,SHORT_BSR,2,31
1785742157.054574,703,19,T_PERIODIC_EXPIRY_BSR,SHORT_BSR,2,31
1785742157.054574,704,19,T_PERIODIC_EXPIRY_BSR,SHORT_BSR,2,31
1785742157.204574,705,19,T_PERIODIC_EXPIRY_BSR,SHORT_BSR,2,31
1785742157.204574,706,19,T_PERIODIC_EXPIRY_BSR,SHORT_BSR,2,31
1785742157.204574,707,19,T_PERIODIC_EXPIRY_BSR,SHORT_BSR,2,31
1785742157.204574,708,19,T_PERIODIC_EXPIRY_BSR,SHORT_BSR,2,31
1785742157.204574,709,19,T_PERIODIC_EXPIRY_BSR,SHORT_BSR,2,31
1785742157.204574,710,19,T_PERIODIC_EXPIRY_BSR,SHORT_BSR,2,31
1785742157.204574,711,19,T_PERIODIC_EXPIRY_BSR,SHORT_BSR,2,31
1785742157.204574,712,19,T_PERIODIC_EXPIRY_BSR,SHORT_BSR,2,31
1785742157.204574,713,19,T_PERIODIC_EXPIRY_BSR,SHORT_BSR,2,31
1785742157.204574,714,19,T_PERIODIC_EXPIRY_BSR,SHORT_BSR,2,31
1785742157.204574,715,19,T_PERIODIC_EXPIRY_BSR,SHORT_BSR,2,31
1785742157.204574,716,19,T_PERIODIC_EXPIRY_BSR,SHORT_BSR,2,31
1785742157.204574,717,19,T_PERIODIC_EXPIRY_BSR,SHORT_BSR,2,31
1785742157.204574,718,19,T_PERIODIC_EXPIRY_BSR,SHORT_BSR,2,31
1785742157.204574,719,19,T_PERIODIC_EXPIRY_BSR,SHORT_BSR,2,31
1785742157.354571,720,19,T_PERIODIC_EXPIRY_BSR,SHORT_BSR,2,31
1785742157.354571,721,19,T_PERIODIC_EXPIRY_BSR,SHORT_BSR,2,31
1785742157.354571,722,19,T_PERIODIC_EXPIRY_BSR,SHORT_BSR,2,31
1785742157.354571,723,19,T_PERIODIC_EXPIRY_BSR,SHORT_BSR,2,31
1785742157.354571,724,19,T_PERIODIC_EXPIRY_BSR,SHORT_BSR,2,31
1785742157.354571,725,19,T_PERIODIC_EXPIRY_BSR,SHORT_BSR,2,31
1785742157.354571,726,19,T_PERIODIC_EXPIRY_BSR,SHORT_BSR,2,31
1785742157.354571,727,19,T_PERIODIC_EXPIRY_BSR,SHORT_BSR,2,31
1785742157.354571,728,19,T_PERIODIC_EXPIRY_BSR,SHORT_BSR,2,31
1785742157.354571,729,19,T_PERIODIC_EXPIRY_BSR,SHORT_BSR,2,31
1785742157.354571,730,19,T_PERIODIC_EXPIRY_BSR,SHORT_BSR,2,31
1785742157.354571,731,19,T_PERIODIC_EXPIRY_BSR,SHORT_BSR,2,31
1785742157.354571,732,19,T_PERIODIC_EXPIRY_BSR,SHORT_BSR,2,31
1785742157.354571,733,19,T_PERIODIC_EXPIRY_BSR,SHORT_BSR,2,31
1785742157.354571,734,19,T_PERIODIC_EXPIRY_BSR,SHORT_BSR,2,31
1785742157.504570,735,19,T_PERIODIC_EXPIRY_BSR,SHORT_BSR,2,31
1785742157.504570,736,19,T_PERIODIC_EXPIRY_BSR,SHORT_BSR,2,31
1785742157.504570,737,19,T_PERIODIC_EXPIRY_BSR,SHORT_BSR,2,31
1785742157.504570,738,19,T_PERIODIC_EXPIRY_BSR,SHORT_BSR,2,31
1785742157.504570,739,19,T_PERIODIC_EXPIRY_BSR,SHORT_BSR,2,31
1785742157.504570,740,19,T_PERIODIC_EXPIRY_BSR,SHORT_BSR,2,31
1785742157.504570,741,19,T_PERIODIC_EXPIRY_BSR,SHORT_BSR,2,31
1785742157.504570,742,19,T_PERIODIC_EXPIRY_BSR,SHORT_BSR,2,31
1785742157.504570,743,19,T_PERIODIC_EXPIRY_BSR,SHORT_BSR,2,31
1785742157.504570,744,19,T_PERIODIC_EXPIRY_BSR,SHORT_BSR,2,31
1785742157.504570,745,19,T_PERIODIC_EXPIRY_BSR,SHORT_BSR,2,31
1785742157.504570,746,19,T_PERIODIC_EXPIRY_BSR,SHORT_BSR,2,31
1785742157.504570,747,19,T_PERIODIC_EXPIRY_BSR,SHORT_BSR,2,31
1785742157.504570,748,19,T_PERIODIC_EXPIRY_BSR,SHORT_BSR,2,31
1785742157.504570,749,19,T_PERIODIC_EXPIRY_BSR,SHORT_BSR,2,31
1785742157.659571,750,19,T_PERIODIC_EXPIRY_BSR,SHORT_BSR,2,31
1785742157.659571,751,19,T_PERIODIC_EXPIRY_BSR,SHORT_BSR,2,31
1785742157.659571,753,9,T_PERIODIC_EXPIRY_BSR,SHORT_BSR,2,31
1785742157.659571,754,9,T_PERIODIC_EXPIRY_BSR,SHORT_BSR,2,31
1785742157.659571,755,9,T_PERIODIC_EXPIRY_BSR,SHORT_BSR,2,31
1785742157.659571,756,9,T_PERIODIC_EXPIRY_BSR,SHORT_BSR,2,31
1785742157.659571,757,9,T_PERIODIC_EXPIRY_BSR,SHORT_BSR,2,31
1785742157.659571,758,9,T_PERIODIC_EXPIRY_BSR,SHORT_BSR,2,31
1785742157.659571,759,9,T_PERIODIC_EXPIRY_BSR,SHORT_BSR,2,31
1785742157.659571,760,9,T_PERIODIC_EXPIRY_BSR,SHORT_BSR,2,31
1785742157.659571,761,9,T_PERIODIC_EXPIRY_BSR,SHORT_BSR,2,31
1785742157.659571,762,9,T_PERIODIC_EXPIRY_BSR,SHORT_BSR,2,31
1785742157.659571,763,9,T_PERIODIC_EXPIRY_BSR,SHORT_BSR,2,31
1785742157.659571,764,9,T_PERIODIC_EXPIRY_BSR,SHORT_BSR,2,31
1785742157.659571,765,9,T_PERIODIC_EXPIRY_BSR,SHORT_BSR,2,31
1785742157.809570,766,9,T_PERIODIC_EXPIRY_BSR,SHORT_BSR,2,31
1785742157.809570,767,9,T_PERIODIC_EXPIRY_BSR,SHORT_BSR,2,31
1785742157.809570,768,9,T_PERIODIC_EXPIRY_BSR,SHORT_BSR,2,31
1785742157.809570,769,9,T_PERIODIC_EXPIRY_BSR,SHORT_BSR,2,31
1785742157.809570,770,9,T_PERIODIC_EXPIRY_BSR,SHORT_BSR,2,31
1785742157.809570,771,9,T_PERIODIC_EXPIRY_BSR,SHORT_BSR,2,31
1785742157.809570,772,9,T_PERIODIC_EXPIRY_BSR,SHORT_BSR,2,31
1785742157.809570,773,9,T_PERIODIC_EXPIRY_BSR,SHORT_BSR,2,31
1785742157.809570,774,9,T_PERIODIC_EXPIRY_BSR,SHORT_BSR,2,31
1785742157.809570,775,9,T_PERIODIC_EXPIRY_BSR,SHORT_BSR,2,31
1785742157.809570,776,9,T_PERIODIC_EXPIRY_BSR,SHORT_BSR,2,31
1785742157.809570,777,9,T_PERIODIC_EXPIRY_BSR,SHORT_BSR,2,31
1785742157.809570,778,9,T_PERIODIC_EXPIRY_BSR,SHORT_BSR,2,31
1785742157.809570,779,9,T_PERIODIC_EXPIRY_BSR,SHORT_BSR,2,31
1785742157.809570,780,9,T_PERIODIC_EXPIRY_BSR,SHORT_BSR,2,31
1785742157.959569,781,9,T_PERIODIC_EXPIRY_BSR,SHORT_BSR,2,31
1785742157.959569,782,9,T_PERIODIC_EXPIRY_BSR,SHORT_BSR,2,31
1785742157.959569,783,9,T_PERIODIC_EXPIRY_BSR,SHORT_BSR,2,31
1785742157.959569,784,9,T_PERIODIC_EXPIRY_BSR,SHORT_BSR,2,31
1785742157.959569,785,9,T_PERIODIC_EXPIRY_BSR,SHORT_BSR,2,31
1785742157.959569,786,9,T_PERIODIC_EXPIRY_BSR,SHORT_BSR,2,31
1785742157.959569,787,9,T_PERIODIC_EXPIRY_BSR,SHORT_BSR,2,31
1785742157.959569,788,9,T_PERIODIC_EXPIRY_BSR,SHORT_BSR,2,31
1785742157.959569,789,9,T_PERIODIC_EXPIRY_BSR,SHORT_BSR,2,31
1785742157.959569,790,9,T_PERIODIC_EXPIRY_BSR,SHORT_BSR,2,31
1785742157.959569,791,9,T_PERIODIC_EXPIRY_BSR,SHORT_BSR,2,31
1785742157.959569,792,9,T_PERIODIC_EXPIRY_BSR,SHORT_BSR,2,31
1785742157.959569,793,9,T_PERIODIC_EXPIRY_BSR,SHORT_BSR,2,31
1785742157.959569,794,9,T_PERIODIC_EXPIRY_BSR,SHORT_BSR,2,31
1785742157.959569,795,9,T_PERIODIC_EXPIRY_BSR,SHORT_BSR,2,31
1785742158.109570,796,9,T_PERIODIC_EXPIRY_BSR,SHORT_BSR,2,31
1785742158.109570,797,9,T_PERIODIC_EXPIRY_BSR,SHORT_BSR,2,31
1785742158.109570,798,9,T_PERIODIC_EXPIRY_BSR,SHORT_BSR,2,31
1785742158.109570,799,9,T_PERIODIC_EXPIRY_BSR,SHORT_BSR,2,31
1785742158.109570,800,9,T_PERIODIC_EXPIRY_BSR,SHORT_BSR,2,31
1785742158.109570,801,9,T_PERIODIC_EXPIRY_BSR,SHORT_BSR,2,31
1785742158.109570,802,9,T_PERIODIC_EXPIRY_BSR,SHORT_BSR,2,31
1785742158.109570,803,9,T_PERIODIC_EXPIRY_BSR,SHORT_BSR,2,31
1785742158.109570,804,9,T_PERIODIC_EXPIRY_BSR,SHORT_BSR,2,31
1785742158.109570,805,9,T_PERIODIC_EXPIRY_BSR,SHORT_BSR,2,31
1785742158.109570,806,9,T_PERIODIC_EXPIRY_BSR,SHORT_BSR,2,31
1785742158.109570,807,9,T_PERIODIC_EXPIRY_BSR,SHORT_BSR,2,31
1785742158.109570,808,9,T_PERIODIC_EXPIRY_BSR,SHORT_BSR,2,31
1785742158.109570,809,9,T_PERIODIC_EXPIRY_BSR,SHORT_BSR,2,31
1785742158.109570,810,9,T_PERIODIC_EXPIRY_BSR,SHORT_BSR,2,31
1785742158.264570,811,9,T_PERIODIC_EXPIRY_BSR,SHORT_BSR,2,31
1785742158.264570,812,9,T_PERIODIC_EXPIRY_BSR,SHORT_BSR,2,31
1785742158.264570,813,9,T_PERIODIC_EXPIRY_BSR,SHORT_BSR,2,31
1785742158.264570,814,9,T_PERIODIC_EXPIRY_BSR,SHORT_BSR,2,31
1785742158.264570,815,9,T_PERIODIC_EXPIRY_BSR,SHORT_BSR,2,31
1785742158.264570,816,9,T_PERIODIC_EXPIRY_BSR,SHORT_BSR,2,31
1785742158.264570,817,9,T_PERIODIC_EXPIRY_BSR,SHORT_BSR,2,31
1785742158.264570,818,9,T_PERIODIC_EXPIRY_BSR,SHORT_BSR,2,31
1785742158.264570,819,9,T_PERIODIC_EXPIRY_BSR,SHORT_BSR,2,31
1785742158.264570,820,9,T_PERIODIC_EXPIRY_BSR,SHORT_BSR,2,31
1785742158.264570,821,9,T_PERIODIC_EXPIRY_BSR,SHORT_BSR,2,31
1785742158.264570,822,9,T_PERIODIC_EXPIRY_BSR,SHORT_BSR,2,31
1785742158.264570,823,9,T_PERIODIC_EXPIRY_BSR,SHORT_BSR,2,31
1785742158.264570,824,9,T_PERIODIC_EXPIRY_BSR,SHORT_BSR,2,31
1785742158.264570,825,9,T_PERIODIC_EXPIRY_BSR,SHORT_BSR,2,31
1785742158.414569,826,19,T_PERIODIC_EXPIRY_BSR,SHORT_BSR,2,31
1785742158.414569,827,19,T_PERIODIC_EXPIRY_BSR,SHORT_BSR,2,31
1785742158.414569,828,19,T_PERIODIC_EXPIRY_BSR,SHORT_BSR,2,31
1785742158.414569,829,19,T_PERIODIC_EXPIRY_BSR,SHORT_BSR,2,31
1785742158.414569,830,19,T_PERIODIC_EXPIRY_BSR,SHORT_BSR,2,31
1785742158.414569,831,19,T_PERIODIC_EXPIRY_BSR,SHORT_BSR,2,31
1785742158.414569,832,19,T_PERIODIC_EXPIRY_BSR,SHORT_BSR,2,31
1785742158.414569,833,19,T_PERIODIC_EXPIRY_BSR,SHORT_BSR,2,31
1785742158.414569,834,19,T_PERIODIC_EXPIRY_BSR,SHORT_BSR,2,31
1785742158.414569,835,19,T_PERIODIC_EXPIRY_BSR,SHORT_BSR,2,31
1785742158.414569,836,19,T_PERIODIC_EXPIRY_BSR,SHORT_BSR,2,31
1785742158.414569,837,19,T_PERIODIC_EXPIRY_BSR,SHORT_BSR,2,31
1785742158.414569,838,19,T_PERIODIC_EXPIRY_BSR,SHORT_BSR,2,31
1785742158.414569,839,19,T_PERIODIC_EXPIRY_BSR,SHORT_BSR,2,31
1785742158.414569,840,19,T_PERIODIC_EXPIRY_BSR,SHORT_BSR,2,31
1785742158.564571,841,19,T_PERIODIC_EXPIRY_BSR,SHORT_BSR,2,31
1785742158.564571,842,19,T_PERIODIC_EXPIRY_BSR,SHORT_BSR,2,31
1785742158.564571,843,19,T_PERIODIC_EXPIRY_BSR,SHORT_BSR,2,31
1785742158.564571,844,19,T_PERIODIC_EXPIRY_BSR,SHORT_BSR,2,31
1785742158.564571,845,19,T_PERIODIC_EXPIRY_BSR,SHORT_BSR,2,31
1785742158.564571,846,19,T_PERIODIC_EXPIRY_BSR,SHORT_BSR,2,31
1785742158.564571,847,19,T_PERIODIC_EXPIRY_BSR,SHORT_BSR,2,31
1785742158.564571,848,19,T_PERIODIC_EXPIRY_BSR,SHORT_BSR,2,31
1785742158.564571,849,19,T_PERIODIC_EXPIRY_BSR,SHORT_BSR,2,31
1785742158.564571,850,19,T_PERIODIC_EXPIRY_BSR,SHORT_BSR,2,31
1785742158.564571,851,19,T_PERIODIC_EXPIRY_BSR,SHORT_BSR,2,31
1785742158.564571,852,19,T_PERIODIC_EXPIRY_BSR,SHORT_BSR,2,31
1785742158.564571,853,19,T_PERIODIC_EXPIRY_BSR,SHORT_BSR,2,31
1785742158.564571,854,19,T_PERIODIC_EXPIRY_BSR,SHORT_BSR,2,31
1785742158.564571,855,19,T_PERIODIC_EXPIRY_BSR,SHORT_BSR,2,31
1785742158.724582,856,19,T_PERIODIC_EXPIRY_BSR,SHORT_BSR,2,31
1785742158.724582,857,19,T_PERIODIC_EXPIRY_BSR,SHORT_BSR,2,31
1785742158.724582,858,19,T_PERIODIC_EXPIRY_BSR,SHORT_BSR,2,31
1785742158.724582,859,19,T_PERIODIC_EXPIRY_BSR,SHORT_BSR,2,31
1785742158.724582,860,19,T_PERIODIC_EXPIRY_BSR,SHORT_BSR,2,31
1785742158.724582,861,19,T_PERIODIC_EXPIRY_BSR,SHORT_BSR,2,31
1785742158.724582,862,19,T_PERIODIC_EXPIRY_BSR,SHORT_BSR,2,31
1785742158.724582,863,19,T_PERIODIC_EXPIRY_BSR,SHORT_BSR,2,31
1785742158.724582,864,19,T_PERIODIC_EXPIRY_BSR,SHORT_BSR,2,31
1785742158.724582,865,19,T_PERIODIC_EXPIRY_BSR,SHORT_BSR,2,31
1785742158.724582,866,19,T_PERIODIC_EXPIRY_BSR,SHORT_BSR,2,31
1785742158.724582,868,17,T_PERIODIC_EXPIRY_BSR,SHORT_BSR,2,31
1785742158.724582,869,19,T_PERIODIC_EXPIRY_BSR,SHORT_BSR,2,31
1785742158.724582,870,19,T_PERIODIC_EXPIRY_BSR,SHORT_BSR,2,31
1785742158.724582,871,19,T_PERIODIC_EXPIRY_BSR,SHORT_BSR,2,31
1785742158.874579,872,19,T_PERIODIC_EXPIRY_BSR,SHORT_BSR,2,31
1785742158.874579,873,19,T_PERIODIC_EXPIRY_BSR,SHORT_BSR,2,31
1785742158.874579,874,19,T_PERIODIC_EXPIRY_BSR,SHORT_BSR,2,31
1785742158.874579,875,19,T_PERIODIC_EXPIRY_BSR,SHORT_BSR,2,31
1785742158.874579,876,19,T_PERIODIC_EXPIRY_BSR,SHORT_BSR,2,31
1785742158.874579,877,19,T_PERIODIC_EXPIRY_BSR,SHORT_BSR,2,31
1785742158.874579,878,19,T_PERIODIC_EXPIRY_BSR,SHORT_BSR,2,31
1785742158.874579,879,19,T_PERIODIC_EXPIRY_BSR,SHORT_BSR,2,31
1785742158.874579,880,19,T_PERIODIC_EXPIRY_BSR,SHORT_BSR,2,31
1785742158.874579,881,19,T_PERIODIC_EXPIRY_BSR,SHORT_BSR,2,31
1785742158.874579,882,19,T_PERIODIC_EXPIRY_BSR,SHORT_BSR,2,31
1785742158.874579,883,19,T_PERIODIC_EXPIRY_BSR,SHORT_BSR,2,31
1785742158.874579,884,19,T_PERIODIC_EXPIRY_BSR,SHORT_BSR,2,31
1785742158.874579,885,19,T_PERIODIC_EXPIRY_BSR,SHORT_BSR,2,31
1785742158.874579,886,19,T_PERIODIC_EXPIRY_BSR,SHORT_BSR,2,31
1785742159.024572,887,19,T_PERIODIC_EXPIRY_BSR,SHORT_BSR,2,31
1785742159.024572,888,19,T_PERIODIC_EXPIRY_BSR,SHORT_BSR,2,31
1785742159.024572,889,19,T_PERIODIC_EXPIRY_BSR,SHORT_BSR,2,31
1785742159.024572,890,19,T_PERIODIC_EXPIRY_BSR,SHORT_BSR,2,31
1785742159.024572,891,19,T_PERIODIC_EXPIRY_BSR,SHORT_BSR,2,31
1785742159.024572,892,19,T_PERIODIC_EXPIRY_BSR,SHORT_BSR,2,31
1785742159.024572,893,19,T_PERIODIC_EXPIRY_BSR,SHORT_BSR,2,31
1785742159.024572,894,19,T_PERIODIC_EXPIRY_BSR,SHORT_BSR,2,31
1785742159.024572,895,19,T_PERIODIC_EXPIRY_BSR,SHORT_BSR,2,31
1785742159.024572,896,19,T_PERIODIC_EXPIRY_BSR,SHORT_BSR,2,31
1785742159.024572,897,19,T_PERIODIC_EXPIRY_BSR,SHORT_BSR,2,31
1785742159.024572,898,19,T_PERIODIC_EXPIRY_BSR,SHORT_BSR,2,31
1785742159.024572,899,19,T_PERIODIC_EXPIRY_BSR,SHORT_BSR,2,31
1785742159.024572,900,19,T_PERIODIC_EXPIRY_BSR,SHORT_BSR,2,31
1785742159.024572,901,19,T_PERIODIC_EXPIRY_BSR,SHORT_BSR,2,31
1785742159.179567,902,19,T_PERIODIC_EXPIRY_BSR,SHORT_BSR,2,31
1785742159.179567,903,19,T_PERIODIC_EXPIRY_BSR,SHORT_BSR,2,31
1785742159.179567,905,9,T_PERIODIC_EXPIRY_BSR,SHORT_BSR,2,31
1785742159.179567,906,9,T_PERIODIC_EXPIRY_BSR,SHORT_BSR,2,31
1785742159.179567,907,9,T_PERIODIC_EXPIRY_BSR,SHORT_BSR,2,31
1785742159.179567,908,9,T_PERIODIC_EXPIRY_BSR,SHORT_BSR,2,31
1785742159.179567,909,9,T_PERIODIC_EXPIRY_BSR,SHORT_BSR,2,31
1785742159.179567,910,9,T_PERIODIC_EXPIRY_BSR,SHORT_BSR,2,31
1785742159.179567,911,9,T_PERIODIC_EXPIRY_BSR,SHORT_BSR,2,31
1785742159.179567,912,9,T_PERIODIC_EXPIRY_BSR,SHORT_BSR,2,31
1785742159.179567,913,9,T_PERIODIC_EXPIRY_BSR,SHORT_BSR,2,31
1785742159.179567,914,9,T_PERIODIC_EXPIRY_BSR,SHORT_BSR,2,31
1785742159.179567,915,9,T_PERIODIC_EXPIRY_BSR,SHORT_BSR,2,31
1785742159.179567,916,9,T_PERIODIC_EXPIRY_BSR,SHORT_BSR,2,31
1785742159.179567,917,9,T_PERIODIC_EXPIRY_BSR,SHORT_BSR,2,31
1785742159.329566,918,9,T_PERIODIC_EXPIRY_BSR,SHORT_BSR,2,31
1785742159.329566,919,9,T_PERIODIC_EXPIRY_BSR,SHORT_BSR,2,31
1785742159.329566,920,9,T_PERIODIC_EXPIRY_BSR,SHORT_BSR,2,31
1785742159.329566,921,9,T_PERIODIC_EXPIRY_BSR,SHORT_BSR,2,31
1785742159.329566,922,9,T_PERIODIC_EXPIRY_BSR,SHORT_BSR,2,31
1785742159.329566,923,9,T_PERIODIC_EXPIRY_BSR,SHORT_BSR,2,31
1785742159.329566,924,9,T_PERIODIC_EXPIRY_BSR,SHORT_BSR,2,31
1785742159.329566,925,9,T_PERIODIC_EXPIRY_BSR,SHORT_BSR,2,31
1785742159.329566,926,9,T_PERIODIC_EXPIRY_BSR,SHORT_BSR,2,31
1785742159.329566,927,9,T_PERIODIC_EXPIRY_BSR,SHORT_BSR,2,31
1785742159.329566,928,9,T_PERIODIC_EXPIRY_BSR,SHORT_BSR,2,31
1785742159.329566,929,9,T_PERIODIC_EXPIRY_BSR,SHORT_BSR,2,31
1785742159.329566,930,9,T_PERIODIC_EXPIRY_BSR,SHORT_BSR,2,31
1785742159.329566,931,9,T_PERIODIC_EXPIRY_BSR,SHORT_BSR,2,31
1785742159.329566,932,9,T_PERIODIC_EXPIRY_BSR,SHORT_BSR,2,31
1785742159.479564,933,9,T_PERIODIC_EXPIRY_BSR,SHORT_BSR,2,31
1785742159.479564,934,9,T_PERIODIC_EXPIRY_BSR,SHORT_BSR,2,31
1785742159.479564,935,9,T_PERIODIC_EXPIRY_BSR,SHORT_BSR,2,31
1785742159.479564,936,9,T_PERIODIC_EXPIRY_BSR,SHORT_BSR,2,31
1785742159.479564,937,9,T_PERIODIC_EXPIRY_BSR,SHORT_BSR,2,31
1785742159.479564,938,9,T_PERIODIC_EXPIRY_BSR,SHORT_BSR,2,31
1785742159.479564,939,9,T_PERIODIC_EXPIRY_BSR,SHORT_BSR,2,31
1785742159.479564,940,9,T_PERIODIC_EXPIRY_BSR,SHORT_BSR,2,31
1785742159.479564,941,9,T_PERIODIC_EXPIRY_BSR,SHORT_BSR,2,31
1785742159.479564,942,9,T_PERIODIC_EXPIRY_BSR,SHORT_BSR,2,31
1785742159.479564,943,9,T_PERIODIC_EXPIRY_BSR,SHORT_BSR,2,31
1785742159.479564,944,9,T_PERIODIC_EXPIRY_BSR,SHORT_BSR,2,31
1785742159.479564,945,9,T_PERIODIC_EXPIRY_BSR,SHORT_BSR,2,31
1785742159.479564,946,9,T_PERIODIC_EXPIRY_BSR,SHORT_BSR,2,31
1785742159.479564,947,9,T_PERIODIC_EXPIRY_BSR,SHORT_BSR,2,31
1785742159.629566,948,9,T_PERIODIC_EXPIRY_BSR,SHORT_BSR,2,31
1785742159.629566,949,9,T_PERIODIC_EXPIRY_BSR,SHORT_BSR,2,31
1785742159.629566,950,9,T_PERIODIC_EXPIRY_BSR,SHORT_BSR,2,31
1785742159.629566,951,9,T_PERIODIC_EXPIRY_BSR,SHORT_BSR,2,31
1785742159.629566,952,9,T_PERIODIC_EXPIRY_BSR,SHORT_BSR,2,31
1785742159.629566,953,9,T_PERIODIC_EXPIRY_BSR,SHORT_BSR,2,31
1785742159.629566,954,9,T_PERIODIC_EXPIRY_BSR,SHORT_BSR,2,31
1785742159.629566,955,9,T_PERIODIC_EXPIRY_BSR,SHORT_BSR,2,31
1785742159.629566,956,9,T_PERIODIC_EXPIRY_BSR,SHORT_BSR,2,31
1785742159.629566,957,9,T_PERIODIC_EXPIRY_BSR,SHORT_BSR,2,31
1785742159.629566,958,9,T_PERIODIC_EXPIRY_BSR,SHORT_BSR,2,31
1785742159.629566,959,9,T_PERIODIC_EXPIRY_BSR,SHORT_BSR,2,31
1785742159.629566,960,9,T_PERIODIC_EXPIRY_BSR,SHORT_BSR,2,31
1785742159.629566,961,9,T_PERIODIC_EXPIRY_BSR,SHORT_BSR,2,31
1785742159.629566,962,9,T_PERIODIC_EXPIRY_BSR,SHORT_BSR,2,31
1785742159.779568,963,9,T_PERIODIC_EXPIRY_BSR,SHORT_BSR,2,31
1785742159.779568,964,9,T_PERIODIC_EXPIRY_BSR,SHORT_BSR,2,31
1785742159.779568,965,9,T_PERIODIC_EXPIRY_BSR,SHORT_BSR,2,31
1785742159.779568,966,9,T_PERIODIC_EXPIRY_BSR,SHORT_BSR,2,31
1785742159.779568,967,9,T_PERIODIC_EXPIRY_BSR,SHORT_BSR,2,31
1785742159.779568,968,9,T_PERIODIC_EXPIRY_BSR,SHORT_BSR,2,31
1785742159.779568,969,9,T_PERIODIC_EXPIRY_BSR,SHORT_BSR,2,31
1785742159.779568,970,9,T_PERIODIC_EXPIRY_BSR,SHORT_BSR,2,31
1785742159.779568,971,9,T_PERIODIC_EXPIRY_BSR,SHORT_BSR,2,31
1785742159.779568,972,9,T_PERIODIC_EXPIRY_BSR,SHORT_BSR,2,31
1785742159.779568,973,9,T_PERIODIC_EXPIRY_BSR,SHORT_BSR,2,31
1785742159.779568,974,9,T_PERIODIC_EXPIRY_BSR,SHORT_BSR,2,31
1785742159.779568,975,9,T_PERIODIC_EXPIRY_BSR,SHORT_BSR,2,31
1785742159.779568,976,9,T_PERIODIC_EXPIRY_BSR,SHORT_BSR,2,31
1785742159.779568,977,9,T_PERIODIC_EXPIRY_BSR,SHORT_BSR,2,31
1785742159.934573,978,9,T_PERIODIC_EXPIRY_BSR,SHORT_BSR,2,31
1785742159.934573,979,9,T_PERIODIC_EXPIRY_BSR,SHORT_BSR,2,31
1785742159.934573,980,9,T_PERIODIC_EXPIRY_BSR,SHORT_BSR,2,31
1785742159.934573,981,9,T_PERIODIC_EXPIRY_BSR,SHORT_BSR,2,31
1785742159.934573,982,9,T_PERIODIC_EXPIRY_BSR,SHORT_BSR,2,31
1785742159.934573,983,9,T_PERIODIC_EXPIRY_BSR,SHORT_BSR,2,31
1785742159.934573,984,9,T_PERIODIC_EXPIRY_BSR,SHORT_BSR,2,31
1785742159.934573,985,9,T_PERIODIC_EXPIRY_BSR,SHORT_BSR,2,31
1785742159.934573,986,9,T_PERIODIC_EXPIRY_BSR,SHORT_BSR,2,31
1785742159.934573,987,9,T_PERIODIC_EXPIRY_BSR,SHORT_BSR,2,31
1785742159.934573,988,17,T_PERIODIC_EXPIRY_BSR,SHORT_BSR,2,31
1785742159.934573,989,19,T_PERIODIC_EXPIRY_BSR,SHORT_BSR,2,31
1785742159.934573,990,19,T_PERIODIC_EXPIRY_BSR,SHORT_BSR,2,31
1785742159.934573,991,19,T_PERIODIC_EXPIRY_BSR,SHORT_BSR,2,31
1785742159.934573,992,19,T_PERIODIC_EXPIRY_BSR,SHORT_BSR,2,31
1785742160.084571,993,19,T_PERIODIC_EXPIRY_BSR,SHORT_BSR,2,31
1785742160.084571,994,19,T_PERIODIC_EXPIRY_BSR,SHORT_BSR,2,31
1785742160.084571,995,19,T_PERIODIC_EXPIRY_BSR,SHORT_BSR,2,31
1785742160.084571,996,19,T_PERIODIC_EXPIRY_BSR,SHORT_BSR,2,31
1785742160.084571,997,19,T_PERIODIC_EXPIRY_BSR,SHORT_BSR,2,31
1785742160.084571,998,19,T_PERIODIC_EXPIRY_BSR,SHORT_BSR,2,31
1785742160.084571,999,19,T_PERIODIC_EXPIRY_BSR,SHORT_BSR,2,31
1785742160.084571,1000,19,T_PERIODIC_EXPIRY_BSR,SHORT_BSR,2,31
1785742160.084571,1001,19,T_PERIODIC_EXPIRY_BSR,SHORT_BSR,2,31
1785742160.084571,1002,19,T_PERIODIC_EXPIRY_BSR,SHORT_BSR,2,31
1785742160.084571,1003,19,T_PERIODIC_EXPIRY_BSR,SHORT_BSR,2,31
1785742160.084571,1004,19,T_PERIODIC_EXPIRY_BSR,SHORT_BSR,2,31
1785742160.084571,1005,19,T_PERIODIC_EXPIRY_BSR,SHORT_BSR,2,31
1785742160.084571,1006,19,T_PERIODIC_EXPIRY_BSR,SHORT_BSR,2,31
1785742160.084571,1007,19,T_PERIODIC_EXPIRY_BSR,SHORT_BSR,2,31
1785742160.234573,1008,19,T_PERIODIC_EXPIRY_BSR,SHORT_BSR,2,31
1785742160.234573,1009,19,T_PERIODIC_EXPIRY_BSR,SHORT_BSR,2,31
1785742160.234573,1010,19,T_PERIODIC_EXPIRY_BSR,SHORT_BSR,2,31
1785742160.234573,1011,19,T_PERIODIC_EXPIRY_BSR,SHORT_BSR,2,31
1785742160.234573,1012,19,T_PERIODIC_EXPIRY_BSR,SHORT_BSR,2,31
1785742160.234573,1013,19,T_PERIODIC_EXPIRY_BSR,SHORT_BSR,2,31
1785742160.234573,1014,19,T_PERIODIC_EXPIRY_BSR,SHORT_BSR,2,31
1785742160.234573,1015,19,T_PERIODIC_EXPIRY_BSR,SHORT_BSR,2,31
1785742160.234573,1016,19,T_PERIODIC_EXPIRY_BSR,SHORT_BSR,2,31
1785742160.234573,1017,19,T_PERIODIC_EXPIRY_BSR,SHORT_BSR,2,31
1785742160.234573,1018,19,T_PERIODIC_EXPIRY_BSR,SHORT_BSR,2,31
1785742160.234573,1019,19,T_PERIODIC_EXPIRY_BSR,SHORT_BSR,2,31
1785742160.234573,1020,19,T_PERIODIC_EXPIRY_BSR,SHORT_BSR,2,31
1785742160.234573,1021,19,T_PERIODIC_EXPIRY_BSR,SHORT_BSR,2,31
1785742160.234573,1022,19,T_PERIODIC_EXPIRY_BSR,SHORT_BSR,2,31
1785742160.384565,1023,19,T_PERIODIC_EXPIRY_BSR,SHORT_BSR,2,31
1785742160.384565,0,19,T_PERIODIC_EXPIRY_BSR,SHORT_BSR,2,31
1785742160.384565,1,19,T_PERIODIC_EXPIRY_BSR,SHORT_BSR,2,31
1785742160.384565,2,19,T_PERIODIC_EXPIRY_BSR,SHORT_BSR,2,31
1785742160.384565,3,19,T_PERIODIC_EXPIRY_BSR,SHORT_BSR,2,31
1785742160.384565,4,19,T_PERIODIC_EXPIRY_BSR,SHORT_BSR,2,31
1785742160.384565,5,19,T_PERIODIC_EXPIRY_BSR,SHORT_BSR,2,31
1785742160.384565,6,19,T_PERIODIC_EXPIRY_BSR,SHORT_BSR,2,31
1785742160.384565,7,19,T_PERIODIC_EXPIRY_BSR,SHORT_BSR,2,31
1785742160.384565,8,19,T_PERIODIC_EXPIRY_BSR,SHORT_BSR,2,31
1785742160.384565,9,19,T_PERIODIC_EXPIRY_BSR,SHORT_BSR,2,31
1785742160.384565,10,19,T_PERIODIC_EXPIRY_BSR,SHORT_BSR,2,31
1785742160.384565,11,19,T_PERIODIC_EXPIRY_BSR,SHORT_BSR,2,31
1785742160.384565,12,19,T_PERIODIC_EXPIRY_BSR,SHORT_BSR,2,31
1785742160.384565,13,19,T_PERIODIC_EXPIRY_BSR,SHORT_BSR,2,31
1785742160.538960,14,19,T_PERIODIC_EXPIRY_BSR,SHORT_BSR,2,31
1785742160.538960,15,19,T_PERIODIC_EXPIRY_BSR,SHORT_BSR,2,31
1785742160.538960,17,7,T_PERIODIC_EXPIRY_BSR,SHORT_BSR,2,31
1785742160.538960,18,7,T_PERIODIC_EXPIRY_BSR,SHORT_BSR,2,31
1785742160.538960,19,7,T_PERIODIC_EXPIRY_BSR,SHORT_BSR,2,31
1785742160.538960,20,7,T_PERIODIC_EXPIRY_BSR,SHORT_BSR,2,31
1785742160.538960,21,7,T_PERIODIC_EXPIRY_BSR,SHORT_BSR,2,31
1785742160.538960,22,7,T_PERIODIC_EXPIRY_BSR,SHORT_BSR,2,31
1785742160.538960,23,7,T_PERIODIC_EXPIRY_BSR,SHORT_BSR,2,31
1785742160.538960,24,7,T_PERIODIC_EXPIRY_BSR,SHORT_BSR,2,31
1785742160.538960,25,7,T_PERIODIC_EXPIRY_BSR,SHORT_BSR,2,31
1785742160.538960,26,7,T_PERIODIC_EXPIRY_BSR,SHORT_BSR,2,31
1785742160.538960,27,7,T_PERIODIC_EXPIRY_BSR,SHORT_BSR,2,31
1785742160.538960,28,7,T_PERIODIC_EXPIRY_BSR,SHORT_BSR,2,31
1785742160.538960,29,7,T_PERIODIC_EXPIRY_BSR,SHORT_BSR,2,31
1785742160.694574,30,7,T_PERIODIC_EXPIRY_BSR,SHORT_BSR,2,31
1785742160.694574,31,7,T_PERIODIC_EXPIRY_BSR,SHORT_BSR,2,31
1785742160.694574,32,7,T_PERIODIC_EXPIRY_BSR,SHORT_BSR,2,31
1785742160.694574,33,7,T_PERIODIC_EXPIRY_BSR,SHORT_BSR,2,31
1785742160.694574,34,7,T_PERIODIC_EXPIRY_BSR,SHORT_BSR,2,31
1785742160.694574,35,7,T_PERIODIC_EXPIRY_BSR,SHORT_BSR,2,31
1785742160.694574,36,7,T_PERIODIC_EXPIRY_BSR,SHORT_BSR,2,31
1785742160.694574,37,7,T_PERIODIC_EXPIRY_BSR,SHORT_BSR,2,31
1785742160.694574,38,7,T_PERIODIC_EXPIRY_BSR,SHORT_BSR,2,31
1785742160.694574,39,7,T_PERIODIC_EXPIRY_BSR,SHORT_BSR,2,31
1785742160.694574,40,7,T_PERIODIC_EXPIRY_BSR,SHORT_BSR,2,31
1785742160.694574,41,7,T_PERIODIC_EXPIRY_BSR,SHORT_BSR,2,31
1785742160.694574,42,7,T_PERIODIC_EXPIRY_BSR,SHORT_BSR,2,31
1785742160.694574,43,19,T_PERIODIC_EXPIRY_BSR,SHORT_BSR,2,31
1785742160.694574,44,19,T_PERIODIC_EXPIRY_BSR,SHORT_BSR,2,31
1785742160.844572,45,19,T_PERIODIC_EXPIRY_BSR,SHORT_BSR,2,31
1785742160.844572,46,19,T_PERIODIC_EXPIRY_BSR,SHORT_BSR,2,31
1785742160.844572,47,19,T_PERIODIC_EXPIRY_BSR,SHORT_BSR,2,31
1785742160.844572,48,19,T_PERIODIC_EXPIRY_BSR,SHORT_BSR,2,31
1785742160.844572,49,19,T_PERIODIC_EXPIRY_BSR,SHORT_BSR,2,31
1785742160.844572,50,19,T_PERIODIC_EXPIRY_BSR,SHORT_BSR,2,31
1785742160.844572,51,19,T_PERIODIC_EXPIRY_BSR,SHORT_BSR,2,31
1785742160.844572,52,19,T_PERIODIC_EXPIRY_BSR,SHORT_BSR,2,31
1785742160.844572,53,19,T_PERIODIC_EXPIRY_BSR,SHORT_BSR,2,31
1785742160.844572,54,19,T_PERIODIC_EXPIRY_BSR,SHORT_BSR,2,31
1785742160.844572,55,19,T_PERIODIC_EXPIRY_BSR,SHORT_BSR,2,31
1785742160.844572,56,19,T_PERIODIC_EXPIRY_BSR,SHORT_BSR,2,31
1785742160.844572,57,19,T_PERIODIC_EXPIRY_BSR,SHORT_BSR,2,31
1785742160.844572,58,19,T_PERIODIC_EXPIRY_BSR,SHORT_BSR,2,31
1785742160.844572,59,19,T_PERIODIC_EXPIRY_BSR,SHORT_BSR,2,31
1785742160.994575,60,19,T_PERIODIC_EXPIRY_BSR,SHORT_BSR,2,31
1785742160.994575,61,19,T_PERIODIC_EXPIRY_BSR,SHORT_BSR,2,31
1785742160.994575,62,19,T_PERIODIC_EXPIRY_BSR,SHORT_BSR,2,31
1785742160.994575,63,19,T_PERIODIC_EXPIRY_BSR,SHORT_BSR,2,31
1785742160.994575,64,19,T_PERIODIC_EXPIRY_BSR,SHORT_BSR,2,31
1785742160.994575,65,19,T_PERIODIC_EXPIRY_BSR,SHORT_BSR,2,31
1785742160.994575,66,19,T_PERIODIC_EXPIRY_BSR,SHORT_BSR,2,31
1785742160.994575,67,19,T_PERIODIC_EXPIRY_BSR,SHORT_BSR,2,31
1785742160.994575,68,19,T_PERIODIC_EXPIRY_BSR,SHORT_BSR,2,31
1785742160.994575,69,19,T_PERIODIC_EXPIRY_BSR,SHORT_BSR,2,31
1785742160.994575,70,19,T_PERIODIC_EXPIRY_BSR,SHORT_BSR,2,31
1785742160.994575,71,19,T_PERIODIC_EXPIRY_BSR,SHORT_BSR,2,31
1785742160.994575,72,19,T_PERIODIC_EXPIRY_BSR,SHORT_BSR,2,31
1785742160.994575,73,19,T_PERIODIC_EXPIRY_BSR,SHORT_BSR,2,31
1785742160.994575,74,19,T_PERIODIC_EXPIRY_BSR,SHORT_BSR,2,31
1785742161.154571,75,19,T_PERIODIC_EXPIRY_BSR,SHORT_BSR,2,31
1785742161.154571,76,19,T_PERIODIC_EXPIRY_BSR,SHORT_BSR,2,31
1785742161.154571,78,17,T_PERIODIC_EXPIRY_BSR,SHORT_BSR,2,31
1785742161.154571,79,19,T_PERIODIC_EXPIRY_BSR,SHORT_BSR,2,31
1785742161.154571,80,19,T_PERIODIC_EXPIRY_BSR,SHORT_BSR,2,31
1785742161.154571,81,19,T_PERIODIC_EXPIRY_BSR,SHORT_BSR,2,31
1785742161.154571,82,19,T_PERIODIC_EXPIRY_BSR,SHORT_BSR,2,31
1785742161.154571,83,19,T_PERIODIC_EXPIRY_BSR,SHORT_BSR,2,31
1785742161.154571,84,19,T_PERIODIC_EXPIRY_BSR,SHORT_BSR,2,31
1785742161.154571,85,19,T_PERIODIC_EXPIRY_BSR,SHORT_BSR,2,31
1785742161.154571,86,19,T_PERIODIC_EXPIRY_BSR,SHORT_BSR,2,31
1785742161.154571,87,19,T_PERIODIC_EXPIRY_BSR,SHORT_BSR,2,31
1785742161.154571,88,19,T_PERIODIC_EXPIRY_BSR,SHORT_BSR,2,31
1785742161.154571,89,19,T_PERIODIC_EXPIRY_BSR,SHORT_BSR,2,31
1785742161.154571,90,19,T_PERIODIC_EXPIRY_BSR,SHORT_BSR,2,31
1785742161.304573,91,19,T_PERIODIC_EXPIRY_BSR,SHORT_BSR,2,31
1785742161.304573,92,19,T_PERIODIC_EXPIRY_BSR,SHORT_BSR,2,31
1785742161.304573,93,19,T_PERIODIC_EXPIRY_BSR,SHORT_BSR,2,31
1785742161.304573,94,19,T_PERIODIC_EXPIRY_BSR,SHORT_BSR,2,31
1785742161.304573,95,19,T_PERIODIC_EXPIRY_BSR,SHORT_BSR,2,31
1785742161.304573,96,19,T_PERIODIC_EXPIRY_BSR,SHORT_BSR,2,31
1785742161.304573,97,19,T_PERIODIC_EXPIRY_BSR,SHORT_BSR,2,31
1785742161.304573,98,19,T_PERIODIC_EXPIRY_BSR,SHORT_BSR,2,31
1785742161.304573,99,19,T_PERIODIC_EXPIRY_BSR,SHORT_BSR,2,31
1785742161.304573,100,19,T_PERIODIC_EXPIRY_BSR,SHORT_BSR,2,31
1785742161.304573,101,19,T_PERIODIC_EXPIRY_BSR,SHORT_BSR,2,31
1785742161.304573,102,19,T_PERIODIC_EXPIRY_BSR,SHORT_BSR,2,31
1785742161.304573,103,19,T_PERIODIC_EXPIRY_BSR,SHORT_BSR,2,31
1785742161.304573,104,19,T_PERIODIC_EXPIRY_BSR,SHORT_BSR,2,31
1785742161.304573,105,19,T_PERIODIC_EXPIRY_BSR,SHORT_BSR,2,31
1785742161.454560,106,19,T_PERIODIC_EXPIRY_BSR,SHORT_BSR,2,31
1785742161.454560,107,19,T_PERIODIC_EXPIRY_BSR,SHORT_BSR,2,31
1785742161.454560,108,19,T_PERIODIC_EXPIRY_BSR,SHORT_BSR,2,31
1785742161.454560,109,19,T_PERIODIC_EXPIRY_BSR,SHORT_BSR,2,31
1785742161.454560,110,19,T_PERIODIC_EXPIRY_BSR,SHORT_BSR,2,31
1785742161.454560,111,19,T_PERIODIC_EXPIRY_BSR,SHORT_BSR,2,31
1785742161.454560,112,19,T_PERIODIC_EXPIRY_BSR,SHORT_BSR,2,31
1785742161.454560,113,19,T_PERIODIC_EXPIRY_BSR,SHORT_BSR,2,31
1785742161.454560,114,19,T_PERIODIC_EXPIRY_BSR,SHORT_BSR,2,31
1785742161.454560,115,19,T_PERIODIC_EXPIRY_BSR,SHORT_BSR,2,31
1785742161.454560,116,19,T_PERIODIC_EXPIRY_BSR,SHORT_BSR,2,31
1785742161.454560,117,19,T_PERIODIC_EXPIRY_BSR,SHORT_BSR,2,31
1785742161.454560,118,19,T_PERIODIC_EXPIRY_BSR,SHORT_BSR,2,31
1785742161.454560,119,19,T_PERIODIC_EXPIRY_BSR,SHORT_BSR,2,31
1785742161.454560,120,19,T_PERIODIC_EXPIRY_BSR,SHORT_BSR,2,31
1785742161.604577,121,19,T_PERIODIC_EXPIRY_BSR,SHORT_BSR,2,31
1785742161.604577,122,19,T_PERIODIC_EXPIRY_BSR,SHORT_BSR,2,31
1785742161.604577,123,19,T_PERIODIC_EXPIRY_BSR,SHORT_BSR,2,31
1785742161.604577,124,19,T_PERIODIC_EXPIRY_BSR,SHORT_BSR,2,31
1785742161.604577,125,19,T_PERIODIC_EXPIRY_BSR,SHORT_BSR,2,31
1785742161.604577,126,19,T_PERIODIC_EXPIRY_BSR,SHORT_BSR,2,31
1785742161.604577,127,19,T_PERIODIC_EXPIRY_BSR,SHORT_BSR,2,31
1785742161.604577,128,19,T_PERIODIC_EXPIRY_BSR,SHORT_BSR,2,31
1785742161.604577,129,19,T_PERIODIC_EXPIRY_BSR,SHORT_BSR,2,31
1785742161.604577,130,19,T_PERIODIC_EXPIRY_BSR,SHORT_BSR,2,31
1785742161.604577,131,19,T_PERIODIC_EXPIRY_BSR,SHORT_BSR,2,31
1785742161.604577,132,19,T_PERIODIC_EXPIRY_BSR,SHORT_BSR,2,31
1785742161.604577,133,19,T_PERIODIC_EXPIRY_BSR,SHORT_BSR,2,31
1785742161.604577,134,19,T_PERIODIC_EXPIRY_BSR,SHORT_BSR,2,31
1785742161.604577,135,19,T_PERIODIC_EXPIRY_BSR,SHORT_BSR,2,31
1785742161.754572,136,19,T_PERIODIC_EXPIRY_BSR,SHORT_BSR,2,31
1785742161.754572,137,19,T_PERIODIC_EXPIRY_BSR,SHORT_BSR,2,31
1785742161.754572,138,19,T_PERIODIC_EXPIRY_BSR,SHORT_BSR,2,31
1785742161.754572,139,19,T_PERIODIC_EXPIRY_BSR,SHORT_BSR,2,31
1785742161.754572,140,19,T_PERIODIC_EXPIRY_BSR,SHORT_BSR,2,31
1785742161.754572,141,19,T_PERIODIC_EXPIRY_BSR,SHORT_BSR,2,31
1785742161.754572,142,19,T_PERIODIC_EXPIRY_BSR,SHORT_BSR,2,31
1785742161.754572,143,19,T_PERIODIC_EXPIRY_BSR,SHORT_BSR,2,31
1785742161.754572,144,19,T_PERIODIC_EXPIRY_BSR,SHORT_BSR,2,31
1785742161.754572,145,19,T_PERIODIC_EXPIRY_BSR,SHORT_BSR,2,31
1785742161.754572,146,19,T_PERIODIC_EXPIRY_BSR,SHORT_BSR,2,31
1785742161.754572,147,19,T_PERIODIC_EXPIRY_BSR,SHORT_BSR,2,31
1785742161.754572,148,19,T_PERIODIC_EXPIRY_BSR,SHORT_BSR,2,31
1785742161.754572,149,19,T_PERIODIC_EXPIRY_BSR,SHORT_BSR,2,31
1785742161.754572,150,19,T_PERIODIC_EXPIRY_BSR,SHORT_BSR,2,31
1785742161.904570,151,19,T_PERIODIC_EXPIRY_BSR,SHORT_BSR,2,31
1785742161.904570,152,19,T_PERIODIC_EXPIRY_BSR,SHORT_BSR,2,31
1785742161.904570,153,19,T_PERIODIC_EXPIRY_BSR,SHORT_BSR,2,31
1785742161.904570,154,19,T_PERIODIC_EXPIRY_BSR,SHORT_BSR,2,31
1785742161.904570,155,19,T_PERIODIC_EXPIRY_BSR,SHORT_BSR,2,31
1785742161.904570,156,19,T_PERIODIC_EXPIRY_BSR,SHORT_BSR,2,31
1785742161.904570,157,19,T_PERIODIC_EXPIRY_BSR,SHORT_BSR,2,31
1785742161.904570,158,19,T_PERIODIC_EXPIRY_BSR,SHORT_BSR,2,31
1785742161.904570,159,19,T_PERIODIC_EXPIRY_BSR,SHORT_BSR,2,31
1785742161.904570,160,19,T_PERIODIC_EXPIRY_BSR,SHORT_BSR,2,31
1785742161.904570,161,19,T_PERIODIC_EXPIRY_BSR,SHORT_BSR,2,31
1785742161.904570,162,19,T_PERIODIC_EXPIRY_BSR,SHORT_BSR,2,31
1785742161.904570,163,19,T_PERIODIC_EXPIRY_BSR,SHORT_BSR,2,31
1785742161.904570,164,19,T_PERIODIC_EXPIRY_BSR,SHORT_BSR,2,31
1785742161.904570,165,19,T_PERIODIC_EXPIRY_BSR,SHORT_BSR,2,31
1785742162.054570,166,19,T_PERIODIC_EXPIRY_BSR,SHORT_BSR,2,31
1785742162.054570,167,19,T_PERIODIC_EXPIRY_BSR,SHORT_BSR,2,31
1785742162.054570,168,19,T_PERIODIC_EXPIRY_BSR,SHORT_BSR,2,31
1785742162.054570,169,19,T_PERIODIC_EXPIRY_BSR,SHORT_BSR,2,31
1785742162.054570,170,19,T_PERIODIC_EXPIRY_BSR,SHORT_BSR,2,31
1785742162.054570,171,19,T_PERIODIC_EXPIRY_BSR,SHORT_BSR,2,31
1785742162.054570,172,19,T_PERIODIC_EXPIRY_BSR,SHORT_BSR,2,31
1785742162.054570,173,19,T_PERIODIC_EXPIRY_BSR,SHORT_BSR,2,31
1785742162.054570,174,19,T_PERIODIC_EXPIRY_BSR,SHORT_BSR,2,31
1785742162.054570,175,19,T_PERIODIC_EXPIRY_BSR,SHORT_BSR,2,31
1785742162.054570,176,19,T_PERIODIC_EXPIRY_BSR,SHORT_BSR,2,31
1785742162.054570,177,19,T_PERIODIC_EXPIRY_BSR,SHORT_BSR,2,31
1785742162.054570,178,19,T_PERIODIC_EXPIRY_BSR,SHORT_BSR,2,31
1785742162.054570,179,19,T_PERIODIC_EXPIRY_BSR,SHORT_BSR,2,31
1785742162.054570,180,19,T_PERIODIC_EXPIRY_BSR,SHORT_BSR,2,31
1785742162.214569,181,19,T_PERIODIC_EXPIRY_BSR,SHORT_BSR,2,31
1785742162.214569,182,19,T_PERIODIC_EXPIRY_BSR,SHORT_BSR,2,31
1785742162.214569,183,19,T_PERIODIC_EXPIRY_BSR,SHORT_BSR,2,31
1785742162.214569,184,19,T_PERIODIC_EXPIRY_BSR,SHORT_BSR,2,31
1785742162.214569,185,19,T_PERIODIC_EXPIRY_BSR,SHORT_BSR,2,31
1785742162.214569,186,19,T_PERIODIC_EXPIRY_BSR,SHORT_BSR,2,31
1785742162.214569,187,19,T_PERIODIC_EXPIRY_BSR,SHORT_BSR,2,31
1785742162.214569,188,19,T_PERIODIC_EXPIRY_BSR,SHORT_BSR,2,31
1785742162.214569,189,19,T_PERIODIC_EXPIRY_BSR,SHORT_BSR,2,31
1785742162.214569,190,19,T_PERIODIC_EXPIRY_BSR,SHORT_BSR,2,31
1785742162.214569,192,19,T_PERIODIC_EXPIRY_BSR,SHORT_BSR,2,31
1785742162.214569,193,19,T_PERIODIC_EXPIRY_BSR,SHORT_BSR,2,31
1785742162.214569,194,19,T_PERIODIC_EXPIRY_BSR,SHORT_BSR,2,31
1785742162.214569,195,19,T_PERIODIC_EXPIRY_BSR,SHORT_BSR,2,31
1785742162.214569,196,19,T_PERIODIC_EXPIRY_BSR,SHORT_BSR,2,31
1785742162.364560,197,19,T_PERIODIC_EXPIRY_BSR,SHORT_BSR,2,31
1785742162.364560,198,19,T_PERIODIC_EXPIRY_BSR,SHORT_BSR,2,31
1785742162.364560,199,19,T_PERIODIC_EXPIRY_BSR,SHORT_BSR,2,31
1785742162.364560,200,19,T_PERIODIC_EXPIRY_BSR,SHORT_BSR,2,31
1785742162.364560,201,19,T_PERIODIC_EXPIRY_BSR,SHORT_BSR,2,31
1785742162.364560,202,19,T_PERIODIC_EXPIRY_BSR,SHORT_BSR,2,31
1785742162.364560,203,19,T_PERIODIC_EXPIRY_BSR,SHORT_BSR,2,31
1785742162.364560,204,19,T_PERIODIC_EXPIRY_BSR,SHORT_BSR,2,31
1785742162.364560,205,19,T_PERIODIC_EXPIRY_BSR,SHORT_BSR,2,31
1785742162.364560,206,19,T_PERIODIC_EXPIRY_BSR,SHORT_BSR,2,31
1785742162.364560,207,19,T_PERIODIC_EXPIRY_BSR,SHORT_BSR,2,31
1785742162.364560,208,19,T_PERIODIC_EXPIRY_BSR,SHORT_BSR,2,31
1785742162.364560,209,19,T_PERIODIC_EXPIRY_BSR,SHORT_BSR,2,31
1785742162.364560,210,19,T_PERIODIC_EXPIRY_BSR,SHORT_BSR,2,31
1785742162.364560,211,19,T_PERIODIC_EXPIRY_BSR,SHORT_BSR,2,31
1785742162.514570,212,19,T_PERIODIC_EXPIRY_BSR,SHORT_BSR,2,31
1785742162.514570,213,19,T_PERIODIC_EXPIRY_BSR,SHORT_BSR,2,31
1785742162.514570,214,19,T_PERIODIC_EXPIRY_BSR,SHORT_BSR,2,31
1785742162.514570,215,19,T_PERIODIC_EXPIRY_BSR,SHORT_BSR,2,31
1785742162.514570,216,19,T_PERIODIC_EXPIRY_BSR,SHORT_BSR,2,31
1785742162.514570,217,19,T_PERIODIC_EXPIRY_BSR,SHORT_BSR,2,31
1785742162.514570,218,19,T_PERIODIC_EXPIRY_BSR,SHORT_BSR,2,31
1785742162.514570,219,19,T_PERIODIC_EXPIRY_BSR,SHORT_BSR,2,31
1785742162.514570,220,19,T_PERIODIC_EXPIRY_BSR,SHORT_BSR,2,31
1785742162.514570,221,19,T_PERIODIC_EXPIRY_BSR,SHORT_BSR,2,31
1785742162.514570,222,19,T_PERIODIC_EXPIRY_BSR,SHORT_BSR,2,31
1785742162.514570,223,19,T_PERIODIC_EXPIRY_BSR,SHORT_BSR,2,31
1785742162.514570,224,19,T_PERIODIC_EXPIRY_BSR,SHORT_BSR,2,31
1785742162.514570,225,19,T_PERIODIC_EXPIRY_BSR,SHORT_BSR,2,31
1785742162.514570,226,19,T_PERIODIC_EXPIRY_BSR,SHORT_BSR,2,31
1785742162.664567,227,19,T_PERIODIC_EXPIRY_BSR,SHORT_BSR,2,31
1785742162.664567,228,19,T_PERIODIC_EXPIRY_BSR,SHORT_BSR,2,31
1785742162.664567,229,19,T_PERIODIC_EXPIRY_BSR,SHORT_BSR,2,31
1785742162.664567,230,19,T_PERIODIC_EXPIRY_BSR,SHORT_BSR,2,31
1785742162.664567,231,19,T_PERIODIC_EXPIRY_BSR,SHORT_BSR,2,31
1785742162.664567,232,19,T_PERIODIC_EXPIRY_BSR,SHORT_BSR,2,31
1785742162.664567,233,19,T_PERIODIC_EXPIRY_BSR,SHORT_BSR,2,31
1785742162.664567,234,19,T_PERIODIC_EXPIRY_BSR,SHORT_BSR,2,31
1785742162.664567,235,19,T_PERIODIC_EXPIRY_BSR,SHORT_BSR,2,31
1785742162.664567,236,19,T_PERIODIC_EXPIRY_BSR,SHORT_BSR,2,31
1785742162.664567,237,19,T_PERIODIC_EXPIRY_BSR,SHORT_BSR,2,31
1785742162.664567,238,19,T_PERIODIC_EXPIRY_BSR,SHORT_BSR,2,31
1785742162.664567,239,19,T_PERIODIC_EXPIRY_BSR,SHORT_BSR,2,31
1785742162.664567,240,19,T_PERIODIC_EXPIRY_BSR,SHORT_BSR,2,31
1785742162.664567,241,19,T_PERIODIC_EXPIRY_BSR,SHORT_BSR,2,31
1785742162.814568,242,19,T_PERIODIC_EXPIRY_BSR,SHORT_BSR,2,31
1785742162.814568,243,19,T_PERIODIC_EXPIRY_BSR,SHORT_BSR,2,31
1785742162.814568,244,19,T_PERIODIC_EXPIRY_BSR,SHORT_BSR,2,31
1785742162.814568,245,19,T_PERIODIC_EXPIRY_BSR,SHORT_BSR,2,31
1785742162.814568,246,19,T_PERIODIC_EXPIRY_BSR,SHORT_BSR,2,31
1785742162.814568,247,19,T_PERIODIC_EXPIRY_BSR,SHORT_BSR,2,31
1785742162.814568,248,19,T_PERIODIC_EXPIRY_BSR,SHORT_BSR,2,31
1785742162.814568,249,19,T_PERIODIC_EXPIRY_BSR,SHORT_BSR,2,31
1785742162.814568,250,19,T_PERIODIC_EXPIRY_BSR,SHORT_BSR,2,31
1785742162.814568,251,19,T_PERIODIC_EXPIRY_BSR,SHORT_BSR,2,31
1785742162.814568,252,19,T_PERIODIC_EXPIRY_BSR,SHORT_BSR,2,31
1785742162.814568,253,19,T_PERIODIC_EXPIRY_BSR,SHORT_BSR,2,31
1785742162.814568,254,19,T_PERIODIC_EXPIRY_BSR,SHORT_BSR,2,31
1785742162.814568,255,19,T_PERIODIC_EXPIRY_BSR,SHORT_BSR,2,31
1785742162.814568,256,19,T_PERIODIC_EXPIRY_BSR,SHORT_BSR,2,31
1785742162.964574,257,19,T_PERIODIC_EXPIRY_BSR,SHORT_BSR,2,31
1785742162.964574,258,19,T_PERIODIC_EXPIRY_BSR,SHORT_BSR,2,31
1785742162.964574,259,19,T_PERIODIC_EXPIRY_BSR,SHORT_BSR,2,31
1785742162.964574,260,19,T_PERIODIC_EXPIRY_BSR,SHORT_BSR,2,31
1785742162.964574,261,19,T_PERIODIC_EXPIRY_BSR,SHORT_BSR,2,31
1785742162.964574,262,19,T_PERIODIC_EXPIRY_BSR,SHORT_BSR,2,31
1785742162.964574,263,19,T_PERIODIC_EXPIRY_BSR,SHORT_BSR,2,31
1785742162.964574,264,19,T_PERIODIC_EXPIRY_BSR,SHORT_BSR,2,31
1785742162.964574,265,19,T_PERIODIC_EXPIRY_BSR,SHORT_BSR,2,31
1785742162.964574,266,19,T_PERIODIC_EXPIRY_BSR,SHORT_BSR,2,31
1785742162.964574,267,19,T_PERIODIC_EXPIRY_BSR,SHORT_BSR,2,31
1785742162.964574,268,19,T_PERIODIC_EXPIRY_BSR,SHORT_BSR,2,31
1785742162.964574,269,19,T_PERIODIC_EXPIRY_BSR,SHORT_BSR,2,31
1785742162.964574,270,19,T_PERIODIC_EXPIRY_BSR,SHORT_BSR,2,31
1785742162.964574,271,19,T_PERIODIC_EXPIRY_BSR,SHORT_BSR,2,31
1785742163.114568,272,19,T_PERIODIC_EXPIRY_BSR,SHORT_BSR,2,31
1785742163.114568,273,19,T_PERIODIC_EXPIRY_BSR,SHORT_BSR,2,31
1785742163.114568,274,19,T_PERIODIC_EXPIRY_BSR,SHORT_BSR,2,31
1785742163.114568,275,19,T_PERIODIC_EXPIRY_BSR,SHORT_BSR,2,31
1785742163.114568,276,19,T_PERIODIC_EXPIRY_BSR,SHORT_BSR,2,31
1785742163.114568,277,19,T_PERIODIC_EXPIRY_BSR,SHORT_BSR,2,31
1785742163.114568,278,19,T_PERIODIC_EXPIRY_BSR,SHORT_BSR,2,31
1785742163.114568,279,19,T_PERIODIC_EXPIRY_BSR,SHORT_BSR,2,31
1785742163.114568,280,19,T_PERIODIC_EXPIRY_BSR,SHORT_BSR,2,31
1785742163.114568,281,19,T_PERIODIC_EXPIRY_BSR,SHORT_BSR,2,31
1785742163.114568,282,19,T_PERIODIC_EXPIRY_BSR,SHORT_BSR,2,31
1785742163.114568,283,19,T_PERIODIC_EXPIRY_BSR,SHORT_BSR,2,31
1785742163.114568,284,19,T_PERIODIC_EXPIRY_BSR,SHORT_BSR,2,31
1785742163.114568,285,19,T_PERIODIC_EXPIRY_BSR,SHORT_BSR,2,31
1785742163.114568,286,19,T_PERIODIC_EXPIRY_BSR,SHORT_BSR,2,31
1785742163.264558,287,19,T_PERIODIC_EXPIRY_BSR,SHORT_BSR,2,31
1785742163.264558,288,19,T_PERIODIC_EXPIRY_BSR,SHORT_BSR,2,31
1785742163.264558,289,19,T_PERIODIC_EXPIRY_BSR,SHORT_BSR,2,31
1785742163.264558,290,19,T_PERIODIC_EXPIRY_BSR,SHORT_BSR,2,31
1785742163.264558,291,19,T_PERIODIC_EXPIRY_BSR,SHORT_BSR,2,31
1785742163.264558,292,19,T_PERIODIC_EXPIRY_BSR,SHORT_BSR,2,31
1785742163.264558,293,19,T_PERIODIC_EXPIRY_BSR,SHORT_BSR,2,31
1785742163.264558,294,19,T_PERIODIC_EXPIRY_BSR,SHORT_BSR,2,31
1785742163.264558,295,19,T_PERIODIC_EXPIRY_BSR,SHORT_BSR,2,31
1785742163.264558,296,19,T_PERIODIC_EXPIRY_BSR,SHORT_BSR,2,31
1785742163.264558,297,19,T_PERIODIC_EXPIRY_BSR,SHORT_BSR,2,31
1785742163.264558,298,19,T_PERIODIC_EXPIRY_BSR,SHORT_BSR,2,31
1785742163.264558,299,19,T_PERIODIC_EXPIRY_BSR,SHORT_BSR,2,31
1785742163.264558,300,19,T_PERIODIC_EXPIRY_BSR,SHORT_BSR,2,31
1785742163.264558,301,19,T_PERIODIC_EXPIRY_BSR,SHORT_BSR,2,31
1785742163.414557,302,19,T_PERIODIC_EXPIRY_BSR,SHORT_BSR,2,31
1785742163.414557,303,19,T_PERIODIC_EXPIRY_BSR,SHORT_BSR,2,31
1785742163.414557,304,19,T_PERIODIC_EXPIRY_BSR,SHORT_BSR,2,31
1785742163.414557,305,19,T_PERIODIC_EXPIRY_BSR,SHORT_BSR,2,31
1785742163.414557,306,19,T_PERIODIC_EXPIRY_BSR,SHORT_BSR,2,31
1785742163.414557,307,19,T_PERIODIC_EXPIRY_BSR,SHORT_BSR,2,31
1785742163.414557,308,19,T_PERIODIC_EXPIRY_BSR,SHORT_BSR,2,31
1785742163.414557,309,19,T_PERIODIC_EXPIRY_BSR,SHORT_BSR,2,31
1785742163.414557,310,19,T_PERIODIC_EXPIRY_BSR,SHORT_BSR,2,31
1785742163.414557,311,19,T_PERIODIC_EXPIRY_BSR,SHORT_BSR,2,31
1785742163.414557,312,19,T_PERIODIC_EXPIRY_BSR,SHORT_BSR,2,31
1785742163.414557,313,19,T_PERIODIC_EXPIRY_BSR,SHORT_BSR,2,31
1785742163.414557,314,19,T_PERIODIC_EXPIRY_BSR,SHORT_BSR,2,31
1785742163.414557,315,19,T_PERIODIC_EXPIRY_BSR,SHORT_BSR,2,31
1785742163.414557,316,19,T_PERIODIC_EXPIRY_BSR,SHORT_BSR,2,31
1785742163.564565,317,19,T_PERIODIC_EXPIRY_BSR,SHORT_BSR,2,31
1785742163.564565,318,19,T_PERIODIC_EXPIRY_BSR,SHORT_BSR,2,31
1785742163.564565,319,19,T_PERIODIC_EXPIRY_BSR,SHORT_BSR,2,31
1785742163.564565,320,19,T_PERIODIC_EXPIRY_BSR,SHORT_BSR,2,31
1785742163.564565,321,19,T_PERIODIC_EXPIRY_BSR,SHORT_BSR,2,31
1785742163.564565,322,19,T_PERIODIC_EXPIRY_BSR,SHORT_BSR,2,31
1785742163.564565,323,19,T_PERIODIC_EXPIRY_BSR,SHORT_BSR,2,31
1785742163.564565,324,19,T_PERIODIC_EXPIRY_BSR,SHORT_BSR,2,31
1785742163.564565,325,19,T_PERIODIC_EXPIRY_BSR,SHORT_BSR,2,31
1785742163.564565,326,19,T_PERIODIC_EXPIRY_BSR,SHORT_BSR,2,31
1785742163.564565,327,19,T_PERIODIC_EXPIRY_BSR,SHORT_BSR,2,31
1785742163.564565,328,19,T_PERIODIC_EXPIRY_BSR,SHORT_BSR,2,31
1785742163.564565,329,19,T_PERIODIC_EXPIRY_BSR,SHORT_BSR,2,31
1785742163.564565,330,19,T_PERIODIC_EXPIRY_BSR,SHORT_BSR,2,31
1785742163.564565,331,19,T_PERIODIC_EXPIRY_BSR,SHORT_BSR,2,31
1785742163.719556,332,19,T_PERIODIC_EXPIRY_BSR,SHORT_BSR,2,31
1785742163.719556,333,19,T_PERIODIC_EXPIRY_BSR,SHORT_BSR,2,31
1785742163.719556,334,19,T_PERIODIC_EXPIRY_BSR,SHORT_BSR,2,31
1785742163.719556,335,19,T_PERIODIC_EXPIRY_BSR,SHORT_BSR,2,31
1785742163.719556,336,19,T_PERIODIC_EXPIRY_BSR,SHORT_BSR,2,31
1785742163.719556,337,19,T_PERIODIC_EXPIRY_BSR,SHORT_BSR,2,31
1785742163.719556,338,19,T_PERIODIC_EXPIRY_BSR,SHORT_BSR,2,31
1785742163.719556,339,19,T_PERIODIC_EXPIRY_BSR,SHORT_BSR,2,31
1785742163.719556,340,19,T_PERIODIC_EXPIRY_BSR,SHORT_BSR,2,31
1785742163.719556,341,19,T_PERIODIC_EXPIRY_BSR,SHORT_BSR,2,31
1785742163.719556,342,19,T_PERIODIC_EXPIRY_BSR,SHORT_BSR,2,31
1785742163.719556,343,19,T_PERIODIC_EXPIRY_BSR,SHORT_BSR,2,31
1785742163.719556,345,9,T_PERIODIC_EXPIRY_BSR,SHORT_BSR,2,31
1785742163.719556,346,9,T_PERIODIC_EXPIRY_BSR,SHORT_BSR,2,31
1785742163.719556,347,9,T_PERIODIC_EXPIRY_BSR,SHORT_BSR,2,31
1785742163.878949,348,9,T_PERIODIC_EXPIRY_BSR,SHORT_BSR,2,31
1785742163.878949,349,9,T_PERIODIC_EXPIRY_BSR,SHORT_BSR,2,31
1785742163.878949,350,9,T_PERIODIC_EXPIRY_BSR,SHORT_BSR,2,31
1785742163.878949,351,9,T_PERIODIC_EXPIRY_BSR,SHORT_BSR,2,31
1785742163.878949,352,9,T_PERIODIC_EXPIRY_BSR,SHORT_BSR,2,31
1785742163.878949,353,9,T_PERIODIC_EXPIRY_BSR,SHORT_BSR,2,31
1785742163.878949,354,9,T_PERIODIC_EXPIRY_BSR,SHORT_BSR,2,31
1785742163.878949,355,9,T_PERIODIC_EXPIRY_BSR,SHORT_BSR,2,31
1785742163.878949,356,9,T_PERIODIC_EXPIRY_BSR,SHORT_BSR,2,31
1785742163.878949,357,9,T_PERIODIC_EXPIRY_BSR,SHORT_BSR,2,31
1785742163.878949,358,9,T_PERIODIC_EXPIRY_BSR,SHORT_BSR,2,31
1785742163.878949,359,9,T_PERIODIC_EXPIRY_BSR,SHORT_BSR,2,31
1785742163.878949,360,9,T_PERIODIC_EXPIRY_BSR,SHORT_BSR,2,31
1785742163.878949,362,7,T_PERIODIC_EXPIRY_BSR,SHORT_BSR,2,31
1785742163.878949,363,7,T_PERIODIC_EXPIRY_BSR,SHORT_BSR,2,31
1785742164.028954,364,7,T_PERIODIC_EXPIRY_BSR,SHORT_BSR,2,31
1785742164.028954,365,7,T_PERIODIC_EXPIRY_BSR,SHORT_BSR,2,31
1785742164.028954,366,7,T_PERIODIC_EXPIRY_BSR,SHORT_BSR,2,31
1785742164.028954,367,7,T_PERIODIC_EXPIRY_BSR,SHORT_BSR,2,31
1785742164.028954,368,7,T_PERIODIC_EXPIRY_BSR,SHORT_BSR,2,31
1785742164.028954,369,7,T_PERIODIC_EXPIRY_BSR,SHORT_BSR,2,31
1785742164.028954,370,7,T_PERIODIC_EXPIRY_BSR,SHORT_BSR,2,31
1785742164.028954,371,7,T_PERIODIC_EXPIRY_BSR,SHORT_BSR,2,31
1785742164.028954,372,7,T_PERIODIC_EXPIRY_BSR,SHORT_BSR,2,31
1785742164.028954,373,7,T_PERIODIC_EXPIRY_BSR,SHORT_BSR,2,31
1785742164.028954,374,7,T_PERIODIC_EXPIRY_BSR,SHORT_BSR,2,31
1785742164.028954,375,7,T_PERIODIC_EXPIRY_BSR,SHORT_BSR,2,31
1785742164.028954,376,7,T_PERIODIC_EXPIRY_BSR,SHORT_BSR,2,31
1785742164.028954,377,7,T_PERIODIC_EXPIRY_BSR,SHORT_BSR,2,31
1785742164.028954,378,7,T_PERIODIC_EXPIRY_BSR,SHORT_BSR,2,31
1785742164.178952,379,7,T_PERIODIC_EXPIRY_BSR,SHORT_BSR,2,31
1785742164.178952,380,7,T_PERIODIC_EXPIRY_BSR,SHORT_BSR,2,31
1785742164.178952,381,7,T_PERIODIC_EXPIRY_BSR,SHORT_BSR,2,31
1785742164.178952,382,7,T_PERIODIC_EXPIRY_BSR,SHORT_BSR,2,31
1785742164.178952,383,7,T_PERIODIC_EXPIRY_BSR,SHORT_BSR,2,31
1785742164.178952,384,7,T_PERIODIC_EXPIRY_BSR,SHORT_BSR,2,31
1785742164.178952,385,7,T_PERIODIC_EXPIRY_BSR,SHORT_BSR,2,31
1785742164.178952,386,7,T_PERIODIC_EXPIRY_BSR,SHORT_BSR,2,31
1785742164.178952,387,7,T_PERIODIC_EXPIRY_BSR,SHORT_BSR,2,31
1785742164.178952,388,7,T_PERIODIC_EXPIRY_BSR,SHORT_BSR,2,31
1785742164.178952,389,7,T_PERIODIC_EXPIRY_BSR,SHORT_BSR,2,31
1785742164.178952,390,7,T_PERIODIC_EXPIRY_BSR,SHORT_BSR,2,31
1785742164.178952,391,7,T_PERIODIC_EXPIRY_BSR,SHORT_BSR,2,31
1785742164.178952,392,7,T_PERIODIC_EXPIRY_BSR,SHORT_BSR,2,31
1785742164.178952,393,7,T_PERIODIC_EXPIRY_BSR,SHORT_BSR,2,31
1785742164.329553,394,7,T_PERIODIC_EXPIRY_BSR,SHORT_BSR,2,31
1785742164.329553,395,7,T_PERIODIC_EXPIRY_BSR,SHORT_BSR,2,31
1785742164.329553,396,7,T_PERIODIC_EXPIRY_BSR,SHORT_BSR,2,31
1785742164.329553,397,7,T_PERIODIC_EXPIRY_BSR,SHORT_BSR,2,31
1785742164.329553,398,7,T_PERIODIC_EXPIRY_BSR,SHORT_BSR,2,31
1785742164.329553,399,7,T_PERIODIC_EXPIRY_BSR,SHORT_BSR,2,31
1785742164.329553,400,7,T_PERIODIC_EXPIRY_BSR,SHORT_BSR,2,31
1785742164.329553,401,9,T_PERIODIC_EXPIRY_BSR,SHORT_BSR,2,31
1785742164.329553,402,9,T_PERIODIC_EXPIRY_BSR,SHORT_BSR,2,31
1785742164.329553,403,9,T_PERIODIC_EXPIRY_BSR,SHORT_BSR,2,31
1785742164.329553,404,9,T_PERIODIC_EXPIRY_BSR,SHORT_BSR,2,31
1785742164.329553,405,9,T_PERIODIC_EXPIRY_BSR,SHORT_BSR,2,31
1785742164.329553,406,9,T_PERIODIC_EXPIRY_BSR,SHORT_BSR,2,31
1785742164.329553,407,9,T_PERIODIC_EXPIRY_BSR,SHORT_BSR,2,31
1785742164.329553,408,9,T_PERIODIC_EXPIRY_BSR,SHORT_BSR,2,31
1785742164.479554,409,9,T_PERIODIC_EXPIRY_BSR,SHORT_BSR,2,31
1785742164.479554,410,9,T_PERIODIC_EXPIRY_BSR,SHORT_BSR,2,31
1785742164.479554,411,9,T_PERIODIC_EXPIRY_BSR,SHORT_BSR,2,31
1785742164.479554,412,9,T_PERIODIC_EXPIRY_BSR,SHORT_BSR,2,31
1785742164.479554,413,9,T_PERIODIC_EXPIRY_BSR,SHORT_BSR,2,31
1785742164.479554,414,9,T_PERIODIC_EXPIRY_BSR,SHORT_BSR,2,31
1785742164.479554,415,9,T_PERIODIC_EXPIRY_BSR,SHORT_BSR,2,31
1785742164.479554,416,9,T_PERIODIC_EXPIRY_BSR,SHORT_BSR,2,31
1785742164.479554,417,9,T_PERIODIC_EXPIRY_BSR,SHORT_BSR,2,31
1785742164.479554,418,9,T_PERIODIC_EXPIRY_BSR,SHORT_BSR,2,31
1785742164.479554,419,9,T_PERIODIC_EXPIRY_BSR,SHORT_BSR,2,31
1785742164.479554,420,9,T_PERIODIC_EXPIRY_BSR,SHORT_BSR,2,31
1785742164.479554,421,9,T_PERIODIC_EXPIRY_BSR,SHORT_BSR,2,31
1785742164.479554,422,9,T_PERIODIC_EXPIRY_BSR,SHORT_BSR,2,31
1785742164.479554,423,9,T_PERIODIC_EXPIRY_BSR,SHORT_BSR,2,31
1785742164.629552,424,9,T_PERIODIC_EXPIRY_BSR,SHORT_BSR,2,31
1785742164.629552,425,9,T_PERIODIC_EXPIRY_BSR,SHORT_BSR,2,31
1785742164.629552,426,9,T_PERIODIC_EXPIRY_BSR,SHORT_BSR,2,31
1785742164.629552,427,9,T_PERIODIC_EXPIRY_BSR,SHORT_BSR,2,31
1785742164.629552,428,9,T_PERIODIC_EXPIRY_BSR,SHORT_BSR,2,31
1785742164.629552,429,9,T_PERIODIC_EXPIRY_BSR,SHORT_BSR,2,31
1785742164.629552,430,9,T_PERIODIC_EXPIRY_BSR,SHORT_BSR,2,31
1785742164.629552,431,9,T_PERIODIC_EXPIRY_BSR,SHORT_BSR,2,31
1785742164.629552,432,9,T_PERIODIC_EXPIRY_BSR,SHORT_BSR,2,31
1785742164.629552,433,9,T_PERIODIC_EXPIRY_BSR,SHORT_BSR,2,31
1785742164.629552,434,9,T_PERIODIC_EXPIRY_BSR,SHORT_BSR,2,31
1785742164.629552,435,9,T_PERIODIC_EXPIRY_BSR,SHORT_BSR,2,31
1785742164.629552,436,9,T_PERIODIC_EXPIRY_BSR,SHORT_BSR,2,31
1785742164.629552,437,9,T_PERIODIC_EXPIRY_BSR,SHORT_BSR,2,31
1785742164.629552,438,9,T_PERIODIC_EXPIRY_BSR,SHORT_BSR,2,31
1785742164.779553,439,9,T_PERIODIC_EXPIRY_BSR,SHORT_BSR,2,31
1785742164.779553,440,9,T_PERIODIC_EXPIRY_BSR,SHORT_BSR,2,31
1785742164.779553,441,9,T_PERIODIC_EXPIRY_BSR,SHORT_BSR,2,31
1785742164.779553,442,9,T_PERIODIC_EXPIRY_BSR,SHORT_BSR,2,31
1785742164.779553,443,9,T_PERIODIC_EXPIRY_BSR,SHORT_BSR,2,31
1785742164.779553,444,9,T_PERIODIC_EXPIRY_BSR,SHORT_BSR,2,31
1785742164.779553,445,9,T_PERIODIC_EXPIRY_BSR,SHORT_BSR,2,31
1785742164.779553,446,9,T_PERIODIC_EXPIRY_BSR,SHORT_BSR,2,31
1785742164.779553,447,9,T_PERIODIC_EXPIRY_BSR,SHORT_BSR,2,31
1785742164.779553,448,9,T_PERIODIC_EXPIRY_BSR,SHORT_BSR,2,31
1785742164.779553,449,9,T_PERIODIC_EXPIRY_BSR,SHORT_BSR,2,31
1785742164.779553,450,9,T_PERIODIC_EXPIRY_BSR,SHORT_BSR,2,31
1785742164.779553,451,9,T_PERIODIC_EXPIRY_BSR,SHORT_BSR,2,31
1785742164.779553,452,9,T_PERIODIC_EXPIRY_BSR,SHORT_BSR,2,31
1785742164.779553,453,9,T_PERIODIC_EXPIRY_BSR,SHORT_BSR,2,31
1785742164.929556,454,9,T_PERIODIC_EXPIRY_BSR,SHORT_BSR,2,31
1785742164.929556,455,9,T_PERIODIC_EXPIRY_BSR,SHORT_BSR,2,31
1785742164.929556,456,9,T_PERIODIC_EXPIRY_BSR,SHORT_BSR,2,31
1785742164.929556,457,9,T_PERIODIC_EXPIRY_BSR,SHORT_BSR,2,31
1785742164.929556,458,9,T_PERIODIC_EXPIRY_BSR,SHORT_BSR,2,31
1785742164.929556,459,9,T_PERIODIC_EXPIRY_BSR,SHORT_BSR,2,31
1785742164.929556,460,9,T_PERIODIC_EXPIRY_BSR,SHORT_BSR,2,31
1785742164.929556,461,9,T_PERIODIC_EXPIRY_BSR,SHORT_BSR,2,31
1785742164.929556,462,9,T_PERIODIC_EXPIRY_BSR,SHORT_BSR,2,31
1785742164.929556,463,9,T_PERIODIC_EXPIRY_BSR,SHORT_BSR,2,31
1785742164.929556,464,9,T_PERIODIC_EXPIRY_BSR,SHORT_BSR,2,31
1785742164.929556,465,9,T_PERIODIC_EXPIRY_BSR,SHORT_BSR,2,31
1785742164.929556,466,9,T_PERIODIC_EXPIRY_BSR,SHORT_BSR,2,31
1785742164.929556,467,9,T_PERIODIC_EXPIRY_BSR,SHORT_BSR,2,31
1785742164.929556,468,9,T_PERIODIC_EXPIRY_BSR,SHORT_BSR,2,31
1785742165.079553,469,9,T_PERIODIC_EXPIRY_BSR,SHORT_BSR,2,31
1785742165.079553,470,9,T_PERIODIC_EXPIRY_BSR,SHORT_BSR,2,31
1785742165.079553,471,9,T_PERIODIC_EXPIRY_BSR,SHORT_BSR,2,31
1785742165.079553,472,9,T_PERIODIC_EXPIRY_BSR,SHORT_BSR,2,31
1785742165.079553,473,9,T_PERIODIC_EXPIRY_BSR,SHORT_BSR,2,31
1785742165.079553,474,9,T_PERIODIC_EXPIRY_BSR,SHORT_BSR,2,31
1785742165.079553,475,9,T_PERIODIC_EXPIRY_BSR,SHORT_BSR,2,31
1785742165.079553,476,9,T_PERIODIC_EXPIRY_BSR,SHORT_BSR,2,31
1785742165.079553,477,9,T_PERIODIC_EXPIRY_BSR,SHORT_BSR,2,31
1785742165.079553,478,9,T_PERIODIC_EXPIRY_BSR,SHORT_BSR,2,31
1785742165.079553,479,9,T_PERIODIC_EXPIRY_BSR,SHORT_BSR,2,31
1785742165.079553,480,9,T_PERIODIC_EXPIRY_BSR,SHORT_BSR,2,31
1785742165.079553,481,9,T_PERIODIC_EXPIRY_BSR,SHORT_BSR,2,31
1785742165.079553,482,9,T_PERIODIC_EXPIRY_BSR,SHORT_BSR,2,31
1785742165.079553,483,9,T_PERIODIC_EXPIRY_BSR,SHORT_BSR,2,31
1785742165.229551,484,9,T_PERIODIC_EXPIRY_BSR,SHORT_BSR,2,31
1785742165.229551,485,9,T_PERIODIC_EXPIRY_BSR,SHORT_BSR,2,31
1785742165.229551,486,9,T_PERIODIC_EXPIRY_BSR,SHORT_BSR,2,31
1785742165.229551,487,9,T_PERIODIC_EXPIRY_BSR,SHORT_BSR,2,31
1785742165.229551,488,9,T_PERIODIC_EXPIRY_BSR,SHORT_BSR,2,31
1785742165.229551,489,9,T_PERIODIC_EXPIRY_BSR,SHORT_BSR,2,31
1785742165.229551,490,9,T_PERIODIC_EXPIRY_BSR,SHORT_BSR,2,31
1785742165.229551,491,9,T_PERIODIC_EXPIRY_BSR,SHORT_BSR,2,31
1785742165.229551,492,9,T_PERIODIC_EXPIRY_BSR,SHORT_BSR,2,31
1785742165.229551,493,9,T_PERIODIC_EXPIRY_BSR,SHORT_BSR,2,31
1785742165.229551,494,9,T_PERIODIC_EXPIRY_BSR,SHORT_BSR,2,31
1785742165.229551,495,9,T_PERIODIC_EXPIRY_BSR,SHORT_BSR,2,31
1785742165.229551,496,9,T_PERIODIC_EXPIRY_BSR,SHORT_BSR,2,31
1785742165.229551,497,9,T_PERIODIC_EXPIRY_BSR,SHORT_BSR,2,31
1785742165.229551,498,9,T_PERIODIC_EXPIRY_BSR,SHORT_BSR,2,31
1785742165.379551,499,9,T_PERIODIC_EXPIRY_BSR,SHORT_BSR,2,31
1785742165.379551,500,9,T_PERIODIC_EXPIRY_BSR,SHORT_BSR,2,31
1785742165.379551,501,9,T_PERIODIC_EXPIRY_BSR,SHORT_BSR,2,31
1785742165.379551,502,9,T_PERIODIC_EXPIRY_BSR,SHORT_BSR,2,31
1785742165.379551,503,9,T_PERIODIC_EXPIRY_BSR,SHORT_BSR,2,31
1785742165.379551,504,9,T_PERIODIC_EXPIRY_BSR,SHORT_BSR,2,31
1785742165.379551,505,9,T_PERIODIC_EXPIRY_BSR,SHORT_BSR,2,31
1785742165.379551,506,9,T_PERIODIC_EXPIRY_BSR,SHORT_BSR,2,31
1785742165.379551,507,9,T_PERIODIC_EXPIRY_BSR,SHORT_BSR,2,31
1785742165.379551,508,9,T_PERIODIC_EXPIRY_BSR,SHORT_BSR,2,31
1785742165.379551,509,9,T_PERIODIC_EXPIRY_BSR,SHORT_BSR,2,31
1785742165.379551,510,9,T_PERIODIC_EXPIRY_BSR,SHORT_BSR,2,31
1785742165.379551,511,9,T_PERIODIC_EXPIRY_BSR,SHORT_BSR,2,31
1785742165.379551,512,9,T_PERIODIC_EXPIRY_BSR,SHORT_BSR,2,31
1785742165.379551,513,9,T_PERIODIC_EXPIRY_BSR,SHORT_BSR,2,31
1785742165.529552,514,9,T_PERIODIC_EXPIRY_BSR,SHORT_BSR,2,31
1785742165.529552,515,9,T_PERIODIC_EXPIRY_BSR,SHORT_BSR,2,31
1785742165.529552,516,9,T_PERIODIC_EXPIRY_BSR,SHORT_BSR,2,31
1785742165.529552,517,9,T_PERIODIC_EXPIRY_BSR,SHORT_BSR,2,31
1785742165.529552,518,9,T_PERIODIC_EXPIRY_BSR,SHORT_BSR,2,31
1785742165.529552,519,9,T_PERIODIC_EXPIRY_BSR,SHORT_BSR,2,31
1785742165.529552,520,9,T_PERIODIC_EXPIRY_BSR,SHORT_BSR,2,31
1785742165.529552,521,9,T_PERIODIC_EXPIRY_BSR,SHORT_BSR,2,31
1785742165.529552,522,9,T_PERIODIC_EXPIRY_BSR,SHORT_BSR,2,31
1785742165.529552,523,9,T_PERIODIC_EXPIRY_BSR,SHORT_BSR,2,31
1785742165.529552,524,9,T_PERIODIC_EXPIRY_BSR,SHORT_BSR,2,31
1785742165.529552,525,9,T_PERIODIC_EXPIRY_BSR,SHORT_BSR,2,31
1785742165.529552,526,9,T_PERIODIC_EXPIRY_BSR,SHORT_BSR,2,31
1785742165.529552,527,9,T_PERIODIC_EXPIRY_BSR,SHORT_BSR,2,31
1785742165.529552,528,9,T_PERIODIC_EXPIRY_BSR,SHORT_BSR,2,31
1785742165.688944,529,9,T_PERIODIC_EXPIRY_BSR,SHORT_BSR,2,31
1785742165.688944,530,9,T_PERIODIC_EXPIRY_BSR,SHORT_BSR,2,31
1785742165.688944,531,9,T_PERIODIC_EXPIRY_BSR,SHORT_BSR,2,31
1785742165.688944,532,9,T_PERIODIC_EXPIRY_BSR,SHORT_BSR,2,31
1785742165.688944,533,9,T_PERIODIC_EXPIRY_BSR,SHORT_BSR,2,31
1785742165.688944,534,9,T_PERIODIC_EXPIRY_BSR,SHORT_BSR,2,31
1785742165.688944,535,9,T_PERIODIC_EXPIRY_BSR,SHORT_BSR,2,31
1785742165.688944,536,9,T_PERIODIC_EXPIRY_BSR,SHORT_BSR,2,31
1785742165.688944,537,9,T_PERIODIC_EXPIRY_BSR,SHORT_BSR,2,31
1785742165.688944,538,9,T_PERIODIC_EXPIRY_BSR,SHORT_BSR,2,31
1785742165.688944,539,9,T_PERIODIC_EXPIRY_BSR,SHORT_BSR,2,31
1785742165.688944,540,9,T_PERIODIC_EXPIRY_BSR,SHORT_BSR,2,31
1785742165.688944,541,9,T_PERIODIC_EXPIRY_BSR,SHORT_BSR,2,31
1785742165.688944,542,9,T_PERIODIC_EXPIRY_BSR,SHORT_BSR,2,31
1785742165.688944,543,9,T_PERIODIC_EXPIRY_BSR,SHORT_BSR,2,31
1785742165.838947,545,7,T_PERIODIC_EXPIRY_BSR,SHORT_BSR,2,31
1785742165.838947,546,7,T_PERIODIC_EXPIRY_BSR,SHORT_BSR,2,31
1785742165.838947,547,7,T_PERIODIC_EXPIRY_BSR,SHORT_BSR,2,31
1785742165.838947,548,7,T_PERIODIC_EXPIRY_BSR,SHORT_BSR,2,31
1785742165.838947,549,7,T_PERIODIC_EXPIRY_BSR,SHORT_BSR,2,31
1785742165.838947,550,7,T_PERIODIC_EXPIRY_BSR,SHORT_BSR,2,31
1785742165.838947,551,7,T_PERIODIC_EXPIRY_BSR,SHORT_BSR,2,31
1785742165.838947,552,7,T_PERIODIC_EXPIRY_BSR,SHORT_BSR,2,31
1785742165.838947,553,7,T_PERIODIC_EXPIRY_BSR,SHORT_BSR,2,31
1785742165.838947,554,7,T_PERIODIC_EXPIRY_BSR,SHORT_BSR,2,31
1785742165.838947,555,7,T_PERIODIC_EXPIRY_BSR,SHORT_BSR,2,31
1785742165.838947,556,7,T_PERIODIC_EXPIRY_BSR,SHORT_BSR,2,31
1785742165.838947,557,7,T_PERIODIC_EXPIRY_BSR,SHORT_BSR,2,31
1785742165.838947,558,7,T_PERIODIC_EXPIRY_BSR,SHORT_BSR,2,31
1785742165.838947,559,7,T_PERIODIC_EXPIRY_BSR,SHORT_BSR,2,31
1785742165.988951,560,7,T_PERIODIC_EXPIRY_BSR,SHORT_BSR,2,31
1785742165.988951,561,7,T_PERIODIC_EXPIRY_BSR,SHORT_BSR,2,31
1785742165.988951,562,7,T_PERIODIC_EXPIRY_BSR,SHORT_BSR,2,31
1785742165.988951,563,7,T_PERIODIC_EXPIRY_BSR,SHORT_BSR,2,31
1785742165.988951,564,7,T_PERIODIC_EXPIRY_BSR,SHORT_BSR,2,31
1785742165.988951,565,7,T_PERIODIC_EXPIRY_BSR,SHORT_BSR,2,31
1785742165.988951,566,7,T_PERIODIC_EXPIRY_BSR,SHORT_BSR,2,31
1785742165.988951,567,7,T_PERIODIC_EXPIRY_BSR,SHORT_BSR,2,31
1785742165.988951,568,7,T_PERIODIC_EXPIRY_BSR,SHORT_BSR,2,31
1785742165.988951,569,7,T_PERIODIC_EXPIRY_BSR,SHORT_BSR,2,31
1785742165.988951,570,7,T_PERIODIC_EXPIRY_BSR,SHORT_BSR,2,31
1785742165.988951,571,7,T_PERIODIC_EXPIRY_BSR,SHORT_BSR,2,31
1785742165.988951,572,7,T_PERIODIC_EXPIRY_BSR,SHORT_BSR,2,31
1785742165.988951,573,7,T_PERIODIC_EXPIRY_BSR,SHORT_BSR,2,31
1785742165.988951,574,7,T_PERIODIC_EXPIRY_BSR,SHORT_BSR,2,31
1785742166.138945,575,7,T_PERIODIC_EXPIRY_BSR,SHORT_BSR,2,31
1785742166.138945,576,7,T_PERIODIC_EXPIRY_BSR,SHORT_BSR,2,31
1785742166.138945,577,7,T_PERIODIC_EXPIRY_BSR,SHORT_BSR,2,31
1785742166.138945,578,7,T_PERIODIC_EXPIRY_BSR,SHORT_BSR,2,31
1785742166.138945,579,7,T_PERIODIC_EXPIRY_BSR,SHORT_BSR,2,31
1785742166.138945,580,7,T_PERIODIC_EXPIRY_BSR,SHORT_BSR,2,31
1785742166.138945,581,7,T_PERIODIC_EXPIRY_BSR,SHORT_BSR,2,31
1785742166.138945,582,7,T_PERIODIC_EXPIRY_BSR,SHORT_BSR,2,31
1785742166.138945,583,7,T_PERIODIC_EXPIRY_BSR,SHORT_BSR,2,31
1785742166.138945,584,7,T_PERIODIC_EXPIRY_BSR,SHORT_BSR,2,31
1785742166.138945,585,7,T_PERIODIC_EXPIRY_BSR,SHORT_BSR,2,31
1785742166.138945,586,7,T_PERIODIC_EXPIRY_BSR,SHORT_BSR,2,31
1785742166.138945,587,7,T_PERIODIC_EXPIRY_BSR,SHORT_BSR,2,31
1785742166.138945,588,7,T_PERIODIC_EXPIRY_BSR,SHORT_BSR,2,31
1785742166.138945,589,7,T_PERIODIC_EXPIRY_BSR,SHORT_BSR,2,31
1785742166.288952,590,7,T_PERIODIC_EXPIRY_BSR,SHORT_BSR,2,31
1785742166.288952,591,7,T_PERIODIC_EXPIRY_BSR,SHORT_BSR,2,31
1785742166.288952,592,7,T_PERIODIC_EXPIRY_BSR,SHORT_BSR,2,31
1785742166.288952,593,7,T_PERIODIC_EXPIRY_BSR,SHORT_BSR,2,31
1785742166.288952,594,7,T_PERIODIC_EXPIRY_BSR,SHORT_BSR,2,31
1785742166.288952,595,7,T_PERIODIC_EXPIRY_BSR,SHORT_BSR,2,31
1785742166.288952,596,7,T_PERIODIC_EXPIRY_BSR,SHORT_BSR,2,31
1785742166.288952,597,7,T_PERIODIC_EXPIRY_BSR,SHORT_BSR,2,31
1785742166.288952,598,7,T_PERIODIC_EXPIRY_BSR,SHORT_BSR,2,31
1785742166.288952,599,7,T_PERIODIC_EXPIRY_BSR,SHORT_BSR,2,31
1785742166.288952,600,7,T_PERIODIC_EXPIRY_BSR,SHORT_BSR,2,31
1785742166.288952,601,7,T_PERIODIC_EXPIRY_BSR,SHORT_BSR,2,31
1785742166.288952,602,7,T_PERIODIC_EXPIRY_BSR,SHORT_BSR,2,31
1785742166.288952,603,7,T_PERIODIC_EXPIRY_BSR,SHORT_BSR,2,31
1785742166.288952,604,7,T_PERIODIC_EXPIRY_BSR,SHORT_BSR,2,31
1785742166.438951,605,7,T_PERIODIC_EXPIRY_BSR,SHORT_BSR,2,31
1785742166.438951,606,7,T_PERIODIC_EXPIRY_BSR,SHORT_BSR,2,31
1785742166.438951,607,7,T_PERIODIC_EXPIRY_BSR,SHORT_BSR,2,31
1785742166.438951,608,7,T_PERIODIC_EXPIRY_BSR,SHORT_BSR,2,31
1785742166.438951,609,7,T_PERIODIC_EXPIRY_BSR,SHORT_BSR,2,31
1785742166.438951,610,7,T_PERIODIC_EXPIRY_BSR,SHORT_BSR,2,31
1785742166.438951,611,7,T_PERIODIC_EXPIRY_BSR,SHORT_BSR,2,31
1785742166.438951,612,7,T_PERIODIC_EXPIRY_BSR,SHORT_BSR,2,31
1785742166.438951,613,7,T_PERIODIC_EXPIRY_BSR,SHORT_BSR,2,31
1785742166.438951,614,7,T_PERIODIC_EXPIRY_BSR,SHORT_BSR,2,31
1785742166.438951,615,7,T_PERIODIC_EXPIRY_BSR,SHORT_BSR,2,31
1785742166.438951,616,7,T_PERIODIC_EXPIRY_BSR,SHORT_BSR,2,31
1785742166.438951,617,8,T_PERIODIC_EXPIRY_BSR,SHORT_BSR,2,31
1785742166.438951,618,7,T_PERIODIC_EXPIRY_BSR,SHORT_BSR,2,31
1785742166.438951,619,7,T_PERIODIC_EXPIRY_BSR,SHORT_BSR,2,31
1785742166.588956,620,7,T_PERIODIC_EXPIRY_BSR,SHORT_BSR,2,31
1785742166.588956,621,7,T_PERIODIC_EXPIRY_BSR,SHORT_BSR,2,31
1785742166.588956,622,7,T_PERIODIC_EXPIRY_BSR,SHORT_BSR,2,31
1785742166.588956,623,7,T_PERIODIC_EXPIRY_BSR,SHORT_BSR,2,31
1785742166.588956,624,7,T_PERIODIC_EXPIRY_BSR,SHORT_BSR,2,31
1785742166.588956,625,7,T_PERIODIC_EXPIRY_BSR,SHORT_BSR,2,31
1785742166.588956,626,7,T_PERIODIC_EXPIRY_BSR,SHORT_BSR,2,31
1785742166.588956,627,7,T_PERIODIC_EXPIRY_BSR,SHORT_BSR,2,31
1785742166.588956,628,7,T_PERIODIC_EXPIRY_BSR,SHORT_BSR,2,31
1785742166.588956,629,7,T_PERIODIC_EXPIRY_BSR,SHORT_BSR,2,31
1785742166.588956,630,7,T_PERIODIC_EXPIRY_BSR,SHORT_BSR,2,31
1785742166.588956,631,7,T_PERIODIC_EXPIRY_BSR,SHORT_BSR,2,31
1785742166.588956,632,7,T_PERIODIC_EXPIRY_BSR,SHORT_BSR,2,31
1785742166.588956,633,7,T_PERIODIC_EXPIRY_BSR,SHORT_BSR,2,31
1785742166.588956,634,7,T_PERIODIC_EXPIRY_BSR,SHORT_BSR,2,31
1785742166.738950,635,7,T_PERIODIC_EXPIRY_BSR,SHORT_BSR,2,31
1785742166.738950,636,7,T_PERIODIC_EXPIRY_BSR,SHORT_BSR,2,31
1785742166.738950,637,7,T_PERIODIC_EXPIRY_BSR,SHORT_BSR,2,31
1785742166.738950,638,7,T_PERIODIC_EXPIRY_BSR,SHORT_BSR,2,31
1785742166.738950,639,7,T_PERIODIC_EXPIRY_BSR,SHORT_BSR,2,31
1785742166.738950,640,7,T_PERIODIC_EXPIRY_BSR,SHORT_BSR,2,31
1785742166.738950,641,7,T_PERIODIC_EXPIRY_BSR,SHORT_BSR,2,31
1785742166.738950,642,7,T_PERIODIC_EXPIRY_BSR,SHORT_BSR,2,31
1785742166.738950,643,7,T_PERIODIC_EXPIRY_BSR,SHORT_BSR,2,31
1785742166.738950,644,7,T_PERIODIC_EXPIRY_BSR,SHORT_BSR,2,31
1785742166.738950,645,7,T_PERIODIC_EXPIRY_BSR,SHORT_BSR,2,31
1785742166.738950,646,7,T_PERIODIC_EXPIRY_BSR,SHORT_BSR,2,31
1785742166.738950,647,7,T_PERIODIC_EXPIRY_BSR,SHORT_BSR,2,31
1785742166.738950,648,7,T_PERIODIC_EXPIRY_BSR,SHORT_BSR,2,31
1785742166.738950,649,7,T_PERIODIC_EXPIRY_BSR,SHORT_BSR,2,31
1785742166.888950,650,7,T_PERIODIC_EXPIRY_BSR,SHORT_BSR,2,31
1785742166.888950,651,7,T_PERIODIC_EXPIRY_BSR,SHORT_BSR,2,31
1785742166.888950,652,7,T_PERIODIC_EXPIRY_BSR,SHORT_BSR,2,31
1785742166.888950,653,7,T_PERIODIC_EXPIRY_BSR,SHORT_BSR,2,31
1785742166.888950,654,7,T_PERIODIC_EXPIRY_BSR,SHORT_BSR,2,31
1785742166.888950,655,7,T_PERIODIC_EXPIRY_BSR,SHORT_BSR,2,31
1785742166.888950,656,7,T_PERIODIC_EXPIRY_BSR,SHORT_BSR,2,31
1785742166.888950,657,7,T_PERIODIC_EXPIRY_BSR,SHORT_BSR,2,31
1785742166.888950,658,7,T_PERIODIC_EXPIRY_BSR,SHORT_BSR,2,31
1785742166.888950,659,7,T_PERIODIC_EXPIRY_BSR,SHORT_BSR,2,31
1785742166.888950,660,7,T_PERIODIC_EXPIRY_BSR,SHORT_BSR,2,31
1785742166.888950,661,7,T_PERIODIC_EXPIRY_BSR,SHORT_BSR,2,31
1785742166.888950,662,7,T_PERIODIC_EXPIRY_BSR,SHORT_BSR,2,31
1785742166.888950,663,7,T_PERIODIC_EXPIRY_BSR,SHORT_BSR,2,31
1785742166.888950,664,7,T_PERIODIC_EXPIRY_BSR,SHORT_BSR,2,31
1785742167.038952,665,7,T_PERIODIC_EXPIRY_BSR,SHORT_BSR,2,31
1785742167.038952,666,7,T_PERIODIC_EXPIRY_BSR,SHORT_BSR,2,31
1785742167.038952,667,7,T_PERIODIC_EXPIRY_BSR,SHORT_BSR,2,31
1785742167.038952,668,7,T_PERIODIC_EXPIRY_BSR,SHORT_BSR,2,31
1785742167.038952,669,7,T_PERIODIC_EXPIRY_BSR,SHORT_BSR,2,31
1785742167.038952,670,7,T_PERIODIC_EXPIRY_BSR,SHORT_BSR,2,31
1785742167.038952,671,7,T_PERIODIC_EXPIRY_BSR,SHORT_BSR,2,31
1785742167.038952,672,7,T_PERIODIC_EXPIRY_BSR,SHORT_BSR,2,31
1785742167.038952,673,7,T_PERIODIC_EXPIRY_BSR,SHORT_BSR,2,31
1785742167.038952,674,7,T_PERIODIC_EXPIRY_BSR,SHORT_BSR,2,31
1785742167.038952,675,7,T_PERIODIC_EXPIRY_BSR,SHORT_BSR,2,31
1785742167.038952,676,7,T_PERIODIC_EXPIRY_BSR,SHORT_BSR,2,31
1785742167.038952,677,7,T_PERIODIC_EXPIRY_BSR,SHORT_BSR,2,31
1785742167.038952,678,7,T_PERIODIC_EXPIRY_BSR,SHORT_BSR,2,31
1785742167.038952,679,7,T_PERIODIC_EXPIRY_BSR,SHORT_BSR,2,31
1785742167.188956,680,7,T_PERIODIC_EXPIRY_BSR,SHORT_BSR,2,31
1785742167.188956,681,7,T_PERIODIC_EXPIRY_BSR,SHORT_BSR,2,31
1785742167.188956,682,7,T_PERIODIC_EXPIRY_BSR,SHORT_BSR,2,31
1785742167.188956,683,7,T_PERIODIC_EXPIRY_BSR,SHORT_BSR,2,31
1785742167.188956,684,7,T_PERIODIC_EXPIRY_BSR,SHORT_BSR,2,31
1785742167.188956,685,7,T_PERIODIC_EXPIRY_BSR,SHORT_BSR,2,31
1785742167.188956,686,7,T_PERIODIC_EXPIRY_BSR,SHORT_BSR,2,31
1785742167.188956,687,7,T_PERIODIC_EXPIRY_BSR,SHORT_BSR,2,31
1785742167.188956,688,7,T_PERIODIC_EXPIRY_BSR,SHORT_BSR,2,31
1785742167.188956,689,7,T_PERIODIC_EXPIRY_BSR,SHORT_BSR,2,31
1785742167.188956,690,7,T_PERIODIC_EXPIRY_BSR,SHORT_BSR,2,31
1785742167.188956,691,7,T_PERIODIC_EXPIRY_BSR,SHORT_BSR,2,31
1785742167.188956,692,7,T_PERIODIC_EXPIRY_BSR,SHORT_BSR,2,31
1785742167.188956,693,7,T_PERIODIC_EXPIRY_BSR,SHORT_BSR,2,31
1785742167.188956,694,7,T_PERIODIC_EXPIRY_BSR,SHORT_BSR,2,31
1785742167.338948,695,7,T_PERIODIC_EXPIRY_BSR,SHORT_BSR,2,31
1785742167.338948,696,7,T_PERIODIC_EXPIRY_BSR,SHORT_BSR,2,31
1785742167.338948,697,7,T_PERIODIC_EXPIRY_BSR,SHORT_BSR,2,31
1785742167.338948,698,7,T_PERIODIC_EXPIRY_BSR,SHORT_BSR,2,31
1785742167.338948,699,7,T_PERIODIC_EXPIRY_BSR,SHORT_BSR,2,31
1785742167.338948,700,7,T_PERIODIC_EXPIRY_BSR,SHORT_BSR,2,31
1785742167.338948,701,7,T_PERIODIC_EXPIRY_BSR,SHORT_BSR,2,31
1785742167.338948,702,7,T_PERIODIC_EXPIRY_BSR,SHORT_BSR,2,31
1785742167.338948,703,7,T_PERIODIC_EXPIRY_BSR,SHORT_BSR,2,31
1785742167.338948,704,7,T_PERIODIC_EXPIRY_BSR,SHORT_BSR,2,31
1785742167.338948,705,7,T_PERIODIC_EXPIRY_BSR,SHORT_BSR,2,31
1785742167.338948,706,7,T_PERIODIC_EXPIRY_BSR,SHORT_BSR,2,31
1785742167.338948,707,7,T_PERIODIC_EXPIRY_BSR,SHORT_BSR,2,31
1785742167.338948,708,7,T_PERIODIC_EXPIRY_BSR,SHORT_BSR,2,31
1785742167.338948,709,7,T_PERIODIC_EXPIRY_BSR,SHORT_BSR,2,31
1785742167.488946,710,7,T_PERIODIC_EXPIRY_BSR,SHORT_BSR,2,31
1785742167.488946,711,7,T_PERIODIC_EXPIRY_BSR,SHORT_BSR,2,31
1785742167.488946,712,7,T_PERIODIC_EXPIRY_BSR,SHORT_BSR,2,31
1785742167.488946,713,7,T_PERIODIC_EXPIRY_BSR,SHORT_BSR,2,31
1785742167.488946,714,7,T_PERIODIC_EXPIRY_BSR,SHORT_BSR,2,31
1785742167.488946,715,7,T_PERIODIC_EXPIRY_BSR,SHORT_BSR,2,31
1785742167.488946,716,7,T_PERIODIC_EXPIRY_BSR,SHORT_BSR,2,31
1785742167.488946,717,7,T_PERIODIC_EXPIRY_BSR,SHORT_BSR,2,31
1785742167.488946,718,7,T_PERIODIC_EXPIRY_BSR,SHORT_BSR,2,31
1785742167.488946,719,7,T_PERIODIC_EXPIRY_BSR,SHORT_BSR,2,31
1785742167.488946,720,7,T_PERIODIC_EXPIRY_BSR,SHORT_BSR,2,31
1785742167.488946,721,8,T_PERIODIC_EXPIRY_BSR,SHORT_BSR,2,31
1785742167.488946,722,7,T_PERIODIC_EXPIRY_BSR,SHORT_BSR,2,31
1785742167.488946,723,7,T_PERIODIC_EXPIRY_BSR,SHORT_BSR,2,31
1785742167.488946,724,7,T_PERIODIC_EXPIRY_BSR,SHORT_BSR,2,31
1785742167.638948,725,7,T_PERIODIC_EXPIRY_BSR,SHORT_BSR,2,31
1785742167.638948,726,7,T_PERIODIC_EXPIRY_BSR,SHORT_BSR,2,31
1785742167.638948,727,7,T_PERIODIC_EXPIRY_BSR,SHORT_BSR,2,31
1785742167.638948,728,7,T_PERIODIC_EXPIRY_BSR,SHORT_BSR,2,31
1785742167.638948,729,7,T_PERIODIC_EXPIRY_BSR,SHORT_BSR,2,31
1785742167.638948,730,7,T_PERIODIC_EXPIRY_BSR,SHORT_BSR,2,31
1785742167.638948,731,7,T_PERIODIC_EXPIRY_BSR,SHORT_BSR,2,31
1785742167.638948,732,7,T_PERIODIC_EXPIRY_BSR,SHORT_BSR,2,31
1785742167.638948,733,7,T_PERIODIC_EXPIRY_BSR,SHORT_BSR,2,31
1785742167.638948,734,7,T_PERIODIC_EXPIRY_BSR,SHORT_BSR,2,31
1785742167.638948,735,7,T_PERIODIC_EXPIRY_BSR,SHORT_BSR,2,31
1785742167.638948,736,7,T_PERIODIC_EXPIRY_BSR,SHORT_BSR,2,31
1785742167.638948,737,7,T_PERIODIC_EXPIRY_BSR,SHORT_BSR,2,31
1785742167.638948,738,7,T_PERIODIC_EXPIRY_BSR,SHORT_BSR,2,31
1785742167.638948,739,7,T_PERIODIC_EXPIRY_BSR,SHORT_BSR,2,31
1785742167.788947,740,7,T_PERIODIC_EXPIRY_BSR,SHORT_BSR,2,31
1785742167.788947,741,7,T_PERIODIC_EXPIRY_BSR,SHORT_BSR,2,31
1785742167.788947,742,7,T_PERIODIC_EXPIRY_BSR,SHORT_BSR,2,31
1785742167.788947,743,7,T_PERIODIC_EXPIRY_BSR,SHORT_BSR,2,31
1785742167.788947,744,7,T_PERIODIC_EXPIRY_BSR,SHORT_BSR,2,31
1785742167.788947,745,7,T_PERIODIC_EXPIRY_BSR,SHORT_BSR,2,31
1785742167.788947,746,7,T_PERIODIC_EXPIRY_BSR,SHORT_BSR,2,31
1785742167.788947,747,7,T_PERIODIC_EXPIRY_BSR,SHORT_BSR,2,31
1785742167.788947,748,7,T_PERIODIC_EXPIRY_BSR,SHORT_BSR,2,31
1785742167.788947,749,7,T_PERIODIC_EXPIRY_BSR,SHORT_BSR,2,31
1785742167.788947,750,7,T_PERIODIC_EXPIRY_BSR,SHORT_BSR,2,31
1785742167.788947,751,7,T_PERIODIC_EXPIRY_BSR,SHORT_BSR,2,31
1785742167.788947,752,7,T_PERIODIC_EXPIRY_BSR,SHORT_BSR,2,31
1785742167.788947,753,7,T_PERIODIC_EXPIRY_BSR,SHORT_BSR,2,31
1785742167.788947,754,7,T_PERIODIC_EXPIRY_BSR,SHORT_BSR,2,31
1785742167.938939,755,7,T_PERIODIC_EXPIRY_BSR,SHORT_BSR,2,31
1785742167.938939,756,7,T_PERIODIC_EXPIRY_BSR,SHORT_BSR,2,31
1785742167.938939,757,7,T_PERIODIC_EXPIRY_BSR,SHORT_BSR,2,31
1785742167.938939,758,7,T_PERIODIC_EXPIRY_BSR,SHORT_BSR,2,31
1785742167.938939,759,7,T_PERIODIC_EXPIRY_BSR,SHORT_BSR,2,31
1785742167.938939,760,7,T_PERIODIC_EXPIRY_BSR,SHORT_BSR,2,31
1785742167.938939,761,7,T_PERIODIC_EXPIRY_BSR,SHORT_BSR,2,31
1785742167.938939,762,7,T_PERIODIC_EXPIRY_BSR,SHORT_BSR,2,31
1785742167.938939,763,7,T_PERIODIC_EXPIRY_BSR,SHORT_BSR,2,31
1785742167.938939,764,7,T_PERIODIC_EXPIRY_BSR,SHORT_BSR,2,31
1785742167.938939,765,7,T_PERIODIC_EXPIRY_BSR,SHORT_BSR,2,31
1785742167.938939,766,7,T_PERIODIC_EXPIRY_BSR,SHORT_BSR,2,31
1785742167.938939,767,7,T_PERIODIC_EXPIRY_BSR,SHORT_BSR,2,31
1785742167.938939,768,7,T_PERIODIC_EXPIRY_BSR,SHORT_BSR,2,31
1785742167.938939,769,7,T_PERIODIC_EXPIRY_BSR,SHORT_BSR,2,31
1785742168.088950,770,7,T_PERIODIC_EXPIRY_BSR,SHORT_BSR,2,31
1785742168.088950,771,7,T_PERIODIC_EXPIRY_BSR,SHORT_BSR,2,31
1785742168.088950,772,7,T_PERIODIC_EXPIRY_BSR,SHORT_BSR,2,31
1785742168.088950,773,7,T_PERIODIC_EXPIRY_BSR,SHORT_BSR,2,31
1785742168.088950,774,7,T_PERIODIC_EXPIRY_BSR,SHORT_BSR,2,31
1785742168.088950,775,7,T_PERIODIC_EXPIRY_BSR,SHORT_BSR,2,31
1785742168.088950,776,7,T_PERIODIC_EXPIRY_BSR,SHORT_BSR,2,31
1785742168.088950,777,7,T_PERIODIC_EXPIRY_BSR,SHORT_BSR,2,31
1785742168.088950,778,7,T_PERIODIC_EXPIRY_BSR,SHORT_BSR,2,31
1785742168.088950,779,7,T_PERIODIC_EXPIRY_BSR,SHORT_BSR,2,31
1785742168.088950,780,7,T_PERIODIC_EXPIRY_BSR,SHORT_BSR,2,31
1785742168.088950,781,7,T_PERIODIC_EXPIRY_BSR,SHORT_BSR,2,31
1785742168.088950,782,7,T_PERIODIC_EXPIRY_BSR,SHORT_BSR,2,31
1785742168.088950,783,7,T_PERIODIC_EXPIRY_BSR,SHORT_BSR,2,31
1785742168.088950,784,7,T_PERIODIC_EXPIRY_BSR,SHORT_BSR,2,31
1785742168.238938,785,7,T_PERIODIC_EXPIRY_BSR,SHORT_BSR,2,31
1785742168.238938,786,7,T_PERIODIC_EXPIRY_BSR,SHORT_BSR,2,31
1785742168.238938,787,7,T_PERIODIC_EXPIRY_BSR,SHORT_BSR,2,31
1785742168.238938,788,7,T_PERIODIC_EXPIRY_BSR,SHORT_BSR,2,31
1785742168.238938,789,7,T_PERIODIC_EXPIRY_BSR,SHORT_BSR,2,31
1785742168.238938,790,7,T_PERIODIC_EXPIRY_BSR,SHORT_BSR,2,31
1785742168.238938,791,7,T_PERIODIC_EXPIRY_BSR,SHORT_BSR,2,31
1785742168.238938,792,7,T_PERIODIC_EXPIRY_BSR,SHORT_BSR,2,31
1785742168.238938,793,7,T_PERIODIC_EXPIRY_BSR,SHORT_BSR,2,31
1785742168.238938,794,7,T_PERIODIC_EXPIRY_BSR,SHORT_BSR,2,31
1785742168.238938,795,7,T_PERIODIC_EXPIRY_BSR,SHORT_BSR,2,31
1785742168.238938,796,7,T_PERIODIC_EXPIRY_BSR,SHORT_BSR,2,31
1785742168.238938,797,7,T_PERIODIC_EXPIRY_BSR,SHORT_BSR,2,31
1785742168.238938,798,7,T_PERIODIC_EXPIRY_BSR,SHORT_BSR,2,31
1785742168.238938,799,7,T_PERIODIC_EXPIRY_BSR,SHORT_BSR,2,31
1785742168.388946,800,7,T_PERIODIC_EXPIRY_BSR,SHORT_BSR,2,31
1785742168.388946,801,7,T_PERIODIC_EXPIRY_BSR,SHORT_BSR,2,31
1785742168.388946,802,7,T_PERIODIC_EXPIRY_BSR,SHORT_BSR,2,31
1785742168.388946,803,7,T_PERIODIC_EXPIRY_BSR,SHORT_BSR,2,31
1785742168.388946,804,7,T_PERIODIC_EXPIRY_BSR,SHORT_BSR,2,31
1785742168.388946,805,7,T_PERIODIC_EXPIRY_BSR,SHORT_BSR,2,31
1785742168.388946,806,7,T_PERIODIC_EXPIRY_BSR,SHORT_BSR,2,31
1785742168.388946,807,7,T_PERIODIC_EXPIRY_BSR,SHORT_BSR,2,31
1785742168.388946,808,7,T_PERIODIC_EXPIRY_BSR,SHORT_BSR,2,31
1785742168.388946,809,7,T_PERIODIC_EXPIRY_BSR,SHORT_BSR,2,31
1785742168.388946,810,7,T_PERIODIC_EXPIRY_BSR,SHORT_BSR,2,31
1785742168.388946,811,7,T_PERIODIC_EXPIRY_BSR,SHORT_BSR,2,31
1785742168.388946,812,7,T_PERIODIC_EXPIRY_BSR,SHORT_BSR,2,31
1785742168.388946,813,7,T_PERIODIC_EXPIRY_BSR,SHORT_BSR,2,31
1785742168.388946,814,7,T_PERIODIC_EXPIRY_BSR,SHORT_BSR,2,31
1785742168.538949,815,7,T_PERIODIC_EXPIRY_BSR,SHORT_BSR,2,31
1785742168.538949,816,7,T_PERIODIC_EXPIRY_BSR,SHORT_BSR,2,31
1785742168.538949,817,7,T_PERIODIC_EXPIRY_BSR,SHORT_BSR,2,31
1785742168.538949,818,7,T_PERIODIC_EXPIRY_BSR,SHORT_BSR,2,31
1785742168.538949,819,7,T_PERIODIC_EXPIRY_BSR,SHORT_BSR,2,31
1785742168.538949,820,7,T_PERIODIC_EXPIRY_BSR,SHORT_BSR,2,31
1785742168.538949,821,7,T_PERIODIC_EXPIRY_BSR,SHORT_BSR,2,31
1785742168.538949,822,7,T_PERIODIC_EXPIRY_BSR,SHORT_BSR,2,31
1785742168.538949,823,7,T_PERIODIC_EXPIRY_BSR,SHORT_BSR,2,31
1785742168.538949,824,7,T_PERIODIC_EXPIRY_BSR,SHORT_BSR,2,31
1785742168.538949,825,7,T_PERIODIC_EXPIRY_BSR,SHORT_BSR,2,31
1785742168.538949,826,7,T_PERIODIC_EXPIRY_BSR,SHORT_BSR,2,31
1785742168.538949,827,7,T_PERIODIC_EXPIRY_BSR,SHORT_BSR,2,31
1785742168.538949,828,7,T_PERIODIC_EXPIRY_BSR,SHORT_BSR,2,31
1785742168.538949,829,7,T_PERIODIC_EXPIRY_BSR,SHORT_BSR,2,31
1785742168.688947,830,7,T_PERIODIC_EXPIRY_BSR,SHORT_BSR,2,31
1785742168.688947,831,7,T_PERIODIC_EXPIRY_BSR,SHORT_BSR,2,31
1785742168.688947,832,7,T_PERIODIC_EXPIRY_BSR,SHORT_BSR,2,31
1785742168.688947,833,7,T_PERIODIC_EXPIRY_BSR,SHORT_BSR,2,31
1785742168.688947,834,7,T_PERIODIC_EXPIRY_BSR,SHORT_BSR,2,31
1785742168.688947,835,7,T_PERIODIC_EXPIRY_BSR,SHORT_BSR,2,31
1785742168.688947,836,7,T_PERIODIC_EXPIRY_BSR,SHORT_BSR,2,31
1785742168.688947,837,7,T_PERIODIC_EXPIRY_BSR,SHORT_BSR,2,31
1785742168.688947,838,7,T_PERIODIC_EXPIRY_BSR,SHORT_BSR,2,31
1785742168.688947,839,7,T_PERIODIC_EXPIRY_BSR,SHORT_BSR,2,31
1785742168.688947,840,7,T_PERIODIC_EXPIRY_BSR,SHORT_BSR,2,31
1785742168.688947,841,7,T_PERIODIC_EXPIRY_BSR,SHORT_BSR,2,31
1785742168.688947,842,7,T_PERIODIC_EXPIRY_BSR,SHORT_BSR,2,31
1785742168.688947,843,7,T_PERIODIC_EXPIRY_BSR,SHORT_BSR,2,31
1785742168.688947,844,7,T_PERIODIC_EXPIRY_BSR,SHORT_BSR,2,31
1785742168.838937,845,7,T_PERIODIC_EXPIRY_BSR,SHORT_BSR,2,31
1785742168.838937,846,7,T_PERIODIC_EXPIRY_BSR,SHORT_BSR,2,31
1785742168.838937,847,7,T_PERIODIC_EXPIRY_BSR,SHORT_BSR,2,31
1785742168.838937,848,7,T_PERIODIC_EXPIRY_BSR,SHORT_BSR,2,31
1785742168.838937,849,7,T_PERIODIC_EXPIRY_BSR,SHORT_BSR,2,31
1785742168.838937,850,8,T_PERIODIC_EXPIRY_BSR,SHORT_BSR,2,31
1785742168.838937,851,7,T_PERIODIC_EXPIRY_BSR,SHORT_BSR,2,31
1785742168.838937,852,7,T_PERIODIC_EXPIRY_BSR,SHORT_BSR,2,31
1785742168.838937,853,7,T_PERIODIC_EXPIRY_BSR,SHORT_BSR,2,31
1785742168.838937,854,7,T_PERIODIC_EXPIRY_BSR,SHORT_BSR,2,31
1785742168.838937,855,8,T_PERIODIC_EXPIRY_BSR,SHORT_BSR,2,31
1785742168.838937,856,7,T_PERIODIC_EXPIRY_BSR,SHORT_BSR,2,31
1785742168.838937,857,7,T_PERIODIC_EXPIRY_BSR,SHORT_BSR,2,31
1785742168.838937,858,7,T_PERIODIC_EXPIRY_BSR,SHORT_BSR,2,31
1785742168.838937,859,7,T_PERIODIC_EXPIRY_BSR,SHORT_BSR,2,31
1785742168.988945,860,7,T_PERIODIC_EXPIRY_BSR,SHORT_BSR,2,31
1785742168.988945,861,7,T_PERIODIC_EXPIRY_BSR,SHORT_BSR,2,31
1785742168.988945,862,7,T_PERIODIC_EXPIRY_BSR,SHORT_BSR,2,31
1785742168.988945,863,7,T_PERIODIC_EXPIRY_BSR,SHORT_BSR,2,31
1785742168.988945,864,7,T_PERIODIC_EXPIRY_BSR,SHORT_BSR,2,31
1785742168.988945,865,7,T_PERIODIC_EXPIRY_BSR,SHORT_BSR,2,31
1785742168.988945,866,7,T_PERIODIC_EXPIRY_BSR,SHORT_BSR,2,31
1785742168.988945,867,7,T_PERIODIC_EXPIRY_BSR,SHORT_BSR,2,31
1785742168.988945,868,7,T_PERIODIC_EXPIRY_BSR,SHORT_BSR,2,31
1785742168.988945,869,7,T_PERIODIC_EXPIRY_BSR,SHORT_BSR,2,31
1785742168.988945,870,7,T_PERIODIC_EXPIRY_BSR,SHORT_BSR,2,31
1785742168.988945,871,7,T_PERIODIC_EXPIRY_BSR,SHORT_BSR,2,31
1785742168.988945,872,7,T_PERIODIC_EXPIRY_BSR,SHORT_BSR,2,31
1785742168.988945,873,7,T_PERIODIC_EXPIRY_BSR,SHORT_BSR,2,31
1785742168.988945,874,7,T_PERIODIC_EXPIRY_BSR,SHORT_BSR,2,31
1785742169.138940,875,7,T_PERIODIC_EXPIRY_BSR,SHORT_BSR,2,31
1785742169.138940,876,7,T_PERIODIC_EXPIRY_BSR,SHORT_BSR,2,31
1785742169.138940,877,7,T_PERIODIC_EXPIRY_BSR,SHORT_BSR,2,31
1785742169.138940,878,7,T_PERIODIC_EXPIRY_BSR,SHORT_BSR,2,31
1785742169.138940,879,7,T_PERIODIC_EXPIRY_BSR,SHORT_BSR,2,31
1785742169.138940,880,7,T_PERIODIC_EXPIRY_BSR,SHORT_BSR,2,31
1785742169.138940,881,7,T_PERIODIC_EXPIRY_BSR,SHORT_BSR,2,31
1785742169.138940,882,7,T_PERIODIC_EXPIRY_BSR,SHORT_BSR,2,31
1785742169.138940,883,7,T_PERIODIC_EXPIRY_BSR,SHORT_BSR,2,31
1785742169.138940,884,7,T_PERIODIC_EXPIRY_BSR,SHORT_BSR,2,31
1785742169.138940,885,7,T_PERIODIC_EXPIRY_BSR,SHORT_BSR,2,31
1785742169.138940,886,7,T_PERIODIC_EXPIRY_BSR,SHORT_BSR,2,31
1785742169.138940,887,7,T_PERIODIC_EXPIRY_BSR,SHORT_BSR,2,31
1785742169.138940,888,7,T_PERIODIC_EXPIRY_BSR,SHORT_BSR,2,31
1785742169.138940,889,7,T_PERIODIC_EXPIRY_BSR,SHORT_BSR,2,31
1785742169.288945,890,7,T_PERIODIC_EXPIRY_BSR,SHORT_BSR,2,31
1785742169.288945,891,7,T_PERIODIC_EXPIRY_BSR,SHORT_BSR,2,31
1785742169.288945,892,7,T_PERIODIC_EXPIRY_BSR,SHORT_BSR,2,31
1785742169.288945,893,7,T_PERIODIC_EXPIRY_BSR,SHORT_BSR,2,31
1785742169.288945,894,7,T_PERIODIC_EXPIRY_BSR,SHORT_BSR,2,31
1785742169.288945,895,7,T_PERIODIC_EXPIRY_BSR,SHORT_BSR,2,31
1785742169.288945,896,7,T_PERIODIC_EXPIRY_BSR,SHORT_BSR,2,31
1785742169.288945,897,7,T_PERIODIC_EXPIRY_BSR,SHORT_BSR,2,31
1785742169.288945,898,7,T_PERIODIC_EXPIRY_BSR,SHORT_BSR,2,31
1785742169.288945,899,7,T_PERIODIC_EXPIRY_BSR,SHORT_BSR,2,31
1785742169.288945,900,7,T_PERIODIC_EXPIRY_BSR,SHORT_BSR,2,31
1785742169.288945,901,7,T_PERIODIC_EXPIRY_BSR,SHORT_BSR,2,31
1785742169.288945,902,7,T_PERIODIC_EXPIRY_BSR,SHORT_BSR,2,31
1785742169.288945,903,7,T_PERIODIC_EXPIRY_BSR,SHORT_BSR,2,31
1785742169.288945,904,7,T_PERIODIC_EXPIRY_BSR,SHORT_BSR,2,31
1785742169.438943,905,7,T_PERIODIC_EXPIRY_BSR,SHORT_BSR,2,31
1785742169.438943,906,7,T_PERIODIC_EXPIRY_BSR,SHORT_BSR,2,31
1785742169.438943,907,7,T_PERIODIC_EXPIRY_BSR,SHORT_BSR,2,31
1785742169.438943,908,7,T_PERIODIC_EXPIRY_BSR,SHORT_BSR,2,31
1785742169.438943,909,7,T_PERIODIC_EXPIRY_BSR,SHORT_BSR,2,31
1785742169.438943,910,7,T_PERIODIC_EXPIRY_BSR,SHORT_BSR,2,31
1785742169.438943,911,7,T_PERIODIC_EXPIRY_BSR,SHORT_BSR,2,31
1785742169.438943,912,7,T_PERIODIC_EXPIRY_BSR,SHORT_BSR,2,31
1785742169.438943,913,7,T_PERIODIC_EXPIRY_BSR,SHORT_BSR,2,31
1785742169.438943,914,7,T_PERIODIC_EXPIRY_BSR,SHORT_BSR,2,31
1785742169.438943,915,7,T_PERIODIC_EXPIRY_BSR,SHORT_BSR,2,31
1785742169.438943,916,7,T_PERIODIC_EXPIRY_BSR,SHORT_BSR,2,31
1785742169.438943,917,7,T_PERIODIC_EXPIRY_BSR,SHORT_BSR,2,31
1785742169.438943,918,7,T_PERIODIC_EXPIRY_BSR,SHORT_BSR,2,31
1785742169.438943,919,7,T_PERIODIC_EXPIRY_BSR,SHORT_BSR,2,31
1785742169.588945,920,7,T_PERIODIC_EXPIRY_BSR,SHORT_BSR,2,31
1785742169.588945,921,7,T_PERIODIC_EXPIRY_BSR,SHORT_BSR,2,31
1785742169.588945,922,7,T_PERIODIC_EXPIRY_BSR,SHORT_BSR,2,31
1785742169.588945,923,7,T_PERIODIC_EXPIRY_BSR,SHORT_BSR,2,31
1785742169.588945,924,7,T_PERIODIC_EXPIRY_BSR,SHORT_BSR,2,31
1785742169.588945,925,7,T_PERIODIC_EXPIRY_BSR,SHORT_BSR,2,31
1785742169.588945,926,7,T_PERIODIC_EXPIRY_BSR,SHORT_BSR,2,31
1785742169.588945,927,7,T_PERIODIC_EXPIRY_BSR,SHORT_BSR,2,31
1785742169.588945,928,7,T_PERIODIC_EXPIRY_BSR,SHORT_BSR,2,31
1785742169.588945,929,7,T_PERIODIC_EXPIRY_BSR,SHORT_BSR,2,31
1785742169.588945,930,7,T_PERIODIC_EXPIRY_BSR,SHORT_BSR,2,31
1785742169.588945,931,7,T_PERIODIC_EXPIRY_BSR,SHORT_BSR,2,31
1785742169.588945,932,7,T_PERIODIC_EXPIRY_BSR,SHORT_BSR,2,31
1785742169.588945,933,7,T_PERIODIC_EXPIRY_BSR,SHORT_BSR,2,31
1785742169.588945,934,7,T_PERIODIC_EXPIRY_BSR,SHORT_BSR,2,31
1785742169.738934,935,7,T_PERIODIC_EXPIRY_BSR,SHORT_BSR,2,31
1785742169.738934,936,7,T_PERIODIC_EXPIRY_BSR,SHORT_BSR,2,31
1785742169.738934,937,7,T_PERIODIC_EXPIRY_BSR,SHORT_BSR,2,31
1785742169.738934,938,7,T_PERIODIC_EXPIRY_BSR,SHORT_BSR,2,31
1785742169.738934,939,7,T_PERIODIC_EXPIRY_BSR,SHORT_BSR,2,31
1785742169.738934,940,7,T_PERIODIC_EXPIRY_BSR,SHORT_BSR,2,31
1785742169.738934,941,7,T_PERIODIC_EXPIRY_BSR,SHORT_BSR,2,31
1785742169.738934,942,7,T_PERIODIC_EXPIRY_BSR,SHORT_BSR,2,31
1785742169.738934,943,7,T_PERIODIC_EXPIRY_BSR,SHORT_BSR,2,31
1785742169.738934,944,7,T_PERIODIC_EXPIRY_BSR,SHORT_BSR,2,31
1785742169.738934,945,7,T_PERIODIC_EXPIRY_BSR,SHORT_BSR,2,31
1785742169.738934,946,7,T_PERIODIC_EXPIRY_BSR,SHORT_BSR,2,31
1785742169.738934,947,7,T_PERIODIC_EXPIRY_BSR,SHORT_BSR,2,31
1785742169.738934,948,7,T_PERIODIC_EXPIRY_BSR,SHORT_BSR,2,31
1785742169.738934,949,7,T_PERIODIC_EXPIRY_BSR,SHORT_BSR,2,31
1785742169.888937,950,7,T_PERIODIC_EXPIRY_BSR,SHORT_BSR,2,31
1785742169.888937,951,7,T_PERIODIC_EXPIRY_BSR,SHORT_BSR,2,31
1785742169.888937,952,7,T_PERIODIC_EXPIRY_BSR,SHORT_BSR,2,31
1785742169.888937,953,7,T_PERIODIC_EXPIRY_BSR,SHORT_BSR,2,31
1785742169.888937,954,7,T_PERIODIC_EXPIRY_BSR,SHORT_BSR,2,31
1785742169.888937,955,7,T_PERIODIC_EXPIRY_BSR,SHORT_BSR,2,31
1785742169.888937,956,7,T_PERIODIC_EXPIRY_BSR,SHORT_BSR,2,31
1785742169.888937,957,7,T_PERIODIC_EXPIRY_BSR,SHORT_BSR,2,31
1785742169.888937,958,7,T_PERIODIC_EXPIRY_BSR,SHORT_BSR,2,31
1785742169.888937,959,7,T_PERIODIC_EXPIRY_BSR,SHORT_BSR,2,31
1785742169.888937,960,7,T_PERIODIC_EXPIRY_BSR,SHORT_BSR,2,31
1785742169.888937,961,7,T_PERIODIC_EXPIRY_BSR,SHORT_BSR,2,31
1785742169.888937,962,7,T_PERIODIC_EXPIRY_BSR,SHORT_BSR,2,31
1785742169.888937,963,7,T_PERIODIC_EXPIRY_BSR,SHORT_BSR,2,31
1785742169.888937,964,7,T_PERIODIC_EXPIRY_BSR,SHORT_BSR,2,31
1785742170.038937,965,7,T_PERIODIC_EXPIRY_BSR,SHORT_BSR,2,31
1785742170.038937,966,8,T_PERIODIC_EXPIRY_BSR,SHORT_BSR,2,31
1785742170.038937,967,7,T_PERIODIC_EXPIRY_BSR,SHORT_BSR,2,31
1785742170.038937,968,7,T_PERIODIC_EXPIRY_BSR,SHORT_BSR,2,31
1785742170.038937,969,7,T_PERIODIC_EXPIRY_BSR,SHORT_BSR,2,31
1785742170.038937,970,7,T_PERIODIC_EXPIRY_BSR,SHORT_BSR,2,31
1785742170.038937,971,7,T_PERIODIC_EXPIRY_BSR,SHORT_BSR,2,31
1785742170.038937,972,7,T_PERIODIC_EXPIRY_BSR,SHORT_BSR,2,31
1785742170.038937,973,7,T_PERIODIC_EXPIRY_BSR,SHORT_BSR,2,31
1785742170.038937,974,7,T_PERIODIC_EXPIRY_BSR,SHORT_BSR,2,31
1785742170.038937,975,7,T_PERIODIC_EXPIRY_BSR,SHORT_BSR,2,31
1785742170.038937,976,7,T_PERIODIC_EXPIRY_BSR,SHORT_BSR,2,31
1785742170.038937,977,7,T_PERIODIC_EXPIRY_BSR,SHORT_BSR,2,31
1785742170.038937,978,7,T_PERIODIC_EXPIRY_BSR,SHORT_BSR,2,31
1785742170.038937,979,7,T_PERIODIC_EXPIRY_BSR,SHORT_BSR,2,31
1785742170.189172,980,7,T_PERIODIC_EXPIRY_BSR,SHORT_BSR,2,31
1785742170.189172,981,7,T_PERIODIC_EXPIRY_BSR,SHORT_BSR,2,31
1785742170.189172,982,7,T_PERIODIC_EXPIRY_BSR,SHORT_BSR,2,31
1785742170.189172,983,7,T_PERIODIC_EXPIRY_BSR,SHORT_BSR,2,31
1785742170.189172,984,7,T_PERIODIC_EXPIRY_BSR,SHORT_BSR,2,31
1785742170.189172,985,7,T_PERIODIC_EXPIRY_BSR,SHORT_BSR,2,31
1785742170.189172,986,7,T_PERIODIC_EXPIRY_BSR,SHORT_BSR,2,31
1785742170.189172,987,7,T_PERIODIC_EXPIRY_BSR,SHORT_BSR,2,31
1785742170.189172,988,7,T_PERIODIC_EXPIRY_BSR,SHORT_BSR,2,31
1785742170.189172,989,7,T_PERIODIC_EXPIRY_BSR,SHORT_BSR,2,31
1785742170.189172,990,7,T_PERIODIC_EXPIRY_BSR,SHORT_BSR,2,31
1785742170.189172,991,7,T_PERIODIC_EXPIRY_BSR,SHORT_BSR,2,31
1785742170.189172,992,7,T_PERIODIC_EXPIRY_BSR,SHORT_BSR,2,31
1785742170.189172,993,7,T_PERIODIC_EXPIRY_BSR,SHORT_BSR,2,31
1785742170.189172,994,8,T_PERIODIC_EXPIRY_BSR,SHORT_BSR,2,31
1785742170.338952,995,8,T_PERIODIC_EXPIRY_BSR,SHORT_BSR,2,31
1785742170.338952,996,7,T_PERIODIC_EXPIRY_BSR,SHORT_BSR,2,31
1785742170.338952,997,8,T_PERIODIC_EXPIRY_BSR,SHORT_BSR,2,31
1785742170.338952,998,7,T_PERIODIC_EXPIRY_BSR,SHORT_BSR,2,31
1785742170.338952,999,7,T_PERIODIC_EXPIRY_BSR,SHORT_BSR,2,31
1785742170.338952,1000,7,T_PERIODIC_EXPIRY_BSR,SHORT_BSR,2,31
1785742170.338952,1001,7,T_PERIODIC_EXPIRY_BSR,SHORT_BSR,2,31
1785742170.338952,1002,7,T_PERIODIC_EXPIRY_BSR,SHORT_BSR,2,31
1785742170.338952,1003,7,T_PERIODIC_EXPIRY_BSR,SHORT_BSR,2,31
1785742170.338952,1004,7,T_PERIODIC_EXPIRY_BSR,SHORT_BSR,2,31
1785742170.338952,1005,7,T_PERIODIC_EXPIRY_BSR,SHORT_BSR,2,31
1785742170.338952,1006,7,T_PERIODIC_EXPIRY_BSR,SHORT_BSR,2,31
1785742170.338952,1007,8,T_PERIODIC_EXPIRY_BSR,SHORT_BSR,2,31
1785742170.338952,1008,7,T_PERIODIC_EXPIRY_BSR,SHORT_BSR,2,31
1785742170.338952,1009,7,T_PERIODIC_EXPIRY_BSR,SHORT_BSR,2,31
1785742170.488934,1010,7,T_PERIODIC_EXPIRY_BSR,SHORT_BSR,2,31
1785742170.488934,1011,7,T_PERIODIC_EXPIRY_BSR,SHORT_BSR,2,31
1785742170.488934,1012,7,T_PERIODIC_EXPIRY_BSR,SHORT_BSR,2,31
1785742170.488934,1013,7,T_PERIODIC_EXPIRY_BSR,SHORT_BSR,2,31
1785742170.488934,1014,7,T_PERIODIC_EXPIRY_BSR,SHORT_BSR,2,31
1785742170.488934,1015,7,T_PERIODIC_EXPIRY_BSR,SHORT_BSR,2,31
1785742170.488934,1016,7,T_PERIODIC_EXPIRY_BSR,SHORT_BSR,2,31
1785742170.488934,1017,7,T_PERIODIC_EXPIRY_BSR,SHORT_BSR,2,31
1785742170.488934,1018,7,T_PERIODIC_EXPIRY_BSR,SHORT_BSR,2,31
1785742170.488934,1019,7,T_PERIODIC_EXPIRY_BSR,SHORT_BSR,2,31
1785742170.488934,1020,7,T_PERIODIC_EXPIRY_BSR,SHORT_BSR,2,31
1785742170.488934,1021,7,T_PERIODIC_EXPIRY_BSR,SHORT_BSR,2,31
1785742170.488934,1022,7,T_PERIODIC_EXPIRY_BSR,SHORT_BSR,2,31
1785742170.488934,1023,7,T_PERIODIC_EXPIRY_BSR,SHORT_BSR,2,31
1785742170.488934,0,7,T_PERIODIC_EXPIRY_BSR,SHORT_BSR,2,31
1785742170.638940,1,7,T_PERIODIC_EXPIRY_BSR,SHORT_BSR,2,31
1785742170.638940,2,7,T_PERIODIC_EXPIRY_BSR,SHORT_BSR,2,31
1785742170.638940,3,7,T_PERIODIC_EXPIRY_BSR,SHORT_BSR,2,31
1785742170.638940,4,7,T_PERIODIC_EXPIRY_BSR,SHORT_BSR,2,31
1785742170.638940,5,7,T_PERIODIC_EXPIRY_BSR,SHORT_BSR,2,31
1785742170.638940,6,7,T_PERIODIC_EXPIRY_BSR,SHORT_BSR,2,31
1785742170.638940,7,7,T_PERIODIC_EXPIRY_BSR,SHORT_BSR,2,31
1785742170.638940,8,7,T_PERIODIC_EXPIRY_BSR,SHORT_BSR,2,31
1785742170.638940,9,7,T_PERIODIC_EXPIRY_BSR,SHORT_BSR,2,31
1785742170.638940,10,7,T_PERIODIC_EXPIRY_BSR,SHORT_BSR,2,31
1785742170.638940,11,7,T_PERIODIC_EXPIRY_BSR,SHORT_BSR,2,31
1785742170.638940,12,7,T_PERIODIC_EXPIRY_BSR,SHORT_BSR,2,31
1785742170.638940,13,7,T_PERIODIC_EXPIRY_BSR,SHORT_BSR,2,31
1785742170.638940,14,7,T_PERIODIC_EXPIRY_BSR,SHORT_BSR,2,31
1785742170.638940,15,7,T_PERIODIC_EXPIRY_BSR,SHORT_BSR,2,31
1785742170.788933,16,7,T_PERIODIC_EXPIRY_BSR,SHORT_BSR,2,31
1785742170.788933,17,7,T_PERIODIC_EXPIRY_BSR,SHORT_BSR,2,31
1785742170.788933,18,7,T_PERIODIC_EXPIRY_BSR,SHORT_BSR,2,31
1785742170.788933,19,7,T_PERIODIC_EXPIRY_BSR,SHORT_BSR,2,31
1785742170.788933,20,7,T_PERIODIC_EXPIRY_BSR,SHORT_BSR,2,31
1785742170.788933,21,7,T_PERIODIC_EXPIRY_BSR,SHORT_BSR,2,31
1785742170.788933,22,7,T_PERIODIC_EXPIRY_BSR,SHORT_BSR,2,31
1785742170.788933,23,7,T_PERIODIC_EXPIRY_BSR,SHORT_BSR,2,31
1785742170.788933,24,7,T_PERIODIC_EXPIRY_BSR,SHORT_BSR,2,31
1785742170.788933,25,7,T_PERIODIC_EXPIRY_BSR,SHORT_BSR,2,31
1785742170.788933,26,7,T_PERIODIC_EXPIRY_BSR,SHORT_BSR,2,31
1785742170.788933,27,7,T_PERIODIC_EXPIRY_BSR,SHORT_BSR,2,31
1785742170.788933,28,7,T_PERIODIC_EXPIRY_BSR,SHORT_BSR,2,31
1785742170.788933,29,7,T_PERIODIC_EXPIRY_BSR,SHORT_BSR,2,31
1785742170.788933,30,7,T_PERIODIC_EXPIRY_BSR,SHORT_BSR,2,31
1785742170.939540,31,7,T_PERIODIC_EXPIRY_BSR,SHORT_BSR,2,31
1785742170.939540,32,7,T_PERIODIC_EXPIRY_BSR,SHORT_BSR,2,31
1785742170.939540,33,7,T_PERIODIC_EXPIRY_BSR,SHORT_BSR,2,31
1785742170.939540,34,7,T_PERIODIC_EXPIRY_BSR,SHORT_BSR,2,31
1785742170.939540,35,7,T_PERIODIC_EXPIRY_BSR,SHORT_BSR,2,31
1785742170.939540,36,7,T_PERIODIC_EXPIRY_BSR,SHORT_BSR,2,31
1785742170.939540,37,7,T_PERIODIC_EXPIRY_BSR,SHORT_BSR,2,31
1785742170.939540,38,7,T_PERIODIC_EXPIRY_BSR,SHORT_BSR,2,31
1785742170.939540,39,7,T_PERIODIC_EXPIRY_BSR,SHORT_BSR,2,31
1785742170.939540,40,9,T_PERIODIC_EXPIRY_BSR,SHORT_BSR,2,31
1785742170.939540,41,9,T_PERIODIC_EXPIRY_BSR,SHORT_BSR,2,31
1785742170.939540,42,9,T_PERIODIC_EXPIRY_BSR,SHORT_BSR,2,31
1785742170.939540,43,9,T_PERIODIC_EXPIRY_BSR,SHORT_BSR,2,31
1785742170.939540,44,9,T_PERIODIC_EXPIRY_BSR,SHORT_BSR,2,31
1785742170.939540,45,9,T_PERIODIC_EXPIRY_BSR,SHORT_BSR,2,31
1785742171.089539,46,9,T_PERIODIC_EXPIRY_BSR,SHORT_BSR,2,31
1785742171.089539,47,9,T_PERIODIC_EXPIRY_BSR,SHORT_BSR,2,31
1785742171.089539,48,9,T_PERIODIC_EXPIRY_BSR,SHORT_BSR,2,31
1785742171.089539,49,9,T_PERIODIC_EXPIRY_BSR,SHORT_BSR,2,31
1785742171.089539,50,9,T_PERIODIC_EXPIRY_BSR,SHORT_BSR,2,31
1785742171.089539,51,9,T_PERIODIC_EXPIRY_BSR,SHORT_BSR,2,31
1785742171.089539,52,9,T_PERIODIC_EXPIRY_BSR,SHORT_BSR,2,31
1785742171.089539,53,9,T_PERIODIC_EXPIRY_BSR,SHORT_BSR,2,31
1785742171.089539,54,9,T_PERIODIC_EXPIRY_BSR,SHORT_BSR,2,31
1785742171.089539,55,9,T_PERIODIC_EXPIRY_BSR,SHORT_BSR,2,31
1785742171.089539,56,9,T_PERIODIC_EXPIRY_BSR,SHORT_BSR,2,31
1785742171.089539,57,9,T_PERIODIC_EXPIRY_BSR,SHORT_BSR,2,31
1785742171.089539,58,9,T_PERIODIC_EXPIRY_BSR,SHORT_BSR,2,31
1785742171.089539,59,9,T_PERIODIC_EXPIRY_BSR,SHORT_BSR,2,31
1785742171.089539,60,9,T_PERIODIC_EXPIRY_BSR,SHORT_BSR,2,31
1785742171.248939,61,9,T_PERIODIC_EXPIRY_BSR,SHORT_BSR,2,31
1785742171.248939,62,9,T_PERIODIC_EXPIRY_BSR,SHORT_BSR,2,31
1785742171.248939,63,9,T_PERIODIC_EXPIRY_BSR,SHORT_BSR,2,31
1785742171.248939,64,9,T_PERIODIC_EXPIRY_BSR,SHORT_BSR,2,31
1785742171.248939,65,9,T_PERIODIC_EXPIRY_BSR,SHORT_BSR,2,31
1785742171.248939,66,9,T_PERIODIC_EXPIRY_BSR,SHORT_BSR,2,31
1785742171.248939,67,9,T_PERIODIC_EXPIRY_BSR,SHORT_BSR,2,31
1785742171.248939,68,9,T_PERIODIC_EXPIRY_BSR,SHORT_BSR,2,31
1785742171.248939,70,7,T_PERIODIC_EXPIRY_BSR,SHORT_BSR,2,31
1785742171.248939,71,7,T_PERIODIC_EXPIRY_BSR,SHORT_BSR,2,31
1785742171.248939,72,7,T_PERIODIC_EXPIRY_BSR,SHORT_BSR,2,31
1785742171.248939,73,7,T_PERIODIC_EXPIRY_BSR,SHORT_BSR,2,31
1785742171.248939,74,7,T_PERIODIC_EXPIRY_BSR,SHORT_BSR,2,31
1785742171.248939,75,7,T_PERIODIC_EXPIRY_BSR,SHORT_BSR,2,31
1785742171.248939,76,7,T_PERIODIC_EXPIRY_BSR,SHORT_BSR,2,31
1785742171.398943,77,7,T_PERIODIC_EXPIRY_BSR,SHORT_BSR,2,31
1785742171.398943,78,7,T_PERIODIC_EXPIRY_BSR,SHORT_BSR,2,31
1785742171.398943,79,7,T_PERIODIC_EXPIRY_BSR,SHORT_BSR,2,31
1785742171.398943,80,7,T_PERIODIC_EXPIRY_BSR,SHORT_BSR,2,31
1785742171.398943,81,7,T_PERIODIC_EXPIRY_BSR,SHORT_BSR,2,31
1785742171.398943,82,7,T_PERIODIC_EXPIRY_BSR,SHORT_BSR,2,31
1785742171.398943,83,7,T_PERIODIC_EXPIRY_BSR,SHORT_BSR,2,31
1785742171.398943,84,7,T_PERIODIC_EXPIRY_BSR,SHORT_BSR,2,31
1785742171.398943,85,7,T_PERIODIC_EXPIRY_BSR,SHORT_BSR,2,31
1785742171.398943,86,7,T_PERIODIC_EXPIRY_BSR,SHORT_BSR,2,31
1785742171.398943,87,7,T_PERIODIC_EXPIRY_BSR,SHORT_BSR,2,31
1785742171.398943,88,7,T_PERIODIC_EXPIRY_BSR,SHORT_BSR,2,31
1785742171.398943,89,7,T_PERIODIC_EXPIRY_BSR,SHORT_BSR,2,31
1785742171.398943,90,7,T_PERIODIC_EXPIRY_BSR,SHORT_BSR,2,31
1785742171.398943,91,7,T_PERIODIC_EXPIRY_BSR,SHORT_BSR,2,31
1785742171.548932,92,7,T_PERIODIC_EXPIRY_BSR,SHORT_BSR,2,31
1785742171.548932,93,7,T_PERIODIC_EXPIRY_BSR,SHORT_BSR,2,31
1785742171.548932,94,7,T_PERIODIC_EXPIRY_BSR,SHORT_BSR,2,31
1785742171.548932,95,7,T_PERIODIC_EXPIRY_BSR,SHORT_BSR,2,31
1785742171.548932,96,7,T_PERIODIC_EXPIRY_BSR,SHORT_BSR,2,31
1785742171.548932,97,7,T_PERIODIC_EXPIRY_BSR,SHORT_BSR,2,31
1785742171.548932,98,7,T_PERIODIC_EXPIRY_BSR,SHORT_BSR,2,31
1785742171.548932,99,7,T_PERIODIC_EXPIRY_BSR,SHORT_BSR,2,31
1785742171.548932,100,7,T_PERIODIC_EXPIRY_BSR,SHORT_BSR,2,31
1785742171.548932,101,7,T_PERIODIC_EXPIRY_BSR,SHORT_BSR,2,31
1785742171.548932,102,7,T_PERIODIC_EXPIRY_BSR,SHORT_BSR,2,31
1785742171.548932,103,7,T_PERIODIC_EXPIRY_BSR,SHORT_BSR,2,31
1785742171.548932,104,7,T_PERIODIC_EXPIRY_BSR,SHORT_BSR,2,31
1785742171.548932,105,7,T_PERIODIC_EXPIRY_BSR,SHORT_BSR,2,31
1785742171.548932,106,7,T_PERIODIC_EXPIRY_BSR,SHORT_BSR,2,31
1785742171.698936,107,7,T_PERIODIC_EXPIRY_BSR,SHORT_BSR,2,31
1785742171.698936,108,7,T_PERIODIC_EXPIRY_BSR,SHORT_BSR,2,31
1785742171.698936,109,7,T_PERIODIC_EXPIRY_BSR,SHORT_BSR,2,31
1785742171.698936,110,7,T_PERIODIC_EXPIRY_BSR,SHORT_BSR,2,31
1785742171.698936,111,7,T_PERIODIC_EXPIRY_BSR,SHORT_BSR,2,31
1785742171.698936,112,7,T_PERIODIC_EXPIRY_BSR,SHORT_BSR,2,31
1785742171.698936,113,7,T_PERIODIC_EXPIRY_BSR,SHORT_BSR,2,31
1785742171.698936,114,7,T_PERIODIC_EXPIRY_BSR,SHORT_BSR,2,31
1785742171.698936,115,7,T_PERIODIC_EXPIRY_BSR,SHORT_BSR,2,31
1785742171.698936,116,7,T_PERIODIC_EXPIRY_BSR,SHORT_BSR,2,31
1785742171.698936,117,7,T_PERIODIC_EXPIRY_BSR,SHORT_BSR,2,31
1785742171.698936,118,7,T_PERIODIC_EXPIRY_BSR,SHORT_BSR,2,31
1785742171.698936,119,7,T_PERIODIC_EXPIRY_BSR,SHORT_BSR,2,31
1785742171.698936,120,7,T_PERIODIC_EXPIRY_BSR,SHORT_BSR,2,31
1785742171.698936,121,7,T_PERIODIC_EXPIRY_BSR,SHORT_BSR,2,31
1785742171.848942,122,7,T_PERIODIC_EXPIRY_BSR,SHORT_BSR,2,31
1785742171.848942,123,7,T_PERIODIC_EXPIRY_BSR,SHORT_BSR,2,31
1785742171.848942,124,7,T_PERIODIC_EXPIRY_BSR,SHORT_BSR,2,31
1785742171.848942,125,7,T_PERIODIC_EXPIRY_BSR,SHORT_BSR,2,31
1785742171.848942,126,7,T_PERIODIC_EXPIRY_BSR,SHORT_BSR,2,31
1785742171.848942,127,7,T_PERIODIC_EXPIRY_BSR,SHORT_BSR,2,31
1785742171.848942,128,7,T_PERIODIC_EXPIRY_BSR,SHORT_BSR,2,31
1785742171.848942,129,7,T_PERIODIC_EXPIRY_BSR,SHORT_BSR,2,31
1785742171.848942,130,7,T_PERIODIC_EXPIRY_BSR,SHORT_BSR,2,31
1785742171.848942,131,7,T_PERIODIC_EXPIRY_BSR,SHORT_BSR,2,31
1785742171.848942,132,7,T_PERIODIC_EXPIRY_BSR,SHORT_BSR,2,31
1785742171.848942,133,7,T_PERIODIC_EXPIRY_BSR,SHORT_BSR,2,31
1785742171.848942,134,7,T_PERIODIC_EXPIRY_BSR,SHORT_BSR,2,31
1785742171.848942,135,7,T_PERIODIC_EXPIRY_BSR,SHORT_BSR,2,31
1785742171.848942,136,7,T_PERIODIC_EXPIRY_BSR,SHORT_BSR,2,31
1785742171.998936,137,7,T_PERIODIC_EXPIRY_BSR,SHORT_BSR,2,31
1785742171.998936,138,7,T_PERIODIC_EXPIRY_BSR,SHORT_BSR,2,31
1785742171.998936,139,7,T_PERIODIC_EXPIRY_BSR,SHORT_BSR,2,31
1785742171.998936,140,7,T_PERIODIC_EXPIRY_BSR,SHORT_BSR,2,31
1785742171.998936,141,7,T_PERIODIC_EXPIRY_BSR,SHORT_BSR,2,31
1785742171.998936,142,7,T_PERIODIC_EXPIRY_BSR,SHORT_BSR,2,31
1785742171.998936,143,7,T_PERIODIC_EXPIRY_BSR,SHORT_BSR,2,31
1785742171.998936,144,7,T_PERIODIC_EXPIRY_BSR,SHORT_BSR,2,31
1785742171.998936,145,7,T_PERIODIC_EXPIRY_BSR,SHORT_BSR,2,31
1785742171.998936,146,7,T_PERIODIC_EXPIRY_BSR,SHORT_BSR,2,31
1785742171.998936,147,7,T_PERIODIC_EXPIRY_BSR,SHORT_BSR,2,31
1785742171.998936,148,7,T_PERIODIC_EXPIRY_BSR,SHORT_BSR,2,31
1785742171.998936,149,7,T_PERIODIC_EXPIRY_BSR,SHORT_BSR,2,31
1785742171.998936,150,7,T_PERIODIC_EXPIRY_BSR,SHORT_BSR,2,31
1785742171.998936,151,7,T_PERIODIC_EXPIRY_BSR,SHORT_BSR,2,31
1785742172.148931,152,7,T_PERIODIC_EXPIRY_BSR,SHORT_BSR,2,31
1785742172.148931,153,7,T_PERIODIC_EXPIRY_BSR,SHORT_BSR,2,31
1785742172.148931,154,7,T_PERIODIC_EXPIRY_BSR,SHORT_BSR,2,31
1785742172.148931,155,7,T_PERIODIC_EXPIRY_BSR,SHORT_BSR,2,31
1785742172.148931,156,7,T_PERIODIC_EXPIRY_BSR,SHORT_BSR,2,31
1785742172.148931,157,7,T_PERIODIC_EXPIRY_BSR,SHORT_BSR,2,31
1785742172.148931,158,7,T_PERIODIC_EXPIRY_BSR,SHORT_BSR,2,31
1785742172.148931,159,7,T_PERIODIC_EXPIRY_BSR,SHORT_BSR,2,31
1785742172.148931,160,7,T_PERIODIC_EXPIRY_BSR,SHORT_BSR,2,31
1785742172.148931,161,7,T_PERIODIC_EXPIRY_BSR,SHORT_BSR,2,31
1785742172.148931,162,7,T_PERIODIC_EXPIRY_BSR,SHORT_BSR,2,31
1785742172.148931,163,7,T_PERIODIC_EXPIRY_BSR,SHORT_BSR,2,31
1785742172.148931,164,7,T_PERIODIC_EXPIRY_BSR,SHORT_BSR,2,31
1785742172.148931,165,7,T_PERIODIC_EXPIRY_BSR,SHORT_BSR,2,31
1785742172.148931,166,7,T_PERIODIC_EXPIRY_BSR,SHORT_BSR,2,31
1785742172.298940,167,7,T_PERIODIC_EXPIRY_BSR,SHORT_BSR,2,31
1785742172.298940,168,7,T_PERIODIC_EXPIRY_BSR,SHORT_BSR,2,31
1785742172.298940,169,7,T_PERIODIC_EXPIRY_BSR,SHORT_BSR,2,31
1785742172.298940,170,7,T_PERIODIC_EXPIRY_BSR,SHORT_BSR,2,31
1785742172.298940,171,7,T_PERIODIC_EXPIRY_BSR,SHORT_BSR,2,31
1785742172.298940,172,7,T_PERIODIC_EXPIRY_BSR,SHORT_BSR,2,31
1785742172.298940,173,7,T_PERIODIC_EXPIRY_BSR,SHORT_BSR,2,31
1785742172.298940,174,7,T_PERIODIC_EXPIRY_BSR,SHORT_BSR,2,31
1785742172.298940,175,7,T_PERIODIC_EXPIRY_BSR,SHORT_BSR,2,31
1785742172.298940,176,7,T_PERIODIC_EXPIRY_BSR,SHORT_BSR,2,31
1785742172.298940,177,7,T_PERIODIC_EXPIRY_BSR,SHORT_BSR,2,31
1785742172.298940,178,7,T_PERIODIC_EXPIRY_BSR,SHORT_BSR,2,31
1785742172.298940,179,7,T_PERIODIC_EXPIRY_BSR,SHORT_BSR,2,31
1785742172.298940,180,7,T_PERIODIC_EXPIRY_BSR,SHORT_BSR,2,31
1785742172.298940,181,7,T_PERIODIC_EXPIRY_BSR,SHORT_BSR,2,31
1785742172.448930,182,7,T_PERIODIC_EXPIRY_BSR,SHORT_BSR,2,31
1785742172.448930,183,7,T_PERIODIC_EXPIRY_BSR,SHORT_BSR,2,31
1785742172.448930,184,7,T_PERIODIC_EXPIRY_BSR,SHORT_BSR,2,31
1785742172.448930,185,7,T_PERIODIC_EXPIRY_BSR,SHORT_BSR,2,31
1785742172.448930,186,7,T_PERIODIC_EXPIRY_BSR,SHORT_BSR,2,31
1785742172.448930,187,7,T_PERIODIC_EXPIRY_BSR,SHORT_BSR,2,31
1785742172.448930,188,7,T_PERIODIC_EXPIRY_BSR,SHORT_BSR,2,31
1785742172.448930,189,7,T_PERIODIC_EXPIRY_BSR,SHORT_BSR,2,31
1785742172.448930,190,7,T_PERIODIC_EXPIRY_BSR,SHORT_BSR,2,31
1785742172.448930,191,7,T_PERIODIC_EXPIRY_BSR,SHORT_BSR,2,31
1785742172.448930,192,7,T_PERIODIC_EXPIRY_BSR,SHORT_BSR,2,31
1785742172.448930,193,7,T_PERIODIC_EXPIRY_BSR,SHORT_BSR,2,31
1785742172.448930,194,7,T_PERIODIC_EXPIRY_BSR,SHORT_BSR,2,31
1785742172.448930,195,7,T_PERIODIC_EXPIRY_BSR,SHORT_BSR,2,31
1785742172.448930,196,7,T_PERIODIC_EXPIRY_BSR,SHORT_BSR,2,31
1785742172.598931,197,7,T_PERIODIC_EXPIRY_BSR,SHORT_BSR,2,31
1785742172.598931,198,7,T_PERIODIC_EXPIRY_BSR,SHORT_BSR,2,31
1785742172.598931,199,7,T_PERIODIC_EXPIRY_BSR,SHORT_BSR,2,31
1785742172.598931,200,7,T_PERIODIC_EXPIRY_BSR,SHORT_BSR,2,31
1785742172.598931,201,7,T_PERIODIC_EXPIRY_BSR,SHORT_BSR,2,31
1785742172.598931,202,7,T_PERIODIC_EXPIRY_BSR,SHORT_BSR,2,31
1785742172.598931,203,7,T_PERIODIC_EXPIRY_BSR,SHORT_BSR,2,31
1785742172.598931,204,7,T_PERIODIC_EXPIRY_BSR,SHORT_BSR,2,31
1785742172.598931,205,7,T_PERIODIC_EXPIRY_BSR,SHORT_BSR,2,31
1785742172.598931,206,7,T_PERIODIC_EXPIRY_BSR,SHORT_BSR,2,31
1785742172.598931,207,7,T_PERIODIC_EXPIRY_BSR,SHORT_BSR,2,31
1785742172.598931,208,7,T_PERIODIC_EXPIRY_BSR,SHORT_BSR,2,31
1785742172.598931,209,7,T_PERIODIC_EXPIRY_BSR,SHORT_BSR,2,31
1785742172.598931,210,7,T_PERIODIC_EXPIRY_BSR,SHORT_BSR,2,31
1785742172.598931,211,7,T_PERIODIC_EXPIRY_BSR,SHORT_BSR,2,31
1785742172.748932,212,7,T_PERIODIC_EXPIRY_BSR,SHORT_BSR,2,31
1785742172.748932,213,7,T_PERIODIC_EXPIRY_BSR,SHORT_BSR,2,31
1785742172.748932,214,7,T_PERIODIC_EXPIRY_BSR,SHORT_BSR,2,31
1785742172.748932,215,7,T_PERIODIC_EXPIRY_BSR,SHORT_BSR,2,31
1785742172.748932,216,7,T_PERIODIC_EXPIRY_BSR,SHORT_BSR,2,31
1785742172.748932,217,7,T_PERIODIC_EXPIRY_BSR,SHORT_BSR,2,31
1785742172.748932,218,7,T_PERIODIC_EXPIRY_BSR,SHORT_BSR,2,31
1785742172.748932,219,7,T_PERIODIC_EXPIRY_BSR,SHORT_BSR,2,31
1785742172.748932,220,7,T_PERIODIC_EXPIRY_BSR,SHORT_BSR,2,31
1785742172.748932,221,7,T_PERIODIC_EXPIRY_BSR,SHORT_BSR,2,31
1785742172.748932,222,7,T_PERIODIC_EXPIRY_BSR,SHORT_BSR,2,31
1785742172.748932,223,7,T_PERIODIC_EXPIRY_BSR,SHORT_BSR,2,31
1785742172.748932,224,7,T_PERIODIC_EXPIRY_BSR,SHORT_BSR,2,31
1785742172.748932,225,7,T_PERIODIC_EXPIRY_BSR,SHORT_BSR,2,31
1785742172.748932,226,7,T_PERIODIC_EXPIRY_BSR,SHORT_BSR,2,31
1785742172.899535,227,7,T_PERIODIC_EXPIRY_BSR,SHORT_BSR,2,31
1785742172.899535,228,7,T_PERIODIC_EXPIRY_BSR,SHORT_BSR,2,31
1785742172.899535,229,7,T_PERIODIC_EXPIRY_BSR,SHORT_BSR,2,31
1785742172.899535,230,7,T_PERIODIC_EXPIRY_BSR,SHORT_BSR,2,31
1785742172.899535,231,7,T_PERIODIC_EXPIRY_BSR,SHORT_BSR,2,31
1785742172.899535,232,7,T_PERIODIC_EXPIRY_BSR,SHORT_BSR,2,31
1785742172.899535,233,7,T_PERIODIC_EXPIRY_BSR,SHORT_BSR,2,31
1785742172.899535,234,7,T_PERIODIC_EXPIRY_BSR,SHORT_BSR,2,31
1785742172.899535,235,7,T_PERIODIC_EXPIRY_BSR,SHORT_BSR,2,31
1785742172.899535,236,7,T_PERIODIC_EXPIRY_BSR,SHORT_BSR,2,31
1785742172.899535,237,7,T_PERIODIC_EXPIRY_BSR,SHORT_BSR,2,31
1785742172.899535,238,9,T_PERIODIC_EXPIRY_BSR,SHORT_BSR,2,31
1785742172.899535,239,9,T_PERIODIC_EXPIRY_BSR,SHORT_BSR,2,31
1785742172.899535,240,9,T_PERIODIC_EXPIRY_BSR,SHORT_BSR,2,31
1785742172.899535,241,9,T_PERIODIC_EXPIRY_BSR,SHORT_BSR,2,31
1785742173.049534,242,9,T_PERIODIC_EXPIRY_BSR,SHORT_BSR,2,31
1785742173.049534,243,9,T_PERIODIC_EXPIRY_BSR,SHORT_BSR,2,31
1785742173.049534,244,9,T_PERIODIC_EXPIRY_BSR,SHORT_BSR,2,31
1785742173.049534,245,9,T_PERIODIC_EXPIRY_BSR,SHORT_BSR,2,31
1785742173.049534,246,9,T_PERIODIC_EXPIRY_BSR,SHORT_BSR,2,31
1785742173.049534,247,9,T_PERIODIC_EXPIRY_BSR,SHORT_BSR,2,31
1785742173.049534,248,9,T_PERIODIC_EXPIRY_BSR,SHORT_BSR,2,31
1785742173.049534,249,9,T_PERIODIC_EXPIRY_BSR,SHORT_BSR,2,31
1785742173.049534,250,9,T_PERIODIC_EXPIRY_BSR,SHORT_BSR,2,31
1785742173.049534,251,9,T_PERIODIC_EXPIRY_BSR,SHORT_BSR,2,31
1785742173.049534,252,9,T_PERIODIC_EXPIRY_BSR,SHORT_BSR,2,31
1785742173.049534,253,9,T_PERIODIC_EXPIRY_BSR,SHORT_BSR,2,31
1785742173.049534,254,9,T_PERIODIC_EXPIRY_BSR,SHORT_BSR,2,31
1785742173.049534,255,9,T_PERIODIC_EXPIRY_BSR,SHORT_BSR,2,31
1785742173.049534,256,9,T_PERIODIC_EXPIRY_BSR,SHORT_BSR,2,31
1785742173.204543,257,9,T_PERIODIC_EXPIRY_BSR,SHORT_BSR,2,31
1785742173.204543,258,9,T_PERIODIC_EXPIRY_BSR,SHORT_BSR,2,31
1785742173.204543,259,9,T_PERIODIC_EXPIRY_BSR,SHORT_BSR,2,31
1785742173.204543,260,17,T_PERIODIC_EXPIRY_BSR,SHORT_BSR,2,31
1785742173.204543,261,17,T_PERIODIC_EXPIRY_BSR,SHORT_BSR,2,31
1785742173.204543,262,17,T_PERIODIC_EXPIRY_BSR,SHORT_BSR,2,31
1785742173.204543,263,17,T_PERIODIC_EXPIRY_BSR,SHORT_BSR,2,31
1785742173.204543,264,18,T_PERIODIC_EXPIRY_BSR,SHORT_BSR,2,31
1785742173.204543,265,17,T_PERIODIC_EXPIRY_BSR,SHORT_BSR,2,31
1785742173.204543,266,17,T_PERIODIC_EXPIRY_BSR,SHORT_BSR,2,31
1785742173.204543,267,17,T_PERIODIC_EXPIRY_BSR,SHORT_BSR,2,31
1785742173.204543,268,17,T_PERIODIC_EXPIRY_BSR,SHORT_BSR,2,31
1785742173.204543,269,17,T_PERIODIC_EXPIRY_BSR,SHORT_BSR,2,31
1785742173.204543,270,17,T_PERIODIC_EXPIRY_BSR,SHORT_BSR,2,31
1785742173.204543,271,17,T_PERIODIC_EXPIRY_BSR,SHORT_BSR,2,31
1785742173.359531,272,19,T_PERIODIC_EXPIRY_BSR,SHORT_BSR,2,31
1785742173.359531,273,19,T_PERIODIC_EXPIRY_BSR,SHORT_BSR,2,31
1785742173.359531,274,19,T_PERIODIC_EXPIRY_BSR,SHORT_BSR,2,31
1785742173.359531,275,19,T_PERIODIC_EXPIRY_BSR,SHORT_BSR,2,31
1785742173.359531,276,19,T_PERIODIC_EXPIRY_BSR,SHORT_BSR,2,31
1785742173.359531,278,9,T_PERIODIC_EXPIRY_BSR,SHORT_BSR,2,31
1785742173.359531,279,9,T_PERIODIC_EXPIRY_BSR,SHORT_BSR,2,31
1785742173.359531,280,9,T_PERIODIC_EXPIRY_BSR,SHORT_BSR,2,31
1785742173.359531,281,9,T_PERIODIC_EXPIRY_BSR,SHORT_BSR,2,31
1785742173.359531,282,9,T_PERIODIC_EXPIRY_BSR,SHORT_BSR,2,31
1785742173.359531,283,9,T_PERIODIC_EXPIRY_BSR,SHORT_BSR,2,31
1785742173.359531,284,9,T_PERIODIC_EXPIRY_BSR,SHORT_BSR,2,31
1785742173.359531,285,9,T_PERIODIC_EXPIRY_BSR,SHORT_BSR,2,31
1785742173.359531,286,9,T_PERIODIC_EXPIRY_BSR,SHORT_BSR,2,31
1785742173.359531,287,9,T_PERIODIC_EXPIRY_BSR,SHORT_BSR,2,31
1785742173.509533,288,9,T_PERIODIC_EXPIRY_BSR,SHORT_BSR,2,31
1785742173.509533,289,9,T_PERIODIC_EXPIRY_BSR,SHORT_BSR,2,31
1785742173.509533,290,9,T_PERIODIC_EXPIRY_BSR,SHORT_BSR,2,31
1785742173.509533,291,9,T_PERIODIC_EXPIRY_BSR,SHORT_BSR,2,31
1785742173.509533,292,9,T_PERIODIC_EXPIRY_BSR,SHORT_BSR,2,31
1785742173.509533,293,9,T_PERIODIC_EXPIRY_BSR,SHORT_BSR,2,31
1785742173.509533,294,9,T_PERIODIC_EXPIRY_BSR,SHORT_BSR,2,31
1785742173.509533,295,9,T_PERIODIC_EXPIRY_BSR,SHORT_BSR,2,31
1785742173.509533,296,9,T_PERIODIC_EXPIRY_BSR,SHORT_BSR,2,31
1785742173.509533,297,9,T_PERIODIC_EXPIRY_BSR,SHORT_BSR,2,31
1785742173.509533,298,9,T_PERIODIC_EXPIRY_BSR,SHORT_BSR,2,31
1785742173.509533,299,9,T_PERIODIC_EXPIRY_BSR,SHORT_BSR,2,31
1785742173.509533,300,9,T_PERIODIC_EXPIRY_BSR,SHORT_BSR,2,31
1785742173.509533,301,9,T_PERIODIC_EXPIRY_BSR,SHORT_BSR,2,31
1785742173.509533,302,9,T_PERIODIC_EXPIRY_BSR,SHORT_BSR,2,31
1785742173.659530,303,9,T_PERIODIC_EXPIRY_BSR,SHORT_BSR,2,31
1785742173.659530,304,9,T_PERIODIC_EXPIRY_BSR,SHORT_BSR,2,31
1785742173.659530,305,9,T_PERIODIC_EXPIRY_BSR,SHORT_BSR,2,31
1785742173.659530,306,9,T_PERIODIC_EXPIRY_BSR,SHORT_BSR,2,31
1785742173.659530,307,9,T_PERIODIC_EXPIRY_BSR,SHORT_BSR,2,31
1785742173.659530,308,9,T_PERIODIC_EXPIRY_BSR,SHORT_BSR,2,31
1785742173.659530,309,9,T_PERIODIC_EXPIRY_BSR,SHORT_BSR,2,31
1785742173.659530,310,9,T_PERIODIC_EXPIRY_BSR,SHORT_BSR,2,31
1785742173.659530,311,9,T_PERIODIC_EXPIRY_BSR,SHORT_BSR,2,31
1785742173.659530,312,9,T_PERIODIC_EXPIRY_BSR,SHORT_BSR,2,31
1785742173.659530,313,9,T_PERIODIC_EXPIRY_BSR,SHORT_BSR,2,31
1785742173.659530,314,9,T_PERIODIC_EXPIRY_BSR,SHORT_BSR,2,31
1785742173.659530,315,9,T_PERIODIC_EXPIRY_BSR,SHORT_BSR,2,31
1785742173.659530,316,9,T_PERIODIC_EXPIRY_BSR,SHORT_BSR,2,31
1785742173.659530,317,9,T_PERIODIC_EXPIRY_BSR,SHORT_BSR,2,31
1785742173.809530,318,9,T_PERIODIC_EXPIRY_BSR,SHORT_BSR,2,31
1785742173.809530,319,9,T_PERIODIC_EXPIRY_BSR,SHORT_BSR,2,31
1785742173.809530,320,9,T_PERIODIC_EXPIRY_BSR,SHORT_BSR,2,31
1785742173.809530,321,9,T_PERIODIC_EXPIRY_BSR,SHORT_BSR,2,31
1785742173.809530,322,9,T_PERIODIC_EXPIRY_BSR,SHORT_BSR,2,31
1785742173.809530,323,9,T_PERIODIC_EXPIRY_BSR,SHORT_BSR,2,31
1785742173.809530,324,9,T_PERIODIC_EXPIRY_BSR,SHORT_BSR,2,31
1785742173.809530,325,9,T_PERIODIC_EXPIRY_BSR,SHORT_BSR,2,31
1785742173.809530,326,9,T_PERIODIC_EXPIRY_BSR,SHORT_BSR,2,31
1785742173.809530,327,9,T_PERIODIC_EXPIRY_BSR,SHORT_BSR,2,31
1785742173.809530,328,9,T_PERIODIC_EXPIRY_BSR,SHORT_BSR,2,31
1785742173.809530,329,9,T_PERIODIC_EXPIRY_BSR,SHORT_BSR,2,31
1785742173.809530,330,9,T_PERIODIC_EXPIRY_BSR,SHORT_BSR,2,31
1785742173.809530,331,9,T_PERIODIC_EXPIRY_BSR,SHORT_BSR,2,31
1785742173.809530,332,9,T_PERIODIC_EXPIRY_BSR,SHORT_BSR,2,31
1785742173.959535,333,9,T_PERIODIC_EXPIRY_BSR,SHORT_BSR,2,31
1785742173.959535,334,9,T_PERIODIC_EXPIRY_BSR,SHORT_BSR,2,31
1785742173.959535,335,9,T_PERIODIC_EXPIRY_BSR,SHORT_BSR,2,31
1785742173.959535,336,9,T_PERIODIC_EXPIRY_BSR,SHORT_BSR,2,31
1785742173.959535,337,9,T_PERIODIC_EXPIRY_BSR,SHORT_BSR,2,31
1785742173.959535,338,9,T_PERIODIC_EXPIRY_BSR,SHORT_BSR,2,31
1785742173.959535,339,9,T_PERIODIC_EXPIRY_BSR,SHORT_BSR,2,31
1785742173.959535,340,9,T_PERIODIC_EXPIRY_BSR,SHORT_BSR,2,31
1785742173.959535,341,9,T_PERIODIC_EXPIRY_BSR,SHORT_BSR,2,31
1785742173.959535,342,9,T_PERIODIC_EXPIRY_BSR,SHORT_BSR,2,31
1785742173.959535,343,9,T_PERIODIC_EXPIRY_BSR,SHORT_BSR,2,31
1785742173.959535,344,9,T_PERIODIC_EXPIRY_BSR,SHORT_BSR,2,31
1785742173.959535,345,9,T_PERIODIC_EXPIRY_BSR,SHORT_BSR,2,31
1785742173.959535,346,9,T_PERIODIC_EXPIRY_BSR,SHORT_BSR,2,31
1785742173.959535,347,9,T_PERIODIC_EXPIRY_BSR,SHORT_BSR,2,31
1785742174.109535,348,9,T_PERIODIC_EXPIRY_BSR,SHORT_BSR,2,31
1785742174.109535,349,9,T_PERIODIC_EXPIRY_BSR,SHORT_BSR,2,31
1785742174.109535,350,9,T_PERIODIC_EXPIRY_BSR,SHORT_BSR,2,31
1785742174.109535,351,9,T_PERIODIC_EXPIRY_BSR,SHORT_BSR,2,31
1785742174.109535,352,9,T_PERIODIC_EXPIRY_BSR,SHORT_BSR,2,31
1785742174.109535,353,9,T_PERIODIC_EXPIRY_BSR,SHORT_BSR,2,31
1785742174.109535,354,9,T_PERIODIC_EXPIRY_BSR,SHORT_BSR,2,31
1785742174.109535,355,9,T_PERIODIC_EXPIRY_BSR,SHORT_BSR,2,31
1785742174.109535,356,9,T_PERIODIC_EXPIRY_BSR,SHORT_BSR,2,31
1785742174.109535,357,9,T_PERIODIC_EXPIRY_BSR,SHORT_BSR,2,31
1785742174.109535,358,9,T_PERIODIC_EXPIRY_BSR,SHORT_BSR,2,31
1785742174.109535,359,9,T_PERIODIC_EXPIRY_BSR,SHORT_BSR,2,31
1785742174.109535,360,9,T_PERIODIC_EXPIRY_BSR,SHORT_BSR,2,31
1785742174.109535,361,9,T_PERIODIC_EXPIRY_BSR,SHORT_BSR,2,31
1785742174.109535,362,9,T_PERIODIC_EXPIRY_BSR,SHORT_BSR,2,31
1785742174.259532,363,9,T_PERIODIC_EXPIRY_BSR,SHORT_BSR,2,31
1785742174.259532,364,9,T_PERIODIC_EXPIRY_BSR,SHORT_BSR,2,31
1785742174.259532,365,9,T_PERIODIC_EXPIRY_BSR,SHORT_BSR,2,31
1785742174.259532,366,9,T_PERIODIC_EXPIRY_BSR,SHORT_BSR,2,31
1785742174.259532,367,9,T_PERIODIC_EXPIRY_BSR,SHORT_BSR,2,31
1785742174.259532,368,9,T_PERIODIC_EXPIRY_BSR,SHORT_BSR,2,31
1785742174.259532,369,9,T_PERIODIC_EXPIRY_BSR,SHORT_BSR,2,31
1785742174.259532,370,9,T_PERIODIC_EXPIRY_BSR,SHORT_BSR,2,31
1785742174.259532,371,9,T_PERIODIC_EXPIRY_BSR,SHORT_BSR,2,31
1785742174.259532,372,9,T_PERIODIC_EXPIRY_BSR,SHORT_BSR,2,31
1785742174.259532,373,9,T_PERIODIC_EXPIRY_BSR,SHORT_BSR,2,31
1785742174.259532,374,9,T_PERIODIC_EXPIRY_BSR,SHORT_BSR,2,31
1785742174.259532,375,9,T_PERIODIC_EXPIRY_BSR,SHORT_BSR,2,31
1785742174.259532,376,9,T_PERIODIC_EXPIRY_BSR,SHORT_BSR,2,31
1785742174.259532,377,9,T_PERIODIC_EXPIRY_BSR,SHORT_BSR,2,31
1785742174.414541,378,9,T_PERIODIC_EXPIRY_BSR,SHORT_BSR,2,31
1785742174.414541,379,9,T_PERIODIC_EXPIRY_BSR,SHORT_BSR,2,31
1785742174.414541,380,9,T_PERIODIC_EXPIRY_BSR,SHORT_BSR,2,31
1785742174.414541,381,9,T_PERIODIC_EXPIRY_BSR,SHORT_BSR,2,31
1785742174.414541,382,9,T_PERIODIC_EXPIRY_BSR,SHORT_BSR,2,31
1785742174.414541,383,9,T_PERIODIC_EXPIRY_BSR,SHORT_BSR,2,31
1785742174.414541,384,9,T_PERIODIC_EXPIRY_BSR,SHORT_BSR,2,31
1785742174.414541,385,9,T_PERIODIC_EXPIRY_BSR,SHORT_BSR,2,31
1785742174.414541,386,9,T_PERIODIC_EXPIRY_BSR,SHORT_BSR,2,31
1785742174.414541,387,9,T_PERIODIC_EXPIRY_BSR,SHORT_BSR,2,31
1785742174.414541,388,9,T_PERIODIC_EXPIRY_BSR,SHORT_BSR,2,31
1785742174.414541,389,9,T_PERIODIC_EXPIRY_BSR,SHORT_BSR,2,31
1785742174.414541,390,9,T_PERIODIC_EXPIRY_BSR,SHORT_BSR,2,31
1785742174.414541,391,19,T_PERIODIC_EXPIRY_BSR,SHORT_BSR,2,31
1785742174.414541,392,19,T_PERIODIC_EXPIRY_BSR,SHORT_BSR,2,31
1785742174.564530,393,19,T_PERIODIC_EXPIRY_BSR,SHORT_BSR,2,31
1785742174.564530,394,19,T_PERIODIC_EXPIRY_BSR,SHORT_BSR,2,31
1785742174.564530,395,19,T_PERIODIC_EXPIRY_BSR,SHORT_BSR,2,31
1785742174.564530,396,19,T_PERIODIC_EXPIRY_BSR,SHORT_BSR,2,31
1785742174.564530,397,19,T_PERIODIC_EXPIRY_BSR,SHORT_BSR,2,31
1785742174.564530,398,19,T_PERIODIC_EXPIRY_BSR,SHORT_BSR,2,31
1785742174.564530,399,19,T_PERIODIC_EXPIRY_BSR,SHORT_BSR,2,31
1785742174.564530,400,19,T_PERIODIC_EXPIRY_BSR,SHORT_BSR,2,31
1785742174.564530,401,19,T_PERIODIC_EXPIRY_BSR,SHORT_BSR,2,31
1785742174.564530,402,19,T_PERIODIC_EXPIRY_BSR,SHORT_BSR,2,31
1785742174.564530,403,19,T_PERIODIC_EXPIRY_BSR,SHORT_BSR,2,31
1785742174.564530,404,19,T_PERIODIC_EXPIRY_BSR,SHORT_BSR,2,31
1785742174.564530,405,19,T_PERIODIC_EXPIRY_BSR,SHORT_BSR,2,31
1785742174.564530,406,19,T_PERIODIC_EXPIRY_BSR,SHORT_BSR,2,31
1785742174.564530,407,19,T_PERIODIC_EXPIRY_BSR,SHORT_BSR,2,31
1785742174.714533,408,19,T_PERIODIC_EXPIRY_BSR,SHORT_BSR,2,31
1785742174.714533,409,19,T_PERIODIC_EXPIRY_BSR,SHORT_BSR,2,31
1785742174.714533,410,19,T_PERIODIC_EXPIRY_BSR,SHORT_BSR,2,31
1785742174.714533,411,19,T_PERIODIC_EXPIRY_BSR,SHORT_BSR,2,31
1785742174.714533,412,19,T_PERIODIC_EXPIRY_BSR,SHORT_BSR,2,31
1785742174.714533,413,19,T_PERIODIC_EXPIRY_BSR,SHORT_BSR,2,31
1785742174.714533,414,19,T_PERIODIC_EXPIRY_BSR,SHORT_BSR,2,31
1785742174.714533,415,19,T_PERIODIC_EXPIRY_BSR,SHORT_BSR,2,31
1785742174.714533,416,19,T_PERIODIC_EXPIRY_BSR,SHORT_BSR,2,31
1785742174.714533,417,19,T_PERIODIC_EXPIRY_BSR,SHORT_BSR,2,31
1785742174.714533,418,19,T_PERIODIC_EXPIRY_BSR,SHORT_BSR,2,31
1785742174.714533,419,19,T_PERIODIC_EXPIRY_BSR,SHORT_BSR,2,31
1785742174.714533,420,19,T_PERIODIC_EXPIRY_BSR,SHORT_BSR,2,31
1785742174.714533,421,19,T_PERIODIC_EXPIRY_BSR,SHORT_BSR,2,31
1785742174.714533,422,19,T_PERIODIC_EXPIRY_BSR,SHORT_BSR,2,31
1785742174.864539,423,19,T_PERIODIC_EXPIRY_BSR,SHORT_BSR,2,31
1785742174.864539,424,19,T_PERIODIC_EXPIRY_BSR,SHORT_BSR,2,31
1785742174.864539,425,19,T_PERIODIC_EXPIRY_BSR,SHORT_BSR,2,31
1785742174.864539,426,19,T_PERIODIC_EXPIRY_BSR,SHORT_BSR,2,31
1785742174.864539,427,19,T_PERIODIC_EXPIRY_BSR,SHORT_BSR,2,31
1785742174.864539,428,19,T_PERIODIC_EXPIRY_BSR,SHORT_BSR,2,31
1785742174.864539,429,19,T_PERIODIC_EXPIRY_BSR,SHORT_BSR,2,31
1785742174.864539,430,19,T_PERIODIC_EXPIRY_BSR,SHORT_BSR,2,31
1785742174.864539,431,19,T_PERIODIC_EXPIRY_BSR,SHORT_BSR,2,31
1785742174.864539,432,19,T_PERIODIC_EXPIRY_BSR,SHORT_BSR,2,31
1785742174.864539,433,19,T_PERIODIC_EXPIRY_BSR,SHORT_BSR,2,31
1785742174.864539,434,19,T_PERIODIC_EXPIRY_BSR,SHORT_BSR,2,31
1785742174.864539,435,19,T_PERIODIC_EXPIRY_BSR,SHORT_BSR,2,31
1785742174.864539,436,19,T_PERIODIC_EXPIRY_BSR,SHORT_BSR,2,31
1785742174.864539,437,19,T_PERIODIC_EXPIRY_BSR,SHORT_BSR,2,31
1785742175.014538,438,19,T_PERIODIC_EXPIRY_BSR,SHORT_BSR,2,31
1785742175.014538,439,19,T_PERIODIC_EXPIRY_BSR,SHORT_BSR,2,31
1785742175.014538,440,19,T_PERIODIC_EXPIRY_BSR,SHORT_BSR,2,31
1785742175.014538,441,19,T_PERIODIC_EXPIRY_BSR,SHORT_BSR,2,31
1785742175.014538,442,19,T_PERIODIC_EXPIRY_BSR,SHORT_BSR,2,31
1785742175.014538,443,19,T_PERIODIC_EXPIRY_BSR,SHORT_BSR,2,31
1785742175.014538,444,19,T_PERIODIC_EXPIRY_BSR,SHORT_BSR,2,31
1785742175.014538,445,19,T_PERIODIC_EXPIRY_BSR,SHORT_BSR,2,31
1785742175.014538,446,19,T_PERIODIC_EXPIRY_BSR,SHORT_BSR,2,31
1785742175.014538,447,19,T_PERIODIC_EXPIRY_BSR,SHORT_BSR,2,31
1785742175.014538,448,19,T_PERIODIC_EXPIRY_BSR,SHORT_BSR,2,31
1785742175.014538,449,19,T_PERIODIC_EXPIRY_BSR,SHORT_BSR,2,31
1785742175.014538,450,19,T_PERIODIC_EXPIRY_BSR,SHORT_BSR,2,31
1785742175.014538,451,19,T_PERIODIC_EXPIRY_BSR,SHORT_BSR,2,31
1785742175.014538,452,19,T_PERIODIC_EXPIRY_BSR,SHORT_BSR,2,31
1785742175.164532,453,19,T_PERIODIC_EXPIRY_BSR,SHORT_BSR,2,31
1785742175.164532,454,19,T_PERIODIC_EXPIRY_BSR,SHORT_BSR,2,31
1785742175.164532,455,19,T_PERIODIC_EXPIRY_BSR,SHORT_BSR,2,31
1785742175.164532,456,19,T_PERIODIC_EXPIRY_BSR,SHORT_BSR,2,31
1785742175.164532,457,19,T_PERIODIC_EXPIRY_BSR,SHORT_BSR,2,31
1785742175.164532,458,19,T_PERIODIC_EXPIRY_BSR,SHORT_BSR,2,31
1785742175.164532,459,19,T_PERIODIC_EXPIRY_BSR,SHORT_BSR,2,31
1785742175.164532,460,19,T_PERIODIC_EXPIRY_BSR,SHORT_BSR,2,31
1785742175.164532,461,19,T_PERIODIC_EXPIRY_BSR,SHORT_BSR,2,31
1785742175.164532,462,19,T_PERIODIC_EXPIRY_BSR,SHORT_BSR,2,31
1785742175.164532,463,19,T_PERIODIC_EXPIRY_BSR,SHORT_BSR,2,31
1785742175.164532,464,19,T_PERIODIC_EXPIRY_BSR,SHORT_BSR,2,31
1785742175.164532,465,19,T_PERIODIC_EXPIRY_BSR,SHORT_BSR,2,31
1785742175.164532,466,19,T_PERIODIC_EXPIRY_BSR,SHORT_BSR,2,31
1785742175.164532,467,19,T_PERIODIC_EXPIRY_BSR,SHORT_BSR,2,31
1785742175.314532,468,19,T_PERIODIC_EXPIRY_BSR,SHORT_BSR,2,31
1785742175.314532,469,19,T_PERIODIC_EXPIRY_BSR,SHORT_BSR,2,31
1785742175.314532,470,19,T_PERIODIC_EXPIRY_BSR,SHORT_BSR,2,31
1785742175.314532,471,19,T_PERIODIC_EXPIRY_BSR,SHORT_BSR,2,31
1785742175.314532,472,19,T_PERIODIC_EXPIRY_BSR,SHORT_BSR,2,31
1785742175.314532,473,19,T_PERIODIC_EXPIRY_BSR,SHORT_BSR,2,31
1785742175.314532,474,19,T_PERIODIC_EXPIRY_BSR,SHORT_BSR,2,31
1785742175.314532,475,19,T_PERIODIC_EXPIRY_BSR,SHORT_BSR,2,31
1785742175.314532,476,19,T_PERIODIC_EXPIRY_BSR,SHORT_BSR,2,31
1785742175.314532,477,19,T_PERIODIC_EXPIRY_BSR,SHORT_BSR,2,31
1785742175.314532,478,19,T_PERIODIC_EXPIRY_BSR,SHORT_BSR,2,31
1785742175.314532,479,19,T_PERIODIC_EXPIRY_BSR,SHORT_BSR,2,31
1785742175.314532,480,19,T_PERIODIC_EXPIRY_BSR,SHORT_BSR,2,31
1785742175.314532,481,19,T_PERIODIC_EXPIRY_BSR,SHORT_BSR,2,31
1785742175.314532,482,19,T_PERIODIC_EXPIRY_BSR,SHORT_BSR,2,31
1785742175.464539,483,19,T_PERIODIC_EXPIRY_BSR,SHORT_BSR,2,31
1785742175.464539,484,19,T_PERIODIC_EXPIRY_BSR,SHORT_BSR,2,31
1785742175.464539,485,19,T_PERIODIC_EXPIRY_BSR,SHORT_BSR,2,31
1785742175.464539,486,19,T_PERIODIC_EXPIRY_BSR,SHORT_BSR,2,31
1785742175.464539,487,19,T_PERIODIC_EXPIRY_BSR,SHORT_BSR,2,31
1785742175.464539,488,19,T_PERIODIC_EXPIRY_BSR,SHORT_BSR,2,31
1785742175.464539,489,19,T_PERIODIC_EXPIRY_BSR,SHORT_BSR,2,31
1785742175.464539,490,19,T_PERIODIC_EXPIRY_BSR,SHORT_BSR,2,31
1785742175.464539,491,19,T_PERIODIC_EXPIRY_BSR,SHORT_BSR,2,31
1785742175.464539,492,19,T_PERIODIC_EXPIRY_BSR,SHORT_BSR,2,31
1785742175.464539,493,19,T_PERIODIC_EXPIRY_BSR,SHORT_BSR,2,31
1785742175.464539,494,19,T_PERIODIC_EXPIRY_BSR,SHORT_BSR,2,31
1785742175.464539,495,19,T_PERIODIC_EXPIRY_BSR,SHORT_BSR,2,31
1785742175.464539,496,19,T_PERIODIC_EXPIRY_BSR,SHORT_BSR,2,31
1785742175.464539,497,19,T_PERIODIC_EXPIRY_BSR,SHORT_BSR,2,31
1785742175.614537,498,19,T_PERIODIC_EXPIRY_BSR,SHORT_BSR,2,31
1785742175.614537,499,19,T_PERIODIC_EXPIRY_BSR,SHORT_BSR,2,31
1785742175.614537,500,19,T_PERIODIC_EXPIRY_BSR,SHORT_BSR,2,31
1785742175.614537,501,19,T_PERIODIC_EXPIRY_BSR,SHORT_BSR,2,31
1785742175.614537,502,19,T_PERIODIC_EXPIRY_BSR,SHORT_BSR,2,31
1785742175.614537,503,19,T_PERIODIC_EXPIRY_BSR,SHORT_BSR,2,31
1785742175.614537,504,19,T_PERIODIC_EXPIRY_BSR,SHORT_BSR,2,31
1785742175.614537,505,19,T_PERIODIC_EXPIRY_BSR,SHORT_BSR,2,31
1785742175.614537,506,19,T_PERIODIC_EXPIRY_BSR,SHORT_BSR,2,31
1785742175.614537,507,19,T_PERIODIC_EXPIRY_BSR,SHORT_BSR,2,31
1785742175.614537,508,19,T_PERIODIC_EXPIRY_BSR,SHORT_BSR,2,31
1785742175.614537,509,19,T_PERIODIC_EXPIRY_BSR,SHORT_BSR,2,31
1785742175.614537,510,19,T_PERIODIC_EXPIRY_BSR,SHORT_BSR,2,31
1785742175.614537,511,19,T_PERIODIC_EXPIRY_BSR,SHORT_BSR,2,31
1785742175.614537,512,19,T_PERIODIC_EXPIRY_BSR,SHORT_BSR,2,31
1785742175.769535,513,19,T_PERIODIC_EXPIRY_BSR,SHORT_BSR,2,31
1785742175.769535,515,9,T_PERIODIC_EXPIRY_BSR,SHORT_BSR,2,31
1785742175.769535,516,9,T_PERIODIC_EXPIRY_BSR,SHORT_BSR,2,31
1785742175.769535,517,9,T_PERIODIC_EXPIRY_BSR,SHORT_BSR,2,31
1785742175.769535,518,9,T_PERIODIC_EXPIRY_BSR,SHORT_BSR,2,31
1785742175.769535,519,9,T_PERIODIC_EXPIRY_BSR,SHORT_BSR,2,31
1785742175.769535,520,9,T_PERIODIC_EXPIRY_BSR,SHORT_BSR,2,31
1785742175.769535,521,9,T_PERIODIC_EXPIRY_BSR,SHORT_BSR,2,31
1785742175.769535,522,9,T_PERIODIC_EXPIRY_BSR,SHORT_BSR,2,31
1785742175.769535,523,9,T_PERIODIC_EXPIRY_BSR,SHORT_BSR,2,31
1785742175.769535,524,9,T_PERIODIC_EXPIRY_BSR,SHORT_BSR,2,31
1785742175.769535,525,9,T_PERIODIC_EXPIRY_BSR,SHORT_BSR,2,31
1785742175.769535,526,9,T_PERIODIC_EXPIRY_BSR,SHORT_BSR,2,31
1785742175.769535,527,9,T_PERIODIC_EXPIRY_BSR,SHORT_BSR,2,31
1785742175.769535,528,9,T_PERIODIC_EXPIRY_BSR,SHORT_BSR,2,31
1785742175.919527,529,9,T_PERIODIC_EXPIRY_BSR,SHORT_BSR,2,31
1785742175.919527,530,9,T_PERIODIC_EXPIRY_BSR,SHORT_BSR,2,31
1785742175.919527,531,9,T_PERIODIC_EXPIRY_BSR,SHORT_BSR,2,31
1785742175.919527,532,9,T_PERIODIC_EXPIRY_BSR,SHORT_BSR,2,31
1785742175.919527,533,9,T_PERIODIC_EXPIRY_BSR,SHORT_BSR,2,31
1785742175.919527,534,9,T_PERIODIC_EXPIRY_BSR,SHORT_BSR,2,31
1785742175.919527,535,9,T_PERIODIC_EXPIRY_BSR,SHORT_BSR,2,31
1785742175.919527,536,9,T_PERIODIC_EXPIRY_BSR,SHORT_BSR,2,31
1785742175.919527,537,9,T_PERIODIC_EXPIRY_BSR,SHORT_BSR,2,31
1785742175.919527,538,9,T_PERIODIC_EXPIRY_BSR,SHORT_BSR,2,31
1785742175.919527,539,9,T_PERIODIC_EXPIRY_BSR,SHORT_BSR,2,31
1785742175.919527,540,9,T_PERIODIC_EXPIRY_BSR,SHORT_BSR,2,31
1785742175.919527,541,9,T_PERIODIC_EXPIRY_BSR,SHORT_BSR,2,31
1785742175.919527,542,9,T_PERIODIC_EXPIRY_BSR,SHORT_BSR,2,31
1785742175.919527,543,9,T_PERIODIC_EXPIRY_BSR,SHORT_BSR,2,31
1785742176.078920,544,9,T_PERIODIC_EXPIRY_BSR,SHORT_BSR,2,31
1785742176.078920,545,9,T_PERIODIC_EXPIRY_BSR,SHORT_BSR,2,31
1785742176.078920,546,9,T_PERIODIC_EXPIRY_BSR,SHORT_BSR,2,31
1785742176.078920,547,9,T_PERIODIC_EXPIRY_BSR,SHORT_BSR,2,31
1785742176.078920,548,9,T_PERIODIC_EXPIRY_BSR,SHORT_BSR,2,31
1785742176.078920,549,9,T_PERIODIC_EXPIRY_BSR,SHORT_BSR,2,31
1785742176.078920,551,7,T_PERIODIC_EXPIRY_BSR,SHORT_BSR,2,31
1785742176.078920,552,7,T_PERIODIC_EXPIRY_BSR,SHORT_BSR,2,31
1785742176.078920,553,7,T_PERIODIC_EXPIRY_BSR,SHORT_BSR,2,31
1785742176.078920,554,7,T_PERIODIC_EXPIRY_BSR,SHORT_BSR,2,31
1785742176.078920,555,7,T_PERIODIC_EXPIRY_BSR,SHORT_BSR,2,31
1785742176.078920,556,7,T_PERIODIC_EXPIRY_BSR,SHORT_BSR,2,31
1785742176.078920,557,7,T_PERIODIC_EXPIRY_BSR,SHORT_BSR,2,31
1785742176.078920,558,7,T_PERIODIC_EXPIRY_BSR,SHORT_BSR,2,31
1785742176.078920,559,7,T_PERIODIC_EXPIRY_BSR,SHORT_BSR,2,31
1785742176.228922,560,7,T_PERIODIC_EXPIRY_BSR,SHORT_BSR,2,31
1785742176.228922,561,7,T_PERIODIC_EXPIRY_BSR,SHORT_BSR,2,31
1785742176.228922,562,7,T_PERIODIC_EXPIRY_BSR,SHORT_BSR,2,31
1785742176.228922,563,7,T_PERIODIC_EXPIRY_BSR,SHORT_BSR,2,31
1785742176.228922,564,7,T_PERIODIC_EXPIRY_BSR,SHORT_BSR,2,31
1785742176.228922,565,7,T_PERIODIC_EXPIRY_BSR,SHORT_BSR,2,31
1785742176.228922,566,7,T_PERIODIC_EXPIRY_BSR,SHORT_BSR,2,31
1785742176.228922,567,7,T_PERIODIC_EXPIRY_BSR,SHORT_BSR,2,31
1785742176.228922,568,7,T_PERIODIC_EXPIRY_BSR,SHORT_BSR,2,31
1785742176.228922,569,7,T_PERIODIC_EXPIRY_BSR,SHORT_BSR,2,31
1785742176.228922,570,7,T_PERIODIC_EXPIRY_BSR,SHORT_BSR,2,31
1785742176.228922,571,7,T_PERIODIC_EXPIRY_BSR,SHORT_BSR,2,31
1785742176.228922,572,7,T_PERIODIC_EXPIRY_BSR,SHORT_BSR,2,31
1785742176.228922,573,7,T_PERIODIC_EXPIRY_BSR,SHORT_BSR,2,31
1785742176.228922,574,7,T_PERIODIC_EXPIRY_BSR,SHORT_BSR,2,31
1785742176.378924,575,7,T_PERIODIC_EXPIRY_BSR,SHORT_BSR,2,31
1785742176.378924,576,7,T_PERIODIC_EXPIRY_BSR,SHORT_BSR,2,31
1785742176.378924,577,7,T_PERIODIC_EXPIRY_BSR,SHORT_BSR,2,31
1785742176.378924,578,7,T_PERIODIC_EXPIRY_BSR,SHORT_BSR,2,31
1785742176.378924,579,7,T_PERIODIC_EXPIRY_BSR,SHORT_BSR,2,31
1785742176.378924,580,7,T_PERIODIC_EXPIRY_BSR,SHORT_BSR,2,31
1785742176.378924,581,7,T_PERIODIC_EXPIRY_BSR,SHORT_BSR,2,31
1785742176.378924,582,7,T_PERIODIC_EXPIRY_BSR,SHORT_BSR,2,31
1785742176.378924,583,7,T_PERIODIC_EXPIRY_BSR,SHORT_BSR,2,31
1785742176.378924,584,7,T_PERIODIC_EXPIRY_BSR,SHORT_BSR,2,31
1785742176.378924,585,7,T_PERIODIC_EXPIRY_BSR,SHORT_BSR,2,31
1785742176.378924,586,7,T_PERIODIC_EXPIRY_BSR,SHORT_BSR,2,31
1785742176.378924,587,7,T_PERIODIC_EXPIRY_BSR,SHORT_BSR,2,31
1785742176.378924,588,7,T_PERIODIC_EXPIRY_BSR,SHORT_BSR,2,31
1785742176.378924,589,7,T_PERIODIC_EXPIRY_BSR,SHORT_BSR,2,31
1785742176.528919,590,7,T_PERIODIC_EXPIRY_BSR,SHORT_BSR,2,31
1785742176.528919,591,7,T_PERIODIC_EXPIRY_BSR,SHORT_BSR,2,31
1785742176.528919,592,7,T_PERIODIC_EXPIRY_BSR,SHORT_BSR,2,31
1785742176.528919,593,7,T_PERIODIC_EXPIRY_BSR,SHORT_BSR,2,31
1785742176.528919,594,7,T_PERIODIC_EXPIRY_BSR,SHORT_BSR,2,31
1785742176.528919,595,7,T_PERIODIC_EXPIRY_BSR,SHORT_BSR,2,31
1785742176.528919,596,7,T_PERIODIC_EXPIRY_BSR,SHORT_BSR,2,31
1785742176.528919,597,7,T_PERIODIC_EXPIRY_BSR,SHORT_BSR,2,31
1785742176.528919,598,7,T_PERIODIC_EXPIRY_BSR,SHORT_BSR,2,31
1785742176.528919,599,7,T_PERIODIC_EXPIRY_BSR,SHORT_BSR,2,31
1785742176.528919,600,7,T_PERIODIC_EXPIRY_BSR,SHORT_BSR,2,31
1785742176.528919,601,7,T_PERIODIC_EXPIRY_BSR,SHORT_BSR,2,31
1785742176.528919,602,7,T_PERIODIC_EXPIRY_BSR,SHORT_BSR,2,31
1785742176.528919,603,7,T_PERIODIC_EXPIRY_BSR,SHORT_BSR,2,31
1785742176.528919,604,7,T_PERIODIC_EXPIRY_BSR,SHORT_BSR,2,31
1785742176.678925,605,7,T_PERIODIC_EXPIRY_BSR,SHORT_BSR,2,31
1785742176.678925,606,7,T_PERIODIC_EXPIRY_BSR,SHORT_BSR,2,31
1785742176.678925,607,7,T_PERIODIC_EXPIRY_BSR,SHORT_BSR,2,31
1785742176.678925,608,7,T_PERIODIC_EXPIRY_BSR,SHORT_BSR,2,31
1785742176.678925,609,7,T_PERIODIC_EXPIRY_BSR,SHORT_BSR,2,31
1785742176.678925,610,7,T_PERIODIC_EXPIRY_BSR,SHORT_BSR,2,31
1785742176.678925,611,7,T_PERIODIC_EXPIRY_BSR,SHORT_BSR,2,31
1785742176.678925,612,7,T_PERIODIC_EXPIRY_BSR,SHORT_BSR,2,31
1785742176.678925,613,7,T_PERIODIC_EXPIRY_BSR,SHORT_BSR,2,31
1785742176.678925,614,7,T_PERIODIC_EXPIRY_BSR,SHORT_BSR,2,31
1785742176.678925,615,7,T_PERIODIC_EXPIRY_BSR,SHORT_BSR,2,31
1785742176.678925,616,7,T_PERIODIC_EXPIRY_BSR,SHORT_BSR,2,31
1785742176.678925,617,7,T_PERIODIC_EXPIRY_BSR,SHORT_BSR,2,31
1785742176.678925,618,7,T_PERIODIC_EXPIRY_BSR,SHORT_BSR,2,31
1785742176.678925,619,7,T_PERIODIC_EXPIRY_BSR,SHORT_BSR,2,31
1785742176.828926,620,7,T_PERIODIC_EXPIRY_BSR,SHORT_BSR,2,31
1785742176.828926,621,7,T_PERIODIC_EXPIRY_BSR,SHORT_BSR,2,31
1785742176.828926,622,7,T_PERIODIC_EXPIRY_BSR,SHORT_BSR,2,31
1785742176.828926,623,7,T_PERIODIC_EXPIRY_BSR,SHORT_BSR,2,31
1785742176.828926,624,7,T_PERIODIC_EXPIRY_BSR,SHORT_BSR,2,31
1785742176.828926,625,7,T_PERIODIC_EXPIRY_BSR,SHORT_BSR,2,31
1785742176.828926,626,7,T_PERIODIC_EXPIRY_BSR,SHORT_BSR,2,31
1785742176.828926,627,7,T_PERIODIC_EXPIRY_BSR,SHORT_BSR,2,31
1785742176.828926,628,7,T_PERIODIC_EXPIRY_BSR,SHORT_BSR,2,31
1785742176.828926,629,7,T_PERIODIC_EXPIRY_BSR,SHORT_BSR,2,31
1785742176.828926,630,7,T_PERIODIC_EXPIRY_BSR,SHORT_BSR,2,31
1785742176.828926,631,7,T_PERIODIC_EXPIRY_BSR,SHORT_BSR,2,31
1785742176.828926,632,7,T_PERIODIC_EXPIRY_BSR,SHORT_BSR,2,31
1785742176.828926,633,7,T_PERIODIC_EXPIRY_BSR,SHORT_BSR,2,31
1785742176.828926,634,7,T_PERIODIC_EXPIRY_BSR,SHORT_BSR,2,31
1785742176.978925,635,7,T_PERIODIC_EXPIRY_BSR,SHORT_BSR,2,31
1785742176.978925,636,7,T_PERIODIC_EXPIRY_BSR,SHORT_BSR,2,31
1785742176.978925,637,7,T_PERIODIC_EXPIRY_BSR,SHORT_BSR,2,31
1785742176.978925,638,7,T_PERIODIC_EXPIRY_BSR,SHORT_BSR,2,31
1785742176.978925,639,7,T_PERIODIC_EXPIRY_BSR,SHORT_BSR,2,31
1785742176.978925,640,7,T_PERIODIC_EXPIRY_BSR,SHORT_BSR,2,31
1785742176.978925,641,7,T_PERIODIC_EXPIRY_BSR,SHORT_BSR,2,31
1785742176.978925,642,7,T_PERIODIC_EXPIRY_BSR,SHORT_BSR,2,31
1785742176.978925,643,7,T_PERIODIC_EXPIRY_BSR,SHORT_BSR,2,31
1785742176.978925,644,7,T_PERIODIC_EXPIRY_BSR,SHORT_BSR,2,31
1785742176.978925,645,7,T_PERIODIC_EXPIRY_BSR,SHORT_BSR,2,31
1785742176.978925,646,7,T_PERIODIC_EXPIRY_BSR,SHORT_BSR,2,31
1785742176.978925,647,7,T_PERIODIC_EXPIRY_BSR,SHORT_BSR,2,31
1785742176.978925,648,7,T_PERIODIC_EXPIRY_BSR,SHORT_BSR,2,31
1785742176.978925,649,7,T_PERIODIC_EXPIRY_BSR,SHORT_BSR,2,31
1785742177.134534,650,7,T_PERIODIC_EXPIRY_BSR,SHORT_BSR,2,31
1785742177.134534,651,7,T_PERIODIC_EXPIRY_BSR,SHORT_BSR,2,31
1785742177.134534,652,7,T_PERIODIC_EXPIRY_BSR,SHORT_BSR,2,31
1785742177.134534,653,7,T_PERIODIC_EXPIRY_BSR,SHORT_BSR,2,31
1785742177.134534,654,7,T_PERIODIC_EXPIRY_BSR,SHORT_BSR,2,31
1785742177.134534,655,7,T_PERIODIC_EXPIRY_BSR,SHORT_BSR,2,31
1785742177.134534,656,7,T_PERIODIC_EXPIRY_BSR,SHORT_BSR,2,31
1785742177.134534,657,7,T_PERIODIC_EXPIRY_BSR,SHORT_BSR,2,31
1785742177.134534,658,7,T_PERIODIC_EXPIRY_BSR,SHORT_BSR,2,31
1785742177.134534,659,7,T_PERIODIC_EXPIRY_BSR,SHORT_BSR,2,31
1785742177.134534,660,7,T_PERIODIC_EXPIRY_BSR,SHORT_BSR,2,31
1785742177.134534,661,7,T_PERIODIC_EXPIRY_BSR,SHORT_BSR,2,31
1785742177.134534,662,7,T_PERIODIC_EXPIRY_BSR,SHORT_BSR,2,31
1785742177.134534,663,7,T_PERIODIC_EXPIRY_BSR,SHORT_BSR,2,31
1785742177.134534,664,7,T_PERIODIC_EXPIRY_BSR,SHORT_BSR,2,31
1785742177.284534,665,19,T_PERIODIC_EXPIRY_BSR,SHORT_BSR,2,31
1785742177.284534,666,19,T_PERIODIC_EXPIRY_BSR,SHORT_BSR,2,31
1785742177.284534,667,19,T_PERIODIC_EXPIRY_BSR,SHORT_BSR,2,31
1785742177.284534,668,19,T_PERIODIC_EXPIRY_BSR,SHORT_BSR,2,31
1785742177.284534,669,19,T_PERIODIC_EXPIRY_BSR,SHORT_BSR,2,31
1785742177.284534,670,19,T_PERIODIC_EXPIRY_BSR,SHORT_BSR,2,31
1785742177.284534,671,19,T_PERIODIC_EXPIRY_BSR,SHORT_BSR,2,31
1785742177.284534,672,19,T_PERIODIC_EXPIRY_BSR,SHORT_BSR,2,31
1785742177.284534,673,19,T_PERIODIC_EXPIRY_BSR,SHORT_BSR,2,31
1785742177.284534,674,19,T_PERIODIC_EXPIRY_BSR,SHORT_BSR,2,31
1785742177.284534,675,19,T_PERIODIC_EXPIRY_BSR,SHORT_BSR,2,31
1785742177.284534,676,19,T_PERIODIC_EXPIRY_BSR,SHORT_BSR,2,31
1785742177.284534,677,19,T_PERIODIC_EXPIRY_BSR,SHORT_BSR,2,31
1785742177.284534,678,19,T_PERIODIC_EXPIRY_BSR,SHORT_BSR,2,31
1785742177.284534,679,19,T_PERIODIC_EXPIRY_BSR,SHORT_BSR,2,31
1785742177.434533,680,19,T_PERIODIC_EXPIRY_BSR,SHORT_BSR,2,31
1785742177.434533,681,19,T_PERIODIC_EXPIRY_BSR,SHORT_BSR,2,31
1785742177.434533,682,19,T_PERIODIC_EXPIRY_BSR,SHORT_BSR,2,31
1785742177.434533,683,19,T_PERIODIC_EXPIRY_BSR,SHORT_BSR,2,31
1785742177.434533,684,19,T_PERIODIC_EXPIRY_BSR,SHORT_BSR,2,31
1785742177.434533,685,19,T_PERIODIC_EXPIRY_BSR,SHORT_BSR,2,31
1785742177.434533,686,19,T_PERIODIC_EXPIRY_BSR,SHORT_BSR,2,31
1785742177.434533,687,19,T_PERIODIC_EXPIRY_BSR,SHORT_BSR,2,31
1785742177.434533,688,19,T_PERIODIC_EXPIRY_BSR,SHORT_BSR,2,31
1785742177.434533,689,19,T_PERIODIC_EXPIRY_BSR,SHORT_BSR,2,31
1785742177.434533,690,19,T_PERIODIC_EXPIRY_BSR,SHORT_BSR,2,31
1785742177.434533,691,19,T_PERIODIC_EXPIRY_BSR,SHORT_BSR,2,31
1785742177.434533,692,19,T_PERIODIC_EXPIRY_BSR,SHORT_BSR,2,31
1785742177.434533,693,19,T_PERIODIC_EXPIRY_BSR,SHORT_BSR,2,31
1785742177.434533,694,19,T_PERIODIC_EXPIRY_BSR,SHORT_BSR,2,31
1785742177.588916,695,19,T_PERIODIC_EXPIRY_BSR,SHORT_BSR,2,31
1785742177.588916,696,19,T_PERIODIC_EXPIRY_BSR,SHORT_BSR,2,31
1785742177.588916,697,19,T_PERIODIC_EXPIRY_BSR,SHORT_BSR,2,31
1785742177.588916,698,19,T_PERIODIC_EXPIRY_BSR,SHORT_BSR,2,31
1785742177.588916,699,19,T_PERIODIC_EXPIRY_BSR,SHORT_BSR,2,31
1785742177.588916,700,19,T_PERIODIC_EXPIRY_BSR,SHORT_BSR,2,31
1785742177.588916,701,19,T_PERIODIC_EXPIRY_BSR,SHORT_BSR,2,31
1785742177.588916,702,19,T_PERIODIC_EXPIRY_BSR,SHORT_BSR,2,31
1785742177.588916,703,19,T_PERIODIC_EXPIRY_BSR,SHORT_BSR,2,31
1785742177.588916,704,19,T_PERIODIC_EXPIRY_BSR,SHORT_BSR,2,31
1785742177.588916,705,19,T_PERIODIC_EXPIRY_BSR,SHORT_BSR,2,31
1785742177.588916,706,19,T_PERIODIC_EXPIRY_BSR,SHORT_BSR,2,31
1785742177.588916,708,7,T_PERIODIC_EXPIRY_BSR,SHORT_BSR,2,31
1785742177.588916,709,7,T_PERIODIC_EXPIRY_BSR,SHORT_BSR,2,31
1785742177.588916,710,7,T_PERIODIC_EXPIRY_BSR,SHORT_BSR,2,31
1785742177.738924,711,7,T_PERIODIC_EXPIRY_BSR,SHORT_BSR,2,31
1785742177.738924,712,7,T_PERIODIC_EXPIRY_BSR,SHORT_BSR,2,31
1785742177.738924,713,7,T_PERIODIC_EXPIRY_BSR,SHORT_BSR,2,31
1785742177.738924,714,7,T_PERIODIC_EXPIRY_BSR,SHORT_BSR,2,31
1785742177.738924,715,7,T_PERIODIC_EXPIRY_BSR,SHORT_BSR,2,31
1785742177.738924,716,7,T_PERIODIC_EXPIRY_BSR,SHORT_BSR,2,31
1785742177.738924,717,7,T_PERIODIC_EXPIRY_BSR,SHORT_BSR,2,31
1785742177.738924,718,7,T_PERIODIC_EXPIRY_BSR,SHORT_BSR,2,31
1785742177.738924,719,7,T_PERIODIC_EXPIRY_BSR,SHORT_BSR,2,31
1785742177.738924,720,7,T_PERIODIC_EXPIRY_BSR,SHORT_BSR,2,31
1785742177.738924,721,7,T_PERIODIC_EXPIRY_BSR,SHORT_BSR,2,31
1785742177.738924,722,7,T_PERIODIC_EXPIRY_BSR,SHORT_BSR,2,31
1785742177.738924,723,7,T_PERIODIC_EXPIRY_BSR,SHORT_BSR,2,31
1785742177.738924,724,7,T_PERIODIC_EXPIRY_BSR,SHORT_BSR,2,31
1785742177.738924,725,7,T_PERIODIC_EXPIRY_BSR,SHORT_BSR,2,31
1785742177.888924,726,7,T_PERIODIC_EXPIRY_BSR,SHORT_BSR,2,31
1785742177.888924,727,7,T_PERIODIC_EXPIRY_BSR,SHORT_BSR,2,31
1785742177.888924,728,7,T_PERIODIC_EXPIRY_BSR,SHORT_BSR,2,31
1785742177.888924,729,7,T_PERIODIC_EXPIRY_BSR,SHORT_BSR,2,31
1785742177.888924,730,7,T_PERIODIC_EXPIRY_BSR,SHORT_BSR,2,31
1785742177.888924,731,7,T_PERIODIC_EXPIRY_BSR,SHORT_BSR,2,31
1785742177.888924,732,7,T_PERIODIC_EXPIRY_BSR,SHORT_BSR,2,31
1785742177.888924,733,7,T_PERIODIC_EXPIRY_BSR,SHORT_BSR,2,31
1785742177.888924,734,7,T_PERIODIC_EXPIRY_BSR,SHORT_BSR,2,31
1785742177.888924,735,7,T_PERIODIC_EXPIRY_BSR,SHORT_BSR,2,31
1785742177.888924,736,7,T_PERIODIC_EXPIRY_BSR,SHORT_BSR,2,31
1785742177.888924,737,7,T_PERIODIC_EXPIRY_BSR,SHORT_BSR,2,31
1785742177.888924,738,7,T_PERIODIC_EXPIRY_BSR,SHORT_BSR,2,31
1785742177.888924,739,7,T_PERIODIC_EXPIRY_BSR,SHORT_BSR,2,31
1785742177.888924,740,7,T_PERIODIC_EXPIRY_BSR,SHORT_BSR,2,31
1785742178.038922,741,7,T_PERIODIC_EXPIRY_BSR,SHORT_BSR,2,31
1785742178.038922,742,7,T_PERIODIC_EXPIRY_BSR,SHORT_BSR,2,31
1785742178.038922,743,7,T_PERIODIC_EXPIRY_BSR,SHORT_BSR,2,31
1785742178.038922,744,7,T_PERIODIC_EXPIRY_BSR,SHORT_BSR,2,31
1785742178.038922,745,7,T_PERIODIC_EXPIRY_BSR,SHORT_BSR,2,31
1785742178.038922,746,7,T_PERIODIC_EXPIRY_BSR,SHORT_BSR,2,31
1785742178.038922,747,7,T_PERIODIC_EXPIRY_BSR,SHORT_BSR,2,31
1785742178.038922,748,7,T_PERIODIC_EXPIRY_BSR,SHORT_BSR,2,31
1785742178.038922,749,7,T_PERIODIC_EXPIRY_BSR,SHORT_BSR,2,31
1785742178.038922,750,7,T_PERIODIC_EXPIRY_BSR,SHORT_BSR,2,31
1785742178.038922,751,7,T_PERIODIC_EXPIRY_BSR,SHORT_BSR,2,31
1785742178.038922,752,7,T_PERIODIC_EXPIRY_BSR,SHORT_BSR,2,31
1785742178.038922,753,7,T_PERIODIC_EXPIRY_BSR,SHORT_BSR,2,31
1785742178.038922,754,7,T_PERIODIC_EXPIRY_BSR,SHORT_BSR,2,31
1785742178.038922,755,7,T_PERIODIC_EXPIRY_BSR,SHORT_BSR,2,31
1785742178.188923,756,7,T_PERIODIC_EXPIRY_BSR,SHORT_BSR,2,31
1785742178.188923,757,7,T_PERIODIC_EXPIRY_BSR,SHORT_BSR,2,31
1785742178.188923,758,7,T_PERIODIC_EXPIRY_BSR,SHORT_BSR,2,31
1785742178.188923,759,7,T_PERIODIC_EXPIRY_BSR,SHORT_BSR,2,31
1785742178.188923,760,7,T_PERIODIC_EXPIRY_BSR,SHORT_BSR,2,31
1785742178.188923,761,7,T_PERIODIC_EXPIRY_BSR,SHORT_BSR,2,31
1785742178.188923,762,7,T_PERIODIC_EXPIRY_BSR,SHORT_BSR,2,31
1785742178.188923,763,7,T_PERIODIC_EXPIRY_BSR,SHORT_BSR,2,31
1785742178.188923,764,7,T_PERIODIC_EXPIRY_BSR,SHORT_BSR,2,31
1785742178.188923,765,7,T_PERIODIC_EXPIRY_BSR,SHORT_BSR,2,31
1785742178.188923,766,7,T_PERIODIC_EXPIRY_BSR,SHORT_BSR,2,31
1785742178.188923,767,7,T_PERIODIC_EXPIRY_BSR,SHORT_BSR,2,31
1785742178.188923,768,7,T_PERIODIC_EXPIRY_BSR,SHORT_BSR,2,31
1785742178.188923,769,7,T_PERIODIC_EXPIRY_BSR,SHORT_BSR,2,31
1785742178.188923,770,7,T_PERIODIC_EXPIRY_BSR,SHORT_BSR,2,31
1785742178.338923,771,7,T_PERIODIC_EXPIRY_BSR,SHORT_BSR,2,31
1785742178.338923,772,7,T_PERIODIC_EXPIRY_BSR,SHORT_BSR,2,31
1785742178.338923,773,7,T_PERIODIC_EXPIRY_BSR,SHORT_BSR,2,31
1785742178.338923,774,7,T_PERIODIC_EXPIRY_BSR,SHORT_BSR,2,31
1785742178.338923,775,7,T_PERIODIC_EXPIRY_BSR,SHORT_BSR,2,31
1785742178.338923,776,7,T_PERIODIC_EXPIRY_BSR,SHORT_BSR,2,31
1785742178.338923,777,7,T_PERIODIC_EXPIRY_BSR,SHORT_BSR,2,31
1785742178.338923,778,7,T_PERIODIC_EXPIRY_BSR,SHORT_BSR,2,31
1785742178.338923,779,7,T_PERIODIC_EXPIRY_BSR,SHORT_BSR,2,31
1785742178.338923,780,7,T_PERIODIC_EXPIRY_BSR,SHORT_BSR,2,31
1785742178.338923,781,7,T_PERIODIC_EXPIRY_BSR,SHORT_BSR,2,31
1785742178.338923,782,7,T_PERIODIC_EXPIRY_BSR,SHORT_BSR,2,31
1785742178.338923,783,7,T_PERIODIC_EXPIRY_BSR,SHORT_BSR,2,31
1785742178.338923,784,7,T_PERIODIC_EXPIRY_BSR,SHORT_BSR,2,31
1785742178.338923,785,7,T_PERIODIC_EXPIRY_BSR,SHORT_BSR,2,31
1785742178.488918,786,7,T_PERIODIC_EXPIRY_BSR,SHORT_BSR,2,31
1785742178.488918,787,7,T_PERIODIC_EXPIRY_BSR,SHORT_BSR,2,31
1785742178.488918,788,7,T_PERIODIC_EXPIRY_BSR,SHORT_BSR,2,31
1785742178.488918,789,7,T_PERIODIC_EXPIRY_BSR,SHORT_BSR,2,31
1785742178.488918,790,7,T_PERIODIC_EXPIRY_BSR,SHORT_BSR,2,31
1785742178.488918,791,7,T_PERIODIC_EXPIRY_BSR,SHORT_BSR,2,31
1785742178.488918,792,7,T_PERIODIC_EXPIRY_BSR,SHORT_BSR,2,31
1785742178.488918,793,7,T_PERIODIC_EXPIRY_BSR,SHORT_BSR,2,31
1785742178.488918,794,7,T_PERIODIC_EXPIRY_BSR,SHORT_BSR,2,31
1785742178.488918,795,7,T_PERIODIC_EXPIRY_BSR,SHORT_BSR,2,31
1785742178.488918,796,7,T_PERIODIC_EXPIRY_BSR,SHORT_BSR,2,31
1785742178.488918,797,7,T_PERIODIC_EXPIRY_BSR,SHORT_BSR,2,31
1785742178.488918,798,7,T_PERIODIC_EXPIRY_BSR,SHORT_BSR,2,31
1785742178.488918,799,7,T_PERIODIC_EXPIRY_BSR,SHORT_BSR,2,31
1785742178.488918,800,7,T_PERIODIC_EXPIRY_BSR,SHORT_BSR,2,31
1785742178.638920,801,7,T_PERIODIC_EXPIRY_BSR,SHORT_BSR,2,31
1785742178.638920,802,7,T_PERIODIC_EXPIRY_BSR,SHORT_BSR,2,31
1785742178.638920,803,7,T_PERIODIC_EXPIRY_BSR,SHORT_BSR,2,31
1785742178.638920,804,7,T_PERIODIC_EXPIRY_BSR,SHORT_BSR,2,31
1785742178.638920,805,7,T_PERIODIC_EXPIRY_BSR,SHORT_BSR,2,31
1785742178.638920,806,7,T_PERIODIC_EXPIRY_BSR,SHORT_BSR,2,31
1785742178.638920,807,7,T_PERIODIC_EXPIRY_BSR,SHORT_BSR,2,31
1785742178.638920,808,7,T_PERIODIC_EXPIRY_BSR,SHORT_BSR,2,31
1785742178.638920,809,7,T_PERIODIC_EXPIRY_BSR,SHORT_BSR,2,31
1785742178.638920,810,7,T_PERIODIC_EXPIRY_BSR,SHORT_BSR,2,31
1785742178.638920,811,7,T_PERIODIC_EXPIRY_BSR,SHORT_BSR,2,31
1785742178.638920,812,7,T_PERIODIC_EXPIRY_BSR,SHORT_BSR,2,31
1785742178.638920,813,7,T_PERIODIC_EXPIRY_BSR,SHORT_BSR,2,31
1785742178.638920,814,7,T_PERIODIC_EXPIRY_BSR,SHORT_BSR,2,31
1785742178.638920,815,7,T_PERIODIC_EXPIRY_BSR,SHORT_BSR,2,31
1785742178.793910,816,7,T_PERIODIC_EXPIRY_BSR,SHORT_BSR,2,31
1785742178.793910,817,7,T_PERIODIC_EXPIRY_BSR,SHORT_BSR,2,31
1785742178.793910,818,7,T_PERIODIC_EXPIRY_BSR,SHORT_BSR,2,31
1785742178.793910,819,7,T_PERIODIC_EXPIRY_BSR,SHORT_BSR,2,31
1785742178.793910,820,7,T_PERIODIC_EXPIRY_BSR,SHORT_BSR,2,31
1785742178.793910,821,7,T_PERIODIC_EXPIRY_BSR,SHORT_BSR,2,31
1785742178.793910,822,7,T_PERIODIC_EXPIRY_BSR,SHORT_BSR,2,31
1785742178.793910,823,7,T_PERIODIC_EXPIRY_BSR,SHORT_BSR,2,31
1785742178.793910,824,17,T_PERIODIC_EXPIRY_BSR,SHORT_BSR,2,31
1785742178.793910,825,17,T_PERIODIC_EXPIRY_BSR,SHORT_BSR,2,31
1785742178.793910,826,17,T_PERIODIC_EXPIRY_BSR,SHORT_BSR,2,31
1785742178.793910,827,17,T_PERIODIC_EXPIRY_BSR,SHORT_BSR,2,31
1785742178.793910,828,17,T_PERIODIC_EXPIRY_BSR,SHORT_BSR,2,31
1785742178.793910,829,17,T_PERIODIC_EXPIRY_BSR,SHORT_BSR,2,31
1785742178.793910,830,17,T_PERIODIC_EXPIRY_BSR,SHORT_BSR,2,31
1785742178.943903,831,17,T_PERIODIC_EXPIRY_BSR,SHORT_BSR,2,31
1785742178.943903,832,17,T_PERIODIC_EXPIRY_BSR,SHORT_BSR,2,31
1785742178.943903,833,17,T_PERIODIC_EXPIRY_BSR,SHORT_BSR,2,31
1785742178.943903,834,17,T_PERIODIC_EXPIRY_BSR,SHORT_BSR,2,31
1785742178.943903,835,17,T_PERIODIC_EXPIRY_BSR,SHORT_BSR,2,31
1785742178.943903,836,17,T_PERIODIC_EXPIRY_BSR,SHORT_BSR,2,31
1785742178.943903,837,17,T_PERIODIC_EXPIRY_BSR,SHORT_BSR,2,31
1785742178.943903,838,17,T_PERIODIC_EXPIRY_BSR,SHORT_BSR,2,31
1785742178.943903,839,17,T_PERIODIC_EXPIRY_BSR,SHORT_BSR,2,31
1785742178.943903,840,17,T_PERIODIC_EXPIRY_BSR,SHORT_BSR,2,31
1785742178.943903,841,17,T_PERIODIC_EXPIRY_BSR,SHORT_BSR,2,31
1785742178.943903,842,17,T_PERIODIC_EXPIRY_BSR,SHORT_BSR,2,31
1785742178.943903,843,17,T_PERIODIC_EXPIRY_BSR,SHORT_BSR,2,31
1785742178.943903,844,17,T_PERIODIC_EXPIRY_BSR,SHORT_BSR,2,31
1785742178.943903,845,17,T_PERIODIC_EXPIRY_BSR,SHORT_BSR,2,31
1785742179.098914,846,17,T_PERIODIC_EXPIRY_BSR,SHORT_BSR,2,31
1785742179.098914,847,17,T_PERIODIC_EXPIRY_BSR,SHORT_BSR,2,31
1785742179.098914,848,17,T_PERIODIC_EXPIRY_BSR,SHORT_BSR,2,31
1785742179.098914,849,17,T_PERIODIC_EXPIRY_BSR,SHORT_BSR,2,31
1785742179.098914,850,17,T_PERIODIC_EXPIRY_BSR,SHORT_BSR,2,31
1785742179.098914,851,17,T_PERIODIC_EXPIRY_BSR,SHORT_BSR,2,31
1785742179.098914,852,17,T_PERIODIC_EXPIRY_BSR,SHORT_BSR,2,31
1785742179.098914,853,17,T_PERIODIC_EXPIRY_BSR,SHORT_BSR,2,31
1785742179.098914,854,17,T_PERIODIC_EXPIRY_BSR,SHORT_BSR,2,31
1785742179.098914,855,17,T_PERIODIC_EXPIRY_BSR,SHORT_BSR,2,31
1785742179.098914,856,17,T_PERIODIC_EXPIRY_BSR,SHORT_BSR,2,31
1785742179.098914,857,18,T_PERIODIC_EXPIRY_BSR,SHORT_BSR,2,31
1785742179.098914,858,17,T_PERIODIC_EXPIRY_BSR,SHORT_BSR,2,31
1785742179.098914,859,19,T_PERIODIC_EXPIRY_BSR,SHORT_BSR,2,31
1785742179.098914,861,7,T_PERIODIC_EXPIRY_BSR,SHORT_BSR,2,31
1785742179.248908,862,7,T_PERIODIC_EXPIRY_BSR,SHORT_BSR,2,31
1785742179.248908,863,7,T_PERIODIC_EXPIRY_BSR,SHORT_BSR,2,31
1785742179.248908,864,7,T_PERIODIC_EXPIRY_BSR,SHORT_BSR,2,31
1785742179.248908,865,7,T_PERIODIC_EXPIRY_BSR,SHORT_BSR,2,31
1785742179.248908,866,7,T_PERIODIC_EXPIRY_BSR,SHORT_BSR,2,31
1785742179.248908,867,7,T_PERIODIC_EXPIRY_BSR,SHORT_BSR,2,31
1785742179.248908,868,7,T_PERIODIC_EXPIRY_BSR,SHORT_BSR,2,31
1785742179.248908,869,7,T_PERIODIC_EXPIRY_BSR,SHORT_BSR,2,31
1785742179.248908,870,7,T_PERIODIC_EXPIRY_BSR,SHORT_BSR,2,31
1785742179.248908,871,7,T_PERIODIC_EXPIRY_BSR,SHORT_BSR,2,31
1785742179.248908,872,7,T_PERIODIC_EXPIRY_BSR,SHORT_BSR,2,31
1785742179.248908,873,7,T_PERIODIC_EXPIRY_BSR,SHORT_BSR,2,31
1785742179.248908,874,7,T_PERIODIC_EXPIRY_BSR,SHORT_BSR,2,31
1785742179.248908,875,7,T_PERIODIC_EXPIRY_BSR,SHORT_BSR,2,31
1785742179.248908,876,7,T_PERIODIC_EXPIRY_BSR,SHORT_BSR,2,31
1785742179.398915,877,7,T_PERIODIC_EXPIRY_BSR,SHORT_BSR,2,31
1785742179.398915,878,7,T_PERIODIC_EXPIRY_BSR,SHORT_BSR,2,31
1785742179.398915,879,7,T_PERIODIC_EXPIRY_BSR,SHORT_BSR,2,31
1785742179.398915,880,7,T_PERIODIC_EXPIRY_BSR,SHORT_BSR,2,31
1785742179.398915,881,7,T_PERIODIC_EXPIRY_BSR,SHORT_BSR,2,31
1785742179.398915,882,7,T_PERIODIC_EXPIRY_BSR,SHORT_BSR,2,31
1785742179.398915,883,7,T_PERIODIC_EXPIRY_BSR,SHORT_BSR,2,31
1785742179.398915,884,7,T_PERIODIC_EXPIRY_BSR,SHORT_BSR,2,31
1785742179.398915,885,7,T_PERIODIC_EXPIRY_BSR,SHORT_BSR,2,31
1785742179.398915,886,7,T_PERIODIC_EXPIRY_BSR,SHORT_BSR,2,31
1785742179.398915,887,7,T_PERIODIC_EXPIRY_BSR,SHORT_BSR,2,31
1785742179.398915,888,7,T_PERIODIC_EXPIRY_BSR,SHORT_BSR,2,31
1785742179.398915,889,7,T_PERIODIC_EXPIRY_BSR,SHORT_BSR,2,31
1785742179.398915,890,7,T_PERIODIC_EXPIRY_BSR,SHORT_BSR,2,31
1785742179.398915,891,7,T_PERIODIC_EXPIRY_BSR,SHORT_BSR,2,31
1785742179.548910,892,7,T_PERIODIC_EXPIRY_BSR,SHORT_BSR,2,31
1785742179.548910,893,8,T_PERIODIC_EXPIRY_BSR,SHORT_BSR,2,31
1785742179.548910,894,7,T_PERIODIC_EXPIRY_BSR,SHORT_BSR,2,31
1785742179.548910,895,7,T_PERIODIC_EXPIRY_BSR,SHORT_BSR,2,31
1785742179.548910,896,7,T_PERIODIC_EXPIRY_BSR,SHORT_BSR,2,31
1785742179.548910,897,7,T_PERIODIC_EXPIRY_BSR,SHORT_BSR,2,31
1785742179.548910,898,7,T_PERIODIC_EXPIRY_BSR,SHORT_BSR,2,31
1785742179.548910,899,7,T_PERIODIC_EXPIRY_BSR,SHORT_BSR,2,31
1785742179.548910,900,7,T_PERIODIC_EXPIRY_BSR,SHORT_BSR,2,31
1785742179.548910,901,7,T_PERIODIC_EXPIRY_BSR,SHORT_BSR,2,31
1785742179.548910,902,7,T_PERIODIC_EXPIRY_BSR,SHORT_BSR,2,31
1785742179.548910,903,7,T_PERIODIC_EXPIRY_BSR,SHORT_BSR,2,31
1785742179.548910,904,7,T_PERIODIC_EXPIRY_BSR,SHORT_BSR,2,31
1785742179.548910,905,7,T_PERIODIC_EXPIRY_BSR,SHORT_BSR,2,31
1785742179.548910,906,7,T_PERIODIC_EXPIRY_BSR,SHORT_BSR,2,31
1785742179.698914,907,7,T_PERIODIC_EXPIRY_BSR,SHORT_BSR,2,31
1785742179.698914,908,7,T_PERIODIC_EXPIRY_BSR,SHORT_BSR,2,31
1785742179.698914,909,7,T_PERIODIC_EXPIRY_BSR,SHORT_BSR,2,31
1785742179.698914,910,7,T_PERIODIC_EXPIRY_BSR,SHORT_BSR,2,31
1785742179.698914,911,7,T_PERIODIC_EXPIRY_BSR,SHORT_BSR,2,31
1785742179.698914,912,7,T_PERIODIC_EXPIRY_BSR,SHORT_BSR,2,31
1785742179.698914,913,7,T_PERIODIC_EXPIRY_BSR,SHORT_BSR,2,31
1785742179.698914,914,7,T_PERIODIC_EXPIRY_BSR,SHORT_BSR,2,31
1785742179.698914,915,7,T_PERIODIC_EXPIRY_BSR,SHORT_BSR,2,31
1785742179.698914,916,7,T_PERIODIC_EXPIRY_BSR,SHORT_BSR,2,31
1785742179.698914,917,7,T_PERIODIC_EXPIRY_BSR,SHORT_BSR,2,31
1785742179.698914,918,7,T_PERIODIC_EXPIRY_BSR,SHORT_BSR,2,31
1785742179.698914,919,7,T_PERIODIC_EXPIRY_BSR,SHORT_BSR,2,31
1785742179.698914,920,7,T_PERIODIC_EXPIRY_BSR,SHORT_BSR,2,31
1785742179.698914,921,7,T_PERIODIC_EXPIRY_BSR,SHORT_BSR,2,31
1785742179.848918,922,7,T_PERIODIC_EXPIRY_BSR,SHORT_BSR,2,31
1785742179.848918,923,7,T_PERIODIC_EXPIRY_BSR,SHORT_BSR,2,31
1785742179.848918,924,7,T_PERIODIC_EXPIRY_BSR,SHORT_BSR,2,31
1785742179.848918,925,7,T_PERIODIC_EXPIRY_BSR,SHORT_BSR,2,31
1785742179.848918,926,7,T_PERIODIC_EXPIRY_BSR,SHORT_BSR,2,31
1785742179.848918,927,7,T_PERIODIC_EXPIRY_BSR,SHORT_BSR,2,31
1785742179.848918,928,7,T_PERIODIC_EXPIRY_BSR,SHORT_BSR,2,31
1785742179.848918,929,7,T_PERIODIC_EXPIRY_BSR,SHORT_BSR,2,31
1785742179.848918,930,7,T_PERIODIC_EXPIRY_BSR,SHORT_BSR,2,31
1785742179.848918,931,7,T_PERIODIC_EXPIRY_BSR,SHORT_BSR,2,31
1785742179.848918,932,7,T_PERIODIC_EXPIRY_BSR,SHORT_BSR,2,31
1785742179.848918,933,7,T_PERIODIC_EXPIRY_BSR,SHORT_BSR,2,31
1785742179.848918,934,7,T_PERIODIC_EXPIRY_BSR,SHORT_BSR,2,31
1785742179.848918,935,7,T_PERIODIC_EXPIRY_BSR,SHORT_BSR,2,31
1785742179.848918,936,7,T_PERIODIC_EXPIRY_BSR,SHORT_BSR,2,31
1785742179.998924,937,7,T_PERIODIC_EXPIRY_BSR,SHORT_BSR,2,31
1785742179.998924,938,7,T_PERIODIC_EXPIRY_BSR,SHORT_BSR,2,31
1785742179.998924,939,7,T_PERIODIC_EXPIRY_BSR,SHORT_BSR,2,31
1785742179.998924,940,7,T_PERIODIC_EXPIRY_BSR,SHORT_BSR,2,31
1785742179.998924,941,7,T_PERIODIC_EXPIRY_BSR,SHORT_BSR,2,31
1785742179.998924,942,7,T_PERIODIC_EXPIRY_BSR,SHORT_BSR,2,31
1785742179.998924,943,7,T_PERIODIC_EXPIRY_BSR,SHORT_BSR,2,31
1785742179.998924,944,7,T_PERIODIC_EXPIRY_BSR,SHORT_BSR,2,31
1785742179.998924,945,7,T_PERIODIC_EXPIRY_BSR,SHORT_BSR,2,31
1785742179.998924,946,7,T_PERIODIC_EXPIRY_BSR,SHORT_BSR,2,31
1785742179.998924,947,7,T_PERIODIC_EXPIRY_BSR,SHORT_BSR,2,31
1785742179.998924,948,7,T_PERIODIC_EXPIRY_BSR,SHORT_BSR,2,31
1785742179.998924,949,7,T_PERIODIC_EXPIRY_BSR,SHORT_BSR,2,31
1785742179.998924,950,7,T_PERIODIC_EXPIRY_BSR,SHORT_BSR,2,31
1785742179.998924,951,8,T_PERIODIC_EXPIRY_BSR,SHORT_BSR,2,31
1785742180.148910,952,7,T_PERIODIC_EXPIRY_BSR,SHORT_BSR,2,31
1785742180.148910,953,7,T_PERIODIC_EXPIRY_BSR,SHORT_BSR,2,31
1785742180.148910,954,7,T_PERIODIC_EXPIRY_BSR,SHORT_BSR,2,31
1785742180.148910,955,7,T_PERIODIC_EXPIRY_BSR,SHORT_BSR,2,31
1785742180.148910,956,7,T_PERIODIC_EXPIRY_BSR,SHORT_BSR,2,31
1785742180.148910,957,7,T_PERIODIC_EXPIRY_BSR,SHORT_BSR,2,31
1785742180.148910,958,7,T_PERIODIC_EXPIRY_BSR,SHORT_BSR,2,31
1785742180.148910,959,7,T_PERIODIC_EXPIRY_BSR,SHORT_BSR,2,31
1785742180.148910,960,7,T_PERIODIC_EXPIRY_BSR,SHORT_BSR,2,31
1785742180.148910,961,7,T_PERIODIC_EXPIRY_BSR,SHORT_BSR,2,31
1785742180.148910,962,7,T_PERIODIC_EXPIRY_BSR,SHORT_BSR,2,31
1785742180.148910,963,7,T_PERIODIC_EXPIRY_BSR,SHORT_BSR,2,31
1785742180.148910,964,7,T_PERIODIC_EXPIRY_BSR,SHORT_BSR,2,31
1785742180.148910,965,7,T_PERIODIC_EXPIRY_BSR,SHORT_BSR,2,31
1785742180.148910,966,7,T_PERIODIC_EXPIRY_BSR,SHORT_BSR,2,31
1785742180.298911,967,7,T_PERIODIC_EXPIRY_BSR,SHORT_BSR,2,31
1785742180.298911,968,7,T_PERIODIC_EXPIRY_BSR,SHORT_BSR,2,31
1785742180.298911,969,7,T_PERIODIC_EXPIRY_BSR,SHORT_BSR,2,31
1785742180.298911,970,7,T_PERIODIC_EXPIRY_BSR,SHORT_BSR,2,31
1785742180.298911,971,7,T_PERIODIC_EXPIRY_BSR,SHORT_BSR,2,31
1785742180.298911,972,7,T_PERIODIC_EXPIRY_BSR,SHORT_BSR,2,31
1785742180.298911,973,7,T_PERIODIC_EXPIRY_BSR,SHORT_BSR,2,31
1785742180.298911,974,7,T_PERIODIC_EXPIRY_BSR,SHORT_BSR,2,31
1785742180.298911,975,7,T_PERIODIC_EXPIRY_BSR,SHORT_BSR,2,31
1785742180.298911,976,7,T_PERIODIC_EXPIRY_BSR,SHORT_BSR,2,31
1785742180.298911,977,7,T_PERIODIC_EXPIRY_BSR,SHORT_BSR,2,31
1785742180.298911,978,7,T_PERIODIC_EXPIRY_BSR,SHORT_BSR,2,31
1785742180.298911,979,7,T_PERIODIC_EXPIRY_BSR,SHORT_BSR,2,31
1785742180.298911,980,7,T_PERIODIC_EXPIRY_BSR,SHORT_BSR,2,31
1785742180.298911,981,7,T_PERIODIC_EXPIRY_BSR,SHORT_BSR,2,31
1785742180.448916,982,7,T_PERIODIC_EXPIRY_BSR,SHORT_BSR,2,31
1785742180.448916,983,7,T_PERIODIC_EXPIRY_BSR,SHORT_BSR,2,31
1785742180.448916,984,7,T_PERIODIC_EXPIRY_BSR,SHORT_BSR,2,31
1785742180.448916,985,7,T_PERIODIC_EXPIRY_BSR,SHORT_BSR,2,31
1785742180.448916,986,7,T_PERIODIC_EXPIRY_BSR,SHORT_BSR,2,31
1785742180.448916,987,7,T_PERIODIC_EXPIRY_BSR,SHORT_BSR,2,31
1785742180.448916,988,7,T_PERIODIC_EXPIRY_BSR,SHORT_BSR,2,31
1785742180.448916,989,7,T_PERIODIC_EXPIRY_BSR,SHORT_BSR,2,31
1785742180.448916,990,8,T_PERIODIC_EXPIRY_BSR,SHORT_BSR,2,31
1785742180.448916,991,7,T_PERIODIC_EXPIRY_BSR,SHORT_BSR,2,31
1785742180.448916,992,7,T_PERIODIC_EXPIRY_BSR,SHORT_BSR,2,31
1785742180.448916,993,7,T_PERIODIC_EXPIRY_BSR,SHORT_BSR,2,31
1785742180.448916,994,7,T_PERIODIC_EXPIRY_BSR,SHORT_BSR,2,31
1785742180.448916,995,7,T_PERIODIC_EXPIRY_BSR,SHORT_BSR,2,31
1785742180.448916,996,7,T_PERIODIC_EXPIRY_BSR,SHORT_BSR,2,31
1785742180.598910,997,7,T_PERIODIC_EXPIRY_BSR,SHORT_BSR,2,31
1785742180.598910,998,7,T_PERIODIC_EXPIRY_BSR,SHORT_BSR,2,31
1785742180.598910,999,7,T_PERIODIC_EXPIRY_BSR,SHORT_BSR,2,31
1785742180.598910,1000,7,T_PERIODIC_EXPIRY_BSR,SHORT_BSR,2,31
1785742180.598910,1001,7,T_PERIODIC_EXPIRY_BSR,SHORT_BSR,2,31
1785742180.598910,1002,7,T_PERIODIC_EXPIRY_BSR,SHORT_BSR,2,31
1785742180.598910,1003,7,T_PERIODIC_EXPIRY_BSR,SHORT_BSR,2,31
1785742180.598910,1004,7,T_PERIODIC_EXPIRY_BSR,SHORT_BSR,2,31
1785742180.598910,1005,7,T_PERIODIC_EXPIRY_BSR,SHORT_BSR,2,31
1785742180.598910,1006,7,T_PERIODIC_EXPIRY_BSR,SHORT_BSR,2,31
1785742180.598910,1007,7,T_PERIODIC_EXPIRY_BSR,SHORT_BSR,2,31
1785742180.598910,1008,7,T_PERIODIC_EXPIRY_BSR,SHORT_BSR,2,31
1785742180.598910,1009,7,T_PERIODIC_EXPIRY_BSR,SHORT_BSR,2,31
1785742180.598910,1010,7,T_PERIODIC_EXPIRY_BSR,SHORT_BSR,2,31
1785742180.598910,1011,7,T_PERIODIC_EXPIRY_BSR,SHORT_BSR,2,31
1785742180.748911,1012,7,T_PERIODIC_EXPIRY_BSR,SHORT_BSR,2,31
1785742180.748911,1013,7,T_PERIODIC_EXPIRY_BSR,SHORT_BSR,2,31
1785742180.748911,1014,7,T_PERIODIC_EXPIRY_BSR,SHORT_BSR,2,31
1785742180.748911,1015,7,T_PERIODIC_EXPIRY_BSR,SHORT_BSR,2,31
1785742180.748911,1016,7,T_PERIODIC_EXPIRY_BSR,SHORT_BSR,2,31
1785742180.748911,1017,7,T_PERIODIC_EXPIRY_BSR,SHORT_BSR,2,31
1785742180.748911,1018,7,T_PERIODIC_EXPIRY_BSR,SHORT_BSR,2,31
1785742180.748911,1019,7,T_PERIODIC_EXPIRY_BSR,SHORT_BSR,2,31
1785742180.748911,1020,7,T_PERIODIC_EXPIRY_BSR,SHORT_BSR,2,31
1785742180.748911,1021,7,T_PERIODIC_EXPIRY_BSR,SHORT_BSR,2,31
1785742180.748911,1022,7,T_PERIODIC_EXPIRY_BSR,SHORT_BSR,2,31
1785742180.748911,1023,7,T_PERIODIC_EXPIRY_BSR,SHORT_BSR,2,31
1785742180.748911,0,7,T_PERIODIC_EXPIRY_BSR,SHORT_BSR,2,31
1785742180.748911,1,7,T_PERIODIC_EXPIRY_BSR,SHORT_BSR,2,31
1785742180.748911,2,7,T_PERIODIC_EXPIRY_BSR,SHORT_BSR,2,31
1785742180.898917,3,7,T_PERIODIC_EXPIRY_BSR,SHORT_BSR,2,31
1785742180.898917,4,7,T_PERIODIC_EXPIRY_BSR,SHORT_BSR,2,31
1785742180.898917,5,7,T_PERIODIC_EXPIRY_BSR,SHORT_BSR,2,31
1785742180.898917,6,7,T_PERIODIC_EXPIRY_BSR,SHORT_BSR,2,31
1785742180.898917,7,7,T_PERIODIC_EXPIRY_BSR,SHORT_BSR,2,31
1785742180.898917,8,7,T_PERIODIC_EXPIRY_BSR,SHORT_BSR,2,31
1785742180.898917,9,7,T_PERIODIC_EXPIRY_BSR,SHORT_BSR,2,31
1785742180.898917,10,7,T_PERIODIC_EXPIRY_BSR,SHORT_BSR,2,31
1785742180.898917,11,7,T_PERIODIC_EXPIRY_BSR,SHORT_BSR,2,31
1785742180.898917,12,7,T_PERIODIC_EXPIRY_BSR,SHORT_BSR,2,31
1785742180.898917,13,7,T_PERIODIC_EXPIRY_BSR,SHORT_BSR,2,31
1785742180.898917,14,7,T_PERIODIC_EXPIRY_BSR,SHORT_BSR,2,31
1785742180.898917,15,7,T_PERIODIC_EXPIRY_BSR,SHORT_BSR,2,31
1785742180.898917,16,7,T_PERIODIC_EXPIRY_BSR,SHORT_BSR,2,31
1785742180.898917,17,7,T_PERIODIC_EXPIRY_BSR,SHORT_BSR,2,31
1785742181.048914,18,7,T_PERIODIC_EXPIRY_BSR,SHORT_BSR,2,31
1785742181.048914,19,7,T_PERIODIC_EXPIRY_BSR,SHORT_BSR,2,31
1785742181.048914,20,7,T_PERIODIC_EXPIRY_BSR,SHORT_BSR,2,31
1785742181.048914,21,7,T_PERIODIC_EXPIRY_BSR,SHORT_BSR,2,31
1785742181.048914,22,7,T_PERIODIC_EXPIRY_BSR,SHORT_BSR,2,31
1785742181.048914,23,7,T_PERIODIC_EXPIRY_BSR,SHORT_BSR,2,31
1785742181.048914,24,7,T_PERIODIC_EXPIRY_BSR,SHORT_BSR,2,31
1785742181.048914,25,7,T_PERIODIC_EXPIRY_BSR,SHORT_BSR,2,31
1785742181.048914,26,7,T_PERIODIC_EXPIRY_BSR,SHORT_BSR,2,31
1785742181.048914,27,7,T_PERIODIC_EXPIRY_BSR,SHORT_BSR,2,31
1785742181.048914,28,7,T_PERIODIC_EXPIRY_BSR,SHORT_BSR,2,31
1785742181.048914,29,7,T_PERIODIC_EXPIRY_BSR,SHORT_BSR,2,31
1785742181.048914,30,7,T_PERIODIC_EXPIRY_BSR,SHORT_BSR,2,31
1785742181.048914,31,7,T_PERIODIC_EXPIRY_BSR,SHORT_BSR,2,31
1785742181.048914,32,7,T_PERIODIC_EXPIRY_BSR,SHORT_BSR,2,31
1785742181.198916,33,7,T_PERIODIC_EXPIRY_BSR,SHORT_BSR,2,31
1785742181.198916,34,7,T_PERIODIC_EXPIRY_BSR,SHORT_BSR,2,31
1785742181.198916,35,7,T_PERIODIC_EXPIRY_BSR,SHORT_BSR,2,31
1785742181.198916,36,7,T_PERIODIC_EXPIRY_BSR,SHORT_BSR,2,31
1785742181.198916,37,7,T_PERIODIC_EXPIRY_BSR,SHORT_BSR,2,31
1785742181.198916,38,7,T_PERIODIC_EXPIRY_BSR,SHORT_BSR,2,31
1785742181.198916,39,7,T_PERIODIC_EXPIRY_BSR,SHORT_BSR,2,31
1785742181.198916,40,7,T_PERIODIC_EXPIRY_BSR,SHORT_BSR,2,31
1785742181.198916,41,7,T_PERIODIC_EXPIRY_BSR,SHORT_BSR,2,31
1785742181.198916,42,7,T_PERIODIC_EXPIRY_BSR,SHORT_BSR,2,31
1785742181.198916,43,7,T_PERIODIC_EXPIRY_BSR,SHORT_BSR,2,31
1785742181.198916,44,7,T_PERIODIC_EXPIRY_BSR,SHORT_BSR,2,31
1785742181.198916,45,7,T_PERIODIC_EXPIRY_BSR,SHORT_BSR,2,31
1785742181.198916,46,7,T_PERIODIC_EXPIRY_BSR,SHORT_BSR,2,31
1785742181.198916,47,7,T_PERIODIC_EXPIRY_BSR,SHORT_BSR,2,31
1785742181.348908,48,7,T_PERIODIC_EXPIRY_BSR,SHORT_BSR,2,31
1785742181.348908,49,7,T_PERIODIC_EXPIRY_BSR,SHORT_BSR,2,31
1785742181.348908,50,7,T_PERIODIC_EXPIRY_BSR,SHORT_BSR,2,31
1785742181.348908,51,7,T_PERIODIC_EXPIRY_BSR,SHORT_BSR,2,31
1785742181.348908,52,7,T_PERIODIC_EXPIRY_BSR,SHORT_BSR,2,31
1785742181.348908,53,7,T_PERIODIC_EXPIRY_BSR,SHORT_BSR,2,31
1785742181.348908,54,7,T_PERIODIC_EXPIRY_BSR,SHORT_BSR,2,31
1785742181.348908,55,7,T_PERIODIC_EXPIRY_BSR,SHORT_BSR,2,31
1785742181.348908,56,7,T_PERIODIC_EXPIRY_BSR,SHORT_BSR,2,31
1785742181.348908,57,7,T_PERIODIC_EXPIRY_BSR,SHORT_BSR,2,31
1785742181.348908,58,7,T_PERIODIC_EXPIRY_BSR,SHORT_BSR,2,31
1785742181.348908,59,7,T_PERIODIC_EXPIRY_BSR,SHORT_BSR,2,31
1785742181.348908,60,7,T_PERIODIC_EXPIRY_BSR,SHORT_BSR,2,31
1785742181.348908,61,7,T_PERIODIC_EXPIRY_BSR,SHORT_BSR,2,31
1785742181.348908,62,7,T_PERIODIC_EXPIRY_BSR,SHORT_BSR,2,31
1785742181.504513,63,7,T_PERIODIC_EXPIRY_BSR,SHORT_BSR,2,31
1785742181.504513,64,7,T_PERIODIC_EXPIRY_BSR,SHORT_BSR,2,31
1785742181.504513,65,7,T_PERIODIC_EXPIRY_BSR,SHORT_BSR,2,31
1785742181.504513,66,7,T_PERIODIC_EXPIRY_BSR,SHORT_BSR,2,31
1785742181.504513,67,7,T_PERIODIC_EXPIRY_BSR,SHORT_BSR,2,31
1785742181.504513,68,7,T_PERIODIC_EXPIRY_BSR,SHORT_BSR,2,31
1785742181.504513,69,7,T_PERIODIC_EXPIRY_BSR,SHORT_BSR,2,31
1785742181.504513,70,19,T_PERIODIC_EXPIRY_BSR,SHORT_BSR,2,31
1785742181.504513,71,19,T_PERIODIC_EXPIRY_BSR,SHORT_BSR,2,31
1785742181.504513,72,19,T_PERIODIC_EXPIRY_BSR,SHORT_BSR,2,31
1785742181.504513,73,19,T_PERIODIC_EXPIRY_BSR,SHORT_BSR,2,31
1785742181.504513,74,19,T_PERIODIC_EXPIRY_BSR,SHORT_BSR,2,31
1785742181.504513,75,19,T_PERIODIC_EXPIRY_BSR,SHORT_BSR,2,31
1785742181.504513,76,19,T_PERIODIC_EXPIRY_BSR,SHORT_BSR,2,31
1785742181.504513,77,19,T_PERIODIC_EXPIRY_BSR,SHORT_BSR,2,31
1785742181.654522,78,19,T_PERIODIC_EXPIRY_BSR,SHORT_BSR,2,31
1785742181.654522,79,19,T_PERIODIC_EXPIRY_BSR,SHORT_BSR,2,31
1785742181.654522,80,19,T_PERIODIC_EXPIRY_BSR,SHORT_BSR,2,31
1785742181.654522,81,19,T_PERIODIC_EXPIRY_BSR,SHORT_BSR,2,31
1785742181.654522,82,19,T_PERIODIC_EXPIRY_BSR,SHORT_BSR,2,31
1785742181.654522,83,19,T_PERIODIC_EXPIRY_BSR,SHORT_BSR,2,31
1785742181.654522,84,19,T_PERIODIC_EXPIRY_BSR,SHORT_BSR,2,31
1785742181.654522,85,19,T_PERIODIC_EXPIRY_BSR,SHORT_BSR,2,31
1785742181.654522,86,19,T_PERIODIC_EXPIRY_BSR,SHORT_BSR,2,31
1785742181.654522,87,19,T_PERIODIC_EXPIRY_BSR,SHORT_BSR,2,31
1785742181.654522,88,19,T_PERIODIC_EXPIRY_BSR,SHORT_BSR,2,31
1785742181.654522,89,19,T_PERIODIC_EXPIRY_BSR,SHORT_BSR,2,31
1785742181.654522,90,19,T_PERIODIC_EXPIRY_BSR,SHORT_BSR,2,31
1785742181.654522,91,19,T_PERIODIC_EXPIRY_BSR,SHORT_BSR,2,31
1785742181.654522,92,19,T_PERIODIC_EXPIRY_BSR,SHORT_BSR,2,31
1785742181.804526,93,19,T_PERIODIC_EXPIRY_BSR,SHORT_BSR,2,31
1785742181.804526,94,19,T_PERIODIC_EXPIRY_BSR,SHORT_BSR,2,31
1785742181.804526,95,19,T_PERIODIC_EXPIRY_BSR,SHORT_BSR,2,31
1785742181.804526,96,19,T_PERIODIC_EXPIRY_BSR,SHORT_BSR,2,31
1785742181.804526,97,19,T_PERIODIC_EXPIRY_BSR,SHORT_BSR,2,31
1785742181.804526,98,19,T_PERIODIC_EXPIRY_BSR,SHORT_BSR,2,31
1785742181.804526,99,19,T_PERIODIC_EXPIRY_BSR,SHORT_BSR,2,31
1785742181.804526,100,19,T_PERIODIC_EXPIRY_BSR,SHORT_BSR,2,31
1785742181.804526,101,19,T_PERIODIC_EXPIRY_BSR,SHORT_BSR,2,31
1785742181.804526,102,19,T_PERIODIC_EXPIRY_BSR,SHORT_BSR,2,31
1785742181.804526,103,19,T_PERIODIC_EXPIRY_BSR,SHORT_BSR,2,31
1785742181.804526,104,19,T_PERIODIC_EXPIRY_BSR,SHORT_BSR,2,31
1785742181.804526,105,19,T_PERIODIC_EXPIRY_BSR,SHORT_BSR,2,31
1785742181.804526,106,19,T_PERIODIC_EXPIRY_BSR,SHORT_BSR,2,31
1785742181.804526,107,19,T_PERIODIC_EXPIRY_BSR,SHORT_BSR,2,31
1785742181.954525,108,19,T_PERIODIC_EXPIRY_BSR,SHORT_BSR,2,31
1785742181.954525,109,19,T_PERIODIC_EXPIRY_BSR,SHORT_BSR,2,31
1785742181.954525,110,19,T_PERIODIC_EXPIRY_BSR,SHORT_BSR,2,31
1785742181.954525,111,19,T_PERIODIC_EXPIRY_BSR,SHORT_BSR,2,31
1785742181.954525,112,19,T_PERIODIC_EXPIRY_BSR,SHORT_BSR,2,31
1785742181.954525,113,19,T_PERIODIC_EXPIRY_BSR,SHORT_BSR,2,31
1785742181.954525,114,19,T_PERIODIC_EXPIRY_BSR,SHORT_BSR,2,31
1785742181.954525,115,19,T_PERIODIC_EXPIRY_BSR,SHORT_BSR,2,31
1785742181.954525,116,19,T_PERIODIC_EXPIRY_BSR,SHORT_BSR,2,31
1785742181.954525,117,19,T_PERIODIC_EXPIRY_BSR,SHORT_BSR,2,31
1785742181.954525,118,19,T_PERIODIC_EXPIRY_BSR,SHORT_BSR,2,31
1785742181.954525,119,19,T_PERIODIC_EXPIRY_BSR,SHORT_BSR,2,31
1785742181.954525,120,19,T_PERIODIC_EXPIRY_BSR,SHORT_BSR,2,31
1785742181.954525,121,19,T_PERIODIC_EXPIRY_BSR,SHORT_BSR,2,31
1785742181.954525,122,19,T_PERIODIC_EXPIRY_BSR,SHORT_BSR,2,31
1785742182.104525,123,19,T_PERIODIC_EXPIRY_BSR,SHORT_BSR,2,31
1785742182.104525,124,19,T_PERIODIC_EXPIRY_BSR,SHORT_BSR,2,31
1785742182.104525,125,19,T_PERIODIC_EXPIRY_BSR,SHORT_BSR,2,31
1785742182.104525,126,19,T_PERIODIC_EXPIRY_BSR,SHORT_BSR,2,31
1785742182.104525,127,19,T_PERIODIC_EXPIRY_BSR,SHORT_BSR,2,31
1785742182.104525,128,19,T_PERIODIC_EXPIRY_BSR,SHORT_BSR,2,31
1785742182.104525,129,19,T_PERIODIC_EXPIRY_BSR,SHORT_BSR,2,31
1785742182.104525,130,19,T_PERIODIC_EXPIRY_BSR,SHORT_BSR,2,31
1785742182.104525,131,19,T_PERIODIC_EXPIRY_BSR,SHORT_BSR,2,31
1785742182.104525,132,19,T_PERIODIC_EXPIRY_BSR,SHORT_BSR,2,31
1785742182.104525,133,19,T_PERIODIC_EXPIRY_BSR,SHORT_BSR,2,31
1785742182.104525,134,19,T_PERIODIC_EXPIRY_BSR,SHORT_BSR,2,31
1785742182.104525,135,19,T_PERIODIC_EXPIRY_BSR,SHORT_BSR,2,31
1785742182.104525,136,19,T_PERIODIC_EXPIRY_BSR,SHORT_BSR,2,31
1785742182.104525,137,19,T_PERIODIC_EXPIRY_BSR,SHORT_BSR,2,31
1785742182.264525,138,19,T_PERIODIC_EXPIRY_BSR,SHORT_BSR,2,31
1785742182.264525,139,19,T_PERIODIC_EXPIRY_BSR,SHORT_BSR,2,31
1785742182.264525,140,19,T_PERIODIC_EXPIRY_BSR,SHORT_BSR,2,31
1785742182.264525,141,19,T_PERIODIC_EXPIRY_BSR,SHORT_BSR,2,31
1785742182.264525,142,19,T_PERIODIC_EXPIRY_BSR,SHORT_BSR,2,31
1785742182.264525,143,19,T_PERIODIC_EXPIRY_BSR,SHORT_BSR,2,31
1785742182.264525,145,19,T_PERIODIC_EXPIRY_BSR,SHORT_BSR,2,31
1785742182.264525,146,19,T_PERIODIC_EXPIRY_BSR,SHORT_BSR,2,31
1785742182.264525,147,19,T_PERIODIC_EXPIRY_BSR,SHORT_BSR,2,31
1785742182.264525,148,19,T_PERIODIC_EXPIRY_BSR,SHORT_BSR,2,31
1785742182.264525,149,19,T_PERIODIC_EXPIRY_BSR,SHORT_BSR,2,31
1785742182.264525,150,19,T_PERIODIC_EXPIRY_BSR,SHORT_BSR,2,31
1785742182.264525,151,19,T_PERIODIC_EXPIRY_BSR,SHORT_BSR,2,31
1785742182.264525,152,19,T_PERIODIC_EXPIRY_BSR,SHORT_BSR,2,31
1785742182.264525,153,19,T_PERIODIC_EXPIRY_BSR,SHORT_BSR,2,31
1785742182.414512,154,19,T_PERIODIC_EXPIRY_BSR,SHORT_BSR,2,31
1785742182.414512,155,19,T_PERIODIC_EXPIRY_BSR,SHORT_BSR,2,31
1785742182.414512,156,19,T_PERIODIC_EXPIRY_BSR,SHORT_BSR,2,31
1785742182.414512,157,19,T_PERIODIC_EXPIRY_BSR,SHORT_BSR,2,31
1785742182.414512,158,19,T_PERIODIC_EXPIRY_BSR,SHORT_BSR,2,31
1785742182.414512,159,19,T_PERIODIC_EXPIRY_BSR,SHORT_BSR,2,31
1785742182.414512,160,19,T_PERIODIC_EXPIRY_BSR,SHORT_BSR,2,31
1785742182.414512,161,19,T_PERIODIC_EXPIRY_BSR,SHORT_BSR,2,31
1785742182.414512,162,19,T_PERIODIC_EXPIRY_BSR,SHORT_BSR,2,31
1785742182.414512,163,19,T_PERIODIC_EXPIRY_BSR,SHORT_BSR,2,31
1785742182.414512,164,19,T_PERIODIC_EXPIRY_BSR,SHORT_BSR,2,31
1785742182.414512,165,19,T_PERIODIC_EXPIRY_BSR,SHORT_BSR,2,31
1785742182.414512,166,19,T_PERIODIC_EXPIRY_BSR,SHORT_BSR,2,31
1785742182.414512,167,19,T_PERIODIC_EXPIRY_BSR,SHORT_BSR,2,31
1785742182.414512,168,19,T_PERIODIC_EXPIRY_BSR,SHORT_BSR,2,31
1785742182.564519,169,19,T_PERIODIC_EXPIRY_BSR,SHORT_BSR,2,31
1785742182.564519,170,19,T_PERIODIC_EXPIRY_BSR,SHORT_BSR,2,31
1785742182.564519,171,19,T_PERIODIC_EXPIRY_BSR,SHORT_BSR,2,31
1785742182.564519,172,19,T_PERIODIC_EXPIRY_BSR,SHORT_BSR,2,31
1785742182.564519,173,19,T_PERIODIC_EXPIRY_BSR,SHORT_BSR,2,31
1785742182.564519,174,19,T_PERIODIC_EXPIRY_BSR,SHORT_BSR,2,31
1785742182.564519,175,19,T_PERIODIC_EXPIRY_BSR,SHORT_BSR,2,31
1785742182.564519,176,19,T_PERIODIC_EXPIRY_BSR,SHORT_BSR,2,31
1785742182.564519,177,19,T_PERIODIC_EXPIRY_BSR,SHORT_BSR,2,31
1785742182.564519,178,19,T_PERIODIC_EXPIRY_BSR,SHORT_BSR,2,31
1785742182.564519,179,19,T_PERIODIC_EXPIRY_BSR,SHORT_BSR,2,31
1785742182.564519,180,19,T_PERIODIC_EXPIRY_BSR,SHORT_BSR,2,31
1785742182.564519,181,19,T_PERIODIC_EXPIRY_BSR,SHORT_BSR,2,31
1785742182.564519,182,19,T_PERIODIC_EXPIRY_BSR,SHORT_BSR,2,31
1785742182.564519,183,19,T_PERIODIC_EXPIRY_BSR,SHORT_BSR,2,31
1785742182.714520,184,19,T_PERIODIC_EXPIRY_BSR,SHORT_BSR,2,31
1785742182.714520,185,19,T_PERIODIC_EXPIRY_BSR,SHORT_BSR,2,31
1785742182.714520,186,19,T_PERIODIC_EXPIRY_BSR,SHORT_BSR,2,31
1785742182.714520,187,19,T_PERIODIC_EXPIRY_BSR,SHORT_BSR,2,31
1785742182.714520,188,19,T_PERIODIC_EXPIRY_BSR,SHORT_BSR,2,31
1785742182.714520,189,19,T_PERIODIC_EXPIRY_BSR,SHORT_BSR,2,30
1785742182.714520,190,19,T_PERIODIC_EXPIRY_BSR,SHORT_BSR,2,30
1785742182.714520,191,19,T_PERIODIC_EXPIRY_BSR,SHORT_BSR,2,30
1785742182.714520,192,19,T_PERIODIC_EXPIRY_BSR,SHORT_BSR,2,30
1785742182.714520,193,19,T_PERIODIC_EXPIRY_BSR,SHORT_BSR,2,30
1785742182.714520,194,19,T_PERIODIC_EXPIRY_BSR,SHORT_BSR,2,30
1785742182.714520,195,19,T_PERIODIC_EXPIRY_BSR,SHORT_BSR,2,29
1785742182.714520,196,19,T_PERIODIC_EXPIRY_BSR,SHORT_BSR,2,29
1785742182.714520,197,19,T_PERIODIC_EXPIRY_BSR,SHORT_BSR,2,29
1785742182.714520,198,19,T_PERIODIC_EXPIRY_BSR,SHORT_BSR,2,28
1785742185.838893,199,19,T_PERIODIC_EXPIRY_BSR,SHORT_BSR,2,28
1785742185.838893,200,19,T_PERIODIC_EXPIRY_BSR,SHORT_BSR,2,28
1785742185.838893,201,19,T_PERIODIC_EXPIRY_BSR,SHORT_BSR,2,27
1785742185.838893,202,19,T_PERIODIC_EXPIRY_BSR,SHORT_BSR,2,26
1785742185.838893,203,19,T_PERIODIC_EXPIRY_BSR,SHORT_BSR,2,25
1785742185.838893,204,19,T_PERIODIC_EXPIRY_BSR,SHORT_BSR,2,25
1785742185.838893,205,19,T_PERIODIC_EXPIRY_BSR,SHORT_BSR,2,23
1785742185.838893,206,19,T_PERIODIC_EXPIRY_BSR,SHORT_BSR,2,21
1785742185.838893,208,7,HIGH_DATA_ARRIVAL,SHORT_BSR,0,0
1785742185.838893,210,7,HIGH_DATA_ARRIVAL,SHORT_BSR,0,0
1785742185.838893,310,7,T_PERIODIC_EXPIRY_BSR | HIGH_DATA_ARRIVAL,SHORT_BSR,0,0
1785742185.838893,312,7,HIGH_DATA_ARRIVAL,SHORT_BSR,0,0
1785742185.838893,410,7,T_PERIODIC_EXPIRY_BSR | HIGH_DATA_ARRIVAL,SHORT_BSR,0,0
1785742185.838893,412,7,HIGH_DATA_ARRIVAL,SHORT_BSR,0,0
1785742185.838893,510,7,T_PERIODIC_EXPIRY_BSR | HIGH_DATA_ARRIVAL,SHORT_BSR,0,0
1785742192.498866,512,7,HIGH_DATA_ARRIVAL,SHORT_BSR,0,0
1785742192.498866,610,7,T_PERIODIC_EXPIRY_BSR | HIGH_DATA_ARRIVAL,SHORT_BSR,0,0
1785742192.498866,612,7,HIGH_DATA_ARRIVAL,SHORT_BSR,0,0
1785742192.498866,710,7,T_PERIODIC_EXPIRY_BSR | HIGH_DATA_ARRIVAL,SHORT_BSR,0,0
1785742192.498866,712,7,HIGH_DATA_ARRIVAL,SHORT_BSR,0,0
1785742192.498866,782,7,T_PERIODIC_EXPIRY_BSR,SHORT_BSR,0,0
1785742192.498866,812,7,T_PERIODIC_EXPIRY_BSR | HIGH_DATA_ARRIVAL,SHORT_BSR,0,0
1785742192.498866,814,7,HIGH_DATA_ARRIVAL,SHORT_BSR,0,0
1785742192.498866,912,7,T_PERIODIC_EXPIRY_BSR | HIGH_DATA_ARRIVAL,SHORT_BSR,0,0
1785742192.498866,914,7,HIGH_DATA_ARRIVAL,SHORT_BSR,0,0
1785742192.498866,976,7,T_PERIODIC_EXPIRY_BSR,SHORT_BSR,0,0
1785742192.498866,1012,7,T_PERIODIC_EXPIRY_BSR | HIGH_DATA_ARRIVAL,SHORT_BSR,0,0
1785742192.498866,1014,7,HIGH_DATA_ARRIVAL,SHORT_BSR,0,0
1785742192.498866,88,7,T_PERIODIC_EXPIRY_BSR | HIGH_DATA_ARRIVAL,SHORT_BSR,0,0
1785742192.498866,90,7,HIGH_DATA_ARRIVAL,SHORT_BSR,0,0
1785742198.858865,154,7,T_PERIODIC_EXPIRY_BSR,SHORT_BSR,0,0
1785742198.858865,188,7,T_PERIODIC_EXPIRY_BSR | HIGH_DATA_ARRIVAL,SHORT_BSR,0,0
1785742198.858865,190,7,HIGH_DATA_ARRIVAL,SHORT_BSR,0,0
1785742198.858865,288,7,T_PERIODIC_EXPIRY_BSR | HIGH_DATA_ARRIVAL,SHORT_BSR,0,0
1785742198.858865,290,7,HIGH_DATA_ARRIVAL,SHORT_BSR,0,0
1785742198.858865,384,7,T_PERIODIC_EXPIRY_BSR,SHORT_BSR,0,0
1785742198.858865,388,7,T_PERIODIC_EXPIRY_BSR | HIGH_DATA_ARRIVAL,SHORT_BSR,0,0
1785742198.858865,390,7,HIGH_DATA_ARRIVAL,SHORT_BSR,0,0
1785742198.858865,488,7,T_PERIODIC_EXPIRY_BSR | HIGH_DATA_ARRIVAL,SHORT_BSR,0,0
1785742198.858865,490,7,HIGH_DATA_ARRIVAL,SHORT_BSR,0,0
1785742198.858865,588,7,T_PERIODIC_EXPIRY_BSR | HIGH_DATA_ARRIVAL,SHORT_BSR,0,0
1785742198.858865,590,7,HIGH_DATA_ARRIVAL,SHORT_BSR,0,0
1785742198.858865,688,7,T_PERIODIC_EXPIRY_BSR | HIGH_DATA_ARRIVAL,SHORT_BSR,0,0
1785742198.858865,690,7,HIGH_DATA_ARRIVAL,SHORT_BSR,0,0
1785742198.858865,788,7,T_PERIODIC_EXPIRY_BSR | HIGH_DATA_ARRIVAL,SHORT_BSR,0,0
1785742206.858856,790,7,HIGH_DATA_ARRIVAL,SHORT_BSR,0,0
1785742206.858856,890,7,T_PERIODIC_EXPIRY_BSR | HIGH_DATA_ARRIVAL,SHORT_BSR,0,0
1785742206.858856,892,7,HIGH_DATA_ARRIVAL,SHORT_BSR,0,0
1785742206.858856,990,7,T_PERIODIC_EXPIRY_BSR | HIGH_DATA_ARRIVAL,SHORT_BSR,0,0
1785742206.858856,992,7,HIGH_DATA_ARRIVAL,SHORT_BSR,0,0
1785742206.858856,66,7,T_PERIODIC_EXPIRY_BSR | HIGH_DATA_ARRIVAL,SHORT_BSR,0,0
1785742206.858856,68,7,HIGH_DATA_ARRIVAL,SHORT_BSR,0,0
1785742206.858856,166,7,T_PERIODIC_EXPIRY_BSR | HIGH_DATA_ARRIVAL,SHORT_BSR,0,0
1785742206.858856,168,7,HIGH_DATA_ARRIVAL,SHORT_BSR,0,0
1785742206.858856,266,7,T_PERIODIC_EXPIRY_BSR | HIGH_DATA_ARRIVAL,SHORT_BSR,0,0
1785742206.858856,268,7,HIGH_DATA_ARRIVAL,SHORT_BSR,0,0
1785742206.858856,366,7,T_PERIODIC_EXPIRY_BSR | HIGH_DATA_ARRIVAL,SHORT_BSR,0,0
1785742206.858856,368,7,HIGH_DATA_ARRIVAL,SHORT_BSR,0,0
1785742206.858856,466,7,T_PERIODIC_EXPIRY_BSR | HIGH_DATA_ARRIVAL,SHORT_BSR,0,0
1785742206.858856,468,7,HIGH_DATA_ARRIVAL,SHORT_BSR,0,0
1785742213.878839,566,7,T_PERIODIC_EXPIRY_BSR | HIGH_DATA_ARRIVAL,SHORT_BSR,0,0
1785742213.878839,568,7,HIGH_DATA_ARRIVAL,SHORT_BSR,0,0
1785742213.878839,666,7,T_PERIODIC_EXPIRY_BSR | HIGH_DATA_ARRIVAL,SHORT_BSR,0,0
1785742213.878839,668,7,HIGH_DATA_ARRIVAL,SHORT_BSR,0,0
1785742213.878839,766,7,T_PERIODIC_EXPIRY_BSR | HIGH_DATA_ARRIVAL,SHORT_BSR,0,0
1785742213.878839,768,7,HIGH_DATA_ARRIVAL,SHORT_BSR,0,0
1785742213.878839,860,7,T_PERIODIC_EXPIRY_BSR,SHORT_BSR,0,0
1785742213.878839,866,7,T_PERIODIC_EXPIRY_BSR | HIGH_DATA_ARRIVAL,SHORT_BSR,0,0
1785742213.878839,868,7,HIGH_DATA_ARRIVAL,SHORT_BSR,0,0
1785742213.878839,968,7,T_PERIODIC_EXPIRY_BSR | HIGH_DATA_ARRIVAL,SHORT_BSR,0,0
1785742213.878839,970,7,HIGH_DATA_ARRIVAL,SHORT_BSR,0,0
1785742213.878839,44,7,T_PERIODIC_EXPIRY_BSR | HIGH_DATA_ARRIVAL,SHORT_BSR,0,0
1785742213.878839,46,7,HIGH_DATA_ARRIVAL,SHORT_BSR,0,0
1785742213.878839,144,7,T_PERIODIC_EXPIRY_BSR | HIGH_DATA_ARRIVAL,SHORT_BSR,0,0
1785742213.878839,146,7,HIGH_DATA_ARRIVAL,SHORT_BSR,0,0
