# type,ts_ns,ifindex,len,dwell_ns,inflight
# STATS,ts_ns,inflight_pkts,inflight_bytes,enq_total,deq_total,miss,insert_fail,rb_lost
DEQ,948837699942555,24,84,130840,0
STATS,948837800308005,0,0,1,1,0,0,0
DEQ,948838701865463,24,84,138327,0
STATS,948838802220548,0,0,2,2,0,0,0
DEQ,948839703765770,24,84,131797,0
STATS,948839804124899,0,0,3,3,0,0,0
DEQ,948840705661595,24,84,131036,0
STATS,948840806016176,0,0,4,4,0,0,0
DEQ,948841541015398,24,60,23562,0
DEQ,948841569590997,24,52,16745,0
DEQ,948841569703016,24,89,99588,0
DEQ,948841593083690,24,52,18085,0
DEQ,948841593122989,24,56,23451,1
DEQ,948841593123520,24,178,15973,0
DEQ,948841613178765,24,60,93456,0
DEQ,948841629532156,24,52,16309,0
DEQ,948841629576997,24,89,37556,0
DEQ,948841653139179,24,52,21360,0
DEQ,948841655095586,24,52,26206,1
DEQ,948841655130582,24,52,50504,0
DEQ,948841655340531,24,1400,92595,3
DEQ,948841655343720,24,1400,87000,2
DEQ,948841655376779,24,1400,112095,3
DEQ,948841655423979,24,1400,157091,4
DEQ,948841655456486,24,1400,106911,3
DEQ,948841655496387,24,1400,142697,4
DEQ,948841655539827,24,1400,161403,3
DEQ,948841655582061,24,1400,201385,2
DEQ,948841655619744,24,1400,161671,1
DEQ,948841655659771,24,1400,199686,0
DEQ,948841677643931,24,1400,96009,1
DEQ,948841677741485,24,1400,184335,0
DEQ,948841683185975,24,1400,108643,3
DEQ,948841683205561,24,1400,120281,4
DEQ,948841683326361,24,1400,234884,3
DEQ,948841683329147,24,1400,235311,2
DEQ,948841683419437,24,1400,225908,3
DEQ,948841683422174,24,1400,221301,2
DEQ,948841683514392,24,1400,180345,1
DEQ,948841683517414,24,1400,179509,0
DEQ,948841689184250,24,1400,112805,3
DEQ,948841689279228,24,1400,199589,4
DEQ,948841689280067,24,1400,194706,3
DEQ,948841689359140,24,1400,271749,4
DEQ,948841689369930,24,1400,176348,3
DEQ,948841689500706,24,1400,302529,4
DEQ,948841689503460,24,1400,218627,3
DEQ,948841689515294,24,1400,226518,2
DEQ,948841689648935,24,1400,275197,1
DEQ,948841689651670,24,1400,273940,0
DEQ,948841695184157,24,1400,111769,3
DEQ,948841695186896,24,1400,105299,2
DEQ,948841695269042,24,1400,181804,3
DEQ,948841695269877,24,1400,180537,2
DEQ,948841695293759,24,1400,102131,3
DEQ,948841695378344,24,1400,182825,4
DEQ,948841695381049,24,1400,106505,3
DEQ,948841695466983,24,1400,188603,4
DEQ,948841695469753,24,1400,171975,3
DEQ,948841695548814,24,1400,248856,2
DEQ,948841695551944,24,1400,166161,1
DEQ,948841695619632,24,1400,229913,0
DEQ,948841702634907,24,1400,93101,3
DEQ,948841702637522,24,1400,86109,2
DEQ,948841702743945,24,1400,188044,1
DEQ,948841702744830,24,1400,186909,0
DEQ,948841707056780,24,84,127836,0
DEQ,948841707175187,24,1400,105737,3
DEQ,948841707176092,24,1400,100463,2
DEQ,948841707275657,24,1400,196050,3
DEQ,948841707278581,24,1400,196691,2
DEQ,948841707295793,24,1400,114654,3
DEQ,948841707436157,24,1400,251133,4
DEQ,948841707518841,24,1400,235513,3
DEQ,948841707532507,24,1400,245066,2
DEQ,948841707678874,24,1400,381648,1
DEQ,948841707772354,24,1400,473090,0
DEQ,948841717648070,24,1400,97620,4
DEQ,948841717650722,24,1400,91534,3
DEQ,948841717676490,24,1400,109619,5
DEQ,948841717763424,24,1400,194342,4
DEQ,948841717764351,24,1400,193212,3
DEQ,948841717765958,24,1400,109849,2
DEQ,948841717877152,24,1400,207288,1
DEQ,948841717879709,24,1400,207797,0
DEQ,948841723178002,24,1400,110968,3
DEQ,948841723180601,24,1400,104268,2
DEQ,948841723267876,24,1400,186102,6
DEQ,948841723268870,24,1400,185063,5
DEQ,948841723269404,24,1400,77663,4
DEQ,948841723301761,24,1400,105345,6
DEQ,948841723418796,24,1400,204516,5
DEQ,948841723502290,24,1400,285904,4
DEQ,948841723504897,24,1400,286416,3
DEQ,948841723512821,24,1400,237272,2
DEQ,948841723592640,24,1400,312687,1
DEQ,948841723595289,24,1400,313176,0
DEQ,948841729155779,24,1400,100125,1
DEQ,948841729158398,24,1400,93435,0
DEQ,948841735213886,24,1400,104756,3
DEQ,948841735216414,24,1400,97978,2
DEQ,948841735218006,24,1400,94001,1
DEQ,948841735318218,24,1400,192260,4
DEQ,948841735319056,24,1400,97207,3
DEQ,948841735409561,24,1400,183765,4
DEQ,948841735412206,24,1400,181059,3
DEQ,948841735491375,24,1400,257618,4
DEQ,948841735493966,24,1400,170039,3
DEQ,948841735579210,24,1400,251300,4
DEQ,948841735581994,24,1400,165094,3
DEQ,948841735646320,24,1400,225517,2
DEQ,948841735649063,24,1400,150474,1
DEQ,948841735734327,24,1400,231840,1
DEQ,948841735737045,24,1400,83499,0
DEQ,948841741186438,24,1400,122997,1
DEQ,948841741189396,24,1400,112886,0
DEQ,948841747197992,24,1400,118631,4
DEQ,948841747284827,24,1400,185759,3
DEQ,948841747302000,24,1400,194509,2
DEQ,948841747414604,24,1400,302061,1
DEQ,948841747443356,24,1400,328842,0
DEQ,948841753203154,24,1400,133358,1
DEQ,948841753206061,24,1400,122426,0
DEQ,948841762621484,24,1400,53966,1
DEQ,948841762662819,24,1400,86879,0
DEQ,948841767187973,24,1400,104665,3
DEQ,948841767207640,24,1400,116024,4
DEQ,948841767340519,24,1400,241802,3
DEQ,948841767343024,24,1400,241718,2
DEQ,948841767436804,24,1400,237705,3
DEQ,948841767439638,24,1400,236738,2
DEQ,948841767454308,24,1400,106355,2
DEQ,948841767625218,24,1400,273175,1
DEQ,948841767631825,24,1400,184142,0
DEQ,948841773164860,24,1400,102742,1
DEQ,948841773167672,24,1400,96670,0
DEQ,948841785350019,24,1400,46612,4
DEQ,948841785448954,24,1400,131797,3
DEQ,948841785449863,24,1400,130125,2
DEQ,948841785467704,24,1400,141880,3
DEQ,948841785542852,24,1400,214712,4
DEQ,948841785553649,24,1400,98933,3
DEQ,948841785638618,24,1400,179804,2
DEQ,948841785641340,24,1400,170302,1
DEQ,948841785646864,24,1400,173902,0
DEQ,948841785737851,24,1400,86506,0
DEQ,948841791187823,24,1400,104987,2
DEQ,948841791203476,24,1400,105100,2
DEQ,948841791332999,24,1400,232317,1
DEQ,948841791335634,24,1400,138230,0
DEQ,948841812195468,24,1400,118675,0
STATS,948841812321460,0,0,147,147,0,0,0
DEQ,948841817183472,24,1400,110316,3
DEQ,948841817202377,24,1400,120477,4
DEQ,948841817329670,24,1400,242753,3
DEQ,948841817332227,24,1400,242920,2
DEQ,948841817414603,24,1400,224361,3
DEQ,948841817417216,24,1400,223028,2
DEQ,948841817497890,24,1400,160904,3
DEQ,948841817500536,24,1400,159579,2
DEQ,948841817516518,24,1400,94661,3
DEQ,948841817598896,24,1400,173191,2
DEQ,948841817601527,24,1400,96331,1
DEQ,948841817602033,24,1400,89732,0
DEQ,948841825321557,24,1400,86671,1
DEQ,948841825343993,24,1400,101405,0
DEQ,948841831168036,24,1400,103867,3
DEQ,948841831170678,24,1400,97775,2
DEQ,948841831192998,24,1400,114070,3
DEQ,948841831284292,24,1400,203134,2
DEQ,948841831285206,24,1400,109814,1
DEQ,948841831367979,24,1400,179446,0
DEQ,948841844345480,24,1400,100576,1
DEQ,948841844348155,24,1400,93817,0
DEQ,948841849172485,24,1400,105522,3
DEQ,948841849175027,24,1400,98762,2
DEQ,948841849198938,24,1400,117013,3
DEQ,948841849310852,24,1400,226903,4
DEQ,948841849313471,24,1400,133511,3
DEQ,948841849313924,24,1400,119804,2
DEQ,948841849322173,24,1400,121411,1
DEQ,948841849433014,24,1400,230070,0
DEQ,948841855251368,24,1400,111874,3
DEQ,948841855253985,24,1400,106171,2
DEQ,948841855277764,24,1400,120577,3
DEQ,948841855363195,24,1400,203868,4
DEQ,948841855368424,24,1400,109549,3
DEQ,948841855498550,24,1400,226187,2
DEQ,948841855501174,24,1400,221580,1
DEQ,948841855585424,24,1400,303621,0
DEQ,948841861153369,24,1400,91347,3
DEQ,948841861155945,24,1400,85282,2
DEQ,948841861239082,24,1400,163379,1
DEQ,948841861239944,24,1400,162254,0
DEQ,948841872214682,24,1400,95678,1
DEQ,948841872221600,24,1400,93270,0
DEQ,948841877184651,24,1400,113763,3
DEQ,948841877203106,24,1400,123926,4
DEQ,948841877327262,24,1400,241061,3
DEQ,948841877329897,24,1400,240963,2
DEQ,948841877341647,24,1400,150401,1
DEQ,948841877456275,24,1400,261084,0
DEQ,948841883156603,24,1400,97925,1
DEQ,948841883159201,24,1400,95948,0
DEQ,948841902213448,24,1400,93566,1
DEQ,948841902216037,24,1400,85946,0
DEQ,948841907009210,24,1400,54875,3
DEQ,948841907048943,24,1400,91574,4
DEQ,948841907096396,24,1400,133056,3
DEQ,948841907128885,24,1400,159520,4
DEQ,948841907168762,24,1400,156166,3
DEQ,948841907208696,24,1400,194059,4
DEQ,948841907252679,24,1400,154765,3
DEQ,948841907292290,24,1400,192129,4
DEQ,948841907333480,24,1400,163470,3
DEQ,948841907377448,24,1400,205507,4
DEQ,948841907425480,24,1400,170707,3
DEQ,948841907464522,24,1400,207802,2
DEQ,948841907465109,24,1400,129243,1
DEQ,948841907502623,24,1400,164667,0
DEQ,948841913151938,24,1400,83921,1
DEQ,948841913154669,24,1400,77057,0
DEQ,948841913254694,24,1400,95565,0
DEQ,948841919202915,24,1400,132198,1
DEQ,948841919205959,24,1400,121678,0
DEQ,948841919320639,24,1400,109764,0
DEQ,948841925173507,24,1400,106699,1
DEQ,948841925176511,24,1400,95951,0
DEQ,948841932225708,24,1400,100331,0
DEQ,948841937204050,24,1400,111491,3
DEQ,948841937206759,24,1400,106447,2
DEQ,948841937208501,24,1400,99275,1
DEQ,948841937295818,24,1400,183855,4
DEQ,948841937296703,24,1400,83788,3
DEQ,948841937388426,24,1400,171081,2
DEQ,948841937391229,24,1400,168583,1
DEQ,948841937478848,24,1400,254126,1
DEQ,948841937481473,24,1400,85530,0
DEQ,948841943184880,24,1400,114826,2
DEQ,948841943279978,24,1400,194430,1
DEQ,948841943280854,24,1400,192593,0
DEQ,948841949174735,24,1400,107336,4
DEQ,948841949177350,24,1400,94824,3
DEQ,948841949258404,24,1400,173746,2
DEQ,948841949262918,24,1400,173583,1
DEQ,948841949264406,24,1400,173255,0
DEQ,948841955183974,24,1400,109516,1
DEQ,948841955206852,24,1400,119939,3
DEQ,948841955320097,24,1400,130151,2
DEQ,948841955322701,24,1400,125173,1
DEQ,948841955323149,24,1400,119789,0
DEQ,948841955417111,24,1400,89395,0
DEQ,948841961170799,24,1400,105507,2
DEQ,948841961173478,24,1400,93837,1
DEQ,948841961260763,24,1400,178874,1
DEQ,948841961261623,24,1400,83941,0
DEQ,948841975373800,24,1400,98565,2
DEQ,948841975376505,24,1400,87750,1
DEQ,948841975396834,24,1400,105738,3
DEQ,948841975487748,24,1400,107077,4
DEQ,948841975488703,24,1400,97464,3
DEQ,948841975489190,24,1400,95787,2
DEQ,948841975554449,24,1400,155772,1
DEQ,948841975564380,24,1400,163515,0
DEQ,948841981183235,24,1400,119608,1
DEQ,948841981185861,24,1400,108714,0
DEQ,948841981310658,24,1400,120498,0
DEQ,948841992267314,24,1400,99483,4
DEQ,948841992269946,24,1400,86639,3
DEQ,948841992352474,24,1400,167018,2
DEQ,948841992353608,24,1400,162638,1
DEQ,948841992354997,24,1400,161949,0
DEQ,948841997166685,24,1400,102777,2
DEQ,948841997169247,24,1400,91429,1
DEQ,948841997260699,24,1400,180697,0
DEQ,948842003184334,24,1400,115356,1
DEQ,948842003186997,24,1400,111490,0
DEQ,948842015861718,24,1400,106823,3
DEQ,948842015864332,24,1400,101491,2
DEQ,948842015881461,24,1400,113315,3
DEQ,948842015996609,24,1400,226220,4
DEQ,948842015999280,24,1400,130215,3
DEQ,948842016082753,24,1400,209688,4
DEQ,948842016085391,24,1400,202354,3
DEQ,948842016169138,24,1400,283868,2
DEQ,948842016171802,24,1400,167473,1
DEQ,948842016259665,24,1400,251301,0
DEQ,948842021153516,24,1400,95633,3
DEQ,948842021156233,24,1400,89075,2
DEQ,948842021168203,24,1400,95214,1
DEQ,948842021276498,24,1400,201382,0
DEQ,948842034356095,24,1400,106118,1
DEQ,948842034358781,24,1400,99983,0
DEQ,948842039213516,24,1400,133399,3
DEQ,948842039216516,24,1400,129483,2
DEQ,948842039304280,24,1400,210544,3
DEQ,948842039305185,24,1400,208999,2
DEQ,948842039397711,24,1400,175651,3
DEQ,948842039400605,24,1400,174164,2
DEQ,948842039486388,24,1400,176187,1
DEQ,948842039489037,24,1400,174768,0
DEQ,948842045203549,24,1400,123021,3
DEQ,948842045223166,24,1400,135465,4
DEQ,948842045348985,24,1400,254622,3
DEQ,948842045351743,24,1400,254987,2
DEQ,948842045427169,24,1400,212728,1
DEQ,948842045429836,24,1400,210959,0
DEQ,948842051146464,24,1400,89956,2
DEQ,948842051149086,24,1400,78153,1
DEQ,948842051233176,24,1400,160087,0
DEQ,948842057155277,24,1400,93608,3
DEQ,948842057157903,24,1400,87515,2
DEQ,948842057240761,24,1400,165100,1
DEQ,948842057241609,24,1400,163783,0
DEQ,948842063155766,24,1400,100156,1
DEQ,948842063158417,24,1400,92752,0
DEQ,948842075860842,24,1400,93584,3
DEQ,948842075863489,24,1400,86998,2
DEQ,948842075880149,24,1400,98300,3
DEQ,948842075975177,24,1400,191191,4
DEQ,948842075976225,24,1400,107855,3
DEQ,948842076005074,24,1400,132832,4
DEQ,948842076091182,24,1400,209483,3
DEQ,948842076093826,24,1400,210178,2
DEQ,948842076178124,24,1400,197080,3
DEQ,948842076180777,24,1400,187451,2
DEQ,948842076263332,24,1400,164777,1
DEQ,948842076266642,24,1400,159336,0
DEQ,948842081167536,24,1400,105049,3
DEQ,948842081170195,24,1400,98655,2
DEQ,948842081265004,24,1400,187995,1
DEQ,948842081269525,24,1400,190429,0
DEQ,948842092276320,24,1400,91531,0
DEQ,948842097160474,24,1400,93044,3
DEQ,948842097163049,24,1400,86708,2
DEQ,948842097247519,24,1400,166943,3
DEQ,948842097248393,24,1400,165624,2
DEQ,948842097330623,24,1400,162688,3
DEQ,948842097333516,24,1400,161598,2
DEQ,948842097410306,24,1400,157224,3
DEQ,948842097413018,24,1400,156018,2
DEQ,948842097493941,24,1400,155609,2
DEQ,948842097496588,24,1400,154275,1
DEQ,948842097583836,24,1400,166677,0
DEQ,948842103160223,24,1400,96130,1
DEQ,948842103162858,24,1400,92204,0
DEQ,948842112308899,24,1400,92914,3
DEQ,948842112312224,24,1400,87053,2
DEQ,948842112410727,24,1400,179918,3
DEQ,948842112481725,24,1400,248785,2
DEQ,948842112571435,24,1400,255339,1
DEQ,948842112574041,24,1400,254077,0
DEQ,948842117162699,24,1400,94504,2
DEQ,948842117165323,24,1400,88175,1
DEQ,948842117190270,24,1400,108060,3
DEQ,948842117298111,24,1400,128547,4
DEQ,948842117300821,24,1400,123327,3
DEQ,948842117305880,24,1400,126059,2
DEQ,948842117434082,24,1400,241935,2
DEQ,948842117436768,24,1400,242310,1
DEQ,948842117448533,24,1400,139074,0
DEQ,948842123156619,24,1400,103897,1
DEQ,948842123159222,24,1400,97404,0
DEQ,948842129184196,24,1400,114579,3
DEQ,948842129187034,24,1400,109430,2
DEQ,948842129213714,24,1400,129753,3
DEQ,948842129306773,24,1400,220221,2
DEQ,948842129307635,24,1400,114749,1
DEQ,948842129400837,24,1400,191645,0
DEQ,948842135197555,24,1400,130310,2
DEQ,948842135200592,24,1400,119790,1
DEQ,948842135201315,24,1400,117792,0
DEQ,948842141182305,24,1400,115803,3
DEQ,948842141185083,24,1400,110876,2
DEQ,948842141197746,24,1400,117049,1
DEQ,948842141305677,24,1400,222460,0
DEQ,948842147186064,24,1400,119595,3
DEQ,948842147189066,24,1400,114259,2
DEQ,948842147189594,24,1400,107700,1
DEQ,948842147208025,24,1400,123339,1
DEQ,948842147307342,24,1400,112910,0
DEQ,948842153189507,24,1400,125492,1
DEQ,948842153192508,24,1400,119772,0
DEQ,948842162352019,24,1400,100790,3
DEQ,948842162354839,24,1400,95531,2
DEQ,948842162380921,24,1400,114898,3
DEQ,948842162473374,24,1400,204904,2
DEQ,948842162474259,24,1400,113630,1
DEQ,948842162565708,24,1400,199483,0
DEQ,948842167004784,24,1400,52600,3
DEQ,948842167076646,24,1400,115600,2
DEQ,948842167117029,24,1400,150443,1
DEQ,948842167167771,24,1400,199098,0
DEQ,948842173183155,24,1400,120819,2
DEQ,948842173185785,24,1400,114482,1
DEQ,948842173277397,24,1400,201145,0
DEQ,948842185855704,24,1400,102611,3
DEQ,948842185880135,24,1400,118020,4
DEQ,948842185996531,24,1400,228509,3
DEQ,948842185999174,24,1400,229012,2
DEQ,948842186096932,24,1400,234538,4
DEQ,948842186099601,24,1400,227615,3
DEQ,948842186183763,24,1400,180318,4
DEQ,948842186263146,24,1400,252161,3
DEQ,948842186354764,24,1400,341796,2
DEQ,948842186423672,24,1400,319306,1
DEQ,948842186494646,24,1400,381662,0
DEQ,948842191143922,24,1400,83419,0
DEQ,948842202339519,24,1400,90008,3
DEQ,948842202342122,24,1400,83606,2
DEQ,948842202434966,24,1400,170739,1
DEQ,948842202435794,24,1400,169319,0
DEQ,948842207162960,24,1400,96540,3
DEQ,948842207165586,24,1400,89900,2
DEQ,948842207249951,24,1400,169334,1
DEQ,948842207250806,24,1400,167978,0
DEQ,948842213170479,24,1400,101640,3
DEQ,948842213173043,24,1400,97755,2
DEQ,948842213197716,24,1400,116710,3
DEQ,948842213303573,24,1400,220385,2
DEQ,948842213304459,24,1400,126504,1
DEQ,948842213305878,24,1400,112628,0
DEQ,948842219167747,24,1400,100219,3
DEQ,948842219170308,24,1400,94043,2
DEQ,948842219270257,24,1400,188099,3
DEQ,948842219271104,24,1400,186866,2
DEQ,948842219271725,24,1400,96646,1
DEQ,948842219355596,24,1400,176620,0
DEQ,948842225168156,24,1400,100572,3
DEQ,948842225170776,24,1400,93966,2
DEQ,948842225175789,24,1400,93570,1
DEQ,948842225262027,24,1400,177656,2
DEQ,948842225267380,24,1400,87698,1
DEQ,948842225403756,24,1400,220085,0
DEQ,948842231172876,24,1400,117042,0
DEQ,948842237170241,24,1400,103419,3
DEQ,948842237172869,24,1400,97670,2
DEQ,948842237262463,24,1400,180469,1
DEQ,948842237263320,24,1400,178482,0
DEQ,948842243187831,24,1400,123122,3
DEQ,948842243190590,24,1400,117775,2
DEQ,948842243191134,24,1400,112585,1
DEQ,948842243278220,24,1400,197255,0
DEQ,948842249156403,24,1400,94667,1
DEQ,948842249159023,24,1400,88383,0
DEQ,948842255170276,24,1400,102248,3
DEQ,948842255172895,24,1400,96311,2
DEQ,948842255197754,24,1400,115994,3
DEQ,948842255307634,24,1400,223669,4
DEQ,948842255310147,24,1400,132434,3
DEQ,948842255310660,24,1400,128532,2
DEQ,948842255380025,24,1400,179863,1
DEQ,948842255383395,24,1400,180935,0
DEQ,948842261176216,24,1400,116569,1
DEQ,948842261178836,24,1400,109825,0
DEQ,948842275360297,24,1400,104645,3
DEQ,948842275362909,24,1400,98537,2
DEQ,948842275368211,24,1400,99017,1
DEQ,948842275464747,24,1400,193347,4
DEQ,948842275465828,24,1400,89009,3
DEQ,948842275487214,24,1400,105909,4
DEQ,948842275578238,24,1400,180766,3
DEQ,948842275580718,24,1400,180983,2
DEQ,948842275582215,24,1400,110389,1
DEQ,948842275628151,24,1400,145184,0
DEQ,948842281172703,24,1400,107001,3
DEQ,948842281175384,24,1400,100113,2
DEQ,948842281259888,24,1400,179308,1
DEQ,948842281260776,24,1400,178179,0
DEQ,948842292265066,24,1400,42935,3
DEQ,948842292304731,24,1400,74789,2
DEQ,948842292349509,24,1400,114249,2
DEQ,948842292384716,24,1400,147274,2
DEQ,948842292429465,24,1400,122932,1
DEQ,948842292467990,24,1400,117218,0
DEQ,948842297181155,24,1400,115717,3
DEQ,948842297183717,24,1400,109410,2
DEQ,948842297199815,24,1400,119828,3
DEQ,948842297304275,24,1400,222074,2
DEQ,948842297305174,24,1400,116638,1
DEQ,948842297306589,24,1400,111179,0
DEQ,948842303168397,24,1400,111997,1
DEQ,948842303171189,24,1400,105210,0
DEQ,948842309190682,24,1400,121001,3
DEQ,948842309193534,24,1400,115815,2
DEQ,948842309214734,24,1400,129622,4
DEQ,948842309332273,24,1400,244455,3
DEQ,948842309334874,24,1400,136538,2
DEQ,948842309414673,24,1400,205187,1
DEQ,948842309417290,24,1400,205734,0
DEQ,948842315175190,24,1400,109623,3
DEQ,948842315177968,24,1400,104400,2
DEQ,948842315250669,24,1400,170942,1
DEQ,948842315251535,24,1400,169361,0
DEQ,948842321195054,24,1400,126252,1
DEQ,948842321197920,24,1400,120385,0
DEQ,948842335373884,24,1400,110293,4
DEQ,948842335468515,24,1400,197054,3
DEQ,948842335469359,24,1400,191719,2
DEQ,948842335575363,24,1400,290223,3
DEQ,948842335578265,24,1400,290386,2
DEQ,948842335596255,24,1400,122079,3
DEQ,948842335732472,24,1400,254313,2
DEQ,948842335817295,24,1400,233513,1
DEQ,948842335819936,24,1400,228259,0
DEQ,948842341181101,24,1400,118700,3
DEQ,948842341183699,24,1400,111361,2
DEQ,948842341197708,24,1400,119691,2
DEQ,948842341294347,24,1400,214299,1
DEQ,948842341295202,24,1400,107376,0
DEQ,948842347153983,24,1400,92418,3
DEQ,948842347156551,24,1400,85621,2
DEQ,948842347239205,24,1400,163125,3
DEQ,948842347240068,24,1400,161813,2
DEQ,948842347315909,24,1400,154599,1
DEQ,948842347318543,24,1400,153265,0
DEQ,948842353161883,24,1400,102660,1
DEQ,948842353164486,24,1400,95750,0
DEQ,948842362424271,24,1400,107990,3
DEQ,948842362426864,24,1400,100661,2
DEQ,948842362515171,24,1400,183932,1
DEQ,948842362516025,24,1400,182729,0
DEQ,948842367168863,24,1400,101098,3
DEQ,948842367174910,24,1400,98194,2
DEQ,948842367176557,24,1400,94049,1
DEQ,948842367263616,24,1400,178989,4
DEQ,948842367264446,24,1400,83472,3
DEQ,948842367344975,24,1400,160142,2
DEQ,948842367347612,24,1400,157049,1
DEQ,948842367429172,24,1400,236618,1
DEQ,948842367431799,24,1400,79803,0
DEQ,948842373186126,24,1400,116435,1
DEQ,948842373188708,24,1400,112650,0
DEQ,948842379170265,24,1400,106876,3
DEQ,948842379173054,24,1400,100038,2
DEQ,948842379264411,24,1400,186168,3
DEQ,948842379265282,24,1400,184949,2
DEQ,948842379266643,24,1400,88808,1
DEQ,948842379369711,24,1400,187998,0
DEQ,948842385180618,24,1400,119751,3
DEQ,948842385183212,24,1400,113585,2
DEQ,948842385205555,24,1400,130469,3
DEQ,948842385301080,24,1400,223620,2
DEQ,948842385302301,24,1400,114371,1
DEQ,948842385392243,24,1400,191143,0
DEQ,948842391155516,24,1400,100982,1
DEQ,948842391158038,24,1400,93369,0
DEQ,948842397149428,24,1400,87564,3
DEQ,948842397152053,24,1400,80904,2
DEQ,948842397173802,24,1400,97075,2
DEQ,948842397283136,24,1400,204313,1
DEQ,948842397285741,24,1400,129307,0
DEQ,948842403183429,24,1400,119588,3
DEQ,948842403186046,24,1400,114598,2
DEQ,948842403198044,24,1400,121516,1
DEQ,948842403298271,24,1400,219632,0
DEQ,948842409179290,24,1400,114892,2
DEQ,948842409181889,24,1400,108316,1
DEQ,948842409267399,24,1400,188743,0
DEQ,948842415198739,24,1400,135086,3
DEQ,948842415204828,24,1400,131728,2
DEQ,948842415205422,24,1400,126588,1
DEQ,948842415207217,24,1400,125900,0
DEQ,948842415322584,24,1400,110289,1
DEQ,948842415323479,24,1400,102507,0
DEQ,948842421191935,24,1400,127882,1
DEQ,948842421194713,24,1400,122292,0
DEQ,948842427146994,24,1400,97886,2
DEQ,948842427185950,24,1400,123485,4
DEQ,948842427259541,24,1400,194848,3
DEQ,948842427260584,24,1400,106653,2
DEQ,948842427361362,24,1400,181253,1
DEQ,948842427364440,24,1400,182102,0
DEQ,948842433175128,24,1400,112701,3
DEQ,948842433177700,24,1400,105710,2
DEQ,948842433266743,24,1400,189652,1
DEQ,948842433267553,24,1400,188349,0
DEQ,948842439178352,24,1400,117839,1
DEQ,948842439180918,24,1400,111602,0
DEQ,948842445174100,24,1400,102868,3
DEQ,948842445211311,24,1400,131559,4
DEQ,948842445290934,24,1400,205103,3
DEQ,948842445292114,24,1400,204216,2
DEQ,948842445297512,24,1400,116583,1
DEQ,948842445379741,24,1400,183218,2
DEQ,948842445382413,24,1400,81041,1
DEQ,948842445463163,24,1400,157788,1
DEQ,948842445465795,24,1400,79187,0
DEQ,948842451155910,24,1400,98979,2
DEQ,948842451158494,24,1400,91648,1
DEQ,948842451170603,24,1400,99437,0
DEQ,948842457174321,24,1400,112043,3
DEQ,948842457176925,24,1400,104581,2
DEQ,948842457265195,24,1400,188060,1
DEQ,948842457266047,24,1400,186797,0
DEQ,948842463175298,24,1400,112287,3
DEQ,948842463177905,24,1400,105505,2
DEQ,948842463249108,24,1400,171783,1
DEQ,948842463249960,24,1400,170448,0
DEQ,948842469181151,24,1400,122349,3
DEQ,948842469183753,24,1400,115692,2
DEQ,948842469268247,24,1400,194957,1
DEQ,948842469269108,24,1400,193678,0
DEQ,948842475193669,24,1400,120516,4
DEQ,948842475203507,24,1400,116992,3
DEQ,948842475341114,24,1400,252462,2
DEQ,948842475343743,24,1400,250911,1
DEQ,948842475425561,24,1400,330651,0
DEQ,948842481189971,24,1400,126249,1
DEQ,948842481192798,24,1400,120709,0
DEQ,948842487175145,24,1400,110088,3
DEQ,948842487177718,24,1400,103535,2
DEQ,948842487259221,24,1400,179746,3
DEQ,948842487260076,24,1400,178510,2
DEQ,948842487342306,24,1400,159777,2
DEQ,948842487344898,24,1400,158536,1
DEQ,948842487428045,24,1400,163752,0
DEQ,948842493157629,24,1400,96078,3
DEQ,948842493160235,24,1400,89398,2
DEQ,948842493242554,24,1400,166401,1
DEQ,948842493243416,24,1400,165136,0
DEQ,948842499145119,24,1400,90863,1
DEQ,948842499148401,24,1400,84645,0
DEQ,948842505177618,24,1400,105037,3
DEQ,948842505180207,24,1400,99956,2
DEQ,948842505207518,24,1400,121602,4
DEQ,948842505304219,24,1400,216189,3
DEQ,948842505305101,24,1400,120766,2
DEQ,948842505330639,24,1400,138947,3
DEQ,948842505408102,24,1400,214692,4
DEQ,948842505421896,24,1400,112004,3
DEQ,948842505561561,24,1400,235637,2
DEQ,948842505643133,24,1400,309439,1
DEQ,948842505656924,24,1400,321140,0
DEQ,948842514338603,24,1400,99671,1
DEQ,948842514427446,24,1400,179426,0
DEQ,948842519152622,24,1400,98156,3
DEQ,948842519155258,24,1400,90872,2
DEQ,948842519241272,24,1400,171845,1
DEQ,948842519308155,24,1400,236373,0
DEQ,948842535341734,24,1400,96228,4
DEQ,948842535344365,24,1400,90005,3
DEQ,948842535448467,24,1400,188982,4
DEQ,948842535449330,24,1400,185393,3
DEQ,948842535513070,24,1400,247179,2
DEQ,948842535515609,24,1400,166464,1
DEQ,948842535604699,24,1400,246351,0
DEQ,948842541183460,24,1400,114030,4
DEQ,948842541270510,24,1400,191796,3
DEQ,948842541282920,24,1400,200348,2
DEQ,948842541427474,24,1400,340036,1
DEQ,948842541513930,24,1400,424357,0
DEQ,948842554174180,24,1400,42583,1
DEQ,948842554219640,24,1400,79741,0
DEQ,948842559123204,24,1400,100235,3
DEQ,948842559126307,24,1400,96702,2
DEQ,948842559152069,24,1400,115481,3
DEQ,948842559234378,24,1400,195117,4
DEQ,948842559243459,24,1400,111670,3
DEQ,948842559382715,24,1400,235229,4
DEQ,948842559389039,24,1400,235605,3
DEQ,948842559390748,24,1400,235395,2
DEQ,948842559525234,24,1400,277065,1
DEQ,948842559528081,24,1400,275948,0
DEQ,948842565350928,24,1400,97158,3
DEQ,948842565353759,24,1400,92429,2
DEQ,948842565445190,24,1400,176496,2
DEQ,948842565446060,24,1400,174982,1
DEQ,948842565565881,24,1400,207399,0
DEQ,948842569599158,24,1400,42067,3
DEQ,948842569638625,24,1400,74380,2
DEQ,948842569685142,24,1400,115557,1
DEQ,948842569722003,24,1400,150437,0
DEQ,948842582440714,24,1400,99164,3
DEQ,948842582443366,24,1400,92799,2
DEQ,948842582471207,24,1400,115350,4
DEQ,948842582581777,24,1400,223724,3
DEQ,948842582584371,24,1400,136865,2
DEQ,948842582605049,24,1400,150140,2
DEQ,948842582678910,24,1400,222058,1
DEQ,948842582688825,24,1400,100253,0
DEQ,948842587173699,24,1400,107088,3
DEQ,948842587176273,24,1400,100865,2
DEQ,948842587261938,24,1400,181516,3
DEQ,948842587263172,24,1400,180541,2
DEQ,948842587336436,24,1400,155286,1
DEQ,948842587339104,24,1400,154054,0
DEQ,948842593177824,24,1400,116555,1
DEQ,948842593180453,24,1400,112652,0
DEQ,948842615850079,24,1400,94447,3
DEQ,948842615852651,24,1400,88292,2
DEQ,948842615937741,24,1400,167490,3
DEQ,948842615939479,24,1400,167105,2
DEQ,948842616030697,24,1400,173070,3
DEQ,948842616033383,24,1400,171810,2
DEQ,948842616118069,24,1400,174741,3
DEQ,948842616120686,24,1400,173580,2
DEQ,948842616208060,24,1400,169750,3
DEQ,948842616210624,24,1400,168296,2
DEQ,948842616289006,24,1400,163661,1
DEQ,948842616291624,24,1400,162228,0
DEQ,948842621174772,24,1400,109177,3
DEQ,948842621177606,24,1400,102754,2
DEQ,948842621178987,24,1400,98458,1
DEQ,948842621276610,24,1400,194007,0
DEQ,948842632554063,24,1400,119378,1
DEQ,948842632556642,24,1400,112690,0
DEQ,948842637170327,24,1400,103890,3
DEQ,948842637172964,24,1400,96687,2
DEQ,948842637262145,24,1400,180550,3
DEQ,948842637263088,24,1400,179356,2
DEQ,948842637264490,24,1400,86737,1
DEQ,948842637363972,24,1400,182275,0
DEQ,948842643150543,24,1400,86243,3
DEQ,948842643153160,24,1400,82511,2
DEQ,948842643176475,24,1400,101606,3
DEQ,948842643279376,24,1400,202452,2
DEQ,948842643280625,24,1400,122274,1
DEQ,948842643349026,24,1400,176664,0
DEQ,948842649188712,24,1400,113566,4
DEQ,948842649280320,24,1400,193648,3
DEQ,948842649283279,24,1400,194306,2
DEQ,948842649362626,24,1400,269305,1
DEQ,948842649365194,24,1400,269789,0
DEQ,948842655168525,24,1400,100481,3
DEQ,948842655171150,24,1400,94366,2
DEQ,948842655274388,24,1400,191478,2
DEQ,948842655275355,24,1400,190206,1
DEQ,948842655276957,24,1400,101571,0
DEQ,948842661165136,24,1400,110147,1
DEQ,948842661167665,24,1400,103234,0
DEQ,948842675342968,24,1400,91694,3
DEQ,948842675345572,24,1400,85007,2
DEQ,948842675436043,24,1400,169995,3
DEQ,948842675436910,24,1400,168795,2
DEQ,948842675514765,24,1400,164280,3
DEQ,948842675517372,24,1400,162896,2
DEQ,948842675602396,24,1400,160772,1
DEQ,948842675605006,24,1400,159491,0
DEQ,948842681178668,24,1400,115458,3
DEQ,948842681181143,24,1400,109211,2
DEQ,948842681182539,24,1400,105588,1
DEQ,948842681278352,24,1400,199149,0
DEQ,948842694364920,24,1400,115410,1
DEQ,948842694367758,24,1400,109542,0
DEQ,948842699184867,24,1400,107410,3
DEQ,948842699204489,24,1400,119452,4
DEQ,948842699326682,24,1400,234807,3
DEQ,948842699329325,24,1400,235062,2
DEQ,948842699421377,24,1400,229212,3
DEQ,948842699423995,24,1400,227638,2
DEQ,948842699519648,24,1400,185421,1
DEQ,948842699522478,24,1400,184168,0
DEQ,948842705190227,24,1400,107004,3
DEQ,948842705192859,24,1400,103216,2
DEQ,948842705284418,24,1400,188221,1
DEQ,948842705285453,24,1400,187058,0
DEQ,948842708442565,24,84,131553,0
DEQ,948842714355775,24,1400,99676,3
DEQ,948842714379997,24,1400,114984,4
DEQ,948842714496660,24,1400,226054,3
DEQ,948842714499273,24,1400,226632,2
DEQ,948842714601869,24,1400,239400,3
DEQ,948842714604527,24,1400,232548,2
DEQ,948842714630076,24,1400,126025,2
DEQ,948842714763930,24,1400,256008,1
DEQ,948842714766716,24,1400,158074,0
DEQ,948842719177692,24,1400,118381,1
DEQ,948842719180329,24,1400,111448,0
DEQ,948842725182819,24,1400,120180,3
DEQ,948842725185380,24,1400,114001,2
DEQ,948842725271709,24,1400,195333,1
DEQ,948842725272585,24,1400,194207,0
DEQ,948842734349328,24,1400,93605,3
DEQ,948842734352018,24,1400,86536,2
DEQ,948842734455150,24,1400,184265,3
DEQ,948842734456029,24,1400,183010,2
DEQ,948842734549956,24,1400,192921,3
DEQ,948842734552649,24,1400,187258,2
DEQ,948842734634096,24,1400,173045,2
DEQ,948842734636705,24,1400,171730,1
DEQ,948842734718955,24,1400,161876,0
DEQ,948842739159186,24,1400,103616,1
DEQ,948842739251645,24,1400,193055,0
DEQ,948842745009856,24,1400,63522,3
DEQ,948842745049265,24,1400,93731,2
DEQ,948842745089339,24,1400,128273,3
DEQ,948842745128971,24,1400,165959,2
DEQ,948842745169143,24,1400,105690,1
DEQ,948842745219927,24,1400,148464,0
DEQ,948842751177697,24,1400,114018,3
DEQ,948842751180129,24,1400,108246,2
DEQ,948842751181517,24,1400,104970,1
DEQ,948842751269166,24,1400,190600,0
DEQ,948842757181404,24,1400,122806,3
DEQ,948842757183929,24,1400,115852,2
DEQ,948842757273153,24,1400,199996,1
DEQ,948842757274064,24,1400,198816,0
DEQ,948842763168014,24,1400,106681,1
DEQ,948842763171138,24,1400,101362,0
DEQ,948842769194643,24,1400,124453,3
DEQ,948842769197404,24,1400,119724,2
DEQ,948842769215063,24,1400,130936,3
DEQ,948842769339767,24,1400,253261,2
DEQ,948842769342426,24,1400,139299,1
DEQ,948842769424812,24,1400,217439,0
DEQ,948842775189956,24,1400,116438,3
DEQ,948842775210358,24,1400,129437,4
DEQ,948842775330820,24,1400,242011,3
DEQ,948842775333398,24,1400,241905,2
DEQ,948842775425144,24,1400,227260,2
DEQ,948842775427686,24,1400,221860,1
DEQ,948842775429113,24,1400,91461,0
DEQ,948842782589630,24,1400,101126,1
DEQ,948842782690850,24,1400,192810,0
DEQ,948842787170982,24,1400,103080,3
DEQ,948842787173578,24,1400,97170,2
DEQ,948842787264283,24,1400,182895,1
DEQ,948842787265186,24,1400,181710,0
DEQ,948842793048992,24,1400,43643,3
DEQ,948842793188178,24,1400,174458,2
DEQ,948842793203997,24,1400,184986,2
DEQ,948842793339001,24,1400,317990,1
DEQ,948842793341647,24,1400,147362,0
DEQ,948842799176781,24,1400,116498,1
DEQ,948842799179390,24,1400,109713,0
DEQ,948842805184905,24,1400,120082,3
DEQ,948842805187526,24,1400,113241,2
DEQ,948842805205164,24,1400,125697,3
DEQ,948842805300222,24,1400,218515,4
DEQ,948842805301174,24,1400,104995,3
DEQ,948842805302754,24,1400,102716,2
DEQ,948842805396278,24,1400,189617,1
DEQ,948842805398871,24,1400,189926,0
DEQ,948842811182474,24,1400,121855,1
DEQ,948842811185061,24,1400,116021,0
DEQ,948842817179507,24,1400,113264,3
DEQ,948842817182096,24,1400,106516,2
DEQ,948842817266746,24,1400,185872,1
DEQ,948842817279653,24,1400,196648,0
STATS,948842817289579,0,0,835,835,0,0,0
DEQ,948842823168713,24,1400,106746,3
DEQ,948842823171437,24,1400,99602,2
DEQ,948842823250924,24,1400,173617,2
DEQ,948842823251799,24,1400,172352,1
DEQ,948842823316465,24,1400,140765,0
DEQ,948842829169174,24,1400,105429,1
DEQ,948842829171800,24,1400,99312,0
DEQ,948842835186162,24,1400,113713,3
DEQ,948842835284795,24,1400,204554,2
DEQ,948842835285733,24,1400,198960,1
DEQ,948842835386518,24,1400,296775,1
DEQ,948842835389494,24,1400,99038,0
DEQ,948842841179466,24,1400,119829,1
DEQ,948842841182107,24,1400,112962,0
DEQ,948842852612536,24,1400,93826,1
DEQ,948842852615193,24,1400,86756,0
DEQ,948842857189757,24,1400,120762,3
DEQ,948842857192364,24,1400,114497,2
DEQ,948842857209419,24,1400,125950,3
DEQ,948842857344769,24,1400,259211,4
DEQ,948842857347446,24,1400,150169,3
DEQ,948842857412674,24,1400,211495,2
DEQ,948842857415268,24,1400,204320,1
DEQ,948842857495709,24,1400,282632,0
DEQ,948842863172255,24,1400,103482,3
DEQ,948842863174844,24,1400,99599,2
DEQ,948842863262342,24,1400,181835,3
DEQ,948842863263351,24,1400,180572,2
DEQ,948842863264844,24,1400,85230,1
DEQ,948842863394825,24,1400,211307,0
DEQ,948842869180246,24,1400,116866,3
DEQ,948842869182814,24,1400,110644,2
DEQ,948842869263439,24,1400,185822,1
DEQ,948842869334044,24,1400,254127,0
DEQ,948842875132490,24,1400,95732,3
DEQ,948842875135119,24,1400,89105,2
DEQ,948842875151581,24,1400,100673,3
DEQ,948842875281551,24,1400,228373,2
DEQ,948842875284256,24,1400,144261,1
DEQ,948842875292172,24,1400,145000,0
DEQ,948842881003064,24,1400,55646,1
DEQ,948842881048128,24,1400,91769,0
DEQ,948842895621323,24,1400,100220,1
DEQ,948842895624204,24,1400,94767,0
DEQ,948842907184153,24,1400,109308,3
DEQ,948842907204620,24,1400,122429,4
DEQ,948842907319039,24,1400,229887,3
DEQ,948842907321659,24,1400,229862,2
DEQ,948842907415063,24,1400,223505,3
DEQ,948842907417710,24,1400,221764,2
DEQ,948842907505507,24,1400,179095,1
DEQ,948842907508347,24,1400,172103,0
DEQ,948842922647533,24,1400,98349,3
DEQ,948842922650192,24,1400,91872,2
DEQ,948842922671058,24,1400,107117,3
DEQ,948842922781692,24,1400,215434,4
DEQ,948842922784324,24,1400,129031,3
DEQ,948842922874971,24,1400,215610,4
DEQ,948842922877625,24,1400,204353,3
DEQ,948842922958990,24,1400,283541,2
DEQ,948842922961801,24,1400,172297,1
DEQ,948842923041571,24,1400,248107,0
DEQ,948842927179999,24,1400,119533,3
DEQ,948842927182570,24,1400,113590,2
DEQ,948842927209943,24,1400,135179,4
DEQ,948842927313752,24,1400,236802,3
DEQ,948842927316371,24,1400,129510,2
DEQ,948842927324478,24,1400,119712,1
DEQ,948842927426581,24,1400,219790,0
DEQ,948842933190045,24,1400,114618,2
DEQ,948842933193027,24,1400,110747,1
DEQ,948842933279198,24,1400,189984,0
DEQ,948842939171285,24,1400,106919,3
DEQ,948842939174132,24,1400,101079,2
DEQ,948842939256787,24,1400,178657,1
DEQ,948842939257685,24,1400,177279,0
DEQ,948842945160469,24,1400,104521,1
DEQ,948842945163073,24,1400,97192,0
DEQ,948842955261389,24,1400,122049,3
DEQ,948842955264042,24,1400,115392,2
DEQ,948842955359133,24,1400,201693,3
DEQ,948842955360124,24,1400,200560,2
DEQ,948842955390359,24,1400,107638,3
DEQ,948842955466829,24,1400,166236,4
DEQ,948842955469421,24,1400,103155,3
DEQ,948842955570559,24,1400,199854,2
DEQ,948842955573173,24,1400,178523,1
DEQ,948842955664473,24,1400,267419,1
DEQ,948842955667115,24,1400,89618,0
DEQ,948842961145252,24,1400,87271,2
DEQ,948842961147815,24,1400,80421,1
DEQ,948842961168540,24,1400,95737,1
DEQ,948842961289025,24,1400,136810,0
DEQ,948842967146424,24,1400,89438,2
DEQ,948842967148991,24,1400,77274,1
DEQ,948842967233366,24,1400,159596,0
DEQ,948842973181048,24,1400,117568,3
DEQ,948842973183622,24,1400,112039,2
DEQ,948842973255875,24,1400,179353,1
DEQ,948842973256702,24,1400,178139,0
DEQ,948842979149424,24,1400,87204,2
DEQ,948842979151975,24,1400,77201,1
DEQ,948842979232513,24,1400,155580,0
DEQ,948842985167813,24,1400,102953,3
DEQ,948842985170362,24,1400,96370,2
DEQ,948842985255873,24,1400,176784,3
DEQ,948842985256755,24,1400,175519,2
DEQ,948842985270501,24,1400,95019,2
DEQ,948842985360009,24,1400,180573,1
DEQ,948842985362606,24,1400,97926,0
DEQ,948842991160999,24,1400,105171,1
DEQ,948842991163614,24,1400,97987,0
DEQ,948843002167255,24,1400,113427,1
DEQ,948843002169833,24,1400,106637,0
DEQ,948843007049586,24,1400,42709,3
DEQ,948843007097418,24,1400,82886,4
DEQ,948843007142226,24,1400,122981,3
DEQ,948843007188130,24,1400,166856,4
DEQ,948843007243833,24,1400,190580,3
DEQ,948843007269881,24,1400,214581,2
DEQ,948843007301945,24,1400,158051,1
DEQ,948843007345750,24,1400,199664,0
DEQ,948843013110355,24,1400,96661,3
DEQ,948843013113227,24,1400,91373,2
DEQ,948843013207784,24,1400,179787,1
DEQ,948843013208614,24,1400,178110,0
DEQ,948843019175591,24,1400,106592,3
DEQ,948843019178214,24,1400,101123,2
DEQ,948843019180014,24,1400,96688,1
DEQ,948843019263571,24,1400,177859,1
DEQ,948843019264421,24,1400,80734,0
DEQ,948843025137340,24,1400,95147,1
DEQ,948843025140215,24,1400,90051,0
DEQ,948843035260435,24,1400,108374,3
DEQ,948843035280705,24,1400,121074,4
DEQ,948843035408279,24,1400,241255,3
DEQ,948843035479234,24,1400,309572,2
DEQ,948843035481861,24,1400,213571,1
DEQ,948843035579644,24,1400,307111,3
DEQ,948843035582218,24,1400,95703,2
DEQ,948843035599927,24,1400,106229,2
DEQ,948843035690746,24,1400,195005,1
DEQ,948843035693639,24,1400,107233,0
DEQ,948843041152697,24,1400,92879,3
DEQ,948843041155312,24,1400,86564,2
DEQ,948843041271814,24,1400,197923,1
DEQ,948843041272724,24,1400,196825,0
DEQ,948843047180811,24,1400,120363,3
DEQ,948843047183407,24,1400,114459,2
DEQ,948843047203775,24,1400,129716,2
DEQ,948843047321705,24,1400,245566,1
DEQ,948843047324329,24,1400,136794,0
DEQ,948843053181072,24,1400,120993,3
DEQ,948843053183788,24,1400,114587,2
DEQ,948843053270209,24,1400,194974,1
DEQ,948843053271122,24,1400,193730,0
DEQ,948843059154644,24,1400,99154,2
DEQ,948843059157223,24,1400,90450,1
DEQ,948843059168961,24,1400,97059,0
DEQ,948843065180233,24,1400,117511,3
DEQ,948843065182698,24,1400,110676,2
DEQ,948843065184520,24,1400,107300,1
DEQ,948843065277558,24,1400,198230,0
DEQ,948843071187953,24,1400,113528,2
DEQ,948843071206195,24,1400,121010,1
DEQ,948843071339071,24,1400,251639,0
DEQ,948843077170234,24,1400,109354,3
DEQ,948843077172879,24,1400,103561,2
DEQ,948843077266818,24,1400,192409,1
DEQ,948843077267658,24,1400,191036,0
DEQ,948843083131198,24,1400,92433,2
DEQ,948843083133798,24,1400,85339,1
DEQ,948843083233396,24,1400,180771,0
DEQ,948843089183725,24,1400,117763,3
DEQ,948843089186308,24,1400,112103,2
DEQ,948843089202772,24,1400,123273,3
DEQ,948843089316619,24,1400,235032,2
DEQ,948843089319285,24,1400,128042,1
DEQ,948843089409705,24,1400,211179,0
DEQ,948843095178928,24,1400,120346,1
DEQ,948843095181503,24,1400,114123,0
DEQ,948843101177073,24,1400,111513,3
DEQ,948843101179577,24,1400,105700,2
DEQ,948843101181005,24,1400,102129,1
DEQ,948843101261293,24,1400,180380,2
DEQ,948843101262190,24,1400,77398,1
DEQ,948843101334087,24,1400,145255,0
DEQ,948843107163590,24,1400,96404,2
DEQ,948843107166220,24,1400,85319,1
DEQ,948843107193842,24,1400,110828,3
DEQ,948843107292763,24,1400,122366,2
DEQ,948843107295374,24,1400,117695,1
DEQ,948843107315850,24,1400,136270,1
DEQ,948843107396550,24,1400,97004,0
DEQ,948843113162584,24,1400,96627,2
DEQ,948843113165196,24,1400,85072,1
DEQ,948843113245829,24,1400,163509,0
DEQ,948843119180427,24,1400,115635,3
DEQ,948843119183225,24,1400,109535,2
DEQ,948843119266984,24,1400,188323,1
DEQ,948843119267860,24,1400,187017,0
DEQ,948843132215194,24,1400,98503,1
DEQ,948843132217834,24,1400,91538,0
DEQ,948843137171156,24,1400,99572,4
DEQ,948843137256102,24,1400,170715,3
DEQ,948843137256935,24,1400,169476,2
DEQ,948843137274047,24,1400,181627,3
DEQ,948843137354364,24,1400,260135,4
DEQ,948843137356995,24,1400,91444,3
DEQ,948843137439778,24,1400,170364,2
DEQ,948843137442394,24,1400,164846,1
DEQ,948843137524039,24,1400,244613,0
DEQ,948843143167168,24,1400,102390,2
DEQ,948843143169769,24,1400,98506,1
DEQ,948843143262304,24,1400,186838,0
DEQ,948843155865662,24,1400,107424,3
DEQ,948843155868590,24,1400,103326,2
DEQ,948843155892738,24,1400,120890,3
DEQ,948843155997062,24,1400,222726,4
DEQ,948843155998101,24,1400,123766,3
DEQ,948843156016033,24,1400,127936,4
DEQ,948843156121957,24,1400,227516,3
DEQ,948843156124791,24,1400,228267,2
DEQ,948843156216264,24,1400,208674,1
DEQ,948843156219278,24,1400,207569,0
DEQ,948843161150221,24,1400,89011,2
DEQ,948843161152748,24,1400,78634,1
DEQ,948843161236814,24,1400,160494,0
DEQ,948843182237264,24,1400,100826,1
DEQ,948843182325982,24,1400,180418,0
DEQ,948843187184067,24,1400,108919,3
DEQ,948843187203030,24,1400,119562,4
DEQ,948843187321309,24,1400,231858,3
DEQ,948843187323944,24,1400,232453,2
DEQ,948843187413266,24,1400,222487,3
DEQ,948843187438891,24,1400,244133,4
DEQ,948843187517420,24,1400,188677,3
DEQ,948843187535956,24,1400,198594,4
DEQ,948843187679917,24,1400,260055,3
DEQ,948843187694267,24,1400,260057,2
DEQ,948843187835873,24,1400,311923,2
DEQ,948843187838469,24,1400,307184,1
DEQ,948843187919900,24,1400,222037,0
DEQ,948843193161036,24,1400,94838,3
DEQ,948843193163745,24,1400,91219,2
DEQ,948843193239960,24,1400,162192,1
DEQ,948843193242568,24,1400,162770,0
DEQ,948843199184470,24,1400,122365,2
DEQ,948843199187065,24,1400,110689,1
DEQ,948843199198798,24,1400,120169,0
DEQ,948843205156511,24,1400,101932,1
DEQ,948843205159113,24,1400,94416,0
DEQ,948843211184244,24,1400,111950,3
DEQ,948843211274815,24,1400,194359,4
DEQ,948843211285079,24,1400,199622,3
DEQ,948843211427578,24,1400,339813,4
DEQ,948843211512558,24,1400,310093,3
DEQ,948843211619651,24,1400,399363,2
DEQ,948843211623332,24,1400,333922,1
DEQ,948843211726696,24,1400,432911,1
DEQ,948843211729462,24,1400,102824,0
DEQ,948843217154065,24,1400,86680,3
DEQ,948843217156816,24,1400,80309,2
DEQ,948843217248863,24,1400,167478,3
DEQ,948843217251436,24,1400,168043,2
DEQ,948843217329302,24,1400,167601,1
DEQ,948843217331939,24,1400,158481,0
DEQ,948843223160404,24,1400,102824,1
DEQ,948843223162992,24,1400,96122,0
DEQ,948843252269299,24,1400,86217,2
DEQ,948843252271892,24,1400,75449,1
DEQ,948843252417394,24,1400,218819,0
DEQ,948843257164098,24,1400,97165,3
DEQ,948843257166680,24,1400,90848,2
DEQ,948843257190063,24,1400,108366,3
DEQ,948843257297052,24,1400,213271,4
DEQ,948843257299704,24,1400,127886,3
DEQ,948843257300199,24,1400,114762,2
DEQ,948843257312096,24,1400,120425,1
DEQ,948843257409139,24,1400,215696,0
DEQ,948843267273334,24,1400,102673,3
DEQ,948843267276446,24,1400,98280,2
DEQ,948843267313733,24,1400,129470,3
DEQ,948843267391231,24,1400,204639,2
DEQ,948843267392297,24,1400,109788,1
DEQ,948843267467166,24,1400,165984,0
DEQ,948843273188760,24,1400,124983,1
DEQ,948843273191660,24,1400,119461,0
DEQ,948843279138144,24,1400,58823,3
DEQ,948843279286128,24,1400,198845,4
DEQ,948843279288739,24,1400,194651,3
DEQ,948843279289176,24,1400,192268,2
DEQ,948843279377383,24,1400,234796,1
DEQ,948843279380670,24,1400,235208,0
DEQ,948843295363541,24,1400,102815,3
DEQ,948843295369827,24,1400,101236,2
DEQ,948843295371650,24,1400,98071,1
DEQ,948843295461478,24,1400,185084,4
DEQ,948843295462303,24,1400,86201,3
DEQ,948843295550638,24,1400,170629,2
DEQ,948843295553459,24,1400,167573,1
DEQ,948843295641886,24,1400,253645,1
DEQ,948843295644517,24,1400,86444,0
DEQ,948843301184571,24,1400,117665,3
DEQ,948843301187383,24,1400,112667,2
DEQ,948843301199859,24,1400,118569,1
DEQ,948843301303500,24,1400,219466,0
DEQ,948843312321965,24,1400,103756,3
DEQ,948843312325785,24,1400,99196,2
DEQ,948843312466291,24,1400,232053,3
DEQ,948843312468949,24,1400,232395,2
DEQ,948843312550031,24,1400,219684,1
DEQ,948843312552624,24,1400,217947,0
DEQ,948843317174851,24,1400,110082,2
DEQ,948843317177282,24,1400,97846,1
DEQ,948843317179080,24,1400,96751,0
DEQ,948843323184957,24,1400,115929,1
DEQ,948843323188100,24,1400,112084,0
DEQ,948843332328453,24,1400,108712,3
DEQ,948843332331239,24,1400,103090,2
DEQ,948843332354317,24,1400,119839,3
DEQ,948843332442931,24,1400,206106,4
DEQ,948843332443915,24,1400,107193,3
DEQ,948843332516524,24,1400,166797,2
DEQ,948843332531279,24,1400,175426,1
DEQ,948843332665824,24,1400,307749,0
DEQ,948843337168623,24,1400,106006,3
DEQ,948843337171228,24,1400,99118,2
DEQ,948843337176176,24,1400,98887,1
DEQ,948843337282813,24,1400,203414,0
DEQ,948843343135035,24,1400,101477,1
DEQ,948843343223494,24,1400,180045,0
DEQ,948843349180284,24,1400,118468,3
DEQ,948843349182883,24,1400,111264,2
DEQ,948843349266079,24,1400,189587,1
DEQ,948843349266925,24,1400,188302,0
DEQ,948843355185527,24,1400,121032,3
DEQ,948843355187895,24,1400,113797,2
DEQ,948843355189473,24,1400,110267,1
DEQ,948843355269328,24,1400,187917,2
DEQ,948843355358033,24,1400,164477,2
DEQ,948843355360694,24,1400,163291,1
DEQ,948843355442398,24,1400,168556,0
DEQ,948843361135478,24,1400,98789,0
DEQ,948843367173788,24,1400,104642,3
DEQ,948843367176381,24,1400,98930,2
DEQ,948843367200789,24,1400,117938,4
DEQ,948843367307954,24,1400,223091,3
DEQ,948843367310542,24,1400,129940,2
DEQ,948843367311043,24,1400,122460,1
DEQ,948843367381617,24,1400,190906,0
DEQ,948843375342785,24,1400,91963,3
DEQ,948843375345399,24,1400,85270,2
DEQ,948843375433784,24,1400,168644,3
DEQ,948843375434646,24,1400,167555,2
DEQ,948843375503374,24,1400,153287,1
DEQ,948843375506705,24,1400,152739,0
DEQ,948843381181331,24,1400,120382,3
DEQ,948843381183913,24,1400,114271,2
DEQ,948843381204241,24,1400,129354,2
DEQ,948843381304377,24,1400,227397,1
DEQ,948843381305250,24,1400,117193,0
DEQ,948843392354662,24,1400,104769,4
DEQ,948843392357284,24,1400,93293,3
DEQ,948843392440248,24,1400,174108,2
DEQ,948843392441124,24,1400,170899,1
DEQ,948843392513328,24,1400,241058,0
DEQ,948843397150007,24,1400,98065,3
DEQ,948843397153029,24,1400,94176,2
DEQ,948843397187055,24,1400,121907,4
DEQ,948843397265367,24,1400,198006,3
DEQ,948843397266491,24,1400,108433,2
DEQ,948843397362716,24,1400,192400,1
DEQ,948843397365407,24,1400,191397,0
DEQ,948843403188427,24,1400,125865,1
DEQ,948843403191372,24,1400,121904,0
DEQ,948843415373283,24,1400,108319,3
DEQ,948843415379780,24,1400,107469,2
DEQ,948843415381880,24,1400,102693,1
DEQ,948843415487277,24,1400,205386,4
DEQ,948843415488104,24,1400,101632,3
DEQ,948843415504809,24,1400,114395,4
DEQ,948843415601866,24,1400,206238,3
DEQ,948843415604610,24,1400,206923,2
DEQ,948843415689102,24,1400,196285,2
DEQ,948843415691729,24,1400,194831,1
DEQ,948843415783240,24,1400,173868,0
DEQ,948843421189110,24,1400,120735,3
DEQ,948843421192025,24,1400,115987,2
DEQ,948843421192673,24,1400,110488,1
DEQ,948843421208854,24,1400,124256,1
DEQ,948843421318445,24,1400,120969,0
DEQ,948843432344994,24,1400,100198,0
DEQ,948843437197117,24,1400,109200,1
DEQ,948843437200383,24,1400,99683,0
DEQ,948843437321170,24,1400,117039,4
DEQ,948843437401376,24,1400,183960,3
DEQ,948843437420686,24,1400,201048,4
DEQ,948843437502814,24,1400,279439,3
DEQ,948843437505444,24,1400,280055,2
DEQ,948843437585894,24,1400,177566,2
DEQ,948843437588554,24,1400,176127,1
DEQ,948843437676684,24,1400,166846,0
DEQ,948843443180495,24,1400,112891,1
DEQ,948843443183099,24,1400,106062,0
DEQ,948843462362802,24,1400,90153,2
DEQ,948843462365430,24,1400,77342,1
DEQ,948843462444961,24,1400,154594,1
DEQ,948843462513320,24,1400,143629,0
DEQ,948843467178572,24,1400,110255,4
DEQ,948843467181188,24,1400,98576,3
DEQ,948843467264038,24,1400,178799,2
DEQ,948843467264912,24,1400,174818,1
DEQ,948843467266483,24,1400,174354,0
DEQ,948843467316443,24,1400,46286,2
DEQ,948843467396981,24,1400,110424,1
DEQ,948843467399574,24,1400,110712,0
DEQ,948843474348468,24,1400,96820,1
DEQ,948843474351094,24,1400,86960,0
DEQ,948843474449488,24,1400,94028,4
DEQ,948843474450344,24,1400,81601,3
DEQ,948843474554265,24,1400,183385,4
DEQ,948843474555106,24,1400,181191,3
DEQ,948843474635949,24,1400,260016,2
DEQ,948843474711306,24,1400,256234,1
DEQ,948843474805892,24,1400,346870,0
DEQ,948843479156955,24,1400,100329,0
DEQ,948843485188626,24,1400,116594,2
DEQ,948843485279338,24,1400,194985,1
DEQ,948843485280186,24,1400,193080,0
DEQ,948843494365476,24,1400,110599,3
DEQ,948843494368375,24,1400,104802,2
DEQ,948843494397064,24,1400,126997,4
DEQ,948843494507366,24,1400,234884,3
DEQ,948843494510014,24,1400,136812,2
DEQ,948843494510505,24,1400,118254,1
DEQ,948843494599132,24,1400,204720,0
DEQ,948843499193537,24,1400,132008,1
DEQ,948843499196665,24,1400,126879,0
DEQ,948843505189118,24,1400,116722,3
DEQ,948843505209307,24,1400,129240,4
DEQ,948843505331567,24,1400,244354,3
DEQ,948843505334272,24,1400,244168,2
DEQ,948843505423561,24,1400,226816,1
DEQ,948843505426241,24,1400,221666,0
DEQ,948843511191302,24,1400,119623,4
DEQ,948843511205688,24,1400,126001,3
DEQ,948843511330971,24,1400,246716,2
DEQ,948843511333526,24,1400,243213,1
DEQ,948843511408314,24,1400,315617,0
DEQ,948843517145928,24,1400,92093,3
DEQ,948843517149324,24,1400,87243,2
DEQ,948843517242048,24,1400,173579,1
DEQ,948843517242985,24,1400,172062,0
DEQ,948843523164559,24,1400,126981,0
DEQ,948843529143512,24,1400,86564,3
DEQ,948843529146169,24,1400,80685,2
DEQ,948843529169697,24,1400,99131,3
DEQ,948843529255699,24,1400,183162,2
DEQ,948843529259035,24,1400,107840,1
DEQ,948843529343341,24,1400,188547,0
DEQ,948843535189843,24,1400,123863,3
DEQ,948843535192341,24,1400,116742,2
DEQ,948843535193814,24,1400,113000,1
DEQ,948843535282762,24,1400,199916,2
DEQ,948843535303028,24,1400,103576,2
DEQ,948843535436242,24,1400,232524,1
DEQ,948843535516111,24,1400,227929,0
DEQ,948843541188311,24,1400,127956,1
DEQ,948843541190923,24,1400,121690,0
DEQ,948843547138009,24,1400,94100,3
DEQ,948843547140616,24,1400,88126,2
DEQ,948843547163383,24,1400,105947,3
DEQ,948843547283245,24,1400,223581,2
DEQ,948843547285845,24,1400,140598,1
DEQ,948843547286340,24,1400,127386,0
DEQ,948843553151273,24,1400,89554,2
DEQ,948843553153873,24,1400,83128,1
DEQ,948843553251036,24,1400,174989,0
DEQ,948843559169679,24,1400,106048,3
DEQ,948843559172240,24,1400,99017,2
DEQ,948843559256122,24,1400,177469,1
DEQ,948843559257017,24,1400,176217,0
DEQ,948843565128711,24,1400,91332,3
DEQ,948843565221296,24,1400,175091,2
DEQ,948843565222216,24,1400,170813,1
DEQ,948843565314457,24,1400,260879,1
DEQ,948843565317055,24,1400,90497,0
DEQ,948843569687446,24,1400,128498,1
DEQ,948843569690073,24,1400,122393,0
DEQ,948843575163065,24,1400,97048,3
DEQ,948843575165663,24,1400,90663,2
DEQ,948843575251214,24,1400,170584,1
DEQ,948843575252089,24,1400,169429,0
DEQ,948843582437833,24,1400,129213,1
DEQ,948843582440441,24,1400,121621,0
DEQ,948843587149783,24,1400,95488,4
DEQ,948843587152346,24,1400,86709,3
DEQ,948843587248803,24,1400,179376,2
DEQ,948843587249615,24,1400,175316,1
DEQ,948843587250124,24,1400,173675,0
DEQ,948843593135607,24,1400,90407,1
DEQ,948843593138237,24,1400,86402,0
DEQ,948843599158395,24,1400,96831,1
DEQ,948843599160976,24,1400,90805,0
DEQ,948843605172580,24,1400,107930,3
DEQ,948843605175154,24,1400,101688,2
DEQ,948843605199560,24,1400,122089,3
DEQ,948843605310515,24,1400,231084,4
DEQ,948843605313404,24,1400,133302,3
DEQ,948843605313876,24,1400,129917,2
DEQ,948843605330183,24,1400,128116,3
DEQ,948843605414925,24,1400,210668,2
DEQ,948843605482674,24,1400,160344,1
DEQ,948843605485410,24,1400,159204,0
DEQ,948843611084313,24,1400,75793,1
DEQ,948843611086911,24,1400,75248,0
DEQ,948843617077904,24,1400,71801,1
DEQ,948843617080517,24,1400,71299,0
DEQ,948843623153608,24,1400,86938,3
DEQ,948843623156225,24,1400,83143,2
DEQ,948843623250882,24,1400,172620,2
DEQ,948843623251835,24,1400,171443,1
DEQ,948843623344977,24,1400,184540,0
DEQ,948843629160758,24,1400,98016,1
DEQ,948843629163400,24,1400,92173,0
DEQ,948843635134999,24,1400,100253,1
DEQ,948843635224127,24,1400,182964,0
DEQ,948843642442345,24,1400,114890,1
DEQ,948843642452497,24,1400,117975,0
DEQ,948843647191408,24,1400,119639,3
DEQ,948843647194330,24,1400,116431,2
DEQ,948843647283893,24,1400,200841,3
DEQ,948843647284728,24,1400,199499,2
DEQ,948843647305346,24,1400,105950,3
DEQ,948843647387246,24,1400,183929,4
DEQ,948843647394209,24,1400,104225,3
DEQ,948843647475932,24,1400,182454,2
DEQ,948843647478549,24,1400,169743,1
DEQ,948843647569777,24,1400,258961,0
DEQ,948843653155568,24,1400,104082,1
DEQ,948843653252139,24,1400,192876,0
DEQ,948843665335103,24,1400,96728,3
DEQ,948843665444230,24,1400,198749,2
DEQ,948843665446429,24,1400,194653,1
DEQ,948843665588347,24,1400,334526,3
DEQ,948843665691592,24,1400,241123,4
DEQ,948843665698344,24,1400,239328,3
DEQ,948843665815180,24,1400,353929,4
DEQ,948843665817812,24,1400,222613,3
DEQ,948843665913267,24,1400,314181,2
DEQ,948843665916510,24,1400,213647,1
DEQ,948843665937909,24,1400,224590,1
DEQ,948843666027987,24,1400,106334,0
DEQ,948843671146622,24,1400,87448,3
DEQ,948843671149188,24,1400,82349,2
DEQ,948843671239386,24,1400,166336,1
DEQ,948843671240238,24,1400,165139,0
DEQ,948843682465153,24,1400,92994,2
DEQ,948843682467721,24,1400,83057,1
DEQ,948843682557529,24,1400,170982,0
DEQ,948843687167395,24,1400,100327,3
DEQ,948843687169992,24,1400,94763,2
DEQ,948843687190517,24,1400,110022,4
DEQ,948843687259541,24,1400,176831,3
DEQ,948843687260373,24,1400,82437,2
DEQ,948843687336032,24,1400,150588,1
DEQ,948843687338665,24,1400,151039,0
DEQ,948843694336533,24,1400,88523,2
DEQ,948843694339108,24,1400,81964,1
DEQ,948843694424324,24,1400,162922,0
DEQ,948843699183386,24,1400,121226,2
DEQ,948843699185995,24,1400,108854,1
DEQ,948843699279353,24,1400,200110,0
DEQ,948843710348272,24,84,127751,0
DEQ,948843712482221,24,1400,105304,3
DEQ,948843712485138,24,1400,99625,2
DEQ,948843712506978,24,1400,115751,3
DEQ,948843712600289,24,1400,206307,4
DEQ,948843712601254,24,1400,110610,3
DEQ,948843712696862,24,1400,195018,2
DEQ,948843712699882,24,1400,191215,1
DEQ,948843712712373,24,1400,201297,0
DEQ,948843717184241,24,1400,120272,3
DEQ,948843717186728,24,1400,113414,2
DEQ,948843717188366,24,1400,109885,1
DEQ,948843717272472,24,1400,191828,2
DEQ,948843717345140,24,1400,152908,1
DEQ,948843717347809,24,1400,151697,0
DEQ,948843723135552,24,1400,102483,1
DEQ,948843723227768,24,1400,185939,0
DEQ,948843732462709,24,1400,89211,3
DEQ,948843732465348,24,1400,82730,2
DEQ,948843732546149,24,1400,157898,3
DEQ,948843732547035,24,1400,156644,2
DEQ,948843732574110,24,1400,103829,1
DEQ,948843732621604,24,1400,147431,0
DEQ,948843737172927,24,1400,105812,3
DEQ,948843737175519,24,1400,99098,2
DEQ,948843737256612,24,1400,174420,2
DEQ,948843737257527,24,1400,173135,1
DEQ,948843737262715,24,1400,82870,0
DEQ,948843743127921,24,1400,88974,3
DEQ,948843743130480,24,1400,82344,2
DEQ,948843743210403,24,1400,157188,1
DEQ,948843743211266,24,1400,155838,0
DEQ,948843749129505,24,1400,88152,3
DEQ,948843749132135,24,1400,82238,2
DEQ,948843749215349,24,1400,160374,1
DEQ,948843749216236,24,1400,159087,0
DEQ,948843762506202,24,1400,111194,1
DEQ,948843762508823,24,1400,104028,0
DEQ,948843767163070,24,1400,95433,3
DEQ,948843767165684,24,1400,89009,2
DEQ,948843767257663,24,1400,175685,3
DEQ,948843767258576,24,1400,174491,2
DEQ,948843767275049,24,1400,104439,3
DEQ,948843767372649,24,1400,198061,2
DEQ,948843767375291,24,1400,111601,1
DEQ,948843767375760,24,1400,108200,0
DEQ,948843773129264,24,1400,86973,1
DEQ,948843773131864,24,1400,80801,0
DEQ,948843785319993,24,1400,115217,3
DEQ,948843785357359,24,1400,143705,4
DEQ,948843785480621,24,1400,261798,3
DEQ,948843785483873,24,1400,262979,2
DEQ,948843785516187,24,1400,184358,3
DEQ,948843785610462,24,1400,271168,2
DEQ,948843785614665,24,1400,124842,1
DEQ,948843785713891,24,1400,217393,0
DEQ,948843791152896,24,1400,89399,3
DEQ,948843791155534,24,1400,82383,2
DEQ,948843791253277,24,1400,173896,2
DEQ,948843791254412,24,1400,172955,1
DEQ,948843791263671,24,1400,103992,0
DEQ,948843797147646,24,1400,107730,2
DEQ,948843797150257,24,1400,101501,1
DEQ,948843797237740,24,1400,183837,0
DEQ,948843803144215,24,1400,109727,1
DEQ,948843803154225,24,1400,110638,0
DEQ,948843812511112,24,1400,102324,1
DEQ,948843812603622,24,1400,186154,0
DEQ,948843817150730,24,1400,91546,3
DEQ,948843817153338,24,1400,85965,2
DEQ,948843817173539,24,1400,100880,3
DEQ,948843817296307,24,1400,221588,4
DEQ,948843817298958,24,1400,140881,3
STATS,948843817347596,3,4200,1485,1482,0,0,0
DEQ,948843817380682,24,1400,218769,2
DEQ,948843817383244,24,1400,207979,1
DEQ,948843817469204,24,1400,291802,0
DEQ,948843823092739,24,1400,42870,1
DEQ,948843823175606,24,1400,118992,0
DEQ,948843842521252,24,1400,108892,1
DEQ,948843842523845,24,1400,102474,0
DEQ,948843847185057,24,1400,112050,3
DEQ,948843847204288,24,1400,122048,4
DEQ,948843847330350,24,1400,242841,3
DEQ,948843847332931,24,1400,243226,2
DEQ,948843847356341,24,1400,164562,3
DEQ,948843847440253,24,1400,244405,4
DEQ,948843847442917,24,1400,104970,3
DEQ,948843847524898,24,1400,172888,4
DEQ,948843847534817,24,1400,176564,3
DEQ,948843847675998,24,1400,315791,2
DEQ,948843847762741,24,1400,315116,1
DEQ,948843847832550,24,1400,380907,0
DEQ,948843853136438,24,1400,99407,1
DEQ,948843853223528,24,1400,179921,0
DEQ,948843862523449,24,1400,107577,4
DEQ,948843862526597,24,1400,97715,3
DEQ,948843862615349,24,1400,184204,2
DEQ,948843862617345,24,1400,182028,1
DEQ,948843862630271,24,1400,192839,0
DEQ,948843867168251,24,1400,102969,3
DEQ,948843867171610,24,1400,96707,2
DEQ,948843867257957,24,1400,177476,3
DEQ,948843867259072,24,1400,176451,2
DEQ,948843867341143,24,1400,158729,1
DEQ,948843867343767,24,1400,152954,0
DEQ,948843873130474,24,1400,94013,1
DEQ,948843873133086,24,1400,87325,0
DEQ,948843879124525,24,1400,89115,1
DEQ,948843879223592,24,1400,179347,0
DEQ,948843885173077,24,1400,103096,4
DEQ,948843885175737,24,1400,92744,3
DEQ,948843885209564,24,1400,124392,4
DEQ,948843885284806,24,1400,195003,3
DEQ,948843885295034,24,1400,203402,2
DEQ,948843885383762,24,1400,203168,1
DEQ,948843885386346,24,1400,201554,0
DEQ,948843891145558,24,1400,96371,1
DEQ,948843891238615,24,1400,180984,0
DEQ,948843897171479,24,1400,102676,3
DEQ,948843897174429,24,1400,96911,2
DEQ,948843897198751,24,1400,116166,3
DEQ,948843897324607,24,1400,240098,2
DEQ,948843897327206,24,1400,147889,1
DEQ,948843897327671,24,1400,144299,0
DEQ,948843897424240,24,1400,91792,0
DEQ,948843903146118,24,1400,104310,1
DEQ,948843903149137,24,1400,98899,0
DEQ,948843909142102,24,1400,97129,3
DEQ,948843909144903,24,1400,93094,2
DEQ,948843909235436,24,1400,177630,1
DEQ,948843909236246,24,1400,175767,0
DEQ,948843915149712,24,1400,99580,3
DEQ,948843915152564,24,1400,94660,2
DEQ,948843915170711,24,1400,106845,3
DEQ,948843915278963,24,1400,212682,4
DEQ,948843915280194,24,1400,121924,3
DEQ,948843915353670,24,1400,191173,2
DEQ,948843915356604,24,1400,184441,1
DEQ,948843915440055,24,1400,265959,0
DEQ,948843920966593,24,1400,40958,1
DEQ,948843921007353,24,1400,75256,0
DEQ,948843935869051,24,1400,110963,3
DEQ,948843935871938,24,1400,105361,2
DEQ,948843935893862,24,1400,120146,3
DEQ,948843936008942,24,1400,232752,4
DEQ,948843936010833,24,1400,133058,3
DEQ,948843936017818,24,1400,128731,2
DEQ,948843936158426,24,1400,262880,1
DEQ,948843936161191,24,1400,263755,0
DEQ,948843941147322,24,1400,105449,1
DEQ,948843941149935,24,1400,100226,0
DEQ,948843949357109,24,1400,100783,3
DEQ,948843949359958,24,1400,95658,2
DEQ,948843949372378,24,1400,101435,1
DEQ,948843949491785,24,1400,218130,0
DEQ,948843955183760,24,1400,112192,3
DEQ,948843955202745,24,1400,122637,4
DEQ,948843955317551,24,1400,232281,3
DEQ,948843955320200,24,1400,232758,2
DEQ,948843955415811,24,1400,225369,3
DEQ,948843955418429,24,1400,224045,2
DEQ,948843955434916,24,1400,109921,3
DEQ,948843955509703,24,1400,172709,2
DEQ,948843955528508,24,1400,101653,2
DEQ,948843955625222,24,1400,194490,1
DEQ,948843955627856,24,1400,111904,0
DEQ,948843961143011,24,1400,105721,1
DEQ,948843961145575,24,1400,99353,0
DEQ,948843967146092,24,1400,94732,3
DEQ,948843967149487,24,1400,88716,2
DEQ,948843967251269,24,1400,185236,3
DEQ,948843967252135,24,1400,184023,2
DEQ,948843967334338,24,1400,180956,1
DEQ,948843967336927,24,1400,179618,0
DEQ,948843973136367,24,1400,101535,1
DEQ,948843973225277,24,1400,180584,0
DEQ,948843979172298,24,1400,105588,3
DEQ,948843979174791,24,1400,99768,2
DEQ,948843979264842,24,1400,184281,2
DEQ,948843979265684,24,1400,182997,1
DEQ,948843979267237,24,1400,88148,0
DEQ,948843985115761,24,1400,91713,1
DEQ,948843985118808,24,1400,87704,0
DEQ,948843991092897,24,1400,83674,2
DEQ,948843991095509,24,1400,73082,1
DEQ,948843991126748,24,1400,102134,3
DEQ,948843991211877,24,1400,112018,4
DEQ,948843991215030,24,1400,107772,3
DEQ,948843991308564,24,1400,199068,2
DEQ,948843991311858,24,1400,183284,1
DEQ,948843991405560,24,1400,274835,0
DEQ,948844002597835,24,1400,100420,1
DEQ,948844002600469,24,1400,93414,0
DEQ,948844007186719,24,1400,113290,3
DEQ,948844007206396,24,1400,125578,4
DEQ,948844007326268,24,1400,239435,3
DEQ,948844007328924,24,1400,239409,2
DEQ,948844007421817,24,1400,227649,3
DEQ,948844007424434,24,1400,222833,2
DEQ,948844007509320,24,1400,175592,1
DEQ,948844007511956,24,1400,174271,0
DEQ,948844013147317,24,1400,99423,1
DEQ,948844013150200,24,1400,95646,0
DEQ,948844019189033,24,1400,106390,3
DEQ,948844019191633,24,1400,101779,2
DEQ,948844019215519,24,1400,118140,4
DEQ,948844019313957,24,1400,213814,3
DEQ,948844019314818,24,1400,118990,2
DEQ,948844019382079,24,1400,178787,1
DEQ,948844019384719,24,1400,179304,0
DEQ,948844025135912,24,1400,100716,1
DEQ,948844025230274,24,1400,186249,0
DEQ,948844042616230,24,1400,90879,3
DEQ,948844042618856,24,1400,84916,2
DEQ,948844042642287,24,1400,102280,3
DEQ,948844042753485,24,1400,211369,2
DEQ,948844042755951,24,1400,132255,1
DEQ,948844042757348,24,1400,119690,0
DEQ,948844042842587,24,1400,81642,0
DEQ,948844047169851,24,1400,105503,3
DEQ,948844047172401,24,1400,98719,2
DEQ,948844047256257,24,1400,177343,3
DEQ,948844047257122,24,1400,176101,2
DEQ,948844047262423,24,1400,85099,1
DEQ,948844047363443,24,1400,182090,0
DEQ,948844054839554,24,1400,98959,1
DEQ,948844054941973,24,1400,192168,0
DEQ,948844059184313,24,1400,114159,4
DEQ,948844059280460,24,1400,200937,3
DEQ,948844059281362,24,1400,197839,2
DEQ,948844059372169,24,1400,283454,4
DEQ,948844059374788,24,1400,283908,3
DEQ,948844059397719,24,1400,112062,4
DEQ,948844059505027,24,1400,211788,3
DEQ,948844059507566,24,1400,212075,2
DEQ,948844059599330,24,1400,219462,1
DEQ,948844059601935,24,1400,214929,0
DEQ,948844072615979,24,1400,102969,1
DEQ,948844072706944,24,1400,184659,0
DEQ,948844077152939,24,1400,91115,3
DEQ,948844077155556,24,1400,84413,2
DEQ,948844077248124,24,1400,171701,3
DEQ,948844077248940,24,1400,170349,2
DEQ,948844077320410,24,1400,159611,1
DEQ,948844077323039,24,1400,158175,0
DEQ,948844083149079,24,1400,96119,2
DEQ,948844083151998,24,1400,91614,1
DEQ,948844083237812,24,1400,170947,0
DEQ,948844089157117,24,1400,107218,3
DEQ,948844089234322,24,1400,177064,2
DEQ,948844089255959,24,1400,192406,4
DEQ,948844089398013,24,1400,331943,3
DEQ,948844089400870,24,1400,161783,2
DEQ,948844089487415,24,1400,240197,1
DEQ,948844089490154,24,1400,237279,0
DEQ,948844095137111,24,1400,103075,1
DEQ,948844095224423,24,1400,180947,0
DEQ,948844112621833,24,1400,95331,1
DEQ,948844112624891,24,1400,90910,0
DEQ,948844117184244,24,1400,112197,3
DEQ,948844117203003,24,1400,122461,4
DEQ,948844117323363,24,1400,237512,3
DEQ,948844117326167,24,1400,238111,2
DEQ,948844117415362,24,1400,224448,3
DEQ,948844117494251,24,1400,299400,4
DEQ,948844117496993,24,1400,165889,3
DEQ,948844117559576,24,1400,220256,2
DEQ,948844117562311,24,1400,140248,1
DEQ,948844117583146,24,1400,157256,0
DEQ,948844123134813,24,1400,93061,4
DEQ,948844123137646,24,1400,87124,3
DEQ,948844123220986,24,1400,166418,2
DEQ,948844123221843,24,1400,161700,1
DEQ,948844123223383,24,1400,161056,0
DEQ,948844129122142,24,1400,88660,3
DEQ,948844129124729,24,1400,82313,2
DEQ,948844129227992,24,1400,179795,1
DEQ,948844129228915,24,1400,178746,0
DEQ,948844135342139,24,1400,90852,3
DEQ,948844135344742,24,1400,84438,2
DEQ,948844135429906,24,1400,164168,3
DEQ,948844135430790,24,1400,162842,2
DEQ,948844135497669,24,1400,148068,1
DEQ,948844135500311,24,1400,146811,0
DEQ,948844141140452,24,1400,100543,1
DEQ,948844141143028,24,1400,94596,0
DEQ,948844147140917,24,1400,98515,4
DEQ,948844147143515,24,1400,85953,3
DEQ,948844147252127,24,1400,192389,2
DEQ,948844147253001,24,1400,188558,1
DEQ,948844147253476,24,1400,187003,0
DEQ,948844147357729,24,1400,99301,0
DEQ,948844153149487,24,1400,104494,3
DEQ,948844153152268,24,1400,99414,2
DEQ,948844153240331,24,1400,181062,1
DEQ,948844153241167,24,1400,179260,0
DEQ,948844159143041,24,1400,97870,3
DEQ,948844159145798,24,1400,92723,2
DEQ,948844159236330,24,1400,177131,1
DEQ,948844159237160,24,1400,175517,0
DEQ,948844165200137,24,1400,101852,3
DEQ,948844165203219,24,1400,97624,2
DEQ,948844165203894,24,1400,90888,1
DEQ,948844165307893,24,1400,191887,2
DEQ,948844165308739,24,1400,98738,1
DEQ,948844165390606,24,1400,176408,1
DEQ,948844165393396,24,1400,80300,0
DEQ,948844171146898,24,1400,102952,1
DEQ,948844171149799,24,1400,97830,0
DEQ,948844177187783,24,1400,116819,4
DEQ,948844177280102,24,1400,194283,3
DEQ,948844177281005,24,1400,192757,2
DEQ,948844177378311,24,1400,284570,3
DEQ,948844177382152,24,1400,286002,2
DEQ,948844177518690,24,1400,232741,1
DEQ,948844177521694,24,1400,231797,0
DEQ,948844183148056,24,1400,106593,1
DEQ,948844183150891,24,1400,100622,0
DEQ,948844192189155,24,1400,121379,1
DEQ,948844192191962,24,1400,115501,0
DEQ,948844197190804,24,1400,118470,3
DEQ,948844197193560,24,1400,113663,2
DEQ,948844197211567,24,1400,125018,3
DEQ,948844197332902,24,1400,243564,2
DEQ,948844197335484,24,1400,135879,1
DEQ,948844197410928,24,1400,207149,0
DEQ,948844203145686,24,1400,102125,3
DEQ,948844203148452,24,1400,96308,2
DEQ,948844203234564,24,1400,175613,1
DEQ,948844203235408,24,1400,173794,0
DEQ,948844209141492,24,1400,98536,3
DEQ,948844209144053,24,1400,91292,2
DEQ,948844209163806,24,1400,105472,2
DEQ,948844209263935,24,1400,203307,1
DEQ,948844209264824,24,1400,116465,0
DEQ,948844215132011,24,1400,98464,0
DEQ,948844221140695,24,1400,94342,3
DEQ,948844221143274,24,1400,87531,2
DEQ,948844221167089,24,1400,106410,3
DEQ,948844221290673,24,1400,227881,4
DEQ,948844221293188,24,1400,145244,3
DEQ,948844221293684,24,1400,131465,2
DEQ,948844221295122,24,1400,126333,1
DEQ,948844221381783,24,1400,210684,0
DEQ,948844227136587,24,1400,93493,4
DEQ,948844227139201,24,1400,86799,3
DEQ,948844227224897,24,1400,167232,2
DEQ,948844227225812,24,1400,163895,1
DEQ,948844227227303,24,1400,163093,0
DEQ,948844233136192,24,1400,101579,1
DEQ,948844233213451,24,1400,169924,0
DEQ,948844239143519,24,1400,106052,3
DEQ,948844239146491,24,1400,100041,2
DEQ,948844239232835,24,1400,181251,2
DEQ,948844239233852,24,1400,179972,1
DEQ,948844239247233,24,1400,93870,0
DEQ,948844245098698,24,1400,111275,3
DEQ,948844245101837,24,1400,106433,2
DEQ,948844245185803,24,1400,173895,1
DEQ,948844245189039,24,1400,174537,0
DEQ,948844251138516,24,1400,89718,3
DEQ,948844251236546,24,1400,179025,2
DEQ,948844251237420,24,1400,174749,1
DEQ,948844251307660,24,1400,242966,0
DEQ,948844257142465,24,1400,100213,3
DEQ,948844257145213,24,1400,95441,2
DEQ,948844257233724,24,1400,177713,1
DEQ,948844257234620,24,1400,175897,0
DEQ,948844263144319,24,1400,99145,3
DEQ,948844263147092,24,1400,93279,2
DEQ,948844263244312,24,1400,184562,1
DEQ,948844263245243,24,1400,183105,0
DEQ,948844269146462,24,1400,95613,3
DEQ,948844269149849,24,1400,89107,2
DEQ,948844269234000,24,1400,167956,2
DEQ,948844269234860,24,1400,166454,1
DEQ,948844269315583,24,1400,161984,1
DEQ,948844269318332,24,1400,79005,0
DEQ,948844282222942,24,1400,97811,3
DEQ,948844282225553,24,1400,91498,2
DEQ,948844282314952,24,1400,175408,2
DEQ,948844282315816,24,1400,174082,1
DEQ,948844282321043,24,1400,91176,0
DEQ,948844287137306,24,1400,88814,3
DEQ,948844287139907,24,1400,82482,2
DEQ,948844287163361,24,1400,100555,3
DEQ,948844287252991,24,1400,188023,2
DEQ,948844287253917,24,1400,108667,1
DEQ,948844287265918,24,1400,106918,0
DEQ,948844293145018,24,1400,91532,3
DEQ,948844293147562,24,1400,87553,2
DEQ,948844293170493,24,1400,104901,3
DEQ,948844293284530,24,1400,216652,2
DEQ,948844293287151,24,1400,134544,1
DEQ,948844293287630,24,1400,121279,0
DEQ,948844299134894,24,1400,94952,4
DEQ,948844299137456,24,1400,88163,3
DEQ,948844299217282,24,1400,163912,2
DEQ,948844299218148,24,1400,159130,1
DEQ,948844299304322,24,1400,243219,0
DEQ,948844305141932,24,1400,97533,2
DEQ,948844305144495,24,1400,90640,1
DEQ,948844305171209,24,1400,111562,3
DEQ,948844305252109,24,1400,103463,2
DEQ,948844305253000,24,1400,86934,1
DEQ,948844305337691,24,1400,169499,0
DEQ,948844311125295,24,1400,88123,2
DEQ,948844311127876,24,1400,76191,1
DEQ,948844311253033,24,1400,198870,0
DEQ,948844317130704,24,1400,89332,3
DEQ,948844317133317,24,1400,83082,2
DEQ,948844317213132,24,1400,157773,1
DEQ,948844317214013,24,1400,156476,0
DEQ,948844323131284,24,1400,93099,1
DEQ,948844323145412,24,1400,98218,0
DEQ,948844329143070,24,1400,92736,3
DEQ,948844329231032,24,1400,171827,2
DEQ,948844329231901,24,1400,166876,1
DEQ,948844329298515,24,1400,231281,0
DEQ,948844335135595,24,1400,90431,3
DEQ,948844335138212,24,1400,84126,2
DEQ,948844335226951,24,1400,167480,1
DEQ,948844335227805,24,1400,166232,0
DEQ,948844341124692,24,1400,85500,3
DEQ,948844341127280,24,1400,85064,2
DEQ,948844341208039,24,1400,160251,1
DEQ,948844341208921,24,1400,159032,0
DEQ,948844347131105,24,1400,89784,2
DEQ,948844347134590,24,1400,84896,1
DEQ,948844347215528,24,1400,161733,1
DEQ,948844347216387,24,1400,78421,0
DEQ,948844347313574,24,1400,92803,0
DEQ,948844353140513,24,1400,93593,3
DEQ,948844353143103,24,1400,86496,2
DEQ,948844353225500,24,1400,163652,1
DEQ,948844353226374,24,1400,162423,0
DEQ,948844359136413,24,1400,95711,3
DEQ,948844359139185,24,1400,90027,2
DEQ,948844359223807,24,1400,169297,1
DEQ,948844359224687,24,1400,168135,0
DEQ,948844365129680,24,1400,88829,1
DEQ,948844365132299,24,1400,82598,0
DEQ,948844371127125,24,1400,95445,3
DEQ,948844371216793,24,1400,178383,2
DEQ,948844371220023,24,1400,175823,1
DEQ,948844371301615,24,1400,255234,0
DEQ,948844377123871,24,1400,89736,4
DEQ,948844377126596,24,1400,83443,3
DEQ,948844377185041,24,1400,137869,2
DEQ,948844377187786,24,1400,135968,1
DEQ,948844377251855,24,1400,197992,0
DEQ,948844383128923,24,1400,91937,3
DEQ,948844383131467,24,1400,85107,2
DEQ,948844383225453,24,1400,173932,1
DEQ,948844383227283,24,1400,173709,0
DEQ,948844389138332,24,1400,103141,1
DEQ,948844389229558,24,1400,186224,0
DEQ,948844395147728,24,1400,102127,3
DEQ,948844395150906,24,1400,97447,2
DEQ,948844395172786,24,1400,112055,2
DEQ,948844395271371,24,1400,207890,1
DEQ,948844395272297,24,1400,116469,0
DEQ,948844401148758,24,1400,103242,3
DEQ,948844401151668,24,1400,97954,2
DEQ,948844401160371,24,1400,99625,1
DEQ,948844401272059,24,1400,209046,0
DEQ,948844407128238,24,1400,89572,3
DEQ,948844407131524,24,1400,83684,2
DEQ,948844407231591,24,1400,178349,1
DEQ,948844407316865,24,1400,261577,0
DEQ,948844413129570,24,1400,88526,3
DEQ,948844413132213,24,1400,81429,2
DEQ,948844413227271,24,1400,171401,1
DEQ,948844413228159,24,1400,170138,0
DEQ,948844419136568,24,1400,98807,1
DEQ,948844419229461,24,1400,182763,0
DEQ,948844425140800,24,1400,99932,4
DEQ,948844425143379,24,1400,93639,3
DEQ,948844425222988,24,1400,167500,2
DEQ,948844425223863,24,1400,164750,1
DEQ,948844425317682,24,1400,256448,0
DEQ,948844431130725,24,1400,89219,2
DEQ,948844431133310,24,1400,77334,1
DEQ,948844431231997,24,1400,173311,0
DEQ,948844442261377,24,1400,90698,3
DEQ,948844442264001,24,1400,84741,2
DEQ,948844442284687,24,1400,100548,3
DEQ,948844442404393,24,1400,218184,2
DEQ,948844442407027,24,1400,137576,1
DEQ,948844442477686,24,1400,204326,0
DEQ,948844447151479,24,1400,100593,4
DEQ,948844447154072,24,1400,89669,3
DEQ,948844447255645,24,1400,189006,2
DEQ,948844447256517,24,1400,185193,1
DEQ,948844447386899,24,1400,313609,0
DEQ,948844453131818,24,1400,88118,3
DEQ,948844453134465,24,1400,84100,2
DEQ,948844453235487,24,1400,179650,1
DEQ,948844453236406,24,1400,178477,0
DEQ,948844459123288,24,1400,84973,2
DEQ,948844459125892,24,1400,78856,1
DEQ,948844459260298,24,1400,209329,0
DEQ,948844465131963,24,1400,91833,3
DEQ,948844465134684,24,1400,85383,2
DEQ,948844465158135,24,1400,103457,3
DEQ,948844465274930,24,1400,218193,2
DEQ,948844465277525,24,1400,137776,1
DEQ,948844465343460,24,1400,199844,0
DEQ,948844471133017,24,1400,94505,1
DEQ,948844471146729,24,1400,99107,0
DEQ,948844477129666,24,1400,88566,3
DEQ,948844477132272,24,1400,82461,2
DEQ,948844477216621,24,1400,161555,1
DEQ,948844477217448,24,1400,160196,0
DEQ,948844483139483,24,1400,97490,3
DEQ,948844483142249,24,1400,92388,2
DEQ,948844483233051,24,1400,176549,1
DEQ,948844483233952,24,1400,174901,0
DEQ,948844489140831,24,1400,100063,2
DEQ,948844489143422,24,1400,87886,1
DEQ,948844489225417,24,1400,167679,0
DEQ,948844495133280,24,1400,89483,3
DEQ,948844495135843,24,1400,82779,2
DEQ,948844495159733,24,1400,101068,3
DEQ,948844495276134,24,1400,215330,2
DEQ,948844495278896,24,1400,138022,1
DEQ,948844495344354,24,1400,199698,0
DEQ,948844501130643,24,1400,93779,1
DEQ,948844501133197,24,1400,87498,0
DEQ,948844507143784,24,1400,102633,3
DEQ,948844507146810,24,1400,99068,2
DEQ,948844507178641,24,1400,124842,3
DEQ,948844507258349,24,1400,202390,4
DEQ,948844507259507,24,1400,106830,3
DEQ,948844507362786,24,1400,205629,2
DEQ,948844507365929,24,1400,185118,1
DEQ,948844507366495,24,1400,183399,0
DEQ,948844513123616,24,1400,81508,1
DEQ,948844513130514,24,1400,79818,0
DEQ,948844519141541,24,1400,92263,3
DEQ,948844519226499,24,1400,167923,4
DEQ,948844519227364,24,1400,162935,3
DEQ,948844519334931,24,1400,268450,2
DEQ,948844519337433,24,1400,189201,1
DEQ,948844519338855,24,1400,186659,0
DEQ,948844545845558,24,1400,95145,3
DEQ,948844545848294,24,1400,89641,2
DEQ,948844545930485,24,1400,166666,3
DEQ,948844545931354,24,1400,165379,2
DEQ,948844546022603,24,1400,169386,3
DEQ,948844546025186,24,1400,168007,2
DEQ,948844546108418,24,1400,172383,3
DEQ,948844546111073,24,1400,171113,2
DEQ,948844546127352,24,1400,97288,3
DEQ,948844546207908,24,1400,173857,4
DEQ,948844546210515,24,1400,94587,3
DEQ,948844546295517,24,1400,175671,4
DEQ,948844546298162,24,1400,169396,3
DEQ,948844546378839,24,1400,248133,2
DEQ,948844546381491,24,1400,166300,1
DEQ,948844546480147,24,1400,261007,0
DEQ,948844551123181,24,1400,84871,3
DEQ,948844551125862,24,1400,78700,2
DEQ,948844551250200,24,1400,197730,2
DEQ,948844551252778,24,1400,198162,1
DEQ,948844551331894,24,1400,201833,0
DEQ,948844562324462,24,1400,119909,3
DEQ,948844562410439,24,1400,196132,2
DEQ,948844562480860,24,1400,261296,1
DEQ,948844562565220,24,1400,343526,0
DEQ,948844567136706,24,1400,94423,4
DEQ,948844567139269,24,1400,83657,3
DEQ,948844567240702,24,1400,182806,2
DEQ,948844567241599,24,1400,179814,1
DEQ,948844567242053,24,1400,178169,0
DEQ,948844575157430,24,1400,109040,3
DEQ,948844575160380,24,1400,103881,2
DEQ,948844575162204,24,1400,98460,1
DEQ,948844575269794,24,1400,203391,0
DEQ,948844581144685,24,1400,99188,3
DEQ,948844581147524,24,1400,94235,2
DEQ,948844581239311,24,1400,179655,1
DEQ,948844581240281,24,1400,178203,0
DEQ,948844587136672,24,1400,95928,4
DEQ,948844587139285,24,1400,89208,3
DEQ,948844587221616,24,1400,167650,2
DEQ,948844587222478,24,1400,163483,1
DEQ,948844587310581,24,1400,249444,3
DEQ,948844587313241,24,1400,86471,2
DEQ,948844587397982,24,1400,163515,1
DEQ,948844587400606,24,1400,163945,0
DEQ,948844593144530,24,1400,109930,1
DEQ,948844593158355,24,1400,114954,0
DEQ,948844604340410,24,1400,102334,1
DEQ,948844604430444,24,1400,183071,0
DEQ,948844609141481,24,1400,91576,3
DEQ,948844609226647,24,1400,168303,4
DEQ,948844609227495,24,1400,163967,3
DEQ,948844609316416,24,1400,250646,4
DEQ,948844609319026,24,1400,170662,3
DEQ,948844609434094,24,1400,281392,2
DEQ,948844609436606,24,1400,204238,1
DEQ,948844609438094,24,1400,201658,0
DEQ,948844609547722,24,1400,105909,0
DEQ,948844615142125,24,1400,97934,4
DEQ,948844615144729,24,1400,93931,3
DEQ,948844615249341,24,1400,193509,2
DEQ,948844615250418,24,1400,189833,1
DEQ,948844615250892,24,1400,188158,0
DEQ,948844624342404,24,1400,99660,1
DEQ,948844624434580,24,1400,182846,0
DEQ,948844629045080,24,1400,54265,1
DEQ,948844629089852,24,1400,80523,0
DEQ,948844635188529,24,1400,98060,3
DEQ,948844635191155,24,1400,93148,2
DEQ,948844635207818,24,1400,104198,3
DEQ,948844635303724,24,1400,198030,4
DEQ,948844635304698,24,1400,105164,3
DEQ,948844635408843,24,1400,205579,4
DEQ,948844635411519,24,1400,202130,3
DEQ,948844635427211,24,1400,213797,4
DEQ,948844635506420,24,1400,196108,3
DEQ,948844635509622,24,1400,194792,2
DEQ,948844635589241,24,1400,169439,1
DEQ,948844635592454,24,1400,168628,0
DEQ,948844641133140,24,1400,98361,2
DEQ,948844641135926,24,1400,90836,1
DEQ,948844641148633,24,1400,98520,0
DEQ,948844655374406,24,1400,108910,3
DEQ,948844655394918,24,1400,121414,4
DEQ,948844655524773,24,1400,244714,3
DEQ,948844655527396,24,1400,244858,2
DEQ,948844655543793,24,1400,161771,3
DEQ,948844655630263,24,1400,243915,4
DEQ,948844655632850,24,1400,97289,3
DEQ,948844655669381,24,1400,129983,2
DEQ,948844655716444,24,1400,171147,2
DEQ,948844655749307,24,1400,202040,1
DEQ,948844655817247,24,1400,144808,0
DEQ,948844661144236,24,1400,99420,3
DEQ,948844661147176,24,1400,93828,2
DEQ,948844661235629,24,1400,176007,1
DEQ,948844661236492,24,1400,174408,0
DEQ,948844672356309,24,1400,110768,0
DEQ,948844677190008,24,1400,117325,3
DEQ,948844677210987,24,1400,130610,4
DEQ,948844677353428,24,1400,265805,3
DEQ,948844677356281,24,1400,266024,2
DEQ,948844677377350,24,1400,179618,3
DEQ,948844677472009,24,1400,265955,2
DEQ,948844677474601,24,1400,112863,1
DEQ,948844677555248,24,1400,185730,1
DEQ,948844677557869,24,1400,78841,0
DEQ,948844683138331,24,1400,93959,1
DEQ,948844683140949,24,1400,90020,0
DEQ,948844695343105,24,1400,94292,3
DEQ,948844695345670,24,1400,87782,2
DEQ,948844695442393,24,1400,178950,3
DEQ,948844695443262,24,1400,177499,2
DEQ,948844695460626,24,1400,110135,3
DEQ,948844695552998,24,1400,198638,2
DEQ,948844695555555,24,1400,107479,1
DEQ,948844695576964,24,1400,120869,1
DEQ,948844695678302,24,1400,118591,0
DEQ,948844701131653,24,1400,90137,3
DEQ,948844701134163,24,1400,83210,2
DEQ,948844701216349,24,1400,160515,1
DEQ,948844701217221,24,1400,159064,0
DEQ,948844711325107,24,84,136388,0
DEQ,948844712353145,24,1400,90504,2
DEQ,948844712355804,24,1400,84302,1
DEQ,948844712445403,24,1400,169928,0
DEQ,948844717181649,24,1400,111325,3
DEQ,948844717184244,24,1400,105947,2
DEQ,948844717208527,24,1400,125170,3
DEQ,948844717300825,24,1400,215385,4
DEQ,948844717301759,24,1400,112261,3
DEQ,948844717374440,24,1400,170673,2
DEQ,948844717456803,24,1400,246680,1
DEQ,948844717466750,24,1400,254850,0
DEQ,948844723136005,24,1400,103263,1
DEQ,948844723223813,24,1400,181469,0
DEQ,948844732394522,24,1400,111967,1
DEQ,948844732408224,24,1400,116175,0
DEQ,948844737176965,24,1400,110041,3
DEQ,948844737179417,24,1400,102783,2
DEQ,948844737180977,24,1400,98927,1
DEQ,948844737267924,24,1400,183737,4
DEQ,948844737280929,24,1400,95847,3
DEQ,948844737384731,24,1400,195636,2
DEQ,948844737387396,24,1400,192617,1
DEQ,948844737468671,24,1400,271886,1
DEQ,948844737471265,24,1400,79534,0
DEQ,948844743137516,24,1400,96458,1
DEQ,948844743140061,24,1400,89553,0
DEQ,948844749131450,24,1400,89420,3
DEQ,948844749134009,24,1400,83141,2
DEQ,948844749218040,24,1400,161776,1
DEQ,948844749218913,24,1400,160645,0
DEQ,948844755124626,24,1400,86835,3
DEQ,948844755127211,24,1400,80246,2
DEQ,948844755147394,24,1400,95029,3
DEQ,948844755267165,24,1400,212725,2
DEQ,948844755269764,24,1400,137629,1
DEQ,948844755354362,24,1400,218265,0
DEQ,948844767376792,24,1400,93029,1
DEQ,948844767484197,24,1400,190579,0
DEQ,948844773132867,24,1400,85185,3
DEQ,948844773135485,24,1400,78732,2
DEQ,948844773167923,24,1400,105974,3
DEQ,948844773274347,24,1400,210352,4
DEQ,948844773277388,24,1400,137063,3
DEQ,948844773315033,24,1400,170744,4
DEQ,948844773398222,24,1400,227538,3
DEQ,948844773400768,24,1400,227623,2
DEQ,948844773408649,24,1400,121800,1
DEQ,948844773508245,24,1400,210087,0
DEQ,948844779145019,24,1400,100719,2
DEQ,948844779147789,24,1400,89597,1
DEQ,948844779239550,24,1400,178575,0
DEQ,948844785365721,24,1400,110963,3
DEQ,948844785368532,24,1400,106070,2
DEQ,948844785393041,24,1400,123900,3
DEQ,948844785510254,24,1400,238690,2
DEQ,948844785513204,24,1400,138663,1
DEQ,948844785513733,24,1400,125321,0
DEQ,948844791135366,24,1400,100661,1
DEQ,948844791220529,24,1400,176794,0
DEQ,948844802406467,24,1400,101248,1
DEQ,948844802409069,24,1400,94504,0
DEQ,948844807133516,24,1400,90947,3
DEQ,948844807136082,24,1400,85766,2
DEQ,948844807159971,24,1400,104244,3
DEQ,948844807249783,24,1400,191799,4
DEQ,948844807250662,24,1400,109592,3
DEQ,948844807365428,24,1400,220608,2
DEQ,948844807368016,24,1400,205189,1
DEQ,948844807381235,24,1400,215880,1
DEQ,948844807455226,24,1400,82906,0
DEQ,948844813144860,24,1400,94645,1
DEQ,948844813232977,24,1400,176312,0
DEQ,948844822435398,24,1400,88987,3
DEQ,948844822437937,24,1400,84175,2
DEQ,948844822454349,24,1400,94073,3
STATS,948844822484564,3,4200,2156,2153,0,0,0
DEQ,948844822540684,24,1400,178300,2
DEQ,948844822617174,24,1400,174560,1
DEQ,948844822619980,24,1400,169928,0
DEQ,948844834051176,24,1400,121898,1
DEQ,948844834058963,24,1400,122242,0
DEQ,948844839141210,24,1400,84639,3
DEQ,948844839143869,24,1400,80708,2
DEQ,948844839168039,24,1400,97706,3
DEQ,948844839280443,24,1400,207724,2
DEQ,948844839283177,24,1400,134276,1
DEQ,948844839384874,24,1400,232049,1
DEQ,948844839387551,24,1400,99944,0
DEQ,948844855700793,24,1400,59455,3
DEQ,948844855738445,24,1400,90381,4
DEQ,948844855773569,24,1400,115502,3
DEQ,948844855813545,24,1400,152776,4
DEQ,948844855859943,24,1400,155588,3
DEQ,948844855896560,24,1400,190180,4
DEQ,948844855939103,24,1400,163991,3
DEQ,948844855988745,24,1400,211414,4
DEQ,948844856031738,24,1400,169550,3
DEQ,948844856070406,24,1400,206063,2
DEQ,948844856117650,24,1400,176160,1
DEQ,948844856163231,24,1400,219487,0
DEQ,948844861148126,24,1400,109724,3
DEQ,948844861150758,24,1400,103664,2
DEQ,948844861252867,24,1400,200420,1
DEQ,948844861253808,24,1400,199143,0
DEQ,948844872459895,24,1400,125008,1
DEQ,948844872463005,24,1400,119469,0
DEQ,948844877167922,24,1400,113891,2
DEQ,948844877170753,24,1400,109899,1
DEQ,948844877171276,24,1400,105435,0
DEQ,948844877271431,24,1400,94870,4
DEQ,948844877273082,24,1400,85241,3
DEQ,948844877374019,24,1400,184127,2
DEQ,948844877376663,24,1400,183825,1
DEQ,948844877377149,24,1400,182087,0
DEQ,948844883075944,24,1400,94033,3
DEQ,948844883078552,24,1400,88070,2
DEQ,948844883160543,24,1400,165004,1
DEQ,948844883161412,24,1400,163604,0
DEQ,948844889120009,24,1400,90364,1
DEQ,948844889212963,24,1400,176025,0
DEQ,948844895143127,24,1400,90478,4
DEQ,948844895145671,24,1400,85643,3
DEQ,948844895235416,24,1400,170776,2
DEQ,948844895237918,24,1400,167122,1
DEQ,948844895337432,24,1400,264273,0
DEQ,948844895457347,24,1400,113129,2
DEQ,948844895460042,24,1400,88807,1
DEQ,948844895545439,24,1400,169432,1
DEQ,948844895552799,24,1400,88371,0
DEQ,948844901174372,24,1400,116603,1
DEQ,948844901177517,24,1400,112448,0
DEQ,948844907141269,24,1400,92363,3
DEQ,948844907143882,24,1400,88138,2
DEQ,948844907165451,24,1400,103506,2
DEQ,948844907286297,24,1400,221476,1
DEQ,948844907288935,24,1400,140560,0
DEQ,948844913150113,24,1400,103600,3
DEQ,948844913152876,24,1400,97731,2
DEQ,948844913158021,24,1400,96774,1
DEQ,948844913271371,24,1400,208029,0
DEQ,948844919135698,24,1400,101206,1
DEQ,948844919224648,24,1400,180562,0
DEQ,948844925162032,24,1400,106499,1
DEQ,948844925164609,24,1400,102302,0
DEQ,948844932469519,24,1400,105611,1
DEQ,948844932564598,24,1400,191738,0
DEQ,948844937095574,24,1400,47128,3
DEQ,948844937204849,24,1400,143022,4
DEQ,948844937205842,24,1400,139543,3
DEQ,948844937206394,24,1400,137901,2
DEQ,948844937226281,24,1400,126651,3
DEQ,948844937307986,24,1400,205686,2
DEQ,948844937329561,24,1400,113475,2
DEQ,948844937363156,24,1400,142372,1
DEQ,948844937460249,24,1400,137002,0
DEQ,948844943137656,24,1400,89505,3
DEQ,948844943140247,24,1400,85316,2
DEQ,948844943225721,24,1400,164605,1
DEQ,948844943226562,24,1400,163272,0
DEQ,948844949148588,24,1400,102352,3
DEQ,948844949151478,24,1400,97485,2
DEQ,948844949159925,24,1400,99523,1
DEQ,948844949272143,24,1400,209116,0
DEQ,948844955146200,24,1400,102043,3
DEQ,948844955148943,24,1400,97116,2
DEQ,948844955236609,24,1400,177613,1
DEQ,948844955237463,24,1400,175653,0
DEQ,948844961139766,24,1400,102902,1
DEQ,948844961142324,24,1400,96415,0
DEQ,948844967142052,24,1400,94569,3
DEQ,948844967144989,24,1400,88780,2
DEQ,948844967167981,24,1400,106346,3
DEQ,948844967250629,24,1400,186722,4
DEQ,948844967318092,24,1400,168184,3
DEQ,948844967320704,24,1400,158194,2
DEQ,948844967395447,24,1400,225743,1
DEQ,948844967398116,24,1400,226402,0
DEQ,948844973126409,24,1400,91595,1
DEQ,948844973211261,24,1400,167555,0
DEQ,948844979128537,24,1400,89296,1
DEQ,948844979131177,24,1400,82858,0
DEQ,948844985137847,24,1400,91026,3
DEQ,948844985140460,24,1400,84838,2
DEQ,948844985163572,24,1400,102159,3
DEQ,948844985262633,24,1400,199165,4
DEQ,948844985263604,24,1400,118053,3
DEQ,948844985327563,24,1400,169212,2
DEQ,948844985415278,24,1400,250124,1
DEQ,948844985417785,24,1400,250505,0
DEQ,948844991130004,24,1400,93481,2
DEQ,948844991133309,24,1400,87456,1
DEQ,948844991223798,24,1400,173711,0
DEQ,948844997133678,24,1400,90635,3
DEQ,948844997136292,24,1400,84314,2
DEQ,948844997161039,24,1400,103913,3
DEQ,948844997271789,24,1400,212468,2
DEQ,948844997274441,24,1400,133371,1
DEQ,948844997274905,24,1400,118435,0
DEQ,948845005331433,24,1400,91343,3
DEQ,948845005334062,24,1400,85039,2
DEQ,948845005347710,24,1400,92611,2
DEQ,948845005465456,24,1400,208070,1
DEQ,948845005468058,24,1400,129841,0
DEQ,948845011123026,24,1400,86228,3
DEQ,948845011125689,24,1400,79991,2
DEQ,948845011219752,24,1400,168208,1
DEQ,948845011220711,24,1400,166906,0
DEQ,948845017129252,24,1400,88998,3
DEQ,948845017132054,24,1400,83475,2
DEQ,948845017217080,24,1400,162970,1
DEQ,948845017217969,24,1400,161786,0
DEQ,948845023134546,24,1400,93646,4
DEQ,948845023137099,24,1400,86665,3
DEQ,948845023225789,24,1400,171350,2
DEQ,948845023226689,24,1400,166563,1
DEQ,948845023326979,24,1400,264744,0
DEQ,948845029128504,24,1400,85239,3
DEQ,948845029131997,24,1400,80552,2
DEQ,948845029226942,24,1400,170066,1
DEQ,948845029227952,24,1400,168885,0
DEQ,948845035157420,24,1400,110616,3
DEQ,948845035160360,24,1400,105503,2
DEQ,948845035160942,24,1400,99557,1
DEQ,948845035248007,24,1400,184155,1
DEQ,948845035248840,24,1400,83053,0
DEQ,948845041149169,24,1400,106776,1
DEQ,948845041151820,24,1400,100955,0
DEQ,948845047147612,24,1400,93320,3
DEQ,948845047150991,24,1400,89344,2
DEQ,948845047238977,24,1400,171252,1
DEQ,948845047239871,24,1400,169682,0
DEQ,948845053135328,24,1400,94742,4
DEQ,948845053137981,24,1400,88441,3
DEQ,948845053221388,24,1400,167191,2
DEQ,948845053222244,24,1400,162239,1
DEQ,948845053305330,24,1400,243249,0
DEQ,948845059124987,24,1400,95501,1
DEQ,948845059218451,24,1400,180422,0
DEQ,948845065142695,24,1400,93845,3
DEQ,948845065145262,24,1400,87307,2
DEQ,948845065158988,24,1400,95179,2
DEQ,948845065250578,24,1400,184797,4
DEQ,948845065251706,24,1400,102007,3
DEQ,948845065349602,24,1400,189353,2
DEQ,948845065352197,24,1400,187622,1
DEQ,948845065370738,24,1400,204049,1
DEQ,948845065465265,24,1400,108881,0
DEQ,948845071136236,24,1400,101510,1
DEQ,948845071227157,24,1400,183493,0
DEQ,948845077130105,24,1400,93219,1
DEQ,948845077133405,24,1400,87536,0
DEQ,948845083132041,24,1400,89540,3
DEQ,948845083134596,24,1400,83661,2
DEQ,948845083218003,24,1400,161659,1
DEQ,948845083218897,24,1400,160312,0
DEQ,948845089134372,24,1400,95719,4
DEQ,948845089136944,24,1400,88431,3
DEQ,948845089236084,24,1400,183682,2
DEQ,948845089237255,24,1400,179526,1
DEQ,948845089326120,24,1400,266289,0
DEQ,948845095145167,24,1400,94591,3
DEQ,948845095148647,24,1400,89484,2
DEQ,948845095234905,24,1400,170133,3
DEQ,948845095235680,24,1400,168808,2
DEQ,948845095318674,24,1400,165904,1
DEQ,948845095321287,24,1400,164685,0
DEQ,948845102538031,24,1400,106959,1
DEQ,948845102540716,24,1400,100559,0
DEQ,948845107129420,24,1400,87508,3
DEQ,948845107132028,24,1400,81446,2
DEQ,948845107216415,24,1400,160503,1
DEQ,948845107217215,24,1400,159277,0
DEQ,948845113140841,24,1400,93884,3
DEQ,948845113143486,24,1400,90085,2
DEQ,948845113164869,24,1400,106011,2
DEQ,948845113272213,24,1400,211194,1
DEQ,948845113273108,24,1400,125311,0
DEQ,948845119145030,24,1400,105657,1
DEQ,948845119147838,24,1400,100181,0
DEQ,948845125154754,24,1400,103605,3
DEQ,948845125157491,24,1400,98215,2
DEQ,948845125175754,24,1400,110115,3
DEQ,948845125298003,24,1400,229886,2
DEQ,948845125321647,24,1400,154987,2
DEQ,948845125427897,24,1400,256864,1
DEQ,948845125430653,24,1400,126469,0
DEQ,948845131146316,24,1400,104004,1
DEQ,948845131149240,24,1400,99207,0
DEQ,948845137156066,24,1400,115060,1
DEQ,948845137158813,24,1400,108402,0
DEQ,948845143151918,24,1400,104402,3
DEQ,948845143154616,24,1400,99346,2
DEQ,948845143179294,24,1400,115860,2
DEQ,948845143278100,24,1400,212243,1
DEQ,948845143279026,24,1400,119711,0
DEQ,948845149117645,24,1400,121254,4
DEQ,948845149120464,24,1400,107539,3
DEQ,948845149212074,24,1400,194326,2
DEQ,948845149213142,24,1400,190083,1
DEQ,948845149296638,24,1400,271465,0
DEQ,948845155143882,24,1400,96854,3
DEQ,948845155146420,24,1400,91278,2
DEQ,948845155166460,24,1400,105971,3
DEQ,948845155274847,24,1400,212354,2
DEQ,948845155275930,24,1400,124545,1
DEQ,948845155284003,24,1400,128764,0
DEQ,948845161129370,24,1400,88197,1
DEQ,948845161131962,24,1400,81821,0
DEQ,948845167143790,24,1400,97724,3
DEQ,948845167146381,24,1400,91704,2
DEQ,948845167174088,24,1400,113418,4
DEQ,948845167284505,24,1400,221657,3
DEQ,948845167290706,24,1400,140095,2
DEQ,948845167291204,24,1400,122630,1
DEQ,948845167292716,24,1400,121643,0
DEQ,948845173133526,24,1400,98855,2
DEQ,948845173136131,24,1400,92431,1
DEQ,948845173147836,24,1400,100014,0
DEQ,948845179136238,24,1400,90675,3
DEQ,948845179138838,24,1400,84236,2
DEQ,948845179228144,24,1400,167898,1
DEQ,948845179228922,24,1400,166467,0
DEQ,948845185137128,24,1400,91519,3
DEQ,948845185139673,24,1400,84729,2
DEQ,948845185163306,24,1400,102407,3
DEQ,948845185268874,24,1400,205679,4
DEQ,948845185271499,24,1400,126977,3
DEQ,948845185340416,24,1400,181906,2
DEQ,948845185411113,24,1400,246082,1
DEQ,948845185490201,24,1400,322874,0
DEQ,948845191136275,24,1400,101684,1
DEQ,948845191224678,24,1400,181261,0
DEQ,948845197137076,24,1400,92321,3
DEQ,948845197139689,24,1400,85432,2
DEQ,948845197162530,24,1400,103143,3
DEQ,948845197271199,24,1400,209669,2
DEQ,948845197274013,24,1400,129448,1
DEQ,948845197287454,24,1400,129656,1
DEQ,948845197362757,24,1400,81071,0
DEQ,948845203136419,24,1400,101793,3
DEQ,948845203230307,24,1400,183469,2
DEQ,948845203318443,24,1400,265793,1
DEQ,948845203321026,24,1400,266214,0
DEQ,948845209141852,24,1400,98207,3
DEQ,948845209144375,24,1400,91695,2
DEQ,948845209228050,24,1400,169689,1
DEQ,948845209228922,24,1400,168347,0
DEQ,948845215137067,24,1400,91008,3
DEQ,948845215139741,24,1400,85211,2
DEQ,948845215160337,24,1400,100036,4
DEQ,948845215274546,24,1400,211951,3
DEQ,948845215277149,24,1400,133156,2
DEQ,948845215282075,24,1400,130559,1
DEQ,948845215369391,24,1400,212056,0
DEQ,948845221140903,24,1400,101083,1
DEQ,948845221143530,24,1400,94775,0
DEQ,948845227139101,24,1400,90533,3
DEQ,948845227224941,24,1400,168162,4
DEQ,948845227225809,24,1400,163910,3
DEQ,948845227336175,24,1400,272120,4
DEQ,948845227339289,24,1400,193421,3
DEQ,948845227344823,24,1400,194995,2
DEQ,948845227430392,24,1400,199675,1
DEQ,948845227440863,24,1400,199095,0
DEQ,948845233135925,24,1400,99656,1
DEQ,948845233222918,24,1400,177594,0
DEQ,948845239129003,24,1400,89307,3
DEQ,948845239131566,24,1400,83308,2
DEQ,948845239213823,24,1400,160311,1
DEQ,948845239214695,24,1400,159023,0
DEQ,948845245144796,24,1400,105850,1
DEQ,948845245147387,24,1400,99321,0
DEQ,948845255842228,24,1400,93126,3
DEQ,948845255844846,24,1400,87312,2
DEQ,948845255929746,24,1400,165916,3
DEQ,948845255930598,24,1400,164678,2
DEQ,948845256025111,24,1400,175457,2
DEQ,948845256027746,24,1400,174182,1
DEQ,948845256107772,24,1400,173002,0
DEQ,948845261141592,24,1400,101359,1
DEQ,948845261144167,24,1400,94588,0
DEQ,948845289193798,24,1400,51918,3
DEQ,948845289253873,24,1400,105311,4
DEQ,948845289301425,24,1400,141912,3
DEQ,948845289341221,24,1400,179445,2
DEQ,948845289399394,24,1400,200605,4
DEQ,948845289437922,24,1400,236816,3
DEQ,948845289478440,24,1400,135222,4
DEQ,948845289531685,24,1400,184394,3
DEQ,948845289564757,24,1400,215228,4
DEQ,948845289604908,24,1400,165481,3
DEQ,948845289644967,24,1400,203481,4
DEQ,948845289691315,24,1400,157886,3
DEQ,948845289725480,24,1400,189484,2
DEQ,948845289765037,24,1400,157423,1
DEQ,948845289814621,24,1400,204816,0
DEQ,948845295199957,24,1400,113406,3
DEQ,948845295203008,24,1400,109556,2
DEQ,948845295203746,24,1400,100477,1
DEQ,948845295252435,24,1400,146763,4
DEQ,948845295299248,24,1400,89663,3
DEQ,948845295332112,24,1400,118158,4
DEQ,948845295371689,24,1400,152493,3
DEQ,948845295411512,24,1400,190423,4
DEQ,948845295453407,24,1400,151880,3
DEQ,948845295495498,24,1400,191708,4
DEQ,948845295531592,24,1400,157793,3
DEQ,948845295572108,24,1400,196193,4
DEQ,948845295611880,24,1400,156363,3
DEQ,948845295651739,24,1400,194203,2
DEQ,948845295691861,24,1400,158122,1
DEQ,948845295739533,24,1400,203756,0
DEQ,948845301177086,24,1400,114396,1
DEQ,948845301179999,24,1400,110074,0
DEQ,948845307147230,24,1400,102183,3
DEQ,948845307149850,24,1400,96007,2
DEQ,948845307157703,24,1400,98102,1
DEQ,948845307278044,24,1400,216302,0
DEQ,948845313149402,24,1400,105360,2
DEQ,948845313152103,24,1400,99254,1
DEQ,948845313239577,24,1400,180529,0
DEQ,948845319141444,24,1400,97437,4
DEQ,948845319156026,24,1400,102886,3
DEQ,948845319164983,24,1400,107860,2
DEQ,948845319283665,24,1400,220405,1
DEQ,948845319286771,24,1400,221235,0
DEQ,948845325189522,24,1400,116473,3
DEQ,948845325209868,24,1400,128550,4
DEQ,948845325345244,24,1400,257106,3
DEQ,948845325347922,24,1400,257370,2
DEQ,948845325434282,24,1400,237182,1
DEQ,948845325526596,24,1400,321519,0
DEQ,948845331137469,24,1400,103169,1
DEQ,948845331223753,24,1400,180207,0
DEQ,948845345844216,24,1400,90185,3
DEQ,948845345846972,24,1400,83259,2
DEQ,948845345928854,24,1400,159749,3
DEQ,948845345929745,24,1400,158371,2
DEQ,948845346011460,24,1400,159714,2
DEQ,948845346014052,24,1400,158354,1
DEQ,948845346100176,24,1400,166228,0
DEQ,948845351134358,24,1400,92810,4
DEQ,948845351137017,24,1400,87064,3
DEQ,948845351221340,24,1400,167420,2
DEQ,948845351222193,24,1400,163168,1
DEQ,948845351306929,24,1400,245845,0
DEQ,948845362636222,24,1400,94414,3
DEQ,948845362638843,24,1400,87332,2
DEQ,948845362718061,24,1400,160624,1
DEQ,948845362719252,24,1400,159588,0
DEQ,948845367131648,24,1400,90652,0
DEQ,948845374305791,24,1400,91646,3
DEQ,948845374325081,24,1400,101902,4
DEQ,948845374411407,24,1400,182523,3
DEQ,948845374412263,24,1400,181168,2
DEQ,948845374436632,24,1400,120508,3
DEQ,948845374510307,24,1400,190233,2
DEQ,948845374512968,24,1400,95864,1
DEQ,948845374607670,24,1400,174889,0
DEQ,948845379121637,24,1400,101959,0
DEQ,948845385157827,24,1400,107230,4
DEQ,948845385254788,24,1400,197532,3
DEQ,948845385257529,24,1400,194450,2
DEQ,948845385387163,24,1400,319098,2
DEQ,948845385389798,24,1400,319721,1
DEQ,948845385472726,24,1400,209900,0
DEQ,948845394352151,24,1400,109436,3
DEQ,948845394354638,24,1400,103387,2
DEQ,948845394356109,24,1400,99854,1
DEQ,948845394450708,24,1400,192134,2
DEQ,948845394451618,24,1400,91352,1
DEQ,948845394531136,24,1400,161981,0
DEQ,948845399135845,24,1400,101807,1
DEQ,948845399213514,24,1400,170292,0
DEQ,948845405142009,24,1400,93286,3
DEQ,948845405144615,24,1400,86636,2
DEQ,948845405164758,24,1400,101241,2
DEQ,948845405262124,24,1400,196413,1
DEQ,948845405263011,24,1400,114081,0
DEQ,948845411128973,24,1400,101637,3
DEQ,948845411131636,24,1400,96293,2
DEQ,948845411145436,24,1400,102985,2
DEQ,948845411259182,24,1400,214524,1
DEQ,948845411262298,24,1400,122859,0
DEQ,948845417151575,24,1400,104029,4
DEQ,948845417154330,24,1400,98833,3
DEQ,948845417249266,24,1400,189505,2
DEQ,948845417250217,24,1400,184410,1
DEQ,948845417339142,24,1400,271003,0
DEQ,948845423147020,24,1400,103874,1
DEQ,948845423149786,24,1400,98677,0
DEQ,948845429154312,24,1400,103734,3
DEQ,948845429157028,24,1400,98533,2
DEQ,948845429174769,24,1400,108954,3
DEQ,948845429274446,24,1400,206067,2
DEQ,948845429275377,24,1400,109161,1
DEQ,948845429283600,24,1400,113256,0
DEQ,948845435145875,24,1400,99634,3
DEQ,948845435148774,24,1400,94311,2
DEQ,948845435258636,24,1400,198314,1
DEQ,948845435259593,24,1400,196487,0
DEQ,948845441141520,24,1400,101257,3
DEQ,948845441144109,24,1400,95146,2
DEQ,948845441228107,24,1400,174032,1
DEQ,948845441229024,24,1400,172878,0
DEQ,948845447136236,24,1400,93356,3
DEQ,948845447138797,24,1400,86886,2
DEQ,948845447160776,24,1400,103434,3
DEQ,948845447248806,24,1400,189269,2
DEQ,948845447253277,24,1400,109518,1
DEQ,948845447255136,24,1400,98712,0
DEQ,948845453137772,24,1400,99915,1
DEQ,948845453225370,24,1400,178313,0
DEQ,948845459129951,24,1400,88923,3
DEQ,948845459132600,24,1400,82581,2
DEQ,948845459223888,24,1400,167641,1
DEQ,948845459224692,24,1400,166391,0
DEQ,948845465136840,24,1400,91855,3
DEQ,948845465139419,24,1400,86175,2
DEQ,948845465159713,24,1400,100103,2
DEQ,948845465274505,24,1400,212746,1
DEQ,948845465277086,24,1400,133353,0
DEQ,948845471136297,24,1400,102214,1
DEQ,948845471219487,24,1400,175697,0
DEQ,948845477123404,24,1400,87338,3
DEQ,948845477125983,24,1400,80130,2
DEQ,948845477215758,24,1400,164261,1
DEQ,948845477216658,24,1400,163049,0
DEQ,948845483135430,24,1400,99856,1
DEQ,948845483223692,24,1400,178922,0
DEQ,948845495354959,24,1400,103141,3
DEQ,948845495357687,24,1400,96276,2
DEQ,948845495450801,24,1400,182634,3
DEQ,948845495532417,24,1400,261912,4
DEQ,948845495614517,24,1400,243503,3
DEQ,948845495703318,24,1400,325165,2
DEQ,948845495705963,24,1400,246112,1
DEQ,948845495794274,24,1400,331638,1
DEQ,948845495796921,24,1400,86560,0
DEQ,948845501135389,24,1400,92824,3
DEQ,948845501137950,24,1400,86521,2
DEQ,948845501227348,24,1400,170886,1
DEQ,948845501228219,24,1400,169790,0
DEQ,948845532231401,24,1400,99928,3
DEQ,948845532255688,24,1400,115951,4
DEQ,948845532376937,24,1400,231776,3
DEQ,948845532379540,24,1400,232337,2
DEQ,948845532469271,24,1400,231089,3
DEQ,948845532472062,24,1400,224327,2
DEQ,948845532557606,24,1400,173257,3
DEQ,948845532560443,24,1400,166703,2
DEQ,948845532583921,24,1400,106830,3
DEQ,948845532685107,24,1400,203836,4
DEQ,948845532688027,24,1400,122237,3
DEQ,948845532757028,24,1400,177683,2
DEQ,948845532759711,24,1400,174232,1
DEQ,948845532772646,24,1400,185396,1
DEQ,948845532851025,24,1400,87198,0
DEQ,948845537129369,24,1400,89991,3
DEQ,948845537132095,24,1400,84082,2
DEQ,948845537207111,24,1400,153851,1
DEQ,948845537209728,24,1400,154509,0
DEQ,948845544718825,24,1400,104999,3
DEQ,948845544728859,24,1400,108371,2
DEQ,948845544730481,24,1400,104270,1
DEQ,948845544825087,24,1400,196298,0
DEQ,948845555146826,24,1400,104318,1
DEQ,948845555149620,24,1400,99693,0
DEQ,948845561161447,24,1400,104835,3
DEQ,948845561167577,24,1400,103589,2
DEQ,948845561169139,24,1400,98238,1
DEQ,948845561310763,24,1400,236840,0
DEQ,948845567137314,24,1400,93567,3
DEQ,948845567139920,24,1400,86520,2
DEQ,948845567162546,24,1400,103836,3
DEQ,948845567249942,24,1400,189109,2
DEQ,948845567250850,24,1400,106025,1
DEQ,948845567331947,24,1400,173961,0
DEQ,948845569645723,24,1400,89853,1
DEQ,948845569648407,24,1400,83156,0
DEQ,948845575132014,24,1400,90285,3
DEQ,948845575134603,24,1400,84142,2
DEQ,948845575216457,24,1400,160638,1
DEQ,948845575217301,24,1400,159440,0
DEQ,948845581135794,24,1400,100364,1
DEQ,948845581223692,24,1400,178769,0
DEQ,948845587136088,24,1400,102289,3
DEQ,948845587154986,24,1400,112590,4
DEQ,948845587284464,24,1400,236376,3
DEQ,948845587368731,24,1400,318389,2
DEQ,948845587371377,24,1400,228460,1
DEQ,948845587451039,24,1400,304157,0
DEQ,948845593133483,24,1400,91310,3
DEQ,948845593136084,24,1400,84362,2
DEQ,948845593218740,24,1400,161884,1
DEQ,948845593219607,24,1400,160613,0
DEQ,948845599140915,24,1400,101152,1
DEQ,948845599143512,24,1400,94529,0
DEQ,948845605124709,24,1400,95114,3
DEQ,948845605142166,24,1400,105747,2
DEQ,948845605144296,24,1400,102215,1
DEQ,948845605235629,24,1400,191296,2
DEQ,948845605238244,24,1400,89023,1
DEQ,948845605238754,24,1400,84957,0
DEQ,948845611156760,24,1400,107293,1
DEQ,948845611255416,24,1400,196287,0
DEQ,948845617129946,24,1400,88922,3
DEQ,948845617132537,24,1400,82597,2
DEQ,948845617233052,24,1400,178068,1
DEQ,948845617233924,24,1400,176884,0
DEQ,948845623135528,24,1400,101134,1
DEQ,948845623224568,24,1400,180615,0
DEQ,948845629141814,24,1400,95082,3
DEQ,948845629144396,24,1400,88366,2
DEQ,948845629164783,24,1400,103351,4
DEQ,948845629282293,24,1400,218672,3
DEQ,948845629284880,24,1400,136282,2
DEQ,948845629285372,24,1400,129416,1
DEQ,948845629348519,24,1400,190395,0
DEQ,948845635135973,24,1400,89574,3
DEQ,948845635138543,24,1400,82680,2
DEQ,948845635226340,24,1400,165259,1
DEQ,948845635227297,24,1400,164252,0
DEQ,948845641133358,24,1400,99000,0
DEQ,948845647141873,24,1400,91002,3
DEQ,948845647232555,24,1400,173005,4
DEQ,948845647233424,24,1400,169057,3
DEQ,948845647256888,24,1400,190399,4
DEQ,948845647335512,24,1400,186898,3
DEQ,948845647338110,24,1400,185450,2
DEQ,948845647430668,24,1400,192495,2
DEQ,948845647433285,24,1400,184775,1
DEQ,948845647512623,24,1400,169882,0
DEQ,948845653147504,24,1400,113020,0
DEQ,948845675861392,24,1400,102908,3
DEQ,948845675863990,24,1400,97105,2
DEQ,948845675869106,24,1400,95794,1
DEQ,948845675955709,24,1400,180209,4
DEQ,948845675956541,24,1400,83439,3
DEQ,948845676039500,24,1400,162747,4
DEQ,948845676042089,24,1400,159021,3
DEQ,948845676119621,24,1400,234178,4
DEQ,948845676122255,24,1400,160864,3
DEQ,948845676206777,24,1400,241349,2
DEQ,948845676209384,24,1400,162479,1
DEQ,948845676295188,24,1400,244352,0
DEQ,948845681135909,24,1400,99855,1
DEQ,948845681227130,24,1400,181844,0
DEQ,948845687316307,24,1400,122503,3
DEQ,948845687318905,24,1400,116022,2
DEQ,948845687417372,24,1400,208792,3
DEQ,948845687418238,24,1400,207402,2
DEQ,948845687442063,24,1400,118329,3
DEQ,948845687537737,24,1400,210018,4
DEQ,948845687540397,24,1400,117298,3
DEQ,948845687617486,24,1400,190450,2
DEQ,948845687620244,24,1400,174005,1
DEQ,948845687686860,24,1400,238325,0
DEQ,948845693142040,24,1400,94037,2
DEQ,948845693144588,24,1400,82758,1
DEQ,948845693226150,24,1400,162030,0
DEQ,948845699136716,24,1400,103542,0
DEQ,948845705136917,24,1400,91118,3
DEQ,948845705139490,24,1400,85607,2
DEQ,948845705159730,24,1400,100480,3
DEQ,948845705267613,24,1400,206286,2
DEQ,948845705270200,24,1400,125942,1
DEQ,948845705361111,24,1400,212889,0
DEQ,948845711132106,24,1400,91011,3
DEQ,948845711134663,24,1400,84241,2
DEQ,948845711226438,24,1400,171167,1
DEQ,948845711227301,24,1400,169865,0
DEQ,948845712285532,24,84,127991,0
DEQ,948845717141828,24,1400,101082,2
DEQ,948845717144470,24,1400,94262,1
DEQ,948845717166350,24,1400,112172,1
DEQ,948845717272220,24,1400,123498,1
DEQ,948845717273134,24,1400,104811,0
DEQ,948845723136827,24,1400,94825,1
DEQ,948845723139448,24,1400,88221,0
DEQ,948845735848219,24,1400,92459,3
DEQ,948845735850778,24,1400,85749,2
DEQ,948845735874196,24,1400,103750,3
DEQ,948845735967337,24,1400,194653,4
DEQ,948845735968276,24,1400,112423,3
DEQ,948845736051093,24,1400,181739,2
DEQ,948845736053680,24,1400,177799,1
DEQ,948845736131867,24,1400,254003,0
DEQ,948845741124197,24,1400,96869,3
DEQ,948845741226415,24,1400,190739,2
DEQ,948845741227658,24,1400,185977,1
DEQ,948845741229507,24,1400,185697,0
DEQ,948845752335817,24,1400,121755,1
DEQ,948845752338907,24,1400,116844,0
DEQ,948845757151033,24,1400,99771,3
DEQ,948845757153840,24,1400,95044,2
DEQ,948845757176009,24,1400,110084,3
DEQ,948845757273906,24,1400,205302,4
DEQ,948845757274743,24,1400,115307,3
DEQ,948845757275339,24,1400,104204,2
DEQ,948845757345151,24,1400,167622,1
DEQ,948845757347896,24,1400,168490,0
DEQ,948845763161918,24,1400,109040,1
DEQ,948845763164998,24,1400,104975,0
DEQ,948845769160060,24,1400,108803,3
DEQ,948845769179598,24,1400,120461,4
DEQ,948845769297779,24,1400,231766,3
DEQ,948845769323803,24,1400,255123,4
DEQ,948845769424574,24,1400,257101,3
DEQ,948845769427286,24,1400,252471,2
DEQ,948845769427854,24,1400,123474,1
DEQ,948845769504634,24,1400,184899,0
DEQ,948845775153807,24,1400,110759,1
DEQ,948845775156909,24,1400,105153,0
DEQ,948845784333835,24,1400,122290,1
DEQ,948845784336747,24,1400,117418,0
DEQ,948845789158825,24,1400,108733,3
DEQ,948845789179146,24,1400,121473,4
DEQ,948845789292802,24,1400,229036,3
DEQ,948845789295349,24,1400,228877,2
DEQ,948845789390258,24,1400,224074,3
DEQ,948845789472048,24,1400,301679,2
DEQ,948845789556117,24,1400,255814,1
DEQ,948845789569920,24,1400,259293,0
DEQ,948845795144496,24,1400,96766,1
DEQ,948845795238703,24,1400,178732,0
DEQ,948845801166696,24,1400,106724,3
DEQ,948845801169422,24,1400,102111,2
DEQ,948845801169928,24,1400,96522,1
DEQ,948845801256284,24,1400,180215,4
DEQ,948845801257098,24,1400,81503,3
DEQ,948845801348561,24,1400,168791,2
DEQ,948845801351373,24,1400,166492,1
DEQ,948845801431835,24,1400,244978,0
DEQ,948845812353149,24,1400,101809,1
DEQ,948845812356218,24,1400,96949,0
DEQ,948845817165741,24,1400,112005,2
DEQ,948845817168600,24,1400,99956,1
DEQ,948845817170484,24,1400,98876,0
DEQ,948845817267570,24,1400,92777,4
DEQ,948845817275926,24,1400,88439,3
DEQ,948845817393981,24,1400,204428,2
DEQ,948845817396757,24,1400,202992,1
DEQ,948845817397262,24,1400,201351,0
DEQ,948845823152535,24,1400,102417,1
DEQ,948845823243749,24,1400,186543,0
STATS,948845823256178,0,0,2823,2823,0,0,0
DEQ,948845832358364,24,1400,112386,1
DEQ,948845832361323,24,1400,108085,0
DEQ,948845837138011,24,1400,91826,3
DEQ,948845837140586,24,1400,85253,2
DEQ,948845837161512,24,1400,100916,3
DEQ,948845837281425,24,1400,218568,4
DEQ,948845837283910,24,1400,138407,3
DEQ,948845837285447,24,1400,136002,2
DEQ,948845837373184,24,1400,209425,1
DEQ,948845837375896,24,1400,209816,0
DEQ,948845843126567,24,1400,97240,1
DEQ,948845843211180,24,1400,173131,0
DEQ,948845849141977,24,1400,96863,3
DEQ,948845849144611,24,1400,91230,2
DEQ,948845849171889,24,1400,113053,4
DEQ,948845849272281,24,1400,210903,3
DEQ,948845849273268,24,1400,124353,2
DEQ,948845849274727,24,1400,107895,1
DEQ,948845849364331,24,1400,195268,0
DEQ,948845865384602,24,1400,134364,3
DEQ,948845865387646,24,1400,128450,2
DEQ,948845865388207,24,1400,109799,1
DEQ,948845865433012,24,1400,152424,4
DEQ,948845865545894,24,1400,151948,3
DEQ,948845865549030,24,1400,142867,2
DEQ,948845865670020,24,1400,246005,1
DEQ,948845865672998,24,1400,243292,0
DEQ,948845871149214,24,1400,100294,3
DEQ,948845871151943,24,1400,94620,2
DEQ,948845871241318,24,1400,177474,1
DEQ,948845871242189,24,1400,175960,0
DEQ,948845892367857,24,1400,90546,3
DEQ,948845892370832,24,1400,84670,2
DEQ,948845892391455,24,1400,99901,3
DEQ,948845892507989,24,1400,214384,4
DEQ,948845892514023,24,1400,138147,3
DEQ,948845892515660,24,1400,135793,2
DEQ,948845892647957,24,1400,254292,2
DEQ,948845892650599,24,1400,254648,1
DEQ,948845892730110,24,1400,210687,0
DEQ,948845897137016,24,1400,94841,3
DEQ,948845897139786,24,1400,88459,2
DEQ,948845897159837,24,1400,103282,3
DEQ,948845897282437,24,1400,223796,2
DEQ,948845897284928,24,1400,140257,1
DEQ,948845897286363,24,1400,137682,0
DEQ,948845903146674,24,1400,99548,1
DEQ,948845903149293,24,1400,95698,0
DEQ,948845925857037,24,1400,94501,3
DEQ,948845925859632,24,1400,90624,2
DEQ,948845925876590,24,1400,99726,3
DEQ,948845925946138,24,1400,167151,4
DEQ,948845925948774,24,1400,80922,3
DEQ,948845926040782,24,1400,168867,4
DEQ,948845926043394,24,1400,165380,3
DEQ,948845926059856,24,1400,179831,4
DEQ,948845926130112,24,1400,176591,3
DEQ,948845926132775,24,1400,175310,2
DEQ,948845926212829,24,1400,161268,3
DEQ,948845926215475,24,1400,159979,2
DEQ,948845926294270,24,1400,156681,3
DEQ,948845926304986,24,1400,163606,2
DEQ,948845926387697,24,1400,167429,2
DEQ,948845926449440,24,1400,225188,1
DEQ,948845926515990,24,1400,206798,0
DEQ,948845931125799,24,1400,93777,1
DEQ,948845931201833,24,1400,160777,0
DEQ,948845942378401,24,1400,92709,3
DEQ,948845942381079,24,1400,86703,2
DEQ,948845942490532,24,1400,191253,3
DEQ,948845942491397,24,1400,190055,2
DEQ,948845942558668,24,1400,172825,1
DEQ,948845942561341,24,1400,165917,0
DEQ,948845954323656,24,1400,115349,1
DEQ,948845954326287,24,1400,108439,0
DEQ,948845959141822,24,1400,92165,3
DEQ,948845959144454,24,1400,86775,2
DEQ,948845959167103,24,1400,104172,3
DEQ,948845959249627,24,1400,184506,4
DEQ,948845959250528,24,1400,101186,3
DEQ,948845959328758,24,1400,166441,2
DEQ,948845959331381,24,1400,162234,1
DEQ,948845959411919,24,1400,240658,1
DEQ,948845959414596,24,1400,79118,0
DEQ,948845965146598,24,1400,90609,2
DEQ,948845965149897,24,1400,87460,1
DEQ,948845965235525,24,1400,167386,3
DEQ,948845965236358,24,1400,83062,2
DEQ,948845965316058,24,1400,155356,1
DEQ,948845965318757,24,1400,155864,0
DEQ,948845971139379,24,1400,102467,0
DEQ,948845977145183,24,1400,96596,4
DEQ,948845977227286,24,1400,164284,3
DEQ,948845977228136,24,1400,162953,2
DEQ,948845977342454,24,1400,272581,1
DEQ,948845977345571,24,1400,274093,0
DEQ,948845983145730,24,1400,98974,2
DEQ,948845983148364,24,1400,88213,1
DEQ,948845983169996,24,1400,107238,1
DEQ,948845983265375,24,1400,112436,0
DEQ,948845989151188,24,1400,99388,2
DEQ,948845989154071,24,1400,88127,1
DEQ,948845989242866,24,1400,174444,0
DEQ,948845995147307,24,1400,106476,1
DEQ,948845995150328,24,1400,101626,0
DEQ,948846005816534,24,1400,46171,4
DEQ,948846005922949,24,1400,136989,3
DEQ,948846005923850,24,1400,135261,2
DEQ,948846005924402,24,1400,126301,1
DEQ,948846005959618,24,1400,159140,4
DEQ,948846005976351,24,1400,46287,3
DEQ,948846006056509,24,1400,116196,2
DEQ,948846006059106,24,1400,113476,1
DEQ,948846006147662,24,1400,199896,0
DEQ,948846011124132,24,1400,90333,1
DEQ,948846011218709,24,1400,171775,0
DEQ,948846022423649,24,1400,110212,1
DEQ,948846022426231,24,1400,99786,0
DEQ,948846027158524,24,1400,112009,3
DEQ,948846027161020,24,1400,105366,2
DEQ,948846027162481,24,1400,100457,1
DEQ,948846027248639,24,1400,184547,3
DEQ,948846027249743,24,1400,79420,2
DEQ,948846027349871,24,1400,157900,3
DEQ,948846027352569,24,1400,153799,2
DEQ,948846027434210,24,1400,178136,1
DEQ,948846027522651,24,1400,261921,0
DEQ,948846033129962,24,1400,85553,1
DEQ,948846033132597,24,1400,77974,0
DEQ,948846042451147,24,1400,107590,1
DEQ,948846042453749,24,1400,97455,0
DEQ,948846042588398,24,1400,130321,4
DEQ,948846042591045,24,1400,119885,3
DEQ,948846042662832,24,1400,189441,2
DEQ,948846042665476,24,1400,188548,1
DEQ,948846042750210,24,1400,271163,0
DEQ,948846047132749,24,1400,89570,2
DEQ,948846047135627,24,1400,77808,1
DEQ,948846047236179,24,1400,176181,0
DEQ,948846053123505,24,1400,88872,2
DEQ,948846053206280,24,1400,162802,1
DEQ,948846053207115,24,1400,159578,0
DEQ,948846062433780,24,1400,106670,1
DEQ,948846062436384,24,1400,100365,0
DEQ,948846067135366,24,1400,90286,3
DEQ,948846067137944,24,1400,84094,2
DEQ,948846067161422,24,1400,102353,3
DEQ,948846067260811,24,1400,199490,4
DEQ,948846067263476,24,1400,120447,3
DEQ,948846067334686,24,1400,178272,2
DEQ,948846067409439,24,1400,246174,1
DEQ,948846067496027,24,1400,330573,0
DEQ,948846073135764,24,1400,91528,1
DEQ,948846073138355,24,1400,87728,0
DEQ,948846084243549,24,1400,100191,1
DEQ,948846084246145,24,1400,93780,0
DEQ,948846089141965,24,1400,93780,3
DEQ,948846089144583,24,1400,87675,2
DEQ,948846089168479,24,1400,106186,3
DEQ,948846089260744,24,1400,196319,4
DEQ,948846089341148,24,1400,191597,3
DEQ,948846089423802,24,1400,260161,2
DEQ,948846089442762,24,1400,272406,2
DEQ,948846089591302,24,1400,418665,1
DEQ,948846089593931,24,1400,163835,0
DEQ,948846095141005,24,1400,91518,3
DEQ,948846095143638,24,1400,87724,2
DEQ,948846095167611,24,1400,106137,3
DEQ,948846095272773,24,1400,209070,4
DEQ,948846095275413,24,1400,126765,3
DEQ,948846095275917,24,1400,113035,2
DEQ,948846095361185,24,1400,191944,1
DEQ,948846095363789,24,1400,192616,0
DEQ,948846101135734,24,1400,101148,1
DEQ,948846101224533,24,1400,180557,0
DEQ,948846115842646,24,1400,89886,3
DEQ,948846115845293,24,1400,83828,2
DEQ,948846115929012,24,1400,160104,3
DEQ,948846115929884,24,1400,158826,2
DEQ,948846116013207,24,1400,162861,3
DEQ,948846116015871,24,1400,161520,2
DEQ,948846116101230,24,1400,166433,2
DEQ,948846116103861,24,1400,165108,1
DEQ,948846116183444,24,1400,163066,0
DEQ,948846121136987,24,1400,95589,3
DEQ,948846121139561,24,1400,88791,2
DEQ,948846121223922,24,1400,167602,1
DEQ,948846121224817,24,1400,166455,0
DEQ,948846132361298,24,1400,104435,1
DEQ,948846132364138,24,1400,100551,0
DEQ,948846137152500,24,1400,100621,3
DEQ,948846137155178,24,1400,95323,2
DEQ,948846137173508,24,1400,107329,3
DEQ,948846137309435,24,1400,240918,4
DEQ,948846137395035,24,1400,234304,3
DEQ,948846137408698,24,1400,240011,2
DEQ,948846137569182,24,1400,394091,1
DEQ,948846137572076,24,1400,394585,0
DEQ,948846143149936,24,1400,97123,3
DEQ,948846143152695,24,1400,93094,2
DEQ,948846143251914,24,1400,185422,1
DEQ,948846143252863,24,1400,183983,0
DEQ,948846149129986,24,1400,87971,3
DEQ,948846149132569,24,1400,82538,2
DEQ,948846149204336,24,1400,149009,1
DEQ,948846149282725,24,1400,225152,0
DEQ,948846155135521,24,1400,102305,1
DEQ,948846155224600,24,1400,181709,0
DEQ,948846165238434,24,1400,99100,3
DEQ,948846165241049,24,1400,89506,2
DEQ,948846165327338,24,1400,170104,3
DEQ,948846165328214,24,1400,168908,2
DEQ,948846165437126,24,1400,190823,3
DEQ,948846165439805,24,1400,189440,2
DEQ,948846165444849,24,1400,111733,1
DEQ,948846165586320,24,1400,249094,2
DEQ,948846165588925,24,1400,140318,1
DEQ,948846165667636,24,1400,215009,0
DEQ,948846171137051,24,1400,96603,3
DEQ,948846171139642,24,1400,86840,2
DEQ,948846171233103,24,1400,174721,1
DEQ,948846171234023,24,1400,173678,0
DEQ,948846182467836,24,1400,97977,2
DEQ,948846182470466,24,1400,91258,1
DEQ,948846182557787,24,1400,174423,0
DEQ,948846187137619,24,1400,90328,3
DEQ,948846187140183,24,1400,84702,2
DEQ,948846187167259,24,1400,106443,4
DEQ,948846187277326,24,1400,214366,3
DEQ,948846187279931,24,1400,135585,2
DEQ,948846187280334,24,1400,118454,1
DEQ,948846187362697,24,1400,198542,0
DEQ,948846193143791,24,1400,102980,1
DEQ,948846193146415,24,1400,98903,0
DEQ,948846202493989,24,1400,105246,1
DEQ,948846202579457,24,1400,181332,0
DEQ,948846207146153,24,1400,92030,3
DEQ,948846207148788,24,1400,85966,2
DEQ,948846207171070,24,1400,103179,3
DEQ,948846207274892,24,1400,204937,4
DEQ,948846207277553,24,1400,123554,3
DEQ,948846207278046,24,1400,111859,2
DEQ,948846207344575,24,1400,171631,1
DEQ,948846207347232,24,1400,172078,0
DEQ,948846213132823,24,1400,98290,2
DEQ,948846213135458,24,1400,91433,1
DEQ,948846213217849,24,1400,169784,0
DEQ,948846219137767,24,1400,92588,3
DEQ,948846219140369,24,1400,86036,2
DEQ,948846219163338,24,1400,103418,3
DEQ,948846219251466,24,1400,189120,2
DEQ,948846219252668,24,1400,107068,1
DEQ,948846219340223,24,1400,181272,0
DEQ,948846225312168,24,1400,100423,4
DEQ,948846225314821,24,1400,94096,3
DEQ,948846225326602,24,1400,99900,2
DEQ,948846225449554,24,1400,218473,1
DEQ,948846225452211,24,1400,219064,0
DEQ,948846231157156,24,1400,108652,3
DEQ,948846231160148,24,1400,103110,2
DEQ,948846231162233,24,1400,97998,1
DEQ,948846231255284,24,1400,188422,0
DEQ,948846242526926,24,1400,104512,1
DEQ,948846242529770,24,1400,99328,0
DEQ,948846247161230,24,1400,107766,4
DEQ,948846247167397,24,1400,106776,3
DEQ,948846247169147,24,1400,103916,2
DEQ,948846247266491,24,1400,193883,3
DEQ,948846247267314,24,1400,191956,2
DEQ,948846247336451,24,1400,162711,1
DEQ,948846247339084,24,1400,161024,0
DEQ,948846254139954,24,1400,44740,1
DEQ,948846254190283,24,1400,85896,0
DEQ,948846259158184,24,1400,100089,3
DEQ,948846259160866,24,1400,95759,2
DEQ,948846259178565,24,1400,105837,3
DEQ,948846259281270,24,1400,206126,2
DEQ,948846259282168,24,1400,112354,1
DEQ,948846259381439,24,1400,207677,1
DEQ,948846259384003,24,1400,97513,0
DEQ,948846265147418,24,1400,105298,1
DEQ,948846265149996,24,1400,99258,0
DEQ,948846274328889,24,1400,112572,1
DEQ,948846274331974,24,1400,106836,0
DEQ,948846279159582,24,1400,107527,3
DEQ,948846279179819,24,1400,120178,4
DEQ,948846279302391,24,1400,235897,3
DEQ,948846279305023,24,1400,235800,2
DEQ,948846279402081,24,1400,234614,3
DEQ,948846279404858,24,1400,232731,2
DEQ,948846279495460,24,1400,185654,1
DEQ,948846279505375,24,1400,191557,0
DEQ,948846285142826,24,1400,96151,3
DEQ,948846285145410,24,1400,89788,2
DEQ,948846285168089,24,1400,107255,3
DEQ,948846285281529,24,1400,218561,2
DEQ,948846285284140,24,1400,133864,1
DEQ,948846285284564,24,1400,121304,0
DEQ,948846285375160,24,1400,86132,0
DEQ,948846291135440,24,1400,91774,3
DEQ,948846291138030,24,1400,84471,2
DEQ,948846291220495,24,1400,161324,1
DEQ,948846291221324,24,1400,159966,0
DEQ,948846302532741,24,1400,101226,1
DEQ,948846302535398,24,1400,94193,0
DEQ,948846307137829,24,1400,94184,3
DEQ,948846307140468,24,1400,88552,2
DEQ,948846307167214,24,1400,110121,4
DEQ,948846307277494,24,1400,218125,3
DEQ,948846307283606,24,1400,138789,2
DEQ,948846307285033,24,1400,122853,1
DEQ,948846307433437,24,1400,269202,0
DEQ,948846313147227,24,1400,98748,1
DEQ,948846313149836,24,1400,95038,0
DEQ,948846322557704,24,1400,120402,0
DEQ,948846327141920,24,1400,94851,3
DEQ,948846327144493,24,1400,88406,2
DEQ,948846327165229,24,1400,103506,3
DEQ,948846327286363,24,1400,222502,4
DEQ,948846327289025,24,1400,139601,3
DEQ,948846327289515,24,1400,136172,2
DEQ,948846327373224,24,1400,206066,1
DEQ,948846327375884,24,1400,206766,0
DEQ,948846333135938,24,1400,93495,1
DEQ,948846333138577,24,1400,86809,0
DEQ,948846345358826,24,1400,107828,3
DEQ,948846345361432,24,1400,101583,2
DEQ,948846345378578,24,1400,113283,3
DEQ,948846345492288,24,1400,224785,4
DEQ,948846345494892,24,1400,128482,3
DEQ,948846345503521,24,1400,133216,2
DEQ,948846345601311,24,1400,221043,2
DEQ,948846345603978,24,1400,221671,1
DEQ,948846345686832,24,1400,179950,0
DEQ,948846351132142,24,1400,92752,2
DEQ,948846351134778,24,1400,87457,1
DEQ,948846351220374,24,1400,167016,0
DEQ,948846362573582,24,1400,119399,1
DEQ,948846362667004,24,1400,203353,0
DEQ,948846367136780,24,1400,90799,3
DEQ,948846367139415,24,1400,84719,2
DEQ,948846367162945,24,1400,103096,3
DEQ,948846367259786,24,1400,197791,4
DEQ,948846367260681,24,1400,116255,3
DEQ,948846367340325,24,1400,182130,2
DEQ,948846367354024,24,1400,189577,1
DEQ,948846367428479,24,1400,262275,0
DEQ,948846373132627,24,1400,87709,3
DEQ,948846373135249,24,1400,83922,2
DEQ,948846373217400,24,1400,160573,2
DEQ,948846373218298,24,1400,159482,1
DEQ,948846373304375,24,1400,164755,0
DEQ,948846379146958,24,1400,105497,3
DEQ,948846379164745,24,1400,115395,2
DEQ,948846379166561,24,1400,111707,1
DEQ,948846379279034,24,1400,221663,0
DEQ,948846384993383,24,1400,60014,3
DEQ,948846385031940,24,1400,90846,2
DEQ,948846385067740,24,1400,116739,4
DEQ,948846385107605,24,1400,153638,3
DEQ,948846385167704,24,1400,132753,2
DEQ,948846385208202,24,1400,169221,1
DEQ,948846385248153,24,1400,206839,0
DEQ,948846391146687,24,1400,103633,1
DEQ,948846391149287,24,1400,97725,0
DEQ,948846405362150,24,1400,106033,3
DEQ,948846405364933,24,1400,101714,2
DEQ,948846405383506,24,1400,113380,3
DEQ,948846405479602,24,1400,206887,4
DEQ,948846405480691,24,1400,109865,3
DEQ,948846405569104,24,1400,190362,2
DEQ,948846405571896,24,1400,186618,1
DEQ,948846405594499,24,1400,207061,1
DEQ,948846405700902,24,1400,124222,0
DEQ,948846411143362,24,1400,90602,3
DEQ,948846411146791,24,1400,86068,2
DEQ,948846411241470,24,1400,175529,1
DEQ,948846411242315,24,1400,174296,0
DEQ,948846422576938,24,1400,100738,1
DEQ,948846422579771,24,1400,94082,0
DEQ,948846427149383,24,1400,96596,4
DEQ,948846427151975,24,1400,84116,3
DEQ,948846427172398,24,1400,102353,4
DEQ,948846427296339,24,1400,222085,3
DEQ,948846427298961,24,1400,222950,2
DEQ,948846427380737,24,1400,223793,1
DEQ,948846427469270,24,1400,308482,0
DEQ,948846433148359,24,1400,106100,1
DEQ,948846433150946,24,1400,102164,0
DEQ,948846439136959,24,1400,92656,3
DEQ,948846439139583,24,1400,86040,2
DEQ,948846439166460,24,1400,106671,4
DEQ,948846439253098,24,1400,191242,3
DEQ,948846439254347,24,1400,110449,2
DEQ,948846439255967,24,1400,94506,1
DEQ,948846439362654,24,1400,198952,0
DEQ,948846445131741,24,1400,89652,3
DEQ,948846445134651,24,1400,83969,2
DEQ,948846445158892,24,1400,103042,3
DEQ,948846445283878,24,1400,225951,4
DEQ,948846445286514,24,1400,146895,3
DEQ,948846445287006,24,1400,143489,2
DEQ,948846445372778,24,1400,211031,1
DEQ,948846445375480,24,1400,211211,0
DEQ,948846452594439,24,1400,98215,1
DEQ,948846452597105,24,1400,91668,0
DEQ,948846457140882,24,1400,98359,3
DEQ,948846457143463,24,1400,91304,2
DEQ,948846457232056,24,1400,173694,1
DEQ,948846457232914,24,1400,172513,0
DEQ,948846463141964,24,1400,101308,4
DEQ,948846463144556,24,1400,89003,3
DEQ,948846463227232,24,1400,169383,2
DEQ,948846463228120,24,1400,166806,1
DEQ,948846463229504,24,1400,166049,0
DEQ,948846469134466,24,1400,89399,3
DEQ,948846469137056,24,1400,82801,2
DEQ,948846469220611,24,1400,161458,1
DEQ,948846469221826,24,1400,160448,0
DEQ,948846475136126,24,1400,90980,3
DEQ,948846475138722,24,1400,84541,2
DEQ,948846475165614,24,1400,105992,4
DEQ,948846475244388,24,1400,182799,3
DEQ,948846475245240,24,1400,102238,2
DEQ,948846475253399,24,1400,92708,1
DEQ,948846475371835,24,1400,208741,0
DEQ,948846481143279,24,1400,104942,1
DEQ,948846481145812,24,1400,98358,0
DEQ,948846495380590,24,1400,121614,4
DEQ,948846495383947,24,1400,111106,3
DEQ,948846495512372,24,1400,236633,4
DEQ,948846495513420,24,1400,232476,3
DEQ,948846495514930,24,1400,231331,2
DEQ,948846495647132,24,1400,257800,3
DEQ,948846495649709,24,1400,255960,2
DEQ,948846495666711,24,1400,146741,3
DEQ,948846495763761,24,1400,239639,2
DEQ,948846495766386,24,1400,111764,1
DEQ,948846495786457,24,1400,124201,1
DEQ,948846495893467,24,1400,122881,0
DEQ,948846501129261,24,1400,87944,3
DEQ,948846501131852,24,1400,81990,2
DEQ,948846501226420,24,1400,171433,1
DEQ,948846501227499,24,1400,170435,0
DEQ,948846512612893,24,1400,97286,1
DEQ,948846512619749,24,1400,94855,0
DEQ,948846517142697,24,1400,96274,4
DEQ,948846517145310,24,1400,85359,3
DEQ,948846517168475,24,1400,106281,4
DEQ,948846517274754,24,1400,208301,3
DEQ,948846517277410,24,1400,208922,2
DEQ,948846517277888,24,1400,127738,1
DEQ,948846517349430,24,1400,185605,0
DEQ,948846523073713,24,1400,98762,3
DEQ,948846523076169,24,1400,95001,2
DEQ,948846523077473,24,1400,90607,1
DEQ,948846523186989,24,1400,198054,0
DEQ,948846529150602,24,1400,101406,3
DEQ,948846529153370,24,1400,95325,2
DEQ,948846529252662,24,1400,187588,1
DEQ,948846529253648,24,1400,186138,0
DEQ,948846535135236,24,1400,92873,3
DEQ,948846535137828,24,1400,86305,2
DEQ,948846535224807,24,1400,167503,4
DEQ,948846535225685,24,1400,166257,3
DEQ,948846535309634,24,1400,167205,2
DEQ,948846535312262,24,1400,162051,1
DEQ,948846535395931,24,1400,243581,0
DEQ,948846541124081,24,1400,89190,1
DEQ,948846541209500,24,1400,165718,0
DEQ,948846547128584,24,1400,91033,3
DEQ,948846547131183,24,1400,84828,2
DEQ,948846547148221,24,1400,96545,3
DEQ,948846547267126,24,1400,213273,2
DEQ,948846547269748,24,1400,133754,1
DEQ,948846547361137,24,1400,221192,1
DEQ,948846547363793,24,1400,89814,0
DEQ,948846553141289,24,1400,101229,1
DEQ,948846553143882,24,1400,94955,0
DEQ,948846559129911,24,1400,87914,2
DEQ,948846559132554,24,1400,81149,1
DEQ,948846559244512,24,1400,187239,0
DEQ,948846565133433,24,1400,90362,3
DEQ,948846565136028,24,1400,83783,2
DEQ,948846565159384,24,1400,101385,3
DEQ,948846565271131,24,1400,211148,2
DEQ,948846565273749,24,1400,133013,1
DEQ,948846565358541,24,1400,213973,0
DEQ,948846569659522,24,1400,101871,1
DEQ,948846569662158,24,1400,95522,0
DEQ,948846575185293,24,1400,116377,3
DEQ,948846575187888,24,1400,109478,2
DEQ,948846575280654,24,1400,197002,3
DEQ,948846575281497,24,1400,195704,2
DEQ,948846575354343,24,1400,161362,1
DEQ,948846575357012,24,1400,160154,0
DEQ,948846581130596,24,1400,95541,1
DEQ,948846581215292,24,1400,171048,0
DEQ,948846587137831,24,1400,94664,3
DEQ,948846587140383,24,1400,88266,2
DEQ,948846587162984,24,1400,105238,3
DEQ,948846587249666,24,1400,189864,2
DEQ,948846587250544,24,1400,105299,1
DEQ,948846587340181,24,1400,181642,0
DEQ,948846593131633,24,1400,93539,1
DEQ,948846593146136,24,1400,98941,0
DEQ,948846602184434,24,1400,115822,4
DEQ,948846602269295,24,1400,185947,3
DEQ,948846602287035,24,1400,201445,4
DEQ,948846602424799,24,1400,334265,3
DEQ,948846602529772,24,1400,437057,2
DEQ,948846602532978,24,1400,258428,1
DEQ,948846602558557,24,1400,276096,0
DEQ,948846607140965,24,1400,94122,3
DEQ,948846607225532,24,1400,169006,4
DEQ,948846607226439,24,1400,164238,3
DEQ,948846607334622,24,1400,270178,2
DEQ,948846607337139,24,1400,189157,1
DEQ,948846607338713,24,1400,186725,0
DEQ,948846613135321,24,1400,94281,3
DEQ,948846613137900,24,1400,87458,2
DEQ,948846613226502,24,1400,171118,1
DEQ,948846613227418,24,1400,170039,0
DEQ,948846619132000,24,1400,95781,3
DEQ,948846619134613,24,1400,88169,2
DEQ,948846619221310,24,1400,169345,1
DEQ,948846619222220,24,1400,168059,0
DEQ,948846625122572,24,1400,89231,3
DEQ,948846625125142,24,1400,83149,2
DEQ,948846625150203,24,1400,102950,3
DEQ,948846625237946,24,1400,188564,2
DEQ,948846625238810,24,1400,108602,1
DEQ,948846625244096,24,1400,98440,0
DEQ,948846631127610,24,1400,88077,1
DEQ,948846631130114,24,1400,81763,0
DEQ,948846637146474,24,1400,93108,3
DEQ,948846637149911,24,1400,88643,2
DEQ,948846637229635,24,1400,162178,3
DEQ,948846637230485,24,1400,160895,2
DEQ,948846637327793,24,1400,174023,3
DEQ,948846637330758,24,1400,173013,2
DEQ,948846637350744,24,1400,115556,2
DEQ,948846637448536,24,1400,202302,1
DEQ,948846637451162,24,1400,116065,0
DEQ,948846642965901,24,1400,43080,1
DEQ,948846643006763,24,1400,74917,0
DEQ,948846649035967,24,1400,43489,3
DEQ,948846649074828,24,1400,72988,2
DEQ,948846649118067,24,1400,109373,1
DEQ,948846649158345,24,1400,147333,0
DEQ,948846655152585,24,1400,109759,1
DEQ,948846655155367,24,1400,103774,0
DEQ,948846692224025,24,1400,98082,2
DEQ,948846692226858,24,1400,92554,1
DEQ,948846692323377,24,1400,182971,0
DEQ,948846697185191,24,1400,111313,3
DEQ,948846697204604,24,1400,122223,4
DEQ,948846697331270,24,1400,243403,3
DEQ,948846697333901,24,1400,243902,2
DEQ,948846697356288,24,1400,164370,3
DEQ,948846697429280,24,1400,233284,4
DEQ,948846697439918,24,1400,101204,3
DEQ,948846697527027,24,1400,175068,4
DEQ,948846697616445,24,1400,258765,3
DEQ,948846697635812,24,1400,276161,4
DEQ,948846697767918,24,1400,324070,3
DEQ,948846697770545,24,1400,322700,2
DEQ,948846697848784,24,1400,225711,3
DEQ,948846697851407,24,1400,220676,2
DEQ,948846697928624,24,1400,153339,3
DEQ,948846697931407,24,1400,152144,2
DEQ,948846698002761,24,1400,146476,1
DEQ,948846698016446,24,1400,151317,0
DEQ,948846703140486,24,1400,98130,1
DEQ,948846703143064,24,1400,94180,0
DEQ,948846709141734,24,1400,99236,3
DEQ,948846709144322,24,1400,92769,2
DEQ,948846709164481,24,1400,107515,2
DEQ,948846709262058,24,1400,202973,1
DEQ,948846709262917,24,1400,114424,0
DEQ,948846713908065,24,84,132200,0
DEQ,948846715138620,24,1400,94953,4
DEQ,948846715141253,24,1400,88841,3
DEQ,948846715164246,24,1400,107504,4
DEQ,948846715278721,24,1400,216624,3
DEQ,948846715281359,24,1400,217011,2
DEQ,948846715293087,24,1400,147068,1
DEQ,948846715441931,24,1400,281970,0
DEQ,948846721133176,24,1400,93078,2
DEQ,948846721135812,24,1400,82254,1
DEQ,948846721220291,24,1400,164289,0
DEQ,948846727129845,24,1400,92571,3
DEQ,948846727132427,24,1400,86200,2
DEQ,948846727221213,24,1400,169667,1
DEQ,948846727222159,24,1400,168310,0
DEQ,948846733120063,24,1400,89049,3
DEQ,948846733204516,24,1400,167446,2
DEQ,948846733205429,24,1400,163243,1
DEQ,948846733275464,24,1400,231090,0
DEQ,948846739139344,24,1400,96085,4
DEQ,948846739141950,24,1400,89162,3
DEQ,948846739224590,24,1400,166166,2
DEQ,948846739225562,24,1400,162357,1
DEQ,948846739227141,24,1400,161780,0
DEQ,948846739325426,24,1400,94527,0
DEQ,948846745137757,24,1400,93231,3
DEQ,948846745140749,24,1400,86867,2
DEQ,948846745163042,24,1400,103961,3
DEQ,948846745256221,24,1400,195007,2
DEQ,948846745257162,24,1400,111577,1
DEQ,948846745258600,24,1400,100166,0
DEQ,948846751145801,24,1400,107307,1
DEQ,948846751149078,24,1400,101314,0
DEQ,948846757137732,24,1400,90573,3
DEQ,948846757140332,24,1400,84922,2
DEQ,948846757162998,24,1400,102364,3
DEQ,948846757264173,24,1400,201390,2
DEQ,948846757265210,24,1400,120008,1
DEQ,948846757266972,24,1400,109113,0
DEQ,948846757382736,24,1400,111827,0
DEQ,948846763150894,24,1400,105217,3
DEQ,948846763153729,24,1400,100449,2
DEQ,948846763240615,24,1400,180638,2
DEQ,948846763241535,24,1400,178843,1
DEQ,948846763308506,24,1400,149854,0
DEQ,948846769152185,24,1400,110462,1
DEQ,948846769154955,24,1400,104923,0
DEQ,948846782095530,24,1400,42366,3
DEQ,948846782140869,24,1400,80515,4
DEQ,948846782244022,24,1400,177470,3
DEQ,948846782246941,24,1400,178150,2
DEQ,948846782248727,24,1400,149200,1
DEQ,948846782341884,24,1400,240194,0
DEQ,948846787136494,24,1400,104154,0
DEQ,948846793132744,24,1400,90971,3
DEQ,948846793135386,24,1400,84483,2
DEQ,948846793232946,24,1400,176402,1
DEQ,948846793233902,24,1400,175206,0
DEQ,948846799129945,24,1400,90673,0
DEQ,948846805132533,24,1400,89326,3
DEQ,948846805135204,24,1400,83913,2
DEQ,948846805226186,24,1400,169861,1
DEQ,948846805227147,24,1400,168821,0
DEQ,948846811119251,24,1400,87635,3
DEQ,948846811193578,24,1400,153460,2
DEQ,948846811194466,24,1400,149090,1
DEQ,948846811262669,24,1400,215238,0
DEQ,948846817131068,24,1400,90804,3
DEQ,948846817133679,24,1400,84319,2
DEQ,948846817214583,24,1400,159569,2
DEQ,948846817215479,24,1400,158419,1
DEQ,948846817295343,24,1400,157092,1
DEQ,948846817297988,24,1400,78144,0
DEQ,948846823125932,24,1400,87936,3
DEQ,948846823128554,24,1400,81665,2
DEQ,948846823261950,24,1400,209610,1
DEQ,948846823264651,24,1400,210328,0
STATS,948846823322514,0,0,3480,3480,0,0,0
DEQ,948846829146734,24,1400,103609,2
DEQ,948846829149392,24,1400,91988,1
DEQ,948846829157371,24,1400,97810,0
DEQ,948846835141679,24,1400,99902,1
DEQ,948846835144402,24,1400,94622,0
DEQ,948846841149411,24,1400,101819,3
DEQ,948846841152263,24,1400,96090,2
DEQ,948846841242865,24,1400,179459,1
DEQ,948846841243744,24,1400,177607,0
DEQ,948846847124564,24,1400,98952,3
DEQ,948846847127732,24,1400,94727,2
DEQ,948846847166645,24,1400,127772,4
DEQ,948846847257977,24,1400,216921,3
DEQ,948846847261213,24,1400,128356,2
DEQ,948846847352089,24,1400,194256,1
DEQ,948846847353171,24,1400,189719,0
DEQ,948846853135228,24,1400,93907,3
DEQ,948846853137847,24,1400,88117,2
DEQ,948846853232876,24,1400,177165,1
DEQ,948846853233752,24,1400,175870,0
DEQ,948846859137525,24,1400,95917,2
DEQ,948846859140157,24,1400,84012,1
DEQ,948846859224475,24,1400,165849,0
DEQ,948846865144417,24,1400,101486,3
DEQ,948846865147028,24,1400,95139,2
DEQ,948846865169585,24,1400,112199,3
DEQ,948846865282203,24,1400,222619,2
DEQ,948846865285011,24,1400,133109,1
DEQ,948846865285487,24,1400,120368,0
DEQ,948846879760909,24,1400,101662,1
DEQ,948846879845354,24,1400,177093,0
DEQ,948846885141939,24,1400,94289,3
DEQ,948846885144560,24,1400,88239,2
DEQ,948846885165042,24,1400,102619,3
DEQ,948846885274333,24,1400,209673,4
DEQ,948846885277006,24,1400,127676,3
DEQ,948846885293632,24,1400,140236,4
DEQ,948846885369699,24,1400,202575,3
DEQ,948846885373040,24,1400,203658,2
DEQ,948846885487088,24,1400,201711,2
DEQ,948846885489734,24,1400,200373,1
DEQ,948846885571751,24,1400,195101,0
DEQ,948846891131073,24,1400,92860,3
DEQ,948846891133683,24,1400,83311,2
DEQ,948846891235500,24,1400,179293,1
DEQ,948846891236544,24,1400,178245,0
DEQ,948846897141911,24,1400,95726,3
DEQ,948846897144509,24,1400,89010,2
DEQ,948846897167029,24,1400,106572,3
DEQ,948846897269660,24,1400,207188,2
DEQ,948846897270531,24,1400,121315,1
DEQ,948846897271257,24,1400,109212,0
DEQ,948846897369317,24,1400,93350,0
DEQ,948846903134385,24,1400,89345,3
DEQ,948846903136930,24,1400,82894,2
DEQ,948846903225975,24,1400,167073,1
DEQ,948846903226863,24,1400,165821,0
DEQ,948846909138272,24,1400,96932,3
DEQ,948846909141084,24,1400,91752,2
DEQ,948846909235410,24,1400,180773,1
DEQ,948846909236261,24,1400,179415,0
DEQ,948846915140698,24,1400,95473,2
DEQ,948846915143413,24,1400,90134,1
DEQ,948846915235278,24,1400,175964,0
DEQ,948846921145713,24,1400,97823,3
DEQ,948846921148377,24,1400,92915,2
DEQ,948846921243577,24,1400,181377,1
DEQ,948846921244468,24,1400,179642,0
DEQ,948846932291704,24,1400,102899,3
DEQ,948846932294301,24,1400,96333,2
DEQ,948846932384598,24,1400,181263,1
DEQ,948846932385469,24,1400,179993,0
DEQ,948846937141139,24,1400,97458,3
DEQ,948846937143725,24,1400,90628,2
DEQ,948846937164533,24,1400,106448,3
DEQ,948846937285853,24,1400,225604,2
DEQ,948846937288442,24,1400,139641,1
DEQ,948846937305523,24,1400,152722,1
DEQ,948846937400127,24,1400,107294,0
DEQ,948846943146811,24,1400,99483,1
DEQ,948846943149407,24,1400,95629,0
DEQ,948846949160134,24,1400,100645,3
DEQ,948846949166301,24,1400,100254,2
DEQ,948846949167911,24,1400,95492,1
DEQ,948846949305610,24,1400,230469,4
DEQ,948846949308527,24,1400,136778,3
DEQ,948846949385417,24,1400,209802,2
DEQ,948846949467773,24,1400,286543,1
DEQ,948846949554268,24,1400,371068,0
DEQ,948846955139701,24,1400,104886,1
DEQ,948846955142355,24,1400,97562,0
DEQ,948846962321132,24,1400,116205,3
DEQ,948846962407102,24,1400,193590,2
DEQ,948846962486021,24,1400,267161,1
DEQ,948846962570959,24,1400,350058,0
DEQ,948846967137774,24,1400,91080,3
DEQ,948846967140348,24,1400,84796,2
DEQ,948846967163792,24,1400,102779,3
DEQ,948846967262690,24,1400,199504,4
DEQ,948846967265357,24,1400,119967,3
DEQ,948846967356368,24,1400,197898,2
DEQ,948846967443410,24,1400,277941,1
DEQ,948846967446046,24,1400,278117,0
DEQ,948846979333287,24,1400,122402,1
DEQ,948846979336056,24,1400,116611,0
DEQ,948846985168270,24,1400,109158,3
DEQ,948846985170853,24,1400,103540,2
DEQ,948846985172659,24,1400,98463,1
DEQ,948846985265455,24,1400,188614,4
DEQ,948846985266349,24,1400,88847,3
DEQ,948846985291325,24,1400,109741,4
DEQ,948846985371029,24,1400,183792,3
DEQ,948846985373680,24,1400,184353,2
DEQ,948846985397479,24,1400,126123,3
DEQ,948846985476062,24,1400,189049,4
DEQ,948846985478675,24,1400,99778,3
DEQ,948846985560047,24,1400,174261,2
DEQ,948846985562812,24,1400,163567,1
DEQ,948846985630066,24,1400,228750,0
DEQ,948846991152407,24,1400,106367,1
DEQ,948846991155210,24,1400,100858,0
DEQ,948847005324040,24,1400,103325,3
DEQ,948847005327071,24,1400,97985,2
DEQ,948847005327796,24,1400,91410,1
DEQ,948847005443757,24,1400,204548,4
DEQ,948847005444771,24,1400,111400,3
DEQ,948847005446362,24,1400,108480,2
DEQ,948847005551270,24,1400,207818,1
DEQ,948847005554152,24,1400,208823,0
DEQ,948847011129457,24,1400,87587,3
DEQ,948847011132096,24,1400,81806,2
DEQ,948847011213853,24,1400,158505,1
DEQ,948847011214737,24,1400,157384,0
DEQ,948847022332004,24,1400,88087,1
DEQ,948847022418538,24,1400,165874,0
DEQ,948847027139536,24,1400,97788,3
DEQ,948847027142221,24,1400,91744,2
DEQ,948847027178416,24,1400,119116,3
DEQ,948847027297449,24,1400,235995,4
DEQ,948847027300576,24,1400,153311,3
DEQ,948847027301117,24,1400,137721,2
DEQ,948847027390881,24,1400,210729,1
DEQ,948847027393980,24,1400,211651,0
DEQ,948847033026002,24,1400,44616,2
DEQ,948847033158456,24,1400,163775,1
DEQ,948847033161075,24,1400,164199,0
DEQ,948847039129010,24,1400,87232,2
DEQ,948847039131634,24,1400,80556,1
DEQ,948847039226973,24,1400,170899,0
DEQ,948847045131916,24,1400,92070,3
DEQ,948847045134526,24,1400,84983,2
DEQ,948847045221185,24,1400,166468,3
DEQ,948847045222060,24,1400,165197,2
DEQ,948847045307744,24,1400,168493,1
DEQ,948847045310361,24,1400,167183,0
DEQ,948847051116688,24,1400,87072,2
DEQ,948847051119296,24,1400,86568,1
DEQ,948847051208626,24,1400,171752,0
DEQ,948847057167816,24,1400,112527,3
DEQ,948847057170815,24,1400,106848,2
DEQ,948847057172971,24,1400,100372,1
DEQ,948847057257898,24,1400,182630,2
DEQ,948847057258781,24,1400,81160,1
DEQ,948847057333536,24,1400,151835,1
DEQ,948847057336294,24,1400,73151,0
DEQ,948847063147834,24,1400,105341,0
DEQ,948847069149339,24,1400,99345,3
DEQ,948847069152211,24,1400,94804,2
DEQ,948847069169340,24,1400,105614,3
DEQ,948847069268872,24,1400,202595,2
DEQ,948847069269785,24,1400,108776,1
DEQ,948847069365092,24,1400,200159,0
DEQ,948847075136065,24,1400,92053,1
DEQ,948847075138800,24,1400,87718,0
DEQ,948847092354701,24,1400,103249,1
DEQ,948847092357837,24,1400,97483,0
DEQ,948847097168142,24,1400,108978,3
DEQ,948847097170631,24,1400,104070,2
DEQ,948847097172559,24,1400,98553,1
DEQ,948847097322908,24,1400,246230,4
DEQ,948847097325764,24,1400,148482,3
DEQ,948847097326258,24,1400,144659,2
DEQ,948847097419468,24,1400,231891,3
DEQ,948847097422290,24,1400,232656,2
DEQ,948847097422807,24,1400,91136,1
DEQ,948847097504280,24,1400,168478,3
DEQ,948847097507016,24,1400,79562,2
DEQ,948847097597659,24,1400,162173,1
DEQ,948847097600271,24,1400,162567,0
DEQ,948847105146789,24,1400,43012,3
DEQ,948847105185080,24,1400,73946,4
DEQ,948847105226069,24,1400,109333,3
DEQ,948847105267000,24,1400,147957,2
DEQ,948847105319482,24,1400,168906,1
DEQ,948847105381309,24,1400,228595,0
DEQ,948847111129857,24,1400,88732,2
DEQ,948847111132496,24,1400,77262,1
DEQ,948847111224411,24,1400,167104,1
DEQ,948847111225615,24,1400,88943,0
DEQ,948847122356828,24,1400,90933,1
DEQ,948847122441881,24,1400,166970,0
DEQ,948847127141865,24,1400,97398,4
DEQ,948847127144459,24,1400,86879,3
DEQ,948847127230400,24,1400,170282,2
DEQ,948847127231262,24,1400,167158,1
DEQ,948847127299281,24,1400,233089,0
DEQ,948847134336621,24,1400,124443,1
DEQ,948847134339767,24,1400,118810,0
DEQ,948847139141922,24,1400,92855,3
DEQ,948847139144791,24,1400,86967,2
DEQ,948847139165733,24,1400,102032,3
DEQ,948847139277729,24,1400,211944,4
DEQ,948847139280351,24,1400,130324,3
DEQ,948847139285480,24,1400,131447,2
DEQ,948847139367678,24,1400,199745,1
DEQ,948847139381509,24,1400,211126,0
DEQ,948847145142355,24,1400,91672,3
DEQ,948847145227274,24,1400,170126,2
DEQ,948847145228146,24,1400,164918,1
DEQ,948847145325238,24,1400,259920,3
DEQ,948847145327887,24,1400,95159,2
DEQ,948847145411877,24,1400,171632,2
DEQ,948847145414503,24,1400,172026,1
DEQ,948847145502549,24,1400,170385,0
DEQ,948847151140242,24,1400,101026,1
DEQ,948847151142879,24,1400,94524,0
DEQ,948847157144794,24,1400,107385,3
DEQ,948847157147423,24,1400,100590,2
DEQ,948847157236753,24,1400,184624,1
DEQ,948847157237772,24,1400,183360,0
DEQ,948847163129946,24,1400,89122,3
DEQ,948847163132605,24,1400,82389,2
DEQ,948847163226095,24,1400,170724,1
DEQ,948847163227045,24,1400,169434,0
DEQ,948847169131045,24,1400,91390,2
DEQ,948847169133682,24,1400,79129,1
DEQ,948847169216131,24,1400,159076,0
DEQ,948847175141699,24,1400,89435,3
DEQ,948847175225372,24,1400,166135,2
DEQ,948847175226230,24,1400,161586,1
DEQ,948847175331036,24,1400,264177,3
DEQ,948847175333720,24,1400,103217,2
DEQ,948847175415842,24,1400,177685,2
DEQ,948847175418450,24,1400,178174,1
DEQ,948847175426437,24,1400,88577,0
DEQ,948847182385645,24,1400,103296,1
DEQ,948847182477006,24,1400,184973,0
DEQ,948847187123016,24,1400,86635,3
DEQ,948847187125597,24,1400,80158,2
DEQ,948847187223697,24,1400,173051,1
DEQ,948847187224621,24,1400,171763,0
DEQ,948847193133145,24,1400,86098,3
DEQ,948847193135815,24,1400,82349,2
DEQ,948847193220324,24,1400,161158,1
DEQ,948847193221235,24,1400,160025,0
DEQ,948847199128378,24,1400,86602,3
DEQ,948847199131038,24,1400,81444,2
DEQ,948847199216172,24,1400,161334,1
DEQ,948847199217066,24,1400,160206,0
DEQ,948847205137703,24,1400,97969,3
DEQ,948847205140323,24,1400,91638,2
DEQ,948847205164679,24,1400,108734,4
DEQ,948847205272412,24,1400,214390,3
DEQ,948847205275027,24,1400,130378,2
DEQ,948847205283123,24,1400,130720,1
DEQ,948847205370939,24,1400,216456,0
DEQ,948847211145008,24,1400,104380,0
DEQ,948847225335568,24,1400,108594,3
DEQ,948847225338355,24,1400,103612,2
DEQ,948847225356526,24,1400,115264,3
DEQ,948847225435477,24,1400,191806,4
DEQ,948847225436357,24,1400,92509,3
DEQ,948847225453580,24,1400,101873,4
DEQ,948847225564084,24,1400,205683,3
DEQ,948847225654903,24,1400,294293,2
DEQ,948847225657553,24,1400,216303,1
DEQ,948847225742832,24,1400,293719,1
DEQ,948847225746157,24,1400,84462,0
DEQ,948847230972239,24,1400,43466,3
DEQ,948847231018844,24,1400,81533,2
DEQ,948847231070034,24,1400,127447,2
DEQ,948847231110336,24,1400,165724,1
DEQ,948847231155108,24,1400,134278,0
DEQ,948847237014490,24,1400,41434,3
DEQ,948847237053942,24,1400,74939,2
DEQ,948847237094237,24,1400,109822,1
DEQ,948847237137615,24,1400,150896,0
DEQ,948847243149952,24,1400,111138,0
DEQ,948847252409187,24,1400,96704,1
DEQ,948847252411977,24,1400,91537,0
DEQ,948847257151672,24,1400,103239,3
DEQ,948847257154330,24,1400,98365,2
DEQ,948847257178906,24,1400,116720,3
DEQ,948847257273805,24,1400,209182,2
DEQ,948847257274708,24,1400,114990,1
DEQ,948847257366137,24,1400,202109,0
DEQ,948847264332899,24,1400,105407,3
DEQ,948847264335717,24,1400,100839,2
DEQ,948847264353894,24,1400,112349,3
DEQ,948847264440182,24,1400,195982,4
DEQ,948847264441050,24,1400,99726,3
DEQ,948847264457701,24,1400,108529,4
DEQ,948847264558648,24,1400,202798,3
DEQ,948847264654867,24,1400,296761,2
DEQ,948847264657531,24,1400,207739,1
DEQ,948847264747503,24,1400,293554,0
DEQ,948847269152673,24,1400,108515,1
DEQ,948847269155593,24,1400,103245,0
DEQ,948847275162326,24,1400,98843,3
DEQ,948847275165137,24,1400,94920,2
DEQ,948847275248126,24,1400,171723,3
DEQ,948847275248967,24,1400,170123,2
DEQ,948847275328740,24,1400,158017,3
DEQ,948847275331360,24,1400,156487,2
DEQ,948847275422809,24,1400,169072,1
DEQ,948847275425420,24,1400,167698,0
DEQ,948847292452820,24,1400,114793,3
DEQ,948847292455448,24,1400,108313,2
DEQ,948847292475480,24,1400,123067,3
DEQ,948847292591963,24,1400,237179,2
DEQ,948847292594597,24,1400,134247,1
DEQ,948847292595066,24,1400,130757,0
DEQ,948847297088754,24,1400,44410,3
DEQ,948847297127654,24,1400,73848,2
DEQ,948847297232613,24,1400,173360,4
DEQ,948847297235236,24,1400,173810,3
DEQ,948847297314601,24,1400,185030,2
DEQ,948847297317274,24,1400,183830,1
DEQ,948847297396750,24,1400,261629,0
DEQ,948847303129579,24,1400,86361,3
DEQ,948847303132250,24,1400,81477,2
DEQ,948847303224520,24,1400,168349,1
DEQ,948847303225403,24,1400,167141,0
DEQ,948847309131848,24,1400,89172,3
DEQ,948847309134435,24,1400,82159,2
DEQ,948847309233809,24,1400,176253,1
DEQ,948847309234739,24,1400,175016,0
DEQ,948847315140250,24,1400,100105,1
DEQ,948847315142873,24,1400,93294,0
DEQ,948847322463357,24,1400,89878,3
DEQ,948847322465970,24,1400,84679,2
DEQ,948847322552013,24,1400,165513,1
DEQ,948847322552903,24,1400,164209,0
DEQ,948847327088228,24,1400,100624,4
DEQ,948847327174120,24,1400,177805,3
DEQ,948847327194530,24,1400,192942,4
DEQ,948847327313663,24,1400,307189,3
DEQ,948847327316305,24,1400,307621,2
DEQ,948847327414222,24,1400,235109,1
DEQ,948847327416896,24,1400,233683,0
DEQ,948847333135971,24,1400,101773,1
DEQ,948847333220266,24,1400,176866,0
DEQ,948847339136001,24,1400,93436,3
DEQ,948847339138583,24,1400,86813,2
DEQ,948847339161793,24,1400,104933,3
DEQ,948847339252041,24,1400,192840,2
DEQ,948847339252955,24,1400,109650,1
DEQ,948847339264870,24,1400,107450,0
DEQ,948847345158972,24,1400,103627,3
DEQ,948847345162124,24,1400,99701,2
DEQ,948847345179920,24,1400,111083,3
DEQ,948847345276348,24,1400,204752,2
DEQ,948847345277304,24,1400,105909,1
DEQ,948847345354561,24,1400,178934,0
DEQ,948847351144840,24,1400,105105,1
DEQ,948847351147414,24,1400,99444,0
DEQ,948847357147301,24,1400,98213,4
DEQ,948847357232876,24,1400,175080,3
DEQ,948847357234046,24,1400,172185,2
DEQ,948847357255056,24,1400,187961,4
DEQ,948847357338510,24,1400,269288,3
DEQ,948847357341188,24,1400,102818,2
DEQ,948847357341673,24,1400,95857,1
DEQ,948847357435030,24,1400,182974,0
DEQ,948847363124120,24,1400,103654,1
DEQ,948847363126715,24,1400,96755,0
DEQ,948847369098006,24,1400,105581,4
DEQ,948847369121574,24,1400,115175,3
DEQ,948847369191720,24,1400,183175,2
DEQ,948847369237857,24,1400,225077,1
DEQ,948847369279936,24,1400,265300,0
DEQ,948847375157536,24,1400,107047,3
DEQ,948847375160349,24,1400,101738,2
DEQ,948847375182359,24,1400,117197,4
DEQ,948847375259615,24,1400,192168,3
DEQ,948847375260492,24,1400,91680,2
DEQ,948847375359251,24,1400,182159,2
DEQ,948847375361948,24,1400,182773,1
DEQ,948847375442539,24,1400,177626,0
DEQ,948847381123380,24,1400,104561,1
DEQ,948847381126208,24,1400,100569,0
DEQ,948847395823550,24,1400,104523,3
DEQ,948847395826146,24,1400,99171,2
DEQ,948847395828093,24,1400,94116,1
DEQ,948847395943500,24,1400,206947,2
DEQ,948847395944508,24,1400,111939,1
DEQ,948847396039996,24,1400,203161,0
DEQ,948847401148268,24,1400,103685,1
DEQ,948847401150876,24,1400,96787,0
DEQ,948847409315622,24,1400,103993,3
DEQ,948847409318271,24,1400,97876,2
DEQ,948847409396977,24,1400,171137,1
DEQ,948847409467574,24,1400,239676,0
DEQ,948847415140869,24,1400,93304,3
DEQ,948847415224808,24,1400,168356,4
DEQ,948847415225726,24,1400,163631,3
DEQ,948847415327770,24,1400,263541,4
DEQ,948847415330690,24,1400,182938,3
DEQ,948847415346945,24,1400,195265,4
DEQ,948847415429370,24,1400,198573,3
DEQ,948847415432368,24,1400,191110,2
DEQ,948847415518376,24,1400,182717,2
DEQ,948847415520982,24,1400,178249,1
DEQ,948847415604206,24,1400,167638,0
DEQ,948847421109443,24,1400,99766,1
DEQ,948847421196871,24,1400,177997,0
DEQ,948847435320616,24,1400,99053,4
DEQ,948847435323225,24,1400,88343,3
DEQ,948847435407873,24,1400,170942,4
DEQ,948847435408757,24,1400,167494,3
DEQ,948847435425272,24,1400,182008,4
DEQ,948847435513457,24,1400,185392,3
DEQ,948847435516024,24,1400,183872,2
DEQ,948847435617916,24,1400,204221,3
DEQ,948847435621443,24,1400,200254,2
DEQ,948847435700192,24,1400,179430,2
DEQ,948847435703159,24,1400,173586,1
DEQ,948847435789224,24,1400,164070,0
DEQ,948847441110771,24,1400,100294,1
DEQ,948847441197747,24,1400,177577,0
DEQ,948847447074663,24,1400,110670,4
DEQ,948847447077152,24,1400,105025,3
DEQ,948847447078663,24,1400,101362,2
DEQ,948847447187951,24,1400,205718,1
DEQ,948847447188940,24,1400,204668,0
DEQ,948847453112641,24,1400,95406,1
DEQ,948847453119576,24,1400,93687,0
DEQ,948847465816380,24,1400,97802,3
DEQ,948847465819050,24,1400,91658,2
DEQ,948847465898050,24,1400,164846,3
DEQ,948847465898900,24,1400,163518,2
DEQ,948847465922541,24,1400,98720,3
DEQ,948847466003570,24,1400,175925,4
DEQ,948847466006212,24,1400,102461,3
DEQ,948847466101065,24,1400,193382,2
DEQ,948847466103899,24,1400,177257,1
DEQ,948847466189821,24,1400,260953,0
DEQ,948847471137735,24,1400,91856,3
DEQ,948847471140337,24,1400,85786,2
DEQ,948847471160165,24,1400,100345,3
DEQ,948847471267119,24,1400,205175,2
DEQ,948847471269707,24,1400,124653,1
DEQ,948847471334992,24,1400,186075,0
DEQ,948847482518964,24,1400,106210,1
DEQ,948847482521607,24,1400,99684,0
DEQ,948847487141896,24,1400,95773,4
DEQ,948847487144485,24,1400,85586,3
DEQ,948847487166835,24,1400,105519,4
DEQ,948847487292258,24,1400,226689,3
DEQ,948847487294804,24,1400,227144,2
DEQ,948847487295290,24,1400,145938,1
DEQ,948847487296891,24,1400,134564,0
DEQ,948847493137082,24,1400,119351,3
DEQ,948847493229216,24,1400,192261,2
DEQ,948847493307410,24,1400,264303,1
DEQ,948847493321051,24,1400,275699,0
DEQ,948847499128826,24,1400,92265,2
DEQ,948847499131991,24,1400,82369,1
DEQ,948847499224349,24,1400,172497,0
DEQ,948847505127480,24,1400,105618,1
DEQ,948847505130108,24,1400,98707,0
DEQ,948847511146664,24,1400,94865,3
DEQ,948847511150015,24,1400,90066,2
DEQ,948847511248721,24,1400,182966,3
DEQ,948847511249585,24,1400,181707,2
DEQ,948847511273516,24,1400,119564,3
DEQ,948847511368449,24,1400,210521,2
DEQ,948847511371125,24,1400,116585,1
DEQ,948847511387961,24,1400,129376,1
DEQ,948847511483461,24,1400,108003,0
DEQ,948847522531203,24,1400,98969,1
DEQ,948847522533831,24,1400,92499,0
DEQ,948847527136883,24,1400,90967,3
DEQ,948847527139506,24,1400,84674,2
DEQ,948847527162426,24,1400,102422,3
DEQ,948847527279876,24,1400,217589,4
DEQ,948847527282546,24,1400,138269,3
DEQ,948847527283038,24,1400,125495,2
DEQ,948847527345153,24,1400,180791,1
DEQ,948847527347818,24,1400,181151,0
DEQ,948847533115015,24,1400,97606,2
DEQ,948847533117652,24,1400,93736,1
DEQ,948847533129764,24,1400,101445,0
DEQ,948847539150950,24,1400,97853,3
DEQ,948847539153727,24,1400,93460,2
DEQ,948847539242807,24,1400,175529,1
DEQ,948847539243670,24,1400,173731,0
DEQ,948847545158986,24,1400,106300,2
DEQ,948847545162009,24,1400,95870,1
DEQ,948847545184614,24,1400,115740,3
DEQ,948847545265598,24,1400,94866,4
DEQ,948847545350529,24,1400,171491,3
DEQ,948847545430932,24,1400,249722,2
DEQ,948847545444856,24,1400,258215,1
DEQ,948847545589266,24,1400,399962,0
DEQ,948847551135973,24,1400,101559,1
DEQ,948847551223567,24,1400,180286,0
DEQ,948847565311217,24,1400,90484,3
DEQ,948847565313865,24,1400,84078,2
DEQ,948847565331237,24,1400,96044,3
DEQ,948847565446629,24,1400,209254,4
DEQ,948847565449194,24,1400,126764,3
DEQ,948847565465771,24,1400,139471,4
DEQ,948847565546027,24,1400,212987,3
DEQ,948847565633047,24,1400,297804,2
DEQ,948847565649039,24,1400,194716,2
DEQ,948847565753557,24,1400,295170,1
DEQ,948847565756308,24,1400,113391,0
DEQ,948847569649513,24,1400,91578,3
DEQ,948847569652079,24,1400,83289,2
DEQ,948847569734502,24,1400,160237,1
DEQ,948847569735350,24,1400,158961,0
DEQ,948847582571758,24,1400,117010,0
DEQ,948847587143473,24,1400,93260,3
DEQ,948847587146932,24,1400,88365,2
DEQ,948847587239596,24,1400,175927,3
DEQ,948847587240473,24,1400,174716,2
DEQ,948847587321892,24,1400,170930,3
DEQ,948847587324524,24,1400,169258,2
DEQ,948847587405974,24,1400,160549,1
DEQ,948847587408593,24,1400,159113,0
DEQ,948847593118035,24,1400,97470,1
DEQ,948847593120663,24,1400,93568,0
DEQ,948847599137553,24,1400,90260,3
DEQ,948847599140116,24,1400,84403,2
DEQ,948847599163100,24,1400,101733,3
DEQ,948847599263624,24,1400,200127,4
DEQ,948847599264562,24,1400,119388,3
DEQ,948847599344342,24,1400,186015,2
DEQ,948847599370751,24,1400,206169,2
DEQ,948847599502031,24,1400,335333,1
DEQ,948847599504690,24,1400,153772,0
DEQ,948847614319853,24,1400,115211,1
DEQ,948847614408572,24,1400,194761,0
DEQ,948847619128273,24,1400,90943,3
DEQ,948847619147143,24,1400,100965,4
DEQ,948847619264655,24,1400,212694,3
DEQ,948847619267314,24,1400,213319,2
DEQ,948847619283781,24,1400,148619,3
DEQ,948847619381841,24,1400,239628,2
DEQ,948847619384477,24,1400,112042,1
DEQ,948847619465074,24,1400,188750,0
DEQ,948847625006434,24,1400,67972,3
DEQ,948847625078598,24,1400,133559,2
DEQ,948847625118178,24,1400,158005,4
DEQ,948847625167611,24,1400,205147,3
DEQ,948847625268910,24,1400,187404,2
DEQ,948847625272328,24,1400,173586,1
DEQ,948847625284180,24,1400,180152,0
DEQ,948847631128656,24,1400,105907,1
DEQ,948847631131523,24,1400,100859,0
DEQ,948847637142614,24,1400,97396,2
DEQ,948847637145314,24,1400,92190,1
DEQ,948847637239916,24,1400,180592,0
DEQ,948847643125017,24,1400,91363,3
DEQ,948847643212062,24,1400,170334,2
DEQ,948847643212961,24,1400,165641,1
DEQ,948847643280885,24,1400,231450,0
DEQ,948847649109172,24,1400,98945,1
DEQ,948847649197897,24,1400,179384,0
DEQ,948847655136631,24,1400,90357,2
DEQ,948847655139533,24,1400,79655,1
DEQ,948847655159864,24,1400,97878,3
DEQ,948847655257253,24,1400,113561,4
DEQ,948847655258369,24,1400,107247,3
DEQ,948847655340417,24,1400,187319,2
DEQ,948847655343034,24,1400,181122,1
DEQ,948847655422152,24,1400,257946,1
DEQ,948847655504168,24,1400,156833,0
DEQ,948847662600125,24,1400,107568,1
DEQ,948847662691073,24,1400,189844,0
DEQ,948847667124287,24,1400,88922,3
DEQ,948847667126913,24,1400,82808,2
DEQ,948847667147492,24,1400,97177,2
DEQ,948847667243736,24,1400,191323,1
DEQ,948847667244614,24,1400,113503,0
DEQ,948847673120539,24,1400,94945,1
DEQ,948847673123105,24,1400,91101,0
DEQ,948847685322806,24,1400,107598,3
DEQ,948847685325635,24,1400,101110,2
DEQ,948847685327559,24,1400,97622,1
DEQ,948847685428013,24,1400,195845,4
DEQ,948847685428918,24,1400,96610,3
DEQ,948847685498029,24,1400,161528,2
DEQ,948847685501105,24,1400,159067,1
DEQ,948847685585051,24,1400,240988,0
DEQ,948847691147528,24,1400,103703,3
DEQ,948847691150631,24,1400,99025,2
DEQ,948847691175614,24,1400,116727,2
DEQ,948847691270336,24,1400,208801,1
DEQ,948847691271241,24,1400,115855,0
DEQ,948847697146451,24,1400,99592,3
DEQ,948847697149521,24,1400,94946,2
DEQ,948847697251127,24,1400,190021,1
DEQ,948847697252054,24,1400,188185,0
DEQ,948847703126714,24,1400,106275,1
DEQ,948847703129812,24,1400,101932,0
DEQ,948847709149215,24,1400,101098,3
DEQ,948847709152048,24,1400,96182,2
DEQ,948847709169713,24,1400,107134,3
DEQ,948847709276980,24,1400,211992,2
DEQ,948847709278304,24,1400,120860,1
DEQ,948847709374241,24,1400,212613,0
DEQ,948847714999501,24,84,28450,2
DEQ,948847715103752,24,1400,112256,1
DEQ,948847715181063,24,1400,186740,0
DEQ,948847722628913,24,1400,106991,3
DEQ,948847722632020,24,1400,101297,2
DEQ,948847722637589,24,1400,102063,1
DEQ,948847722783413,24,1400,245067,0
DEQ,948847727160006,24,1400,105600,3
DEQ,948847727163150,24,1400,101944,2
DEQ,948847727181015,24,1400,113053,3
DEQ,948847727277242,24,1400,206713,2
DEQ,948847727278110,24,1400,105601,1
DEQ,948847727366722,24,1400,190333,0
DEQ,948847733136098,24,1400,106010,1
DEQ,948847733230861,24,1400,194041,0
DEQ,948847755800072,24,1400,94866,3
DEQ,948847755824831,24,1400,112965,4
DEQ,948847755907891,24,1400,189736,3
DEQ,948847755911327,24,1400,190893,2
DEQ,948847755927853,24,1400,119170,1
DEQ,948847755969926,24,1400,150626,4
DEQ,948847756076399,24,1400,142176,3
DEQ,948847756079689,24,1400,139966,2
DEQ,948847756081635,24,1400,136352,1
DEQ,948847756158557,24,1400,211088,0
DEQ,948847761110787,24,1400,98822,2
DEQ,948847761113424,24,1400,92502,1
DEQ,948847761202777,24,1400,177609,0
DEQ,948847767182423,24,1400,122979,3
DEQ,948847767185064,24,1400,116963,2
DEQ,948847767268634,24,1400,195291,1
DEQ,948847767269531,24,1400,194046,0
DEQ,948847773115749,24,1400,89470,3
DEQ,948847773118348,24,1400,82911,2
DEQ,948847773196962,24,1400,155435,1
DEQ,948847773286062,24,1400,242497,0
DEQ,948847779160283,24,1400,113994,3
DEQ,948847779164003,24,1400,109733,2
DEQ,948847779164491,24,1400,103016,1
DEQ,948847779257512,24,1400,193216,2
DEQ,948847779258803,24,1400,80612,1
DEQ,948847779341094,24,1400,156795,1
DEQ,948847779343780,24,1400,74820,0
DEQ,948847785156658,24,1400,106842,4
DEQ,948847785252925,24,1400,195942,3
DEQ,948847785254746,24,1400,191563,2
DEQ,948847785389854,24,1400,321497,2
DEQ,948847785392545,24,1400,321588,1
DEQ,948847785462476,24,1400,204088,0
DEQ,948847791124505,24,1400,98650,3
DEQ,948847791127319,24,1400,93674,2
DEQ,948847791139964,24,1400,99586,1
DEQ,948847791279791,24,1400,236726,0
DEQ,948847805311981,24,1400,97073,3
DEQ,948847805314662,24,1400,89823,2
DEQ,948847805335335,24,1400,104725,4
DEQ,948847805428864,24,1400,196194,3
DEQ,948847805429831,24,1400,110817,2
DEQ,948847805431321,24,1400,101121,1
DEQ,948847805521718,24,1400,189382,0
DEQ,948847811131664,24,1400,90712,2
DEQ,948847811135037,24,1400,85100,1
DEQ,948847811234577,24,1400,178481,0
DEQ,948847824313406,24,1400,110697,1
DEQ,948847824400189,24,1400,188458,0
STATS,948847824415252,0,0,4158,4158,0,0,0
DEQ,948847829180639,24,1400,120987,3
DEQ,948847829183467,24,1400,116922,2
DEQ,948847829183933,24,1400,111475,1
DEQ,948847829209895,24,1400,135205,4
DEQ,948847829323275,24,1400,134254,3
DEQ,948847829326037,24,1400,133082,2
DEQ,948847829334082,24,1400,136253,1
DEQ,948847829440870,24,1400,240965,0
DEQ,948847845816224,24,1400,96253,3
DEQ,948847845818830,24,1400,90353,2
DEQ,948847845901282,24,1400,166877,3
DEQ,948847845902128,24,1400,165633,2
DEQ,948847845997579,24,1400,173449,3
DEQ,948847846000215,24,1400,172133,2
DEQ,948847846076589,24,1400,169299,3
DEQ,948847846079232,24,1400,161949,2
DEQ,948847846171942,24,1400,166835,3
DEQ,948847846174610,24,1400,165659,2
DEQ,948847846252685,24,1400,168412,2
DEQ,948847846255342,24,1400,162076,1
DEQ,948847846263288,24,1400,84241,0
DEQ,948847851139151,24,1400,95398,4
DEQ,948847851141696,24,1400,83709,3
DEQ,948847851236479,24,1400,176227,2
DEQ,948847851237398,24,1400,172909,1
DEQ,948847851237870,24,1400,171376,0
DEQ,948847851348444,24,1400,105946,0
DEQ,948847864322584,24,1400,118178,1
DEQ,948847864325257,24,1400,111353,0
DEQ,948847869137651,24,1400,90508,3
DEQ,948847869140272,24,1400,84527,2
DEQ,948847869167078,24,1400,106089,4
DEQ,948847869255383,24,1400,192167,3
DEQ,948847869256308,24,1400,111724,2
DEQ,948847869257842,24,1400,95663,1
DEQ,948847869356701,24,1400,192278,0
DEQ,948847875123129,24,1400,100483,1
DEQ,948847875125730,24,1400,96566,0
DEQ,948847881141806,24,1400,96272,3
DEQ,948847881144361,24,1400,90216,2
DEQ,948847881167428,24,1400,108274,3
DEQ,948847881268655,24,1400,207328,4
DEQ,948847881271233,24,1400,122037,3
DEQ,948847881271729,24,1400,109129,2
DEQ,948847881292101,24,1400,123177,2
DEQ,948847881368132,24,1400,197451,1
DEQ,948847881370771,24,1400,94616,0
DEQ,948847892211885,24,1400,120737,0
DEQ,948847897132105,24,1400,106984,1
DEQ,948847897134861,24,1400,101678,0
DEQ,948847903153846,24,1400,98326,3
DEQ,948847903156632,24,1400,94149,2
DEQ,948847903173730,24,1400,104531,3
DEQ,948847903291404,24,1400,219562,2
DEQ,948847903368407,24,1400,206549,1
DEQ,948847903371057,24,1400,201537,0
DEQ,948847909152243,24,1400,99365,3
DEQ,948847909155070,24,1400,94364,2
DEQ,948847909169616,24,1400,102652,2
DEQ,948847909278708,24,1400,209390,1
DEQ,948847909279601,24,1400,119877,0
DEQ,948847915327914,24,1400,117791,3
DEQ,948847915330526,24,1400,111568,2
DEQ,948847915415331,24,1400,190933,1
DEQ,948847915416200,24,1400,189597,0
DEQ,948847921101423,24,1400,89809,0
DEQ,948847927136826,24,1400,90986,3
DEQ,948847927139495,24,1400,85230,2
DEQ,948847927162385,24,1400,102500,3
DEQ,948847927249728,24,1400,187682,2
DEQ,948847927250616,24,1400,106156,1
DEQ,948847927335868,24,1400,177989,0
DEQ,948847933111285,24,1400,100080,1
DEQ,948847933203596,24,1400,182983,0
DEQ,948847939130982,24,1400,88994,3
DEQ,948847939133623,24,1400,83038,2
DEQ,948847939224575,24,1400,169113,1
DEQ,948847939225470,24,1400,167451,0
DEQ,948847944995630,24,1400,61408,3
DEQ,948847945031090,24,1400,88531,4
DEQ,948847945072185,24,1400,120973,3
DEQ,948847945120316,24,1400,167004,4
DEQ,948847945155974,24,1400,157146,3
DEQ,948847945191869,24,1400,189381,2
DEQ,948847945236269,24,1400,162519,1
DEQ,948847945275212,24,1400,199489,0
DEQ,948847950950270,24,1400,44216,2
DEQ,948847950996435,24,1400,76939,2
DEQ,948847951043756,24,1400,122012,1
DEQ,948847951091986,24,1400,138558,0
DEQ,948847962068657,24,1400,46019,4
DEQ,948847962152913,24,1400,121810,3
DEQ,948847962198534,24,1400,158495,4
DEQ,948847962240058,24,1400,193980,3
DEQ,948847962300182,24,1400,251649,2
DEQ,948847962348825,24,1400,193939,1
DEQ,948847962388898,24,1400,231687,0
DEQ,948847966951871,24,1400,44466,3
DEQ,948847966996394,24,1400,78974,4
DEQ,948847967043948,24,1400,121268,3
DEQ,948847967084024,24,1400,159145,2
DEQ,948847967124325,24,1400,169643,1
DEQ,948847967192213,24,1400,235438,0
DEQ,948847972950612,24,1400,45190,3
DEQ,948847972989552,24,1400,73733,2
DEQ,948847973031141,24,1400,109951,1
DEQ,948847973072973,24,1400,149717,0
DEQ,948847984279174,24,1400,47934,3
DEQ,948847984372812,24,1400,133571,2
DEQ,948847984373709,24,1400,124442,1
DEQ,948847984397703,24,1400,142555,3
DEQ,948847984480597,24,1400,100871,2
DEQ,948847984483270,24,1400,95450,1
DEQ,948847984484826,24,1400,94743,0
DEQ,948847984585833,24,1400,97277,0
DEQ,948847989103134,24,1400,88477,1
DEQ,948847989193587,24,1400,170467,0
DEQ,948847995120512,24,1400,94017,3
DEQ,948847995123141,24,1400,89864,2
DEQ,948847995212749,24,1400,173924,1
DEQ,948847995213676,24,1400,172593,0
DEQ,948848001112497,24,1400,92908,3
DEQ,948848001115117,24,1400,88042,2
DEQ,948848001199994,24,1400,166976,1
DEQ,948848001202592,24,1400,167529,0
DEQ,948848007110598,24,1400,92478,3
DEQ,948848007113174,24,1400,86599,2
DEQ,948848007199619,24,1400,167098,3
DEQ,948848007200433,24,1400,165642,2
DEQ,948848007282611,24,1400,164700,1
DEQ,948848007285289,24,1400,158813,0
DEQ,948848013083031,24,1400,100458,2
DEQ,948848013102139,24,1400,110725,2
DEQ,948848013141184,24,1400,144146,1
DEQ,948848013184521,24,1400,95188,0
DEQ,948848019143162,24,1400,100285,2
DEQ,948848019146129,24,1400,88709,1
DEQ,948848019232615,24,1400,172481,0
DEQ,948848025129628,24,1400,102480,3
DEQ,948848025132396,24,1400,97594,2
DEQ,948848025153838,24,1400,111780,4
DEQ,948848025226360,24,1400,181935,3
DEQ,948848025227253,24,1400,86613,2
DEQ,948848025352810,24,1400,204421,1
DEQ,948848025355461,24,1400,204764,0
DEQ,948848031065717,24,1400,43277,0
DEQ,948848042271946,24,1400,101782,1
DEQ,948848042274760,24,1400,97583,0
DEQ,948848047175166,24,1400,109042,3
DEQ,948848047177568,24,1400,104985,2
DEQ,948848047179315,24,1400,101026,1
DEQ,948848047273735,24,1400,193202,4
DEQ,948848047274603,24,1400,91350,3
DEQ,948848047299736,24,1400,112448,4
DEQ,948848047378183,24,1400,185056,3
DEQ,948848047380797,24,1400,185539,2
DEQ,948848047454064,24,1400,174330,1
DEQ,948848047456708,24,1400,160815,0
DEQ,948848053117950,24,1400,96872,0
DEQ,948848059142754,24,1400,96193,3
DEQ,948848059145390,24,1400,89647,2
DEQ,948848059168038,24,1400,106756,3
DEQ,948848059268653,24,1400,205105,4
DEQ,948848059269645,24,1400,119443,3
DEQ,948848059271028,24,1400,107839,2
DEQ,948848059361949,24,1400,192484,1
DEQ,948848059364592,24,1400,193269,0
DEQ,948848099772833,24,1400,86655,1
DEQ,948848099775402,24,1400,80160,0
DEQ,948848105101287,24,1400,44992,3
DEQ,948848105232098,24,1400,167683,4
DEQ,948848105235308,24,1400,164613,3
DEQ,948848105244396,24,1400,171333,2
DEQ,948848105360418,24,1400,254768,3
DEQ,948848105363046,24,1400,255027,2
DEQ,948848105448463,24,1400,197265,3
DEQ,948848105466608,24,1400,210954,4
DEQ,948848105607732,24,1400,239883,3
DEQ,948848105610399,24,1400,238641,2
DEQ,948848105706860,24,1400,251672,4
DEQ,948848105792699,24,1400,330237,3
DEQ,948848105795207,24,1400,180602,2
DEQ,948848105796730,24,1400,168102,1
DEQ,948848105915300,24,1400,284617,2
DEQ,948848105998344,24,1400,197761,2
DEQ,948848106001394,24,1400,196929,1
DEQ,948848106014535,24,1400,92845,0
DEQ,948848111105131,24,1400,91884,3
DEQ,948848111107717,24,1400,85216,2
DEQ,948848111211249,24,1400,183185,1
DEQ,948848111212091,24,1400,181491,0
DEQ,948848117107617,24,1400,91204,2
DEQ,948848117110213,24,1400,84642,1
DEQ,948848117202752,24,1400,172839,0
DEQ,948848123097342,24,1400,85390,1
DEQ,948848123188527,24,1400,167960,0
DEQ,948848129110984,24,1400,92277,3
DEQ,948848129113554,24,1400,85380,2
DEQ,948848129202134,24,1400,166949,1
DEQ,948848129202993,24,1400,165599,0
DEQ,948848135115087,24,1400,94004,3
DEQ,948848135117685,24,1400,87470,2
DEQ,948848135210496,24,1400,174785,3
DEQ,948848135211299,24,1400,173373,2
DEQ,948848135295924,24,1400,173210,1
DEQ,948848135298538,24,1400,171747,0
DEQ,948848141124062,24,1400,110799,1
DEQ,948848141217660,24,1400,195526,0
DEQ,948848155357780,24,1400,132865,3
DEQ,948848155360458,24,1400,127551,2
DEQ,948848155378184,24,1400,138216,3
DEQ,948848155461350,24,1400,218679,4
DEQ,948848155462140,24,1400,93026,3
DEQ,948848155585322,24,1400,211913,4
DEQ,948848155588133,24,1400,208120,3
DEQ,948848155588897,24,1400,206646,2
DEQ,948848155668974,24,1400,201932,3
DEQ,948848155675076,24,1400,204127,2
DEQ,948848155676492,24,1400,82033,1
DEQ,948848155761650,24,1400,159868,0
DEQ,948848161121769,24,1400,98268,3
DEQ,948848161124352,24,1400,93383,2
DEQ,948848161244865,24,1400,207498,1
DEQ,948848161245974,24,1400,206352,0
DEQ,948848172324558,24,1400,116908,1
DEQ,948848172327214,24,1400,111395,0
DEQ,948848177141750,24,1400,93854,3
DEQ,948848177144341,24,1400,87954,2
DEQ,948848177167097,24,1400,105107,3
DEQ,948848177254721,24,1400,190350,4
DEQ,948848177255608,24,1400,106467,3
DEQ,948848177330174,24,1400,168309,2
DEQ,948848177332835,24,1400,163972,1
DEQ,948848177415822,24,1400,244901,0
DEQ,948848183114887,24,1400,89509,3
DEQ,948848183117509,24,1400,85621,2
DEQ,948848183201183,24,1400,163642,1
DEQ,948848183202053,24,1400,162278,0
DEQ,948848189113965,24,1400,95516,3
DEQ,948848189116562,24,1400,90362,2
DEQ,948848189206019,24,1400,173615,3
DEQ,948848189206968,24,1400,172341,2
DEQ,948848189290953,24,1400,169344,1
DEQ,948848189293549,24,1400,167761,0
DEQ,948848195114878,24,1400,91556,2
DEQ,948848195117436,24,1400,85025,1
DEQ,948848195212692,24,1400,174862,0
DEQ,948848216317078,24,1400,97645,3
DEQ,948848216323179,24,1400,95217,2
DEQ,948848216324827,24,1400,90772,1
DEQ,948848216432155,24,1400,195861,3
DEQ,948848216433266,24,1400,105075,2
DEQ,948848216527858,24,1400,191792,3
DEQ,948848216530487,24,1400,191751,2
DEQ,948848216544810,24,1400,106425,2
DEQ,948848216646972,24,1400,204493,1
DEQ,948848216649620,24,1400,114690,0
DEQ,948848221113303,24,1400,99933,1
DEQ,948848221197678,24,1400,175471,0
DEQ,948848237363702,24,1400,99744,3
DEQ,948848237366361,24,1400,92496,2
DEQ,948848237384043,24,1400,104465,3
DEQ,948848237475475,24,1400,193774,4
DEQ,948848237476348,24,1400,104995,3
DEQ,948848237583668,24,1400,204728,4
DEQ,948848237586344,24,1400,200587,3
DEQ,948848237674773,24,1400,286743,4
DEQ,948848237677385,24,1400,195698,3
DEQ,948848237759436,24,1400,273541,2
DEQ,948848237762122,24,1400,170891,1
DEQ,948848237844193,24,1400,248920,0
DEQ,948848243108797,24,1400,99710,3
DEQ,948848243202884,24,1400,184961,2
DEQ,948848243203775,24,1400,178719,1
DEQ,948848243309203,24,1400,281993,0
DEQ,948848249119739,24,1400,103507,4
DEQ,948848249127675,24,1400,102632,3
DEQ,948848249257558,24,1400,228412,4
DEQ,948848249260160,24,1400,225237,3
DEQ,948848249322009,24,1400,284945,2
DEQ,948848249324593,24,1400,193176,1
DEQ,948848249414948,24,1400,279340,0
DEQ,948848255123408,24,1400,98580,0
DEQ,948848265345037,24,1400,113082,3
DEQ,948848265347747,24,1400,108474,2
DEQ,948848265372451,24,1400,125325,3
DEQ,948848265463028,24,1400,213290,4
DEQ,948848265463922,24,1400,110645,3
DEQ,948848265532312,24,1400,165105,2
DEQ,948848265535182,24,1400,160897,1
DEQ,948848265622585,24,1400,246093,1
DEQ,948848265625208,24,1400,85403,0
DEQ,948848270952715,24,1400,44570,1
DEQ,948848270992367,24,1400,71345,1
DEQ,948848271043241,24,1400,87476,0
DEQ,948848277096250,24,1400,42289,4
DEQ,948848277137623,24,1400,69000,3
DEQ,948848277184538,24,1400,113390,2
DEQ,948848277217246,24,1400,140774,1
DEQ,948848277260743,24,1400,181846,0
DEQ,948848283131094,24,1400,107259,0
DEQ,948848302417783,24,1400,123119,2
DEQ,948848302420616,24,1400,112516,1
DEQ,948848302443159,24,1400,132251,3
DEQ,948848302527952,24,1400,98983,4
DEQ,948848302528887,24,1400,91251,3
DEQ,948848302553507,24,1400,113601,2
DEQ,948848302592915,24,1400,148213,1
DEQ,948848302652662,24,1400,206132,0
DEQ,948848307159300,24,1400,103807,2
DEQ,948848307161968,24,1400,99028,1
DEQ,948848307183737,24,1400,114193,3
DEQ,948848307264523,24,1400,94314,2
DEQ,948848307287171,24,1400,108799,2
DEQ,948848307442662,24,1400,262147,1
DEQ,948848307445505,24,1400,176693,0
DEQ,948848313134756,24,1400,103244,1
DEQ,948848313137829,24,1400,94767,0
DEQ,948848322398786,24,1400,107453,3
DEQ,948848322401409,24,1400,101768,2
DEQ,948848322416290,24,1400,110258,2
DEQ,948848322527203,24,1400,219033,2
DEQ,948848322528409,24,1400,122642,1
DEQ,948848322614998,24,1400,197554,0
DEQ,948848327124173,24,1400,100552,3
DEQ,948848327126737,24,1400,90573,2
DEQ,948848327219372,24,1400,176268,1
DEQ,948848327220233,24,1400,174832,0
DEQ,948848333110075,24,1400,91513,1
DEQ,948848333112710,24,1400,80130,0
DEQ,948848339013958,24,1400,47290,3
DEQ,948848339107504,24,1400,134368,2
DEQ,948848339108468,24,1400,129658,1
DEQ,948848339185780,24,1400,204917,0
DEQ,948848345076837,24,1400,109124,3
DEQ,948848345079513,24,1400,104501,2
DEQ,948848345104139,24,1400,123015,3
DEQ,948848345193717,24,1400,209920,2
DEQ,948848345282754,24,1400,197469,1
DEQ,948848345362428,24,1400,262810,0
DEQ,948848351118986,24,1400,101325,1
DEQ,948848351122393,24,1400,97343,0
DEQ,948848357133159,24,1400,107505,3
DEQ,948848357139321,24,1400,105508,2
DEQ,948848357140963,24,1400,100191,1
DEQ,948848357282821,24,1400,239506,2
DEQ,948848357285336,24,1400,139810,1
DEQ,948848357287013,24,1400,137646,0
DEQ,948848357379127,24,1400,88540,0
DEQ,948848363121679,24,1400,99026,1
DEQ,948848363124488,24,1400,94117,0
DEQ,948848382417299,24,1400,108935,3
DEQ,948848382420465,24,1400,104610,2
DEQ,948848382421102,24,1400,99000,1
DEQ,948848382561140,24,1400,236392,4
DEQ,948848382563975,24,1400,136994,3
DEQ,948848382580403,24,1400,148704,4
DEQ,948848382657452,24,1400,220379,3
DEQ,948848382660122,24,1400,221006,2
DEQ,948848382676401,24,1400,104017,3
DEQ,948848382742013,24,1400,165670,2
DEQ,948848382830081,24,1400,161499,1
DEQ,948848382832712,24,1400,160197,0
DEQ,948848387106770,24,1400,90826,3
DEQ,948848387109303,24,1400,84775,2
DEQ,948848387131652,24,1400,101731,3
DEQ,948848387221158,24,1400,189130,2
DEQ,948848387222080,24,1400,107949,1
DEQ,948848387306633,24,1400,179427,0
DEQ,948848393118219,24,1400,100404,1
DEQ,948848393121544,24,1400,97071,0
DEQ,948848405316254,24,1400,100408,2
DEQ,948848405318922,24,1400,89424,1
DEQ,948848405348621,24,1400,117126,3
DEQ,948848405461261,24,1400,138045,4
DEQ,948848405463901,24,1400,132665,3
DEQ,948848405476135,24,1400,143095,2
DEQ,948848405560319,24,1400,209295,1
DEQ,948848405563061,24,1400,209730,0
DEQ,948848411110774,24,1400,89827,3
DEQ,948848411113400,24,1400,83813,2
DEQ,948848411205301,24,1400,170723,2
DEQ,948848411206174,24,1400,169557,1
DEQ,948848411298345,24,1400,180518,0
DEQ,948848422370866,24,1400,87779,1
DEQ,948848422455991,24,1400,164150,0
DEQ,948848427120033,24,1400,93025,3
DEQ,948848427122662,24,1400,87358,2
DEQ,948848427140266,24,1400,99126,3
DEQ,948848427254809,24,1400,211629,4
DEQ,948848427257468,24,1400,129852,3
DEQ,948848427332942,24,1400,201402,2
DEQ,948848427335574,24,1400,193646,1
DEQ,948848427407697,24,1400,263877,0
DEQ,948848442428463,24,1400,118822,1
DEQ,948848442431090,24,1400,112013,0
DEQ,948848447145701,24,1400,99112,4
DEQ,948848447148306,24,1400,87223,3
DEQ,948848447173882,24,1400,110475,4
DEQ,948848447286787,24,1400,219028,3
DEQ,948848447289411,24,1400,219715,2
DEQ,948848447305451,24,1400,152177,3
DEQ,948848447380028,24,1400,222754,2
DEQ,948848447466948,24,1400,169227,1
DEQ,948848447469646,24,1400,168003,0
DEQ,948848453113662,24,1400,91417,2
DEQ,948848453116262,24,1400,87421,1
DEQ,948848453198523,24,1400,163896,0
DEQ,948848459114928,24,1400,93327,3
DEQ,948848459117498,24,1400,87424,2
DEQ,948848459199429,24,1400,163669,3
DEQ,948848459200322,24,1400,162429,2
DEQ,948848459270971,24,1400,148734,1
DEQ,948848459273554,24,1400,147147,0
DEQ,948848465002108,24,1400,63233,3
DEQ,948848465106532,24,1400,160159,2
DEQ,948848465117773,24,1400,165339,1
DEQ,948848465214607,24,1400,259918,0
DEQ,948848471119204,24,1400,100841,1
DEQ,948848471121922,24,1400,95795,0
DEQ,948848477135368,24,1400,107072,3
DEQ,948848477156312,24,1400,116240,4
DEQ,948848477287615,24,1400,240709,3
DEQ,948848477313222,24,1400,263957,4
DEQ,948848477387263,24,1400,244643,3
DEQ,948848477481237,24,1400,334125,2
DEQ,948848477568285,24,1400,273925,1
DEQ,948848477570953,24,1400,261787,0
DEQ,948848483124028,24,1400,98186,1
DEQ,948848483126627,24,1400,93106,0
DEQ,948848489115051,24,1400,91060,3
DEQ,948848489117643,24,1400,84412,2
DEQ,948848489197847,24,1400,158917,1
DEQ,948848489266705,24,1400,225527,0
DEQ,948848495117344,24,1400,90767,3
DEQ,948848495119967,24,1400,85005,2
DEQ,948848495140779,24,1400,100215,3
DEQ,948848495257663,24,1400,214978,4
DEQ,948848495260267,24,1400,135312,3
DEQ,948848495350645,24,1400,221736,2
DEQ,948848495353260,24,1400,210743,1
DEQ,948848495436495,24,1400,292017,0
DEQ,948848501118135,24,1400,107757,0
DEQ,948848515319697,24,1400,95001,3
DEQ,948848515322413,24,1400,89840,2
DEQ,948848515422991,24,1400,183642,3
DEQ,948848515424106,24,1400,182652,2
DEQ,948848515426179,24,1400,92989,1
DEQ,948848515504072,24,1400,162202,4
DEQ,948848515506714,24,1400,69174,3
DEQ,948848515523288,24,1400,82918,4
DEQ,948848515600308,24,1400,156385,3
DEQ,948848515602889,24,1400,156592,2
DEQ,948848515693339,24,1400,177600,1
DEQ,948848515696142,24,1400,176684,0
DEQ,948848521111315,24,1400,90399,2
DEQ,948848521114118,24,1400,85452,1
DEQ,948848521200970,24,1400,166671,0
DEQ,948848527110086,24,1400,88659,3
DEQ,948848527112708,24,1400,82412,2
DEQ,948848527195444,24,1400,159476,1
DEQ,948848527196317,24,1400,158108,0
DEQ,948848533101848,24,1400,91115,3
DEQ,948848533104455,24,1400,84819,2
DEQ,948848533131255,24,1400,106441,2
DEQ,948848533236816,24,1400,209870,1
DEQ,948848533239587,24,1400,130945,0
DEQ,948848539114081,24,1400,91281,2
DEQ,948848539116633,24,1400,84506,1
DEQ,948848539137379,24,1400,100077,3
DEQ,948848539248518,24,1400,127598,2
DEQ,948848539251292,24,1400,122709,1
DEQ,948848539251764,24,1400,121017,0
DEQ,948848545109204,24,1400,90805,3
DEQ,948848545111782,24,1400,84570,2
DEQ,948848545207789,24,1400,175094,1
DEQ,948848545208967,24,1400,174126,0
DEQ,948848551111839,24,1400,100539,1
DEQ,948848551196764,24,1400,175571,0
DEQ,948848562467916,24,1400,94513,1
DEQ,948848562470699,24,1400,90412,0
DEQ,948848567157501,24,1400,107338,3
DEQ,948848567178133,24,1400,119454,4
DEQ,948848567299076,24,1400,232914,3
DEQ,948848567323952,24,1400,254959,4
DEQ,948848567408275,24,1400,243209,3
DEQ,948848567410981,24,1400,241404,2
DEQ,948848567425128,24,1400,119469,2
DEQ,948848567531666,24,1400,212553,1
DEQ,948848567534409,24,1400,115474,0
DEQ,948848569653696,24,1400,107715,1
DEQ,948848569656494,24,1400,101733,0
DEQ,948848575124078,24,1400,101558,3
DEQ,948848575126795,24,1400,95952,2
DEQ,948848575139204,24,1400,102886,1
DEQ,948848575266689,24,1400,228301,0
DEQ,948848581126993,24,1400,101292,1
DEQ,948848581130085,24,1400,95833,0
DEQ,948848587124625,24,1400,103795,3
DEQ,948848587128002,24,1400,98434,2
DEQ,948848587224547,24,1400,187760,1
DEQ,948848587225468,24,1400,185882,0
DEQ,948848593117564,24,1400,98763,1
DEQ,948848593120282,24,1400,93189,0
DEQ,948848602340881,24,1400,56727,3
DEQ,948848602380415,24,1400,87450,4
DEQ,948848602420306,24,1400,118144,3
DEQ,948848602460356,24,1400,156069,4
DEQ,948848602500113,24,1400,155884,3
DEQ,948848602539761,24,1400,193642,2
DEQ,948848602580687,24,1400,158704,2
DEQ,948848602581939,24,1400,157755,1
DEQ,948848602621581,24,1400,79227,0
DEQ,948848607154147,24,1400,107508,4
DEQ,948848607156911,24,1400,96954,3
DEQ,948848607246751,24,1400,184438,2
DEQ,948848607247651,24,1400,179926,1
DEQ,948848607343552,24,1400,273591,0
DEQ,948848613107373,24,1400,91350,2
DEQ,948848613109950,24,1400,78896,1
DEQ,948848613204280,24,1400,170882,0
DEQ,948848619109088,24,1400,91283,2
DEQ,948848619111677,24,1400,85119,1
DEQ,948848619204360,24,1400,172214,0
DEQ,948848625112285,24,1400,92660,3
DEQ,948848625114904,24,1400,86657,2
DEQ,948848625206829,24,1400,173425,3
DEQ,948848625282006,24,1400,246520,2
DEQ,948848625284609,24,1400,164946,1
DEQ,948848625298001,24,1400,169870,1
DEQ,948848625372464,24,1400,83597,0
DEQ,948848631112056,24,1400,99380,1
DEQ,948848631202644,24,1400,181259,0
DEQ,948848642497612,24,1400,102412,1
DEQ,948848642500248,24,1400,95748,0
DEQ,948848647136596,24,1400,91875,3
DEQ,948848647139192,24,1400,85632,2
DEQ,948848647159712,24,1400,101200,3
DEQ,948848647268670,24,1400,208076,4
DEQ,948848647269908,24,1400,125736,3
DEQ,948848647338078,24,1400,189929,2
DEQ,948848647340693,24,1400,179263,1
DEQ,948848647348631,24,1400,185085,0
DEQ,948848653117825,24,1400,101383,1
DEQ,948848653206838,24,1400,183848,0
DEQ,948848665826329,24,1400,100257,3
DEQ,948848665828950,24,1400,93609,2
DEQ,948848665916312,24,1400,175342,3
DEQ,948848665917214,24,1400,173964,2
DEQ,948848666006149,24,1400,172297,3
DEQ,948848666012331,24,1400,174529,2
DEQ,948848666013845,24,1400,91911,1
DEQ,948848666100498,24,1400,174549,4
DEQ,948848666103132,24,1400,85269,3
DEQ,948848666179904,24,1400,158084,2
DEQ,948848666195463,24,1400,168327,2
DEQ,948848666274998,24,1400,245874,1
DEQ,948848666277634,24,1400,88096,0
DEQ,948848671114700,24,1400,96030,3
DEQ,948848671117261,24,1400,90208,2
DEQ,948848671201087,24,1400,168149,1
DEQ,948848671201960,24,1400,166955,0
DEQ,948848682521219,24,1400,102540,1
DEQ,948848682523951,24,1400,97752,0
DEQ,948848687177039,24,1400,128075,3
DEQ,948848687179946,24,1400,118693,2
DEQ,948848687205962,24,1400,138740,4
DEQ,948848687325538,24,1400,256112,3
DEQ,948848687328172,24,1400,143732,2
DEQ,948848687328622,24,1400,135423,1
DEQ,948848687425215,24,1400,229570,1
DEQ,948848687427819,24,1400,94724,0
DEQ,948848693126643,24,1400,97145,2
DEQ,948848693129740,24,1400,92896,1
DEQ,948848693139307,24,1400,95416,0
DEQ,948848699136164,24,1400,106956,3
DEQ,948848699156256,24,1400,119103,4
DEQ,948848699283319,24,1400,239328,3
DEQ,948848699371123,24,1400,324509,2
DEQ,948848699373735,24,1400,229601,1
DEQ,948848699460716,24,1400,312004,0
DEQ,948848705315315,24,1400,118946,3
DEQ,948848705335886,24,1400,132272,4
DEQ,948848705471591,24,1400,260784,3
DEQ,948848705474222,24,1400,260696,2
DEQ,948848705565655,24,1400,242652,1
DEQ,948848705580190,24,1400,249226,0
DEQ,948848711115973,24,1400,91374,2
DEQ,948848711118554,24,1400,80200,1
DEQ,948848711210236,24,1400,169706,0
DEQ,948848716114397,24,84,150054,0
DEQ,948848717136712,24,1400,99311,4
DEQ,948848717223655,24,1400,177810,3
DEQ,948848717224503,24,1400,174757,2
DEQ,948848717305759,24,1400,250655,1
DEQ,948848717308377,24,1400,251109,0
DEQ,948848723107639,24,1400,88955,3
DEQ,948848723110210,24,1400,83368,2
DEQ,948848723199344,24,1400,167244,1
DEQ,948848723200241,24,1400,165850,0
DEQ,948848729089355,24,1400,81034,1
DEQ,948848729166653,24,1400,149216,0
DEQ,948848735118441,24,1400,95723,3
DEQ,948848735120924,24,1400,89722,2
DEQ,948848735207146,24,1400,170464,3
DEQ,948848735208229,24,1400,169282,2
DEQ,948848735291032,24,1400,164923,1
DEQ,948848735293635,24,1400,163514,0
DEQ,948848741110885,24,1400,94332,1
DEQ,948848741113416,24,1400,87084,0
DEQ,948848747099084,24,1400,86662,3
DEQ,948848747101710,24,1400,80830,2
DEQ,948848747128653,24,1400,102626,4
DEQ,948848747241626,24,1400,213536,3
DEQ,948848747244270,24,1400,138220,2
DEQ,948848747330179,24,1400,210768,1
DEQ,948848747332814,24,1400,211231,0
DEQ,948848753113120,24,1400,101017,1
DEQ,948848753202685,24,1400,181381,0
DEQ,948848759113322,24,1400,99765,4
DEQ,948848759199508,24,1400,177287,3
DEQ,948848759200494,24,1400,172925,2
DEQ,948848759202003,24,1400,169462,1
DEQ,948848759313514,24,1400,278894,0
DEQ,948848765122389,24,1400,105250,3
DEQ,948848765125229,24,1400,98083,2
DEQ,948848765211891,24,1400,178375,1
DEQ,948848765212851,24,1400,176562,0
DEQ,948848771120058,24,1400,102860,1
DEQ,948848771123982,24,1400,98885,0
DEQ,948848777111577,24,1400,91491,3
DEQ,948848777114189,24,1400,85462,2
DEQ,948848777203820,24,1400,169311,1
DEQ,948848777204695,24,1400,167838,0
DEQ,948848783103347,24,1400,89832,3
DEQ,948848783105950,24,1400,82475,2
DEQ,948848783184535,24,1400,155635,1
DEQ,948848783185496,24,1400,154427,0
DEQ,948848789115069,24,1400,93863,3
DEQ,948848789117694,24,1400,87134,2
DEQ,948848789138853,24,1400,102614,4
DEQ,948848789261106,24,1400,222653,3
DEQ,948848789263798,24,1400,141711,2
DEQ,948848789349245,24,1400,218929,1
DEQ,948848789351944,24,1400,219514,0
DEQ,948848795119456,24,1400,98947,2
DEQ,948848795122033,24,1400,87377,1
DEQ,948848795139611,24,1400,102847,1
DEQ,948848795244337,24,1400,118089,0
DEQ,948848801113112,24,1400,98652,1
DEQ,948848801119835,24,1400,95936,0
DEQ,948848807110936,24,1400,94154,3
DEQ,948848807113624,24,1400,88483,2
DEQ,948848807131834,24,1400,101122,3
DEQ,948848807223805,24,1400,191011,4
DEQ,948848807224821,24,1400,106016,3
DEQ,948848807302880,24,1400,176068,2
DEQ,948848807312880,24,1400,179286,1
DEQ,948848807464467,24,1400,328458,0
DEQ,948848813114745,24,1400,102097,1
DEQ,948848813200197,24,1400,178697,0
DEQ,948848819106108,24,1400,90590,3
DEQ,948848819108758,24,1400,83625,2
DEQ,948848819211965,24,1400,180334,1
DEQ,948848819212871,24,1400,178960,0
DEQ,948848825123501,24,1400,100684,3
DEQ,948848825162644,24,1400,130954,4
STATS,948848825238611,4,5600,4829,4825,0,0,0
DEQ,948848825246446,24,1400,202639,3
DEQ,948848825249726,24,1400,203716,2
DEQ,948848825332935,24,1400,202399,1
DEQ,948848825339858,24,1400,182762,0
DEQ,948848831123811,24,1400,109024,0
DEQ,948848837127529,24,1400,101066,3
DEQ,948848837130679,24,1400,96484,2
DEQ,948848837139804,24,1400,98778,1
DEQ,948848837284977,24,1400,240972,0
DEQ,948848843126514,24,1400,107515,1
DEQ,948848843129331,24,1400,101706,0
DEQ,948848849142749,24,1400,113777,3
DEQ,948848849145607,24,1400,108475,2
DEQ,948848849146141,24,1400,101820,1
DEQ,948848849234591,24,1400,187605,2
DEQ,948848849235451,24,1400,84551,1
DEQ,948848849324799,24,1400,166479,0
DEQ,948848855102483,24,1400,96402,3
DEQ,948848855105483,24,1400,92662,2
DEQ,948848855149086,24,1400,129925,1
DEQ,948848855204341,24,1400,182928,0
DEQ,948848861125910,24,1400,107892,1
DEQ,948848861128672,24,1400,102414,0
DEQ,948848867135789,24,1400,102624,3
DEQ,948848867155517,24,1400,114592,4
DEQ,948848867280645,24,1400,232536,3
DEQ,948848867347383,24,1400,297091,2
DEQ,948848867350031,24,1400,206365,1
DEQ,948848867446572,24,1400,298677,0
DEQ,948848873125653,24,1400,99316,3
DEQ,948848873128340,24,1400,93775,2
DEQ,948848873140643,24,1400,99060,1
DEQ,948848873276612,24,1400,232629,0
DEQ,948848879125758,24,1400,102332,1
DEQ,948848879128607,24,1400,96984,0
DEQ,948848885124149,24,1400,92418,3
DEQ,948848885126748,24,1400,86340,2
DEQ,948848885144147,24,1400,98439,3
DEQ,948848885258538,24,1400,210613,4
DEQ,948848885261244,24,1400,129511,3
DEQ,948848885344432,24,1400,205237,2
DEQ,948848885347137,24,1400,201410,1
DEQ,948848885347611,24,1400,199596,0
DEQ,948848885435776,24,1400,83615,0
DEQ,948848891109754,24,1400,94638,1
DEQ,948848891197658,24,1400,173900,0
DEQ,948848897114038,24,1400,96069,3
DEQ,948848897116592,24,1400,88737,2
DEQ,948848897200382,24,1400,167273,1
DEQ,948848897201256,24,1400,165884,0
DEQ,948848903115082,24,1400,96299,2
DEQ,948848903117688,24,1400,89531,1
DEQ,948848903206757,24,1400,174527,0
DEQ,948848915806937,24,1400,113987,4
DEQ,948848915809524,24,1400,102728,3
DEQ,948848915891230,24,1400,182157,4
DEQ,948848915892098,24,1400,178398,3
DEQ,948848915960220,24,1400,244608,2
DEQ,948848915962823,24,1400,148529,1
DEQ,948848916047439,24,1400,229238,0
DEQ,948848921109860,24,1400,90899,3
DEQ,948848921112391,24,1400,84123,2
DEQ,948848921203512,24,1400,169427,1
DEQ,948848921204447,24,1400,168227,0
DEQ,948848927115052,24,1400,93912,3
DEQ,948848927117814,24,1400,87101,2
DEQ,948848927225380,24,1400,189186,2
DEQ,948848927226266,24,1400,187950,1
DEQ,948848927311609,24,1400,189675,0
DEQ,948848933120511,24,1400,103696,1
DEQ,948848933127607,24,1400,101849,0
DEQ,948848939123499,24,1400,102864,3
DEQ,948848939126597,24,1400,96809,2
DEQ,948848939218529,24,1400,182605,1
DEQ,948848939219648,24,1400,181283,0
DEQ,948848945176268,24,1400,123286,3
DEQ,948848945179359,24,1400,118903,2
DEQ,948848945180078,24,1400,113167,1
DEQ,948848945273761,24,1400,204219,4
DEQ,948848945274625,24,1400,88828,3
DEQ,948848945366118,24,1400,175842,2
DEQ,948848945368915,24,1400,173176,1
DEQ,948848945455723,24,1400,257909,0
DEQ,948848952121630,24,1400,101593,1
DEQ,948848952124404,24,1400,95742,0
DEQ,948848957149045,24,1400,103136,3
DEQ,948848957151665,24,1400,98082,2
DEQ,948848957250216,24,1400,189434,1
DEQ,948848957251168,24,1400,187747,0
DEQ,948848972156494,24,1400,107459,1
DEQ,948848972247530,24,1400,190763,0
DEQ,948848977145474,24,1400,116048,4
DEQ,948848977156438,24,1400,111384,3
DEQ,948848977299257,24,1400,251518,4
DEQ,948848977388918,24,1400,336462,3
DEQ,948848977408384,24,1400,353190,4
DEQ,948848977553447,24,1400,392324,3
DEQ,948848977637489,24,1400,472087,2
DEQ,948848977729999,24,1400,333695,1
DEQ,948848977819104,24,1400,414910,0
DEQ,948848983104046,24,1400,89186,2
DEQ,948848983106714,24,1400,82781,1
DEQ,948848983195916,24,1400,166125,0
DEQ,948848995829868,24,1400,105381,3
DEQ,948848995832681,24,1400,100754,2
DEQ,948848995850273,24,1400,111138,3
DEQ,948848995933790,24,1400,192025,4
DEQ,948848995934721,24,1400,96245,3
DEQ,948848996045657,24,1400,202821,4
DEQ,948848996048347,24,1400,196253,3
DEQ,948848996126760,24,1400,272555,2
DEQ,948848996216798,24,1400,276985,1
DEQ,948848996219453,24,1400,275419,0
DEQ,948849001136205,24,1400,108237,4
DEQ,948849001230295,24,1400,193889,3
DEQ,948849001324842,24,1400,283425,2
DEQ,948849001327719,24,1400,279338,1
DEQ,948849001415481,24,1400,364414,0
DEQ,948849014312654,24,1400,129028,1
DEQ,948849014315315,24,1400,122682,0
DEQ,948849019116716,24,1400,91601,3
DEQ,948849019119450,24,1400,85341,2
DEQ,948849019139800,24,1400,100308,3
DEQ,948849019253525,24,1400,211797,2
DEQ,948849019256860,24,1400,132458,1
DEQ,948849019339046,24,1400,210797,0
DEQ,948849025114041,24,1400,88245,3
DEQ,948849025116608,24,1400,84294,2
DEQ,948849025194902,24,1400,156650,1
DEQ,948849025257394,24,1400,216983,0
DEQ,948849031115045,24,1400,95033,2
DEQ,948849031117609,24,1400,89182,1
DEQ,948849031201019,24,1400,167341,0
DEQ,948849037108447,24,1400,90811,3
DEQ,948849037111002,24,1400,85081,2
DEQ,948849037194731,24,1400,163029,2
DEQ,948849037195614,24,1400,161650,1
DEQ,948849037290313,24,1400,174957,1
DEQ,948849037292893,24,1400,92909,0
DEQ,948849043103411,24,1400,89754,2
DEQ,948849043106070,24,1400,78796,1
DEQ,948849043190947,24,1400,161557,0
DEQ,948849049101915,24,1400,91812,3
DEQ,948849049104487,24,1400,84974,2
DEQ,948849049207620,24,1400,182079,1
DEQ,948849049208480,24,1400,180684,0
DEQ,948849055115082,24,1400,89196,3
DEQ,948849055117650,24,1400,82691,2
DEQ,948849055196979,24,1400,156861,1
DEQ,948849055197827,24,1400,155540,0
DEQ,948849061045107,24,1400,106545,3
DEQ,948849061047674,24,1400,100296,2
DEQ,948849061131848,24,1400,179400,1
DEQ,948849061132700,24,1400,178067,0
DEQ,948849067114066,24,1400,94491,3
DEQ,948849067116610,24,1400,88699,2
DEQ,948849067195403,24,1400,161906,2
DEQ,948849067196222,24,1400,160589,1
DEQ,948849067263270,24,1400,142400,0
DEQ,948849073114245,24,1400,97401,1
DEQ,948849073116832,24,1400,90739,0
DEQ,948849079114674,24,1400,95547,3
DEQ,948849079117256,24,1400,88963,2
DEQ,948849079201031,24,1400,166202,1
DEQ,948849079201949,24,1400,164983,0
DEQ,948849085137948,24,1400,106839,3
DEQ,948849085140708,24,1400,102427,2
DEQ,948849085141262,24,1400,94408,1
DEQ,948849085282063,24,1400,232742,2
DEQ,948849085284575,24,1400,137385,1
DEQ,948849085286269,24,1400,134725,0
DEQ,948849091122201,24,1400,102773,0
DEQ,948849097127191,24,1400,103517,3
DEQ,948849097130270,24,1400,98659,2
DEQ,948849097139158,24,1400,100262,1
DEQ,948849097276570,24,1400,235211,0
DEQ,948849103143413,24,1400,115892,4
DEQ,948849103159148,24,1400,122962,3
DEQ,948849103299183,24,1400,258173,2
DEQ,948849103385741,24,1400,337644,1
DEQ,948849103470770,24,1400,419877,0
DEQ,948849109015303,24,1400,56322,3
DEQ,948849109151881,24,1400,183639,2
DEQ,948849109158039,24,1400,184314,1
DEQ,948849109159647,24,1400,183777,0
DEQ,948849115107410,24,1400,88220,2
DEQ,948849115110031,24,1400,77922,1
DEQ,948849115206016,24,1400,171647,0
DEQ,948849121073439,24,1400,118179,2
DEQ,948849121076502,24,1400,109941,1
DEQ,948849121107500,24,1400,138486,1
DEQ,948849121202946,24,1400,112548,0
DEQ,948849127124112,24,1400,102485,3
DEQ,948849127127252,24,1400,98014,2
DEQ,948849127224341,24,1400,188413,1
DEQ,948849127225396,24,1400,187145,0
DEQ,948849133126176,24,1400,108960,1
DEQ,948849133129191,24,1400,103258,0
DEQ,948849139124134,24,1400,100704,3
DEQ,948849139127231,24,1400,96220,2
DEQ,948849139140303,24,1400,102420,1
DEQ,948849139288317,24,1400,247667,0
DEQ,948849145147223,24,1400,118895,3
DEQ,948849145149697,24,1400,113394,2
DEQ,948849145151389,24,1400,108390,1
DEQ,948849145190033,24,1400,144354,2
DEQ,948849145280088,24,1400,124230,1
DEQ,948849145282740,24,1400,122591,0
DEQ,948849151105760,24,1400,90568,2
DEQ,948849151108422,24,1400,83002,1
DEQ,948849151192612,24,1400,161221,0
DEQ,948849157110189,24,1400,91010,3
DEQ,948849157112790,24,1400,84642,2
DEQ,948849157206880,24,1400,172894,1
DEQ,948849157207770,24,1400,171652,0
DEQ,948849163109287,24,1400,89720,3
DEQ,948849163111889,24,1400,83181,2
DEQ,948849163206181,24,1400,171871,1
DEQ,948849163207143,24,1400,170655,0
DEQ,948849169105914,24,1400,92396,3
DEQ,948849169108547,24,1400,85153,2
DEQ,948849169127707,24,1400,98090,2
DEQ,948849169255176,24,1400,223228,1
DEQ,948849169257861,24,1400,144950,0
DEQ,948849175296137,24,1400,105222,3
DEQ,948849175298787,24,1400,98752,2
DEQ,948849175395241,24,1400,189202,3
DEQ,948849175396112,24,1400,187868,2
DEQ,948849175397540,24,1400,93926,1
DEQ,948849175490772,24,1400,183256,0
DEQ,948849181109297,24,1400,89923,2
DEQ,948849181111953,24,1400,83272,1
DEQ,948849181197664,24,1400,163526,0
DEQ,948849192221751,24,1400,99290,1
DEQ,948849192224400,24,1400,92501,0
DEQ,948849197123055,24,1400,99713,4
DEQ,948849197125628,24,1400,87727,3
DEQ,948849197143044,24,1400,102948,4
DEQ,948849197241847,24,1400,197496,3
DEQ,948849197242726,24,1400,196224,2
DEQ,948849197243203,24,1400,112667,1
DEQ,948849197264165,24,1400,126205,1
DEQ,948849197359092,24,1400,111572,0
DEQ,948849203015733,24,1400,56898,3
DEQ,948849203150014,24,1400,182641,2
DEQ,948849203152646,24,1400,179806,1
DEQ,948849203157669,24,1400,182832,0
DEQ,948849209111444,24,1400,90597,3
DEQ,948849209114032,24,1400,84208,2
DEQ,948849209206079,24,1400,170623,3
DEQ,948849209206940,24,1400,169374,2
DEQ,948849209320874,24,1400,202085,1
DEQ,948849209324005,24,1400,196229,0
DEQ,948849225309426,24,1400,91740,3
DEQ,948849225312073,24,1400,85303,2
DEQ,948849225329659,24,1400,97067,3
DEQ,948849225444603,24,1400,209780,4
DEQ,948849225447286,24,1400,129981,3
DEQ,948849225463973,24,1400,139185,4
DEQ,948849225534672,24,1400,203243,3
DEQ,948849225544625,24,1400,210927,2
DEQ,948849225627230,24,1400,171202,1
DEQ,948849225630520,24,1400,170478,0
DEQ,948849231118184,24,1400,97711,1
DEQ,948849231120774,24,1400,91767,0
DEQ,948849242239272,24,1400,101721,1
DEQ,948849242325913,24,1400,179615,0
DEQ,948849247002516,24,1400,63487,3
DEQ,948849247108169,24,1400,160803,4
DEQ,948849247117415,24,1400,164636,3
DEQ,948849247160428,24,1400,205588,4
DEQ,948849247199908,24,1400,193828,3
DEQ,948849247255045,24,1400,246941,2
DEQ,948849247326865,24,1400,203809,1
DEQ,948849247375153,24,1400,247849,0
DEQ,948849253134767,24,1400,108195,1
DEQ,948849253137861,24,1400,104468,0
DEQ,948849259142338,24,1400,116961,3
DEQ,948849259144834,24,1400,111687,2
DEQ,948849259146502,24,1400,106096,1
DEQ,948849259253541,24,1400,210465,2
DEQ,948849259255942,24,1400,101851,1
DEQ,948849259343621,24,1400,178042,1
DEQ,948849259346241,24,1400,75683,0
DEQ,948849265120198,24,1400,98951,3
DEQ,948849265123043,24,1400,93602,2
DEQ,948849265209380,24,1400,173816,1
DEQ,948849265210249,24,1400,172325,0
DEQ,948849271127544,24,1400,102291,3
DEQ,948849271130627,24,1400,98027,2
DEQ,948849271145445,24,1400,105853,2
DEQ,948849271272545,24,1400,230280,1
DEQ,948849271275170,24,1400,135964,0
DEQ,948849277139603,24,1400,107102,3
DEQ,948849277142537,24,1400,102080,2
DEQ,948849277144678,24,1400,96877,1
DEQ,948849277267753,24,1400,217280,2
DEQ,948849277268688,24,1400,119065,1
DEQ,948849277359974,24,1400,198523,0
DEQ,948849283121421,24,1400,100389,1
DEQ,948849283124103,24,1400,95659,0
DEQ,948849289130545,24,1400,105932,3
DEQ,948849289137172,24,1400,104503,2
DEQ,948849289139192,24,1400,99246,1
DEQ,948849289273927,24,1400,231292,3
DEQ,948849289280168,24,1400,137192,2
DEQ,948849289281663,24,1400,130182,1
DEQ,948849289370757,24,1400,216717,0
DEQ,948849295122187,24,1400,103771,1
DEQ,948849295124854,24,1400,98292,0
DEQ,948849302269412,24,1400,104162,1
DEQ,948849302272205,24,1400,98978,0
DEQ,948849307073902,24,1400,42493,3
DEQ,948849307121371,24,1400,82672,4
DEQ,948849307203614,24,1400,158702,3
DEQ,948849307206237,24,1400,158985,2
DEQ,948849307228500,24,1400,149934,3
DEQ,948849307300304,24,1400,219405,2
DEQ,948849307393206,24,1400,181767,1
DEQ,948849307396020,24,1400,171619,0
DEQ,948849313111478,24,1400,88463,3
DEQ,948849313114062,24,1400,84348,2
DEQ,948849313200255,24,1400,164210,1
DEQ,948849313201162,24,1400,163052,0
DEQ,948849319114753,24,1400,95248,4
DEQ,948849319117305,24,1400,89078,3
DEQ,948849319202055,24,1400,169591,2
DEQ,948849319202943,24,1400,165122,1
DEQ,948849319270780,24,1400,230946,0
DEQ,948849325110771,24,1400,90898,2
DEQ,948849325113366,24,1400,84470,1
DEQ,948849325206832,24,1400,172332,1
DEQ,948849325207767,24,1400,90150,0
DEQ,948849325319905,24,1400,107649,0
DEQ,948849331110379,24,1400,89654,3
DEQ,948849331113010,24,1400,83031,2
DEQ,948849331206832,24,1400,171677,1
DEQ,948849331207698,24,1400,170345,0
DEQ,948849337107592,24,1400,92234,3
DEQ,948849337110216,24,1400,86141,2
DEQ,948849337197018,24,1400,167247,1
DEQ,948849337197900,24,1400,165981,0
DEQ,948849343101551,24,1400,88786,3
DEQ,948849343104171,24,1400,82707,2
DEQ,948849343219555,24,1400,192518,2
DEQ,948849343220592,24,1400,191517,1
DEQ,948849343222202,24,1400,113594,0
DEQ,948849349114679,24,1400,94543,3
DEQ,948849349117229,24,1400,87857,2
DEQ,948849349200379,24,1400,164751,1
DEQ,948849349201247,24,1400,163381,0
DEQ,948849355119573,24,1400,103460,1
DEQ,948849355129507,24,1400,104482,0
DEQ,948849362300874,24,1400,110943,3
DEQ,948849362303456,24,1400,104303,2
DEQ,948849362397773,24,1400,193256,3
DEQ,948849362398647,24,1400,191987,2
DEQ,948849362471986,24,1400,163402,1
DEQ,948849362474638,24,1400,162089,0
DEQ,948849367117519,24,1400,95646,4
DEQ,948849367120198,24,1400,84122,3
DEQ,948849367206839,24,1400,168379,2
DEQ,948849367207739,24,1400,165110,1
DEQ,948849367273246,24,1400,228828,0
DEQ,948849373116433,24,1400,90500,3
DEQ,948849373119050,24,1400,86712,2
DEQ,948849373140349,24,1400,102376,2
DEQ,948849373259198,24,1400,219069,1
DEQ,948849373261794,24,1400,138296,0
DEQ,948849378950032,24,1400,42950,3
DEQ,948849378996477,24,1400,80016,2
DEQ,948849379043170,24,1400,120840,1
DEQ,948849379090635,24,1400,166195,0
DEQ,948849385130278,24,1400,103177,3
DEQ,948849385132985,24,1400,98348,2
DEQ,948849385149999,24,1400,108452,3
DEQ,948849385247948,24,1400,203914,2
DEQ,948849385249051,24,1400,107423,1
DEQ,948849385317924,24,1400,172283,0
DEQ,948849391131075,24,1400,109347,1
DEQ,948849391133874,24,1400,100410,0
DEQ,948849405808756,24,1400,106288,3
DEQ,948849405828549,24,1400,118512,4
DEQ,948849405952839,24,1400,235555,3
DEQ,948849405955541,24,1400,235613,2
DEQ,948849406043001,24,1400,226956,3
DEQ,948849406045938,24,1400,225668,2
DEQ,948849406052042,24,1400,91861,1
DEQ,948849406132282,24,1400,168206,2
DEQ,948849406145974,24,1400,88432,1
DEQ,948849406291991,24,1400,230472,0
DEQ,948849411106751,24,1400,92165,3
DEQ,948849411109344,24,1400,85406,2
DEQ,948849411128589,24,1400,99191,2
DEQ,948849411229389,24,1400,197886,1
DEQ,948849411230387,24,1400,116717,0
DEQ,948849424280952,24,1400,99819,1
DEQ,948849424283562,24,1400,93478,0
DEQ,948849429116691,24,1400,92598,3
DEQ,948849429119309,24,1400,86170,2
DEQ,948849429142620,24,1400,103020,3
DEQ,948849429252584,24,1400,210691,4
DEQ,948849429254476,24,1400,130295,3
DEQ,948849429256173,24,1400,118517,2
DEQ,948849429368161,24,1400,223867,1
DEQ,948849429370912,24,1400,224482,0
DEQ,948849435105496,24,1400,87866,3
DEQ,948849435108137,24,1400,84140,2
DEQ,948849435129045,24,1400,99495,3
DEQ,948849435227023,24,1400,195276,2
DEQ,948849435227910,24,1400,114941,1
DEQ,948849435229340,24,1400,107562,0
DEQ,948849441111771,24,1400,99936,1
DEQ,948849441197664,24,1400,176612,0
DEQ,948849447110052,24,1400,93991,3
DEQ,948849447112613,24,1400,86947,2
DEQ,948849447129395,24,1400,98583,3
DEQ,948849447231664,24,1400,198679,2
DEQ,948849447232519,24,1400,114891,1
DEQ,948849447233008,24,1400,111404,0
DEQ,948849454305034,24,1400,114106,1
DEQ,948849454307617,24,1400,107973,0
DEQ,948849459110708,24,1400,99289,1
DEQ,948849459196771,24,1400,176604,0
DEQ,948849465119451,24,1400,91215,3
DEQ,948849465122027,24,1400,85534,2
DEQ,948849465139483,24,1400,96631,3
DEQ,948849465253590,24,1400,208546,4
DEQ,948849465256933,24,1400,130111,3
DEQ,948849465343339,24,1400,212605,4
DEQ,948849465346019,24,1400,205089,3
DEQ,948849465429232,24,1400,286155,2
DEQ,948849465431825,24,1400,170754,1
DEQ,948849465519867,24,1400,254982,0
DEQ,948849471108030,24,1400,98539,0
DEQ,948849477099835,24,1400,90698,3
DEQ,948849477102510,24,1400,83602,2
DEQ,948849477186710,24,1400,162418,1
DEQ,948849477187580,24,1400,161158,0
DEQ,948849483114773,24,1400,94963,3
DEQ,948849483117377,24,1400,88944,2
DEQ,948849483200346,24,1400,165909,1
DEQ,948849483201229,24,1400,164638,0
DEQ,948849489112168,24,1400,93085,3
DEQ,948849489114786,24,1400,86579,2
DEQ,948849489202200,24,1400,168836,1
DEQ,948849489203061,24,1400,167482,0
DEQ,948849495135674,24,1400,109025,3
DEQ,948849495228559,24,1400,193896,2
DEQ,948849495298469,24,1400,255776,1
DEQ,948849495381579,24,1400,336223,0
DEQ,948849501123702,24,1400,100874,3
DEQ,948849501126818,24,1400,96148,2
DEQ,948849501217727,24,1400,179758,1
DEQ,948849501218618,24,1400,177940,0
DEQ,948849507100484,24,1400,90005,1
DEQ,948849507193572,24,1400,175140,0
DEQ,948849513135686,24,1400,102743,3
DEQ,948849513138402,24,1400,96549,2
DEQ,948849513146620,24,1400,96711,1
DEQ,948849513258480,24,1400,206176,0
DEQ,948849519132228,24,1400,105900,2
DEQ,948849519138691,24,1400,96527,1
DEQ,948849519140750,24,1400,95694,0
DEQ,948849519246634,24,1400,101823,0
DEQ,948849535309294,24,1400,111065,3
DEQ,948849535406180,24,1400,199680,2
DEQ,948849535407078,24,1400,191663,1
DEQ,948849535433717,24,1400,215988,3
DEQ,948849535537667,24,1400,126429,4
DEQ,948849535540522,24,1400,120888,3
DEQ,948849535622480,24,1400,200499,2
DEQ,948849535625317,24,1400,187852,1
DEQ,948849535708427,24,1400,268848,0
DEQ,948849541111152,24,1400,95531,1
DEQ,948849541118059,24,1400,92735,0
DEQ,948849552361863,24,1400,89926,3
DEQ,948849552364488,24,1400,83685,2
DEQ,948849552448534,24,1400,162114,3
DEQ,948849552449423,24,1400,161024,2
DEQ,948849552525014,24,1400,155733,1
DEQ,948849552527646,24,1400,154391,0
DEQ,948849557114534,24,1400,91526,2
DEQ,948849557117154,24,1400,80717,1
DEQ,948849557199234,24,1400,160514,0
DEQ,948849563102450,24,1400,84094,2
DEQ,948849563124564,24,1400,99674,2
DEQ,948849563215572,24,1400,186350,1
DEQ,948849563216482,24,1400,107921,0
DEQ,948849569113345,24,1400,89861,3
DEQ,948849569115927,24,1400,83084,2
DEQ,948849569195508,24,1400,157435,2
DEQ,948849569263167,24,1400,222943,1
DEQ,948849569346557,24,1400,226408,0
DEQ,948849569570037,24,1400,93986,1
DEQ,948849569572688,24,1400,87926,0
DEQ,948849575112195,24,1400,101081,1
DEQ,948849575189896,24,1400,169387,0
DEQ,948849581113129,24,1400,100286,1
DEQ,948849581201611,24,1400,179421,0
DEQ,948849587105072,24,1400,89793,3
DEQ,948849587107672,24,1400,83610,2
DEQ,948849587190342,24,1400,160298,1
DEQ,948849587191218,24,1400,158937,0
DEQ,948849593107570,24,1400,89199,3
DEQ,948849593110134,24,1400,83322,2
DEQ,948849593205176,24,1400,173200,1
DEQ,948849593206117,24,1400,171949,0
DEQ,948849599117426,24,1400,98415,2
DEQ,948849599120026,24,1400,86769,1
DEQ,948849599201734,24,1400,166220,0
DEQ,948849605114216,24,1400,92266,3
DEQ,948849605116804,24,1400,85945,2
DEQ,948849605140838,24,1400,104672,4
DEQ,948849605254099,24,1400,215736,3
DEQ,948849605257384,24,1400,136273,2
DEQ,948849605342505,24,1400,210413,1
DEQ,948849605345105,24,1400,207313,0
DEQ,948849612385664,24,1400,99775,1
DEQ,948849612477600,24,1400,182528,0
DEQ,948849617134798,24,1400,109265,1
DEQ,948849617137801,24,1400,104812,0
DEQ,948849623121216,24,1400,99294,1
DEQ,948849623123833,24,1400,95315,0
DEQ,948849635282663,24,1400,96013,3
DEQ,948849635285302,24,1400,89590,2
DEQ,948849635385392,24,1400,183398,3
DEQ,948849635386415,24,1400,182328,2
DEQ,948849635403694,24,1400,113558,3
DEQ,948849635488479,24,1400,194392,4
DEQ,948849635579956,24,1400,188642,3
DEQ,948849635582562,24,1400,187068,2
DEQ,948849635590503,24,1400,183596,1
DEQ,948849635669928,24,1400,261030,0
DEQ,948849641107929,24,1400,102644,3
DEQ,948849641203385,24,1400,190571,2
DEQ,948849641204391,24,1400,184904,1
DEQ,948849641296334,24,1400,274611,0
DEQ,948849652409129,24,1400,103151,1
DEQ,948849652411775,24,1400,96479,0
DEQ,948849657112497,24,1400,91221,3
DEQ,948849657115080,24,1400,84753,2
DEQ,948849657139749,24,1400,103178,4
DEQ,948849657253486,24,1400,214709,3
DEQ,948849657256810,24,1400,137495,2
DEQ,948849657340048,24,1400,212488,1
DEQ,948849657342663,24,1400,213031,0
DEQ,948849663109811,24,1400,85304,3
DEQ,948849663112428,24,1400,81510,2
DEQ,948849663212804,24,1400,176469,1
DEQ,948849663213688,24,1400,175268,0
DEQ,948849669113317,24,1400,100313,1
DEQ,948849669198446,24,1400,176858,0
DEQ,948849675109829,24,1400,93869,3
DEQ,948849675112392,24,1400,88052,2
DEQ,948849675222058,24,1400,191357,3
DEQ,948849675222857,24,1400,189320,2
DEQ,948849675314165,24,1400,196888,1
DEQ,948849675316914,24,1400,190636,0
DEQ,948849681116331,24,1400,106675,1
DEQ,948849681130160,24,1400,111565,0
DEQ,948849687114614,24,1400,95785,4
DEQ,948849687117189,24,1400,88706,3
DEQ,948849687197958,24,1400,165389,2
DEQ,948849687198809,24,1400,161323,1
DEQ,948849687277420,24,1400,237711,0
DEQ,948849693107814,24,1400,89243,3
DEQ,948849693110435,24,1400,82190,2
DEQ,948849693198635,24,1400,165230,1
DEQ,948849693199471,24,1400,163979,0
DEQ,948849699123050,24,1400,102388,3
DEQ,948849699125813,24,1400,96539,2
DEQ,948849699217395,24,1400,180400,1
DEQ,948849699218357,24,1400,178606,0
DEQ,948849705096637,24,1400,85487,3
DEQ,948849705181706,24,1400,163885,2
DEQ,948849705192203,24,1400,164860,1
DEQ,948849705215670,24,1400,186180,3
DEQ,948849705309283,24,1400,107921,2
DEQ,948849705408818,24,1400,198615,1
DEQ,948849705411908,24,1400,199511,0
DEQ,948849717006335,24,84,138339,0
DEQ,948849717370832,24,1400,94766,1
DEQ,948849717475695,24,1400,191002,0
DEQ,948849732483214,24,1400,114182,1
DEQ,948849732485874,24,1400,107609,0
DEQ,948849737122351,24,1400,95684,4
DEQ,948849737202872,24,1400,162496,3
DEQ,948849737203761,24,1400,161142,2
DEQ,948849737296908,24,1400,250110,3
DEQ,948849737299529,24,1400,250755,2
DEQ,948849737315239,24,1400,106518,3
DEQ,948849737460954,24,1400,248236,2
DEQ,948849737463567,24,1400,159280,1
DEQ,948849737549049,24,1400,240921,0
DEQ,948849743131800,24,1400,109267,0
DEQ,948849749126403,24,1400,99880,3
DEQ,948849749129062,24,1400,94092,2
DEQ,948849749147084,24,1400,105801,3
DEQ,948849749234536,24,1400,190866,4
DEQ,948849749235404,24,1400,97513,3
DEQ,948849749330442,24,1400,188579,2
DEQ,948849749333089,24,1400,183832,1
DEQ,948849749338307,24,1400,186907,0
DEQ,948849749439070,24,1400,96770,0
DEQ,948849755099729,24,1400,87962,1
DEQ,948849755185899,24,1400,165102,0
DEQ,948849761115664,24,1400,93278,3
DEQ,948849761118246,24,1400,87138,2
DEQ,948849761197643,24,1400,159894,2
DEQ,948849761266685,24,1400,226852,1
DEQ,948849761353965,24,1400,231488,0
DEQ,948849767114773,24,1400,90954,3
DEQ,948849767117408,24,1400,84611,2
DEQ,948849767142469,24,1400,104437,3
DEQ,948849767246754,24,1400,206574,4
DEQ,948849767252826,24,1400,130718,3
DEQ,948849767254362,24,1400,116920,2
DEQ,948849767337940,24,1400,193561,2
DEQ,948849767340611,24,1400,194048,1
DEQ,948849767424090,24,1400,166032,0
DEQ,948849773118218,24,1400,100142,1
DEQ,948849773120887,24,1400,93910,0
DEQ,948849782465503,24,1400,101141,1
DEQ,948849782552546,24,1400,178725,0
DEQ,948849787124782,24,1400,95803,3
DEQ,948849787127397,24,1400,89669,2
DEQ,948849787145331,24,1400,102246,3
DEQ,948849787236195,24,1400,191020,4
DEQ,948849787237079,24,1400,104602,3
DEQ,948849787331707,24,1400,191715,4
DEQ,948849787334377,24,1400,187462,3
DEQ,948849787414632,24,1400,265821,2
DEQ,948849787417264,24,1400,175096,1
DEQ,948849787500799,24,1400,248122,1
DEQ,948849787503494,24,1400,82016,0
DEQ,948849793120413,24,1400,97201,1
DEQ,948849793123064,24,1400,93278,0
DEQ,948849802470124,24,1400,96333,2
DEQ,948849802472820,24,1400,85161,1
DEQ,948849802567828,24,1400,178002,3
DEQ,948849802568733,24,1400,91742,2
DEQ,948849802648730,24,1400,164137,1
DEQ,948849802658739,24,1400,172145,0
DEQ,948849807110823,24,1400,89107,3
DEQ,948849807113411,24,1400,83326,2
DEQ,948849807207989,24,1400,172267,3
DEQ,948849807286799,24,1400,248879,2
DEQ,948849807292848,24,1400,174585,1
DEQ,948849807294251,24,1400,166290,0
DEQ,948849813111005,24,1400,100503,1
DEQ,948849813200106,24,1400,180797,0
DEQ,948849825307604,24,1400,122951,4
DEQ,948849825318930,24,1400,106142,3
DEQ,948849825418139,24,1400,203289,4
STATS,948849825431746,4,5600,5484,5480,0,0,0
DEQ,948849825443964,24,1400,223911,3
DEQ,948849825486867,24,1400,264631,4
DEQ,948849825584985,24,1400,261350,3
DEQ,948849825587982,24,1400,258418,2
DEQ,948849825619191,24,1400,168624,3
DEQ,948849825690734,24,1400,235646,2
DEQ,948849825693869,24,1400,96646,1
DEQ,948849825796373,24,1400,194845,1
DEQ,948849825799462,24,1400,100567,0
DEQ,948849831101339,24,1400,98001,2
DEQ,948849831104644,24,1400,94558,1
DEQ,948849831196173,24,1400,179763,0
DEQ,948849842498615,24,1400,108323,1
DEQ,948849842501628,24,1400,101976,0
DEQ,948849847110859,24,1400,92782,3
DEQ,948849847113478,24,1400,86904,2
DEQ,948849847200391,24,1400,168955,3
DEQ,948849847201259,24,1400,167510,2
DEQ,948849847301946,24,1400,183772,2
DEQ,948849847304606,24,1400,177175,1
DEQ,948849847383907,24,1400,178398,0
DEQ,948849853110615,24,1400,87877,3
DEQ,948849853113253,24,1400,83436,2
DEQ,948849853206790,24,1400,170914,1
DEQ,948849853207714,24,1400,169600,0
DEQ,948849859109113,24,1400,88360,3
DEQ,948849859111708,24,1400,82695,2
DEQ,948849859197724,24,1400,163445,2
DEQ,948849859198594,24,1400,162098,1
DEQ,948849859277377,24,1400,161280,0
DEQ,948849865109782,24,1400,90459,3
DEQ,948849865112376,24,1400,84418,2
DEQ,948849865197497,24,1400,164288,3
DEQ,948849865198363,24,1400,162973,2
DEQ,948849865300780,24,1400,183660,1
DEQ,948849865384916,24,1400,259077,0
DEQ,948849871109767,24,1400,94518,1
DEQ,948849871195041,24,1400,171361,0
DEQ,948849885314780,24,1400,120648,3
DEQ,948849885317441,24,1400,114494,2
DEQ,948849885334415,24,1400,126222,3
DEQ,948849885454338,24,1400,243805,4
DEQ,948849885456981,24,1400,134606,3
DEQ,948849885528047,24,1400,201731,2
DEQ,948849885530722,24,1400,194555,1
DEQ,948849885599892,24,1400,261521,0
DEQ,948849891110002,24,1400,91062,3
DEQ,948849891112720,24,1400,84444,2
DEQ,948849891209403,24,1400,175833,1
DEQ,948849891210310,24,1400,174693,0
DEQ,948849912569538,24,1400,115214,3
DEQ,948849912590388,24,1400,127866,4
DEQ,948849912713336,24,1400,243497,3
DEQ,948849912716015,24,1400,243404,2
DEQ,948849912745395,24,1400,167854,3
DEQ,948849912838534,24,1400,256686,4
DEQ,948849912841216,24,1400,120340,3
DEQ,948849912924224,24,1400,194722,2
DEQ,948849912926883,24,1400,179003,1
DEQ,948849913005666,24,1400,255490,0
DEQ,948849924284110,24,1400,102446,1
DEQ,948849924286724,24,1400,96117,0
DEQ,948849929111415,24,1400,90129,3
DEQ,948849929114130,24,1400,84189,2
DEQ,948849929198407,24,1400,163150,3
DEQ,948849929215594,24,1400,178172,4
DEQ,948849929355908,24,1400,236691,3
DEQ,948849929356796,24,1400,233546,2
DEQ,948849929436650,24,1400,233255,3
DEQ,948849929437566,24,1400,230212,2
DEQ,948849929559411,24,1400,197713,2
DEQ,948849929635418,24,1400,269760,1
DEQ,948849929713211,24,1400,271165,0
DEQ,948849935117071,24,1400,88612,3
DEQ,948849935119753,24,1400,84718,2
DEQ,948849935140198,24,1400,99745,3
DEQ,948849935251385,24,1400,208734,2
DEQ,948849935254113,24,1400,129326,1
DEQ,948849935342286,24,1400,213537,0
DEQ,948849941110113,24,1400,99602,1
DEQ,948849941200040,24,1400,180544,0
DEQ,948849947118449,24,1400,103463,3
DEQ,948849947121770,24,1400,97138,2
DEQ,948849947206839,24,1400,176824,1
DEQ,948849947207709,24,1400,175403,0
DEQ,948849953098356,24,1400,86482,3
DEQ,948849953101023,24,1400,80207,2
DEQ,948849953182649,24,1400,156287,1
DEQ,948849953183518,24,1400,155051,0
DEQ,948849959109913,24,1400,91963,2
DEQ,948849959112596,24,1400,80777,1
DEQ,948849959200960,24,1400,166966,1
DEQ,948849959201840,24,1400,85098,0
DEQ,948849965114879,24,1400,109890,3
DEQ,948849965118119,24,1400,106386,2
DEQ,948849965137388,24,1400,119670,3
DEQ,948849965222169,24,1400,202120,2
DEQ,948849965223238,24,1400,93744,1
DEQ,948849965225001,24,1400,91676,0
DEQ,948849971093133,24,1400,80265,1
DEQ,948849971187177,24,1400,165795,0
DEQ,948849985818333,24,1400,119489,3
DEQ,948849985838567,24,1400,132410,4
DEQ,948849985957499,24,1400,244284,3
DEQ,948849985960275,24,1400,244408,2
DEQ,948849986050084,24,1400,220560,3
DEQ,948849986052690,24,1400,219165,2
DEQ,948849986057081,24,1400,91944,1
DEQ,948849986140073,24,1400,171037,1
DEQ,948849986142873,24,1400,80905,0
DEQ,948849986227371,24,1400,79851,0
DEQ,948849991127547,24,1400,104074,4
DEQ,948849991130316,24,1400,98829,3
DEQ,948849991227495,24,1400,191239,2
DEQ,948849991228392,24,1400,185876,1
DEQ,948849991228911,24,1400,184332,0
DEQ,948850022628636,24,1400,108633,3
DEQ,948850022631707,24,1400,104554,2
DEQ,948850022771392,24,1400,235850,4
DEQ,948850022774184,24,1400,235935,3
DEQ,948850022774685,24,1400,137850,2
DEQ,948850022873062,24,1400,228157,3
DEQ,948850022880220,24,1400,233066,2
DEQ,948850022957569,24,1400,177723,1
DEQ,948850022960330,24,1400,172549,0
DEQ,948850027114833,24,1400,100156,3
DEQ,948850027117552,24,1400,93359,2
DEQ,948850027134625,24,1400,104191,3
DEQ,948850027209697,24,1400,177143,4
DEQ,948850027210580,24,1400,88247,3
DEQ,948850027306679,24,1400,176820,2
DEQ,948850027309765,24,1400,173656,1
DEQ,948850027390308,24,1400,251988,1
DEQ,948850027393086,24,1400,79099,0
DEQ,948850045809450,24,1400,111168,3
DEQ,948850045828934,24,1400,122572,4
DEQ,948850045946497,24,1400,234709,3
DEQ,948850045949264,24,1400,235198,2
DEQ,948850046039353,24,1400,222830,3
DEQ,948850046042277,24,1400,221814,2
DEQ,948850046110989,24,1400,156653,2
DEQ,948850046113799,24,1400,155307,1
DEQ,948850046187319,24,1400,140429,0
DEQ,948850051123664,24,1400,98351,3
DEQ,948850051126567,24,1400,93647,2
DEQ,948850051215108,24,1400,175809,1
DEQ,948850051216019,24,1400,174337,0
DEQ,948850062609636,24,1400,104838,1
DEQ,948850062700867,24,1400,187657,0
DEQ,948850067135792,24,1400,104913,3
DEQ,948850067156025,24,1400,117262,4
DEQ,948850067280599,24,1400,234295,3
DEQ,948850067382719,24,1400,333925,4
DEQ,948850067385476,24,1400,242285,3
DEQ,948850067464173,24,1400,316606,2
DEQ,948850067478086,24,1400,190696,1
DEQ,948850067553223,24,1400,261737,0
DEQ,948850073121432,24,1400,104358,1
DEQ,948850073124130,24,1400,97816,0
DEQ,948850079114078,24,1400,94644,3
DEQ,948850079116782,24,1400,88974,2
DEQ,948850079200221,24,1400,167028,1
DEQ,948850079201096,24,1400,165815,0
DEQ,948850085116307,24,1400,95996,3
DEQ,948850085119043,24,1400,89951,2
DEQ,948850085146943,24,1400,112119,4
DEQ,948850085250797,24,1400,213801,3
DEQ,948850085253531,24,1400,130184,2
DEQ,948850085254043,24,1400,123152,1
DEQ,948850085329850,24,1400,196699,0
DEQ,948850091095668,24,1400,94329,1
DEQ,948850091098840,24,1400,90055,0
DEQ,948850097104707,24,1400,92487,3
DEQ,948850097107390,24,1400,86669,2
DEQ,948850097192210,24,1400,166003,1
DEQ,948850097193205,24,1400,164652,0
DEQ,948850103133250,24,1400,99778,3
DEQ,948850103135960,24,1400,94634,2
DEQ,948850103229817,24,1400,180822,1
DEQ,948850103230838,24,1400,179193,0
DEQ,948850109125150,24,1400,101836,1
DEQ,948850109128051,24,1400,97040,0
DEQ,948850117603539,24,1400,102627,1
DEQ,948850117606393,24,1400,97104,0
DEQ,948850123126779,24,1400,101789,3
DEQ,948850123129608,24,1400,96931,2
DEQ,948850123147551,24,1400,108067,3
DEQ,948850123272416,24,1400,230217,2
DEQ,948850123275365,24,1400,136574,1
DEQ,948850123283886,24,1400,140969,0
DEQ,948850132103329,24,1400,90168,3
DEQ,948850132106059,24,1400,83971,2
DEQ,948850132128368,24,1400,100672,3
DEQ,948850132249051,24,1400,219093,2
DEQ,948850132251914,24,1400,140854,1
DEQ,948850132269789,24,1400,149766,1
DEQ,948850132397247,24,1400,140907,0
DEQ,948850137137512,24,1400,91292,3
DEQ,948850137140275,24,1400,85371,2
DEQ,948850137157892,24,1400,97442,3
DEQ,948850137266205,24,1400,203559,4
DEQ,948850137267559,24,1400,122340,3
DEQ,948850137345151,24,1400,196071,2
DEQ,948850137347919,24,1400,188350,1
DEQ,948850137429807,24,1400,268138,0
DEQ,948850143113853,24,1400,97645,0
DEQ,948850155796736,24,1400,101558,3
DEQ,948850155824582,24,1400,120836,4
DEQ,948850155931113,24,1400,221458,3
DEQ,948850155933834,24,1400,221919,2
DEQ,948850155934322,24,1400,130716,1
DEQ,948850155960137,24,1400,141006,4
DEQ,948850156049987,24,1400,110636,3
DEQ,948850156052682,24,1400,109376,2
DEQ,948850156129240,24,1400,181132,1
DEQ,948850156131991,24,1400,181789,0
DEQ,948850161114938,24,1400,93200,4
DEQ,948850161117659,24,1400,86895,3
DEQ,948850161207608,24,1400,172624,2
DEQ,948850161208472,24,1400,168369,1
DEQ,948850161289809,24,1400,247624,0
DEQ,948850172098878,24,1400,88463,1
DEQ,948850172193344,24,1400,173783,0
DEQ,948850177114841,24,1400,100182,4
DEQ,948850177208583,24,1400,185610,3
DEQ,948850177209474,24,1400,180771,2
DEQ,948850177211149,24,1400,177853,1
DEQ,948850177329336,24,1400,294020,2
DEQ,948850177331912,24,1400,116458,1
DEQ,948850177333460,24,1400,113949,0
DEQ,948850183114088,24,1400,98385,3
DEQ,948850183116816,24,1400,92960,2
DEQ,948850183200235,24,1400,170888,1
DEQ,948850183201115,24,1400,169587,0
DEQ,948850189109177,24,1400,89555,3
DEQ,948850189111918,24,1400,83786,2
DEQ,948850189198465,24,1400,164572,2
DEQ,948850189199290,24,1400,163216,1
DEQ,948850189263208,24,1400,146995,0
DEQ,948850195117121,24,1400,103622,1
DEQ,948850195208383,24,1400,186261,0
DEQ,948850205200915,24,1400,46757,4
DEQ,948850205338581,24,1400,164034,3
DEQ,948850205342119,24,1400,156849,2
DEQ,948850205378469,24,1400,188623,3
DEQ,948850205457413,24,1400,265421,2
DEQ,948850205460268,24,1400,108544,1
DEQ,948850205474208,24,1400,115170,1
DEQ,948850205555731,24,1400,87641,0
DEQ,948850211125641,24,1400,106905,1
DEQ,948850211128606,24,1400,101475,0
DEQ,948850222152228,24,1400,108335,1
DEQ,948850222155087,24,1400,103520,0
DEQ,948850227101277,24,1400,84576,2
DEQ,948850227104115,24,1400,72270,1
DEQ,948850227181586,24,1400,147247,3
DEQ,948850227184468,24,1400,76088,2
DEQ,948850227263021,24,1400,147028,3
DEQ,948850227265834,24,1400,147727,2
DEQ,948850227345767,24,1400,156527,3
DEQ,948850227348620,24,1400,149638,2
DEQ,948850227440739,24,1400,170137,1
DEQ,948850227443616,24,1400,169200,0
DEQ,948850233118841,24,1400,92753,3
DEQ,948850233121561,24,1400,86565,2
DEQ,948850233139050,24,1400,98676,2
DEQ,948850233271885,24,1400,229348,1
DEQ,948850233274686,24,1400,148859,0
DEQ,948850239118804,24,1400,98741,1
DEQ,948850239121591,24,1400,92781,0
DEQ,948850245108378,24,1400,92352,3
DEQ,948850245111140,24,1400,86730,2
DEQ,948850245243053,24,1400,212560,2
DEQ,948850245245796,24,1400,213002,1
DEQ,948850245316476,24,1400,201102,0
DEQ,948850251109960,24,1400,91599,3
DEQ,948850251112630,24,1400,85887,2
DEQ,948850251207718,24,1400,175321,1
DEQ,948850251208934,24,1400,174319,0
DEQ,948850257127419,24,1400,101269,3
DEQ,948850257130172,24,1400,95132,2
DEQ,948850257147531,24,1400,105625,3
DEQ,948850257271607,24,1400,227571,4
DEQ,948850257274333,24,1400,135829,3
DEQ,948850257282573,24,1400,140105,2
DEQ,948850257373119,24,1400,223888,1
DEQ,948850257375842,24,1400,224483,0
DEQ,948850263110812,24,1400,96062,1
DEQ,948850263117957,24,1400,93897,0
DEQ,948850269136876,24,1400,121158,1
DEQ,948850269139567,24,1400,114640,0
DEQ,948850275118202,24,1400,93557,3
DEQ,948850275120936,24,1400,87218,2
DEQ,948850275138262,24,1400,98772,3
DEQ,948850275260149,24,1400,218514,4
DEQ,948850275262892,24,1400,136981,3
DEQ,948850275333653,24,1400,203790,2
DEQ,948850275336416,24,1400,196229,1
DEQ,948850275421485,24,1400,279180,0
DEQ,948850281111191,24,1400,92667,2
DEQ,948850281113977,24,1400,81365,1
DEQ,948850281200157,24,1400,165225,1
DEQ,948850281201041,24,1400,82935,0
DEQ,948850295308440,24,1400,112428,4
DEQ,948850295404594,24,1400,193771,3
DEQ,948850295405514,24,1400,191933,2
DEQ,948850295483063,24,1400,261969,1
DEQ,948850295486042,24,1400,262202,0
DEQ,948850301124062,24,1400,100392,1
DEQ,948850301126802,24,1400,95312,0
DEQ,948850307108339,24,1400,92240,3
DEQ,948850307111097,24,1400,85759,2
DEQ,948850307132133,24,1400,100750,4
DEQ,948850307220992,24,1400,187430,3
DEQ,948850307221861,24,1400,106433,2
DEQ,948850307306148,24,1400,179559,1
DEQ,948850307308937,24,1400,180182,0
DEQ,948850313056268,24,1400,44973,0
DEQ,948850322193345,24,1400,108964,1
DEQ,948850322196114,24,1400,102711,0
DEQ,948850327114940,24,1400,102224,1
DEQ,948850327210864,24,1400,189386,0
DEQ,948850333126052,24,1400,89707,3
DEQ,948850333128814,24,1400,85898,2
DEQ,948850333221150,24,1400,172609,3
DEQ,948850333221993,24,1400,171306,2
DEQ,948850333318974,24,1400,185230,3
DEQ,948850333321738,24,1400,176775,2
DEQ,948850333338587,24,1400,111734,3
DEQ,948850333482597,24,1400,251574,2
DEQ,948850333485443,24,1400,158783,1
DEQ,948850333569871,24,1400,239321,0
DEQ,948850339107772,24,1400,89801,2
DEQ,948850339110519,24,1400,78069,1
DEQ,948850339205033,24,1400,170401,0
DEQ,948850345106328,24,1400,90385,3
DEQ,948850345131070,24,1400,105827,4
DEQ,948850345225920,24,1400,194579,3
DEQ,948850345226852,24,1400,193376,2
DEQ,948850345344031,24,1400,230643,1
DEQ,948850345346824,24,1400,223705,0
DEQ,948850351117207,24,1400,104421,2
DEQ,948850351120498,24,1400,94881,1
DEQ,948850351135542,24,1400,107725,1
DEQ,948850351215863,24,1400,86955,0
DEQ,948850357122173,24,1400,101518,3
DEQ,948850357125063,24,1400,96262,2
DEQ,948850357213405,24,1400,178646,1
DEQ,948850357214260,24,1400,177122,0
DEQ,948850363121405,24,1400,101875,2
DEQ,948850363124363,24,1400,90314,1
DEQ,948850363215808,24,1400,179428,0
DEQ,948850369126379,24,1400,102040,1
DEQ,948850369129049,24,1400,95143,0
DEQ,948850375113133,24,1400,98296,3
DEQ,948850375116189,24,1400,92871,2
DEQ,948850375198470,24,1400,169627,3
DEQ,948850375199322,24,1400,168128,2
DEQ,948850375284987,24,1400,163887,3
DEQ,948850375287732,24,1400,162670,2
DEQ,948850375369946,24,1400,165837,1
DEQ,948850375372662,24,1400,164602,0
DEQ,948850381108069,24,1400,96264,2
DEQ,948850381110789,24,1400,89860,1
DEQ,948850381200000,24,1400,174803,0
DEQ,948850387116556,24,1400,94638,3
DEQ,948850387119317,24,1400,88476,2
DEQ,948850387205484,24,1400,169450,3
DEQ,948850387206337,24,1400,168103,2
DEQ,948850387284141,24,1400,159763,1
DEQ,948850387286928,24,1400,158606,0
DEQ,948850393111109,24,1400,99545,1
DEQ,948850393188947,24,1400,168419,0
DEQ,948850399116591,24,1400,94596,3
DEQ,948850399119313,24,1400,88761,2
DEQ,948850399207032,24,1400,170958,3
DEQ,948850399207931,24,1400,169755,2
DEQ,948850399291820,24,1400,167484,1
DEQ,948850399294596,24,1400,166063,0
DEQ,948850405117813,24,1400,105081,1
DEQ,948850405207506,24,1400,185783,0
DEQ,948850415229920,24,1400,93167,3
DEQ,948850415232700,24,1400,87124,2
DEQ,948850415259398,24,1400,107602,4
DEQ,948850415374645,24,1400,220662,3
DEQ,948850415377426,24,1400,140399,2
DEQ,948850415465700,24,1400,211601,1
DEQ,948850415468504,24,1400,212106,0
DEQ,948850421104971,24,1400,88952,3
DEQ,948850421107743,24,1400,83377,2
DEQ,948850421197799,24,1400,167812,1
DEQ,948850421198686,24,1400,166464,0
DEQ,948850432217603,24,1400,101778,1
DEQ,948850432305951,24,1400,181068,0
DEQ,948850437114781,24,1400,91276,3
DEQ,948850437117473,24,1400,85581,2
DEQ,948850437142066,24,1400,104291,3
DEQ,948850437236087,24,1400,196185,2
DEQ,948850437237010,24,1400,114653,1
DEQ,948850437242138,24,1400,104514,0
DEQ,948850443107526,24,1400,98318,2
DEQ,948850443192630,24,1400,176250,1
DEQ,948850443193485,24,1400,172841,0
DEQ,948850452239275,24,1400,90978,3
DEQ,948850452242033,24,1400,84184,2
DEQ,948850452266862,24,1400,102770,3
DEQ,948850452354876,24,1400,188757,2
DEQ,948850452355832,24,1400,108834,1
DEQ,948850452357444,24,1400,95116,0
DEQ,948850457066672,24,1400,44088,4
DEQ,948850457176309,24,1400,147497,3
DEQ,948850457180315,24,1400,147083,2
DEQ,948850457180811,24,1400,141697,1
DEQ,948850457186626,24,1400,145337,0
DEQ,948850457337351,24,1400,132897,2
DEQ,948850457341494,24,1400,125770,1
DEQ,948850457443815,24,1400,225577,0
DEQ,948850463122172,24,1400,103128,2
DEQ,948850463126461,24,1400,93360,1
DEQ,948850463148768,24,1400,113003,0
DEQ,948850469124148,24,1400,101983,3
DEQ,948850469128532,24,1400,97905,2
DEQ,948850469137233,24,1400,100248,1
DEQ,948850469277785,24,1400,238424,0
DEQ,948850475127981,24,1400,107358,1
DEQ,948850475132303,24,1400,103054,0
DEQ,948850482268224,24,1400,97729,2
DEQ,948850482272692,24,1400,92917,1
DEQ,948850482290425,24,1400,106021,0
DEQ,948850487079910,24,1400,54586,4
DEQ,948850487116023,24,1400,76987,3
DEQ,948850487232725,24,1400,191446,2
DEQ,948850487237601,24,1400,186326,1
DEQ,948850487238283,24,1400,184858,0
DEQ,948850487367144,24,1400,116433,1
DEQ,948850487371808,24,1400,110125,0
DEQ,948850493135671,24,1400,106572,2
DEQ,948850493153483,24,1400,110918,1
DEQ,948850493313206,24,1400,268168,0
DEQ,948850499125045,24,1400,99184,1
DEQ,948850499129288,24,1400,91494,0
DEQ,948850499242699,24,1400,105194,1
DEQ,948850499255254,24,1400,107000,0
DEQ,948850505145995,24,1400,107082,1
DEQ,948850505150758,24,1400,98909,0
DEQ,948850505204086,24,1400,44526,4
DEQ,948850505303201,24,1400,131291,3
DEQ,948850505307427,24,1400,132841,2
DEQ,948850505325928,24,1400,146931,1
DEQ,948850505442720,24,1400,261442,0
DEQ,948850511125744,24,1400,98706,1
DEQ,948850511129802,24,1400,88514,0
DEQ,948850517132337,24,1400,103495,2
DEQ,948850517140264,24,1400,96262,1
DEQ,948850517158620,24,1400,111953,0
DEQ,948850523126412,24,1400,90293,3
DEQ,948850523129119,24,1400,84913,2
DEQ,948850523217590,24,1400,166404,1
DEQ,948850523218469,24,1400,165180,0
DEQ,948850529125564,24,1400,106205,1
DEQ,948850529128314,24,1400,94793,0
DEQ,948850529237483,24,1400,104871,0
DEQ,948850535124708,24,1400,97549,4
DEQ,948850535196775,24,1400,156683,3
DEQ,948850535197620,24,1400,155105,2
DEQ,948850535282046,24,1400,234882,1
DEQ,948850535284811,24,1400,235419,0
DEQ,948850541114926,24,1400,94839,2
DEQ,948850541117681,24,1400,83570,1
DEQ,948850541200023,24,1400,163588,0
DEQ,948850547104088,24,1400,90682,2
DEQ,948850547106797,24,1400,83243,1
DEQ,948850547130394,24,1400,101062,1
DEQ,948850547246582,24,1400,135482,1
DEQ,948850547249358,24,1400,117421,0
DEQ,948850553117425,24,1400,96400,1
DEQ,948850553120174,24,1400,85531,0
DEQ,948850553223393,24,1400,98766,0
DEQ,948850559120631,24,1400,99893,2
DEQ,948850559123382,24,1400,88517,1
DEQ,948850559206677,24,1400,169386,0
DEQ,948850565117917,24,1400,106089,0
DEQ,948850575798353,24,1400,103033,4
DEQ,948850575880883,24,1400,171261,3
DEQ,948850575881951,24,1400,169954,2
DEQ,948850575898376,24,1400,180900,3
DEQ,948850575979958,24,1400,260367,2
DEQ,948850575982731,24,1400,92243,1
DEQ,948850576063105,24,1400,168920,0
DEQ,948850581110982,24,1400,99236,1
DEQ,948850581190627,24,1400,170245,0
DEQ,948850589303517,24,1400,116452,4
DEQ,948850589306114,24,1400,110138,3
DEQ,948850589307629,24,1400,107727,2
DEQ,948850589388372,24,1400,183077,1
DEQ,948850589389258,24,1400,181804,0
DEQ,948850595125473,24,1400,99700,4
DEQ,948850595210588,24,1400,170185,3
DEQ,948850595211432,24,1400,168839,2
DEQ,948850595298443,24,1400,251082,3
DEQ,948850595316579,24,1400,267482,4
DEQ,948850595471773,24,1400,255253,3
DEQ,948850595475009,24,1400,254646,2
DEQ,948850595558602,24,1400,253492,1
DEQ,948850595642300,24,1400,333277,0
DEQ,948850601126728,24,1400,108757,1
DEQ,948850601129581,24,1400,102406,0
DEQ,948850615308662,24,1400,109583,3
DEQ,948850615395299,24,1400,187289,2
DEQ,948850615416559,24,1400,203313,4
DEQ,948850615549458,24,1400,334014,3
DEQ,948850615568334,24,1400,168597,4
DEQ,948850615688284,24,1400,277093,3
DEQ,948850615691163,24,1400,277745,2
DEQ,948850615774948,24,1400,218806,3
DEQ,948850615777671,24,1400,217569,2
DEQ,948850615863263,24,1400,167124,1
DEQ,948850615866042,24,1400,165971,0
DEQ,948850621104127,24,1400,91096,3
DEQ,948850621106869,24,1400,83813,2
DEQ,948850621198105,24,1400,169804,1
DEQ,948850621198977,24,1400,168513,0
DEQ,948850632341539,24,1400,102049,1
DEQ,948850632434179,24,1400,185244,0
DEQ,948850637104794,24,1400,89548,3
DEQ,948850637107476,24,1400,84133,2
DEQ,948850637129231,24,1400,99850,3
DEQ,948850637242364,24,1400,210940,2
DEQ,948850637245093,24,1400,132505,1
DEQ,948850637330771,24,1400,209506,0
DEQ,948850643108717,24,1400,89266,3
DEQ,948850643111564,24,1400,85559,2
DEQ,948850643218237,24,1400,187390,3
DEQ,948850643219409,24,1400,186430,2
DEQ,948850643299884,24,1400,183148,1
DEQ,948850643383116,24,1400,255610,0
DEQ,948850649120471,24,1400,99385,4
DEQ,948850649123193,24,1400,88516,3
DEQ,948850649204581,24,1400,167752,2
DEQ,948850649205459,24,1400,164210,1
DEQ,948850649278977,24,1400,235887,0
DEQ,948850655113740,24,1400,97525,2
DEQ,948850655116509,24,1400,85913,1
DEQ,948850655144318,24,1400,111245,3
DEQ,948850655250710,24,1400,129995,2
DEQ,948850655253508,24,1400,125297,1
DEQ,948850655318934,24,1400,188559,0
DEQ,948850661109502,24,1400,99427,1
DEQ,948850661193276,24,1400,174383,0
DEQ,948850667123102,24,1400,94768,4
DEQ,948850667210085,24,1400,166944,3
DEQ,948850667210960,24,1400,165724,2
DEQ,948850667300685,24,1400,251127,2
DEQ,948850667385113,24,1400,333515,1
DEQ,948850667468126,24,1400,252956,0
DEQ,948850673106244,24,1400,99336,1
DEQ,948850673192445,24,1400,176815,0
DEQ,948850682342569,24,1400,102813,4
DEQ,948850682442713,24,1400,188660,3
DEQ,948850682443652,24,1400,187278,2
DEQ,948850682515090,24,1400,254501,1
DEQ,948850682517837,24,1400,255230,0
DEQ,948850687110713,24,1400,92317,3
DEQ,948850687113487,24,1400,86456,2
DEQ,948850687201657,24,1400,169226,3
DEQ,948850687202523,24,1400,167910,2
DEQ,948850687286614,24,1400,168189,1
DEQ,948850687289411,24,1400,162438,0
DEQ,948850693113715,24,1400,88280,2
DEQ,948850693116344,24,1400,84409,1
DEQ,948850693199228,24,1400,161613,0
DEQ,948850699119943,24,1400,90404,3
DEQ,948850699122690,24,1400,84443,2
DEQ,948850699139164,24,1400,95256,3
DEQ,948850699260978,24,1400,214850,2
DEQ,948850699263748,24,1400,135968,1
DEQ,948850699331500,24,1400,199736,0
DEQ,948850705111262,24,1400,101294,1
DEQ,948850705197531,24,1400,178132,0
DEQ,948850712340961,24,1400,88957,2
DEQ,948850712343778,24,1400,83531,1
DEQ,948850712434993,24,1400,169483,0
DEQ,948850717114034,24,1400,93389,3
DEQ,948850717116729,24,1400,86531,2
DEQ,948850717203024,24,1400,166926,2
DEQ,948850717215291,24,1400,176798,1
DEQ,948850717358096,24,1400,237087,0
DEQ,948850718067654,24,84,136199,0
DEQ,948850723126196,24,1400,102689,2
DEQ,948850723129358,24,1400,98340,1
DEQ,948850723219148,24,1400,181622,0
DEQ,948850729131601,24,1400,103010,3
DEQ,948850729137994,24,1400,101878,2
DEQ,948850729139662,24,1400,96440,1
DEQ,948850729271722,24,1400,225823,2
DEQ,948850729274473,24,1400,130210,1
DEQ,948850729288173,24,1400,139654,1
DEQ,948850729360670,24,1400,78351,0
DEQ,948850735125572,24,1400,101696,3
DEQ,948850735128446,24,1400,97340,2
DEQ,948850735143645,24,1400,105648,2
DEQ,948850735245154,24,1400,204426,1
DEQ,948850735246110,24,1400,112967,0
DEQ,948850741120450,24,1400,111265,1
DEQ,948850741123184,24,1400,103972,0
DEQ,948850747109043,24,1400,91599,3
DEQ,948850747111797,24,1400,85635,2
DEQ,948850747207824,24,1400,175826,4
DEQ,948850747208681,24,1400,174647,3
DEQ,948850747288444,24,1400,172313,2
DEQ,948850747291280,24,1400,160238,1
DEQ,948850747375606,24,1400,242329,0
DEQ,948850753111123,24,1400,91166,3
DEQ,948850753113846,24,1400,84048,2
DEQ,948850753213423,24,1400,177618,1
DEQ,948850753214292,24,1400,176424,0
DEQ,948850759110472,24,1400,95086,3
DEQ,948850759192508,24,1400,167973,2
DEQ,948850759206579,24,1400,176330,2
DEQ,948850759337346,24,1400,304954,1
DEQ,948850759340105,24,1400,142960,0
DEQ,948850765117455,24,1400,97239,3
DEQ,948850765120246,24,1400,90703,2
DEQ,948850765208475,24,1400,173141,3
DEQ,948850765209392,24,1400,171771,2
DEQ,948850765290921,24,1400,165301,1
DEQ,948850765293661,24,1400,164046,0
DEQ,948850771117933,24,1400,104407,1
DEQ,948850771206642,24,1400,184264,0
DEQ,948850777110730,24,1400,90272,3
DEQ,948850777113458,24,1400,83315,2
DEQ,948850777229206,24,1400,193712,1
DEQ,948850777313143,24,1400,275352,0
DEQ,948850783114590,24,1400,95340,1
DEQ,948850783117485,24,1400,91017,0
DEQ,948850789133351,24,1400,100123,3
DEQ,948850789139536,24,1400,99743,2
DEQ,948850789141274,24,1400,96639,1
DEQ,948850789282004,24,1400,234980,2
DEQ,948850789284576,24,1400,138937,1
DEQ,948850789286038,24,1400,136258,0
DEQ,948850795124868,24,1400,93247,3
DEQ,948850795127630,24,1400,87162,2
DEQ,948850795145105,24,1400,98947,3
DEQ,948850795261611,24,1400,213243,2
DEQ,948850795264352,24,1400,131630,1
DEQ,948850795330542,24,1400,190233,0
DEQ,948850801110608,24,1400,95787,1
DEQ,948850801118064,24,1400,94137,0
DEQ,948850807107267,24,1400,88204,2
DEQ,948850807110043,24,1400,81736,1
DEQ,948850807193350,24,1400,159834,0
DEQ,948850813123059,24,1400,96860,4
DEQ,948850813234437,24,1400,198950,3
DEQ,948850813235389,24,1400,194721,2
DEQ,948850813235951,24,1400,190663,1
DEQ,948850813317307,24,1400,269858,0
DEQ,948850819099527,24,1400,88924,2
DEQ,948850819102917,24,1400,83095,1
DEQ,948850819196628,24,1400,172607,0
DEQ,948850825147607,24,1400,119125,3
DEQ,948850825152132,24,1400,115072,2
DEQ,948850825156786,24,1400,114326,1
DEQ,948850825250690,24,1400,206105,0
DEQ,948850825317249,24,1400,53438,3
DEQ,948850825422309,24,1400,150157,2
DEQ,948850825425605,24,1400,138301,1
DEQ,948850825426247,24,1400,136631,0
STATS,948850825501028,0,0,6148,6148,0,0,0
DEQ,948850831109169,24,1400,99768,1
DEQ,948850831212402,24,1400,193867,0
DEQ,948850837111111,24,1400,96558,2
DEQ,948850837117988,24,1400,87230,1
DEQ,948850837203937,24,1400,170740,0
DEQ,948850843124447,24,1400,107768,3
DEQ,948850843127661,24,1400,101668,2
DEQ,948850843140703,24,1400,100911,1
DEQ,948850843224829,24,1400,182877,0
DEQ,948850849111241,24,1400,96550,3
DEQ,948850849118129,24,1400,93644,2
DEQ,948850849215497,24,1400,185521,1
DEQ,948850849216426,24,1400,184201,0
DEQ,948850855118703,24,1400,97327,1
DEQ,948850855121567,24,1400,92267,0
DEQ,948850861126456,24,1400,104734,1
DEQ,948850861129739,24,1400,99183,0
DEQ,948850867125464,24,1400,100682,3
DEQ,948850867128345,24,1400,95539,2
DEQ,948850867145805,24,1400,106148,3
DEQ,948850867271429,24,1400,229287,2
DEQ,948850867274237,24,1400,136727,1
DEQ,948850867282212,24,1400,140648,0
DEQ,948850873090679,24,1400,82508,1
DEQ,948850873167331,24,1400,151020,0
DEQ,948850879109700,24,1400,91700,3
DEQ,948850879112441,24,1400,85194,2
DEQ,948850879201762,24,1400,169307,1
DEQ,948850879202629,24,1400,167910,0
DEQ,948850885121236,24,1400,100821,3
DEQ,948850885123973,24,1400,93766,2
DEQ,948850885141640,24,1400,105912,3
DEQ,948850885245121,24,1400,207244,2
DEQ,948850885246061,24,1400,117060,1
DEQ,948850885246539,24,1400,113573,0
DEQ,948850885350682,24,1400,99311,0
DEQ,948850891108760,24,1400,97441,0
DEQ,948850897111279,24,1400,90437,3
DEQ,948850897114015,24,1400,84545,2
DEQ,948850897199441,24,1400,164716,1
DEQ,948850897200380,24,1400,163376,0
DEQ,948850903109888,24,1400,86866,3
DEQ,948850903112633,24,1400,81096,2
DEQ,948850903195184,24,1400,158396,1
DEQ,948850903196022,24,1400,157093,0
DEQ,948850909114746,24,1400,93850,3
DEQ,948850909117449,24,1400,87096,2
DEQ,948850909207602,24,1400,171805,3
DEQ,948850909208481,24,1400,170498,2
DEQ,948850909309173,24,1400,186631,1
DEQ,948850909311917,24,1400,184186,0
DEQ,948850915109839,24,1400,94448,4
DEQ,948850915193720,24,1400,169190,3
DEQ,948850915205934,24,1400,177107,2
DEQ,948850915339019,24,1400,304863,1
DEQ,948850915341733,24,1400,305501,0
DEQ,948850921113433,24,1400,100024,1
DEQ,948850921199147,24,1400,176442,0
DEQ,948850927133258,24,1400,109957,4
DEQ,948850927136127,24,1400,99660,3
DEQ,948850927227198,24,1400,187981,2
DEQ,948850927228118,24,1400,182942,1
DEQ,948850927319664,24,1400,271727,0
DEQ,948850933130633,24,1400,108587,1
DEQ,948850933133822,24,1400,103621,0
DEQ,948850939121697,24,1400,104180,1
DEQ,948850939124808,24,1400,98922,0
DEQ,948850945112052,24,1400,111693,3
DEQ,948850945114768,24,1400,105278,2
DEQ,948850945149410,24,1400,134074,4
DEQ,948850945234380,24,1400,216910,3
DEQ,948850945235303,24,1400,116157,2
DEQ,948850945318413,24,1400,187491,1
DEQ,948850945321173,24,1400,187963,0
DEQ,948850951105754,24,1400,91649,2
DEQ,948850951108541,24,1400,86247,1
DEQ,948850951192414,24,1400,164577,0
DEQ,948850957114877,24,1400,90806,3
DEQ,948850957117582,24,1400,84126,2
DEQ,948850957200037,24,1400,161237,1
DEQ,948850957200881,24,1400,159877,0
DEQ,948850963109690,24,1400,91403,3
DEQ,948850963112359,24,1400,85455,2
DEQ,948850963209504,24,1400,177108,1
DEQ,948850963210413,24,1400,175786,0
DEQ,948850969114047,24,1400,91102,3
DEQ,948850969116749,24,1400,85003,2
DEQ,948850969139707,24,1400,102237,2
DEQ,948850969233675,24,1400,194073,1
DEQ,948850969234617,24,1400,113418,0
DEQ,948850985302623,24,1400,108037,3
DEQ,948850985305445,24,1400,102449,2
DEQ,948850985330149,24,1400,120771,3
DEQ,948850985445042,24,1400,233385,4
DEQ,948850985451217,24,1400,140758,3
DEQ,948850985452784,24,1400,138347,2
DEQ,948850985544993,24,1400,212072,3
DEQ,948850985547684,24,1400,212060,2
DEQ,948850985629002,24,1400,172189,1
DEQ,948850985631800,24,1400,171003,0
DEQ,948850991113878,24,1400,93776,3
DEQ,948850991116615,24,1400,88713,2
DEQ,948850991198554,24,1400,164668,1
DEQ,948850991199450,24,1400,163458,0
DEQ,948850997112421,24,1400,96887,3
DEQ,948850997137460,24,1400,112757,2
DEQ,948850997233376,24,1400,202325,1
DEQ,948850997234385,24,1400,201397,0
DEQ,948851003109925,24,1400,88496,3
DEQ,948851003112572,24,1400,83022,2
DEQ,948851003198500,24,1400,163198,1
DEQ,948851003199397,24,1400,161895,0
DEQ,948851009131192,24,1400,121418,2
DEQ,948851009135267,24,1400,117072,1
DEQ,948851009238633,24,1400,201081,1
DEQ,948851009249845,24,1400,110559,0
DEQ,948851015124459,24,1400,98960,3
DEQ,948851015127225,24,1400,94418,2
DEQ,948851015141738,24,1400,102229,2
DEQ,948851015275695,24,1400,233772,1
DEQ,948851015278445,24,1400,146686,0
DEQ,948851021128355,24,1400,107996,1
DEQ,948851021131448,24,1400,102431,0
DEQ,948851027123905,24,1400,94117,3
DEQ,948851027206029,24,1400,167443,2
DEQ,948851027206945,24,1400,161597,1
DEQ,948851027300136,24,1400,252666,1
DEQ,948851027302892,24,1400,91788,0
DEQ,948851033110536,24,1400,87131,2
DEQ,948851033117567,24,1400,85506,1
DEQ,948851033228491,24,1400,191170,0
DEQ,948851039104925,24,1400,92225,3
DEQ,948851039107640,24,1400,85934,2
DEQ,948851039187652,24,1400,160342,1
DEQ,948851039188425,24,1400,158894,0
DEQ,948851045105573,24,1400,93061,3
DEQ,948851045108206,24,1400,86556,2
DEQ,948851045130100,24,1400,102967,3
DEQ,948851045244853,24,1400,215493,2
DEQ,948851045247600,24,1400,134230,1
DEQ,948851045338968,24,1400,217393,1
DEQ,948851045341672,24,1400,89767,0
DEQ,948851051116243,24,1400,104939,1
DEQ,948851051200818,24,1400,180251,0
DEQ,948851065308592,24,1400,109246,3
DEQ,948851065328129,24,1400,120236,4
DEQ,948851065452443,24,1400,238282,3
DEQ,948851065455203,24,1400,238862,2
DEQ,948851065478519,24,1400,162998,3
DEQ,948851065564782,24,1400,245255,4
DEQ,948851065567539,24,1400,107391,3
DEQ,948851065649306,24,1400,182050,2
DEQ,948851065659431,24,1400,179089,1
DEQ,948851065810539,24,1400,328113,0
DEQ,948851071114447,24,1400,93606,3
DEQ,948851071117144,24,1400,88507,2
DEQ,948851071199315,24,1400,165002,1
DEQ,948851071200192,24,1400,163750,0
DEQ,948851084266460,24,1400,102125,0
DEQ,948851089114005,24,1400,90669,3
DEQ,948851089116704,24,1400,85303,2
DEQ,948851089141126,24,1400,104629,3
DEQ,948851089254084,24,1400,215223,4
DEQ,948851089256842,24,1400,135143,3
DEQ,948851089343487,24,1400,217901,2
DEQ,948851089346250,24,1400,202541,1
DEQ,948851089346724,24,1400,200548,0
DEQ,948851089437224,24,1400,85909,0
DEQ,948851095135970,24,1400,106242,1
DEQ,948851095227428,24,1400,190395,0
DEQ,948851105753201,24,1400,56677,3
DEQ,948851105827289,24,1400,123062,2
DEQ,948851105870496,24,1400,158751,4
DEQ,948851105915844,24,1400,201637,3
DEQ,948851105954987,24,1400,126101,4
DEQ,948851106003436,24,1400,170843,3
DEQ,948851106103642,24,1400,268848,2
DEQ,948851106106545,24,1400,189315,1
DEQ,948851106184755,24,1400,265451,0
DEQ,948851117130936,24,1400,99629,3
DEQ,948851117137362,24,1400,99121,2
DEQ,948851117139060,24,1400,94038,1
DEQ,948851117277173,24,1400,229331,0
DEQ,948851123123196,24,1400,100582,3
DEQ,948851123125992,24,1400,94926,2
DEQ,948851123215954,24,1400,178137,1
DEQ,948851123216827,24,1400,176434,0
DEQ,948851129072337,24,1400,101053,2
DEQ,948851129084365,24,1400,105601,1
DEQ,948851129206923,24,1400,223350,0
DEQ,948851142420386,24,1400,42373,3
DEQ,948851142505071,24,1400,120632,2
DEQ,948851142509083,24,1400,118946,1
DEQ,948851142632274,24,1400,240165,0
DEQ,948851142699238,24,1400,54727,3
DEQ,948851142793163,24,1400,140935,4
DEQ,948851142799506,24,1400,129022,3
DEQ,948851142900804,24,1400,227856,4
DEQ,948851142903586,24,1400,202318,3
DEQ,948851143002186,24,1400,298858,2
DEQ,948851143005916,24,1400,201373,1
DEQ,948851143134702,24,1400,324407,0
DEQ,948851147114524,24,1400,94049,3
DEQ,948851147117272,24,1400,87635,2
DEQ,948851147199429,24,1400,164120,3
DEQ,948851147200339,24,1400,162778,2
DEQ,948851147263495,24,1400,141204,1
DEQ,948851147266211,24,1400,140001,0
DEQ,948851153115300,24,1400,97549,1
DEQ,948851153118039,24,1400,93461,0
DEQ,948851159119338,24,1400,105943,4
DEQ,948851159201091,24,1400,174143,3
DEQ,948851159201982,24,1400,172803,2
DEQ,948851159219393,24,1400,185269,3
DEQ,948851159355888,24,1400,319540,2
DEQ,948851159358626,24,1400,151581,1
DEQ,948851159442289,24,1400,231285,0
DEQ,948851165120227,24,1400,109162,1
DEQ,948851165130536,24,1400,111203,0
DEQ,948851172532394,24,1400,97823,1
DEQ,948851172535156,24,1400,91520,0
DEQ,948851177113208,24,1400,93042,3
DEQ,948851177116175,24,1400,87061,2
DEQ,948851177205246,24,1400,170740,3
DEQ,948851177206163,24,1400,169585,2
DEQ,948851177308982,24,1400,187827,1
DEQ,948851177311736,24,1400,186535,0
DEQ,948851183123767,24,1400,98492,3
DEQ,948851183126642,24,1400,93513,2
DEQ,948851183144949,24,1400,105634,3
DEQ,948851183247021,24,1400,205299,2
DEQ,948851183247890,24,1400,115816,1
DEQ,948851183248424,24,1400,108676,0
DEQ,948851183367952,24,1400,114884,0
DEQ,948851189136277,24,1400,113438,1
DEQ,948851189139492,24,1400,109091,0
DEQ,948851195124901,24,1400,91135,3
DEQ,948851195127607,24,1400,85059,2
DEQ,948851195148883,24,1400,100524,4
DEQ,948851195256350,24,1400,205761,3
DEQ,948851195262598,24,1400,130659,2
DEQ,948851195264234,24,1400,124291,1
DEQ,948851195345088,24,1400,199564,2
DEQ,948851195347845,24,1400,79653,1
DEQ,948851195433096,24,1400,160980,0
DEQ,948851201039585,24,1400,99972,0
DEQ,948851207114926,24,1400,92807,3
DEQ,948851207119000,24,1400,87608,2
DEQ,948851207137400,24,1400,100424,1
DEQ,948851207269265,24,1400,230162,2
DEQ,948851207273187,24,1400,130936,1
DEQ,948851207291832,24,1400,145576,0
DEQ,948851213113281,24,1400,101615,1
DEQ,948851213138446,24,1400,117029,0
DEQ,948851219118200,24,1400,97832,3
DEQ,948851219122278,24,1400,92790,2
DEQ,948851219143106,24,1400,108181,1
DEQ,948851219251402,24,1400,214456,0
DEQ,948851219377103,24,1400,106749,1
DEQ,948851219383765,24,1400,103135,0
DEQ,948851225123615,24,1400,100740,3
DEQ,948851225127911,24,1400,97363,2
DEQ,948851225138258,24,1400,100869,1
DEQ,948851225247266,24,1400,207075,0
DEQ,948851231119558,24,1400,101753,2
DEQ,948851231123930,24,1400,97850,1
DEQ,948851231145658,24,1400,114601,0
DEQ,948851245826080,24,1400,117392,3
DEQ,948851245831113,24,1400,114196,2
DEQ,948851245847161,24,1400,122562,1
DEQ,948851245887600,24,1400,160421,4
DEQ,948851245933823,24,1400,81763,3
DEQ,948851245966998,24,1400,110940,2
DEQ,948851246007347,24,1400,146331,1
DEQ,948851246112221,24,1400,249128,0
DEQ,948851246229534,24,1400,95388,3
DEQ,948851246233735,24,1400,91778,2
DEQ,948851246249457,24,1400,102609,1
DEQ,948851246285928,24,1400,136631,1
DEQ,948851246332554,24,1400,79222,0
DEQ,948851251124557,24,1400,104163,2
DEQ,948851251129065,24,1400,94376,1
DEQ,948851251150400,24,1400,113058,0
DEQ,948851262570684,24,1400,117113,1
DEQ,948851262662478,24,1400,199525,0
DEQ,948851267107416,24,1400,93227,3
DEQ,948851267110123,24,1400,87758,2
DEQ,948851267199002,24,1400,171377,3
DEQ,948851267199847,24,1400,169994,2
DEQ,948851267311564,24,1400,196361,1
DEQ,948851267390555,24,1400,263261,0
DEQ,948851273118348,24,1400,90852,4
DEQ,948851273202760,24,1400,168807,3
DEQ,948851273203711,24,1400,163957,2
DEQ,948851273291669,24,1400,247089,2
DEQ,948851273294413,24,1400,247712,1
DEQ,948851273379727,24,1400,171633,0
DEQ,948851279125423,24,1400,100193,1
DEQ,948851279224126,24,1400,189746,0
DEQ,948851285116916,24,1400,91342,3
DEQ,948851285203425,24,1400,168835,4
DEQ,948851285204268,24,1400,163549,3
DEQ,948851285298316,24,1400,255549,4
DEQ,948851285301371,24,1400,177685,3
DEQ,948851285318392,24,1400,190728,4
DEQ,948851285460683,24,1400,251292,3
DEQ,948851285463433,24,1400,250106,2
DEQ,948851285543901,24,1400,237371,1
DEQ,948851285546579,24,1400,236126,0
DEQ,948851291128016,24,1400,103816,1
DEQ,948851291130718,24,1400,97645,0
DEQ,948851297112390,24,1400,90947,3
DEQ,948851297115042,24,1400,84650,2
DEQ,948851297198357,24,1400,160956,3
DEQ,948851297281997,24,1400,242471,2
DEQ,948851297365585,24,1400,245482,1
DEQ,948851297379405,24,1400,255409,0
DEQ,948851303104120,24,1400,90388,3
DEQ,948851303106804,24,1400,83840,2
DEQ,948851303197894,24,1400,168835,1
DEQ,948851303198787,24,1400,167589,0
DEQ,948851309114918,24,1400,93325,3
DEQ,948851309117614,24,1400,86718,2
DEQ,948851309146721,24,1400,110569,4
DEQ,948851309254728,24,1400,216287,3
DEQ,948851309257466,24,1400,135671,2
DEQ,948851309257938,24,1400,116486,1
DEQ,948851309321393,24,1400,177581,0
DEQ,948851315066975,24,1400,43918,3
DEQ,948851315105247,24,1400,73419,4
DEQ,948851315199043,24,1400,161840,3
DEQ,948851315218472,24,1400,179208,4
DEQ,948851315356500,24,1400,285895,3
DEQ,948851315359208,24,1400,286506,2
DEQ,948851315444460,24,1400,238365,2
DEQ,948851315447169,24,1400,233452,1
DEQ,948851315540507,24,1400,177095,0
DEQ,948851322607113,24,1400,108305,1
DEQ,948851322609998,24,1400,102428,0
DEQ,948851327102007,24,1400,98056,3
DEQ,948851327107504,24,1400,96234,2
DEQ,948851327127032,24,1400,109396,1
DEQ,948851327229210,24,1400,209404,2
DEQ,948851327233947,24,1400,101649,1
DEQ,948851327250122,24,1400,113400,0
DEQ,948851327359387,24,1400,104351,0
DEQ,948851335266796,24,1400,95807,4
DEQ,948851335270893,24,1400,91412,3
DEQ,948851335290419,24,1400,105387,2
DEQ,948851335386819,24,1400,197037,1
DEQ,948851335387728,24,1400,195786,0
DEQ,948851335493083,24,1400,100610,0
DEQ,948851341110164,24,1400,99334,1
DEQ,948851341197443,24,1400,177925,0
DEQ,948851352108029,24,1400,93114,2
DEQ,948851352110788,24,1400,82251,1
DEQ,948851352199919,24,1400,169127,0
DEQ,948851357116465,24,1400,100018,4
DEQ,948851357119191,24,1400,88332,3
DEQ,948851357224847,24,1400,191630,4
DEQ,948851357225693,24,1400,188767,3
DEQ,948851357226234,24,1400,187253,2
DEQ,948851357314237,24,1400,189929,3
DEQ,948851357317002,24,1400,188602,2
DEQ,948851357396437,24,1400,164751,2
DEQ,948851357399152,24,1400,158409,1
DEQ,948851357478903,24,1400,157520,0
DEQ,948851363110095,24,1400,98966,1
DEQ,948851363197443,24,1400,177966,0
DEQ,948851369122164,24,1400,96092,4
DEQ,948851369208508,24,1400,168114,3
DEQ,948851369209394,24,1400,166727,2
DEQ,948851369231011,24,1400,184315,4
DEQ,948851369307332,24,1400,258696,3
DEQ,948851369385433,24,1400,171552,2
DEQ,948851369478386,24,1400,256652,1
DEQ,948851369552759,24,1400,325107,0
DEQ,948851382112237,24,1400,96519,3
DEQ,948851382206842,24,1400,181713,2
DEQ,948851382207717,24,1400,176953,1
DEQ,948851382304774,24,1400,271860,0
DEQ,948851387111804,24,1400,99595,4
DEQ,948851387196436,24,1400,175372,3
DEQ,948851387213683,24,1400,188184,4
DEQ,948851387335848,24,1400,305022,3
DEQ,948851387338532,24,1400,305529,2
DEQ,948851387420594,24,1400,215337,1
DEQ,948851387423292,24,1400,213948,0
DEQ,948851393119626,24,1400,99780,1
DEQ,948851393122349,24,1400,93527,0
DEQ,948851399112038,24,1400,100114,4
DEQ,948851399195220,24,1400,174063,3
DEQ,948851399212061,24,1400,186491,4
DEQ,948851399336846,24,1400,306237,3
DEQ,948851399339600,24,1400,306806,2
DEQ,948851399425020,24,1400,224881,1
DEQ,948851399427798,24,1400,220359,0
DEQ,948851405126452,24,1400,96920,3
DEQ,948851405129211,24,1400,90450,2
DEQ,948851405143529,24,1400,99492,2
DEQ,948851405239823,24,1400,193661,2
DEQ,948851405240802,24,1400,107236,1
DEQ,948851405324271,24,1400,179561,1
DEQ,948851405327060,24,1400,81950,0
DEQ,948851411109767,24,1400,99708,1
DEQ,948851411196735,24,1400,177702,0
DEQ,948851417110090,24,1400,95847,1
DEQ,948851417117227,24,1400,93773,0
DEQ,948851424260734,24,1400,103258,2
DEQ,948851424263431,24,1400,97337,1
DEQ,948851424275150,24,1400,104845,0
DEQ,948851595371389,24,1400,166349222,3
DEQ,948851595373948,24,1400,166342833,2
DEQ,948851595375484,24,1400,166338634,1
DEQ,948851595474390,24,1400,166435300,4
DEQ,948851595475335,24,1400,95564,3
DEQ,948851595506054,24,1400,122001,4
DEQ,948851595594917,24,1400,204719,3
DEQ,948851595597856,24,1400,205482,2
DEQ,948851595689242,24,1400,208764,3
DEQ,948851595692269,24,1400,201298,2
DEQ,948851595710945,24,1400,107561,3
DEQ,948851595795097,24,1400,183105,4
DEQ,948851595798082,24,1400,100176,3
DEQ,948851595878141,24,1400,171989,4
DEQ,948851595881584,24,1400,168855,3
DEQ,948851596007715,24,1400,292862,4
DEQ,948851596010395,24,1400,206470,3
DEQ,948851596027619,24,1400,219454,4
DEQ,948851596105036,24,1400,219133,3
DEQ,948851596107873,24,1400,218129,2
DEQ,948851596197744,24,1400,182270,3
DEQ,948851596200619,24,1400,177666,2
DEQ,948851596217956,24,1400,105009,3
DEQ,948851596336641,24,1400,214761,4
DEQ,948851596339488,24,1400,133846,3
DEQ,948851596429889,24,1400,220373,4
DEQ,948851596432785,24,1400,212275,3
DEQ,948851596455091,24,1400,232920,4
DEQ,948851596544936,24,1400,200363,3
DEQ,948851596547688,24,1400,190904,2
DEQ,948851596572833,24,1400,134994,3
DEQ,948851596627465,24,1400,176954,4
DEQ,948851596701296,24,1400,148743,3
DEQ,948851596742113,24,1400,185517,4
DEQ,948851596792269,24,1400,217603,3
DEQ,948851596831667,24,1400,254985,4
DEQ,948851596877387,24,1400,174096,3
DEQ,948851596951431,24,1400,246165,4
DEQ,948851596991971,24,1400,197755,3
DEQ,948851597042776,24,1400,246571,4
DEQ,948851597127380,24,1400,247860,3
DEQ,948851597130885,24,1400,249409,2
DEQ,948851597242910,24,1400,248789,3
DEQ,948851597245806,24,1400,249625,2
DEQ,948851597331700,24,1400,196049,3
DEQ,948851597334475,24,1400,194745,2
DEQ,948851597415430,24,1400,164698,3
DEQ,948851597418181,24,1400,163540,2
DEQ,948851597434930,24,1400,95641,3
DEQ,948851597509449,24,1400,166262,4
DEQ,948851597588034,24,1400,161573,3
DEQ,948851597590848,24,1400,160505,2
DEQ,948851597673344,24,1400,236505,3
DEQ,948851597676222,24,1400,237408,2
DEQ,948851597700057,24,1400,103996,3
DEQ,948851597790163,24,1400,190046,4
DEQ,948851597860088,24,1400,179062,3
DEQ,948851597862948,24,1400,177978,2
DEQ,948851597939874,24,1400,236255,3
DEQ,948851597942754,24,1400,236797,2
DEQ,948851597959996,24,1400,91998,3
DEQ,948851598033218,24,1400,161072,4
DEQ,948851598047737,24,1400,99994,3
DEQ,948851598185477,24,1400,233859,4
DEQ,948851598265634,24,1400,303168,3
DEQ,948851598284915,24,1400,320384,4
DEQ,948851598427395,24,1400,375215,3
DEQ,948851598446247,24,1400,389895,4
DEQ,948851598591242,24,1400,318594,3
DEQ,948851598593968,24,1400,313744,2
DEQ,948851598678588,24,1400,244241,3
DEQ,948851598681349,24,1400,239574,2
DEQ,948851598697968,24,1400,98963,3
DEQ,948851598834193,24,1400,231212,4
DEQ,948851598836949,24,1400,150750,3
DEQ,948851598917253,24,1400,227061,4
DEQ,948851598924061,24,1400,224520,3
DEQ,948851598949241,24,1400,247645,4
DEQ,948851599032524,24,1400,190506,3
DEQ,948851599035419,24,1400,189427,2
DEQ,948851599052627,24,1400,116077,3
DEQ,948851599148339,24,1400,209091,4
DEQ,948851599151224,24,1400,107352,3
DEQ,948851599167998,24,1400,120425,4
DEQ,948851599248014,24,1400,193008,3
DEQ,948851599255206,24,1400,198164,2
DEQ,948851599332581,24,1400,172953,3
DEQ,948851599335447,24,1400,171911,2
DEQ,948851599423581,24,1400,163651,3
DEQ,948851599426294,24,1400,162487,2
DEQ,948851599504697,24,1400,164223,3
DEQ,948851599507472,24,1400,163048,2
DEQ,948851599602181,24,1400,171119,3
DEQ,948851599605004,24,1400,170057,2
DEQ,948851599626526,24,1400,114339,3
DEQ,948851599700869,24,1400,184754,4
DEQ,948851599703684,24,1400,93807,3
DEQ,948851599802657,24,1400,180492,4
DEQ,948851599805433,24,1400,176473,3
DEQ,948851599886719,24,1400,255763,4
DEQ,948851599889849,24,1400,181011,3
DEQ,948851599913684,24,1400,195183,4
DEQ,948851599998189,24,1400,187731,3
DEQ,948851600001037,24,1400,186670,2
DEQ,948851600018674,24,1400,123771,3
DEQ,948851600129110,24,1400,230243,4
DEQ,948851600132764,24,1400,126094,3
DEQ,948851600215795,24,1400,201665,4
DEQ,948851600218542,24,1400,197043,3
DEQ,948851600298329,24,1400,274733,4
DEQ,948851600301045,24,1400,163316,3
DEQ,948851600380498,24,1400,238789,4
DEQ,948851600383250,24,1400,159615,3
DEQ,948851600475273,24,1400,240828,4
DEQ,948851600540313,24,1400,234493,3
DEQ,948851600620690,24,1400,310925,4
DEQ,948851600623530,24,1400,235174,3
DEQ,948851600688704,24,1400,292280,2
DEQ,948851600691553,24,1400,144095,1
DEQ,948851600708997,24,1400,157680,1
DEQ,948851600784704,24,1400,88628,0
DEQ,948851605107428,24,1400,88249,3
DEQ,948851605110156,24,1400,82535,2
DEQ,948851605206719,24,1400,173972,1
DEQ,948851605207645,24,1400,172738,0
DEQ,948851611109855,24,1400,89950,3
DEQ,948851611112559,24,1400,83137,2
DEQ,948851611201474,24,1400,166700,1
DEQ,948851611202325,24,1400,165485,0
DEQ,948851617121372,24,1400,98528,4
DEQ,948851617124081,24,1400,92029,3
DEQ,948851617141618,24,1400,105050,4
DEQ,948851617238591,24,1400,196850,3
DEQ,948851617239506,24,1400,195279,2
DEQ,948851617240059,24,1400,111015,1
DEQ,948851800374111,24,1400,183237063,5
DEQ,948851800379043,24,1400,177363270,4
DEQ,948851800384694,24,1400,177359728,3
DEQ,948851800493986,24,1400,171474052,2
DEQ,948851800498710,24,1400,171469570,1
DEQ,948851800499398,24,84,81436016,0
DEQ,948851800624912,24,1400,102406,3
DEQ,948851800629179,24,1400,98311,2
DEQ,948851800653681,24,1400,117030,1
DEQ,948851800696989,24,1400,157755,0
DEQ,948851800762306,24,1400,58791,3
DEQ,948851800836685,24,1400,121559,2
DEQ,948851800877441,24,1400,157737,1
DEQ,948851800920163,24,1400,198162,0
DEQ,948851800972566,24,1400,44229,3
DEQ,948851801012243,24,1400,74252,2
DEQ,948851801059564,24,1400,117669,1
DEQ,948851801095726,24,1400,151600,0
DEQ,948851801138921,24,1400,39753,3
DEQ,948851801213625,24,1400,112138,2
DEQ,948851801254085,24,1400,149235,1
DEQ,948851801298729,24,1400,192164,0
DEQ,948851801338519,24,1400,36585,3
DEQ,948851801377591,24,1400,73365,2
DEQ,948851801417609,24,1400,110171,1
DEQ,948851801457777,24,1400,148172,0
DEQ,948851801512131,24,1400,50652,3
DEQ,948851801586414,24,1400,122859,2
DEQ,948851801627437,24,1400,160549,1
DEQ,948851801673611,24,1400,204723,0
DEQ,948851801712276,24,1400,35771,3
DEQ,948851801752469,24,1400,73965,2
DEQ,948851801803374,24,1400,119357,1
DEQ,948851801851513,24,1400,165405,0
DEQ,948851801890241,24,1400,35914,3
DEQ,948851801937255,24,1400,80797,2
DEQ,948851801970081,24,1400,110541,1
DEQ,948851802013489,24,1400,152009,0
DEQ,948851802052542,24,1400,36424,3
DEQ,948851802127322,24,1400,109159,2
DEQ,948851802175241,24,1400,154001,1
DEQ,948851802210740,24,1400,187574,0
DEQ,948851802262192,24,1400,48351,3
DEQ,948851802336194,24,1400,120365,2
DEQ,948851802377533,24,1400,158663,1
DEQ,948851802423290,24,1400,202430,0
DEQ,948851802462025,24,1400,35986,3
DEQ,948851802502397,24,1400,74373,2
DEQ,948851802553088,24,1400,122251,1
DEQ,948851802601590,24,1400,168765,0
DEQ,948851802640244,24,1400,35790,3
DEQ,948851802679947,24,1400,73408,2
DEQ,948851802719912,24,1400,110200,1
DEQ,948851802760130,24,1400,148479,0
DEQ,948851802799916,24,1400,36898,3
DEQ,948851802877390,24,1400,112322,2
DEQ,948851802951184,24,1400,182808,1
DEQ,948851802999404,24,1400,229089,0
DEQ,948851803039746,24,1400,36473,3
DEQ,948851803127546,24,1400,122157,2
DEQ,948851803270680,24,1400,261980,1
DEQ,948851803274608,24,1400,263808,0
DEQ,948851803390270,24,1400,98287,3
DEQ,948851803408546,24,1400,109089,2
DEQ,948851803554800,24,1400,251113,3
DEQ,948851803567436,24,1400,261770,2
DEQ,948851803653712,24,1400,240053,3
DEQ,948851803700702,24,1400,283031,2
DEQ,948851803740278,24,1400,168715,1
DEQ,948851803800319,24,1400,224724,0
DEQ,948851803842407,24,1400,36979,3
DEQ,948851803924201,24,1400,116273,2
DEQ,948851803971512,24,1400,160558,1
DEQ,948851804010144,24,1400,197202,0
DEQ,948851804052200,24,1400,35697,3
DEQ,948851804092002,24,1400,73473,2
DEQ,948851804153528,24,1400,132225,1
DEQ,948851804201317,24,1400,178076,0
DEQ,948851804251888,24,1400,46136,3
DEQ,948851804299002,24,1400,91236,2
DEQ,948851804331758,24,1400,120907,1
DEQ,948851804375191,24,1400,162422,0
DEQ,948851804415380,24,1400,35986,3
DEQ,948851804454926,24,1400,73447,2
DEQ,948851804501706,24,1400,117137,1
DEQ,948851804548209,24,1400,161715,0
DEQ,948851804589088,24,1400,36638,3
DEQ,948851804628198,24,1400,73677,2
DEQ,948851804667866,24,1400,110290,1
DEQ,948851804708324,24,1400,148761,0
DEQ,948851804762183,24,1400,49244,3
DEQ,948851804836218,24,1400,121081,2
DEQ,948851804877783,24,1400,159850,1
DEQ,948851804923519,24,1400,203641,0
DEQ,948851804964279,24,1400,36368,3
DEQ,948851805004572,24,1400,74503,2
DEQ,948851805053163,24,1400,120034,1
DEQ,948851805101446,24,1400,166300,0
DEQ,948851805142454,24,1400,36398,3
DEQ,948851805181401,24,1400,73244,2
DEQ,948851805222097,24,1400,110227,1
DEQ,948851805262580,24,1400,148782,0
DEQ,948851805303291,24,1400,36251,3
DEQ,948851805343065,24,1400,73966,2
DEQ,948851805383244,24,1400,111118,1
DEQ,948851805451733,24,1400,177656,0
DEQ,948851805502412,24,1400,46258,3
DEQ,948851805576305,24,1400,118112,2
DEQ,948851805625405,24,1400,164234,1
DEQ,948851805667456,24,1400,204373,0
DEQ,948851805708573,24,1400,36789,3
DEQ,948851805782291,24,1400,108380,2
DEQ,948851805829651,24,1400,152694,1
DEQ,948851805865982,24,1400,187082,0
DEQ,948851805907234,24,1400,36688,3
DEQ,948851805946900,24,1400,74253,2
DEQ,948851805990135,24,1400,114399,1
DEQ,948851806027079,24,1400,149407,0
DEQ,948851806068338,24,1400,36549,3
DEQ,948851806153085,24,1400,119104,2
DEQ,948851806200648,24,1400,163814,1
DEQ,948851806236983,24,1400,198234,0
DEQ,948851806278295,24,1400,36915,3
DEQ,948851806317905,24,1400,74365,2
DEQ,948851806365321,24,1400,118844,1
DEQ,948851806398070,24,1400,149669,0
DEQ,948851806439270,24,1400,36680,3
DEQ,948851806479032,24,1400,74445,2
STATS,948851906645055,4,5600,6826,6822,0,0,0
DEQ,948852005339698,24,1400,198932099,3
DEQ,948852005344189,24,1400,198934655,2
DEQ,948852005344677,24,1400,198388232,1
DEQ,948852005354596,24,1400,198392761,0
DEQ,948852005482346,24,1400,122616,3
DEQ,948852005494669,24,1400,122164,2
DEQ,948852005641215,24,1400,263946,3
DEQ,948852005645377,24,1400,265731,2
DEQ,948852005650187,24,1400,150854,1
DEQ,948852005769698,24,1400,265906,0
DEQ,948852005877551,24,1400,87642,3
DEQ,948852005881638,24,1400,84127,2
DEQ,948852005907215,24,1400,105266,1
DEQ,948852005953342,24,1400,149372,0
DEQ,948852006012274,24,1400,53029,3
DEQ,948852006086457,24,1400,114878,2
DEQ,948852006127394,24,1400,151829,1
DEQ,948852006173280,24,1400,195645,0
DEQ,948852006211844,24,1400,35765,3
DEQ,948852006252415,24,1400,74327,2
DEQ,948852006303176,24,1400,122199,1
DEQ,948852006350228,24,1400,167211,0
DEQ,948852006389418,24,1400,36601,3
DEQ,948852006440039,24,1400,85122,2
DEQ,948852006488168,24,1400,130325,1
DEQ,948852006519811,24,1400,159949,0
DEQ,948852006559678,24,1400,37121,3
DEQ,948852006608171,24,1400,83624,2
DEQ,948852006639365,24,1400,111809,1
DEQ,948852006688224,24,1400,158668,0
DEQ,948852006726701,24,1400,35797,3
DEQ,948852006766547,24,1400,73617,2
DEQ,948852006812975,24,1400,117104,1
DEQ,948852006860214,24,1400,162409,0
DEQ,948852006898787,24,1400,35679,3
DEQ,948852006945891,24,1400,80804,2
DEQ,948852006978574,24,1400,110577,1
DEQ,948852007021864,24,1400,151784,0
DEQ,948852007060911,24,1400,36460,3
DEQ,948852007100664,24,1400,74243,2
DEQ,948852007140596,24,1400,111297,1
DEQ,948852007188310,24,1400,157092,0
DEQ,948852007228029,24,1400,36889,3
DEQ,948852007267062,24,1400,73597,2
DEQ,948852007313022,24,1400,116479,1
DEQ,948852007360052,24,1400,161593,0
DEQ,948852007399007,24,1400,36229,3
DEQ,948852007438158,24,1400,73303,2
DEQ,948852007478877,24,1400,110914,1
DEQ,948852007518735,24,1400,148764,0
DEQ,948852007558407,24,1400,36916,3
DEQ,948852007607033,24,1400,83567,2
DEQ,948852007638545,24,1400,112146,1
DEQ,948852007702184,24,1400,173884,0
DEQ,948852007751686,24,1400,46838,3
DEQ,948852007798819,24,1400,91884,2
DEQ,948852007831535,24,1400,121517,1
DEQ,948852007874929,24,1400,162975,0
DEQ,948852007913945,24,1400,36400,3
DEQ,948852007953136,24,1400,73641,2
DEQ,948852007996627,24,1400,113958,1
DEQ,948852008036762,24,1400,152181,0
DEQ,948852008076073,24,1400,36592,3
DEQ,948852008124960,24,1400,83401,2
DEQ,948852008167868,24,1400,123460,1
DEQ,948852008214901,24,1400,168581,0
DEQ,948852008262906,24,1400,45398,3
DEQ,948852008313768,24,1400,94186,2
DEQ,948852008353356,24,1400,130554,1
DEQ,948852008400962,24,1400,176248,0
DEQ,948852008441103,24,1400,37488,3
DEQ,948852008486868,24,1400,81230,2
DEQ,948852008520783,24,1400,112243,1
DEQ,948852008564436,24,1400,153965,0
DEQ,948852008622885,24,1400,55738,3
DEQ,948852008691986,24,1400,122856,2
DEQ,948852008737620,24,1400,165516,1
DEQ,948852008779696,24,1400,205667,0
DEQ,948852008818587,24,1400,36290,3
DEQ,948852008858052,24,1400,73801,2
DEQ,948852008897934,24,1400,110723,1
DEQ,948852008941060,24,1400,151934,4
DEQ,948852008978074,24,1400,69664,3
DEQ,948852009019797,24,1400,109405,2
DEQ,948852009066364,24,1400,152711,1
DEQ,948852009103215,24,1400,187763,0
DEQ,948852009142473,24,1400,36438,3
DEQ,948852009181403,24,1400,73388,2
DEQ,948852009229460,24,1400,118554,1
DEQ,948852009275723,24,1400,162725,0
DEQ,948852009315861,24,1400,37429,3
DEQ,948852009361467,24,1400,80984,2
DEQ,948852009395558,24,1400,111987,1
DEQ,948852009439207,24,1400,153665,0
DEQ,948852009478333,24,1400,36478,3
DEQ,948852009517615,24,1400,73781,2
DEQ,948852009563293,24,1400,116233,1
DEQ,948852009610390,24,1400,161322,0
DEQ,948852009650340,24,1400,36858,3
DEQ,948852009689930,24,1400,74258,2
DEQ,948852009738458,24,1400,119876,1
DEQ,948852009770063,24,1400,149404,0
DEQ,948852009809911,24,1400,36665,3
DEQ,948852009891940,24,1400,116423,2
DEQ,948852009938177,24,1400,159595,1
DEQ,948852009975449,24,1400,194694,0
DEQ,948852010015233,24,1400,36423,3
DEQ,948852010062218,24,1400,80982,2
DEQ,948852010095051,24,1400,110593,1
DEQ,948852010138461,24,1400,151898,0
DEQ,948852010178468,24,1400,36888,3
DEQ,948852010218271,24,1400,74343,2
DEQ,948852010258415,24,1400,111293,1
DEQ,948852010326670,24,1400,177466,0
DEQ,948852010376683,24,1400,46996,3
DEQ,948852010416268,24,1400,84280,2
DEQ,948852010456336,24,1400,121250,1
DEQ,948852010496436,24,1400,159152,0
DEQ,948852010536502,24,1400,37187,3
DEQ,948852010617756,24,1400,116123,2
DEQ,948852010691274,24,1400,186708,1
DEQ,948852010739724,24,1400,233097,0
DEQ,948852010779678,24,1400,36789,3
DEQ,948852010872649,24,1400,127363,2
DEQ,948852010941392,24,1400,192965,1
DEQ,948852010989906,24,1400,239280,0
DEQ,948852011029486,24,1400,36786,3
DEQ,948852011068974,24,1400,74118,2
DEQ,948852011116615,24,1400,118735,1
DEQ,948852011149001,24,1400,149141,0
DEQ,948852011188953,24,1400,37274,3
DEQ,948852011276445,24,1400,122777,2
DEQ,948852011316450,24,1400,159540,1
DEQ,948852011360216,24,1400,201344,0
DEQ,948852210361325,24,1400,198998346,3
DEQ,948852210365326,24,1400,199000321,2
DEQ,948852210381914,24,1400,199013771,1
DEQ,948852210396549,24,1400,199026385,0
DEQ,948852210494305,24,1400,91891,3
DEQ,948852210600945,24,1400,186151,4
DEQ,948852210603669,24,1400,183971,3
DEQ,948852210604173,24,1400,182313,2
DEQ,948852210689875,24,1400,190395,3
DEQ,948852210692656,24,1400,189148,2
DEQ,948852210775059,24,1400,166041,3
DEQ,948852210794365,24,1400,176564,4
DEQ,948852210928371,24,1400,230966,3
DEQ,948852210954616,24,1400,253276,4
DEQ,948852211088030,24,1400,302619,3
DEQ,948852211090697,24,1400,301342,2
DEQ,948852211167151,24,1400,220074,3
DEQ,948852211169835,24,1400,219999,2
DEQ,948852211252264,24,1400,156867,3
DEQ,948852211277287,24,1400,177993,4
DEQ,948852211353412,24,1400,178849,3
DEQ,948852211377600,24,1400,193940,4
DEQ,948852211475751,24,1400,216469,3
DEQ,948852211478608,24,1400,209947,2
DEQ,948852211570670,24,1400,210429,3
DEQ,948852211589199,24,1400,215874,4
DEQ,948852211709127,24,1400,225705,3
DEQ,948852211711906,24,1400,219360,2
DEQ,948852211812409,24,1400,234953,3
DEQ,948852211814981,24,1400,233587,2
DEQ,948852211816477,24,1400,99818,1
DEQ,948852211899473,24,1400,178828,4
DEQ,948852211910236,24,1400,89800,3
DEQ,948852212056831,24,1400,232524,4
DEQ,948852212067528,24,1400,237889,3
DEQ,948852212210154,24,1400,378376,4
DEQ,948852212212906,24,1400,299024,3
DEQ,948852212288807,24,1400,370855,4
DEQ,948852212291665,24,1400,220442,3
DEQ,948852212374156,24,1400,298966,4
DEQ,948852212377015,24,1400,159184,3
DEQ,948852212452012,24,1400,230184,4
DEQ,948852212454866,24,1400,158402,3
DEQ,948852212540824,24,1400,233395,4
DEQ,948852212543661,24,1400,161679,3
DEQ,948852212628351,24,1400,242527,4
DEQ,948852212631154,24,1400,170968,3
DEQ,948852212715622,24,1400,247241,4
DEQ,948852212718490,24,1400,170100,3
DEQ,948852212802495,24,1400,244099,4
DEQ,948852212805368,24,1400,169220,3
DEQ,948852212879741,24,1400,234309,4
DEQ,948852212882764,24,1400,159340,3
DEQ,948852212975222,24,1400,242818,4
DEQ,948852213040114,24,1400,229899,3
DEQ,948852213118731,24,1400,304385,4
DEQ,948852213121527,24,1400,233835,3
DEQ,948852213138087,24,1400,241737,4
DEQ,948852213220783,24,1400,173709,3
DEQ,948852213223527,24,1400,172465,2
DEQ,948852213304491,24,1400,178181,3
DEQ,948852213307145,24,1400,176799,2
DEQ,948852213326606,24,1400,98236,3
DEQ,948852213411403,24,1400,179144,4
DEQ,948852213422215,24,1400,110311,3
DEQ,948852213509186,24,1400,193348,4
DEQ,948852213578356,24,1400,250160,3
DEQ,948852213581197,24,1400,251003,2
DEQ,948852213658670,24,1400,232694,3
DEQ,948852213677231,24,1400,247249,4
DEQ,948852213751708,24,1400,165611,3
DEQ,948852213755287,24,1400,165197,2
DEQ,948852213854567,24,1400,185448,3
DEQ,948852213857282,24,1400,183936,2
DEQ,948852213878970,24,1400,119004,3
DEQ,948852213951412,24,1400,187554,4
DEQ,948852213954136,24,1400,92099,3
DEQ,948852214037479,24,1400,162936,4
DEQ,948852214040233,24,1400,159782,3
DEQ,948852214118362,24,1400,235905,4
DEQ,948852214121089,24,1400,162118,3
DEQ,948852214198166,24,1400,229919,4
DEQ,948852214201036,24,1400,156043,3
DEQ,948852214291327,24,1400,242321,4
DEQ,948852214294122,24,1400,168127,3
DEQ,948852214374950,24,1400,245070,4
DEQ,948852214377819,24,1400,171956,3
DEQ,948852214458256,24,1400,240103,4
DEQ,948852214461074,24,1400,162125,3
DEQ,948852214540116,24,1400,232021,4
DEQ,948852214543005,24,1400,160223,3
DEQ,948852214620684,24,1400,230927,4
DEQ,948852214623546,24,1400,157352,3
DEQ,948852214640046,24,1400,169751,4
DEQ,948852214722659,24,1400,174575,3
DEQ,948852214725219,24,1400,173173,2
DEQ,948852214726684,24,1400,98183,1
DEQ,948852214811668,24,1400,179280,4
DEQ,948852214814533,24,1400,83169,3
DEQ,948852214840019,24,1400,98981,4
DEQ,948852214913898,24,1400,167466,3
DEQ,948852214932787,24,1400,184272,4
DEQ,948852215040019,24,1400,220569,3
DEQ,948852215042726,24,1400,209925,2
DEQ,948852215124967,24,1400,204122,3
DEQ,948852215127710,24,1400,202928,2
DEQ,948852215209149,24,1400,161354,3
DEQ,948852215211881,24,1400,160073,2
DEQ,948852215303900,24,1400,171358,3
DEQ,948852215306733,24,1400,170335,2
DEQ,948852215323592,24,1400,106909,3
DEQ,948852215438328,24,1400,209403,4
DEQ,948852215441208,24,1400,129785,3
DEQ,948852215515839,24,1400,200534,4
DEQ,948852215518624,24,1400,192725,3
DEQ,948852215555603,24,1400,227744,4
DEQ,948852215595841,24,1400,149674,3
DEQ,948852215650462,24,1400,200306,4
DEQ,948852215690387,24,1400,166932,3
DEQ,948852215737625,24,1400,210324,4
DEQ,948852215799350,24,1400,201053,3
DEQ,948852215839655,24,1400,239238,4
DEQ,948852415344594,24,1400,199652117,3
DEQ,948852415347700,24,1400,199653229,2
DEQ,948852415348481,24,1400,199547161,1
DEQ,948852415350578,24,1400,199547239,0
DEQ,948852415454152,24,1400,97953,3
DEQ,948852415455053,24,1400,90854,2
DEQ,948852415565482,24,1400,196740,3
DEQ,948852415568510,24,1400,197848,2
DEQ,948852415569059,24,1400,108656,1
DEQ,948852415593165,24,1400,128573,4
DEQ,948852415720633,24,1400,146073,3
DEQ,948852415723272,24,1400,144513,2
DEQ,948852415724749,24,1400,141025,1
DEQ,948852415806612,24,1400,220886,4
DEQ,948852415809363,24,1400,80568,3
DEQ,948852415890675,24,1400,157892,4
DEQ,948852415893396,24,1400,155928,3
DEQ,948852415968774,24,1400,229362,4
DEQ,948852415971461,24,1400,157296,3
DEQ,948852416057055,24,1400,232760,4
DEQ,948852416059724,24,1400,161523,3
DEQ,948852416148073,24,1400,245853,4
DEQ,948852416150909,24,1400,174524,3
DEQ,948852416231515,24,1400,246223,4
DEQ,948852416234357,24,1400,169789,3
DEQ,948852416309524,24,1400,233306,4
DEQ,948852416312359,24,1400,156748,3
DEQ,948852416393261,24,1400,229074,4
DEQ,948852416396086,24,1400,156839,3
DEQ,948852416419759,24,1400,176671,4
DEQ,948852416500971,24,1400,183827,3
DEQ,948852416508194,24,1400,181990,2
DEQ,948852416609801,24,1400,208646,3
DEQ,948852416612491,24,1400,207453,2
DEQ,948852416629085,24,1400,116195,3
DEQ,948852416707172,24,1400,190453,4
DEQ,948852416709857,24,1400,92684,3
DEQ,948852416797300,24,1400,176266,4
DEQ,948852416800024,24,1400,169411,3
DEQ,948852416878186,24,1400,245595,4
DEQ,948852416880920,24,1400,166242,3
DEQ,948852416960754,24,1400,242040,4
DEQ,948852416963512,24,1400,158756,3
DEQ,948852417044942,24,1400,236334,4
DEQ,948852417047680,24,1400,161790,3
DEQ,948852417073478,24,1400,183726,4
DEQ,948852417126758,24,1400,158231,3
DEQ,948852417173549,24,1400,200999,4
DEQ,948852417206739,24,1400,149731,3
DEQ,948852417246778,24,1400,185838,4
DEQ,948852417289431,24,1400,160348,3
DEQ,948852417331732,24,1400,200689,4
DEQ,948852417370075,24,1400,161280,3
DEQ,948852417406783,24,1400,195956,4
DEQ,948852417449354,24,1400,157866,3
DEQ,948852417490120,24,1400,196651,4
DEQ,948852417526745,24,1400,154598,3
DEQ,948852417567798,24,1400,193738,4
DEQ,948852417606748,24,1400,155319,3
DEQ,948852417646467,24,1400,192981,4
DEQ,948852417688663,24,1400,159786,3
DEQ,948852417727995,24,1400,197097,4
DEQ,948852417776005,24,1400,167073,3
DEQ,948852417821416,24,1400,210594,4
DEQ,948852417862717,24,1400,172001,3
DEQ,948852417928587,24,1400,235910,4
DEQ,948852417974306,24,1400,196291,3
DEQ,948852418009033,24,1400,229073,4
DEQ,948852418051251,24,1400,186419,3
DEQ,948852418092223,24,1400,225469,4
DEQ,948852418152331,24,1400,175658,3
DEQ,948852418192371,24,1400,213737,4
DEQ,948852418239568,24,1400,186290,3
DEQ,948852418296515,24,1400,241275,4
DEQ,948852418343800,24,1400,189280,3
DEQ,948852418376377,24,1400,219866,4
DEQ,948852418441277,24,1400,199531,3
DEQ,948852418487413,24,1400,243646,4
DEQ,948852418521567,24,1400,175544,3
DEQ,948852418561483,24,1400,213409,4
DEQ,948852418602466,24,1400,159001,3
DEQ,948852418645391,24,1400,199895,4
DEQ,948852418705138,24,1400,181458,3
DEQ,948852418745785,24,1400,220087,4
DEQ,948852418792170,24,1400,187640,3
DEQ,948852418831586,24,1400,225117,4
DEQ,948852418876608,24,1400,169347,3
DEQ,948852418924051,24,1400,214832,4
DEQ,948852418956468,24,1400,162156,3
DEQ,948852418996475,24,1400,200189,4
DEQ,948852419039848,24,1400,160952,3
DEQ,948852419082183,24,1400,201372,4
DEQ,948852419120349,24,1400,161672,3
DEQ,948852419156131,24,1400,195508,4
DEQ,948852419197276,24,1400,155081,3
DEQ,948852419236496,24,1400,192270,4
DEQ,948852419284191,24,1400,161876,3
DEQ,948852419320961,24,1400,196725,4
DEQ,948852419363387,24,1400,164107,3
DEQ,948852419396192,24,1400,194857,4
DEQ,948852419436400,24,1400,149814,3
DEQ,948852419477285,24,1400,188703,4
DEQ,948852419516354,24,1400,150877,3
DEQ,948852419563935,24,1400,196557,4
DEQ,948852419596211,24,1400,157605,3
DEQ,948852419643350,24,1400,202836,4
DEQ,948852419676226,24,1400,157643,3
DEQ,948852419716070,24,1400,195424,4
DEQ,948852419756361,24,1400,157967,3
DEQ,948852419796326,24,1400,195934,4
DEQ,948852419797559,24,1400,119126,3
DEQ,948852419836508,24,1400,156172,4
DEQ,948852419877223,24,1400,118746,3
DEQ,948852419928219,24,1400,167719,4
DEQ,948852419968424,24,1400,169334,3
DEQ,948852420008425,24,1400,207454,4
DEQ,948852420076216,24,1400,196827,3
DEQ,948852420125188,24,1400,243864,4
DEQ,948852420167499,24,1400,196947,3
DEQ,948852420206547,24,1400,234015,4
DEQ,948852420252255,24,1400,173702,3
DEQ,948852420326197,24,1400,245558,4
DEQ,948852420374936,24,1400,205337,3
DEQ,948852420410249,24,1400,238623,4
DEQ,948852420458332,24,1400,204069,3
DEQ,948852420501670,24,1400,245250,4
DEQ,948852420548966,24,1400,171986,3
DEQ,948852420581857,24,1400,202967,4
DEQ,948852420621785,24,1400,161274,3
DEQ,948852420661754,24,1400,199326,4
DEQ,948852420706304,24,1400,155297,3
DEQ,948852420745116,24,1400,192156,4
DEQ,948852420781368,24,1400,157438,3
DEQ,948852420822279,24,1400,196455,4
DEQ,948852420870255,24,1400,161753,3
DEQ,948852420921441,24,1400,211048,4
DEQ,948852420968535,24,1400,185029,3
DEQ,948852421001987,24,1400,216401,4
DEQ,948852421068141,24,1400,195538,3
DEQ,948852421113176,24,1400,238523,4
DEQ,948852421155243,24,1400,184551,3
DEQ,948852620392366,24,1400,199419684,4
DEQ,948852620395551,24,1400,199325236,3
DEQ,948852620396149,24,1400,199323656,2
DEQ,948852620422607,24,1400,199265156,3
DEQ,948852620521768,24,1400,199362303,4
DEQ,948852620522765,24,1400,120499,3
DEQ,948852620547846,24,1400,141105,4
DEQ,948852620627321,24,1400,202187,3
DEQ,948852620629998,24,1400,202325,2
DEQ,948852620646985,24,1400,119304,3
DEQ,948852620774432,24,1400,242600,4
DEQ,948852620780681,24,1400,142208,3
DEQ,948852620782192,24,1400,139693,2
DEQ,948852620869518,24,1400,220744,3
DEQ,948852620872946,24,1400,221514,2
DEQ,948852620946430,24,1400,159785,3
DEQ,948852620949172,24,1400,158820,2
DEQ,948852621027122,24,1400,149794,3
DEQ,948852621029809,24,1400,148510,2
DEQ,948852621054815,24,1400,100793,3
DEQ,948852621132973,24,1400,175139,4
DEQ,948852621135798,24,1400,101089,3
DEQ,948852621206482,24,1400,156252,4
DEQ,948852621209324,24,1400,153037,3
DEQ,948852621290450,24,1400,232315,4
DEQ,948852621293299,24,1400,152725,3
DEQ,948852621309780,24,1400,165252,4
DEQ,948852621379396,24,1400,165137,3
DEQ,948852621382246,24,1400,164107,2
DEQ,948852621465326,24,1400,163692,3
DEQ,948852621468169,24,1400,162625,2
DEQ,948852621549458,24,1400,162419,3
DEQ,948852621552535,24,1400,161558,2
DEQ,948852621573975,24,1400,100668,3
DEQ,948852621621599,24,1400,144277,4
DEQ,948852621668158,24,1400,110463,3
DEQ,948852621715600,24,1400,153858,4
DEQ,948852621748460,24,1400,172111,3
DEQ,948852621816197,24,1400,237820,4
DEQ,948852621863820,24,1400,193247,3
DEQ,948852621903882,24,1400,230691,4
DEQ,948852621962991,24,1400,212617,3
DEQ,948852622005539,24,1400,253138,4
DEQ,948852622083957,24,1400,217947,3
DEQ,948852622086862,24,1400,218670,2
DEQ,948852622172254,24,1400,207159,3
DEQ,948852622174992,24,1400,207466,2
DEQ,948852622251351,24,1400,159621,3
DEQ,948852622270035,24,1400,174360,4
DEQ,948852622395685,24,1400,215885,3
DEQ,948852622398421,24,1400,214668,2
DEQ,948852622421509,24,1400,163292,3
DEQ,948852622521505,24,1400,259339,4
DEQ,948852622524110,24,1400,120936,3
DEQ,948852622525525,24,1400,108444,2
DEQ,948852622608846,24,1400,185847,3
DEQ,948852622627788,24,1400,202911,4
DEQ,948852622762370,24,1400,232894,3
DEQ,948852622765049,24,1400,231722,2
DEQ,948852622850215,24,1400,234616,3
DEQ,948852622852977,24,1400,233512,2
DEQ,948852622881051,24,1400,111212,3
DEQ,948852622968644,24,1400,194726,4
DEQ,948852622971457,24,1400,113673,3
DEQ,948852623005870,24,1400,139624,4
DEQ,948852623100209,24,1400,216874,3
DEQ,948852623103005,24,1400,217426,2
DEQ,948852623103497,24,1400,122461,1
DEQ,948852623189202,24,1400,199951,4
DEQ,948852623191947,24,1400,83263,3
DEQ,948852623273024,24,1400,156873,4
DEQ,948852623283824,24,1400,162945,3
DEQ,948852623425670,24,1400,302786,4
DEQ,948852623509773,24,1400,312940,3
DEQ,948852623528959,24,1400,328142,4
DEQ,948852623677236,24,1400,389487,3
DEQ,948852623696513,24,1400,404888,4
DEQ,948852623835724,24,1400,319230,3
DEQ,948852623838454,24,1400,317999,2
DEQ,948852623915600,24,1400,231484,3
DEQ,948852623918312,24,1400,226565,2
DEQ,948852623997181,24,1400,153628,3
DEQ,948852624000055,24,1400,152560,2
DEQ,948852624079353,24,1400,156338,3
DEQ,948852624082189,24,1400,149301,2
DEQ,948852624155606,24,1400,150010,3
DEQ,948852624158420,24,1400,148723,2
DEQ,948852624242624,24,1400,155616,3
DEQ,948852624245463,24,1400,154626,2
DEQ,948852624262218,24,1400,98917,3
DEQ,948852624394082,24,1400,221168,4
DEQ,948852624396865,24,1400,146472,3
DEQ,948852624416730,24,1400,162384,4
DEQ,948852624509128,24,1400,244543,3
DEQ,948852624511864,24,1400,245285,2
DEQ,948852624535673,24,1400,134051,3
DEQ,948852624613296,24,1400,207624,4
DEQ,948852624616198,24,1400,99495,3
DEQ,948852624689492,24,1400,157818,4
DEQ,948852624692300,24,1400,155011,3
DEQ,948852624779921,24,1400,240706,4
DEQ,948852624782779,24,1400,161666,3
DEQ,948852624804982,24,1400,179880,4
DEQ,948852624881435,24,1400,184370,3
DEQ,948852624884252,24,1400,176400,2
DEQ,948852624956383,24,1400,168787,3
DEQ,948852624959253,24,1400,158734,2
DEQ,948852625040565,24,1400,151601,3
DEQ,948852625043409,24,1400,150588,2
DEQ,948852625059639,24,1400,95454,3
DEQ,948852625143549,24,1400,175412,4
DEQ,948852625151246,24,1400,99663,3
DEQ,948852820371270,24,1400,195315859,5
DEQ,948852820374006,24,1400,195312018,4
DEQ,948852820375652,24,1400,195311593,3
DEQ,948852820469671,24,1400,195314730,4
DEQ,948852820470510,24,1400,195311504,3
DEQ,948852820470987,24,84,100678677,2
DEQ,948852820488618,24,1400,108661,3
DEQ,948852820568252,24,1400,184094,4
DEQ,948852820570942,24,1400,90730,3
DEQ,948852820595122,24,1400,110996,4
DEQ,948852820709075,24,1400,217163,3
DEQ,948852820711833,24,1400,217891,2
DEQ,948852820803662,24,1400,227851,3
DEQ,948852820806422,24,1400,226787,2
DEQ,948852820823137,24,1400,106464,3
DEQ,948852820959892,24,1400,239274,4
DEQ,948852820962617,24,1400,151338,3
DEQ,948852821040592,24,1400,225390,4
DEQ,948852821043226,24,1400,218743,3
DEQ,948852821068208,24,1400,241754,4
DEQ,948852821103310,24,1400,135869,3
DEQ,948852821150720,24,1400,179264,4
DEQ,948852821190614,24,1400,138488,3
DEQ,948852821237493,24,1400,173888,4
DEQ,948852821299369,24,1400,193647,3
DEQ,948852821345130,24,1400,237407,4
DEQ,948852821379721,24,1400,186869,3
DEQ,948852821445430,24,1400,250590,4
DEQ,948852821492766,24,1400,191402,3
DEQ,948852821525746,24,1400,222392,4
DEQ,948852821586185,24,1400,204381,3
DEQ,948852821627317,24,1400,243483,4
DEQ,948852821667173,24,1400,172253,3
DEQ,948852821707087,24,1400,210222,4
DEQ,948852821747182,24,1400,158807,3
DEQ,948852821787284,24,1400,196581,4
DEQ,948852821826985,24,1400,157733,3
DEQ,948852821867046,24,1400,195830,4
DEQ,948852821914210,24,1400,164804,3
DEQ,948852821947281,24,1400,195762,4
DEQ,948852821989479,24,1400,160368,3
DEQ,948852822027527,24,1400,196505,4
DEQ,948852822067368,24,1400,151120,3
DEQ,948852822126837,24,1400,208573,4
DEQ,948852822190024,24,1400,198561,3
DEQ,948852822229799,24,1400,236368,4
DEQ,948852822270193,24,1400,200434,3
DEQ,948852822310348,24,1400,238487,4
DEQ,948852822352358,24,1400,160092,3
DEQ,948852822395401,24,1400,201273,4
DEQ,948852822430195,24,1400,157575,3
DEQ,948852822470123,24,1400,195415,4
DEQ,948852822516875,24,1400,162352,3
DEQ,948852822563101,24,1400,206656,4
DEQ,948852822596974,24,1400,164703,3
DEQ,948852822644399,24,1400,210467,4
DEQ,948852822691021,24,1400,172008,3
DEQ,948852822724504,24,1400,203489,4
DEQ,948852822773172,24,1400,174018,3
DEQ,948852822812495,24,1400,211433,4
DEQ,948852822852512,24,1400,159434,3
DEQ,948852822892730,24,1400,197652,4
DEQ,948852822946133,24,1400,170601,3
DEQ,948852823002336,24,1400,224770,4
DEQ,948852823081640,24,1400,227004,3
DEQ,948852823121754,24,1400,265053,2
DEQ,948852823236223,24,1400,288073,1
DEQ,948852823276342,24,1400,326155,0
DEQ,948852823329833,24,1400,47479,3
DEQ,948852823437130,24,1400,152230,2
DEQ,948852823491886,24,1400,203924,1
DEQ,948852823580320,24,1400,290223,0
DEQ,948852823626885,24,1400,41909,3
DEQ,948852823673955,24,1400,86942,2
DEQ,948852823706879,24,1400,116956,1
DEQ,948852823769541,24,1400,177561,0
DEQ,948852823813271,24,1400,38399,3
DEQ,948852823858090,24,1400,81075,2
DEQ,948852823895841,24,1400,115291,1
DEQ,948852823934000,24,1400,151345,0
DEQ,948852823975607,24,1400,36493,3
DEQ,948852824015475,24,1400,74162,2
DEQ,948852824055256,24,1400,110741,1
DEQ,948852824098907,24,1400,152266,0
DEQ,948852824139246,24,1400,36264,3
DEQ,948852824189985,24,1400,84999,2
DEQ,948852824251443,24,1400,143277,1
DEQ,948852824269850,24,1400,159666,0
DEQ,948852824311398,24,1400,36576,3
DEQ,948852824392144,24,1400,114990,2
DEQ,948852824448437,24,1400,167909,1
DEQ,948852824475583,24,1400,192925,0
DEQ,948852824517039,24,1400,36132,3
DEQ,948852824563851,24,1400,80747,2
DEQ,948852824596900,24,1400,110578,1
DEQ,948852824640233,24,1400,151753,0
DEQ,948852824682348,24,1400,37123,3
DEQ,948852824721536,24,1400,74189,2
DEQ,948852824761200,24,1400,110610,1
DEQ,948852824803295,24,1400,150586,0
DEQ,948852824844960,24,1400,36591,3
DEQ,948852824925213,24,1400,114695,4
DEQ,948852824928748,24,1400,115172,3
DEQ,948852824964736,24,1400,148985,4
DEQ,948852825004621,24,1400,100952,3
DEQ,948852825055375,24,1400,149403,2
DEQ,948852825130184,24,1400,195635,1
DEQ,948852825180043,24,1400,243183,0
DEQ,948852825264972,24,1400,41905,3
DEQ,948852825304681,24,1400,75909,4
DEQ,948852825377494,24,1400,145012,3
DEQ,948852825452138,24,1400,217532,4
DEQ,948852825494805,24,1400,228082,3
DEQ,948852825542860,24,1400,273865,4
DEQ,948852825582249,24,1400,199845,3
DEQ,948852825626973,24,1400,242583,4
DEQ,948852825666526,24,1400,169499,3
DEQ,948852825706754,24,1400,207659,4
DEQ,948852825746621,24,1400,161800,3
DEQ,948852825786713,24,1400,199764,4
DEQ,948852825827041,24,1400,157881,3
STATS,948852926067256,5,7000,7457,7452,0,0,0
DEQ,948853025345036,24,1400,199673694,4
DEQ,948853025348147,24,1400,199598875,3
DEQ,948853025348857,24,1400,199597124,2
DEQ,948853025367296,24,1400,199537699,3
DEQ,948853025449310,24,1400,199617622,4
DEQ,948853025450185,24,1400,91506,3
DEQ,948853025474659,24,1400,111974,4
DEQ,948853025569078,24,1400,200197,3
DEQ,948853025571806,24,1400,200782,2
DEQ,948853025658483,24,1400,203544,3
DEQ,948853025661187,24,1400,202242,2
DEQ,948853025743900,24,1400,167191,3
DEQ,948853025839609,24,1400,258825,4
DEQ,948853025842586,24,1400,176454,3
DEQ,948853025860082,24,1400,185006,4
DEQ,948853025940272,24,1400,189620,3
DEQ,948853025943660,24,1400,189116,2
DEQ,948853026025400,24,1400,174165,3
DEQ,948853026044997,24,1400,189704,4
DEQ,948853026154825,24,1400,206017,3
DEQ,948853026231632,24,1400,278795,4
DEQ,948853026234482,24,1400,198115,3
DEQ,948853026310685,24,1400,270493,4
DEQ,948853026313566,24,1400,151789,3
DEQ,948853026400716,24,1400,235126,4
DEQ,948853026403453,24,1400,164072,3
DEQ,948853026488899,24,1400,245586,4
DEQ,948853026491641,24,1400,173309,3
DEQ,948853026517727,24,1400,195353,4
DEQ,948853026557413,24,1400,149089,3
DEQ,948853026597317,24,1400,184913,4
DEQ,948853026645612,24,1400,149136,3
DEQ,948853026677492,24,1400,177041,4
DEQ,948853026724356,24,1400,164682,3
DEQ,948853026760283,24,1400,198607,4
DEQ,948853026800636,24,1400,152818,3
DEQ,948853026837485,24,1400,187726,4
DEQ,948853026877324,24,1400,150567,3
DEQ,948853026927545,24,1400,198767,4
DEQ,948853026966737,24,1400,164061,3
DEQ,948853027068442,24,1400,263738,4
DEQ,948853027074749,24,1400,195196,3
DEQ,948853027077073,24,1400,195529,2
DEQ,948853027163029,24,1400,194109,3
DEQ,948853027165872,24,1400,194993,2
DEQ,948853027259948,24,1400,178264,3
DEQ,948853027262851,24,1400,177303,2
DEQ,948853027347932,24,1400,177156,3
DEQ,948853027350684,24,1400,167772,2
DEQ,948853027378743,24,1400,111042,3
DEQ,948853027467471,24,1400,195830,4
DEQ,948853027470216,24,1400,114584,3
DEQ,948853027554892,24,1400,190974,4
DEQ,948853027557671,24,1400,176554,3
DEQ,948853027634328,24,1400,251009,4
DEQ,948853027715552,24,1400,240552,3
DEQ,948853027744690,24,1400,258742,4
DEQ,948853027850821,24,1400,288255,3
DEQ,948853027853726,24,1400,287141,2
DEQ,948853027943732,24,1400,221274,3
DEQ,948853027963461,24,1400,229570,4
DEQ,948853028108293,24,1400,249681,3
DEQ,948853028111049,24,1400,244198,2
DEQ,948853028199779,24,1400,248931,3
DEQ,948853028202498,24,1400,247588,2
DEQ,948853028293993,24,1400,178233,3
DEQ,948853028296738,24,1400,170964,2
DEQ,948853028378261,24,1400,171103,3
DEQ,948853028381075,24,1400,169848,2
DEQ,948853028500552,24,1400,199012,3
DEQ,948853028503341,24,1400,197901,2
DEQ,948853028525042,24,1400,139097,3
DEQ,948853028614586,24,1400,224779,4
DEQ,948853028617379,24,1400,109256,3
DEQ,948853028695678,24,1400,175239,4
DEQ,948853028698483,24,1400,172043,3
DEQ,948853028773791,24,1400,245595,4
DEQ,948853028776634,24,1400,154346,3
DEQ,948853028877679,24,1400,251281,4
DEQ,948853028881231,24,1400,177903,3
DEQ,948853028980323,24,1400,273044,4
DEQ,948853028983062,24,1400,201514,3
DEQ,948853028999847,24,1400,209134,4
DEQ,948853029089643,24,1400,203157,3
DEQ,948853029092411,24,1400,201892,2
DEQ,948853029166302,24,1400,178452,3
DEQ,948853029169058,24,1400,173812,2
DEQ,948853029249702,24,1400,152353,3
DEQ,948853029334549,24,1400,233225,4
DEQ,948853029337240,24,1400,163461,3
DEQ,948853029423414,24,1400,239861,4
DEQ,948853029491757,24,1400,235248,3
DEQ,948853029572036,24,1400,311495,4
DEQ,948853029574872,24,1400,232793,3
DEQ,948853029597090,24,1400,251071,4
DEQ,948853029675405,24,1400,176778,3
DEQ,948853029694517,24,1400,191861,4
DEQ,948853029812428,24,1400,232357,3
DEQ,948853029815249,24,1400,222905,2
DEQ,948853029889576,24,1400,207171,3
DEQ,948853029892334,24,1400,205852,2
DEQ,948853029971465,24,1400,151445,3
DEQ,948853029974312,24,1400,150323,2
DEQ,948853030067433,24,1400,170377,3
DEQ,948853030070181,24,1400,168735,2
DEQ,948853030150394,24,1400,171244,3
DEQ,948853030153133,24,1400,165564,2
DEQ,948853030235500,24,1400,160511,3
DEQ,948853030319983,24,1400,240916,4
DEQ,948853030322761,24,1400,164965,3
DEQ,948853030348296,24,1400,181716,4
DEQ,948853030423090,24,1400,180506,3
DEQ,948853030442491,24,1400,190937,4
DEQ,948853030516241,24,1400,188575,3
DEQ,948853030535192,24,1400,203461,4
DEQ,948853030654575,24,1400,224553,3
DEQ,948853030728249,24,1400,294218,4
DEQ,948853030731044,24,1400,207935,3
DEQ,948853030804846,24,1400,277836,4
DEQ,948853030807678,24,1400,146187,3
DEQ,948853030895734,24,1400,230130,4
DEQ,948853030898497,24,1400,162531,3
DEQ,948853030923113,24,1400,183214,4
DEQ,948853031015472,24,1400,202882,3
DEQ,948853031018048,24,1400,193468,2
DEQ,948853031019546,24,1400,116193,1
DEQ,948853031099078,24,1400,180732,4
DEQ,948853031101820,24,1400,78331,3
DEQ,948853031128606,24,1400,101209,4
DEQ,948853031211590,24,1400,179155,3
DEQ,948853031214302,24,1400,179861,2
DEQ,948853031293666,24,1400,187029,3
DEQ,948853031296532,24,1400,178973,2
DEQ,948853031321757,24,1400,102559,3
DEQ,948853031377444,24,1400,154235,4
DEQ,948853031451544,24,1400,150000,3
DEQ,948853031500354,24,1400,194824,4
DEQ,948853031542046,24,1400,217938,3
DEQ,948853031581480,24,1400,255292,4
DEQ,948853031627553,24,1400,174009,3
DEQ,948853031701063,24,1400,245461,4
DEQ,948853031750523,24,1400,206491,3
DEQ,948853031785083,24,1400,239062,4
DEQ,948853031824626,24,1400,195108,3
DEQ,948853031866747,24,1400,235230,4
DEQ,948853230336030,24,1400,198582657,3
DEQ,948853230339520,24,1400,198583870,2
DEQ,948853230340162,24,1400,198513178,1
DEQ,948853230364860,24,1400,198535648,4
DEQ,948853230442853,24,1400,96474,3
DEQ,948853230443743,24,1400,89024,2
DEQ,948853230552573,24,1400,192947,3
DEQ,948853230555752,24,1400,194007,2
DEQ,948853230556369,24,1400,107740,1
DEQ,948853230645639,24,1400,193079,4
DEQ,948853230648396,24,1400,86327,3
DEQ,948853230742366,24,1400,175810,4
DEQ,948853230745268,24,1400,173539,3
DEQ,948853230819616,24,1400,245852,4
DEQ,948853230822428,24,1400,169036,3
DEQ,948853230844010,24,1400,178286,4
DEQ,948853230914611,24,1400,164470,3
DEQ,948853230933198,24,1400,178973,4
DEQ,948853231068984,24,1400,241621,3
DEQ,948853231071715,24,1400,232401,2
DEQ,948853231089404,24,1400,167914,3
DEQ,948853231157242,24,1400,228430,4
DEQ,948853231171792,24,1400,94905,3
DEQ,948853231289722,24,1400,204838,4
DEQ,948853231381008,24,1400,290104,3
DEQ,948853231387274,24,1400,294369,2
DEQ,948853231388813,24,1400,212839,1
DEQ,948853231467926,24,1400,287790,4
DEQ,948853231470965,24,1400,77816,3
DEQ,948853231550740,24,1400,153734,4
DEQ,948853231553786,24,1400,151433,3
DEQ,948853231578990,24,1400,174952,4
DEQ,948853231654727,24,1400,178959,3
DEQ,948853231673487,24,1400,193686,4
DEQ,948853231790019,24,1400,231185,3
DEQ,948853231873092,24,1400,298760,4
DEQ,948853231875894,24,1400,214306,3
DEQ,948853231893168,24,1400,224361,4
DEQ,948853231975607,24,1400,178535,3
DEQ,948853231978566,24,1400,177445,2
DEQ,948853231979176,24,1400,98393,1
DEQ,948853232092311,24,1400,203693,4
DEQ,948853232095253,24,1400,110712,3
DEQ,948853232095821,24,1400,103943,2
DEQ,948853232178779,24,1400,182193,3
DEQ,948853232181665,24,1400,182904,2
DEQ,948853232203877,24,1400,102566,3
DEQ,948853232296715,24,1400,191059,4
DEQ,948853232299596,24,1400,112779,3
DEQ,948853232380205,24,1400,180985,4
DEQ,948853232383017,24,1400,177607,3
DEQ,948853232466384,24,1400,258978,4
DEQ,948853232469132,24,1400,164747,3
DEQ,948853232551572,24,1400,243189,4
DEQ,948853232554415,24,1400,166510,3
DEQ,948853232572870,24,1400,180957,4
DEQ,948853232626583,24,1400,152664,3
DEQ,948853232666336,24,1400,188472,4
DEQ,948853232706139,24,1400,147043,3
DEQ,948853232746339,24,1400,183379,4
DEQ,948853232792947,24,1400,164002,3
DEQ,948853232832259,24,1400,201308,4
DEQ,948853232876642,24,1400,168259,3
DEQ,948853232919279,24,1400,208800,4
DEQ,948853232956576,24,1400,161484,3
DEQ,948853232996740,24,1400,199676,4
DEQ,948853233040843,24,1400,162027,3
DEQ,948853233124710,24,1400,243913,4
DEQ,948853233127523,24,1400,165798,3
DEQ,948853233144501,24,1400,180632,4
DEQ,948853233222434,24,1400,179372,3
DEQ,948853233225265,24,1400,180204,2
DEQ,948853233309022,24,1400,176618,3
DEQ,948853233311860,24,1400,171923,2
DEQ,948853233398216,24,1400,168155,3
DEQ,948853233400969,24,1400,159631,2
DEQ,948853233424790,24,1400,107844,3
DEQ,948853233505980,24,1400,185108,4
DEQ,948853233512079,24,1400,106259,3
DEQ,948853233513583,24,1400,93607,2
DEQ,948853233592828,24,1400,166637,3
DEQ,948853233595590,24,1400,167715,2
DEQ,948853233674951,24,1400,157447,3
DEQ,948853233677683,24,1400,156056,2
DEQ,948853233701126,24,1400,100692,3
DEQ,948853233783134,24,1400,178872,4
DEQ,948853233793955,24,1400,111490,3
DEQ,948853233878853,24,1400,192344,4
DEQ,948853233882352,24,1400,178675,3
DEQ,948853233962230,24,1400,256454,4
DEQ,948853233965056,24,1400,166542,3
DEQ,948853234049600,24,1400,247240,4
DEQ,948853234052211,24,1400,164905,3
DEQ,948853234130311,24,1400,239062,4
DEQ,948853234132960,24,1400,163113,3
DEQ,948853234210537,24,1400,236620,4
DEQ,948853234291573,24,1400,234518,3
DEQ,948853234294231,24,1400,233148,2
DEQ,948853234317813,24,1400,179999,3
DEQ,948853234391906,24,1400,245684,4
DEQ,948853234472824,24,1400,173701,3
DEQ,948853234497313,24,1400,184227,4
DEQ,948853234602505,24,1400,283170,3
DEQ,948853234605336,24,1400,284348,2
DEQ,948853234694318,24,1400,214576,3
DEQ,948853234713116,24,1400,220082,4
DEQ,948853234834923,24,1400,224780,3
DEQ,948853234837721,24,1400,218418,2
DEQ,948853234910785,24,1400,209597,3
DEQ,948853234913621,24,1400,208428,2
DEQ,948853234992386,24,1400,149867,3
DEQ,948853234995982,24,1400,149335,2
DEQ,948853235070806,24,1400,151708,3
DEQ,948853235073525,24,1400,150518,2
DEQ,948853235164076,24,1400,163246,3
DEQ,948853235166828,24,1400,162044,2
DEQ,948853235190207,24,1400,111843,3
DEQ,948853235275238,24,1400,192946,4
DEQ,948853235285962,24,1400,114335,3
DEQ,948853235442357,24,1400,266753,4
DEQ,948853235445095,24,1400,252293,3
DEQ,948853235523062,24,1400,328164,4
DEQ,948853235525820,24,1400,236236,3
DEQ,948853235626779,24,1400,333100,4
DEQ,948853235630398,24,1400,180384,3
DEQ,948853235705752,24,1400,251763,4
DEQ,948853235708722,24,1400,178042,3
DEQ,948853235789592,24,1400,250242,4
DEQ,948853235792426,24,1400,157748,3
DEQ,948853235874921,24,1400,236258,4
DEQ,948853235877777,24,1400,164134,3
DEQ,948853235957407,24,1400,239904,4
DEQ,948853235960241,24,1400,162978,3
DEQ,948853236033832,24,1400,225565,4
DEQ,948853236036704,24,1400,154073,3
DEQ,948853236126594,24,1400,239965,4
DEQ,948853236129341,24,1400,164008,3
DEQ,948853236206575,24,1400,237268,4
DEQ,948853236209419,24,1400,167846,3
DEQ,948853435336060,24,1400,199290446,4
DEQ,948853435342323,24,1400,199208090,3
DEQ,948853435342900,24,1400,199204613,2
DEQ,948853435344683,24,1400,199130370,1
DEQ,948853435434208,24,1400,199210839,4
DEQ,948853435435093,24,1400,85572,3
DEQ,948853435460537,24,1400,106749,4
DEQ,948853435566423,24,1400,206511,3
DEQ,948853435569165,24,1400,207035,2
DEQ,948853435656316,24,1400,215991,3
DEQ,948853435659122,24,1400,214437,2
DEQ,948853435743080,24,1400,169110,3
DEQ,948853435745776,24,1400,162453,2
DEQ,948853435767987,24,1400,104078,3
DEQ,948853435858368,24,1400,185053,4
DEQ,948853435861381,24,1400,110761,3
DEQ,948853435879708,24,1400,116618,4
DEQ,948853436027577,24,1400,258158,3
DEQ,948853436030833,24,1400,259557,2
DEQ,948853436055558,24,1400,188678,3
DEQ,948853436142256,24,1400,270860,4
DEQ,948853436145050,24,1400,108335,3
DEQ,948853436219808,24,1400,172565,4
DEQ,948853436222678,24,1400,165596,3
DEQ,948853436299882,24,1400,241024,4
DEQ,948853436302741,24,1400,152847,3
DEQ,948853436324242,24,1400,170490,4
DEQ,948853436398251,24,1400,170656,3
DEQ,948853436401066,24,1400,164709,2
DEQ,948853436502387,24,1400,194821,3
DEQ,948853436505961,24,1400,186072,2
DEQ,948853436598195,24,1400,192248,3
DEQ,948853436600908,24,1400,186624,2
DEQ,948853436686819,24,1400,176037,3
DEQ,948853436689674,24,1400,174872,2
DEQ,948853436706193,24,1400,100547,3
DEQ,948853436805805,24,1400,191484,4
DEQ,948853436808549,24,1400,110619,3
DEQ,948853436884052,24,1400,182265,4
DEQ,948853436886779,24,1400,178015,3
DEQ,948853436966565,24,1400,255698,4
DEQ,948853436969226,24,1400,155868,3
DEQ,948853437052402,24,1400,235007,4
DEQ,948853437055220,24,1400,163591,3
DEQ,948853437126884,24,1400,231286,4
DEQ,948853437129698,24,1400,155482,3
DEQ,948853437210607,24,1400,226225,4
DEQ,948853437213425,24,1400,153229,3
DEQ,948853437288351,24,1400,224068,4
DEQ,948853437291233,24,1400,156641,3
DEQ,948853437377382,24,1400,232121,4
DEQ,948853437380106,24,1400,161471,3
DEQ,948853437464285,24,1400,241829,4
DEQ,948853437467121,24,1400,171017,3
DEQ,948853437551234,24,1400,242969,4
DEQ,948853437554069,24,1400,169201,3
DEQ,948853437625543,24,1400,231275,4
DEQ,948853437628413,24,1400,156326,3
DEQ,948853437715286,24,1400,234062,4
DEQ,948853437718310,24,1400,159382,3
DEQ,948853437797695,24,1400,234692,4
DEQ,948853437800559,24,1400,167282,3
DEQ,948853437824603,24,1400,179351,4
DEQ,948853437894052,24,1400,170764,3
DEQ,948853437896931,24,1400,164586,2
DEQ,948853437997084,24,1400,191711,3
DEQ,948853438004805,24,1400,184945,2
DEQ,948853438082223,24,1400,180344,3
DEQ,948853438085111,24,1400,172736,2
DEQ,948853438162971,24,1400,153424,3
DEQ,948853438165855,24,1400,152409,2
DEQ,948853438247118,24,1400,157130,3
DEQ,948853438249994,24,1400,153094,2
DEQ,948853438326302,24,1400,155455,3
DEQ,948853438329218,24,1400,151381,2
DEQ,948853438424218,24,1400,169388,3
DEQ,948853438427100,24,1400,168408,2
DEQ,948853438507340,24,1400,173257,3
DEQ,948853438510186,24,1400,166988,2
DEQ,948853438588120,24,1400,156159,3
DEQ,948853438590972,24,1400,149770,2
DEQ,948853438663022,24,1400,147819,3
DEQ,948853438665852,24,1400,146813,2
DEQ,948853438746148,24,1400,150277,3
DEQ,948853438749009,24,1400,149247,2
DEQ,948853438766060,24,1400,95394,3
DEQ,948853438850188,24,1400,175531,4
DEQ,948853438853027,24,1400,99164,3
DEQ,948853438930437,24,1400,172735,4
DEQ,948853438998455,24,1400,230019,3
DEQ,948853439001353,24,1400,230921,2
DEQ,948853439018892,24,1400,160960,3
DEQ,948853439112018,24,1400,245850,4
DEQ,948853439114762,24,1400,108455,3
DEQ,948853439131383,24,1400,117516,4
DEQ,948853439224119,24,1400,202967,3
DEQ,948853439226877,24,1400,203670,2
DEQ,948853439227391,24,1400,107779,1
DEQ,948853439255809,24,1400,129013,4
DEQ,948853439344218,24,1400,111974,3
DEQ,948853439346834,24,1400,104661,2
DEQ,948853439348292,24,1400,101618,1
DEQ,948853439433468,24,1400,181241,4
DEQ,948853439436323,24,1400,84089,3
DEQ,948853439519044,24,1400,157916,4
DEQ,948853439521867,24,1400,155586,3
DEQ,948853439602462,24,1400,234158,4
DEQ,948853439605338,24,1400,164094,3
DEQ,948853439680411,24,1400,228244,4
DEQ,948853439683208,24,1400,156441,3
DEQ,948853439766529,24,1400,227405,4
DEQ,948853439769395,24,1400,159307,3
DEQ,948853439846331,24,1400,232321,4
DEQ,948853439849210,24,1400,161054,3
DEQ,948853439937696,24,1400,237556,4
DEQ,948853439940528,24,1400,166226,3
DEQ,948853440019877,24,1400,241732,4
DEQ,948853440022714,24,1400,168678,3
DEQ,948853440110708,24,1400,247592,4
DEQ,948853440113440,24,1400,167869,3
DEQ,948853440193884,24,1400,239724,4
DEQ,948853440274756,24,1400,247098,3
DEQ,948853440277495,24,1400,245865,2
DEQ,948853440361043,24,1400,242793,3
DEQ,948853440449727,24,1400,321587,4
DEQ,948853635318829,24,1400,195036463,3
DEQ,948853635321775,24,1400,195030670,2
DEQ,948853635322408,24,1400,194954346,1
DEQ,948853635347939,24,1400,194970869,4
DEQ,948853635434272,24,1400,105791,3
DEQ,948853635455270,24,1400,117670,4
DEQ,948853635563980,24,1400,221326,3
DEQ,948853635566810,24,1400,222047,2
DEQ,948853635655373,24,1400,216010,3
DEQ,948853635658374,24,1400,215027,2
DEQ,948853635683180,24,1400,111603,3
DEQ,948853635790162,24,1400,214525,4
DEQ,948853635793187,24,1400,129683,3
DEQ,948853635814490,24,1400,146941,4
DEQ,948853635916816,24,1400,231187,3
DEQ,948853635919345,24,1400,231521,2
DEQ,948853635920840,24,1400,122154,1
DEQ,948853636001992,24,1400,199254,4
DEQ,948853636005505,24,1400,80587,3
DEQ,948853636118621,24,1400,189862,4
DEQ,948853636121560,24,1400,187732,3
DEQ,948853636197396,24,1400,261558,4
DEQ,948853636200266,24,1400,190600,3
DEQ,948853636286460,24,1400,272775,4
DEQ,948853636289318,24,1400,162906,3
DEQ,948853636372155,24,1400,241755,4
DEQ,948853636374999,24,1400,169853,3
DEQ,948853636450466,24,1400,234045,4
DEQ,948853636453390,24,1400,159200,3
DEQ,948853636541007,24,1400,234590,4
DEQ,948853636608997,24,1400,229125,3
DEQ,948853636611830,24,1400,228101,2
DEQ,948853636687361,24,1400,229081,3
DEQ,948853636690185,24,1400,222744,2
DEQ,948853636711523,24,1400,94758,3
DEQ,948853636794485,24,1400,173717,4
DEQ,948853636797359,24,1400,101945,3
DEQ,948853636877968,24,1400,170858,4
DEQ,948853636881592,24,1400,167771,3
DEQ,948853636957358,24,1400,241483,4
DEQ,948853636960205,24,1400,157991,3
DEQ,948853637033399,24,1400,227239,4
DEQ,948853637044072,24,1400,157307,3
DEQ,948853637127288,24,1400,236522,4
DEQ,948853637130790,24,1400,165719,3
DEQ,948853637207380,24,1400,238206,4
DEQ,948853637210137,24,1400,162328,3
DEQ,948853637293486,24,1400,241790,4
DEQ,948853637296226,24,1400,161175,3
DEQ,948853637377106,24,1400,238156,4
DEQ,948853637380602,24,1400,165812,3
DEQ,948853637465309,24,1400,246513,4
DEQ,948853637468225,24,1400,167177,3
DEQ,948853637543624,24,1400,238614,4
DEQ,948853637546458,24,1400,161569,3
DEQ,948853637622236,24,1400,233376,4
DEQ,948853637625148,24,1400,152142,3
DEQ,948853637698705,24,1400,221671,4
DEQ,948853637701568,24,1400,150143,3
DEQ,948853637786542,24,1400,231259,4
DEQ,948853637789420,24,1400,159346,3
DEQ,948853637868343,24,1400,234429,4
DEQ,948853637871950,24,1400,165556,3
DEQ,948853637947323,24,1400,228998,4
DEQ,948853637950187,24,1400,155823,3
DEQ,948853638030743,24,1400,232428,4
DEQ,948853638033591,24,1400,156461,3
DEQ,948853638123690,24,1400,242615,4
DEQ,948853638126618,24,1400,171623,3
DEQ,948853638143348,24,1400,184323,4
DEQ,948853638236520,24,1400,197923,3
DEQ,948853638239219,24,1400,190938,2
DEQ,948853638323177,24,1400,191327,3
DEQ,948853638325995,24,1400,187022,2
DEQ,948853638342570,24,1400,98558,3
DEQ,948853638429268,24,1400,181392,4
DEQ,948853638432068,24,1400,101309,3
DEQ,948853638514752,24,1400,180176,4
DEQ,948853638529477,24,1400,185449,3
DEQ,948853638654991,24,1400,308996,4
DEQ,948853638721297,24,1400,284517,3
DEQ,948853638724198,24,1400,283404,2
DEQ,948853638805813,24,1400,271044,3
DEQ,948853638808664,24,1400,269761,2
DEQ,948853638883414,24,1400,154335,3
DEQ,948853638966562,24,1400,229412,4
DEQ,948853638973383,24,1400,159865,3
DEQ,948853639003011,24,1400,185494,4
DEQ,948853639115521,24,1400,221387,3
DEQ,948853639118278,24,1400,221489,2
DEQ,948853639196726,24,1400,213804,3
DEQ,948853639199503,24,1400,208391,2
DEQ,948853639278045,24,1400,154781,3
DEQ,948853639280859,24,1400,153752,2
DEQ,948853639362794,24,1400,158486,3
DEQ,948853639365571,24,1400,157275,2
DEQ,948853639453950,24,1400,168258,3
DEQ,948853639456750,24,1400,164134,2
DEQ,948853639473338,24,1400,103017,3
DEQ,948853639548941,24,1400,174608,4
DEQ,948853639611103,24,1400,149520,3
DEQ,948853639613945,24,1400,148559,2
DEQ,948853639691003,24,1400,216188,3
DEQ,948853639693885,24,1400,216949,2
DEQ,948853639781037,24,1400,162165,3
DEQ,948853639870806,24,1400,242934,4
DEQ,948853639875243,24,1400,176458,3
DEQ,948853639958143,24,1400,251237,4
DEQ,948853639960983,24,1400,172954,3
DEQ,948853639983411,24,1400,191390,4
DEQ,948853640069850,24,1400,189776,3
DEQ,948853640072597,24,1400,188612,2
DEQ,948853640095997,24,1400,130054,3
DEQ,948853640200680,24,1400,222162,4
DEQ,948853640203361,24,1400,125884,3
DEQ,948853640279048,24,1400,197761,4
DEQ,948853640281847,24,1400,183484,3
DEQ,948853640367982,24,1400,267479,4
DEQ,948853640370715,24,1400,162507,3
DEQ,948853640459812,24,1400,247653,4
DEQ,948853640462636,24,1400,175930,3
DEQ,948853640479085,24,1400,188419,4
DEQ,948853640552891,24,1400,177124,3
DEQ,948853640572101,24,1400,192500,4
DEQ,948853640646371,24,1400,178889,3
DEQ,948853640649181,24,1400,174554,2
DEQ,948853640665338,24,1400,101978,3
DEQ,948853640743174,24,1400,175900,4
DEQ,948853640746055,24,1400,88531,3
DEQ,948853640820677,24,1400,159331,4
DEQ,948853640823559,24,1400,155833,3
DEQ,948853640900532,24,1400,230733,4
DEQ,948853640903405,24,1400,152476,3
DEQ,948853640978869,24,1400,223969,4
DEQ,948853640981683,24,1400,153243,3
DEQ,948853641071550,24,1400,239053,4
DEQ,948853641074256,24,1400,165867,3
DEQ,948853641100185,24,1400,187953,4
DEQ,948853641190632,24,1400,204097,3
DEQ,948853641193405,24,1400,202861,2
DEQ,948853641278680,24,1400,199278,3
DEQ,948853641281750,24,1400,186510,2
DEQ,948853641361214,24,1400,162971,3
DEQ,948853840394759,24,1400,199192696,5
DEQ,948853840397897,24,1400,199111388,4
DEQ,948853840398570,24,1400,199108078,3
DEQ,948853840487361,24,1400,199119245,4
DEQ,948853840492176,24,1400,199114458,3
DEQ,948853840569550,24,84,119796268,4
DEQ,948853840572401,24,1400,167463,3
DEQ,948853840572902,24,1400,162701,2
DEQ,948853840590235,24,1400,93702,3
DEQ,948853840664042,24,1400,163070,4
DEQ,948853840666839,24,1400,88093,3
DEQ,948853840747128,24,1400,164393,4
DEQ,948853840750006,24,1400,157354,3
DEQ,948853840829972,24,1400,235335,4
DEQ,948853840833018,24,1400,161378,3
DEQ,948853840928218,24,1400,246468,4
DEQ,948853840935321,24,1400,180398,3
DEQ,948853840938342,24,1400,179549,2
DEQ,948853841023430,24,1400,185225,3
DEQ,948853841029892,24,1400,187408,2
DEQ,948853841031483,24,1400,84232,1
DEQ,948853841121676,24,1400,171603,4
DEQ,948853841124444,24,1400,88609,3
DEQ,948853841141252,24,1400,101495,4
DEQ,948853841228775,24,1400,183327,3
DEQ,948853841231504,24,1400,183795,2
DEQ,948853841252210,24,1400,123020,3
DEQ,948853841341517,24,1400,204713,4
DEQ,948853841344264,24,1400,107831,3
DEQ,948853841429820,24,1400,185080,4
DEQ,948853841432671,24,1400,179064,3
DEQ,948853841509664,24,1400,254075,4
DEQ,948853841575245,24,1400,226174,3
DEQ,948853841600346,24,1400,241531,4
DEQ,948853841674493,24,1400,236923,3
DEQ,948853841693312,24,1400,251822,4
DEQ,948853841769882,24,1400,187734,3
DEQ,948853841772725,24,1400,177425,2
DEQ,948853841789520,24,1400,108201,3
DEQ,948853841868269,24,1400,179649,4
DEQ,948853841871697,24,1400,90628,3
DEQ,948853841959700,24,1400,174615,4
DEQ,948853841962406,24,1400,170648,3
DEQ,948853842037985,24,1400,244218,4
DEQ,948853842040748,24,1400,164942,3
DEQ,948853842080190,24,1400,200338,4
DEQ,948853842119955,24,1400,152657,3
DEQ,948853842168531,24,1400,197265,4
DEQ,948853842208280,24,1400,158215,3
DEQ,948853842248526,24,1400,190792,4
DEQ,948853842316328,24,1400,194089,3
DEQ,948853842356628,24,1400,232720,4
DEQ,948853842396603,24,1400,186237,3
DEQ,948853842462326,24,1400,249965,4
DEQ,948853842502424,24,1400,184096,3
DEQ,948853842549171,24,1400,228893,4
DEQ,948853842582605,24,1400,183940,3
DEQ,948853842622497,24,1400,221812,4
DEQ,948853842663083,24,1400,158524,3
DEQ,948853842705431,24,1400,198896,4
DEQ,948853842746013,24,1400,161475,3
DEQ,948853842782673,24,1400,196164,4
DEQ,948853842824444,24,1400,158952,3
DEQ,948853842864870,24,1400,197071,4
DEQ,948853842902363,24,1400,154262,3
DEQ,948853842942631,24,1400,192595,4
DEQ,948853842985470,24,1400,158954,3
DEQ,948853843022662,24,1400,194195,4
DEQ,948853843064178,24,1400,159751,3
DEQ,948853843106163,24,1400,199729,4
DEQ,948853843144770,24,1400,157027,3
DEQ,948853843182269,24,1400,192560,4
DEQ,948853843223190,24,1400,156976,3
DEQ,948853843262630,24,1400,194477,4
DEQ,948853843303173,24,1400,156414,3
DEQ,948853843345484,24,1400,196729,4
DEQ,948853843382631,24,1400,157352,3
DEQ,948853843422661,24,1400,195332,4
DEQ,948853843467148,24,1400,161917,3
DEQ,948853843502393,24,1400,195217,4
DEQ,948853843542397,24,1400,157419,3
DEQ,948853843582583,24,1400,195518,4
DEQ,948853843622641,24,1400,153310,3
DEQ,948853843663415,24,1400,192129,4
DEQ,948853843702414,24,1400,157960,3
DEQ,948853843746040,24,1400,199663,4
DEQ,948853843782403,24,1400,157576,3
DEQ,948853843822549,24,1400,195698,4
DEQ,948853843862630,24,1400,158072,3
DEQ,948853843902627,24,1400,196119,4
DEQ,948853843947305,24,1400,162846,3
DEQ,948853843990473,24,1400,204209,4
DEQ,948853844022642,24,1400,157861,3
DEQ,948853844062562,24,1400,196018,4
DEQ,948853844109959,24,1400,160395,3
DEQ,948853844142634,24,1400,191118,4
DEQ,948853844185767,24,1400,161154,3
DEQ,948853844222555,24,1400,195974,4
DEQ,948853844223799,24,1400,111693,3
DEQ,948853844262554,24,1400,148452,4
DEQ,948853844309102,24,1400,121212,3
DEQ,948853844342660,24,1400,152755,4
DEQ,948853844382591,24,1400,157375,3
DEQ,948853844422691,24,1400,195548,4
DEQ,948853844424143,24,1400,112884,3
DEQ,948853844463019,24,1400,149737,4
DEQ,948853844502534,24,1400,117936,3
DEQ,948853844542605,24,1400,156017,4
DEQ,948853844543790,24,1400,118205,3
DEQ,948853844590222,24,1400,162690,4
DEQ,948853844630620,24,1400,125908,3
DEQ,948853844670626,24,1400,163915,4
DEQ,948853844717069,24,1400,171898,3
DEQ,948853844750535,24,1400,203314,4
DEQ,948853844794739,24,1400,162042,3
DEQ,948853844833482,24,1400,199127,4
DEQ,948853844873508,24,1400,154307,3
DEQ,948853844913661,24,1400,192440,4
DEQ,948853844953580,24,1400,156590,3
DEQ,948853844993698,24,1400,194652,4
DEQ,948853845039155,24,1400,163568,3
DEQ,948853845073662,24,1400,196322,4
DEQ,948853845114294,24,1400,158557,3
DEQ,948853845153674,24,1400,195991,4
STATS,948853945378520,4,5600,8132,8128,0,0,0
DEQ,948854040364987,24,1400,195323787,3
DEQ,948854040371124,24,1400,195327843,2
DEQ,948854040372734,24,1400,195256523,1
DEQ,948854040463316,24,1400,195344999,4
DEQ,948854040464212,24,1400,86862,3
DEQ,948854040540707,24,1400,159021,4
DEQ,948854040543538,24,1400,156002,3
DEQ,948854040629479,24,1400,239970,4
DEQ,948854040632360,24,1400,163158,3
DEQ,948854040712993,24,1400,239791,4
DEQ,948854040785644,24,1400,237161,3
DEQ,948854040788488,24,1400,230235,2
DEQ,948854040868003,24,1400,230737,3
DEQ,948854040871645,24,1400,225416,2
DEQ,948854040951160,24,1400,157884,3
DEQ,948854040954008,24,1400,156776,2
DEQ,948854041040099,24,1400,163658,3
DEQ,948854041042841,24,1400,162568,2
DEQ,948854041126475,24,1400,167671,3
DEQ,948854041129251,24,1400,166480,2
DEQ,948854041145979,24,1400,98339,3
DEQ,948854041225051,24,1400,173497,4
DEQ,948854041227819,24,1400,90139,3
DEQ,948854041315032,24,1400,173372,4
DEQ,948854041317778,24,1400,170304,3
DEQ,948854041395546,24,1400,246041,4
DEQ,948854041484191,24,1400,251437,3
DEQ,948854041502647,24,1400,261637,4
DEQ,948854041603190,24,1400,280557,3
DEQ,948854041606077,24,1400,279082,2
DEQ,948854041693721,24,1400,199140,3
DEQ,948854041712666,24,1400,214324,4
DEQ,948854041834915,24,1400,223947,3
DEQ,948854041837730,24,1400,217822,2
DEQ,948854041963781,24,1400,263189,3
DEQ,948854041967037,24,1400,262556,2
DEQ,948854041967563,24,1400,125053,1
DEQ,948854042054492,24,1400,207964,4
DEQ,948854042057349,24,1400,83772,3
DEQ,948854042097545,24,1400,119419,4
DEQ,948854042137544,24,1400,154640,3
DEQ,948854042188397,24,1400,203697,4
DEQ,948854042228070,24,1400,161194,3
DEQ,948854042275464,24,1400,200582,4
DEQ,948854042321344,24,1400,181142,3
DEQ,948854042362650,24,1400,220445,4
DEQ,948854042424487,24,1400,195055,3
DEQ,948854042470449,24,1400,238970,4
DEQ,948854042504858,24,1400,181539,3
DEQ,948854042571362,24,1400,246059,4
DEQ,948854042618554,24,1400,191971,3
DEQ,948854042651776,24,1400,223252,4
DEQ,948854042699286,24,1400,192238,3
DEQ,948854042737484,24,1400,228501,4
DEQ,948854042771773,24,1400,151156,3
DEQ,948854042811886,24,1400,189309,4
DEQ,948854042859578,24,1400,158142,3
DEQ,948854042891817,24,1400,188409,4
DEQ,948854042939516,24,1400,165687,3
DEQ,948854042971572,24,1400,195988,4
DEQ,948854043019540,24,1400,157705,3
DEQ,948854043051617,24,1400,187820,4
DEQ,948854043092275,24,1400,150675,3
DEQ,948854043131847,24,1400,188262,4
DEQ,948854043173904,24,1400,152238,3
DEQ,948854043211646,24,1400,187885,4
DEQ,948854043251455,24,1400,157237,3
DEQ,948854043292044,24,1400,195763,4
DEQ,948854043333509,24,1400,157342,3
DEQ,948854043376583,24,1400,198492,4
DEQ,948854043416503,24,1400,162924,3
DEQ,948854043456517,24,1400,200922,4
DEQ,948854043497335,24,1400,161772,3
DEQ,948854043536313,24,1400,198725,4
DEQ,948854043576570,24,1400,157868,3
DEQ,948854043616491,24,1400,195809,4
DEQ,948854043664325,24,1400,164872,3
DEQ,948854043696717,24,1400,195482,4
DEQ,948854043767055,24,1400,188394,3
DEQ,948854043813125,24,1400,232425,4
DEQ,948854043846880,24,1400,180286,3
DEQ,948854043899351,24,1400,230732,4
DEQ,948854043947416,24,1400,178053,3
DEQ,948854043979161,24,1400,207781,4
DEQ,948854044019059,24,1400,170186,3
DEQ,948854044059112,24,1400,208258,4
DEQ,948854044099127,24,1400,149615,3
DEQ,948854044148354,24,1400,196930,4
DEQ,948854044187419,24,1400,166277,3
DEQ,948854044227867,24,1400,204753,4
DEQ,948854044267868,24,1400,166789,3
DEQ,948854044307829,24,1400,204654,4
DEQ,948854044347768,24,1400,158107,3
DEQ,948854044400169,24,1400,208578,4
DEQ,948854044445968,24,1400,176001,3
DEQ,948854044487482,24,1400,215440,4
DEQ,948854044549073,24,1400,199219,3
DEQ,948854044594970,24,1400,243197,4
DEQ,948854044629626,24,1400,181455,3
DEQ,948854044695064,24,1400,244598,4
DEQ,948854044740914,24,1400,189796,3
DEQ,948854044775597,24,1400,222535,4
DEQ,948854044836096,24,1400,204431,3
DEQ,948854044879239,24,1400,245605,4
DEQ,948854044918700,24,1400,175603,3
DEQ,948854044956289,24,1400,211330,4
DEQ,948854044996359,24,1400,158246,3
DEQ,948854045035988,24,1400,195770,4
DEQ,948854045076796,24,1400,155053,3
DEQ,948854045120002,24,1400,196241,4
DEQ,948854045156608,24,1400,158214,3
DEQ,948854045196643,24,1400,195303,4
DEQ,948854045236703,24,1400,157881,3
DEQ,948854045276446,24,1400,195505,4
DEQ,948854045316553,24,1400,157597,3
DEQ,948854045358135,24,1400,197174,4
DEQ,948854045396605,24,1400,157637,3
DEQ,948854045438651,24,1400,197788,4
DEQ,948854045481034,24,1400,162403,3
DEQ,948854045519710,24,1400,199125,4
DEQ,948854045556478,24,1400,157794,3
DEQ,948854045599586,24,1400,198857,4
DEQ,948854045636724,24,1400,153534,3
DEQ,948854045678733,24,1400,193537,4
DEQ,948854045716560,24,1400,157796,3
DEQ,948854045756651,24,1400,195942,4
DEQ,948854045798591,24,1400,159750,3
DEQ,948854045836298,24,1400,195387,4
DEQ,948854045837513,24,1400,118794,3
DEQ,948854245309430,24,1400,199588716,4
DEQ,948854245312330,24,1400,199511717,3
DEQ,948854245312746,24,1400,199510115,2
DEQ,948854245338508,24,1400,199499611,3
DEQ,948854245442189,24,1400,199601346,4
DEQ,948854245444890,24,1400,126294,3
DEQ,948854245446502,24,1400,123985,2
DEQ,948854245540176,24,1400,198838,3
DEQ,948854245559231,24,1400,215415,4
DEQ,948854245627242,24,1400,176659,3
DEQ,948854245701155,24,1400,246531,4
DEQ,948854245750160,24,1400,199321,3
DEQ,948854245783143,24,1400,228359,4
DEQ,948854245823153,24,1400,193576,3
DEQ,948854245874138,24,1400,242511,4
DEQ,948854245913124,24,1400,160807,3
DEQ,948854245946196,24,1400,191877,4
DEQ,948854245994239,24,1400,169786,3
DEQ,948854246077025,24,1400,250598,4
DEQ,948854246079923,24,1400,164746,3
DEQ,948854246097086,24,1400,179979,4
DEQ,948854246208367,24,1400,211873,3
DEQ,948854246211226,24,1400,212630,2
DEQ,948854246286561,24,1400,201823,3
DEQ,948854246289363,24,1400,197294,2
DEQ,948854246394055,24,1400,177976,3
DEQ,948854246396774,24,1400,176805,2
DEQ,948854246481337,24,1400,186942,3
DEQ,948854246484023,24,1400,185586,2
DEQ,948854246505769,24,1400,104222,3
DEQ,948854246583741,24,1400,178338,4
DEQ,948854246586513,24,1400,97809,3
DEQ,948854246673137,24,1400,171729,4
DEQ,948854246675824,24,1400,168514,3
DEQ,948854246759823,24,1400,250874,4
DEQ,948854246762650,24,1400,171266,3
DEQ,948854246784524,24,1400,189070,4
DEQ,948854246858221,24,1400,177571,3
DEQ,948854246861051,24,1400,176381,2
DEQ,948854246877914,24,1400,110392,3
DEQ,948854246962319,24,1400,182420,4
DEQ,948854246965175,24,1400,99364,3
DEQ,948854247050686,24,1400,180856,4
DEQ,948854247053507,24,1400,173317,3
DEQ,948854247132274,24,1400,250106,4
DEQ,948854247135113,24,1400,164994,3
DEQ,948854247215595,24,1400,234325,4
DEQ,948854247218366,24,1400,160114,3
DEQ,948854247292647,24,1400,230412,4
DEQ,948854247295368,24,1400,155293,3
DEQ,948854247372214,24,1400,228254,4
DEQ,948854247374987,24,1400,151773,3
DEQ,948854247451344,24,1400,224128,4
DEQ,948854247454213,24,1400,154103,3
DEQ,948854247541271,24,1400,232169,4
DEQ,948854247544111,24,1400,164220,3
DEQ,948854247626484,24,1400,242708,4
DEQ,948854247629335,24,1400,170287,3
DEQ,948854247713122,24,1400,245107,4
DEQ,948854247716067,24,1400,167241,3
DEQ,948854247834806,24,1400,276833,4
DEQ,948854247837505,24,1400,203186,3
DEQ,948854247918781,24,1400,274824,4
DEQ,948854247921492,24,1400,200477,3
DEQ,948854247943691,24,1400,214658,4
DEQ,948854248032081,24,1400,189822,3
DEQ,948854248034843,24,1400,188597,2
DEQ,948854248123096,24,1400,196752,3
DEQ,948854248125775,24,1400,186927,2
DEQ,948854248210147,24,1400,170512,3
DEQ,948854248212964,24,1400,164942,2
DEQ,948854248287953,24,1400,157174,3
DEQ,948854248290785,24,1400,156114,2
DEQ,948854248369955,24,1400,152248,3
DEQ,948854248372800,24,1400,151111,2
DEQ,948854248447308,24,1400,151685,3
DEQ,948854248450163,24,1400,147496,2
DEQ,948854248526449,24,1400,148843,3
DEQ,948854248529272,24,1400,147678,2
DEQ,948854248605557,24,1400,150593,3
DEQ,948854248608394,24,1400,149533,2
DEQ,948854248682898,24,1400,148884,3
DEQ,948854248685730,24,1400,147726,2
DEQ,948854248768100,24,1400,154944,3
DEQ,948854248770838,24,1400,153826,2
DEQ,948854248848124,24,1400,157413,3
DEQ,948854248850968,24,1400,150951,2
DEQ,948854248933892,24,1400,158222,3
DEQ,948854248936741,24,1400,157218,2
DEQ,948854249008840,24,1400,153083,3
DEQ,948854249015727,24,1400,150744,2
DEQ,948854249101472,24,1400,159921,3
DEQ,948854249104196,24,1400,158773,2
DEQ,948854249180168,24,1400,159532,3
DEQ,948854249182893,24,1400,158217,2
DEQ,948854249265637,24,1400,156734,3
DEQ,948854249268334,24,1400,155566,2
DEQ,948854249350654,24,1400,163032,3
DEQ,948854249353347,24,1400,154477,2
DEQ,948854249434777,24,1400,161662,3
DEQ,948854249437634,24,1400,160622,2
DEQ,948854249461290,24,1400,103231,3
DEQ,948854249566478,24,1400,199575,4
DEQ,948854249569363,24,1400,126909,3
DEQ,948854249665616,24,1400,219504,4
DEQ,948854249668449,24,1400,203698,3
DEQ,948854249685022,24,1400,217953,4
DEQ,948854249758663,24,1400,184339,3
DEQ,948854249777586,24,1400,191780,4
DEQ,948854249867499,24,1400,190569,3
DEQ,948854249870322,24,1400,189579,2
DEQ,948854249945626,24,1400,180094,3
DEQ,948854249948481,24,1400,178914,2
DEQ,948854250025632,24,1400,150445,3
DEQ,948854250028288,24,1400,149110,2
DEQ,948854250106434,24,1400,153057,3
DEQ,948854250109139,24,1400,151889,2
DEQ,948854250185543,24,1400,152387,3
DEQ,948854250188294,24,1400,151277,2
DEQ,948854250271567,24,1400,157540,3
DEQ,948854250274340,24,1400,156317,2
DEQ,948854445309313,24,1400,195116202,3
DEQ,948854445311991,24,1400,195114999,2
DEQ,948854445312524,24,1400,195033422,1
DEQ,948854445336083,24,1400,195048430,4
DEQ,948854445427677,24,1400,109967,3
DEQ,948854445428623,24,1400,106635,2
DEQ,948854445445302,24,1400,118074,3
DEQ,948854445527367,24,1400,198010,4
DEQ,948854445530082,24,1400,96592,3
DEQ,948854445622125,24,1400,184722,4
DEQ,948854445624847,24,1400,176194,3
DEQ,948854445705576,24,1400,254818,4
DEQ,948854445708317,24,1400,172970,3
DEQ,948854445791665,24,1400,247895,4
DEQ,948854445794388,24,1400,164795,3
DEQ,948854445810804,24,1400,177337,4
DEQ,948854445884931,24,1400,171783,3
DEQ,948854445903397,24,1400,186225,4
DEQ,948854445995645,24,1400,192980,3
DEQ,948854445998350,24,1400,191788,2
DEQ,948854446075075,24,1400,183431,3
DEQ,948854446077958,24,1400,182436,2
DEQ,948854446165087,24,1400,161530,3
DEQ,948854446252868,24,1400,245131,4
DEQ,948854446255976,24,1400,173061,3
DEQ,948854446273176,24,1400,180600,4
DEQ,948854446346135,24,1400,174109,3
DEQ,948854446349178,24,1400,173139,2
DEQ,948854446379053,24,1400,114351,3
DEQ,948854446473092,24,1400,204268,4
DEQ,948854446475878,24,1400,121429,3
DEQ,948854446563085,24,1400,196475,4
DEQ,948854446565863,24,1400,183947,3
DEQ,948854446652720,24,1400,268954,4
DEQ,948854446655452,24,1400,174773,3
DEQ,948854446742514,24,1400,252852,4
DEQ,948854446745340,24,1400,174513,3
DEQ,948854446832523,24,1400,251905,4
DEQ,948854446835243,24,1400,175059,3
DEQ,948854446852579,24,1400,188434,4
DEQ,948854446930587,24,1400,180231,3
DEQ,948854446935681,24,1400,181353,2
DEQ,948854447035638,24,1400,195349,3
DEQ,948854447038313,24,1400,194149,2
DEQ,948854447120646,24,1400,175160,3
DEQ,948854447123338,24,1400,169785,2
DEQ,948854447209372,24,1400,166144,3
DEQ,948854447212065,24,1400,164984,2
DEQ,948854447288547,24,1400,160381,3
DEQ,948854447291273,24,1400,159128,2
DEQ,948854447372219,24,1400,155419,3
DEQ,948854447375137,24,1400,154414,2
DEQ,948854447447871,24,1400,151883,3
DEQ,948854447450749,24,1400,143324,2
DEQ,948854447540172,24,1400,159965,3
DEQ,948854447618618,24,1400,234514,4
DEQ,948854447621874,24,1400,166352,3
DEQ,948854447638636,24,1400,171227,4
DEQ,948854447722281,24,1400,175187,3
DEQ,948854447725123,24,1400,174152,2
DEQ,948854447808912,24,1400,181644,3
DEQ,948854447811768,24,1400,180553,2
DEQ,948854447888588,24,1400,158552,3
DEQ,948854447891393,24,1400,153082,2
DEQ,948854447975245,24,1400,158407,3
DEQ,948854447978111,24,1400,157407,2
DEQ,948854448074522,24,1400,178255,3
DEQ,948854448093696,24,1400,188425,4
DEQ,948854448233929,24,1400,251034,3
DEQ,948854448236639,24,1400,245382,2
DEQ,948854448327229,24,1400,245878,3
DEQ,948854448329995,24,1400,241035,2
DEQ,948854448409891,24,1400,168497,3
DEQ,948854448487135,24,1400,237028,4
DEQ,948854448494272,24,1400,159411,3
DEQ,948854448660754,24,1400,321940,4
DEQ,948854448663437,24,1400,246427,3
DEQ,948854448767095,24,1400,346082,4
DEQ,948854448860214,24,1400,360957,3
DEQ,948854448982639,24,1400,479337,4
DEQ,948854448986195,24,1400,318011,3
DEQ,948854449048312,24,1400,376297,4
DEQ,948854449087894,24,1400,210963,3
DEQ,948854449127796,24,1400,247811,4
DEQ,948854449174527,24,1400,182461,3
DEQ,948854449208104,24,1400,211315,4
DEQ,948854449247944,24,1400,157841,3
DEQ,948854449287927,24,1400,195520,4
DEQ,948854449327783,24,1400,151600,3
DEQ,948854449371427,24,1400,193125,4
DEQ,948854449408044,24,1400,157740,3
DEQ,948854449449318,24,1400,196879,4
DEQ,948854449491742,24,1400,161446,3
DEQ,948854449527931,24,1400,195457,4
DEQ,948854449571498,24,1400,160957,3
DEQ,948854449608008,24,1400,195234,4
DEQ,948854449650840,24,1400,156705,3
DEQ,948854449687426,24,1400,189927,4
DEQ,948854449742438,24,1400,168410,3
DEQ,948854449768035,24,1400,191914,4
DEQ,948854449829612,24,1400,176201,3
DEQ,948854449848023,24,1400,192214,4
DEQ,948854449895688,24,1400,150929,3
DEQ,948854449927801,24,1400,179995,4
DEQ,948854449968550,24,1400,136327,3
DEQ,948854450008859,24,1400,174548,4
DEQ,948854450048899,24,1400,150621,3
DEQ,948854450087707,24,1400,187210,4
DEQ,948854450127822,24,1400,156823,3
DEQ,948854450167785,24,1400,194595,4
DEQ,948854450207927,24,1400,156473,3
DEQ,948854450248007,24,1400,194338,4
DEQ,948854450287979,24,1400,157528,3
DEQ,948854450328437,24,1400,195746,4
DEQ,948854450367987,24,1400,157859,3
DEQ,948854450413897,24,1400,201588,4
DEQ,948854450455812,24,1400,165473,3
DEQ,948854450493769,24,1400,201619,2
DEQ,948854450530455,24,1400,160056,1
DEQ,948854450568169,24,1400,195632,4
DEQ,948854450570018,24,1400,37176,3
DEQ,948854450627317,24,1400,92279,4
DEQ,948854450701723,24,1400,163489,3
DEQ,948854450749026,24,1400,208749,4
DEQ,948854450792633,24,1400,220976,3
DEQ,948854450831605,24,1400,257857,2
DEQ,948854450876685,24,1400,172580,3
DEQ,948854450916615,24,1400,210314,4
DEQ,948854450956479,24,1400,122474,3
DEQ,948854450997002,24,1400,160899,4
DEQ,948854451043534,24,1400,164512,3
DEQ,948854451089142,24,1400,208052,4
DEQ,948854451123515,24,1400,164451,3
DEQ,948854650337782,24,1400,199376615,4
DEQ,948854650340567,24,1400,199294407,3
DEQ,948854650341051,24,1400,199292864,2
DEQ,948854650369502,24,1400,199242434,3
DEQ,948854650470379,24,1400,199341163,4
DEQ,948854650477058,24,1400,130303,3
DEQ,948854650479441,24,1400,125710,2
DEQ,948854650587660,24,1400,215620,3
DEQ,948854650590430,24,1400,216293,2
DEQ,948854650627467,24,1400,143533,3
DEQ,948854650674097,24,1400,179467,4
DEQ,948854650707339,24,1400,111498,3
DEQ,948854650747406,24,1400,147477,4
DEQ,948854650790026,24,1400,160671,3
DEQ,948854650832330,24,1400,200709,4
DEQ,948854650870758,24,1400,162040,3
DEQ,948854650907388,24,1400,196692,4
DEQ,948854650949915,24,1400,158640,3
DEQ,948854650990781,24,1400,197583,4
DEQ,948854651067727,24,1400,195555,3
DEQ,948854651070626,24,1400,196451,2
DEQ,948854651142296,24,1400,188567,3
DEQ,948854651145182,24,1400,189124,2
DEQ,948854651231162,24,1400,155677,3
DEQ,948854651234208,24,1400,154874,2
DEQ,948854651321913,24,1400,171779,3
DEQ,948854651324974,24,1400,170782,2
DEQ,948854651408731,24,1400,169285,3
DEQ,948854651499917,24,1400,248366,4
DEQ,948854651502662,24,1400,172508,3
DEQ,948854651524260,24,1400,185798,4
DEQ,948854651603119,24,1400,187278,3
DEQ,948854651605893,24,1400,186155,2
DEQ,948854651692282,24,1400,184495,3
DEQ,948854651695165,24,1400,175533,2
DEQ,948854651773032,24,1400,162422,3
DEQ,948854651775843,24,1400,156317,2
DEQ,948854651799636,24,1400,99527,3
DEQ,948854651883954,24,1400,179803,4
DEQ,948854651886696,24,1400,106017,3
DEQ,948854651909813,24,1400,114640,4
DEQ,948854651983976,24,1400,181987,3
DEQ,948854651986873,24,1400,182763,2
DEQ,948854652004540,24,1400,112985,3
DEQ,948854652087247,24,1400,181945,4
DEQ,948854652090078,24,1400,97946,3
DEQ,948854652203913,24,1400,207942,4
DEQ,948854652206497,24,1400,199591,3
DEQ,948854652207985,24,1400,199092,2
DEQ,948854652290640,24,1400,195617,3
DEQ,948854652293336,24,1400,194283,2
DEQ,948854652373907,24,1400,161903,3
DEQ,948854652376667,24,1400,160868,2
DEQ,948854652451849,24,1400,153710,3
DEQ,948854652454570,24,1400,146991,2
DEQ,948854652540202,24,1400,158700,3
DEQ,948854652621240,24,1400,235897,4
DEQ,948854652624027,24,1400,164621,3
DEQ,948854652641487,24,1400,173015,4
DEQ,948854652716438,24,1400,169412,3
DEQ,948854652719356,24,1400,168533,2
DEQ,948854652794300,24,1400,165583,3
DEQ,948854652797496,24,1400,160736,2
DEQ,948854652879809,24,1400,155635,3
DEQ,948854652909509,24,1400,181383,4
DEQ,948854652980287,24,1400,177861,3
DEQ,948854653004870,24,1400,194441,4
DEQ,948854653124274,24,1400,223237,3
DEQ,948854653127019,24,1400,223285,2
DEQ,948854653143349,24,1400,156129,3
DEQ,948854653267332,24,1400,267493,4
DEQ,948854653270097,24,1400,138382,3
DEQ,948854653290156,24,1400,151350,4
DEQ,948854653385663,24,1400,240701,3
DEQ,948854653388394,24,1400,241455,2
DEQ,948854653408316,24,1400,133341,3
DEQ,948854653513932,24,1400,234939,4
DEQ,948854653516662,24,1400,123383,3
DEQ,948854653539751,24,1400,142498,4
DEQ,948854653617934,24,1400,207872,3
DEQ,948854653620689,24,1400,208537,2
DEQ,948854653637713,24,1400,116219,3
DEQ,948854653738103,24,1400,202875,4
DEQ,948854653740836,24,1400,115312,3
DEQ,948854653820275,24,1400,190876,4
DEQ,948854653822995,24,1400,183769,3
DEQ,948854653844607,24,1400,203397,4
DEQ,948854653913107,24,1400,167510,3
DEQ,948854653916093,24,1400,166517,2
DEQ,948854653997132,24,1400,169255,3
DEQ,948854653999959,24,1400,159729,2
DEQ,948854654073736,24,1400,152952,3
DEQ,948854654076535,24,1400,151759,2
DEQ,948854654164453,24,1400,158985,3
DEQ,948854654242168,24,1400,232676,4
DEQ,948854654245049,24,1400,163513,3
DEQ,948854654266658,24,1400,174287,4
DEQ,948854654346403,24,1400,174892,3
DEQ,948854654349209,24,1400,173730,2
DEQ,948854654378521,24,1400,128520,3
DEQ,948854654465363,24,1400,203336,4
DEQ,948854654468155,24,1400,114063,3
DEQ,948854654545412,24,1400,181958,4
DEQ,948854654548261,24,1400,166623,3
DEQ,948854654622016,24,1400,238440,4
DEQ,948854654625218,24,1400,152268,3
DEQ,948854654698188,24,1400,221313,4
DEQ,948854654701055,24,1400,147911,3
DEQ,948854654790738,24,1400,233551,4
DEQ,948854654793525,24,1400,163484,3
DEQ,948854654872192,24,1400,238096,4
DEQ,948854654875026,24,1400,169110,3
DEQ,948854654954600,24,1400,236453,4
DEQ,948854654957396,24,1400,158961,3
DEQ,948854655040190,24,1400,232051,4
DEQ,948854655043038,24,1400,163254,3
DEQ,948854655119616,24,1400,235944,4
DEQ,948854655122372,24,1400,160052,3
DEQ,948854655139614,24,1400,173376,4
DEQ,948854655231268,24,1400,183118,3
DEQ,948854850309354,24,1400,195257213,5
DEQ,948854850311882,24,1400,195184288,4
DEQ,948854850312390,24,1400,195180753,3
DEQ,948854850337393,24,1400,195099238,4
DEQ,948854850443182,24,1400,195195837,5
DEQ,948854850445861,24,84,128777379,4
DEQ,948854850455070,24,1400,137252,3
DEQ,948854850576483,24,1400,254732,4
DEQ,948854850579250,24,1400,239421,3
DEQ,948854850670626,24,1400,328487,4
DEQ,948854850673380,24,1400,214457,3
DEQ,948854850689633,24,1400,226857,4
DEQ,948854850780907,24,1400,196903,3
DEQ,948854850783503,24,1400,195457,2
DEQ,948854850784918,24,1400,106843,1
DEQ,948854850869231,24,1400,187096,4
DEQ,948854850877005,24,1400,88105,3
DEQ,948854850966439,24,1400,173698,4
DEQ,948854851050525,24,1400,252592,3
DEQ,948854851053361,24,1400,253388,2
DEQ,948854851079223,24,1400,198575,3
DEQ,948854851120892,24,1400,236184,4
DEQ,948854851168139,24,1400,105818,3
DEQ,948854851208205,24,1400,141766,4
DEQ,948854851248399,24,1400,166484,3
DEQ,948854851317280,24,1400,233147,4
DEQ,948854851364868,24,1400,194679,3
DEQ,948854851397362,24,1400,225153,4
DEQ,948854851461173,24,1400,210563,3
DEQ,948854851502322,24,1400,249691,4
DEQ,948854851542309,24,1400,175272,3
DEQ,948854851582118,24,1400,213078,4
DEQ,948854851622314,24,1400,158913,3
DEQ,948854851662128,24,1400,196632,4
DEQ,948854851709302,24,1400,164746,3
DEQ,948854851751534,24,1400,205006,4
DEQ,948854851791336,24,1400,166541,3
DEQ,948854851831403,24,1400,204654,4
DEQ,948854851872433,24,1400,160947,3
DEQ,948854851911264,24,1400,197786,4
DEQ,948854851951468,24,1400,157904,3
DEQ,948854851994974,24,1400,199486,4
DEQ,948854852046181,24,1400,171717,3
DEQ,948854852086463,24,1400,210394,4
DEQ,948854852126102,24,1400,172588,3
DEQ,948854852192193,24,1400,236677,4
DEQ,948854852232513,24,1400,184264,3
DEQ,948854852279644,24,1400,229419,4
DEQ,948854852312306,24,1400,184133,3
DEQ,948854852359282,24,1400,229156,4
DEQ,948854852392556,24,1400,157656,3
DEQ,948854852450079,24,1400,213258,4
DEQ,948854852495951,24,1400,181259,3
DEQ,948854852530552,24,1400,214132,4
DEQ,948854852590157,24,1400,195494,3
DEQ,948854852630586,24,1400,233929,4
DEQ,948854852670500,24,1400,172543,3
DEQ,948854852717171,24,1400,217204,4
DEQ,948854852750242,24,1400,157724,3
DEQ,948854852790582,24,1400,196034,4
DEQ,948854852830543,24,1400,157921,3
DEQ,948854852870558,24,1400,195997,4
DEQ,948854852910522,24,1400,158172,3
DEQ,948854852958086,24,1400,203685,4
DEQ,948854852993940,24,1400,161264,3
DEQ,948854853030587,24,1400,195994,4
DEQ,948854853090211,24,1400,177336,3
DEQ,948854853130559,24,1400,215753,4
DEQ,948854853170647,24,1400,174581,3
DEQ,948854853217548,24,1400,219542,4
DEQ,948854853250317,24,1400,158070,3
DEQ,948854853290608,24,1400,196453,4
DEQ,948854853330439,24,1400,157852,3
DEQ,948854853370586,24,1400,196018,4
DEQ,948854853413886,24,1400,161471,3
DEQ,948854853450645,24,1400,196286,4
DEQ,948854853451899,24,1400,119158,3
DEQ,948854853503090,24,1400,168421,4
DEQ,948854853542938,24,1400,126969,3
DEQ,948854853590238,24,1400,172165,4
DEQ,948854853652038,24,1400,198684,3
DEQ,948854853697930,24,1400,242630,4
DEQ,948854853740264,24,1400,195115,3
DEQ,948854853796098,24,1400,248996,4
DEQ,948854853841908,24,1400,187636,3
DEQ,948854853876114,24,1400,219876,4
DEQ,948854853940947,24,1400,198504,3
DEQ,948854853981311,24,1400,236901,4
DEQ,948854854021112,24,1400,177075,3
DEQ,948854854060963,24,1400,214941,4
DEQ,948854854101999,24,1400,159025,3
DEQ,948854854144690,24,1400,199789,4
DEQ,948854854187127,24,1400,163878,3
DEQ,948854854221251,24,1400,196012,4
DEQ,948854854279890,24,1400,175729,3
DEQ,948854854320050,24,1400,213934,4
DEQ,948854854367109,24,1400,177913,3
DEQ,948854854420948,24,1400,229721,4
DEQ,948854854460126,24,1400,178074,3
DEQ,948854854501514,24,1400,217393,4
DEQ,948854854548702,24,1400,179239,3
DEQ,948854854581541,24,1400,210170,4
DEQ,948854854621285,24,1400,159060,3
DEQ,948854854660970,24,1400,196749,4
DEQ,948854854702963,24,1400,152142,3
DEQ,948854854744958,24,1400,192193,4
DEQ,948854854781542,24,1400,158091,3
DEQ,948854854823611,24,1400,198199,4
DEQ,948854854864912,24,1400,159855,3
DEQ,948854854901556,24,1400,194469,4
DEQ,948854854941544,24,1400,157914,3
DEQ,948854854985914,24,1400,200312,4
DEQ,948854855021880,24,1400,154833,3
DEQ,948854855063656,24,1400,194454,4
DEQ,948854855105912,24,1400,162303,3
DEQ,948854855144708,24,1400,199264,4
DEQ,948854855181456,24,1400,157478,3
DEQ,948854855224586,24,1400,198147,4
DEQ,948854855261543,24,1400,153621,3
DEQ,948854855303587,24,1400,193393,4
DEQ,948854855345810,24,1400,162307,3
DEQ,948854855381536,24,1400,195827,4
DEQ,948854855423550,24,1400,159874,3
DEQ,948854855461316,24,1400,195608,4
DEQ,948854855462514,24,1400,114410,3
DEQ,948854855502211,24,1400,151821,4
DEQ,948854855552799,24,1400,127049,3
DEQ,948854855592066,24,1400,164272,4
DEQ,948854855651686,24,1400,187553,3
DEQ,948854855699073,24,1400,232962,4
DEQ,948854855738809,24,1400,183877,3
DEQ,948854855795694,24,1400,238680,4
DEQ,948854855835097,24,1400,181184,3
STATS,948854956068941,5,7000,8769,8764,0,0,0
DEQ,948855055309078,24,1400,199653092,4
DEQ,948855055311724,24,1400,199570649,3
DEQ,948855055312240,24,1400,199568936,2
DEQ,948855055419952,24,1400,199582685,3
DEQ,948855055420839,24,1400,199581587,2
DEQ,948855055445961,24,1400,128283,3
DEQ,948855055542520,24,1400,220910,4
DEQ,948855055545125,24,1400,118796,3
DEQ,948855055546783,24,1400,116201,2
DEQ,948855055630232,24,1400,180043,3
DEQ,948855055633026,24,1400,180557,2
DEQ,948855055721438,24,1400,170738,3
DEQ,948855055724197,24,1400,168876,2
DEQ,948855055755875,24,1400,118032,3
DEQ,948855055832225,24,1400,190581,4
DEQ,948855055835397,24,1400,106404,3
DEQ,948855055919178,24,1400,178109,4
DEQ,948855055921863,24,1400,163298,3
DEQ,948855056006488,24,1400,245546,4
DEQ,948855056009341,24,1400,168404,3
DEQ,948855056033003,24,1400,187536,4
DEQ,948855056122053,24,1400,195415,3
DEQ,948855056124852,24,1400,194167,2
DEQ,948855056203882,24,1400,189385,3
DEQ,948855056206727,24,1400,188407,2
DEQ,948855056306635,24,1400,176706,3
DEQ,948855056309773,24,1400,175863,2
DEQ,948855056328509,24,1400,116898,3
DEQ,948855056407846,24,1400,192151,4
DEQ,948855056411083,24,1400,95750,3
DEQ,948855056428557,24,1400,105100,4
DEQ,948855056503200,24,1400,173197,3
DEQ,948855056505956,24,1400,173800,2
DEQ,948855056601544,24,1400,181313,3
DEQ,948855056604303,24,1400,179879,2
DEQ,948855056626124,24,1400,115292,3
DEQ,948855056700518,24,1400,185666,4
DEQ,948855056703273,24,1400,94149,3
DEQ,948855056791321,24,1400,170008,4
DEQ,948855056794244,24,1400,166664,3
DEQ,948855056874137,24,1400,244558,4
DEQ,948855056884751,24,1400,176479,3
DEQ,948855056981418,24,1400,263502,4
DEQ,948855056984230,24,1400,185130,3
DEQ,948855057080223,24,1400,272311,4
DEQ,948855057083241,24,1400,182345,3
DEQ,948855057100584,24,1400,189761,4
DEQ,948855057244301,24,1400,255264,3
DEQ,948855057247165,24,1400,249303,2
DEQ,948855057264983,24,1400,172771,3
DEQ,948855057349978,24,1400,253835,4
DEQ,948855057353033,24,1400,100358,3
DEQ,948855057378766,24,1400,121918,4
DEQ,948855057482961,24,1400,216559,3
DEQ,948855057485978,24,1400,217591,2
DEQ,948855057486533,24,1400,128113,1
DEQ,948855057582552,24,1400,214769,4
DEQ,948855057668119,24,1400,176206,3
DEQ,948855057670669,24,1400,167972,2
DEQ,948855057672150,24,1400,165370,1
DEQ,948855057779343,24,1400,270497,4
DEQ,948855057782249,24,1400,106231,3
DEQ,948855057867467,24,1400,187484,4
DEQ,948855057870266,24,1400,184692,3
DEQ,948855057891714,24,1400,204073,4
DEQ,948855057968055,24,1400,180823,3
DEQ,948855057970946,24,1400,173273,2
DEQ,948855058053129,24,1400,178030,3
DEQ,948855058055937,24,1400,168584,2
DEQ,948855058130568,24,1400,154785,3
DEQ,948855058133452,24,1400,148909,2
DEQ,948855058207515,24,1400,146760,3
DEQ,948855058210388,24,1400,145647,2
DEQ,948855058289311,24,1400,151091,3
DEQ,948855058292350,24,1400,150267,2
DEQ,948855058384731,24,1400,169519,3
DEQ,948855058387748,24,1400,160176,2
DEQ,948855058412826,24,1400,115613,3
DEQ,948855058502785,24,1400,194269,4
DEQ,948855058506367,24,1400,112987,3
DEQ,948855058619471,24,1400,221795,4
DEQ,948855058622271,24,1400,207172,3
DEQ,948855058695587,24,1400,278329,4
DEQ,948855058698427,24,1400,187708,3
DEQ,948855058777948,24,1400,263198,4
DEQ,948855058780833,24,1400,153769,3
DEQ,948855058863512,24,1400,232465,4
DEQ,948855058866348,24,1400,163012,3
DEQ,948855058891185,24,1400,184043,4
DEQ,948855058968888,24,1400,182969,3
DEQ,948855058971794,24,1400,178820,2
DEQ,948855059046437,24,1400,174930,3
DEQ,948855059049157,24,1400,162009,2
DEQ,948855059129369,24,1400,152705,3
DEQ,948855059132130,24,1400,151616,2
DEQ,948855059147804,24,1400,93807,3
DEQ,948855059217726,24,1400,159696,4
DEQ,948855059220426,24,1400,80065,3
DEQ,948855059315513,24,1400,171612,4
DEQ,948855059318517,24,1400,169220,3
DEQ,948855059335616,24,1400,184254,4
DEQ,948855059443063,24,1400,217891,3
DEQ,948855059445934,24,1400,216820,2
DEQ,948855059520502,24,1400,196812,3
DEQ,948855059523373,24,1400,195622,2
DEQ,948855059609621,24,1400,158887,3
DEQ,948855059612488,24,1400,157834,2
DEQ,948855059691241,24,1400,162983,3
DEQ,948855059694128,24,1400,154842,2
DEQ,948855059767246,24,1400,149942,3
DEQ,948855059770000,24,1400,143775,2
DEQ,948855059844074,24,1400,145106,3
DEQ,948855255265226,24,1400,195562378,4
DEQ,948855255267932,24,1400,195492916,3
DEQ,948855255268334,24,1400,195489386,2
DEQ,948855255353614,24,1400,195502710,3
DEQ,948855255354459,24,1400,195494195,2
DEQ,948855255377723,24,1400,103971,3
DEQ,948855255472523,24,1400,194783,4
DEQ,948855255475266,24,1400,115852,3
DEQ,948855255503691,24,1400,130404,4
DEQ,948855255598908,24,1400,217947,3
DEQ,948855255601491,24,1400,218421,2
DEQ,948855255602966,24,1400,122787,1
DEQ,948855255702330,24,1400,213704,4
DEQ,948855255705073,24,1400,98119,3
DEQ,948855255705613,24,1400,89040,2
DEQ,948855255727384,24,1400,105750,3
DEQ,948855255810258,24,1400,186555,4
DEQ,948855255812998,24,1400,102555,3
DEQ,948855255829554,24,1400,106561,4
DEQ,948855255912927,24,1400,184015,3
DEQ,948855255915844,24,1400,184920,2
DEQ,948855255997676,24,1400,176386,3
DEQ,948855256000519,24,1400,175267,2
DEQ,948855256074658,24,1400,154047,3
DEQ,948855256077426,24,1400,144906,2
DEQ,948855256165900,24,1400,159714,3
DEQ,948855256245474,24,1400,235303,4
DEQ,948855256248308,24,1400,166129,3
DEQ,948855256265098,24,1400,172605,4
DEQ,948855256343245,24,1400,170385,3
DEQ,948855256349399,24,1400,172517,2
DEQ,948855256350839,24,1400,97544,1
DEQ,948855256448351,24,1400,191051,4
DEQ,948855256451064,24,1400,95488,3
DEQ,948855256467438,24,1400,102050,4
DEQ,948855256606332,24,1400,235743,3
DEQ,948855256609089,24,1400,236431,2
DEQ,948855256687947,24,1400,232115,3
DEQ,948855256706771,24,1400,246975,4
DEQ,948855256845331,24,1400,231442,3
DEQ,948855256848072,24,1400,222727,2
DEQ,948855256929191,24,1400,234315,3
DEQ,948855256959408,24,1400,260575,4
DEQ,948855257032819,24,1400,179911,3
DEQ,948855257052240,24,1400,190865,4
DEQ,948855257165007,24,1400,217814,3
DEQ,948855257247097,24,1400,297276,4
DEQ,948855257249942,24,1400,206586,3
DEQ,948855257267125,24,1400,219915,4
DEQ,948855257341303,24,1400,169109,3
DEQ,948855257344053,24,1400,167941,2
DEQ,948855257434078,24,1400,178944,3
DEQ,948855257436664,24,1400,174185,2
DEQ,948855257438054,24,1400,89121,1
DEQ,948855257527633,24,1400,174709,4
DEQ,948855257530303,24,1400,88439,3
DEQ,948855257613325,24,1400,167628,4
DEQ,948855257616195,24,1400,165283,3
DEQ,948855257701233,24,1400,248330,4
DEQ,948855257704021,24,1400,168639,3
DEQ,948855257780970,24,1400,241573,4
DEQ,948855257783824,24,1400,162843,3
DEQ,948855257801023,24,1400,169833,4
DEQ,948855257883893,24,1400,174737,3
DEQ,948855257886729,24,1400,173473,2
DEQ,948855257903520,24,1400,114473,3
DEQ,948855258003369,24,1400,210446,4
DEQ,948855258014273,24,1400,118896,3
DEQ,948855258110552,24,1400,211277,4
DEQ,948855258113246,24,1400,207197,3
DEQ,948855258198042,24,1400,289930,4
DEQ,948855258200787,24,1400,181568,3
DEQ,948855258217253,24,1400,194105,4
DEQ,948855258309755,24,1400,191740,3
DEQ,948855258312453,24,1400,190190,2
DEQ,948855258336160,24,1400,130144,3
DEQ,948855258462234,24,1400,252329,4
DEQ,948855258465022,24,1400,147446,3
DEQ,948855258542549,24,1400,221165,4
DEQ,948855258545272,24,1400,206803,3
DEQ,948855258633430,24,1400,292648,4
DEQ,948855258714129,24,1400,244105,3
DEQ,948855258716998,24,1400,243002,2
DEQ,948855258733332,24,1400,182592,3
DEQ,948855258807523,24,1400,248550,4
DEQ,948855258810416,24,1400,88632,3
DEQ,948855258827744,24,1400,98967,4
DEQ,948855258907665,24,1400,171853,3
DEQ,948855258910511,24,1400,172604,2
DEQ,948855258927243,24,1400,111633,3
DEQ,948855258996834,24,1400,173985,4
DEQ,948855259004527,24,1400,85634,3
DEQ,948855259088047,24,1400,165228,4
DEQ,948855259090809,24,1400,161107,3
DEQ,948855259169086,24,1400,237383,4
DEQ,948855259171834,24,1400,161503,3
DEQ,948855259252452,24,1400,238032,4
DEQ,948855259256007,24,1400,160467,3
DEQ,948855259335594,24,1400,236309,4
DEQ,948855259338475,24,1400,161505,3
DEQ,948855259419063,24,1400,238133,4
DEQ,948855259421943,24,1400,161516,3
DEQ,948855259502253,24,1400,237883,4
DEQ,948855259505805,24,1400,162522,3
DEQ,948855259581954,24,1400,234868,4
DEQ,948855259584834,24,1400,157792,3
DEQ,948855259660135,24,1400,229199,4
DEQ,948855259670992,24,1400,159996,3
DEQ,948855259790194,24,1400,275226,4
DEQ,948855259858098,24,1400,268502,3
DEQ,948855259860944,24,1400,267405,2
DEQ,948855259937081,24,1400,261461,3
DEQ,948855259939906,24,1400,260331,2
DEQ,948855260019764,24,1400,153831,3
DEQ,948855260022494,24,1400,152617,2
DEQ,948855260106807,24,1400,161955,3
DEQ,948855260109553,24,1400,160732,2
DEQ,948855260131132,24,1400,103917,3
DEQ,948855260207857,24,1400,176811,4
DEQ,948855260210600,24,1400,96327,3
DEQ,948855260294827,24,1400,168248,4
DEQ,948855260297621,24,1400,164913,3
DEQ,948855260376976,24,1400,242581,4
DEQ,948855260379889,24,1400,163911,3
DEQ,948855260456948,24,1400,236972,4
DEQ,948855260459861,24,1400,157462,3
DEQ,948855260544808,24,1400,238394,4
DEQ,948855260547647,24,1400,162654,3
DEQ,948855260572852,24,1400,183877,4
DEQ,948855460373693,24,1400,199908338,3
DEQ,948855460376975,24,1400,199907646,2
DEQ,948855460378901,24,1400,199826092,1
DEQ,948855460485743,24,1400,199928910,4
DEQ,948855460486616,24,1400,102461,3
DEQ,948855460504110,24,1400,109996,4
DEQ,948855460614169,24,1400,214424,3
DEQ,948855460616889,24,1400,214885,2
DEQ,948855460617430,24,1400,125869,1
DEQ,948855460644529,24,1400,148699,4
DEQ,948855460753961,24,1400,130917,3
DEQ,948855460756839,24,1400,129756,2
DEQ,948855460757352,24,1400,124976,1
DEQ,948855460780506,24,1400,146150,4
DEQ,948855460849368,24,1400,82818,3
DEQ,948855460876785,24,1400,106137,4
DEQ,948855460976474,24,1400,201380,3
DEQ,948855460978832,24,1400,201561,2
DEQ,948855460980819,24,1400,123792,1
DEQ,948855461015769,24,1400,147751,4
DEQ,948855461095545,24,1400,107437,3
DEQ,948855461098266,24,1400,104719,2
DEQ,948855461189027,24,1400,189910,3
DEQ,948855461191814,24,1400,190849,2
DEQ,948855461209018,24,1400,105550,3
DEQ,948855461342187,24,1400,234704,4
DEQ,948855461344953,24,1400,148291,3
DEQ,948855461424684,24,1400,224151,4
DEQ,948855461427362,24,1400,216713,3
DEQ,948855461452187,24,1400,239526,4
DEQ,948855461543955,24,1400,194006,3
DEQ,948855461546831,24,1400,192924,2
DEQ,948855461629958,24,1400,197567,3
DEQ,948855461632805,24,1400,185307,2
DEQ,948855461717871,24,1400,166022,3
DEQ,948855461720707,24,1400,164928,2
DEQ,948855461798301,24,1400,160443,3
DEQ,948855461805384,24,1400,163574,2
DEQ,948855461892871,24,1400,167152,3
DEQ,948855461895596,24,1400,165918,2
DEQ,948855461971772,24,1400,161381,3
DEQ,948855461974500,24,1400,160143,2
DEQ,948855462052304,24,1400,151655,3
DEQ,948855462055062,24,1400,150446,2
DEQ,948855462072020,24,1400,92563,3
DEQ,948855462183660,24,1400,195814,4
DEQ,948855462278834,24,1400,218298,3
DEQ,948855462281568,24,1400,217011,2
DEQ,948855462364764,24,1400,291220,3
DEQ,948855462384637,24,1400,309046,4
DEQ,948855462493876,24,1400,207313,3
DEQ,948855462496765,24,1400,206240,2
DEQ,948855462572262,24,1400,200129,3
DEQ,948855462575077,24,1400,195322,2
DEQ,948855462664272,24,1400,162548,3
DEQ,948855462667047,24,1400,161277,2
DEQ,948855462751068,24,1400,170955,3
DEQ,948855462753875,24,1400,163104,2
DEQ,948855462837073,24,1400,164971,3
DEQ,948855462918083,24,1400,235290,4
DEQ,948855462920909,24,1400,162169,3
DEQ,948855462998741,24,1400,227910,4
DEQ,948855463081335,24,1400,237160,3
DEQ,948855463084064,24,1400,235968,2
DEQ,948855463106753,24,1400,180750,3
DEQ,948855463177907,24,1400,243147,4
DEQ,948855463188850,24,1400,99729,3
DEQ,948855463285520,24,1400,183251,4
DEQ,948855463288239,24,1400,179854,3
DEQ,948855463308398,24,1400,198031,4
DEQ,948855463426270,24,1400,232692,3
DEQ,948855463445318,24,1400,247647,4
DEQ,948855463583022,24,1400,289715,3
DEQ,948855463585699,24,1400,288313,2
DEQ,948855463665490,24,1400,232248,3
DEQ,948855463668092,24,1400,230934,2
DEQ,948855463685204,24,1400,94540,3
DEQ,948855463761260,24,1400,166658,4
DEQ,948855463829305,24,1400,152775,3
DEQ,948855463832075,24,1400,151542,2
DEQ,948855463917719,24,1400,231095,3
DEQ,948855463920605,24,1400,231913,2
DEQ,948855464011953,24,1400,174814,3
DEQ,948855464014598,24,1400,173515,2
DEQ,948855464037335,24,1400,111686,3
DEQ,948855464113725,24,1400,184018,4
DEQ,948855464128394,24,1400,108907,3
DEQ,948855464206844,24,1400,174441,4
DEQ,948855464210003,24,1400,171021,3
DEQ,948855464289214,24,1400,248344,4
DEQ,948855464296376,24,1400,162606,3
DEQ,948855464436262,24,1400,298331,4
DEQ,948855464529751,24,1400,314427,3
DEQ,948855464532464,24,1400,313292,2
DEQ,948855464557773,24,1400,256297,3
DEQ,948855464616819,24,1400,311468,4
DEQ,948855464664089,24,1400,126457,3
DEQ,948855464696526,24,1400,154892,4
DEQ,948855464736500,24,1400,177058,3
DEQ,948855464781487,24,1400,219941,4
DEQ,948855464824249,24,1400,158090,3
DEQ,948855464870827,24,1400,202733,4
DEQ,948855464918119,24,1400,179626,3
DEQ,948855464958461,24,1400,217941,4
DEQ,948855464998363,24,1400,171896,3
DEQ,948855465102946,24,1400,274433,4
DEQ,948855465105768,24,1400,185449,3
DEQ,948855465193328,24,1400,270960,4
DEQ,948855465256769,24,1400,253200,3
DEQ,948855465352446,24,1400,346880,4
DEQ,948855465415008,24,1400,304005,3
DEQ,948855465493363,24,1400,374928,4
DEQ,948855465496232,24,1400,232283,3
DEQ,948855465513270,24,1400,239778,4
DEQ,948855465598414,24,1400,176114,3
DEQ,948855465601135,24,1400,174859,2
DEQ,948855465602773,24,1400,101553,1
DEQ,948855465697459,24,1400,192226,4
DEQ,948855465700356,24,1400,92660,3
DEQ,948855465716778,24,1400,101273,4
DEQ,948855465792802,24,1400,171947,3
DEQ,948855665263535,24,1400,199640605,4
DEQ,948855665266396,24,1400,199561091,3
DEQ,948855665266917,24,1400,199557526,2
DEQ,948855665329958,24,1400,199530045,3
DEQ,948855665441018,24,1400,199631430,4
DEQ,948855665447301,24,1400,174511,3
DEQ,948855665448868,24,1400,158373,2
DEQ,948855665538432,24,1400,205960,3
DEQ,948855665541198,24,1400,206392,2
DEQ,948855665628590,24,1400,175770,3
DEQ,948855665631368,24,1400,174608,2
DEQ,948855665728013,24,1400,182016,3
DEQ,948855665730770,24,1400,172772,2
DEQ,948855665812552,24,1400,176415,3
DEQ,948855665836958,24,1400,191898,4
DEQ,948855665929024,24,1400,193499,3
DEQ,948855665931810,24,1400,187765,2
DEQ,948855666007676,24,1400,188303,3
DEQ,948855666026755,24,1400,194015,4
DEQ,948855666097970,24,1400,160878,3
DEQ,948855666100802,24,1400,159650,2
DEQ,948855666178284,24,1400,160045,3
DEQ,948855666181140,24,1400,159009,2
DEQ,948855666277876,24,1400,172154,3
DEQ,948855666280601,24,1400,166708,2
DEQ,948855666357144,24,1400,171018,3
DEQ,948855666359911,24,1400,165034,2
DEQ,948855666438774,24,1400,153137,3
DEQ,948855666465040,24,1400,174981,4
DEQ,948855666566098,24,1400,201494,3
DEQ,948855666568951,24,1400,195165,2
DEQ,948855666592024,24,1400,146420,3
DEQ,948855666708289,24,1400,258824,4
DEQ,948855666711268,24,1400,137019,3
DEQ,948855666711837,24,1400,124368,2
DEQ,948855666798661,24,1400,205022,3
DEQ,948855666801725,24,1400,206040,2
DEQ,948855666822996,24,1400,105582,3
DEQ,948855666910519,24,1400,188834,4
DEQ,948855666913413,24,1400,106538,3
DEQ,948855666995382,24,1400,181087,4
DEQ,948855666998956,24,1400,173469,3
DEQ,948855667088015,24,1400,260386,4
DEQ,948855667090719,24,1400,172291,3
DEQ,948855667169245,24,1400,246834,4
DEQ,948855667172106,24,1400,167428,3
DEQ,948855667252801,24,1400,244016,4
DEQ,948855667255513,24,1400,159875,3
DEQ,948855667272106,24,1400,172553,4
DEQ,948855667349832,24,1400,172943,3
DEQ,948855667352706,24,1400,171742,2
DEQ,948855667432029,24,1400,168183,3
DEQ,948855667451049,24,1400,183206,4
DEQ,948855667562167,24,1400,204595,3
DEQ,948855667564994,24,1400,198269,2
DEQ,948855667642985,24,1400,204012,3
DEQ,948855667645814,24,1400,199414,2
DEQ,948855667722976,24,1400,153104,3
DEQ,948855667725879,24,1400,152164,2
DEQ,948855667809682,24,1400,159024,3
DEQ,948855667812497,24,1400,157972,2
DEQ,948855667892196,24,1400,161368,3
DEQ,948855667895075,24,1400,155275,2
DEQ,948855667968873,24,1400,151582,3
DEQ,948855667971722,24,1400,150477,2
DEQ,948855668068861,24,1400,168921,3
DEQ,948855668071883,24,1400,168123,2
DEQ,948855668156870,24,1400,180085,3
DEQ,948855668159654,24,1400,174677,2
DEQ,948855668243474,24,1400,166752,3
DEQ,948855668246375,24,1400,165752,2
DEQ,948855668263154,24,1400,98735,3
DEQ,948855668367842,24,1400,193984,4
DEQ,948855668370604,24,1400,119284,3
DEQ,948855668371086,24,1400,115924,2
DEQ,948855668391919,24,1400,126585,3
DEQ,948855668483001,24,1400,215601,4
DEQ,948855668485878,24,1400,109939,3
DEQ,948855668523194,24,1400,135684,4
DEQ,948855668573413,24,1400,179995,3
DEQ,948855668620834,24,1400,225599,4
DEQ,948855668668267,24,1400,177606,3
DEQ,948855668715769,24,1400,214990,4
DEQ,948855668748505,24,1400,172648,3
DEQ,948855668816244,24,1400,238324,4
DEQ,948855668862287,24,1400,192016,3
DEQ,948855668896491,24,1400,224197,4
DEQ,948855668961162,24,1400,210593,3
DEQ,948855669004043,24,1400,251459,4
DEQ,948855669083005,24,1400,218598,3
DEQ,948855669085868,24,1400,219827,2
DEQ,948855669171922,24,1400,208452,3
DEQ,948855669174608,24,1400,209147,2
DEQ,948855669253624,24,1400,162751,3
DEQ,948855669257106,24,1400,162230,2
DEQ,948855669337556,24,1400,158059,3
DEQ,948855669340377,24,1400,156825,2
DEQ,948855669417652,24,1400,156690,3
DEQ,948855669420511,24,1400,155565,2
DEQ,948855669532534,24,1400,187466,3
DEQ,948855669535252,24,1400,186114,2
DEQ,948855669621894,24,1400,196445,3
DEQ,948855669628980,24,1400,194469,2
DEQ,948855669745539,24,1400,205507,3
DEQ,948855669748268,24,1400,204219,2
DEQ,948855669830537,24,1400,197662,3
DEQ,948855669833431,24,1400,196501,2
DEQ,948855669905237,24,1400,152109,3
DEQ,948855669908095,24,1400,150930,2
DEQ,948855669930121,24,1400,91975,3
DEQ,948855670006444,24,1400,164274,4
DEQ,948855670009308,24,1400,96301,3
DEQ,948855670093561,24,1400,168512,4
DEQ,948855670096305,24,1400,163859,3
DEQ,948855670182439,24,1400,247926,4
DEQ,948855670185295,24,1400,171011,3
DEQ,948855670207693,24,1400,189174,4
DEQ,948855670283589,24,1400,182386,3
DEQ,948855670302579,24,1400,191058,4
DEQ,948855670414333,24,1400,224193,3
DEQ,948855670504356,24,1400,301114,4
DEQ,948855670507085,24,1400,213053,3
DEQ,948855670523476,24,1400,225612,4
DEQ,948855670591732,24,1400,170437,3
DEQ,948855670594441,24,1400,169157,2
DEQ,948855670676306,24,1400,160783,3
DEQ,948855670679196,24,1400,159954,2
DEQ,948855670704701,24,1400,105488,3
DEQ,948855670781233,24,1400,178012,4
DEQ,948855670795875,24,1400,111799,3
DEQ,948855670917309,24,1400,217675,4
DEQ,948855670998687,24,1400,291680,3
DEQ,948855671001678,24,1400,292415,2
DEQ,948855870330211,24,1400,199529118,4
DEQ,948855870332971,24,1400,199527670,3
DEQ,948855870333382,24,1400,199326126,2
DEQ,948855870356996,24,1400,199340449,5
DEQ,948855870442459,24,84,147779805,4
DEQ,948855870443328,24,1400,101083,3
DEQ,948855870553119,24,1400,206852,4
DEQ,948855870556093,24,1400,204832,3
DEQ,948855870639410,24,1400,285988,4
DEQ,948855870642138,24,1400,193332,3
DEQ,948855870663394,24,1400,204956,4
DEQ,948855870763994,24,1400,202926,3
DEQ,948855870766716,24,1400,201725,2
DEQ,948855870767346,24,1400,120310,1
DEQ,948855870794459,24,1400,135488,4
DEQ,948855870867152,24,1400,94773,3
DEQ,948855870869859,24,1400,85257,2
DEQ,948855870890325,24,1400,100949,3
DEQ,948855870981464,24,1400,190030,4
DEQ,948855870984145,24,1400,109470,3
DEQ,948855871061285,24,1400,182458,4
DEQ,948855871063972,24,1400,171476,3
DEQ,948855871147063,24,1400,252915,4
DEQ,948855871150271,24,1400,161136,3
DEQ,948855871166949,24,1400,173841,4
DEQ,948855871243799,24,1400,174801,3
DEQ,948855871262280,24,1400,189317,4
DEQ,948855871332481,24,1400,173686,3
DEQ,948855871335239,24,1400,172591,2
DEQ,948855871407885,24,1400,153488,3
DEQ,948855871426907,24,1400,168649,4
DEQ,948855871499097,24,1400,158870,3
DEQ,948855871501959,24,1400,157900,2
DEQ,948855871518727,24,1400,100145,3
DEQ,948855871634713,24,1400,212107,4
DEQ,948855871637379,24,1400,130452,3
DEQ,948855871657781,24,1400,143403,4
DEQ,948855871753765,24,1400,232582,3
DEQ,948855871756517,24,1400,233286,2
DEQ,948855871832193,24,1400,189943,3
DEQ,948855871835066,24,1400,188801,2
DEQ,948855871914327,24,1400,153013,3
DEQ,948855871917169,24,1400,151980,2
DEQ,948855871999839,24,1400,159758,3
DEQ,948855872003477,24,1400,152286,2
DEQ,948855872082717,24,1400,160669,3
DEQ,948855872165033,24,1400,232798,4
DEQ,948855872167821,24,1400,159030,3
DEQ,948855872184604,24,1400,164400,4
DEQ,948855872266380,24,1400,176698,3
DEQ,948855872269415,24,1400,175788,2
DEQ,948855872357117,24,1400,180832,3
DEQ,948855872359863,24,1400,179601,2
DEQ,948855872445294,24,1400,170914,3
DEQ,948855872448072,24,1400,169829,2
DEQ,948855872470254,24,1400,105473,3
DEQ,948855872545067,24,1400,173321,4
DEQ,948855872552855,24,1400,99761,3
DEQ,948855872592487,24,1400,126547,4
DEQ,948855872641725,24,1400,169890,3
DEQ,948855872687656,24,1400,213899,4
DEQ,948855872721729,24,1400,165260,3
DEQ,948855872769143,24,1400,208604,4
DEQ,948855872815679,24,1400,171290,3
DEQ,948855872854771,24,1400,208318,4
DEQ,948855872895578,24,1400,171878,3
DEQ,948855872938960,24,1400,213263,4
DEQ,948855872991580,24,1400,173774,3
DEQ,948855873038925,24,1400,219100,4
DEQ,948855873072813,24,1400,175116,3
DEQ,948855873157793,24,1400,258161,4
DEQ,948855873160668,24,1400,166998,3
DEQ,948855873177607,24,1400,181855,4
DEQ,948855873254934,24,1400,179684,3
DEQ,948855873257757,24,1400,180611,2
DEQ,948855873329800,24,1400,160579,3
DEQ,948855873349514,24,1400,176512,4
DEQ,948855873470018,24,1400,207092,3
DEQ,948855873472734,24,1400,205785,2
DEQ,948855873560588,24,1400,220289,3
DEQ,948855873563435,24,1400,219180,2
DEQ,948855873580283,24,1400,102461,3
DEQ,948855873662567,24,1400,176599,4
DEQ,948855873665393,24,1400,93420,3
DEQ,948855873747040,24,1400,171282,4
DEQ,948855873749883,24,1400,166847,3
DEQ,948855873833002,24,1400,247946,4
DEQ,948855873835841,24,1400,165395,3
DEQ,948855873913036,24,1400,235498,4
DEQ,948855873915851,24,1400,160915,3
DEQ,948855873992037,24,1400,233120,4
DEQ,948855873994883,24,1400,153867,3
DEQ,948855874066149,24,1400,221302,4
DEQ,948855874068919,24,1400,148116,3
DEQ,948855874165022,24,1400,240149,4
DEQ,948855874167762,24,1400,167816,3
DEQ,948855874248198,24,1400,244353,4
DEQ,948855874250919,24,1400,176974,3
DEQ,948855874268031,24,1400,185061,4
DEQ,948855874348949,24,1400,176125,3
DEQ,948855874351528,24,1400,174714,2
DEQ,948855874352953,24,1400,96975,1
DEQ,948855874435412,24,1400,171977,4
DEQ,948855874450217,24,1400,93249,3
DEQ,948855874532488,24,1400,166550,4
DEQ,948855874535313,24,1400,163839,3
DEQ,948855874552472,24,1400,179048,4
DEQ,948855874629975,24,1400,174525,3
DEQ,948855874633595,24,1400,174058,2
DEQ,948855874747703,24,1400,203655,3
DEQ,948855874750595,24,1400,202727,2
DEQ,948855874829146,24,1400,190608,3
DEQ,948855874831929,24,1400,189528,2
DEQ,948855874912846,24,1400,157404,3
DEQ,948855874915658,24,1400,156243,2
DEQ,948855874986446,24,1400,149560,3
DEQ,948855874989253,24,1400,148521,2
DEQ,948855875084497,24,1400,164053,3
DEQ,948855875087667,24,1400,163360,2
DEQ,948855875167799,24,1400,173640,3
DEQ,948855875268060,24,1400,265225,4
DEQ,948855875271110,24,1400,177869,3
DEQ,948855875273166,24,1400,172414,2
DEQ,948855875355553,24,1400,180393,3
DEQ,948855875358468,24,1400,179356,2
DEQ,948855875379505,24,1400,101816,3
DEQ,948855875456780,24,1400,167033,4
DEQ,948855875459726,24,1400,96123,3
DEQ,948855875544527,24,1400,172826,4
DEQ,948855875547339,24,1400,165203,3
DEQ,948855875644633,24,1400,260451,4
DEQ,948855875647835,24,1400,183059,3
DEQ,948855875669204,24,1400,200396,4
STATS,948855975913886,4,5600,9396,9392,0,0,0
DEQ,948856075316714,24,1400,199764286,3
DEQ,948856075320850,24,1400,199764526,2
DEQ,948856075321526,24,1400,199667840,1
DEQ,948856075348036,24,1400,199683738,4
DEQ,948856075442927,24,1400,110565,3
DEQ,948856075460976,24,1400,124025,4
DEQ,948856075617372,24,1400,274920,3
DEQ,948856075620291,24,1400,275648,2
DEQ,948856075642396,24,1400,194001,3
DEQ,948856075728428,24,1400,276040,4
DEQ,948856075731223,24,1400,105148,3
DEQ,948856075752668,24,1400,114909,4
DEQ,948856075862173,24,1400,218273,3
DEQ,948856075865008,24,1400,219362,2
DEQ,948856075865549,24,1400,128925,1
DEQ,948856075888697,24,1400,143631,4
DEQ,948856075951671,24,1400,80722,3
DEQ,948856075954419,24,1400,76044,2
DEQ,948856076040156,24,1400,156616,3
DEQ,948856076043153,24,1400,157523,2
DEQ,948856076067735,24,1400,108510,3
DEQ,948856076142595,24,1400,179392,4
DEQ,948856076213775,24,1400,165300,3
DEQ,948856076302737,24,1400,239870,4
DEQ,948856076373546,24,1400,304036,3
DEQ,948856076400568,24,1400,328968,4
DEQ,948856076482959,24,1400,262268,3
DEQ,948856076502256,24,1400,277550,4
DEQ,948856076603653,24,1400,223179,3
DEQ,948856076606538,24,1400,210818,2
DEQ,948856076693682,24,1400,199851,3
DEQ,948856076713159,24,1400,215412,4
DEQ,948856076867670,24,1400,256125,3
DEQ,948856076870448,24,1400,250538,2
DEQ,948856076892503,24,1400,191920,3
DEQ,948856076973248,24,1400,268739,4
DEQ,948856076975894,24,1400,100505,3
DEQ,948856077063808,24,1400,175756,4
DEQ,948856077066583,24,1400,166512,3
DEQ,948856077142224,24,1400,239856,4
DEQ,948856077224017,24,1400,239240,3
DEQ,948856077249144,24,1400,258324,4
DEQ,948856077354475,24,1400,283043,3
DEQ,948856077357404,24,1400,282138,2
DEQ,948856077434174,24,1400,203233,3
DEQ,948856077458950,24,1400,214289,4
DEQ,948856077531761,24,1400,169351,3
DEQ,948856077550619,24,1400,179792,4
DEQ,948856077671164,24,1400,229973,3
DEQ,948856077697988,24,1400,243439,4
DEQ,948856077782339,24,1400,243704,3
DEQ,948856077785224,24,1400,242663,2
DEQ,948856077802134,24,1400,124112,3
DEQ,948856077872701,24,1400,179108,4
DEQ,948856077879856,24,1400,86201,3
DEQ,948856077993470,24,1400,195932,4
DEQ,948856077996329,24,1400,191509,3
DEQ,948856078072735,24,1400,265853,4
DEQ,948856078075516,24,1400,190627,3
DEQ,948856078162820,24,1400,273932,4
DEQ,948856078165508,24,1400,164287,3
DEQ,948856078250882,24,1400,245773,4
DEQ,948856078253657,24,1400,173414,3
DEQ,948856078340864,24,1400,249365,4
DEQ,948856078434241,24,1400,263962,3
DEQ,948856078437094,24,1400,254567,2
DEQ,948856078453873,24,1400,195534,3
DEQ,948856078567980,24,1400,297472,4
DEQ,948856078570876,24,1400,129078,3
DEQ,948856078655826,24,1400,210082,4
DEQ,948856078658688,24,1400,202290,3
DEQ,948856078675737,24,1400,217509,4
DEQ,948856078756994,24,1400,181264,3
DEQ,948856078759879,24,1400,174421,2
DEQ,948856078776711,24,1400,112997,3
DEQ,948856078892918,24,1400,225359,4
DEQ,948856078896390,24,1400,131657,3
DEQ,948856078978288,24,1400,205990,4
DEQ,948856078981002,24,1400,202052,3
DEQ,948856079061002,24,1400,280062,4
DEQ,948856079063757,24,1400,163145,3
DEQ,948856079143779,24,1400,239195,4
DEQ,948856079146498,24,1400,160638,3
DEQ,948856079169482,24,1400,175067,4
DEQ,948856079246126,24,1400,177526,3
DEQ,948856079249339,24,1400,171966,2
DEQ,948856079265622,24,1400,114293,3
DEQ,948856079343031,24,1400,177989,4
DEQ,948856079345889,24,1400,91695,3
DEQ,948856079432327,24,1400,174157,4
DEQ,948856079435246,24,1400,167282,3
DEQ,948856079521318,24,1400,251318,4
DEQ,948856079524179,24,1400,173427,3
DEQ,948856079607875,24,1400,247469,4
DEQ,948856079674566,24,1400,234410,3
DEQ,948856079677451,24,1400,233432,2
DEQ,948856079699354,24,1400,170348,3
DEQ,948856079783164,24,1400,244870,4
DEQ,948856079786084,24,1400,103850,3
DEQ,948856079801722,24,1400,106917,4
DEQ,948856079872925,24,1400,171270,3
DEQ,948856079879963,24,1400,176640,2
DEQ,948856079993008,24,1400,199006,3
DEQ,948856079995912,24,1400,198106,2
DEQ,948856080071711,24,1400,187045,3
DEQ,948856080074438,24,1400,185916,2
DEQ,948856080165125,24,1400,164428,3
DEQ,948856080167819,24,1400,163213,2
DEQ,948856080313650,24,1400,234502,3
DEQ,948856080319980,24,1400,229851,2
DEQ,948856080463965,24,1400,291276,3
DEQ,948856080466727,24,1400,285628,2
DEQ,948856080619261,24,1400,289045,3
DEQ,948856080622689,24,1400,289850,2
DEQ,948856080752412,24,1400,277422,3
DEQ,948856080775901,24,1400,296832,4
DEQ,948856080869825,24,1400,243141,3
DEQ,948856080962796,24,1400,319534,4
DEQ,948856080966145,24,1400,205548,3
DEQ,948856080995869,24,1400,224561,4
DEQ,948856081086951,24,1400,205685,3
DEQ,948856081091166,24,1400,207288,2
DEQ,948856081190170,24,1400,218308,3
DEQ,948856081193506,24,1400,214468,2
DEQ,948856081218795,24,1400,122878,3
DEQ,948856081311793,24,1400,203747,4
DEQ,948856081315361,24,1400,116242,3
DEQ,948856280343199,24,1400,199136575,4
DEQ,948856280348033,24,1400,199126220,3
DEQ,948856280348621,24,1400,199124568,2
DEQ,948856280354749,24,1400,199033269,1
DEQ,948856280397651,24,1400,199068151,4
DEQ,948856280485743,24,1400,121821,3
DEQ,948856280488847,24,1400,118124,2
DEQ,948856280524825,24,1400,145282,3
DEQ,948856280599659,24,1400,217584,4
DEQ,948856280639765,24,1400,145300,3
DEQ,948856280679767,24,1400,178070,4
DEQ,948856280727653,24,1400,200420,3
DEQ,948856280759754,24,1400,230344,4
DEQ,948856280801237,24,1400,158838,3
DEQ,948856280849214,24,1400,204911,4
DEQ,948856280880927,24,1400,150989,3
DEQ,948856280927115,24,1400,194977,4
DEQ,948856280960997,24,1400,156382,3
DEQ,948856281003937,24,1400,196986,4
DEQ,948856281086753,24,1400,203555,3
DEQ,948856281089796,24,1400,204554,2
DEQ,948856281177092,24,1400,213937,3
DEQ,948856281180075,24,1400,214897,2
DEQ,948856281203925,24,1400,109226,3
DEQ,948856281291844,24,1400,193069,4
DEQ,948856281294643,24,1400,109563,3
DEQ,948856281333097,24,1400,133706,4
DEQ,948856281372779,24,1400,166617,3
DEQ,948856281412733,24,1400,204479,4
DEQ,948856281452553,24,1400,152977,3
DEQ,948856281492637,24,1400,181998,4
DEQ,948856281539067,24,1400,163985,3
DEQ,948856281573053,24,1400,195931,4
DEQ,948856281614194,24,1400,159643,3
DEQ,948856281652462,24,1400,195881,4
DEQ,948856281692663,24,1400,151552,3
DEQ,948856281752180,24,1400,209020,4
DEQ,948856281830381,24,1400,213964,3
DEQ,948856281870573,24,1400,252036,4
DEQ,948856281917103,24,1400,222139,3
DEQ,948856281956320,24,1400,259230,4
DEQ,948856282003453,24,1400,170170,3
DEQ,948856282041503,24,1400,206012,4
DEQ,948856282081213,24,1400,161683,3
DEQ,948856282121227,24,1400,199581,4
DEQ,948856282166920,24,1400,161132,3
DEQ,948856282206264,24,1400,198346,4
DEQ,948856282251358,24,1400,168038,3
DEQ,948856282298765,24,1400,213326,4
DEQ,948856282331364,24,1400,162347,3
DEQ,948856282371457,24,1400,200537,4
DEQ,948856282414640,24,1400,161221,3
DEQ,948856282456995,24,1400,201565,4
DEQ,948856282494806,24,1400,161337,3
DEQ,948856282531444,24,1400,195911,4
DEQ,948856282574400,24,1400,157465,3
DEQ,948856282614852,24,1400,195970,4
DEQ,948856282651437,24,1400,154643,3
DEQ,948856282691483,24,1400,192578,4
DEQ,948856282735977,24,1400,159368,3
DEQ,948856282771281,24,1400,192524,4
DEQ,948856282812867,24,1400,159204,3
DEQ,948856282853192,24,1400,197456,4
DEQ,948856282893268,24,1400,155220,3
DEQ,948856282978897,24,1400,238803,4
DEQ,948856283019607,24,1400,204426,3
DEQ,948856283053386,24,1400,236132,4
DEQ,948856283093585,24,1400,198159,3
DEQ,948856283095354,24,1400,198013,2
DEQ,948856283150950,24,1400,117118,3
DEQ,948856283189339,24,1400,153094,4
DEQ,948856283229445,24,1400,132263,3
DEQ,948856283269541,24,1400,170162,4
DEQ,948856283309184,24,1400,156165,3
DEQ,948856283348974,24,1400,193910,4
DEQ,948856283389135,24,1400,157604,3
DEQ,948856283428910,24,1400,195403,4
DEQ,948856283470788,24,1400,159466,3
DEQ,948856283509307,24,1400,195975,4
DEQ,948856283549182,24,1400,157935,3
DEQ,948856283589176,24,1400,195824,4
DEQ,948856283629270,24,1400,156450,3
DEQ,948856283669206,24,1400,194249,4
DEQ,948856283709479,24,1400,158164,3
DEQ,948856283749489,24,1400,196145,4
DEQ,948856283789301,24,1400,157900,3
DEQ,948856283829453,24,1400,196125,4
DEQ,948856283872225,24,1400,160739,3
DEQ,948856283909580,24,1400,195995,4
DEQ,948856283949387,24,1400,157688,3
DEQ,948856283993876,24,1400,200253,4
DEQ,948856284053545,24,1400,179219,3
DEQ,948856284093756,24,1400,217811,4
DEQ,948856284133606,24,1400,182269,3
DEQ,948856284200980,24,1400,247611,4
DEQ,948856284249588,24,1400,193976,3
DEQ,948856284284565,24,1400,227026,4
DEQ,948856284332754,24,1400,197091,3
DEQ,948856284376401,24,1400,238780,4
DEQ,948856284423410,24,1400,171763,3
DEQ,948856284456459,24,1400,202839,4
DEQ,948856284496202,24,1400,161325,3
DEQ,948856284535884,24,1400,199055,4
DEQ,948856284576244,24,1400,150584,3
DEQ,948856284619842,24,1400,192221,4
DEQ,948856284655984,24,1400,157735,3
DEQ,948856284696425,24,1400,196034,4
DEQ,948856284739810,24,1400,161556,3
DEQ,948856284780380,24,1400,199974,4
DEQ,948856284816454,24,1400,158235,3
DEQ,948856284859534,24,1400,199389,4
DEQ,948856284896556,24,1400,154671,3
DEQ,948856284938645,24,1400,194768,4
DEQ,948856480340190,24,1400,195521445,3
DEQ,948856480343121,24,1400,195522364,2
DEQ,948856480343646,24,1400,195444976,1
DEQ,948856480371019,24,1400,195470387,4
DEQ,948856480496126,24,1400,146755,3
DEQ,948856480498877,24,1400,141895,2
DEQ,948856480516051,24,1400,153964,3
DEQ,948856480562816,24,1400,195286,4
DEQ,948856480602256,24,1400,98408,3
DEQ,948856480649690,24,1400,141743,4
DEQ,948856480688731,24,1400,171161,3
DEQ,948856480729088,24,1400,209660,4
DEQ,948856480768898,24,1400,164564,3
DEQ,948856480809226,24,1400,202845,4
DEQ,948856480849155,24,1400,158582,3
DEQ,948856480900541,24,1400,207995,4
DEQ,948856480946262,24,1400,175135,3
DEQ,948856480987663,24,1400,214121,4
DEQ,948856481086819,24,1400,235319,3
DEQ,948856481089598,24,1400,236083,2
DEQ,948856481185268,24,1400,236980,3
DEQ,948856481188160,24,1400,237928,2
DEQ,948856481204887,24,1400,110396,3
DEQ,948856481313726,24,1400,206844,4
DEQ,948856481316518,24,1400,119810,3
DEQ,948856481334168,24,1400,133653,4
DEQ,948856481475958,24,1400,268854,3
DEQ,948856481478934,24,1400,269750,2
DEQ,948856481503521,24,1400,181521,3
DEQ,948856481581858,24,1400,255359,4
DEQ,948856481584619,24,1400,100349,3
DEQ,948856481668900,24,1400,176113,4
DEQ,948856481671628,24,1400,166447,3
DEQ,948856481754931,24,1400,247559,4
DEQ,948856481757676,24,1400,167928,3
DEQ,948856481849623,24,1400,255569,4
DEQ,948856481852345,24,1400,175908,3
DEQ,948856481878553,24,1400,198098,4
DEQ,948856481962981,24,1400,200602,3
DEQ,948856481965852,24,1400,199462,2
DEQ,948856482058009,24,1400,200866,3
DEQ,948856482060799,24,1400,192918,2
DEQ,948856482133650,24,1400,162896,3
DEQ,948856482140733,24,1400,159770,2
DEQ,948856482215434,24,1400,149513,3
DEQ,948856482218236,24,1400,148343,2
DEQ,948856482312516,24,1400,166914,3
DEQ,948856482315416,24,1400,165952,2
DEQ,948856482403156,24,1400,179907,3
DEQ,948856482406194,24,1400,174368,2
DEQ,948856482496882,24,1400,176584,3
DEQ,948856482499977,24,1400,168249,2
DEQ,948856482587645,24,1400,176156,3
DEQ,948856482590465,24,1400,174911,2
DEQ,948856482673428,24,1400,168257,3
DEQ,948856482692626,24,1400,183350,4
DEQ,948856482832981,24,1400,237616,3
DEQ,948856482835650,24,1400,236293,2
DEQ,948856482915705,24,1400,235415,3
DEQ,948856482925711,24,1400,241502,2
DEQ,948856482927626,24,1400,86988,1
DEQ,948856483007701,24,1400,162983,4
DEQ,948856483010409,24,1400,75335,3
DEQ,948856483034613,24,1400,96813,4
DEQ,948856483128547,24,1400,185405,3
DEQ,948856483131300,24,1400,186134,2
DEQ,948856483205471,24,1400,190218,3
DEQ,948856483208182,24,1400,188945,2
DEQ,948856483288390,24,1400,152217,3
DEQ,948856483291111,24,1400,150930,2
DEQ,948856483378539,24,1400,165426,3
DEQ,948856483381334,24,1400,164358,2
DEQ,948856483459467,24,1400,163571,3
DEQ,948856483539631,24,1400,232030,4
DEQ,948856483542450,24,1400,156233,3
DEQ,948856483568053,24,1400,172503,4
DEQ,948856483640181,24,1400,173731,3
DEQ,948856483659288,24,1400,188863,4
DEQ,948856483780895,24,1400,233580,3
DEQ,948856483859631,24,1400,296498,4
DEQ,948856483862431,24,1400,215381,3
DEQ,948856483956318,24,1400,305373,4
DEQ,948856484019579,24,1400,231712,3
DEQ,948856484022237,24,1400,230343,2
DEQ,948856484044991,24,1400,177793,3
DEQ,948856484140449,24,1400,263016,4
DEQ,948856484142899,24,1400,115525,3
DEQ,948856484144327,24,1400,104225,2
DEQ,948856484226689,24,1400,180129,3
DEQ,948856484229430,24,1400,180906,2
DEQ,948856484309820,24,1400,161608,3
DEQ,948856484312542,24,1400,160310,2
DEQ,948856484393767,24,1400,159442,3
DEQ,948856484396506,24,1400,153143,2
DEQ,948856484419847,24,1400,102475,3
DEQ,948856484499282,24,1400,172958,4
DEQ,948856484502086,24,1400,100850,3
DEQ,948856484519025,24,1400,103941,4
DEQ,948856484598165,24,1400,176650,3
DEQ,948856484600917,24,1400,177588,2
DEQ,948856484602521,24,1400,95525,1
DEQ,948856484697243,24,1400,182686,4
DEQ,948856484700086,24,1400,92731,3
DEQ,948856484717010,24,1400,101758,4
DEQ,948856484792022,24,1400,171698,3
DEQ,948856484811259,24,1400,188755,4
DEQ,948856484917147,24,1400,212212,3
DEQ,948856484919869,24,1400,210906,2
DEQ,948856484943103,24,1400,144220,3
DEQ,948856485021301,24,1400,214905,4
DEQ,948856485024002,24,1400,99264,3
DEQ,948856485101932,24,1400,163292,4
DEQ,948856485188805,24,1400,244073,3
DEQ,948856485191632,24,1400,245102,2
DEQ,948856485208082,24,1400,179329,3
DEQ,948856680333893,24,1400,195295656,4
DEQ,948856680336639,24,1400,195136719,3
DEQ,948856680337053,24,1400,195133146,2
DEQ,948856680354424,24,1400,195143972,3
DEQ,948856680492107,24,1400,195279656,4
DEQ,948856680494828,24,1400,149257,3
DEQ,948856680516780,24,1400,167113,4
DEQ,948856680610447,24,1400,253808,3
DEQ,948856680613164,24,1400,254250,2
DEQ,948856680629721,24,1400,129872,3
DEQ,948856680756625,24,1400,244352,4
DEQ,948856680759352,24,1400,141336,3
DEQ,948856680835339,24,1400,213428,4
DEQ,948856680838022,24,1400,206787,3
DEQ,948856680918657,24,1400,285458,4
DEQ,948856680925581,24,1400,161421,3
DEQ,948856681020705,24,1400,252485,4
DEQ,948856681035435,24,1400,192681,3
DEQ,948856681064492,24,1400,217881,4
DEQ,948856681149986,24,1400,215519,3
DEQ,948856681157069,24,1400,213565,2
DEQ,948856681157658,24,1400,113188,1
DEQ,948856681184405,24,1400,135440,4
DEQ,948856681248717,24,1400,85360,3
DEQ,948856681251620,24,1400,77641,2
DEQ,948856681325992,24,1400,146991,3
DEQ,948856681328789,24,1400,148112,2
DEQ,948856681411238,24,1400,154739,3
DEQ,948856681414060,24,1400,153562,2
DEQ,948856681496480,24,1400,162796,3
DEQ,948856681499324,24,1400,156707,2
DEQ,948856681516639,24,1400,97571,3
DEQ,948856681602950,24,1400,179910,4
DEQ,948856681605666,24,1400,101424,3
DEQ,948856681684894,24,1400,173170,4
DEQ,948856681687602,24,1400,168628,3
DEQ,948856681768691,24,1400,247508,4
DEQ,948856681771454,24,1400,160939,3
DEQ,948856681794619,24,1400,175188,4
DEQ,948856681873931,24,1400,181589,3
DEQ,948856681876786,24,1400,175342,2
DEQ,948856681893355,24,1400,117038,3
DEQ,948856681969532,24,1400,179531,4
DEQ,948856681972316,24,1400,90562,3
DEQ,948856682071782,24,1400,182871,4
DEQ,948856682075058,24,1400,179502,3
DEQ,948856682101395,24,1400,203987,4
DEQ,948856682189347,24,1400,211924,3
DEQ,948856682192207,24,1400,205856,2
DEQ,948856682278852,24,1400,197905,3
DEQ,948856682282229,24,1400,186026,2
DEQ,948856682397045,24,1400,199557,3
DEQ,948856682399786,24,1400,198246,2
DEQ,948856682423414,24,1400,137252,3
DEQ,948856682497363,24,1400,207235,4
DEQ,948856682500078,24,1400,95334,3
DEQ,948856682516593,24,1400,97776,4
DEQ,948856682591318,24,1400,166468,3
DEQ,948856682594318,24,1400,167588,2
DEQ,948856682671014,24,1400,166058,3
DEQ,948856682673803,24,1400,161961,2
DEQ,948856682746972,24,1400,147816,3
DEQ,948856682749751,24,1400,146729,2
DEQ,948856682822123,24,1400,143530,3
DEQ,948856682824911,24,1400,142340,2
DEQ,948856682914207,24,1400,159479,3
DEQ,948856682992065,24,1400,233366,4
DEQ,948856682994892,24,1400,165056,3
DEQ,948856683016484,24,1400,174263,4
DEQ,948856683092566,24,1400,171566,3
DEQ,948856683095357,24,1400,170433,2
DEQ,948856683169438,24,1400,169661,3
DEQ,948856683172265,24,1400,160371,2
DEQ,948856683248298,24,1400,148098,3
DEQ,948856683251437,24,1400,147391,2
DEQ,948856683268639,24,1400,91555,3
DEQ,948856683350530,24,1400,169392,4
DEQ,948856683353178,24,1400,96753,3
DEQ,948856683434546,24,1400,170632,4
DEQ,948856683437297,24,1400,166169,3
DEQ,948856683527839,24,1400,254492,4
DEQ,948856683530644,24,1400,172630,3
DEQ,948856683611162,24,1400,244068,4
DEQ,948856683613879,24,1400,171771,3
DEQ,948856683697187,24,1400,246125,4
DEQ,948856683700018,24,1400,164446,3
DEQ,948856683725246,24,1400,182543,4
DEQ,948856683795961,24,1400,177348,3
DEQ,948856683815590,24,1400,188536,4
DEQ,948856683906636,24,1400,201427,3
DEQ,948856683909501,24,1400,188934,2
DEQ,948856683926169,24,1400,123252,3
DEQ,948856684005036,24,1400,197895,4
DEQ,948856684008585,24,1400,90771,3
DEQ,948856684136264,24,1400,214476,4
DEQ,948856684138980,24,1400,210412,3
DEQ,948856684223907,24,1400,293367,4
DEQ,948856684226636,24,1400,213629,3
DEQ,948856684255713,24,1400,238730,4
DEQ,948856684347903,24,1400,204030,3
DEQ,948856684350474,24,1400,202586,2
DEQ,948856684351981,24,1400,120528,1
DEQ,948856684438806,24,1400,198801,4
DEQ,948856684441584,24,1400,85598,3
DEQ,948856684467059,24,1400,102130,4
DEQ,948856684556896,24,1400,186314,3
DEQ,948856684559617,24,1400,187028,2
DEQ,948856684584626,24,1400,138231,3
DEQ,948856684653462,24,1400,190922,4
DEQ,948856684699182,24,1400,134862,3
DEQ,948856684741645,24,1400,173460,4
DEQ,948856684801326,24,1400,215031,3
DEQ,948856684841347,24,1400,253048,4
DEQ,948856684881648,24,1400,180321,3
DEQ,948856684937435,24,1400,234054,4
DEQ,948856684976757,24,1400,173383,3
DEQ,948856685072608,24,1400,267303,4
DEQ,948856685075369,24,1400,191603,3
DEQ,948856880341491,24,1400,195455683,5
DEQ,948856880344690,24,1400,195365621,4
DEQ,948856880345387,24,1400,195364261,3
DEQ,948856880347556,24,1400,195267278,2
DEQ,948856880379895,24,1400,195291127,5
DEQ,948856880495946,24,84,157167593,4
DEQ,948856880502214,24,1400,149705,3
DEQ,948856880502670,24,1400,137735,2
DEQ,948856880504955,24,1400,134354,1
DEQ,948856880600524,24,1400,227819,4
DEQ,948856880603311,24,1400,94324,3
DEQ,948856880624898,24,1400,111854,4
DEQ,948856880707746,24,1400,189675,3
DEQ,948856880711133,24,1400,191119,2
DEQ,948856880838094,24,1400,229901,3
DEQ,948856880841308,24,1400,220728,2
DEQ,948856880929050,24,1400,212465,3
DEQ,948856880956817,24,1400,235893,4
DEQ,948856881062099,24,1400,215164,3
DEQ,948856881065011,24,1400,213324,2
DEQ,948856881089928,24,1400,141382,3
DEQ,948856881165011,24,1400,213551,4
DEQ,948856881167861,24,1400,97715,3
DEQ,948856881185522,24,1400,100186,4
DEQ,948856881276281,24,1400,183896,3
DEQ,948856881279103,24,1400,184662,2
DEQ,948856881365843,24,1400,192883,3
DEQ,948856881368574,24,1400,191606,2
DEQ,948856881455759,24,1400,171800,3
DEQ,948856881458455,24,1400,170485,2
DEQ,948856881474962,24,1400,101499,3
DEQ,948856881554051,24,1400,176627,4
DEQ,948856881639718,24,1400,176544,3
DEQ,948856881642299,24,1400,175170,2
DEQ,948856881643878,24,1400,167288,1
DEQ,948856881728748,24,1400,250135,4
DEQ,948856881731584,24,1400,83546,3
DEQ,948856881814742,24,1400,162701,4
DEQ,948856881817575,24,1400,160615,3
DEQ,948856881899847,24,1400,240859,4
DEQ,948856881910635,24,1400,174095,3
DEQ,948856882029507,24,1400,284886,4
DEQ,948856882097911,24,1400,275326,3
DEQ,948856882100705,24,1400,274106,2
DEQ,948856882184610,24,1400,270017,3
DEQ,948856882187463,24,1400,269023,2
DEQ,948856882272043,24,1400,166313,3
DEQ,948856882274817,24,1400,160206,2
DEQ,948856882298794,24,1400,106412,3
DEQ,948856882376862,24,1400,180555,4
DEQ,948856882379666,24,1400,100033,3
DEQ,948856882396340,24,1400,102204,4
DEQ,948856882502891,24,1400,202624,3
DEQ,948856882506500,24,1400,204411,2
DEQ,948856882594640,24,1400,206487,3
DEQ,948856882597294,24,1400,205152,2
DEQ,948856882676137,24,1400,164645,3
DEQ,948856882695705,24,1400,180221,4
DEQ,948856882793893,24,1400,191451,3
DEQ,948856882796644,24,1400,186079,2
DEQ,948856882797178,24,1400,110210,1
DEQ,948856882819255,24,1400,128440,4
DEQ,948856882907263,24,1400,105111,3
DEQ,948856882910106,24,1400,103876,2
DEQ,948856882926709,24,1400,116037,3
DEQ,948856883010697,24,1400,194585,4
DEQ,948856883103554,24,1400,185146,3
DEQ,948856883128747,24,1400,206426,4
DEQ,948856883225412,24,1400,296129,3
DEQ,948856883228236,24,1400,296925,2
DEQ,948856883319197,24,1400,208638,3
DEQ,948856883338010,24,1400,214086,4
DEQ,948856883481249,24,1400,247895,3
DEQ,948856883483958,24,1400,242568,2
DEQ,948856883575400,24,1400,249390,3
DEQ,948856883578144,24,1400,248295,2
DEQ,948856883659066,24,1400,170335,3
DEQ,948856883661669,24,1400,161242,2
DEQ,948856883745604,24,1400,162738,3
DEQ,948856883748345,24,1400,161522,2
DEQ,948856883822052,24,1400,155634,3
DEQ,948856883824839,24,1400,154515,2
DEQ,948856883903401,24,1400,150251,3
DEQ,948856883906177,24,1400,149176,2
DEQ,948856883988395,24,1400,158334,3
DEQ,948856883991178,24,1400,157218,2
DEQ,948856884016583,24,1400,105672,3
DEQ,948856884102664,24,1400,184757,4
DEQ,948856884105394,24,1400,109324,3
DEQ,948856884127767,24,1400,115757,4
DEQ,948856884260465,24,1400,241431,3
DEQ,948856884263109,24,1400,241982,2
DEQ,948856884287679,24,1400,177339,3
DEQ,948856884379426,24,1400,260172,4
DEQ,948856884382981,24,1400,114857,3
DEQ,948856884463740,24,1400,191661,4
DEQ,948856884466468,24,1400,176392,3
DEQ,948856884493183,24,1400,201049,4
DEQ,948856884602223,24,1400,214883,3
DEQ,948856884604973,24,1400,213796,2
DEQ,948856884699408,24,1400,228022,3
DEQ,948856884702254,24,1400,219936,2
DEQ,948856884790162,24,1400,180082,3
DEQ,948856884868332,24,1400,254271,4
DEQ,948856884871142,24,1400,163910,3
DEQ,948856884887830,24,1400,168603,4
DEQ,948856884966265,24,1400,168908,3
DEQ,948856884969085,24,1400,167892,2
DEQ,948856885050777,24,1400,174445,3
DEQ,948856885053539,24,1400,173251,2
DEQ,948856885070251,24,1400,96034,3
DEQ,948856885141252,24,1400,163085,4
DEQ,948856885144005,24,1400,82133,3
DEQ,948856885227946,24,1400,162504,4
DEQ,948856885230638,24,1400,158735,3
DEQ,948856885305236,24,1400,231287,4
DEQ,948856885308049,24,1400,159171,3
DEQ,948856885392966,24,1400,239970,4
DEQ,948856885395856,24,1400,160151,3
DEQ,948856885467140,24,1400,227465,4
DEQ,948856885470052,24,1400,157044,3
DEQ,948856885557961,24,1400,232882,4
DEQ,948856885560778,24,1400,159830,3
DEQ,948856885645927,24,1400,241100,4
DEQ,948856885648750,24,1400,173702,3
DEQ,948856885736294,24,1400,252191,4
DEQ,948856885739132,24,1400,173213,3
DEQ,948856885756575,24,1400,181515,4
DEQ,948856885834620,24,1400,180866,3
DEQ,948856885837445,24,1400,172362,2
DEQ,948856885912125,24,1400,167892,3
DEQ,948856885914954,24,1400,163068,2
DEQ,948856885996159,24,1400,153566,3
DEQ,948856885999069,24,1400,149390,2
STATS,948856986232422,4,5600,10003,9999,0,0,0
DEQ,948857085319060,24,1400,199399049,3
DEQ,948857085340938,24,1400,199416930,4
DEQ,948857085483746,24,1400,199478932,3
DEQ,948857085486525,24,1400,199474224,2
DEQ,948857085503255,24,1400,172017,3
DEQ,948857085572492,24,1400,236670,4
DEQ,948857085575217,24,1400,80434,3
DEQ,948857085665700,24,1400,167139,4
DEQ,948857085668303,24,1400,163279,3
DEQ,948857085669781,24,1400,162642,2
DEQ,948857085754424,24,1400,174101,3
DEQ,948857085757187,24,1400,172834,2
DEQ,948857085833382,24,1400,159696,3
DEQ,948857085836076,24,1400,158359,2
DEQ,948857085916873,24,1400,154861,3
DEQ,948857085919589,24,1400,153538,2
DEQ,948857085998778,24,1400,157868,3
DEQ,948857086001768,24,1400,149127,2
DEQ,948857086077690,24,1400,153276,3
DEQ,948857086080575,24,1400,146939,2
DEQ,948857086156688,24,1400,149396,3
DEQ,948857086159529,24,1400,148177,2
DEQ,948857086242517,24,1400,157178,3
DEQ,948857086245363,24,1400,156062,2
DEQ,948857086262165,24,1400,97794,3
DEQ,948857086393800,24,1400,221168,4
DEQ,948857086396540,24,1400,146241,3
DEQ,948857086416696,24,1400,162328,4
DEQ,948857086515424,24,1400,250781,3
DEQ,948857086518187,24,1400,251349,2
DEQ,948857086538373,24,1400,136650,3
DEQ,948857086635465,24,1400,229779,4
DEQ,948857086638215,24,1400,115117,3
DEQ,948857086661781,24,1400,134790,4
DEQ,948857086738718,24,1400,198584,3
DEQ,948857086757366,24,1400,215207,4
DEQ,948857086831718,24,1400,188307,3
DEQ,948857086834515,24,1400,177111,2
DEQ,948857086916250,24,1400,170659,3
DEQ,948857086928113,24,1400,175199,2
DEQ,948857087036252,24,1400,196822,3
DEQ,948857087039005,24,1400,195580,2
DEQ,948857087118744,24,1400,182484,3
DEQ,948857087121646,24,1400,182897,2
DEQ,948857087196284,24,1400,152165,3
DEQ,948857087199058,24,1400,150963,2
DEQ,948857087277689,24,1400,150913,3
DEQ,948857087280506,24,1400,149782,2
DEQ,948857087373320,24,1400,168908,3
DEQ,948857087376131,24,1400,167791,2
DEQ,948857087393024,24,1400,107216,3
DEQ,948857087466644,24,1400,169032,4
DEQ,948857087469310,24,1400,88257,3
DEQ,948857087543254,24,1400,154623,4
DEQ,948857087545967,24,1400,151336,3
DEQ,948857087624513,24,1400,227804,4
DEQ,948857087627420,24,1400,153173,3
DEQ,948857087704351,24,1400,226064,4
DEQ,948857087707221,24,1400,156272,3
DEQ,948857087782566,24,1400,222872,4
DEQ,948857087785502,24,1400,152931,3
DEQ,948857087869422,24,1400,232878,4
DEQ,948857087932018,24,1400,219994,3
DEQ,948857087934889,24,1400,218866,2
DEQ,948857088018052,24,1400,227590,3
DEQ,948857088020874,24,1400,222251,2
DEQ,948857088104604,24,1400,164549,3
DEQ,948857088107325,24,1400,155627,2
DEQ,948857088182093,24,1400,156272,3
DEQ,948857088184907,24,1400,154977,2
DEQ,948857088270400,24,1400,158361,3
DEQ,948857088273126,24,1400,156985,2
DEQ,948857088363656,24,1400,173811,3
DEQ,948857088366574,24,1400,166826,2
DEQ,948857088448329,24,1400,170347,3
DEQ,948857088451203,24,1400,161406,2
DEQ,948857088467984,24,1400,96633,3
DEQ,948857088542790,24,1400,167432,4
DEQ,948857088553678,24,1400,97525,3
DEQ,948857088632338,24,1400,172099,4
DEQ,948857088643489,24,1400,172962,3
DEQ,948857088767070,24,1400,294569,4
DEQ,948857088769823,24,1400,211383,3
DEQ,948857088792669,24,1400,230271,4
DEQ,948857088882866,24,1400,235009,3
DEQ,948857088889059,24,1400,237322,2
DEQ,948857088890564,24,1400,115731,1
DEQ,948857088968581,24,1400,180316,4
DEQ,948857088971312,24,1400,76692,3
DEQ,948857089067683,24,1400,169224,4
DEQ,948857089070589,24,1400,166476,3
DEQ,948857089144538,24,1400,238386,4
DEQ,948857089147377,24,1400,171031,3
DEQ,948857089219643,24,1400,235014,4
DEQ,948857089222577,24,1400,146917,3
DEQ,948857089304523,24,1400,224884,4
DEQ,948857089307274,24,1400,154655,3
DEQ,948857089383772,24,1400,227192,4
DEQ,948857089386639,24,1400,159020,3
DEQ,948857089473558,24,1400,237974,4
DEQ,948857089476396,24,1400,163773,3
DEQ,948857089558752,24,1400,242267,4
DEQ,948857089561621,24,1400,169988,3
DEQ,948857089661186,24,1400,257599,4
DEQ,948857089664075,24,1400,182558,3
DEQ,948857089745274,24,1400,255709,4
DEQ,948857089748911,24,1400,182010,3
DEQ,948857089820408,24,1400,243840,4
DEQ,948857089823249,24,1400,154144,3
DEQ,948857089901238,24,1400,228134,4
DEQ,948857089904119,24,1400,150013,3
DEQ,948857089986115,24,1400,228039,4
DEQ,948857089988925,24,1400,160428,3
DEQ,948857090082893,24,1400,250585,4
DEQ,948857090085594,24,1400,176504,3
DEQ,948857090166267,24,1400,253287,4
DEQ,948857090169274,24,1400,175251,3
DEQ,948857090193109,24,1400,190653,4
DEQ,948857090265165,24,1400,174394,3
DEQ,948857090283972,24,1400,189268,4
DEQ,948857090425328,24,1400,251049,3
DEQ,948857090444365,24,1400,256259,4
DEQ,948857090562079,24,1400,290032,3
DEQ,948857090564951,24,1400,288881,2
DEQ,948857090639158,24,1400,206749,3
DEQ,948857090642007,24,1400,205622,2
DEQ,948857090715350,24,1400,145415,3
DEQ,948857090718212,24,1400,144343,2
DEQ,948857090802062,24,1400,155234,3
DEQ,948857090804888,24,1400,154071,2
DEQ,948857290333713,24,1400,199610593,3
DEQ,948857290336380,24,1400,199602986,2
DEQ,948857290336828,24,1400,199526918,1
DEQ,948857290364630,24,1400,199544210,4
DEQ,948857290440260,24,1400,98346,3
DEQ,948857290441108,24,1400,88117,2
DEQ,948857290458282,24,1400,99926,3
DEQ,948857290564900,24,1400,203909,4
DEQ,948857290567646,24,1400,118106,3
DEQ,948857290584783,24,1400,131087,4
DEQ,948857290716179,24,1400,254148,3
DEQ,948857290718865,24,1400,254712,2
DEQ,948857290802135,24,1400,229644,3
DEQ,948857290804891,24,1400,228452,2
DEQ,948857290890139,24,1400,166216,3
DEQ,948857290892826,24,1400,164887,2
DEQ,948857290915369,24,1400,105728,3
DEQ,948857291003617,24,1400,189951,4
DEQ,948857291007057,24,1400,109359,3
DEQ,948857291090174,24,1400,179697,4
DEQ,948857291092928,24,1400,176092,3
DEQ,948857291169684,24,1400,251209,4
DEQ,948857291172557,24,1400,161274,3
DEQ,948857291248301,24,1400,233032,4
DEQ,948857291310200,24,1400,212393,3
DEQ,948857291337325,24,1400,235591,4
DEQ,948857291413476,24,1400,235651,3
DEQ,948857291432255,24,1400,250583,4
DEQ,948857291511725,24,1400,194718,3
DEQ,948857291514512,24,1400,182033,2
DEQ,948857291531680,24,1400,111253,3
DEQ,948857291630236,24,1400,202569,4
DEQ,948857291637962,24,1400,114437,3
DEQ,948857291720460,24,1400,193082,4
DEQ,948857291789611,24,1400,255690,3
DEQ,948857291868248,24,1400,332334,4
DEQ,948857291870996,24,1400,229386,3
DEQ,948857291887833,24,1400,242151,4
DEQ,948857291968702,24,1400,172033,3
DEQ,948857291974854,24,1400,174204,2
DEQ,948857291976339,24,1400,100606,1
DEQ,948857292077083,24,1400,197288,4
DEQ,948857292079852,24,1400,98457,3
DEQ,948857292100353,24,1400,109745,4
DEQ,948857292188722,24,1400,193061,3
DEQ,948857292191432,24,1400,193782,2
DEQ,948857292271334,24,1400,186715,3
DEQ,948857292274054,24,1400,185487,2
DEQ,948857292290186,24,1400,93955,3
DEQ,948857292362725,24,1400,162431,4
DEQ,948857292369778,24,1400,87544,3
DEQ,948857292477963,24,1400,191878,4
DEQ,948857292480792,24,1400,189136,3
DEQ,948857292571079,24,1400,277423,4
DEQ,948857292656644,24,1400,282413,3
DEQ,948857292675276,24,1400,297091,4
DEQ,948857292790586,24,1400,305032,3
DEQ,948857292872713,24,1400,378310,4
DEQ,948857292875562,24,1400,211975,3
DEQ,948857292892596,24,1400,224982,4
DEQ,948857292998351,24,1400,200882,3
DEQ,948857293001008,24,1400,199562,2
DEQ,948857293001514,24,1400,121089,1
DEQ,948857293023253,24,1400,135436,4
DEQ,948857293092231,24,1400,85878,3
DEQ,948857293094989,24,1400,81682,2
DEQ,948857293179223,24,1400,161291,3
DEQ,948857293181934,24,1400,161840,2
DEQ,948857293198608,24,1400,98876,3
DEQ,948857293279617,24,1400,175848,4
DEQ,948857293282526,24,1400,95733,3
DEQ,948857293371276,24,1400,180498,4
DEQ,948857293374117,24,1400,173969,3
DEQ,948857293456082,24,1400,253939,4
DEQ,948857293458831,24,1400,171601,3
DEQ,948857293540054,24,1400,243830,4
DEQ,948857293542853,24,1400,163774,3
DEQ,948857293559507,24,1400,176534,4
DEQ,948857293634080,24,1400,170510,3
DEQ,948857293653111,24,1400,185682,4
DEQ,948857293743262,24,1400,192199,3
DEQ,948857293746028,24,1400,190895,2
DEQ,948857293823464,24,1400,182431,3
DEQ,948857293826207,24,1400,181332,2
DEQ,948857293914870,24,1400,163609,3
DEQ,948857293996884,24,1400,241720,4
DEQ,948857293999739,24,1400,168732,3
DEQ,948857294017281,24,1400,175061,4
DEQ,948857294091188,24,1400,169042,3
DEQ,948857294094035,24,1400,167950,2
DEQ,948857294167578,24,1400,162746,3
DEQ,948857294170384,24,1400,158085,2
DEQ,948857294250303,24,1400,151367,3
DEQ,948857294276122,24,1400,173219,4
DEQ,948857294356211,24,1400,180916,3
DEQ,948857294359313,24,1400,175207,2
DEQ,948857294376562,24,1400,119348,3
DEQ,948857294445360,24,1400,184275,4
DEQ,948857294448208,24,1400,80362,3
DEQ,948857294527757,24,1400,155928,4
DEQ,948857294530611,24,1400,151737,3
DEQ,948857294610394,24,1400,229442,4
DEQ,948857294613233,24,1400,160112,3
DEQ,948857294697000,24,1400,239905,4
DEQ,948857294699881,24,1400,164400,3
DEQ,948857294785349,24,1400,242746,4
DEQ,948857294788155,24,1400,170042,3
DEQ,948857294867371,24,1400,240350,4
DEQ,948857294870916,24,1400,166115,3
DEQ,948857294958557,24,1400,244603,4
DEQ,948857490340395,24,1400,195547413,3
DEQ,948857490343378,24,1400,195546347,2
DEQ,948857490344083,24,1400,195467665,1
DEQ,948857490346224,24,1400,195465675,0
DEQ,948857490438794,24,1400,86638,3
DEQ,948857490439643,24,1400,79733,2
DEQ,948857490543518,24,1400,178704,3
DEQ,948857490546313,24,1400,179245,2
DEQ,948857490563322,24,1400,118406,3
DEQ,948857490641904,24,1400,192733,4
DEQ,948857490644740,24,1400,89413,3
DEQ,948857490730962,24,1400,171819,4
DEQ,948857490733717,24,1400,168851,3
DEQ,948857490754786,24,1400,187992,4
DEQ,948857490858512,24,1400,208384,3
DEQ,948857490861286,24,1400,206778,2
DEQ,948857490947853,24,1400,209408,3
DEQ,948857490950565,24,1400,203625,2
DEQ,948857490967538,24,1400,101222,3
DEQ,948857491057265,24,1400,186784,4
DEQ,948857491060193,24,1400,104926,3
DEQ,948857491086469,24,1400,127085,4
DEQ,948857491186225,24,1400,217024,3
DEQ,948857491189087,24,1400,217787,2
DEQ,948857491265079,24,1400,199630,3
DEQ,948857491268498,24,1400,198865,2
DEQ,948857491346595,24,1400,152559,3
DEQ,948857491349503,24,1400,151450,2
DEQ,948857491436212,24,1400,162913,3
DEQ,948857491438925,24,1400,161725,2
DEQ,948857491533644,24,1400,179272,3
DEQ,948857491536397,24,1400,173588,2
DEQ,948857491625312,24,1400,181529,3
DEQ,948857491628065,24,1400,174258,2
DEQ,948857491651198,24,1400,109968,3
DEQ,948857491727701,24,1400,182208,4
DEQ,948857491730373,24,1400,97473,3
DEQ,948857491812346,24,1400,166059,4
DEQ,948857491823012,24,1400,170282,3
DEQ,948857491907374,24,1400,252904,4
DEQ,948857491910230,24,1400,175087,3
DEQ,948857491927095,24,1400,183385,4
DEQ,948857491996781,24,1400,170051,3
DEQ,948857492004297,24,1400,173572,2
DEQ,948857492117676,24,1400,199165,3
DEQ,948857492120470,24,1400,198103,2
DEQ,948857492193634,24,1400,183964,3
DEQ,948857492196521,24,1400,182935,2
DEQ,948857492286191,24,1400,160943,3
DEQ,948857492289013,24,1400,159773,2
DEQ,948857492374743,24,1400,173168,3
DEQ,948857492377616,24,1400,172032,2
DEQ,948857492451969,24,1400,158114,3
DEQ,948857492454818,24,1400,157053,2
DEQ,948857492479749,24,1400,97224,3
DEQ,948857492554126,24,1400,167652,4
DEQ,948857492563743,24,1400,103867,3
DEQ,948857492609365,24,1400,133975,4
DEQ,948857492650015,24,1400,167899,3
DEQ,948857492689461,24,1400,205312,4
DEQ,948857492749161,24,1400,180931,3
DEQ,948857492781344,24,1400,209052,4
DEQ,948857492821330,24,1400,169195,3
DEQ,948857492869305,24,1400,215163,4
DEQ,948857492901501,24,1400,150404,3
DEQ,948857492941601,24,1400,188535,4
DEQ,948857492981575,24,1400,158166,3
DEQ,948857493069932,24,1400,244575,4
DEQ,948857493072648,24,1400,169035,3
DEQ,948857493093700,24,1400,188124,4
DEQ,948857493195429,24,1400,211824,3
DEQ,948857493198233,24,1400,212665,2
DEQ,948857493219935,24,1400,142405,3
DEQ,948857493289966,24,1400,208764,4
DEQ,948857493292795,24,1400,89488,3
DEQ,948857493310209,24,1400,94982,4
DEQ,948857493405217,24,1400,182896,3
DEQ,948857493491395,24,1400,267121,4
DEQ,948857493494102,24,1400,196199,3
DEQ,948857493568683,24,1400,266729,4
DEQ,948857493572060,24,1400,160020,3
DEQ,948857493596276,24,1400,179868,4
DEQ,948857493678491,24,1400,179661,3
DEQ,948857493681296,24,1400,178471,2
DEQ,948857493754334,24,1400,177520,3
DEQ,948857493773315,24,1400,181842,4
DEQ,948857493878443,24,1400,192272,3
DEQ,948857493881247,24,1400,191171,2
DEQ,948857493958420,24,1400,197179,3
DEQ,948857493961382,24,1400,192703,2
DEQ,948857494036093,24,1400,150002,3
DEQ,948857494038789,24,1400,148748,2
DEQ,948857494119377,24,1400,153155,3
DEQ,948857494122774,24,1400,152573,2
DEQ,948857494197569,24,1400,154081,3
DEQ,948857494200227,24,1400,152879,2
DEQ,948857494279537,24,1400,152844,3
DEQ,948857494282190,24,1400,151556,2
DEQ,948857494304185,24,1400,99031,3
DEQ,948857494384782,24,1400,172790,4
DEQ,948857494387673,24,1400,100665,3
DEQ,948857494462562,24,1400,162751,4
DEQ,948857494465382,24,1400,159661,3
DEQ,948857494540126,24,1400,232427,4
DEQ,948857494543057,24,1400,150646,3
DEQ,948857494559878,24,1400,163457,4
DEQ,948857494629944,24,1400,159652,3
DEQ,948857494632813,24,1400,158574,2
DEQ,948857494715231,24,1400,163913,3
DEQ,948857494718066,24,1400,162909,2
DEQ,948857494792504,24,1400,154577,3
DEQ,948857494795363,24,1400,153545,2
DEQ,948857494882432,24,1400,159538,3
DEQ,948857494979345,24,1400,252633,4
DEQ,948857494982201,24,1400,181972,3
DEQ,948857495004572,24,1400,195299,4
DEQ,948857495133534,24,1400,225956,3
DEQ,948857495136271,24,1400,226014,2
DEQ,948857495225863,24,1400,238809,3
DEQ,948857495228642,24,1400,232510,2
DEQ,948857495253627,24,1400,112559,3
DEQ,948857495384563,24,1400,239656,4
DEQ,948857495387288,24,1400,153930,3
DEQ,948857495467534,24,1400,225470,4
DEQ,948857690342423,24,1400,195087026,3
DEQ,948857690345357,24,1400,195087936,2
DEQ,948857690346031,24,1400,194953932,1
DEQ,948857690348301,24,1400,194952093,0
DEQ,948857690449274,24,1400,96001,3
DEQ,948857690450174,24,1400,88937,2
DEQ,948857690550385,24,1400,184107,3
DEQ,948857690553232,24,1400,184658,2
DEQ,948857690571103,24,1400,115879,3
DEQ,948857690652137,24,1400,192770,4
DEQ,948857690654901,24,1400,96209,3
DEQ,948857690736661,24,1400,170161,4
DEQ,948857690744092,24,1400,171095,3
DEQ,948857690825913,24,1400,250972,4
DEQ,948857690828847,24,1400,168779,3
DEQ,948857690953298,24,1400,288769,4
DEQ,948857690956262,24,1400,207530,3
DEQ,948857690956730,24,1400,203649,2
DEQ,948857690975240,24,1400,141194,3
DEQ,948857691044983,24,1400,206866,4
DEQ,948857691052807,24,1400,87204,3
DEQ,948857691136840,24,1400,165983,4
DEQ,948857691198541,24,1400,221719,3
DEQ,948857691226279,24,1400,247498,4
DEQ,948857691303624,24,1400,247056,3
DEQ,948857691322509,24,1400,261841,4
DEQ,948857691406483,24,1400,200815,3
DEQ,948857691409191,24,1400,187467,2
DEQ,948857691425643,24,1400,115100,3
DEQ,948857691503890,24,1400,189504,4
DEQ,948857691506776,24,1400,89142,3
DEQ,948857691600345,24,1400,178733,4
DEQ,948857691603052,24,1400,174792,3
DEQ,948857691688860,24,1400,258653,4
DEQ,948857691691585,24,1400,179856,3
DEQ,948857691778207,24,1400,262399,4
DEQ,948857691785364,24,1400,177275,3
DEQ,948857691924670,24,1400,307887,4
DEQ,948857692009563,24,1400,313133,3
DEQ,948857692028651,24,1400,328294,4
DEQ,948857692158499,24,1400,368739,3
DEQ,948857692241709,24,1400,447912,4
DEQ,948857692244543,24,1400,228061,3
DEQ,948857692323608,24,1400,303106,4
DEQ,948857692326455,24,1400,160850,3
DEQ,948857692351731,24,1400,182272,4
DEQ,948857692426324,24,1400,176741,3
DEQ,948857692445794,24,1400,192191,4
DEQ,948857692594518,24,1400,262862,3
DEQ,948857692597241,24,1400,249931,2
DEQ,948857692617563,24,1400,184297,3
DEQ,948857692696702,24,1400,259457,4
DEQ,948857692699524,24,1400,97388,3
DEQ,948857692781203,24,1400,175051,4
DEQ,948857692784040,24,1400,164751,3
DEQ,948857692800809,24,1400,179567,4
DEQ,948857692878683,24,1400,174296,3
DEQ,948857692881496,24,1400,173116,2
DEQ,948857692953702,24,1400,161172,3
DEQ,948857692956547,24,1400,160360,2
DEQ,948857693036989,24,1400,150498,3
DEQ,948857693039745,24,1400,149249,2
DEQ,948857693121872,24,1400,160387,3
DEQ,948857693124571,24,1400,154046,2
DEQ,948857693202727,24,1400,158287,3
DEQ,948857693205469,24,1400,157037,2
DEQ,948857693289478,24,1400,160094,3
DEQ,948857693373382,24,1400,240102,4
DEQ,948857693376296,24,1400,166119,3
DEQ,948857693393326,24,1400,174878,4
DEQ,948857693472160,24,1400,175684,3
DEQ,948857693474862,24,1400,174399,2
DEQ,948857693476491,24,1400,94998,1
DEQ,948857693572417,24,1400,183573,4
DEQ,948857693575260,24,1400,93974,3
DEQ,948857693592318,24,1400,101862,4
DEQ,948857693712322,24,1400,216653,3
DEQ,948857693715144,24,1400,217363,2
DEQ,948857693804519,24,1400,224152,3
DEQ,948857693807241,24,1400,222857,2
DEQ,948857693886103,24,1400,165936,3
DEQ,948857693888956,24,1400,157532,2
DEQ,948857693969464,24,1400,157443,3
DEQ,948857693972294,24,1400,156160,2
DEQ,948857694071867,24,1400,178021,3
DEQ,948857694074448,24,1400,170136,2
DEQ,948857694075843,24,1400,98557,1
DEQ,948857694163343,24,1400,176968,4
DEQ,948857694166070,24,1400,86290,3
DEQ,948857694248683,24,1400,165106,4
DEQ,948857694251427,24,1400,162483,3
DEQ,948857694329300,24,1400,238446,4
DEQ,948857694332175,24,1400,161267,3
DEQ,948857694405763,24,1400,223471,4
DEQ,948857694408641,24,1400,152182,3
DEQ,948857694426016,24,1400,165700,4
DEQ,948857694504264,24,1400,166629,3
DEQ,948857694507174,24,1400,165547,2
DEQ,948857694584365,24,1400,170306,3
DEQ,948857694587200,24,1400,169203,2
DEQ,948857694669466,24,1400,157336,3
DEQ,948857694672322,24,1400,156254,2
DEQ,948857694765349,24,1400,173176,3
DEQ,948857694768072,24,1400,171924,2
DEQ,948857694793716,24,1400,116594,3
DEQ,948857694885113,24,1400,204049,4
DEQ,948857694966874,24,1400,194009,3
DEQ,948857694992442,24,1400,215554,4
DEQ,948857695069356,24,1400,273188,3
DEQ,948857695114209,24,1400,315926,4
DEQ,948857695146130,24,1400,172460,3
DEQ,948857695186040,24,1400,201756,4
DEQ,948857695227035,24,1400,150806,3
DEQ,948857695269567,24,1400,189347,4
DEQ,948857695329763,24,1400,181157,3
DEQ,948857695370314,24,1400,219682,4
DEQ,948857695416878,24,1400,187798,3
DEQ,948857695465037,24,1400,233890,4
DEQ,948857695501255,24,1400,169320,3
DEQ,948857695549001,24,1400,215098,4
DEQ,948857890336526,24,1400,194917314,4
DEQ,948857890339669,24,1400,194918407,3
DEQ,948857890340277,24,1400,194836264,2
DEQ,948857890371816,24,1400,194865768,5
DEQ,948857890480745,24,84,165876625,4
DEQ,948857890483681,24,1400,136584,3
DEQ,948857890486214,24,1400,129219,2
DEQ,948857890587765,24,1400,221482,3
DEQ,948857890590686,24,1400,222056,2
DEQ,948857890608162,24,1400,117233,3
DEQ,948857890677792,24,1400,179799,4
DEQ,948857890680444,24,1400,80617,3
DEQ,948857890766218,24,1400,162389,4
DEQ,948857890768936,24,1400,159100,3
DEQ,948857890856959,24,1400,245161,4
DEQ,948857890859815,24,1400,174096,3
DEQ,948857890950064,24,1400,255196,4
DEQ,948857890952983,24,1400,178879,3
DEQ,948857891035660,24,1400,257594,4
DEQ,948857891038718,24,1400,173277,3
DEQ,948857891128258,24,1400,251485,4
DEQ,948857891131229,24,1400,172874,3
DEQ,948857891207003,24,1400,244482,4
DEQ,948857891209846,24,1400,165672,3
DEQ,948857891232316,24,1400,184093,4
DEQ,948857891302655,24,1400,166216,3
DEQ,948857891322155,24,1400,181488,4
DEQ,948857891411293,24,1400,196260,3
DEQ,948857891413855,24,1400,186016,2
DEQ,948857891415440,24,1400,101929,1
DEQ,948857891496825,24,1400,179280,4
DEQ,948857891499567,24,1400,80186,3
DEQ,948857891584434,24,1400,161105,4
DEQ,948857891587144,24,1400,158606,3
DEQ,948857891618764,24,1400,188415,4
DEQ,948857891696750,24,1400,192053,3
DEQ,948857891699504,24,1400,190770,2
DEQ,948857891770857,24,1400,178935,3
DEQ,948857891773595,24,1400,169850,2
DEQ,948857891790414,24,1400,86139,3
DEQ,948857891878681,24,1400,170419,4
DEQ,948857891881485,24,1400,103105,3
DEQ,948857891958685,24,1400,176336,4
DEQ,948857891961451,24,1400,168425,3
DEQ,948857892040503,24,1400,245351,4
DEQ,948857892125151,24,1400,238542,3
DEQ,948857892144203,24,1400,253763,4
DEQ,948857892272044,24,1400,305716,3
DEQ,948857892274744,24,1400,304426,2
DEQ,948857892291527,24,1400,159454,3
DEQ,948857892369202,24,1400,233155,4
DEQ,948857892372654,24,1400,89205,3
DEQ,948857892450348,24,1400,163291,4
DEQ,948857892453054,24,1400,160057,3
DEQ,948857892539158,24,1400,244081,4
DEQ,948857892542022,24,1400,165006,3
DEQ,948857892621874,24,1400,240848,4
DEQ,948857892624739,24,1400,166501,3
DEQ,948857892699450,24,1400,231966,4
DEQ,948857892702289,24,1400,155409,3
DEQ,948857892786153,24,1400,228713,4
DEQ,948857892788986,24,1400,159225,3
DEQ,948857892862782,24,1400,229000,4
DEQ,948857892865605,24,1400,158110,3
DEQ,948857892889463,24,1400,172076,4
DEQ,948857892967831,24,1400,173934,3
DEQ,948857892974098,24,1400,176326,2
DEQ,948857892976515,24,1400,105848,1
DEQ,948857893077278,24,1400,202667,4
DEQ,948857893079976,24,1400,98716,3
DEQ,948857893097139,24,1400,105738,4
DEQ,948857893232016,24,1400,235002,3
DEQ,948857893234756,24,1400,235653,2
DEQ,948857893316116,24,1400,231137,3
DEQ,948857893342419,24,1400,249941,4
DEQ,948857893411731,24,1400,171821,3
DEQ,948857893430260,24,1400,181920,4
DEQ,948857893566943,24,1400,244110,3
DEQ,948857893569765,24,1400,232398,2
DEQ,948857893587300,24,1400,168654,3
DEQ,948857893664380,24,1400,241709,4
DEQ,948857893742958,24,1400,168143,3
DEQ,948857893762590,24,1400,179868,4
DEQ,948857893870657,24,1400,281836,3
DEQ,948857893873481,24,1400,282511,2
DEQ,948857893945329,24,1400,191518,3
DEQ,948857893948107,24,1400,190338,2
DEQ,948857894025376,24,1400,146807,3
DEQ,948857894028265,24,1400,145756,2
DEQ,948857894103525,24,1400,150484,3
DEQ,948857894106230,24,1400,149175,2
DEQ,948857894180796,24,1400,147614,3
DEQ,948857894183541,24,1400,146386,2
DEQ,948857894270285,24,1400,159146,3
DEQ,948857894272956,24,1400,157819,2
DEQ,948857894296775,24,1400,108430,3
DEQ,948857894373484,24,1400,173905,4
DEQ,948857894376408,24,1400,98646,3
DEQ,948857894393537,24,1400,101274,4
DEQ,948857894520327,24,1400,221756,3
DEQ,948857894522961,24,1400,222701,2
DEQ,948857894542562,24,1400,161049,3
DEQ,948857894645766,24,1400,256726,4
DEQ,948857894649277,24,1400,121359,3
DEQ,948857894735674,24,1400,203785,4
DEQ,948857894738517,24,1400,194206,3
DEQ,948857894810278,24,1400,263916,4
DEQ,948857894813109,24,1400,159472,3
DEQ,948857894887300,24,1400,229836,4
DEQ,948857894897827,24,1400,154426,3
DEQ,948857894988759,24,1400,241321,4
DEQ,948857894993839,24,1400,175551,3
DEQ,948857895025737,24,1400,203459,4
DEQ,948857895116914,24,1400,206772,3
DEQ,948857895119596,24,1400,206773,2
DEQ,948857895140620,24,1400,134833,3
DEQ,948857895230203,24,1400,211370,4
DEQ,948857895244724,24,1400,120221,3
DEQ,948857895322563,24,1400,193858,4
DEQ,948857895325316,24,1400,183019,3
DEQ,948857895403745,24,1400,259513,4
DEQ,948857895406468,24,1400,157459,3
DEQ,948857895496780,24,1400,243655,4
DEQ,948857895499515,24,1400,169235,3
DEQ,948857895582012,24,1400,247749,4
DEQ,948857895584937,24,1400,173632,3
DEQ,948857895665246,24,1400,244828,4
DEQ,948857895668060,24,1400,163661,3
DEQ,948857895684424,24,1400,175911,4
DEQ,948857895754470,24,1400,164554,3
DEQ,948857895757311,24,1400,163375,2
DEQ,948857895831843,24,1400,155565,3
STATS,948857996060373,5,7000,10620,10615,0,0,0
DEQ,948858095284434,24,1400,199604293,4
DEQ,948858095287271,24,1400,199525141,3
DEQ,948858095287695,24,1400,199521584,2
DEQ,948858095388751,24,1400,199550009,3
DEQ,948858095389721,24,1400,199541324,2
DEQ,948858095417019,24,1400,124157,3
DEQ,948858095520092,24,1400,223331,4
DEQ,948858095523283,24,1400,127743,3
DEQ,948858095541465,24,1400,141518,4
DEQ,948858095629576,24,1400,207768,3
DEQ,948858095637807,24,1400,213545,2
DEQ,948858095733300,24,1400,200817,3
DEQ,948858095739607,24,1400,202838,2
DEQ,948858095756151,24,1400,114287,3
DEQ,948858095848287,24,1400,202544,4
DEQ,948858095850901,24,1400,106328,3
DEQ,948858095852407,24,1400,100635,2
DEQ,948858095949852,24,1400,192139,3
DEQ,948858095952707,24,1400,193017,2
DEQ,948858095991582,24,1400,135219,3
DEQ,948858096013853,24,1400,152245,4
DEQ,948858096063323,24,1400,105769,3
DEQ,948858096103114,24,1400,132689,4
DEQ,948858096150268,24,1400,156728,3
DEQ,948858096190564,24,1400,194854,4
DEQ,948858096237517,24,1400,171093,3
DEQ,948858096304486,24,1400,235698,4
DEQ,948858096351529,24,1400,198882,3
DEQ,948858096384907,24,1400,230202,4
DEQ,948858096426270,24,1400,186486,3
DEQ,948858096465920,24,1400,223983,4
DEQ,948858096506125,24,1400,152098,3
DEQ,948858096546158,24,1400,189991,4
DEQ,948858096625293,24,1400,196583,3
DEQ,948858096692408,24,1400,261598,4
DEQ,948858096738482,24,1400,229986,3
DEQ,948858096772927,24,1400,261968,4
DEQ,948858096836549,24,1400,208520,3
DEQ,948858096877520,24,1400,247335,4
DEQ,948858096924381,24,1400,183356,3
DEQ,948858096957241,24,1400,214134,4
DEQ,948858096998280,24,1400,159450,3
DEQ,948858097037226,24,1400,196195,4
DEQ,948858097077022,24,1400,150290,3
DEQ,948858097120618,24,1400,191801,4
DEQ,948858097157183,24,1400,154157,3
DEQ,948858097209459,24,1400,204009,4
DEQ,948858097251977,24,1400,172626,3
DEQ,948858097302594,24,1400,221177,4
DEQ,948858097342024,24,1400,182462,3
DEQ,948858097397505,24,1400,235717,4
DEQ,948858097445612,24,1400,191346,3
DEQ,948858097477434,24,1400,221104,4
DEQ,948858097517428,24,1400,173151,3
DEQ,948858097557421,24,1400,211012,4
DEQ,948858097597400,24,1400,149293,3
DEQ,948858097649525,24,1400,199330,4
DEQ,948858097688910,24,1400,169086,3
DEQ,948858097729377,24,1400,207543,4
DEQ,948858097769064,24,1400,169281,3
DEQ,948858097809434,24,1400,207492,4
DEQ,948858097849406,24,1400,158033,3
DEQ,948858097899485,24,1400,206005,4
DEQ,948858097939024,24,1400,167603,3
DEQ,948858097979448,24,1400,205920,4
DEQ,948858098019428,24,1400,167334,3
DEQ,948858098059452,24,1400,205298,4
DEQ,948858098099435,24,1400,157823,3
DEQ,948858098149609,24,1400,205863,4
DEQ,948858098189247,24,1400,167426,3
DEQ,948858098229728,24,1400,205770,4
DEQ,948858098269738,24,1400,167910,3
DEQ,948858098309696,24,1400,205729,4
DEQ,948858098349692,24,1400,158050,3
DEQ,948858098399376,24,1400,205643,4
DEQ,948858098438748,24,1400,166741,3
DEQ,948858098479216,24,1400,205158,4
DEQ,948858098519125,24,1400,167040,3
DEQ,948858098559483,24,1400,205181,4
DEQ,948858098599169,24,1400,157866,3
DEQ,948858098650488,24,1400,207125,4
DEQ,948858098690813,24,1400,169325,3
DEQ,948858098738648,24,1400,214996,4
DEQ,948858098799786,24,1400,198104,3
DEQ,948858098845358,24,1400,241574,4
DEQ,948858098879939,24,1400,186621,3
DEQ,948858098962365,24,1400,266963,4
DEQ,948858098999901,24,1400,197743,3
DEQ,948858099039898,24,1400,235569,4
DEQ,948858099041304,24,1400,151470,3
DEQ,948858099090279,24,1400,198204,4
DEQ,948858099130165,24,1400,127188,3
DEQ,948858099177226,24,1400,171582,4
DEQ,948858099216543,24,1400,173778,3
DEQ,948858099266232,24,1400,221035,4
DEQ,948858099313211,24,1400,180598,3
DEQ,948858099346863,24,1400,212162,4
DEQ,948858099405316,24,1400,186308,3
DEQ,948858099444779,24,1400,223730,4
DEQ,948858099484870,24,1400,169255,3
DEQ,948858099524965,24,1400,207280,4
DEQ,948858099564511,24,1400,156668,3
DEQ,948858099608303,24,1400,198334,4
DEQ,948858099649225,24,1400,161949,3
DEQ,948858099688484,24,1400,199087,4
DEQ,948858099728996,24,1400,162070,3
DEQ,948858099768708,24,1400,199681,4
DEQ,948858099813001,24,1400,161421,3
DEQ,948858099859199,24,1400,205544,4
DEQ,948858099893372,24,1400,161935,3
DEQ,948858099961138,24,1400,227626,4
DEQ,948858100002798,24,1400,187414,3
DEQ,948858100041972,24,1400,224556,4
DEQ,948858100081886,24,1400,185856,3
DEQ,948858100122085,24,1400,223949,4
DEQ,948858100168013,24,1400,162525,3
DEQ,948858100208537,24,1400,200787,4
DEQ,948858100248330,24,1400,164574,3
DEQ,948858100316243,24,1400,230454,4
DEQ,948858100362164,24,1400,192083,3
DEQ,948858100396357,24,1400,224118,4
DEQ,948858295290753,24,1400,195040377,3
DEQ,948858295293885,24,1400,195041390,2
DEQ,948858295294508,24,1400,194930305,1
DEQ,948858295323805,24,1400,194957949,4
DEQ,948858295444259,24,1400,142834,3
DEQ,948858295446942,24,1400,140836,2
DEQ,948858295447384,24,1400,136051,1
DEQ,948858295541086,24,1400,227669,4
DEQ,948858295544346,24,1400,91830,3
DEQ,948858295632488,24,1400,168854,4
DEQ,948858295635123,24,1400,166828,3
DEQ,948858295721543,24,1400,251228,4
DEQ,948858295724323,24,1400,174066,3
DEQ,948858295812542,24,1400,254956,4
DEQ,948858295815406,24,1400,175390,3
DEQ,948858295832401,24,1400,188406,4
DEQ,948858295905109,24,1400,175320,3
DEQ,948858295924790,24,1400,189146,4
DEQ,948858296041668,24,1400,220934,3
DEQ,948858296123197,24,1400,298511,4
DEQ,948858296126040,24,1400,213797,3
DEQ,948858296143449,24,1400,223638,4
DEQ,948858296235410,24,1400,186154,3
DEQ,948858296241669,24,1400,188260,2
DEQ,948858296243205,24,1400,111943,1
DEQ,948858296323537,24,1400,184657,4
DEQ,948858296326338,24,1400,79161,3
DEQ,948858296412001,24,1400,161054,4
DEQ,948858296414698,24,1400,158490,3
DEQ,948858296498301,24,1400,240088,4
DEQ,948858296501167,24,1400,169886,3
DEQ,948858296518350,24,1400,178015,4
DEQ,948858296598116,24,1400,178471,3
DEQ,948858296600812,24,1400,177193,2
DEQ,948858296602430,24,1400,96145,1
DEQ,948858296684876,24,1400,171234,4
DEQ,948858296687722,24,1400,80380,3
DEQ,948858296771216,24,1400,155953,4
DEQ,948858296774084,24,1400,153232,3
DEQ,948858296865357,24,1400,242298,4
DEQ,948858296958943,24,1400,265888,3
DEQ,948858296961660,24,1400,264696,2
DEQ,948858296979102,24,1400,199881,3
DEQ,948858297049322,24,1400,261103,4
DEQ,948858297051976,24,1400,81795,3
DEQ,948858297073515,24,1400,99360,4
DEQ,948858297109148,24,1400,128532,3
DEQ,948858297149105,24,1400,166461,4
DEQ,948858297211737,24,1400,150657,3
DEQ,948858297252208,24,1400,183465,4
DEQ,948858297291977,24,1400,180521,3
DEQ,948858297332051,24,1400,218574,4
DEQ,948858297372258,24,1400,158597,3
DEQ,948858297412321,24,1400,196611,4
DEQ,948858297457829,24,1400,163854,3
DEQ,948858297501210,24,1400,205291,4
DEQ,948858297548604,24,1400,174257,3
DEQ,948858297581266,24,1400,204807,4
DEQ,948858297620950,24,1400,161054,3
DEQ,948858297660713,24,1400,198744,4
DEQ,948858297702776,24,1400,152222,3
DEQ,948858297744680,24,1400,192169,4
DEQ,948858297780665,24,1400,157606,3
DEQ,948858297821956,24,1400,196933,4
DEQ,948858297861255,24,1400,156194,3
DEQ,948858297908892,24,1400,201882,4
DEQ,948858297941314,24,1400,158554,3
DEQ,948858298016456,24,1400,231751,4
DEQ,948858298062668,24,1400,199228,3
DEQ,948858298096533,24,1400,231254,4
DEQ,948858298141380,24,1400,197917,3
DEQ,948858298187678,24,1400,242255,4
DEQ,948858298221385,24,1400,156601,3
DEQ,948858298268769,24,1400,202030,4
DEQ,948858298315927,24,1400,172459,3
DEQ,948858298349319,24,1400,203872,4
DEQ,948858298398918,24,1400,175396,3
DEQ,948858298438111,24,1400,212582,4
DEQ,948858298498082,24,1400,180046,3
DEQ,948858298565840,24,1400,245872,4
DEQ,948858298606319,24,1400,205254,3
DEQ,948858298645911,24,1400,242770,4
DEQ,948858298711019,24,1400,210813,3
DEQ,948858298752297,24,1400,250134,4
DEQ,948858298799187,24,1400,190742,3
DEQ,948858298831785,24,1400,221275,4
DEQ,948858298872738,24,1400,159489,3
DEQ,948858298911797,24,1400,196585,4
DEQ,948858298951411,24,1400,150131,3
DEQ,948858298991595,24,1400,188371,4
DEQ,948858299038684,24,1400,163722,3
DEQ,948858299071756,24,1400,194887,4
DEQ,948858299113987,24,1400,160569,3
DEQ,948858299151661,24,1400,196220,4
DEQ,948858299191756,24,1400,150997,3
DEQ,948858299251813,24,1400,209103,4
DEQ,948858299325670,24,1400,209550,3
DEQ,948858299374789,24,1400,256730,4
DEQ,948858299415696,24,1400,221808,3
DEQ,948858299455348,24,1400,259251,4
DEQ,948858299501753,24,1400,174059,3
DEQ,948858299576011,24,1400,246296,4
DEQ,948858299624764,24,1400,207054,3
DEQ,948858299659724,24,1400,240057,4
DEQ,948858299699101,24,1400,195155,3
DEQ,948858299741506,24,1400,235478,4
DEQ,948858299788783,24,1400,161810,3
DEQ,948858299821539,24,1400,192563,4
DEQ,948858299861512,24,1400,160381,3
DEQ,948858299906055,24,1400,202849,4
DEQ,948858299949771,24,1400,158549,3
DEQ,948858299997257,24,1400,204061,4
DEQ,948858300030166,24,1400,166602,3
DEQ,948858300082980,24,1400,217377,4
DEQ,948858300127069,24,1400,175017,3
DEQ,948858300173722,24,1400,219718,4
DEQ,948858300206779,24,1400,174456,3
DEQ,948858300246804,24,1400,212437,4
DEQ,948858300289685,24,1400,160601,3
DEQ,948858300332898,24,1400,201731,4
DEQ,948858300370545,24,1400,161640,3
DEQ,948858300442049,24,1400,231122,4
DEQ,948858300487864,24,1400,196027,3
DEQ,948858300522185,24,1400,228350,4
DEQ,948858300586053,24,1400,213444,3
DEQ,948858300626939,24,1400,252236,4
DEQ,948858300666522,24,1400,176641,3
DEQ,948858300706790,24,1400,214806,4
DEQ,948858300746657,24,1400,158445,3
DEQ,948858300793749,24,1400,203594,4
DEQ,948858300841354,24,1400,172707,3
DEQ,948858300874184,24,1400,203566,4
DEQ,948858300940767,24,1400,192058,3
DEQ,948858300987058,24,1400,236345,4
DEQ,948858301021048,24,1400,177542,3
DEQ,948858301060943,24,1400,215386,4
DEQ,948858301101936,24,1400,159092,3
DEQ,948858301141287,24,1400,196479,4
DEQ,948858301200810,24,1400,177455,3
DEQ,948858301241396,24,1400,216112,4
DEQ,948858301291941,24,1400,187993,3
DEQ,948858301340062,24,1400,233961,4
DEQ,948858500343546,24,1400,199140780,3
DEQ,948858500346697,24,1400,199141985,2
DEQ,948858500347462,24,1400,199053373,1
DEQ,948858500349680,24,1400,199053485,0
DEQ,948858500464631,24,1400,109583,3
DEQ,948858500465574,24,1400,102673,2
DEQ,948858500483447,24,1400,115796,3
DEQ,948858500562437,24,1400,192429,4
DEQ,948858500565314,24,1400,94742,3
DEQ,948858500570404,24,1400,91908,2
DEQ,948858500665988,24,1400,179079,3
DEQ,948858500668716,24,1400,179764,2
DEQ,948858500670307,24,1400,95706,1
DEQ,948858500754594,24,1400,175783,4
DEQ,948858500757280,24,1400,82777,3
DEQ,948858500836091,24,1400,157198,4
DEQ,948858500838832,24,1400,154215,3
DEQ,948858500952950,24,1400,266271,4
DEQ,948858500955609,24,1400,193454,3
DEQ,948858500956016,24,1400,189895,2
DEQ,948858500973084,24,1400,129263,3
DEQ,948858501059510,24,1400,211687,4
DEQ,948858501062328,24,1400,97850,3
DEQ,948858501140179,24,1400,171642,4
DEQ,948858501143751,24,1400,169150,3
DEQ,948858501219051,24,1400,242363,4
DEQ,948858501221897,24,1400,154714,3
DEQ,948858501304381,24,1400,233221,4
DEQ,948858501307239,24,1400,158262,3
DEQ,948858501393622,24,1400,240504,4
DEQ,948858501396303,24,1400,169443,3
DEQ,948858501481217,24,1400,246092,4
DEQ,948858501483952,24,1400,171735,3
DEQ,948858501505538,24,1400,189398,4
DEQ,948858501591109,24,1400,189969,3
DEQ,948858501593838,24,1400,188772,2
DEQ,948858501678557,24,1400,189583,3
DEQ,948858501681235,24,1400,180200,2
DEQ,948858501762010,24,1400,163131,3
DEQ,948858501764732,24,1400,155544,2
DEQ,948858501788188,24,1400,102201,3
DEQ,948858501871012,24,1400,180979,4
DEQ,948858501878060,24,1400,108461,3
DEQ,948858501994479,24,1400,210767,4
DEQ,948858501997309,24,1400,207371,3
DEQ,948858502075175,24,1400,283480,4
DEQ,948858502077994,24,1400,194824,3
DEQ,948858502185305,24,1400,298153,4
DEQ,948858502265933,24,1400,263580,3
DEQ,948858502284943,24,1400,278530,4
DEQ,948858502429232,24,1400,345976,3
DEQ,948858502448302,24,1400,356133,4
DEQ,948858502587806,24,1400,315118,3
DEQ,948858502590512,24,1400,310141,2
DEQ,948858502674433,24,1400,238406,3
DEQ,948858502677135,24,1400,233476,2
DEQ,948858502702495,24,1400,107205,3
DEQ,948858502797094,24,1400,197711,4
DEQ,948858502799796,24,1400,117889,3
DEQ,948858502873302,24,1400,175516,4
DEQ,948858502935843,24,1400,231871,3
DEQ,948858502962678,24,1400,256931,4
DEQ,948858503042901,24,1400,238226,3
DEQ,948858503062061,24,1400,253436,4
DEQ,948858503176093,24,1400,233435,3
DEQ,948858503178916,24,1400,221117,2
DEQ,948858503202206,24,1400,152256,3
DEQ,948858503281962,24,1400,228017,4
DEQ,948858503284827,24,1400,100830,3
DEQ,948858503388106,24,1400,190477,4
DEQ,948858503390805,24,1400,186295,3
DEQ,948858503414539,24,1400,207974,4
DEQ,948858503514969,24,1400,225227,3
DEQ,948858503517717,24,1400,219756,2
DEQ,948858503534255,24,1400,138641,3
DEQ,948858503680133,24,1400,270341,4
DEQ,948858503694695,24,1400,172199,3
DEQ,948858503836143,24,1400,309764,4
DEQ,948858503838876,24,1400,303102,3
DEQ,948858503924041,24,1400,386162,4
DEQ,948858503926741,24,1400,227772,3
DEQ,948858504008082,24,1400,305006,4
DEQ,948858504089430,24,1400,245722,3
DEQ,948858504092144,24,1400,244310,2
DEQ,948858504118238,24,1400,186597,3
DEQ,948858504248201,24,1400,307179,4
DEQ,948858504250965,24,1400,153970,3
DEQ,948858504268145,24,1400,161091,4
DEQ,948858504393612,24,1400,273636,3
DEQ,948858504396569,24,1400,274567,2
DEQ,948858504418923,24,1400,163135,3
DEQ,948858504518630,24,1400,255329,4
DEQ,948858504521176,24,1400,119734,3
DEQ,948858504522702,24,1400,107978,2
DEQ,948858504603429,24,1400,182959,3
DEQ,948858504628165,24,1400,205798,4
DEQ,948858504746061,24,1400,219375,3
DEQ,948858504748868,24,1400,218168,2
DEQ,948858504834404,24,1400,224129,3
DEQ,948858504837101,24,1400,216973,2
DEQ,948858504914956,24,1400,161200,3
DEQ,948858504917697,24,1400,159808,2
DEQ,948858504933549,24,1400,91571,3
DEQ,948858505009006,24,1400,163028,4
DEQ,948858505073318,24,1400,147722,3
DEQ,948858505092680,24,1400,163183,4
DEQ,948858505192777,24,1400,257695,3
DEQ,948858505195593,24,1400,258529,2
DEQ,948858505278564,24,1400,194500,3
DEQ,948858505281272,24,1400,193196,2
DEQ,948858505363891,24,1400,163415,3
DEQ,948858505366655,24,1400,162172,2
DEQ,948858505446142,24,1400,159999,3
DEQ,948858505448965,24,1400,158752,2
DEQ,948858505474317,24,1400,102825,3
DEQ,948858505561421,24,1400,186064,4
DEQ,948858505564248,24,1400,110524,3
DEQ,948858505580858,24,1400,110994,4
DEQ,948858505663288,24,1400,186485,3
DEQ,948858505666072,24,1400,187232,2
DEQ,948858705315760,24,1400,199743067,3
DEQ,948858705322303,24,1400,199745838,2
DEQ,948858705322893,24,1400,199651887,1
DEQ,948858705325092,24,1400,199645143,0
DEQ,948858705455709,24,1400,125505,3
DEQ,948858705458874,24,1400,119127,2
DEQ,948858705555309,24,1400,210717,3
DEQ,948858705558465,24,1400,211573,2
DEQ,948858705580012,24,1400,115620,3
DEQ,948858705680990,24,1400,212352,4
DEQ,948858705696110,24,1400,132061,3
DEQ,948858705841810,24,1400,266361,4
DEQ,948858705844703,24,1400,263120,3
DEQ,948858705869900,24,1400,286578,4
DEQ,948858705966032,24,1400,265573,3
DEQ,948858705968944,24,1400,264284,2
DEQ,948858706053645,24,1400,203323,3
DEQ,948858706056344,24,1400,201789,2
DEQ,948858706081891,24,1400,107612,3
DEQ,948858706141557,24,1400,158851,4
DEQ,948858706186988,24,1400,121113,3
DEQ,948858706221495,24,1400,151479,4
DEQ,948858706266258,24,1400,182530,3
DEQ,948858706312892,24,1400,227032,4
DEQ,948858706346318,24,1400,156924,3
DEQ,948858706394260,24,1400,202857,4
DEQ,948858706426215,24,1400,157912,3
DEQ,948858706466304,24,1400,196040,4
DEQ,948858706506438,24,1400,157979,3
DEQ,948858706546561,24,1400,196074,4
DEQ,948858706547777,24,1400,119414,3
DEQ,948858706587944,24,1400,157549,4
DEQ,948858706626197,24,1400,117716,3
DEQ,948858706666467,24,1400,155985,4
DEQ,948858706667710,24,1400,118460,3
DEQ,948858706715046,24,1400,163819,4
DEQ,948858706755446,24,1400,127107,3
DEQ,948858706795515,24,1400,165210,4
DEQ,948858706842009,24,1400,172900,3
DEQ,948858706878498,24,1400,207710,4
DEQ,948858706926821,24,1400,169277,3
DEQ,948858706965168,24,1400,205815,4
DEQ,948858707003163,24,1400,158986,3
DEQ,948858707040854,24,1400,194663,4
DEQ,948858707081043,24,1400,150895,3
DEQ,948858707121043,24,1400,188688,4
DEQ,948858707168055,24,1400,160834,3
DEQ,948858707213825,24,1400,204355,4
DEQ,948858707248206,24,1400,165177,3
DEQ,948858707317008,24,1400,232005,4
DEQ,948858707363123,24,1400,193014,3
DEQ,948858707397492,24,1400,225386,4
DEQ,948858707460941,24,1400,210494,3
DEQ,948858707501802,24,1400,249336,4
DEQ,948858707548638,24,1400,183372,3
DEQ,948858707581759,24,1400,214545,4
DEQ,948858707621553,24,1400,158495,3
DEQ,948858707661173,24,1400,196139,4
DEQ,948858707702104,24,1400,151279,3
DEQ,948858707745142,24,1400,192355,4
DEQ,948858707781749,24,1400,158086,3
DEQ,948858707823721,24,1400,198000,4
DEQ,948858707866102,24,1400,161817,3
DEQ,948858707901762,24,1400,195478,4
DEQ,948858707941736,24,1400,157852,3
DEQ,948858707986973,24,1400,201148,4
DEQ,948858708021720,24,1400,153559,3
DEQ,948858708061760,24,1400,191642,4
DEQ,948858708101860,24,1400,157966,3
DEQ,948858708149834,24,1400,203980,4
DEQ,948858708189999,24,1400,165952,3
DEQ,948858708236988,24,1400,211021,4
DEQ,948858708298723,24,1400,194869,3
DEQ,948858708346198,24,1400,240399,4
DEQ,948858708379238,24,1400,187347,3
DEQ,948858708444809,24,1400,250954,4
DEQ,948858708491853,24,1400,191014,3
DEQ,948858708530951,24,1400,228190,4
DEQ,948858708565209,24,1400,183918,3
DEQ,948858708605245,24,1400,221922,4
DEQ,948858708649784,24,1400,155825,3
DEQ,948858708695576,24,1400,199664,4
DEQ,948858708736823,24,1400,169461,3
DEQ,948858708803782,24,1400,234665,4
DEQ,948858708850529,24,1400,198637,3
DEQ,948858708884011,24,1400,230166,4
DEQ,948858708928512,24,1400,189571,3
DEQ,948858708970781,24,1400,229825,4
DEQ,948858709004604,24,1400,151918,3
DEQ,948858709043990,24,1400,189307,4
DEQ,948858709091478,24,1400,160572,3
DEQ,948858709123659,24,1400,190743,4
DEQ,948858709167656,24,1400,160889,3
DEQ,948858709206818,24,1400,198307,4
DEQ,948858709251187,24,1400,157134,3
DEQ,948858709298408,24,1400,202425,4
DEQ,948858709331269,24,1400,161672,3
DEQ,948858709371237,24,1400,199676,4
DEQ,948858709414379,24,1400,161118,3
DEQ,948858709451260,24,1400,195986,4
DEQ,948858709494397,24,1400,160962,3
DEQ,948858709531237,24,1400,195839,4
DEQ,948858709574405,24,1400,157643,3
DEQ,948858709614612,24,1400,195828,4
DEQ,948858709651238,24,1400,154638,3
DEQ,948858709691249,24,1400,192642,4
DEQ,948858709735878,24,1400,159294,3
DEQ,948858709771129,24,1400,192621,4
DEQ,948858709811678,24,1400,158297,3
DEQ,948858709851684,24,1400,196314,4
DEQ,948858709899974,24,1400,161936,3
DEQ,948858709939718,24,1400,199741,4
DEQ,948858709986855,24,1400,172998,3
DEQ,948858710053179,24,1400,237347,4
DEQ,948858710093168,24,1400,191040,3
DEQ,948858710133189,24,1400,229093,4
DEQ,948858710200964,24,1400,212004,3
DEQ,948858710241573,24,1400,250626,4
DEQ,948858710291753,24,1400,195929,3
DEQ,948858710331110,24,1400,232989,4
DEQ,948858710376180,24,1400,173131,3
DEQ,948858710423537,24,1400,218541,4
DEQ,948858710456172,24,1400,162301,3
DEQ,948858710496234,24,1400,200368,4
DEQ,948858710539633,24,1400,161302,3
DEQ,948858710581823,24,1400,201513,4
DEQ,948858710619751,24,1400,161471,3
DEQ,948858710655854,24,1400,195578,4
DEQ,948858710696738,24,1400,154958,3
DEQ,948858710736264,24,1400,192477,4
DEQ,948858710783715,24,1400,161788,3
DEQ,948858710820704,24,1400,196707,4
DEQ,948858910316014,24,1400,199617386,4
DEQ,948858910322598,24,1400,199621919,3
DEQ,948858910323254,24,1400,199537573,2
DEQ,948858910325478,24,1400,199537861,1
DEQ,948858910431505,24,84,184714882,4
DEQ,948858910432377,24,1400,102156,3
DEQ,948858910432838,24,1400,92945,2
DEQ,948858910452190,24,1400,107521,3
DEQ,948858910570216,24,1400,223329,4
DEQ,948858910573419,24,1400,134461,3
DEQ,948858910592280,24,1400,144961,4
DEQ,948858910738972,24,1400,282892,3
DEQ,948858910741940,24,1400,283641,2
DEQ,948858910767192,24,1400,187925,3
DEQ,948858910862835,24,1400,275129,4
DEQ,948858910865445,24,1400,118013,3
DEQ,948858910961245,24,1400,198602,4
DEQ,948858910964102,24,1400,195291,3
DEQ,948858910981722,24,1400,211177,4
DEQ,948858911052644,24,1400,177558,3
DEQ,948858911071900,24,1400,194329,4
DEQ,948858911155629,24,1400,186203,3
DEQ,948858911158645,24,1400,185234,2
DEQ,948858911180141,24,1400,117028,3
DEQ,948858911289847,24,1400,222469,4
DEQ,948858911292962,24,1400,128991,3
DEQ,948858911318650,24,1400,150254,4
DEQ,948858911396575,24,1400,214482,3
DEQ,948858911399618,24,1400,215538,2
DEQ,948858911416887,24,1400,118383,3
DEQ,948858911502907,24,1400,200018,4
DEQ,948858911505780,24,1400,101269,3
DEQ,948858911582147,24,1400,173608,4
DEQ,948858911585022,24,1400,165831,3
DEQ,948858911601710,24,1400,180657,4
DEQ,948858911675137,24,1400,164458,3
DEQ,948858911694436,24,1400,179727,4
DEQ,948858911772520,24,1400,182477,3
DEQ,948858911775369,24,1400,181347,2
DEQ,948858911792108,24,1400,110033,3
DEQ,948858911868411,24,1400,178637,4
DEQ,948858911871886,24,1400,88335,3
DEQ,948858911952751,24,1400,165130,4
DEQ,948858911955581,24,1400,161152,3
DEQ,948858911978996,24,1400,182541,4
DEQ,948858912069429,24,1400,193216,3
DEQ,948858912072115,24,1400,191946,2
DEQ,948858912146971,24,1400,186664,3
DEQ,948858912149687,24,1400,185742,2
DEQ,948858912233810,24,1400,156867,3
DEQ,948858912236574,24,1400,155661,2
DEQ,948858912321811,24,1400,167266,3
DEQ,948858912324658,24,1400,160876,2
DEQ,948858912411081,24,1400,169682,3
DEQ,948858912413880,24,1400,162120,2
DEQ,948858912494221,24,1400,164738,3
DEQ,948858912497701,24,1400,158920,2
DEQ,948858912572011,24,1400,153234,3
DEQ,948858912574819,24,1400,152041,2
DEQ,948858912663288,24,1400,160796,3
DEQ,948858912666111,24,1400,159617,2
DEQ,948858912750172,24,1400,170318,3
DEQ,948858912752995,24,1400,163327,2
DEQ,948858912843973,24,1400,173041,3
DEQ,948858912847100,24,1400,164408,2
DEQ,948858912926059,24,1400,168247,3
DEQ,948858912928894,24,1400,159258,2
DEQ,948858912951961,24,1400,100028,3
DEQ,948858913031209,24,1400,170514,4
DEQ,948858913033936,24,1400,100129,3
DEQ,948858913050108,24,1400,102592,4
DEQ,948858913125223,24,1400,170841,3
DEQ,948858913132262,24,1400,175730,2
DEQ,948858913206122,24,1400,163912,3
DEQ,948858913208880,24,1400,163024,2
DEQ,948858913286929,24,1400,150803,3
DEQ,948858913289688,24,1400,149639,2
DEQ,948858913371729,24,1400,158006,3
DEQ,948858913374516,24,1400,156792,2
DEQ,948858913446964,24,1400,152388,3
DEQ,948858913449797,24,1400,143268,2
DEQ,948858913535304,24,1400,155939,3
DEQ,948858913538165,24,1400,154955,2
DEQ,948858913616873,24,1400,162220,3
DEQ,948858913620251,24,1400,155759,2
DEQ,948858913700876,24,1400,157601,3
DEQ,948858913703706,24,1400,156499,2
DEQ,948858913786991,24,1400,161965,3
DEQ,948858913789705,24,1400,160858,2
DEQ,948858913869399,24,1400,160781,3
DEQ,948858913872266,24,1400,154851,2
DEQ,948858913949161,24,1400,154551,3
DEQ,948858913952004,24,1400,153398,2
DEQ,948858914036135,24,1400,159078,3
DEQ,948858914038869,24,1400,157630,2
DEQ,948858914118583,24,1400,161682,3
DEQ,948858914121319,24,1400,153967,2
DEQ,948858914204213,24,1400,160545,3
DEQ,948858914207430,24,1400,159704,2
DEQ,948858914290170,24,1400,164059,3
DEQ,948858914293040,24,1400,163054,2
DEQ,948858914309967,24,1400,97607,3
DEQ,948858914381910,24,1400,165526,4
DEQ,948858914384761,24,1400,83378,3
DEQ,948858914459312,24,1400,153910,4
DEQ,948858914462160,24,1400,149917,3
DEQ,948858914537019,24,1400,222742,4
DEQ,948858914599999,24,1400,210309,3
DEQ,948858914627796,24,1400,234073,4
DEQ,948858914707257,24,1400,240060,3
DEQ,948858914710131,24,1400,238890,2
DEQ,948858914780907,24,1400,174002,3
DEQ,948858914800478,24,1400,184256,4
STATS,948859015036003,4,5600,11247,11243,0,0,0
DEQ,948859110312206,24,1400,195597198,3
DEQ,948859110314887,24,1400,195595914,2
DEQ,948859110315325,24,1400,195523978,1
DEQ,948859110338339,24,1400,195542753,4
DEQ,948859110441573,24,1400,117629,3
DEQ,948859110461585,24,1400,133612,4
DEQ,948859110580242,24,1400,247482,3
DEQ,948859110582944,24,1400,247821,2
DEQ,948859110661075,24,1400,208197,3
DEQ,948859110663845,24,1400,207140,2
DEQ,948859110757805,24,1400,169829,3
DEQ,948859110760535,24,1400,168615,2
DEQ,948859110777270,24,1400,108667,3
DEQ,948859110876690,24,1400,204162,4
DEQ,948859110880104,24,1400,114728,3
DEQ,948859110964923,24,1400,195588,4
DEQ,948859110967675,24,1400,188974,3
DEQ,948859111050366,24,1400,269658,4
DEQ,948859111053142,24,1400,168782,3
DEQ,948859111059424,24,1400,171007,2
DEQ,948859111100552,24,1400,128051,3
DEQ,948859111140234,24,1400,163765,4
DEQ,948859111186261,24,1400,120530,3
DEQ,948859111220534,24,1400,150737,4
DEQ,948859111260111,24,1400,157007,3
DEQ,948859111261365,24,1400,156104,2
DEQ,948859111300220,24,1400,111930,3
DEQ,948859111340246,24,1400,149943,4
DEQ,948859111380201,24,1400,117507,3
DEQ,948859111420213,24,1400,155556,4
DEQ,948859111459926,24,1400,157535,3
DEQ,948859111501176,24,1400,196811,4
DEQ,948859111548216,24,1400,165828,3
DEQ,948859111580981,24,1400,196555,4
DEQ,948859111621647,24,1400,159697,3
DEQ,948859111660990,24,1400,196994,4
DEQ,948859111700925,24,1400,150628,3
DEQ,948859111744361,24,1400,192039,4
DEQ,948859111781236,24,1400,157453,3
DEQ,948859111822512,24,1400,196813,4
DEQ,948859111860846,24,1400,157765,3
DEQ,948859111908439,24,1400,203454,4
DEQ,948859111945205,24,1400,161760,3
DEQ,948859111980948,24,1400,195555,4
DEQ,948859112022285,24,1400,159022,3
DEQ,948859112061559,24,1400,196285,4
DEQ,948859112102098,24,1400,154849,3
DEQ,948859112141971,24,1400,192678,4
DEQ,948859112186136,24,1400,161724,3
DEQ,948859112222184,24,1400,195786,4
DEQ,948859112261801,24,1400,157673,3
DEQ,948859112262983,24,1400,156888,2
DEQ,948859112301534,24,1400,113303,3
DEQ,948859112341854,24,1400,151637,4
DEQ,948859112381987,24,1400,117532,3
DEQ,948859112422014,24,1400,155599,4
DEQ,948859112461907,24,1400,158222,3
DEQ,948859112501874,24,1400,196302,4
DEQ,948859112548131,24,1400,163985,3
DEQ,948859112581995,24,1400,195863,4
DEQ,948859112621960,24,1400,157872,3
DEQ,948859112664149,24,1400,198112,4
DEQ,948859112701976,24,1400,151732,3
DEQ,948859112745392,24,1400,193178,4
DEQ,948859112781938,24,1400,157878,3
DEQ,948859112828088,24,1400,202053,4
DEQ,948859112861622,24,1400,157406,3
DEQ,948859112901795,24,1400,195603,4
DEQ,948859112941983,24,1400,157923,3
DEQ,948859112983382,24,1400,197401,4
DEQ,948859113021985,24,1400,157909,3
DEQ,948859113068958,24,1400,202946,4
DEQ,948859113102006,24,1400,157890,3
DEQ,948859113141997,24,1400,195777,4
DEQ,948859113183898,24,1400,159893,3
DEQ,948859113222001,24,1400,196021,4
DEQ,948859113268939,24,1400,164810,3
DEQ,948859113301805,24,1400,195720,4
DEQ,948859113341228,24,1400,155118,3
DEQ,948859113382026,24,1400,193877,4
DEQ,948859113421789,24,1400,150734,3
DEQ,948859113422914,24,1400,149916,2
DEQ,948859113461887,24,1400,118422,3
DEQ,948859113501867,24,1400,156486,4
DEQ,948859113552111,24,1400,127720,3
DEQ,948859113600167,24,1400,173800,4
DEQ,948859113641352,24,1400,177349,3
DEQ,948859113681263,24,1400,215420,4
DEQ,948859113722256,24,1400,167923,3
DEQ,948859113762379,24,1400,206012,4
DEQ,948859113808864,24,1400,165411,3
DEQ,948859113842465,24,1400,197061,4
DEQ,948859113882441,24,1400,158065,3
DEQ,948859113922479,24,1400,196098,4
DEQ,948859113923698,24,1400,112468,3
DEQ,948859113962863,24,1400,149667,4
DEQ,948859114002920,24,1400,118405,3
DEQ,948859114042878,24,1400,156391,4
DEQ,948859114044093,24,1400,119057,3
DEQ,948859114087789,24,1400,160832,4
DEQ,948859114122915,24,1400,114563,3
DEQ,948859114169085,24,1400,158646,4
DEQ,948859114205843,24,1400,160500,3
DEQ,948859114242454,24,1400,195002,4
DEQ,948859114285755,24,1400,160723,3
DEQ,948859114328057,24,1400,201021,4
DEQ,948859114365670,24,1400,157697,3
DEQ,948859114402474,24,1400,192311,4
DEQ,948859114448790,24,1400,161066,3
DEQ,948859114487260,24,1400,197519,4
DEQ,948859114522436,24,1400,154768,3
DEQ,948859114562467,24,1400,192776,4
DEQ,948859114607638,24,1400,156613,3
DEQ,948859114642454,24,1400,189458,4
DEQ,948859114688682,24,1400,164128,3
DEQ,948859114722381,24,1400,195652,4
DEQ,948859114766286,24,1400,156576,3
DEQ,948859114812798,24,1400,201133,4
DEQ,948859114846481,24,1400,155544,3
DEQ,948859114891056,24,1400,198040,4
DEQ,948859114928655,24,1400,160219,3
DEQ,948859114966624,24,1400,196118,4
DEQ,948859115006491,24,1400,151441,3
DEQ,948859115051895,24,1400,194941,4
DEQ,948859115086446,24,1400,154247,3
DEQ,948859115126230,24,1400,192042,4
DEQ,948859115166085,24,1400,157561,3
DEQ,948859115206523,24,1400,195802,4
DEQ,948859115246913,24,1400,158368,3
DEQ,948859115286174,24,1400,195418,4
DEQ,948859115326437,24,1400,158097,3
DEQ,948859115369770,24,1400,198930,4
DEQ,948859310287738,24,1400,195038782,3
DEQ,948859310290293,24,1400,195039391,2
DEQ,948859310290698,24,1400,194961994,1
DEQ,948859310322311,24,1400,194991323,4
DEQ,948859310431020,24,1400,134845,3
DEQ,948859310433748,24,1400,129518,2
DEQ,948859310458331,24,1400,149032,3
DEQ,948859310535977,24,1400,224350,4
DEQ,948859310558219,24,1400,119574,3
DEQ,948859310598266,24,1400,144445,4
DEQ,948859310658085,24,1400,197882,3
DEQ,948859310704981,24,1400,243035,4
DEQ,948859310738114,24,1400,176255,3
DEQ,948859310785707,24,1400,220012,4
DEQ,948859310818033,24,1400,158080,3
DEQ,948859310857987,24,1400,195876,4
DEQ,948859310898413,24,1400,158909,3
DEQ,948859310942655,24,1400,201144,4
DEQ,948859310978240,24,1400,158066,3
DEQ,948859311077437,24,1400,255156,4
DEQ,948859311080245,24,1400,179697,3
DEQ,948859311101149,24,1400,198645,4
DEQ,948859311172480,24,1400,192205,3
DEQ,948859311191909,24,1400,209628,4
DEQ,948859311315240,24,1400,230061,3
DEQ,948859311318059,24,1400,221260,2
DEQ,948859311442441,24,1400,262847,3
DEQ,948859311445631,24,1400,262043,2
DEQ,948859311472344,24,1400,149248,3
DEQ,948859311575003,24,1400,239929,4
DEQ,948859311586868,24,1400,135551,3
DEQ,948859311748789,24,1400,292784,4
DEQ,948859311752057,24,1400,277280,3
DEQ,948859311770906,24,1400,293845,4
DEQ,948859311895252,24,1400,303600,3
DEQ,948859311897973,24,1400,301909,2
DEQ,948859311921310,24,1400,162984,3
DEQ,948859312013701,24,1400,247526,4
DEQ,948859312016471,24,1400,113584,3
DEQ,948859312018047,24,1400,101452,2
DEQ,948859312105874,24,1400,182813,3
DEQ,948859312109106,24,1400,184407,2
DEQ,948859312217085,24,1400,195156,3
DEQ,948859312219796,24,1400,193773,2
DEQ,948859312220303,24,1400,105274,1
DEQ,948859312303949,24,1400,182087,4
DEQ,948859312306907,24,1400,81555,3
DEQ,948859312383657,24,1400,154201,4
DEQ,948859312457656,24,1400,223240,3
DEQ,948859312476617,24,1400,240134,4
DEQ,948859312552768,24,1400,240836,3
DEQ,948859312555548,24,1400,239606,2
DEQ,948859312664586,24,1400,199896,3
DEQ,948859312745015,24,1400,276317,4
DEQ,948859312747833,24,1400,187301,3
DEQ,948859312765155,24,1400,196290,4
DEQ,948859312849741,24,1400,178168,3
DEQ,948859312852502,24,1400,176946,2
DEQ,948859312937171,24,1400,184026,3
DEQ,948859312964304,24,1400,207202,4
DEQ,948859313040453,24,1400,182872,3
DEQ,948859313059640,24,1400,193992,4
DEQ,948859313201938,24,1400,250610,3
DEQ,948859313204546,24,1400,250519,2
DEQ,948859313206090,24,1400,158821,1
DEQ,948859313285231,24,1400,234034,4
DEQ,948859313287957,24,1400,77984,3
DEQ,948859313369161,24,1400,155332,4
DEQ,948859313372600,24,1400,153399,3
DEQ,948859313448412,24,1400,227340,4
DEQ,948859313451099,24,1400,158307,3
DEQ,948859313535285,24,1400,238511,4
DEQ,948859313538096,24,1400,161210,3
DEQ,948859313621051,24,1400,240173,4
DEQ,948859313623848,24,1400,167849,3
DEQ,948859313700818,24,1400,233254,4
DEQ,948859313703574,24,1400,160742,3
DEQ,948859313794134,24,1400,247351,4
DEQ,948859313796952,24,1400,168003,3
DEQ,948859313873222,24,1400,240413,4
DEQ,948859313876069,24,1400,167618,3
DEQ,948859313892806,24,1400,175320,4
DEQ,948859313996776,24,1400,195034,3
DEQ,948859313999429,24,1400,193728,2
DEQ,948859313999929,24,1400,118876,1
DEQ,948859314021926,24,1400,133575,4
DEQ,948859314086858,24,1400,82084,3
DEQ,948859314089586,24,1400,78182,2
DEQ,948859314171033,24,1400,154701,3
DEQ,948859314173779,24,1400,155381,2
DEQ,948859314251117,24,1400,156678,3
DEQ,948859314253860,24,1400,155413,2
DEQ,948859314270731,24,1400,92188,3
DEQ,948859314341318,24,1400,158816,4
DEQ,948859314344179,24,1400,81979,3
DEQ,948859314419000,24,1400,152914,4
DEQ,948859314421820,24,1400,149588,3
DEQ,948859314500955,24,1400,226648,4
DEQ,948859314568535,24,1400,219449,3
DEQ,948859314571389,24,1400,218372,2
DEQ,948859314651019,24,1400,224281,3
DEQ,948859314653814,24,1400,218488,2
DEQ,948859314730182,24,1400,153846,3
DEQ,948859314733022,24,1400,152703,2
DEQ,948859314816218,24,1400,157514,3
DEQ,948859314819000,24,1400,156309,2
DEQ,948859314891087,24,1400,153227,3
DEQ,948859314893871,24,1400,152061,2
DEQ,948859314966884,24,1400,142493,3
DEQ,948859314969666,24,1400,141248,2
DEQ,948859315061061,24,1400,162188,3
DEQ,948859315063905,24,1400,161060,2
DEQ,948859315139047,24,1400,164464,3
DEQ,948859315141865,24,1400,158572,2
DEQ,948859315218037,24,1400,149223,3
DEQ,948859315220893,24,1400,148130,2
DEQ,948859315301856,24,1400,155054,3
DEQ,948859315304666,24,1400,153894,2
DEQ,948859315380574,24,1400,154812,3
DEQ,948859315383439,24,1400,149172,2
DEQ,948859315409380,24,1400,99743,3
DEQ,948859510289222,24,1400,194975667,4
DEQ,948859510291964,24,1400,194903718,3
DEQ,948859510293770,24,1400,194901576,2
DEQ,948859510319760,24,1400,194907065,3
DEQ,948859510405411,24,1400,194990424,4
DEQ,948859510406311,24,1400,107554,3
DEQ,948859510512302,24,1400,209360,4
DEQ,948859510515141,24,1400,192636,3
DEQ,948859510532768,24,1400,207689,4
DEQ,948859510692233,24,1400,280872,3
DEQ,948859510695506,24,1400,279847,2
DEQ,948859510724242,24,1400,203549,3
DEQ,948859510834134,24,1400,305710,4
DEQ,948859510837515,24,1400,136017,3
DEQ,948859510838263,24,1400,131953,2
DEQ,948859510955876,24,1400,229263,3
DEQ,948859510958585,24,1400,229697,2
DEQ,948859511039792,24,1400,195358,3
DEQ,948859511042491,24,1400,193682,2
DEQ,948859511049883,24,1400,86445,1
DEQ,948859511096339,24,1400,128946,4
DEQ,948859511141604,24,1400,87430,3
DEQ,948859511187503,24,1400,129435,4
DEQ,948859511229732,24,1400,164802,3
DEQ,948859511269514,24,1400,202845,4
DEQ,948859511301150,24,1400,158182,3
DEQ,948859511340866,24,1400,195760,4
DEQ,948859511381348,24,1400,149683,3
DEQ,948859511423604,24,1400,189976,4
DEQ,948859511461285,24,1400,157993,3
DEQ,948859511501231,24,1400,195971,4
DEQ,948859511542651,24,1400,159210,3
DEQ,948859511582676,24,1400,197146,4
DEQ,948859511622872,24,1400,159608,3
DEQ,948859511690667,24,1400,225502,4
DEQ,948859511730814,24,1400,185818,3
DEQ,948859511770733,24,1400,223821,4
DEQ,948859511810340,24,1400,185239,3
DEQ,948859511851886,24,1400,224733,4
DEQ,948859511894718,24,1400,161883,3
DEQ,948859511947492,24,1400,212513,4
DEQ,948859511995468,24,1400,183080,3
DEQ,948859512042444,24,1400,228058,4
DEQ,948859512081741,24,1400,184919,3
DEQ,948859512126154,24,1400,227314,4
DEQ,948859512173576,24,1400,176017,3
DEQ,948859512206074,24,1400,206592,4
DEQ,948859512246143,24,1400,162261,3
DEQ,948859512286139,24,1400,200253,4
DEQ,948859512329427,24,1400,153964,3
DEQ,948859512376018,24,1400,198606,4
DEQ,948859512423343,24,1400,175094,3
DEQ,948859512455924,24,1400,205714,4
DEQ,948859512495637,24,1400,164074,3
DEQ,948859512535336,24,1400,201769,4
DEQ,948859512582505,24,1400,157043,3
DEQ,948859512620496,24,1400,193009,4
DEQ,948859512690307,24,1400,192513,3
DEQ,948859512730694,24,1400,230996,4
DEQ,948859512770489,24,1400,185538,3
DEQ,948859512810403,24,1400,223472,4
DEQ,948859512851481,24,1400,159030,3
DEQ,948859512890695,24,1400,196280,4
DEQ,948859512951264,24,1400,178569,3
DEQ,948859512991490,24,1400,216835,4
DEQ,948859513040458,24,1400,186873,3
DEQ,948859513079526,24,1400,223973,4
DEQ,948859513126185,24,1400,172901,3
DEQ,948859513173201,24,1400,217917,4
DEQ,948859513206191,24,1400,163647,3
DEQ,948859513246191,24,1400,201654,4
DEQ,948859513288173,24,1400,159834,3
DEQ,948859513330638,24,1400,200375,4
DEQ,948859513369709,24,1400,161515,3
DEQ,948859513405899,24,1400,195665,4
DEQ,948859513447218,24,1400,156833,3
DEQ,948859513494697,24,1400,202282,4
DEQ,948859513527674,24,1400,155777,3
DEQ,948859513582123,24,1400,208216,4
DEQ,948859513626724,24,1400,177371,3
DEQ,948859513677142,24,1400,225836,4
DEQ,948859513716794,24,1400,186895,3
DEQ,948859513766180,24,1400,234206,4
DEQ,948859513813088,24,1400,184058,3
DEQ,948859513846387,24,1400,215461,4
DEQ,948859513906168,24,1400,187285,3
DEQ,948859513945817,24,1400,224947,4
DEQ,948859513985907,24,1400,170714,3
DEQ,948859514033312,24,1400,216145,4
DEQ,948859514070009,24,1400,161811,3
DEQ,948859514105934,24,1400,195780,4
DEQ,948859514148170,24,1400,160262,3
DEQ,948859514187510,24,1400,197727,4
DEQ,948859514228166,24,1400,156167,3
DEQ,948859514268025,24,1400,193933,4
DEQ,948859514310895,24,1400,160573,3
DEQ,948859514347939,24,1400,195719,4
DEQ,948859514349169,24,1400,118979,3
DEQ,948859514387889,24,1400,155751,4
DEQ,948859514433955,24,1400,120891,3
DEQ,948859514467959,24,1400,152927,4
DEQ,948859514507797,24,1400,157164,3
DEQ,948859514547976,24,1400,195336,4
DEQ,948859514549176,24,1400,113140,3
DEQ,948859514587761,24,1400,149565,4
DEQ,948859514627518,24,1400,117572,3
DEQ,948859514667966,24,1400,155932,4
DEQ,948859514669184,24,1400,118547,3
DEQ,948859514712823,24,1400,160127,4
DEQ,948859514747786,24,1400,118177,3
DEQ,948859710290929,24,1400,195659206,4
DEQ,948859710293551,24,1400,195622971,3
DEQ,948859710293971,24,1400,195621389,2
DEQ,948859710378527,24,1400,195628603,3
DEQ,948859710380299,24,1400,195628389,2
DEQ,948859710509312,24,1400,210258,3
DEQ,948859710511965,24,1400,209036,2
DEQ,948859710590819,24,1400,206596,3
DEQ,948859710593514,24,1400,205284,2
DEQ,948859710677420,24,1400,160682,3
DEQ,948859710680127,24,1400,159419,2
DEQ,948859710702312,24,1400,103855,3
DEQ,948859710804115,24,1400,196675,4
DEQ,948859710806803,24,1400,121940,3
DEQ,948859710807302,24,1400,109998,2
DEQ,948859710891561,24,1400,187764,3
DEQ,948859710894272,24,1400,188546,2
DEQ,948859710910934,24,1400,98726,3
DEQ,948859711006854,24,1400,190699,4
DEQ,948859711009583,24,1400,110534,3
DEQ,948859711034110,24,1400,131226,4
DEQ,948859711121307,24,1400,208843,3
DEQ,948859711124521,24,1400,210003,2
DEQ,948859711196870,24,1400,182330,3
DEQ,948859711199648,24,1400,181388,2
DEQ,948859711281324,24,1400,151798,3
DEQ,948859711284175,24,1400,150647,2
DEQ,948859711365777,24,1400,161236,3
DEQ,948859711442230,24,1400,233718,4
DEQ,948859711445102,24,1400,156017,3
DEQ,948859711529528,24,1400,231284,4
DEQ,948859711557910,24,1400,185013,3
DEQ,948859711598291,24,1400,221373,4
DEQ,948859711658281,24,1400,208270,3
DEQ,948859711704810,24,1400,245515,4
DEQ,948859711738377,24,1400,176007,3
DEQ,948859711785819,24,1400,219913,4
DEQ,948859711826078,24,1400,165576,3
DEQ,948859711869574,24,1400,206983,4
DEQ,948859711905698,24,1400,165413,3
DEQ,948859711947004,24,1400,204722,4
DEQ,948859711993923,24,1400,165729,3
DEQ,948859712081452,24,1400,251293,4
DEQ,948859712084237,24,1400,176365,3
DEQ,948859712163110,24,1400,253236,4
DEQ,948859712165979,24,1400,170083,3
DEQ,948859712251392,24,1400,253509,4
DEQ,948859712254219,24,1400,164909,3
DEQ,948859712338363,24,1400,245126,4
DEQ,948859712409718,24,1400,238786,3
DEQ,948859712412397,24,1400,230294,2
DEQ,948859712495032,24,1400,236012,3
DEQ,948859712497776,24,1400,227681,2
DEQ,948859712581253,24,1400,163680,3
DEQ,948859712584086,24,1400,162361,2
DEQ,948859712666549,24,1400,164077,3
DEQ,948859712746737,24,1400,240409,4
DEQ,948859712749534,24,1400,160607,3
DEQ,948859712766284,24,1400,167184,4
DEQ,948859712849246,24,1400,175822,3
DEQ,948859712851966,24,1400,174588,2
DEQ,948859712853512,24,1400,99167,1
DEQ,948859712949255,24,1400,187645,4
DEQ,948859712956376,24,1400,98093,3
DEQ,948859712977373,24,1400,111373,4
DEQ,948859713105167,24,1400,233988,3
DEQ,948859713107871,24,1400,234577,2
DEQ,948859713195397,24,1400,226129,3
DEQ,948859713214214,24,1400,241876,4
DEQ,948859713293170,24,1400,180381,3
DEQ,948859713311783,24,1400,189796,4
DEQ,948859713426797,24,1400,224504,3
DEQ,948859713429522,24,1400,223465,2
DEQ,948859713504789,24,1400,201142,3
DEQ,948859713507517,24,1400,199816,2
DEQ,948859713599808,24,1400,165465,3
DEQ,948859713631338,24,1400,193156,4
DEQ,948859713742942,24,1400,230590,3
DEQ,948859713745708,24,1400,224748,2
DEQ,948859713825592,24,1400,218833,3
DEQ,948859713828390,24,1400,212443,2
DEQ,948859713912426,24,1400,161958,3
DEQ,948859713915173,24,1400,160436,2
DEQ,948859713996708,24,1400,163345,3
DEQ,948859713999515,24,1400,157578,2
DEQ,948859714082212,24,1400,162201,3
DEQ,948859714085227,24,1400,153272,2
DEQ,948859714169101,24,1400,163300,3
DEQ,948859714171878,24,1400,161622,2
DEQ,948859714252388,24,1400,162017,3
DEQ,948859714255146,24,1400,160670,2
DEQ,948859714271904,24,1400,95263,3
DEQ,948859714341368,24,1400,160748,4
DEQ,948859714344180,24,1400,80814,3
DEQ,948859714419623,24,1400,152371,4
DEQ,948859714430361,24,1400,155877,3
DEQ,948859714536032,24,1400,259147,4
DEQ,948859714538882,24,1400,189912,3
DEQ,948859714617672,24,1400,264566,4
DEQ,948859714621106,24,1400,186195,3
DEQ,948859714698277,24,1400,259365,4
DEQ,948859714701086,24,1400,157284,3
DEQ,948859714785215,24,1400,237369,4
DEQ,948859714788042,24,1400,161893,3
DEQ,948859714867389,24,1400,237262,4
DEQ,948859714870871,24,1400,164783,3
DEQ,948859714950888,24,1400,233033,4
DEQ,948859714953701,24,1400,160645,3
DEQ,948859715035169,24,1400,238268,4
DEQ,948859715037920,24,1400,161814,3
DEQ,948859715117698,24,1400,237263,4
DEQ,948859715120342,24,1400,161748,3
DEQ,948859715200858,24,1400,233052,4
DEQ,948859715203568,24,1400,160598,3
DEQ,948859715288100,24,1400,241015,4
DEQ,948859715290827,24,1400,165686,3
DEQ,948859715371705,24,1400,242567,4
DEQ,948859715374381,24,1400,165970,3
DEQ,948859715459690,24,1400,241938,4
DEQ,948859715462541,24,1400,166744,3
DEQ,948859715539076,24,1400,231329,4
DEQ,948859715541868,24,1400,162622,3
DEQ,948859715625632,24,1400,242323,4
DEQ,948859715628863,24,1400,161475,3
DEQ,948859715714601,24,1400,243278,4
DEQ,948859715717445,24,1400,170719,3
DEQ,948859715802131,24,1400,244417,4
DEQ,948859715804942,24,1400,171129,3
DEQ,948859715889866,24,1400,245161,4
DEQ,948859715892722,24,1400,170249,3
DEQ,948859715971863,24,1400,240190,4
DEQ,948859715974713,24,1400,164823,3
DEQ,948859915267628,24,1400,199448939,5
DEQ,948859915270407,24,1400,199372739,4
DEQ,948859915271981,24,1400,199370294,3
DEQ,948859915408538,24,1400,199428747,4
DEQ,948859915409526,24,1400,199420795,3
DEQ,948859915410146,24,84,188669583,2
DEQ,948859915434304,24,1400,158313,3
DEQ,948859915515640,24,1400,235405,4
DEQ,948859915530618,24,1400,113889,3
DEQ,948859915658916,24,1400,229987,4
DEQ,948859915748783,24,1400,310529,3
DEQ,948859915751959,24,1400,311586,2
DEQ,948859915784233,24,1400,246417,3
DEQ,948859915803950,24,1400,261529,4
DEQ,948859915890247,24,1400,126155,3
DEQ,948859915892887,24,1400,124860,2
DEQ,948859915993302,24,1400,207396,3
DEQ,948859915995885,24,1400,207808,2
DEQ,948859915996375,24,1400,98679,1
DEQ,948859916032525,24,1400,130814,4
DEQ,948859916110040,24,1400,108765,3
DEQ,948859916113313,24,1400,107921,2
DEQ,948859916140398,24,1400,113580,3
DEQ,948859916224747,24,1400,195789,4
DEQ,948859916309441,24,1400,190657,3
DEQ,948859916331403,24,1400,208294,4
DEQ,948859916444908,24,1400,300418,3
DEQ,948859916448981,24,1400,301970,2
DEQ,948859916541627,24,1400,224009,3
DEQ,948859916544946,24,1400,222843,2
DEQ,948859916570589,24,1400,117099,3
DEQ,948859916676011,24,1400,217968,4
DEQ,948859916678554,24,1400,127879,3
DEQ,948859916679993,24,1400,118078,2
DEQ,948859916783028,24,1400,209917,3
DEQ,948859916785687,24,1400,210354,2
DEQ,948859916892467,24,1400,208583,3
DEQ,948859916894983,24,1400,207031,2
DEQ,948859916899407,24,1400,108775,1
DEQ,948859917047727,24,1400,253127,4
DEQ,948859917054086,24,1400,143194,3
DEQ,948859917054510,24,1400,132716,2
DEQ,948859917085742,24,1400,145344,3
DEQ,948859917169130,24,1400,226531,4
DEQ,948859917172505,24,1400,112995,3
DEQ,948859917265595,24,1400,202206,4
DEQ,948859917268698,24,1400,180807,3
DEQ,948859917270382,24,1400,180368,2
DEQ,948859917375552,24,1400,197404,3
DEQ,948859917378903,24,1400,196270,2
DEQ,948859917398227,24,1400,122207,3
DEQ,948859917474980,24,1400,194865,4
DEQ,948859917476014,24,1400,87419,3
DEQ,948859917503847,24,1400,110900,4
DEQ,948859917553639,24,1400,152932,3
DEQ,948859917592211,24,1400,189357,4
DEQ,948859917632287,24,1400,150686,3
DEQ,948859917672267,24,1400,180506,4
DEQ,948859917714639,24,1400,159096,3
DEQ,948859917752065,24,1400,194326,4
DEQ,948859917792258,24,1400,157595,3
DEQ,948859917832338,24,1400,195513,4
DEQ,948859917872085,24,1400,154916,3
DEQ,948859917915708,24,1400,196420,4
DEQ,948859917957398,24,1400,162595,3
DEQ,948859918004109,24,1400,207428,4
DEQ,948859918052675,24,1400,178106,3
DEQ,948859918153357,24,1400,276672,4
DEQ,948859918156709,24,1400,196840,3
DEQ,948859918183988,24,1400,222007,4
DEQ,948859918284830,24,1400,229756,3
DEQ,948859918288997,24,1400,231775,2
DEQ,948859918389290,24,1400,226883,3
DEQ,948859918392003,24,1400,225195,2
DEQ,948859918491429,24,1400,196986,3
DEQ,948859918494648,24,1400,195705,2
DEQ,948859918495162,24,1400,98285,1
DEQ,948859918534369,24,1400,133591,4
DEQ,948859918612134,24,1400,108006,3
DEQ,948859918615539,24,1400,103551,2
DEQ,948859918643335,24,1400,126440,3
DEQ,948859918727429,24,1400,206365,4
DEQ,948859918731102,24,1400,109999,3
DEQ,948859918823885,24,1400,186404,4
DEQ,948859918827224,24,1400,181129,3
DEQ,948859918924061,24,1400,275855,4
DEQ,948859918927378,24,1400,190440,3
DEQ,948859918954411,24,1400,213022,4
DEQ,948859919047934,24,1400,215034,3
DEQ,948859919050901,24,1400,208353,2
DEQ,948859919074995,24,1400,142030,3
DEQ,948859919169127,24,1400,219685,4
DEQ,948859919171863,24,1400,116116,3
DEQ,948859919248838,24,1400,189197,4
DEQ,948859919251567,24,1400,174227,3
DEQ,948859919267983,24,1400,188465,4
DEQ,948859919362592,24,1400,185901,3
DEQ,948859919365296,24,1400,184619,2
DEQ,948859919365784,24,1400,109396,1
DEQ,948859919388115,24,1400,124168,4
DEQ,948859919475404,24,1400,104779,3
DEQ,948859919478106,24,1400,103609,2
DEQ,948859919557641,24,1400,178757,3
DEQ,948859919560462,24,1400,179636,2
DEQ,948859919634153,24,1400,151240,3
DEQ,948859919636963,24,1400,145498,2
DEQ,948859919723280,24,1400,158050,3
DEQ,948859919726084,24,1400,157041,2
DEQ,948859919812458,24,1400,170611,3
DEQ,948859919815272,24,1400,161771,2
DEQ,948859919912338,24,1400,181251,3
DEQ,948859919915204,24,1400,175710,2
DEQ,948859919995018,24,1400,174900,3
DEQ,948859919997866,24,1400,169370,2
DEQ,948859920073873,24,1400,153632,3
DEQ,948859920076877,24,1400,149852,2
DEQ,948859920181682,24,1400,178952,3
DEQ,948859920184388,24,1400,177549,2
DEQ,948859920260516,24,1400,178705,3
DEQ,948859920263238,24,1400,170806,2
DEQ,948859920349253,24,1400,160013,3
DEQ,948859920352042,24,1400,158833,2
DEQ,948859920432343,24,1400,164420,3
STATS,948860020717277,5,7000,11866,11861,0,0,0
DEQ,948860115272051,24,1400,194992567,4
DEQ,948860115276441,24,1400,194919625,3
DEQ,948860115277270,24,1400,194911779,2
DEQ,948860115280732,24,1400,194841532,1
DEQ,948860115323643,24,1400,194875106,4
DEQ,948860115420951,24,1400,131389,3
DEQ,948860115423702,24,1400,125911,2
DEQ,948860115424172,24,1400,118892,1
DEQ,948860115454261,24,1400,146730,4
DEQ,948860115519158,24,1400,90050,3
DEQ,948860115521892,24,1400,77613,2
DEQ,948860115583625,24,1400,134518,3
DEQ,948860115626844,24,1400,175704,4
DEQ,948860115677329,24,1400,150483,3
DEQ,948860115716889,24,1400,179973,4
DEQ,948860115776523,24,1400,190630,3
DEQ,948860115822567,24,1400,234580,4
DEQ,948860115863476,24,1400,183328,3
DEQ,948860115920392,24,1400,237777,4
DEQ,948860115959655,24,1400,180430,3
DEQ,948860116003340,24,1400,221425,4
DEQ,948860116090244,24,1400,223893,3
DEQ,948860116093015,24,1400,223991,2
DEQ,948860116186409,24,1400,224547,3
DEQ,948860116189687,24,1400,225799,2
DEQ,948860116212812,24,1400,114969,3
DEQ,948860116311881,24,1400,210048,4
DEQ,948860116403645,24,1400,208207,3
DEQ,948860116406361,24,1400,197925,2
DEQ,948860116483360,24,1400,269031,3
DEQ,948860116502008,24,1400,285854,4
DEQ,948860116571633,24,1400,160158,3
DEQ,948860116574452,24,1400,158683,2
DEQ,948860116655303,24,1400,161579,3
DEQ,948860116658176,24,1400,160508,2
DEQ,948860116674532,24,1400,95068,3
DEQ,948860116747384,24,1400,164002,4
DEQ,948860116754533,24,1400,88087,3
DEQ,948860116861767,24,1400,191558,4
DEQ,948860116864798,24,1400,187876,3
DEQ,948860116884048,24,1400,205123,4
DEQ,948860116995741,24,1400,236151,3
DEQ,948860116998988,24,1400,235356,2
DEQ,948860116999523,24,1400,129239,1
DEQ,948860117030216,24,1400,151604,4
DEQ,948860117101599,24,1400,95999,3
DEQ,948860117104361,24,1400,85280,2
DEQ,948860117185713,24,1400,160784,3
DEQ,948860117204812,24,1400,177831,4
DEQ,948860117302565,24,1400,193454,3
DEQ,948860117305157,24,1400,187493,2
DEQ,948860117306647,24,1400,110586,1
DEQ,948860117391291,24,1400,191313,4
DEQ,948860117393995,24,1400,83329,3
DEQ,948860117474987,24,1400,160330,4
DEQ,948860117477837,24,1400,157886,3
DEQ,948860117556686,24,1400,234795,4
DEQ,948860117624837,24,1400,226026,3
DEQ,948860117627630,24,1400,224779,2
DEQ,948860117714379,24,1400,231281,3
DEQ,948860117717203,24,1400,225653,2
DEQ,948860117789878,24,1400,157310,3
DEQ,948860117792654,24,1400,148044,2
DEQ,948860117876172,24,1400,153976,3
DEQ,948860117879029,24,1400,152948,2
DEQ,948860117964411,24,1400,166949,3
DEQ,948860117967226,24,1400,158536,2
DEQ,948860118076416,24,1400,192483,3
DEQ,948860118079734,24,1400,185099,2
DEQ,948860118098201,24,1400,126003,3
DEQ,948860118196836,24,1400,215223,4
DEQ,948860118199615,24,1400,114124,3
DEQ,948860118222671,24,1400,129113,4
DEQ,948860118312096,24,1400,211142,3
DEQ,948860118330852,24,1400,227801,4
DEQ,948860118425743,24,1400,221345,3
DEQ,948860118428310,24,1400,209994,2
DEQ,948860118429795,24,1400,106952,1
DEQ,948860118510854,24,1400,184110,4
DEQ,948860118591712,24,1400,157900,3
DEQ,948860118594554,24,1400,156883,2
DEQ,948860118682598,24,1400,239656,3
DEQ,948860118685423,24,1400,240408,2
DEQ,948860118710922,24,1400,111251,3
DEQ,948860118818433,24,1400,206764,4
DEQ,948860118821313,24,1400,131015,3
DEQ,948860118914363,24,1400,219819,4
DEQ,948860118917237,24,1400,202982,3
DEQ,948860118934247,24,1400,217820,4
DEQ,948860119017142,24,1400,190707,3
DEQ,948860119036040,24,1400,200353,4
DEQ,948860119117657,24,1400,191573,3
DEQ,948860119120464,24,1400,190485,2
DEQ,948860119198060,24,1400,170520,3
DEQ,948860119200792,24,1400,169340,2
DEQ,948860119284942,24,1400,159700,3
DEQ,948860119287703,24,1400,158606,2
DEQ,948860119371402,24,1400,165794,3
DEQ,948860119374106,24,1400,156427,2
DEQ,948860119456585,24,1400,164017,3
DEQ,948860119459471,24,1400,163050,2
DEQ,948860119536030,24,1400,157184,3
DEQ,948860119538926,24,1400,156190,2
DEQ,948860119611077,24,1400,146741,3
DEQ,948860119614093,24,1400,145874,2
DEQ,948860119690413,24,1400,146595,3
DEQ,948860119693468,24,1400,145680,2
DEQ,948860119798289,24,1400,179382,3
DEQ,948860119818373,24,1400,190799,4
DEQ,948860119937023,24,1400,238495,3
DEQ,948860119939844,24,1400,233264,2
DEQ,948860120018410,24,1400,211714,3
DEQ,948860120021147,24,1400,210500,2
DEQ,948860120104983,24,1400,160283,3
DEQ,948860120107806,24,1400,159072,2
DEQ,948860120184610,24,1400,158685,3
DEQ,948860120187301,24,1400,157475,2
DEQ,948860120268201,24,1400,155662,3
DEQ,948860120270920,24,1400,154469,2
DEQ,948860120294769,24,1400,102818,3
DEQ,948860120384996,24,1400,184467,4
DEQ,948860315216762,24,1400,194941116,3
DEQ,948860315219813,24,1400,194929566,2
DEQ,948860315247377,24,1400,194951134,3
DEQ,948860315364786,24,1400,195066718,4
DEQ,948860315367520,24,1400,141764,3
DEQ,948860315391082,24,1400,160872,4
DEQ,948860315462783,24,1400,212572,3
DEQ,948860315465745,24,1400,213001,2
DEQ,948860315588722,24,1400,216379,3
DEQ,948860315591621,24,1400,205154,2
DEQ,948860315672257,24,1400,201006,3
DEQ,948860315691679,24,1400,212991,4
DEQ,948860315810923,24,1400,213566,3
DEQ,948860315813795,24,1400,212104,2
DEQ,948860315912857,24,1400,233706,3
DEQ,948860315916026,24,1400,232939,2
DEQ,948860315940835,24,1400,122250,3
DEQ,948860316043068,24,1400,220395,4
DEQ,948860316046179,24,1400,124437,3
DEQ,948860316068313,24,1400,139061,4
DEQ,948860316144056,24,1400,201449,3
DEQ,948860316147112,24,1400,202477,2
DEQ,948860316245440,24,1400,193563,3
DEQ,948860316252562,24,1400,189220,2
DEQ,948860316345788,24,1400,193427,3
DEQ,948860316348505,24,1400,187613,2
DEQ,948860316434958,24,1400,177701,3
DEQ,948860316437666,24,1400,176855,2
DEQ,948860316454095,24,1400,100718,3
DEQ,948860316557626,24,1400,195031,4
DEQ,948860316560368,24,1400,114372,3
DEQ,948860316644963,24,1400,195048,4
DEQ,948860316647808,24,1400,192268,3
DEQ,948860316672933,24,1400,215367,4
DEQ,948860316754992,24,1400,189521,3
DEQ,948860316757844,24,1400,188358,2
DEQ,948860316762915,24,1400,110237,1
DEQ,948860316878654,24,1400,222034,4
DEQ,948860316881480,24,1400,113846,3
DEQ,948860316958256,24,1400,186724,4
DEQ,948860316961142,24,1400,184618,3
DEQ,948860317045156,24,1400,266704,4
DEQ,948860317055805,24,1400,169269,3
DEQ,948860317180210,24,1400,289719,4
DEQ,948860317182997,24,1400,217189,3
DEQ,948860317208226,24,1400,238533,4
DEQ,948860317300120,24,1400,240639,3
DEQ,948860317302844,24,1400,239430,2
DEQ,948860317328030,24,1400,140212,3
DEQ,948860317414659,24,1400,222787,4
DEQ,948860317498360,24,1400,190708,3
DEQ,948860317501125,24,1400,178052,2
DEQ,948860317524033,24,1400,194527,3
DEQ,948860317602402,24,1400,271041,4
DEQ,948860317605211,24,1400,99345,3
DEQ,948860317695384,24,1400,182372,4
DEQ,948860317698219,24,1400,172495,3
DEQ,948860317777430,24,1400,249644,4
DEQ,948860317780283,24,1400,170195,3
DEQ,948860317869397,24,1400,251055,4
DEQ,948860317872239,24,1400,168981,3
DEQ,948860317947589,24,1400,240226,4
DEQ,948860317950416,24,1400,165284,3
DEQ,948860318037310,24,1400,242959,4
DEQ,948860318040413,24,1400,163174,3
DEQ,948860318122150,24,1400,241013,4
DEQ,948860318124991,24,1400,169721,3
DEQ,948860318197600,24,1400,231234,4
DEQ,948860318200392,24,1400,155245,3
DEQ,948860318284948,24,1400,227647,4
DEQ,948860318287790,24,1400,157811,3
DEQ,948860318368552,24,1400,234727,4
DEQ,948860318371410,24,1400,166130,3
DEQ,948860318449102,24,1400,232766,4
DEQ,948860318451943,24,1400,159291,3
DEQ,948860318539956,24,1400,243478,4
DEQ,948860318542814,24,1400,166418,3
DEQ,948860318622214,24,1400,241904,4
DEQ,948860318625065,24,1400,168279,3
DEQ,948860318699031,24,1400,233742,4
DEQ,948860318701849,24,1400,154195,3
DEQ,948860318784984,24,1400,227686,4
DEQ,948860318787839,24,1400,157529,3
DEQ,948860318867749,24,1400,233587,4
DEQ,948860318871291,24,1400,164612,3
DEQ,948860318956806,24,1400,239504,4
DEQ,948860318959476,24,1400,166878,3
DEQ,948860319041169,24,1400,244743,4
DEQ,948860319043849,24,1400,167511,3
DEQ,948860319050087,24,1400,169927,2
DEQ,948860319089443,24,1400,125144,3
DEQ,948860319129452,24,1400,161043,4
DEQ,948860319172994,24,1400,117418,3
DEQ,948860319209421,24,1400,149916,4
DEQ,948860319249234,24,1400,157023,3
DEQ,948860319289290,24,1400,194923,4
DEQ,948860319329369,24,1400,154377,3
DEQ,948860319369352,24,1400,192378,4
DEQ,948860319413615,24,1400,163035,3
DEQ,948860319449433,24,1400,197115,4
DEQ,948860319489733,24,1400,158214,3
DEQ,948860319532767,24,1400,199347,4
DEQ,948860319574817,24,1400,159183,3
DEQ,948860319614951,24,1400,197269,4
DEQ,948860319655114,24,1400,163342,3
DEQ,948860319707727,24,1400,213964,4
DEQ,948860319751750,24,1400,174786,3
DEQ,948860319791657,24,1400,212724,4
DEQ,948860319831340,24,1400,174168,3
DEQ,948860319871665,24,1400,212489,4
DEQ,948860319917663,24,1400,163670,3
DEQ,948860319965494,24,1400,209565,4
DEQ,948860319997956,24,1400,164430,3
DEQ,948860320067124,24,1400,231662,4
DEQ,948860320107369,24,1400,187416,3
DEQ,948860320147041,24,1400,225097,4
DEQ,948860320186878,24,1400,186919,3
DEQ,948860320227059,24,1400,222478,4
DEQ,948860320267107,24,1400,157693,3
DEQ,948860320310499,24,1400,199148,4
DEQ,948860515267664,24,1400,195078900,3
DEQ,948860515270816,24,1400,195080111,2
DEQ,948860515272979,24,1400,195003785,1
DEQ,948860515291383,24,1400,195020246,2
DEQ,948860515390919,24,1400,112838,3
DEQ,948860515391847,24,1400,109104,2
DEQ,948860515393389,24,1400,100550,1
DEQ,948860515496835,24,1400,201787,4
DEQ,948860515499728,24,1400,102233,3
DEQ,948860515548483,24,1400,146498,4
DEQ,948860515659255,24,1400,251591,3
DEQ,948860515671911,24,1400,262000,2
DEQ,948860515694578,24,1400,168437,3
DEQ,948860515770853,24,1400,234556,4
DEQ,948860515774021,24,1400,89101,3
DEQ,948860515795650,24,1400,108475,4
DEQ,948860515874234,24,1400,178057,3
DEQ,948860515876899,24,1400,178661,2
DEQ,948860515893914,24,1400,114152,3
DEQ,948860516019491,24,1400,228550,4
DEQ,948860516022195,24,1400,140329,3
DEQ,948860516039348,24,1400,149948,4
DEQ,948860516122289,24,1400,226810,3
DEQ,948860516125028,24,1400,227576,2
DEQ,948860516211800,24,1400,184546,3
DEQ,948860516214476,24,1400,180009,2
DEQ,948860516299248,24,1400,169174,3
DEQ,948860516302112,24,1400,168160,2
DEQ,948860516326480,24,1400,107061,3
DEQ,948860516405939,24,1400,182634,4
DEQ,948860516408761,24,1400,101719,3
DEQ,948860516425702,24,1400,103745,4
DEQ,948860516503252,24,1400,174236,3
DEQ,948860516506084,24,1400,174866,2
DEQ,948860516583825,24,1400,166400,3
DEQ,948860516586626,24,1400,165286,2
DEQ,948860516666629,24,1400,155644,3
DEQ,948860516686348,24,1400,171461,4
DEQ,948860516792578,24,1400,200958,3
DEQ,948860516795355,24,1400,199911,2
DEQ,948860516878260,24,1400,204498,3
DEQ,948860516881085,24,1400,199814,2
DEQ,948860516964288,24,1400,163865,3
DEQ,948860516992318,24,1400,182067,4
DEQ,948860517090960,24,1400,204850,3
DEQ,948860517093672,24,1400,198404,2
DEQ,948860517094184,24,1400,122866,1
DEQ,948860517187182,24,1400,205914,4
DEQ,948860517189911,24,1400,90562,3
DEQ,948860517206921,24,1400,103662,4
DEQ,948860517282534,24,1400,174531,3
DEQ,948860517301421,24,1400,191370,4
DEQ,948860517434958,24,1400,239896,3
DEQ,948860517454058,24,1400,255007,4
DEQ,948860517565618,24,1400,272641,3
DEQ,948860517568411,24,1400,271611,2
DEQ,948860517654866,24,1400,212991,3
DEQ,948860517657687,24,1400,211778,2
DEQ,948860517679608,24,1400,106471,3
DEQ,948860517775073,24,1400,189866,4
DEQ,948860517777906,24,1400,115240,3
DEQ,948860517795402,24,1400,120597,4
DEQ,948860517914025,24,1400,232006,3
DEQ,948860518001769,24,1400,317684,4
DEQ,948860518004523,24,1400,221600,3
DEQ,948860518020974,24,1400,234131,4
DEQ,948860518091093,24,1400,170141,3
DEQ,948860518093773,24,1400,168880,2
DEQ,948860518166748,24,1400,153733,3
DEQ,948860518169452,24,1400,152592,2
DEQ,948860518250007,24,1400,151337,3
DEQ,948860518276930,24,1400,174422,4
DEQ,948860518355954,24,1400,181555,3
DEQ,948860518358791,24,1400,174767,2
DEQ,948860518375876,24,1400,118750,3
DEQ,948860518444217,24,1400,183239,4
DEQ,948860518447038,24,1400,79727,3
DEQ,948860518525933,24,1400,154780,4
DEQ,948860518528853,24,1400,150682,3
DEQ,948860518554128,24,1400,173910,4
DEQ,948860518632311,24,1400,180138,3
DEQ,948860518635156,24,1400,178970,2
DEQ,948860518715538,24,1400,181606,3
DEQ,948860518718404,24,1400,168769,2
DEQ,948860518743862,24,1400,103778,3
DEQ,948860518829972,24,1400,186038,4
DEQ,948860518832826,24,1400,109443,3
DEQ,948860518924250,24,1400,196946,4
DEQ,948860518927045,24,1400,179661,3
DEQ,948860518947017,24,1400,197328,4
DEQ,948860519042509,24,1400,204526,3
DEQ,948860519123236,24,1400,281313,4
DEQ,948860519125908,24,1400,194014,3
DEQ,948860519142983,24,1400,207316,4
DEQ,948860519236830,24,1400,187513,3
DEQ,948860519239565,24,1400,186382,2
DEQ,948860519240044,24,1400,108926,1
DEQ,948860519261679,24,1400,123143,4
DEQ,948860519352556,24,1400,107552,3
DEQ,948860519355403,24,1400,106559,2
DEQ,948860715217153,24,1400,195964172,3
DEQ,948860715219908,24,1400,195964856,2
DEQ,948860715246933,24,1400,195886356,3
DEQ,948860715366398,24,1400,195997386,4
DEQ,948860715369106,24,1400,144040,3
DEQ,948860715386351,24,1400,156912,4
DEQ,948860715519300,24,1400,269529,3
DEQ,948860715522034,24,1400,269759,2
DEQ,948860715542524,24,1400,168456,3
DEQ,948860715641519,24,1400,263502,4
DEQ,948860715644251,24,1400,117063,3
DEQ,948860715731169,24,1400,200078,4
DEQ,948860715733834,24,1400,189544,3
DEQ,948860715755761,24,1400,209399,4
DEQ,948860715842647,24,1400,193392,3
DEQ,948860715845326,24,1400,192024,2
DEQ,948860715934273,24,1400,195360,3
DEQ,948860715936992,24,1400,186132,2
DEQ,948860716016646,24,1400,166327,3
DEQ,948860716035597,24,1400,175294,4
DEQ,948860716155446,24,1400,213363,3
DEQ,948860716233395,24,1400,287351,4
DEQ,948860716236177,24,1400,212583,3
DEQ,948860716331898,24,1400,300903,4
DEQ,948860716416171,24,1400,253603,3
DEQ,948860716418675,24,1400,252128,2
DEQ,948860716420280,24,1400,178967,1
DEQ,948860716501747,24,1400,249561,4
DEQ,948860716504480,24,1400,80177,3
DEQ,948860716588295,24,1400,160097,4
DEQ,948860716590953,24,1400,157550,3
DEQ,948860716685928,24,1400,250633,4
DEQ,948860716688731,24,1400,179477,3
DEQ,948860716769957,24,1400,251749,4
DEQ,948860716772801,24,1400,176750,3
DEQ,948860716863885,24,1400,259678,4
DEQ,948860716931426,24,1400,237480,3
DEQ,948860716934187,24,1400,233363,2
DEQ,948860717016110,24,1400,238190,3
DEQ,948860717019033,24,1400,228822,2
DEQ,948860717103496,24,1400,164197,3
DEQ,948860717106197,24,1400,155962,2
DEQ,948860717182973,24,1400,158839,3
DEQ,948860717185640,24,1400,157628,2
DEQ,948860717270645,24,1400,159441,3
DEQ,948860717273350,24,1400,158250,2
DEQ,948860717360140,24,1400,169480,3
DEQ,948860717362856,24,1400,163579,2
DEQ,948860717446773,24,1400,168475,3
DEQ,948860717449580,24,1400,159341,2
DEQ,948860717528322,24,1400,160359,3
DEQ,948860717531160,24,1400,154929,2
DEQ,948860717617079,24,1400,162545,3
DEQ,948860717619947,24,1400,161554,2
DEQ,948860717641494,24,1400,105245,3
DEQ,948860717724276,24,1400,177011,4
DEQ,948860717727051,24,1400,101972,3
DEQ,948860717752835,24,1400,115826,4
DEQ,948860717831243,24,1400,187226,3
DEQ,948860717834028,24,1400,187867,2
DEQ,948860717930125,24,1400,198153,3
DEQ,948860717932854,24,1400,191604,2
DEQ,948860717956391,24,1400,117338,3
DEQ,948860718047579,24,1400,204369,4
DEQ,948860718050275,24,1400,112366,3
DEQ,948860718075825,24,1400,124024,4
DEQ,948860718180108,24,1400,222273,3
DEQ,948860718182836,24,1400,223147,2
DEQ,948860718207782,24,1400,152319,3
DEQ,948860718295766,24,1400,235960,4
DEQ,948860718298518,24,1400,110708,3
DEQ,948860718380157,24,1400,188469,4
DEQ,948860718383003,24,1400,172862,3
DEQ,948860718407734,24,1400,195455,4
DEQ,948860718495221,24,1400,191671,3
DEQ,948860718498041,24,1400,190559,2
DEQ,948860718579022,24,1400,191266,3
DEQ,948860718581860,24,1400,190033,2
DEQ,948860718656355,24,1400,153210,3
DEQ,948860718659241,24,1400,152188,2
DEQ,948860718741320,24,1400,154336,3
DEQ,948860718819293,24,1400,228461,4
DEQ,948860718822089,24,1400,157904,3
DEQ,948860718845387,24,1400,172166,4
DEQ,948860718915676,24,1400,167146,3
DEQ,948860718935241,24,1400,182811,4
DEQ,948860719009507,24,1400,182258,3
DEQ,948860719012149,24,1400,171266,2
DEQ,948860719029235,24,1400,102856,3
DEQ,948860719105085,24,1400,174737,4
DEQ,948860719107773,24,1400,86767,3
DEQ,948860719184240,24,1400,159353,4
DEQ,948860719186924,24,1400,156182,3
DEQ,948860719272640,24,1400,239818,4
DEQ,948860719275492,24,1400,162749,3
DEQ,948860719292001,24,1400,175288,4
DEQ,948860719414380,24,1400,222069,3
DEQ,948860719496596,24,1400,296465,4
DEQ,948860719499377,24,1400,218836,3
DEQ,948860719515807,24,1400,231397,4
DEQ,948860719597714,24,1400,176233,3
DEQ,948860719600380,24,1400,175053,2
DEQ,948860719601981,24,1400,97689,1
DEQ,948860719686752,24,1400,175476,4
DEQ,948860719689561,24,1400,82378,3
DEQ,948860719763070,24,1400,147940,4
DEQ,948860719765904,24,1400,144840,3
DEQ,948860719845658,24,1400,222528,4
DEQ,948860719912648,24,1400,218188,3
DEQ,948860719915481,24,1400,216991,2
DEQ,948860720004730,24,1400,233511,3
DEQ,948860720007784,24,1400,227645,2
DEQ,948860720105250,24,1400,184648,3
DEQ,948860720108594,24,1400,177408,2
DEQ,948860720129159,24,1400,115706,3
DEQ,948860720225246,24,1400,207336,4
DEQ,948860720228524,24,1400,114009,3
DEQ,948860720253554,24,1400,132340,4
DEQ,948860720357370,24,1400,226412,3
DEQ,948860720360614,24,1400,227713,2
DEQ,948860720446865,24,1400,212392,3
DEQ,948860720449555,24,1400,207167,2
DEQ,948860720537420,24,1400,170937,3
DEQ,948860720540235,24,1400,165047,2
DEQ,948860720631770,24,1400,177095,3
DEQ,948860720634559,24,1400,175931,2
DEQ,948860720711987,24,1400,166588,3
DEQ,948860720714814,24,1400,157631,2
DEQ,948860720791747,24,1400,152119,3
DEQ,948860720794717,24,1400,151191,2
DEQ,948860920324336,24,1400,199604451,4
DEQ,948860920327508,24,1400,199603770,3
DEQ,948860920328199,24,1400,199528270,2
DEQ,948860920330466,24,1400,199522251,1
DEQ,948860920360466,24,84,192776368,4
DEQ,948860920474399,24,1400,139127,3
DEQ,948860920477130,24,1400,131852,2
DEQ,948860920477637,24,1400,127252,1
DEQ,948860920566397,24,1400,213601,4
DEQ,948860920569107,24,1400,86500,3
DEQ,948860920651630,24,1400,161374,4
DEQ,948860920654301,24,1400,159269,3
DEQ,948860920740012,24,1400,242475,4
DEQ,948860920742716,24,1400,168765,3
DEQ,948860920820570,24,1400,242681,4
DEQ,948860920823364,24,1400,164208,3
DEQ,948860920907194,24,1400,244034,4
DEQ,948860920909897,24,1400,162441,3
DEQ,948860920993247,24,1400,241779,4
DEQ,948860920996071,24,1400,167861,3
DEQ,948860921071788,24,1400,239604,4
DEQ,948860921074608,24,1400,159806,3
DEQ,948860921097222,24,1400,178085,4
DEQ,948860921170837,24,1400,169980,3
DEQ,948860921189567,24,1400,184526,4
DEQ,948860921271365,24,1400,191914,3
DEQ,948860921290296,24,1400,197439,4
DEQ,948860921437284,24,1400,259500,3
DEQ,948860921457396,24,1400,275650,4
DEQ,948860921600377,24,1400,322157,3
DEQ,948860921603417,24,1400,321023,2
DEQ,948860921625626,24,1400,180803,3
DEQ,948860921697263,24,1400,244481,4
DEQ,948860921700241,24,1400,91339,3
DEQ,948860921791385,24,1400,169508,4
DEQ,948860921794223,24,1400,167202,3
DEQ,948860921875740,24,1400,246602,4
DEQ,948860921941240,24,1400,235593,3
DEQ,948860921943998,24,1400,233917,2
DEQ,948860922030324,24,1400,231219,3
DEQ,948860922105124,24,1400,294885,4
DEQ,948860922107979,24,1400,159199,3
DEQ,948860922181742,24,1400,223478,4
DEQ,948860922184592,24,1400,147216,3
DEQ,948860922273145,24,1400,231951,4
DEQ,948860922276073,24,1400,163134,3
DEQ,948860922363377,24,1400,246443,4
DEQ,948860922366199,24,1400,176687,3
DEQ,948860922437632,24,1400,238456,4
DEQ,948860922440455,24,1400,159087,3
DEQ,948860922516471,24,1400,226276,4
DEQ,948860922519259,24,1400,148035,3
DEQ,948860922592619,24,1400,217442,4
DEQ,948860922595489,24,1400,150064,3
DEQ,948860922676724,24,1400,227265,4
DEQ,948860922679526,24,1400,155396,3
DEQ,948860922701959,24,1400,173961,4
DEQ,948860922780616,24,1400,180261,3
DEQ,948860922783469,24,1400,171220,2
DEQ,948860922799530,24,1400,115138,3
DEQ,948860922876382,24,1400,179588,4
DEQ,948860922879837,24,1400,87968,3
DEQ,948860922955127,24,1400,159690,4
DEQ,948860922957950,24,1400,156140,3
DEQ,948860923035053,24,1400,230737,4
DEQ,948860923038115,24,1400,153188,3
DEQ,948860923121169,24,1400,232297,4
DEQ,948860923123891,24,1400,161039,3
DEQ,948860923140714,24,1400,173989,4
DEQ,948860923236856,24,1400,193983,3
DEQ,948860923239536,24,1400,192498,2
DEQ,948860923239998,24,1400,111275,1
DEQ,948860923261886,24,1400,125960,4
DEQ,948860923355868,24,1400,110984,3
DEQ,948860923358590,24,1400,109856,2
DEQ,948860923375000,24,1400,121738,3
DEQ,948860923444366,24,1400,189036,4
DEQ,948860923447215,24,1400,80192,3
DEQ,948860923528203,24,1400,157128,4
DEQ,948860923531058,24,1400,154597,3
DEQ,948860923619105,24,1400,240675,4
DEQ,948860923621891,24,1400,169893,3
DEQ,948860923638754,24,1400,182722,4
DEQ,948860923722802,24,1400,186775,3
DEQ,948860923725653,24,1400,178530,2
DEQ,948860923726162,24,1400,99202,1
DEQ,948860923809292,24,1400,178425,4
DEQ,948860923812127,24,1400,81115,3
DEQ,948860923836452,24,1400,97343,4
DEQ,948860923914848,24,1400,171143,3
DEQ,948860923933242,24,1400,187553,4
DEQ,948860924066358,24,1400,249310,3
DEQ,948860924072425,24,1400,240778,2
DEQ,948860924073955,24,1400,152279,1
DEQ,948860924169757,24,1400,244256,4
DEQ,948860924172503,24,1400,94630,3
DEQ,948860924250090,24,1400,168197,4
DEQ,948860924252827,24,1400,165951,3
DEQ,948860924269702,24,1400,180842,4
DEQ,948860924347794,24,1400,170530,3
DEQ,948860924350334,24,1400,169056,2
DEQ,948860924351787,24,1400,90430,1
DEQ,948860924437974,24,1400,172662,4
DEQ,948860924440852,24,1400,85036,3
DEQ,948860924457644,24,1400,92617,4
DEQ,948860924543972,24,1400,173912,3
DEQ,948860924546979,24,1400,174845,2
DEQ,948860924627383,24,1400,181722,3
DEQ,948860924630866,24,1400,181185,2
DEQ,948860924706922,24,1400,155067,3
DEQ,948860924709998,24,1400,154294,2
DEQ,948860924794973,24,1400,159054,3
DEQ,948860924797712,24,1400,157812,2
DEQ,948860924877996,24,1400,163148,3
DEQ,948860924881409,24,1400,162699,2
DEQ,948860924962589,24,1400,159973,3
DEQ,948860924965452,24,1400,158824,2
DEQ,948860924992884,24,1400,107577,3
DEQ,948860925098464,24,1400,209289,4
DEQ,948860925101166,24,1400,130767,3
DEQ,948860925182607,24,1400,200723,4
DEQ,948860925185302,24,1400,189812,3
DEQ,948860925260927,24,1400,263423,4
DEQ,948860925263755,24,1400,157844,3
DEQ,948860925302978,24,1400,188127,4
STATS,948861025540822,4,5600,12461,12457,0,0,0
DEQ,948861120289569,24,1400,195099375,3
DEQ,948861120292633,24,1400,195098470,2
DEQ,948861120293302,24,1400,195024615,1
DEQ,948861120326530,24,1400,195046602,4
DEQ,948861120425400,24,1400,126007,3
DEQ,948861120426609,24,1400,122938,2
DEQ,948861120527606,24,1400,218589,3
DEQ,948861120534001,24,1400,222874,2
DEQ,948861120535665,24,1400,103930,1
DEQ,948861120622023,24,1400,186155,4
DEQ,948861120624766,24,1400,84627,3
DEQ,948861120702219,24,1400,157891,4
DEQ,948861120704968,24,1400,155577,3
DEQ,948861120789327,24,1400,237983,4
DEQ,948861120877957,24,1400,248215,3
DEQ,948861120880657,24,1400,246938,2
DEQ,948861120897671,24,1400,187900,3
DEQ,948861120966159,24,1400,247899,4
DEQ,948861120968879,24,1400,79778,3
DEQ,948861121045776,24,1400,152789,4
DEQ,948861121048615,24,1400,149378,3
DEQ,948861121129819,24,1400,228544,4
DEQ,948861121132649,24,1400,158628,3
DEQ,948861121210830,24,1400,232854,4
DEQ,948861121285057,24,1400,231290,3
DEQ,948861121287894,24,1400,230184,2
DEQ,948861121371744,24,1400,234062,3
DEQ,948861121374803,24,1400,228616,2
DEQ,948861121458141,24,1400,165102,3
DEQ,948861121461190,24,1400,164133,2
DEQ,948861121557489,24,1400,177327,3
DEQ,948861121560126,24,1400,175901,2
DEQ,948861121561635,24,1400,95149,1
DEQ,948861121641687,24,1400,168004,4
DEQ,948861121715878,24,1400,150303,3
DEQ,948861121718712,24,1400,149038,2
DEQ,948861121797555,24,1400,222375,3
DEQ,948861121800402,24,1400,223255,2
DEQ,948861121825257,24,1400,101366,3
DEQ,948861121924105,24,1400,189927,4
DEQ,948861121926678,24,1400,121059,3
DEQ,948861121928343,24,1400,118872,2
DEQ,948861122004244,24,1400,175451,3
DEQ,948861122007177,24,1400,176037,2
DEQ,948861122032564,24,1400,100187,3
DEQ,948861122122292,24,1400,185845,4
DEQ,948861122129434,24,1400,116996,3
DEQ,948861122251726,24,1400,235379,4
DEQ,948861122254756,24,1400,218720,3
DEQ,948861122337574,24,1400,299171,4
DEQ,948861122340312,24,1400,206509,3
DEQ,948861122416445,24,1400,278649,4
DEQ,948861122419295,24,1400,159690,3
DEQ,948861122499113,24,1400,230029,4
DEQ,948861122562312,24,1400,216793,3
DEQ,948861122565119,24,1400,215639,2
DEQ,948861122650550,24,1400,226217,3
DEQ,948861122653483,24,1400,220429,2
DEQ,948861122746007,24,1400,175899,3
DEQ,948861122748855,24,1400,169749,2
DEQ,948861122821578,24,1400,163164,3
DEQ,948861122824409,24,1400,161993,2
DEQ,948861122841430,24,1400,87796,3
DEQ,948861122952631,24,1400,195182,4
DEQ,948861122955218,24,1400,122434,3
DEQ,948861122956844,24,1400,119987,2
DEQ,948861123035070,24,1400,191131,3
DEQ,948861123037673,24,1400,191595,2
DEQ,948861123079416,24,1400,118566,3
DEQ,948861123120438,24,1400,155669,4
DEQ,948861123168269,24,1400,121527,3
DEQ,948861123207511,24,1400,150501,4
DEQ,948861123247786,24,1400,164982,3
DEQ,948861123315677,24,1400,230693,4
DEQ,948861123361685,24,1400,191285,3
DEQ,948861123396120,24,1400,223709,4
DEQ,948861123460464,24,1400,211299,3
DEQ,948861123501620,24,1400,250425,4
DEQ,948861123541530,24,1400,177677,3
DEQ,948861123581389,24,1400,215755,4
DEQ,948861123621526,24,1400,158957,3
DEQ,948861123661955,24,1400,197351,4
DEQ,948861123707419,24,1400,163599,3
DEQ,948861123744914,24,1400,198922,4
DEQ,948861123781525,24,1400,157842,3
DEQ,948861123832478,24,1400,206960,4
DEQ,948861123876694,24,1400,167330,3
DEQ,948861123916643,24,1400,205341,4
DEQ,948861123956583,24,1400,172886,3
DEQ,948861123996818,24,1400,211194,4
DEQ,948861124042443,24,1400,163536,3
DEQ,948861124082665,24,1400,201700,4
DEQ,948861124122705,24,1400,163993,3
DEQ,948861124190511,24,1400,229868,4
DEQ,948861124230795,24,1400,186197,3
DEQ,948861124270615,24,1400,224062,4
DEQ,948861124310334,24,1400,185409,3
DEQ,948861124350587,24,1400,223621,4
DEQ,948861124394128,24,1400,161281,3
DEQ,948861124430778,24,1400,195983,4
DEQ,948861124474206,24,1400,161568,3
DEQ,948861124510780,24,1400,196084,4
DEQ,948861124554205,24,1400,157978,3
DEQ,948861124596607,24,1400,198406,4
DEQ,948861124630785,24,1400,154297,3
DEQ,948861124700672,24,1400,222211,4
DEQ,948861124749263,24,1400,192886,3
DEQ,948861124784059,24,1400,225776,4
DEQ,948861124824174,24,1400,191296,3
DEQ,948861124869736,24,1400,234875,4
DEQ,948861124904288,24,1400,152837,3
DEQ,948861124970303,24,1400,216901,4
DEQ,948861125011545,24,1400,185226,3
DEQ,948861125051154,24,1400,222791,4
DEQ,948861125091183,24,1400,184747,3
DEQ,948861125131214,24,1400,222682,4
DEQ,948861125176319,24,1400,162686,3
DEQ,948861125215568,24,1400,199865,4
DEQ,948861125266162,24,1400,172828,3
DEQ,948861320308381,24,1400,195213067,4
DEQ,948861320311146,24,1400,195132739,3
DEQ,948861320311630,24,1400,195131216,2
DEQ,948861320337980,24,1400,195069382,3
DEQ,948861320428628,24,1400,195158046,4
DEQ,948861320429768,24,1400,112297,3
DEQ,948861320529400,24,1400,207786,4
DEQ,948861320532209,24,1400,191422,3
DEQ,948861320549040,24,1400,205685,4
DEQ,948861320664355,24,1400,229530,3
DEQ,948861320748205,24,1400,309133,4
DEQ,948861320751061,24,1400,213913,3
DEQ,948861320767802,24,1400,223385,4
DEQ,948861320840895,24,1400,169678,3
DEQ,948861320843705,24,1400,168643,2
DEQ,948861320925381,24,1400,169329,3
DEQ,948861320928231,24,1400,164888,2
DEQ,948861320944439,24,1400,95770,3
DEQ,948861321012640,24,1400,160091,4
DEQ,948861321015360,24,1400,78836,3
DEQ,948861321104184,24,1400,163932,4
DEQ,948861321107097,24,1400,160351,3
DEQ,948861321179204,24,1400,230338,4
DEQ,948861321182035,24,1400,161922,3
DEQ,948861321253242,24,1400,229177,4
DEQ,948861321256088,24,1400,144137,3
DEQ,948861321330017,24,1400,214117,4
DEQ,948861321332828,24,1400,145762,3
DEQ,948861321415623,24,1400,224663,4
DEQ,948861321418416,24,1400,157440,3
DEQ,948861321503893,24,1400,238968,4
DEQ,948861321506672,24,1400,169017,3
DEQ,948861321584422,24,1400,242819,4
DEQ,948861321651728,24,1400,228235,3
DEQ,948861321654566,24,1400,221800,2
DEQ,948861321731460,24,1400,219803,3
DEQ,948861321734192,24,1400,213452,2
DEQ,948861321815078,24,1400,155583,3
DEQ,948861321817923,24,1400,154410,2
DEQ,948861321893402,24,1400,154330,3
DEQ,948861321896192,24,1400,145474,2
DEQ,948861321968988,24,1400,146108,3
DEQ,948861321971846,24,1400,145057,2
DEQ,948861322054293,24,1400,153290,3
DEQ,948861322057158,24,1400,151960,2
DEQ,948861322130550,24,1400,153759,3
DEQ,948861322137626,24,1400,151939,2
DEQ,948861322214156,24,1400,151932,3
DEQ,948861322217023,24,1400,150767,2
DEQ,948861322301710,24,1400,159414,3
DEQ,948861322304600,24,1400,158446,2
DEQ,948861322378140,24,1400,156024,3
DEQ,948861322380951,24,1400,149400,2
DEQ,948861322458052,24,1400,148621,3
DEQ,948861322460880,24,1400,147572,2
DEQ,948861322564260,24,1400,178372,3
DEQ,948861322568339,24,1400,178427,2
DEQ,948861322594270,24,1400,128545,3
DEQ,948861322665763,24,1400,188194,4
DEQ,948861322680491,24,1400,106968,3
DEQ,948861322761418,24,1400,172030,4
DEQ,948861322836310,24,1400,240219,3
DEQ,948861322912344,24,1400,314175,4
DEQ,948861322997400,24,1400,311651,3
DEQ,948861323000272,24,1400,310270,2
DEQ,948861323019382,24,1400,176229,3
DEQ,948861323100045,24,1400,252872,4
DEQ,948861323102780,24,1400,96904,3
DEQ,948861323197489,24,1400,183549,4
DEQ,948861323200216,24,1400,178257,3
DEQ,948861323216574,24,1400,192573,4
DEQ,948861323304502,24,1400,196664,3
DEQ,948861323307203,24,1400,190785,2
DEQ,948861323392328,24,1400,187180,3
DEQ,948861323395236,24,1400,186061,2
DEQ,948861323472402,24,1400,160047,3
DEQ,948861323475187,24,1400,158812,2
DEQ,948861323560840,24,1400,160895,3
DEQ,948861323563684,24,1400,159851,2
DEQ,948861323580384,24,1400,100257,3
DEQ,948861323661755,24,1400,173430,4
DEQ,948861323664557,24,1400,92485,3
DEQ,948861323747402,24,1400,171612,4
DEQ,948861323750204,24,1400,167390,3
DEQ,948861323767277,24,1400,182472,4
DEQ,948861323877801,24,1400,208197,3
DEQ,948861323881295,24,1400,207708,2
DEQ,948861323965598,24,1400,210499,3
DEQ,948861323968329,24,1400,205621,2
DEQ,948861324053517,24,1400,167851,3
DEQ,948861324056265,24,1400,166343,2
DEQ,948861324131494,24,1400,158304,3
DEQ,948861324150205,24,1400,172462,4
DEQ,948861324253334,24,1400,191912,3
DEQ,948861324256208,24,1400,190277,2
DEQ,948861324333385,24,1400,191450,3
DEQ,948861324336233,24,1400,190272,2
DEQ,948861324412328,24,1400,151180,3
DEQ,948861324431389,24,1400,166379,4
DEQ,948861324538526,24,1400,197285,3
DEQ,948861324541731,24,1400,196533,2
DEQ,948861324542416,24,1400,123235,1
DEQ,948861324628249,24,1400,201594,4
DEQ,948861324631023,24,1400,82529,3
DEQ,948861324712109,24,1400,157879,4
DEQ,948861324714852,24,1400,155923,3
DEQ,948861324799380,24,1400,238381,4
DEQ,948861324802237,24,1400,166441,3
DEQ,948861324826857,24,1400,186925,4
DEQ,948861324905884,24,1400,186235,3
DEQ,948861324908705,24,1400,185059,2
DEQ,948861324925145,24,1400,118039,3
DEQ,948861324996428,24,1400,174247,4
DEQ,948861325003663,24,1400,86605,3
DEQ,948861325083054,24,1400,162225,4
DEQ,948861325085834,24,1400,158363,3
DEQ,948861325171716,24,1400,242031,4
DEQ,948861325174560,24,1400,165315,3
DEQ,948861325249924,24,1400,236626,4
DEQ,948861325252784,24,1400,162102,3
DEQ,948861325329231,24,1400,226938,4
DEQ,948861325332034,24,1400,152511,3
DEQ,948861325406133,24,1400,222794,4
DEQ,948861325408967,24,1400,151219,3
DEQ,948861325497240,24,1400,232380,4
DEQ,948861325500257,24,1400,163432,3
DEQ,948861325517869,24,1400,177090,4
DEQ,948861325635539,24,1400,221544,3
DEQ,948861325638604,24,1400,216360,2
DEQ,948861325659466,24,1400,153956,3
DEQ,948861325736322,24,1400,223014,4
DEQ,948861325739162,24,1400,95391,3
DEQ,948861325822354,24,1400,167398,4
DEQ,948861525243982,24,1400,199582096,3
DEQ,948861525247237,24,1400,199583252,2
DEQ,948861525266860,24,1400,199522870,3
DEQ,948861525307770,24,1400,199559751,4
DEQ,948861525348746,24,1400,94960,3
DEQ,948861525388554,24,1400,126453,4
DEQ,948861525437662,24,1400,169119,3
DEQ,948861525478081,24,1400,207370,4
DEQ,948861525517768,24,1400,167271,3
DEQ,948861525585786,24,1400,232718,4
DEQ,948861525626691,24,1400,186910,3
DEQ,948861525673462,24,1400,231721,4
DEQ,948861525706531,24,1400,187409,3
DEQ,948861525746529,24,1400,225389,4
DEQ,948861525789536,24,1400,161461,3
DEQ,948861525831854,24,1400,201684,4
DEQ,948861525869874,24,1400,161792,3
DEQ,948861525906492,24,1400,196390,4
DEQ,948861525948516,24,1400,157597,3
DEQ,948861525989883,24,1400,197000,4
DEQ,948861526026575,24,1400,154581,3
DEQ,948861526066397,24,1400,192451,4
DEQ,948861526110893,24,1400,160178,3
DEQ,948861526146104,24,1400,193448,4
DEQ,948861526187773,24,1400,158930,3
DEQ,948861526228089,24,1400,197256,4
DEQ,948861526267752,24,1400,154873,3
DEQ,948861526336122,24,1400,221255,4
DEQ,948861526376705,24,1400,186870,3
DEQ,948861526416538,24,1400,224730,4
DEQ,948861526456257,24,1400,186356,3
DEQ,948861526496491,24,1400,224600,4
DEQ,948861526542609,24,1400,163751,3
DEQ,948861526583107,24,1400,202185,4
DEQ,948861526623049,24,1400,164667,3
DEQ,948861526690605,24,1400,230264,4
DEQ,948861526731017,24,1400,186208,3
DEQ,948861526770849,24,1400,224072,4
DEQ,948861526810410,24,1400,185292,3
DEQ,948861526851007,24,1400,223913,4
DEQ,948861526894372,24,1400,161205,3
DEQ,948861526935672,24,1400,200473,4
DEQ,948861526972036,24,1400,159476,3
DEQ,948861527011015,24,1400,196491,4
DEQ,948861527053481,24,1400,156987,3
DEQ,948861527095830,24,1400,197318,4
DEQ,948861527131000,24,1400,156815,3
DEQ,948861527171048,24,1400,194958,4
DEQ,948861527216425,24,1400,160800,3
DEQ,948861527250698,24,1400,193173,4
DEQ,948861527291658,24,1400,158716,3
DEQ,948861527330866,24,1400,195956,4
DEQ,948861527375885,24,1400,157324,3
DEQ,948861527423471,24,1400,202971,4
DEQ,948861527455990,24,1400,162184,3
DEQ,948861527496018,24,1400,200163,4
DEQ,948861527537487,24,1400,159452,3
DEQ,948861527580703,24,1400,200651,4
DEQ,948861527619374,24,1400,161237,3
DEQ,948861527655546,24,1400,195494,4
DEQ,948861527700704,24,1400,161175,3
DEQ,948861527741229,24,1400,199780,4
DEQ,948861527788407,24,1400,166965,3
DEQ,948861527821140,24,1400,197727,4
DEQ,948861527860979,24,1400,157908,3
DEQ,948861527906759,24,1400,201739,4
DEQ,948861527949631,24,1400,158941,3
DEQ,948861527995359,24,1400,202723,4
DEQ,948861528029827,24,1400,166831,3
DEQ,948861528082519,24,1400,217468,4
DEQ,948861528126722,24,1400,174997,3
DEQ,948861528166244,24,1400,212371,4
DEQ,948861528206475,24,1400,174483,3
DEQ,948861528251714,24,1400,217343,4
DEQ,948861528291344,24,1400,162375,3
DEQ,948861528331679,24,1400,200256,4
DEQ,948861528371790,24,1400,163206,3
DEQ,948861528411711,24,1400,200961,4
DEQ,948861528451549,24,1400,158006,3
DEQ,948861528491530,24,1400,195908,4
DEQ,948861528538565,24,1400,164663,3
DEQ,948861528571786,24,1400,195831,4
DEQ,948861528611767,24,1400,157845,3
DEQ,948861528655930,24,1400,199934,4
DEQ,948861528699733,24,1400,159071,3
DEQ,948861528739858,24,1400,197007,4
DEQ,948861528779983,24,1400,166077,3
DEQ,948861528832744,24,1400,216789,4
DEQ,948861528876694,24,1400,174571,3
DEQ,948861528916546,24,1400,212227,4
DEQ,948861528956205,24,1400,174021,3
DEQ,948861528996529,24,1400,212366,4
DEQ,948861529042657,24,1400,163829,3
DEQ,948861529088573,24,1400,207491,4
DEQ,948861529122961,24,1400,164631,3
DEQ,948861529190717,24,1400,230247,4
DEQ,948861529231258,24,1400,186519,3
DEQ,948861529271117,24,1400,224300,4
DEQ,948861529335651,24,1400,210627,3
DEQ,948861529376645,24,1400,249449,4
DEQ,948861529416233,24,1400,182871,3
DEQ,948861529456226,24,1400,220644,4
DEQ,948861529496526,24,1400,158763,3
DEQ,948861529543745,24,1400,203922,4
DEQ,948861529591120,24,1400,172692,3
DEQ,948861529623813,24,1400,203329,4
DEQ,948861529690584,24,1400,191947,3
DEQ,948861529730965,24,1400,230118,4
DEQ,948861529770961,24,1400,177719,3
DEQ,948861529838660,24,1400,242998,4
DEQ,948861529879045,24,1400,186084,3
DEQ,948861529918945,24,1400,223957,4
DEQ,948861529966459,24,1400,193042,3
DEQ,948861529999145,24,1400,223194,4
DEQ,948861530042577,24,1400,161413,3
DEQ,948861530090114,24,1400,206818,4
DEQ,948861530122905,24,1400,154161,3
DEQ,948861530190552,24,1400,219641,4
DEQ,948861530238318,24,1400,193575,3
DEQ,948861725267518,24,1400,195220705,4
DEQ,948861725270493,24,1400,195145461,3
DEQ,948861725271165,24,1400,195143947,2
DEQ,948861725294082,24,1400,195053728,3
DEQ,948861725408445,24,1400,195165842,4
DEQ,948861725411545,24,1400,134283,3
DEQ,948861725429763,24,1400,147776,4
DEQ,948861725505335,24,1400,209257,3
DEQ,948861725525175,24,1400,226190,4
DEQ,948861725627667,24,1400,206885,3
DEQ,948861725630533,24,1400,205234,2
DEQ,948861725715619,24,1400,199092,3
DEQ,948861725718432,24,1400,197871,2
DEQ,948861725800248,24,1400,164881,3
DEQ,948861725803096,24,1400,163881,2
DEQ,948861725819355,24,1400,95965,3
DEQ,948861725891430,24,1400,164091,4
DEQ,948861725965454,24,1400,153876,3
DEQ,948861726047356,24,1400,232051,4
DEQ,948861726112286,24,1400,290516,3
DEQ,948861726189192,24,1400,365219,4
DEQ,948861726192014,24,1400,219679,3
DEQ,948861726285870,24,1400,309510,4
DEQ,948861726288934,24,1400,169772,3
DEQ,948861726368379,24,1400,245072,4
DEQ,948861726371238,24,1400,174328,3
DEQ,948861726448048,24,1400,242443,4
DEQ,948861726450876,24,1400,156927,3
DEQ,948861726535071,24,1400,237103,4
DEQ,948861726537948,24,1400,161475,3
DEQ,948861726621608,24,1400,241205,4
DEQ,948861726624440,24,1400,168668,3
DEQ,948861726698129,24,1400,230572,4
DEQ,948861726700965,24,1400,158064,3
DEQ,948861726788898,24,1400,242028,4
DEQ,948861726791756,24,1400,162470,3
DEQ,948861726871978,24,1400,238581,4
DEQ,948861726882386,24,1400,176568,3
DEQ,948861726988688,24,1400,271149,4
DEQ,948861726991488,24,1400,194733,3
DEQ,948861727017204,24,1400,209681,4
DEQ,948861727102503,24,1400,207918,3
DEQ,948861727105274,24,1400,199759,2
DEQ,948861727126712,24,1400,130154,3
DEQ,948861727214950,24,1400,202708,4
DEQ,948861727218101,24,1400,107613,3
DEQ,948861727300049,24,1400,181621,4
DEQ,948861727302872,24,1400,173908,3
DEQ,948861727319209,24,1400,188140,4
DEQ,948861727403774,24,1400,180829,3
DEQ,948861727406605,24,1400,179635,2
DEQ,948861727492335,24,1400,181036,3
DEQ,948861727495171,24,1400,180163,2
DEQ,948861727516334,24,1400,104903,3
DEQ,948861727596754,24,1400,174286,4
DEQ,948861727599536,24,1400,99231,3
DEQ,948861727627370,24,1400,115530,4
DEQ,948861727711093,24,1400,192337,3
DEQ,948861727713752,24,1400,193173,2
DEQ,948861727715306,24,1400,110930,1
DEQ,948861727809244,24,1400,192796,4
DEQ,948861727812100,24,1400,91781,3
DEQ,948861727890862,24,1400,166536,4
DEQ,948861727893636,24,1400,164307,3
DEQ,948861727977573,24,1400,246203,4
DEQ,948861727980359,24,1400,163388,3
DEQ,948861728057026,24,1400,236024,4
DEQ,948861728059779,24,1400,161162,3
DEQ,948861728138825,24,1400,236172,4
DEQ,948861728141807,24,1400,156589,3
DEQ,948861728214978,24,1400,225780,4
DEQ,948861728217771,24,1400,153116,3
DEQ,948861728311774,24,1400,237382,4
DEQ,948861728314578,24,1400,167798,3
DEQ,948861728406351,24,1400,255579,4
DEQ,948861728409211,24,1400,186545,3
DEQ,948861728492989,24,1400,261503,5
DEQ,948861728495695,24,1400,176200,4
DEQ,948861728512842,24,1400,182491,5
DEQ,948861728609963,24,1400,195852,4
DEQ,948861728612629,24,1400,189253,3
DEQ,948861728613103,24,84,165197,2
DEQ,948861728695928,24,1400,195107,3
DEQ,948861728698796,24,1400,193953,2
DEQ,948861728722272,24,1400,103896,3
DEQ,948861728806520,24,1400,180205,4
DEQ,948861728821315,24,1400,117596,3
DEQ,948861728937542,24,1400,226601,4
DEQ,948861728940402,24,1400,215715,3
DEQ,948861729019992,24,1400,293204,4
DEQ,948861729022775,24,1400,196291,3
DEQ,948861729100943,24,1400,270357,4
DEQ,948861729103710,24,1400,158274,3
DEQ,948861729192581,24,1400,243149,4
DEQ,948861729195279,24,1400,167527,3
DEQ,948861729273110,24,1400,238218,4
DEQ,948861729275794,24,1400,166971,3
DEQ,948861729363868,24,1400,250675,4
DEQ,948861729366591,24,1400,166463,3
DEQ,948861729459317,24,1400,255161,4
DEQ,948861729462025,24,1400,181381,3
DEQ,948861729552397,24,1400,262104,4
DEQ,948861729618225,24,1400,246831,3
DEQ,948861729696466,24,1400,321031,4
DEQ,948861729699279,24,1400,232442,3
DEQ,948861729720846,24,1400,250020,4
DEQ,948861729790738,24,1400,165701,3
DEQ,948861729809958,24,1400,180901,4
DEQ,948861729885367,24,1400,181255,3
DEQ,948861729888205,24,1400,171823,2
DEQ,948861729904658,24,1400,107026,3
DEQ,948861730028964,24,1400,223908,4
DEQ,948861730031631,24,1400,135144,3
DEQ,948861730048732,24,1400,148444,4
DEQ,948861730141740,24,1400,234813,3
DEQ,948861730144482,24,1400,235431,2
DEQ,948861730161300,24,1400,121241,3
DEQ,948861730251703,24,1400,207670,4
DEQ,948861730254440,24,1400,105210,3
DEQ,948861730340806,24,1400,184103,4
DEQ,948861730343539,24,1400,180740,3
DEQ,948861925156498,24,1400,194991778,4
DEQ,948861925202411,24,1400,194943137,3
DEQ,948861925240960,24,1400,194972613,4
DEQ,948861925299826,24,1400,194951528,3
DEQ,948861925339978,24,1400,194982523,4
DEQ,948861925392521,24,1400,180102,3
DEQ,948861925438429,24,1400,222448,4
DEQ,948861925480651,24,1400,177673,3
DEQ,948861925512400,24,1400,207355,4
DEQ,948861925560955,24,1400,165832,3
DEQ,948861925597669,24,1400,200371,4
DEQ,948861925643578,24,1400,160819,3
DEQ,948861925672535,24,1400,187724,4
DEQ,948861925720672,24,1400,157320,3
DEQ,948861925752246,24,1400,186568,4
DEQ,948861925825963,24,1400,179561,3
DEQ,948861925866006,24,1400,210011,4
DEQ,948861925916782,24,1400,194123,3
DEQ,948861925956154,24,1400,231499,4
DEQ,948861926002826,24,1400,174294,3
DEQ,948861926047914,24,1400,217269,4
DEQ,948861926081464,24,1400,162213,3
DEQ,948861926128909,24,1400,207523,4
DEQ,948861926179738,24,1400,175249,3
DEQ,948861926220304,24,1400,213707,4
DEQ,948861926280272,24,1400,196531,3
DEQ,948861926326424,24,1400,240518,4
DEQ,948861926366840,24,1400,182829,3
DEQ,948861926424702,24,1400,238589,4
DEQ,948861926474244,24,1400,191370,3
DEQ,948861926500944,24,1400,215740,4
DEQ,948861926566770,24,1400,198314,3
DEQ,948861926612974,24,1400,242436,4
DEQ,948861926647203,24,1400,171328,3
DEQ,948861926712472,24,1400,234459,4
DEQ,948861926753229,24,1400,183792,3
DEQ,948861926793258,24,1400,221650,4
DEQ,948861926838699,24,1400,189021,3
DEQ,948861926873061,24,1400,221133,4
DEQ,948861926917724,24,1400,162167,3
DEQ,948861926965592,24,1400,207868,4
DEQ,948861926997955,24,1400,156844,3
DEQ,948861927066703,24,1400,223463,4
DEQ,948861927112903,24,1400,192746,3
DEQ,948861927147251,24,1400,225026,4
DEQ,948861927210978,24,1400,208992,3
DEQ,948861927251593,24,1400,247484,4
DEQ,948861927298672,24,1400,183285,3
DEQ,948861927331519,24,1400,213993,4
DEQ,948861927371235,24,1400,157787,3
DEQ,948861927411199,24,1400,195654,4
DEQ,948861927451879,24,1400,150720,3
DEQ,948861927494958,24,1400,191664,4
DEQ,948861927531504,24,1400,157712,3
DEQ,948861927575848,24,1400,199909,4
DEQ,948861927663031,24,1400,208646,3
DEQ,948861927666469,24,1400,209932,2
DEQ,948861927688875,24,1400,154820,3
DEQ,948861927779750,24,1400,243629,4
DEQ,948861927783134,24,1400,110803,3
DEQ,948861927811311,24,1400,128410,4
DEQ,948861927909574,24,1400,217905,3
DEQ,948861927913759,24,1400,219921,2
DEQ,948861928008932,24,1400,220063,3
DEQ,948861928012040,24,1400,218692,2
DEQ,948861928041946,24,1400,122749,3
DEQ,948861928155088,24,1400,231451,4
DEQ,948861928157816,24,1400,139927,3
DEQ,948861928158313,24,1400,135956,2
DEQ,948861928246292,24,1400,201979,3
DEQ,948861928248990,24,1400,202423,2
DEQ,948861928338049,24,1400,174586,3
DEQ,948861928340803,24,1400,169706,2
DEQ,948861928369737,24,1400,116051,3
DEQ,948861928450015,24,1400,192319,4
DEQ,948861928452713,24,1400,107032,3
DEQ,948861928477707,24,1400,123645,4
DEQ,948861928556892,24,1400,184896,3
DEQ,948861928582443,24,1400,208096,4
DEQ,948861928667127,24,1400,209335,3
DEQ,948861928670004,24,1400,207994,2
DEQ,948861928750674,24,1400,186796,3
DEQ,948861928754244,24,1400,176359,2
DEQ,948861928831155,24,1400,156289,3
DEQ,948861928833948,24,1400,155107,2
DEQ,948861928925312,24,1400,166046,3
DEQ,948861928954257,24,1400,190984,4
DEQ,948861929031869,24,1400,193022,3
DEQ,948861929034624,24,1400,191629,2
DEQ,948861929051638,24,1400,106718,3
DEQ,948861929129636,24,1400,181766,4
DEQ,948861929132392,24,1400,89601,3
DEQ,948861929209265,24,1400,162611,4
DEQ,948861929211995,24,1400,158635,3
DEQ,948861929286155,24,1400,230732,4
DEQ,948861929364860,24,1400,227673,3
DEQ,948861929384033,24,1400,242723,4
DEQ,948861929495251,24,1400,278484,3
DEQ,948861929498103,24,1400,277264,2
DEQ,948861929573276,24,1400,201449,3
DEQ,948861929576081,24,1400,196744,2
DEQ,948861929660720,24,1400,157755,3
DEQ,948861929663507,24,1400,156471,2
DEQ,948861929744050,24,1400,163041,3
DEQ,948861929746897,24,1400,157653,2
DEQ,948861929848313,24,1400,179861,3
DEQ,948861929851051,24,1400,178674,2
DEQ,948861929880061,24,1400,128220,3
DEQ,948861929963320,24,1400,207577,4
DEQ,948861929966103,24,1400,110313,3
DEQ,948861929992763,24,1400,128427,4
DEQ,948861930051046,24,1400,168514,3
DEQ,948861930080542,24,1400,195808,4
DEQ,948861930125857,24,1400,154435,3
DEQ,948861930172888,24,1400,191563,4
DEQ,948861930205696,24,1400,143633,3
DEQ,948861930245623,24,1400,179443,4
DEQ,948861930288794,24,1400,160443,3
DEQ,948861930331030,24,1400,200635,4
DEQ,948861930369019,24,1400,161295,3
DEQ,948861930405219,24,1400,195475,4
DEQ,948861930445928,24,1400,155140,3
DEQ,948861930494062,24,1400,201272,4
DEQ,948861930529658,24,1400,158505,3
DEQ,948861930571105,24,1400,197966,4
DEQ,948861930605668,24,1400,157647,3
DEQ,948861930673933,24,1400,223936,4
DEQ,948861930720038,24,1400,188356,3
DEQ,948861930754681,24,1400,221040,4
DEQ,948861930815853,24,1400,208082,3
DEQ,948861930862041,24,1400,252319,4
DEQ,948861930896184,24,1400,174039,3
DEQ,948861930962812,24,1400,238580,4
DEQ,948861931004915,24,1400,187044,3
STATS,948862031235564,5,7000,13088,13083,0,0,0
DEQ,948862130317545,24,1400,199497678,4
DEQ,948862130322976,24,1400,199424691,3
DEQ,948862130323984,24,1400,199423660,2
DEQ,948862130349355,24,1400,199339247,3
DEQ,948862130430312,24,1400,199417808,4
DEQ,948862130431256,24,1400,93187,3
DEQ,948862130452321,24,1400,109196,4
DEQ,948862130569329,24,1400,217976,3
DEQ,948862130572476,24,1400,218854,2
DEQ,948862130590269,24,1400,153869,3
DEQ,948862130668253,24,1400,228213,4
DEQ,948862130671065,24,1400,89319,3
DEQ,948862130747646,24,1400,161902,4
DEQ,948862130754820,24,1400,163075,3
DEQ,948862130890421,24,1400,296534,4
DEQ,948862130901090,24,1400,225092,3
DEQ,948862130903182,24,1400,223097,2
DEQ,948862130997675,24,1400,237655,3
DEQ,948862131000485,24,1400,236512,2
DEQ,948862131018426,24,1400,107490,3
DEQ,948862131097138,24,1400,183327,4
DEQ,948862131099852,24,1400,93936,3
DEQ,948862131178747,24,1400,164758,4
DEQ,948862131181450,24,1400,161611,3
DEQ,948862131261424,24,1400,239469,4
DEQ,948862131264145,24,1400,159456,3
DEQ,948862131349800,24,1400,235686,4
DEQ,948862131352680,24,1400,166530,3
DEQ,948862131439785,24,1400,249603,4
DEQ,948862131442639,24,1400,173672,3
DEQ,948862131531955,24,1400,252918,4
DEQ,948862131534808,24,1400,177239,3
DEQ,948862131617929,24,1400,251901,4
DEQ,948862131682818,24,1400,235418,3
DEQ,948862131685638,24,1400,228619,2
DEQ,948862131770284,24,1400,230582,3
DEQ,948862131773119,24,1400,225061,2
DEQ,948862131859989,24,1400,169137,3
DEQ,948862131862814,24,1400,160717,2
DEQ,948862131942104,24,1400,164236,3
DEQ,948862131969833,24,1400,179759,4
DEQ,948862132043254,24,1400,175502,3
DEQ,948862132062729,24,1400,185727,4
DEQ,948862132137667,24,1400,188529,3
DEQ,948862132157507,24,1400,204320,4
DEQ,948862132317193,24,1400,263721,3
DEQ,948862132320199,24,1400,262677,2
DEQ,948862132347369,24,1400,202388,3
DEQ,948862132446361,24,1400,297067,4
DEQ,948862132530645,24,1400,205118,3
DEQ,948862132549788,24,1400,220097,4
DEQ,948862132664015,24,1400,314459,3
DEQ,948862132746294,24,1400,394482,4
DEQ,948862132749115,24,1400,211661,3
DEQ,948862132765668,24,1400,224149,4
DEQ,948862132840813,24,1400,169809,3
DEQ,948862132843636,24,1400,168761,2
DEQ,948862132939816,24,1400,185707,3
DEQ,948862132942377,24,1400,181341,2
DEQ,948862132943800,24,1400,95165,1
DEQ,948862133039583,24,1400,187085,4
DEQ,948862133042325,24,1400,94511,3
DEQ,948862133059390,24,1400,107569,4
DEQ,948862133128879,24,1400,171828,3
DEQ,948862133131791,24,1400,172792,2
DEQ,948862133208741,24,1400,157857,3
DEQ,948862133211554,24,1400,156614,2
DEQ,948862133299773,24,1400,163223,3
DEQ,948862133302451,24,1400,161845,2
DEQ,948862133328335,24,1400,111557,3
DEQ,948862133405532,24,1400,184710,4
DEQ,948862133420841,24,1400,113458,3
DEQ,948862133539030,24,1400,227623,4
DEQ,948862133606428,24,1400,275799,3
DEQ,948862133609237,24,1400,276489,2
DEQ,948862133638857,24,1400,212726,3
DEQ,948862133715518,24,1400,285249,4
DEQ,948862133718338,24,1400,104076,3
DEQ,948862133796380,24,1400,173848,4
DEQ,948862133799207,24,1400,156963,3
DEQ,948862133873137,24,1400,228628,4
DEQ,948862133875962,24,1400,152803,3
DEQ,948862133947774,24,1400,220538,4
DEQ,948862133950630,24,1400,146585,3
DEQ,948862134034836,24,1400,226790,4
DEQ,948862134037641,24,1400,156856,3
DEQ,948862134117321,24,1400,232509,4
DEQ,948862134120903,24,1400,165306,3
DEQ,948862134195610,24,1400,229201,4
DEQ,948862134198394,24,1400,155827,3
DEQ,948862134274740,24,1400,228222,4
DEQ,948862134277952,24,1400,152046,3
DEQ,948862134352305,24,1400,222385,4
DEQ,948862134355077,24,1400,151843,3
DEQ,948862134428179,24,1400,221040,4
DEQ,948862134431014,24,1400,148006,3
DEQ,948862134508146,24,1400,221127,4
DEQ,948862134510970,24,1400,151063,3
DEQ,948862134535626,24,1400,171761,4
DEQ,948862134615206,24,1400,179256,3
DEQ,948862134618047,24,1400,178097,2
DEQ,948862134705328,24,1400,189300,3
DEQ,948862134708211,24,1400,177111,2
DEQ,948862134724835,24,1400,101772,3
DEQ,948862134808958,24,1400,181821,4
DEQ,948862134811666,24,1400,98661,3
DEQ,948862134828701,24,1400,111710,4
DEQ,948862134907035,24,1400,179761,3
DEQ,948862134909733,24,1400,180424,2
DEQ,948862134926380,24,1400,106173,3
DEQ,948862135002360,24,1400,177976,4
DEQ,948862135005390,24,1400,87314,3
DEQ,948862135082335,24,1400,160268,4
DEQ,948862135085017,24,1400,157177,3
DEQ,948862135168342,24,1400,238507,4
DEQ,948862135171125,24,1400,160901,3
DEQ,948862135252692,24,1400,238486,4
DEQ,948862135256241,24,1400,166368,3
DEQ,948862135334726,24,1400,240913,4
DEQ,948862135337523,24,1400,161504,3
DEQ,948862135418230,24,1400,238149,4
DEQ,948862135421063,24,1400,159830,3
DEQ,948862135502656,24,1400,237459,4
DEQ,948862135506223,24,1400,163681,3
DEQ,948862135588970,24,1400,242370,4
DEQ,948862135591764,24,1400,165767,3
DEQ,948862135668217,24,1400,238346,4
DEQ,948862135671083,24,1400,159831,3
DEQ,948862135752687,24,1400,237422,4
DEQ,948862135756257,24,1400,159489,3
DEQ,948862135837080,24,1400,236355,4
DEQ,948862135839889,24,1400,163948,3
DEQ,948862135924116,24,1400,244227,4
DEQ,948862135926952,24,1400,165697,3
DEQ,948862335271869,24,1400,199506571,4
DEQ,948862335275697,24,1400,199430937,3
DEQ,948862335276391,24,1400,199427609,2
DEQ,948862335363466,24,1400,199431651,3
DEQ,948862335366376,24,1400,199426272,2
DEQ,948862335391780,24,1400,105333,3
DEQ,948862335477272,24,1400,186064,4
DEQ,948862335480277,24,1400,108662,3
DEQ,948862335500704,24,1400,113801,4
DEQ,948862335586627,24,1400,192118,3
DEQ,948862335589281,24,1400,192674,2
DEQ,948862335590936,24,1400,105637,1
DEQ,948862335684598,24,1400,191362,4
DEQ,948862335687412,24,1400,91710,3
DEQ,948862335763047,24,1400,163263,4
DEQ,948862335766580,24,1400,162021,3
DEQ,948862335841812,24,1400,235179,4
DEQ,948862335844656,24,1400,152373,3
DEQ,948862335927149,24,1400,230898,4
DEQ,948862335929989,24,1400,158296,3
DEQ,948862336011084,24,1400,235434,4
DEQ,948862336013841,24,1400,164263,3
DEQ,948862336036074,24,1400,177812,4
DEQ,948862336113001,24,1400,178161,3
DEQ,948862336115714,24,1400,176923,2
DEQ,948862336191312,24,1400,172616,3
DEQ,948862336194075,24,1400,163140,2
DEQ,948862336217596,24,1400,97177,3
DEQ,948862336292557,24,1400,168266,4
DEQ,948862336303235,24,1400,104337,3
DEQ,948862336394424,24,1400,181302,4
DEQ,948862336404325,24,1400,185175,3
DEQ,948862336497156,24,1400,276310,4
DEQ,948862336564815,24,1400,257921,3
DEQ,948862336605123,24,1400,294191,4
DEQ,948862336645054,24,1400,237100,3
DEQ,948862336710957,24,1400,298918,4
DEQ,948862336751163,24,1400,183991,3
DEQ,948862336798615,24,1400,229468,4
DEQ,948862336830993,24,1400,183861,3
DEQ,948862336872596,24,1400,223474,2
DEQ,948862336911032,24,1400,157822,3
DEQ,948862336951140,24,1400,195906,4
DEQ,948862336994448,24,1400,119185,3
DEQ,948862337031474,24,1400,154078,4
DEQ,948862337091395,24,1400,178300,3
DEQ,948862337131352,24,1400,216535,4
DEQ,948862337173581,24,1400,177121,3
DEQ,948862337211039,24,1400,212525,4
DEQ,948862337212298,24,1400,118842,3
DEQ,948862337251175,24,1400,155659,4
DEQ,948862337301682,24,1400,126168,3
DEQ,948862337341179,24,1400,163685,4
DEQ,948862337400555,24,1400,186774,3
DEQ,948862337448219,24,1400,232401,4
DEQ,948862337487801,24,1400,183977,3
DEQ,948862337552600,24,1400,246751,4
DEQ,948862337599556,24,1400,195675,3
DEQ,948862337633088,24,1400,226837,4
DEQ,948862337678486,24,1400,188533,3
DEQ,948862337720449,24,1400,228560,4
DEQ,948862337753069,24,1400,151387,3
DEQ,948862337792958,24,1400,189269,4
DEQ,948862337840390,24,1400,159910,3
DEQ,948862337872842,24,1400,190415,4
DEQ,948862337916525,24,1400,161325,3
DEQ,948862337955879,24,1400,198685,4
DEQ,948862338001404,24,1400,158946,3
DEQ,948862338047458,24,1400,202951,4
DEQ,948862338080545,24,1400,161998,3
DEQ,948862338120580,24,1400,199963,4
DEQ,948862338164476,24,1400,161084,3
DEQ,948862338206762,24,1400,201367,4
DEQ,948862338243928,24,1400,161216,3
DEQ,948862338280466,24,1400,195803,4
DEQ,948862338321541,24,1400,154893,3
DEQ,948862338362106,24,1400,193496,4
DEQ,948862338402071,24,1400,155938,3
DEQ,948862338456469,24,1400,208222,4
DEQ,948862338501177,24,1400,177497,3
DEQ,948862338551511,24,1400,225800,4
DEQ,948862338590880,24,1400,186776,3
DEQ,948862338639813,24,1400,233672,4
DEQ,948862338679609,24,1400,176278,3
DEQ,948862338719548,24,1400,214283,4
DEQ,948862338759401,24,1400,166313,3
DEQ,948862338799857,24,1400,204846,4
DEQ,948862338840267,24,1400,158597,3
DEQ,948862338882258,24,1400,198659,4
DEQ,948862338919461,24,1400,157907,3
DEQ,948862338965267,24,1400,201675,4
DEQ,948862338999500,24,1400,148085,3
DEQ,948862339039901,24,1400,186425,4
DEQ,948862339079808,24,1400,158269,3
DEQ,948862339119866,24,1400,196427,4
DEQ,948862339159814,24,1400,157007,3
DEQ,948862339206181,24,1400,201478,4
DEQ,948862339239723,24,1400,157837,3
DEQ,948862339287276,24,1400,203442,4
DEQ,948862339319622,24,1400,157754,3
DEQ,948862339359588,24,1400,195746,4
DEQ,948862339399660,24,1400,157757,3
DEQ,948862339439273,24,1400,195286,4
DEQ,948862339479562,24,1400,157839,3
DEQ,948862339519484,24,1400,195751,4
DEQ,948862339560399,24,1400,158688,3
DEQ,948862339599655,24,1400,195993,4
DEQ,948862339639609,24,1400,157888,3
DEQ,948862339679465,24,1400,195824,4
DEQ,948862339720389,24,1400,157849,3
DEQ,948862339759737,24,1400,195235,4
DEQ,948862339825225,24,1400,183652,3
DEQ,948862339865739,24,1400,222222,4
DEQ,948862339916019,24,1400,193550,3
DEQ,948862339955415,24,1400,230980,4
DEQ,948862340001977,24,1400,174621,3
DEQ,948862340075155,24,1400,245848,4
DEQ,948862340115952,24,1400,197817,3
DEQ,948862340165207,24,1400,245073,4
DEQ,948862340204372,24,1400,200389,3
DEQ,948862340250561,24,1400,244638,4
DEQ,948862340290164,24,1400,172060,3
DEQ,948862340330337,24,1400,210159,4
DEQ,948862340370382,24,1400,163865,3
DEQ,948862340417121,24,1400,208668,4
DEQ,948862340462936,24,1400,170585,3
DEQ,948862340497423,24,1400,203127,4
DEQ,948862340564993,24,1400,192558,3
DEQ,948862340605340,24,1400,230933,4
DEQ,948862540340773,24,1400,199875727,3
DEQ,948862540344017,24,1400,199877022,2
DEQ,948862540344728,24,1400,199777630,1
DEQ,948862540369870,24,1400,199800776,4
DEQ,948862540446362,24,1400,92084,3
DEQ,948862540447327,24,1400,88949,2
DEQ,948862540474087,24,1400,110654,3
DEQ,948862540551871,24,1400,186197,4
DEQ,948862540562694,24,1400,109778,3
DEQ,948862540650416,24,1400,193038,4
DEQ,948862540653328,24,1400,174892,3
DEQ,948862540736014,24,1400,255388,4
DEQ,948862540743013,24,1400,176400,3
DEQ,948862540873582,24,1400,302817,4
DEQ,948862540876590,24,1400,218277,3
DEQ,948862540894238,24,1400,231899,4
DEQ,948862540982853,24,1400,235616,3
DEQ,948862540985765,24,1400,234699,2
DEQ,948862541070904,24,1400,188690,3
DEQ,948862541096190,24,1400,206279,4
DEQ,948862541183630,24,1400,192495,3
DEQ,948862541186888,24,1400,185440,2
DEQ,948862541268583,24,1400,190566,3
DEQ,948862541271405,24,1400,180426,2
DEQ,948862541293401,24,1400,101330,3
DEQ,948862541372651,24,1400,172290,4
DEQ,948862541375656,24,1400,99323,3
DEQ,948862541392327,24,1400,103444,4
DEQ,948862541472662,24,1400,176970,3
DEQ,948862541475518,24,1400,177778,2
DEQ,948862541476007,24,1400,95435,1
DEQ,948862541572462,24,1400,184620,4
DEQ,948862541575263,24,1400,94415,3
DEQ,948862541591825,24,1400,102439,4
DEQ,948862541710294,24,1400,216061,3
DEQ,948862541713095,24,1400,216740,2
DEQ,948862541800673,24,1400,220487,3
DEQ,948862541803569,24,1400,219402,2
DEQ,948862541886439,24,1400,168462,3
DEQ,948862541965304,24,1400,234970,4
DEQ,948862541968203,24,1400,159763,3
DEQ,948862542050073,24,1400,232694,4
DEQ,948862542056451,24,1400,163087,3
DEQ,948862542082816,24,1400,185572,4
DEQ,948862542163969,24,1400,190826,3
DEQ,948862542183206,24,1400,199835,4
DEQ,948862542311858,24,1400,241762,3
DEQ,948862542330569,24,1400,257750,4
DEQ,948862542436094,24,1400,261739,3
DEQ,948862542438886,24,1400,260676,2
DEQ,948862542517164,24,1400,198454,3
DEQ,948862542519937,24,1400,193772,2
DEQ,948862542594328,24,1400,150634,3
DEQ,948862542597144,24,1400,149418,2
DEQ,948862542682698,24,1400,157858,3
DEQ,948862542685565,24,1400,156738,2
DEQ,948862542765210,24,1400,163242,3
DEQ,948862542767981,24,1400,156737,2
DEQ,948862542843510,24,1400,153059,3
DEQ,948862542846335,24,1400,144163,2
DEQ,948862542929386,24,1400,156501,3
DEQ,948862542932154,24,1400,155421,2
DEQ,948862543016214,24,1400,165042,3
DEQ,948862543018998,24,1400,158831,2
DEQ,948862543102794,24,1400,165824,3
DEQ,948862543105551,24,1400,164727,2
DEQ,948862543180769,24,1400,156973,3
DEQ,948862543183440,24,1400,155537,2
DEQ,948862543269864,24,1400,159480,3
DEQ,948862543272552,24,1400,158268,2
DEQ,948862543356993,24,1400,168723,3
DEQ,948862543359715,24,1400,160610,2
DEQ,948862543446011,24,1400,168580,3
DEQ,948862543448883,24,1400,159820,2
DEQ,948862543524905,24,1400,160452,3
DEQ,948862543527769,24,1400,151745,2
DEQ,948862543601145,24,1400,147428,3
DEQ,948862543603944,24,1400,146334,2
DEQ,948862543678600,24,1400,145908,3
DEQ,948862543681440,24,1400,144690,2
DEQ,948862543754528,24,1400,145755,3
DEQ,948862543757354,24,1400,144740,2
DEQ,948862543782203,24,1400,95930,3
DEQ,948862543867352,24,1400,177074,4
DEQ,948862543875378,24,1400,113071,3
DEQ,948862543955712,24,1400,189505,4
DEQ,948862543958531,24,1400,173052,3
DEQ,948862544042984,24,1400,255244,4
DEQ,948862544045837,24,1400,166052,3
DEQ,948862544128494,24,1400,244642,4
DEQ,948862544131951,24,1400,168513,3
DEQ,948862544207805,24,1400,240484,4
DEQ,948862544210413,24,1400,159831,3
DEQ,948862544293014,24,1400,238484,4
DEQ,948862544295714,24,1400,159527,3
DEQ,948862544377439,24,1400,237191,4
DEQ,948862544380187,24,1400,164961,3
DEQ,948862544461972,24,1400,242809,4
DEQ,948862544464796,24,1400,164300,3
DEQ,948862544541904,24,1400,237302,4
DEQ,948862544544706,24,1400,159596,3
DEQ,948862544626006,24,1400,236879,4
DEQ,948862544629611,24,1400,159886,3
DEQ,948862544705747,24,1400,231957,4
DEQ,948862544708565,24,1400,159103,3
DEQ,948862544781835,24,1400,228453,4
DEQ,948862544796484,24,1400,161535,3
DEQ,948862544916823,24,1400,277830,4
DEQ,948862544981090,24,1400,267555,3
DEQ,948862544983924,24,1400,266528,2
DEQ,948862545076011,24,1400,274326,3
DEQ,948862545078698,24,1400,272859,2
DEQ,948862545095615,24,1400,106759,3
DEQ,948862545232722,24,1400,239768,4
DEQ,948862545235434,24,1400,151953,3
DEQ,948862545313853,24,1400,222870,4
DEQ,948862545324617,24,1400,227523,3
DEQ,948862545406378,24,1400,307188,4
DEQ,948862545409237,24,1400,168981,3
DEQ,948862545425923,24,1400,176281,4
DEQ,948862545499123,24,1400,170817,3
DEQ,948862740318825,24,1400,194986702,5
DEQ,948862740321796,24,1400,194904188,4
DEQ,948862740322435,24,1400,194900780,3
DEQ,948862740341363,24,1400,194835235,4
DEQ,948862740422924,24,1400,194907241,5
DEQ,948862740423802,24,84,10728664,4
DEQ,948862740516556,24,1400,187824,3
DEQ,948862740519771,24,1400,183298,2
DEQ,948862740520459,24,1400,177484,1
DEQ,948862740545037,24,1400,199922,4
DEQ,948862740665830,24,1400,139685,3
DEQ,948862740747170,24,1400,216402,4
DEQ,948862740749991,24,1400,214369,3
DEQ,948862740766714,24,1400,229060,4
DEQ,948862740848257,24,1400,175503,3
DEQ,948862740850921,24,1400,174069,2
DEQ,948862740852361,24,1400,97289,1
DEQ,948862740943502,24,1400,181095,4
DEQ,948862740946176,24,1400,88977,3
DEQ,948862740947690,24,1400,82390,2
DEQ,948862741031076,24,1400,160362,3
DEQ,948862741033784,24,1400,160923,2
DEQ,948862741050593,24,1400,98068,3
DEQ,948862741120686,24,1400,164219,4
DEQ,948862741127711,24,1400,85684,3
DEQ,948862741205279,24,1400,159386,4
DEQ,948862741208003,24,1400,155967,3
DEQ,948862741297408,24,1400,243194,4
DEQ,948862741300422,24,1400,167932,3
DEQ,948862741323829,24,1400,187261,4
DEQ,948862741418114,24,1400,205450,3
DEQ,948862741421160,24,1400,204324,2
DEQ,948862741505536,24,1400,199870,3
DEQ,948862741512082,24,1400,199306,2
DEQ,948862741514506,24,1400,88184,1
DEQ,948862741626313,24,1400,195766,4
DEQ,948862741629728,24,1400,110120,3
DEQ,948862741710984,24,1400,187318,4
DEQ,948862741713842,24,1400,184745,3
DEQ,948862741785989,24,1400,254691,4
DEQ,948862741788809,24,1400,153790,3
DEQ,948862741868420,24,1400,229382,4
DEQ,948862741871273,24,1400,152598,3
DEQ,948862741952625,24,1400,230092,4
DEQ,948862741955446,24,1400,161750,3
DEQ,948862742038896,24,1400,241187,4
DEQ,948862742041569,24,1400,165346,3
DEQ,948862742057550,24,1400,177294,4
DEQ,948862742145826,24,1400,185497,3
DEQ,948862742148274,24,1400,184110,2
DEQ,948862742149743,24,1400,100049,1
DEQ,948862742259265,24,1400,205636,4
DEQ,948862742261995,24,1400,108286,3
DEQ,948862742285954,24,1400,128377,4
DEQ,948862742365138,24,1400,203288,3
DEQ,948862742367972,24,1400,204071,2
DEQ,948862742452992,24,1400,185826,3
DEQ,948862742455793,24,1400,174218,2
DEQ,948862742472445,24,1400,99663,3
DEQ,948862742549979,24,1400,173291,4
DEQ,948862742617485,24,1400,156927,3
DEQ,948862742692052,24,1400,227478,4
DEQ,948862742695240,24,1400,220394,3
DEQ,948862742779636,24,1400,302745,4
DEQ,948862742855359,24,1400,230963,3
DEQ,948862742865561,24,1400,237237,2
DEQ,948862742905372,24,1400,205275,3
DEQ,948862742992531,24,1400,283524,4
DEQ,948862742995266,24,1400,118258,3
DEQ,948862743070406,24,1400,183457,4
DEQ,948862743073172,24,1400,164068,3
DEQ,948862743154520,24,1400,243024,4
DEQ,948862743157260,24,1400,157165,3
DEQ,948862743173542,24,1400,169514,4
DEQ,948862743251988,24,1400,173950,3
DEQ,948862743254647,24,1400,172792,2
DEQ,948862743336801,24,1400,171202,3
DEQ,948862743339687,24,1400,170377,2
DEQ,948862743369695,24,1400,110274,3
DEQ,948862743445818,24,1400,182552,4
DEQ,948862743448674,24,1400,104112,3
DEQ,948862743529525,24,1400,174666,4
DEQ,948862743532400,24,1400,159385,3
DEQ,948862743549206,24,1400,173741,4
DEQ,948862743631794,24,1400,178394,3
DEQ,948862743634577,24,1400,177253,2
DEQ,948862743657084,24,1400,116216,3
DEQ,948862743742279,24,1400,197749,4
DEQ,948862743750188,24,1400,110726,3
DEQ,948862743851798,24,1400,205466,4
DEQ,948862743854534,24,1400,194875,3
DEQ,948862743931694,24,1400,270137,4
DEQ,948862743946324,24,1400,191621,3
DEQ,948862744049900,24,1400,291211,4
DEQ,948862744052450,24,1400,193022,3
DEQ,948862744053858,24,1400,186056,2
DEQ,948862744132495,24,1400,181969,3
DEQ,948862744150588,24,1400,195997,4
DEQ,948862744241848,24,1400,184090,3
DEQ,948862744244745,24,1400,183157,2
DEQ,948862744320953,24,1400,181744,3
DEQ,948862744323829,24,1400,180730,2
DEQ,948862744430959,24,1400,181380,3
DEQ,948862744433691,24,1400,180212,2
DEQ,948862744513406,24,1400,184638,3
DEQ,948862744516171,24,1400,175461,2
DEQ,948862744538805,24,1400,100326,3
DEQ,948862744617953,24,1400,175569,4
DEQ,948862744625786,24,1400,104860,3
DEQ,948862744709258,24,1400,174949,4
DEQ,948862744712277,24,1400,171968,3
DEQ,948862744793566,24,1400,251216,4
DEQ,948862744796405,24,1400,166169,3
DEQ,948862744876890,24,1400,242705,4
DEQ,948862744880436,24,1400,163223,3
DEQ,948862744955861,24,1400,234783,4
DEQ,948862744958676,24,1400,157464,3
DEQ,948862745033703,24,1400,228601,4
DEQ,948862745044446,24,1400,158929,3
DEQ,948862745185700,24,1400,296343,4
DEQ,948862745278537,24,1400,315002,3
DEQ,948862745281447,24,1400,313910,2
DEQ,948862940317946,24,1400,195269783,3
DEQ,948862940321503,24,1400,195269358,2
DEQ,948862940322188,24,1400,195035919,1
DEQ,948862940348234,24,1400,195058175,4
DEQ,948862940432159,24,1400,102896,3
DEQ,948862940450967,24,1400,114146,4
DEQ,948862940570754,24,1400,228083,3
DEQ,948862940573767,24,1400,229021,2
DEQ,948862940669421,24,1400,231491,3
DEQ,948862940672418,24,1400,230081,2
DEQ,948862940690045,24,1400,110776,3
DEQ,948862940775395,24,1400,191709,4
DEQ,948862940778420,24,1400,100759,3
DEQ,948862940869477,24,1400,187766,4
DEQ,948862940881575,24,1400,189922,3
DEQ,948862940974021,24,1400,280612,4
DEQ,948862940976784,24,1400,193065,3
DEQ,948862940998290,24,1400,209963,4
DEQ,948862941075850,24,1400,183282,3
DEQ,948862941078688,24,1400,183409,2
DEQ,948862941159963,24,1400,178272,3
DEQ,948862941163162,24,1400,169287,2
DEQ,948862941243900,24,1400,160300,3
DEQ,948862941247401,24,1400,159897,2
DEQ,948862941324759,24,1400,156689,3
DEQ,948862941327620,24,1400,155584,2
DEQ,948862941413324,24,1400,161879,3
DEQ,948862941491369,24,1400,236071,4
DEQ,948862941494284,24,1400,161767,3
DEQ,948862941511074,24,1400,168863,4
DEQ,948862941622173,24,1400,201752,3
DEQ,948862941624876,24,1400,200549,2
DEQ,948862941625351,24,1400,126191,1
DEQ,948862941647734,24,1400,144597,4
DEQ,948862941718978,24,1400,88645,3
DEQ,948862941721831,24,1400,84449,2
DEQ,948862941743230,24,1400,100764,3
DEQ,948862941874222,24,1400,229717,4
DEQ,948862941876937,24,1400,150214,3
DEQ,948862941893982,24,1400,158707,4
DEQ,948862942014719,24,1400,269822,3
DEQ,948862942017432,24,1400,270588,2
DEQ,948862942040353,24,1400,154875,3
DEQ,948862942127067,24,1400,237582,4
DEQ,948862942129812,24,1400,107505,3
DEQ,948862942146304,24,1400,110399,4
DEQ,948862942221109,24,1400,179061,3
DEQ,948862942223974,24,1400,180140,2
DEQ,948862942301014,24,1400,162992,3
DEQ,948862942303811,24,1400,161831,2
DEQ,948862942380741,24,1400,151859,3
DEQ,948862942383577,24,1400,146292,2
DEQ,948862942461187,24,1400,152430,3
DEQ,948862942464021,24,1400,145871,2
DEQ,948862942548290,24,1400,159879,3
DEQ,948862942551105,24,1400,158768,2
DEQ,948862942576437,24,1400,107566,3
DEQ,948862942653191,24,1400,175999,4
DEQ,948862942723937,24,1400,167901,3
DEQ,948862942755287,24,1400,183406,4
DEQ,948862942879840,24,1400,300621,3
DEQ,948862942882578,24,1400,301254,2
DEQ,948862942964163,24,1400,233229,3
DEQ,948862942967020,24,1400,226924,2
DEQ,948862943046616,24,1400,159089,3
DEQ,948862943049348,24,1400,157955,2
DEQ,948862943074035,24,1400,102310,3
DEQ,948862943154611,24,1400,170539,4
DEQ,948862943157472,24,1400,103373,3
DEQ,948862943173798,24,1400,115775,4
DEQ,948862943252064,24,1400,175626,3
DEQ,948862943254929,24,1400,176290,2
DEQ,948862943346014,24,1400,180194,3
DEQ,948862943348716,24,1400,179156,2
DEQ,948862943432135,24,1400,172260,3
DEQ,948862943451380,24,1400,187519,4
DEQ,948862943564892,24,1400,211255,3
DEQ,948862943567728,24,1400,205737,2
DEQ,948862943685013,24,1400,245924,3
DEQ,948862943687552,24,1400,244447,2
DEQ,948862943689141,24,1400,116483,1
DEQ,948862943769014,24,1400,185097,4
DEQ,948862943838800,24,1400,145715,3
DEQ,948862943841655,24,1400,144603,2
DEQ,948862943914854,24,1400,212644,3
DEQ,948862943917733,24,1400,213432,2
DEQ,948862943995644,24,1400,148770,3
DEQ,948862944073086,24,1400,222111,4
DEQ,948862944075935,24,1400,153041,3
DEQ,948862944161644,24,1400,229772,4
DEQ,948862944164372,24,1400,161691,3
DEQ,948862944189408,24,1400,182692,4
DEQ,948862944280919,24,1400,199899,3
DEQ,948862944283667,24,1400,198516,2
DEQ,948862944367523,24,1400,197924,3
DEQ,948862944371034,24,1400,186432,2
DEQ,948862944501474,24,1400,212993,3
DEQ,948862944504200,24,1400,211721,2
DEQ,948862944521424,24,1400,146274,3
DEQ,948862944604046,24,1400,224965,4
DEQ,948862944606771,24,1400,94150,3
DEQ,948862944687577,24,1400,171055,4
DEQ,948862944690448,24,1400,167353,3
DEQ,948862944715999,24,1400,190535,4
DEQ,948862944785516,24,1400,173363,3
DEQ,948862944804004,24,1400,187848,4
DEQ,948862944884509,24,1400,188996,3
DEQ,948862944887375,24,1400,175843,2
DEQ,948862944904209,24,1400,111747,3
DEQ,948862945005556,24,1400,209210,4
DEQ,948862945012784,24,1400,116898,3
DEQ,948862945099111,24,1400,199357,4
DEQ,948862945101845,24,1400,195196,3
DEQ,948862945196526,24,1400,287761,4
DEQ,948862945202801,24,1400,184717,3
DEQ,948862945237322,24,1400,215188,4
DEQ,948862945308292,24,1400,201333,3
DEQ,948862945311059,24,1400,195324,2
DEQ,948862945327992,24,1400,120170,3
DEQ,948862945422647,24,1400,210871,4
DEQ,948862945425364,24,1400,106022,3
DEQ,948862945503983,24,1400,180689,4
STATS,948863045783636,4,5600,13715,13711,0,0,0
DEQ,948863140289336,24,1400,194959659,3
DEQ,948863140292507,24,1400,194960837,2
DEQ,948863140293114,24,1400,194862728,1
DEQ,948863140324815,24,1400,194890461,4
DEQ,948863140424196,24,1400,125145,3
DEQ,948863140427122,24,1400,123742,2
DEQ,948863140427602,24,1400,119441,1
DEQ,948863140451528,24,1400,141244,4
DEQ,948863140543144,24,1400,110080,3
DEQ,948863140545878,24,1400,108826,2
DEQ,948863140633210,24,1400,191243,3
DEQ,948863140635979,24,1400,191909,2
DEQ,948863140660503,24,1400,109517,3
DEQ,948863140742994,24,1400,187871,4
DEQ,948863140830449,24,1400,189419,3
DEQ,948863140833198,24,1400,177333,2
DEQ,948863140849534,24,1400,187452,3
DEQ,948863140924563,24,1400,260826,4
DEQ,948863140939399,24,1400,101379,3
DEQ,948863141023222,24,1400,181162,4
DEQ,948863141026133,24,1400,174854,3
DEQ,948863141099315,24,1400,246047,4
DEQ,948863141161326,24,1400,217521,3
DEQ,948863141186511,24,1400,238737,4
DEQ,948863141260954,24,1400,229507,3
DEQ,948863141280434,24,1400,244970,4
DEQ,948863141428027,24,1400,259493,3
DEQ,948863141447537,24,1400,265568,4
DEQ,948863141585598,24,1400,317700,3
DEQ,948863141588342,24,1400,316393,2
DEQ,948863141661310,24,1400,226225,3
DEQ,948863141664050,24,1400,221372,2
DEQ,948863141749494,24,1400,156092,3
DEQ,948863141752264,24,1400,154811,2
DEQ,948863141836220,24,1400,167142,3
DEQ,948863141866357,24,1400,185260,4
DEQ,948863141946476,24,1400,189027,3
DEQ,948863141952877,24,1400,183798,2
DEQ,948863141955282,24,1400,112287,1
DEQ,948863142036300,24,1400,181255,4
DEQ,948863142039030,24,1400,78882,3
DEQ,948863142120585,24,1400,156456,4
DEQ,948863142123405,24,1400,154060,3
DEQ,948863142196446,24,1400,225019,4
DEQ,948863142199288,24,1400,155428,3
DEQ,948863142288256,24,1400,232310,4
DEQ,948863142380289,24,1400,251689,3
DEQ,948863142386532,24,1400,254041,2
DEQ,948863142388121,24,1400,183646,1
DEQ,948863142471480,24,1400,255567,4
DEQ,948863142474200,24,1400,82037,3
DEQ,948863142501439,24,1400,105359,4
DEQ,948863142588141,24,1400,186674,3
DEQ,948863142590889,24,1400,187339,2
DEQ,948863142674783,24,1400,195703,3
DEQ,948863142677666,24,1400,187761,2
DEQ,948863142701131,24,1400,105201,3
DEQ,948863142780513,24,1400,174549,4
DEQ,948863142795131,24,1400,112378,3
DEQ,948863142880010,24,1400,183508,4
DEQ,948863142991897,24,1400,288373,3
DEQ,948863142994746,24,1400,289245,2
DEQ,948863143085432,24,1400,284838,3
DEQ,948863143088151,24,1400,283405,2
DEQ,948863143164539,24,1400,164579,3
DEQ,948863143167260,24,1400,163373,2
DEQ,948863143249531,24,1400,156332,3
DEQ,948863143276298,24,1400,179183,4
DEQ,948863143361237,24,1400,188998,3
DEQ,948863143368371,24,1400,186560,2
DEQ,948863143505625,24,1400,249289,3
DEQ,948863143511874,24,1400,240264,2
DEQ,948863143513421,24,1400,140998,1
DEQ,948863143618076,24,1400,241678,4
DEQ,948863143621670,24,1400,104212,3
DEQ,948863143697948,24,1400,176637,4
DEQ,948863143700798,24,1400,174136,3
DEQ,948863143785683,24,1400,257054,4
DEQ,948863143788750,24,1400,162463,3
DEQ,948863143870446,24,1400,240209,4
DEQ,948863143873298,24,1400,167642,3
DEQ,948863143951353,24,1400,236593,4
DEQ,948863143954208,24,1400,160264,3
DEQ,948863144028658,24,1400,222995,4
DEQ,948863144031523,24,1400,152976,3
DEQ,948863144052835,24,1400,170341,4
DEQ,948863144153916,24,1400,194558,3
DEQ,948863144156644,24,1400,193443,2
DEQ,948863144173786,24,1400,137137,3
DEQ,948863144267755,24,1400,219495,4
DEQ,948863144270469,24,1400,109019,3
DEQ,948863144355338,24,1400,186440,4
DEQ,948863144358108,24,1400,182656,3
DEQ,948863144447876,24,1400,270370,4
DEQ,948863144450614,24,1400,174925,3
DEQ,948863144532640,24,1400,252971,4
DEQ,948863144543558,24,1400,180560,3
DEQ,948863144623862,24,1400,250199,4
DEQ,948863144696278,24,1400,240700,3
DEQ,948863144715465,24,1400,255901,4
DEQ,948863144832275,24,1400,283845,3
DEQ,948863144835124,24,1400,282665,2
DEQ,948863144920597,24,1400,217193,3
DEQ,948863144923355,24,1400,216013,2
DEQ,948863145004858,24,1400,164621,3
DEQ,948863145007586,24,1400,163436,2
DEQ,948863145085449,24,1400,157064,3
DEQ,948863145088185,24,1400,155888,2
DEQ,948863145117118,24,1400,104465,3
DEQ,948863145204012,24,1400,187435,4
DEQ,948863145206726,24,1400,113652,3
DEQ,948863145229396,24,1400,127840,4
DEQ,948863145299350,24,1400,179648,3
DEQ,948863145302237,24,1400,180412,2
DEQ,948863145385362,24,1400,173725,3
DEQ,948863145463955,24,1400,239154,4
DEQ,948863145466806,24,1400,159333,3
DEQ,948863145550615,24,1400,234104,4
DEQ,948863145553492,24,1400,161003,3
DEQ,948863145627849,24,1400,231461,4
DEQ,948863145630615,24,1400,158985,3
DEQ,948863145709650,24,1400,228152,4
DEQ,948863145777849,24,1400,219178,3
DEQ,948863145780702,24,1400,217994,2
DEQ,948863145866188,24,1400,230510,3
DEQ,948863145869035,24,1400,224606,2
DEQ,948863145890639,24,1400,104853,3
DEQ,948863145967311,24,1400,170925,4
DEQ,948863145970311,24,1400,96172,3
DEQ,948863146002334,24,1400,116221,4
DEQ,948863146087822,24,1400,194845,3
DEQ,948863345219907,24,1400,199324866,4
DEQ,948863345222733,24,1400,199247219,3
DEQ,948863345252936,24,1400,199265562,4
DEQ,948863345366266,24,1400,199271189,3
DEQ,948863345372519,24,1400,199268145,2
DEQ,948863345489926,24,1400,261614,3
DEQ,948863345492787,24,1400,256925,2
DEQ,948863345502294,24,1400,124778,1
DEQ,948863345539722,24,1400,158189,2
DEQ,948863345579754,24,1400,71702,3
DEQ,948863345681153,24,1400,169180,4
DEQ,948863345684315,24,1400,141265,3
DEQ,948863345719932,24,1400,174710,4
DEQ,948863345744666,24,1400,162217,3
DEQ,948863345827548,24,1400,242965,4
DEQ,948863345830226,24,1400,136158,3
DEQ,948863345865018,24,1400,163585,4
DEQ,948863345918533,24,1400,170384,3
DEQ,948863346014550,24,1400,264190,4
DEQ,948863346017853,24,1400,178188,3
DEQ,948863346044312,24,1400,192682,4
DEQ,948863346115901,24,1400,192912,3
DEQ,948863346189092,24,1400,263284,4
DEQ,948863346229605,24,1400,194416,3
DEQ,948863346269233,24,1400,229875,4
DEQ,948863346309203,24,1400,190752,3
DEQ,948863346349222,24,1400,228736,4
DEQ,948863346392953,24,1400,160464,3
DEQ,948863346435065,24,1400,199784,4
DEQ,948863346469723,24,1400,158465,3
DEQ,948863346526161,24,1400,212881,4
DEQ,948863346565367,24,1400,170361,3
DEQ,948863346605784,24,1400,208810,4
DEQ,948863346645507,24,1400,173155,3
DEQ,948863346685439,24,1400,211098,4
DEQ,948863346725580,24,1400,158011,3
DEQ,948863346767983,24,1400,198353,4
DEQ,948863346805884,24,1400,158209,3
DEQ,948863346847874,24,1400,198243,4
DEQ,948863346885787,24,1400,158207,3
DEQ,948863346926976,24,1400,197365,4
DEQ,948863346965786,24,1400,157798,3
DEQ,948863347006275,24,1400,196387,4
DEQ,948863347046973,24,1400,159096,3
DEQ,948863347085554,24,1400,195663,4
DEQ,948863347086766,24,1400,118793,3
DEQ,948863347151069,24,1400,181108,4
DEQ,948863347190956,24,1400,141866,3
DEQ,948863347238047,24,1400,187032,4
DEQ,948863347297812,24,1400,209755,3
DEQ,948863347337923,24,1400,247930,4
DEQ,948863347378274,24,1400,185149,3
DEQ,948863347443955,24,1400,248824,4
DEQ,948863347484289,24,1400,184394,3
DEQ,948863347524281,24,1400,222446,4
DEQ,948863347583872,24,1400,203422,3
DEQ,948863347625519,24,1400,243206,4
DEQ,948863347672762,24,1400,186307,3
DEQ,948863347705267,24,1400,216907,4
DEQ,948863347746705,24,1400,160806,3
DEQ,948863347785259,24,1400,197352,4
DEQ,948863347825063,24,1400,150163,3
DEQ,948863347868675,24,1400,191806,4
DEQ,948863347906017,24,1400,157180,3
DEQ,948863347957703,24,1400,206895,4
DEQ,948863348001305,24,1400,174130,3
DEQ,948863348050844,24,1400,221566,4
DEQ,948863348090219,24,1400,182062,3
DEQ,948863348146805,24,1400,236721,4
DEQ,948863348186977,24,1400,183488,3
DEQ,948863348226927,24,1400,221432,4
DEQ,948863348266866,24,1400,174598,3
DEQ,948863348307046,24,1400,212781,4
DEQ,948863348347213,24,1400,158326,3
DEQ,948863348398772,24,1400,207775,4
DEQ,948863348438746,24,1400,169864,3
DEQ,948863348486935,24,1400,216296,4
DEQ,948863348547641,24,1400,198353,3
DEQ,948863348587956,24,1400,236632,4
DEQ,948863348628079,24,1400,187265,3
DEQ,948863348692797,24,1400,249813,4
DEQ,948863348732987,24,1400,183178,3
DEQ,948863348773067,24,1400,221311,4
DEQ,948863348834770,24,1400,204635,3
DEQ,948863348875486,24,1400,243406,4
DEQ,948863348922584,24,1400,187474,3
DEQ,948863348955860,24,1400,218721,4
DEQ,948863348995501,24,1400,157432,3
DEQ,948863349035200,24,1400,195095,4
DEQ,948863349075838,24,1400,151062,3
DEQ,948863349118994,24,1400,192248,4
DEQ,948863349155541,24,1400,157920,3
DEQ,948863349197476,24,1400,197814,4
DEQ,948863349239824,24,1400,161885,3
DEQ,948863349275568,24,1400,195685,4
DEQ,948863349315562,24,1400,157890,3
DEQ,948863349360877,24,1400,201233,4
DEQ,948863349395376,24,1400,153415,3
DEQ,948863349435615,24,1400,191558,4
DEQ,948863349478879,24,1400,161019,3
DEQ,948863349515385,24,1400,195583,4
DEQ,948863349555523,24,1400,157972,3
DEQ,948863349595431,24,1400,195971,4
DEQ,948863349635147,24,1400,154039,3
DEQ,948863349675581,24,1400,192460,4
DEQ,948863349715529,24,1400,157846,3
DEQ,948863349755589,24,1400,195515,4
DEQ,948863349795565,24,1400,158409,3
DEQ,948863349839280,24,1400,200107,4
DEQ,948863349875194,24,1400,157457,3
DEQ,948863349918979,24,1400,199331,4
DEQ,948863545266989,24,1400,195469383,3
DEQ,948863545269937,24,1400,195470639,2
DEQ,948863545271997,24,1400,195394672,1
DEQ,948863545295434,24,1400,195416162,4
DEQ,948863545392347,24,1400,115737,3
DEQ,948863545393255,24,1400,112112,2
DEQ,948863545393801,24,1400,103408,1
DEQ,948863545423697,24,1400,131197,4
DEQ,948863545495180,24,1400,95601,3
DEQ,948863545497906,24,1400,84265,2
DEQ,948863545514540,24,1400,95957,3
DEQ,948863545597006,24,1400,176324,4
DEQ,948863545599704,24,1400,96953,3
DEQ,948863545626626,24,1400,116892,4
DEQ,948863545739043,24,1400,223080,3
DEQ,948863545742449,24,1400,223958,2
DEQ,948863545768767,24,1400,164197,3
DEQ,948863545845578,24,1400,230483,4
DEQ,948863545848855,24,1400,100444,3
DEQ,948863545946029,24,1400,182191,4
DEQ,948863545948751,24,1400,178504,3
DEQ,948863546029538,24,1400,257407,4
DEQ,948863546032647,24,1400,177920,3
DEQ,948863546049910,24,1400,187051,4
DEQ,948863546127006,24,1400,173548,3
DEQ,948863546129879,24,1400,172446,2
DEQ,948863546206969,24,1400,165814,3
DEQ,948863546209799,24,1400,164622,2
DEQ,948863546303650,24,1400,168701,3
DEQ,948863546306341,24,1400,167438,2
DEQ,948863546379873,24,1400,165275,3
DEQ,948863546399171,24,1400,180703,4
DEQ,948863546525320,24,1400,214112,3
DEQ,948863546531840,24,1400,216732,2
DEQ,948863546533287,24,1400,142870,1
DEQ,948863546572600,24,1400,178351,4
DEQ,948863546618988,24,1400,81791,3
DEQ,948863546665849,24,1400,124655,4
DEQ,948863546704950,24,1400,157948,3
DEQ,948863546749631,24,1400,200661,4
DEQ,948863546789769,24,1400,168655,3
DEQ,948863546829504,24,1400,206264,4
DEQ,948863546869404,24,1400,162554,3
DEQ,948863546909641,24,1400,200800,4
DEQ,948863546949179,24,1400,157380,3
DEQ,948863546989760,24,1400,195956,4
DEQ,948863547079160,24,1400,207589,3
DEQ,948863547081811,24,1400,208214,2
DEQ,948863547083290,24,1400,132013,1
DEQ,948863547164244,24,1400,210964,4
DEQ,948863547167075,24,1400,79639,3
DEQ,948863547245152,24,1400,153800,4
DEQ,948863547247985,24,1400,151319,3
DEQ,948863547324102,24,1400,225419,4
DEQ,948863547326965,24,1400,155042,3
DEQ,948863547411014,24,1400,230359,4
DEQ,948863547413841,24,1400,160886,3
DEQ,948863547495237,24,1400,238318,4
DEQ,948863547498040,24,1400,166214,3
DEQ,948863547577521,24,1400,236873,4
DEQ,948863547580329,24,1400,161578,3
DEQ,948863547663425,24,1400,232747,4
DEQ,948863547666266,24,1400,163088,3
DEQ,948863547683038,24,1400,175925,4
DEQ,948863547759464,24,1400,174176,3
DEQ,948863547762195,24,1400,173030,2
DEQ,948863547785759,24,1400,111188,3
DEQ,948863547882463,24,1400,203963,4
DEQ,948863547963452,24,1400,196400,3
DEQ,948863547990816,24,1400,209677,4
DEQ,948863548121566,24,1400,334365,3
DEQ,948863548124285,24,1400,335181,2
DEQ,948863548140963,24,1400,170642,3
DEQ,948863548268668,24,1400,286082,4
DEQ,948863548271374,24,1400,142347,3
DEQ,948863548288045,24,1400,151512,4
DEQ,948863548364327,24,1400,221891,3
DEQ,948863548383749,24,1400,239229,4
DEQ,948863548506834,24,1400,230710,3
DEQ,948863548515153,24,1400,231515,2
DEQ,948863548598398,24,1400,227144,3
DEQ,948863548646389,24,1400,267597,2
DEQ,948863548692735,24,1400,173033,3
DEQ,948863548772576,24,1400,248936,4
DEQ,948863548824503,24,1400,173026,3
DEQ,948863548958897,24,1400,304509,4
DEQ,948863549045950,24,1400,351189,3
DEQ,948863549096254,24,1400,397352,4
DEQ,948863549135014,24,1400,308897,3
DEQ,948863549174872,24,1400,346604,4
DEQ,948863549250076,24,1400,201437,3
DEQ,948863549324014,24,1400,273182,4
DEQ,948863549378097,24,1400,240605,3
DEQ,948863549413599,24,1400,274043,4
DEQ,948863549453539,24,1400,201492,3
DEQ,948863549499684,24,1400,245690,4
DEQ,948863745204705,24,1400,195824166,4
DEQ,948863745207539,24,1400,195824963,3
DEQ,948863745241706,24,1400,195785855,4
DEQ,948863745338696,24,1400,195880777,5
DEQ,948863745341338,24,84,14599902,4
DEQ,948863745341807,24,1400,128414,3
DEQ,948863745342264,24,1400,116717,2
DEQ,948863745447552,24,1400,203234,3
DEQ,948863745450401,24,1400,203821,2
DEQ,948863745530433,24,1400,182298,3
DEQ,948863745533170,24,1400,180974,2
DEQ,948863745623946,24,1400,168160,3
DEQ,948863745626680,24,1400,166506,2
DEQ,948863745714373,24,1400,176402,3
DEQ,948863745717125,24,1400,175295,2
DEQ,948863745802930,24,1400,171334,3
DEQ,948863745822855,24,1400,187282,4
DEQ,948863745942973,24,1400,221164,3
DEQ,948863745945926,24,1400,219338,2
DEQ,948863746036518,24,1400,226330,3
DEQ,948863746062393,24,1400,244583,4
DEQ,948863746134146,24,1400,183133,3
DEQ,948863746152958,24,1400,193606,4
DEQ,948863746283534,24,1400,239581,3
DEQ,948863746309192,24,1400,252156,4
DEQ,948863746390095,24,1400,248995,3
DEQ,948863746408552,24,1400,263526,4
DEQ,948863746527720,24,1400,236902,3
DEQ,948863746614161,24,1400,316318,4
DEQ,948863746616960,24,1400,220135,3
DEQ,948863746701007,24,1400,300181,4
DEQ,948863746703728,24,1400,169080,3
DEQ,948863746779425,24,1400,240738,4
DEQ,948863746782135,24,1400,160236,3
DEQ,948863746805837,24,1400,179908,4
DEQ,948863746883887,24,1400,175319,3
DEQ,948863746902849,24,1400,190291,4
DEQ,948863747030940,24,1400,243943,3
DEQ,948863747114097,24,1400,323078,4
DEQ,948863747116917,24,1400,226116,3
DEQ,948863747191821,24,1400,297023,4
DEQ,948863747194624,24,1400,156819,3
DEQ,948863747218313,24,1400,176417,4
DEQ,948863747288414,24,1400,166542,3
DEQ,948863747307104,24,1400,181064,4
DEQ,948863747407798,24,1400,208213,3
DEQ,948863747410525,24,1400,196674,2
DEQ,948863747411024,24,1400,115749,1
DEQ,948863747501827,24,1400,198969,4
DEQ,948863747505268,24,1400,89427,3
DEQ,948863747582649,24,1400,158672,4
DEQ,948863747585332,24,1400,156768,3
DEQ,948863747668413,24,1400,237914,4
DEQ,948863747671069,24,1400,161429,3
DEQ,948863747751025,24,1400,237375,4
DEQ,948863747753858,24,1400,163716,3
DEQ,948863747837843,24,1400,237885,4
DEQ,948863747840636,24,1400,164839,3
DEQ,948863747924867,24,1400,244977,4
DEQ,948863747927691,24,1400,169036,3
DEQ,948863748006924,24,1400,239036,4
DEQ,948863748009816,24,1400,164305,3
DEQ,948863748082473,24,1400,227658,4
DEQ,948863748085234,24,1400,152664,3
DEQ,948863748196860,24,1400,255011,4
DEQ,948863748199581,24,1400,184866,3
DEQ,948863748216667,24,1400,197719,4
DEQ,948863748352659,24,1400,262416,3
DEQ,948863748355364,24,1400,254620,2
DEQ,948863748435925,24,1400,231536,3
DEQ,948863748462080,24,1400,249965,4
DEQ,948863748562641,24,1400,202602,3
DEQ,948863748565363,24,1400,196699,2
DEQ,948863748588546,24,1400,145817,3
DEQ,948863748664229,24,1400,206740,4
DEQ,948863748678687,24,1400,108520,3
DEQ,948863748810233,24,1400,226015,4
DEQ,948863748812971,24,1400,222488,3
DEQ,948863748895614,24,1400,303233,4
DEQ,948863748898280,24,1400,215209,3
DEQ,948863748984665,24,1400,297452,4
DEQ,948863748987508,24,1400,169774,3
DEQ,948863749004585,24,1400,182814,4
DEQ,948863749087775,24,1400,184708,3
DEQ,948863749090398,24,1400,183493,2
DEQ,948863749091930,24,1400,99605,1
DEQ,948863749219643,24,1400,223278,4
DEQ,948863749222434,24,1400,125315,3
DEQ,948863749300992,24,1400,199795,4
DEQ,948863749303777,24,1400,197273,3
DEQ,948863749378946,24,1400,270427,4
DEQ,948863749381641,24,1400,154462,3
DEQ,948863749458889,24,1400,223165,4
DEQ,948863749461577,24,1400,153114,3
DEQ,948863749542383,24,1400,229906,4
DEQ,948863749545093,24,1400,158624,3
DEQ,948863749567061,24,1400,176597,4
DEQ,948863749645116,24,1400,178749,3
DEQ,948863749647819,24,1400,172292,2
DEQ,948863749745755,24,1400,195681,3
DEQ,948863749753033,24,1400,190853,2
DEQ,948863749838520,24,1400,185841,3
DEQ,948863749841330,24,1400,179802,2
DEQ,948863749922657,24,1400,164857,3
DEQ,948863749925732,24,1400,163994,2
DEQ,948863749949536,24,1400,103345,3
DEQ,948863750030863,24,1400,180686,4
DEQ,948863750045284,24,1400,114685,3
DEQ,948863750183217,24,1400,248797,4
DEQ,948863750263316,24,1400,310418,3
DEQ,948863750282786,24,1400,327653,4
DEQ,948863750428389,24,1400,378903,3
DEQ,948863750447092,24,1400,393459,4
DEQ,948863750582697,24,1400,312496,3
DEQ,948863750585442,24,1400,307599,2
DEQ,948863750663198,24,1400,228132,3
DEQ,948863750665881,24,1400,223527,2
DEQ,948863750682143,24,1400,91850,3
DEQ,948863750752557,24,1400,158204,4
DEQ,948863750755370,24,1400,81198,3
DEQ,948863750832337,24,1400,154217,4
DEQ,948863750835185,24,1400,151561,3
DEQ,948863750920955,24,1400,235257,4
DEQ,948863950289519,24,1400,199529335,3
DEQ,948863950291934,24,1400,199527783,2
DEQ,948863950293598,24,1400,199453433,1
DEQ,948863950315919,24,1400,199471691,4
DEQ,948863950412726,24,1400,114773,3
DEQ,948863950413711,24,1400,111692,2
DEQ,948863950430292,24,1400,122803,3
DEQ,948863950528192,24,1400,215264,4
DEQ,948863950530882,24,1400,112272,3
DEQ,948863950551077,24,1400,125259,4
DEQ,948863950688592,24,1400,255658,3
DEQ,948863950691553,24,1400,256446,2
DEQ,948863950709563,24,1400,173603,3
DEQ,948863950786566,24,1400,246621,4
DEQ,948863950793681,24,1400,96271,3
DEQ,948863950874645,24,1400,169865,4
DEQ,948863950878069,24,1400,166836,3
DEQ,948863950963051,24,1400,249712,4
DEQ,948863950965737,24,1400,167007,3
DEQ,948863951048449,24,1400,245414,4
DEQ,948863951051098,24,1400,168698,3
DEQ,948863951057478,24,1400,170851,2
DEQ,948863951100023,24,1400,129193,3
DEQ,948863951140070,24,1400,165028,4
DEQ,948863951184301,24,1400,121450,3
DEQ,948863951220190,24,1400,153603,4
DEQ,948863951259980,24,1400,157303,3
DEQ,948863951261205,24,1400,156490,2
DEQ,948863951299674,24,1400,113305,3
DEQ,948863951339917,24,1400,151582,4
DEQ,948863951380139,24,1400,117496,3
DEQ,948863951420104,24,1400,155419,4
DEQ,948863951460049,24,1400,158242,3
DEQ,948863951499967,24,1400,196227,4
DEQ,948863951546314,24,1400,163859,3
DEQ,948863951580124,24,1400,195771,4
DEQ,948863951620098,24,1400,157801,3
DEQ,948863951662151,24,1400,197876,4
DEQ,948863951704463,24,1400,155784,3
DEQ,948863951743493,24,1400,192791,4
DEQ,948863951779816,24,1400,157378,3
DEQ,948863951826512,24,1400,202088,4
DEQ,948863951864380,24,1400,157659,3
DEQ,948863951903242,24,1400,194492,4
DEQ,948863951943270,24,1400,161363,3
DEQ,948863951980076,24,1400,196192,4
DEQ,948863952028357,24,1400,161872,3
DEQ,948863952061301,24,1400,192787,4
DEQ,948863952101436,24,1400,155979,3
DEQ,948863952148210,24,1400,200717,4
DEQ,948863952188291,24,1400,157872,3
DEQ,948863952235537,24,1400,203041,4
DEQ,948863952297288,24,1400,193677,3
DEQ,948863952337254,24,1400,231675,4
DEQ,948863952377547,24,1400,187181,3
DEQ,948863952443396,24,1400,251068,4
DEQ,948863952483588,24,1400,184337,3
DEQ,948863952523566,24,1400,222395,4
DEQ,948863952584401,24,1400,204768,3
DEQ,948863952624855,24,1400,243299,4
DEQ,948863952672038,24,1400,186280,3
DEQ,948863952704836,24,1400,217133,4
DEQ,948863952744839,24,1400,158001,3
DEQ,948863952787170,24,1400,198373,4
DEQ,948863952829219,24,1400,155049,3
DEQ,948863952874108,24,1400,197958,4
DEQ,948863952920996,24,1400,174080,3
DEQ,948863952954062,24,1400,205113,4
DEQ,948863952996097,24,1400,164703,3
DEQ,948863953034078,24,1400,200717,4
DEQ,948863953074395,24,1400,151270,3
DEQ,948863953117382,24,1400,192224,4
DEQ,948863953154219,24,1400,156033,3
DEQ,948863953193838,24,1400,192698,4
DEQ,948863953237418,24,1400,160912,3
DEQ,948863953278190,24,1400,199737,4
DEQ,948863953319598,24,1400,163331,3
DEQ,948863953356561,24,1400,198357,4
DEQ,948863953394038,24,1400,154446,3
DEQ,948863953436239,24,1400,194634,4
DEQ,948863953474293,24,1400,152497,3
DEQ,948863953514064,24,1400,190278,4
DEQ,948863953557321,24,1400,161187,3
DEQ,948863953594026,24,1400,195880,4
DEQ,948863953642027,24,1400,165455,3
DEQ,948863953673809,24,1400,195289,4
DEQ,948863953714150,24,1400,154683,3
DEQ,948863953753853,24,1400,192397,4
DEQ,948863953802080,24,1400,158006,3
DEQ,948863953833826,24,1400,187780,4
DEQ,948863953873672,24,1400,157461,3
DEQ,948863953913836,24,1400,195653,4
DEQ,948863953954007,24,1400,149789,3
DEQ,948863953994057,24,1400,187926,4
DEQ,948863954040929,24,1400,165072,3
DEQ,948863954074047,24,1400,196234,4
DEQ,948863954119329,24,1400,163192,3
DEQ,948863954154083,24,1400,195930,4
DEQ,948863954196977,24,1400,153988,3
DEQ,948863954237413,24,1400,192527,4
DEQ,948863954274046,24,1400,152608,3
DEQ,948863954314021,24,1400,190633,4
DEQ,948863954359277,24,1400,160100,3
DEQ,948863954394044,24,1400,192901,4
DEQ,948863954435156,24,1400,158935,3
DEQ,948863954475006,24,1400,196853,4
DEQ,948863954522966,24,1400,161512,3
DEQ,948863954562788,24,1400,199460,4
DEQ,948863954610208,24,1400,172861,3
DEQ,948863954676655,24,1400,237274,4
DEQ,948863954716405,24,1400,191234,3
DEQ,948863954756315,24,1400,229237,4
STATS,948864054982375,4,5600,14288,14284,0,0,0
DEQ,948864150288413,24,1400,195676095,3
DEQ,948864150291146,24,1400,195676870,2
DEQ,948864150291712,24,1400,195572964,1
DEQ,948864150319125,24,1400,195598397,4
DEQ,948864150429149,24,1400,131706,3
DEQ,948864150431877,24,1400,130325,2
DEQ,948864150456206,24,1400,150294,3
DEQ,948864150528544,24,1400,220483,4
DEQ,948864150556521,24,1400,119837,3
DEQ,948864150596847,24,1400,145548,4
DEQ,948864150656474,24,1400,198699,3
DEQ,948864150703246,24,1400,243762,4
DEQ,948864150741505,24,1400,181268,3
DEQ,948864150776688,24,1400,212579,4
DEQ,948864150816675,24,1400,157990,3
DEQ,948864150863501,24,1400,202750,4
DEQ,948864150904197,24,1400,160716,3
DEQ,948864150936656,24,1400,191184,4
DEQ,948864150976753,24,1400,157912,3
DEQ,948864150977959,24,1400,157074,2
DEQ,948864151018723,24,1400,112373,3
DEQ,948864151099660,24,1400,191313,4
DEQ,948864151102465,24,1400,123111,3
DEQ,948864151126672,24,1400,145308,4
DEQ,948864151210665,24,1400,188564,3
DEQ,948864151213456,24,1400,189079,2
DEQ,948864151214029,24,1400,106630,1
DEQ,948864151290570,24,1400,174964,4
DEQ,948864151301295,24,1400,82439,3
DEQ,948864151384317,24,1400,161581,4
DEQ,948864151449158,24,1400,221827,3
DEQ,948864151473962,24,1400,244623,4
DEQ,948864151551342,24,1400,245453,3
DEQ,948864151570345,24,1400,260424,4
DEQ,948864151655185,24,1400,199262,3
DEQ,948864151658022,24,1400,189021,2
DEQ,948864151674924,24,1400,116655,3
DEQ,948864151752642,24,1400,190439,4
DEQ,948864151755479,24,1400,89066,3
DEQ,948864151834815,24,1400,164420,4
DEQ,948864151837659,24,1400,160437,3
DEQ,948864151912106,24,1400,232899,4
DEQ,948864151974043,24,1400,213542,3
DEQ,948864151976867,24,1400,212482,2
DEQ,948864152069496,24,1400,226942,3
DEQ,948864152090163,24,1400,243556,4
DEQ,948864152211063,24,1400,229467,3
DEQ,948864152213954,24,1400,223368,2
DEQ,948864152294807,24,1400,217732,3
DEQ,948864152297612,24,1400,216500,2
DEQ,948864152321178,24,1400,102341,3
DEQ,948864152399771,24,1400,170211,4
DEQ,948864152402652,24,1400,100215,3
DEQ,948864152492200,24,1400,175166,4
DEQ,948864152495009,24,1400,171618,3
DEQ,948864152573962,24,1400,248754,4
DEQ,948864152576779,24,1400,169264,3
DEQ,948864152663580,24,1400,247110,4
DEQ,948864152740209,24,1400,240385,3
DEQ,948864152743020,24,1400,239342,2
DEQ,948864152764640,24,1400,182895,3
DEQ,948864152850538,24,1400,260071,4
DEQ,948864152853329,24,1400,105241,3
DEQ,948864152943444,24,1400,183269,4
DEQ,948864152946242,24,1400,179213,3
DEQ,948864153018590,24,1400,249626,4
DEQ,948864153021444,24,1400,159938,3
DEQ,948864153118205,24,1400,252830,4
DEQ,948864153125454,24,1400,174316,3
DEQ,948864153208007,24,1400,252936,4
DEQ,948864153210830,24,1400,184622,3
DEQ,948864153290229,24,1400,254803,4
DEQ,948864153293083,24,1400,162571,3
DEQ,948864153369557,24,1400,235331,4
DEQ,948864153372349,24,1400,156716,3
DEQ,948864153458306,24,1400,232975,4
DEQ,948864153461801,24,1400,163948,3
DEQ,948864153492546,24,1400,186196,4
DEQ,948864153590159,24,1400,212982,3
DEQ,948864153592974,24,1400,211772,2
DEQ,948864153609479,24,1400,141729,3
DEQ,948864153690994,24,1400,211683,4
DEQ,948864153764563,24,1400,163185,3
DEQ,948864153851156,24,1400,245938,4
DEQ,948864153853997,24,1400,242190,3
DEQ,948864153874937,24,1400,261331,4
DEQ,948864153991133,24,1400,219591,3
DEQ,948864153994000,24,1400,218599,2
DEQ,948864154083850,24,1400,224964,3
DEQ,948864154086527,24,1400,219274,2
DEQ,948864154163062,24,1400,164274,3
DEQ,948864154165806,24,1400,163081,2
DEQ,948864154245056,24,1400,153780,3
DEQ,948864154247844,24,1400,152747,2
DEQ,948864154325234,24,1400,154659,3
DEQ,948864154328342,24,1400,148114,2
DEQ,948864154412328,24,1400,159616,3
DEQ,948864154495949,24,1400,239397,4
DEQ,948864154498817,24,1400,165519,3
DEQ,948864154515594,24,1400,174438,4
DEQ,948864154590482,24,1400,171143,3
DEQ,948864154596792,24,1400,173560,2
DEQ,948864154599100,24,1400,95378,1
DEQ,948864154685239,24,1400,174098,4
DEQ,948864154688105,24,1400,84549,3
DEQ,948864154709472,24,1400,95283,4
DEQ,948864154790807,24,1400,171566,3
DEQ,948864154809638,24,1400,188387,4
DEQ,948864154938704,24,1400,245702,3
DEQ,948864154941488,24,1400,236674,2
DEQ,948864154957852,24,1400,160161,3
DEQ,948864155034714,24,1400,233073,4
DEQ,948864155037407,24,1400,87500,3
DEQ,948864155118838,24,1400,164942,4
DEQ,948864155121578,24,1400,162130,3
DEQ,948864155138812,24,1400,177404,4
DEQ,948864155213802,24,1400,171623,3
DEQ,948864155216642,24,1400,170603,2
DEQ,948864155294387,24,1400,167994,3
DEQ,948864155297238,24,1400,162820,2
DEQ,948864155376083,24,1400,154551,3
DEQ,948864155378922,24,1400,153345,2
DEQ,948864350264654,24,1400,194962646,3
DEQ,948864350267770,24,1400,194961833,2
DEQ,948864350268366,24,1400,194884511,1
DEQ,948864350293058,24,1400,194900079,4
DEQ,948864350332158,24,1400,57361,3
DEQ,948864350372023,24,1400,92525,4
DEQ,948864350411942,24,1400,127505,3
DEQ,948864350413137,24,1400,126586,2
DEQ,948864350462572,24,1400,128857,3
DEQ,948864350502778,24,1400,167007,4
DEQ,948864350543836,24,1400,129019,3
DEQ,948864350589568,24,1400,172199,2
DEQ,948864350634126,24,1400,169479,3
DEQ,948864350669584,24,1400,202750,4
DEQ,948864350721404,24,1400,129077,3
DEQ,948864350749970,24,1400,155501,4
DEQ,948864350788785,24,1400,153101,3
DEQ,948864350829082,24,1400,191244,4
DEQ,948864350869655,24,1400,146678,3
DEQ,948864350915652,24,1400,190550,4
DEQ,948864350955410,24,1400,165330,3
DEQ,948864350995849,24,1400,203914,4
DEQ,948864351063115,24,1400,191986,3
DEQ,948864351103737,24,1400,230516,4
DEQ,948864351143528,24,1400,185938,3
DEQ,948864351183491,24,1400,223739,4
DEQ,948864351224559,24,1400,159172,3
DEQ,948864351263729,24,1400,196006,4
DEQ,948864351323281,24,1400,177655,3
DEQ,948864351372428,24,1400,224515,4
DEQ,948864351414297,24,1400,187627,3
DEQ,948864351453535,24,1400,224717,4
DEQ,948864351499537,24,1400,173995,3
DEQ,948864351573553,24,1400,245862,4
DEQ,948864351622607,24,1400,206103,3
DEQ,948864351657348,24,1400,238822,4
DEQ,948864351696874,24,1400,195059,3
DEQ,948864351739113,24,1400,234797,4
DEQ,948864351786256,24,1400,161176,3
DEQ,948864351819018,24,1400,191881,4
DEQ,948864351858988,24,1400,160025,3
DEQ,948864351903466,24,1400,202523,4
DEQ,948864351946285,24,1400,157832,3
DEQ,948864351993341,24,1400,202748,4
DEQ,948864352040272,24,1400,179228,3
DEQ,948864352079807,24,1400,216809,4
DEQ,948864352123906,24,1400,175610,3
DEQ,948864352171180,24,1400,220786,4
DEQ,948864352203993,24,1400,161454,3
DEQ,948864352244035,24,1400,199113,4
DEQ,948864352287031,24,1400,160819,3
DEQ,948864352329404,24,1400,201166,4
DEQ,948864352367345,24,1400,161274,3
DEQ,948864352403991,24,1400,195551,4
DEQ,948864352447086,24,1400,157935,3
DEQ,948864352487370,24,1400,195945,4
DEQ,948864352523969,24,1400,154448,3
DEQ,948864352564037,24,1400,192451,4
DEQ,948864352608422,24,1400,159187,3
DEQ,948864352652288,24,1400,200850,4
DEQ,948864352693275,24,1400,167129,3
DEQ,948864352741449,24,1400,213361,4
DEQ,948864352777071,24,1400,166485,3
DEQ,948864352819455,24,1400,206898,4
DEQ,948864352853018,24,1400,157642,3
DEQ,948864352921196,24,1400,223852,4
DEQ,948864352967043,24,1400,187871,3
DEQ,948864353002590,24,1400,221453,4
DEQ,948864353063496,24,1400,208247,3
DEQ,948864353109337,24,1400,252167,4
DEQ,948864353143738,24,1400,174598,3
DEQ,948864353183416,24,1400,212369,4
DEQ,948864353223570,24,1400,157787,3
DEQ,948864353267077,24,1400,199299,4
DEQ,948864353309317,24,1400,163432,3
DEQ,948864353346117,24,1400,198330,4
DEQ,948864353383731,24,1400,158155,3
DEQ,948864353426089,24,1400,198491,4
DEQ,948864353468327,24,1400,156855,3
DEQ,948864353503743,24,1400,190312,4
DEQ,948864353545924,24,1400,159977,3
DEQ,948864353583426,24,1400,195552,4
DEQ,948864353584659,24,1400,114240,3
DEQ,948864353651117,24,1400,178615,4
DEQ,948864353696827,24,1400,148680,3
DEQ,948864353738210,24,1400,187911,4
DEQ,948864353798110,24,1400,211812,3
DEQ,948864353837954,24,1400,249509,4
DEQ,948864353878242,24,1400,179047,3
DEQ,948864353935004,24,1400,233038,4
DEQ,948864353974586,24,1400,174198,3
DEQ,948864354022989,24,1400,220187,4
DEQ,948864354068803,24,1400,188315,3
DEQ,948864354110252,24,1400,227422,4
DEQ,948864354171939,24,1400,195260,3
DEQ,948864354217857,24,1400,238935,4
DEQ,948864354252446,24,1400,181273,3
DEQ,948864354317830,24,1400,244445,4
DEQ,948864354364901,24,1400,190704,3
DEQ,948864354402994,24,1400,226658,4
DEQ,948864354443861,24,1400,189220,3
DEQ,948864354492093,24,1400,235414,4
DEQ,948864354527678,24,1400,160651,3
DEQ,948864354569123,24,1400,199870,4
DEQ,948864354603720,24,1400,157547,3
DEQ,948864354671913,24,1400,223687,4
DEQ,948864354719323,24,1400,189469,3
DEQ,948864354752263,24,1400,220234,4
DEQ,948864354813751,24,1400,207889,3
DEQ,948864354861562,24,1400,253473,4
DEQ,948864354894036,24,1400,172525,3
DEQ,948864354959944,24,1400,236431,4
DEQ,948864355000957,24,1400,185195,3
DEQ,948864355040461,24,1400,222783,4
DEQ,948864355080069,24,1400,183792,3
DEQ,948864355120190,24,1400,221941,4
DEQ,948864355165830,24,1400,159162,3
DEQ,948864355211597,24,1400,202952,4
DEQ,948864355246042,24,1400,163901,3
DEQ,948864355313627,24,1400,229253,4
DEQ,948864355354248,24,1400,186189,3
DEQ,948864355394155,24,1400,224000,4
DEQ,948864355458601,24,1400,210431,3
DEQ,948864355501669,24,1400,251597,4
DEQ,948864355540927,24,1400,184599,3
DEQ,948864355581070,24,1400,222777,4
DEQ,948864355618890,24,1400,158237,3
DEQ,948864355689124,24,1400,226427,4
DEQ,948864355729200,24,1400,185510,3
DEQ,948864355769100,24,1400,223343,4
DEQ,948864355833704,24,1400,212757,3
DEQ,948864355874698,24,1400,251759,4
DEQ,948864355914309,24,1400,182970,3
DEQ,948864355954659,24,1400,221320,4
DEQ,948864355994765,24,1400,158977,3
DEQ,948864356041583,24,1400,203808,4
DEQ,948864356087296,24,1400,170800,3
DEQ,948864356122407,24,1400,203974,4
DEQ,948864356188410,24,1400,191471,3
DEQ,948864356234628,24,1400,235685,4
DEQ,948864555268510,24,1400,199179148,3
DEQ,948864555271572,24,1400,199180255,2
DEQ,948864555272265,24,1400,199081675,1
DEQ,948864555305014,24,1400,199112360,4
DEQ,948864555373087,24,1400,94549,3
DEQ,948864555399027,24,1400,104882,4
DEQ,948864555496020,24,1400,196506,3
DEQ,948864555498737,24,1400,197033,2
DEQ,948864555515758,24,1400,137116,3
DEQ,948864555592009,24,1400,198609,4
DEQ,948864555594927,24,1400,91218,3
DEQ,948864555683336,24,1400,171933,4
DEQ,948864555686220,24,1400,168937,3
DEQ,948864555770989,24,1400,251717,4
DEQ,948864555773851,24,1400,173702,3
DEQ,948864555856228,24,1400,247327,4
DEQ,948864555859096,24,1400,167978,3
DEQ,948864555943590,24,1400,243742,4
DEQ,948864556008334,24,1400,229298,3
DEQ,948864556011047,24,1400,223166,2
DEQ,948864556117541,24,1400,253411,3
DEQ,948864556120399,24,1400,245507,2
DEQ,948864556146047,24,1400,130105,3
DEQ,948864556233780,24,1400,206926,4
DEQ,948864556236514,24,1400,111005,3
DEQ,948864556323966,24,1400,194372,4
DEQ,948864556326709,24,1400,178276,3
DEQ,948864556327176,24,1400,176703,2
DEQ,948864556349551,24,1400,108020,3
DEQ,948864556443746,24,1400,198225,4
DEQ,948864556446317,24,1400,114412,3
DEQ,948864556447775,24,1400,102283,2
DEQ,948864556536253,24,1400,185241,3
DEQ,948864556539104,24,1400,186060,2
DEQ,948864556619453,24,1400,167764,3
DEQ,948864556622238,24,1400,166518,2
DEQ,948864556695094,24,1400,151234,3
DEQ,948864556697929,24,1400,144235,2
DEQ,948864556789438,24,1400,162329,3
DEQ,948864556871704,24,1400,240399,4
DEQ,948864556874510,24,1400,171839,3
DEQ,948864556891886,24,1400,177186,4
DEQ,948864556971873,24,1400,175533,3
DEQ,948864556974607,24,1400,174226,2
DEQ,948864556976230,24,1400,96913,1
DEQ,948864557071705,24,1400,184734,4
DEQ,948864557074403,24,1400,93272,3
DEQ,948864557091148,24,1400,102569,4
DEQ,948864557227938,24,1400,234347,3
DEQ,948864557230670,24,1400,234904,2
DEQ,948864557321611,24,1400,242340,3
DEQ,948864557324297,24,1400,240986,2
DEQ,948864557416536,24,1400,181014,3
DEQ,948864557419273,24,1400,171722,2
DEQ,948864557502001,24,1400,172978,3
DEQ,948864557504683,24,1400,171647,2
DEQ,948864557587756,24,1400,163649,3
DEQ,948864557590540,24,1400,162562,2
DEQ,948864557673035,24,1400,163551,3
DEQ,948864557675874,24,1400,162375,2
DEQ,948864557692645,24,1400,97311,3
DEQ,948864557762729,24,1400,163528,4
DEQ,948864557832236,24,1400,148092,3
DEQ,948864557906878,24,1400,218823,4
DEQ,948864557969181,24,1400,274261,3
DEQ,948864557972003,24,1400,275097,2
DEQ,948864558061805,24,1400,222642,3
DEQ,948864558064536,24,1400,221451,2
DEQ,948864558150402,24,1400,173469,3
DEQ,948864558153230,24,1400,167924,2
DEQ,948864558177506,24,1400,108021,3
DEQ,948864558250238,24,1400,176864,4
DEQ,948864558319998,24,1400,161900,3
DEQ,948864558338859,24,1400,165876,4
DEQ,948864558458728,24,1400,278930,3
DEQ,948864558461547,24,1400,279575,2
DEQ,948864558547917,24,1400,221082,3
DEQ,948864558550780,24,1400,219962,2
DEQ,948864558575333,24,1400,108802,3
DEQ,948864558666240,24,1400,189089,4
DEQ,948864558669007,24,1400,113459,3
DEQ,948864558755383,24,1400,184535,4
DEQ,948864558758094,24,1400,180482,3
DEQ,948864558778046,24,1400,198451,4
DEQ,948864558875378,24,1400,201533,3
DEQ,948864558878082,24,1400,200248,2
DEQ,948864558956577,24,1400,193673,3
DEQ,948864558959503,24,1400,192620,2
DEQ,948864559039322,24,1400,156515,3
DEQ,948864559042093,24,1400,155379,2
DEQ,948864559122020,24,1400,157464,3
DEQ,948864559124855,24,1400,149723,2
DEQ,948864559196006,24,1400,149063,3
DEQ,948864559198824,24,1400,142675,2
DEQ,948864559282911,24,1400,153331,3
DEQ,948864559285768,24,1400,152115,2
DEQ,948864559366207,24,1400,162541,3
DEQ,948864559369658,24,1400,154585,2
DEQ,948864559459554,24,1400,168934,3
DEQ,948864559462275,24,1400,167619,2
DEQ,948864559537863,24,1400,163434,3
DEQ,948864559540789,24,1400,162395,2
DEQ,948864559629327,24,1400,162211,3
DEQ,948864559632251,24,1400,160662,2
DEQ,948864559732658,24,1400,187095,3
DEQ,948864559735385,24,1400,180380,2
DEQ,948864559751382,24,1400,114361,3
DEQ,948864559835004,24,1400,193798,4
DEQ,948864559837853,24,1400,97662,3
DEQ,948864559911674,24,1400,167612,4
DEQ,948864559914507,24,1400,161633,3
DEQ,948864560000172,24,1400,245229,4
DEQ,948864755270678,24,1400,195428141,4
DEQ,948864755273615,24,1400,195427059,3
DEQ,948864755274194,24,1400,195354797,2
DEQ,948864755377932,24,1400,195446996,5
DEQ,948864755378898,24,84,23673397,4
DEQ,948864755379359,24,1400,99657,3
DEQ,948864755397423,24,1400,113330,4
DEQ,948864755464249,24,1400,174835,3
DEQ,948864755467137,24,1400,175550,2
DEQ,948864755555150,24,1400,166181,3
DEQ,948864755557913,24,1400,164892,2
DEQ,948864755582900,24,1400,110373,3
DEQ,948864755721325,24,1400,244466,4
DEQ,948864755724329,24,1400,161668,3
DEQ,948864755746806,24,1400,180184,4
DEQ,948864755841586,24,1400,256039,3
DEQ,948864755844361,24,1400,256451,2
DEQ,948864755844840,24,1400,115067,1
DEQ,948864755935031,24,1400,193335,4
DEQ,948864755937748,24,1400,88080,3
DEQ,948864755953900,24,1400,100319,4
DEQ,948864756027314,24,1400,169285,3
DEQ,948864756046690,24,1400,186543,4
DEQ,948864756165137,24,1400,222689,3
DEQ,948864756240602,24,1400,294190,4
DEQ,948864756243344,24,1400,209227,3
DEQ,948864756260390,24,1400,218925,4
DEQ,948864756344439,24,1400,172346,3
DEQ,948864756347140,24,1400,171205,2
DEQ,948864756348658,24,1400,100260,1
DEQ,948864756445743,24,1400,193383,4
DEQ,948864756448462,24,1400,95047,3
DEQ,948864756465230,24,1400,102467,4
DEQ,948864756605984,24,1400,238152,3
DEQ,948864756608747,24,1400,238746,2
DEQ,948864756691659,24,1400,238355,3
DEQ,948864756710301,24,1400,252991,4
DEQ,948864756839584,24,1400,226025,3
DEQ,948864756842326,24,1400,219633,2
DEQ,948864756922500,24,1400,220364,3
DEQ,948864756940952,24,1400,234947,4
DEQ,948864757080813,24,1400,233759,3
DEQ,948864757083550,24,1400,232636,2
DEQ,948864757162740,24,1400,233172,3
DEQ,948864757165554,24,1400,232006,2
DEQ,948864757181597,24,1400,93219,3
DEQ,948864757256284,24,1400,163598,4
DEQ,948864757259083,24,1400,85346,3
DEQ,948864757283032,24,1400,105461,4
DEQ,948864757369082,24,1400,185140,3
DEQ,948864757376144,24,1400,190126,2
DEQ,948864757454356,24,1400,190337,3
DEQ,948864757457131,24,1400,189002,2
DEQ,948864757546093,24,1400,165298,3
DEQ,948864757548815,24,1400,164431,2
DEQ,948864757628460,24,1400,166329,3
DEQ,948864757631527,24,1400,162389,2
DEQ,948864757711835,24,1400,158291,3
DEQ,948864757714664,24,1400,157235,2
DEQ,948864757786446,24,1400,150177,3
DEQ,948864757789330,24,1400,149222,2
DEQ,948864757870038,24,1400,150521,3
DEQ,948864757951854,24,1400,228391,4
DEQ,948864757954686,24,1400,160207,3
DEQ,948864757979723,24,1400,174245,4
DEQ,948864758071061,24,1400,194115,3
DEQ,948864758073803,24,1400,192768,2
DEQ,948864758097286,24,1400,137670,3
DEQ,948864758185573,24,1400,210338,4
DEQ,948864758191664,24,1400,112981,3
DEQ,948864758193101,24,1400,101023,2
DEQ,948864758285167,24,1400,186519,3
DEQ,948864758288004,24,1400,187308,2
DEQ,948864758370488,24,1400,173465,3
DEQ,948864758373340,24,1400,172332,2
DEQ,948864758390357,24,1400,97549,3
DEQ,948864758514370,24,1400,217672,4
DEQ,948864758517081,24,1400,138973,3
DEQ,948864758540815,24,1400,155286,4
DEQ,948864758635318,24,1400,242613,3
DEQ,948864758637960,24,1400,243284,2
DEQ,948864758639415,24,1400,117583,1
DEQ,948864758720267,24,1400,184155,4
DEQ,948864758723096,24,1400,79815,3
DEQ,948864758809016,24,1400,161869,4
DEQ,948864758811845,24,1400,159544,3
DEQ,948864758894381,24,1400,240123,4
DEQ,948864758904669,24,1400,176690,3
DEQ,948864759000870,24,1400,264534,4
DEQ,948864759003586,24,1400,186798,3
DEQ,948864759083661,24,1400,256287,4
DEQ,948864759086254,24,1400,169602,3
DEQ,948864759087599,24,1400,160223,2
DEQ,948864759180148,24,1400,171832,3
DEQ,948864759182969,24,1400,170729,2
DEQ,948864759255098,24,1400,163558,3
DEQ,948864759262200,24,1400,160785,2
DEQ,948864759351035,24,1400,163018,3
DEQ,948864759353765,24,1400,161823,2
DEQ,948864759434119,24,1400,167274,3
DEQ,948864759436976,24,1400,166264,2
DEQ,948864759519070,24,1400,160266,3
DEQ,948864759521889,24,1400,159165,2
DEQ,948864759537699,24,1400,95914,3
DEQ,948864759614387,24,1400,168738,4
DEQ,948864759617257,24,1400,87383,3
DEQ,948864759701702,24,1400,167932,4
DEQ,948864759704570,24,1400,164521,3
DEQ,948864759783513,24,1400,241395,4
DEQ,948864759786432,24,1400,164245,3
DEQ,948864759866542,24,1400,240239,4
DEQ,948864759870048,24,1400,160660,3
DEQ,948864759947723,24,1400,229463,4
DEQ,948864759950509,24,1400,159167,3
DEQ,948864760035603,24,1400,240333,4
DEQ,948864760038389,24,1400,163335,3
DEQ,948864760121956,24,1400,243062,4
DEQ,948864760124821,24,1400,169508,3
DEQ,948864760207676,24,1400,242419,4
DEQ,948864760210377,24,1400,167194,3
DEQ,948864760287534,24,1400,232294,4
DEQ,948864760290409,24,1400,160735,3
DEQ,948864760373380,24,1400,239839,4
DEQ,948864955214706,24,1400,194999611,3
DEQ,948864955217803,24,1400,194998756,2
DEQ,948864955243496,24,1400,194948276,3
DEQ,948864955365475,24,1400,195060226,4
DEQ,948864955368166,24,1400,144539,3
DEQ,948864955385159,24,1400,157273,4
DEQ,948864955528237,24,1400,281860,3
DEQ,948864955530923,24,1400,281510,2
DEQ,948864955532902,24,1400,159846,1
DEQ,948864955619162,24,1400,242257,4
DEQ,948864955621884,24,1400,84526,3
DEQ,948864955709172,24,1400,167640,4
DEQ,948864955711859,24,1400,165244,3
DEQ,948864955741777,24,1400,193328,4
DEQ,948864955838921,24,1400,212159,3
DEQ,948864955841749,24,1400,210958,2
DEQ,948864955842241,24,1400,125566,1
DEQ,948864955922558,24,1400,196068,4
DEQ,948864955925510,24,1400,77977,3
DEQ,948864955949594,24,1400,97724,4
DEQ,948864956041470,24,1400,184970,3
DEQ,948864956044346,24,1400,185705,2
DEQ,948864956125344,24,1400,195114,3
DEQ,948864956128881,24,1400,183643,2
DEQ,948864956204520,24,1400,155178,3
DEQ,948864956207323,24,1400,153990,2
DEQ,948864956290516,24,1400,157145,3
DEQ,948864956293374,24,1400,156093,2
DEQ,948864956366838,24,1400,154689,3
DEQ,948864956385503,24,1400,169454,4
DEQ,948864956506728,24,1400,208565,3
DEQ,948864956509348,24,1400,207298,2
DEQ,948864956533215,24,1400,155968,3
DEQ,948864956611395,24,1400,230304,4
DEQ,948864956625896,24,1400,111864,3
DEQ,948864956709703,24,1400,191748,4
DEQ,948864956712366,24,1400,176861,3
DEQ,948864956791741,24,1400,253938,4
DEQ,948864956794568,24,1400,164343,3
DEQ,948864956869423,24,1400,235051,4
DEQ,948864956872243,24,1400,155165,3
DEQ,948864956945589,24,1400,224638,4
DEQ,948864956948319,24,1400,149014,3
DEQ,948864957036342,24,1400,233099,4
DEQ,948864957120430,24,1400,243259,3
DEQ,948864957123246,24,1400,242246,2
DEQ,948864957140030,24,1400,186785,3
DEQ,948864957213263,24,1400,248925,4
DEQ,948864957216110,24,1400,88105,3
DEQ,948864957298256,24,1400,162694,4
DEQ,948864957300932,24,1400,158569,3
DEQ,948864957396504,24,1400,252193,4
DEQ,948864957399250,24,1400,178335,3
DEQ,948864957415530,24,1400,190738,4
DEQ,948864957496463,24,1400,190778,3
DEQ,948864957499274,24,1400,189709,2
DEQ,948864957516128,24,1400,112016,3
DEQ,948864957626409,24,1400,218242,4
DEQ,948864957629920,24,1400,125827,3
DEQ,948864957709216,24,1400,197448,4
DEQ,948864957712060,24,1400,193696,3
DEQ,948864957740541,24,1400,220238,4
DEQ,948864957826686,24,1400,191426,3
DEQ,948864957829558,24,1400,190411,2
DEQ,948864957911351,24,1400,194151,3
DEQ,948864957914217,24,1400,184886,2
DEQ,948864957994595,24,1400,160096,3
DEQ,948864957997363,24,1400,152058,2
DEQ,948864958073987,24,1400,154929,3
DEQ,948864958076733,24,1400,147444,2
DEQ,948864958161854,24,1400,159577,3
DEQ,948864958245182,24,1400,238964,4
DEQ,948864958247914,24,1400,166356,3
DEQ,948864958264545,24,1400,174300,4
DEQ,948864958339308,24,1400,170646,3
DEQ,948864958341977,24,1400,169416,2
DEQ,948864958421837,24,1400,169142,3
DEQ,948864958424544,24,1400,164330,2
DEQ,948864958503996,24,1400,157159,3
DEQ,948864958506812,24,1400,156049,2
DEQ,948864958582488,24,1400,153076,3
DEQ,948864958585307,24,1400,151980,2
DEQ,948864958662541,24,1400,150941,3
DEQ,948864958665374,24,1400,149882,2
DEQ,948864958689588,24,1400,99387,3
DEQ,948864958765754,24,1400,165615,4
DEQ,948864958836179,24,1400,165776,3
DEQ,948864958919956,24,1400,235020,4
DEQ,948864958989546,24,1400,297755,3
DEQ,948864959065902,24,1400,372096,4
DEQ,948864959068668,24,1400,225632,3
DEQ,948864959093356,24,1400,246283,4
DEQ,948864959182564,24,1400,186125,3
DEQ,948864959185621,24,1400,185184,2
DEQ,948864959205314,24,1400,131915,3
DEQ,948864959311930,24,1400,223107,4
DEQ,948864959314783,24,1400,124458,3
DEQ,948864959403580,24,1400,209275,4
DEQ,948864959406453,24,1400,199429,3
DEQ,948864959501214,24,1400,292174,4
DEQ,948864959503981,24,1400,184471,3
DEQ,948864959520295,24,1400,190374,4
DEQ,948864959596944,24,1400,185483,3
DEQ,948864959599992,24,1400,180071,2
DEQ,948864959677233,24,1400,164926,3
DEQ,948864959695431,24,1400,179460,4
DEQ,948864959779730,24,1400,174981,3
DEQ,948864959782597,24,1400,169685,2
DEQ,948864959799089,24,1400,115021,3
DEQ,948864959874031,24,1400,186104,4
DEQ,948864959877532,24,1400,86585,3
DEQ,948864959955869,24,1400,161083,4
DEQ,948864959958703,24,1400,157395,3
DEQ,948864960030352,24,1400,226749,4
DEQ,948864960041017,24,1400,158457,3
DEQ,948864960127864,24,1400,241307,4
DEQ,948864960130618,24,1400,167081,3
DEQ,948864960213910,24,1400,246456,4
DEQ,948864960216654,24,1400,171967,3
DEQ,948864960292403,24,1400,243845,4
DEQ,948864960295136,24,1400,159695,3
DEQ,948864960380935,24,1400,241609,4
DEQ,948864960383842,24,1400,162421,3
DEQ,948864960458380,24,1400,232962,4
DEQ,948864960461201,24,1400,161380,3
DEQ,948864960550546,24,1400,246729,4
DEQ,948864960553393,24,1400,164721,3
DEQ,948864960570950,24,1400,178378,4
DEQ,948864960684184,24,1400,218123,3
DEQ,948864960687067,24,1400,212284,2
DEQ,948864960768051,24,1400,209810,3
DEQ,948864960770933,24,1400,208792,2
DEQ,948864960858832,24,1400,166867,3
DEQ,948864960865584,24,1400,169758,2
DEQ,948864960953413,24,1400,177548,3
DEQ,948864960956164,24,1400,168547,2
DEQ,948864961043407,24,1400,168156,3
DEQ,948864961046311,24,1400,162669,2
DEQ,948864961124145,24,1400,162954,3
DEQ,948864961126973,24,1400,161900,2
DEQ,948864961143984,24,1400,93004,3
DEQ,948864961274025,24,1400,219166,4
STATS,948865061551776,4,5600,14927,14923,0,0,0
DEQ,948865160312797,24,1400,199177518,3
DEQ,948865160315917,24,1400,199176755,2
DEQ,948865160316605,24,1400,199171136,1
DEQ,948865160345861,24,1400,199198448,4
DEQ,948865160419133,24,1400,96723,3
DEQ,948865160445981,24,1400,110767,4
DEQ,948865160531297,24,1400,190727,3
DEQ,948865160537635,24,1400,194705,2
DEQ,948865160539178,24,1400,115095,1
DEQ,948865160642964,24,1400,214585,4
DEQ,948865160645895,24,1400,102533,3
DEQ,948865160663045,24,1400,114838,4
DEQ,948865160743988,24,1400,190449,3
DEQ,948865160746686,24,1400,191087,2
DEQ,948865160823017,24,1400,168424,3
DEQ,948865160825771,24,1400,167326,2
DEQ,948865160909697,24,1400,158184,3
DEQ,948865160912418,24,1400,156888,2
DEQ,948865160992865,24,1400,162284,3
DEQ,948865160995741,24,1400,155771,2
DEQ,948865161012680,24,1400,95385,3
DEQ,948865161089003,24,1400,167683,4
DEQ,948865161091853,24,1400,91120,3
DEQ,948865161175870,24,1400,167622,4
DEQ,948865161178718,24,1400,163679,3
DEQ,948865161252309,24,1400,235118,4
DEQ,948865161266875,24,1400,170135,3
DEQ,948865161350767,24,1400,250021,4
DEQ,948865161353498,24,1400,169846,3
DEQ,948865161430103,24,1400,242551,4
DEQ,948865161510376,24,1400,238246,3
DEQ,948865161513076,24,1400,236818,2
DEQ,948865161513562,24,1400,155257,1
DEQ,948865161538935,24,1400,172164,4
DEQ,948865161633257,24,1400,114959,3
DEQ,948865161635950,24,1400,113739,2
DEQ,948865161658463,24,1400,132048,3
DEQ,948865161738709,24,1400,210238,4
DEQ,948865161741598,24,1400,100810,3
DEQ,948865161827722,24,1400,173407,4
DEQ,948865161830613,24,1400,170619,3
DEQ,948865161847321,24,1400,185456,4
DEQ,948865161920451,24,1400,173736,3
DEQ,948865161939383,24,1400,188590,4
DEQ,948865162018274,24,1400,182742,3
DEQ,948865162021021,24,1400,181418,2
DEQ,948865162038157,24,1400,110908,3
DEQ,948865162107522,24,1400,172962,4
DEQ,948865162115330,24,1400,85972,3
DEQ,948865162197228,24,1400,163933,4
DEQ,948865162274869,24,1400,235212,3
DEQ,948865162277751,24,1400,236162,2
DEQ,948865162368259,24,1400,249374,3
DEQ,948865162371099,24,1400,248462,2
DEQ,948865162447446,24,1400,164506,3
DEQ,948865162450280,24,1400,158630,2
DEQ,948865162536148,24,1400,159713,3
DEQ,948865162539025,24,1400,158742,2
DEQ,948865162633170,24,1400,177994,3
DEQ,948865162635898,24,1400,171355,2
DEQ,948865162725703,24,1400,181595,3
DEQ,948865162728591,24,1400,174055,2
DEQ,948865162799826,24,1400,159156,3
DEQ,948865162802639,24,1400,157965,2
DEQ,948865162877614,24,1400,144131,3
DEQ,948865162880466,24,1400,143104,2
DEQ,948865162953208,24,1400,145578,3
DEQ,948865162956009,24,1400,144392,2
DEQ,948865163030873,24,1400,145506,3
DEQ,948865163033725,24,1400,144479,2
DEQ,948865163112824,24,1400,151927,3
DEQ,948865163115606,24,1400,150702,2
DEQ,948865163190685,24,1400,151951,3
DEQ,948865163193519,24,1400,150872,2
DEQ,948865163217910,24,1400,97503,3
DEQ,948865163308222,24,1400,183799,4
DEQ,948865163310959,24,1400,112492,3
DEQ,948865163334912,24,1400,121712,4
DEQ,948865163420374,24,1400,199804,3
DEQ,948865163444207,24,1400,221652,4
DEQ,948865163529152,24,1400,213420,3
DEQ,948865163532018,24,1400,202025,2
DEQ,948865163548707,24,1400,121548,3
DEQ,948865163623730,24,1400,183907,4
DEQ,948865163627294,24,1400,87002,3
DEQ,948865163753777,24,1400,209669,4
DEQ,948865163756498,24,1400,205389,3
DEQ,948865163832439,24,1400,279377,4
DEQ,948865163835174,24,1400,202682,3
DEQ,948865163916423,24,1400,279843,4
DEQ,948865163919275,24,1400,157411,3
DEQ,948865163995560,24,1400,229704,4
DEQ,948865163998394,24,1400,158470,3
DEQ,948865164015495,24,1400,171631,4
DEQ,948865164088422,24,1400,164235,3
DEQ,948865164091145,24,1400,162920,2
DEQ,948865164172849,24,1400,169465,3
DEQ,948865164175572,24,1400,164737,2
DEQ,948865164192239,24,1400,96247,3
DEQ,948865164262384,24,1400,162407,4
DEQ,948865164265240,24,1400,81398,3
DEQ,948865164342240,24,1400,154830,4
DEQ,948865164345067,24,1400,151279,3
DEQ,948865164429251,24,1400,233417,4
DEQ,948865164432074,24,1400,161955,3
DEQ,948865164509775,24,1400,235695,4
DEQ,948865164513319,24,1400,163353,3
DEQ,948865164587347,24,1400,228984,4
DEQ,948865164590205,24,1400,153230,3
DEQ,948865164688861,24,1400,244886,4
DEQ,948865360289471,24,1400,195771815,3
DEQ,948865360292346,24,1400,195770870,2
DEQ,948865360292867,24,1400,195697717,1
DEQ,948865360317341,24,1400,195711923,4
DEQ,948865360427402,24,1400,128432,3
DEQ,948865360430246,24,1400,127053,2
DEQ,948865360430715,24,1400,122897,1
DEQ,948865360456915,24,1400,146988,4
DEQ,948865360583039,24,1400,147113,3
DEQ,948865360585892,24,1400,145672,2
DEQ,948865360673855,24,1400,229390,3
DEQ,948865360676567,24,1400,229795,2
DEQ,948865360699452,24,1400,108158,3
DEQ,948865360798842,24,1400,203220,4
DEQ,948865360805475,24,1400,124106,3
DEQ,948865360885582,24,1400,190736,4
DEQ,948865360888332,24,1400,187379,3
DEQ,948865360911773,24,1400,208970,4
DEQ,948865360988280,24,1400,173242,3
DEQ,948865361007792,24,1400,190117,4
DEQ,948865361115298,24,1400,222153,3
DEQ,948865361118180,24,1400,211204,2
DEQ,948865361195444,24,1400,196425,3
DEQ,948865361198312,24,1400,195308,2
DEQ,948865361310123,24,1400,187085,3
DEQ,948865361313005,24,1400,186092,2
DEQ,948865361330266,24,1400,127146,3
DEQ,948865361466348,24,1400,254101,4
DEQ,948865361469237,24,1400,150974,3
DEQ,948865361490321,24,1400,167956,4
DEQ,948865361599735,24,1400,267889,3
DEQ,948865361602647,24,1400,268811,2
DEQ,948865361603255,24,1400,128530,1
DEQ,948865361693944,24,1400,214863,4
DEQ,948865361696606,24,1400,87591,3
DEQ,948865361720944,24,1400,107821,4
DEQ,948865361799351,24,1400,181189,3
DEQ,948865361887997,24,1400,267443,4
DEQ,948865361890977,24,1400,189415,3
DEQ,948865361908754,24,1400,203130,4
DEQ,948865361987006,24,1400,180243,3
DEQ,948865362006379,24,1400,195526,4
DEQ,948865362085521,24,1400,189204,3
DEQ,948865362088182,24,1400,187696,2
DEQ,948865362089824,24,1400,95652,1
DEQ,948865362178628,24,1400,176856,4
DEQ,948865362181480,24,1400,86909,3
DEQ,948865362265583,24,1400,167112,4
DEQ,948865362268308,24,1400,164566,3
DEQ,948865362348907,24,1400,243161,4
DEQ,948865362351658,24,1400,165188,3
DEQ,948865362426368,24,1400,231502,4
DEQ,948865362429065,24,1400,155663,3
DEQ,948865362508895,24,1400,231576,4
DEQ,948865362511645,24,1400,154919,3
DEQ,948865362592692,24,1400,231941,4
DEQ,948865362595546,24,1400,161413,3
DEQ,948865362682358,24,1400,244248,4
DEQ,948865362685196,24,1400,168570,3
DEQ,948865362702269,24,1400,175446,4
DEQ,948865362787260,24,1400,186675,3
DEQ,948865362790076,24,1400,181260,2
DEQ,948865362832154,24,1400,138362,3
DEQ,948865362926905,24,1400,229237,4
DEQ,948865362930010,24,1400,135171,3
DEQ,948865362945098,24,1400,140305,2
DEQ,948865362999614,24,1400,163474,3
DEQ,948865363044586,24,1400,205944,4
DEQ,948865363078170,24,1400,127244,3
DEQ,948865363118047,24,1400,162469,4
DEQ,948865363164375,24,1400,157557,3
DEQ,948865363203815,24,1400,194879,4
DEQ,948865363248115,24,1400,168569,3
DEQ,948865363295232,24,1400,213708,4
DEQ,948865363328193,24,1400,161708,3
DEQ,948865363368331,24,1400,199870,4
DEQ,948865363412189,24,1400,162233,3
DEQ,948865363454434,24,1400,202469,4
DEQ,948865363491406,24,1400,161571,3
DEQ,948865363527758,24,1400,195953,4
DEQ,948865363568312,24,1400,153763,3
DEQ,948865363616421,24,1400,199907,4
DEQ,948865363651953,24,1400,158105,3
DEQ,948865363688379,24,1400,192514,4
DEQ,948865363731202,24,1400,160557,3
DEQ,948865363768234,24,1400,195630,4
DEQ,948865363810018,24,1400,155982,3
DEQ,948865363852287,24,1400,196235,4
DEQ,948865363891176,24,1400,157897,3
DEQ,948865363927908,24,1400,192724,4
DEQ,948865363967714,24,1400,155514,3
DEQ,948865364008239,24,1400,194090,4
DEQ,948865364051021,24,1400,157689,3
DEQ,948865364088048,24,1400,192695,4
DEQ,948865364128109,24,1400,158330,3
DEQ,948865364168191,24,1400,196444,4
DEQ,948865364213136,24,1400,159970,3
DEQ,948865364247773,24,1400,192560,4
DEQ,948865364289173,24,1400,158878,3
DEQ,948865364328490,24,1400,196123,4
DEQ,948865364373095,24,1400,157894,3
DEQ,948865364420156,24,1400,202959,4
DEQ,948865364453154,24,1400,161808,3
DEQ,948865364493216,24,1400,199931,4
DEQ,948865364535908,24,1400,160806,3
DEQ,948865364573122,24,1400,196074,4
DEQ,948865364616588,24,1400,161200,3
DEQ,948865364653241,24,1400,195877,4
DEQ,948865364692841,24,1400,154727,3
DEQ,948865364740216,24,1400,200166,4
DEQ,948865364773207,24,1400,154573,3
DEQ,948865364812991,24,1400,192236,4
DEQ,948865364861312,24,1400,166380,3
DEQ,948865364892944,24,1400,196080,4
DEQ,948865364933925,24,1400,158642,3
DEQ,948865364973492,24,1400,196170,4
DEQ,948865365022309,24,1400,158862,3
DEQ,948865365062173,24,1400,196746,4
DEQ,948865365109244,24,1400,173183,3
DEQ,948865365175208,24,1400,237133,4
DEQ,948865365215324,24,1400,190841,3
DEQ,948865365255183,24,1400,228740,4
DEQ,948865365323103,24,1400,211696,3
DEQ,948865365363345,24,1400,249980,4
DEQ,948865365411924,24,1400,194492,3
DEQ,948865365451445,24,1400,232120,4
DEQ,948865365494769,24,1400,169257,3
DEQ,948865365531699,24,1400,204243,4
DEQ,948865365580127,24,1400,166036,3
DEQ,948865365623880,24,1400,207730,4
DEQ,948865365674102,24,1400,177153,3
DEQ,948865365713307,24,1400,214675,4
DEQ,948865365763034,24,1400,180837,3
DEQ,948865365809955,24,1400,225825,4
DEQ,948865365843440,24,1400,167245,3
DEQ,948865365892358,24,1400,214038,4
DEQ,948865365938918,24,1400,173772,3
DEQ,948865365972509,24,1400,205353,4
DEQ,948865366019909,24,1400,173957,3
DEQ,948865366059546,24,1400,211573,4
DEQ,948865366099446,24,1400,158607,3
DEQ,948865366139741,24,1400,196852,4
DEQ,948865366183673,24,1400,161696,3
DEQ,948865366226008,24,1400,202090,4
DEQ,948865366266998,24,1400,165360,3
DEQ,948865366300078,24,1400,196490,4
DEQ,948865366344762,24,1400,159008,3
DEQ,948865366379562,24,1400,191846,4
DEQ,948865366425718,24,1400,156457,3
DEQ,948865366468071,24,1400,196724,4
DEQ,948865366499700,24,1400,152733,3
DEQ,948865366539737,24,1400,190828,4
DEQ,948865366579541,24,1400,151709,3
DEQ,948865565205336,24,1400,198775512,4
DEQ,948865565208221,24,1400,198706262,3
DEQ,948865565297366,24,1400,198793426,4
DEQ,948865565298296,24,1400,198716600,3
DEQ,948865565383830,24,1400,198800139,4
DEQ,948865565386565,24,1400,173013,3
DEQ,948865565473764,24,1400,256038,4
DEQ,948865565476511,24,1400,173017,3
DEQ,948865565498285,24,1400,190539,4
DEQ,948865565598747,24,1400,207203,3
DEQ,948865565601384,24,1400,205781,2
DEQ,948865565601871,24,1400,120320,1
DEQ,948865565636034,24,1400,145468,4
DEQ,948865565727854,24,1400,120956,3
DEQ,948865565730609,24,1400,115197,2
DEQ,948865565817089,24,1400,197078,3
DEQ,948865565819823,24,1400,197791,2
DEQ,948865565840011,24,1400,104129,3
DEQ,948865565952132,24,1400,207643,4
DEQ,948865565954804,24,1400,130082,3
DEQ,948865565979436,24,1400,150807,4
DEQ,948865566050189,24,1400,208143,3
DEQ,948865566069336,24,1400,225193,4
DEQ,948865566136096,24,1400,176190,3
DEQ,948865566155205,24,1400,180210,4
DEQ,948865566282689,24,1400,221792,3
DEQ,948865566310806,24,1400,246036,4
DEQ,948865566390156,24,1400,246997,3
DEQ,948865566409111,24,1400,261899,4
DEQ,948865566550246,24,1400,260487,3
DEQ,948865566569310,24,1400,263360,4
DEQ,948865566705398,24,1400,308309,3
DEQ,948865566708149,24,1400,303631,2
DEQ,948865566788673,24,1400,231384,3
DEQ,948865566791419,24,1400,226592,2
DEQ,948865566814678,24,1400,101568,3
DEQ,948865566888584,24,1400,171457,4
DEQ,948865566965351,24,1400,169061,3
DEQ,948865566991661,24,1400,181695,4
DEQ,948865567098330,24,1400,282028,3
DEQ,948865567101179,24,1400,283153,2
DEQ,948865567189877,24,1400,217399,3
DEQ,948865567209343,24,1400,232897,4
DEQ,948865567353772,24,1400,247540,3
DEQ,948865567356456,24,1400,242284,2
DEQ,948865567441693,24,1400,244605,3
DEQ,948865567448743,24,1400,247753,2
DEQ,948865567590407,24,1400,228860,3
DEQ,948865567593134,24,1400,220923,2
DEQ,948865567617213,24,1400,164492,3
DEQ,948865567697089,24,1400,240315,4
DEQ,948865567699810,24,1400,101555,3
DEQ,948865567788326,24,1400,186136,4
DEQ,948865567791161,24,1400,171637,3
DEQ,948865567874412,24,1400,252660,4
DEQ,948865567938375,24,1400,233491,3
DEQ,948865567941215,24,1400,232321,2
DEQ,948865568026172,24,1400,229959,3
DEQ,948865568103845,24,1400,296679,4
DEQ,948865568106665,24,1400,160369,3
DEQ,948865568189598,24,1400,234457,4
DEQ,948865568192423,24,1400,158976,3
DEQ,948865568217703,24,1400,180390,4
DEQ,948865568286002,24,1400,174279,3
DEQ,948865568304912,24,1400,186117,4
DEQ,948865568393293,24,1400,195737,3
DEQ,948865568396133,24,1400,183340,2
DEQ,948865568396613,24,1400,103388,1
DEQ,948865568422664,24,1400,122341,4
DEQ,948865568504952,24,1400,103255,3
DEQ,948865568524818,24,1400,118994,4
DEQ,948865568617449,24,1400,206663,3
DEQ,948865568621135,24,1400,208407,2
DEQ,948865568696195,24,1400,184082,3
DEQ,948865568699036,24,1400,182873,2
DEQ,948865568784434,24,1400,158530,3
DEQ,948865568787246,24,1400,157279,2
DEQ,948865568875086,24,1400,170907,3
DEQ,948865568877832,24,1400,163698,2
DEQ,948865568955169,24,1400,162859,3
DEQ,948865569036967,24,1400,232850,4
DEQ,948865569039823,24,1400,157038,3
DEQ,948865569057000,24,1400,164918,4
DEQ,948865569150073,24,1400,187929,3
DEQ,948865569152746,24,1400,186631,2
DEQ,948865569243018,24,1400,194446,3
DEQ,948865569245811,24,1400,193283,2
DEQ,948865569320071,24,1400,162375,3
DEQ,948865569322923,24,1400,161282,2
DEQ,948865569339533,24,1400,88700,3
DEQ,948865569425432,24,1400,170499,4
DEQ,948865569429384,24,1400,97786,3
DEQ,948865569510278,24,1400,174867,4
DEQ,948865569513132,24,1400,171101,3
DEQ,948865569592512,24,1400,248205,4
DEQ,948865569595414,24,1400,155605,3
DEQ,948865569702036,24,1400,259432,4
DEQ,948865569704725,24,1400,186626,3
DEQ,948865569787240,24,1400,265138,4
DEQ,948865569790008,24,1400,189646,3
DEQ,948865569806672,24,1400,197732,4
DEQ,948865569881601,24,1400,171999,3
DEQ,948865569900474,24,1400,186840,4
DEQ,948865569994161,24,1400,195882,3
DEQ,948865569996884,24,1400,194583,2
DEQ,948865570071877,24,1400,183506,3
DEQ,948865570074611,24,1400,182302,2
DEQ,948865570161768,24,1400,159990,3
DEQ,948865570245019,24,1400,239158,4
DEQ,948865570247947,24,1400,168518,3
DEQ,948865570265449,24,1400,176535,4
DEQ,948865570375490,24,1400,207062,3
DEQ,948865570378501,24,1400,206160,2
DEQ,948865570454391,24,1400,201457,3
DEQ,948865570457242,24,1400,196547,2
DEQ,948865570539861,24,1400,156233,3
DEQ,948865570542668,24,1400,154948,2
DEQ,948865570623646,24,1400,161499,3
DEQ,948865570627158,24,1400,160971,2
DEQ,948865570740958,24,1400,193269,3
DEQ,948865570743707,24,1400,192013,2
DEQ,948865570818746,24,1400,186754,3
DEQ,948865570821623,24,1400,185784,2
DEQ,948865570907083,24,1400,158324,3
DEQ,948865570909916,24,1400,157118,2
DEQ,948865570991777,24,1400,165273,3
DEQ,948865570994637,24,1400,155900,2
DEQ,948865571011650,24,1400,96957,3
DEQ,948865571088038,24,1400,169402,4
DEQ,948865571090875,24,1400,91291,3
DEQ,948865571165705,24,1400,161929,4
DEQ,948865571176493,24,1400,162399,3
DEQ,948865770265430,24,1400,199249285,5
DEQ,948865770267983,24,1400,199172200,4
DEQ,948865770269509,24,1400,199169637,3
DEQ,948865770374671,24,1400,199193621,4
DEQ,948865770375586,24,1400,199190469,3
DEQ,948865770376112,24,84,37989388,2
DEQ,948865770376651,24,1400,103215,1
DEQ,948865770402832,24,1400,125462,4
DEQ,948865770497424,24,1400,114109,3
DEQ,948865770501506,24,1400,113657,2
DEQ,948865770604200,24,1400,211157,3
DEQ,948865770607403,24,1400,212057,2
DEQ,948865770640534,24,1400,134378,3
DEQ,948865770733656,24,1400,222910,4
DEQ,948865770736321,24,1400,119658,3
DEQ,948865770752948,24,1400,128994,4
DEQ,948865770847259,24,1400,205000,3
DEQ,948865770850629,24,1400,206134,2
DEQ,948865770885529,24,1400,144388,3
DEQ,948865770972090,24,1400,223799,4
DEQ,948865770974847,24,1400,115385,3
DEQ,948865771009387,24,1400,143683,4
DEQ,948865771092537,24,1400,205183,3
DEQ,948865771095915,24,1400,206311,2
DEQ,948865771126022,24,1400,146337,3
DEQ,948865771216675,24,1400,222125,4
DEQ,948865771219983,24,1400,118426,3
DEQ,948865771252843,24,1400,143547,4
DEQ,948865771342266,24,1400,212466,3
DEQ,948865771346434,24,1400,214260,2
DEQ,948865771445905,24,1400,220148,3
DEQ,948865771449183,24,1400,212701,2
DEQ,948865771468666,24,1400,116765,3
DEQ,948865771565828,24,1400,202397,4
DEQ,948865771572208,24,1400,113347,3
DEQ,948865771590694,24,1400,127547,4
DEQ,948865771672557,24,1400,201219,3
DEQ,948865771678969,24,1400,205383,2
DEQ,948865771708053,24,1400,130987,3
DEQ,948865771805401,24,1400,219492,4
DEQ,948865771808084,24,1400,124196,3
DEQ,948865771808564,24,1400,115499,2
DEQ,948865771838092,24,1400,128358,3
DEQ,948865771921045,24,1400,209415,4
DEQ,948865772001656,24,1400,184597,3
DEQ,948865772008861,24,1400,187787,2
DEQ,948865772010621,24,1400,170753,1
DEQ,948865772117798,24,1400,273578,4
DEQ,948865772125788,24,1400,110484,3
DEQ,948865772215829,24,1400,196193,4
DEQ,948865772219143,24,1400,193548,3
DEQ,948865772249203,24,1400,221364,4
DEQ,948865772335809,24,1400,204204,3
DEQ,948865772338974,24,1400,202923,2
DEQ,948865772367803,24,1400,142682,3
DEQ,948865772471977,24,1400,234776,4
DEQ,948865772556693,24,1400,212200,3
DEQ,948865772567581,24,1400,218580,2
DEQ,948865772569007,24,1400,185518,1
DEQ,948865772684082,24,1400,291949,4
DEQ,948865772686863,24,1400,113977,3
DEQ,948865772715844,24,1400,137382,4
DEQ,948865772794144,24,1400,200041,3
DEQ,948865772797469,24,1400,201246,2
DEQ,948865772824696,24,1400,133041,3
DEQ,948865772911010,24,1400,215375,4
DEQ,948865772991673,24,1400,188293,3
DEQ,948865772995003,24,1400,175302,2
DEQ,948865773021443,24,1400,194050,3
DEQ,948865773105843,24,1400,276245,4
DEQ,948865773109151,24,1400,108483,3
DEQ,948865773136159,24,1400,120587,4
DEQ,948865773220275,24,1400,196074,3
DEQ,948865773222978,24,1400,196629,2
DEQ,948865773223489,24,1400,108547,1
DEQ,948865773264426,24,1400,145013,4
DEQ,948865773340651,24,1400,112234,3
DEQ,948865773343358,24,1400,106423,2
DEQ,948865773375535,24,1400,117262,3
DEQ,948865773456842,24,1400,196391,4
DEQ,948865773459549,24,1400,111390,3
DEQ,948865773550006,24,1400,193017,4
DEQ,948865773553331,24,1400,176147,3
DEQ,948865773579813,24,1400,200494,4
DEQ,948865773666520,24,1400,202190,3
DEQ,948865773669842,24,1400,201498,2
DEQ,948865773697161,24,1400,138008,3
DEQ,948865773792153,24,1400,217548,4
DEQ,948865773795460,24,1400,119944,3
DEQ,948865773822449,24,1400,142442,4
DEQ,948865773905651,24,1400,204660,3
DEQ,948865773912696,24,1400,209335,2
DEQ,948865773915326,24,1400,114081,1
DEQ,948865774015230,24,1400,209492,4
DEQ,948865774025482,24,1400,105445,3
DEQ,948865774066238,24,1400,141868,4
DEQ,948865774143725,24,1400,213646,3
DEQ,948865774146483,24,1400,214458,2
DEQ,948865774162828,24,1400,123470,3
DEQ,948865774259519,24,1400,217623,4
DEQ,948865774355913,24,1400,201578,3
DEQ,948865774375350,24,1400,217139,4
DEQ,948865774483551,24,1400,319022,3
DEQ,948865774486186,24,1400,305469,2
DEQ,948865774584336,24,1400,218066,3
DEQ,948865774587685,24,1400,217640,2
DEQ,948865774681611,24,1400,190592,3
DEQ,948865774684913,24,1400,189903,2
DEQ,948865774712058,24,1400,118747,3
DEQ,948865774803227,24,1400,205450,4
DEQ,948865774806642,24,1400,115812,3
DEQ,948865774833795,24,1400,127384,4
DEQ,948865774942504,24,1400,227700,3
DEQ,948865774946701,24,1400,229799,2
DEQ,948865775036977,24,1400,224429,3
DEQ,948865775040151,24,1400,223017,2
DEQ,948865775076965,24,1400,124672,3
DEQ,948865775166430,24,1400,209598,4
DEQ,948865775169127,24,1400,120595,3
DEQ,948865970265226,24,1400,195193657,4
DEQ,948865970268389,24,1400,195189440,3
DEQ,948865970269004,24,1400,195187895,2
DEQ,948865970295207,24,1400,195121281,3
DEQ,948865970391179,24,1400,195213216,4
DEQ,948865970392036,24,1400,116707,3
DEQ,948865970485028,24,1400,205360,4
DEQ,948865970487893,24,1400,190112,3
DEQ,948865970505775,24,1400,205340,4
DEQ,948865970640727,24,1400,243803,3
DEQ,948865970643510,24,1400,242382,2
DEQ,948865970668340,24,1400,174884,3
DEQ,948865970766546,24,1400,265312,4
DEQ,948865970769418,24,1400,120489,3
DEQ,948865970861640,24,1400,208564,4
DEQ,948865970864417,24,1400,193597,3
DEQ,948865970942446,24,1400,269459,4
DEQ,948865970945289,24,1400,170346,3
DEQ,948865971017346,24,1400,238256,4
DEQ,948865971020041,24,1400,150892,3
DEQ,948865971037506,24,1400,164327,4
DEQ,948865971124271,24,1400,173992,3
DEQ,948865971127097,24,1400,172832,2
DEQ,948865971199513,24,1400,174658,3
DEQ,948865971202356,24,1400,173479,2
DEQ,948865971292353,24,1400,160460,3
DEQ,948865971295393,24,1400,159420,2
DEQ,948865971378924,24,1400,171736,3
DEQ,948865971385303,24,1400,169148,2
DEQ,948865971386898,24,1400,86328,1
DEQ,948865971468411,24,1400,163661,4
DEQ,948865971471266,24,1400,79409,3
DEQ,948865971499347,24,1400,102123,4
DEQ,948865971584471,24,1400,181676,3
DEQ,948865971587130,24,1400,182284,2
DEQ,948865971588692,24,1400,112587,1
DEQ,948865971675284,24,1400,187088,4
DEQ,948865971678066,24,1400,84604,3
DEQ,948865971751661,24,1400,154281,4
DEQ,948865971766119,24,1400,162988,3
DEQ,948865971848076,24,1400,242943,4
DEQ,948865971912102,24,1400,229208,3
DEQ,948865971988916,24,1400,301984,4
DEQ,948865971991755,24,1400,220131,3
DEQ,948865972013831,24,1400,237982,4
DEQ,948865972090976,24,1400,171985,3
DEQ,948865972093767,24,1400,170703,2
DEQ,948865972172629,24,1400,176053,3
DEQ,948865972175457,24,1400,166512,2
DEQ,948865972199356,24,1400,100333,3
DEQ,948865972279421,24,1400,176403,4
DEQ,948865972294013,24,1400,113494,3
DEQ,948865972411195,24,1400,216305,4
DEQ,948865972478518,24,1400,276847,3
DEQ,948865972481495,24,1400,277858,2
DEQ,948865972555124,24,1400,255900,3
DEQ,948865972557935,24,1400,254637,2
DEQ,948865972594521,24,1400,108159,3
DEQ,948865972634130,24,1400,143789,4
DEQ,948865972684679,24,1400,121953,3
DEQ,948865972724947,24,1400,152833,4
DEQ,948865972771736,24,1400,174821,3
DEQ,948865972811683,24,1400,212702,4
DEQ,948865972858857,24,1400,171866,3
DEQ,948865972924681,24,1400,235716,4
DEQ,948865972964626,24,1400,190922,3
DEQ,948865973011306,24,1400,235565,4
DEQ,948865973115211,24,1400,254203,3
DEQ,948865973118105,24,1400,255066,2
DEQ,948865973193279,24,1400,226455,3
DEQ,948865973196128,24,1400,227377,2
DEQ,948865973285634,24,1400,162766,3
DEQ,948865973288468,24,1400,161665,2
DEQ,948865973368297,24,1400,167231,3
DEQ,948865973371115,24,1400,158033,2
DEQ,948865973446799,24,1400,153427,3
DEQ,948865973449664,24,1400,145613,2
DEQ,948865973538188,24,1400,162244,3
DEQ,948865973541035,24,1400,161189,2
DEQ,948865973624674,24,1400,170077,3
DEQ,948865973649211,24,1400,185195,4
DEQ,948865973731876,24,1400,185905,3
DEQ,948865973750765,24,1400,195717,4
DEQ,948865973846753,24,1400,215237,3
DEQ,948865973849643,24,1400,205040,2
DEQ,948865973928206,24,1400,186184,3
DEQ,948865973954294,24,1400,208209,4
DEQ,948865974026591,24,1400,172113,3
DEQ,948865974045630,24,1400,182653,4
DEQ,948865974179683,24,1400,244541,3
DEQ,948865974198856,24,1400,249077,4
DEQ,948865974332629,24,1400,299254,3
DEQ,948865974335495,24,1400,294772,2
DEQ,948865974416450,24,1400,229829,3
DEQ,948865974419145,24,1400,228588,2
DEQ,948865974502234,24,1400,162025,3
DEQ,948865974508438,24,1400,163946,2
DEQ,948865974510717,24,1400,86755,1
DEQ,948865974595085,24,1400,167143,4
DEQ,948865974597906,24,1400,82676,3
DEQ,948865974624556,24,1400,105428,4
DEQ,948865974709461,24,1400,184635,3
DEQ,948865974712263,24,1400,185399,2
DEQ,948865974712826,24,1400,110102,1
DEQ,948865974814327,24,1400,201413,4
DEQ,948865974816886,24,1400,99159,3
DEQ,948865974906041,24,1400,180187,4
DEQ,948865974908547,24,1400,178265,3
DEQ,948865974995052,24,1400,262720,4
DEQ,948865974997892,24,1400,165602,3
DEQ,948865975071642,24,1400,236674,4
DEQ,948865975074459,24,1400,157024,3
DEQ,948865975170087,24,1400,249731,4
DEQ,948865975172785,24,1400,169908,3
DEQ,948865975196844,24,1400,189900,4
DEQ,948865975276695,24,1400,197145,3
DEQ,948865975295657,24,1400,206856,4
DEQ,948865975413998,24,1400,236485,3
DEQ,948865975493332,24,1400,311902,4
DEQ,948865975496174,24,1400,212536,3
DEQ,948865975512881,24,1400,221714,4
DEQ,948865975593668,24,1400,172772,3
DEQ,948865975596521,24,1400,171782,2
DEQ,948865975672951,24,1400,171909,3
DEQ,948865975675797,24,1400,167412,2
DEQ,948865975783788,24,1400,182162,3
STATS,948866076020187,5,7000,15568,15563,0,0,0
DEQ,948866175214306,24,1400,199604649,4
DEQ,948866175217340,24,1400,199536423,3
DEQ,948866175274492,24,1400,199584800,4
DEQ,948866175362247,24,1400,199571588,3
DEQ,948866175363135,24,1400,199562425,2
DEQ,948866175474662,24,1400,221099,3
DEQ,948866175477807,24,1400,208694,2
DEQ,948866175478346,24,1400,109822,1
DEQ,948866175509395,24,1400,136651,4
DEQ,948866175617220,24,1400,133253,3
DEQ,948866175619897,24,1400,128790,2
DEQ,948866175637156,24,1400,140875,3
DEQ,948866175739099,24,1400,240706,4
DEQ,948866175741815,24,1400,117056,3
DEQ,948866175765647,24,1400,132817,4
DEQ,948866175846683,24,1400,207942,3
DEQ,948866175849471,24,1400,209025,2
DEQ,948866175871329,24,1400,124721,3
DEQ,948866175952428,24,1400,191630,4
DEQ,948866175955217,24,1400,100951,3
DEQ,948866176033298,24,1400,166546,4
DEQ,948866176036035,24,1400,163188,3
DEQ,948866176112487,24,1400,237652,4
DEQ,948866176115317,24,1400,155292,3
DEQ,948866176190800,24,1400,226820,4
DEQ,948866176193613,24,1400,152730,3
DEQ,948866176282420,24,1400,237483,4
DEQ,948866176285285,24,1400,165230,3
DEQ,948866176357230,24,1400,233271,4
DEQ,948866176360042,24,1400,161444,3
DEQ,948866176453862,24,1400,251211,4
DEQ,948866176539002,24,1400,248802,3
DEQ,948866176541583,24,1400,247400,2
DEQ,948866176543014,24,1400,178221,1
DEQ,948866176631499,24,1400,257535,4
DEQ,948866176634231,24,1400,87183,3
DEQ,948866176720963,24,1400,169936,4
DEQ,948866176723818,24,1400,167422,3
DEQ,948866176804881,24,1400,246616,4
DEQ,948866176807683,24,1400,168687,3
DEQ,948866176883984,24,1400,232991,4
DEQ,948866176886802,24,1400,158101,3
DEQ,948866176972444,24,1400,239732,4
DEQ,948866176975261,24,1400,162386,3
DEQ,948866177060920,24,1400,244021,4
DEQ,948866177063758,24,1400,172099,3
DEQ,948866177139112,24,1400,238185,4
DEQ,948866177141965,24,1400,161821,3
DEQ,948866177215671,24,1400,231413,4
DEQ,948866177218672,24,1400,149909,3
DEQ,948866177300815,24,1400,228042,4
DEQ,948866177303615,24,1400,156828,3
DEQ,948866177377475,24,1400,226230,4
DEQ,948866177380305,24,1400,156761,3
DEQ,948866177455750,24,1400,223945,4
DEQ,948866177458617,24,1400,150110,3
DEQ,948866177538060,24,1400,225592,4
DEQ,948866177540870,24,1400,155710,3
DEQ,948866177620728,24,1400,231554,4
DEQ,948866177623547,24,1400,159956,3
DEQ,948866177695657,24,1400,221914,4
DEQ,948866177698493,24,1400,152839,3
DEQ,948866177787946,24,1400,233189,4
DEQ,948866177790750,24,1400,162257,3
DEQ,948866177873937,24,1400,241482,4
DEQ,948866177938653,24,1400,235198,3
DEQ,948866177941412,24,1400,228699,2
DEQ,948866178016544,24,1400,220928,3
DEQ,948866178019314,24,1400,214632,2
DEQ,948866178106665,24,1400,160196,3
DEQ,948866178109415,24,1400,158914,2
DEQ,948866178191427,24,1400,166950,3
DEQ,948866178217090,24,1400,180481,4
DEQ,948866178300618,24,1400,186483,3
DEQ,948866178303357,24,1400,179785,2
DEQ,948866178383932,24,1400,185705,3
DEQ,948866178402749,24,1400,190192,4
DEQ,948866178509170,24,1400,200930,3
DEQ,948866178512047,24,1400,199731,2
DEQ,948866178536371,24,1400,145693,3
DEQ,948866178587212,24,1400,189287,4
DEQ,948866178627507,24,1400,110309,3
DEQ,948866178667614,24,1400,146364,4
DEQ,948866178713074,24,1400,174076,3
DEQ,948866178747067,24,1400,205999,4
DEQ,948866178789160,24,1400,159630,3
DEQ,948866178829493,24,1400,197946,4
DEQ,948866178869437,24,1400,154315,3
DEQ,948866178937200,24,1400,220052,4
DEQ,948866178977624,24,1400,186404,3
DEQ,948866179068773,24,1400,275620,4
DEQ,948866179142277,24,1400,270771,3
DEQ,948866179166738,24,1400,293261,4
DEQ,948866179249493,24,1400,269668,3
DEQ,948866179252302,24,1400,270533,2
DEQ,948866179325836,24,1400,176615,3
DEQ,948866179344815,24,1400,182696,4
DEQ,948866179476632,24,1400,219621,3
DEQ,948866179479396,24,1400,218268,2
DEQ,948866179563109,24,1400,226778,3
DEQ,948866179582103,24,1400,241741,4
DEQ,948866179712350,24,1400,228261,3
DEQ,948866179715104,24,1400,218694,2
DEQ,948866179794165,24,1400,224331,3
DEQ,948866179813122,24,1400,235613,4
DEQ,948866179956590,24,1400,236708,3
DEQ,948866179959287,24,1400,235367,2
DEQ,948866180045292,24,1400,244237,3
DEQ,948866180047958,24,1400,242887,2
DEQ,948866180085511,24,1400,121609,3
DEQ,948866180170053,24,1400,202075,4
DEQ,948866180215708,24,1400,158242,3
DEQ,948866180250368,24,1400,188026,4
DEQ,948866180311785,24,1400,224641,3
DEQ,948866180357864,24,1400,268697,4
DEQ,948866180391868,24,1400,174148,3
DEQ,948866180457787,24,1400,237892,4
DEQ,948866180498138,24,1400,184329,3
DEQ,948866180545727,24,1400,229936,4
DEQ,948866180578338,24,1400,184376,3
DEQ,948866180618351,24,1400,222434,4
DEQ,948866180660785,24,1400,160694,3
DEQ,948866180702977,24,1400,200748,4
DEQ,948866180741737,24,1400,161042,3
DEQ,948866180778355,24,1400,195691,4
DEQ,948866180820719,24,1400,157847,3
DEQ,948866180861752,24,1400,196909,4
DEQ,948866180898314,24,1400,154543,3
DEQ,948866180940089,24,1400,194247,4
DEQ,948866180978306,24,1400,155340,3
DEQ,948866181018151,24,1400,193200,4
DEQ,948866181059901,24,1400,159343,3
DEQ,948866181100302,24,1400,197794,4
DEQ,948866181140128,24,1400,159787,3
DEQ,948866181206744,24,1400,224370,4
DEQ,948866181248097,24,1400,186198,3
DEQ,948866181295638,24,1400,231672,4
DEQ,948866181327902,24,1400,185830,3
DEQ,948866181368163,24,1400,224066,4
DEQ,948866181408093,24,1400,157957,3
DEQ,948866181448065,24,1400,195894,4
DEQ,948866181491467,24,1400,161350,3
DEQ,948866380287268,24,1400,198955153,4
DEQ,948866380290044,24,1400,198879842,3
DEQ,948866380290610,24,1400,198878450,2
DEQ,948866380313346,24,1400,198819782,3
DEQ,948866380413354,24,1400,198917840,4
DEQ,948866380414227,24,1400,116998,3
DEQ,948866380431490,24,1400,129771,4
DEQ,948866380535677,24,1400,220351,3
DEQ,948866380538445,24,1400,220473,2
DEQ,948866380618056,24,1400,198830,3
DEQ,948866380620878,24,1400,194084,2
DEQ,948866380693070,24,1400,149783,3
DEQ,948866380695930,24,1400,148692,2
DEQ,948866380782277,24,1400,156569,3
DEQ,948866380785125,24,1400,155512,2
DEQ,948866380866201,24,1400,165312,3
DEQ,948866380869726,24,1400,157033,2
DEQ,948866380948558,24,1400,158457,3
DEQ,948866380951414,24,1400,157295,2
DEQ,948866381035768,24,1400,162090,3
DEQ,948866381119366,24,1400,241880,4
DEQ,948866381122239,24,1400,165835,3
DEQ,948866381138447,24,1400,173822,4
DEQ,948866381228234,24,1400,185617,3
DEQ,948866381231092,24,1400,184394,2
DEQ,948866381231567,24,1400,104545,1
DEQ,948866381261262,24,1400,126934,4
DEQ,948866381338962,24,1400,102157,3
DEQ,948866381345263,24,1400,104490,2
DEQ,948866381347537,24,1400,101870,1
DEQ,948866381433026,24,1400,185750,4
DEQ,948866381435882,24,1400,83836,3
DEQ,948866381457431,24,1400,94964,4
DEQ,948866381535483,24,1400,167191,3
DEQ,948866381553913,24,1400,183562,4
DEQ,948866381660001,24,1400,219196,3
DEQ,948866381662852,24,1400,210045,2
DEQ,948866381740630,24,1400,198302,3
DEQ,948866381743433,24,1400,194116,2
DEQ,948866381818119,24,1400,150243,3
DEQ,948866381820925,24,1400,148995,2
DEQ,948866381901166,24,1400,152834,3
DEQ,948866381904017,24,1400,151673,2
DEQ,948866381925262,24,1400,99462,3
DEQ,948866382002027,24,1400,169088,4
DEQ,948866382004902,24,1400,95990,3
DEQ,948866382076417,24,1400,155535,4
DEQ,948866382079238,24,1400,151664,3
DEQ,948866382161156,24,1400,231423,4
DEQ,948866382163984,24,1400,153990,3
DEQ,948866382180444,24,1400,166419,4
DEQ,948866382255044,24,1400,171031,3
DEQ,948866382274170,24,1400,186283,4
DEQ,948866382364763,24,1400,192527,3
DEQ,948866382367558,24,1400,191344,2
DEQ,948866382443141,24,1400,181242,3
DEQ,948866382445910,24,1400,180036,2
DEQ,948866382523794,24,1400,151371,3
DEQ,948866382526614,24,1400,150159,2
DEQ,948866382559124,24,1400,108335,3
DEQ,948866382598709,24,1400,144011,4
DEQ,948866382659588,24,1400,128168,3
DEQ,948866382700072,24,1400,164645,4
DEQ,948866382743168,24,1400,181573,3
DEQ,948866382780069,24,1400,216399,4
DEQ,948866382820111,24,1400,158418,3
DEQ,948866382860176,24,1400,196408,4
DEQ,948866382908866,24,1400,163747,3
DEQ,948866382943629,24,1400,196734,4
DEQ,948866382982902,24,1400,160590,3
DEQ,948866383023234,24,1400,198954,4
DEQ,948866383082520,24,1400,164772,3
DEQ,948866383122996,24,1400,203200,4
DEQ,948866383162795,24,1400,177806,3
DEQ,948866383202612,24,1400,215751,4
DEQ,948866383242867,24,1400,158108,3
DEQ,948866383289509,24,1400,202620,4
DEQ,948866383335271,24,1400,170404,3
DEQ,948866383369633,24,1400,202721,4
DEQ,948866383413545,24,1400,168608,3
DEQ,948866383452768,24,1400,205767,4
DEQ,948866383508880,24,1400,171320,3
DEQ,948866383537217,24,1400,197628,4
DEQ,948866383580433,24,1400,164694,3
DEQ,948866383623098,24,1400,205237,4
DEQ,948866383673468,24,1400,161788,3
DEQ,948866383712911,24,1400,199144,4
DEQ,948866383772326,24,1400,189290,3
DEQ,948866383812827,24,1400,227585,4
DEQ,948866383859528,24,1400,184114,3
DEQ,948866383925260,24,1400,247836,4
DEQ,948866383972488,24,1400,198073,3
DEQ,948866384005526,24,1400,229175,4
DEQ,948866384048184,24,1400,186541,3
DEQ,948866384096473,24,1400,232876,4
DEQ,948866384137383,24,1400,162894,3
DEQ,948866384177547,24,1400,200996,4
DEQ,948866384218273,24,1400,168047,3
DEQ,948866384258528,24,1400,206283,4
DEQ,948866384305158,24,1400,165591,3
DEQ,948866384338634,24,1400,197123,4
DEQ,948866384378626,24,1400,158243,3
DEQ,948866384418744,24,1400,196364,4
DEQ,948866384420065,24,1400,112784,3
DEQ,948866384459072,24,1400,149827,4
DEQ,948866384498221,24,1400,117152,3
DEQ,948866384538668,24,1400,155580,4
DEQ,948866384539914,24,1400,118415,3
DEQ,948866384586249,24,1400,162790,4
DEQ,948866384626647,24,1400,126406,3
DEQ,948866384666663,24,1400,164393,4
DEQ,948866384712993,24,1400,171525,3
DEQ,948866384746373,24,1400,202951,4
DEQ,948866384789155,24,1400,160391,3
DEQ,948866384835003,24,1400,204512,4
DEQ,948866384869478,24,1400,154234,3
DEQ,948866384937050,24,1400,219819,4
DEQ,948866384977631,24,1400,186151,3
DEQ,948866385017159,24,1400,223739,4
DEQ,948866385082156,24,1400,210516,3
DEQ,948866385123078,24,1400,249399,4
DEQ,948866385163001,24,1400,183202,3
DEQ,948866385203217,24,1400,221358,4
DEQ,948866580264722,24,1400,195180471,3
DEQ,948866580267827,24,1400,195181612,2
DEQ,948866580268507,24,1400,195103303,1
DEQ,948866580293842,24,1400,195126612,4
DEQ,948866580389916,24,1400,115360,3
DEQ,948866580390916,24,1400,111649,2
DEQ,948866580391382,24,1400,106756,1
DEQ,948866580414989,24,1400,124224,4
DEQ,948866580516788,24,1400,120127,3
DEQ,948866580520010,24,1400,119166,2
DEQ,948866580520712,24,1400,114965,1
DEQ,948866580608404,24,1400,196973,4
DEQ,948866580611611,24,1400,85054,3
DEQ,948866580706333,24,1400,175722,4
DEQ,948866580709064,24,1400,173525,3
DEQ,948866580799007,24,1400,261501,4
DEQ,948866580801730,24,1400,184576,3
DEQ,948866580819004,24,1400,194154,4
DEQ,948866580926458,24,1400,212350,3
DEQ,948866580929036,24,1400,210998,2
DEQ,948866580931158,24,1400,124643,1
DEQ,948866580966124,24,1400,155049,4
DEQ,948866581036390,24,1400,96422,3
DEQ,948866581051378,24,1400,107375,2
DEQ,948866581152107,24,1400,203108,3
DEQ,948866581155264,24,1400,204185,2
DEQ,948866581157029,24,1400,99046,1
DEQ,948866581259577,24,1400,197113,4
DEQ,948866581262257,24,1400,99688,3
DEQ,948866581263751,24,1400,96933,2
DEQ,948866581357051,24,1400,183424,3
DEQ,948866581359922,24,1400,184167,2
DEQ,948866581443138,24,1400,174545,3
DEQ,948866581445871,24,1400,173325,2
DEQ,948866581535596,24,1400,170311,3
DEQ,948866581538322,24,1400,168880,2
DEQ,948866581538792,24,1400,88055,1
DEQ,948866581624623,24,1400,169683,4
DEQ,948866581628175,24,1400,84540,3
DEQ,948866581713903,24,1400,166391,4
DEQ,948866581716652,24,1400,164206,3
DEQ,948866581797101,24,1400,242243,4
DEQ,948866581799784,24,1400,167454,3
DEQ,948866581822668,24,1400,186422,4
DEQ,948866581913167,24,1400,191679,3
DEQ,948866581917055,24,1400,191493,2
DEQ,948866582013182,24,1400,208553,3
DEQ,948866582016193,24,1400,197689,2
DEQ,948866582094410,24,1400,173172,3
DEQ,948866582097460,24,1400,172022,2
DEQ,948866582181188,24,1400,159615,3
DEQ,948866582184026,24,1400,158417,2
DEQ,948866582208904,24,1400,106159,3
DEQ,948866582294474,24,1400,183639,4
DEQ,948866582308918,24,1400,120161,3
DEQ,948866582448588,24,1400,244279,4
DEQ,948866582451148,24,1400,240068,3
DEQ,948866582452635,24,1400,239766,2
DEQ,948866582532985,24,1400,219770,3
DEQ,948866582535726,24,1400,218390,2
DEQ,948866582617741,24,1400,161224,3
DEQ,948866582620777,24,1400,160267,2
DEQ,948866582699552,24,1400,159011,3
DEQ,948866582702282,24,1400,157910,2
DEQ,948866582779505,24,1400,153884,3
DEQ,948866582782384,24,1400,152906,2
DEQ,948866582858540,24,1400,151521,3
DEQ,948866582861365,24,1400,150473,2
DEQ,948866582935421,24,1400,148159,3
DEQ,948866582938254,24,1400,147114,2
DEQ,948866582963213,24,1400,96945,3
DEQ,948866583033654,24,1400,163574,4
DEQ,948866583096705,24,1400,153691,3
DEQ,948866583099550,24,1400,141074,2
DEQ,948866583172912,24,1400,207345,3
DEQ,948866583175666,24,1400,208082,2
DEQ,948866583261536,24,1400,157139,3
DEQ,948866583264234,24,1400,155829,2
DEQ,948866583286953,24,1400,106380,3
DEQ,948866583369308,24,1400,184838,4
DEQ,948866583372165,24,1400,103169,3
DEQ,948866583388865,24,1400,106250,4
DEQ,948866583462912,24,1400,174450,3
DEQ,948866583465719,24,1400,175411,2
DEQ,948866583542054,24,1400,165088,3
DEQ,948866583544857,24,1400,160385,2
DEQ,948866583627187,24,1400,156569,3
DEQ,948866583630013,24,1400,155439,2
DEQ,948866583705404,24,1400,155677,3
DEQ,948866583708257,24,1400,154605,2
DEQ,948866583739301,24,1400,104398,3
DEQ,948866583822929,24,1400,184035,4
DEQ,948866583825661,24,1400,112619,3
DEQ,948866583849452,24,1400,125449,4
DEQ,948866583938843,24,1400,196165,3
DEQ,948866583957146,24,1400,212553,4
DEQ,948866584100219,24,1400,269882,3
DEQ,948866584102947,24,1400,268578,2
DEQ,948866584178827,24,1400,233089,3
DEQ,948866584181656,24,1400,231988,2
DEQ,948866584285406,24,1400,177655,3
DEQ,948866584368501,24,1400,256790,4
DEQ,948866584371344,24,1400,184870,3
DEQ,948866584387770,24,1400,192742,4
DEQ,948866584468126,24,1400,175791,3
DEQ,948866584470975,24,1400,174765,2
DEQ,948866584563752,24,1400,187609,3
DEQ,948866584566553,24,1400,183244,2
DEQ,948866584589893,24,1400,113954,3
DEQ,948866584633400,24,1400,148454,4
DEQ,948866584683524,24,1400,111956,3
DEQ,948866584722886,24,1400,147352,4
DEQ,948866584770349,24,1400,178829,3
DEQ,948866584810033,24,1400,216531,4
DEQ,948866584850248,24,1400,164371,3
DEQ,948866584890292,24,1400,202335,4
DEQ,948866584932183,24,1400,159694,3
DEQ,948866584970440,24,1400,195915,4
DEQ,948866584971708,24,1400,119351,3
DEQ,948866585012111,24,1400,157773,4
DEQ,948866585089229,24,1400,154933,3
DEQ,948866585092053,24,1400,155625,2
DEQ,948866585178326,24,1400,205087,3
DEQ,948866585181195,24,1400,205951,2
DEQ,948866585198117,24,1400,101294,3
DEQ,948866585296292,24,1400,190392,4
DEQ,948866585299036,24,1400,113029,3
DEQ,948866585318959,24,1400,129028,4
DEQ,948866585424629,24,1400,224131,3
DEQ,948866585427683,24,1400,225091,2
DEQ,948866785278913,24,1400,199975101,4
DEQ,948866785295552,24,1400,199987686,3
DEQ,948866785297197,24,1400,199864624,2
DEQ,948866785392773,24,1400,199952038,5
DEQ,948866785393565,24,84,51654071,4
DEQ,948866785399910,24,1400,98402,3
DEQ,948866785501805,24,1400,188335,4
DEQ,948866785504824,24,1400,185368,3
DEQ,948866785612795,24,1400,291261,4
DEQ,948866785616294,24,1400,212444,3
DEQ,948866785696148,24,1400,288187,4
DEQ,948866785698875,24,1400,188553,3
DEQ,948866785788202,24,1400,265694,4
DEQ,948866785790954,24,1400,170365,3
DEQ,948866785871013,24,1400,246178,4
DEQ,948866785962249,24,1400,258570,3
DEQ,948866785965022,24,1400,251679,2
DEQ,948866786046882,24,1400,251080,3
DEQ,948866786070600,24,1400,266202,4
DEQ,948866786149132,24,1400,179362,3
DEQ,948866786194718,24,1400,221105,4
DEQ,948866786236005,24,1400,177780,3
DEQ,948866786291837,24,1400,225995,4
DEQ,948866786331799,24,1400,180148,3
DEQ,948866786371572,24,1400,217856,4
DEQ,948866786436769,24,1400,198723,3
DEQ,948866786477024,24,1400,237009,4
DEQ,948866786517043,24,1400,183274,3
DEQ,948866786583017,24,1400,247195,4
DEQ,948866786622876,24,1400,183865,3
DEQ,948866786669698,24,1400,228704,4
DEQ,948866786703066,24,1400,183888,3
DEQ,948866786743064,24,1400,221816,4
DEQ,948866786785556,24,1400,160477,3
DEQ,948866786827924,24,1400,200853,4
DEQ,948866786866342,24,1400,161123,3
DEQ,948866786903076,24,1400,195872,4
DEQ,948866786944524,24,1400,156943,3
DEQ,948866786986098,24,1400,196520,4
DEQ,948866787023115,24,1400,154588,3
DEQ,948866787063089,24,1400,192506,4
DEQ,948866787107865,24,1400,161208,3
DEQ,948866787142764,24,1400,194010,4
DEQ,948866787183666,24,1400,158425,3
DEQ,948866787223060,24,1400,195829,4
DEQ,948866787270852,24,1400,160949,3
DEQ,948866787316511,24,1400,204826,4
DEQ,948866787357735,24,1400,172010,3
DEQ,948866787423649,24,1400,235976,4
DEQ,948866787463541,24,1400,190627,3
DEQ,948866787503758,24,1400,228752,4
DEQ,948866787571541,24,1400,211594,3
DEQ,948866787620646,24,1400,258740,4
DEQ,948866787661578,24,1400,195914,3
DEQ,948866787700877,24,1400,233274,4
DEQ,948866787747873,24,1400,174178,3
DEQ,948866787821478,24,1400,245765,4
DEQ,948866787862431,24,1400,198638,3
DEQ,948866787912527,24,1400,246768,4
DEQ,948866787951870,24,1400,201854,3
DEQ,948866787997046,24,1400,245068,4
DEQ,948866788044420,24,1400,179849,3
DEQ,948866788077428,24,1400,210895,4
DEQ,948866788117033,24,1400,162963,3
DEQ,948866788159663,24,1400,203649,4
DEQ,948866788201769,24,1400,155141,3
DEQ,948866788240490,24,1400,191668,4
DEQ,948866788276640,24,1400,157700,3
DEQ,948866788317739,24,1400,196706,4
DEQ,948866788357071,24,1400,153341,3
DEQ,948866788423352,24,1400,217672,4
DEQ,948866788463757,24,1400,185007,3
DEQ,948866788503725,24,1400,222989,4
DEQ,948866788572405,24,1400,213250,3
DEQ,948866788612659,24,1400,251526,4
DEQ,948866788662312,24,1400,196425,3
DEQ,948866788701954,24,1400,233714,4
DEQ,948866788747596,24,1400,173117,3
DEQ,948866788821364,24,1400,244881,4
DEQ,948866788870051,24,1400,205424,3
DEQ,948866788905492,24,1400,238903,4
DEQ,948866788945546,24,1400,195546,3
DEQ,948866788987165,24,1400,235227,4
DEQ,948866789034225,24,1400,160784,3
DEQ,948866789067088,24,1400,191689,4
DEQ,948866789107050,24,1400,159404,3
DEQ,948866789147094,24,1400,197404,4
DEQ,948866789191516,24,1400,155270,3
DEQ,948866789228454,24,1400,190251,4
DEQ,948866789267067,24,1400,157961,3
DEQ,948866789309080,24,1400,198019,4
DEQ,948866789355347,24,1400,161769,3
DEQ,948866789386906,24,1400,191354,4
DEQ,948866789427043,24,1400,158011,3
DEQ,948866789497605,24,1400,226526,4
DEQ,948866789571275,24,1400,213851,3
DEQ,948866789620288,24,1400,260805,4
DEQ,948866789663171,24,1400,233870,3
DEQ,948866789702654,24,1400,271373,4
DEQ,948866789747041,24,1400,173619,3
DEQ,948866789794041,24,1400,218672,4
DEQ,948866789826756,24,1400,161491,3
DEQ,948866789867692,24,1400,200288,4
DEQ,948866789910207,24,1400,160856,3
DEQ,948866789946854,24,1400,195372,4
DEQ,948866790012847,24,1400,183864,3
DEQ,948866790059978,24,1400,228796,4
DEQ,948866790092324,24,1400,180042,3
DEQ,948866790139988,24,1400,225567,4
DEQ,948866790186985,24,1400,171896,3
DEQ,948866790220353,24,1400,202997,4
DEQ,948866985266500,24,1400,195171752,3
DEQ,948866985269546,24,1400,195172593,2
DEQ,948866985270125,24,1400,195081087,1
DEQ,948866985369006,24,1400,195177916,4
DEQ,948866985369875,24,1400,93506,3
DEQ,948866985388216,24,1400,107506,4
DEQ,948866985484098,24,1400,198211,3
DEQ,948866985485161,24,1400,197128,2
DEQ,948866985504606,24,1400,129183,3
DEQ,948866985593026,24,1400,209913,4
DEQ,948866985595762,24,1400,104836,3
DEQ,948866985624055,24,1400,125059,4
DEQ,948866985720309,24,1400,211685,3
DEQ,948866985723427,24,1400,212654,2
DEQ,948866985752091,24,1400,151528,3
DEQ,948866985848307,24,1400,238921,4
DEQ,948866985851227,24,1400,121720,3
DEQ,948866985933460,24,1400,196062,4
DEQ,948866985936173,24,1400,181621,3
DEQ,948866986035251,24,1400,278460,4
DEQ,948866986100270,24,1400,243435,3
DEQ,948866986101160,24,1400,240236,2
DEQ,948866986180495,24,1400,239472,3
DEQ,948866986181375,24,1400,231093,2
DEQ,948866986260997,24,1400,154623,3
DEQ,948866986261870,24,1400,145598,2
DEQ,948866986338127,24,1400,151838,3
DEQ,948866986339007,24,1400,141803,2
DEQ,948866986426760,24,1400,159999,3
DEQ,948866986427565,24,1400,156944,2
DEQ,948866986511733,24,1400,167759,3
DEQ,948866986512584,24,1400,164718,2
DEQ,948866986604304,24,1400,171904,3
DEQ,948866986605135,24,1400,168893,2
DEQ,948866986695174,24,1400,177816,3
DEQ,948866986696030,24,1400,174733,2
DEQ,948866986780968,24,1400,171129,3
DEQ,948866986781849,24,1400,165113,2
DEQ,948866986863861,24,1400,162628,3
DEQ,948866986868675,24,1400,163409,2
DEQ,948866986892263,24,1400,105438,3
DEQ,948866986998287,24,1400,207507,4
DEQ,948866986999172,24,1400,118746,3
DEQ,948866987016211,24,1400,133190,4
DEQ,948866987088486,24,1400,194538,3
DEQ,948866987092927,24,1400,196774,2
DEQ,948866987094496,24,1400,86147,1
DEQ,948866987174854,24,1400,162678,4
DEQ,948866987175723,24,1400,77160,3
DEQ,948866987258298,24,1400,152616,4
DEQ,948866987259233,24,1400,148439,3
DEQ,948866987286005,24,1400,173184,4
DEQ,948866987394911,24,1400,214054,3
DEQ,948866987395833,24,1400,210956,2
DEQ,948866987397549,24,1400,132887,1
DEQ,948866987493919,24,1400,212860,4
DEQ,948866987494800,24,1400,92986,3
DEQ,948866987511457,24,1400,105602,4
DEQ,948866987618886,24,1400,207261,3
DEQ,948866987619738,24,1400,206062,2
DEQ,948866987620238,24,1400,120436,1
DEQ,948866987643202,24,1400,136238,4
DEQ,948866987728478,24,1400,103269,3
DEQ,948866987729315,24,1400,97022,2
DEQ,948866987746192,24,1400,108617,3
DEQ,948866987868989,24,1400,229282,4
DEQ,948866987869842,24,1400,131971,3
DEQ,948866987886816,24,1400,145015,4
DEQ,948866988019626,24,1400,272019,3
DEQ,948866988020456,24,1400,270785,2
DEQ,948866988036988,24,1400,162200,3
DEQ,948866988113469,24,1400,231086,4
DEQ,948866988114362,24,1400,85539,3
DEQ,948866988191000,24,1400,158613,4
DEQ,948866988191870,24,1400,153299,3
DEQ,948866988273690,24,1400,233042,4
DEQ,948866988274559,24,1400,155150,3
DEQ,948866988364298,24,1400,241111,4
DEQ,948866988365168,24,1400,168288,3
DEQ,948866988445188,24,1400,244297,4
DEQ,948866988446023,24,1400,166321,3
DEQ,948866988526805,24,1400,243090,4
DEQ,948866988527652,24,1400,157409,3
DEQ,948866988607190,24,1400,232999,4
DEQ,948866988608094,24,1400,156997,3
DEQ,948866988702861,24,1400,247894,4
DEQ,948866988777691,24,1400,245118,3
DEQ,948866988778603,24,1400,242156,2
DEQ,948866988795662,24,1400,182473,3
DEQ,948866988885902,24,1400,261955,4
DEQ,948866988886779,24,1400,103083,3
DEQ,948866988911927,24,1400,120613,4
DEQ,948866989004343,24,1400,207193,3
DEQ,948866989005413,24,1400,206360,2
DEQ,948866989030472,24,1400,138613,3
DEQ,948866989101901,24,1400,194087,4
DEQ,948866989102698,24,1400,92064,3
DEQ,948866989187209,24,1400,161590,4
DEQ,948866989188108,24,1400,156178,3
DEQ,948866989261867,24,1400,228239,4
DEQ,948866989262752,24,1400,155017,3
DEQ,948866989349342,24,1400,237546,4
DEQ,948866989350253,24,1400,157095,3
DEQ,948866989442658,24,1400,245437,4
DEQ,948866989443590,24,1400,176041,3
DEQ,948866989526743,24,1400,255267,4
DEQ,948866989527550,24,1400,172294,3
DEQ,948866989615539,24,1400,256431,4
DEQ,948866989616466,24,1400,167762,3
DEQ,948866989701000,24,1400,248461,4
DEQ,948866989701951,24,1400,169614,3
DEQ,948866989795394,24,1400,259053,4
DEQ,948866989796366,24,1400,174817,3
DEQ,948866989797858,24,1400,172363,2
DEQ,948866989891041,24,1400,184046,3
DEQ,948866989891869,24,1400,180831,2
DEQ,948866989971048,24,1400,169169,3
DEQ,948866989971970,24,1400,166100,2
DEQ,948866990073684,24,1400,177046,3
DEQ,948866990074561,24,1400,173932,2
DEQ,948866990156822,24,1400,180042,3
DEQ,948866990157679,24,1400,176952,2
DEQ,948866990230976,24,1400,151636,3
DEQ,948866990231833,24,1400,145447,2
DEQ,948866990308157,24,1400,145643,3
DEQ,948866990309085,24,1400,142637,2
DEQ,948866990333029,24,1400,96455,3
DEQ,948866990425009,24,1400,184510,4
DEQ,948866990425847,24,1400,111974,3
DEQ,948866990522647,24,1400,194126,4
DEQ,948866990523523,24,1400,188971,3
DEQ,948866990543856,24,1400,207592,4
DEQ,948866990594255,24,1400,163238,3
DEQ,948866990634772,24,1400,199752,4
DEQ,948866990674545,24,1400,146157,3
DEQ,948866990737042,24,1400,204763,4
DEQ,948866990784067,24,1400,188404,3
DEQ,948866990816909,24,1400,219171,4
DEQ,948866990856937,24,1400,180912,3
DEQ,948866990896928,24,1400,218873,4
DEQ,948866990941365,24,1400,155883,3
DEQ,948866990978374,24,1400,190864,4
STATS,948867094466592,4,5600,16215,16211,0,0,0
DEQ,948867190285872,24,1400,199427556,3
DEQ,948867190288955,24,1400,199428581,2
DEQ,948867190289636,24,1400,199346811,1
DEQ,948867190318562,24,1400,199373718,4
DEQ,948867190416057,24,1400,120123,3
DEQ,948867190416935,24,1400,116390,2
DEQ,948867190441948,24,1400,136461,3
DEQ,948867190545476,24,1400,237799,4
DEQ,948867190548365,24,1400,126020,3
DEQ,948867190548777,24,1400,111426,2
DEQ,948867190566415,24,1400,120638,3
DEQ,948867190668850,24,1400,220943,4
DEQ,948867190750743,24,1400,196586,3
DEQ,948867190757090,24,1400,198662,2
DEQ,948867190758569,24,1400,190447,1
DEQ,948867190841739,24,1400,271579,4
DEQ,948867190844458,24,1400,81843,3
DEQ,948867190873069,24,1400,106456,4
DEQ,948867190952681,24,1400,180951,3
DEQ,948867190955422,24,1400,181757,2
DEQ,948867191038989,24,1400,189507,3
DEQ,948867191041820,24,1400,180183,2
DEQ,948867191122421,24,1400,162112,3
DEQ,948867191125907,24,1400,161512,2
DEQ,948867191238848,24,1400,192015,3
DEQ,948867191241671,24,1400,190803,2
DEQ,948867191326662,24,1400,195917,3
DEQ,948867191329362,24,1400,194619,2
DEQ,948867191410470,24,1400,163871,3
DEQ,948867191413208,24,1400,162601,2
DEQ,948867191429494,24,1400,95395,3
DEQ,948867191504380,24,1400,166207,4
DEQ,948867191593555,24,1400,172103,3
DEQ,948867191596302,24,1400,171032,2
DEQ,948867191619094,24,1400,188114,3
DEQ,948867191694841,24,1400,261838,4
DEQ,948867191697734,24,1400,96546,3
DEQ,948867191794412,24,1400,180149,4
DEQ,948867191797244,24,1400,176666,3
DEQ,948867191885837,24,1400,263273,4
DEQ,948867191888443,24,1400,185859,3
DEQ,948867191912561,24,1400,201082,4
DEQ,948867191993165,24,1400,191078,3
DEQ,948867191995933,24,1400,184475,2
DEQ,948867192013265,24,1400,119878,3
DEQ,948867192093295,24,1400,185088,4
DEQ,948867192096108,24,1400,95381,3
DEQ,948867192123455,24,1400,115035,4
DEQ,948867192204158,24,1400,188264,3
DEQ,948867192210278,24,1400,192196,2
DEQ,948867192211773,24,1400,110705,1
DEQ,948867192302406,24,1400,190010,4
DEQ,948867192305110,24,1400,88331,3
DEQ,948867192385686,24,1400,164877,4
DEQ,948867192468696,24,1400,242854,3
DEQ,948867192493682,24,1400,265773,4
DEQ,948867192619604,24,1400,309654,3
DEQ,948867192622341,24,1400,308293,2
DEQ,948867192639593,24,1400,164099,3
DEQ,948867192771589,24,1400,282512,4
DEQ,948867192777744,24,1400,150470,3
DEQ,948867192779222,24,1400,144364,2
DEQ,948867192863335,24,1400,222148,3
DEQ,948867192866732,24,1400,223554,2
DEQ,948867192955179,24,1400,172033,3
DEQ,948867192957897,24,1400,170721,2
DEQ,948867193035925,24,1400,165248,3
DEQ,948867193038747,24,1400,164214,2
DEQ,948867193119108,24,1400,156113,3
DEQ,948867193121932,24,1400,154897,2
DEQ,948867193195667,24,1400,152112,3
DEQ,948867193198471,24,1400,145380,2
DEQ,948867193283982,24,1400,157128,3
DEQ,948867193361584,24,1400,227891,4
DEQ,948867193364455,24,1400,161078,3
DEQ,948867193387484,24,1400,174426,4
DEQ,948867193475775,24,1400,184908,3
DEQ,948867193478419,24,1400,183615,2
DEQ,948867193499082,24,1400,129661,3
DEQ,948867193577415,24,1400,194670,4
DEQ,948867193580339,24,1400,97055,3
DEQ,948867193666433,24,1400,174397,4
DEQ,948867193669244,24,1400,168652,3
DEQ,948867193748336,24,1400,245775,4
DEQ,948867193751913,24,1400,166789,3
DEQ,948867193827431,24,1400,238333,4
DEQ,948867193830160,24,1400,155747,3
DEQ,948867193904605,24,1400,226229,4
DEQ,948867193915286,24,1400,158362,3
DEQ,948867194035015,24,1400,274142,4
DEQ,948867194114915,24,1400,279818,3
DEQ,948867194117630,24,1400,278481,2
DEQ,948867194134723,24,1400,214781,3
DEQ,948867194211777,24,1400,287849,4
DEQ,948867194214673,24,1400,92261,3
DEQ,948867194286200,24,1400,159831,4
DEQ,948867194289020,24,1400,152710,3
DEQ,948867194385627,24,1400,247285,4
DEQ,948867194468788,24,1400,249159,3
DEQ,948867194493032,24,1400,269443,4
DEQ,948867194595817,24,1400,301875,3
DEQ,948867194598709,24,1400,293949,2
DEQ,948867194678828,24,1400,203241,3
DEQ,948867194703949,24,1400,215513,4
DEQ,948867194775631,24,1400,172103,3
DEQ,948867194794727,24,1400,183103,4
DEQ,948867194928392,24,1400,242707,3
DEQ,948867194948069,24,1400,248706,4
DEQ,948867195086559,24,1400,303993,3
DEQ,948867195089247,24,1400,299072,2
DEQ,948867195168443,24,1400,233173,3
DEQ,948867195187317,24,1400,247938,4
DEQ,948867195328360,24,1400,234262,3
DEQ,948867195331126,24,1400,233010,2
DEQ,948867195421193,24,1400,245885,3
DEQ,948867195423661,24,1400,244274,2
DEQ,948867195425291,24,1400,89225,1
DEQ,948867195522221,24,1400,182200,4
DEQ,948867195534214,24,1400,101058,3
DEQ,948867195619789,24,1400,184033,4
DEQ,948867195702563,24,1400,257788,3
DEQ,948867195705634,24,1400,258923,2
DEQ,948867195722193,24,1400,176953,3
DEQ,948867195797982,24,1400,247456,4
DEQ,948867195800797,24,1400,90277,3
DEQ,948867195879184,24,1400,164660,4
DEQ,948867195881985,24,1400,157479,3
DEQ,948867195958963,24,1400,232522,4
DEQ,948867195961762,24,1400,156072,3
DEQ,948867196037930,24,1400,223428,4
DEQ,948867196040638,24,1400,153745,3
DEQ,948867196121532,24,1400,230618,4
DEQ,948867196211597,24,1400,244913,3
DEQ,948867196214313,24,1400,243592,2
DEQ,948867196231464,24,1400,186057,3
DEQ,948867196303028,24,1400,248584,4
DEQ,948867196305852,24,1400,86656,3
DEQ,948867196322504,24,1400,95782,4
DEQ,948867196402158,24,1400,169224,3
DEQ,948867196404990,24,1400,170039,2
DEQ,948867196421474,24,1400,110845,3
DEQ,948867196489128,24,1400,170944,4
DEQ,948867196496965,24,1400,83681,3
DEQ,948867196583115,24,1400,165955,4
DEQ,948867395242357,24,1400,198818493,3
DEQ,948867395245446,24,1400,198819637,2
DEQ,948867395245985,24,1400,198744596,1
DEQ,948867395284526,24,1400,198779090,4
DEQ,948867395363863,24,1400,111751,3
DEQ,948867395365214,24,1400,108829,2
DEQ,948867395388999,24,1400,111055,3
DEQ,948867395484492,24,1400,204201,4
DEQ,948867395487664,24,1400,116914,3
DEQ,948867395506219,24,1400,122137,4
DEQ,948867395616906,24,1400,224203,3
DEQ,948867395619619,24,1400,224639,2
DEQ,948867395726883,24,1400,229908,3
DEQ,948867395730265,24,1400,228657,2
DEQ,948867395751501,24,1400,127087,3
DEQ,948867395788531,24,1400,159938,4
DEQ,948867395882083,24,1400,142718,3
DEQ,948867395885001,24,1400,138105,2
DEQ,948867395902004,24,1400,148905,3
DEQ,948867396046754,24,1400,291767,4
DEQ,948867396133588,24,1400,243548,3
DEQ,948867396155314,24,1400,261117,4
DEQ,948867396281733,24,1400,377819,3
DEQ,948867396309213,24,1400,403331,4
DEQ,948867396384377,24,1400,242652,3
DEQ,948867396405532,24,1400,255966,4
DEQ,948867396562741,24,1400,273082,3
DEQ,948867396565484,24,1400,261581,2
DEQ,948867396596716,24,1400,204202,3
DEQ,948867396645335,24,1400,244851,2
DEQ,948867396704527,24,1400,128491,3
DEQ,948867396747258,24,1400,155844,4
DEQ,948867396787086,24,1400,138631,3
DEQ,948867396827222,24,1400,176580,4
DEQ,948867396867369,24,1400,161093,3
DEQ,948867396907344,24,1400,194660,4
DEQ,948867396947164,24,1400,158120,3
DEQ,948867396987189,24,1400,196171,4
DEQ,948867397034168,24,1400,164788,3
DEQ,948867397067425,24,1400,196080,4
DEQ,948867397107352,24,1400,158078,3
DEQ,948867397151395,24,1400,200093,4
DEQ,948867397195148,24,1400,158940,3
DEQ,948867397235492,24,1400,197196,4
DEQ,948867397276096,24,1400,166825,3
DEQ,948867397315596,24,1400,204310,4
DEQ,948867397316774,24,1400,119465,3
DEQ,948867397371549,24,1400,172277,4
DEQ,948867397411193,24,1400,132954,3
DEQ,948867397451366,24,1400,171133,4
DEQ,948867397491424,24,1400,173213,3
DEQ,948867397538092,24,1400,217950,4
DEQ,948867397578502,24,1400,165066,3
DEQ,948867397618488,24,1400,203082,4
DEQ,948867397685982,24,1400,192411,3
DEQ,948867397726348,24,1400,230824,4
DEQ,948867397766131,24,1400,185490,3
DEQ,948867397805883,24,1400,223304,4
DEQ,948867397847069,24,1400,158965,3
DEQ,948867397890322,24,1400,200247,4
DEQ,948867397950055,24,1400,181901,3
DEQ,948867397990631,24,1400,220469,4
DEQ,948867398036926,24,1400,187732,3
DEQ,948867398076382,24,1400,225209,4
DEQ,948867398122176,24,1400,169983,3
DEQ,948867398196071,24,1400,241866,4
DEQ,948867398244825,24,1400,205776,3
DEQ,948867398280049,24,1400,239005,4
DEQ,948867398319491,24,1400,195416,3
DEQ,948867398361795,24,1400,235807,4
DEQ,948867398408775,24,1400,161731,3
DEQ,948867398441877,24,1400,192816,4
DEQ,948867398485203,24,1400,163642,3
DEQ,948867398525992,24,1400,202485,4
DEQ,948867398567012,24,1400,156100,3
DEQ,948867398604075,24,1400,191233,4
DEQ,948867398641854,24,1400,154497,3
DEQ,948867398683678,24,1400,194310,4
DEQ,948867398730020,24,1400,160967,3
DEQ,948867398761927,24,1400,190933,4
DEQ,948867398822797,24,1400,178834,3
DEQ,948867398863124,24,1400,217237,4
DEQ,948867398911811,24,1400,179696,3
DEQ,948867398951157,24,1400,217090,4
DEQ,948867398996533,24,1400,171634,3
DEQ,948867399042773,24,1400,215849,4
DEQ,948867399083622,24,1400,169652,3
DEQ,948867399123322,24,1400,207438,4
DEQ,948867399172791,24,1400,174046,3
DEQ,948867399212516,24,1400,210687,4
DEQ,948867399272616,24,1400,187029,3
DEQ,948867399312768,24,1400,225163,4
DEQ,948867399359898,24,1400,184953,3
DEQ,948867399415732,24,1400,238814,4
DEQ,948867399454880,24,1400,180106,3
DEQ,948867399496806,24,1400,220016,4
DEQ,948867399536107,24,1400,174141,3
DEQ,948867399576254,24,1400,212321,4
DEQ,948867399616082,24,1400,159095,3
DEQ,948867399662647,24,1400,203763,4
DEQ,948867399701920,24,1400,163796,3
DEQ,948867399746410,24,1400,206276,4
DEQ,948867399786187,24,1400,168058,3
DEQ,948867399825974,24,1400,205810,4
DEQ,948867399866403,24,1400,162306,3
DEQ,948867399913346,24,1400,207278,4
DEQ,948867399960875,24,1400,172540,3
DEQ,948867399996705,24,1400,206156,4
DEQ,948867400036637,24,1400,168157,3
DEQ,948867400076554,24,1400,206070,4
DEQ,948867400116406,24,1400,152958,3
DEQ,948867400163493,24,1400,197941,4
DEQ,948867400203498,24,1400,164537,3
DEQ,948867400243581,24,1400,202473,4
DEQ,948867400311527,24,1400,193094,3
DEQ,948867400357527,24,1400,237081,4
DEQ,948867400391520,24,1400,185954,3
DEQ,948867400457441,24,1400,249835,4
DEQ,948867400497641,24,1400,183910,3
DEQ,948867400544220,24,1400,228459,4
DEQ,948867400577809,24,1400,184227,3
DEQ,948867400617864,24,1400,222338,4
DEQ,948867400660129,24,1400,160362,3
DEQ,948867400702465,24,1400,200674,4
DEQ,948867400741220,24,1400,161428,3
DEQ,948867400777834,24,1400,195949,4
DEQ,948867400819095,24,1400,156888,3
DEQ,948867400861218,24,1400,197067,4
DEQ,948867400897818,24,1400,154585,3
DEQ,948867400937763,24,1400,192571,4
DEQ,948867400982336,24,1400,161126,3
DEQ,948867600287613,24,1400,199464384,4
DEQ,948867600290637,24,1400,199390886,3
DEQ,948867600291298,24,1400,199389582,2
DEQ,948867600379021,24,1400,199394544,3
DEQ,948867600379848,24,1400,199393507,2
DEQ,948867600479093,24,1400,181814,3
DEQ,948867600482007,24,1400,180407,2
DEQ,948867600500039,24,1400,115036,3
DEQ,948867600576601,24,1400,187785,4
DEQ,948867600579297,24,1400,91581,3
DEQ,948867600672097,24,1400,180097,4
DEQ,948867600674848,24,1400,173263,3
DEQ,948867600698105,24,1400,194663,4
DEQ,948867600797846,24,1400,213800,3
DEQ,948867600816000,24,1400,227758,4
DEQ,948867600960680,24,1400,280925,3
DEQ,948867600963407,24,1400,270129,2
DEQ,948867601058419,24,1400,253734,3
DEQ,948867601061177,24,1400,249651,2
DEQ,948867601078731,24,1400,110479,3
DEQ,948867601187733,24,1400,215598,4
DEQ,948867601190571,24,1400,124411,3
DEQ,948867601276044,24,1400,205881,4
DEQ,948867601278822,24,1400,198595,3
DEQ,948867601295800,24,1400,213667,4
DEQ,948867601378804,24,1400,183422,3
DEQ,948867601381568,24,1400,174211,2
DEQ,948867601398327,24,1400,114744,3
DEQ,948867601500339,24,1400,212714,4
DEQ,948867601507089,24,1400,116955,3
DEQ,948867601595393,24,1400,201432,4
DEQ,948867601598163,24,1400,197623,3
DEQ,948867601679380,24,1400,276628,4
DEQ,948867601682128,24,1400,170796,3
DEQ,948867601761325,24,1400,246063,4
DEQ,948867601764210,24,1400,161229,3
DEQ,948867601788185,24,1400,176828,4
DEQ,948867601874375,24,1400,186780,3
DEQ,948867601877191,24,1400,180816,2
DEQ,948867601954268,24,1400,185174,3
DEQ,948867601957138,24,1400,183948,2
DEQ,948867602031325,24,1400,149440,3
DEQ,948867602034138,24,1400,148383,2
DEQ,948867602112906,24,1400,150936,3
DEQ,948867602115591,24,1400,149631,2
DEQ,948867602193456,24,1400,154348,3
DEQ,948867602196170,24,1400,153235,2
DEQ,948867602284738,24,1400,164434,3
DEQ,948867602368388,24,1400,244078,4
DEQ,948867602371217,24,1400,170266,3
DEQ,948867602387742,24,1400,175521,4
DEQ,948867602461213,24,1400,169722,3
DEQ,948867602464058,24,1400,168534,2
DEQ,948867602539933,24,1400,163902,3
DEQ,948867602558716,24,1400,175365,4
DEQ,948867602632586,24,1400,163401,3
DEQ,948867602651615,24,1400,178434,4
DEQ,948867602777849,24,1400,227554,3
DEQ,948867602862093,24,1400,307918,4
DEQ,948867602864777,24,1400,225103,3
DEQ,948867602945160,24,1400,301646,4
DEQ,948867602947891,24,1400,163097,3
DEQ,948867602964584,24,1400,175722,4
DEQ,948867603060154,24,1400,190562,3
DEQ,948867603062836,24,1400,189190,2
DEQ,948867603144190,24,1400,191585,3
DEQ,948867603163067,24,1400,206622,4
DEQ,948867603274818,24,1400,207151,3
DEQ,948867603347979,24,1400,276286,4
DEQ,948867603350727,24,1400,196153,3
DEQ,948867603428332,24,1400,269873,4
DEQ,948867603431103,24,1400,149047,3
DEQ,948867603512966,24,1400,226928,4
DEQ,948867603515989,24,1400,160385,3
DEQ,948867603591735,24,1400,232150,4
DEQ,948867603594542,24,1400,158471,3
DEQ,948867603680623,24,1400,235633,4
DEQ,948867603683478,24,1400,162565,3
DEQ,948867603762956,24,1400,238058,4
DEQ,948867603765828,24,1400,166365,3
DEQ,948867603837896,24,1400,228957,4
DEQ,948867603840731,24,1400,152072,3
DEQ,948867603922146,24,1400,223216,4
DEQ,948867603924990,24,1400,154316,3
DEQ,948867604005314,24,1400,230215,4
DEQ,948867604008183,24,1400,162407,3
DEQ,948867604096307,24,1400,242407,4
DEQ,948867604099010,24,1400,169130,3
DEQ,948867604175923,24,1400,242192,4
DEQ,948867604178629,24,1400,165334,3
DEQ,948867604255239,24,1400,230398,4
DEQ,948867604257967,24,1400,154147,3
DEQ,948867604341325,24,1400,233543,4
DEQ,948867604344064,24,1400,160641,3
DEQ,948867604430379,24,1400,243051,4
DEQ,948867604433123,24,1400,170319,3
DEQ,948867604449747,24,1400,174880,4
DEQ,948867604534292,24,1400,185345,3
DEQ,948867604537152,24,1400,179225,2
DEQ,948867604619570,24,1400,178273,3
DEQ,948867604622452,24,1400,177320,2
DEQ,948867604707848,24,1400,165744,3
DEQ,948867604710962,24,1400,158218,2
DEQ,948867604802725,24,1400,175341,3
DEQ,948867604805523,24,1400,171152,2
DEQ,948867604822822,24,1400,107034,3
DEQ,948867604924162,24,1400,200409,4
DEQ,948867605051870,24,1400,241474,3
DEQ,948867605054920,24,1400,240631,2
DEQ,948867605079882,24,1400,254766,3
DEQ,948867605169690,24,1400,342736,4
DEQ,948867605172400,24,1400,112528,3
DEQ,948867605196380,24,1400,132680,4
DEQ,948867605281246,24,1400,198947,3
DEQ,948867605284108,24,1400,199763,2
DEQ,948867605363863,24,1400,186598,3
DEQ,948867605367410,24,1400,186203,2
DEQ,948867605442990,24,1400,154083,3
DEQ,948867605445833,24,1400,152979,2
DEQ,948867605536063,24,1400,163654,3
DEQ,948867605538888,24,1400,162579,2
DEQ,948867605618685,24,1400,167934,3
DEQ,948867605621527,24,1400,159598,2
DEQ,948867605698706,24,1400,154956,3
DEQ,948867605701535,24,1400,148633,2
DEQ,948867605784556,24,1400,158123,3
DEQ,948867605787358,24,1400,157057,2
DEQ,948867605811948,24,1400,105415,3
DEQ,948867605885743,24,1400,175266,4
DEQ,948867605951963,24,1400,159820,3
DEQ,948867805267920,24,1400,199460462,5
DEQ,948867805270996,24,1400,199456712,4
DEQ,948867805271660,24,1400,199455768,3
DEQ,948867805364043,24,1400,199405007,4
DEQ,948867805364962,24,1400,199396018,3
DEQ,948867805365479,24,84,70688582,2
DEQ,948867805393630,24,1400,115867,3
DEQ,948867805479005,24,1400,196554,4
DEQ,948867805481746,24,1400,110087,3
DEQ,948867805568214,24,1400,191861,4
DEQ,948867805570939,24,1400,172976,3
DEQ,948867805587419,24,1400,187109,4
DEQ,948867805728644,24,1400,242154,3
DEQ,948867805731370,24,1400,240809,2
DEQ,948867805818224,24,1400,242492,3
DEQ,948867805820974,24,1400,241435,2
DEQ,948867805837247,24,1400,101111,3
DEQ,948867805974477,24,1400,234344,4
DEQ,948867805977221,24,1400,151507,3
DEQ,948867806054573,24,1400,224837,4
DEQ,948867806057443,24,1400,218674,3
DEQ,948867806147813,24,1400,306998,4
DEQ,948867806150639,24,1400,168594,3
DEQ,948867806236301,24,1400,250320,4
DEQ,948867806239154,24,1400,176889,3
DEQ,948867806260916,24,1400,189753,4
DEQ,948867806340278,24,1400,184778,3
DEQ,948867806343121,24,1400,177027,2
DEQ,948867806453208,24,1400,209183,3
DEQ,948867806455946,24,1400,199049,2
DEQ,948867806456440,24,1400,108342,1
DEQ,948867806540342,24,1400,188263,4
DEQ,948867806543072,24,1400,81719,3
DEQ,948867806620161,24,1400,154829,4
DEQ,948867806622894,24,1400,153033,3
DEQ,948867806705311,24,1400,233391,4
DEQ,948867806707953,24,1400,160058,3
DEQ,948867806789416,24,1400,237508,4
DEQ,948867806792147,24,1400,164476,3
DEQ,948867806868277,24,1400,233550,4
DEQ,948867806871118,24,1400,158353,3
DEQ,948867806888284,24,1400,168524,4
DEQ,948867806962013,24,1400,165065,3
DEQ,948867806964876,24,1400,163841,2
DEQ,948867807035058,24,1400,159106,3
DEQ,948867807037905,24,1400,154292,2
DEQ,948867807120733,24,1400,150987,3
DEQ,948867807123583,24,1400,149810,2
DEQ,948867807204302,24,1400,161516,3
DEQ,948867807284009,24,1400,230967,4
DEQ,948867807286887,24,1400,158361,3
DEQ,948867807374159,24,1400,234178,4
DEQ,948867807376846,24,1400,165727,3
DEQ,948867807460038,24,1400,244810,4
DEQ,948867807542037,24,1400,250155,3
DEQ,948867807544889,24,1400,243932,2
DEQ,948867807568471,24,1400,186802,3
DEQ,948867807651538,24,1400,260609,4
DEQ,948867807654339,24,1400,104718,3
DEQ,948867807670968,24,1400,117402,4
DEQ,948867807756965,24,1400,185098,3
DEQ,948867807759694,24,1400,185437,2
DEQ,948867807780096,24,1400,117362,3
DEQ,948867807866557,24,1400,199814,4
DEQ,948867807873702,24,1400,109220,3
DEQ,948867807948583,24,1400,180007,4
DEQ,948867807951459,24,1400,169771,3
DEQ,948867808048361,24,1400,264562,4
DEQ,948867808051074,24,1400,172208,3
DEQ,948867808128631,24,1400,245772,4
DEQ,948867808131362,24,1400,175085,3
DEQ,948867808212826,24,1400,252577,4
DEQ,948867808215582,24,1400,159647,3
DEQ,948867808294893,24,1400,234875,4
DEQ,948867808297634,24,1400,161479,3
DEQ,948867808377095,24,1400,236965,4
DEQ,948867808379914,24,1400,159549,3
DEQ,948867808455021,24,1400,224082,4
DEQ,948867808457792,24,1400,155282,3
DEQ,948867808535295,24,1400,224443,4
DEQ,948867808538156,24,1400,153323,3
DEQ,948867808617033,24,1400,228191,4
DEQ,948867808619858,24,1400,157221,3
DEQ,948867808693888,24,1400,222089,4
DEQ,948867808696762,24,1400,153598,3
DEQ,948867808780342,24,1400,227532,4
DEQ,948867808783185,24,1400,158400,3
DEQ,948867808859176,24,1400,230427,4
DEQ,948867808870835,24,1400,169243,3
DEQ,948867808974438,24,1400,261702,4
DEQ,948867808977233,24,1400,189160,3
DEQ,948867809076616,24,1400,284610,4
DEQ,948867809079293,24,1400,198191,3
DEQ,948867809096445,24,1400,208834,4
DEQ,948867809171982,24,1400,189908,3
DEQ,948867809174735,24,1400,184096,2
DEQ,948867809191600,24,1400,107531,3
DEQ,948867809291210,24,1400,203134,4
DEQ,948867809293785,24,1400,114239,3
DEQ,948867809295258,24,1400,111746,2
DEQ,948867809375590,24,1400,182450,3
DEQ,948867809378324,24,1400,183120,2
DEQ,948867809456654,24,1400,157319,3
DEQ,948867809459315,24,1400,155975,2
DEQ,948867809549541,24,1400,166455,3
DEQ,948867809552400,24,1400,165242,2
DEQ,948867809628184,24,1400,164160,3
DEQ,948867809646858,24,1400,178842,4
DEQ,948867809759443,24,1400,202010,3
DEQ,948867809762291,24,1400,200776,2
DEQ,948867809842322,24,1400,207303,3
DEQ,948867809845191,24,1400,206237,2
DEQ,948867809919978,24,1400,152830,3
DEQ,948867809922706,24,1400,151604,2
DEQ,948867810015746,24,1400,165618,3
DEQ,948867810018849,24,1400,160473,2
DEQ,948867810103199,24,1400,175643,3
DEQ,948867810105952,24,1400,166651,2
DEQ,948867810122552,24,1400,98823,3
DEQ,948867810201381,24,1400,173799,4
DEQ,948867810204124,24,1400,93385,3
DEQ,948867810278365,24,1400,163776,4
DEQ,948867810288976,24,1400,164911,3
DEQ,948867810409305,24,1400,283227,4
DEQ,948867810478645,24,1400,269833,3
DEQ,948867810481504,24,1400,268759,2
DEQ,948867810555320,24,1400,262569,3
DEQ,948867810558316,24,1400,261583,2
DEQ,948867810582243,24,1400,95940,3
DEQ,948867810662972,24,1400,172667,4
DEQ,948867810730929,24,1400,167579,3
DEQ,948867810733777,24,1400,156107,2
DEQ,948867810810116,24,1400,225594,3
DEQ,948867810892787,24,1400,306082,4
DEQ,948867810895569,24,1400,156846,3
DEQ,948867810919135,24,1400,172088,4
DEQ,948868010267872,24,1400,199450882,3
DEQ,948868010271052,24,1400,199450128,2
DEQ,948868010272741,24,1400,199372169,1
DEQ,948868010362514,24,1400,199447901,4
DEQ,948868010363355,24,1400,84385,3
DEQ,948868010383592,24,1400,100547,4
DEQ,948868010468611,24,1400,179318,3
DEQ,948868010471319,24,1400,180011,2
DEQ,948868010472931,24,1400,104583,1
DEQ,948868010567021,24,1400,194612,4
DEQ,948868010573198,24,1400,95543,3
DEQ,948868010585899,24,1400,99842,2
DEQ,948868010714316,24,1400,222650,3
DEQ,948868010717148,24,1400,223423,2
DEQ,948868010808210,24,1400,217110,3
DEQ,948868010810952,24,1400,215786,2
DEQ,948868010827590,24,1400,105555,3
DEQ,948868010919364,24,1400,193364,4
DEQ,948868011062427,24,1400,246646,3
DEQ,948868011065130,24,1400,245508,2
DEQ,948868011081775,24,1400,252627,3
DEQ,948868011149950,24,1400,318830,4
DEQ,948868011237572,24,1400,167695,3
DEQ,948868011256456,24,1400,179381,4
DEQ,948868011362951,24,1400,279594,3
DEQ,948868011365745,24,1400,280249,2
DEQ,948868011443681,24,1400,195637,3
DEQ,948868011446574,24,1400,194576,2
DEQ,948868011534817,24,1400,164339,3
DEQ,948868011625709,24,1400,251231,4
DEQ,948868011631813,24,1400,180297,3
DEQ,948868011633242,24,1400,173223,2
DEQ,948868011711135,24,1400,169379,3
DEQ,948868011713914,24,1400,168083,2
DEQ,948868011795540,24,1400,158230,3
DEQ,948868011798287,24,1400,157020,2
DEQ,948868011814808,24,1400,96047,3
DEQ,948868011882566,24,1400,159768,4
DEQ,948868011885403,24,1400,78892,3
DEQ,948868011966260,24,1400,155998,4
DEQ,948868011969124,24,1400,152044,3
DEQ,948868012068427,24,1400,249255,4
DEQ,948868012071152,24,1400,180917,3
DEQ,948868012155195,24,1400,260985,4
DEQ,948868012158019,24,1400,184131,3
DEQ,948868012239966,24,1400,258018,4
DEQ,948868012243429,24,1400,167553,3
DEQ,948868012335179,24,1400,255266,4
DEQ,948868012337833,24,1400,174951,3
DEQ,948868012433025,24,1400,266244,4
DEQ,948868012435881,24,1400,187428,3
DEQ,948868012453149,24,1400,200848,4
DEQ,948868012580891,24,1400,238256,3
DEQ,948868012583608,24,1400,237005,2
DEQ,948868012660679,24,1400,219883,3
DEQ,948868012663550,24,1400,218660,2
DEQ,948868012749658,24,1400,161309,3
DEQ,948868012752363,24,1400,160078,2
DEQ,948868012830885,24,1400,162673,3
DEQ,948868012909932,24,1400,232794,4
DEQ,948868012912753,24,1400,155610,3
DEQ,948868012929285,24,1400,163210,4
DEQ,948868013003900,24,1400,166184,3
DEQ,948868013023048,24,1400,181350,4
DEQ,948868013135758,24,1400,214653,3
DEQ,948868013142204,24,1400,217147,2
DEQ,948868013161330,24,1400,150434,3
DEQ,948868013243112,24,1400,228218,4
DEQ,948868013245948,24,1400,98939,3
DEQ,948868013263016,24,1400,106283,4
DEQ,948868013354857,24,1400,191295,3
DEQ,948868013357535,24,1400,191978,2
DEQ,948868013373971,24,1400,123035,3
DEQ,948868013454296,24,1400,195679,4
DEQ,948868013457037,24,1400,94764,3
DEQ,948868013539736,24,1400,173471,4
DEQ,948868013542588,24,1400,167155,3
DEQ,948868013622554,24,1400,245097,4
DEQ,948868013626034,24,1400,164134,3
DEQ,948868013739940,24,1400,274177,4
DEQ,948868013742717,24,1400,195389,3
DEQ,948868013819764,24,1400,268424,4
DEQ,948868013822588,24,1400,191275,3
DEQ,948868013928684,24,1400,293313,4
DEQ,948868014006758,24,1400,259136,3
DEQ,948868014025481,24,1400,273842,4
DEQ,948868014168886,24,1400,341275,3
DEQ,948868014187952,24,1400,352046,4
DEQ,948868014328494,24,1400,314737,3
DEQ,948868014331238,24,1400,313620,2
DEQ,948868014409673,24,1400,233922,3
DEQ,948868014412427,24,1400,232814,2
DEQ,948868014428950,24,1400,92959,3
DEQ,948868014503560,24,1400,163549,4
DEQ,948868014591409,24,1400,170735,3
DEQ,948868014594157,24,1400,169671,2
DEQ,948868014616555,24,1400,186072,3
DEQ,948868014699314,24,1400,266851,4
DEQ,948868014702175,24,1400,103233,3
DEQ,948868014793617,24,1400,181718,4
DEQ,948868014796443,24,1400,178330,3
DEQ,948868014880939,24,1400,260764,4
DEQ,948868014883779,24,1400,176663,3
DEQ,948868014968670,24,1400,257489,4
DEQ,948868014971506,24,1400,170213,3
DEQ,948868015069303,24,1400,258632,4
DEQ,948868015071961,24,1400,183211,3
DEQ,948868015170173,24,1400,271483,4
DEQ,948868015173053,24,1400,196522,3
DEQ,948868015197100,24,1400,212448,4
DEQ,948868015278710,24,1400,201918,3
DEQ,948868015281438,24,1400,195810,2
DEQ,948868015297947,24,1400,119861,3
DEQ,948868015371513,24,1400,179066,4
DEQ,948868015374951,24,1400,85123,3
DEQ,948868015455973,24,1400,162372,4
DEQ,948868015458771,24,1400,159393,3
DEQ,948868015537775,24,1400,236426,4
DEQ,948868015540567,24,1400,161413,3
DEQ,948868015626896,24,1400,243732,4
DEQ,948868015629725,24,1400,166124,3
DEQ,948868015654070,24,1400,186476,4
DEQ,948868015745457,24,1400,200076,3
DEQ,948868015748504,24,1400,199135,2
DEQ,948868015838676,24,1400,204061,3
DEQ,948868015841748,24,1400,203104,2
DEQ,948868015942709,24,1400,188995,3
DEQ,948868015945569,24,1400,180914,2
DEQ,948868015950584,24,1400,103720,1
DEQ,948868016038574,24,1400,187603,4
DEQ,948868016041317,24,1400,86833,3
DEQ,948868016123940,24,1400,165506,4
DEQ,948868016127411,24,1400,163304,3
STATS,948868116395764,5,7000,16890,16885,0,0,0
DEQ,948868215235382,24,1400,199269274,4
DEQ,948868215263703,24,1400,199217557,3
DEQ,948868215265265,24,1400,199215108,2
DEQ,948868215348657,24,1400,199216879,3
DEQ,948868215349538,24,1400,199213671,2
DEQ,948868215455957,24,1400,186088,3
DEQ,948868215458800,24,1400,184663,2
DEQ,948868215476347,24,1400,121937,3
DEQ,948868215556213,24,1400,197917,4
DEQ,948868215558982,24,1400,94726,3
DEQ,948868215641149,24,1400,169249,4
DEQ,948868215643886,24,1400,166024,3
DEQ,948868215660984,24,1400,181139,4
DEQ,948868215737751,24,1400,173494,3
DEQ,948868215757113,24,1400,188531,4
DEQ,948868215826553,24,1400,174383,3
DEQ,948868215829281,24,1400,173078,2
DEQ,948868215913452,24,1400,165446,3
DEQ,948868215916180,24,1400,163650,2
DEQ,948868215997990,24,1400,163838,3
DEQ,948868216000849,24,1400,162859,2
DEQ,948868216073008,24,1400,151852,3
DEQ,948868216092004,24,1400,167015,4
DEQ,948868216173628,24,1400,167459,3
DEQ,948868216176609,24,1400,166548,2
DEQ,948868216262612,24,1400,179138,3
DEQ,948868216265586,24,1400,178163,2
DEQ,948868216348040,24,1400,166113,3
DEQ,948868216351076,24,1400,165084,2
DEQ,948868216461692,24,1400,190854,3
DEQ,948868216464413,24,1400,189539,2
DEQ,948868216549710,24,1400,193401,3
DEQ,948868216552549,24,1400,188179,2
DEQ,948868216626908,24,1400,157647,3
DEQ,948868216645710,24,1400,166338,4
DEQ,948868216748265,24,1400,191054,3
DEQ,948868216751127,24,1400,190085,2
DEQ,948868216828543,24,1400,191091,3
DEQ,948868216831350,24,1400,190084,2
DEQ,948868216910558,24,1400,154549,3
DEQ,948868216929265,24,1400,169007,4
DEQ,948868217033348,24,1400,196829,3
DEQ,948868217036052,24,1400,195559,2
DEQ,948868217119133,24,1400,201681,3
DEQ,948868217121885,24,1400,197081,2
DEQ,948868217197152,24,1400,156252,3
DEQ,948868217199836,24,1400,155079,2
DEQ,948868217284160,24,1400,157521,3
DEQ,948868217372307,24,1400,241816,4
DEQ,948868217375170,24,1400,170500,3
DEQ,948868217391463,24,1400,178301,4
DEQ,948868217461298,24,1400,170286,3
DEQ,948868217464165,24,1400,169308,2
DEQ,948868217549214,24,1400,166145,3
DEQ,948868217552058,24,1400,164912,2
DEQ,948868217628629,24,1400,159426,3
DEQ,948868217647766,24,1400,174703,4
DEQ,948868217775433,24,1400,218529,3
DEQ,948868217858847,24,1400,297928,4
DEQ,948868217861482,24,1400,225975,3
DEQ,948868217938124,24,1400,298753,4
DEQ,948868217940782,24,1400,158434,3
DEQ,948868217962301,24,1400,176134,4
DEQ,948868218053139,24,1400,186947,3
DEQ,948868218055870,24,1400,185335,2
DEQ,948868218079990,24,1400,134438,3
DEQ,948868218194415,24,1400,236534,4
DEQ,948868218197004,24,1400,136295,3
DEQ,948868218198395,24,1400,133743,2
DEQ,948868218284231,24,1400,202079,3
DEQ,948868218287109,24,1400,202440,2
DEQ,948868218375818,24,1400,173597,3
DEQ,948868218378615,24,1400,172303,2
DEQ,948868218452988,24,1400,160941,3
DEQ,948868218455768,24,1400,153790,2
DEQ,948868218533020,24,1400,149541,3
DEQ,948868218535861,24,1400,148564,2
DEQ,948868218616542,24,1400,155921,3
DEQ,948868218619318,24,1400,154785,2
DEQ,948868218697143,24,1400,156439,3
DEQ,948868218699939,24,1400,148003,2
DEQ,948868218784722,24,1400,160445,3
DEQ,948868218787543,24,1400,159367,2
DEQ,948868218804353,24,1400,99589,3
DEQ,948868218878768,24,1400,170134,4
DEQ,948868218947964,24,1400,152156,3
DEQ,948868218950789,24,1400,151075,2
DEQ,948868219028611,24,1400,221873,3
DEQ,948868219047398,24,1400,238629,4
DEQ,948868219181758,24,1400,226121,3
DEQ,948868219200891,24,1400,241241,4
DEQ,948868219330875,24,1400,291871,3
DEQ,948868219333589,24,1400,290676,2
DEQ,948868219412086,24,1400,223547,3
DEQ,948868219414782,24,1400,218867,2
DEQ,948868219494982,24,1400,156679,3
DEQ,948868219497748,24,1400,155419,2
DEQ,948868219514417,24,1400,94749,3
DEQ,948868219590025,24,1400,166130,4
DEQ,948868219592887,24,1400,86942,3
DEQ,948868219673652,24,1400,163783,4
DEQ,948868219676453,24,1400,160432,3
DEQ,948868219749849,24,1400,231836,4
DEQ,948868219764452,24,1400,166714,3
DEQ,948868219836937,24,1400,235214,4
DEQ,948868219924998,24,1400,243749,3
DEQ,948868219927746,24,1400,242383,2
DEQ,948868220003390,24,1400,233701,3
DEQ,948868220006245,24,1400,232412,2
DEQ,948868220094897,24,1400,162250,3
DEQ,948868220097661,24,1400,160936,2
DEQ,948868220178278,24,1400,167133,3
DEQ,948868220181066,24,1400,165810,2
DEQ,948868220290791,24,1400,188271,3
DEQ,948868220293472,24,1400,187077,2
DEQ,948868220369985,24,1400,184055,3
DEQ,948868220372716,24,1400,178144,2
DEQ,948868220389644,24,1400,91488,3
DEQ,948868220497131,24,1400,195063,4
DEQ,948868220500710,24,1400,119645,3
DEQ,948868220577573,24,1400,192636,4
DEQ,948868220580383,24,1400,189278,3
DEQ,948868220679355,24,1400,286254,4
DEQ,948868220681936,24,1400,176726,3
DEQ,948868220683416,24,1400,174272,2
DEQ,948868220764703,24,1400,179405,3
DEQ,948868220783940,24,1400,194644,4
DEQ,948868220882262,24,1400,194824,3
DEQ,948868220947511,24,1400,256077,2
DEQ,948868220986917,24,1400,211774,1
DEQ,948868221037668,24,1400,258542,0
DEQ,948868221090186,24,1400,43060,3
DEQ,948868221131341,24,1400,75693,4
DEQ,948868221206049,24,1400,146139,3
DEQ,948868221246614,24,1400,184596,4
DEQ,948868221293933,24,1400,201285,3
DEQ,948868221326480,24,1400,231790,4
DEQ,948868221373715,24,1400,165643,3
DEQ,948868221411829,24,1400,201766,4
DEQ,948868221454196,24,1400,158198,3
DEQ,948868221490161,24,1400,192208,4
DEQ,948868420289409,24,1400,198913577,3
DEQ,948868420292506,24,1400,198914678,2
DEQ,948868420293186,24,1400,198836848,1
DEQ,948868420317280,24,1400,198858971,4
DEQ,948868420420891,24,1400,121234,3
DEQ,948868420421828,24,1400,117682,2
DEQ,948868420423628,24,1400,114866,1
DEQ,948868420534085,24,1400,223082,4
DEQ,948868420536978,24,1400,108846,3
DEQ,948868420538687,24,1400,106076,2
DEQ,948868420573240,24,1400,134489,3
DEQ,948868420616456,24,1400,175583,4
DEQ,948868420652854,24,1400,109704,3
DEQ,948868420693170,24,1400,137384,4
DEQ,948868420734045,24,1400,159311,3
DEQ,948868420772907,24,1400,196094,4
DEQ,948868420813022,24,1400,158846,3
DEQ,948868420854593,24,1400,198423,4
DEQ,948868420892829,24,1400,156830,3
DEQ,948868420941229,24,1400,202926,4
DEQ,948868420979042,24,1400,164637,3
DEQ,948868421016090,24,1400,199723,4
DEQ,948868421091835,24,1400,197765,3
DEQ,948868421094679,24,1400,198580,2
DEQ,948868421173950,24,1400,193543,3
DEQ,948868421176737,24,1400,194361,2
DEQ,948868421284470,24,1400,184885,3
DEQ,948868421287322,24,1400,178542,2
DEQ,948868421304827,24,1400,123202,3
DEQ,948868421405540,24,1400,214855,4
DEQ,948868421408421,24,1400,112139,3
DEQ,948868421426316,24,1400,125949,4
DEQ,948868421497744,24,1400,190481,3
DEQ,948868421500706,24,1400,191311,2
DEQ,948868421585643,24,1400,168086,3
DEQ,948868421588414,24,1400,166915,2
DEQ,948868421669869,24,1400,164018,3
DEQ,948868421672646,24,1400,162596,2
DEQ,948868421749769,24,1400,156632,3
DEQ,948868421752625,24,1400,155593,2
DEQ,948868421835698,24,1400,158256,3
DEQ,948868421838421,24,1400,156888,2
DEQ,948868421920651,24,1400,163102,3
DEQ,948868421923476,24,1400,161874,2
DEQ,948868421999434,24,1400,156101,3
DEQ,948868422003807,24,1400,151276,2
DEQ,948868422074850,24,1400,146547,3
DEQ,948868422077652,24,1400,145288,2
DEQ,948868422156508,24,1400,148722,3
DEQ,948868422159337,24,1400,147414,2
DEQ,948868422238191,24,1400,155552,3
DEQ,948868422241724,24,1400,155230,2
DEQ,948868422325662,24,1400,161418,3
DEQ,948868422328333,24,1400,160084,2
DEQ,948868422403158,24,1400,156348,3
DEQ,948868422405878,24,1400,155038,2
DEQ,948868422481149,24,1400,148052,3
DEQ,948868422483859,24,1400,146849,2
DEQ,948868422562947,24,1400,152189,3
DEQ,948868422589280,24,1400,174527,4
DEQ,948868422683695,24,1400,194773,3
DEQ,948868422686443,24,1400,189040,2
DEQ,948868422763728,24,1400,193887,3
DEQ,948868422782422,24,1400,208778,4
DEQ,948868422898979,24,1400,207757,3
DEQ,948868422974584,24,1400,279304,4
DEQ,948868422977334,24,1400,203286,3
DEQ,948868423051376,24,1400,273286,4
DEQ,948868423054081,24,1400,148196,3
DEQ,948868423133682,24,1400,223843,4
DEQ,948868423136519,24,1400,154252,3
DEQ,948868423224867,24,1400,238686,4
DEQ,948868423227595,24,1400,168513,3
DEQ,948868423311508,24,1400,243192,4
DEQ,948868423314239,24,1400,172814,3
DEQ,948868423339477,24,1400,194002,4
DEQ,948868423428172,24,1400,195853,3
DEQ,948868423430842,24,1400,194453,2
DEQ,948868423455493,24,1400,136353,3
DEQ,948868423560459,24,1400,225552,4
DEQ,948868423563304,24,1400,127343,3
DEQ,948868423648604,24,1400,208746,4
DEQ,948868423651443,24,1400,193575,3
DEQ,948868423742206,24,1400,282090,4
DEQ,948868423744926,24,1400,176673,3
DEQ,948868423762113,24,1400,181891,4
DEQ,948868423867820,24,1400,211442,3
DEQ,948868423870795,24,1400,203646,2
DEQ,948868423871262,24,1400,121506,1
DEQ,948868423893395,24,1400,136096,4
DEQ,948868423964836,24,1400,88615,3
DEQ,948868423967553,24,1400,84171,2
DEQ,948868423988503,24,1400,100289,3
DEQ,948868424064449,24,1400,174183,4
DEQ,948868424101206,24,1400,128781,3
DEQ,948868424141003,24,1400,159849,4
DEQ,948868424205772,24,1400,215759,3
DEQ,948868424246574,24,1400,254506,4
DEQ,948868424293464,24,1400,188657,3
DEQ,948868424326338,24,1400,217423,4
DEQ,948868424366110,24,1400,158012,3
DEQ,948868424405742,24,1400,195671,4
DEQ,948868424446697,24,1400,151051,3
DEQ,948868424489627,24,1400,191988,4
DEQ,948868424526309,24,1400,158104,3
DEQ,948868424568313,24,1400,198151,4
DEQ,948868424610653,24,1400,161874,3
DEQ,948868424646329,24,1400,195548,4
DEQ,948868424686213,24,1400,157257,3
DEQ,948868424731711,24,1400,200789,4
DEQ,948868424766312,24,1400,153691,3
DEQ,948868424806298,24,1400,191708,4
DEQ,948868424846332,24,1400,157895,3
DEQ,948868424894868,24,1400,204505,4
DEQ,948868424940361,24,1400,171968,3
DEQ,948868424981747,24,1400,211309,4
DEQ,948868425044052,24,1400,195726,3
DEQ,948868425092280,24,1400,241930,4
DEQ,948868425124267,24,1400,181910,3
DEQ,948868425190443,24,1400,246066,4
DEQ,948868425237301,24,1400,191166,3
DEQ,948868425275687,24,1400,227603,4
DEQ,948868620285835,24,1400,195159641,3
DEQ,948868620288845,24,1400,195160633,2
DEQ,948868620289484,24,1400,195050116,1
DEQ,948868620317541,24,1400,195076231,4
DEQ,948868620434823,24,1400,139310,3
DEQ,948868620437530,24,1400,137738,2
DEQ,948868620438032,24,1400,133350,1
DEQ,948868620539834,24,1400,232890,4
DEQ,948868620542455,24,1400,99403,3
DEQ,948868620560194,24,1400,113172,4
DEQ,948868620604618,24,1400,152855,3
DEQ,948868620638173,24,1400,184464,4
DEQ,948868620680526,24,1400,133146,3
DEQ,948868620717181,24,1400,165238,4
DEQ,948868620756882,24,1400,149922,3
DEQ,948868620796565,24,1400,187480,4
DEQ,948868620839393,24,1400,156813,3
DEQ,948868620877122,24,1400,192592,4
DEQ,948868620916794,24,1400,158100,3
DEQ,948868620960210,24,1400,199609,4
DEQ,948868620996523,24,1400,155039,3
DEQ,948868621086252,24,1400,242678,4
DEQ,948868621089008,24,1400,170069,3
DEQ,948868621089586,24,1400,168647,2
DEQ,948868621171665,24,1400,173018,3
DEQ,948868621174466,24,1400,171488,2
DEQ,948868621247752,24,1400,153189,3
DEQ,948868621250652,24,1400,152071,2
DEQ,948868621328681,24,1400,149211,3
DEQ,948868621431418,24,1400,248120,4
DEQ,948868621434589,24,1400,179196,3
DEQ,948868621435368,24,1400,170735,2
DEQ,948868621462208,24,1400,126487,3
DEQ,948868621600674,24,1400,260814,4
DEQ,948868621603399,24,1400,161762,3
DEQ,948868621693649,24,1400,247536,4
DEQ,948868621696289,24,1400,231801,3
DEQ,948868621778969,24,1400,312198,4
DEQ,948868621789584,24,1400,181351,3
DEQ,948868621928319,24,1400,308774,4
DEQ,948868622006269,24,1400,305239,3
DEQ,948868622025441,24,1400,320354,4
DEQ,948868622174508,24,1400,381307,3
DEQ,948868622193605,24,1400,396288,4
DEQ,948868622328036,24,1400,314671,3
DEQ,948868622330767,24,1400,313338,2
DEQ,948868622410779,24,1400,229404,3
DEQ,948868622413497,24,1400,224537,2
DEQ,948868622429995,24,1400,94377,3
DEQ,948868622499238,24,1400,159601,4
DEQ,948868622501963,24,1400,80163,3
DEQ,948868622584663,24,1400,159092,4
DEQ,948868622587376,24,1400,155841,3
DEQ,948868622672230,24,1400,238675,4
DEQ,948868622675077,24,1400,168267,3
DEQ,948868622698046,24,1400,187044,4
DEQ,948868622776168,24,1400,183757,3
DEQ,948868622795681,24,1400,192194,4
DEQ,948868622875322,24,1400,195406,3
DEQ,948868622977298,24,1400,284128,4
DEQ,948868622980129,24,1400,197060,3
DEQ,948868623070960,24,1400,280269,4
DEQ,948868623081885,24,1400,195641,3
DEQ,948868623226305,24,1400,330849,4
DEQ,948868623229055,24,1400,244012,3
DEQ,948868623308704,24,1400,319627,4
DEQ,948868623393394,24,1400,307765,3
DEQ,948868623484215,24,1400,394742,4
DEQ,948868623584370,24,1400,350581,3
DEQ,948868623605184,24,1400,360872,4
DEQ,948868623686433,24,1400,286257,3
DEQ,948868623755938,24,1400,345558,4
DEQ,948868623808394,24,1400,212383,3
DEQ,948868623910976,24,1400,310412,4
DEQ,948868623954638,24,1400,256841,3
DEQ,948868624043941,24,1400,327664,4
DEQ,948868624087948,24,1400,276655,3
DEQ,948868624124365,24,1400,310716,4
DEQ,948868624184941,24,1400,228003,3
DEQ,948868624232828,24,1400,273983,4
DEQ,948868624265285,24,1400,175185,3
DEQ,948868624305124,24,1400,213229,4
DEQ,948868624351074,24,1400,163589,3
DEQ,948868624385483,24,1400,195920,4
DEQ,948868624444968,24,1400,177332,3
DEQ,948868624494199,24,1400,224442,4
DEQ,948868624534898,24,1400,181337,3
DEQ,948868624574562,24,1400,218732,4
DEQ,948868624620808,24,1400,173516,3
DEQ,948868624667906,24,1400,218457,4
DEQ,948868624700701,24,1400,163349,3
DEQ,948868624740692,24,1400,201229,4
DEQ,948868624783851,24,1400,160465,3
DEQ,948868624826214,24,1400,200748,4
DEQ,948868624864117,24,1400,160939,3
DEQ,948868624900716,24,1400,195469,4
DEQ,948868624943743,24,1400,157320,3
DEQ,948868624984056,24,1400,195576,4
DEQ,948868625020705,24,1400,154228,3
DEQ,948868625060695,24,1400,192110,4
DEQ,948868625105152,24,1400,158961,3
DEQ,948868625149119,24,1400,200743,4
DEQ,948868625180700,24,1400,157480,3
DEQ,948868625220773,24,1400,195362,4
DEQ,948868625268883,24,1400,161048,3
DEQ,948868625308355,24,1400,198619,4
DEQ,948868625348666,24,1400,165709,3
DEQ,948868625388776,24,1400,203679,4
DEQ,948868625430789,24,1400,159513,3
DEQ,948868625468413,24,1400,195020,4
DEQ,948868625469845,24,1400,118762,3
DEQ,948868625508781,24,1400,155610,4
DEQ,948868625552818,24,1400,107897,3
DEQ,948868625588813,24,1400,141783,4
DEQ,948868625628439,24,1400,157075,3
DEQ,948868625668881,24,1400,195407,4
DEQ,948868625708614,24,1400,153268,3
DEQ,948868625723097,24,1400,165648,2
DEQ,948868625764047,24,1400,133428,3
DEQ,948868625803192,24,1400,170604,4
DEQ,948868625843767,24,1400,119093,3
DEQ,948868625883805,24,1400,153774,4
DEQ,948868625939605,24,1400,173044,3
DEQ,948868625972734,24,1400,203955,4
DEQ,948868626012794,24,1400,153662,3
DEQ,948868626052703,24,1400,189350,4
DEQ,948868626096023,24,1400,153658,3
DEQ,948868626132459,24,1400,187991,4
DEQ,948868626172715,24,1400,157459,3
DEQ,948868626212930,24,1400,195582,4
DEQ,948868626252649,24,1400,154115,3
DEQ,948868626321528,24,1400,220954,4
DEQ,948868626364259,24,1400,189392,3
DEQ,948868626401059,24,1400,224210,4
DEQ,948868825240840,24,1400,198985813,4
DEQ,948868825256259,24,1400,198999319,3
DEQ,948868825257901,24,1400,198888104,2
DEQ,948868825368203,24,1400,198996416,5
DEQ,948868825369063,24,84,89811969,4
DEQ,948868825436363,24,1400,174052,3
DEQ,948868825439504,24,1400,167069,2
DEQ,948868825463611,24,1400,184993,3
DEQ,948868825580350,24,1400,299444,4
DEQ,948868825582889,24,1400,138309,3
DEQ,948868825584364,24,1400,135955,2
DEQ,948868825698253,24,1400,232285,3
DEQ,948868825700972,24,1400,232743,2
DEQ,948868825717453,24,1400,129101,3
DEQ,948868825812843,24,1400,220521,4
DEQ,948868825820368,24,1400,114632,3
DEQ,948868825849498,24,1400,139854,2
DEQ,948868825889777,24,1400,170801,3
DEQ,948868825935434,24,1400,214358,2
DEQ,948868825970694,24,1400,116717,1
DEQ,948868826013158,24,1400,154642,0
DEQ,948868826060242,24,1400,43538,3
DEQ,948868826120338,24,1400,94516,4
DEQ,948868826167608,24,1400,138386,3
DEQ,948868826200201,24,1400,169061,4
DEQ,948868826239858,24,1400,177219,3
DEQ,948868826279735,24,1400,214837,4
DEQ,948868826326821,24,1400,156928,3
DEQ,948868826364825,24,1400,192968,4
DEQ,948868826435172,24,1400,193069,3
DEQ,948868826475018,24,1400,230817,4
DEQ,948868826514633,24,1400,185722,3
DEQ,948868826555040,24,1400,224128,4
DEQ,948868826597773,24,1400,160482,3
DEQ,948868826639682,24,1400,200363,4
DEQ,948868826674971,24,1400,158386,3
DEQ,948868826715027,24,1400,196489,4
DEQ,948868826760607,24,1400,160907,3
DEQ,948868826806273,24,1400,204528,4
DEQ,948868826840691,24,1400,163474,3
DEQ,948868826888622,24,1400,209392,4
DEQ,948868826920737,24,1400,157682,3
DEQ,948868826965636,24,1400,200642,4
DEQ,948868827001725,24,1400,158957,3
DEQ,948868827040124,24,1400,195288,4
DEQ,948868827080784,24,1400,157972,3
DEQ,948868827120888,24,1400,195922,4
DEQ,948868827160520,24,1400,156122,3
DEQ,948868827200187,24,1400,193790,4
DEQ,948868827244090,24,1400,160839,3
DEQ,948868827280689,24,1400,195347,4
DEQ,948868827320726,24,1400,157693,3
DEQ,948868827364617,24,1400,199613,4
DEQ,948868827400516,24,1400,154344,3
DEQ,948868827440509,24,1400,192409,4
DEQ,948868827480418,24,1400,157692,3
DEQ,948868827520707,24,1400,196099,4
DEQ,948868827560748,24,1400,158133,3
DEQ,948868827602645,24,1400,197994,4
DEQ,948868827640754,24,1400,158187,3
DEQ,948868827682329,24,1400,197850,4
DEQ,948868827724635,24,1400,161856,3
DEQ,948868827763644,24,1400,198815,4
DEQ,948868827805405,24,1400,162520,3
DEQ,948868827842433,24,1400,197612,4
DEQ,948868827880697,24,1400,153904,3
DEQ,948868827922370,24,1400,193578,4
DEQ,948868827964564,24,1400,157009,3
DEQ,948868828001595,24,1400,192042,4
DEQ,948868828042604,24,1400,159653,3
DEQ,948868828080716,24,1400,195766,4
DEQ,948868828120441,24,1400,153752,3
DEQ,948868828160749,24,1400,192153,4
DEQ,948868828200700,24,1400,155698,3
DEQ,948868828240743,24,1400,193645,4
DEQ,948868828280741,24,1400,157840,3
DEQ,948868828325402,24,1400,200427,4
DEQ,948868828360712,24,1400,157995,3
DEQ,948868828405325,24,1400,200674,4
DEQ,948868828451649,24,1400,168875,3
DEQ,948868828485496,24,1400,200775,4
DEQ,948868828524212,24,1400,161363,3
DEQ,948868828563957,24,1400,199280,4
DEQ,948868828610657,24,1400,156861,3
DEQ,948868828650642,24,1400,195205,4
DEQ,948868828690545,24,1400,164294,3
DEQ,948868828738502,24,1400,210207,4
DEQ,948868828770755,24,1400,157866,3
DEQ,948868828810685,24,1400,195644,4
DEQ,948868828850707,24,1400,158017,3
DEQ,948868828890590,24,1400,195797,4
DEQ,948868828930387,24,1400,157544,3
DEQ,948868828970508,24,1400,195647,4
DEQ,948868829011094,24,1400,158317,3
DEQ,948868829067965,24,1400,213059,4
DEQ,948868829107847,24,1400,175321,3
DEQ,948868829148033,24,1400,213351,4
DEQ,948868829206224,24,1400,192904,3
DEQ,948868829246523,24,1400,230851,4
DEQ,948868829293174,24,1400,182898,3
DEQ,948868829326748,24,1400,214278,4
DEQ,948868829366725,24,1400,158440,3
DEQ,948868829408174,24,1400,197305,4
DEQ,948868829454418,24,1400,159191,3
DEQ,948868829495477,24,1400,197905,4
DEQ,948868829535337,24,1400,166568,3
DEQ,948868829575350,24,1400,204373,4
DEQ,948868829615254,24,1400,158755,3
DEQ,948868829662212,24,1400,203777,4
DEQ,948868829709774,24,1400,172329,3
DEQ,948868829742577,24,1400,203082,4
DEQ,948868829810207,24,1400,192736,3
DEQ,948868829858061,24,1400,238641,4
DEQ,948868829890731,24,1400,178858,3
DEQ,948868829959392,24,1400,245461,4
DEQ,948868829999706,24,1400,187273,3
DEQ,948868830039523,24,1400,225062,4
DEQ,948868830080298,24,1400,186188,3
DEQ,948868830121041,24,1400,224924,4
DEQ,948868830171266,24,1400,167737,3
DEQ,948868830210597,24,1400,205009,4
DEQ,948868830260813,24,1400,178105,3
DEQ,948868830307930,24,1400,223010,4
DEQ,948868830340530,24,1400,167091,3
DEQ,948868830388161,24,1400,212726,4
DEQ,948868830420446,24,1400,157543,3
DEQ,948868830460114,24,1400,195181,4
DEQ,948868830500724,24,1400,158067,3
DEQ,948868830540953,24,1400,196328,4
DEQ,948868830542154,24,1400,119501,3
DEQ,948868830582131,24,1400,157485,4
DEQ,948868830620451,24,1400,117654,3
DEQ,948868830660882,24,1400,155967,4
DEQ,948868830662139,24,1400,118437,3
DEQ,948868830710019,24,1400,164053,4
DEQ,948868830749891,24,1400,127247,3
DEQ,948868830790327,24,1400,165385,4
DEQ,948868830837049,24,1400,173379,3
DEQ,948868830869893,24,1400,204051,4
DEQ,948868830935189,24,1400,183134,3
DEQ,948868830981378,24,1400,227011,4
DEQ,948868831015548,24,1400,176301,3
DEQ,948869030269076,24,1400,199427595,4
DEQ,948869030271630,24,1400,199334401,3
DEQ,948869030272063,24,1400,199332521,2
DEQ,948869030368452,24,1400,199350781,3
DEQ,948869030369223,24,1400,199349452,2
DEQ,948869030388087,24,1400,110432,3
DEQ,948869030465876,24,1400,183975,4
DEQ,948869030468823,24,1400,94565,3
DEQ,948869030496807,24,1400,114120,4
DEQ,948869030596254,24,1400,204617,3
DEQ,948869030599240,24,1400,205477,2
DEQ,948869030688190,24,1400,214317,3
DEQ,948869030690913,24,1400,205804,2
DEQ,948869030783003,24,1400,178272,3
DEQ,948869030805396,24,1400,195073,4
DEQ,948869030911100,24,1400,215267,3
DEQ,948869030913729,24,1400,206643,2
DEQ,948869030916644,24,1400,126699,1
DEQ,948869030942890,24,1400,149031,4
DEQ,948869031026610,24,1400,100870,3
DEQ,948869031046018,24,1400,117668,4
DEQ,948869031124020,24,1400,191343,3
DEQ,948869031126812,24,1400,192164,2
DEQ,948869031204033,24,1400,166983,3
DEQ,948869031206860,24,1400,165803,2
DEQ,948869031291792,24,1400,160067,3
DEQ,948869031294389,24,1400,158776,2
DEQ,948869031318823,24,1400,107024,3
DEQ,948869031364716,24,1400,148922,4
DEQ,948869031411901,24,1400,112723,3
DEQ,948869031452004,24,1400,148923,4
DEQ,948869031492071,24,1400,171778,3
DEQ,948869031559837,24,1400,237464,4
DEQ,948869031600059,24,1400,186076,3
DEQ,948869031639910,24,1400,223939,4
DEQ,948869031679622,24,1400,186062,3
DEQ,948869031720068,24,1400,224567,4
DEQ,948869031763761,24,1400,161699,3
DEQ,948869031805103,24,1400,201069,4
DEQ,948869031841867,24,1400,160002,3
DEQ,948869031879962,24,1400,196049,4
DEQ,948869031922768,24,1400,156451,3
DEQ,948869031965153,24,1400,196621,4
DEQ,948869032002110,24,1400,158068,3
DEQ,948869032070290,24,1400,224214,4
DEQ,948869032110469,24,1400,185635,3
DEQ,948869032160044,24,1400,233184,4
DEQ,948869032199152,24,1400,194961,3
DEQ,948869032245195,24,1400,239055,4
DEQ,948869032284923,24,1400,172323,3
DEQ,948869032325152,24,1400,210483,4
DEQ,948869032364857,24,1400,163610,3
DEQ,948869032411801,24,1400,208487,4
DEQ,948869032451778,24,1400,164792,3
DEQ,948869032492125,24,1400,203103,4
DEQ,948869032559809,24,1400,192790,3
DEQ,948869032600267,24,1400,231297,4
DEQ,948869032640046,24,1400,186266,3
DEQ,948869032680084,24,1400,224186,4
DEQ,948869032720901,24,1400,159106,3
DEQ,948869032763958,24,1400,200181,4
DEQ,948869032823802,24,1400,181292,3
DEQ,948869032864052,24,1400,219479,4
DEQ,948869032910617,24,1400,187581,3
DEQ,948869032950176,24,1400,225133,4
DEQ,948869032995843,24,1400,169954,3
DEQ,948869033069746,24,1400,241861,4
DEQ,948869033118782,24,1400,206030,3
DEQ,948869033151751,24,1400,237062,4
DEQ,948869033191871,24,1400,193890,3
DEQ,948869033242559,24,1400,242544,4
DEQ,948869033281675,24,1400,160768,3
DEQ,948869033315081,24,1400,192197,4
DEQ,948869033362664,24,1400,168530,3
DEQ,948869033398412,24,1400,202176,4
DEQ,948869033440653,24,1400,156932,3
DEQ,948869033477766,24,1400,192053,4
DEQ,948869033515302,24,1400,150513,3
DEQ,948869033557493,24,1400,190511,4
DEQ,948869033603552,24,1400,160809,3
DEQ,948869033635102,24,1400,190411,4
DEQ,948869033675277,24,1400,157928,3
DEQ,948869033745873,24,1400,226251,4
DEQ,948869033819599,24,1400,214015,3
DEQ,948869033868503,24,1400,260920,4
DEQ,948869033910532,24,1400,233179,3
DEQ,948869033949848,24,1400,270437,4
DEQ,948869033995292,24,1400,173620,3
DEQ,948869034042443,24,1400,218824,4
DEQ,948869034075303,24,1400,162771,3
DEQ,948869034115325,24,1400,200863,4
DEQ,948869034158274,24,1400,160865,3
DEQ,948869034200646,24,1400,201259,4
DEQ,948869034238622,24,1400,161144,3
DEQ,948869034275119,24,1400,195610,4
DEQ,948869034323406,24,1400,163087,3
DEQ,948869034361716,24,1400,199375,4
DEQ,948869034395287,24,1400,154532,3
DEQ,948869034435221,24,1400,192442,4
DEQ,948869034483634,24,1400,158062,3
DEQ,948869034515046,24,1400,187527,4
DEQ,948869034557535,24,1400,160180,3
DEQ,948869034596920,24,1400,197631,4
DEQ,948869034643529,24,1400,157771,3
DEQ,948869034682940,24,1400,195229,4
DEQ,948869034723274,24,1400,163601,3
DEQ,948869034763322,24,1400,201601,4
DEQ,948869034805184,24,1400,159558,3
DEQ,948869034843334,24,1400,195745,4
DEQ,948869034844533,24,1400,119151,3
DEQ,948869034883280,24,1400,155974,4
DEQ,948869034928214,24,1400,120900,3
DEQ,948869034963376,24,1400,154121,4
DEQ,948869035003817,24,1400,157875,3
DEQ,948869035043221,24,1400,195352,4
DEQ,948869035090738,24,1400,160366,3
DEQ,948869035123315,24,1400,191010,4
DEQ,948869035163053,24,1400,157062,3
DEQ,948869035203273,24,1400,195234,4
DEQ,948869035243305,24,1400,150534,3
DEQ,948869035283346,24,1400,188657,4
DEQ,948869035326002,24,1400,160641,3
DEQ,948869035364315,24,1400,197007,4
DEQ,948869035403071,24,1400,157746,3
DEQ,948869035442790,24,1400,195479,4
DEQ,948869035489289,24,1400,161242,3
DEQ,948869035525900,24,1400,195911,4
DEQ,948869035563274,24,1400,158000,3
DEQ,948869035606748,24,1400,199522,4
DEQ,948869035643067,24,1400,151681,3
DEQ,948869035683210,24,1400,189872,4
DEQ,948869035731278,24,1400,165947,3
DEQ,948869035763357,24,1400,196055,4
STATS,948869136010107,4,5600,17561,17557,0,0,0
DEQ,948869235207207,24,1400,199561956,3
DEQ,948869235209592,24,1400,199562290,2
DEQ,948869235254495,24,1400,199521144,1
DEQ,948869235285347,24,1400,199549956,4
DEQ,948869235395314,24,1400,135758,3
DEQ,948869235401575,24,1400,137271,2
DEQ,948869235403275,24,1400,129825,1
DEQ,948869235504193,24,1400,228590,4
DEQ,948869235507085,24,1400,99355,3
DEQ,948869235524044,24,1400,112441,4
DEQ,948869235625289,24,1400,208628,3
DEQ,948869235631547,24,1400,213244,2
DEQ,948869235633151,24,1400,117293,1
DEQ,948869235711304,24,1400,191342,4
DEQ,948869235713920,24,1400,76425,3
DEQ,948869235790668,24,1400,149357,4
DEQ,948869235793344,24,1400,146884,3
DEQ,948869235869694,24,1400,221584,4
DEQ,948869235872556,24,1400,153808,3
DEQ,948869235959587,24,1400,236836,4
DEQ,948869236022893,24,1400,224878,3
DEQ,948869236025609,24,1400,223704,2
DEQ,948869236111019,24,1400,233588,3
DEQ,948869236113863,24,1400,224483,2
DEQ,948869236135266,24,1400,104745,3
DEQ,948869236245786,24,1400,204466,4
DEQ,948869236248373,24,1400,129723,3
DEQ,948869236249977,24,1400,119006,2
DEQ,948869236385058,24,1400,247435,3
DEQ,948869236387951,24,1400,248521,2
DEQ,948869236405222,24,1400,150724,3
DEQ,948869236475882,24,1400,217168,4
DEQ,948869236478597,24,1400,81711,3
DEQ,948869236566018,24,1400,165281,4
DEQ,948869236568765,24,1400,162086,3
DEQ,948869236586270,24,1400,177554,4
DEQ,948869236704876,24,1400,221481,3
DEQ,948869236707700,24,1400,215522,2
DEQ,948869236793964,24,1400,220321,3
DEQ,948869236796803,24,1400,218910,2
DEQ,948869236901838,24,1400,189322,3
DEQ,948869236922161,24,1400,198050,4
DEQ,948869237033132,24,1400,231317,3
DEQ,948869237111977,24,1400,300843,4
DEQ,948869237114842,24,1400,205593,3
DEQ,948869237131092,24,1400,217552,4
DEQ,948869237223630,24,1400,183547,3
DEQ,948869237226461,24,1400,182332,2
DEQ,948869237304035,24,1400,184223,3
DEQ,948869237306772,24,1400,183058,2
DEQ,948869237331464,24,1400,99703,3
DEQ,948869237431028,24,1400,190973,4
DEQ,948869237433754,24,1400,122136,3
DEQ,948869237513949,24,1400,187364,4
DEQ,948869237524746,24,1400,191840,3
DEQ,948869237650717,24,1400,315926,4
DEQ,948869237717406,24,1400,278846,3
DEQ,948869237720216,24,1400,277662,2
DEQ,948869237802309,24,1400,273012,3
DEQ,948869237805057,24,1400,271828,2
DEQ,948869237890651,24,1400,165688,3
DEQ,948869237893389,24,1400,159471,2
DEQ,948869237916827,24,1400,106638,3
DEQ,948869237992931,24,1400,178788,4
DEQ,948869237995860,24,1400,97581,3
DEQ,948869238012855,24,1400,100346,4
DEQ,948869238094169,24,1400,175857,3
DEQ,948869238096839,24,1400,176662,2
DEQ,948869238182683,24,1400,181890,3
DEQ,948869238185425,24,1400,176982,2
DEQ,948869238260643,24,1400,159007,3
DEQ,948869238279377,24,1400,168457,4
DEQ,948869238403144,24,1400,212948,3
DEQ,948869238484632,24,1400,290596,4
DEQ,948869238487507,24,1400,219967,3
DEQ,948869238594981,24,1400,323458,4
DEQ,948869238597835,24,1400,187772,3
DEQ,948869238598322,24,1400,184246,2
DEQ,948869238631351,24,1400,139058,3
DEQ,948869238681336,24,1400,185166,4
DEQ,948869238720970,24,1400,117741,3
DEQ,948869238768350,24,1400,156608,4
DEQ,948869238816684,24,1400,183805,3
DEQ,948869238848212,24,1400,213368,4
DEQ,948869238887801,24,1400,165558,3
DEQ,948869238928198,24,1400,203951,4
DEQ,948869238972548,24,1400,153669,3
DEQ,948869239011891,24,1400,191065,4
DEQ,948869239090850,24,1400,200923,3
DEQ,948869239093622,24,1400,202025,2
DEQ,948869239170577,24,1400,196042,3
DEQ,948869239173413,24,1400,196998,2
DEQ,948869239190030,24,1400,91618,3
DEQ,948869239299270,24,1400,192470,4
DEQ,948869239301991,24,1400,123792,3
DEQ,948869239302445,24,1400,120344,2
DEQ,948869239319458,24,1400,127057,3
DEQ,948869239416654,24,1400,222211,4
DEQ,948869239419365,24,1400,111990,3
DEQ,948869239494046,24,1400,179124,4
DEQ,948869239496748,24,1400,175707,3
DEQ,948869239584823,24,1400,261794,4
DEQ,948869239587598,24,1400,163560,3
DEQ,948869239671438,24,1400,243548,4
DEQ,948869239674125,24,1400,172536,3
DEQ,948869239758379,24,1400,244719,4
DEQ,948869239761206,24,1400,168640,3
DEQ,948869239783758,24,1400,180057,4
DEQ,948869239860547,24,1400,181472,3
DEQ,948869239879426,24,1400,196464,4
DEQ,948869239958238,24,1400,192133,3
DEQ,948869239961046,24,1400,181805,2
DEQ,948869239961582,24,1400,90554,1
DEQ,948869240052120,24,1400,177239,4
DEQ,948869240054935,24,1400,88243,3
DEQ,948869240132828,24,1400,162280,4
DEQ,948869240135615,24,1400,160732,3
DEQ,948869240220845,24,1400,243939,4
DEQ,948869240223547,24,1400,163784,3
DEQ,948869240305538,24,1400,236903,4
DEQ,948869240308233,24,1400,167792,3
DEQ,948869240386133,24,1400,241739,4
DEQ,948869240388829,24,1400,160470,3
DEQ,948869240469186,24,1400,236937,4
DEQ,948869240472044,24,1400,159098,3
DEQ,948869240495077,24,1400,178027,4
DEQ,948869240581946,24,1400,188313,3
DEQ,948869240584795,24,1400,187278,2
DEQ,948869240586349,24,1400,109413,1
DEQ,948869240672623,24,1400,185972,4
DEQ,948869240675428,24,1400,84350,3
DEQ,948869440314495,24,1400,199719351,4
DEQ,948869440317808,24,1400,199717570,3
DEQ,948869440318401,24,1400,199716148,2
DEQ,948869440320629,24,1400,199640156,1
DEQ,948869440423430,24,1400,199739103,4
DEQ,948869440424258,24,1400,97958,3
DEQ,948869440537876,24,1400,206966,4
DEQ,948869440540872,24,1400,204244,3
DEQ,948869440541410,24,1400,202673,2
DEQ,948869440630361,24,1400,200910,3
DEQ,948869440633056,24,1400,199270,2
DEQ,948869440649222,24,1400,102051,3
DEQ,948869440743857,24,1400,192248,4
DEQ,948869440746623,24,1400,108718,3
DEQ,948869440833253,24,1400,191549,4
DEQ,948869440835977,24,1400,185263,3
DEQ,948869440919063,24,1400,266313,4
DEQ,948869440921760,24,1400,170367,3
DEQ,948869440945819,24,1400,182393,4
DEQ,948869441027608,24,1400,186792,3
DEQ,948869441046424,24,1400,196052,4
DEQ,948869441122329,24,1400,195693,3
DEQ,948869441125141,24,1400,194609,2
DEQ,948869441202151,24,1400,164097,3
DEQ,948869441204855,24,1400,162780,2
DEQ,948869441279363,24,1400,149321,3
DEQ,948869441298147,24,1400,164251,4
DEQ,948869441420271,24,1400,210546,3
DEQ,948869441422999,24,1400,209307,2
DEQ,948869441504843,24,1400,218702,3
DEQ,948869441507556,24,1400,217472,2
DEQ,948869441531070,24,1400,103313,3
DEQ,948869441609330,24,1400,177330,4
DEQ,948869441623779,24,1400,111404,3
DEQ,948869441706061,24,1400,189738,4
DEQ,948869441708855,24,1400,175482,3
DEQ,948869441800696,24,1400,265181,4
DEQ,948869441803384,24,1400,174248,3
DEQ,948869441879831,24,1400,246542,4
DEQ,948869441882684,24,1400,168979,3
DEQ,948869441905840,24,1400,188139,4
DEQ,948869441989887,24,1400,181747,3
DEQ,948869441996907,24,1400,184888,2
DEQ,948869442125182,24,1400,237580,3
DEQ,948869442127875,24,1400,233042,2
DEQ,948869442204430,24,1400,202836,3
DEQ,948869442207159,24,1400,201660,2
DEQ,948869442284726,24,1400,151868,3
DEQ,948869442287462,24,1400,150631,2
DEQ,948869442311522,24,1400,99509,3
DEQ,948869442384017,24,1400,162889,4
DEQ,948869442448516,24,1400,156111,3
DEQ,948869442473910,24,1400,167060,4
DEQ,948869442558112,24,1400,245053,3
DEQ,948869442561061,24,1400,246377,2
DEQ,948869442633737,24,1400,178393,3
DEQ,948869442652635,24,1400,183651,4
DEQ,948869442775430,24,1400,209516,3
DEQ,948869442850690,24,1400,280873,4
DEQ,948869442853530,24,1400,212976,3
DEQ,948869442925365,24,1400,277321,4
DEQ,948869442928535,24,1400,146241,3
DEQ,948869443009085,24,1400,222897,4
DEQ,948869443012529,24,1400,154247,3
DEQ,948869443107272,24,1400,244951,4
DEQ,948869443110003,24,1400,176626,3
DEQ,948869443196925,24,1400,254879,4
DEQ,948869443199629,24,1400,182848,3
DEQ,948869443216619,24,1400,195903,4
DEQ,948869443308899,24,1400,194167,3
DEQ,948869443311586,24,1400,192808,2
DEQ,948869443399690,24,1400,195286,3
DEQ,948869443402563,24,1400,194243,2
DEQ,948869443491043,24,1400,174716,3
DEQ,948869443493827,24,1400,173649,2
DEQ,948869443564704,24,1400,157308,3
DEQ,948869443567460,24,1400,151314,2
DEQ,948869443646931,24,1400,148221,3
DEQ,948869443649744,24,1400,147098,2
DEQ,948869443739620,24,1400,167279,3
DEQ,948869443742443,24,1400,166232,2
DEQ,948869443760143,24,1400,105583,3
DEQ,948869443886539,24,1400,220298,4
DEQ,948869443889228,24,1400,141915,3
DEQ,948869443912355,24,1400,156993,4
DEQ,948869444000435,24,1400,238009,3
DEQ,948869444006606,24,1400,241974,2
DEQ,948869444008085,24,1400,114069,1
DEQ,948869444086777,24,1400,178969,4
DEQ,948869444089519,24,1400,77492,3
DEQ,948869444173011,24,1400,157284,4
DEQ,948869444175759,24,1400,155006,3
DEQ,948869444259871,24,1400,237077,4
DEQ,948869444262597,24,1400,168228,3
DEQ,948869444339075,24,1400,235795,4
DEQ,948869444341960,24,1400,161356,3
DEQ,948869444426231,24,1400,241718,4
DEQ,948869444429049,24,1400,161659,3
DEQ,948869444509102,24,1400,237868,4
DEQ,948869444511937,24,1400,165177,3
DEQ,948869444587060,24,1400,231733,4
DEQ,948869444589806,24,1400,155770,3
DEQ,948869444677239,24,1400,230980,4
DEQ,948869444680069,24,1400,162942,3
DEQ,948869444761507,24,1400,240505,4
DEQ,948869444764349,24,1400,169672,3
DEQ,948869444838447,24,1400,235083,4
DEQ,948869444845364,24,1400,160405,3
DEQ,948869444935708,24,1400,241446,4
DEQ,948869444951450,24,1400,182162,3
DEQ,948869445044643,24,1400,271523,4
DEQ,948869445047339,24,1400,188348,3
DEQ,948869445071763,24,1400,210104,4
DEQ,948869445161756,24,1400,205758,3
DEQ,948869445164448,24,1400,205729,2
DEQ,948869445165896,24,1400,113686,1
DEQ,948869445248048,24,1400,181164,4
DEQ,948869445250802,24,1400,81004,3
DEQ,948869445330405,24,1400,156740,4
DEQ,948869445333124,24,1400,154153,3
DEQ,948869445414928,24,1400,233860,4
DEQ,948869445417724,24,1400,162175,3
DEQ,948869445491944,24,1400,232418,4
DEQ,948869445495072,24,1400,157186,3
DEQ,948869445511672,24,1400,164427,4
DEQ,948869445622704,24,1400,200201,3
DEQ,948869445626180,24,1400,199866,2
DEQ,948869445709259,24,1400,209380,3
DEQ,948869445712011,24,1400,204661,2
DEQ,948869445804850,24,1400,173976,3
DEQ,948869445807290,24,1400,172583,2
DEQ,948869445808734,24,1400,91824,1
DEQ,948869645246695,24,1400,199525835,4
DEQ,948869645260811,24,1400,199448117,3
DEQ,948869645262897,24,1400,199446314,2
DEQ,948869645350804,24,1400,199528891,3
DEQ,948869645351621,24,1400,199527653,2
DEQ,948869645429398,24,1400,161089,3
DEQ,948869645432558,24,1400,159371,2
DEQ,948869645514750,24,1400,158163,3
DEQ,948869645517474,24,1400,156814,2
DEQ,948869645533525,24,1400,95256,3
DEQ,948869645614453,24,1400,171763,4
DEQ,948869645621523,24,1400,95765,3
DEQ,948869645709894,24,1400,180168,4
DEQ,948869645712804,24,1400,177769,3
DEQ,948869645738212,24,1400,201093,4
DEQ,948869645861054,24,1400,234710,3
DEQ,948869645863789,24,1400,233105,2
DEQ,948869645865521,24,1400,147461,1
DEQ,948869645952785,24,1400,230601,4
DEQ,948869645955632,24,1400,85599,3
DEQ,948869645987311,24,1400,113027,4
DEQ,948869646072092,24,1400,192377,3
DEQ,948869646074833,24,1400,193094,2
DEQ,948869646075329,24,1400,114589,1
DEQ,948869646155480,24,1400,183728,4
DEQ,948869646158315,24,1400,78145,3
DEQ,948869646240369,24,1400,156350,4
DEQ,948869646243209,24,1400,154645,3
DEQ,948869646327974,24,1400,237327,4
DEQ,948869646330683,24,1400,167475,3
DEQ,948869646411352,24,1400,241058,4
DEQ,948869646417481,24,1400,169425,3
DEQ,948869646418943,24,1400,166840,2
DEQ,948869646497646,24,1400,162125,3
DEQ,948869646500368,24,1400,160990,2
DEQ,948869646584662,24,1400,161819,3
DEQ,948869646587406,24,1400,160670,2
DEQ,948869646671934,24,1400,166859,3
DEQ,948869646674665,24,1400,165711,2
DEQ,948869646697443,24,1400,105198,3
DEQ,948869646774562,24,1400,171975,4
DEQ,948869646785451,24,1400,105867,3
DEQ,948869646865358,24,1400,173111,4
DEQ,948869646872523,24,1400,173630,3
DEQ,948869646955438,24,1400,254790,4
DEQ,948869646958207,24,1400,168146,3
DEQ,948869647032003,24,1400,237962,4
DEQ,948869647034722,24,1400,157183,3
DEQ,948869647113669,24,1400,232056,4
DEQ,948869647116396,24,1400,153395,3
DEQ,948869647198417,24,1400,231517,4
DEQ,948869647201124,24,1400,161561,3
DEQ,948869647283293,24,1400,239787,4
DEQ,948869647286012,24,1400,164869,3
DEQ,948869647302337,24,1400,177275,4
DEQ,948869647378340,24,1400,172419,3
DEQ,948869647397220,24,1400,187142,4
DEQ,948869647487074,24,1400,192843,3
DEQ,948869647489891,24,1400,191703,2
DEQ,948869647568267,24,1400,183044,3
DEQ,948869647571075,24,1400,181921,2
DEQ,948869647657740,24,1400,163117,3
DEQ,948869647738719,24,1400,240161,4
DEQ,948869647741591,24,1400,165661,3
DEQ,948869647758792,24,1400,174264,4
DEQ,948869647839679,24,1400,174907,3
DEQ,948869647842299,24,1400,173543,2
DEQ,948869647922604,24,1400,176096,3
DEQ,948869647925497,24,1400,174884,2
DEQ,948869648002328,24,1400,155170,3
DEQ,948869648020880,24,1400,166642,4
DEQ,948869648128487,24,1400,198167,3
DEQ,948869648135551,24,1400,201277,2
DEQ,948869648211140,24,1400,201770,3
DEQ,948869648214127,24,1400,200865,2
DEQ,948869648305505,24,1400,166039,3
DEQ,948869648308323,24,1400,164771,2
DEQ,948869648329792,24,1400,110869,3
DEQ,948869648404749,24,1400,177224,4
DEQ,948869648407568,24,1400,94497,3
DEQ,948869648525478,24,1400,200114,4
DEQ,948869648528150,24,1400,195948,3
DEQ,948869648610382,24,1400,276136,4
DEQ,948869648613069,24,1400,200607,3
DEQ,948869648700221,24,1400,277738,4
DEQ,948869648703026,24,1400,170144,3
DEQ,948869648719403,24,1400,182578,4
DEQ,948869648792876,24,1400,175004,3
DEQ,948869648812264,24,1400,190426,4
DEQ,948869648884998,24,1400,177180,3
DEQ,948869648904177,24,1400,192451,4
DEQ,948869649023262,24,1400,223278,3
DEQ,948869649097144,24,1400,289523,4
DEQ,948869649100000,24,1400,208017,3
DEQ,948869649173532,24,1400,277513,4
DEQ,948869649176386,24,1400,146103,3
DEQ,948869649268821,24,1400,234626,4
DEQ,948869649271532,24,1400,166650,3
DEQ,948869649295486,24,1400,186654,4
DEQ,948869649372601,24,1400,191279,3
DEQ,948869649375349,24,1400,182021,2
DEQ,948869649454296,24,1400,178024,3
DEQ,948869649457003,24,1400,165965,2
DEQ,948869649539830,24,1400,159593,3
DEQ,948869649542609,24,1400,158327,2
DEQ,948869649620932,24,1400,159151,3
DEQ,948869649623692,24,1400,157707,2
DEQ,948869649640242,24,1400,92908,3
DEQ,948869649748251,24,1400,196944,4
DEQ,948869649751845,24,1400,119780,3
DEQ,948869649837142,24,1400,201215,4
DEQ,948869649839781,24,1400,197285,3
DEQ,948869649922238,24,1400,277650,4
DEQ,948869649924899,24,1400,168086,3
DEQ,948869650001873,24,1400,241095,4
DEQ,948869650082741,24,1400,237927,3
DEQ,948869650166985,24,1400,311701,4
DEQ,948869650253927,24,1400,324306,3
DEQ,948869650272599,24,1400,339100,4
DEQ,948869650401229,24,1400,311779,3
DEQ,948869650485204,24,1400,391766,4
DEQ,948869650488025,24,1400,227077,3
DEQ,948869845239244,24,1400,194974310,5
DEQ,948869845241848,24,1400,194833627,4
DEQ,948869845243622,24,1400,194831226,3
DEQ,948869845337693,24,1400,194844827,4
DEQ,948869845338564,24,1400,194837407,3
DEQ,948869845339073,24,84,108635253,2
DEQ,948869845357896,24,1400,109829,3
DEQ,948869845437645,24,1400,185235,4
DEQ,948869845440568,24,1400,91657,3
DEQ,948869845462193,24,1400,108741,4
DEQ,948869845602754,24,1400,241376,3
DEQ,948869845605744,24,1400,242237,2
DEQ,948869845606263,24,1400,160465,1
DEQ,948869845630044,24,1400,179815,4
DEQ,948869845710185,24,1400,98103,3
DEQ,948869845716396,24,1400,100188,2
DEQ,948869845717916,24,1400,97067,1
DEQ,948869845798391,24,1400,175336,4
DEQ,948869845801111,24,1400,79249,3
DEQ,948869845817399,24,1400,91745,4
DEQ,948869845912811,24,1400,182089,3
DEQ,948869845915396,24,1400,182730,2
DEQ,948869845916881,24,1400,111006,1
DEQ,948869845996872,24,1400,183837,4
DEQ,948869846000447,24,1400,79649,3
DEQ,948869846095209,24,1400,170595,4
DEQ,948869846098534,24,1400,168802,3
DEQ,948869846190655,24,1400,258896,4
DEQ,948869846193964,24,1400,188494,3
DEQ,948869846285629,24,1400,275891,4
DEQ,948869846364333,24,1400,260059,3
DEQ,948869846371156,24,1400,259588,2
DEQ,948869846373879,24,1400,174225,1
DEQ,948869846486570,24,1400,279856,4
DEQ,948869846489281,24,1400,110076,3
DEQ,948869846511060,24,1400,127435,4
DEQ,948869846603570,24,1400,214195,3
DEQ,948869846606333,24,1400,214804,2
DEQ,948869846622666,24,1400,128366,3
DEQ,948869846757036,24,1400,250683,4
DEQ,948869846759782,24,1400,148658,3
DEQ,948869846840086,24,1400,224941,4
DEQ,948869846846949,24,1400,222532,3
DEQ,948869846935241,24,1400,308955,4
DEQ,948869846937932,24,1400,173461,3
DEQ,948869846960913,24,1400,192565,4
DEQ,948869847054091,24,1400,190706,3
DEQ,948869847056815,24,1400,190766,2
DEQ,948869847088690,24,1400,145817,3
DEQ,948869847189573,24,1400,232948,4
DEQ,948869847192266,24,1400,130542,3
DEQ,948869847267215,24,1400,201516,4
DEQ,948869847270027,24,1400,178532,3
DEQ,948869847350368,24,1400,256545,4
DEQ,948869847353158,24,1400,155902,3
DEQ,948869847432874,24,1400,231647,4
DEQ,948869847435603,24,1400,160666,3
DEQ,948869847515292,24,1400,231669,4
DEQ,948869847518132,24,1400,159808,3
DEQ,948869847534861,24,1400,169660,4
DEQ,948869847612102,24,1400,171342,3
DEQ,948869847631234,24,1400,186486,4
DEQ,948869847736352,24,1400,209994,3
DEQ,948869847739163,24,1400,208850,2
DEQ,948869847811853,24,1400,188573,3
DEQ,948869847814644,24,1400,187733,2
DEQ,948869847908074,24,1400,163780,3
DEQ,948869847910902,24,1400,162783,2
DEQ,948869847927452,24,1400,107800,3
DEQ,948869847997404,24,1400,173872,4
DEQ,948869848000225,24,1400,80815,3
DEQ,948869848099375,24,1400,176117,4
DEQ,948869848102061,24,1400,172118,3
DEQ,948869848124519,24,1400,192632,4
DEQ,948869848197661,24,1400,191635,3
DEQ,948869848200533,24,1400,190240,2
DEQ,948869848217296,24,1400,110469,3
DEQ,948869848306202,24,1400,186134,4
DEQ,948869848309028,24,1400,100026,3
DEQ,948869848389361,24,1400,176559,4
DEQ,948869848392141,24,1400,172447,3
DEQ,948869848472896,24,1400,251057,4
DEQ,948869848475680,24,1400,161520,3
DEQ,948869848551447,24,1400,227289,4
DEQ,948869848554248,24,1400,157246,3
DEQ,948869848636993,24,1400,229902,4
DEQ,948869848639841,24,1400,159215,3
DEQ,948869848727103,24,1400,242610,4
DEQ,948869848729921,24,1400,170547,3
DEQ,948869848812811,24,1400,244725,4
DEQ,948869848881386,24,1400,236435,3
DEQ,948869848884953,24,1400,227935,2
DEQ,948869848958665,24,1400,223719,3
DEQ,948869848961415,24,1400,215388,2
DEQ,948869849071873,24,1400,182111,3
DEQ,948869849074612,24,1400,180877,2
DEQ,948869849163736,24,1400,197352,3
DEQ,948869849166500,24,1400,190481,2
DEQ,948869849183419,24,1400,103902,3
DEQ,948869849269945,24,1400,186497,4
DEQ,948869849272647,24,1400,101413,3
DEQ,948869849349872,24,1400,174788,4
DEQ,948869849360550,24,1400,175539,3
DEQ,948869849445902,24,1400,258948,4
DEQ,948869849448589,24,1400,170700,3
DEQ,948869849536937,24,1400,255007,4
DEQ,948869849539717,24,1400,175553,3
DEQ,948869849620177,24,1400,252150,4
DEQ,948869849623676,24,1400,170033,3
DEQ,948869849700035,24,1400,242504,4
DEQ,948869849702873,24,1400,158078,3
DEQ,948869849776062,24,1400,227249,4
DEQ,948869849790770,24,1400,161876,3
DEQ,948869849907823,24,1400,275027,4
DEQ,948869849982005,24,1400,273918,3
DEQ,948869849984677,24,1400,272709,2
DEQ,948869850008923,24,1400,212695,3
DEQ,948869850096227,24,1400,295850,4
DEQ,948869850098889,24,1400,109336,3
DEQ,948869850183004,24,1400,189469,4
DEQ,948869850185737,24,1400,173905,3
DEQ,948869850265212,24,1400,251201,4
DEQ,948869850279904,24,1400,176129,3
DEQ,948869850398039,24,1400,285041,4
DEQ,948869850476138,24,1400,285558,3
DEQ,948869850478969,24,1400,284477,2
DEQ,948869850564258,24,1400,279956,3
DEQ,948869850567052,24,1400,278722,2
DEQ,948869850651766,24,1400,167651,3
DEQ,948869850654611,24,1400,160508,2
DEQ,948869850739004,24,1400,167045,3
DEQ,948869850741842,24,1400,160713,2
DEQ,948869850812732,24,1400,153213,3
DEQ,948869850815618,24,1400,150610,2
DEQ,948869850899905,24,1400,153266,3
DEQ,948869850902999,24,1400,152489,2
DEQ,948869850986706,24,1400,166278,3
DEQ,948869850989488,24,1400,164814,2
DEQ,948869851006499,24,1400,98509,3
DEQ,948869851102030,24,1400,184898,4
DEQ,948869851104715,24,1400,110392,3
DEQ,948870050262607,24,1400,199264399,4
DEQ,948870050265742,24,1400,199256819,3
DEQ,948870050266477,24,1400,199255619,2
DEQ,948870050289803,24,1400,199180038,3
DEQ,948870050387397,24,1400,199273660,4
DEQ,948870050388378,24,1400,116022,3
DEQ,948870050414894,24,1400,137921,4
DEQ,948870050461863,24,1400,169977,3
DEQ,948870050494375,24,1400,200221,4
DEQ,948870050537739,24,1400,143668,3
DEQ,948870050574410,24,1400,176032,4
DEQ,948870050614297,24,1400,150530,3
DEQ,948870050660903,24,1400,194725,4
DEQ,948870050700074,24,1400,160874,3
DEQ,948870050744500,24,1400,203228,4
DEQ,948870050791792,24,1400,176218,3
DEQ,948870050824538,24,1400,207225,4
DEQ,948870050864531,24,1400,162960,3
DEQ,948870050908021,24,1400,204478,4
DEQ,948870050950007,24,1400,156110,3
DEQ,948870050987917,24,1400,191931,4
DEQ,948870051024595,24,1400,158710,3
DEQ,948870051066624,24,1400,198748,4
DEQ,948870051107852,24,1400,155419,3
DEQ,948870051144775,24,1400,190337,4
DEQ,948870051184515,24,1400,157763,3
DEQ,948870051228944,24,1400,200259,4
DEQ,948870051264250,24,1400,154414,3
DEQ,948870051312507,24,1400,200568,4
DEQ,948870051344475,24,1400,157814,3
DEQ,948870051384540,24,1400,196242,4
DEQ,948870051427478,24,1400,161080,3
DEQ,948870051464457,24,1400,196198,4
DEQ,948870051512497,24,1400,165891,3
DEQ,948870051544189,24,1400,195523,4
DEQ,948870051584435,24,1400,154669,3
DEQ,948870051624458,24,1400,192775,4
DEQ,948870051672839,24,1400,158171,3
DEQ,948870051704292,24,1400,187617,4
DEQ,948870051744196,24,1400,157600,3
DEQ,948870051784244,24,1400,195660,4
DEQ,948870051825512,24,1400,150503,3
DEQ,948870051864240,24,1400,187205,4
DEQ,948870051904507,24,1400,158031,3
DEQ,948870051946705,24,1400,198299,4
DEQ,948870051987811,24,1400,160150,3
DEQ,948870052024093,24,1400,194473,4
DEQ,948870052064689,24,1400,157753,3
DEQ,948870052113029,24,1400,204183,4
DEQ,948870052144504,24,1400,154510,3
DEQ,948870052189803,24,1400,197888,4
DEQ,948870052224509,24,1400,157715,3
DEQ,948870052292695,24,1400,223952,4
DEQ,948870052340078,24,1400,193502,3
DEQ,948870052373053,24,1400,224452,4
DEQ,948870052434730,24,1400,208087,3
DEQ,948870052480636,24,1400,251967,4
DEQ,948870052514794,24,1400,172593,3
DEQ,948870052580442,24,1400,236260,4
DEQ,948870052620510,24,1400,183494,3
DEQ,948870052667314,24,1400,228382,4
DEQ,948870052700758,24,1400,183888,3
DEQ,948870052740791,24,1400,221988,4
DEQ,948870052783305,24,1400,160556,3
DEQ,948870052825644,24,1400,200927,4
DEQ,948870052864075,24,1400,161083,3
DEQ,948870052900585,24,1400,195555,4
DEQ,948870052940593,24,1400,155113,3
DEQ,948870052988698,24,1400,201307,4
DEQ,948870053020741,24,1400,154594,3
DEQ,948870053065471,24,1400,197230,4
DEQ,948870053100457,24,1400,157753,3
DEQ,948870053140782,24,1400,196157,4
DEQ,948870053180769,24,1400,157912,3
DEQ,948870053224773,24,1400,199939,4
DEQ,948870053263663,24,1400,161032,3
DEQ,948870053300782,24,1400,196183,4
DEQ,948870053340762,24,1400,157816,3
DEQ,948870053388531,24,1400,203815,4
DEQ,948870053435431,24,1400,169674,3
DEQ,948870053469066,24,1400,201400,4
DEQ,948870053516562,24,1400,173663,3
DEQ,948870053556111,24,1400,211217,4
DEQ,948870053596054,24,1400,158509,3
DEQ,948870053642663,24,1400,203217,4
DEQ,948870053676610,24,1400,157995,3
DEQ,948870053744492,24,1400,223895,4
DEQ,948870053783992,24,1400,185805,3
DEQ,948870053823959,24,1400,223819,4
DEQ,948870053863952,24,1400,185157,3
DEQ,948870053911812,24,1400,231116,4
DEQ,948870053951645,24,1400,165272,3
DEQ,948870053991571,24,1400,203239,4
DEQ,948870054059324,24,1400,193310,3
DEQ,948870054099778,24,1400,231753,4
DEQ,948870054139548,24,1400,185629,3
DEQ,948870054205148,24,1400,249236,4
DEQ,948870054245552,24,1400,184160,3
DEQ,948870054285706,24,1400,222335,4
DEQ,948870054325523,24,1400,183855,3
DEQ,948870054365738,24,1400,222105,4
DEQ,948870054411267,24,1400,163478,3
DEQ,948870054457161,24,1400,207441,4
DEQ,948870054491474,24,1400,163724,3
DEQ,948870054559144,24,1400,229388,4
DEQ,948870054605356,24,1400,191985,3
DEQ,948870054639527,24,1400,224221,4
DEQ,948870054704183,24,1400,210507,3
DEQ,948870054745198,24,1400,249623,4
DEQ,948870054785222,24,1400,177774,3
STATS,948870155016590,5,7000,18198,18193,0,0,0
DEQ,948870250147284,24,1400,195538159,4
DEQ,948870250186300,24,1400,195479883,3
DEQ,948870250226766,24,1400,195518414,4
DEQ,948870250292107,24,1400,195504637,3
DEQ,948870250340200,24,1400,195550828,4
DEQ,948870250384583,24,1400,194575,3
DEQ,948870250424713,24,1400,231771,4
DEQ,948870250464691,24,1400,169905,3
DEQ,948870250513035,24,1400,216040,4
DEQ,948870250560180,24,1400,173081,3
DEQ,948870250601908,24,1400,208525,4
DEQ,948870250633438,24,1400,166444,3
DEQ,948870250700100,24,1400,230981,4
DEQ,948870250747215,24,1400,184673,3
DEQ,948870250784240,24,1400,219465,4
DEQ,948870250825982,24,1400,190291,3
DEQ,948870250870074,24,1400,232341,4
DEQ,948870250909791,24,1400,160577,3
DEQ,948870250949632,24,1400,198624,4
DEQ,948870250989844,24,1400,161378,3
DEQ,948870251030256,24,1400,199632,4
DEQ,948870251069549,24,1400,157429,3
DEQ,948870251109762,24,1400,195517,4
DEQ,948870251156825,24,1400,164584,3
DEQ,948870251190077,24,1400,195818,4
DEQ,948870251233254,24,1400,161299,3
DEQ,948870251273767,24,1400,199699,4
DEQ,948870251315177,24,1400,155917,3
DEQ,948870251349960,24,1400,188654,4
DEQ,948870251416999,24,1400,181380,3
DEQ,948870251457323,24,1400,219654,4
DEQ,948870251497226,24,1400,179648,3
DEQ,948870251547901,24,1400,228179,4
DEQ,948870251588157,24,1400,168491,3
DEQ,948870251642942,24,1400,221157,4
DEQ,948870251682985,24,1400,183368,3
DEQ,948870251731115,24,1400,229306,4
DEQ,948870251792053,24,1400,201451,3
DEQ,948870251837899,24,1400,245159,4
DEQ,948870251872497,24,1400,187083,3
DEQ,948870251937919,24,1400,250364,4
DEQ,948870251984961,24,1400,190622,3
DEQ,948870252017769,24,1400,221338,4
DEQ,948870252058033,24,1400,183128,3
DEQ,948870252101243,24,1400,224155,4
DEQ,948870252141673,24,1400,153941,3
DEQ,948870252181290,24,1400,191525,4
DEQ,948870252241040,24,1400,180568,3
DEQ,948870252309809,24,1400,247247,4
DEQ,948870252350197,24,1400,206022,3
DEQ,948870252390140,24,1400,243788,4
DEQ,948870252429960,24,1400,186492,3
DEQ,948870252470023,24,1400,224433,4
DEQ,948870252512680,24,1400,159959,3
DEQ,948870252550123,24,1400,195403,4
DEQ,948870252592552,24,1400,160253,3
DEQ,948870252630243,24,1400,196056,4
DEQ,948870252672648,24,1400,157599,3
DEQ,948870252714873,24,1400,197813,4
DEQ,948870252750230,24,1400,155091,3
DEQ,948870252819039,24,1400,221882,4
DEQ,948870252867662,24,1400,192569,3
DEQ,948870252900720,24,1400,223554,4
DEQ,948870252941314,24,1400,188692,3
DEQ,948870252991733,24,1400,237057,4
DEQ,948870253024719,24,1400,154521,3
DEQ,948870253064803,24,1400,192549,4
DEQ,948870253107777,24,1400,163873,3
DEQ,948870253144776,24,1400,198797,4
DEQ,948870253184807,24,1400,157518,3
DEQ,948870253228897,24,1400,199575,4
DEQ,948870253264671,24,1400,154551,3
DEQ,948870253306369,24,1400,194161,4
DEQ,948870253344601,24,1400,157262,3
DEQ,948870253387567,24,1400,198054,4
DEQ,948870253424710,24,1400,157723,3
DEQ,948870253467354,24,1400,198340,4
DEQ,948870253504705,24,1400,157529,3
DEQ,948870253546372,24,1400,196763,4
DEQ,948870253584693,24,1400,157482,3
DEQ,948870253624655,24,1400,195255,4
DEQ,948870253666461,24,1400,159452,3
DEQ,948870253704757,24,1400,195682,4
DEQ,948870253706204,24,1400,118823,3
DEQ,948870253745088,24,1400,155685,4
DEQ,948870253795503,24,1400,126465,3
DEQ,948870253835240,24,1400,164093,4
DEQ,948870253893757,24,1400,185813,3
DEQ,948870253936913,24,1400,226967,4
DEQ,948870253979484,24,1400,181431,3
DEQ,948870254018873,24,1400,218717,4
DEQ,948870254059382,24,1400,163200,3
DEQ,948870254155720,24,1400,257424,4
DEQ,948870254158574,24,1400,175363,3
DEQ,948870254240303,24,1400,254921,4
DEQ,948870254243166,24,1400,175717,3
DEQ,948870254319075,24,1400,242100,4
DEQ,948870254321896,24,1400,158390,3
DEQ,948870254415151,24,1400,244546,4
DEQ,948870254417847,24,1400,169708,3
DEQ,948870254496477,24,1400,244369,4
DEQ,948870254499173,24,1400,172356,3
DEQ,948870254583903,24,1400,247874,4
DEQ,948870254586656,24,1400,164003,3
DEQ,948870254681816,24,1400,255087,4
DEQ,948870254684747,24,1400,180868,3
DEQ,948870254701282,24,1400,188276,4
DEQ,948870254777871,24,1400,186174,3
DEQ,948870254796875,24,1400,201334,4
DEQ,948870254872106,24,1400,182607,3
DEQ,948870254874970,24,1400,181538,2
DEQ,948870254947140,24,1400,158986,3
DEQ,948870254966240,24,1400,174257,4
DEQ,948870255106756,24,1400,226850,3
DEQ,948870255109417,24,1400,225692,2
DEQ,948870255125918,24,1400,168291,3
DEQ,948870255226535,24,1400,264947,4
DEQ,948870255229390,24,1400,115135,3
DEQ,948870255315221,24,1400,193693,4
DEQ,948870255318140,24,1400,190751,3
DEQ,948870255398155,24,1400,268552,4
DEQ,948870255401119,24,1400,166503,3
DEQ,948870255418222,24,1400,179267,4
DEQ,948870450259795,24,1400,194936522,3
DEQ,948870450262989,24,1400,194935648,2
DEQ,948870450263620,24,1400,194853855,1
DEQ,948870450365049,24,1400,194951373,4
DEQ,948870450365971,24,1400,95965,3
DEQ,948870450383761,24,1400,106091,4
DEQ,948870450465864,24,1400,182361,3
DEQ,948870450468688,24,1400,183190,2
DEQ,948870450469165,24,1400,97553,1
DEQ,948870450554880,24,1400,175826,4
DEQ,948870450557626,24,1400,83655,3
DEQ,948870450579538,24,1400,97206,4
DEQ,948870450687663,24,1400,200931,3
DEQ,948870450690743,24,1400,202071,2
DEQ,948870450713191,24,1400,150485,3
DEQ,948870450788204,24,1400,213063,4
DEQ,948870450878602,24,1400,182272,3
DEQ,948870450907880,24,1400,199879,4
DEQ,948870451031304,24,1400,316466,3
DEQ,948870451056737,24,1400,339882,4
DEQ,948870451132835,24,1400,232756,3
DEQ,948870451152418,24,1400,249748,4
DEQ,948870451275474,24,1400,236881,3
DEQ,948870451349855,24,1400,298519,4
DEQ,948870451352682,24,1400,212339,3
DEQ,948870451438232,24,1400,290847,4
DEQ,948870451440947,24,1400,158344,3
DEQ,948870451521551,24,1400,235097,4
DEQ,948870451524300,24,1400,166847,3
DEQ,948870451612357,24,1400,250955,4
DEQ,948870451615095,24,1400,169088,3
DEQ,948870451703068,24,1400,253052,4
DEQ,948870451705816,24,1400,176366,3
DEQ,948870451787896,24,1400,254504,4
DEQ,948870451790807,24,1400,170946,3
DEQ,948870451866037,24,1400,242196,4
DEQ,948870451868914,24,1400,158034,3
DEQ,948870451886031,24,1400,171240,4
DEQ,948870451996113,24,1400,200213,3
DEQ,948870451999642,24,1400,199915,2
DEQ,948870452075787,24,1400,202056,3
DEQ,948870452078604,24,1400,197482,2
DEQ,948870452160833,24,1400,155299,3
DEQ,948870452163649,24,1400,153977,2
DEQ,948870452249024,24,1400,165343,3
DEQ,948870452252461,24,1400,164819,2
DEQ,948870452375721,24,1400,207174,3
DEQ,948870452378502,24,1400,206104,2
DEQ,948870452395592,24,1400,139017,3
DEQ,948870452469552,24,1400,209133,4
DEQ,948870452472287,24,1400,88694,3
DEQ,948870452554076,24,1400,163040,4
DEQ,948870452556809,24,1400,159750,3
DEQ,948870452642471,24,1400,243459,4
DEQ,948870452648708,24,1400,171394,3
DEQ,948870452650141,24,1400,168860,2
DEQ,948870452736190,24,1400,174229,3
DEQ,948870452755161,24,1400,189201,4
DEQ,948870452832926,24,1400,178821,3
DEQ,948870452835742,24,1400,177599,2
DEQ,948870452907369,24,1400,160425,3
DEQ,948870452910211,24,1400,159386,2
DEQ,948870452932038,24,1400,90972,3
DEQ,948870453003742,24,1400,158691,4
DEQ,948870453081112,24,1400,165970,3
DEQ,948870453165763,24,1400,238279,4
DEQ,948870453252705,24,1400,318099,3
DEQ,948870453271455,24,1400,334817,4
DEQ,948870453421355,24,1400,333327,3
DEQ,948870453440084,24,1400,348072,4
DEQ,948870453576534,24,1400,316998,3
DEQ,948870453579296,24,1400,315812,2
DEQ,948870453661998,24,1400,233742,3
DEQ,948870453668181,24,1400,232703,2
DEQ,948870453669609,24,1400,85330,1
DEQ,948870453751559,24,1400,163326,4
DEQ,948870453754281,24,1400,80739,3
DEQ,948870453778066,24,1400,100658,4
DEQ,948870453869509,24,1400,186414,3
DEQ,948870453873060,24,1400,187982,2
DEQ,948870453955376,24,1400,196118,3
DEQ,948870453958297,24,1400,195100,2
DEQ,948870454042243,24,1400,165208,3
DEQ,948870454045122,24,1400,164089,2
DEQ,948870454118021,24,1400,154883,3
DEQ,948870454120848,24,1400,153832,2
DEQ,948870454192113,24,1400,142052,3
DEQ,948870454194972,24,1400,141002,2
DEQ,948870454279086,24,1400,153322,3
DEQ,948870454281957,24,1400,152354,2
DEQ,948870454364356,24,1400,164459,3
DEQ,948870454367142,24,1400,158884,2
DEQ,948870454384447,24,1400,97683,3
DEQ,948870454467392,24,1400,176714,4
DEQ,948870454470161,24,1400,97928,3
DEQ,948870454556560,24,1400,176990,4
DEQ,948870454559319,24,1400,172307,3
DEQ,948870454584420,24,1400,195439,4
DEQ,948870454645247,24,1400,170127,3
DEQ,948870454692787,24,1400,208456,4
DEQ,948870454731104,24,1400,166921,3
DEQ,948870454796957,24,1400,228791,4
DEQ,948870454844134,24,1400,196369,3
DEQ,948870454877506,24,1400,227741,4
DEQ,948870454919033,24,1400,185882,3
DEQ,948870454967161,24,1400,231970,4
DEQ,948870455012552,24,1400,166085,3
DEQ,948870455099792,24,1400,251229,4
DEQ,948870455102615,24,1400,181428,3
DEQ,948870455123895,24,1400,200807,4
DEQ,948870455200491,24,1400,185608,3
DEQ,948870455203306,24,1400,186447,2
DEQ,948870455289506,24,1400,182053,3
DEQ,948870455292213,24,1400,173242,2
DEQ,948870455372422,24,1400,164275,3
DEQ,948870455375138,24,1400,162917,2
DEQ,948870455454889,24,1400,157912,3
DEQ,948870455457676,24,1400,156631,2
DEQ,948870455541555,24,1400,161648,3
DEQ,948870455544311,24,1400,160445,2
DEQ,948870655708177,24,1400,200245668,3
DEQ,948870655711177,24,1400,200244903,2
DEQ,948870655711762,24,1400,200162712,1
DEQ,948870655713815,24,1400,200157577,0
DEQ,948870655760327,24,1400,41580,3
DEQ,948870655800100,24,1400,73530,4
DEQ,948870655840101,24,1400,108166,3
DEQ,948870655879670,24,1400,145340,4
DEQ,948870655921378,24,1400,159614,3
DEQ,948870655968595,24,1400,204877,4
DEQ,948870656001236,24,1400,158907,3
DEQ,948870656069093,24,1400,224698,4
DEQ,948870656109380,24,1400,185632,3
DEQ,948870656152452,24,1400,226438,4
DEQ,948870656192529,24,1400,189470,3
DEQ,948870656234181,24,1400,229057,4
DEQ,948870656281163,24,1400,161601,3
DEQ,948870656314053,24,1400,192276,4
DEQ,948870656358976,24,1400,164978,3
DEQ,948870656397835,24,1400,201881,4
DEQ,948870656434033,24,1400,150881,3
DEQ,948870656477198,24,1400,192071,4
DEQ,948870656514017,24,1400,152864,3
DEQ,948870656555872,24,1400,192689,4
DEQ,948870656598139,24,1400,161864,3
DEQ,948870656636752,24,1400,198531,4
DEQ,948870656679018,24,1400,162868,3
DEQ,948870656715846,24,1400,197574,4
DEQ,948870656754064,24,1400,153729,3
DEQ,948870656794051,24,1400,191712,4
DEQ,948870656836629,24,1400,155452,3
DEQ,948870656873992,24,1400,190687,4
DEQ,948870656916946,24,1400,160761,3
DEQ,948870656953938,24,1400,195748,4
DEQ,948870656993486,24,1400,150888,3
DEQ,948870657033993,24,1400,189375,4
DEQ,948870657073965,24,1400,155000,3
DEQ,948870657114052,24,1400,193022,4
DEQ,948870657154046,24,1400,158565,3
DEQ,948870657198718,24,1400,201211,4
DEQ,948870657234041,24,1400,158085,3
DEQ,948870657277747,24,1400,199848,4
DEQ,948870657320063,24,1400,164094,3
DEQ,948870657357423,24,1400,199483,4
DEQ,948870657397910,24,1400,161900,3
DEQ,948870657434067,24,1400,196180,4
DEQ,948870657480005,24,1400,157849,3
DEQ,948870657513752,24,1400,189571,4
DEQ,948870657553726,24,1400,153763,3
DEQ,948870657593609,24,1400,191534,4
DEQ,948870657641945,24,1400,159777,3
DEQ,948870657674048,24,1400,189868,4
DEQ,948870657744553,24,1400,188654,3
DEQ,948870657819268,24,1400,261457,4
DEQ,948870657859183,24,1400,215157,3
DEQ,948870657908762,24,1400,262666,4
DEQ,948870657948106,24,1400,201480,3
DEQ,948870657994011,24,1400,245333,4
DEQ,948870658033893,24,1400,172553,3
DEQ,948870658073877,24,1400,210554,4
DEQ,948870658114784,24,1400,164709,3
DEQ,948870658153800,24,1400,201770,4
DEQ,948870658194045,24,1400,158269,3
DEQ,948870658237440,24,1400,199648,4
DEQ,948870658288755,24,1400,171796,3
DEQ,948870658328976,24,1400,210367,4
DEQ,948870658368604,24,1400,172498,3
DEQ,948870658435667,24,1400,237560,4
DEQ,948870658476047,24,1400,185166,3
DEQ,948870658516045,24,1400,223069,4
DEQ,948870658578620,24,1400,207871,3
DEQ,948870658619618,24,1400,246869,4
DEQ,948870658659634,24,1400,181524,3
DEQ,948870658699709,24,1400,219651,4
DEQ,948870658739801,24,1400,157858,3
DEQ,948870658779869,24,1400,195604,4
DEQ,948870658819410,24,1400,157655,3
DEQ,948870658859614,24,1400,195868,4
DEQ,948870658906420,24,1400,164524,3
DEQ,948870658939822,24,1400,195911,4
DEQ,948870658981782,24,1400,160173,3
DEQ,948870659019692,24,1400,196154,4
DEQ,948870659060446,24,1400,151771,3
DEQ,948870659099822,24,1400,189130,4
DEQ,948870659141699,24,1400,157543,3
DEQ,948870659179789,24,1400,193499,4
DEQ,948870659244656,24,1400,182103,3
DEQ,948870659318904,24,1400,254315,4
DEQ,948870659367626,24,1400,223958,3
DEQ,948870659402325,24,1400,256645,4
DEQ,948870659442123,24,1400,195465,3
DEQ,948870659485585,24,1400,237006,4
DEQ,948870659522319,24,1400,152685,3
DEQ,948870659576800,24,1400,205238,4
DEQ,948870659619600,24,1400,174368,3
DEQ,948870659666563,24,1400,219372,4
DEQ,948870659699522,24,1400,175104,3
DEQ,948870659739544,24,1400,213108,4
DEQ,948870659785154,24,1400,163442,3
DEQ,948870659824663,24,1400,200962,4
DEQ,948870659865518,24,1400,163943,3
DEQ,948870659912330,24,1400,208806,4
DEQ,948870659945136,24,1400,157988,3
DEQ,948870659988339,24,1400,199153,4
DEQ,948870660034311,24,1400,166670,3
DEQ,948870660073521,24,1400,204122,4
DEQ,948870660118805,24,1400,171522,3
DEQ,948870660166084,24,1400,216825,4
DEQ,948870660198770,24,1400,162425,3
DEQ,948870660238690,24,1400,200404,4
DEQ,948870660282035,24,1400,161084,3
DEQ,948870660324376,24,1400,201458,4
DEQ,948870660362167,24,1400,161277,3
DEQ,948870660398773,24,1400,195931,4
DEQ,948870660442043,24,1400,157906,3
DEQ,948870660482165,24,1400,195966,4
DEQ,948870660518756,24,1400,154463,3
DEQ,948870660558805,24,1400,192576,4
DEQ,948870660604303,24,1400,160173,3
DEQ,948870660638768,24,1400,192610,4
DEQ,948870660680159,24,1400,159326,3
DEQ,948870660719617,24,1400,196841,4
DEQ,948870660767051,24,1400,160622,3
DEQ,948870855684213,24,1400,195076028,5
DEQ,948870855687256,24,1400,195005152,4
DEQ,948870855687966,24,1400,195003723,3
DEQ,948870855707134,24,1400,194938072,4
DEQ,948870855837909,24,1400,195066940,5
DEQ,948870855840587,24,84,117850350,4
DEQ,948870855841074,24,1400,146511,3
DEQ,948870855925658,24,1400,223597,4
DEQ,948870856012487,24,1400,303659,3
DEQ,948870856031416,24,1400,320529,4
DEQ,948870856186846,24,1400,339909,3
DEQ,948870856190259,24,1400,338075,2
DEQ,948870856216764,24,1400,193954,3
DEQ,948870856303562,24,1400,276697,4
DEQ,948870856306527,24,1400,110282,3
DEQ,948870856328456,24,1400,127774,4
DEQ,948870856407647,24,1400,188465,3
DEQ,948870856410395,24,1400,188867,2
DEQ,948870856427164,24,1400,115086,3
DEQ,948870856502117,24,1400,178541,4
DEQ,948870856505075,24,1400,86394,3
DEQ,948870856529210,24,1400,106389,4
DEQ,948870856618968,24,1400,190353,3
DEQ,948870856622463,24,1400,191849,2
DEQ,948870856699772,24,1400,189789,3
DEQ,948870856702593,24,1400,188647,2
DEQ,948870856788772,24,1400,161644,3
DEQ,948870856791523,24,1400,160375,2
DEQ,948870856871047,24,1400,163575,3
DEQ,948870856873922,24,1400,162531,2
DEQ,948870856985759,24,1400,189459,3
DEQ,948870856988616,24,1400,188453,2
DEQ,948870857079495,24,1400,200667,3
DEQ,948870857082231,24,1400,199583,2
DEQ,948870857167900,24,1400,174386,3
DEQ,948870857170610,24,1400,173231,2
DEQ,948870857195190,24,1400,108201,3
DEQ,948870857286709,24,1400,195840,4
DEQ,948870857289403,24,1400,114020,3
DEQ,948870857371677,24,1400,181119,4
DEQ,948870857374509,24,1400,177754,3
DEQ,948870857451660,24,1400,253238,4
DEQ,948870857454496,24,1400,160421,3
DEQ,948870857535485,24,1400,237399,4
DEQ,948870857597837,24,1400,218613,3
DEQ,948870857681936,24,1400,298638,4
DEQ,948870857747939,24,1400,288520,3
DEQ,948870857750728,24,1400,287331,2
DEQ,948870857830891,24,1400,226198,3
DEQ,948870857833742,24,1400,219100,2
DEQ,948870857908451,24,1400,152885,3
DEQ,948870857911285,24,1400,151829,2
DEQ,948870857989496,24,1400,150856,3
DEQ,948870857992296,24,1400,149670,2
DEQ,948870858063804,24,1400,147704,3
DEQ,948870858066607,24,1400,141021,2
DEQ,948870858145422,24,1400,148261,3
DEQ,948870858148275,24,1400,146666,2
DEQ,948870858234521,24,1400,162814,3
DEQ,948870858237319,24,1400,161677,2
DEQ,948870858258758,24,1400,105615,3
DEQ,948870858352420,24,1400,187905,4
DEQ,948870858355123,24,1400,112972,3
DEQ,948870858371878,24,1400,117641,4
DEQ,948870858468792,24,1400,207673,3
DEQ,948870858471371,24,1400,208193,2
DEQ,948870858472821,24,1400,112896,1
DEQ,948870858565451,24,1400,201587,4
DEQ,948870858568327,24,1400,91471,3
DEQ,948870858584755,24,1400,98269,4
DEQ,948870858665999,24,1400,173706,3
DEQ,948870858706239,24,1400,212139,4
DEQ,948870858746386,24,1400,173300,3
DEQ,948870858812241,24,1400,235169,4
DEQ,948870858852297,24,1400,184087,3
DEQ,948870858898877,24,1400,228654,4
DEQ,948870858932389,24,1400,183874,3
DEQ,948870858972398,24,1400,221860,4
DEQ,948870858973652,24,1400,119386,3
DEQ,948870859014083,24,1400,157685,4
DEQ,948870859094483,24,1400,159958,3
DEQ,948870859097310,24,1400,160805,2
DEQ,948870859121523,24,1400,146404,3
DEQ,948870859207573,24,1400,230460,4
DEQ,948870859210371,24,1400,108099,3
DEQ,948870859297490,24,1400,186981,4
DEQ,948870859300182,24,1400,176011,3
DEQ,948870859376393,24,1400,249892,4
DEQ,948870859453556,24,1400,238159,3
DEQ,948870859473132,24,1400,253819,4
DEQ,948870859547920,24,1400,243017,3
DEQ,948870859550608,24,1400,241653,2
DEQ,948870859652503,24,1400,192115,3
DEQ,948870859655324,24,1400,186861,2
DEQ,948870859731880,24,1400,176526,3
DEQ,948870859734691,24,1400,170159,2
DEQ,948870859811827,24,1400,151700,3
DEQ,948870859814689,24,1400,150533,2
DEQ,948870859836730,24,1400,97174,3
DEQ,948870859909312,24,1400,165770,4
DEQ,948870859983479,24,1400,163857,3
DEQ,948870860009315,24,1400,177477,4
DEQ,948870860114513,24,1400,275526,3
DEQ,948870860120651,24,1400,279631,2
DEQ,948870860122142,24,1400,131771,1
DEQ,948870860207692,24,1400,202582,4
DEQ,948870860210433,24,1400,84158,3
DEQ,948870860297464,24,1400,167343,4
DEQ,948870860300201,24,1400,164804,3
DEQ,948870860384457,24,1400,246991,4
DEQ,948870860395126,24,1400,179797,3
DEQ,948870860522595,24,1400,303212,4
DEQ,948870860595393,24,1400,290295,3
DEQ,948870860598089,24,1400,289000,2
DEQ,948870860679248,24,1400,280481,3
DEQ,948870860682139,24,1400,279291,2
DEQ,948870860764200,24,1400,161304,3
DEQ,948870860767045,24,1400,160190,2
DEQ,948870860783542,24,1400,96572,3
DEQ,948870860874022,24,1400,183041,4
DEQ,948870860877799,24,1400,102474,3
DEQ,948871055911504,24,1400,195132276,4
DEQ,948871055914312,24,1400,195128373,3
DEQ,948871055914724,24,1400,195126623,2
DEQ,948871055938192,24,1400,195050778,3
DEQ,948871056044458,24,1400,195151068,4
DEQ,948871056047206,24,1400,126748,3
DEQ,948871056047620,24,1400,115113,2
DEQ,948871056069476,24,1400,129269,3
DEQ,948871056161605,24,1400,218999,2
DEQ,948871056164512,24,1400,107463,1
DEQ,948871056194209,24,1400,129725,4
DEQ,948871056274495,24,1400,104968,3
DEQ,948871056277576,24,1400,104054,2
DEQ,948871056282657,24,1400,104727,1
DEQ,948871056369160,24,1400,189377,4
DEQ,948871056372722,24,1400,85352,3
DEQ,948871056451083,24,1400,159838,4
DEQ,948871056453895,24,1400,157632,3
DEQ,948871056534831,24,1400,236604,4
DEQ,948871056537647,24,1400,159769,3
DEQ,948871056617624,24,1400,235738,4
DEQ,948871056688663,24,1400,229865,3
DEQ,948871056691480,24,1400,222621,2
DEQ,948871056716512,24,1400,173957,3
DEQ,948871056797046,24,1400,246209,4
DEQ,948871056807885,24,1400,111282,3
DEQ,948871056892027,24,1400,180157,4
DEQ,948871056895254,24,1400,176345,3
DEQ,948871056971991,24,1400,250784,4
DEQ,948871056974806,24,1400,162208,3
DEQ,948871057062746,24,1400,246145,4
DEQ,948871057065394,24,1400,165058,3
DEQ,948871057088606,24,1400,184299,4
DEQ,948871057211036,24,1400,231056,3
DEQ,948871057213585,24,1400,224690,2
DEQ,948871057215035,24,1400,144740,1
DEQ,948871057295292,24,1400,221525,4
DEQ,948871057298006,24,1400,79039,3
DEQ,948871057375271,24,1400,152335,4
DEQ,948871057377945,24,1400,149564,3
DEQ,948871057402561,24,1400,172193,4
DEQ,948871057491925,24,1400,189017,3
DEQ,948871057494604,24,1400,187713,2
DEQ,948871057574057,24,1400,191276,3
DEQ,948871057576887,24,1400,178689,2
DEQ,948871057593601,24,1400,94189,3
DEQ,948871057670136,24,1400,166679,4
DEQ,948871057685062,24,1400,103290,3
DEQ,948871057806898,24,1400,221280,4
DEQ,948871057809712,24,1400,213779,3
DEQ,948871057886086,24,1400,287977,4
DEQ,948871057889246,24,1400,199008,3
DEQ,948871057972806,24,1400,278428,4
DEQ,948871057975510,24,1400,160871,3
DEQ,948871058050836,24,1400,232114,4
DEQ,948871058053556,24,1400,159420,3
DEQ,948871058131968,24,1400,233865,4
DEQ,948871058134599,24,1400,154350,3
DEQ,948871058212577,24,1400,228376,4
DEQ,948871058300473,24,1400,242158,3
DEQ,948871058319474,24,1400,252682,4
DEQ,948871058429482,24,1400,289993,3
DEQ,948871058432301,24,1400,288899,2
DEQ,948871058511065,24,1400,203812,3
DEQ,948871058513882,24,1400,202575,2
DEQ,948871058585351,24,1400,148109,3
DEQ,948871058588181,24,1400,146961,2
DEQ,948871058671866,24,1400,153036,3
DEQ,948871058674656,24,1400,151923,2
DEQ,948871058747826,24,1400,154775,3
DEQ,948871058750635,24,1400,149026,2
DEQ,948871058826804,24,1400,147221,3
DEQ,948871058829659,24,1400,146126,2
DEQ,948871058909892,24,1400,154348,3
DEQ,948871058912713,24,1400,153292,2
DEQ,948871059005316,24,1400,170646,3
DEQ,948871059024710,24,1400,180116,4
DEQ,948871059184752,24,1400,267032,3
DEQ,948871059187994,24,1400,261422,2
DEQ,948871059273426,24,1400,260713,3
DEQ,948871059276315,24,1400,259442,2
DEQ,948871059364520,24,1400,170944,3
DEQ,948871059367309,24,1400,169083,2
DEQ,948871059449477,24,1400,168034,3
DEQ,948871059452235,24,1400,162822,2
DEQ,948871059533606,24,1400,161470,3
DEQ,948871059536434,24,1400,160252,2
DEQ,948871059560000,24,1400,102956,3
DEQ,948871059642406,24,1400,181442,4
DEQ,948871059645262,24,1400,103923,3
DEQ,948871059723163,24,1400,167635,4
DEQ,948871059725861,24,1400,163396,3
DEQ,948871059808162,24,1400,243515,4
DEQ,948871059810917,24,1400,160755,3
DEQ,948871059883859,24,1400,229674,4
DEQ,948871059961651,24,1400,230902,3
DEQ,948871059987801,24,1400,248429,4
DEQ,948871060061529,24,1400,245777,3
DEQ,948871060106434,24,1400,286775,4
DEQ,948871060138269,24,1400,169843,3
DEQ,948871060178164,24,1400,205797,4
DEQ,948871060219057,24,1400,150882,3
DEQ,948871060258463,24,1400,186347,4
DEQ,948871060318082,24,1400,177276,3
DEQ,948871060367118,24,1400,224265,4
DEQ,948871060408080,24,1400,187138,3
DEQ,948871060447278,24,1400,224165,4
DEQ,948871060493553,24,1400,173249,3
DEQ,948871060540773,24,1400,218428,4
DEQ,948871060573444,24,1400,163266,3
DEQ,948871060613504,24,1400,201163,4
DEQ,948871060656720,24,1400,161155,3
DEQ,948871060693427,24,1400,195801,4
DEQ,948871060736743,24,1400,161165,3
DEQ,948871060773016,24,1400,195389,4
DEQ,948871060813680,24,1400,154893,3
DEQ,948871060861954,24,1400,201205,4
DEQ,948871060893436,24,1400,154711,3
DEQ,948871060938964,24,1400,198213,4
DEQ,948871060973470,24,1400,157590,3
DEQ,948871061042143,24,1400,224314,4
DEQ,948871061089612,24,1400,194044,3
DEQ,948871061121446,24,1400,223958,4
DEQ,948871061182636,24,1400,207089,3
DEQ,948871061228858,24,1400,251369,4
DEQ,948871061263051,24,1400,171366,3
DEQ,948871061303277,24,1400,209496,4
DEQ,948871061344875,24,1400,160289,3
DEQ,948871061383126,24,1400,196535,4
DEQ,948871061430471,24,1400,165336,3
DEQ,948871061462982,24,1400,195828,4
DEQ,948871061502828,24,1400,155620,3
DEQ,948871061549897,24,1400,200636,4
STATS,948871161770705,4,5600,18817,18813,0,0,0
DEQ,948871261152623,24,1400,199720137,3
DEQ,948871261158760,24,1400,199724257,2
DEQ,948871261160300,24,1400,199655373,1
DEQ,948871261300257,24,1400,199793307,4
DEQ,948871261363321,24,1400,198147,3
DEQ,948871261439106,24,1400,269773,4
DEQ,948871261441912,24,1400,266750,3
DEQ,948871261463476,24,1400,286125,4
DEQ,948871261534965,24,1400,164626,3
DEQ,948871261553679,24,1400,179332,4
DEQ,948871261654291,24,1400,207302,3
DEQ,948871261657147,24,1400,198084,2
DEQ,948871261739395,24,1400,193974,3
DEQ,948871261742398,24,1400,193061,2
DEQ,948871261824041,24,1400,161946,3
DEQ,948871261827082,24,1400,161163,2
DEQ,948871261907595,24,1400,159941,3
DEQ,948871261910657,24,1400,158712,2
DEQ,948871261927893,24,1400,95631,3
DEQ,948871261996215,24,1400,159548,4
DEQ,948871261999014,24,1400,79622,3
DEQ,948871262074111,24,1400,150775,4
DEQ,948871262084834,24,1400,154415,3
DEQ,948871262171633,24,1400,239132,4
DEQ,948871262174370,24,1400,170523,3
DEQ,948871262257444,24,1400,249574,4
DEQ,948871262271887,24,1400,183281,3
DEQ,948871262400168,24,1400,307488,4
DEQ,948871262402898,24,1400,223689,3
DEQ,948871262420104,24,1400,236872,4
DEQ,948871262495424,24,1400,219356,3
DEQ,948871262514184,24,1400,234005,4
DEQ,948871262590991,24,1400,179455,3
DEQ,948871262593830,24,1400,178463,2
DEQ,948871262680584,24,1400,174871,3
DEQ,948871262683576,24,1400,173812,2
DEQ,948871262774191,24,1400,175484,3
DEQ,948871262776997,24,1400,168682,2
DEQ,948871262865121,24,1400,176737,3
DEQ,948871262867852,24,1400,168619,2
DEQ,948871262948439,24,1400,166523,3
DEQ,948871262951133,24,1400,165227,2
DEQ,948871263041273,24,1400,168667,3
DEQ,948871263043975,24,1400,167345,2
DEQ,948871263122676,24,1400,166704,3
DEQ,948871263125648,24,1400,160408,2
DEQ,948871263149432,24,1400,100600,3
DEQ,948871263227249,24,1400,169009,4
DEQ,948871263235119,24,1400,104528,3
DEQ,948871263320161,24,1400,185595,4
DEQ,948871263322976,24,1400,170165,3
DEQ,948871263399752,24,1400,244980,4
DEQ,948871263410686,24,1400,171191,3
DEQ,948871263497411,24,1400,253945,4
DEQ,948871263500271,24,1400,172357,3
DEQ,948871263577366,24,1400,245431,4
DEQ,948871263580211,24,1400,164987,3
DEQ,948871263655789,24,1400,236545,4
DEQ,948871263728149,24,1400,223102,3
DEQ,948871263747032,24,1400,237949,4
DEQ,948871263830366,24,1400,245166,3
DEQ,948871263833017,24,1400,243794,2
DEQ,948871263834441,24,1400,99405,1
DEQ,948871263923135,24,1400,184156,4
DEQ,948871263925967,24,1400,86693,3
DEQ,948871264008970,24,1400,165639,4
DEQ,948871264011659,24,1400,163107,3
DEQ,948871264035318,24,1400,184667,4
DEQ,948871264177156,24,1400,246181,3
DEQ,948871264195980,24,1400,254641,4
DEQ,948871264326777,24,1400,310356,3
DEQ,948871264329571,24,1400,309191,2
DEQ,948871264411342,24,1400,227369,3
DEQ,948871264417494,24,1400,229645,2
DEQ,948871264419003,24,1400,84561,1
DEQ,948871264500985,24,1400,162508,4
DEQ,948871264503734,24,1400,80852,3
DEQ,948871264524529,24,1400,97591,4
DEQ,948871264574980,24,1400,143000,3
DEQ,948871264619403,24,1400,185707,4
DEQ,948871264659036,24,1400,150473,3
DEQ,948871264699007,24,1400,186481,4
DEQ,948871264739066,24,1400,161817,3
DEQ,948871264779118,24,1400,199855,4
DEQ,948871264818823,24,1400,157606,3
DEQ,948871264858868,24,1400,195562,4
DEQ,948871264905863,24,1400,164730,3
DEQ,948871264939021,24,1400,196047,4
DEQ,948871264981231,24,1400,160500,3
DEQ,948871265071050,24,1400,248301,4
DEQ,948871265073819,24,1400,165945,3
DEQ,948871265156886,24,1400,247087,4
DEQ,948871265235431,24,1400,252081,3
DEQ,948871265238251,24,1400,252910,2
DEQ,948871265255613,24,1400,176887,3
DEQ,948871265345980,24,1400,256599,4
DEQ,948871265348697,24,1400,105233,3
DEQ,948871265428865,24,1400,181328,4
DEQ,948871265439787,24,1400,181805,3
DEQ,948871265524044,24,1400,264048,4
DEQ,948871265526846,24,1400,173370,3
DEQ,948871265543586,24,1400,181253,4
DEQ,948871265618943,24,1400,175502,3
DEQ,948871265622354,24,1400,174930,2
DEQ,948871265701717,24,1400,166635,3
DEQ,948871265704502,24,1400,165386,2
DEQ,948871265786633,24,1400,160318,3
DEQ,948871265789466,24,1400,159185,2
DEQ,948871265872156,24,1400,162702,3
DEQ,948871265874985,24,1400,161601,2
DEQ,948871265952168,24,1400,157895,3
DEQ,948871265954987,24,1400,156634,2
DEQ,948871266030106,24,1400,150193,3
DEQ,948871266050928,24,1400,166972,4
DEQ,948871266136761,24,1400,176909,3
DEQ,948871266139438,24,1400,175632,2
DEQ,948871266231324,24,1400,194175,3
DEQ,948871266234035,24,1400,189558,2
DEQ,948871266259277,24,1400,115105,3
DEQ,948871266350135,24,1400,202097,4
DEQ,948871266352795,24,1400,113812,3
DEQ,948871266369351,24,1400,114468,4
DEQ,948871266486217,24,1400,225402,3
DEQ,948871266489007,24,1400,226137,2
DEQ,948871266570763,24,1400,213183,3
DEQ,948871266573588,24,1400,211988,2
DEQ,948871266657170,24,1400,163351,3
DEQ,948871266659974,24,1400,162088,2
DEQ,948871266737461,24,1400,159045,3
DEQ,948871266740253,24,1400,157828,2
DEQ,948871266757184,24,1400,92232,3
DEQ,948871266841830,24,1400,173002,4
DEQ,948871266844544,24,1400,99315,3
DEQ,948871266870492,24,1400,121114,4
DEQ,948871266972752,24,1400,213433,3
DEQ,948871266975492,24,1400,214469,2
DEQ,948871266975994,24,1400,126694,1
DEQ,948871267058853,24,1400,199759,4
DEQ,948871267061698,24,1400,80892,3
DEQ,948871267166294,24,1400,181406,4
DEQ,948871267251864,24,1400,262713,3
DEQ,948871267271098,24,1400,279846,4
DEQ,948871466190876,24,1400,199124263,3
DEQ,948871466193662,24,1400,199118605,2
DEQ,948871466268948,24,1400,199009859,3
DEQ,948871466271582,24,1400,199008492,2
DEQ,948871466355707,24,1400,156112,3
DEQ,948871466358431,24,1400,154811,2
DEQ,948871466445595,24,1400,169142,3
DEQ,948871466448316,24,1400,167841,2
DEQ,948871466465017,24,1400,101148,3
DEQ,948871466556765,24,1400,188443,4
DEQ,948871466559641,24,1400,106640,3
DEQ,948871466641801,24,1400,184817,4
DEQ,948871466652621,24,1400,186015,3
DEQ,948871466774532,24,1400,305925,4
DEQ,948871466844644,24,1400,279276,3
DEQ,948871466847654,24,1400,277947,2
DEQ,948871466921493,24,1400,264046,3
DEQ,948871466924314,24,1400,262593,2
DEQ,948871467005802,24,1400,152906,3
DEQ,948871467008698,24,1400,151766,2
DEQ,948871467095769,24,1400,166476,3
DEQ,948871467098478,24,1400,156950,2
DEQ,948871467175194,24,1400,161559,3
DEQ,948871467177900,24,1400,160123,2
DEQ,948871467258295,24,1400,155050,3
DEQ,948871467260906,24,1400,153783,2
DEQ,948871467336300,24,1400,153634,3
DEQ,948871467339017,24,1400,147486,2
DEQ,948871467423275,24,1400,157546,3
DEQ,948871467425986,24,1400,156160,2
DEQ,948871467510768,24,1400,166811,3
DEQ,948871467513564,24,1400,161074,2
DEQ,948871467586573,24,1400,155729,3
DEQ,948871467589397,24,1400,151297,2
DEQ,948871467675705,24,1400,157419,3
DEQ,948871467678505,24,1400,156229,2
DEQ,948871467762969,24,1400,168639,3
DEQ,948871467765772,24,1400,162356,2
DEQ,948871467783024,24,1400,99189,3
DEQ,948871467871539,24,1400,177153,4
DEQ,948871467874337,24,1400,103549,3
DEQ,948871467958289,24,1400,183452,4
DEQ,948871467960979,24,1400,175470,3
DEQ,948871468041640,24,1400,253729,4
DEQ,948871468044360,24,1400,164873,3
DEQ,948871468070062,24,1400,186671,4
DEQ,948871468161434,24,1400,195678,3
DEQ,948871468164141,24,1400,187670,2
DEQ,948871468248893,24,1400,199458,3
DEQ,948871468267501,24,1400,202119,4
DEQ,948871468391622,24,1400,222241,3
DEQ,948871468394240,24,1400,220802,2
DEQ,948871468417525,24,1400,158296,3
DEQ,948871468494366,24,1400,231144,4
DEQ,948871468497218,24,1400,98235,3
DEQ,948871468574313,24,1400,161421,4
DEQ,948871468577076,24,1400,157700,3
DEQ,948871468650787,24,1400,229451,4
DEQ,948871468658620,24,1400,156277,3
DEQ,948871468747501,24,1400,241201,4
DEQ,948871468750340,24,1400,168464,3
DEQ,948871468828468,24,1400,242586,4
DEQ,948871468831213,24,1400,167970,3
DEQ,948871468908779,24,1400,241677,4
DEQ,948871468911525,24,1400,155583,3
DEQ,948871468989799,24,1400,229927,4
DEQ,948871468992576,24,1400,156450,3
DEQ,948871469079853,24,1400,239733,4
DEQ,948871469082480,24,1400,165846,3
DEQ,948871469157436,24,1400,231909,4
DEQ,948871469160141,24,1400,162371,3
DEQ,948871469239582,24,1400,237685,4
DEQ,948871469242258,24,1400,154942,3
DEQ,948871469322143,24,1400,230797,4
DEQ,948871469324933,24,1400,159801,3
DEQ,948871469429599,24,1400,255076,4
DEQ,948871469432292,24,1400,184836,3
DEQ,948871469449006,24,1400,197560,4
DEQ,948871469524421,24,1400,194633,3
DEQ,948871469527296,24,1400,193499,2
DEQ,948871469543929,24,1400,103204,3
DEQ,948871469621626,24,1400,177240,4
DEQ,948871469624490,24,1400,88684,3
DEQ,948871469707590,24,1400,167893,4
DEQ,948871469710435,24,1400,164093,3
DEQ,948871469783857,24,1400,235422,4
DEQ,948871469786649,24,1400,157180,3
DEQ,948871469871300,24,1400,237865,4
DEQ,948871469874038,24,1400,158486,3
DEQ,948871469957773,24,1400,238191,4
DEQ,948871470045509,24,1400,253910,3
DEQ,948871470048113,24,1400,247591,2
DEQ,948871470069930,24,1400,190951,3
DEQ,948871470145042,24,1400,257447,2
DEQ,948871470185222,24,1400,127490,3
DEQ,948871470232195,24,1400,167175,4
DEQ,948871470292335,24,1400,144586,3
DEQ,948871470332217,24,1400,182351,4
DEQ,948871470372424,24,1400,185195,3
DEQ,948871470438673,24,1400,249305,4
DEQ,948871470478350,24,1400,183397,3
DEQ,948871470518156,24,1400,221207,4
DEQ,948871470558279,24,1400,183730,3
DEQ,948871470605237,24,1400,228656,4
DEQ,948871470638326,24,1400,157868,3
DEQ,948871470678368,24,1400,195896,4
DEQ,948871470726258,24,1400,165848,3
DEQ,948871470758409,24,1400,195996,4
DEQ,948871470805895,24,1400,165549,3
DEQ,948871470838324,24,1400,196028,4
DEQ,948871470883202,24,1400,154852,3
DEQ,948871470929898,24,1400,199552,4
DEQ,948871470963648,24,1400,155652,3
DEQ,948871471016306,24,1400,206229,4
DEQ,948871471055446,24,1400,170087,3
DEQ,948871471096053,24,1400,208758,4
DEQ,948871471135784,24,1400,170027,3
DEQ,948871471175716,24,1400,208027,4
DEQ,948871471215987,24,1400,158422,3
DEQ,948871666532853,24,1400,195473225,5
DEQ,948871666535674,24,1400,195397632,4
DEQ,948871666536290,24,1400,195396369,3
DEQ,948871666553717,24,1400,195335314,4
DEQ,948871666637544,24,1400,195415147,5
DEQ,948871666638402,24,53,9749686,4
DEQ,948871666638938,24,1400,93600,3
DEQ,948871666656084,24,1400,106739,4
DEQ,948871666754528,24,1400,199190,3
DEQ,948871666757218,24,1400,199637,2
DEQ,948871666848531,24,1400,204536,3
DEQ,948871666851484,24,1400,199761,2
DEQ,948871666940999,24,1400,179075,3
DEQ,948871666943678,24,1400,171836,2
DEQ,948871666966382,24,1400,109851,3
DEQ,948871667061090,24,1400,194272,4
DEQ,948871667064505,24,1400,116096,3
DEQ,948871667207954,24,1400,246387,4
DEQ,948871667210687,24,1400,242735,3
DEQ,948871667292854,24,1400,322971,4
DEQ,948871667359135,24,1400,290482,3
DEQ,948871667432102,24,1400,359646,4
DEQ,948871667434962,24,1400,219520,3
DEQ,948871667511221,24,1400,291855,4
DEQ,948871667514015,24,1400,147977,3
DEQ,948871667589124,24,1400,219191,4
DEQ,948871667591928,24,1400,152148,3
DEQ,948871667620224,24,1400,176607,4
DEQ,948871667699623,24,1400,180688,3
DEQ,948871667705791,24,1400,182954,2
DEQ,948871667707223,24,1400,110355,1
DEQ,948871667797680,24,1400,191820,4
DEQ,948871667800386,24,1400,88488,3
DEQ,948871667877492,24,1400,161569,4
DEQ,948871667957878,24,1400,236835,3
DEQ,948871668040444,24,1400,317327,4
DEQ,948871668059002,24,1400,253824,3
DEQ,948871668144351,24,1400,335192,4
DEQ,948871668184145,24,1400,219521,3
DEQ,948871668231491,24,1400,262897,4
DEQ,948871668291165,24,1400,228376,3
DEQ,948871668331468,24,1400,264780,4
DEQ,948871668371710,24,1400,185081,3
DEQ,948871668438040,24,1400,249345,4
DEQ,948871668485216,24,1400,191954,3
DEQ,948871668522017,24,1400,226830,4
DEQ,948871668563207,24,1400,189469,3
DEQ,948871668611356,24,1400,235713,4
DEQ,948871668646879,24,1400,159542,3
DEQ,948871668683126,24,1400,193880,4
DEQ,948871668726284,24,1400,160987,3
DEQ,948871668762975,24,1400,195620,4
DEQ,948871668805946,24,1400,156849,3
DEQ,948871668842975,24,1400,191922,4
DEQ,948871668883941,24,1400,155491,3
DEQ,948871668930963,24,1400,200596,4
DEQ,948871668964551,24,1400,156745,3
DEQ,948871669014953,24,1400,205254,4
DEQ,948871669054598,24,1400,168445,3
DEQ,948871669094569,24,1400,206368,4
DEQ,948871669140907,24,1400,174172,3
DEQ,948871669176307,24,1400,207661,4
DEQ,948871669243851,24,1400,187347,3
DEQ,948871669318072,24,1400,259596,4
DEQ,948871669358606,24,1400,215747,3
DEQ,948871669408116,24,1400,263330,4
DEQ,948871669447260,24,1400,201338,3
DEQ,948871669493070,24,1400,245148,4
DEQ,948871669533077,24,1400,172414,3
DEQ,948871669573091,24,1400,210489,4
DEQ,948871669613016,24,1400,163593,3
DEQ,948871669659832,24,1400,208438,4
DEQ,948871669699854,24,1400,164636,3
DEQ,948871669740130,24,1400,203000,4
DEQ,948871669808359,24,1400,193251,3
DEQ,948871669848543,24,1400,231533,4
DEQ,948871669888315,24,1400,185434,3
DEQ,948871669928157,24,1400,223353,4
DEQ,948871669968779,24,1400,158163,3
DEQ,948871670008543,24,1400,196029,4
DEQ,948871670068050,24,1400,177606,3
DEQ,948871670108450,24,1400,216104,4
DEQ,948871670158771,24,1400,187818,3
DEQ,948871670198044,24,1400,225052,4
DEQ,948871670243808,24,1400,173583,3
DEQ,948871670317680,24,1400,245463,4
DEQ,948871670366700,24,1400,205986,3
DEQ,948871670401862,24,1400,239141,4
DEQ,948871670441077,24,1400,195236,3
DEQ,948871670483475,24,1400,235725,4
DEQ,948871670530715,24,1400,161993,3
DEQ,948871670563507,24,1400,192869,4
DEQ,948871670603470,24,1400,160272,3
DEQ,948871670648092,24,1400,203003,4
DEQ,948871670691802,24,1400,158896,3
DEQ,948871670739304,24,1400,204391,4
DEQ,948871670772236,24,1400,166618,3
DEQ,948871670825236,24,1400,217696,4
DEQ,948871670868601,24,1400,174669,3
DEQ,948871670908912,24,1400,213071,4
DEQ,948871670948843,24,1400,174414,3
DEQ,948871670989014,24,1400,212656,4
DEQ,948871671034743,24,1400,163952,3
DEQ,948871671080584,24,1400,207821,4
DEQ,948871671115114,24,1400,164195,3
DEQ,948871671182820,24,1400,229997,4
DEQ,948871671228770,24,1400,191910,3
DEQ,948871671263217,24,1400,224455,4
DEQ,948871671327833,24,1400,210656,3
DEQ,948871671368944,24,1400,249742,4
DEQ,948871671408764,24,1400,178050,3
DEQ,948871671448891,24,1400,216603,4
DEQ,948871671489033,24,1400,159148,3
DEQ,948871671529049,24,1400,197230,4
DEQ,948871671568799,24,1400,158040,3
DEQ,948871671608820,24,1400,196044,4
DEQ,948871671655605,24,1400,164479,3
DEQ,948871671689039,24,1400,195923,4
DEQ,948871671731844,24,1400,160921,3
DEQ,948871671768827,24,1400,195993,4
DEQ,948871671812570,24,1400,154902,3
DEQ,948871671853247,24,1400,193673,4
DEQ,948871671893244,24,1400,152192,3
DEQ,948871671949706,24,1400,206308,4
DEQ,948871671993746,24,1400,179185,3
DEQ,948871672033701,24,1400,216908,4
DEQ,948871672073597,24,1400,178384,3
DEQ,948871672113782,24,1400,216579,4
DEQ,948871672159801,24,1400,163708,3
DEQ,948871672199724,24,1400,201712,4
DEQ,948871672239960,24,1400,164144,3
DEQ,948871672307671,24,1400,229315,4
DEQ,948871672347960,24,1400,186053,3
DEQ,948871672387805,24,1400,223866,4
DEQ,948871672427865,24,1400,185893,3
DEQ,948871871712493,24,1400,199468272,5
DEQ,948871871715596,24,1400,199365446,4
DEQ,948871871716219,24,1400,199364041,3
DEQ,948871871718399,24,1400,199288481,2
DEQ,948871871857302,24,1400,199425440,5
DEQ,948871871859893,24,84,133211648,4
DEQ,948871871875185,24,1400,151909,3
DEQ,948871871957742,24,1400,225105,4
DEQ,948871871960495,24,1400,221844,3
DEQ,948871872037738,24,1400,296562,4
DEQ,948871872040416,24,1400,161668,3
DEQ,948871872069374,24,1400,187933,4
DEQ,948871872166094,24,1400,200687,3
DEQ,948871872169050,24,1400,194396,2
DEQ,948871872189540,24,1400,140005,3
DEQ,948871872299963,24,1400,235674,4
DEQ,948871872302879,24,1400,128637,3
DEQ,948871872320348,24,1400,141966,4
DEQ,948871872429903,24,1400,238522,3
DEQ,948871872432750,24,1400,239359,2
DEQ,948871872450069,24,1400,141722,3
DEQ,948871872557435,24,1400,244961,4
DEQ,948871872560396,24,1400,122413,3
DEQ,948871872650936,24,1400,208912,4
DEQ,948871872653754,24,1400,202178,3
DEQ,948871872736796,24,1400,283259,4
DEQ,948871872739651,24,1400,174374,3
DEQ,948871872826084,24,1400,250303,4
DEQ,948871872828928,24,1400,170381,3
DEQ,948871872908561,24,1400,246187,4
DEQ,948871872911402,24,1400,166798,3
DEQ,948871872990055,24,1400,234231,4
DEQ,948871872992862,24,1400,159131,3
DEQ,948871873009836,24,1400,163944,4
DEQ,948871873088588,24,1400,172463,3
DEQ,948871873091293,24,1400,171298,2
DEQ,948871873122620,24,1400,124924,3
DEQ,948871873225331,24,1400,220352,4
DEQ,948871873228034,24,1400,131948,3
DEQ,948871873311741,24,1400,203878,4
DEQ,948871873314517,24,1400,189632,3
DEQ,948871873401830,24,1400,274619,4
DEQ,948871873484615,24,1400,251494,3
DEQ,948871873487343,24,1400,245409,2
DEQ,948871873563647,24,1400,244261,3
DEQ,948871873566379,24,1400,237541,2
DEQ,948871873640580,24,1400,148421,3
DEQ,948871873643437,24,1400,147378,2
DEQ,948871873728967,24,1400,157761,3
DEQ,948871873806112,24,1400,230890,4
DEQ,948871873808923,24,1400,160626,3
DEQ,948871873832400,24,1400,174600,4
DEQ,948871873905999,24,1400,170176,3
DEQ,948871873924651,24,1400,184857,4
DEQ,948871874019266,24,1400,205454,3
DEQ,948871874021941,24,1400,204178,2
DEQ,948871874022442,24,1400,109640,1
DEQ,948871874050228,24,1400,129981,4
DEQ,948871874115231,24,1400,87991,3
DEQ,948871874142122,24,1400,101992,4
DEQ,948871874225270,24,1400,180026,3
DEQ,948871874227995,24,1400,180768,2
DEQ,948871874306673,24,1400,184746,3
DEQ,948871874309393,24,1400,171857,2
DEQ,948871874392733,24,1400,159950,3
DEQ,948871874395580,24,1400,158942,2
DEQ,948871874467617,24,1400,153313,3
DEQ,948871874492810,24,1400,174634,4
DEQ,948871874591915,24,1400,191646,3
DEQ,948871874594708,24,1400,190567,2
DEQ,948871874684656,24,1400,210229,3
DEQ,948871874703003,24,1400,214342,4
DEQ,948871874826049,24,1400,226500,3
DEQ,948871874828786,24,1400,220876,2
DEQ,948871874904912,24,1400,213470,3
DEQ,948871874907701,24,1400,212402,2
DEQ,948871874988441,24,1400,154818,3
DEQ,948871874991282,24,1400,153691,2
DEQ,948871875081974,24,1400,169412,3
DEQ,948871875084709,24,1400,160868,2
DEQ,948871875161942,24,1400,165820,3
DEQ,948871875164963,24,1400,164909,2
DEQ,948871875240256,24,1400,150680,3
DEQ,948871875242965,24,1400,149498,2
DEQ,948871875322798,24,1400,153113,3
DEQ,948871875325510,24,1400,151944,2
DEQ,948871875405289,24,1400,157635,3
DEQ,948871875408141,24,1400,156636,2
DEQ,948871875431752,24,1400,101443,3
DEQ,948871875507397,24,1400,173173,4
DEQ,948871875518057,24,1400,104982,3
DEQ,948871875596507,24,1400,179569,4
DEQ,948871875599305,24,1400,164199,3
DEQ,948871875679718,24,1400,242668,4
DEQ,948871875691024,24,1400,168356,3
DEQ,948871875774150,24,1400,247659,4
DEQ,948871875776842,24,1400,172677,3
DEQ,948871875793476,24,1400,180971,4
DEQ,948871875871406,24,1400,176016,3
DEQ,948871875874047,24,1400,174761,2
DEQ,948871875951579,24,1400,166349,3
DEQ,948871875954292,24,1400,165172,2
DEQ,948871876035030,24,1400,156313,3
DEQ,948871876053384,24,1400,170809,4
DEQ,948871876128202,24,1400,169200,3
DEQ,948871876146771,24,1400,183875,4
DEQ,948871876277720,24,1400,232379,3
DEQ,948871876304678,24,1400,255497,4
DEQ,948871876378129,24,1400,243146,3
DEQ,948871876397580,24,1400,258692,4
DEQ,948871876528497,24,1400,243956,3
DEQ,948871876554580,24,1400,254614,4
DEQ,948871876637874,24,1400,252629,3
DEQ,948871876640645,24,1400,251407,2
DEQ,948871876657178,24,1400,121834,3
DEQ,948871876727048,24,1400,176972,4
DEQ,948871876734893,24,1400,85803,3
DEQ,948871876820034,24,1400,167077,4
DEQ,948871876837116,24,1400,177576,3
DEQ,948871876950159,24,1400,288475,4
DEQ,948871876952950,24,1400,213565,3
DEQ,948871877041905,24,1400,298597,4
DEQ,948871877044581,24,1400,203070,3
DEQ,948871877069614,24,1400,225544,4
DEQ,948871877152778,24,1400,194936,3
DEQ,948871877155522,24,1400,193780,2
DEQ,948871877301401,24,1400,252069,3
DEQ,948871877309173,24,1400,244189,2
DEQ,948871877458390,24,1400,298063,3
DEQ,948871877465561,24,1400,301346,2
DEQ,948871877554531,24,1400,240628,1
DEQ,948871877637566,24,1400,321132,4
DEQ,948871877706749,24,1400,143494,3
DEQ,948871877792938,24,1400,226855,4
DEQ,948871877868628,24,1400,298234,3
DEQ,948871877942706,24,1400,370316,4
DEQ,948871877983303,24,1400,274315,3
DEQ,948871878032735,24,1400,321783,4
DEQ,948871878072231,24,1400,201443,3
DEQ,948871878129778,24,1400,256985,4
DEQ,948871878158110,24,1400,173065,3
DEQ,948871878197817,24,1400,210590,4
DEQ,948872076738971,24,1400,198665318,4
DEQ,948872076744799,24,1400,198668934,3
DEQ,948872076768729,24,1400,198608230,2
DEQ,948872076787925,24,1400,198625336,1
DEQ,948872076788863,24,53,190694632,0
DEQ,948872076901708,24,1400,103161,3
DEQ,948872076904410,24,1400,97734,2
DEQ,948872076926171,24,1400,112696,3
DEQ,948872077004292,24,1400,188623,4
DEQ,948872077019133,24,1400,110037,3
DEQ,948872077102947,24,1400,181176,4
DEQ,948872077109976,24,1400,182248,3
DEQ,948872077188097,24,1400,258535,4
DEQ,948872077190833,24,1400,167451,3
DEQ,948872077272657,24,1400,245254,4
DEQ,948872077275619,24,1400,161110,3
DEQ,948872077291724,24,1400,173135,4
DEQ,948872077370325,24,1400,174728,3
DEQ,948872077373134,24,1400,173678,2
DEQ,948872077457313,24,1400,173334,3
DEQ,948872077460345,24,1400,172853,2
DEQ,948872077545367,24,1400,167283,3
DEQ,948872077548156,24,1400,166108,2
DEQ,948872077634134,24,1400,167740,3
DEQ,948872077636916,24,1400,161627,2
DEQ,948872077726679,24,1400,173706,3
DEQ,948872077744936,24,1400,188102,4
DEQ,948872077864124,24,1400,222304,3
DEQ,948872077866810,24,1400,221056,2
DEQ,948872077883231,24,1400,146282,3
DEQ,948872078011570,24,1400,271035,4
DEQ,948872078014316,24,1400,142685,3
DEQ,948872078036439,24,1400,157540,4
DEQ,948872078111718,24,1400,226993,3
DEQ,948872078114392,24,1400,227746,2
DEQ,948872078131491,24,1400,112361,3
DEQ,948872078212704,24,1400,180502,4
DEQ,948872078215500,24,1400,96323,3
DEQ,948872078303420,24,1400,180375,4
DEQ,948872078306462,24,1400,173423,3
DEQ,948872078398314,24,1400,263262,4
DEQ,948872078401126,24,1400,180490,3
DEQ,948872078485182,24,1400,252708,4
DEQ,948872078488014,24,1400,176724,3
DEQ,948872078504734,24,1400,181273,4
DEQ,948872078602533,24,1400,196628,3
DEQ,948872078605183,24,1400,189689,2
DEQ,948872078688383,24,1400,195324,3
DEQ,948872078691241,24,1400,194281,2
DEQ,948872078762349,24,1400,152386,3
DEQ,948872078765160,24,1400,151287,2
DEQ,948872078781676,24,1400,85661,3
DEQ,948872078871085,24,1400,171218,4
DEQ,948872078887596,24,1400,117653,3
DEQ,948872078967606,24,1400,193753,4
DEQ,948872078970253,24,1400,186096,3
DEQ,948872079006905,24,1400,220373,5
DEQ,948872079043155,24,1400,150887,4
DEQ,948872079083011,24,1400,188099,7
DEQ,948872079083512,24,52,103889,6
DEQ,948872079166051,24,1400,175151,5
DEQ,948872079211770,24,1400,218973,6
DEQ,948872079246402,24,1400,200609,5
DEQ,948872079313044,24,1400,265020,6
DEQ,948872079356826,24,56,302779,5
DEQ,948872079393220,24,364,334581,4
DEQ,948872079394333,24,1400,226097,3
DEQ,948872079488249,24,1400,318103,4
DEQ,948872079558053,24,1400,309587,3
DEQ,948872079604093,24,1400,353721,4
DEQ,948872079638214,24,1400,242302,3
DEQ,948872079704038,24,1400,306195,4
DEQ,948872079744540,24,1400,184340,3
DEQ,948872079783897,24,1400,221763,4
DEQ,948872079824226,24,1400,183725,3
DEQ,948872079864384,24,1400,221863,4
DEQ,948872079908856,24,1400,161959,3
DEQ,948872079948300,24,1400,199488,4
DEQ,948872079992829,24,1400,166657,3
DEQ,948872080039805,24,1400,211718,4
DEQ,948872080073321,24,1400,162441,3
DEQ,948872080112910,24,1400,200051,4
DEQ,948872080155812,24,1400,160892,3
DEQ,948872080198130,24,1400,201306,4
DEQ,948872080236212,24,1400,160766,3
DEQ,948872080272449,24,1400,195005,4
DEQ,948872080312922,24,1400,154859,3
DEQ,948872080361192,24,1400,201211,4
DEQ,948872080392882,24,1400,154612,3
DEQ,948872080438172,24,1400,197909,4
DEQ,948872080472912,24,1400,157917,3
DEQ,948872080540227,24,1400,223293,4
DEQ,948872080580102,24,1400,184908,3
DEQ,948872080620450,24,1400,223306,4
DEQ,948872080682293,24,1400,207260,3
DEQ,948872080729986,24,1400,253011,4
DEQ,948872080762446,24,1400,180250,3
DEQ,948872080802331,24,1400,218226,4
DEQ,948872080843424,24,1400,158698,3
DEQ,948872080886146,24,1400,199249,4
DEQ,948872080928230,24,1400,163605,3
DEQ,948872080962636,24,1400,196120,4
DEQ,948872081022272,24,1400,176661,3
DEQ,948872081062336,24,1400,214799,4
DEQ,948872081109459,24,1400,178990,3
DEQ,948872081162212,24,1400,229849,4
DEQ,948872081201477,24,1400,177106,3
DEQ,948872081242788,24,1400,216519,4
DEQ,948872081290134,24,1400,178534,3
DEQ,948872081322939,24,1400,209277,4
DEQ,948872081362886,24,1400,159284,3
DEQ,948872081405144,24,1400,199549,4
DEQ,948872081447453,24,1400,155268,3
DEQ,948872081486291,24,1400,192186,4
DEQ,948872081522496,24,1400,157524,3
DEQ,948872081563576,24,1400,196550,4
DEQ,948872081610613,24,1400,161112,3
DEQ,948872081662532,24,1400,211117,4
DEQ,948872081708144,24,1400,183513,3
DEQ,948872081742478,24,1400,215948,4
DEQ,948872081807347,24,1400,194567,3
DEQ,948872081847894,24,1400,233114,4
DEQ,948872081887593,24,1400,177213,3
DEQ,948872081927565,24,1400,215277,4
DEQ,948872081973480,24,1400,163961,3
DEQ,948872082007939,24,1400,196378,4
DEQ,948872082067953,24,1400,178223,3
DEQ,948872082116236,24,1400,224566,4
DEQ,948872082158373,24,1400,182671,3
DEQ,948872082197553,24,1400,219879,4
DEQ,948872082243515,24,1400,173462,3
DEQ,948872082317403,24,1400,245354,4
DEQ,948872082366515,24,1400,206060,3
DEQ,948872082401399,24,1400,238957,4
DEQ,948872082440811,24,1400,195051,3
DEQ,948872082483119,24,1400,235446,4
DEQ,948872082529397,24,1400,160761,3
DEQ,948872082562823,24,1400,192270,4
STATS,948872182793092,4,5600,19493,19489,0,0,0
DEQ,948872281704596,24,1400,199261394,3
DEQ,948872281707812,24,1400,199262669,2
DEQ,948872281708521,24,1400,199177025,1
DEQ,948872281732984,24,1400,199199563,0
DEQ,948872590031193,24,368,22001,0
DEQ,948872622978872,24,52,21354,0
DEQ,948872623025912,24,53,14231,1
DEQ,948872623069758,24,52,49930,0
DEQ,948872649026269,24,53,19947,0
DEQ,948872739777472,24,84,135072,0
DEQ,948872754949349,24,52,19585,0
STATS,948873256065567,0,0,19500,19500,0,0,0
DEQ,948873741313842,24,84,142454,0
STATS,948874342669372,0,0,19501,19501,0,0,0
DEQ,948874742685387,24,84,137839,0
STATS,948875344047821,0,0,19502,19502,0,0,0
DEQ,948875744622296,24,84,144464,0
STATS,948876345959002,0,0,19503,19503,0,0,0
DEQ,948876746499876,24,84,140371,0
STATS,948877347876434,0,0,19504,19504,0,0,0
DEQ,948877748194896,24,84,127124,0
STATS,948878349547496,0,0,19505,19505,0,0,0
DEQ,948878749848753,24,84,147552,0
STATS,948879351078060,0,0,19506,19506,0,0,0
DEQ,948879751753035,24,84,135248,0
STATS,948880353107216,0,0,19507,19507,0,0,0
DEQ,948880753689155,24,84,141912,0
STATS,948881355068483,0,0,19508,19508,0,0,0
DEQ,948881755563970,24,84,137083,0
STATS,948882356931272,0,0,19509,19509,0,0,0
DEQ,948882757476496,24,84,142860,0
STATS,948883358841879,0,0,19510,19510,0,0,0
DEQ,948883759375678,24,84,136932,0
STATS,948884360737173,0,0,19511,19511,0,0,0
DEQ,948884760797114,24,84,136524,0
STATS,948885362150749,0,0,19512,19512,0,0,0
DEQ,948885762723672,24,84,135457,0
STATS,948886364080129,0,0,19513,19513,0,0,0
DEQ,948886764623196,24,84,140370,0
STATS,948887365915380,0,0,19514,19514,0,0,0
DEQ,948887766539077,24,84,137158,0
STATS,948888367908697,0,0,19515,19515,0,0,0
DEQ,948888768455446,24,84,149860,0
STATS,948889369813432,0,0,19516,19516,0,0,0
DEQ,948889770236913,24,84,142596,0
STATS,948890371568705,0,0,19517,19517,0,0,0
DEQ,948890771766894,24,84,130471,0
STATS,948891373137805,0,0,19518,19518,0,0,0
DEQ,948891773676095,24,84,144509,0
STATS,948891773702565,0,0,19519,19519,0,0,0
