epoch,fn,slot,trigger,bsr_type,lcg,bsr_index
1785589200.210836,273,17,T_PERIODIC_EXPIRY_BSR,SHORT_BSR,2,31
1785589200.210836,274,17,T_PERIODIC_EXPIRY_BSR,SHORT_BSR,2,31
1785589200.210836,275,17,T_PERIODIC_EXPIRY_BSR,SHORT_BSR,2,31
1785589200.210836,276,17,T_PERIODIC_EXPIRY_BSR,SHORT_BSR,2,31
1785589200.210836,277,17,T_PERIODIC_EXPIRY_BSR,SHORT_BSR,2,31
1785589200.210836,278,17,T_PERIODIC_EXPIRY_BSR,SHORT_BSR,2,31
1785589200.210836,279,17,T_PERIODIC_EXPIRY_BSR,SHORT_BSR,2,31
1785589200.210836,280,17,T_PERIODIC_EXPIRY_BSR,SHORT_BSR,2,31
1785589200.210836,281,17,T_PERIODIC_EXPIRY_BSR,SHORT_BSR,2,31
1785589200.210836,282,17,T_PERIODIC_EXPIRY_BSR,SHORT_BSR,2,31
1785589200.210836,283,17,T_PERIODIC_EXPIRY_BSR,SHORT_BSR,2,31
1785589200.210836,284,17,T_PERIODIC_EXPIRY_BSR,SHORT_BSR,2,31
1785589200.210836,285,17,T_PERIODIC_EXPIRY_BSR,SHORT_BSR,2,31
1785589200.210836,286,17,T_PERIODIC_EXPIRY_BSR,SHORT_BSR,2,31
1785589200.210836,287,17,T_PERIODIC_EXPIRY_BSR,SHORT_BSR,2,31
1785589200.360837,288,17,T_PERIODIC_EXPIRY_BSR,SHORT_BSR,2,31
1785589200.360837,289,17,T_PERIODIC_EXPIRY_BSR,SHORT_BSR,2,31
1785589200.360837,290,17,T_PERIODIC_EXPIRY_BSR,SHORT_BSR,2,31
1785589200.360837,291,17,T_PERIODIC_EXPIRY_BSR,SHORT_BSR,2,31
1785589200.360837,292,17,T_PERIODIC_EXPIRY_BSR,SHORT_BSR,2,31
1785589200.360837,293,17,T_PERIODIC_EXPIRY_BSR,SHORT_BSR,2,31
1785589200.360837,294,17,T_PERIODIC_EXPIRY_BSR,SHORT_BSR,2,31
1785589200.360837,295,17,T_PERIODIC_EXPIRY_BSR,SHORT_BSR,2,31
1785589200.360837,296,17,T_PERIODIC_EXPIRY_BSR,SHORT_BSR,2,31
1785589200.360837,297,17,T_PERIODIC_EXPIRY_BSR,SHORT_BSR,2,31
1785589200.360837,298,17,T_PERIODIC_EXPIRY_BSR,SHORT_BSR,2,31
1785589200.360837,299,17,T_PERIODIC_EXPIRY_BSR,SHORT_BSR,2,31
1785589200.360837,300,17,T_PERIODIC_EXPIRY_BSR,SHORT_BSR,2,31
1785589200.360837,301,17,T_PERIODIC_EXPIRY_BSR,SHORT_BSR,2,31
1785589200.360837,302,17,T_PERIODIC_EXPIRY_BSR,SHORT_BSR,2,31
1785589200.510836,303,17,T_PERIODIC_EXPIRY_BSR,SHORT_BSR,2,31
1785589200.510836,304,17,T_PERIODIC_EXPIRY_BSR,SHORT_BSR,2,31
1785589200.510836,305,17,T_PERIODIC_EXPIRY_BSR,SHORT_BSR,2,31
1785589200.510836,306,17,T_PERIODIC_EXPIRY_BSR,SHORT_BSR,2,31
1785589200.510836,307,17,T_PERIODIC_EXPIRY_BSR,SHORT_BSR,2,31
1785589200.510836,308,17,T_PERIODIC_EXPIRY_BSR,SHORT_BSR,2,31
1785589200.510836,309,17,T_PERIODIC_EXPIRY_BSR,SHORT_BSR,2,31
1785589200.510836,310,17,T_PERIODIC_EXPIRY_BSR,SHORT_BSR,2,31
1785589200.510836,311,18,T_PERIODIC_EXPIRY_BSR,SHORT_BSR,2,31
1785589200.510836,312,17,T_PERIODIC_EXPIRY_BSR,SHORT_BSR,2,31
1785589200.510836,313,17,T_PERIODIC_EXPIRY_BSR,SHORT_BSR,2,31
1785589200.510836,314,17,T_PERIODIC_EXPIRY_BSR,SHORT_BSR,2,31
1785589200.510836,315,17,T_PERIODIC_EXPIRY_BSR,SHORT_BSR,2,31
1785589200.510836,316,17,T_PERIODIC_EXPIRY_BSR,SHORT_BSR,2,31
1785589200.510836,317,17,T_PERIODIC_EXPIRY_BSR,SHORT_BSR,2,31
1785589200.665836,318,17,T_PERIODIC_EXPIRY_BSR,SHORT_BSR,2,31
1785589200.665836,319,17,T_PERIODIC_EXPIRY_BSR,SHORT_BSR,2,31
1785589200.665836,320,17,T_PERIODIC_EXPIRY_BSR,SHORT_BSR,2,31
1785589200.665836,321,17,T_PERIODIC_EXPIRY_BSR,SHORT_BSR,2,31
1785589200.665836,322,17,T_PERIODIC_EXPIRY_BSR,SHORT_BSR,2,31
1785589200.665836,323,17,T_PERIODIC_EXPIRY_BSR,SHORT_BSR,2,31
1785589200.665836,325,7,T_PERIODIC_EXPIRY_BSR,SHORT_BSR,2,31
1785589200.665836,326,7,T_PERIODIC_EXPIRY_BSR,SHORT_BSR,2,31
1785589200.665836,327,7,T_PERIODIC_EXPIRY_BSR,SHORT_BSR,2,31
1785589200.665836,328,7,T_PERIODIC_EXPIRY_BSR,SHORT_BSR,2,31
1785589200.665836,329,7,T_PERIODIC_EXPIRY_BSR,SHORT_BSR,2,31
1785589200.665836,330,7,T_PERIODIC_EXPIRY_BSR,SHORT_BSR,2,31
1785589200.665836,331,7,T_PERIODIC_EXPIRY_BSR,SHORT_BSR,2,31
1785589200.665836,332,7,T_PERIODIC_EXPIRY_BSR,SHORT_BSR,2,31
1785589200.665836,333,7,T_PERIODIC_EXPIRY_BSR,SHORT_BSR,2,31
1785589200.816792,334,7,T_PERIODIC_EXPIRY_BSR,SHORT_BSR,2,31
1785589200.816792,335,7,T_PERIODIC_EXPIRY_BSR,SHORT_BSR,2,31
1785589200.816792,336,7,T_PERIODIC_EXPIRY_BSR,SHORT_BSR,2,31
1785589200.816792,337,7,T_PERIODIC_EXPIRY_BSR,SHORT_BSR,2,31
1785589200.816792,338,7,T_PERIODIC_EXPIRY_BSR,SHORT_BSR,2,31
1785589200.816792,339,7,T_PERIODIC_EXPIRY_BSR,SHORT_BSR,2,31
1785589200.816792,340,7,T_PERIODIC_EXPIRY_BSR,SHORT_BSR,2,31
1785589200.816792,341,7,T_PERIODIC_EXPIRY_BSR,SHORT_BSR,2,31
1785589200.816792,342,7,T_PERIODIC_EXPIRY_BSR,SHORT_BSR,2,31
1785589200.816792,343,9,T_PERIODIC_EXPIRY_BSR,SHORT_BSR,2,31
1785589200.816792,344,9,T_PERIODIC_EXPIRY_BSR,SHORT_BSR,2,31
1785589200.816792,345,9,T_PERIODIC_EXPIRY_BSR,SHORT_BSR,2,31
1785589200.816792,346,9,T_PERIODIC_EXPIRY_BSR,SHORT_BSR,2,31
1785589200.816792,347,9,T_PERIODIC_EXPIRY_BSR,SHORT_BSR,2,31
1785589200.816792,348,9,T_PERIODIC_EXPIRY_BSR,SHORT_BSR,2,31
1785589200.971790,349,9,T_PERIODIC_EXPIRY_BSR,SHORT_BSR,2,31
1785589200.971790,350,9,T_PERIODIC_EXPIRY_BSR,SHORT_BSR,2,31
1785589200.971790,351,9,T_PERIODIC_EXPIRY_BSR,SHORT_BSR,2,31
1785589200.971790,352,9,T_PERIODIC_EXPIRY_BSR,SHORT_BSR,2,31
1785589200.971790,353,9,T_PERIODIC_EXPIRY_BSR,SHORT_BSR,2,31
1785589200.971790,354,9,T_PERIODIC_EXPIRY_BSR,SHORT_BSR,2,31
1785589200.971790,355,9,T_PERIODIC_EXPIRY_BSR,SHORT_BSR,2,31
1785589200.971790,356,9,T_PERIODIC_EXPIRY_BSR,SHORT_BSR,2,31
1785589200.971790,357,9,T_PERIODIC_EXPIRY_BSR,SHORT_BSR,2,31
1785589200.971790,358,9,T_PERIODIC_EXPIRY_BSR,SHORT_BSR,2,31
1785589200.971790,359,9,T_PERIODIC_EXPIRY_BSR,SHORT_BSR,2,31
1785589200.971790,360,9,T_PERIODIC_EXPIRY_BSR,SHORT_BSR,2,31
1785589200.971790,361,19,T_PERIODIC_EXPIRY_BSR,SHORT_BSR,2,31
1785589200.971790,362,19,T_PERIODIC_EXPIRY_BSR,SHORT_BSR,2,31
1785589200.971790,363,19,T_PERIODIC_EXPIRY_BSR,SHORT_BSR,2,31
1785589201.121774,364,19,T_PERIODIC_EXPIRY_BSR,SHORT_BSR,2,31
1785589201.121774,365,19,T_PERIODIC_EXPIRY_BSR,SHORT_BSR,2,31
1785589201.121774,366,19,T_PERIODIC_EXPIRY_BSR,SHORT_BSR,2,31
1785589201.121774,367,19,T_PERIODIC_EXPIRY_BSR,SHORT_BSR,2,31
1785589201.121774,368,19,T_PERIODIC_EXPIRY_BSR,SHORT_BSR,2,31
1785589201.121774,369,19,T_PERIODIC_EXPIRY_BSR,SHORT_BSR,2,31
1785589201.121774,370,19,T_PERIODIC_EXPIRY_BSR,SHORT_BSR,2,31
1785589201.121774,371,19,T_PERIODIC_EXPIRY_BSR,SHORT_BSR,2,31
1785589201.121774,372,19,T_PERIODIC_EXPIRY_BSR,SHORT_BSR,2,31
1785589201.121774,373,19,T_PERIODIC_EXPIRY_BSR,SHORT_BSR,2,31
1785589201.121774,374,19,T_PERIODIC_EXPIRY_BSR,SHORT_BSR,2,31
1785589201.121774,375,19,T_PERIODIC_EXPIRY_BSR,SHORT_BSR,2,31
1785589201.121774,376,19,T_PERIODIC_EXPIRY_BSR,SHORT_BSR,2,31
1785589201.121774,377,19,T_PERIODIC_EXPIRY_BSR,SHORT_BSR,2,31
1785589201.121774,378,19,T_PERIODIC_EXPIRY_BSR,SHORT_BSR,2,31
1785589201.271765,379,19,T_PERIODIC_EXPIRY_BSR,SHORT_BSR,2,31
1785589201.271765,380,19,T_PERIODIC_EXPIRY_BSR,SHORT_BSR,2,31
1785589201.271765,381,19,T_PERIODIC_EXPIRY_BSR,SHORT_BSR,2,31
1785589201.271765,382,19,T_PERIODIC_EXPIRY_BSR,SHORT_BSR,2,31
1785589201.271765,383,19,T_PERIODIC_EXPIRY_BSR,SHORT_BSR,2,31
1785589201.271765,384,19,T_PERIODIC_EXPIRY_BSR,SHORT_BSR,2,31
1785589201.271765,385,19,T_PERIODIC_EXPIRY_BSR,SHORT_BSR,2,31
1785589201.271765,386,19,T_PERIODIC_EXPIRY_BSR,SHORT_BSR,2,31
1785589201.271765,387,19,T_PERIODIC_EXPIRY_BSR,SHORT_BSR,2,31
1785589201.271765,388,19,T_PERIODIC_EXPIRY_BSR,SHORT_BSR,2,31
1785589201.271765,389,19,T_PERIODIC_EXPIRY_BSR,SHORT_BSR,2,31
1785589201.271765,390,19,T_PERIODIC_EXPIRY_BSR,SHORT_BSR,2,31
1785589201.271765,391,19,T_PERIODIC_EXPIRY_BSR,SHORT_BSR,2,31
1785589201.271765,392,19,T_PERIODIC_EXPIRY_BSR,SHORT_BSR,2,31
1785589201.271765,393,19,T_PERIODIC_EXPIRY_BSR,SHORT_BSR,2,31
1785589201.421769,394,19,T_PERIODIC_EXPIRY_BSR,SHORT_BSR,2,31
1785589201.421769,395,19,T_PERIODIC_EXPIRY_BSR,SHORT_BSR,2,31
1785589201.421769,396,19,T_PERIODIC_EXPIRY_BSR,SHORT_BSR,2,31
1785589201.421769,397,19,T_PERIODIC_EXPIRY_BSR,SHORT_BSR,2,31
1785589201.421769,398,19,T_PERIODIC_EXPIRY_BSR,SHORT_BSR,2,31
1785589201.421769,399,19,T_PERIODIC_EXPIRY_BSR,SHORT_BSR,2,31
1785589201.421769,400,19,T_PERIODIC_EXPIRY_BSR,SHORT_BSR,2,31
1785589201.421769,401,19,T_PERIODIC_EXPIRY_BSR,SHORT_BSR,2,31
1785589201.421769,402,19,T_PERIODIC_EXPIRY_BSR,SHORT_BSR,2,31
1785589201.421769,403,19,T_PERIODIC_EXPIRY_BSR,SHORT_BSR,2,31
1785589201.421769,404,19,T_PERIODIC_EXPIRY_BSR,SHORT_BSR,2,31
1785589201.421769,405,19,T_PERIODIC_EXPIRY_BSR,SHORT_BSR,2,31
1785589201.421769,406,19,T_PERIODIC_EXPIRY_BSR,SHORT_BSR,2,31
1785589201.421769,407,19,T_PERIODIC_EXPIRY_BSR,SHORT_BSR,2,31
1785589201.421769,408,19,T_PERIODIC_EXPIRY_BSR,SHORT_BSR,2,31
1785589201.571768,409,19,T_PERIODIC_EXPIRY_BSR,SHORT_BSR,2,31
1785589201.571768,410,19,T_PERIODIC_EXPIRY_BSR,SHORT_BSR,2,31
1785589201.571768,411,19,T_PERIODIC_EXPIRY_BSR,SHORT_BSR,2,31
1785589201.571768,412,19,T_PERIODIC_EXPIRY_BSR,SHORT_BSR,2,31
1785589201.571768,413,19,T_PERIODIC_EXPIRY_BSR,SHORT_BSR,2,31
1785589201.571768,414,19,T_PERIODIC_EXPIRY_BSR,SHORT_BSR,2,31
1785589201.571768,415,19,T_PERIODIC_EXPIRY_BSR,SHORT_BSR,2,31
1785589201.571768,416,19,T_PERIODIC_EXPIRY_BSR,SHORT_BSR,2,31
1785589201.571768,417,19,T_PERIODIC_EXPIRY_BSR,SHORT_BSR,2,31
1785589201.571768,418,19,T_PERIODIC_EXPIRY_BSR,SHORT_BSR,2,31
1785589201.571768,419,19,T_PERIODIC_EXPIRY_BSR,SHORT_BSR,2,31
1785589201.571768,420,19,T_PERIODIC_EXPIRY_BSR,SHORT_BSR,2,31
1785589201.571768,421,19,T_PERIODIC_EXPIRY_BSR,SHORT_BSR,2,31
1785589201.571768,422,19,T_PERIODIC_EXPIRY_BSR,SHORT_BSR,2,31
1785589201.571768,423,19,T_PERIODIC_EXPIRY_BSR,SHORT_BSR,2,31
1785620933.240142,642,7,HIGH_DATA_ARRIVAL,SHORT_BSR,0,0
1785620933.240142,808,7,T_PERIODIC_EXPIRY_BSR,SHORT_BSR,0,0
1785620933.240142,874,7,T_PERIODIC_EXPIRY_BSR,SHORT_BSR,0,0
1785620933.240142,938,7,T_PERIODIC_EXPIRY_BSR | HIGH_DATA_ARRIVAL,SHORT_BSR,0,0
1785620933.240142,940,7,HIGH_DATA_ARRIVAL,SHORT_BSR,0,0
1785620933.240142,946,7,T_PERIODIC_EXPIRY_BSR | HIGH_DATA_ARRIVAL,SHORT_BSR,0,0
1785620933.240142,948,7,HIGH_DATA_ARRIVAL,SHORT_BSR,0,0
1785620933.240142,14,7,T_PERIODIC_EXPIRY_BSR | HIGH_DATA_ARRIVAL,SHORT_BSR,0,0
1785620933.240142,16,7,HIGH_DATA_ARRIVAL,SHORT_BSR,0,0
1785620933.240142,22,7,T_PERIODIC_EXPIRY_BSR | HIGH_DATA_ARRIVAL,SHORT_BSR,0,0
1785620933.240142,24,7,HIGH_DATA_ARRIVAL,SHORT_BSR,0,0
1785620933.240142,122,7,T_PERIODIC_EXPIRY_BSR | HIGH_DATA_ARRIVAL,SHORT_BSR,0,0
1785620933.240142,124,7,HIGH_DATA_ARRIVAL,SHORT_BSR,0,0
1785620933.240142,134,7,T_PERIODIC_EXPIRY_BSR,SHORT_BSR,0,0
1785620933.240142,136,7,T_PERIODIC_EXPIRY_BSR,SHORT_BSR,0,0
1785620938.940108,222,7,T_PERIODIC_EXPIRY_BSR | HIGH_DATA_ARRIVAL,SHORT_BSR,0,0
1785620938.940108,224,7,HIGH_DATA_ARRIVAL,SHORT_BSR,0,0
1785620938.940108,322,7,T_PERIODIC_EXPIRY_BSR | HIGH_DATA_ARRIVAL,SHORT_BSR,0,0
1785620938.940108,324,7,HIGH_DATA_ARRIVAL,SHORT_BSR,0,0
1785620938.940108,422,7,T_PERIODIC_EXPIRY_BSR | HIGH_DATA_ARRIVAL,SHORT_BSR,0,0
1785620938.940108,424,7,HIGH_DATA_ARRIVAL,SHORT_BSR,0,0
1785620938.940108,496,7,T_PERIODIC_EXPIRY_BSR,SHORT_BSR,0,0
1785620938.940108,522,7,T_PERIODIC_EXPIRY_BSR | HIGH_DATA_ARRIVAL,SHORT_BSR,0,0
1785620938.940108,524,7,HIGH_DATA_ARRIVAL,SHORT_BSR,0,0
1785620938.940108,622,7,T_PERIODIC_EXPIRY_BSR | HIGH_DATA_ARRIVAL,SHORT_BSR,0,0
1785620938.940108,624,7,HIGH_DATA_ARRIVAL,SHORT_BSR,0,0
1785620938.940108,704,7,T_PERIODIC_EXPIRY_BSR,SHORT_BSR,0,0
1785620938.940108,724,7,T_PERIODIC_EXPIRY_BSR | HIGH_DATA_ARRIVAL,SHORT_BSR,0,0
1785620938.940108,726,7,HIGH_DATA_ARRIVAL,SHORT_BSR,0,0
1785620938.940108,784,7,T_PERIODIC_EXPIRY_BSR,SHORT_BSR,0,0
1785620940.340126,792,7,T_PERIODIC_EXPIRY_BSR,SHORT_BSR,0,0
1785620940.340126,824,7,T_PERIODIC_EXPIRY_BSR | HIGH_DATA_ARRIVAL,SHORT_BSR,0,0
1785620940.340126,826,7,HIGH_DATA_ARRIVAL,SHORT_BSR,0,0
1785620940.340126,920,7,T_PERIODIC_EXPIRY_BSR | HIGH_DATA_ARRIVAL,SHORT_BSR,2,26
1785620940.340126,921,7,T_PERIODIC_EXPIRY_BSR,SHORT_BSR,2,27
1785620940.340126,922,8,T_PERIODIC_EXPIRY_BSR,SHORT_BSR,2,26
1785620940.340126,923,8,T_PERIODIC_EXPIRY_BSR,SHORT_BSR,2,26
1785620940.340126,924,8,T_PERIODIC_EXPIRY_BSR,SHORT_BSR,2,27
1785620940.340126,925,8,T_PERIODIC_EXPIRY_BSR,SHORT_BSR,2,28
1785620940.340126,926,7,T_PERIODIC_EXPIRY_BSR,SHORT_BSR,2,29
1785620940.340126,927,7,T_PERIODIC_EXPIRY_BSR,SHORT_BSR,2,29
1785620940.340126,928,7,T_PERIODIC_EXPIRY_BSR,SHORT_BSR,2,29
1785620940.340126,929,7,T_PERIODIC_EXPIRY_BSR,SHORT_BSR,2,29
1785620940.340126,930,7,T_PERIODIC_EXPIRY_BSR,SHORT_BSR,2,29
1785620940.340126,931,7,T_PERIODIC_EXPIRY_BSR,SHORT_BSR,2,29
1785620940.490120,932,7,T_PERIODIC_EXPIRY_BSR,SHORT_BSR,2,29
1785620940.490120,933,7,T_PERIODIC_EXPIRY_BSR,SHORT_BSR,2,29
1785620940.490120,934,7,T_PERIODIC_EXPIRY_BSR,SHORT_BSR,2,29
1785620940.490120,935,7,T_PERIODIC_EXPIRY_BSR,SHORT_BSR,2,29
1785620940.490120,936,7,T_PERIODIC_EXPIRY_BSR,SHORT_BSR,2,29
1785620940.490120,937,7,T_PERIODIC_EXPIRY_BSR,SHORT_BSR,2,29
1785620940.490120,938,7,T_PERIODIC_EXPIRY_BSR,SHORT_BSR,2,30
1785620940.490120,939,7,T_PERIODIC_EXPIRY_BSR,SHORT_BSR,2,30
1785620940.490120,940,7,T_PERIODIC_EXPIRY_BSR,SHORT_BSR,2,30
1785620940.490120,941,7,T_PERIODIC_EXPIRY_BSR,SHORT_BSR,2,30
1785620940.490120,942,7,T_PERIODIC_EXPIRY_BSR,SHORT_BSR,2,30
1785620940.490120,943,7,T_PERIODIC_EXPIRY_BSR,SHORT_BSR,2,30
1785620940.490120,944,7,T_PERIODIC_EXPIRY_BSR,SHORT_BSR,2,30
1785620940.490120,945,7,T_PERIODIC_EXPIRY_BSR,SHORT_BSR,2,30
1785620940.490120,946,7,T_PERIODIC_EXPIRY_BSR,SHORT_BSR,2,30
1785620940.640119,947,7,T_PERIODIC_EXPIRY_BSR,SHORT_BSR,2,30
1785620940.640119,948,7,T_PERIODIC_EXPIRY_BSR,SHORT_BSR,2,30
1785620940.640119,949,7,T_PERIODIC_EXPIRY_BSR,SHORT_BSR,2,30
1785620940.640119,950,7,T_PERIODIC_EXPIRY_BSR,SHORT_BSR,2,30
1785620940.640119,951,7,T_PERIODIC_EXPIRY_BSR,SHORT_BSR,2,30
1785620940.640119,952,7,T_PERIODIC_EXPIRY_BSR,SHORT_BSR,2,30
1785620940.640119,953,7,T_PERIODIC_EXPIRY_BSR,SHORT_BSR,2,30
1785620940.640119,954,7,T_PERIODIC_EXPIRY_BSR,SHORT_BSR,2,30
1785620940.640119,955,7,T_PERIODIC_EXPIRY_BSR,SHORT_BSR,2,30
1785620940.640119,956,7,T_PERIODIC_EXPIRY_BSR,SHORT_BSR,2,30
1785620940.640119,957,7,T_PERIODIC_EXPIRY_BSR,SHORT_BSR,2,30
1785620940.640119,958,7,T_PERIODIC_EXPIRY_BSR,SHORT_BSR,2,30
1785620940.640119,959,7,T_PERIODIC_EXPIRY_BSR,SHORT_BSR,2,30
1785620940.640119,960,7,T_PERIODIC_EXPIRY_BSR,SHORT_BSR,2,30
1785620940.640119,961,7,T_PERIODIC_EXPIRY_BSR,SHORT_BSR,2,30
1785620940.790130,962,7,T_PERIODIC_EXPIRY_BSR,SHORT_BSR,2,31
1785620940.790130,963,7,T_PERIODIC_EXPIRY_BSR,SHORT_BSR,2,31
1785620940.790130,964,7,T_PERIODIC_EXPIRY_BSR,SHORT_BSR,2,31
1785620940.790130,965,7,T_PERIODIC_EXPIRY_BSR,SHORT_BSR,2,31
1785620940.790130,966,7,T_PERIODIC_EXPIRY_BSR,SHORT_BSR,2,31
1785620940.790130,967,7,T_PERIODIC_EXPIRY_BSR,SHORT_BSR,2,31
1785620940.790130,968,7,T_PERIODIC_EXPIRY_BSR,SHORT_BSR,2,31
1785620940.790130,969,7,T_PERIODIC_EXPIRY_BSR,SHORT_BSR,2,31
1785620940.790130,970,7,T_PERIODIC_EXPIRY_BSR,SHORT_BSR,2,31
1785620940.790130,971,7,T_PERIODIC_EXPIRY_BSR,SHORT_BSR,2,31
1785620940.790130,972,7,T_PERIODIC_EXPIRY_BSR,SHORT_BSR,2,31
1785620940.790130,973,7,T_PERIODIC_EXPIRY_BSR,SHORT_BSR,2,31
1785620940.790130,974,7,T_PERIODIC_EXPIRY_BSR,SHORT_BSR,2,31
1785620940.790130,975,7,T_PERIODIC_EXPIRY_BSR,SHORT_BSR,2,31
1785620940.790130,976,7,T_PERIODIC_EXPIRY_BSR,SHORT_BSR,2,31
1785620940.945107,977,7,T_PERIODIC_EXPIRY_BSR,SHORT_BSR,2,31
1785620940.945107,978,7,T_PERIODIC_EXPIRY_BSR,SHORT_BSR,2,31
1785620940.945107,979,7,T_PERIODIC_EXPIRY_BSR,SHORT_BSR,2,31
1785620940.945107,980,7,T_PERIODIC_EXPIRY_BSR,SHORT_BSR,2,31
1785620940.945107,981,7,T_PERIODIC_EXPIRY_BSR,SHORT_BSR,2,31
1785620940.945107,982,7,T_PERIODIC_EXPIRY_BSR,SHORT_BSR,2,31
1785620940.945107,983,7,T_PERIODIC_EXPIRY_BSR,SHORT_BSR,2,31
1785620940.945107,984,7,T_PERIODIC_EXPIRY_BSR,SHORT_BSR,2,31
1785620940.945107,985,17,T_PERIODIC_EXPIRY_BSR,SHORT_BSR,2,31
1785620940.945107,986,17,T_PERIODIC_EXPIRY_BSR,SHORT_BSR,2,31
1785620940.945107,987,17,T_PERIODIC_EXPIRY_BSR,SHORT_BSR,2,31
1785620940.945107,988,17,T_PERIODIC_EXPIRY_BSR,SHORT_BSR,2,31
1785620940.945107,989,17,T_PERIODIC_EXPIRY_BSR,SHORT_BSR,2,31
1785620940.945107,990,17,T_PERIODIC_EXPIRY_BSR,SHORT_BSR,2,31
1785620940.945107,991,17,T_PERIODIC_EXPIRY_BSR,SHORT_BSR,2,31
1785620941.095104,992,17,T_PERIODIC_EXPIRY_BSR,SHORT_BSR,2,31
1785620941.095104,993,17,T_PERIODIC_EXPIRY_BSR,SHORT_BSR,2,31
1785620941.095104,994,17,T_PERIODIC_EXPIRY_BSR,SHORT_BSR,2,31
1785620941.095104,995,17,T_PERIODIC_EXPIRY_BSR,SHORT_BSR,2,31
1785620941.095104,996,17,T_PERIODIC_EXPIRY_BSR,SHORT_BSR,2,31
1785620941.095104,997,17,T_PERIODIC_EXPIRY_BSR,SHORT_BSR,2,31
1785620941.095104,998,17,T_PERIODIC_EXPIRY_BSR,SHORT_BSR,2,31
1785620941.095104,999,17,T_PERIODIC_EXPIRY_BSR,SHORT_BSR,2,31
1785620941.095104,1000,17,T_PERIODIC_EXPIRY_BSR,SHORT_BSR,2,31
1785620941.095104,1001,17,T_PERIODIC_EXPIRY_BSR,SHORT_BSR,2,31
1785620941.095104,1002,17,T_PERIODIC_EXPIRY_BSR,SHORT_BSR,2,31
1785620941.095104,1003,17,T_PERIODIC_EXPIRY_BSR,SHORT_BSR,2,31
1785620941.095104,1004,17,T_PERIODIC_EXPIRY_BSR,SHORT_BSR,2,31
1785620941.095104,1005,17,T_PERIODIC_EXPIRY_BSR,SHORT_BSR,2,31
1785620941.095104,1006,17,T_PERIODIC_EXPIRY_BSR,SHORT_BSR,2,31
1785620941.245109,1007,17,T_PERIODIC_EXPIRY_BSR,SHORT_BSR,2,31
1785620941.245109,1008,17,T_PERIODIC_EXPIRY_BSR,SHORT_BSR,2,31
1785620941.245109,1009,17,T_PERIODIC_EXPIRY_BSR,SHORT_BSR,2,31
1785620941.245109,1010,17,T_PERIODIC_EXPIRY_BSR,SHORT_BSR,2,31
1785620941.245109,1011,17,T_PERIODIC_EXPIRY_BSR,SHORT_BSR,2,31
1785620941.245109,1012,17,T_PERIODIC_EXPIRY_BSR,SHORT_BSR,2,31
1785620941.245109,1013,17,T_PERIODIC_EXPIRY_BSR,SHORT_BSR,2,31
1785620941.245109,1014,17,T_PERIODIC_EXPIRY_BSR,SHORT_BSR,2,31
1785620941.245109,1015,17,T_PERIODIC_EXPIRY_BSR,SHORT_BSR,2,31
1785620941.245109,1016,17,T_PERIODIC_EXPIRY_BSR,SHORT_BSR,2,31
1785620941.245109,1017,17,T_PERIODIC_EXPIRY_BSR,SHORT_BSR,2,31
1785620941.245109,1018,17,T_PERIODIC_EXPIRY_BSR,SHORT_BSR,2,31
1785620941.245109,1019,17,T_PERIODIC_EXPIRY_BSR,SHORT_BSR,2,31
1785620941.245109,1020,17,T_PERIODIC_EXPIRY_BSR,SHORT_BSR,2,31
1785620941.245109,1021,17,T_PERIODIC_EXPIRY_BSR,SHORT_BSR,2,31
1785620941.400734,1022,17,T_PERIODIC_EXPIRY_BSR,SHORT_BSR,2,31
1785620941.400734,1023,17,T_PERIODIC_EXPIRY_BSR,SHORT_BSR,2,31
1785620941.400734,0,17,T_PERIODIC_EXPIRY_BSR,SHORT_BSR,2,31
1785620941.400734,1,17,T_PERIODIC_EXPIRY_BSR,SHORT_BSR,2,31
1785620941.400734,2,17,T_PERIODIC_EXPIRY_BSR,SHORT_BSR,2,31
1785620941.400734,3,19,T_PERIODIC_EXPIRY_BSR,SHORT_BSR,2,31
1785620941.400734,4,19,T_PERIODIC_EXPIRY_BSR,SHORT_BSR,2,31
1785620941.400734,5,19,T_PERIODIC_EXPIRY_BSR,SHORT_BSR,2,31
1785620941.400734,6,19,T_PERIODIC_EXPIRY_BSR,SHORT_BSR,2,31
1785620941.400734,7,19,T_PERIODIC_EXPIRY_BSR,SHORT_BSR,2,31
1785620941.400734,8,19,T_PERIODIC_EXPIRY_BSR,SHORT_BSR,2,31
1785620941.400734,9,19,T_PERIODIC_EXPIRY_BSR,SHORT_BSR,2,31
1785620941.400734,10,19,T_PERIODIC_EXPIRY_BSR,SHORT_BSR,2,31
1785620941.400734,12,9,T_PERIODIC_EXPIRY_BSR,SHORT_BSR,2,31
1785620941.400734,13,9,T_PERIODIC_EXPIRY_BSR,SHORT_BSR,2,31
1785620941.550730,14,9,T_PERIODIC_EXPIRY_BSR,SHORT_BSR,2,31
1785620941.550730,15,9,T_PERIODIC_EXPIRY_BSR,SHORT_BSR,2,31
1785620941.550730,16,9,T_PERIODIC_EXPIRY_BSR,SHORT_BSR,2,31
1785620941.550730,17,9,T_PERIODIC_EXPIRY_BSR,SHORT_BSR,2,31
1785620941.550730,18,9,T_PERIODIC_EXPIRY_BSR,SHORT_BSR,2,31
1785620941.550730,19,9,T_PERIODIC_EXPIRY_BSR,SHORT_BSR,2,31
1785620941.550730,20,9,T_PERIODIC_EXPIRY_BSR,SHORT_BSR,2,31
1785620941.550730,21,9,T_PERIODIC_EXPIRY_BSR,SHORT_BSR,2,31
1785620941.550730,22,9,T_PERIODIC_EXPIRY_BSR,SHORT_BSR,2,31
1785620941.550730,23,9,T_PERIODIC_EXPIRY_BSR,SHORT_BSR,2,31
1785620941.550730,24,9,T_PERIODIC_EXPIRY_BSR,SHORT_BSR,2,31
1785620941.550730,25,9,T_PERIODIC_EXPIRY_BSR,SHORT_BSR,2,31
1785620941.550730,26,9,T_PERIODIC_EXPIRY_BSR,SHORT_BSR,2,31
1785620941.550730,27,9,T_PERIODIC_EXPIRY_BSR,SHORT_BSR,2,31
1785620941.550730,28,9,T_PERIODIC_EXPIRY_BSR,SHORT_BSR,2,31
1785620941.700727,29,9,T_PERIODIC_EXPIRY_BSR,SHORT_BSR,2,31
1785620941.700727,30,9,T_PERIODIC_EXPIRY_BSR,SHORT_BSR,2,31
1785620941.700727,31,9,T_PERIODIC_EXPIRY_BSR,SHORT_BSR,2,31
1785620941.700727,32,9,T_PERIODIC_EXPIRY_BSR,SHORT_BSR,2,31
1785620941.700727,33,9,T_PERIODIC_EXPIRY_BSR,SHORT_BSR,2,31
1785620941.700727,34,9,T_PERIODIC_EXPIRY_BSR,SHORT_BSR,2,31
1785620941.700727,35,9,T_PERIODIC_EXPIRY_BSR,SHORT_BSR,2,31
1785620941.700727,36,9,T_PERIODIC_EXPIRY_BSR,SHORT_BSR,2,31
1785620941.700727,37,9,T_PERIODIC_EXPIRY_BSR,SHORT_BSR,2,31
1785620941.700727,38,9,T_PERIODIC_EXPIRY_BSR,SHORT_BSR,2,31
1785620941.700727,39,9,T_PERIODIC_EXPIRY_BSR,SHORT_BSR,2,31
1785620941.700727,40,9,T_PERIODIC_EXPIRY_BSR,SHORT_BSR,2,31
1785620941.700727,41,9,T_PERIODIC_EXPIRY_BSR,SHORT_BSR,2,31
1785620941.700727,42,9,T_PERIODIC_EXPIRY_BSR,SHORT_BSR,2,31
1785620941.700727,43,9,T_PERIODIC_EXPIRY_BSR,SHORT_BSR,2,31
1785620941.850733,44,9,T_PERIODIC_EXPIRY_BSR,SHORT_BSR,2,31
1785620941.850733,45,9,T_PERIODIC_EXPIRY_BSR,SHORT_BSR,2,31
1785620941.850733,46,9,T_PERIODIC_EXPIRY_BSR,SHORT_BSR,2,31
1785620941.850733,47,9,T_PERIODIC_EXPIRY_BSR,SHORT_BSR,2,31
1785620941.850733,48,9,T_PERIODIC_EXPIRY_BSR,SHORT_BSR,2,31
1785620941.850733,49,9,T_PERIODIC_EXPIRY_BSR,SHORT_BSR,2,31
1785620941.850733,50,9,T_PERIODIC_EXPIRY_BSR,SHORT_BSR,2,31
1785620941.850733,51,9,T_PERIODIC_EXPIRY_BSR,SHORT_BSR,2,31
1785620941.850733,52,9,T_PERIODIC_EXPIRY_BSR,SHORT_BSR,2,31
1785620941.850733,53,9,T_PERIODIC_EXPIRY_BSR,SHORT_BSR,2,31
1785620941.850733,54,9,T_PERIODIC_EXPIRY_BSR,SHORT_BSR,2,31
1785620941.850733,55,9,T_PERIODIC_EXPIRY_BSR,SHORT_BSR,2,31
1785620941.850733,56,9,T_PERIODIC_EXPIRY_BSR,SHORT_BSR,2,31
1785620941.850733,57,9,T_PERIODIC_EXPIRY_BSR,SHORT_BSR,2,31
1785620941.850733,58,9,T_PERIODIC_EXPIRY_BSR,SHORT_BSR,2,31
1785620942.000729,59,9,T_PERIODIC_EXPIRY_BSR,SHORT_BSR,2,31
1785620942.000729,60,9,T_PERIODIC_EXPIRY_BSR,SHORT_BSR,2,31
1785620942.000729,61,9,T_PERIODIC_EXPIRY_BSR,SHORT_BSR,2,31
1785620942.000729,62,9,T_PERIODIC_EXPIRY_BSR,SHORT_BSR,2,31
1785620942.000729,63,9,T_PERIODIC_EXPIRY_BSR,SHORT_BSR,2,31
1785620942.000729,64,9,T_PERIODIC_EXPIRY_BSR,SHORT_BSR,2,31
1785620942.000729,65,9,T_PERIODIC_EXPIRY_BSR,SHORT_BSR,2,31
1785620942.000729,66,9,T_PERIODIC_EXPIRY_BSR,SHORT_BSR,2,31
1785620942.000729,67,9,T_PERIODIC_EXPIRY_BSR,SHORT_BSR,2,31
1785620942.000729,68,9,T_PERIODIC_EXPIRY_BSR,SHORT_BSR,2,31
1785620942.000729,69,9,T_PERIODIC_EXPIRY_BSR,SHORT_BSR,2,31
1785620942.000729,70,9,T_PERIODIC_EXPIRY_BSR,SHORT_BSR,2,31
1785620942.000729,71,9,T_PERIODIC_EXPIRY_BSR,SHORT_BSR,2,31
1785620942.000729,72,9,T_PERIODIC_EXPIRY_BSR,SHORT_BSR,2,31
1785620942.000729,73,9,T_PERIODIC_EXPIRY_BSR,SHORT_BSR,2,31
1785620942.150729,74,9,T_PERIODIC_EXPIRY_BSR,SHORT_BSR,2,31
1785620942.150729,75,9,T_PERIODIC_EXPIRY_BSR,SHORT_BSR,2,31
1785620942.150729,76,9,T_PERIODIC_EXPIRY_BSR,SHORT_BSR,2,31
1785620942.150729,77,9,T_PERIODIC_EXPIRY_BSR,SHORT_BSR,2,31
1785620942.150729,78,9,T_PERIODIC_EXPIRY_BSR,SHORT_BSR,2,31
1785620942.150729,79,9,T_PERIODIC_EXPIRY_BSR,SHORT_BSR,2,31
1785620942.150729,80,9,T_PERIODIC_EXPIRY_BSR,SHORT_BSR,2,31
1785620942.150729,81,9,T_PERIODIC_EXPIRY_BSR,SHORT_BSR,2,31
1785620942.150729,82,9,T_PERIODIC_EXPIRY_BSR,SHORT_BSR,2,31
1785620942.150729,83,9,T_PERIODIC_EXPIRY_BSR,SHORT_BSR,2,31
1785620942.150729,84,9,T_PERIODIC_EXPIRY_BSR,SHORT_BSR,2,31
1785620942.150729,85,9,T_PERIODIC_EXPIRY_BSR,SHORT_BSR,2,31
1785620942.150729,86,9,T_PERIODIC_EXPIRY_BSR,SHORT_BSR,2,31
1785620942.150729,87,9,T_PERIODIC_EXPIRY_BSR,SHORT_BSR,2,31
1785620942.150729,88,9,T_PERIODIC_EXPIRY_BSR,SHORT_BSR,2,31
1785620942.300733,89,9,T_PERIODIC_EXPIRY_BSR,SHORT_BSR,2,31
1785620942.300733,90,9,T_PERIODIC_EXPIRY_BSR,SHORT_BSR,2,31
1785620942.300733,91,9,T_PERIODIC_EXPIRY_BSR,SHORT_BSR,2,31
1785620942.300733,92,9,T_PERIODIC_EXPIRY_BSR,SHORT_BSR,2,31
1785620942.300733,93,9,T_PERIODIC_EXPIRY_BSR,SHORT_BSR,2,31
1785620942.300733,94,9,T_PERIODIC_EXPIRY_BSR,SHORT_BSR,2,31
1785620942.300733,95,9,T_PERIODIC_EXPIRY_BSR,SHORT_BSR,2,31
1785620942.300733,96,9,T_PERIODIC_EXPIRY_BSR,SHORT_BSR,2,31
1785620942.300733,97,9,T_PERIODIC_EXPIRY_BSR,SHORT_BSR,2,31
1785620942.300733,98,9,T_PERIODIC_EXPIRY_BSR,SHORT_BSR,2,31
1785620942.300733,99,9,T_PERIODIC_EXPIRY_BSR,SHORT_BSR,2,31
1785620942.300733,100,9,T_PERIODIC_EXPIRY_BSR,SHORT_BSR,2,31
1785620942.300733,101,9,T_PERIODIC_EXPIRY_BSR,SHORT_BSR,2,31
1785620942.300733,102,9,T_PERIODIC_EXPIRY_BSR,SHORT_BSR,2,31
1785620942.300733,103,9,T_PERIODIC_EXPIRY_BSR,SHORT_BSR,2,31
1785620942.450730,104,9,T_PERIODIC_EXPIRY_BSR,SHORT_BSR,2,31
1785620942.450730,105,9,T_PERIODIC_EXPIRY_BSR,SHORT_BSR,2,31
1785620942.450730,106,9,T_PERIODIC_EXPIRY_BSR,SHORT_BSR,2,31
1785620942.450730,107,9,T_PERIODIC_EXPIRY_BSR,SHORT_BSR,2,31
1785620942.450730,108,9,T_PERIODIC_EXPIRY_BSR,SHORT_BSR,2,31
1785620942.450730,109,9,T_PERIODIC_EXPIRY_BSR,SHORT_BSR,2,31
1785620942.450730,110,9,T_PERIODIC_EXPIRY_BSR,SHORT_BSR,2,31
1785620942.450730,111,9,T_PERIODIC_EXPIRY_BSR,SHORT_BSR,2,31
1785620942.450730,112,9,T_PERIODIC_EXPIRY_BSR,SHORT_BSR,2,31
1785620942.450730,113,9,T_PERIODIC_EXPIRY_BSR,SHORT_BSR,2,31
1785620942.450730,114,9,T_PERIODIC_EXPIRY_BSR,SHORT_BSR,2,31
1785620942.450730,115,9,T_PERIODIC_EXPIRY_BSR,SHORT_BSR,2,31
1785620942.450730,116,9,T_PERIODIC_EXPIRY_BSR,SHORT_BSR,2,31
1785620942.450730,117,9,T_PERIODIC_EXPIRY_BSR,SHORT_BSR,2,31
1785620942.450730,118,9,T_PERIODIC_EXPIRY_BSR,SHORT_BSR,2,31
1785620942.605100,119,9,T_PERIODIC_EXPIRY_BSR,SHORT_BSR,2,31
1785620942.605100,120,9,T_PERIODIC_EXPIRY_BSR,SHORT_BSR,2,31
1785620942.605100,121,9,T_PERIODIC_EXPIRY_BSR,SHORT_BSR,2,31
1785620942.605100,122,9,T_PERIODIC_EXPIRY_BSR,SHORT_BSR,2,31
1785620942.605100,123,9,T_PERIODIC_EXPIRY_BSR,SHORT_BSR,2,31
1785620942.605100,124,9,T_PERIODIC_EXPIRY_BSR,SHORT_BSR,2,31
1785620942.605100,125,9,T_PERIODIC_EXPIRY_BSR,SHORT_BSR,2,31
1785620942.605100,126,9,T_PERIODIC_EXPIRY_BSR,SHORT_BSR,2,31
1785620942.605100,127,9,T_PERIODIC_EXPIRY_BSR,SHORT_BSR,2,31
1785620942.605100,128,9,T_PERIODIC_EXPIRY_BSR,SHORT_BSR,2,31
1785620942.605100,129,17,T_PERIODIC_EXPIRY_BSR,SHORT_BSR,2,31
1785620942.605100,130,17,T_PERIODIC_EXPIRY_BSR,SHORT_BSR,2,31
1785620942.605100,131,17,T_PERIODIC_EXPIRY_BSR,SHORT_BSR,2,31
1785620942.605100,132,17,T_PERIODIC_EXPIRY_BSR,SHORT_BSR,2,31
1785620942.605100,133,17,T_PERIODIC_EXPIRY_BSR,SHORT_BSR,2,31
1785620942.760122,134,17,T_PERIODIC_EXPIRY_BSR,SHORT_BSR,2,31
1785620942.760122,135,17,T_PERIODIC_EXPIRY_BSR,SHORT_BSR,2,31
1785620942.760122,136,17,T_PERIODIC_EXPIRY_BSR,SHORT_BSR,2,31
1785620942.760122,137,17,T_PERIODIC_EXPIRY_BSR,SHORT_BSR,2,31
1785620942.760122,138,17,T_PERIODIC_EXPIRY_BSR,SHORT_BSR,2,31
1785620942.760122,139,17,T_PERIODIC_EXPIRY_BSR,SHORT_BSR,2,31
1785620942.760122,140,17,T_PERIODIC_EXPIRY_BSR,SHORT_BSR,2,31
1785620942.760122,141,17,T_PERIODIC_EXPIRY_BSR,SHORT_BSR,2,31
1785620942.760122,142,17,T_PERIODIC_EXPIRY_BSR,SHORT_BSR,2,31
1785620942.760122,143,17,T_PERIODIC_EXPIRY_BSR,SHORT_BSR,2,31
1785620942.760122,144,17,T_PERIODIC_EXPIRY_BSR,SHORT_BSR,2,31
1785620942.760122,146,7,T_PERIODIC_EXPIRY_BSR,SHORT_BSR,2,31
1785620942.760122,147,7,T_PERIODIC_EXPIRY_BSR,SHORT_BSR,2,31
1785620942.760122,148,7,T_PERIODIC_EXPIRY_BSR,SHORT_BSR,2,31
1785620942.760122,149,7,T_PERIODIC_EXPIRY_BSR,SHORT_BSR,2,31
1785620942.910125,150,7,T_PERIODIC_EXPIRY_BSR,SHORT_BSR,2,31
1785620942.910125,151,7,T_PERIODIC_EXPIRY_BSR,SHORT_BSR,2,31
1785620942.910125,152,7,T_PERIODIC_EXPIRY_BSR,SHORT_BSR,2,31
1785620942.910125,153,7,T_PERIODIC_EXPIRY_BSR,SHORT_BSR,2,31
1785620942.910125,154,7,T_PERIODIC_EXPIRY_BSR,SHORT_BSR,2,31
1785620942.910125,155,7,T_PERIODIC_EXPIRY_BSR,SHORT_BSR,2,31
1785620942.910125,156,7,T_PERIODIC_EXPIRY_BSR,SHORT_BSR,2,31
1785620942.910125,157,7,T_PERIODIC_EXPIRY_BSR,SHORT_BSR,2,31
1785620942.910125,158,7,T_PERIODIC_EXPIRY_BSR,SHORT_BSR,2,31
1785620942.910125,159,7,T_PERIODIC_EXPIRY_BSR,SHORT_BSR,2,31
1785620942.910125,160,7,T_PERIODIC_EXPIRY_BSR,SHORT_BSR,2,31
1785620942.910125,161,7,T_PERIODIC_EXPIRY_BSR,SHORT_BSR,2,31
1785620942.910125,162,7,T_PERIODIC_EXPIRY_BSR,SHORT_BSR,2,31
1785620942.910125,163,7,T_PERIODIC_EXPIRY_BSR,SHORT_BSR,2,31
1785620942.910125,164,7,T_PERIODIC_EXPIRY_BSR,SHORT_BSR,2,31
1785620943.060116,165,7,T_PERIODIC_EXPIRY_BSR,SHORT_BSR,2,31
1785620943.060116,166,7,T_PERIODIC_EXPIRY_BSR,SHORT_BSR,2,31
1785620943.060116,167,7,T_PERIODIC_EXPIRY_BSR,SHORT_BSR,2,31
1785620943.060116,168,7,T_PERIODIC_EXPIRY_BSR,SHORT_BSR,2,31
1785620943.060116,169,7,T_PERIODIC_EXPIRY_BSR,SHORT_BSR,2,31
1785620943.060116,170,7,T_PERIODIC_EXPIRY_BSR,SHORT_BSR,2,31
1785620943.060116,171,7,T_PERIODIC_EXPIRY_BSR,SHORT_BSR,2,31
1785620943.060116,172,7,T_PERIODIC_EXPIRY_BSR,SHORT_BSR,2,31
1785620943.060116,173,7,T_PERIODIC_EXPIRY_BSR,SHORT_BSR,2,31
1785620943.060116,174,7,T_PERIODIC_EXPIRY_BSR,SHORT_BSR,2,31
1785620943.060116,175,7,T_PERIODIC_EXPIRY_BSR,SHORT_BSR,2,31
1785620943.060116,176,7,T_PERIODIC_EXPIRY_BSR,SHORT_BSR,2,31
1785620943.060116,177,7,T_PERIODIC_EXPIRY_BSR,SHORT_BSR,2,31
1785620943.060116,178,7,T_PERIODIC_EXPIRY_BSR,SHORT_BSR,2,31
1785620943.060116,179,7,T_PERIODIC_EXPIRY_BSR,SHORT_BSR,2,31
1785620943.210118,180,7,T_PERIODIC_EXPIRY_BSR,SHORT_BSR,2,31
1785620943.210118,181,7,T_PERIODIC_EXPIRY_BSR,SHORT_BSR,2,31
1785620943.210118,182,7,T_PERIODIC_EXPIRY_BSR,SHORT_BSR,2,31
1785620943.210118,183,7,T_PERIODIC_EXPIRY_BSR,SHORT_BSR,2,31
1785620943.210118,184,7,T_PERIODIC_EXPIRY_BSR,SHORT_BSR,2,31
1785620943.210118,185,7,T_PERIODIC_EXPIRY_BSR,SHORT_BSR,2,31
1785620943.210118,186,7,T_PERIODIC_EXPIRY_BSR,SHORT_BSR,2,31
1785620943.210118,187,7,T_PERIODIC_EXPIRY_BSR,SHORT_BSR,2,31
1785620943.210118,188,7,T_PERIODIC_EXPIRY_BSR,SHORT_BSR,2,31
1785620943.210118,189,7,T_PERIODIC_EXPIRY_BSR,SHORT_BSR,2,31
1785620943.210118,190,7,T_PERIODIC_EXPIRY_BSR,SHORT_BSR,2,31
1785620943.210118,191,7,T_PERIODIC_EXPIRY_BSR,SHORT_BSR,2,31
1785620943.210118,192,7,T_PERIODIC_EXPIRY_BSR,SHORT_BSR,2,31
1785620943.210118,193,7,T_PERIODIC_EXPIRY_BSR,SHORT_BSR,2,31
1785620943.210118,194,7,T_PERIODIC_EXPIRY_BSR,SHORT_BSR,2,31
1785620943.360727,195,7,T_PERIODIC_EXPIRY_BSR,SHORT_BSR,2,31
1785620943.360727,196,7,T_PERIODIC_EXPIRY_BSR,SHORT_BSR,2,31
1785620943.360727,197,7,T_PERIODIC_EXPIRY_BSR,SHORT_BSR,2,31
1785620943.360727,198,7,T_PERIODIC_EXPIRY_BSR,SHORT_BSR,2,31
1785620943.360727,199,7,T_PERIODIC_EXPIRY_BSR,SHORT_BSR,2,31
1785620943.360727,200,7,T_PERIODIC_EXPIRY_BSR,SHORT_BSR,2,31
1785620943.360727,201,9,T_PERIODIC_EXPIRY_BSR,SHORT_BSR,2,31
1785620943.360727,202,9,T_PERIODIC_EXPIRY_BSR,SHORT_BSR,2,31
1785620943.360727,203,9,T_PERIODIC_EXPIRY_BSR,SHORT_BSR,2,31
1785620943.360727,204,9,T_PERIODIC_EXPIRY_BSR,SHORT_BSR,2,31
1785620943.360727,205,9,T_PERIODIC_EXPIRY_BSR,SHORT_BSR,2,31
1785620943.360727,206,9,T_PERIODIC_EXPIRY_BSR,SHORT_BSR,2,31
1785620943.360727,207,9,T_PERIODIC_EXPIRY_BSR,SHORT_BSR,2,31
1785620943.360727,208,9,T_PERIODIC_EXPIRY_BSR,SHORT_BSR,2,31
1785620943.360727,209,9,T_PERIODIC_EXPIRY_BSR,SHORT_BSR,2,31
1785620943.520119,210,9,T_PERIODIC_EXPIRY_BSR,SHORT_BSR,2,31
1785620943.520119,211,9,T_PERIODIC_EXPIRY_BSR,SHORT_BSR,2,31
1785620943.520119,212,9,T_PERIODIC_EXPIRY_BSR,SHORT_BSR,2,31
1785620943.520119,213,9,T_PERIODIC_EXPIRY_BSR,SHORT_BSR,2,31
1785620943.520119,214,9,T_PERIODIC_EXPIRY_BSR,SHORT_BSR,2,31
1785620943.520119,215,9,T_PERIODIC_EXPIRY_BSR,SHORT_BSR,2,31
1785620943.520119,216,9,T_PERIODIC_EXPIRY_BSR,SHORT_BSR,2,31
1785620943.520119,217,9,T_PERIODIC_EXPIRY_BSR,SHORT_BSR,2,31
1785620943.520119,218,9,T_PERIODIC_EXPIRY_BSR,SHORT_BSR,2,31
1785620943.520119,219,9,T_PERIODIC_EXPIRY_BSR,SHORT_BSR,2,31
1785620943.520119,220,9,T_PERIODIC_EXPIRY_BSR,SHORT_BSR,2,31
1785620943.520119,221,9,T_PERIODIC_EXPIRY_BSR,SHORT_BSR,2,31
1785620943.520119,223,7,T_PERIODIC_EXPIRY_BSR,SHORT_BSR,2,31
1785620943.520119,224,7,T_PERIODIC_EXPIRY_BSR,SHORT_BSR,2,31
1785620943.520119,225,7,T_PERIODIC_EXPIRY_BSR,SHORT_BSR,2,31
1785620943.670125,226,7,T_PERIODIC_EXPIRY_BSR,SHORT_BSR,2,31
1785620943.670125,227,7,T_PERIODIC_EXPIRY_BSR,SHORT_BSR,2,31
1785620943.670125,228,7,T_PERIODIC_EXPIRY_BSR,SHORT_BSR,2,31
1785620943.670125,229,7,T_PERIODIC_EXPIRY_BSR,SHORT_BSR,2,31
1785620943.670125,230,7,T_PERIODIC_EXPIRY_BSR,SHORT_BSR,2,31
1785620943.670125,231,7,T_PERIODIC_EXPIRY_BSR,SHORT_BSR,2,31
1785620943.670125,232,7,T_PERIODIC_EXPIRY_BSR,SHORT_BSR,2,31
1785620943.670125,233,7,T_PERIODIC_EXPIRY_BSR,SHORT_BSR,2,31
1785620943.670125,234,7,T_PERIODIC_EXPIRY_BSR,SHORT_BSR,2,31
1785620943.670125,235,7,T_PERIODIC_EXPIRY_BSR,SHORT_BSR,2,31
1785620943.670125,236,7,T_PERIODIC_EXPIRY_BSR,SHORT_BSR,2,31
1785620943.670125,237,7,T_PERIODIC_EXPIRY_BSR,SHORT_BSR,2,31
1785620943.670125,238,7,T_PERIODIC_EXPIRY_BSR,SHORT_BSR,2,31
1785620943.670125,239,7,T_PERIODIC_EXPIRY_BSR,SHORT_BSR,2,31
1785620943.670125,240,7,T_PERIODIC_EXPIRY_BSR,SHORT_BSR,2,31
1785620943.820119,241,7,T_PERIODIC_EXPIRY_BSR,SHORT_BSR,2,31
1785620943.820119,242,7,T_PERIODIC_EXPIRY_BSR,SHORT_BSR,2,31
1785620943.820119,243,7,T_PERIODIC_EXPIRY_BSR,SHORT_BSR,2,31
1785620943.820119,244,7,T_PERIODIC_EXPIRY_BSR,SHORT_BSR,2,31
1785620943.820119,245,7,T_PERIODIC_EXPIRY_BSR,SHORT_BSR,2,31
1785620943.820119,246,7,T_PERIODIC_EXPIRY_BSR,SHORT_BSR,2,31
1785620943.820119,247,7,T_PERIODIC_EXPIRY_BSR,SHORT_BSR,2,31
1785620943.820119,248,7,T_PERIODIC_EXPIRY_BSR,SHORT_BSR,2,31
1785620943.820119,249,7,T_PERIODIC_EXPIRY_BSR,SHORT_BSR,2,31
1785620943.820119,250,7,T_PERIODIC_EXPIRY_BSR,SHORT_BSR,2,31
1785620943.820119,251,7,T_PERIODIC_EXPIRY_BSR,SHORT_BSR,2,31
1785620943.820119,252,7,T_PERIODIC_EXPIRY_BSR,SHORT_BSR,2,31
1785620943.820119,253,7,T_PERIODIC_EXPIRY_BSR,SHORT_BSR,2,31
1785620943.820119,254,7,T_PERIODIC_EXPIRY_BSR,SHORT_BSR,2,31
1785620943.820119,255,7,T_PERIODIC_EXPIRY_BSR,SHORT_BSR,2,31
1785620943.975102,256,7,T_PERIODIC_EXPIRY_BSR,SHORT_BSR,2,31
1785620943.975102,257,7,T_PERIODIC_EXPIRY_BSR,SHORT_BSR,2,31
1785620943.975102,258,7,T_PERIODIC_EXPIRY_BSR,SHORT_BSR,2,31
1785620943.975102,259,7,T_PERIODIC_EXPIRY_BSR,SHORT_BSR,2,31
1785620943.975102,260,7,T_PERIODIC_EXPIRY_BSR,SHORT_BSR,2,31
1785620943.975102,261,7,T_PERIODIC_EXPIRY_BSR,SHORT_BSR,2,31
1785620943.975102,262,7,T_PERIODIC_EXPIRY_BSR,SHORT_BSR,2,31
1785620943.975102,263,17,T_PERIODIC_EXPIRY_BSR,SHORT_BSR,2,31
1785620943.975102,264,17,T_PERIODIC_EXPIRY_BSR,SHORT_BSR,2,31
1785620943.975102,265,17,T_PERIODIC_EXPIRY_BSR,SHORT_BSR,2,31
1785620943.975102,266,17,T_PERIODIC_EXPIRY_BSR,SHORT_BSR,2,31
1785620943.975102,267,17,T_PERIODIC_EXPIRY_BSR,SHORT_BSR,2,31
1785620943.975102,268,17,T_PERIODIC_EXPIRY_BSR,SHORT_BSR,2,31
1785620943.975102,269,17,T_PERIODIC_EXPIRY_BSR,SHORT_BSR,2,31
1785620943.975102,270,17,T_PERIODIC_EXPIRY_BSR,SHORT_BSR,2,31
1785620944.130118,271,17,T_PERIODIC_EXPIRY_BSR,SHORT_BSR,2,31
1785620944.130118,272,17,T_PERIODIC_EXPIRY_BSR,SHORT_BSR,2,31
1785620944.130118,273,17,T_PERIODIC_EXPIRY_BSR,SHORT_BSR,2,31
1785620944.130118,274,17,T_PERIODIC_EXPIRY_BSR,SHORT_BSR,2,31
1785620944.130118,275,17,T_PERIODIC_EXPIRY_BSR,SHORT_BSR,2,31
1785620944.130118,276,17,T_PERIODIC_EXPIRY_BSR,SHORT_BSR,2,31
1785620944.130118,277,17,T_PERIODIC_EXPIRY_BSR,SHORT_BSR,2,31
1785620944.130118,279,7,T_PERIODIC_EXPIRY_BSR,SHORT_BSR,2,31
1785620944.130118,280,7,T_PERIODIC_EXPIRY_BSR,SHORT_BSR,2,31
1785620944.130118,281,7,T_PERIODIC_EXPIRY_BSR,SHORT_BSR,2,31
1785620944.130118,282,7,T_PERIODIC_EXPIRY_BSR,SHORT_BSR,2,31
1785620944.130118,283,7,T_PERIODIC_EXPIRY_BSR,SHORT_BSR,2,31
1785620944.130118,284,7,T_PERIODIC_EXPIRY_BSR,SHORT_BSR,2,31
1785620944.130118,285,7,T_PERIODIC_EXPIRY_BSR,SHORT_BSR,2,31
1785620944.130118,286,7,T_PERIODIC_EXPIRY_BSR,SHORT_BSR,2,31
1785620944.280126,287,7,T_PERIODIC_EXPIRY_BSR,SHORT_BSR,2,31
1785620944.280126,288,7,T_PERIODIC_EXPIRY_BSR,SHORT_BSR,2,31
1785620944.280126,289,7,T_PERIODIC_EXPIRY_BSR,SHORT_BSR,2,31
1785620944.280126,290,7,T_PERIODIC_EXPIRY_BSR,SHORT_BSR,2,31
1785620944.280126,291,7,T_PERIODIC_EXPIRY_BSR,SHORT_BSR,2,31
1785620944.280126,292,7,T_PERIODIC_EXPIRY_BSR,SHORT_BSR,2,31
1785620944.280126,293,7,T_PERIODIC_EXPIRY_BSR,SHORT_BSR,2,31
1785620944.280126,294,7,T_PERIODIC_EXPIRY_BSR,SHORT_BSR,2,31
1785620944.280126,295,7,T_PERIODIC_EXPIRY_BSR,SHORT_BSR,2,31
1785620944.280126,296,7,T_PERIODIC_EXPIRY_BSR,SHORT_BSR,2,31
1785620944.280126,297,7,T_PERIODIC_EXPIRY_BSR,SHORT_BSR,2,31
1785620944.280126,298,7,T_PERIODIC_EXPIRY_BSR,SHORT_BSR,2,31
1785620944.280126,299,7,T_PERIODIC_EXPIRY_BSR,SHORT_BSR,2,31
1785620944.280126,300,7,T_PERIODIC_EXPIRY_BSR,SHORT_BSR,2,31
1785620944.280126,301,7,T_PERIODIC_EXPIRY_BSR,SHORT_BSR,2,31
1785620944.435726,302,7,T_PERIODIC_EXPIRY_BSR,SHORT_BSR,2,31
1785620944.435726,303,7,T_PERIODIC_EXPIRY_BSR,SHORT_BSR,2,31
1785620944.435726,304,9,T_PERIODIC_EXPIRY_BSR,SHORT_BSR,2,31
1785620944.435726,305,9,T_PERIODIC_EXPIRY_BSR,SHORT_BSR,2,31
1785620944.435726,306,9,T_PERIODIC_EXPIRY_BSR,SHORT_BSR,2,31
1785620944.435726,307,9,T_PERIODIC_EXPIRY_BSR,SHORT_BSR,2,31
1785620944.435726,308,9,T_PERIODIC_EXPIRY_BSR,SHORT_BSR,2,31
1785620944.435726,309,9,T_PERIODIC_EXPIRY_BSR,SHORT_BSR,2,31
1785620944.435726,310,9,T_PERIODIC_EXPIRY_BSR,SHORT_BSR,2,31
1785620944.435726,311,9,T_PERIODIC_EXPIRY_BSR,SHORT_BSR,2,31
1785620944.435726,312,17,T_PERIODIC_EXPIRY_BSR,SHORT_BSR,2,31
1785620944.435726,313,17,T_PERIODIC_EXPIRY_BSR,SHORT_BSR,2,31
1785620944.435726,314,19,T_PERIODIC_EXPIRY_BSR,SHORT_BSR,2,31
1785620944.435726,315,19,T_PERIODIC_EXPIRY_BSR,SHORT_BSR,2,31
1785620944.435726,316,19,T_PERIODIC_EXPIRY_BSR,SHORT_BSR,2,31
1785620944.585725,317,19,T_PERIODIC_EXPIRY_BSR,SHORT_BSR,2,31
1785620944.585725,318,19,T_PERIODIC_EXPIRY_BSR,SHORT_BSR,2,31
1785620944.585725,319,19,T_PERIODIC_EXPIRY_BSR,SHORT_BSR,2,31
1785620944.585725,320,19,T_PERIODIC_EXPIRY_BSR,SHORT_BSR,2,31
1785620944.585725,321,19,T_PERIODIC_EXPIRY_BSR,SHORT_BSR,2,31
1785620944.585725,322,19,T_PERIODIC_EXPIRY_BSR,SHORT_BSR,2,31
1785620944.585725,323,19,T_PERIODIC_EXPIRY_BSR,SHORT_BSR,2,31
1785620944.585725,324,19,T_PERIODIC_EXPIRY_BSR,SHORT_BSR,2,31
1785620944.585725,325,19,T_PERIODIC_EXPIRY_BSR,SHORT_BSR,2,31
1785620944.585725,326,19,T_PERIODIC_EXPIRY_BSR,SHORT_BSR,2,31
1785620944.585725,327,19,T_PERIODIC_EXPIRY_BSR,SHORT_BSR,2,31
1785620944.585725,328,19,T_PERIODIC_EXPIRY_BSR,SHORT_BSR,2,31
1785620944.585725,329,19,T_PERIODIC_EXPIRY_BSR,SHORT_BSR,2,31
1785620944.585725,330,19,T_PERIODIC_EXPIRY_BSR,SHORT_BSR,2,31
1785620944.585725,331,19,T_PERIODIC_EXPIRY_BSR,SHORT_BSR,2,31
1785620944.735729,332,19,T_PERIODIC_EXPIRY_BSR,SHORT_BSR,2,31
1785620944.735729,333,19,T_PERIODIC_EXPIRY_BSR,SHORT_BSR,2,31
1785620944.735729,334,19,T_PERIODIC_EXPIRY_BSR,SHORT_BSR,2,31
1785620944.735729,335,19,T_PERIODIC_EXPIRY_BSR,SHORT_BSR,2,31
1785620944.735729,336,19,T_PERIODIC_EXPIRY_BSR,SHORT_BSR,2,31
1785620944.735729,337,19,T_PERIODIC_EXPIRY_BSR,SHORT_BSR,2,31
1785620944.735729,338,19,T_PERIODIC_EXPIRY_BSR,SHORT_BSR,2,31
1785620944.735729,339,19,T_PERIODIC_EXPIRY_BSR,SHORT_BSR,2,31
1785620944.735729,340,19,T_PERIODIC_EXPIRY_BSR,SHORT_BSR,2,31
1785620944.735729,341,19,T_PERIODIC_EXPIRY_BSR,SHORT_BSR,2,31
1785620944.735729,342,19,T_PERIODIC_EXPIRY_BSR,SHORT_BSR,2,31
1785620944.735729,343,19,T_PERIODIC_EXPIRY_BSR,SHORT_BSR,2,31
1785620944.735729,344,19,T_PERIODIC_EXPIRY_BSR,SHORT_BSR,2,31
1785620944.735729,345,19,T_PERIODIC_EXPIRY_BSR,SHORT_BSR,2,31
1785620944.735729,346,19,T_PERIODIC_EXPIRY_BSR,SHORT_BSR,2,31
1785620944.885724,347,19,T_PERIODIC_EXPIRY_BSR,SHORT_BSR,2,31
1785620944.885724,348,19,T_PERIODIC_EXPIRY_BSR,SHORT_BSR,2,31
1785620944.885724,349,19,T_PERIODIC_EXPIRY_BSR,SHORT_BSR,2,31
1785620944.885724,350,19,T_PERIODIC_EXPIRY_BSR,SHORT_BSR,2,31
1785620944.885724,351,19,T_PERIODIC_EXPIRY_BSR,SHORT_BSR,2,31
1785620944.885724,352,19,T_PERIODIC_EXPIRY_BSR,SHORT_BSR,2,31
1785620944.885724,353,19,T_PERIODIC_EXPIRY_BSR,SHORT_BSR,2,31
1785620944.885724,354,19,T_PERIODIC_EXPIRY_BSR,SHORT_BSR,2,31
1785620944.885724,355,19,T_PERIODIC_EXPIRY_BSR,SHORT_BSR,2,31
1785620944.885724,356,19,T_PERIODIC_EXPIRY_BSR,SHORT_BSR,2,31
1785620944.885724,357,19,T_PERIODIC_EXPIRY_BSR,SHORT_BSR,2,31
1785620944.885724,358,19,T_PERIODIC_EXPIRY_BSR,SHORT_BSR,2,31
1785620944.885724,359,19,T_PERIODIC_EXPIRY_BSR,SHORT_BSR,2,31
1785620944.885724,360,19,T_PERIODIC_EXPIRY_BSR,SHORT_BSR,2,31
1785620944.885724,361,19,T_PERIODIC_EXPIRY_BSR,SHORT_BSR,2,31
1785620945.040118,362,19,T_PERIODIC_EXPIRY_BSR,SHORT_BSR,2,31
1785620945.040118,363,19,T_PERIODIC_EXPIRY_BSR,SHORT_BSR,2,31
1785620945.040118,364,19,T_PERIODIC_EXPIRY_BSR,SHORT_BSR,2,31
1785620945.040118,365,19,T_PERIODIC_EXPIRY_BSR,SHORT_BSR,2,31
1785620945.040118,366,19,T_PERIODIC_EXPIRY_BSR,SHORT_BSR,2,31
1785620945.040118,367,19,T_PERIODIC_EXPIRY_BSR,SHORT_BSR,2,31
1785620945.040118,368,19,T_PERIODIC_EXPIRY_BSR,SHORT_BSR,2,31
1785620945.040118,369,19,T_PERIODIC_EXPIRY_BSR,SHORT_BSR,2,31
1785620945.040118,370,19,T_PERIODIC_EXPIRY_BSR,SHORT_BSR,2,31
1785620945.040118,371,19,T_PERIODIC_EXPIRY_BSR,SHORT_BSR,2,31
1785620945.040118,372,19,T_PERIODIC_EXPIRY_BSR,SHORT_BSR,2,31
1785620945.040118,374,7,T_PERIODIC_EXPIRY_BSR,SHORT_BSR,2,31
1785620945.040118,375,7,T_PERIODIC_EXPIRY_BSR,SHORT_BSR,2,31
1785620945.040118,376,7,T_PERIODIC_EXPIRY_BSR,SHORT_BSR,2,31
1785620945.040118,377,7,T_PERIODIC_EXPIRY_BSR,SHORT_BSR,2,31
1785620945.190115,378,7,T_PERIODIC_EXPIRY_BSR,SHORT_BSR,2,31
1785620945.190115,379,7,T_PERIODIC_EXPIRY_BSR,SHORT_BSR,2,31
1785620945.190115,380,7,T_PERIODIC_EXPIRY_BSR,SHORT_BSR,2,31
1785620945.190115,381,7,T_PERIODIC_EXPIRY_BSR,SHORT_BSR,2,31
1785620945.190115,382,7,T_PERIODIC_EXPIRY_BSR,SHORT_BSR,2,31
1785620945.190115,383,7,T_PERIODIC_EXPIRY_BSR,SHORT_BSR,2,31
1785620945.190115,384,7,T_PERIODIC_EXPIRY_BSR,SHORT_BSR,2,31
1785620945.190115,385,7,T_PERIODIC_EXPIRY_BSR,SHORT_BSR,2,31
1785620945.190115,386,7,T_PERIODIC_EXPIRY_BSR,SHORT_BSR,2,31
1785620945.190115,387,7,T_PERIODIC_EXPIRY_BSR,SHORT_BSR,2,31
1785620945.190115,388,7,T_PERIODIC_EXPIRY_BSR,SHORT_BSR,2,31
1785620945.190115,389,7,T_PERIODIC_EXPIRY_BSR,SHORT_BSR,2,31
1785620945.190115,390,7,T_PERIODIC_EXPIRY_BSR,SHORT_BSR,2,31
1785620945.190115,391,7,T_PERIODIC_EXPIRY_BSR,SHORT_BSR,2,31
1785620945.190115,392,7,T_PERIODIC_EXPIRY_BSR,SHORT_BSR,2,31
1785620945.340111,393,7,T_PERIODIC_EXPIRY_BSR,SHORT_BSR,2,31
1785620945.340111,394,7,T_PERIODIC_EXPIRY_BSR,SHORT_BSR,2,31
1785620945.340111,395,7,T_PERIODIC_EXPIRY_BSR,SHORT_BSR,2,31
1785620945.340111,396,7,T_PERIODIC_EXPIRY_BSR,SHORT_BSR,2,31
1785620945.340111,397,8,T_PERIODIC_EXPIRY_BSR,SHORT_BSR,2,31
1785620945.340111,398,7,T_PERIODIC_EXPIRY_BSR,SHORT_BSR,2,31
1785620945.340111,399,7,T_PERIODIC_EXPIRY_BSR,SHORT_BSR,2,31
1785620945.340111,400,7,T_PERIODIC_EXPIRY_BSR,SHORT_BSR,2,31
1785620945.340111,401,7,T_PERIODIC_EXPIRY_BSR,SHORT_BSR,2,31
1785620945.340111,402,7,T_PERIODIC_EXPIRY_BSR,SHORT_BSR,2,31
1785620945.340111,403,7,T_PERIODIC_EXPIRY_BSR,SHORT_BSR,2,31
1785620945.340111,404,7,T_PERIODIC_EXPIRY_BSR,SHORT_BSR,2,31
1785620945.340111,405,7,T_PERIODIC_EXPIRY_BSR,SHORT_BSR,2,31
1785620945.340111,406,7,T_PERIODIC_EXPIRY_BSR,SHORT_BSR,2,31
1785620945.340111,407,7,T_PERIODIC_EXPIRY_BSR,SHORT_BSR,2,31
1785620945.490367,408,7,T_PERIODIC_EXPIRY_BSR,SHORT_BSR,2,31
1785620945.490367,409,7,T_PERIODIC_EXPIRY_BSR,SHORT_BSR,2,31
1785620945.490367,410,7,T_PERIODIC_EXPIRY_BSR,SHORT_BSR,2,31
1785620945.490367,411,7,T_PERIODIC_EXPIRY_BSR,SHORT_BSR,2,31
1785620945.490367,412,7,T_PERIODIC_EXPIRY_BSR,SHORT_BSR,2,31
1785620945.490367,413,7,T_PERIODIC_EXPIRY_BSR,SHORT_BSR,2,31
1785620945.490367,414,7,T_PERIODIC_EXPIRY_BSR,SHORT_BSR,2,31
1785620945.490367,415,7,T_PERIODIC_EXPIRY_BSR,SHORT_BSR,2,31
1785620945.490367,416,7,T_PERIODIC_EXPIRY_BSR,SHORT_BSR,2,31
1785620945.490367,417,7,T_PERIODIC_EXPIRY_BSR,SHORT_BSR,2,31
1785620945.490367,418,7,T_PERIODIC_EXPIRY_BSR,SHORT_BSR,2,31
1785620945.490367,419,7,T_PERIODIC_EXPIRY_BSR,SHORT_BSR,2,31
1785620945.490367,420,7,T_PERIODIC_EXPIRY_BSR,SHORT_BSR,2,31
1785620945.490367,421,7,T_PERIODIC_EXPIRY_BSR,SHORT_BSR,2,31
1785620945.490367,422,7,T_PERIODIC_EXPIRY_BSR,SHORT_BSR,2,31
1785620945.640118,423,8,T_PERIODIC_EXPIRY_BSR,SHORT_BSR,2,31
1785620945.640118,424,7,T_PERIODIC_EXPIRY_BSR,SHORT_BSR,2,31
1785620945.640118,425,7,T_PERIODIC_EXPIRY_BSR,SHORT_BSR,2,31
1785620945.640118,426,7,T_PERIODIC_EXPIRY_BSR,SHORT_BSR,2,31
1785620945.640118,427,7,T_PERIODIC_EXPIRY_BSR,SHORT_BSR,2,31
1785620945.640118,428,7,T_PERIODIC_EXPIRY_BSR,SHORT_BSR,2,31
1785620945.640118,429,7,T_PERIODIC_EXPIRY_BSR,SHORT_BSR,2,31
1785620945.640118,430,7,T_PERIODIC_EXPIRY_BSR,SHORT_BSR,2,31
1785620945.640118,431,7,T_PERIODIC_EXPIRY_BSR,SHORT_BSR,2,31
1785620945.640118,432,7,T_PERIODIC_EXPIRY_BSR,SHORT_BSR,2,31
1785620945.640118,433,7,T_PERIODIC_EXPIRY_BSR,SHORT_BSR,2,31
1785620945.640118,434,7,T_PERIODIC_EXPIRY_BSR,SHORT_BSR,2,31
1785620945.640118,435,7,T_PERIODIC_EXPIRY_BSR,SHORT_BSR,2,31
1785620945.640118,436,7,T_PERIODIC_EXPIRY_BSR,SHORT_BSR,2,31
1785620945.640118,437,7,T_PERIODIC_EXPIRY_BSR,SHORT_BSR,2,31
1785620945.790108,438,7,T_PERIODIC_EXPIRY_BSR,SHORT_BSR,2,31
1785620945.790108,439,7,T_PERIODIC_EXPIRY_BSR,SHORT_BSR,2,31
1785620945.790108,440,7,T_PERIODIC_EXPIRY_BSR,SHORT_BSR,2,31
1785620945.790108,441,7,T_PERIODIC_EXPIRY_BSR,SHORT_BSR,2,31
1785620945.790108,442,7,T_PERIODIC_EXPIRY_BSR,SHORT_BSR,2,31
1785620945.790108,443,7,T_PERIODIC_EXPIRY_BSR,SHORT_BSR,2,31
1785620945.790108,444,7,T_PERIODIC_EXPIRY_BSR,SHORT_BSR,2,31
1785620945.790108,445,7,T_PERIODIC_EXPIRY_BSR,SHORT_BSR,2,31
1785620945.790108,446,8,T_PERIODIC_EXPIRY_BSR,SHORT_BSR,2,31
1785620945.790108,447,8,T_PERIODIC_EXPIRY_BSR,SHORT_BSR,2,31
1785620945.790108,448,7,T_PERIODIC_EXPIRY_BSR,SHORT_BSR,2,31
1785620945.790108,449,7,T_PERIODIC_EXPIRY_BSR,SHORT_BSR,2,31
1785620945.790108,450,7,T_PERIODIC_EXPIRY_BSR,SHORT_BSR,2,31
1785620945.790108,451,7,T_PERIODIC_EXPIRY_BSR,SHORT_BSR,2,31
1785620945.790108,452,7,T_PERIODIC_EXPIRY_BSR,SHORT_BSR,2,31
1785620945.940110,453,7,T_PERIODIC_EXPIRY_BSR,SHORT_BSR,2,31
1785620945.940110,454,7,T_PERIODIC_EXPIRY_BSR,SHORT_BSR,2,31
1785620945.940110,455,7,T_PERIODIC_EXPIRY_BSR,SHORT_BSR,2,31
1785620945.940110,456,7,T_PERIODIC_EXPIRY_BSR,SHORT_BSR,2,31
1785620945.940110,457,7,T_PERIODIC_EXPIRY_BSR,SHORT_BSR,2,31
1785620945.940110,458,7,T_PERIODIC_EXPIRY_BSR,SHORT_BSR,2,31
1785620945.940110,459,7,T_PERIODIC_EXPIRY_BSR,SHORT_BSR,2,31
1785620945.940110,460,7,T_PERIODIC_EXPIRY_BSR,SHORT_BSR,2,31
1785620945.940110,461,7,T_PERIODIC_EXPIRY_BSR,SHORT_BSR,2,31
1785620945.940110,462,7,T_PERIODIC_EXPIRY_BSR,SHORT_BSR,2,31
1785620945.940110,463,7,T_PERIODIC_EXPIRY_BSR,SHORT_BSR,2,31
1785620945.940110,464,7,T_PERIODIC_EXPIRY_BSR,SHORT_BSR,2,31
1785620945.940110,465,7,T_PERIODIC_EXPIRY_BSR,SHORT_BSR,2,31
1785620945.940110,466,7,T_PERIODIC_EXPIRY_BSR,SHORT_BSR,2,31
1785620945.940110,467,7,T_PERIODIC_EXPIRY_BSR,SHORT_BSR,2,31
1785620946.090115,468,7,T_PERIODIC_EXPIRY_BSR,SHORT_BSR,2,31
1785620946.090115,469,7,T_PERIODIC_EXPIRY_BSR,SHORT_BSR,2,31
1785620946.090115,470,7,T_PERIODIC_EXPIRY_BSR,SHORT_BSR,2,31
1785620946.090115,471,8,T_PERIODIC_EXPIRY_BSR,SHORT_BSR,2,31
1785620946.090115,472,8,T_PERIODIC_EXPIRY_BSR,SHORT_BSR,2,31
1785620946.090115,473,7,T_PERIODIC_EXPIRY_BSR,SHORT_BSR,2,31
1785620946.090115,474,7,T_PERIODIC_EXPIRY_BSR,SHORT_BSR,2,31
1785620946.090115,475,7,T_PERIODIC_EXPIRY_BSR,SHORT_BSR,2,31
1785620946.090115,476,7,T_PERIODIC_EXPIRY_BSR,SHORT_BSR,2,31
1785620946.090115,477,7,T_PERIODIC_EXPIRY_BSR,SHORT_BSR,2,31
1785620946.090115,478,7,T_PERIODIC_EXPIRY_BSR,SHORT_BSR,2,31
1785620946.090115,479,7,T_PERIODIC_EXPIRY_BSR,SHORT_BSR,2,31
1785620946.090115,480,7,T_PERIODIC_EXPIRY_BSR,SHORT_BSR,2,31
1785620946.090115,481,7,T_PERIODIC_EXPIRY_BSR,SHORT_BSR,2,31
1785620946.090115,482,7,T_PERIODIC_EXPIRY_BSR,SHORT_BSR,2,31
1785620946.240117,483,7,T_PERIODIC_EXPIRY_BSR,SHORT_BSR,2,31
1785620946.240117,484,7,T_PERIODIC_EXPIRY_BSR,SHORT_BSR,2,31
1785620946.240117,485,7,T_PERIODIC_EXPIRY_BSR,SHORT_BSR,2,31
1785620946.240117,486,7,T_PERIODIC_EXPIRY_BSR,SHORT_BSR,2,31
1785620946.240117,487,7,T_PERIODIC_EXPIRY_BSR,SHORT_BSR,2,31
1785620946.240117,488,7,T_PERIODIC_EXPIRY_BSR,SHORT_BSR,2,31
1785620946.240117,489,7,T_PERIODIC_EXPIRY_BSR,SHORT_BSR,2,31
1785620946.240117,490,7,T_PERIODIC_EXPIRY_BSR,SHORT_BSR,2,31
1785620946.240117,491,7,T_PERIODIC_EXPIRY_BSR,SHORT_BSR,2,31
1785620946.240117,492,7,T_PERIODIC_EXPIRY_BSR,SHORT_BSR,2,31
1785620946.240117,493,7,T_PERIODIC_EXPIRY_BSR,SHORT_BSR,2,31
1785620946.240117,494,7,T_PERIODIC_EXPIRY_BSR,SHORT_BSR,2,31
1785620946.240117,495,7,T_PERIODIC_EXPIRY_BSR,SHORT_BSR,2,31
1785620946.240117,496,7,T_PERIODIC_EXPIRY_BSR,SHORT_BSR,2,31
1785620946.240117,497,7,T_PERIODIC_EXPIRY_BSR,SHORT_BSR,2,31
1785620946.390115,498,7,T_PERIODIC_EXPIRY_BSR,SHORT_BSR,2,31
1785620946.390115,499,7,T_PERIODIC_EXPIRY_BSR,SHORT_BSR,2,31
1785620946.390115,500,7,T_PERIODIC_EXPIRY_BSR,SHORT_BSR,2,31
1785620946.390115,501,7,T_PERIODIC_EXPIRY_BSR,SHORT_BSR,2,31
1785620946.390115,502,7,T_PERIODIC_EXPIRY_BSR,SHORT_BSR,2,31
1785620946.390115,503,7,T_PERIODIC_EXPIRY_BSR,SHORT_BSR,2,31
1785620946.390115,504,7,T_PERIODIC_EXPIRY_BSR,SHORT_BSR,2,31
1785620946.390115,505,7,T_PERIODIC_EXPIRY_BSR,SHORT_BSR,2,31
1785620946.390115,506,7,T_PERIODIC_EXPIRY_BSR,SHORT_BSR,2,31
1785620946.390115,507,7,T_PERIODIC_EXPIRY_BSR,SHORT_BSR,2,31
1785620946.390115,508,7,T_PERIODIC_EXPIRY_BSR,SHORT_BSR,2,31
1785620946.390115,509,7,T_PERIODIC_EXPIRY_BSR,SHORT_BSR,2,31
1785620946.390115,510,7,T_PERIODIC_EXPIRY_BSR,SHORT_BSR,2,31
1785620946.390115,511,7,T_PERIODIC_EXPIRY_BSR,SHORT_BSR,2,31
1785620946.390115,512,7,T_PERIODIC_EXPIRY_BSR,SHORT_BSR,2,31
1785620946.540108,513,7,T_PERIODIC_EXPIRY_BSR,SHORT_BSR,2,31
1785620946.540108,514,7,T_PERIODIC_EXPIRY_BSR,SHORT_BSR,2,31
1785620946.540108,515,7,T_PERIODIC_EXPIRY_BSR,SHORT_BSR,2,30
1785620946.540108,516,7,T_PERIODIC_EXPIRY_BSR,SHORT_BSR,2,30
1785620946.540108,517,7,T_PERIODIC_EXPIRY_BSR,SHORT_BSR,2,30
1785620946.540108,518,7,T_PERIODIC_EXPIRY_BSR,SHORT_BSR,2,30
1785620946.540108,519,7,T_PERIODIC_EXPIRY_BSR,SHORT_BSR,2,30
1785620946.540108,520,7,T_PERIODIC_EXPIRY_BSR,SHORT_BSR,2,30
1785620946.540108,521,7,T_PERIODIC_EXPIRY_BSR,SHORT_BSR,2,30
1785620946.540108,522,7,T_PERIODIC_EXPIRY_BSR,SHORT_BSR,2,30
1785620946.540108,523,7,T_PERIODIC_EXPIRY_BSR,SHORT_BSR,2,30
1785620946.540108,524,7,T_PERIODIC_EXPIRY_BSR,SHORT_BSR,2,30
1785620946.540108,525,7,T_PERIODIC_EXPIRY_BSR,SHORT_BSR,2,30
1785620946.540108,526,7,T_PERIODIC_EXPIRY_BSR,SHORT_BSR,2,30
1785620946.540108,527,7,T_PERIODIC_EXPIRY_BSR,SHORT_BSR,2,30
1785620946.690110,528,7,T_PERIODIC_EXPIRY_BSR,SHORT_BSR,2,30
1785620946.690110,529,7,T_PERIODIC_EXPIRY_BSR,SHORT_BSR,2,30
1785620946.690110,530,7,T_PERIODIC_EXPIRY_BSR,SHORT_BSR,2,30
1785620946.690110,531,7,T_PERIODIC_EXPIRY_BSR,SHORT_BSR,2,30
1785620946.690110,532,7,T_PERIODIC_EXPIRY_BSR,SHORT_BSR,2,30
1785620946.690110,533,7,T_PERIODIC_EXPIRY_BSR,SHORT_BSR,2,30
1785620946.690110,534,7,T_PERIODIC_EXPIRY_BSR,SHORT_BSR,2,30
1785620946.690110,535,7,T_PERIODIC_EXPIRY_BSR,SHORT_BSR,2,30
1785620946.690110,536,7,T_PERIODIC_EXPIRY_BSR,SHORT_BSR,2,30
1785620946.690110,537,7,T_PERIODIC_EXPIRY_BSR,SHORT_BSR,2,30
1785620946.690110,538,7,T_PERIODIC_EXPIRY_BSR,SHORT_BSR,2,30
1785620946.690110,539,7,T_PERIODIC_EXPIRY_BSR,SHORT_BSR,2,30
1785620946.690110,540,7,T_PERIODIC_EXPIRY_BSR,SHORT_BSR,2,30
1785620946.690110,541,7,T_PERIODIC_EXPIRY_BSR,SHORT_BSR,2,30
1785620946.690110,542,7,T_PERIODIC_EXPIRY_BSR,SHORT_BSR,2,30
1785620946.840112,543,7,T_PERIODIC_EXPIRY_BSR,SHORT_BSR,2,30
1785620946.840112,544,7,T_PERIODIC_EXPIRY_BSR,SHORT_BSR,2,30
1785620946.840112,545,7,T_PERIODIC_EXPIRY_BSR,SHORT_BSR,2,30
1785620946.840112,546,7,T_PERIODIC_EXPIRY_BSR,SHORT_BSR,2,30
1785620946.840112,547,7,T_PERIODIC_EXPIRY_BSR,SHORT_BSR,2,30
1785620946.840112,548,7,T_PERIODIC_EXPIRY_BSR,SHORT_BSR,2,30
1785620946.840112,549,7,T_PERIODIC_EXPIRY_BSR,SHORT_BSR,2,30
1785620946.840112,550,7,T_PERIODIC_EXPIRY_BSR,SHORT_BSR,2,30
1785620946.840112,551,7,T_PERIODIC_EXPIRY_BSR,SHORT_BSR,2,30
1785620946.840112,552,7,T_PERIODIC_EXPIRY_BSR,SHORT_BSR,2,30
1785620946.840112,553,7,T_PERIODIC_EXPIRY_BSR,SHORT_BSR,2,30
1785620946.840112,554,7,T_PERIODIC_EXPIRY_BSR,SHORT_BSR,2,29
1785620946.840112,555,7,T_PERIODIC_EXPIRY_BSR,SHORT_BSR,2,30
1785620946.840112,556,7,T_PERIODIC_EXPIRY_BSR,SHORT_BSR,2,29
1785620946.840112,557,7,T_PERIODIC_EXPIRY_BSR,SHORT_BSR,2,29
1785620946.990114,558,7,T_PERIODIC_EXPIRY_BSR,SHORT_BSR,2,29
1785620946.990114,559,7,T_PERIODIC_EXPIRY_BSR,SHORT_BSR,2,29
1785620946.990114,560,7,T_PERIODIC_EXPIRY_BSR,SHORT_BSR,2,29
1785620946.990114,561,7,T_PERIODIC_EXPIRY_BSR,SHORT_BSR,2,29
1785620946.990114,562,7,T_PERIODIC_EXPIRY_BSR,SHORT_BSR,2,29
1785620946.990114,563,7,T_PERIODIC_EXPIRY_BSR,SHORT_BSR,2,29
1785620946.990114,564,7,T_PERIODIC_EXPIRY_BSR,SHORT_BSR,2,29
1785620946.990114,565,7,T_PERIODIC_EXPIRY_BSR,SHORT_BSR,2,29
1785620946.990114,566,7,T_PERIODIC_EXPIRY_BSR,SHORT_BSR,2,29
1785620946.990114,567,7,T_PERIODIC_EXPIRY_BSR,SHORT_BSR,2,29
1785620946.990114,568,7,T_PERIODIC_EXPIRY_BSR,SHORT_BSR,2,29
1785620946.990114,569,7,T_PERIODIC_EXPIRY_BSR,SHORT_BSR,2,29
1785620946.990114,570,7,T_PERIODIC_EXPIRY_BSR,SHORT_BSR,2,29
1785620946.990114,571,7,T_PERIODIC_EXPIRY_BSR,SHORT_BSR,2,29
1785620946.990114,572,7,T_PERIODIC_EXPIRY_BSR,SHORT_BSR,2,29
1785620947.140114,573,7,T_PERIODIC_EXPIRY_BSR,SHORT_BSR,2,29
1785620947.140114,574,7,T_PERIODIC_EXPIRY_BSR,SHORT_BSR,2,29
1785620947.140114,575,7,T_PERIODIC_EXPIRY_BSR,SHORT_BSR,2,28
1785620947.140114,576,7,T_PERIODIC_EXPIRY_BSR,SHORT_BSR,2,28
1785620947.140114,577,7,T_PERIODIC_EXPIRY_BSR,SHORT_BSR,2,28
1785620947.140114,578,7,T_PERIODIC_EXPIRY_BSR,SHORT_BSR,2,28
1785620947.140114,579,7,T_PERIODIC_EXPIRY_BSR,SHORT_BSR,2,28
1785620947.140114,580,7,T_PERIODIC_EXPIRY_BSR,SHORT_BSR,2,28
1785620947.140114,581,7,T_PERIODIC_EXPIRY_BSR,SHORT_BSR,2,28
1785620947.140114,582,7,T_PERIODIC_EXPIRY_BSR,SHORT_BSR,2,28
1785620947.140114,583,7,T_PERIODIC_EXPIRY_BSR,SHORT_BSR,2,28
1785620947.140114,584,7,T_PERIODIC_EXPIRY_BSR,SHORT_BSR,2,28
1785620947.140114,585,7,T_PERIODIC_EXPIRY_BSR,SHORT_BSR,2,28
1785620947.140114,586,7,T_PERIODIC_EXPIRY_BSR,SHORT_BSR,2,28
1785620947.140114,587,7,T_PERIODIC_EXPIRY_BSR,SHORT_BSR,2,28
1785620947.290116,588,7,T_PERIODIC_EXPIRY_BSR,SHORT_BSR,2,28
1785620947.290116,589,7,T_PERIODIC_EXPIRY_BSR,SHORT_BSR,2,28
1785620947.290116,590,7,T_PERIODIC_EXPIRY_BSR,SHORT_BSR,2,28
1785620947.290116,591,7,T_PERIODIC_EXPIRY_BSR,SHORT_BSR,2,28
1785620947.290116,592,7,T_PERIODIC_EXPIRY_BSR,SHORT_BSR,2,27
1785620947.290116,593,7,T_PERIODIC_EXPIRY_BSR,SHORT_BSR,2,27
1785620947.290116,594,7,T_PERIODIC_EXPIRY_BSR,SHORT_BSR,2,28
1785620947.290116,595,7,T_PERIODIC_EXPIRY_BSR,SHORT_BSR,2,27
1785620947.290116,596,7,T_PERIODIC_EXPIRY_BSR,SHORT_BSR,2,27
1785620947.290116,597,7,T_PERIODIC_EXPIRY_BSR,SHORT_BSR,2,27
1785620947.290116,598,7,T_PERIODIC_EXPIRY_BSR,SHORT_BSR,2,27
1785620947.290116,599,7,T_PERIODIC_EXPIRY_BSR,SHORT_BSR,2,27
1785620947.290116,600,7,T_PERIODIC_EXPIRY_BSR,SHORT_BSR,2,27
1785620947.290116,601,7,T_PERIODIC_EXPIRY_BSR,SHORT_BSR,2,27
1785620947.290116,602,7,T_PERIODIC_EXPIRY_BSR,SHORT_BSR,2,27
1785620947.440114,603,7,T_PERIODIC_EXPIRY_BSR,SHORT_BSR,2,27
1785620947.440114,604,7,T_PERIODIC_EXPIRY_BSR,SHORT_BSR,2,27
1785620947.440114,605,7,T_PERIODIC_EXPIRY_BSR,SHORT_BSR,2,27
1785620947.440114,606,7,T_PERIODIC_EXPIRY_BSR,SHORT_BSR,2,27
1785620947.440114,607,7,T_PERIODIC_EXPIRY_BSR,SHORT_BSR,2,27
1785620947.440114,608,7,T_PERIODIC_EXPIRY_BSR,SHORT_BSR,2,26
1785620947.440114,609,7,T_PERIODIC_EXPIRY_BSR,SHORT_BSR,2,26
1785620947.440114,610,7,T_PERIODIC_EXPIRY_BSR,SHORT_BSR,2,26
1785620947.440114,611,7,T_PERIODIC_EXPIRY_BSR,SHORT_BSR,2,26
1785620947.440114,612,7,T_PERIODIC_EXPIRY_BSR,SHORT_BSR,2,26
1785620947.440114,613,7,T_PERIODIC_EXPIRY_BSR,SHORT_BSR,2,26
1785620947.440114,614,7,T_PERIODIC_EXPIRY_BSR,SHORT_BSR,2,26
1785620947.440114,615,7,T_PERIODIC_EXPIRY_BSR,SHORT_BSR,2,26
1785620947.440114,616,7,T_PERIODIC_EXPIRY_BSR,SHORT_BSR,2,26
1785620947.440114,617,7,T_PERIODIC_EXPIRY_BSR,SHORT_BSR,2,26
1785620947.595113,618,7,T_PERIODIC_EXPIRY_BSR,SHORT_BSR,2,25
1785620947.595113,619,7,T_PERIODIC_EXPIRY_BSR,SHORT_BSR,2,25
1785620947.595113,620,7,T_PERIODIC_EXPIRY_BSR,SHORT_BSR,2,25
1785620947.595113,621,7,T_PERIODIC_EXPIRY_BSR,SHORT_BSR,2,25
1785620947.595113,622,7,T_PERIODIC_EXPIRY_BSR,SHORT_BSR,2,25
1785620947.595113,623,7,T_PERIODIC_EXPIRY_BSR,SHORT_BSR,2,25
1785620947.595113,624,7,T_PERIODIC_EXPIRY_BSR,SHORT_BSR,2,24
1785620947.595113,625,7,T_PERIODIC_EXPIRY_BSR,SHORT_BSR,2,24
1785620947.595113,626,7,T_PERIODIC_EXPIRY_BSR,SHORT_BSR,2,23
1785620947.595113,627,7,T_PERIODIC_EXPIRY_BSR,SHORT_BSR,2,23
1785620947.595113,628,7,T_PERIODIC_EXPIRY_BSR,SHORT_BSR,2,22
1785620947.595113,629,7,T_PERIODIC_EXPIRY_BSR,SHORT_BSR,2,21
1785620947.595113,630,17,T_PERIODIC_EXPIRY_BSR,SHORT_BSR,2,23
1785620947.595113,631,17,T_PERIODIC_EXPIRY_BSR,SHORT_BSR,2,24
1785620947.595113,632,17,T_PERIODIC_EXPIRY_BSR,SHORT_BSR,2,23
1785620947.745722,633,17,T_PERIODIC_EXPIRY_BSR,SHORT_BSR,2,24
1785620947.745722,634,17,T_PERIODIC_EXPIRY_BSR,SHORT_BSR,2,25
1785620947.745722,635,17,T_PERIODIC_EXPIRY_BSR,SHORT_BSR,2,26
1785620947.745722,636,17,T_PERIODIC_EXPIRY_BSR,SHORT_BSR,2,26
1785620947.745722,637,17,T_PERIODIC_EXPIRY_BSR,SHORT_BSR,2,26
1785620947.745722,638,19,T_PERIODIC_EXPIRY_BSR,SHORT_BSR,2,26
1785620947.745722,639,19,T_PERIODIC_EXPIRY_BSR,SHORT_BSR,2,26
1785620947.745722,640,19,T_PERIODIC_EXPIRY_BSR,SHORT_BSR,2,25
1785620947.745722,641,19,T_PERIODIC_EXPIRY_BSR,SHORT_BSR,2,26
1785620947.745722,642,19,T_PERIODIC_EXPIRY_BSR,SHORT_BSR,2,25
1785620947.745722,643,19,T_PERIODIC_EXPIRY_BSR,SHORT_BSR,2,25
1785620947.745722,644,19,T_PERIODIC_EXPIRY_BSR,SHORT_BSR,2,25
1785620947.745722,645,19,T_PERIODIC_EXPIRY_BSR,SHORT_BSR,2,25
1785620947.745722,646,19,T_PERIODIC_EXPIRY_BSR,SHORT_BSR,2,25
1785620947.745722,647,19,T_PERIODIC_EXPIRY_BSR,SHORT_BSR,2,25
1785620947.900109,648,19,T_PERIODIC_EXPIRY_BSR,SHORT_BSR,2,25
1785620947.900109,649,19,T_PERIODIC_EXPIRY_BSR,SHORT_BSR,2,24
1785620947.900109,650,19,T_PERIODIC_EXPIRY_BSR,SHORT_BSR,2,24
1785620947.900109,651,19,T_PERIODIC_EXPIRY_BSR,SHORT_BSR,2,23
1785620947.900109,652,19,T_PERIODIC_EXPIRY_BSR,SHORT_BSR,2,23
1785620947.900109,653,19,T_PERIODIC_EXPIRY_BSR,SHORT_BSR,2,22
1785620947.900109,655,7,T_PERIODIC_EXPIRY_BSR,SHORT_BSR,2,23
1785620947.900109,656,7,T_PERIODIC_EXPIRY_BSR,SHORT_BSR,2,24
1785620947.900109,657,7,T_PERIODIC_EXPIRY_BSR,SHORT_BSR,2,24
1785620947.900109,658,7,T_PERIODIC_EXPIRY_BSR,SHORT_BSR,2,24
1785620947.900109,659,7,T_PERIODIC_EXPIRY_BSR,SHORT_BSR,2,24
1785620947.900109,660,7,T_PERIODIC_EXPIRY_BSR,SHORT_BSR,2,23
1785620947.900109,661,7,T_PERIODIC_EXPIRY_BSR,SHORT_BSR,2,23
1785620947.900109,662,7,T_PERIODIC_EXPIRY_BSR,SHORT_BSR,2,23
1785620947.900109,663,7,T_PERIODIC_EXPIRY_BSR,SHORT_BSR,2,22
1785620948.070098,664,7,T_PERIODIC_EXPIRY_BSR,SHORT_BSR,2,22
1785620948.070098,665,7,T_PERIODIC_EXPIRY_BSR,SHORT_BSR,2,22
1785620948.070098,666,7,T_PERIODIC_EXPIRY_BSR,SHORT_BSR,2,22
1785620948.070098,667,17,T_PERIODIC_EXPIRY_BSR,SHORT_BSR,2,24
1785620948.070098,668,17,T_PERIODIC_EXPIRY_BSR,SHORT_BSR,2,25
1785620948.070098,669,17,T_PERIODIC_EXPIRY_BSR,SHORT_BSR,2,25
1785620948.070098,670,17,T_PERIODIC_EXPIRY_BSR,SHORT_BSR,2,25
1785620948.070098,671,17,T_PERIODIC_EXPIRY_BSR,SHORT_BSR,2,25
1785620948.070098,672,18,T_PERIODIC_EXPIRY_BSR,SHORT_BSR,2,26
1785620948.070098,673,17,T_PERIODIC_EXPIRY_BSR,SHORT_BSR,2,27
1785620948.070098,674,17,T_PERIODIC_EXPIRY_BSR,SHORT_BSR,2,27
1785620948.070098,676,9,T_PERIODIC_EXPIRY_BSR,SHORT_BSR,2,26
1785620948.070098,677,9,T_PERIODIC_EXPIRY_BSR,SHORT_BSR,2,26
1785620948.070098,678,9,T_PERIODIC_EXPIRY_BSR,SHORT_BSR,2,25
1785620948.070098,679,9,T_PERIODIC_EXPIRY_BSR,SHORT_BSR,2,26
1785620948.220096,681,7,T_PERIODIC_EXPIRY_BSR,SHORT_BSR,2,25
1785620948.220096,682,7,T_PERIODIC_EXPIRY_BSR,SHORT_BSR,2,25
1785620948.220096,683,7,T_PERIODIC_EXPIRY_BSR,SHORT_BSR,2,24
1785620948.220096,684,7,T_PERIODIC_EXPIRY_BSR,SHORT_BSR,2,25
1785620948.220096,685,7,T_PERIODIC_EXPIRY_BSR,SHORT_BSR,2,25
1785620948.220096,686,7,T_PERIODIC_EXPIRY_BSR,SHORT_BSR,2,24
1785620948.220096,687,7,T_PERIODIC_EXPIRY_BSR,SHORT_BSR,2,25
1785620948.220096,688,7,T_PERIODIC_EXPIRY_BSR,SHORT_BSR,2,25
1785620948.220096,689,7,T_PERIODIC_EXPIRY_BSR,SHORT_BSR,2,24
1785620948.220096,690,7,T_PERIODIC_EXPIRY_BSR,SHORT_BSR,2,24
1785620948.220096,691,7,T_PERIODIC_EXPIRY_BSR,SHORT_BSR,2,24
1785620948.220096,692,7,T_PERIODIC_EXPIRY_BSR,SHORT_BSR,2,23
1785620948.220096,693,7,T_PERIODIC_EXPIRY_BSR,SHORT_BSR,2,23
1785620948.220096,694,7,T_PERIODIC_EXPIRY_BSR,SHORT_BSR,2,23
1785620948.220096,695,7,T_PERIODIC_EXPIRY_BSR,SHORT_BSR,2,23
1785620948.385112,696,7,T_PERIODIC_EXPIRY_BSR,SHORT_BSR,2,22
1785620948.385112,697,7,T_PERIODIC_EXPIRY_BSR,SHORT_BSR,2,21
1785620948.385112,698,7,T_PERIODIC_EXPIRY_BSR,SHORT_BSR,2,23
1785620948.385112,699,7,T_PERIODIC_EXPIRY_BSR,SHORT_BSR,2,23
1785620948.385112,700,17,T_PERIODIC_EXPIRY_BSR,SHORT_BSR,2,24
1785620948.385112,701,17,T_PERIODIC_EXPIRY_BSR,SHORT_BSR,2,24
1785620948.385112,703,7,T_PERIODIC_EXPIRY_BSR,SHORT_BSR,2,26
1785620948.385112,704,7,T_PERIODIC_EXPIRY_BSR,SHORT_BSR,2,26
1785620948.385112,705,18,T_PERIODIC_EXPIRY_BSR,SHORT_BSR,2,26
1785620948.385112,706,17,T_PERIODIC_EXPIRY_BSR,SHORT_BSR,2,27
1785620948.385112,707,17,T_PERIODIC_EXPIRY_BSR,SHORT_BSR,2,27
1785620948.385112,708,17,T_PERIODIC_EXPIRY_BSR,SHORT_BSR,2,27
1785620948.385112,709,17,T_PERIODIC_EXPIRY_BSR,SHORT_BSR,2,27
1785620948.385112,710,17,T_PERIODIC_EXPIRY_BSR,SHORT_BSR,2,27
1785620948.385112,711,17,T_PERIODIC_EXPIRY_BSR,SHORT_BSR,2,27
1785620948.535111,712,17,T_PERIODIC_EXPIRY_BSR,SHORT_BSR,2,27
1785620948.535111,713,17,T_PERIODIC_EXPIRY_BSR,SHORT_BSR,2,27
1785620948.535111,714,17,T_PERIODIC_EXPIRY_BSR,SHORT_BSR,2,27
1785620948.535111,715,17,T_PERIODIC_EXPIRY_BSR,SHORT_BSR,2,27
1785620948.535111,716,17,T_PERIODIC_EXPIRY_BSR,SHORT_BSR,2,27
1785620948.535111,717,17,T_PERIODIC_EXPIRY_BSR,SHORT_BSR,2,27
1785620948.535111,718,17,T_PERIODIC_EXPIRY_BSR,SHORT_BSR,2,27
1785620948.535111,719,17,T_PERIODIC_EXPIRY_BSR,SHORT_BSR,2,27
1785620948.535111,720,17,T_PERIODIC_EXPIRY_BSR,SHORT_BSR,2,27
1785620948.535111,721,17,T_PERIODIC_EXPIRY_BSR,SHORT_BSR,2,27
1785620948.535111,722,17,T_PERIODIC_EXPIRY_BSR,SHORT_BSR,2,27
1785620948.535111,723,17,T_PERIODIC_EXPIRY_BSR,SHORT_BSR,2,27
1785620948.535111,724,17,T_PERIODIC_EXPIRY_BSR,SHORT_BSR,2,27
1785620948.535111,725,17,T_PERIODIC_EXPIRY_BSR,SHORT_BSR,2,27
1785620948.535111,726,17,T_PERIODIC_EXPIRY_BSR,SHORT_BSR,2,26
1785620948.690107,727,17,T_PERIODIC_EXPIRY_BSR,SHORT_BSR,2,26
1785620948.690107,728,17,T_PERIODIC_EXPIRY_BSR,SHORT_BSR,2,26
1785620948.690107,730,7,T_PERIODIC_EXPIRY_BSR,SHORT_BSR,2,26
1785620948.690107,731,7,T_PERIODIC_EXPIRY_BSR,SHORT_BSR,2,26
1785620948.690107,732,7,T_PERIODIC_EXPIRY_BSR,SHORT_BSR,2,26
1785620948.690107,733,7,T_PERIODIC_EXPIRY_BSR,SHORT_BSR,2,26
1785620948.690107,734,7,T_PERIODIC_EXPIRY_BSR,SHORT_BSR,2,26
1785620948.690107,735,7,T_PERIODIC_EXPIRY_BSR,SHORT_BSR,2,26
1785620948.690107,736,7,T_PERIODIC_EXPIRY_BSR,SHORT_BSR,2,26
1785620948.690107,737,7,T_PERIODIC_EXPIRY_BSR,SHORT_BSR,2,26
1785620948.690107,738,7,T_PERIODIC_EXPIRY_BSR,SHORT_BSR,2,26
1785620948.690107,739,7,T_PERIODIC_EXPIRY_BSR,SHORT_BSR,2,26
1785620948.690107,740,7,T_PERIODIC_EXPIRY_BSR,SHORT_BSR,2,26
1785620948.690107,741,7,T_PERIODIC_EXPIRY_BSR,SHORT_BSR,2,25
1785620948.690107,742,7,T_PERIODIC_EXPIRY_BSR,SHORT_BSR,2,25
1785620948.840111,743,7,T_PERIODIC_EXPIRY_BSR,SHORT_BSR,2,25
1785620948.840111,744,7,T_PERIODIC_EXPIRY_BSR,SHORT_BSR,2,25
1785620948.840111,745,7,T_PERIODIC_EXPIRY_BSR,SHORT_BSR,2,25
1785620948.840111,746,7,T_PERIODIC_EXPIRY_BSR,SHORT_BSR,2,25
1785620948.840111,747,7,T_PERIODIC_EXPIRY_BSR,SHORT_BSR,2,25
1785620948.840111,748,7,T_PERIODIC_EXPIRY_BSR,SHORT_BSR,2,24
1785620948.840111,749,7,T_PERIODIC_EXPIRY_BSR,SHORT_BSR,2,24
1785620948.840111,750,7,T_PERIODIC_EXPIRY_BSR,SHORT_BSR,2,24
1785620948.840111,751,7,T_PERIODIC_EXPIRY_BSR,SHORT_BSR,2,24
1785620948.840111,752,7,T_PERIODIC_EXPIRY_BSR,SHORT_BSR,2,24
1785620948.840111,753,7,T_PERIODIC_EXPIRY_BSR,SHORT_BSR,2,24
1785620948.840111,754,7,T_PERIODIC_EXPIRY_BSR,SHORT_BSR,2,23
1785620948.840111,755,7,T_PERIODIC_EXPIRY_BSR,SHORT_BSR,2,23
1785620948.840111,756,7,T_PERIODIC_EXPIRY_BSR,SHORT_BSR,2,23
1785620948.840111,757,7,T_PERIODIC_EXPIRY_BSR,SHORT_BSR,2,22
1785620948.995104,758,7,T_PERIODIC_EXPIRY_BSR,SHORT_BSR,2,21
1785620948.995104,759,17,T_PERIODIC_EXPIRY_BSR,SHORT_BSR,2,23
1785620948.995104,760,17,T_PERIODIC_EXPIRY_BSR,SHORT_BSR,2,24
1785620948.995104,761,17,T_PERIODIC_EXPIRY_BSR,SHORT_BSR,2,24
1785620948.995104,762,17,T_PERIODIC_EXPIRY_BSR,SHORT_BSR,2,24
1785620948.995104,763,17,T_PERIODIC_EXPIRY_BSR,SHORT_BSR,2,24
1785620948.995104,764,17,T_PERIODIC_EXPIRY_BSR,SHORT_BSR,2,24
1785620948.995104,765,17,T_PERIODIC_EXPIRY_BSR,SHORT_BSR,2,24
1785620948.995104,766,17,T_PERIODIC_EXPIRY_BSR,SHORT_BSR,2,24
1785620948.995104,767,17,T_PERIODIC_EXPIRY_BSR,SHORT_BSR,2,23
1785620948.995104,768,17,T_PERIODIC_EXPIRY_BSR,SHORT_BSR,2,23
1785620948.995104,769,17,T_PERIODIC_EXPIRY_BSR,SHORT_BSR,2,22
1785620948.995104,770,17,T_PERIODIC_EXPIRY_BSR,SHORT_BSR,2,22
1785620948.995104,771,17,T_PERIODIC_EXPIRY_BSR,SHORT_BSR,2,23
1785620948.995104,772,17,T_PERIODIC_EXPIRY_BSR,SHORT_BSR,2,24
1785620949.155736,773,17,T_PERIODIC_EXPIRY_BSR,SHORT_BSR,2,23
1785620949.155736,775,7,T_PERIODIC_EXPIRY_BSR,SHORT_BSR,2,23
1785620949.155736,776,7,T_PERIODIC_EXPIRY_BSR,SHORT_BSR,2,22
1785620949.155736,777,7,T_PERIODIC_EXPIRY_BSR,SHORT_BSR,2,23
1785620949.155736,778,7,T_PERIODIC_EXPIRY_BSR,SHORT_BSR,2,23
1785620949.155736,779,8,T_PERIODIC_EXPIRY_BSR,SHORT_BSR,2,23
1785620949.155736,780,9,T_PERIODIC_EXPIRY_BSR,SHORT_BSR,2,24
1785620949.155736,781,9,T_PERIODIC_EXPIRY_BSR,SHORT_BSR,2,21
1785620949.155736,782,18,T_PERIODIC_EXPIRY_BSR,SHORT_BSR,2,23
1785620949.155736,783,19,T_PERIODIC_EXPIRY_BSR,SHORT_BSR,2,24
1785620949.155736,784,19,T_PERIODIC_EXPIRY_BSR,SHORT_BSR,2,26
1785620949.155736,785,19,T_PERIODIC_EXPIRY_BSR,SHORT_BSR,2,27
1785620949.155736,786,19,T_PERIODIC_EXPIRY_BSR,SHORT_BSR,2,27
1785620949.155736,787,19,T_PERIODIC_EXPIRY_BSR,SHORT_BSR,2,27
1785620949.155736,788,19,T_PERIODIC_EXPIRY_BSR,SHORT_BSR,2,27
1785620949.305732,789,19,T_PERIODIC_EXPIRY_BSR,SHORT_BSR,2,26
1785620949.305732,790,19,T_PERIODIC_EXPIRY_BSR,SHORT_BSR,2,26
1785620949.305732,791,19,T_PERIODIC_EXPIRY_BSR,SHORT_BSR,2,27
1785620949.305732,792,19,T_PERIODIC_EXPIRY_BSR,SHORT_BSR,2,26
1785620949.305732,793,19,T_PERIODIC_EXPIRY_BSR,SHORT_BSR,2,26
1785620949.305732,794,19,T_PERIODIC_EXPIRY_BSR,SHORT_BSR,2,26
1785620949.305732,795,19,T_PERIODIC_EXPIRY_BSR,SHORT_BSR,2,26
1785620949.305732,796,19,T_PERIODIC_EXPIRY_BSR,SHORT_BSR,2,26
1785620949.305732,797,19,T_PERIODIC_EXPIRY_BSR,SHORT_BSR,2,26
1785620949.305732,798,19,T_PERIODIC_EXPIRY_BSR,SHORT_BSR,2,26
1785620949.305732,799,19,T_PERIODIC_EXPIRY_BSR,SHORT_BSR,2,26
1785620949.305732,800,19,T_PERIODIC_EXPIRY_BSR,SHORT_BSR,2,26
1785620949.305732,801,19,T_PERIODIC_EXPIRY_BSR,SHORT_BSR,2,26
1785620949.305732,802,19,T_PERIODIC_EXPIRY_BSR,SHORT_BSR,2,26
1785620949.305732,803,19,T_PERIODIC_EXPIRY_BSR,SHORT_BSR,2,26
1785620949.455717,804,19,T_PERIODIC_EXPIRY_BSR,SHORT_BSR,2,26
1785620949.455717,805,19,T_PERIODIC_EXPIRY_BSR,SHORT_BSR,2,26
1785620949.455717,806,19,T_PERIODIC_EXPIRY_BSR,SHORT_BSR,2,26
1785620949.455717,807,19,T_PERIODIC_EXPIRY_BSR,SHORT_BSR,2,26
1785620949.455717,808,19,T_PERIODIC_EXPIRY_BSR,SHORT_BSR,2,25
1785620949.455717,809,19,T_PERIODIC_EXPIRY_BSR,SHORT_BSR,2,25
1785620949.455717,810,19,T_PERIODIC_EXPIRY_BSR,SHORT_BSR,2,25
1785620949.455717,811,19,T_PERIODIC_EXPIRY_BSR,SHORT_BSR,2,25
1785620949.455717,812,19,T_PERIODIC_EXPIRY_BSR,SHORT_BSR,2,25
1785620949.455717,813,19,T_PERIODIC_EXPIRY_BSR,SHORT_BSR,2,25
1785620949.455717,814,19,T_PERIODIC_EXPIRY_BSR,SHORT_BSR,2,25
1785620949.455717,815,19,T_PERIODIC_EXPIRY_BSR,SHORT_BSR,2,25
1785620949.455717,816,19,T_PERIODIC_EXPIRY_BSR,SHORT_BSR,2,25
1785620949.455717,817,19,T_PERIODIC_EXPIRY_BSR,SHORT_BSR,2,24
1785620949.455717,818,19,T_PERIODIC_EXPIRY_BSR,SHORT_BSR,2,24
1785620949.625731,819,19,T_PERIODIC_EXPIRY_BSR,SHORT_BSR,2,23
1785620949.625731,820,19,T_PERIODIC_EXPIRY_BSR,SHORT_BSR,2,24
1785620949.625731,821,19,T_PERIODIC_EXPIRY_BSR,SHORT_BSR,2,24
1785620949.625731,822,19,T_PERIODIC_EXPIRY_BSR,SHORT_BSR,2,23
1785620949.625731,823,19,T_PERIODIC_EXPIRY_BSR,SHORT_BSR,2,23
1785620949.625731,824,19,T_PERIODIC_EXPIRY_BSR,SHORT_BSR,2,23
1785620949.625731,825,19,T_PERIODIC_EXPIRY_BSR,SHORT_BSR,2,23
1785620949.625731,826,19,T_PERIODIC_EXPIRY_BSR,SHORT_BSR,2,22
1785620949.625731,827,19,T_PERIODIC_EXPIRY_BSR,SHORT_BSR,2,22
1785620949.625731,829,7,T_PERIODIC_EXPIRY_BSR,SHORT_BSR,2,23
1785620949.625731,830,8,T_PERIODIC_EXPIRY_BSR,SHORT_BSR,2,25
1785620949.625731,831,8,T_PERIODIC_EXPIRY_BSR,SHORT_BSR,2,25
1785620949.625731,833,18,T_PERIODIC_EXPIRY_BSR,SHORT_BSR,2,27
1785620949.625731,834,18,T_PERIODIC_EXPIRY_BSR,SHORT_BSR,2,28
1785620949.625731,835,19,T_PERIODIC_EXPIRY_BSR,SHORT_BSR,2,28
1785620949.775734,836,19,T_PERIODIC_EXPIRY_BSR,SHORT_BSR,2,28
1785620949.775734,837,19,T_PERIODIC_EXPIRY_BSR,SHORT_BSR,2,28
1785620949.775734,838,19,T_PERIODIC_EXPIRY_BSR,SHORT_BSR,2,28
1785620949.775734,839,19,T_PERIODIC_EXPIRY_BSR,SHORT_BSR,2,28
1785620949.775734,840,19,T_PERIODIC_EXPIRY_BSR,SHORT_BSR,2,28
1785620949.775734,841,19,T_PERIODIC_EXPIRY_BSR,SHORT_BSR,2,28
1785620949.775734,842,19,T_PERIODIC_EXPIRY_BSR,SHORT_BSR,2,28
1785620949.775734,843,19,T_PERIODIC_EXPIRY_BSR,SHORT_BSR,2,28
1785620949.775734,844,19,T_PERIODIC_EXPIRY_BSR,SHORT_BSR,2,28
1785620949.775734,845,19,T_PERIODIC_EXPIRY_BSR,SHORT_BSR,2,28
1785620949.775734,846,19,T_PERIODIC_EXPIRY_BSR,SHORT_BSR,2,28
1785620949.775734,847,19,T_PERIODIC_EXPIRY_BSR,SHORT_BSR,2,28
1785620949.775734,848,19,T_PERIODIC_EXPIRY_BSR,SHORT_BSR,2,28
1785620949.775734,849,19,T_PERIODIC_EXPIRY_BSR,SHORT_BSR,2,28
1785620949.775734,850,19,T_PERIODIC_EXPIRY_BSR,SHORT_BSR,2,28
1785620949.930716,851,19,T_PERIODIC_EXPIRY_BSR,SHORT_BSR,2,28
1785620949.930716,852,19,T_PERIODIC_EXPIRY_BSR,SHORT_BSR,2,28
1785620949.930716,853,19,T_PERIODIC_EXPIRY_BSR,SHORT_BSR,2,28
1785620949.930716,855,9,T_PERIODIC_EXPIRY_BSR,SHORT_BSR,2,28
1785620949.930716,856,9,T_PERIODIC_EXPIRY_BSR,SHORT_BSR,2,28
1785620949.930716,857,9,T_PERIODIC_EXPIRY_BSR,SHORT_BSR,2,28
1785620949.930716,858,9,T_PERIODIC_EXPIRY_BSR,SHORT_BSR,2,28
1785620949.930716,859,9,T_PERIODIC_EXPIRY_BSR,SHORT_BSR,2,28
1785620949.930716,860,9,T_PERIODIC_EXPIRY_BSR,SHORT_BSR,2,28
1785620949.930716,861,9,T_PERIODIC_EXPIRY_BSR,SHORT_BSR,2,28
1785620949.930716,862,9,T_PERIODIC_EXPIRY_BSR,SHORT_BSR,2,28
1785620949.930716,863,9,T_PERIODIC_EXPIRY_BSR,SHORT_BSR,2,27
1785620949.930716,864,9,T_PERIODIC_EXPIRY_BSR,SHORT_BSR,2,27
1785620949.930716,865,9,T_PERIODIC_EXPIRY_BSR,SHORT_BSR,2,27
1785620949.930716,866,9,T_PERIODIC_EXPIRY_BSR,SHORT_BSR,2,27
1785620950.080715,867,9,T_PERIODIC_EXPIRY_BSR,SHORT_BSR,2,27
1785620950.080715,868,9,T_PERIODIC_EXPIRY_BSR,SHORT_BSR,2,27
1785620950.080715,869,9,T_PERIODIC_EXPIRY_BSR,SHORT_BSR,2,27
1785620950.080715,870,9,T_PERIODIC_EXPIRY_BSR,SHORT_BSR,2,27
1785620950.080715,871,9,T_PERIODIC_EXPIRY_BSR,SHORT_BSR,2,27
1785620950.080715,872,9,T_PERIODIC_EXPIRY_BSR,SHORT_BSR,2,27
1785620950.080715,873,9,T_PERIODIC_EXPIRY_BSR,SHORT_BSR,2,27
1785620950.080715,874,9,T_PERIODIC_EXPIRY_BSR,SHORT_BSR,2,27
1785620950.080715,875,9,T_PERIODIC_EXPIRY_BSR,SHORT_BSR,2,27
1785620950.080715,876,9,T_PERIODIC_EXPIRY_BSR,SHORT_BSR,2,27
1785620950.080715,877,9,T_PERIODIC_EXPIRY_BSR,SHORT_BSR,2,27
1785620950.080715,878,9,T_PERIODIC_EXPIRY_BSR,SHORT_BSR,2,27
1785620950.080715,879,9,T_PERIODIC_EXPIRY_BSR,SHORT_BSR,2,27
1785620950.080715,880,9,T_PERIODIC_EXPIRY_BSR,SHORT_BSR,2,27
1785620950.080715,881,9,T_PERIODIC_EXPIRY_BSR,SHORT_BSR,2,27
1785620950.235097,882,9,T_PERIODIC_EXPIRY_BSR,SHORT_BSR,2,27
1785620950.235097,883,9,T_PERIODIC_EXPIRY_BSR,SHORT_BSR,2,27
1785620950.235097,884,9,T_PERIODIC_EXPIRY_BSR,SHORT_BSR,2,27
1785620950.235097,885,9,T_PERIODIC_EXPIRY_BSR,SHORT_BSR,2,27
1785620950.235097,886,9,T_PERIODIC_EXPIRY_BSR,SHORT_BSR,2,27
1785620950.235097,887,9,T_PERIODIC_EXPIRY_BSR,SHORT_BSR,2,26
1785620950.235097,888,9,T_PERIODIC_EXPIRY_BSR,SHORT_BSR,2,26
1785620950.235097,889,9,T_PERIODIC_EXPIRY_BSR,SHORT_BSR,2,26
1785620950.235097,890,9,T_PERIODIC_EXPIRY_BSR,SHORT_BSR,2,26
1785620950.235097,891,9,T_PERIODIC_EXPIRY_BSR,SHORT_BSR,2,26
1785620950.235097,892,9,T_PERIODIC_EXPIRY_BSR,SHORT_BSR,2,26
1785620950.235097,893,9,T_PERIODIC_EXPIRY_BSR,SHORT_BSR,2,26
1785620950.235097,894,9,T_PERIODIC_EXPIRY_BSR,SHORT_BSR,2,26
1785620950.235097,895,17,T_PERIODIC_EXPIRY_BSR,SHORT_BSR,2,26
1785620950.235097,896,17,T_PERIODIC_EXPIRY_BSR,SHORT_BSR,2,26
1785620950.385094,897,17,T_PERIODIC_EXPIRY_BSR,SHORT_BSR,2,26
1785620950.385094,898,17,T_PERIODIC_EXPIRY_BSR,SHORT_BSR,2,26
1785620950.385094,899,17,T_PERIODIC_EXPIRY_BSR,SHORT_BSR,2,26
1785620950.385094,900,17,T_PERIODIC_EXPIRY_BSR,SHORT_BSR,2,26
1785620950.385094,901,17,T_PERIODIC_EXPIRY_BSR,SHORT_BSR,2,26
1785620950.385094,902,17,T_PERIODIC_EXPIRY_BSR,SHORT_BSR,2,26
1785620950.385094,903,17,T_PERIODIC_EXPIRY_BSR,SHORT_BSR,2,26
1785620950.385094,904,17,T_PERIODIC_EXPIRY_BSR,SHORT_BSR,2,26
1785620950.385094,905,17,T_PERIODIC_EXPIRY_BSR,SHORT_BSR,2,26
1785620950.385094,906,17,T_PERIODIC_EXPIRY_BSR,SHORT_BSR,2,26
1785620950.385094,907,17,T_PERIODIC_EXPIRY_BSR,SHORT_BSR,2,26
1785620950.385094,908,17,T_PERIODIC_EXPIRY_BSR,SHORT_BSR,2,26
1785620950.385094,909,17,T_PERIODIC_EXPIRY_BSR,SHORT_BSR,2,26
1785620950.385094,910,17,T_PERIODIC_EXPIRY_BSR,SHORT_BSR,2,26
1785620950.385094,911,17,T_PERIODIC_EXPIRY_BSR,SHORT_BSR,2,26
1785620950.535094,912,17,T_PERIODIC_EXPIRY_BSR,SHORT_BSR,2,26
1785620950.535094,913,17,T_PERIODIC_EXPIRY_BSR,SHORT_BSR,2,26
1785620950.535094,914,17,T_PERIODIC_EXPIRY_BSR,SHORT_BSR,2,25
1785620950.535094,915,17,T_PERIODIC_EXPIRY_BSR,SHORT_BSR,2,25
1785620950.535094,916,17,T_PERIODIC_EXPIRY_BSR,SHORT_BSR,2,25
1785620950.535094,917,17,T_PERIODIC_EXPIRY_BSR,SHORT_BSR,2,25
1785620950.535094,918,17,T_PERIODIC_EXPIRY_BSR,SHORT_BSR,2,25
1785620950.535094,919,17,T_PERIODIC_EXPIRY_BSR,SHORT_BSR,2,25
1785620950.535094,920,17,T_PERIODIC_EXPIRY_BSR,SHORT_BSR,2,25
1785620950.535094,921,17,T_PERIODIC_EXPIRY_BSR,SHORT_BSR,2,25
1785620950.535094,922,17,T_PERIODIC_EXPIRY_BSR,SHORT_BSR,2,24
1785620950.535094,923,17,T_PERIODIC_EXPIRY_BSR,SHORT_BSR,2,24
1785620950.535094,924,17,T_PERIODIC_EXPIRY_BSR,SHORT_BSR,2,24
1785620950.535094,925,17,T_PERIODIC_EXPIRY_BSR,SHORT_BSR,2,24
1785620950.535094,926,17,T_PERIODIC_EXPIRY_BSR,SHORT_BSR,2,24
1785620950.690112,927,17,T_PERIODIC_EXPIRY_BSR,SHORT_BSR,2,24
1785620950.690112,928,17,T_PERIODIC_EXPIRY_BSR,SHORT_BSR,2,24
1785620950.690112,929,17,T_PERIODIC_EXPIRY_BSR,SHORT_BSR,2,24
1785620950.690112,930,17,T_PERIODIC_EXPIRY_BSR,SHORT_BSR,2,24
1785620950.690112,931,17,T_PERIODIC_EXPIRY_BSR,SHORT_BSR,2,24
1785620950.690112,932,17,T_PERIODIC_EXPIRY_BSR,SHORT_BSR,2,24
1785620950.690112,933,17,T_PERIODIC_EXPIRY_BSR,SHORT_BSR,2,23
1785620950.690112,934,17,T_PERIODIC_EXPIRY_BSR,SHORT_BSR,2,24
1785620950.690112,935,17,T_PERIODIC_EXPIRY_BSR,SHORT_BSR,2,23
1785620950.690112,936,17,T_PERIODIC_EXPIRY_BSR,SHORT_BSR,2,23
1785620950.690112,938,7,T_PERIODIC_EXPIRY_BSR,SHORT_BSR,2,23
1785620950.690112,939,7,T_PERIODIC_EXPIRY_BSR,SHORT_BSR,2,23
1785620950.690112,940,7,T_PERIODIC_EXPIRY_BSR,SHORT_BSR,2,23
1785620950.690112,941,7,T_PERIODIC_EXPIRY_BSR,SHORT_BSR,2,23
1785620950.690112,942,7,T_PERIODIC_EXPIRY_BSR,SHORT_BSR,2,23
1785620950.845102,943,7,T_PERIODIC_EXPIRY_BSR,SHORT_BSR,2,23
1785620950.845102,944,7,T_PERIODIC_EXPIRY_BSR,SHORT_BSR,2,22
1785620950.845102,945,7,T_PERIODIC_EXPIRY_BSR,SHORT_BSR,2,22
1785620950.845102,946,7,T_PERIODIC_EXPIRY_BSR,SHORT_BSR,2,22
1785620950.845102,947,17,T_PERIODIC_EXPIRY_BSR,SHORT_BSR,2,24
1785620950.845102,948,17,T_PERIODIC_EXPIRY_BSR,SHORT_BSR,2,25
1785620950.845102,949,17,T_PERIODIC_EXPIRY_BSR,SHORT_BSR,2,26
1785620950.845102,950,17,T_PERIODIC_EXPIRY_BSR,SHORT_BSR,2,26
1785620950.845102,951,17,T_PERIODIC_EXPIRY_BSR,SHORT_BSR,2,25
1785620950.845102,952,18,T_PERIODIC_EXPIRY_BSR,SHORT_BSR,2,25
1785620950.845102,953,18,T_PERIODIC_EXPIRY_BSR,SHORT_BSR,2,26
1785620950.845102,954,17,T_PERIODIC_EXPIRY_BSR,SHORT_BSR,2,26
1785620950.845102,955,17,T_PERIODIC_EXPIRY_BSR,SHORT_BSR,2,27
1785620950.845102,956,17,T_PERIODIC_EXPIRY_BSR,SHORT_BSR,2,27
1785620950.845102,957,17,T_PERIODIC_EXPIRY_BSR,SHORT_BSR,2,27
1785620950.995106,958,17,T_PERIODIC_EXPIRY_BSR,SHORT_BSR,2,27
1785620950.995106,959,17,T_PERIODIC_EXPIRY_BSR,SHORT_BSR,2,27
1785620950.995106,960,17,T_PERIODIC_EXPIRY_BSR,SHORT_BSR,2,26
1785620950.995106,961,17,T_PERIODIC_EXPIRY_BSR,SHORT_BSR,2,26
1785620950.995106,962,17,T_PERIODIC_EXPIRY_BSR,SHORT_BSR,2,26
1785620950.995106,963,17,T_PERIODIC_EXPIRY_BSR,SHORT_BSR,2,26
1785620950.995106,964,17,T_PERIODIC_EXPIRY_BSR,SHORT_BSR,2,26
1785620950.995106,965,17,T_PERIODIC_EXPIRY_BSR,SHORT_BSR,2,26
1785620950.995106,966,17,T_PERIODIC_EXPIRY_BSR,SHORT_BSR,2,26
1785620950.995106,967,17,T_PERIODIC_EXPIRY_BSR,SHORT_BSR,2,26
1785620950.995106,968,17,T_PERIODIC_EXPIRY_BSR,SHORT_BSR,2,26
1785620950.995106,969,17,T_PERIODIC_EXPIRY_BSR,SHORT_BSR,2,25
1785620950.995106,970,17,T_PERIODIC_EXPIRY_BSR,SHORT_BSR,2,25
1785620950.995106,971,17,T_PERIODIC_EXPIRY_BSR,SHORT_BSR,2,26
1785620950.995106,972,17,T_PERIODIC_EXPIRY_BSR,SHORT_BSR,2,25
1785620951.150103,973,17,T_PERIODIC_EXPIRY_BSR,SHORT_BSR,2,25
1785620951.150103,974,17,T_PERIODIC_EXPIRY_BSR,SHORT_BSR,2,25
1785620951.150103,976,7,T_PERIODIC_EXPIRY_BSR,SHORT_BSR,2,24
1785620951.150103,977,7,T_PERIODIC_EXPIRY_BSR,SHORT_BSR,2,24
1785620951.150103,978,7,T_PERIODIC_EXPIRY_BSR,SHORT_BSR,2,24
1785620951.150103,979,7,T_PERIODIC_EXPIRY_BSR,SHORT_BSR,2,24
1785620951.150103,980,7,T_PERIODIC_EXPIRY_BSR,SHORT_BSR,2,24
1785620951.150103,981,7,T_PERIODIC_EXPIRY_BSR,SHORT_BSR,2,23
1785620951.150103,982,7,T_PERIODIC_EXPIRY_BSR,SHORT_BSR,2,23
1785620951.150103,983,7,T_PERIODIC_EXPIRY_BSR,SHORT_BSR,2,23
1785620951.150103,984,7,T_PERIODIC_EXPIRY_BSR,SHORT_BSR,2,23
1785620951.150103,985,7,T_PERIODIC_EXPIRY_BSR,SHORT_BSR,2,23
1785620951.150103,986,7,T_PERIODIC_EXPIRY_BSR,SHORT_BSR,2,23
1785620951.150103,987,7,T_PERIODIC_EXPIRY_BSR,SHORT_BSR,2,23
1785620951.150103,988,7,T_PERIODIC_EXPIRY_BSR,SHORT_BSR,2,22
1785620951.325105,989,7,T_PERIODIC_EXPIRY_BSR,SHORT_BSR,2,22
1785620951.325105,990,7,T_PERIODIC_EXPIRY_BSR,SHORT_BSR,2,23
1785620951.325105,991,7,T_PERIODIC_EXPIRY_BSR,SHORT_BSR,2,22
1785620951.325105,994,18,T_PERIODIC_EXPIRY_BSR,SHORT_BSR,2,27
1785620951.325105,995,17,T_PERIODIC_EXPIRY_BSR,SHORT_BSR,2,27
1785620951.325105,996,17,T_PERIODIC_EXPIRY_BSR,SHORT_BSR,2,27
1785620951.325105,997,17,T_PERIODIC_EXPIRY_BSR,SHORT_BSR,2,28
1785620951.325105,998,17,T_PERIODIC_EXPIRY_BSR,SHORT_BSR,2,27
1785620951.325105,999,17,T_PERIODIC_EXPIRY_BSR,SHORT_BSR,2,27
1785620951.325105,1000,17,T_PERIODIC_EXPIRY_BSR,SHORT_BSR,2,27
1785620951.325105,1001,17,T_PERIODIC_EXPIRY_BSR,SHORT_BSR,2,27
1785620951.325105,1002,17,T_PERIODIC_EXPIRY_BSR,SHORT_BSR,2,27
1785620951.325105,1003,17,T_PERIODIC_EXPIRY_BSR,SHORT_BSR,2,27
1785620951.325105,1004,17,T_PERIODIC_EXPIRY_BSR,SHORT_BSR,2,27
1785620951.325105,1005,17,T_PERIODIC_EXPIRY_BSR,SHORT_BSR,2,27
1785620951.475100,1006,17,T_PERIODIC_EXPIRY_BSR,SHORT_BSR,2,27
1785620951.475100,1007,17,T_PERIODIC_EXPIRY_BSR,SHORT_BSR,2,27
1785620951.475100,1008,17,T_PERIODIC_EXPIRY_BSR,SHORT_BSR,2,27
1785620951.475100,1009,17,T_PERIODIC_EXPIRY_BSR,SHORT_BSR,2,27
1785620951.475100,1010,17,T_PERIODIC_EXPIRY_BSR,SHORT_BSR,2,27
1785620951.475100,1011,17,T_PERIODIC_EXPIRY_BSR,SHORT_BSR,2,27
1785620951.475100,1012,17,T_PERIODIC_EXPIRY_BSR,SHORT_BSR,2,27
1785620951.475100,1013,17,T_PERIODIC_EXPIRY_BSR,SHORT_BSR,2,27
1785620951.475100,1014,17,T_PERIODIC_EXPIRY_BSR,SHORT_BSR,2,27
1785620951.475100,1015,17,T_PERIODIC_EXPIRY_BSR,SHORT_BSR,2,27
1785620951.475100,1016,17,T_PERIODIC_EXPIRY_BSR,SHORT_BSR,2,27
1785620951.475100,1017,17,T_PERIODIC_EXPIRY_BSR,SHORT_BSR,2,27
1785620951.475100,1018,17,T_PERIODIC_EXPIRY_BSR,SHORT_BSR,2,27
1785620951.475100,1019,17,T_PERIODIC_EXPIRY_BSR,SHORT_BSR,2,27
1785620951.475100,1020,17,T_PERIODIC_EXPIRY_BSR,SHORT_BSR,2,27
1785620951.625100,1021,17,T_PERIODIC_EXPIRY_BSR,SHORT_BSR,2,27
1785620951.625100,1022,17,T_PERIODIC_EXPIRY_BSR,SHORT_BSR,2,27
1785620951.625100,1023,17,T_PERIODIC_EXPIRY_BSR,SHORT_BSR,2,27
1785620951.625100,0,17,T_PERIODIC_EXPIRY_BSR,SHORT_BSR,2,27
1785620951.625100,1,17,T_PERIODIC_EXPIRY_BSR,SHORT_BSR,2,27
1785620951.625100,2,17,T_PERIODIC_EXPIRY_BSR,SHORT_BSR,2,27
1785620951.625100,3,17,T_PERIODIC_EXPIRY_BSR,SHORT_BSR,2,27
1785620951.625100,4,17,T_PERIODIC_EXPIRY_BSR,SHORT_BSR,2,27
1785620951.625100,5,17,T_PERIODIC_EXPIRY_BSR,SHORT_BSR,2,27
1785620951.625100,6,17,T_PERIODIC_EXPIRY_BSR,SHORT_BSR,2,26
1785620951.625100,7,17,T_PERIODIC_EXPIRY_BSR,SHORT_BSR,2,26
1785620951.625100,8,17,T_PERIODIC_EXPIRY_BSR,SHORT_BSR,2,26
1785620951.625100,9,17,T_PERIODIC_EXPIRY_BSR,SHORT_BSR,2,26
1785620951.625100,10,17,T_PERIODIC_EXPIRY_BSR,SHORT_BSR,2,26
1785620951.625100,11,17,T_PERIODIC_EXPIRY_BSR,SHORT_BSR,2,26
1785620951.775104,12,17,T_PERIODIC_EXPIRY_BSR,SHORT_BSR,2,26
1785620951.775104,13,17,T_PERIODIC_EXPIRY_BSR,SHORT_BSR,2,26
1785620951.775104,14,17,T_PERIODIC_EXPIRY_BSR,SHORT_BSR,2,25
1785620951.775104,15,17,T_PERIODIC_EXPIRY_BSR,SHORT_BSR,2,26
1785620951.775104,16,17,T_PERIODIC_EXPIRY_BSR,SHORT_BSR,2,25
1785620951.775104,17,17,T_PERIODIC_EXPIRY_BSR,SHORT_BSR,2,25
1785620951.775104,18,17,T_PERIODIC_EXPIRY_BSR,SHORT_BSR,2,25
1785620951.775104,19,17,T_PERIODIC_EXPIRY_BSR,SHORT_BSR,2,25
1785620951.775104,20,17,T_PERIODIC_EXPIRY_BSR,SHORT_BSR,2,25
1785620951.775104,21,17,T_PERIODIC_EXPIRY_BSR,SHORT_BSR,2,24
1785620951.775104,22,17,T_PERIODIC_EXPIRY_BSR,SHORT_BSR,2,24
1785620951.775104,23,17,T_PERIODIC_EXPIRY_BSR,SHORT_BSR,2,24
1785620951.775104,24,17,T_PERIODIC_EXPIRY_BSR,SHORT_BSR,2,24
1785620951.775104,25,17,T_PERIODIC_EXPIRY_BSR,SHORT_BSR,2,23
1785620951.775104,26,17,T_PERIODIC_EXPIRY_BSR,SHORT_BSR,2,23
1785620951.925741,27,17,T_PERIODIC_EXPIRY_BSR,SHORT_BSR,2,23
1785620951.925741,28,17,T_PERIODIC_EXPIRY_BSR,SHORT_BSR,2,23
1785620951.925741,29,17,T_PERIODIC_EXPIRY_BSR,SHORT_BSR,2,22
1785620951.925741,30,17,T_PERIODIC_EXPIRY_BSR,SHORT_BSR,2,22
1785620951.925741,31,17,T_PERIODIC_EXPIRY_BSR,SHORT_BSR,2,22
1785620951.925741,32,17,T_PERIODIC_EXPIRY_BSR,SHORT_BSR,2,23
1785620951.925741,33,17,T_PERIODIC_EXPIRY_BSR,SHORT_BSR,2,23
1785620951.925741,34,17,T_PERIODIC_EXPIRY_BSR,SHORT_BSR,2,23
1785620951.925741,35,17,T_PERIODIC_EXPIRY_BSR,SHORT_BSR,2,22
1785620951.925741,36,17,T_PERIODIC_EXPIRY_BSR,SHORT_BSR,2,21
1785620951.925741,37,18,T_PERIODIC_EXPIRY_BSR,SHORT_BSR,2,23
1785620951.925741,38,17,T_PERIODIC_EXPIRY_BSR,SHORT_BSR,2,23
1785620951.925741,39,19,T_PERIODIC_EXPIRY_BSR,SHORT_BSR,2,23
1785620951.925741,40,19,T_PERIODIC_EXPIRY_BSR,SHORT_BSR,2,24
1785620951.925741,41,19,T_PERIODIC_EXPIRY_BSR,SHORT_BSR,2,25
1785620952.075714,42,19,T_PERIODIC_EXPIRY_BSR,SHORT_BSR,2,26
1785620952.075714,43,19,T_PERIODIC_EXPIRY_BSR,SHORT_BSR,2,26
1785620952.075714,44,19,T_PERIODIC_EXPIRY_BSR,SHORT_BSR,2,26
1785620952.075714,45,19,T_PERIODIC_EXPIRY_BSR,SHORT_BSR,2,26
1785620952.075714,46,19,T_PERIODIC_EXPIRY_BSR,SHORT_BSR,2,26
1785620952.075714,47,19,T_PERIODIC_EXPIRY_BSR,SHORT_BSR,2,26
1785620952.075714,48,19,T_PERIODIC_EXPIRY_BSR,SHORT_BSR,2,26
1785620952.075714,49,19,T_PERIODIC_EXPIRY_BSR,SHORT_BSR,2,26
1785620952.075714,50,19,T_PERIODIC_EXPIRY_BSR,SHORT_BSR,2,25
1785620952.075714,51,19,T_PERIODIC_EXPIRY_BSR,SHORT_BSR,2,25
1785620952.075714,52,19,T_PERIODIC_EXPIRY_BSR,SHORT_BSR,2,25
1785620952.075714,53,19,T_PERIODIC_EXPIRY_BSR,SHORT_BSR,2,25
1785620952.075714,54,19,T_PERIODIC_EXPIRY_BSR,SHORT_BSR,2,25
1785620952.075714,55,19,T_PERIODIC_EXPIRY_BSR,SHORT_BSR,2,25
1785620952.075714,56,19,T_PERIODIC_EXPIRY_BSR,SHORT_BSR,2,24
1785620952.235106,57,19,T_PERIODIC_EXPIRY_BSR,SHORT_BSR,2,24
1785620952.235106,58,19,T_PERIODIC_EXPIRY_BSR,SHORT_BSR,2,24
1785620952.235106,59,19,T_PERIODIC_EXPIRY_BSR,SHORT_BSR,2,24
1785620952.235106,60,19,T_PERIODIC_EXPIRY_BSR,SHORT_BSR,2,23
1785620952.235106,61,19,T_PERIODIC_EXPIRY_BSR,SHORT_BSR,2,22
1785620952.235106,63,7,T_PERIODIC_EXPIRY_BSR,SHORT_BSR,2,23
1785620952.235106,64,7,T_PERIODIC_EXPIRY_BSR,SHORT_BSR,2,24
1785620952.235106,65,7,T_PERIODIC_EXPIRY_BSR,SHORT_BSR,2,24
1785620952.235106,66,7,T_PERIODIC_EXPIRY_BSR,SHORT_BSR,2,24
1785620952.235106,67,7,T_PERIODIC_EXPIRY_BSR,SHORT_BSR,2,23
1785620952.235106,68,7,T_PERIODIC_EXPIRY_BSR,SHORT_BSR,2,23
1785620952.235106,69,7,T_PERIODIC_EXPIRY_BSR,SHORT_BSR,2,23
1785620952.235106,70,7,T_PERIODIC_EXPIRY_BSR,SHORT_BSR,2,22
1785620952.235106,71,7,T_PERIODIC_EXPIRY_BSR,SHORT_BSR,2,21
1785620952.235106,72,17,T_PERIODIC_EXPIRY_BSR,SHORT_BSR,2,24
1785620952.395105,73,17,T_PERIODIC_EXPIRY_BSR,SHORT_BSR,2,25
1785620952.395105,74,17,T_PERIODIC_EXPIRY_BSR,SHORT_BSR,2,25
1785620952.395105,75,17,T_PERIODIC_EXPIRY_BSR,SHORT_BSR,2,25
1785620952.395105,76,17,T_PERIODIC_EXPIRY_BSR,SHORT_BSR,2,24
1785620952.395105,77,17,T_PERIODIC_EXPIRY_BSR,SHORT_BSR,2,24
1785620952.395105,78,19,T_PERIODIC_EXPIRY_BSR,SHORT_BSR,2,22
1785620952.395105,80,7,T_PERIODIC_EXPIRY_BSR,SHORT_BSR,2,24
1785620952.395105,81,7,T_PERIODIC_EXPIRY_BSR,SHORT_BSR,2,24
1785620952.395105,82,17,T_PERIODIC_EXPIRY_BSR,SHORT_BSR,2,24
1785620952.395105,83,18,T_PERIODIC_EXPIRY_BSR,SHORT_BSR,2,25
1785620952.395105,84,18,T_PERIODIC_EXPIRY_BSR,SHORT_BSR,2,25
1785620952.395105,85,17,T_PERIODIC_EXPIRY_BSR,SHORT_BSR,2,26
1785620952.395105,86,17,T_PERIODIC_EXPIRY_BSR,SHORT_BSR,2,26
1785620952.395105,87,17,T_PERIODIC_EXPIRY_BSR,SHORT_BSR,2,26
1785620952.395105,88,17,T_PERIODIC_EXPIRY_BSR,SHORT_BSR,2,26
1785620952.545105,89,17,T_PERIODIC_EXPIRY_BSR,SHORT_BSR,2,26
1785620952.545105,90,17,T_PERIODIC_EXPIRY_BSR,SHORT_BSR,2,26
1785620952.545105,91,17,T_PERIODIC_EXPIRY_BSR,SHORT_BSR,2,26
1785620952.545105,92,17,T_PERIODIC_EXPIRY_BSR,SHORT_BSR,2,26
1785620952.545105,93,17,T_PERIODIC_EXPIRY_BSR,SHORT_BSR,2,26
1785620952.545105,94,17,T_PERIODIC_EXPIRY_BSR,SHORT_BSR,2,26
1785620952.545105,95,18,T_PERIODIC_EXPIRY_BSR,SHORT_BSR,2,25
1785620952.545105,96,17,T_PERIODIC_EXPIRY_BSR,SHORT_BSR,2,26
1785620952.545105,97,17,T_PERIODIC_EXPIRY_BSR,SHORT_BSR,2,25
1785620952.545105,98,17,T_PERIODIC_EXPIRY_BSR,SHORT_BSR,2,25
1785620952.545105,99,17,T_PERIODIC_EXPIRY_BSR,SHORT_BSR,2,25
1785620952.545105,100,17,T_PERIODIC_EXPIRY_BSR,SHORT_BSR,2,25
1785620952.545105,101,17,T_PERIODIC_EXPIRY_BSR,SHORT_BSR,2,25
1785620952.545105,102,17,T_PERIODIC_EXPIRY_BSR,SHORT_BSR,2,24
1785620952.545105,103,17,T_PERIODIC_EXPIRY_BSR,SHORT_BSR,2,24
1785620952.700099,104,17,T_PERIODIC_EXPIRY_BSR,SHORT_BSR,2,24
1785620952.700099,105,17,T_PERIODIC_EXPIRY_BSR,SHORT_BSR,2,23
1785620952.700099,106,17,T_PERIODIC_EXPIRY_BSR,SHORT_BSR,2,23
1785620952.700099,107,17,T_PERIODIC_EXPIRY_BSR,SHORT_BSR,2,23
1785620952.700099,108,17,T_PERIODIC_EXPIRY_BSR,SHORT_BSR,2,22
1785620952.700099,109,17,T_PERIODIC_EXPIRY_BSR,SHORT_BSR,2,21
1785620952.700099,110,17,T_PERIODIC_EXPIRY_BSR,SHORT_BSR,2,22
1785620952.700099,111,17,T_PERIODIC_EXPIRY_BSR,SHORT_BSR,2,23
1785620952.700099,112,18,T_PERIODIC_EXPIRY_BSR,SHORT_BSR,2,24
1785620952.700099,113,18,T_PERIODIC_EXPIRY_BSR,SHORT_BSR,2,24
1785620952.700099,115,7,T_PERIODIC_EXPIRY_BSR,SHORT_BSR,2,26
1785620952.700099,116,7,T_PERIODIC_EXPIRY_BSR,SHORT_BSR,2,26
1785620952.700099,117,7,T_PERIODIC_EXPIRY_BSR,SHORT_BSR,2,26
1785620952.700099,118,7,T_PERIODIC_EXPIRY_BSR,SHORT_BSR,2,26
1785620952.700099,119,7,T_PERIODIC_EXPIRY_BSR,SHORT_BSR,2,26
1785620952.850102,120,7,T_PERIODIC_EXPIRY_BSR,SHORT_BSR,2,26
1785620952.850102,121,7,T_PERIODIC_EXPIRY_BSR,SHORT_BSR,2,25
1785620952.850102,122,7,T_PERIODIC_EXPIRY_BSR,SHORT_BSR,2,26
1785620952.850102,123,7,T_PERIODIC_EXPIRY_BSR,SHORT_BSR,2,25
1785620952.850102,124,7,T_PERIODIC_EXPIRY_BSR,SHORT_BSR,2,25
1785620952.850102,125,7,T_PERIODIC_EXPIRY_BSR,SHORT_BSR,2,25
1785620952.850102,126,7,T_PERIODIC_EXPIRY_BSR,SHORT_BSR,2,25
1785620952.850102,127,7,T_PERIODIC_EXPIRY_BSR,SHORT_BSR,2,24
1785620952.850102,128,7,T_PERIODIC_EXPIRY_BSR,SHORT_BSR,2,24
1785620952.850102,129,7,T_PERIODIC_EXPIRY_BSR,SHORT_BSR,2,24
1785620952.850102,130,7,T_PERIODIC_EXPIRY_BSR,SHORT_BSR,2,24
1785620952.850102,131,7,T_PERIODIC_EXPIRY_BSR,SHORT_BSR,2,24
1785620952.850102,132,7,T_PERIODIC_EXPIRY_BSR,SHORT_BSR,2,23
1785620952.850102,133,7,T_PERIODIC_EXPIRY_BSR,SHORT_BSR,2,23
1785620952.850102,134,7,T_PERIODIC_EXPIRY_BSR,SHORT_BSR,2,24
1785620953.010103,135,7,T_PERIODIC_EXPIRY_BSR,SHORT_BSR,2,23
1785620953.010103,136,7,T_PERIODIC_EXPIRY_BSR,SHORT_BSR,2,23
1785620953.010103,137,17,T_PERIODIC_EXPIRY_BSR,SHORT_BSR,2,22
1785620953.010103,138,17,T_PERIODIC_EXPIRY_BSR,SHORT_BSR,2,23
1785620953.010103,139,17,T_PERIODIC_EXPIRY_BSR,SHORT_BSR,2,23
1785620953.010103,140,17,T_PERIODIC_EXPIRY_BSR,SHORT_BSR,2,22
1785620953.010103,141,18,T_PERIODIC_EXPIRY_BSR,SHORT_BSR,2,22
1785620953.010103,142,18,T_PERIODIC_EXPIRY_BSR,SHORT_BSR,2,23
1785620953.010103,143,17,T_PERIODIC_EXPIRY_BSR,SHORT_BSR,2,24
1785620953.010103,144,17,T_PERIODIC_EXPIRY_BSR,SHORT_BSR,2,23
1785620953.010103,145,17,T_PERIODIC_EXPIRY_BSR,SHORT_BSR,2,23
1785620953.010103,146,19,T_PERIODIC_EXPIRY_BSR,SHORT_BSR,2,23
1785620953.010103,147,19,T_PERIODIC_EXPIRY_BSR,SHORT_BSR,2,22
1785620953.010103,149,7,T_PERIODIC_EXPIRY_BSR,SHORT_BSR,2,24
1785620953.010103,150,7,T_PERIODIC_EXPIRY_BSR,SHORT_BSR,2,24
1785620953.160085,151,7,T_PERIODIC_EXPIRY_BSR,SHORT_BSR,2,24
1785620953.160085,152,7,T_PERIODIC_EXPIRY_BSR,SHORT_BSR,2,24
1785620953.160085,153,7,T_PERIODIC_EXPIRY_BSR,SHORT_BSR,2,23
1785620953.160085,154,7,T_PERIODIC_EXPIRY_BSR,SHORT_BSR,2,23
1785620953.160085,155,7,T_PERIODIC_EXPIRY_BSR,SHORT_BSR,2,22
1785620953.160085,156,7,T_PERIODIC_EXPIRY_BSR,SHORT_BSR,2,22
1785620953.160085,157,7,T_PERIODIC_EXPIRY_BSR,SHORT_BSR,2,22
1785620953.160085,158,8,T_PERIODIC_EXPIRY_BSR,SHORT_BSR,2,23
1785620953.160085,159,8,T_PERIODIC_EXPIRY_BSR,SHORT_BSR,2,24
1785620953.160085,160,8,T_PERIODIC_EXPIRY_BSR,SHORT_BSR,2,25
1785620953.160085,161,8,T_PERIODIC_EXPIRY_BSR,SHORT_BSR,2,25
1785620953.160085,162,7,T_PERIODIC_EXPIRY_BSR,SHORT_BSR,2,25
1785620953.160085,163,7,T_PERIODIC_EXPIRY_BSR,SHORT_BSR,2,25
1785620953.160085,164,7,T_PERIODIC_EXPIRY_BSR,SHORT_BSR,2,25
1785620953.160085,165,7,T_PERIODIC_EXPIRY_BSR,SHORT_BSR,2,25
1785620953.315100,166,7,T_PERIODIC_EXPIRY_BSR,SHORT_BSR,2,24
1785620953.315100,167,7,T_PERIODIC_EXPIRY_BSR,SHORT_BSR,2,24
1785620953.315100,168,7,T_PERIODIC_EXPIRY_BSR,SHORT_BSR,2,24
1785620953.315100,169,7,T_PERIODIC_EXPIRY_BSR,SHORT_BSR,2,23
1785620953.315100,170,7,T_PERIODIC_EXPIRY_BSR,SHORT_BSR,2,22
1785620953.315100,171,17,T_PERIODIC_EXPIRY_BSR,SHORT_BSR,2,22
1785620953.315100,172,17,T_PERIODIC_EXPIRY_BSR,SHORT_BSR,2,24
1785620953.315100,173,17,T_PERIODIC_EXPIRY_BSR,SHORT_BSR,2,24
1785620953.315100,174,17,T_PERIODIC_EXPIRY_BSR,SHORT_BSR,2,24
1785620953.315100,175,17,T_PERIODIC_EXPIRY_BSR,SHORT_BSR,2,24
1785620953.315100,176,18,T_PERIODIC_EXPIRY_BSR,SHORT_BSR,2,24
1785620953.315100,177,17,T_PERIODIC_EXPIRY_BSR,SHORT_BSR,2,25
1785620953.315100,178,17,T_PERIODIC_EXPIRY_BSR,SHORT_BSR,2,24
1785620953.315100,179,17,T_PERIODIC_EXPIRY_BSR,SHORT_BSR,2,24
1785620953.315100,180,17,T_PERIODIC_EXPIRY_BSR,SHORT_BSR,2,24
1785620953.470099,181,17,T_PERIODIC_EXPIRY_BSR,SHORT_BSR,2,23
1785620953.470099,182,17,T_PERIODIC_EXPIRY_BSR,SHORT_BSR,2,23
1785620953.470099,183,17,T_PERIODIC_EXPIRY_BSR,SHORT_BSR,2,22
1785620953.470099,184,17,T_PERIODIC_EXPIRY_BSR,SHORT_BSR,2,21
1785620953.470099,185,18,T_PERIODIC_EXPIRY_BSR,SHORT_BSR,2,22
1785620953.470099,186,17,T_PERIODIC_EXPIRY_BSR,SHORT_BSR,2,23
1785620953.470099,187,18,T_PERIODIC_EXPIRY_BSR,SHORT_BSR,2,24
1785620953.470099,188,18,T_PERIODIC_EXPIRY_BSR,SHORT_BSR,2,24
1785620953.470099,190,7,T_PERIODIC_EXPIRY_BSR,SHORT_BSR,2,26
1785620953.470099,191,7,T_PERIODIC_EXPIRY_BSR,SHORT_BSR,2,26
1785620953.470099,192,7,T_PERIODIC_EXPIRY_BSR,SHORT_BSR,2,26
1785620953.470099,193,7,T_PERIODIC_EXPIRY_BSR,SHORT_BSR,2,26
1785620953.470099,194,7,T_PERIODIC_EXPIRY_BSR,SHORT_BSR,2,27
1785620953.470099,195,7,T_PERIODIC_EXPIRY_BSR,SHORT_BSR,2,26
1785620953.470099,196,7,T_PERIODIC_EXPIRY_BSR,SHORT_BSR,2,26
1785620953.620097,197,7,T_PERIODIC_EXPIRY_BSR,SHORT_BSR,2,26
1785620953.620097,198,7,T_PERIODIC_EXPIRY_BSR,SHORT_BSR,2,26
1785620953.620097,199,7,T_PERIODIC_EXPIRY_BSR,SHORT_BSR,2,26
1785620953.620097,200,7,T_PERIODIC_EXPIRY_BSR,SHORT_BSR,2,26
1785620953.620097,201,7,T_PERIODIC_EXPIRY_BSR,SHORT_BSR,2,26
1785620953.620097,202,7,T_PERIODIC_EXPIRY_BSR,SHORT_BSR,2,26
1785620953.620097,203,7,T_PERIODIC_EXPIRY_BSR,SHORT_BSR,2,25
1785620953.620097,204,7,T_PERIODIC_EXPIRY_BSR,SHORT_BSR,2,25
1785620953.620097,205,7,T_PERIODIC_EXPIRY_BSR,SHORT_BSR,2,25
1785620953.620097,206,7,T_PERIODIC_EXPIRY_BSR,SHORT_BSR,2,25
1785620953.620097,207,7,T_PERIODIC_EXPIRY_BSR,SHORT_BSR,2,25
1785620953.620097,208,7,T_PERIODIC_EXPIRY_BSR,SHORT_BSR,2,25
1785620953.620097,209,7,T_PERIODIC_EXPIRY_BSR,SHORT_BSR,2,25
1785620953.620097,210,7,T_PERIODIC_EXPIRY_BSR,SHORT_BSR,2,24
1785620953.620097,211,7,T_PERIODIC_EXPIRY_BSR,SHORT_BSR,2,24
1785620953.770085,212,7,T_PERIODIC_EXPIRY_BSR,SHORT_BSR,2,24
1785620953.770085,213,7,T_PERIODIC_EXPIRY_BSR,SHORT_BSR,2,24
1785620953.770085,214,7,T_PERIODIC_EXPIRY_BSR,SHORT_BSR,2,23
1785620953.770085,215,7,T_PERIODIC_EXPIRY_BSR,SHORT_BSR,2,23
1785620953.770085,216,7,T_PERIODIC_EXPIRY_BSR,SHORT_BSR,2,23
1785620953.770085,217,7,T_PERIODIC_EXPIRY_BSR,SHORT_BSR,2,23
1785620953.770085,218,7,T_PERIODIC_EXPIRY_BSR,SHORT_BSR,2,22
1785620953.770085,219,7,T_PERIODIC_EXPIRY_BSR,SHORT_BSR,2,21
1785620953.770085,220,7,T_PERIODIC_EXPIRY_BSR,SHORT_BSR,2,22
1785620953.770085,221,7,T_PERIODIC_EXPIRY_BSR,SHORT_BSR,2,23
1785620953.770085,222,8,T_PERIODIC_EXPIRY_BSR,SHORT_BSR,2,24
1785620953.770085,223,8,T_PERIODIC_EXPIRY_BSR,SHORT_BSR,2,25
1785620953.770085,224,8,T_PERIODIC_EXPIRY_BSR,SHORT_BSR,2,25
1785620953.770085,225,8,T_PERIODIC_EXPIRY_BSR,SHORT_BSR,2,26
1785620953.770085,226,7,T_PERIODIC_EXPIRY_BSR,SHORT_BSR,2,26
1785620953.920085,227,7,T_PERIODIC_EXPIRY_BSR,SHORT_BSR,2,26
1785620953.920085,228,7,T_PERIODIC_EXPIRY_BSR,SHORT_BSR,2,26
1785620953.920085,229,7,T_PERIODIC_EXPIRY_BSR,SHORT_BSR,2,26
1785620953.920085,230,7,T_PERIODIC_EXPIRY_BSR,SHORT_BSR,2,26
1785620953.920085,231,7,T_PERIODIC_EXPIRY_BSR,SHORT_BSR,2,26
1785620953.920085,232,7,T_PERIODIC_EXPIRY_BSR,SHORT_BSR,2,25
1785620953.920085,233,7,T_PERIODIC_EXPIRY_BSR,SHORT_BSR,2,25
1785620953.920085,234,7,T_PERIODIC_EXPIRY_BSR,SHORT_BSR,2,25
1785620953.920085,235,7,T_PERIODIC_EXPIRY_BSR,SHORT_BSR,2,25
1785620953.920085,236,7,T_PERIODIC_EXPIRY_BSR,SHORT_BSR,2,25
1785620953.920085,237,7,T_PERIODIC_EXPIRY_BSR,SHORT_BSR,2,25
1785620953.920085,238,7,T_PERIODIC_EXPIRY_BSR,SHORT_BSR,2,24
1785620953.920085,239,7,T_PERIODIC_EXPIRY_BSR,SHORT_BSR,2,24
1785620953.920085,240,7,T_PERIODIC_EXPIRY_BSR,SHORT_BSR,2,24
1785620953.920085,241,7,T_PERIODIC_EXPIRY_BSR,SHORT_BSR,2,24
1785620954.075098,242,7,T_PERIODIC_EXPIRY_BSR,SHORT_BSR,2,24
1785620954.075098,243,7,T_PERIODIC_EXPIRY_BSR,SHORT_BSR,2,24
1785620954.075098,244,17,T_PERIODIC_EXPIRY_BSR,SHORT_BSR,2,24
1785620954.075098,245,17,T_PERIODIC_EXPIRY_BSR,SHORT_BSR,2,23
1785620954.075098,246,17,T_PERIODIC_EXPIRY_BSR,SHORT_BSR,2,23
1785620954.075098,247,17,T_PERIODIC_EXPIRY_BSR,SHORT_BSR,2,23
1785620954.075098,248,17,T_PERIODIC_EXPIRY_BSR,SHORT_BSR,2,23
1785620954.075098,249,17,T_PERIODIC_EXPIRY_BSR,SHORT_BSR,2,23
1785620954.075098,250,17,T_PERIODIC_EXPIRY_BSR,SHORT_BSR,2,22
1785620954.075098,251,17,T_PERIODIC_EXPIRY_BSR,SHORT_BSR,2,22
1785620954.075098,252,17,T_PERIODIC_EXPIRY_BSR,SHORT_BSR,2,23
1785620954.075098,253,17,T_PERIODIC_EXPIRY_BSR,SHORT_BSR,2,23
1785620954.075098,254,17,T_PERIODIC_EXPIRY_BSR,SHORT_BSR,2,22
1785620954.075098,255,17,T_PERIODIC_EXPIRY_BSR,SHORT_BSR,2,22
1785620954.075098,256,17,T_PERIODIC_EXPIRY_BSR,SHORT_BSR,2,22
1785620954.235724,257,17,T_PERIODIC_EXPIRY_BSR,SHORT_BSR,2,22
1785620954.235724,258,17,T_PERIODIC_EXPIRY_BSR,SHORT_BSR,2,23
1785620954.235724,259,18,T_PERIODIC_EXPIRY_BSR,SHORT_BSR,2,23
1785620954.235724,260,18,T_PERIODIC_EXPIRY_BSR,SHORT_BSR,2,25
1785620954.235724,262,19,T_PERIODIC_EXPIRY_BSR,SHORT_BSR,2,27
1785620954.235724,263,19,T_PERIODIC_EXPIRY_BSR,SHORT_BSR,2,27
1785620954.235724,264,19,T_PERIODIC_EXPIRY_BSR,SHORT_BSR,2,28
1785620954.235724,265,19,T_PERIODIC_EXPIRY_BSR,SHORT_BSR,2,27
1785620954.235724,266,19,T_PERIODIC_EXPIRY_BSR,SHORT_BSR,2,27
1785620954.235724,267,19,T_PERIODIC_EXPIRY_BSR,SHORT_BSR,2,27
1785620954.235724,268,19,T_PERIODIC_EXPIRY_BSR,SHORT_BSR,2,27
1785620954.235724,269,19,T_PERIODIC_EXPIRY_BSR,SHORT_BSR,2,27
1785620954.235724,270,19,T_PERIODIC_EXPIRY_BSR,SHORT_BSR,2,27
1785620954.235724,271,19,T_PERIODIC_EXPIRY_BSR,SHORT_BSR,2,27
1785620954.235724,272,19,T_PERIODIC_EXPIRY_BSR,SHORT_BSR,2,27
1785620954.395086,273,19,T_PERIODIC_EXPIRY_BSR,SHORT_BSR,2,27
1785620954.395086,274,19,T_PERIODIC_EXPIRY_BSR,SHORT_BSR,2,27
1785620954.395086,275,19,T_PERIODIC_EXPIRY_BSR,SHORT_BSR,2,27
1785620954.395086,276,19,T_PERIODIC_EXPIRY_BSR,SHORT_BSR,2,27
1785620954.395086,277,19,T_PERIODIC_EXPIRY_BSR,SHORT_BSR,2,27
1785620954.395086,278,19,T_PERIODIC_EXPIRY_BSR,SHORT_BSR,2,27
1785620954.395086,280,17,T_PERIODIC_EXPIRY_BSR,SHORT_BSR,2,27
1785620954.395086,281,17,T_PERIODIC_EXPIRY_BSR,SHORT_BSR,2,27
1785620954.395086,282,17,T_PERIODIC_EXPIRY_BSR,SHORT_BSR,2,27
1785620954.395086,283,17,T_PERIODIC_EXPIRY_BSR,SHORT_BSR,2,27
1785620954.395086,284,17,T_PERIODIC_EXPIRY_BSR,SHORT_BSR,2,27
1785620954.395086,285,17,T_PERIODIC_EXPIRY_BSR,SHORT_BSR,2,27
1785620954.395086,286,17,T_PERIODIC_EXPIRY_BSR,SHORT_BSR,2,27
1785620954.395086,287,17,T_PERIODIC_EXPIRY_BSR,SHORT_BSR,2,27
1785620954.395086,288,17,T_PERIODIC_EXPIRY_BSR,SHORT_BSR,2,27
1785620954.545084,289,17,T_PERIODIC_EXPIRY_BSR,SHORT_BSR,2,27
1785620954.545084,290,17,T_PERIODIC_EXPIRY_BSR,SHORT_BSR,2,27
1785620954.545084,291,17,T_PERIODIC_EXPIRY_BSR,SHORT_BSR,2,27
1785620954.545084,292,17,T_PERIODIC_EXPIRY_BSR,SHORT_BSR,2,27
1785620954.545084,293,17,T_PERIODIC_EXPIRY_BSR,SHORT_BSR,2,27
1785620954.545084,294,17,T_PERIODIC_EXPIRY_BSR,SHORT_BSR,2,27
1785620954.545084,295,17,T_PERIODIC_EXPIRY_BSR,SHORT_BSR,2,26
1785620954.545084,296,17,T_PERIODIC_EXPIRY_BSR,SHORT_BSR,2,26
1785620954.545084,297,17,T_PERIODIC_EXPIRY_BSR,SHORT_BSR,2,26
1785620954.545084,298,17,T_PERIODIC_EXPIRY_BSR,SHORT_BSR,2,26
1785620954.545084,299,17,T_PERIODIC_EXPIRY_BSR,SHORT_BSR,2,26
1785620954.545084,300,17,T_PERIODIC_EXPIRY_BSR,SHORT_BSR,2,26
1785620954.545084,301,17,T_PERIODIC_EXPIRY_BSR,SHORT_BSR,2,26
1785620954.545084,302,17,T_PERIODIC_EXPIRY_BSR,SHORT_BSR,2,26
1785620954.545084,303,17,T_PERIODIC_EXPIRY_BSR,SHORT_BSR,2,26
1785620954.695084,304,17,T_PERIODIC_EXPIRY_BSR,SHORT_BSR,2,26
1785620954.695084,305,17,T_PERIODIC_EXPIRY_BSR,SHORT_BSR,2,26
1785620954.695084,306,17,T_PERIODIC_EXPIRY_BSR,SHORT_BSR,2,26
1785620954.695084,307,17,T_PERIODIC_EXPIRY_BSR,SHORT_BSR,2,26
1785620954.695084,308,17,T_PERIODIC_EXPIRY_BSR,SHORT_BSR,2,26
1785620954.695084,309,17,T_PERIODIC_EXPIRY_BSR,SHORT_BSR,2,26
1785620954.695084,310,17,T_PERIODIC_EXPIRY_BSR,SHORT_BSR,2,26
1785620954.695084,311,17,T_PERIODIC_EXPIRY_BSR,SHORT_BSR,2,26
1785620954.695084,312,17,T_PERIODIC_EXPIRY_BSR,SHORT_BSR,2,26
1785620954.695084,313,17,T_PERIODIC_EXPIRY_BSR,SHORT_BSR,2,26
1785620954.695084,314,17,T_PERIODIC_EXPIRY_BSR,SHORT_BSR,2,26
1785620954.695084,315,17,T_PERIODIC_EXPIRY_BSR,SHORT_BSR,2,26
1785620954.695084,316,17,T_PERIODIC_EXPIRY_BSR,SHORT_BSR,2,25
1785620954.695084,317,17,T_PERIODIC_EXPIRY_BSR,SHORT_BSR,2,25
1785620954.695084,318,17,T_PERIODIC_EXPIRY_BSR,SHORT_BSR,2,25
1785620954.845080,319,17,T_PERIODIC_EXPIRY_BSR,SHORT_BSR,2,25
1785620954.845080,320,17,T_PERIODIC_EXPIRY_BSR,SHORT_BSR,2,25
1785620954.845080,321,17,T_PERIODIC_EXPIRY_BSR,SHORT_BSR,2,25
1785620954.845080,322,17,T_PERIODIC_EXPIRY_BSR,SHORT_BSR,2,25
1785620954.845080,323,17,T_PERIODIC_EXPIRY_BSR,SHORT_BSR,2,25
1785620954.845080,324,17,T_PERIODIC_EXPIRY_BSR,SHORT_BSR,2,25
1785620954.845080,325,17,T_PERIODIC_EXPIRY_BSR,SHORT_BSR,2,25
1785620954.845080,326,17,T_PERIODIC_EXPIRY_BSR,SHORT_BSR,2,25
1785620954.845080,327,17,T_PERIODIC_EXPIRY_BSR,SHORT_BSR,2,25
1785620954.845080,328,17,T_PERIODIC_EXPIRY_BSR,SHORT_BSR,2,25
1785620954.845080,329,17,T_PERIODIC_EXPIRY_BSR,SHORT_BSR,2,25
1785620954.845080,330,17,T_PERIODIC_EXPIRY_BSR,SHORT_BSR,2,24
1785620954.845080,331,17,T_PERIODIC_EXPIRY_BSR,SHORT_BSR,2,25
1785620954.845080,332,17,T_PERIODIC_EXPIRY_BSR,SHORT_BSR,2,24
1785620954.845080,333,17,T_PERIODIC_EXPIRY_BSR,SHORT_BSR,2,24
1785620954.995709,334,17,T_PERIODIC_EXPIRY_BSR,SHORT_BSR,2,24
1785620954.995709,335,17,T_PERIODIC_EXPIRY_BSR,SHORT_BSR,2,24
1785620954.995709,336,17,T_PERIODIC_EXPIRY_BSR,SHORT_BSR,2,24
1785620954.995709,337,17,T_PERIODIC_EXPIRY_BSR,SHORT_BSR,2,24
1785620954.995709,338,17,T_PERIODIC_EXPIRY_BSR,SHORT_BSR,2,24
1785620954.995709,339,17,T_PERIODIC_EXPIRY_BSR,SHORT_BSR,2,23
1785620954.995709,340,17,T_PERIODIC_EXPIRY_BSR,SHORT_BSR,2,23
1785620954.995709,341,17,T_PERIODIC_EXPIRY_BSR,SHORT_BSR,2,22
1785620954.995709,342,17,T_PERIODIC_EXPIRY_BSR,SHORT_BSR,2,22
1785620954.995709,343,17,T_PERIODIC_EXPIRY_BSR,SHORT_BSR,2,22
1785620954.995709,344,18,T_PERIODIC_EXPIRY_BSR,SHORT_BSR,2,23
1785620954.995709,345,18,T_PERIODIC_EXPIRY_BSR,SHORT_BSR,2,24
1785620954.995709,346,19,T_PERIODIC_EXPIRY_BSR,SHORT_BSR,2,25
1785620954.995709,347,19,T_PERIODIC_EXPIRY_BSR,SHORT_BSR,2,26
1785620954.995709,348,19,T_PERIODIC_EXPIRY_BSR,SHORT_BSR,2,27
1785620955.150094,349,19,T_PERIODIC_EXPIRY_BSR,SHORT_BSR,2,27
1785620955.150094,350,19,T_PERIODIC_EXPIRY_BSR,SHORT_BSR,2,27
1785620955.150094,351,19,T_PERIODIC_EXPIRY_BSR,SHORT_BSR,2,26
1785620955.150094,352,19,T_PERIODIC_EXPIRY_BSR,SHORT_BSR,2,26
1785620955.150094,353,19,T_PERIODIC_EXPIRY_BSR,SHORT_BSR,2,26
1785620955.150094,354,19,T_PERIODIC_EXPIRY_BSR,SHORT_BSR,2,26
1785620955.150094,355,19,T_PERIODIC_EXPIRY_BSR,SHORT_BSR,2,26
1785620955.150094,356,19,T_PERIODIC_EXPIRY_BSR,SHORT_BSR,2,26
1785620955.150094,357,19,T_PERIODIC_EXPIRY_BSR,SHORT_BSR,2,26
1785620955.150094,358,19,T_PERIODIC_EXPIRY_BSR,SHORT_BSR,2,25
1785620955.150094,359,19,T_PERIODIC_EXPIRY_BSR,SHORT_BSR,2,25
1785620955.150094,360,19,T_PERIODIC_EXPIRY_BSR,SHORT_BSR,2,25
1785620955.150094,362,7,T_PERIODIC_EXPIRY_BSR,SHORT_BSR,2,26
1785620955.150094,363,7,T_PERIODIC_EXPIRY_BSR,SHORT_BSR,2,26
1785620955.150094,364,7,T_PERIODIC_EXPIRY_BSR,SHORT_BSR,2,26
1785620955.335106,365,7,T_PERIODIC_EXPIRY_BSR,SHORT_BSR,2,26
1785620955.335106,366,7,T_PERIODIC_EXPIRY_BSR,SHORT_BSR,2,25
1785620955.335106,367,7,T_PERIODIC_EXPIRY_BSR,SHORT_BSR,2,25
1785620955.335106,368,7,T_PERIODIC_EXPIRY_BSR,SHORT_BSR,2,25
1785620955.335106,369,7,T_PERIODIC_EXPIRY_BSR,SHORT_BSR,2,25
1785620955.335106,370,7,T_PERIODIC_EXPIRY_BSR,SHORT_BSR,2,24
1785620955.335106,371,7,T_PERIODIC_EXPIRY_BSR,SHORT_BSR,2,24
1785620955.335106,372,7,T_PERIODIC_EXPIRY_BSR,SHORT_BSR,2,24
1785620955.335106,373,7,T_PERIODIC_EXPIRY_BSR,SHORT_BSR,2,23
1785620955.335106,374,7,T_PERIODIC_EXPIRY_BSR,SHORT_BSR,2,23
1785620955.335106,375,7,T_PERIODIC_EXPIRY_BSR,SHORT_BSR,2,22
1785620955.335106,376,7,T_PERIODIC_EXPIRY_BSR,SHORT_BSR,2,22
1785620955.335106,377,7,T_PERIODIC_EXPIRY_BSR,SHORT_BSR,2,21
1785620955.335106,381,18,T_PERIODIC_EXPIRY_BSR,SHORT_BSR,2,27
1785620955.335106,382,17,T_PERIODIC_EXPIRY_BSR,SHORT_BSR,2,27
1785620955.485724,383,17,T_PERIODIC_EXPIRY_BSR,SHORT_BSR,2,27
1785620955.485724,384,17,T_PERIODIC_EXPIRY_BSR,SHORT_BSR,2,27
1785620955.485724,385,19,T_PERIODIC_EXPIRY_BSR,SHORT_BSR,2,27
1785620955.485724,386,19,T_PERIODIC_EXPIRY_BSR,SHORT_BSR,2,27
1785620955.485724,387,19,T_PERIODIC_EXPIRY_BSR,SHORT_BSR,2,27
1785620955.485724,388,19,T_PERIODIC_EXPIRY_BSR,SHORT_BSR,2,27
1785620955.485724,389,19,T_PERIODIC_EXPIRY_BSR,SHORT_BSR,2,27
1785620955.485724,390,19,T_PERIODIC_EXPIRY_BSR,SHORT_BSR,2,27
1785620955.485724,391,19,T_PERIODIC_EXPIRY_BSR,SHORT_BSR,2,27
1785620955.485724,392,19,T_PERIODIC_EXPIRY_BSR,SHORT_BSR,2,27
1785620955.485724,393,19,T_PERIODIC_EXPIRY_BSR,SHORT_BSR,2,27
1785620955.485724,394,19,T_PERIODIC_EXPIRY_BSR,SHORT_BSR,2,27
1785620955.485724,395,19,T_PERIODIC_EXPIRY_BSR,SHORT_BSR,2,27
1785620955.485724,396,19,T_PERIODIC_EXPIRY_BSR,SHORT_BSR,2,27
1785620955.485724,397,19,T_PERIODIC_EXPIRY_BSR,SHORT_BSR,2,27
1785620955.635705,398,19,T_PERIODIC_EXPIRY_BSR,SHORT_BSR,2,27
1785620955.635705,399,19,T_PERIODIC_EXPIRY_BSR,SHORT_BSR,2,27
1785620955.635705,400,19,T_PERIODIC_EXPIRY_BSR,SHORT_BSR,2,27
1785620955.635705,401,19,T_PERIODIC_EXPIRY_BSR,SHORT_BSR,2,27
1785620955.635705,402,19,T_PERIODIC_EXPIRY_BSR,SHORT_BSR,2,27
1785620955.635705,403,19,T_PERIODIC_EXPIRY_BSR,SHORT_BSR,2,27
1785620955.635705,404,19,T_PERIODIC_EXPIRY_BSR,SHORT_BSR,2,27
1785620955.635705,405,19,T_PERIODIC_EXPIRY_BSR,SHORT_BSR,2,27
1785620955.635705,406,19,T_PERIODIC_EXPIRY_BSR,SHORT_BSR,2,26
1785620955.635705,407,19,T_PERIODIC_EXPIRY_BSR,SHORT_BSR,2,26
1785620955.635705,408,19,T_PERIODIC_EXPIRY_BSR,SHORT_BSR,2,26
1785620955.635705,409,19,T_PERIODIC_EXPIRY_BSR,SHORT_BSR,2,26
1785620955.635705,410,19,T_PERIODIC_EXPIRY_BSR,SHORT_BSR,2,26
1785620955.635705,411,19,T_PERIODIC_EXPIRY_BSR,SHORT_BSR,2,26
1785620955.635705,412,19,T_PERIODIC_EXPIRY_BSR,SHORT_BSR,2,26
1785620955.785706,413,19,T_PERIODIC_EXPIRY_BSR,SHORT_BSR,2,26
1785620955.785706,414,19,T_PERIODIC_EXPIRY_BSR,SHORT_BSR,2,26
1785620955.785706,415,19,T_PERIODIC_EXPIRY_BSR,SHORT_BSR,2,26
1785620955.785706,416,19,T_PERIODIC_EXPIRY_BSR,SHORT_BSR,2,25
1785620955.785706,417,19,T_PERIODIC_EXPIRY_BSR,SHORT_BSR,2,25
1785620955.785706,418,19,T_PERIODIC_EXPIRY_BSR,SHORT_BSR,2,25
1785620955.785706,419,19,T_PERIODIC_EXPIRY_BSR,SHORT_BSR,2,25
1785620955.785706,420,19,T_PERIODIC_EXPIRY_BSR,SHORT_BSR,2,25
1785620955.785706,421,19,T_PERIODIC_EXPIRY_BSR,SHORT_BSR,2,25
1785620955.785706,422,19,T_PERIODIC_EXPIRY_BSR,SHORT_BSR,2,25
1785620955.785706,423,19,T_PERIODIC_EXPIRY_BSR,SHORT_BSR,2,24
1785620955.785706,424,19,T_PERIODIC_EXPIRY_BSR,SHORT_BSR,2,24
1785620955.785706,425,19,T_PERIODIC_EXPIRY_BSR,SHORT_BSR,2,25
1785620955.785706,426,19,T_PERIODIC_EXPIRY_BSR,SHORT_BSR,2,24
1785620955.785706,427,19,T_PERIODIC_EXPIRY_BSR,SHORT_BSR,2,24
1785620955.945721,428,19,T_PERIODIC_EXPIRY_BSR,SHORT_BSR,2,24
1785620955.945721,429,19,T_PERIODIC_EXPIRY_BSR,SHORT_BSR,2,23
1785620955.945721,430,19,T_PERIODIC_EXPIRY_BSR,SHORT_BSR,2,23
1785620955.945721,431,19,T_PERIODIC_EXPIRY_BSR,SHORT_BSR,2,23
1785620955.945721,432,19,T_PERIODIC_EXPIRY_BSR,SHORT_BSR,2,22
1785620955.945721,433,19,T_PERIODIC_EXPIRY_BSR,SHORT_BSR,2,22
1785620955.945721,435,7,T_PERIODIC_EXPIRY_BSR,SHORT_BSR,2,22
1785620955.945721,436,8,T_PERIODIC_EXPIRY_BSR,SHORT_BSR,2,24
1785620955.945721,437,8,T_PERIODIC_EXPIRY_BSR,SHORT_BSR,2,25
1785620955.945721,438,19,T_PERIODIC_EXPIRY_BSR,SHORT_BSR,2,27
1785620955.945721,439,19,T_PERIODIC_EXPIRY_BSR,SHORT_BSR,2,27
1785620955.945721,440,19,T_PERIODIC_EXPIRY_BSR,SHORT_BSR,2,28
1785620955.945721,441,19,T_PERIODIC_EXPIRY_BSR,SHORT_BSR,2,28
1785620955.945721,442,19,T_PERIODIC_EXPIRY_BSR,SHORT_BSR,2,28
1785620955.945721,443,19,T_PERIODIC_EXPIRY_BSR,SHORT_BSR,2,28
1785620956.095723,444,19,T_PERIODIC_EXPIRY_BSR,SHORT_BSR,2,28
1785620956.095723,445,19,T_PERIODIC_EXPIRY_BSR,SHORT_BSR,2,28
1785620956.095723,446,19,T_PERIODIC_EXPIRY_BSR,SHORT_BSR,2,28
1785620956.095723,447,19,T_PERIODIC_EXPIRY_BSR,SHORT_BSR,2,28
1785620956.095723,448,19,T_PERIODIC_EXPIRY_BSR,SHORT_BSR,2,28
1785620956.095723,449,19,T_PERIODIC_EXPIRY_BSR,SHORT_BSR,2,28
1785620956.095723,450,19,T_PERIODIC_EXPIRY_BSR,SHORT_BSR,2,28
1785620956.095723,451,19,T_PERIODIC_EXPIRY_BSR,SHORT_BSR,2,28
1785620956.095723,452,19,T_PERIODIC_EXPIRY_BSR,SHORT_BSR,2,28
1785620956.095723,453,19,T_PERIODIC_EXPIRY_BSR,SHORT_BSR,2,28
1785620956.095723,454,19,T_PERIODIC_EXPIRY_BSR,SHORT_BSR,2,28
1785620956.095723,455,19,T_PERIODIC_EXPIRY_BSR,SHORT_BSR,2,28
1785620956.095723,456,19,T_PERIODIC_EXPIRY_BSR,SHORT_BSR,2,28
1785620956.095723,457,19,T_PERIODIC_EXPIRY_BSR,SHORT_BSR,2,27
1785620956.095723,458,19,T_PERIODIC_EXPIRY_BSR,SHORT_BSR,2,27
1785620956.245721,459,19,T_PERIODIC_EXPIRY_BSR,SHORT_BSR,2,27
1785620956.245721,460,19,T_PERIODIC_EXPIRY_BSR,SHORT_BSR,2,27
1785620956.245721,461,19,T_PERIODIC_EXPIRY_BSR,SHORT_BSR,2,27
1785620956.245721,462,19,T_PERIODIC_EXPIRY_BSR,SHORT_BSR,2,27
1785620956.245721,463,19,T_PERIODIC_EXPIRY_BSR,SHORT_BSR,2,27
1785620956.245721,464,19,T_PERIODIC_EXPIRY_BSR,SHORT_BSR,2,27
1785620956.245721,465,19,T_PERIODIC_EXPIRY_BSR,SHORT_BSR,2,27
1785620956.245721,466,19,T_PERIODIC_EXPIRY_BSR,SHORT_BSR,2,27
1785620956.245721,467,19,T_PERIODIC_EXPIRY_BSR,SHORT_BSR,2,26
1785620956.245721,468,19,T_PERIODIC_EXPIRY_BSR,SHORT_BSR,2,27
1785620956.245721,469,19,T_PERIODIC_EXPIRY_BSR,SHORT_BSR,2,27
1785620956.245721,470,19,T_PERIODIC_EXPIRY_BSR,SHORT_BSR,2,27
1785620956.245721,471,19,T_PERIODIC_EXPIRY_BSR,SHORT_BSR,2,26
1785620956.245721,472,19,T_PERIODIC_EXPIRY_BSR,SHORT_BSR,2,26
1785620956.245721,473,19,T_PERIODIC_EXPIRY_BSR,SHORT_BSR,2,26
1785620956.395709,474,19,T_PERIODIC_EXPIRY_BSR,SHORT_BSR,2,26
1785620956.395709,475,19,T_PERIODIC_EXPIRY_BSR,SHORT_BSR,2,26
1785620956.395709,476,19,T_PERIODIC_EXPIRY_BSR,SHORT_BSR,2,26
1785620956.395709,477,19,T_PERIODIC_EXPIRY_BSR,SHORT_BSR,2,26
1785620956.395709,478,19,T_PERIODIC_EXPIRY_BSR,SHORT_BSR,2,26
1785620956.395709,479,19,T_PERIODIC_EXPIRY_BSR,SHORT_BSR,2,26
1785620956.395709,480,19,T_PERIODIC_EXPIRY_BSR,SHORT_BSR,2,26
1785620956.395709,481,19,T_PERIODIC_EXPIRY_BSR,SHORT_BSR,2,26
1785620956.395709,482,19,T_PERIODIC_EXPIRY_BSR,SHORT_BSR,2,26
1785620956.395709,483,19,T_PERIODIC_EXPIRY_BSR,SHORT_BSR,2,26
1785620956.395709,484,19,T_PERIODIC_EXPIRY_BSR,SHORT_BSR,2,25
1785620956.395709,485,19,T_PERIODIC_EXPIRY_BSR,SHORT_BSR,2,25
1785620956.395709,486,19,T_PERIODIC_EXPIRY_BSR,SHORT_BSR,2,25
1785620956.395709,487,19,T_PERIODIC_EXPIRY_BSR,SHORT_BSR,2,25
1785620956.395709,488,19,T_PERIODIC_EXPIRY_BSR,SHORT_BSR,2,25
1785620956.550092,489,19,T_PERIODIC_EXPIRY_BSR,SHORT_BSR,2,25
1785620956.550092,490,19,T_PERIODIC_EXPIRY_BSR,SHORT_BSR,2,25
1785620956.550092,491,19,T_PERIODIC_EXPIRY_BSR,SHORT_BSR,2,25
1785620956.550092,492,19,T_PERIODIC_EXPIRY_BSR,SHORT_BSR,2,24
1785620956.550092,493,19,T_PERIODIC_EXPIRY_BSR,SHORT_BSR,2,24
1785620956.550092,494,19,T_PERIODIC_EXPIRY_BSR,SHORT_BSR,2,24
1785620956.550092,495,19,T_PERIODIC_EXPIRY_BSR,SHORT_BSR,2,23
1785620956.550092,496,19,T_PERIODIC_EXPIRY_BSR,SHORT_BSR,2,23
1785620956.550092,497,19,T_PERIODIC_EXPIRY_BSR,SHORT_BSR,2,23
1785620956.550092,498,19,T_PERIODIC_EXPIRY_BSR,SHORT_BSR,2,23
1785620956.550092,499,19,T_PERIODIC_EXPIRY_BSR,SHORT_BSR,2,22
1785620956.550092,501,7,T_PERIODIC_EXPIRY_BSR,SHORT_BSR,2,23
1785620956.550092,502,7,T_PERIODIC_EXPIRY_BSR,SHORT_BSR,2,24
1785620956.550092,503,7,T_PERIODIC_EXPIRY_BSR,SHORT_BSR,2,24
1785620956.550092,504,7,T_PERIODIC_EXPIRY_BSR,SHORT_BSR,2,23
1785620956.705090,505,7,T_PERIODIC_EXPIRY_BSR,SHORT_BSR,2,23
1785620956.705090,506,7,T_PERIODIC_EXPIRY_BSR,SHORT_BSR,2,22
1785620956.705090,507,7,T_PERIODIC_EXPIRY_BSR,SHORT_BSR,2,22
1785620956.705090,508,7,T_PERIODIC_EXPIRY_BSR,SHORT_BSR,2,22
1785620956.705090,509,17,T_PERIODIC_EXPIRY_BSR,SHORT_BSR,2,24
1785620956.705090,510,17,T_PERIODIC_EXPIRY_BSR,SHORT_BSR,2,24
1785620956.705090,511,17,T_PERIODIC_EXPIRY_BSR,SHORT_BSR,2,25
1785620956.705090,512,17,T_PERIODIC_EXPIRY_BSR,SHORT_BSR,2,25
1785620956.705090,513,17,T_PERIODIC_EXPIRY_BSR,SHORT_BSR,2,25
1785620956.705090,514,17,T_PERIODIC_EXPIRY_BSR,SHORT_BSR,2,25
1785620956.705090,515,17,T_PERIODIC_EXPIRY_BSR,SHORT_BSR,2,25
1785620956.705090,516,17,T_PERIODIC_EXPIRY_BSR,SHORT_BSR,2,25
1785620956.705090,517,17,T_PERIODIC_EXPIRY_BSR,SHORT_BSR,2,25
1785620956.705090,518,17,T_PERIODIC_EXPIRY_BSR,SHORT_BSR,2,25
1785620956.705090,519,17,T_PERIODIC_EXPIRY_BSR,SHORT_BSR,2,25
1785620956.855094,520,17,T_PERIODIC_EXPIRY_BSR,SHORT_BSR,2,25
1785620956.855094,521,17,T_PERIODIC_EXPIRY_BSR,SHORT_BSR,2,24
1785620956.855094,522,17,T_PERIODIC_EXPIRY_BSR,SHORT_BSR,2,24
1785620956.855094,523,17,T_PERIODIC_EXPIRY_BSR,SHORT_BSR,2,24
1785620956.855094,524,17,T_PERIODIC_EXPIRY_BSR,SHORT_BSR,2,24
1785620956.855094,525,17,T_PERIODIC_EXPIRY_BSR,SHORT_BSR,2,23
1785620956.855094,526,17,T_PERIODIC_EXPIRY_BSR,SHORT_BSR,2,23
1785620956.855094,527,17,T_PERIODIC_EXPIRY_BSR,SHORT_BSR,2,23
1785620956.855094,528,17,T_PERIODIC_EXPIRY_BSR,SHORT_BSR,2,23
1785620956.855094,529,17,T_PERIODIC_EXPIRY_BSR,SHORT_BSR,2,23
1785620956.855094,530,17,T_PERIODIC_EXPIRY_BSR,SHORT_BSR,2,22
1785620956.855094,531,17,T_PERIODIC_EXPIRY_BSR,SHORT_BSR,2,22
1785620956.855094,532,17,T_PERIODIC_EXPIRY_BSR,SHORT_BSR,2,23
1785620956.855094,533,17,T_PERIODIC_EXPIRY_BSR,SHORT_BSR,2,23
1785620956.855094,534,17,T_PERIODIC_EXPIRY_BSR,SHORT_BSR,2,23
1785620957.005722,535,17,T_PERIODIC_EXPIRY_BSR,SHORT_BSR,2,23
1785620957.005722,536,17,T_PERIODIC_EXPIRY_BSR,SHORT_BSR,2,22
1785620957.005722,537,17,T_PERIODIC_EXPIRY_BSR,SHORT_BSR,2,21
1785620957.005722,538,17,T_PERIODIC_EXPIRY_BSR,SHORT_BSR,2,22
1785620957.005722,539,17,T_PERIODIC_EXPIRY_BSR,SHORT_BSR,2,23
1785620957.005722,540,18,T_PERIODIC_EXPIRY_BSR,SHORT_BSR,2,24
1785620957.005722,541,18,T_PERIODIC_EXPIRY_BSR,SHORT_BSR,2,24
1785620957.005722,542,19,T_PERIODIC_EXPIRY_BSR,SHORT_BSR,2,24
1785620957.005722,543,19,T_PERIODIC_EXPIRY_BSR,SHORT_BSR,2,25
1785620957.005722,544,19,T_PERIODIC_EXPIRY_BSR,SHORT_BSR,2,25
1785620957.005722,545,19,T_PERIODIC_EXPIRY_BSR,SHORT_BSR,2,25
1785620957.005722,546,19,T_PERIODIC_EXPIRY_BSR,SHORT_BSR,2,25
1785620957.005722,547,19,T_PERIODIC_EXPIRY_BSR,SHORT_BSR,2,25
1785620957.005722,548,19,T_PERIODIC_EXPIRY_BSR,SHORT_BSR,2,25
1785620957.005722,549,19,T_PERIODIC_EXPIRY_BSR,SHORT_BSR,2,24
1785620957.160091,550,19,T_PERIODIC_EXPIRY_BSR,SHORT_BSR,2,24
1785620957.160091,551,19,T_PERIODIC_EXPIRY_BSR,SHORT_BSR,2,24
1785620957.160091,552,19,T_PERIODIC_EXPIRY_BSR,SHORT_BSR,2,24
1785620957.160091,553,19,T_PERIODIC_EXPIRY_BSR,SHORT_BSR,2,24
1785620957.160091,554,19,T_PERIODIC_EXPIRY_BSR,SHORT_BSR,2,23
1785620957.160091,555,19,T_PERIODIC_EXPIRY_BSR,SHORT_BSR,2,23
1785620957.160091,556,19,T_PERIODIC_EXPIRY_BSR,SHORT_BSR,2,22
1785620957.160091,558,7,T_PERIODIC_EXPIRY_BSR,SHORT_BSR,2,24
1785620957.160091,559,7,T_PERIODIC_EXPIRY_BSR,SHORT_BSR,2,24
1785620957.160091,560,7,T_PERIODIC_EXPIRY_BSR,SHORT_BSR,2,24
1785620957.160091,561,7,T_PERIODIC_EXPIRY_BSR,SHORT_BSR,2,24
1785620957.160091,562,7,T_PERIODIC_EXPIRY_BSR,SHORT_BSR,2,24
1785620957.160091,563,7,T_PERIODIC_EXPIRY_BSR,SHORT_BSR,2,23
1785620957.160091,564,7,T_PERIODIC_EXPIRY_BSR,SHORT_BSR,2,23
1785620957.160091,565,7,T_PERIODIC_EXPIRY_BSR,SHORT_BSR,2,23
1785620957.315702,566,7,T_PERIODIC_EXPIRY_BSR,SHORT_BSR,2,22
1785620957.315702,567,7,T_PERIODIC_EXPIRY_BSR,SHORT_BSR,2,20
1785620957.315702,568,17,T_PERIODIC_EXPIRY_BSR,SHORT_BSR,2,23
1785620957.315702,569,18,T_PERIODIC_EXPIRY_BSR,SHORT_BSR,2,24
1785620957.315702,570,17,T_PERIODIC_EXPIRY_BSR,SHORT_BSR,2,25
1785620957.315702,571,17,T_PERIODIC_EXPIRY_BSR,SHORT_BSR,2,24
1785620957.315702,572,17,T_PERIODIC_EXPIRY_BSR,SHORT_BSR,2,24
1785620957.315702,573,17,T_PERIODIC_EXPIRY_BSR,SHORT_BSR,2,24
1785620957.315702,574,17,T_PERIODIC_EXPIRY_BSR,SHORT_BSR,2,24
1785620957.315702,575,17,T_PERIODIC_EXPIRY_BSR,SHORT_BSR,2,23
1785620957.315702,576,17,T_PERIODIC_EXPIRY_BSR,SHORT_BSR,2,23
1785620957.315702,577,17,T_PERIODIC_EXPIRY_BSR,SHORT_BSR,2,23
1785620957.315702,578,17,T_PERIODIC_EXPIRY_BSR,SHORT_BSR,2,23
1785620957.315702,579,17,T_PERIODIC_EXPIRY_BSR,SHORT_BSR,2,23
1785620957.315702,580,17,T_PERIODIC_EXPIRY_BSR,SHORT_BSR,2,22
1785620957.470098,581,19,T_PERIODIC_EXPIRY_BSR,SHORT_BSR,2,22
1785620957.470098,583,8,T_PERIODIC_EXPIRY_BSR,SHORT_BSR,2,24
1785620957.470098,584,7,T_PERIODIC_EXPIRY_BSR,SHORT_BSR,2,24
1785620957.470098,585,7,T_PERIODIC_EXPIRY_BSR,SHORT_BSR,2,24
1785620957.470098,586,7,T_PERIODIC_EXPIRY_BSR,SHORT_BSR,2,25
1785620957.470098,587,7,T_PERIODIC_EXPIRY_BSR,SHORT_BSR,2,26
1785620957.470098,588,7,T_PERIODIC_EXPIRY_BSR,SHORT_BSR,2,26
1785620957.470098,589,8,T_PERIODIC_EXPIRY_BSR,SHORT_BSR,2,26
1785620957.470098,590,8,T_PERIODIC_EXPIRY_BSR,SHORT_BSR,2,27
1785620957.470098,591,8,T_PERIODIC_EXPIRY_BSR,SHORT_BSR,2,27
1785620957.470098,592,7,T_PERIODIC_EXPIRY_BSR,SHORT_BSR,2,27
1785620957.470098,593,7,T_PERIODIC_EXPIRY_BSR,SHORT_BSR,2,27
1785620957.470098,594,7,T_PERIODIC_EXPIRY_BSR,SHORT_BSR,2,27
1785620957.470098,595,7,T_PERIODIC_EXPIRY_BSR,SHORT_BSR,2,27
1785620957.470098,596,7,T_PERIODIC_EXPIRY_BSR,SHORT_BSR,2,27
1785620957.625707,597,7,T_PERIODIC_EXPIRY_BSR,SHORT_BSR,2,27
1785620957.625707,598,7,T_PERIODIC_EXPIRY_BSR,SHORT_BSR,2,27
1785620957.625707,599,7,T_PERIODIC_EXPIRY_BSR,SHORT_BSR,2,27
1785620957.625707,600,7,T_PERIODIC_EXPIRY_BSR,SHORT_BSR,2,27
1785620957.625707,601,7,T_PERIODIC_EXPIRY_BSR,SHORT_BSR,2,27
1785620957.625707,602,7,T_PERIODIC_EXPIRY_BSR,SHORT_BSR,2,27
1785620957.625707,603,7,T_PERIODIC_EXPIRY_BSR,SHORT_BSR,2,27
1785620957.625707,604,7,T_PERIODIC_EXPIRY_BSR,SHORT_BSR,2,27
1785620957.625707,605,7,T_PERIODIC_EXPIRY_BSR,SHORT_BSR,2,27
1785620957.625707,606,7,T_PERIODIC_EXPIRY_BSR,SHORT_BSR,2,27
1785620957.625707,607,7,T_PERIODIC_EXPIRY_BSR,SHORT_BSR,2,27
1785620957.625707,608,7,T_PERIODIC_EXPIRY_BSR,SHORT_BSR,2,27
1785620957.625707,609,19,T_PERIODIC_EXPIRY_BSR,SHORT_BSR,2,26
1785620957.625707,610,19,T_PERIODIC_EXPIRY_BSR,SHORT_BSR,2,26
1785620957.625707,611,19,T_PERIODIC_EXPIRY_BSR,SHORT_BSR,2,26
1785620957.775702,612,19,T_PERIODIC_EXPIRY_BSR,SHORT_BSR,2,26
1785620957.775702,613,19,T_PERIODIC_EXPIRY_BSR,SHORT_BSR,2,26
1785620957.775702,614,19,T_PERIODIC_EXPIRY_BSR,SHORT_BSR,2,26
1785620957.775702,615,19,T_PERIODIC_EXPIRY_BSR,SHORT_BSR,2,26
1785620957.775702,616,19,T_PERIODIC_EXPIRY_BSR,SHORT_BSR,2,25
1785620957.775702,617,19,T_PERIODIC_EXPIRY_BSR,SHORT_BSR,2,25
1785620957.775702,618,19,T_PERIODIC_EXPIRY_BSR,SHORT_BSR,2,25
1785620957.775702,619,19,T_PERIODIC_EXPIRY_BSR,SHORT_BSR,2,25
1785620957.775702,620,19,T_PERIODIC_EXPIRY_BSR,SHORT_BSR,2,25
1785620957.775702,621,19,T_PERIODIC_EXPIRY_BSR,SHORT_BSR,2,25
1785620957.775702,622,19,T_PERIODIC_EXPIRY_BSR,SHORT_BSR,2,24
1785620957.775702,623,19,T_PERIODIC_EXPIRY_BSR,SHORT_BSR,2,24
1785620957.775702,624,19,T_PERIODIC_EXPIRY_BSR,SHORT_BSR,2,24
1785620957.775702,625,19,T_PERIODIC_EXPIRY_BSR,SHORT_BSR,2,24
1785620957.775702,626,19,T_PERIODIC_EXPIRY_BSR,SHORT_BSR,2,24
1785620957.930095,627,19,T_PERIODIC_EXPIRY_BSR,SHORT_BSR,2,24
1785620957.930095,628,19,T_PERIODIC_EXPIRY_BSR,SHORT_BSR,2,24
1785620957.930095,629,19,T_PERIODIC_EXPIRY_BSR,SHORT_BSR,2,24
1785620957.930095,630,19,T_PERIODIC_EXPIRY_BSR,SHORT_BSR,2,23
1785620957.930095,631,19,T_PERIODIC_EXPIRY_BSR,SHORT_BSR,2,23
1785620957.930095,632,19,T_PERIODIC_EXPIRY_BSR,SHORT_BSR,2,22
1785620957.930095,634,7,T_PERIODIC_EXPIRY_BSR,SHORT_BSR,2,23
1785620957.930095,635,7,T_PERIODIC_EXPIRY_BSR,SHORT_BSR,2,24
1785620957.930095,636,7,T_PERIODIC_EXPIRY_BSR,SHORT_BSR,2,24
1785620957.930095,637,7,T_PERIODIC_EXPIRY_BSR,SHORT_BSR,2,24
1785620957.930095,638,7,T_PERIODIC_EXPIRY_BSR,SHORT_BSR,2,23
1785620957.930095,639,7,T_PERIODIC_EXPIRY_BSR,SHORT_BSR,2,23
1785620957.930095,640,7,T_PERIODIC_EXPIRY_BSR,SHORT_BSR,2,22
1785620957.930095,641,7,T_PERIODIC_EXPIRY_BSR,SHORT_BSR,2,22
1785620957.930095,642,7,T_PERIODIC_EXPIRY_BSR,SHORT_BSR,2,22
1785620958.085719,643,7,T_PERIODIC_EXPIRY_BSR,SHORT_BSR,2,23
1785620958.085719,644,19,T_PERIODIC_EXPIRY_BSR,SHORT_BSR,2,25
1785620958.085719,645,19,T_PERIODIC_EXPIRY_BSR,SHORT_BSR,2,25
1785620958.085719,646,19,T_PERIODIC_EXPIRY_BSR,SHORT_BSR,2,25
1785620958.085719,647,19,T_PERIODIC_EXPIRY_BSR,SHORT_BSR,2,26
1785620958.085719,648,19,T_PERIODIC_EXPIRY_BSR,SHORT_BSR,2,26
1785620958.085719,649,19,T_PERIODIC_EXPIRY_BSR,SHORT_BSR,2,26
1785620958.085719,650,19,T_PERIODIC_EXPIRY_BSR,SHORT_BSR,2,26
1785620958.085719,651,19,T_PERIODIC_EXPIRY_BSR,SHORT_BSR,2,26
1785620958.085719,652,19,T_PERIODIC_EXPIRY_BSR,SHORT_BSR,2,26
1785620958.085719,653,19,T_PERIODIC_EXPIRY_BSR,SHORT_BSR,2,25
1785620958.085719,654,19,T_PERIODIC_EXPIRY_BSR,SHORT_BSR,2,25
1785620958.085719,655,19,T_PERIODIC_EXPIRY_BSR,SHORT_BSR,2,25
1785620958.085719,656,19,T_PERIODIC_EXPIRY_BSR,SHORT_BSR,2,25
1785620958.085719,657,19,T_PERIODIC_EXPIRY_BSR,SHORT_BSR,2,25
1785620958.240702,658,19,T_PERIODIC_EXPIRY_BSR,SHORT_BSR,2,25
1785620958.240702,659,19,T_PERIODIC_EXPIRY_BSR,SHORT_BSR,2,24
1785620958.240702,660,19,T_PERIODIC_EXPIRY_BSR,SHORT_BSR,2,24
1785620958.240702,661,19,T_PERIODIC_EXPIRY_BSR,SHORT_BSR,2,25
1785620958.240702,662,19,T_PERIODIC_EXPIRY_BSR,SHORT_BSR,2,24
1785620958.240702,663,19,T_PERIODIC_EXPIRY_BSR,SHORT_BSR,2,24
1785620958.240702,665,9,T_PERIODIC_EXPIRY_BSR,SHORT_BSR,2,24
1785620958.240702,666,9,T_PERIODIC_EXPIRY_BSR,SHORT_BSR,2,24
1785620958.240702,667,9,T_PERIODIC_EXPIRY_BSR,SHORT_BSR,2,24
1785620958.240702,668,9,T_PERIODIC_EXPIRY_BSR,SHORT_BSR,2,24
1785620958.240702,669,9,T_PERIODIC_EXPIRY_BSR,SHORT_BSR,2,24
1785620958.240702,670,9,T_PERIODIC_EXPIRY_BSR,SHORT_BSR,2,24
1785620958.240702,671,9,T_PERIODIC_EXPIRY_BSR,SHORT_BSR,2,23
1785620958.240702,672,9,T_PERIODIC_EXPIRY_BSR,SHORT_BSR,2,23
1785620958.240702,673,9,T_PERIODIC_EXPIRY_BSR,SHORT_BSR,2,23
1785620958.395719,674,9,T_PERIODIC_EXPIRY_BSR,SHORT_BSR,2,23
1785620958.395719,675,9,T_PERIODIC_EXPIRY_BSR,SHORT_BSR,2,22
1785620958.395719,676,17,T_PERIODIC_EXPIRY_BSR,SHORT_BSR,2,23
1785620958.395719,677,17,T_PERIODIC_EXPIRY_BSR,SHORT_BSR,2,23
1785620958.395719,678,17,T_PERIODIC_EXPIRY_BSR,SHORT_BSR,2,24
1785620958.395719,679,17,T_PERIODIC_EXPIRY_BSR,SHORT_BSR,2,24
1785620958.395719,680,17,T_PERIODIC_EXPIRY_BSR,SHORT_BSR,2,24
1785620958.395719,681,17,T_PERIODIC_EXPIRY_BSR,SHORT_BSR,2,25
1785620958.395719,682,17,T_PERIODIC_EXPIRY_BSR,SHORT_BSR,2,24
1785620958.395719,683,17,T_PERIODIC_EXPIRY_BSR,SHORT_BSR,2,24
1785620958.395719,684,19,T_PERIODIC_EXPIRY_BSR,SHORT_BSR,2,24
1785620958.395719,685,19,T_PERIODIC_EXPIRY_BSR,SHORT_BSR,2,24
1785620958.395719,686,19,T_PERIODIC_EXPIRY_BSR,SHORT_BSR,2,23
1785620958.395719,687,19,T_PERIODIC_EXPIRY_BSR,SHORT_BSR,2,23
1785620958.395719,688,19,T_PERIODIC_EXPIRY_BSR,SHORT_BSR,2,23
1785620958.560703,689,19,T_PERIODIC_EXPIRY_BSR,SHORT_BSR,2,23
1785620958.560703,690,19,T_PERIODIC_EXPIRY_BSR,SHORT_BSR,2,22
1785620958.560703,692,7,T_PERIODIC_EXPIRY_BSR,SHORT_BSR,2,24
1785620958.560703,693,7,T_PERIODIC_EXPIRY_BSR,SHORT_BSR,2,24
1785620958.560703,694,7,T_PERIODIC_EXPIRY_BSR,SHORT_BSR,2,24
1785620958.560703,695,7,T_PERIODIC_EXPIRY_BSR,SHORT_BSR,2,24
1785620958.560703,696,7,T_PERIODIC_EXPIRY_BSR,SHORT_BSR,2,23
1785620958.560703,697,7,T_PERIODIC_EXPIRY_BSR,SHORT_BSR,2,23
1785620958.560703,698,7,T_PERIODIC_EXPIRY_BSR,SHORT_BSR,2,23
1785620958.560703,699,7,T_PERIODIC_EXPIRY_BSR,SHORT_BSR,2,22
1785620958.560703,700,7,T_PERIODIC_EXPIRY_BSR,SHORT_BSR,2,23
1785620958.560703,701,7,T_PERIODIC_EXPIRY_BSR,SHORT_BSR,2,22
1785620958.560703,702,9,T_PERIODIC_EXPIRY_BSR,SHORT_BSR,2,23
1785620958.560703,703,17,T_PERIODIC_EXPIRY_BSR,SHORT_BSR,2,24
1785620958.560703,705,9,T_PERIODIC_EXPIRY_BSR,SHORT_BSR,2,25
1785620958.710701,706,9,T_PERIODIC_EXPIRY_BSR,SHORT_BSR,2,26
1785620958.710701,707,9,T_PERIODIC_EXPIRY_BSR,SHORT_BSR,2,26
1785620958.710701,708,9,T_PERIODIC_EXPIRY_BSR,SHORT_BSR,2,26
1785620958.710701,709,9,T_PERIODIC_EXPIRY_BSR,SHORT_BSR,2,26
1785620958.710701,710,9,T_PERIODIC_EXPIRY_BSR,SHORT_BSR,2,26
1785620958.710701,711,9,T_PERIODIC_EXPIRY_BSR,SHORT_BSR,2,26
1785620958.710701,712,9,T_PERIODIC_EXPIRY_BSR,SHORT_BSR,2,26
1785620958.710701,713,9,T_PERIODIC_EXPIRY_BSR,SHORT_BSR,2,26
1785620958.710701,714,9,T_PERIODIC_EXPIRY_BSR,SHORT_BSR,2,26
1785620958.710701,715,9,T_PERIODIC_EXPIRY_BSR,SHORT_BSR,2,26
1785620958.710701,716,9,T_PERIODIC_EXPIRY_BSR,SHORT_BSR,2,26
1785620958.710701,717,9,T_PERIODIC_EXPIRY_BSR,SHORT_BSR,2,26
1785620958.710701,718,9,T_PERIODIC_EXPIRY_BSR,SHORT_BSR,2,25
1785620958.710701,719,9,T_PERIODIC_EXPIRY_BSR,SHORT_BSR,2,25
1785620958.710701,720,9,T_PERIODIC_EXPIRY_BSR,SHORT_BSR,2,25
1785620958.870083,721,9,T_PERIODIC_EXPIRY_BSR,SHORT_BSR,2,25
1785620958.870083,722,9,T_PERIODIC_EXPIRY_BSR,SHORT_BSR,2,25
1785620958.870083,723,9,T_PERIODIC_EXPIRY_BSR,SHORT_BSR,2,25
1785620958.870083,724,9,T_PERIODIC_EXPIRY_BSR,SHORT_BSR,2,25
1785620958.870083,725,9,T_PERIODIC_EXPIRY_BSR,SHORT_BSR,2,25
1785620958.870083,726,9,T_PERIODIC_EXPIRY_BSR,SHORT_BSR,2,25
1785620958.870083,727,9,T_PERIODIC_EXPIRY_BSR,SHORT_BSR,2,25
1785620958.870083,728,9,T_PERIODIC_EXPIRY_BSR,SHORT_BSR,2,24
1785620958.870083,729,9,T_PERIODIC_EXPIRY_BSR,SHORT_BSR,2,24
1785620958.870083,730,9,T_PERIODIC_EXPIRY_BSR,SHORT_BSR,2,24
1785620958.870083,731,9,T_PERIODIC_EXPIRY_BSR,SHORT_BSR,2,24
1785620958.870083,732,9,T_PERIODIC_EXPIRY_BSR,SHORT_BSR,2,24
1785620958.870083,734,7,T_PERIODIC_EXPIRY_BSR,SHORT_BSR,2,24
1785620958.870083,735,7,T_PERIODIC_EXPIRY_BSR,SHORT_BSR,2,24
1785620958.870083,736,7,T_PERIODIC_EXPIRY_BSR,SHORT_BSR,2,25
1785620959.020080,737,7,T_PERIODIC_EXPIRY_BSR,SHORT_BSR,2,24
1785620959.020080,738,7,T_PERIODIC_EXPIRY_BSR,SHORT_BSR,2,24
1785620959.020080,739,7,T_PERIODIC_EXPIRY_BSR,SHORT_BSR,2,24
1785620959.020080,740,7,T_PERIODIC_EXPIRY_BSR,SHORT_BSR,2,24
1785620959.020080,741,7,T_PERIODIC_EXPIRY_BSR,SHORT_BSR,2,24
1785620959.020080,742,7,T_PERIODIC_EXPIRY_BSR,SHORT_BSR,2,24
1785620959.020080,743,7,T_PERIODIC_EXPIRY_BSR,SHORT_BSR,2,24
1785620959.020080,744,7,T_PERIODIC_EXPIRY_BSR,SHORT_BSR,2,24
1785620959.020080,745,7,T_PERIODIC_EXPIRY_BSR,SHORT_BSR,2,24
1785620959.020080,746,7,T_PERIODIC_EXPIRY_BSR,SHORT_BSR,2,23
1785620959.020080,747,7,T_PERIODIC_EXPIRY_BSR,SHORT_BSR,2,24
1785620959.020080,748,7,T_PERIODIC_EXPIRY_BSR,SHORT_BSR,2,24
1785620959.020080,749,7,T_PERIODIC_EXPIRY_BSR,SHORT_BSR,2,23
1785620959.020080,750,7,T_PERIODIC_EXPIRY_BSR,SHORT_BSR,2,23
1785620959.020080,751,7,T_PERIODIC_EXPIRY_BSR,SHORT_BSR,2,23
1785620959.175088,752,7,T_PERIODIC_EXPIRY_BSR,SHORT_BSR,2,23
1785620959.175088,753,7,T_PERIODIC_EXPIRY_BSR,SHORT_BSR,2,22
1785620959.175088,754,7,T_PERIODIC_EXPIRY_BSR,SHORT_BSR,2,22
1785620959.175088,755,7,T_PERIODIC_EXPIRY_BSR,SHORT_BSR,2,22
1785620959.175088,756,7,T_PERIODIC_EXPIRY_BSR,SHORT_BSR,2,22
1785620959.175088,757,8,T_PERIODIC_EXPIRY_BSR,SHORT_BSR,2,24
1785620959.175088,758,8,T_PERIODIC_EXPIRY_BSR,SHORT_BSR,2,24
1785620959.175088,759,17,T_PERIODIC_EXPIRY_BSR,SHORT_BSR,2,25
1785620959.175088,760,17,T_PERIODIC_EXPIRY_BSR,SHORT_BSR,2,26
1785620959.175088,761,17,T_PERIODIC_EXPIRY_BSR,SHORT_BSR,2,26
1785620959.175088,762,17,T_PERIODIC_EXPIRY_BSR,SHORT_BSR,2,26
1785620959.175088,763,17,T_PERIODIC_EXPIRY_BSR,SHORT_BSR,2,26
1785620959.175088,764,17,T_PERIODIC_EXPIRY_BSR,SHORT_BSR,2,26
1785620959.175088,765,17,T_PERIODIC_EXPIRY_BSR,SHORT_BSR,2,27
1785620959.175088,766,17,T_PERIODIC_EXPIRY_BSR,SHORT_BSR,2,27
1785620959.325091,767,17,T_PERIODIC_EXPIRY_BSR,SHORT_BSR,2,27
1785620959.325091,768,17,T_PERIODIC_EXPIRY_BSR,SHORT_BSR,2,27
1785620959.325091,769,17,T_PERIODIC_EXPIRY_BSR,SHORT_BSR,2,26
1785620959.325091,770,17,T_PERIODIC_EXPIRY_BSR,SHORT_BSR,2,26
1785620959.325091,771,17,T_PERIODIC_EXPIRY_BSR,SHORT_BSR,2,27
1785620959.325091,772,17,T_PERIODIC_EXPIRY_BSR,SHORT_BSR,2,26
1785620959.325091,773,17,T_PERIODIC_EXPIRY_BSR,SHORT_BSR,2,26
1785620959.325091,774,17,T_PERIODIC_EXPIRY_BSR,SHORT_BSR,2,26
1785620959.325091,775,17,T_PERIODIC_EXPIRY_BSR,SHORT_BSR,2,26
1785620959.325091,776,17,T_PERIODIC_EXPIRY_BSR,SHORT_BSR,2,26
1785620959.325091,777,17,T_PERIODIC_EXPIRY_BSR,SHORT_BSR,2,26
1785620959.325091,778,17,T_PERIODIC_EXPIRY_BSR,SHORT_BSR,2,26
1785620959.325091,779,17,T_PERIODIC_EXPIRY_BSR,SHORT_BSR,2,26
1785620959.325091,780,17,T_PERIODIC_EXPIRY_BSR,SHORT_BSR,2,26
1785620959.325091,781,17,T_PERIODIC_EXPIRY_BSR,SHORT_BSR,2,26
1785620959.475092,782,17,T_PERIODIC_EXPIRY_BSR,SHORT_BSR,2,26
1785620959.475092,783,17,T_PERIODIC_EXPIRY_BSR,SHORT_BSR,2,26
1785620959.475092,784,17,T_PERIODIC_EXPIRY_BSR,SHORT_BSR,2,26
1785620959.475092,785,17,T_PERIODIC_EXPIRY_BSR,SHORT_BSR,2,26
1785620959.475092,786,17,T_PERIODIC_EXPIRY_BSR,SHORT_BSR,2,25
1785620959.475092,787,17,T_PERIODIC_EXPIRY_BSR,SHORT_BSR,2,25
1785620959.475092,788,17,T_PERIODIC_EXPIRY_BSR,SHORT_BSR,2,25
1785620959.475092,789,17,T_PERIODIC_EXPIRY_BSR,SHORT_BSR,2,25
1785620959.475092,790,17,T_PERIODIC_EXPIRY_BSR,SHORT_BSR,2,25
1785620959.475092,791,17,T_PERIODIC_EXPIRY_BSR,SHORT_BSR,2,25
1785620959.475092,792,17,T_PERIODIC_EXPIRY_BSR,SHORT_BSR,2,25
1785620959.475092,793,17,T_PERIODIC_EXPIRY_BSR,SHORT_BSR,2,25
1785620959.475092,794,17,T_PERIODIC_EXPIRY_BSR,SHORT_BSR,2,25
1785620959.475092,795,17,T_PERIODIC_EXPIRY_BSR,SHORT_BSR,2,25
1785620959.475092,796,17,T_PERIODIC_EXPIRY_BSR,SHORT_BSR,2,25
1785620959.630077,797,17,T_PERIODIC_EXPIRY_BSR,SHORT_BSR,2,25
1785620959.630077,798,17,T_PERIODIC_EXPIRY_BSR,SHORT_BSR,2,25
1785620959.630077,799,17,T_PERIODIC_EXPIRY_BSR,SHORT_BSR,2,24
1785620959.630077,800,17,T_PERIODIC_EXPIRY_BSR,SHORT_BSR,2,24
1785620959.630077,801,17,T_PERIODIC_EXPIRY_BSR,SHORT_BSR,2,24
1785620959.630077,803,7,T_PERIODIC_EXPIRY_BSR,SHORT_BSR,2,24
1785620959.630077,804,7,T_PERIODIC_EXPIRY_BSR,SHORT_BSR,2,24
1785620959.630077,805,7,T_PERIODIC_EXPIRY_BSR,SHORT_BSR,2,24
1785620959.630077,806,7,T_PERIODIC_EXPIRY_BSR,SHORT_BSR,2,23
1785620959.630077,807,7,T_PERIODIC_EXPIRY_BSR,SHORT_BSR,2,23
1785620959.630077,808,7,T_PERIODIC_EXPIRY_BSR,SHORT_BSR,2,23
1785620959.630077,809,7,T_PERIODIC_EXPIRY_BSR,SHORT_BSR,2,23
1785620959.630077,810,7,T_PERIODIC_EXPIRY_BSR,SHORT_BSR,2,22
1785620959.630077,811,7,T_PERIODIC_EXPIRY_BSR,SHORT_BSR,2,22
1785620959.630077,812,7,T_PERIODIC_EXPIRY_BSR,SHORT_BSR,2,23
1785620959.785717,813,7,T_PERIODIC_EXPIRY_BSR,SHORT_BSR,2,22
1785620959.785717,814,18,T_PERIODIC_EXPIRY_BSR,SHORT_BSR,2,24
1785620959.785717,815,18,T_PERIODIC_EXPIRY_BSR,SHORT_BSR,2,25
1785620959.785717,816,19,T_PERIODIC_EXPIRY_BSR,SHORT_BSR,2,26
1785620959.785717,817,19,T_PERIODIC_EXPIRY_BSR,SHORT_BSR,2,27
1785620959.785717,818,19,T_PERIODIC_EXPIRY_BSR,SHORT_BSR,2,27
1785620959.785717,819,19,T_PERIODIC_EXPIRY_BSR,SHORT_BSR,2,27
1785620959.785717,820,19,T_PERIODIC_EXPIRY_BSR,SHORT_BSR,2,27
1785620959.785717,821,19,T_PERIODIC_EXPIRY_BSR,SHORT_BSR,2,27
1785620959.785717,822,19,T_PERIODIC_EXPIRY_BSR,SHORT_BSR,2,27
1785620959.785717,823,19,T_PERIODIC_EXPIRY_BSR,SHORT_BSR,2,27
1785620959.785717,824,19,T_PERIODIC_EXPIRY_BSR,SHORT_BSR,2,27
1785620959.785717,825,19,T_PERIODIC_EXPIRY_BSR,SHORT_BSR,2,27
1785620959.785717,826,19,T_PERIODIC_EXPIRY_BSR,SHORT_BSR,2,27
1785620959.785717,827,19,T_PERIODIC_EXPIRY_BSR,SHORT_BSR,2,27
1785620959.935700,828,19,T_PERIODIC_EXPIRY_BSR,SHORT_BSR,2,27
1785620959.935700,829,19,T_PERIODIC_EXPIRY_BSR,SHORT_BSR,2,27
1785620959.935700,830,19,T_PERIODIC_EXPIRY_BSR,SHORT_BSR,2,27
1785620959.935700,831,19,T_PERIODIC_EXPIRY_BSR,SHORT_BSR,2,27
1785620959.935700,832,19,T_PERIODIC_EXPIRY_BSR,SHORT_BSR,2,27
1785620959.935700,833,19,T_PERIODIC_EXPIRY_BSR,SHORT_BSR,2,27
1785620959.935700,834,19,T_PERIODIC_EXPIRY_BSR,SHORT_BSR,2,27
1785620959.935700,835,19,T_PERIODIC_EXPIRY_BSR,SHORT_BSR,2,27
1785620959.935700,836,19,T_PERIODIC_EXPIRY_BSR,SHORT_BSR,2,27
1785620959.935700,837,19,T_PERIODIC_EXPIRY_BSR,SHORT_BSR,2,27
1785620959.935700,838,19,T_PERIODIC_EXPIRY_BSR,SHORT_BSR,2,27
1785620959.935700,839,19,T_PERIODIC_EXPIRY_BSR,SHORT_BSR,2,27
1785620959.935700,840,19,T_PERIODIC_EXPIRY_BSR,SHORT_BSR,2,27
1785620959.935700,841,19,T_PERIODIC_EXPIRY_BSR,SHORT_BSR,2,26
1785620959.935700,842,19,T_PERIODIC_EXPIRY_BSR,SHORT_BSR,2,26
1785620960.280102,843,19,T_PERIODIC_EXPIRY_BSR,SHORT_BSR,2,26
1785620960.280102,844,19,T_PERIODIC_EXPIRY_BSR,SHORT_BSR,2,26
1785620960.280102,845,19,T_PERIODIC_EXPIRY_BSR,SHORT_BSR,2,26
1785620960.280102,846,19,T_PERIODIC_EXPIRY_BSR,SHORT_BSR,2,26
1785620960.280102,847,19,T_PERIODIC_EXPIRY_BSR,SHORT_BSR,2,26
1785620960.280102,848,19,T_PERIODIC_EXPIRY_BSR,SHORT_BSR,2,26
1785620960.280102,849,19,T_PERIODIC_EXPIRY_BSR,SHORT_BSR,2,26
1785620960.280102,850,19,T_PERIODIC_EXPIRY_BSR,SHORT_BSR,2,26
1785620960.280102,851,19,T_PERIODIC_EXPIRY_BSR,SHORT_BSR,2,26
1785620960.280102,852,19,T_PERIODIC_EXPIRY_BSR,SHORT_BSR,2,26
1785620960.280102,853,19,T_PERIODIC_EXPIRY_BSR,SHORT_BSR,2,26
1785620960.280102,854,19,T_PERIODIC_EXPIRY_BSR,SHORT_BSR,2,26
1785620960.280102,855,19,T_PERIODIC_EXPIRY_BSR,SHORT_BSR,2,26
1785620960.280102,856,19,T_PERIODIC_EXPIRY_BSR,SHORT_BSR,2,24
1785620960.280102,857,19,T_PERIODIC_EXPIRY_BSR,SHORT_BSR,2,19
1785620966.300076,878,7,T_PERIODIC_EXPIRY_BSR | HIGH_DATA_ARRIVAL,SHORT_BSR,0,0
1785620966.300076,880,7,HIGH_DATA_ARRIVAL,SHORT_BSR,0,0
1785620966.300076,978,7,T_PERIODIC_EXPIRY_BSR | HIGH_DATA_ARRIVAL,SHORT_BSR,0,0
1785620966.300076,980,7,HIGH_DATA_ARRIVAL,SHORT_BSR,0,0
1785620966.300076,54,7,T_PERIODIC_EXPIRY_BSR | HIGH_DATA_ARRIVAL,SHORT_BSR,0,0
1785620966.300076,56,7,HIGH_DATA_ARRIVAL,SHORT_BSR,0,0
1785620966.300076,154,7,T_PERIODIC_EXPIRY_BSR | HIGH_DATA_ARRIVAL,SHORT_BSR,0,0
1785620966.300076,156,7,HIGH_DATA_ARRIVAL,SHORT_BSR,0,0
1785620966.300076,192,7,T_PERIODIC_EXPIRY_BSR,SHORT_BSR,0,0
1785620966.300076,254,7,T_PERIODIC_EXPIRY_BSR | HIGH_DATA_ARRIVAL,SHORT_BSR,0,0
1785620966.300076,256,7,HIGH_DATA_ARRIVAL,SHORT_BSR,0,0
1785620966.300076,352,7,T_PERIODIC_EXPIRY_BSR,SHORT_BSR,0,0
1785620966.300076,354,7,HIGH_DATA_ARRIVAL,SHORT_BSR,0,0
1785620966.300076,356,7,HIGH_DATA_ARRIVAL,SHORT_BSR,0,0
1785620966.300076,454,7,T_PERIODIC_EXPIRY_BSR | HIGH_DATA_ARRIVAL,SHORT_BSR,0,0
1785620973.300075,456,7,HIGH_DATA_ARRIVAL,SHORT_BSR,0,0
1785620973.300075,474,7,T_PERIODIC_EXPIRY_BSR,SHORT_BSR,0,0
1785620973.300075,554,7,T_PERIODIC_EXPIRY_BSR | HIGH_DATA_ARRIVAL,SHORT_BSR,0,0
1785620973.300075,556,7,HIGH_DATA_ARRIVAL,SHORT_BSR,0,0
1785620973.300075,654,7,T_PERIODIC_EXPIRY_BSR | HIGH_DATA_ARRIVAL,SHORT_BSR,0,0
1785620973.300075,656,7,HIGH_DATA_ARRIVAL,SHORT_BSR,0,0
1785620973.300075,756,7,T_PERIODIC_EXPIRY_BSR | HIGH_DATA_ARRIVAL,SHORT_BSR,0,0
1785620973.300075,758,7,HIGH_DATA_ARRIVAL,SHORT_BSR,0,0
1785620973.300075,856,7,T_PERIODIC_EXPIRY_BSR | HIGH_DATA_ARRIVAL,SHORT_BSR,0,0
1785620973.300075,858,7,HIGH_DATA_ARRIVAL,SHORT_BSR,0,0
1785620973.300075,956,7,T_PERIODIC_EXPIRY_BSR | HIGH_DATA_ARRIVAL,SHORT_BSR,0,0
1785620973.300075,958,7,HIGH_DATA_ARRIVAL,SHORT_BSR,0,0
1785620973.300075,32,7,T_PERIODIC_EXPIRY_BSR | HIGH_DATA_ARRIVAL,SHORT_BSR,0,0
1785620973.300075,34,7,HIGH_DATA_ARRIVAL,SHORT_BSR,0,0
1785620973.300075,106,7,T_PERIODIC_EXPIRY_BSR,SHORT_BSR,0,0
1785620979.340052,132,7,T_PERIODIC_EXPIRY_BSR | HIGH_DATA_ARRIVAL,SHORT_BSR,0,0
1785620979.340052,134,7,HIGH_DATA_ARRIVAL,SHORT_BSR,0,0
1785620979.340052,232,7,T_PERIODIC_EXPIRY_BSR | HIGH_DATA_ARRIVAL,SHORT_BSR,0,0
1785620979.340052,234,7,HIGH_DATA_ARRIVAL,SHORT_BSR,0,0
1785620979.340052,332,7,T_PERIODIC_EXPIRY_BSR | HIGH_DATA_ARRIVAL,SHORT_BSR,0,0
1785620979.340052,334,7,HIGH_DATA_ARRIVAL,SHORT_BSR,0,0
1785620979.340052,388,7,T_PERIODIC_EXPIRY_BSR,SHORT_BSR,0,0
1785620979.340052,432,7,T_PERIODIC_EXPIRY_BSR | HIGH_DATA_ARRIVAL,SHORT_BSR,0,0
1785620979.340052,434,7,HIGH_DATA_ARRIVAL,SHORT_BSR,0,0
1785620979.340052,532,7,T_PERIODIC_EXPIRY_BSR | HIGH_DATA_ARRIVAL,SHORT_BSR,0,0
1785620979.340052,534,7,HIGH_DATA_ARRIVAL,SHORT_BSR,0,0
1785620979.340052,632,7,T_PERIODIC_EXPIRY_BSR | HIGH_DATA_ARRIVAL,SHORT_BSR,0,0
1785620979.340052,634,7,HIGH_DATA_ARRIVAL,SHORT_BSR,0,0
1785620979.340052,638,7,T_PERIODIC_EXPIRY_BSR,SHORT_BSR,0,0
1785620979.340052,734,7,T_PERIODIC_EXPIRY_BSR | HIGH_DATA_ARRIVAL,SHORT_BSR,0,0
1785620985.340041,736,7,HIGH_DATA_ARRIVAL,SHORT_BSR,0,0
1785620985.340041,834,7,T_PERIODIC_EXPIRY_BSR | HIGH_DATA_ARRIVAL,SHORT_BSR,0,0
1785620985.340041,836,7,HIGH_DATA_ARRIVAL,SHORT_BSR,0,0
1785620985.340041,928,7,T_PERIODIC_EXPIRY_BSR,SHORT_BSR,0,0
1785620985.340041,934,7,T_PERIODIC_EXPIRY_BSR | HIGH_DATA_ARRIVAL,SHORT_BSR,0,0
1785620985.340041,936,7,HIGH_DATA_ARRIVAL,SHORT_BSR,0,0
1785620985.340041,960,7,T_PERIODIC_EXPIRY_BSR,SHORT_BSR,0,0
1785620985.340041,10,7,T_PERIODIC_EXPIRY_BSR | HIGH_DATA_ARRIVAL,SHORT_BSR,0,0
1785620985.340041,12,7,HIGH_DATA_ARRIVAL,SHORT_BSR,0,0
1785620985.340041,110,7,T_PERIODIC_EXPIRY_BSR | HIGH_DATA_ARRIVAL,SHORT_BSR,0,0
1785620985.340041,112,7,HIGH_DATA_ARRIVAL,SHORT_BSR,0,0
1785620985.340041,136,7,T_PERIODIC_EXPIRY_BSR,SHORT_BSR,0,0
1785620985.340041,210,7,T_PERIODIC_EXPIRY_BSR | HIGH_DATA_ARRIVAL,SHORT_BSR,0,0
1785620985.340041,212,7,HIGH_DATA_ARRIVAL,SHORT_BSR,0,0
1785620985.340041,310,7,T_PERIODIC_EXPIRY_BSR | HIGH_DATA_ARRIVAL,SHORT_BSR,0,0
1785620993.340040,312,7,HIGH_DATA_ARRIVAL,SHORT_BSR,0,0
1785620993.340040,410,7,T_PERIODIC_EXPIRY_BSR | HIGH_DATA_ARRIVAL,SHORT_BSR,0,0
1785620993.340040,412,7,HIGH_DATA_ARRIVAL,SHORT_BSR,0,0
1785620993.340040,510,7,T_PERIODIC_EXPIRY_BSR | HIGH_DATA_ARRIVAL,SHORT_BSR,0,0
1785620993.340040,512,7,HIGH_DATA_ARRIVAL,SHORT_BSR,0,0
1785620993.340040,610,7,T_PERIODIC_EXPIRY_BSR | HIGH_DATA_ARRIVAL,SHORT_BSR,0,0
1785620993.340040,612,7,HIGH_DATA_ARRIVAL,SHORT_BSR,0,0
1785620993.340040,710,7,T_PERIODIC_EXPIRY_BSR | HIGH_DATA_ARRIVAL,SHORT_BSR,0,0
1785620993.340040,712,7,HIGH_DATA_ARRIVAL,SHORT_BSR,0,0
1785620993.340040,810,7,T_PERIODIC_EXPIRY_BSR | HIGH_DATA_ARRIVAL,SHORT_BSR,0,0
1785620993.340040,812,7,HIGH_DATA_ARRIVAL,SHORT_BSR,0,0
1785620993.340040,912,7,T_PERIODIC_EXPIRY_BSR | HIGH_DATA_ARRIVAL,SHORT_BSR,0,0
1785620993.340040,914,7,HIGH_DATA_ARRIVAL,SHORT_BSR,0,0
1785620993.340040,1012,7,T_PERIODIC_EXPIRY_BSR | HIGH_DATA_ARRIVAL,SHORT_BSR,0,0
1785620993.340040,1014,7,HIGH_DATA_ARRIVAL,SHORT_BSR,0,0
