# type,ts_ns,ifindex,len,dwell_ns,inflight
# STATS,ts_ns,inflight_pkts,inflight_bytes,enq_total,deq_total,miss,insert_fail,rb_lost
DEQ,827626149091981,23,84,149284,0
STATS,827626349558937,0,0,1,1,0,0,0
DEQ,827627151106609,23,84,124600,0
STATS,827627351565866,0,0,2,2,0,0,0
DEQ,827628152796241,23,84,21990,0
STATS,827628353270816,0,0,3,3,0,0,0
DEQ,827629154233550,23,84,44462,0
STATS,827629354589980,0,0,4,4,0,0,0
DEQ,827630156122260,23,84,30803,0
STATS,827630356636111,0,0,5,5,0,0,0
DEQ,827631115022052,23,1028,151872,0
DEQ,827631115820214,23,1028,58274,0
DEQ,827631116695629,23,1028,34433,0
DEQ,827631117622188,23,1028,68095,0
DEQ,827631118598872,23,1028,136512,0
DEQ,827631119505344,23,1028,139074,0
DEQ,827631120387007,23,1028,146889,0
DEQ,827631121240152,23,1028,128751,0
DEQ,827631122127478,23,1028,85941,0
DEQ,827631123105927,23,1028,133979,0
DEQ,827631124057555,23,1028,159537,0
DEQ,827631124958521,23,1028,141277,0
DEQ,827631125857167,23,1028,140726,0
DEQ,827631126765138,23,1028,140691,0
DEQ,827631127666236,23,1028,137142,0
DEQ,827631128581636,23,1028,147389,0
DEQ,827631129501749,23,1028,163499,0
DEQ,827631130367851,23,1028,144629,0
DEQ,827631131223434,23,1028,124795,0
DEQ,827631132133879,23,1028,119026,0
DEQ,827631133055824,23,1028,148446,0
DEQ,827631133950843,23,1028,128595,0
DEQ,827631134848930,23,1028,123675,0
DEQ,827631135760038,23,1028,130259,0
DEQ,827631136659551,23,1028,126610,0
DEQ,827631137574251,23,1028,138355,0
DEQ,827631138468489,23,1028,130123,0
DEQ,827631139326237,23,1028,114886,0
DEQ,827631140201178,23,1028,130413,0
DEQ,827631141086118,23,1028,124867,0
DEQ,827631142019849,23,1028,154260,0
DEQ,827631142908917,23,1028,131963,0
DEQ,827631143819934,23,1028,140231,0
DEQ,827631144709700,23,1028,125661,0
DEQ,827631145619793,23,1028,130742,0
DEQ,827631146522524,23,1028,125984,0
DEQ,827631147386273,23,1028,116994,0
DEQ,827631148213919,23,1028,85239,0
DEQ,827631149119915,23,1028,66960,0
DEQ,827631150093303,23,1028,131148,0
DEQ,827631151011201,23,1028,149399,0
DEQ,827631151906602,23,1028,130387,0
DEQ,827631152820498,23,1028,138866,0
DEQ,827631153711436,23,1028,123903,0
DEQ,827631154618090,23,1028,126599,0
DEQ,827631155525901,23,1028,131284,0
DEQ,827631156393497,23,1028,125183,0
DEQ,827631157269263,23,1028,141346,0
DEQ,827631158019165,23,84,20332,0
DEQ,827631158141854,23,1028,95205,0
DEQ,827631159119795,23,1028,82339,0
DEQ,827631160120903,23,1028,92393,0
DEQ,827631161118116,23,1028,95315,0
DEQ,827631162120071,23,1028,108626,0
DEQ,827631163117142,23,1028,110023,0
DEQ,827631164118151,23,1028,109982,0
DEQ,827631165129589,23,1028,136603,0
DEQ,827631166138270,23,1028,155985,0
DEQ,827631167122361,23,1028,153512,0
DEQ,827631168082181,23,1028,125745,0
DEQ,827631169000207,23,1028,131201,0
DEQ,827631169915996,23,1028,150081,0
DEQ,827631170832248,23,1028,148651,0
DEQ,827631171720672,23,1028,134068,0
DEQ,827631172618950,23,1028,131213,0
DEQ,827631173546038,23,1028,158901,0
DEQ,827631174416168,23,1028,142154,0
DEQ,827631175297579,23,1028,145802,0
DEQ,827631176276369,23,1028,142319,0
DEQ,827631177246963,23,1028,123488,0
DEQ,827631178253731,23,1028,143810,0
DEQ,827631179242263,23,1028,144297,0
DEQ,827631180241807,23,1028,149906,0
DEQ,827631181169781,23,1028,90578,0
DEQ,827631182221797,23,1028,153182,0
DEQ,827631183214937,23,1028,158831,0
DEQ,827631184220442,23,1028,177484,0
DEQ,827631185175544,23,1028,144381,0
DEQ,827631186175899,23,1028,151691,0
DEQ,827631187161405,23,1028,145593,0
DEQ,827631188150341,23,1028,141693,0
DEQ,827631189147166,23,1028,146952,0
DEQ,827631190134362,23,1028,135715,0
DEQ,827631191036229,23,1028,47298,0
DEQ,827631192128922,23,1028,151999,0
DEQ,827631193111042,23,1028,147756,0
DEQ,827631194079421,23,1028,127327,0
DEQ,827631194992349,23,1028,121948,0
DEQ,827631195908015,23,1028,146256,0
DEQ,827631196700466,23,1028,38340,0
DEQ,827631197607664,23,1028,49069,0
DEQ,827631198548072,23,1028,97155,0
DEQ,827631199490548,23,1028,133541,0
DEQ,827631200372838,23,1028,141577,0
DEQ,827631201226300,23,1028,123343,0
DEQ,827631202103823,23,1028,78634,0
DEQ,827631203057391,23,1028,138161,0
DEQ,827631203960651,23,1028,136364,0
DEQ,827631204858807,23,1028,129089,0
DEQ,827631205765693,23,1028,131472,0
DEQ,827631206693838,23,1028,155711,0
DEQ,827631207599202,23,1028,156115,0
DEQ,827631208490771,23,1028,135530,0
DEQ,827631209350354,23,1028,121260,0
DEQ,827631210213862,23,1028,125180,0
DEQ,827631211110014,23,1028,131922,0
DEQ,827631212010435,23,1028,129165,0
DEQ,827631212863538,23,1028,79534,0
DEQ,827631213830406,23,1028,142342,0
DEQ,827631214724783,23,1028,131663,0
DEQ,827631215638812,23,1028,138813,0
DEQ,827631216553592,23,1028,150431,0
DEQ,827631217405894,23,1028,125708,0
DEQ,827631218283230,23,1028,143289,0
DEQ,827631219155153,23,1028,85945,0
DEQ,827631220100310,23,1028,104183,0
DEQ,827631221039601,23,1028,131422,0
DEQ,827631221957746,23,1028,145408,0
DEQ,827631222797706,23,1028,79713,0
DEQ,827631223753289,23,1028,132323,0
DEQ,827631224657128,23,1028,133092,0
DEQ,827631225580321,23,1028,150890,0
DEQ,827631226481575,23,1028,139856,0
DEQ,827631227337561,23,1028,122299,0
DEQ,827631228204181,23,1028,129473,0
DEQ,827631229105835,23,1028,140949,0
DEQ,827631230002777,23,1028,134925,0
DEQ,827631230906667,23,1028,136494,0
DEQ,827631231829598,23,1028,156953,0
DEQ,827631232708499,23,1028,132439,0
DEQ,827631233612680,23,1028,133461,0
DEQ,827631234533751,23,1028,152052,0
DEQ,827631235387167,23,1028,125487,0
DEQ,827631236205613,23,1028,84507,0
DEQ,827631237136785,23,1028,89750,0
DEQ,827631238099026,23,1028,125103,0
DEQ,827631239014058,23,1028,130800,0
DEQ,827631239909834,23,1028,127271,0
DEQ,827631240829155,23,1028,141659,0
DEQ,827631241730301,23,1028,137414,0
DEQ,827631242640505,23,1028,137372,0
DEQ,827631243560388,23,1028,156269,0
DEQ,827631244413986,23,1028,126229,0
DEQ,827631245293110,23,1028,140346,0
DEQ,827631246203114,23,1028,133655,0
DEQ,827631247104432,23,1028,126998,0
DEQ,827631248011396,23,1028,134142,0
DEQ,827631248916734,23,1028,133821,0
DEQ,827631249834584,23,1028,145938,0
DEQ,827631250723838,23,1028,131910,0
DEQ,827631251628408,23,1028,133344,0
DEQ,827631252552867,23,1028,155258,0
DEQ,827631253413221,23,1028,127390,0
DEQ,827631254288611,23,1028,143086,0
DEQ,827631255230738,23,1028,163507,0
DEQ,827631256013487,23,1028,37336,0
DEQ,827631256937894,23,1028,51157,0
DEQ,827631257926667,23,1028,136629,0
DEQ,827631258838948,23,1028,144974,0
DEQ,827631259735700,23,1028,136752,0
DEQ,827631260634660,23,1028,132939,0
DEQ,827631261558544,23,1028,151991,0
DEQ,827631262417322,23,1028,125031,0
DEQ,827631263286602,23,1028,127560,0
DEQ,827631264176473,23,1028,130283,0
DEQ,827631265080582,23,1028,135601,0
DEQ,827631265991531,23,1028,144455,0
DEQ,827631266893086,23,1028,136932,0
DEQ,827631267794394,23,1028,133057,0
DEQ,827631268707190,23,1028,142218,0
DEQ,827631269601261,23,1028,134443,0
DEQ,827631270520701,23,1028,150055,0
DEQ,827631271373937,23,1028,123143,0
DEQ,827631272230859,23,1028,120572,0
DEQ,827631273108697,23,1028,93386,0
DEQ,827631274043965,23,1028,132599,0
DEQ,827631274962297,23,1028,147858,0
DEQ,827631275852299,23,1028,135203,0
DEQ,827631276751261,23,1028,130560,0
DEQ,827631277658462,23,1028,134840,0
DEQ,827631278573890,23,1028,145610,0
DEQ,827631279482577,23,1028,151097,0
DEQ,827631280282567,23,1028,72493,0
DEQ,827631281206992,23,1028,137812,0
DEQ,827631282090938,23,1028,132980,0
DEQ,827631282980779,23,1028,131094,0
DEQ,827631283893528,23,1028,141890,0
DEQ,827631284785454,23,1028,131081,0
DEQ,827631285696326,23,1028,139296,0
DEQ,827631286589078,23,1028,129972,0
DEQ,827631287491475,23,1028,130389,0
DEQ,827631288364496,23,1028,130565,0
DEQ,827631289215846,23,1028,121179,0
DEQ,827631290105773,23,1028,121602,0
DEQ,827631291029869,23,1028,135653,0
DEQ,827631291946831,23,1028,148931,0
DEQ,827631292838370,23,1028,138569,0
DEQ,827631293733954,23,1028,131418,0
DEQ,827631294637279,23,1028,130479,0
DEQ,827631295538834,23,1028,129567,0
DEQ,827631296412923,23,1028,130550,0
DEQ,827631297283194,23,1028,141312,0
DEQ,827631298158215,23,1028,90317,0
DEQ,827631299102979,23,1028,109112,0
DEQ,827631300032665,23,1028,125163,0
DEQ,827631300943887,23,1028,137397,0
DEQ,827631301842305,23,1028,130550,0
DEQ,827631302749466,23,1028,133726,0
DEQ,827631303657055,23,1028,136300,0
DEQ,827631304563310,23,1028,138068,0
DEQ,827631305455321,23,1028,144513,0
DEQ,827631306338633,23,1028,153555,0
DEQ,827631307174130,23,1028,135665,0
DEQ,827631308083715,23,1028,142582,0
DEQ,827631308980060,23,1028,135500,0
DEQ,827631309880241,23,1028,132753,0
DEQ,827631310781043,23,1028,130378,0
DEQ,827631311610416,23,1028,56915,0
DEQ,827631312578009,23,1028,131643,0
DEQ,827631313477818,23,1028,128401,0
DEQ,827631314339904,23,1028,116333,0
DEQ,827631315214083,23,1028,131035,0
DEQ,827631316122867,23,1028,148408,0
DEQ,827631317041428,23,1028,128645,0
DEQ,827631317959127,23,1028,138949,0
DEQ,827631318863426,23,1028,141250,0
DEQ,827631319760760,23,1028,132799,0
DEQ,827631320669511,23,1028,137394,0
DEQ,827631321580783,23,1028,145187,0
DEQ,827631322422275,23,1028,79483,0
DEQ,827631323264488,23,1028,49632,0
DEQ,827631324118771,23,1028,44227,0
DEQ,827631324981166,23,1028,41470,0
DEQ,827631325867036,23,1028,37797,0
DEQ,827631326850261,23,1028,130912,0
DEQ,827631327749189,23,1028,125837,0
DEQ,827631328657058,23,1028,129572,0
DEQ,827631329573803,23,1028,140610,0
DEQ,827631330459759,23,1028,124799,0
DEQ,827631331323358,23,1028,115226,0
DEQ,827631332200275,23,1028,132775,0
DEQ,827631333109560,23,1028,153557,0
DEQ,827631333995563,23,1028,132286,0
DEQ,827631334898385,23,1028,133162,0
DEQ,827631335800505,23,1028,133239,0
DEQ,827631336706544,23,1028,136138,0
DEQ,827631337605603,23,1028,131577,0
DEQ,827631338515019,23,1028,133771,0
DEQ,827631339378451,23,1028,125435,0
DEQ,827631340256677,23,1028,144311,0
DEQ,827631341142293,23,1028,102760,0
DEQ,827631342110421,23,1028,145027,0
DEQ,827631343014094,23,1028,131148,0
DEQ,827631343914412,23,1028,132406,0
DEQ,827631344830449,23,1028,144596,0
DEQ,827631345728007,23,1028,136205,0
DEQ,827631346629952,23,1028,132216,0
DEQ,827631347526790,23,1028,125608,0
DEQ,827631348423053,23,1028,147372,0
DEQ,827631349284001,23,1028,148893,0
DEQ,827631350154660,23,1028,90229,0
DEQ,827631351099219,23,1028,107497,0
DEQ,827631352045119,23,1028,133924,0
DEQ,827631352947470,23,1028,138972,0
DEQ,827631353855590,23,1028,142400,0
DEQ,827631354750419,23,1028,131299,0
DEQ,827631355657668,23,1028,134295,0
DEQ,827631356573881,23,1028,146378,0
DEQ,827631357455828,23,1028,123890,0
STATS,827631357464067,0,0,274,274,0,0,0
DEQ,827631358283277,23,1028,77695,0
DEQ,827631359193794,23,1028,128680,0
DEQ,827631360102922,23,1028,148846,0
DEQ,827631360999610,23,1028,135989,0
DEQ,827631361896487,23,1028,129142,0
DEQ,827631362828669,23,1028,152626,0
DEQ,827631363708940,23,1028,130552,0
DEQ,827631364607721,23,1028,126409,0
DEQ,827631365520652,23,1028,135872,0
DEQ,827631366373934,23,1028,115420,0
DEQ,827631367258982,23,1028,141106,0
DEQ,827631368135333,23,1028,88423,0
DEQ,827631369127089,23,1028,149223,0
DEQ,827631370018986,23,1028,123616,0
DEQ,827631370922396,23,1028,129604,0
DEQ,827631371843685,23,1028,142991,0
DEQ,827631372737929,23,1028,131896,0
DEQ,827631373646601,23,1028,136174,0
DEQ,827631374565314,23,1028,151467,0
DEQ,827631375408839,23,1028,121142,0
DEQ,827631376293470,23,1028,143561,0
DEQ,827631377195511,23,1028,126549,0
DEQ,827631378122026,23,1028,141421,0
DEQ,827631379030810,23,1028,117871,0
DEQ,827631379959734,23,1028,137004,0
DEQ,827631380853486,23,1028,132486,0
DEQ,827631381762540,23,1028,136893,0
DEQ,827631382662538,23,1028,133066,0
DEQ,827631383579359,23,1028,144987,0
DEQ,827631384469112,23,1028,131819,0
DEQ,827631385332815,23,1028,121866,0
DEQ,827631386205358,23,1028,134315,0
DEQ,827631387111832,23,1028,151246,0
DEQ,827631388005337,23,1028,133839,0
DEQ,827631388901592,23,1028,124963,0
DEQ,827631389828466,23,1028,147462,0
DEQ,827631390720055,23,1028,135936,0
DEQ,827631391629244,23,1028,140426,0
DEQ,827631392523339,23,1028,129536,0
DEQ,827631393387986,23,1028,120667,0
DEQ,827631394270850,23,1028,143913,0
DEQ,827631395133826,23,1028,82558,0
DEQ,827631396034458,23,1028,53730,0
DEQ,827631397018384,23,1028,120829,0
DEQ,827631397947448,23,1028,151596,0
DEQ,827631398831774,23,1028,132953,0
DEQ,827631399726845,23,1028,123297,0
DEQ,827631400643412,23,1028,134370,0
DEQ,827631401546057,23,1028,130776,0
DEQ,827631402455752,23,1028,156167,0
DEQ,827631403315383,23,1028,141676,0
DEQ,827631404205314,23,1028,136634,0
DEQ,827631405121718,23,1028,145290,0
DEQ,827631406048222,23,1028,132233,0
DEQ,827631406951655,23,1028,127116,0
DEQ,827631407851421,23,1028,124407,0
DEQ,827631408762358,23,1028,128819,0
DEQ,827631409671607,23,1028,133588,0
DEQ,827631410583336,23,1028,136345,0
DEQ,827631411473297,23,1028,123350,0
DEQ,827631412337587,23,1028,114753,0
DEQ,827631413156579,23,1028,74067,0
DEQ,827631414113657,23,1028,140424,0
DEQ,827631415018271,23,1028,132917,0
DEQ,827631415940968,23,1028,151506,0
DEQ,827631416824242,23,1028,132615,0
DEQ,827631417720764,23,1028,126127,0
DEQ,827631418621570,23,1028,123175,0
DEQ,827631419535277,23,1028,132941,0
DEQ,827631420399443,23,1028,123955,0
DEQ,827631421273974,23,1028,139116,0
DEQ,827631422150343,23,1028,89825,0
DEQ,827631423051441,23,1028,64172,0
DEQ,827631424039596,23,1028,130205,0
DEQ,827631424963645,23,1028,155451,0
DEQ,827631425853239,23,1028,138899,0
DEQ,827631426747278,23,1028,127108,0
DEQ,827631427655567,23,1028,130735,0
DEQ,827631428576072,23,1028,147706,0
DEQ,827631429467601,23,1028,134443,0
DEQ,827631430335765,23,1028,128829,0
DEQ,827631431207428,23,1028,140896,0
DEQ,827631432101163,23,1028,145644,0
DEQ,827631432991012,23,1028,123737,0
DEQ,827631433910947,23,1028,140774,0
DEQ,827631434821607,23,1028,142910,0
DEQ,827631435709901,23,1028,126505,0
DEQ,827631436623924,23,1028,137209,0
DEQ,827631437523079,23,1028,133849,0
DEQ,827631438376315,23,1028,113644,0
DEQ,827631439266077,23,1028,143600,0
DEQ,827631440192912,23,1028,141931,0
DEQ,827631441112879,23,1028,134982,0
DEQ,827631442026684,23,1028,133166,0
DEQ,827631442924425,23,1028,133023,0
DEQ,827631443834332,23,1028,136010,0
DEQ,827631444735827,23,1028,131865,0
DEQ,827631445632954,23,1028,126119,0
DEQ,827631446536159,23,1028,125206,0
DEQ,827631447406147,23,1028,121232,0
DEQ,827631448287087,23,1028,142771,0
DEQ,827631449203742,23,1028,129979,0
DEQ,827631450129557,23,1028,148394,0
DEQ,827631451066382,23,1028,146661,0
DEQ,827631451964511,23,1028,135218,0
DEQ,827631452857842,23,1028,129438,0
DEQ,827631453773327,23,1028,139733,0
DEQ,827631454666435,23,1028,128201,0
DEQ,827631455578719,23,1028,136292,0
DEQ,827631456367097,23,1028,50365,0
DEQ,827631457211512,23,1028,34723,0
DEQ,827631458067280,23,1028,33643,0
DEQ,827631458971296,23,1028,48402,0
DEQ,827631459866705,23,1028,42998,0
DEQ,827631460853453,23,1028,137653,0
DEQ,827631461757521,23,1028,139047,0
DEQ,827631462650063,23,1028,129740,0
DEQ,827631463557133,23,1028,135000,0
DEQ,827631464445468,23,1028,136939,0
DEQ,827631465322401,23,1028,140440,0
DEQ,827631466180886,23,1028,144473,0
DEQ,827631467080614,23,1028,142672,0
DEQ,827631467991345,23,1028,150609,0
DEQ,827631468883430,23,1028,133430,0
DEQ,827631469783893,23,1028,130507,0
DEQ,827631470706620,23,1028,150343,0
DEQ,827631471586434,23,1028,127422,0
DEQ,827631472495195,23,1028,132730,0
DEQ,827631473360613,23,1028,125013,0
DEQ,827631474215846,23,1028,120691,0
DEQ,827631475103489,23,1028,118981,0
DEQ,827631476026547,23,1028,131960,0
DEQ,827631476948498,23,1028,151072,0
DEQ,827631477840775,23,1028,138055,0
DEQ,827631478733747,23,1028,127034,0
DEQ,827631479633565,23,1028,124620,0
DEQ,827631480540311,23,1028,129797,0
DEQ,827631481411107,23,1028,127705,0
DEQ,827631482289549,23,1028,146800,0
DEQ,827631483157893,23,1028,90514,0
DEQ,827631484093751,23,1028,97929,0
DEQ,827631485034139,23,1028,125407,0
DEQ,827631485962569,23,1028,151832,0
DEQ,827631486849567,23,1028,123165,0
DEQ,827631487763878,23,1028,132905,0
DEQ,827631488664691,23,1028,129797,0
DEQ,827631489573953,23,1028,133139,0
DEQ,827631490470876,23,1028,126074,0
DEQ,827631491290786,23,1028,71739,0
DEQ,827631492207201,23,1028,128571,0
DEQ,827631493095210,23,1028,127646,0
DEQ,827631493999651,23,1028,129379,0
DEQ,827631494921041,23,1028,146039,0
DEQ,827631495830726,23,1028,147331,0
DEQ,827631496728105,23,1028,142297,0
DEQ,827631497614011,23,1028,125091,0
DEQ,827631498526499,23,1028,133933,0
DEQ,827631499388884,23,1028,122974,0
DEQ,827631500269339,23,1028,143819,0
DEQ,827631501133471,23,1028,84348,0
DEQ,827631502110872,23,1028,133295,0
DEQ,827631503015463,23,1028,129900,0
DEQ,827631503952550,23,1028,166145,0
DEQ,827631504844289,23,1028,146184,0
DEQ,827631505739745,23,1028,136889,0
DEQ,827631506653409,23,1028,140441,0
DEQ,827631507551145,23,1028,134787,0
DEQ,827631508411519,23,1028,122017,0
DEQ,827631509280625,23,1028,123628,0
DEQ,827631510106127,23,1028,69258,0
DEQ,827631511087892,23,1028,148028,0
DEQ,827631511974115,23,1028,131907,0
DEQ,827631512899482,23,1028,153784,0
DEQ,827631513787957,23,1028,133140,0
DEQ,827631514700115,23,1028,141722,0
DEQ,827631515589997,23,1028,125994,0
DEQ,827631516495750,23,1028,128949,0
DEQ,827631517365651,23,1028,125796,0
DEQ,827631518213167,23,1028,113996,0
DEQ,827631519105715,23,1028,118451,0
DEQ,827631520019218,23,1028,123085,0
DEQ,827631520947178,23,1028,148674,0
DEQ,827631521856666,23,1028,155729,0
DEQ,827631522749023,23,1028,134469,0
DEQ,827631523655243,23,1028,136939,0
DEQ,827631524558795,23,1028,39751,0
DEQ,827631525541809,23,1028,101629,0
DEQ,827631526426854,23,1028,112759,0
DEQ,827631527299341,23,1028,82821,0
DEQ,827631528179371,23,1028,86177,0
DEQ,827631529109491,23,1028,85901,0
DEQ,827631529991701,23,1028,39028,0
DEQ,827631530902589,23,1028,38958,0
DEQ,827631531810348,23,1028,41560,0
DEQ,827631532730871,23,1028,51607,0
DEQ,827631533622503,23,1028,41222,0
DEQ,827631534528583,23,1028,42528,0
DEQ,827631535434885,23,1028,43082,0
DEQ,827631536298153,23,1028,33639,0
DEQ,827631537215194,23,1028,91303,0
DEQ,827631538138761,23,1028,87682,0
DEQ,827631539017106,23,1028,35391,0
DEQ,827631539933864,23,1028,41661,0
DEQ,827631540860794,23,1028,59911,0
DEQ,827631541747272,23,1028,41337,0
DEQ,827631542652296,23,1028,41784,0
DEQ,827631543555940,23,1028,42102,0
DEQ,827631544459234,23,1028,40571,0
DEQ,827631545337169,23,1028,46189,0
DEQ,827631546245648,23,1028,89463,0
DEQ,827631547116626,23,1028,49892,0
DEQ,827631548016958,23,1028,40644,0
DEQ,827631548919716,23,1028,42204,0
DEQ,827631549837649,23,1028,41204,0
DEQ,827631550748960,23,1028,43463,0
DEQ,827631551647348,23,1028,40787,0
DEQ,827631552551677,23,1028,41924,0
DEQ,827631553454662,23,1028,41723,0
DEQ,827631554328394,23,1028,43335,0
DEQ,827631555177595,23,1028,33402,0
DEQ,827631556087808,23,1028,42766,0
DEQ,827631556991271,23,1028,47159,0
DEQ,827631557891752,23,1028,43130,0
DEQ,827631558798104,23,1028,41134,0
DEQ,827631559703053,23,1028,41670,0
DEQ,827631560616314,23,1028,49875,0
DEQ,827631561510124,23,1028,41084,0
DEQ,827631562412439,23,1028,41170,0
DEQ,827631563276706,23,1028,33497,0
DEQ,827631564136039,23,1028,33491,0
DEQ,827631565033097,23,1028,41176,0
DEQ,827631565940746,23,1028,40558,0
DEQ,827631566857982,23,1028,55967,0
DEQ,827631567751058,23,1028,41595,0
DEQ,827631568655150,23,1028,42394,0
DEQ,827631569556585,23,1028,42006,0
DEQ,827631570458347,23,1028,40709,0
DEQ,827631571332280,23,1028,42456,0
DEQ,827631572188246,23,1028,32861,0
DEQ,827631573078104,23,1028,41406,0
DEQ,827631573991268,23,1028,52404,0
DEQ,827631574885316,23,1028,41612,0
DEQ,827631575788030,23,1028,42112,0
DEQ,827631576698344,23,1028,42199,0
DEQ,827631577615578,23,1028,55682,0
DEQ,827631578504772,23,1028,42142,0
DEQ,827631579408592,23,1028,42148,0
DEQ,827631580271531,23,1028,32761,0
DEQ,827631581131893,23,1028,33698,0
DEQ,827631582031758,23,1028,49223,0
DEQ,827631582994682,23,1028,37030,0
DEQ,827631583890785,23,1028,33818,0
DEQ,827631584783444,23,1028,34438,0
DEQ,827631585681741,23,1028,34711,0
DEQ,827631586643534,23,1028,105580,0
DEQ,827631587584897,23,1028,142158,0
DEQ,827631588485569,23,1028,132673,0
DEQ,827631589347235,23,1028,123081,0
DEQ,827631590157434,23,1028,73761,0
DEQ,827631591115116,23,1028,140865,0
DEQ,827631592039931,23,1028,128710,0
DEQ,827631592955374,23,1028,134794,0
DEQ,827631593872948,23,1028,153658,0
DEQ,827631594767487,23,1028,131791,0
DEQ,827631595674130,23,1028,133708,0
DEQ,827631596583988,23,1028,139083,0
DEQ,827631597482194,23,1028,135220,0
DEQ,827631598347286,23,1028,126738,0
DEQ,827631599205899,23,1028,126055,0
DEQ,827631600098752,23,1028,128924,0
DEQ,827631601012202,23,1028,139274,0
DEQ,827631601908392,23,1028,131688,0
DEQ,827631602831359,23,1028,151083,0
DEQ,827631603720760,23,1028,131034,0
DEQ,827631604627455,23,1028,134164,0
DEQ,827631605520567,23,1028,124787,0
DEQ,827631606395732,23,1028,126488,0
DEQ,827631607269131,23,1028,140520,0
DEQ,827631608141128,23,1028,87380,0
DEQ,827631609116101,23,1028,133327,0
DEQ,827631610025167,23,1028,132246,0
DEQ,827631610920875,23,1028,130000,0
DEQ,827631611764079,23,1028,64915,0
DEQ,827631612751155,23,1028,133921,0
DEQ,827631613658274,23,1028,139611,0
DEQ,827631614572136,23,1028,149012,0
DEQ,827631615459414,23,1028,132209,0
DEQ,827631616338494,23,1028,137492,0
DEQ,827631617204424,23,1028,144037,0
DEQ,827631618080514,23,1028,130990,0
DEQ,827631618996597,23,1028,143315,0
DEQ,827631619885008,23,1028,129277,0
DEQ,827631620812634,23,1028,154306,0
DEQ,827631621710252,23,1028,144230,0
DEQ,827631622600657,23,1028,131499,0
DEQ,827631623498429,23,1028,125413,0
DEQ,827631624322599,23,1028,75459,0
DEQ,827631625230284,23,1028,123671,0
DEQ,827631626130462,23,1028,134937,0
DEQ,827631627033772,23,1028,128931,0
DEQ,827631627954062,23,1028,146531,0
DEQ,827631628842338,23,1028,132976,0
DEQ,827631629764255,23,1028,152277,0
DEQ,827631630654208,23,1028,135578,0
DEQ,827631631553331,23,1028,130869,0
DEQ,827631632455684,23,1028,134274,0
DEQ,827631633333606,23,1028,139254,0
DEQ,827631634193064,23,1028,155355,0
DEQ,827631635082591,23,1028,142043,0
DEQ,827631635965742,23,1028,123307,0
DEQ,827631636892854,23,1028,143607,0
DEQ,827631637789256,23,1028,137215,0
DEQ,827631638723015,23,1028,168864,0
DEQ,827631639592802,23,1028,131039,0
DEQ,827631640494122,23,1028,129144,0
DEQ,827631641352939,23,1028,113938,0
DEQ,827631642219339,23,1028,121139,0
DEQ,827631643111830,23,1028,124756,0
DEQ,827631644019554,23,1028,124541,0
DEQ,827631644938291,23,1028,140343,0
DEQ,827631645825001,23,1028,123927,0
DEQ,827631646731317,23,1028,127311,0
DEQ,827631647653292,23,1028,146294,0
DEQ,827631648547120,23,1028,132764,0
DEQ,827631649410097,23,1028,121853,0
DEQ,827631650289729,23,1028,142057,0
DEQ,827631651198228,23,1028,130802,0
DEQ,827631652110284,23,1028,132395,0
DEQ,827631653015694,23,1028,137883,0
DEQ,827631653918853,23,1028,134951,0
DEQ,827631654828984,23,1028,141265,0
DEQ,827631655726442,23,1028,134657,0
DEQ,827631656651818,23,1028,156557,0
DEQ,827631657548098,23,1028,136170,0
DEQ,827631658411510,23,1028,123912,0
DEQ,827631659294792,23,1028,147823,0
DEQ,827631660225978,23,1028,157915,0
DEQ,827631661121318,23,1028,125388,0
DEQ,827631662037798,23,1028,129648,0
DEQ,827631662961422,23,1028,154082,0
DEQ,827631663846108,23,1028,132682,0
DEQ,827631664750718,23,1028,132805,0
DEQ,827631665673069,23,1028,151015,0
DEQ,827631666579239,23,1028,143947,0
DEQ,827631667471681,23,1028,132833,0
DEQ,827631668284320,23,1028,71835,0
DEQ,827631669202667,23,1028,130486,0
DEQ,827631670093812,23,1028,131398,0
DEQ,827631670997258,23,1028,132653,0
DEQ,827631671897587,23,1028,129886,0
DEQ,827631672805114,23,1028,134366,0
DEQ,827631673709696,23,1028,135082,0
DEQ,827631674633469,23,1028,153579,0
DEQ,827631675512648,23,1028,125987,0
DEQ,827631676379883,23,1028,120332,0
DEQ,827631677268997,23,1028,150112,0
DEQ,827631678190969,23,1028,140729,0
DEQ,827631679105859,23,1028,127713,0
DEQ,827631680016689,23,1028,128229,0
DEQ,827631680917214,23,1028,131306,0
DEQ,827631681826101,23,1028,132015,0
DEQ,827631682727759,23,1028,129011,0
DEQ,827631683653779,23,1028,151035,0
DEQ,827631684552444,23,1028,130381,0
DEQ,827631685416057,23,1028,124673,0
DEQ,827631686284074,23,1028,123834,0
DEQ,827631687166271,23,1028,129697,0
DEQ,827631688081027,23,1028,141548,0
DEQ,827631688975989,23,1028,132718,0
DEQ,827631689876824,23,1028,130391,0
DEQ,827631690778491,23,1028,128594,0
DEQ,827631691706287,23,1028,153577,0
DEQ,827631692610368,23,1028,154923,0
DEQ,827631693501446,23,1028,130658,0
DEQ,827631694357698,23,1028,113653,0
DEQ,827631695229013,23,1028,125606,0
DEQ,827631696125564,23,1028,132956,0
DEQ,827631697033875,23,1028,133260,0
DEQ,827631697953195,23,1028,149719,0
DEQ,827631698834330,23,1028,127729,0
DEQ,827631699746127,23,1028,137330,0
DEQ,827631700648066,23,1028,136408,0
DEQ,827631701571070,23,1028,154253,0
DEQ,827631702402957,23,1028,108694,0
DEQ,827631703309767,23,1028,144109,0
DEQ,827631704228885,23,1028,160240,0
DEQ,827631705142125,23,1028,145683,0
DEQ,827631706049744,23,1028,122707,0
DEQ,827631706964217,23,1028,128155,0
DEQ,827631707866245,23,1028,132080,0
DEQ,827631708779171,23,1028,133796,0
DEQ,827631709697092,23,1028,148439,0
DEQ,827631710601402,23,1028,147954,0
DEQ,827631711499315,23,1028,130048,0
DEQ,827631712316781,23,1028,73573,0
DEQ,827631713228938,23,1028,126293,0
DEQ,827631714123658,23,1028,132388,0
DEQ,827631714935859,23,1028,37475,0
DEQ,827631715826542,23,1028,36807,0
DEQ,827631716732708,23,1028,50168,0
DEQ,827631717620037,23,1028,45919,0
DEQ,827631718506522,23,1028,40380,0
DEQ,827631719500513,23,1028,137767,0
DEQ,827631720354276,23,1028,115233,0
DEQ,827631721217570,23,1028,119093,0
DEQ,827631722098607,23,1028,111664,0
DEQ,827631723020721,23,1028,123956,0
DEQ,827631723942665,23,1028,142536,0
DEQ,827631724827488,23,1028,124502,0
DEQ,827631725740605,23,1028,135081,0
DEQ,827631726641449,23,1028,132863,0
DEQ,827631727550867,23,1028,139286,0
DEQ,827631728419511,23,1028,134099,0
DEQ,827631729304824,23,1028,145185,0
DEQ,827631730205406,23,1028,136650,0
DEQ,827631731111777,23,1028,135231,0
DEQ,827631732010224,23,1028,131858,0
DEQ,827631732931512,23,1028,143027,0
DEQ,827631733839452,23,1028,146670,0
DEQ,827631734733905,23,1028,137112,0
DEQ,827631735631042,23,1028,129680,0
DEQ,827631736530694,23,1028,125866,0
DEQ,827631737436859,23,1028,158762,0
DEQ,827631738286648,23,1028,143602,0
DEQ,827631739161002,23,1028,89922,0
DEQ,827631740099893,23,1028,101649,0
DEQ,827631741040815,23,1028,127813,0
DEQ,827631741953835,23,1028,140967,0
DEQ,827631742853714,23,1028,135626,0
DEQ,827631743759057,23,1028,136244,0
DEQ,827631744656799,23,1028,130566,0
DEQ,827631745574417,23,1028,143627,0
DEQ,827631746477598,23,1028,142883,0
DEQ,827631747338898,23,1028,121180,0
DEQ,827631748206852,23,1028,129699,0
DEQ,827631749099481,23,1028,133332,0
DEQ,827631750000633,23,1028,131247,0
DEQ,827631750899190,23,1028,128337,0
DEQ,827631751816659,23,1028,142931,0
DEQ,827631752692638,23,1028,145491,0
DEQ,827631753585020,23,1028,146934,0
DEQ,827631754467447,23,1028,126027,0
DEQ,827631755340459,23,1028,125295,0
DEQ,827631756155893,23,1028,79241,0
DEQ,827631757099316,23,1028,133033,0
DEQ,827631757994974,23,1028,122701,0
DEQ,827631758898920,23,1028,123469,0
DEQ,827631759828917,23,1028,151267,0
DEQ,827631760717504,23,1028,136130,0
DEQ,827631761613691,23,1028,129690,0
DEQ,827631762520296,23,1028,133608,0
DEQ,827631763384936,23,1028,124677,0
DEQ,827631764256080,23,1028,136253,0
DEQ,827631765134351,23,1028,86746,0
DEQ,827631766036782,23,1028,62897,0
DEQ,827631767014484,23,1028,130216,0
DEQ,827631767937927,23,1028,152513,0
DEQ,827631768830085,23,1028,140359,0
DEQ,827631769720890,23,1028,125122,0
DEQ,827631770626154,23,1028,126036,0
DEQ,827631771535904,23,1028,130536,0
DEQ,827631772398107,23,1028,119489,0
DEQ,827631773273397,23,1028,135509,0
DEQ,827631774156238,23,1028,87313,0
DEQ,827631775097757,23,1028,102253,0
DEQ,827631776043269,23,1028,134477,0
DEQ,827631776949007,23,1028,138001,0
DEQ,827631777844360,23,1028,127859,0
DEQ,827631778748249,23,1028,127350,0
DEQ,827631779656506,23,1028,131488,0
DEQ,827631780573603,23,1028,141159,0
DEQ,827631781466654,23,1028,131271,0
DEQ,827631782336133,23,1028,127342,0
DEQ,827631783197635,23,1028,124173,0
DEQ,827631784091821,23,1028,129055,0
DEQ,827631785003196,23,1028,136037,0
DEQ,827631785895795,23,1028,125633,0
DEQ,827631786824192,23,1028,149640,0
DEQ,827631787707701,23,1028,129893,0
DEQ,827631788602687,23,1028,122431,0
DEQ,827631789517885,23,1028,131691,0
DEQ,827631790379834,23,1028,120292,0
DEQ,827631791244090,23,1028,125291,0
DEQ,827631792133992,23,1028,89177,0
DEQ,827631793095839,23,1028,125086,0
DEQ,827631794002609,23,1028,123262,0
DEQ,827631794909060,23,1028,130181,0
DEQ,827631795829344,23,1028,143228,0
DEQ,827631796725086,23,1028,133237,0
DEQ,827631797629052,23,1028,132984,0
DEQ,827631798523591,23,1028,122939,0
DEQ,827631799402210,23,1028,128502,0
DEQ,827631800204171,23,1028,71072,0
DEQ,827631801134354,23,1028,69090,0
DEQ,827631802101229,23,1028,127026,0
DEQ,827631803013479,23,1028,138491,0
DEQ,827631803909804,23,1028,126352,0
DEQ,827631804829918,23,1028,136480,0
DEQ,827631805731102,23,1028,135171,0
DEQ,827631806633693,23,1028,134566,0
DEQ,827631807536929,23,1028,134074,0
DEQ,827631808400996,23,1028,124631,0
DEQ,827631809275069,23,1028,139232,0
DEQ,827631810156072,23,1028,89264,0
DEQ,827631811109022,23,1028,116166,0
DEQ,827631812045579,23,1028,138905,0
DEQ,827631812947587,23,1028,141921,0
DEQ,827631813840988,23,1028,132717,0
DEQ,827631814746761,23,1028,134695,0
DEQ,827631815654353,23,1028,138146,0
DEQ,827631816549321,23,1028,129334,0
DEQ,827631817441998,23,1028,139109,0
DEQ,827631818302759,23,1028,126331,0
DEQ,827631819165809,23,1028,127112,0
DEQ,827631820079250,23,1028,139016,0
DEQ,827631820967170,23,1028,123237,0
DEQ,827631821880808,23,1028,130625,0
DEQ,827631822788847,23,1028,135111,0
DEQ,827631823690937,23,1028,134868,0
DEQ,827631824592102,23,1028,132714,0
DEQ,827631825486079,23,1028,123710,0
DEQ,827631826367424,23,1028,131834,0
DEQ,827631827223941,23,1028,129003,0
DEQ,827631828106100,23,1028,121085,0
DEQ,827631828953505,23,1028,54855,0
DEQ,827631829947649,23,1028,146056,0
DEQ,827631830833743,23,1028,127633,0
DEQ,827631831732708,23,1028,123123,0
DEQ,827631832638945,23,1028,126078,0
DEQ,827631833552423,23,1028,135367,0
DEQ,827631834427245,23,1028,131431,0
DEQ,827631835310568,23,1028,140688,0
DEQ,827631836223824,23,1028,147025,0
DEQ,827631837141977,23,1028,150782,0
DEQ,827631838052754,23,1028,127030,0
DEQ,827631838957321,23,1028,124760,0
DEQ,827631839869121,23,1028,134119,0
DEQ,827631840772289,23,1028,131215,0
DEQ,827631841680709,23,1028,134430,0
DEQ,827631842557083,23,1028,108233,0
DEQ,827631843387242,23,1028,37090,0
DEQ,827631844246210,23,1028,33730,0
DEQ,827631845124085,23,1028,51039,0
DEQ,827631846005963,23,1028,35231,0
DEQ,827631846901857,23,1028,41093,0
DEQ,827631847893025,23,1028,136181,0
DEQ,827631848786298,23,1028,126969,0
DEQ,827631849707298,23,1028,144940,0
DEQ,827631850600797,23,1028,135344,0
DEQ,827631851494258,23,1028,125378,0
DEQ,827631852363132,23,1028,119685,0
DEQ,827631853231063,23,1028,128241,0
DEQ,827631854119950,23,1028,128126,0
DEQ,827631854960065,23,1028,58520,0
DEQ,827631855946857,23,1028,140367,0
DEQ,827631856840881,23,1028,129785,0
DEQ,827631857744098,23,1028,131275,0
DEQ,827631858651985,23,1028,136264,0
DEQ,827631859546049,23,1028,128095,0
DEQ,827631860415924,23,1028,125190,0
DEQ,827631861295859,23,1028,143981,0
DEQ,827631862207373,23,1028,140535,0
DEQ,827631863120205,23,1028,144757,0
DEQ,827631864006521,23,1028,122814,0
DEQ,827631864914314,23,1028,123724,0
DEQ,827631865835038,23,1028,140136,0
DEQ,827631866731484,23,1028,133545,0
DEQ,827631867639857,23,1028,135389,0
DEQ,827631868538309,23,1028,130124,0
DEQ,827631869405328,23,1028,123981,0
DEQ,827631870288452,23,1028,147804,0
DEQ,827631871155511,23,1028,88174,0
DEQ,827631872101451,23,1028,105567,0
DEQ,827631873045326,23,1028,126514,0
DEQ,827631873951161,23,1028,138844,0
DEQ,827631874845284,23,1028,127174,0
DEQ,827631875749008,23,1028,125313,0
DEQ,827631876660607,23,1028,128512,0
DEQ,827631877586151,23,1028,149252,0
DEQ,827631878479736,23,1028,139150,0
DEQ,827631879334351,23,1028,120895,0
DEQ,827631880207341,23,1028,134480,0
DEQ,827631881115468,23,1028,154074,0
DEQ,827631882013944,23,1028,136006,0
DEQ,827631882910426,23,1028,129474,0
DEQ,827631883830783,23,1028,147356,0
DEQ,827631884718775,23,1028,131765,0
DEQ,827631885613952,23,1028,124275,0
DEQ,827631886524212,23,1028,132920,0
DEQ,827631887386242,23,1028,121820,0
DEQ,827631888265020,23,1028,141472,0
DEQ,827631889133366,23,1028,85273,0
DEQ,827631890117786,23,1028,143382,0
DEQ,827631891015206,23,1028,124380,0
DEQ,827631891925157,23,1028,134081,0
DEQ,827631892840549,23,1028,142936,0
DEQ,827631893735921,23,1028,133089,0
DEQ,827631894639622,23,1028,132898,0
DEQ,827631895547337,23,1028,136349,0
DEQ,827631896404054,23,1028,118620,0
DEQ,827631897292808,23,1028,147616,0
DEQ,827631898206862,23,1028,137946,0
DEQ,827631899123679,23,1028,146547,0
DEQ,827631900049379,23,1028,137891,0
DEQ,827631900957535,23,1028,133944,0
DEQ,827631901857387,23,1028,138833,0
DEQ,827631902762434,23,1028,137086,0
DEQ,827631903664427,23,1028,131173,0
DEQ,827631904578273,23,1028,140045,0
DEQ,827631905470604,23,1028,129399,0
DEQ,827631906326849,23,1028,112845,0
DEQ,827631907197261,23,1028,123273,0
DEQ,827631908118714,23,1028,155458,0
DEQ,827631909007462,23,1028,130106,0
DEQ,827631909911880,23,1028,130889,0
DEQ,827631910828000,23,1028,143988,0
DEQ,827631911722888,23,1028,135062,0
DEQ,827631912618239,23,1028,128537,0
DEQ,827631913520041,23,1028,128189,0
DEQ,827631914383687,23,1028,118697,0
DEQ,827631915268085,23,1028,143719,0
DEQ,827631916136263,23,1028,84820,0
DEQ,827631917114583,23,1028,135240,0
DEQ,827631918029887,23,1028,134111,0
DEQ,827631918950102,23,1028,149981,0
DEQ,827631919829228,23,1028,124467,0
DEQ,827631920741039,23,1028,132933,0
DEQ,827631921646649,23,1028,135329,0
DEQ,827631922549306,23,1028,133897,0
DEQ,827631923411500,23,1028,122499,0
DEQ,827631924293988,23,1028,144960,0
DEQ,827631925198439,23,1028,127078,0
DEQ,827631926114581,23,1028,136004,0
DEQ,827631927020132,23,1028,131647,0
DEQ,827631927934278,23,1028,142169,0
DEQ,827631928837670,23,1028,141982,0
DEQ,827631929734098,23,1028,134734,0
DEQ,827631930632099,23,1028,129055,0
DEQ,827631931543373,23,1028,136032,0
DEQ,827631932402865,23,1028,120828,0
DEQ,827631933236720,23,1028,95099,0
DEQ,827631934166298,23,1028,95002,0
DEQ,827631935108558,23,1028,110673,0
DEQ,827631936045179,23,1028,126121,0
DEQ,827631936956035,23,1028,140157,0
DEQ,827631937847706,23,1028,124533,0
DEQ,827631938752538,23,1028,123974,0
DEQ,827631939669172,23,1028,137638,0
DEQ,827631940583284,23,1028,148253,0
DEQ,827631941478661,23,1028,139991,0
DEQ,827631942336227,23,1028,124142,0
DEQ,827631943204608,23,1028,133186,0
DEQ,827631944121533,23,1028,161229,0
DEQ,827631945002704,23,1028,132165,0
DEQ,827631945907785,23,1028,134291,0
DEQ,827631946827409,23,1028,151419,0
DEQ,827631947711031,23,1028,132038,0
DEQ,827631948619995,23,1028,132233,0
DEQ,827631949513399,23,1028,122947,0
DEQ,827631950377366,23,1028,113559,0
DEQ,827631951267031,23,1028,144020,0
DEQ,827631952146212,23,1028,94981,0
DEQ,827631953042582,23,1028,56532,0
DEQ,827631953957404,23,1028,48177,0
DEQ,827631954952625,23,1028,143528,0
DEQ,827631955848237,23,1028,135074,0
DEQ,827631956756932,23,1028,138299,0
DEQ,827631957659844,23,1028,136144,0
DEQ,827631958571544,23,1028,144525,0
DEQ,827631959466004,23,1028,133873,0
DEQ,827631960332394,23,1028,126629,0
DEQ,827631961197732,23,1028,132432,0
DEQ,827631962104312,23,1028,147749,0
DEQ,827631962999203,23,1028,136843,0
DEQ,827631963897763,23,1028,131530,0
DEQ,827631964801033,23,1028,130782,0
DEQ,827631965718378,23,1028,145001,0
DEQ,827631966606467,23,1028,130259,0
DEQ,827631967508493,23,1028,129230,0
DEQ,827631968381949,23,1028,129802,0
DEQ,827631969254765,23,1028,143169,0
DEQ,827631970180354,23,1028,143363,0
DEQ,827631971100793,23,1028,137289,0
DEQ,827631972004499,23,1028,125104,0
DEQ,827631972918797,23,1028,137448,0
DEQ,827631973823205,23,1028,136841,0
DEQ,827631974719418,23,1028,128932,0
DEQ,827631975622373,23,1028,127184,0
DEQ,827631976433571,23,1028,36428,0
DEQ,827631977293050,23,1028,33422,0
DEQ,827631978159625,23,1028,39636,0
DEQ,827631979051176,23,1028,35206,0
DEQ,827631979952736,23,1028,46295,0
DEQ,827631980943948,23,1028,141137,0
DEQ,827631981833889,23,1028,126420,0
DEQ,827631982742222,23,1028,131892,0
DEQ,827631983644192,23,1028,131335,0
DEQ,827631984537042,23,1028,121711,0
DEQ,827631985413963,23,1028,125700,0
DEQ,827631986296963,23,1028,141117,0
DEQ,827631987205023,23,1028,135160,0
DEQ,827631988106779,23,1028,128704,0
DEQ,827631989031199,23,1028,152618,0
DEQ,827631989921254,23,1028,129261,0
DEQ,827631990840207,23,1028,140837,0
DEQ,827631991736961,23,1028,132590,0
DEQ,827631992640198,23,1028,132047,0
DEQ,827631993544328,23,1028,132322,0
DEQ,827631994416248,23,1028,130543,0
DEQ,827631995286575,23,1028,141270,0
DEQ,827631996206726,23,1028,137807,0
DEQ,827631997107747,23,1028,129679,0
DEQ,827631998022579,23,1028,144422,0
DEQ,827631998946385,23,1028,157085,0
DEQ,827631999831208,23,1028,138216,0
DEQ,827632000721357,23,1028,139411,0
DEQ,827632001628191,23,1028,133421,0
DEQ,827632002523273,23,1028,129777,0
DEQ,827632003387757,23,1028,121337,0
DEQ,827632004240803,23,1028,113831,0
DEQ,827632005158204,23,1028,104472,0
DEQ,827632006103634,23,1028,121979,0
DEQ,827632006949316,23,1028,42498,0
DEQ,827632007964388,23,1028,122659,0
DEQ,827632008879693,23,1028,126255,0
DEQ,827632009787564,23,1028,135848,0
DEQ,827632010709169,23,1028,151411,0
DEQ,827632011587793,23,1028,124343,0
DEQ,827632012497517,23,1028,127824,0
DEQ,827632013366214,23,1028,123168,0
DEQ,827632014229168,23,1028,126951,0
DEQ,827632015108740,23,1028,117167,0
DEQ,827632016064686,23,1028,163332,0
DEQ,827632016967206,23,1028,134758,0
DEQ,827632017866074,23,1028,130891,0
DEQ,827632018762740,23,1028,123509,0
DEQ,827632019671681,23,1028,128152,0
DEQ,827632020581318,23,1028,135483,0
DEQ,827632021483002,23,1028,134718,0
DEQ,827632022297672,23,1028,74842,0
DEQ,827632023206652,23,1028,123896,0
DEQ,827632024095870,23,1028,123649,0
DEQ,827632025030957,23,1028,155086,0
DEQ,827632025910141,23,1028,124474,0
DEQ,827632026822232,23,1028,132826,0
DEQ,827632027722364,23,1028,129416,0
DEQ,827632028624015,23,1028,127435,0
DEQ,827632029532560,23,1028,133569,0
DEQ,827632030401043,23,1028,128266,0
DEQ,827632031271370,23,1028,138647,0
DEQ,827632032143497,23,1028,79173,0
DEQ,827632033111056,23,1028,119535,0
DEQ,827632033963357,23,1028,57318,0
DEQ,827632034957580,23,1028,143743,0
DEQ,827632035853191,23,1028,137940,0
DEQ,827632036748430,23,1028,125998,0
DEQ,827632037649337,23,1028,124107,0
DEQ,827632038566013,23,1028,137851,0
DEQ,827632039462858,23,1028,131232,0
DEQ,827632040330801,23,1028,126184,0
DEQ,827632041204235,23,1028,140284,0
DEQ,827632042078294,23,1028,124312,0
DEQ,827632043004214,23,1028,147457,0
DEQ,827632043894252,23,1028,129581,0
DEQ,827632044798757,23,1028,130321,0
DEQ,827632045701730,23,1028,130779,0
DEQ,827632046608120,23,1028,135085,0
DEQ,827632047510868,23,1028,134019,0
DEQ,827632048373168,23,1028,121819,0
DEQ,827632049227906,23,1028,116578,0
DEQ,827632050147107,23,1028,129115,0
DEQ,827632051039429,23,1028,126049,0
DEQ,827632051963095,23,1028,146612,0
DEQ,827632052849357,23,1028,127085,0
DEQ,827632053755830,23,1028,130622,0
DEQ,827632054668897,23,1028,140988,0
DEQ,827632055584937,23,1028,153304,0
DEQ,827632056457701,23,1028,122096,0
DEQ,827632057324948,23,1028,116247,0
DEQ,827632058197077,23,1028,129051,0
DEQ,827632059080938,23,1028,124731,0
DEQ,827632059990790,23,1028,131681,0
DEQ,827632060922297,23,1028,159284,0
DEQ,827632061805331,23,1028,132731,0
DEQ,827632062710573,23,1028,135369,0
DEQ,827632063605335,23,1028,127437,0
DEQ,827632064517868,23,1028,133775,0
DEQ,827632065376303,23,1028,117455,0
DEQ,827632066210217,23,1028,91984,0
DEQ,827632067155771,23,1028,111083,0
DEQ,827632068096183,23,1028,126327,0
DEQ,827632069002830,23,1028,124420,0
DEQ,827632069946127,23,1028,164948,0
DEQ,827632070823700,23,1028,130326,0
DEQ,827632071724271,23,1028,127258,0
DEQ,827632072631091,23,1028,128527,0
DEQ,827632073534238,23,1028,127557,0
DEQ,827632074401957,23,1028,120311,0
DEQ,827632075286965,23,1028,145887,0
DEQ,827632076204974,23,1028,140391,0
DEQ,827632077009971,23,1028,74569,0
DEQ,827632077975967,23,1028,141250,0
DEQ,827632078885619,23,1028,149797,0
DEQ,827632079780790,23,1028,130752,0
DEQ,827632080703530,23,1028,148577,0
DEQ,827632081588049,23,1028,126027,0
DEQ,827632082502651,23,1028,133922,0
DEQ,827632083386432,23,1028,143170,0
DEQ,827632084241131,23,1028,126959,0
DEQ,827632085144491,23,1028,111201,0
DEQ,827632086090592,23,1028,132768,0
DEQ,827632087008075,23,1028,139671,0
DEQ,827632087919786,23,1028,144410,0
DEQ,827632088827147,23,1028,143485,0
DEQ,827632089720973,23,1028,132932,0
DEQ,827632090620031,23,1028,128069,0
DEQ,827632091551467,23,1028,155687,0
DEQ,827632092425775,23,1028,144162,0
DEQ,827632093307636,23,1028,151206,0
DEQ,827632094227491,23,1028,157025,0
DEQ,827632095135487,23,1028,139775,0
DEQ,827632096062274,23,1028,137325,0
DEQ,827632096970856,23,1028,138303,0
DEQ,827632097873225,23,1028,134020,0
DEQ,827632098776387,23,1028,132817,0
DEQ,827632099706124,23,1028,156319,0
DEQ,827632100586642,23,1028,132502,0
DEQ,827632101495790,23,1028,136739,0
DEQ,827632102350957,23,1028,118757,0
DEQ,827632103205253,23,1028,113845,0
DEQ,827632104095820,23,1028,114815,0
DEQ,827632104891663,23,1028,34230,0
DEQ,827632105754526,23,1028,34603,0
DEQ,827632106649701,23,1028,34390,0
DEQ,827632107541509,23,1028,33913,0
DEQ,827632108433029,23,1028,36162,0
DEQ,827632109356692,23,1028,98296,0
DEQ,827632110191902,23,1028,74070,0
DEQ,827632111109261,23,1028,85042,0
DEQ,827632112046430,23,1028,127869,0
DEQ,827632112958690,23,1028,136546,0
DEQ,827632113857940,23,1028,132842,0
DEQ,827632114786421,23,1028,158346,0
DEQ,827632115670517,23,1028,134365,0
DEQ,827632116578734,23,1028,138965,0
DEQ,827632117473536,23,1028,130363,0
DEQ,827632118336588,23,1028,120698,0
DEQ,827632119206873,23,1028,131705,0
DEQ,827632120094462,23,1028,130395,0
DEQ,827632121003146,23,1028,136641,0
DEQ,827632121905793,23,1028,137618,0
DEQ,827632122804676,23,1028,133636,0
DEQ,827632123730212,23,1028,156619,0
DEQ,827632124613937,23,1028,130745,0
DEQ,827632125521204,23,1028,135032,0
DEQ,827632126387462,23,1028,127887,0
DEQ,827632127262596,23,1028,143522,0
DEQ,827632128139999,23,1028,86618,0
DEQ,827632129101322,23,1028,119198,0
DEQ,827632130023979,23,1028,132388,0
DEQ,827632130927175,23,1028,136339,0
DEQ,827632131829467,23,1028,132146,0
DEQ,827632132748538,23,1028,145931,0
DEQ,827632133651356,23,1028,133800,0
DEQ,827632134551565,23,1028,129626,0
DEQ,827632135464463,23,1028,132204,0
DEQ,827632136325432,23,1028,124973,0
DEQ,827632137194756,23,1028,134601,0
DEQ,827632138082335,23,1028,132511,0
DEQ,827632138976315,23,1028,122350,0
DEQ,827632139888779,23,1028,131942,0
DEQ,827632140791426,23,1028,131940,0
DEQ,827632141711589,23,1028,150387,0
DEQ,827632142599983,23,1028,127906,0
DEQ,827632143507499,23,1028,131501,0
DEQ,827632144325303,23,1028,75603,0
DEQ,827632145233589,23,1028,124160,0
DEQ,827632146110973,23,1028,112422,0
DEQ,827632147043439,23,1028,135538,0
DEQ,827632147953788,23,1028,142959,0
DEQ,827632148840988,23,1028,126758,0
DEQ,827632149747722,23,1028,130463,0
DEQ,827632150669862,23,1028,150151,0
DEQ,827632151569130,23,1028,138180,0
DEQ,827632152464206,23,1028,129111,0
DEQ,827632153323263,23,1028,114803,0
DEQ,827632154223731,23,1028,155799,0
DEQ,827632155131490,23,1028,140146,0
DEQ,827632156051058,23,1028,130485,0
DEQ,827632156962393,23,1028,131046,0
DEQ,827632157863523,23,1028,130531,0
DEQ,827632158766246,23,1028,129433,0
DEQ,827632159034189,23,84,19019,0
DEQ,827632159696828,23,1028,150249,0
DEQ,827632160594506,23,1028,133187,0
DEQ,827632161496733,23,1028,131656,0
DEQ,827632162359043,23,1028,120292,0
DEQ,827632163214266,23,1028,116079,0
DEQ,827632164096943,23,1028,109045,0
DEQ,827632164947035,23,1028,51756,0
DEQ,827632165939288,23,1028,140277,0
DEQ,827632166825619,23,1028,124428,0
DEQ,827632167728150,23,1028,124287,0
DEQ,827632168664851,23,1028,158078,0
DEQ,827632169548871,23,1028,129006,0
DEQ,827632170434710,23,1028,140959,0
DEQ,827632171308271,23,1028,139828,0
DEQ,827632172206237,23,1028,137252,0
DEQ,827632173100932,23,1028,121832,0
DEQ,827632174007419,23,1028,129208,0
DEQ,827632174911673,23,1028,129164,0
DEQ,827632175827157,23,1028,140928,0
DEQ,827632176720226,23,1028,129629,0
DEQ,827632177640465,23,1028,146140,0
DEQ,827632178532213,23,1028,127020,0
DEQ,827632179418016,23,1028,137924,0
DEQ,827632180284151,23,1028,144529,0
DEQ,827632181169336,23,1028,100875,0
DEQ,827632182094167,23,1028,89206,0
DEQ,827632183043706,23,1028,130345,0
DEQ,827632183958500,23,1028,139819,0
DEQ,827632184845334,23,1028,124301,0
DEQ,827632185756481,23,1028,130150,0
DEQ,827632186682234,23,1028,152075,0
DEQ,827632187573412,23,1028,127876,0
DEQ,827632188476280,23,1028,125141,0
DEQ,827632189338171,23,1028,113520,0
DEQ,827632190201033,23,1028,117206,0
DEQ,827632191108976,23,1028,136237,0
DEQ,827632192041297,23,1028,130026,0
DEQ,827632192958712,23,1028,138308,0
DEQ,827632193856494,23,1028,134389,0
DEQ,827632194762753,23,1028,135979,0
DEQ,827632195686454,23,1028,152630,0
DEQ,827632196588762,23,1028,143687,0
DEQ,827632197477113,23,1028,128213,0
DEQ,827632198348488,23,1028,126080,0
DEQ,827632199158749,23,1028,76830,0
DEQ,827632200107057,23,1028,134834,0
DEQ,827632200966456,23,1028,91692,0
DEQ,827632201907599,23,1028,125784,0
DEQ,827632202827929,23,1028,143246,0
DEQ,827632203717145,23,1028,129991,0
DEQ,827632204639552,23,1028,149410,0
DEQ,827632205533251,23,1028,127901,0
DEQ,827632206397274,23,1028,118318,0
DEQ,827632207281139,23,1028,142064,0
DEQ,827632208160549,23,1028,87012,0
DEQ,827632209101429,23,1028,93083,0
DEQ,827632210057123,23,1028,137538,0
DEQ,827632210961096,23,1028,139642,0
DEQ,827632211860887,23,1028,132461,0
DEQ,827632212770664,23,1028,136612,0
DEQ,827632213687221,23,1028,149039,0
DEQ,827632214589890,23,1028,134159,0
DEQ,827632215492216,23,1028,133449,0
DEQ,827632216350271,23,1028,118037,0
DEQ,827632217220527,23,1028,128403,0
DEQ,827632218110342,23,1028,128285,0
DEQ,827632219024292,23,1028,134006,0
DEQ,827632219924982,23,1028,130953,0
DEQ,827632220842617,23,1028,144465,0
DEQ,827632221735251,23,1028,134960,0
DEQ,827632222646606,23,1028,143472,0
DEQ,827632223547058,23,1028,135683,0
DEQ,827632224414206,23,1028,129731,0
DEQ,827632225294770,23,1028,150533,0
DEQ,827632226227502,23,1028,153803,0
DEQ,827632227146902,23,1028,147338,0
DEQ,827632228072584,23,1028,143133,0
DEQ,827632228973254,23,1028,133011,0
DEQ,827632229882415,23,1028,140660,0
DEQ,827632230780430,23,1028,133414,0
DEQ,827632231713095,23,1028,156575,0
DEQ,827632232604450,23,1028,137368,0
DEQ,827632233507028,23,1028,134425,0
DEQ,827632234371754,23,1028,125651,0
DEQ,827632235141664,23,1028,35327,0
DEQ,827632236036820,23,1028,41325,0
DEQ,827632236938687,23,1028,40691,0
DEQ,827632237839735,23,1028,42416,0
DEQ,827632238742190,23,1028,46552,0
DEQ,827632239712658,23,1028,125364,0
DEQ,827632240635904,23,1028,145329,0
DEQ,827632241531416,23,1028,132525,0
DEQ,827632242400052,23,1028,128201,0
DEQ,827632243215324,23,1028,84107,0
DEQ,827632244126736,23,1028,72710,0
DEQ,827632245097248,23,1028,133854,0
DEQ,827632246007032,23,1028,140795,0
DEQ,827632246899945,23,1028,130579,0
DEQ,827632247824668,23,1028,151373,0
DEQ,827632248700119,23,1028,122787,0
DEQ,827632249632013,23,1028,151340,0
DEQ,827632250526175,23,1028,130093,0
DEQ,827632251394635,23,1028,124757,0
DEQ,827632252275690,23,1028,146480,0
DEQ,827632253135249,23,1028,81790,0
DEQ,827632254108412,23,1028,128408,0
DEQ,827632254943655,23,1028,52330,0
DEQ,827632255948464,23,1028,150418,0
DEQ,827632256841352,23,1028,138868,0
DEQ,827632257746728,23,1028,141018,0
DEQ,827632258670433,23,1028,160109,0
DEQ,827632259573602,23,1028,147772,0
DEQ,827632260460435,23,1028,129705,0
DEQ,827632261322956,23,1028,118089,0
DEQ,827632262206634,23,1028,142455,0
DEQ,827632263083462,23,1028,130056,0
DEQ,827632263989445,23,1028,131846,0
DEQ,827632264886288,23,1028,124581,0
DEQ,827632265801065,23,1028,136337,0
DEQ,827632266711918,23,1028,144195,0
DEQ,827632267633699,23,1028,162619,0
DEQ,827632268519491,23,1028,135319,0
DEQ,827632269372537,23,1028,114646,0
DEQ,827632270203207,23,1028,86072,0
DEQ,827632271128789,23,1028,82084,0
DEQ,827632272093110,23,1028,120609,0
DEQ,827632273018546,23,1028,137096,0
DEQ,827632273924239,23,1028,138250,0
DEQ,827632274830164,23,1028,136916,0
DEQ,827632275732547,23,1028,131918,0
DEQ,827632276655878,23,1028,150609,0
DEQ,827632277548246,23,1028,128653,0
DEQ,827632278397859,23,1028,103088,0
DEQ,827632279270161,23,1028,115708,0
DEQ,827632280189432,23,1028,152379,0
DEQ,827632281073713,23,1028,132650,0
DEQ,827632281984083,23,1028,136925,0
DEQ,827632282869732,23,1028,127618,0
DEQ,827632283780416,23,1028,135784,0
DEQ,827632284677717,23,1028,131384,0
DEQ,827632285593533,23,1028,144253,0
DEQ,827632286452046,23,1028,122623,0
DEQ,827632287300277,23,1028,111350,0
DEQ,827632288227463,23,1028,147333,0
DEQ,827632289112722,23,1028,100649,0
DEQ,827632290084710,23,1028,142433,0
DEQ,827632290974590,23,1028,124135,0
DEQ,827632291886826,23,1028,133142,0
DEQ,827632292789948,23,1028,132108,0
DEQ,827632293707229,23,1028,145702,0
DEQ,827632294620005,23,1028,151837,0
DEQ,827632295521533,23,1028,140827,0
DEQ,827632296400914,23,1028,145950,0
DEQ,827632297256797,23,1028,131316,0
DEQ,827632298133531,23,1028,90557,0
DEQ,827632299086235,23,1028,150468,0
DEQ,827632299969654,23,1028,129612,0
DEQ,827632300867511,23,1028,123495,0
DEQ,827632301776192,23,1028,128463,0
DEQ,827632302696388,23,1028,139546,0
DEQ,827632303612986,23,1028,152276,0
DEQ,827632304504002,23,1028,128072,0
DEQ,827632305363238,23,1028,113511,0
DEQ,827632306227393,23,1028,118398,0
DEQ,827632307113858,23,1028,115624,0
DEQ,827632307958290,23,1028,53021,0
DEQ,827632308949325,23,1028,137675,0
DEQ,827632309851168,23,1028,136810,0
DEQ,827632310751270,23,1028,133407,0
DEQ,827632311657055,23,1028,136368,0
DEQ,827632312574939,23,1028,150855,0
DEQ,827632313467704,23,1028,133005,0
DEQ,827632314334562,23,1028,126899,0
DEQ,827632315201957,23,1028,134939,0
DEQ,827632316081372,23,1028,125284,0
DEQ,827632316989737,23,1028,130453,0
DEQ,827632317886341,23,1028,123255,0
DEQ,827632318789345,23,1028,123170,0
DEQ,827632319702920,23,1028,133255,0
DEQ,827632320605013,23,1028,131966,0
DEQ,827632321526122,23,1028,150478,0
DEQ,827632322380574,23,1028,125242,0
DEQ,827632323258852,23,1028,144243,0
DEQ,827632324138256,23,1028,99548,0
DEQ,827632325094578,23,1028,124660,0
DEQ,827632326014234,23,1028,134634,0
DEQ,827632326921018,23,1028,135781,0
DEQ,827632327829605,23,1028,142574,0
DEQ,827632328727283,23,1028,136692,0
DEQ,827632329626221,23,1028,132400,0
DEQ,827632330549333,23,1028,151840,0
DEQ,827632331408178,23,1028,123597,0
DEQ,827632332288716,23,1028,144585,0
DEQ,827632333227214,23,1028,159597,0
DEQ,827632334102806,23,1028,105414,0
DEQ,827632335045051,23,1028,135551,0
DEQ,827632335954213,23,1028,144076,0
DEQ,827632336848468,23,1028,133068,0
DEQ,827632337747618,23,1028,125121,0
DEQ,827632338660193,23,1028,132811,0
DEQ,827632339580518,23,1028,150078,0
DEQ,827632340478997,23,1028,135520,0
DEQ,827632341330617,23,1028,113309,0
DEQ,827632342178663,23,1028,101494,0
DEQ,827632343100507,23,1028,132758,0
DEQ,827632344004158,23,1028,131606,0
DEQ,827632344914914,23,1028,139003,0
DEQ,827632345824947,23,1028,145155,0
DEQ,827632346710708,23,1028,128572,0
DEQ,827632347619828,23,1028,135191,0
DEQ,827632348549872,23,1028,162125,0
DEQ,827632349395059,23,1028,127667,0
DEQ,827632350270610,23,1028,143050,0
DEQ,827632351142715,23,1028,87848,0
DEQ,827632352042674,23,1028,59625,0
DEQ,827632353025701,23,1028,131973,0
DEQ,827632353924552,23,1028,132427,0
DEQ,827632354837322,23,1028,140922,0
DEQ,827632355735157,23,1028,134928,0
DEQ,827632356637782,23,1028,134432,0
DEQ,827632357551286,23,1028,143482,0
STATS,827632357560736,0,0,1388,1388,0,0,0
DEQ,827632358414623,23,1028,126613,0
DEQ,827632359297037,23,1028,143830,0
DEQ,827632360202905,23,1028,128021,0
DEQ,827632361122852,23,1028,141166,0
DEQ,827632361991907,23,1028,83669,0
DEQ,827632362856665,23,1028,40485,0
DEQ,827632363742984,23,1028,34485,0
DEQ,827632364635328,23,1028,35058,0
DEQ,827632365527658,23,1028,35383,0
DEQ,827632366418040,23,1028,36493,0
DEQ,827632367374406,23,1028,123515,0
DEQ,827632368233041,23,1028,122679,0
DEQ,827632369107695,23,1028,108413,0
DEQ,827632370053555,23,1028,142282,0
DEQ,827632370960248,23,1028,145102,0
DEQ,827632371854537,23,1028,137441,0
DEQ,827632372749604,23,1028,129721,0
DEQ,827632373655138,23,1028,133186,0
DEQ,827632374574001,23,1028,145043,0
DEQ,827632375482557,23,1028,148811,0
DEQ,827632376284498,23,1028,74216,0
DEQ,827632377205495,23,1028,135930,0
DEQ,827632378090753,23,1028,133107,0
DEQ,827632378991872,23,1028,131543,0
DEQ,827632379897178,23,1028,134635,0
DEQ,827632380802426,23,1028,137550,0
DEQ,827632381709292,23,1028,141436,0
DEQ,827632382601233,23,1028,130238,0
DEQ,827632383507895,23,1028,134268,0
DEQ,827632384377668,23,1028,130686,0
DEQ,827632385229700,23,1028,122330,0
DEQ,827632386108007,23,1028,112232,0
DEQ,827632387049259,23,1028,146426,0
DEQ,827632387958920,23,1028,151931,0
DEQ,827632388843635,23,1028,132978,0
DEQ,827632389747363,23,1028,133826,0
DEQ,827632390654419,23,1028,139059,0
DEQ,827632391550819,23,1028,133472,0
DEQ,827632392417611,23,1028,127764,0
DEQ,827632393293130,23,1028,139276,0
DEQ,827632394206566,23,1028,139344,0
DEQ,827632395107320,23,1028,131191,0
DEQ,827632396004489,23,1028,129204,0
DEQ,827632396920719,23,1028,137271,0
DEQ,827632397822506,23,1028,133586,0
DEQ,827632398725026,23,1028,126980,0
DEQ,827632399626321,23,1028,126529,0
DEQ,827632400536841,23,1028,132581,0
DEQ,827632401402450,23,1028,123862,0
DEQ,827632402274388,23,1028,136158,0
DEQ,827632403161389,23,1028,90739,0
DEQ,827632404097509,23,1028,101426,0
DEQ,827632405045961,23,1028,137071,0
DEQ,827632405960069,23,1028,149660,0
DEQ,827632406851148,23,1028,135668,0
DEQ,827632407760851,23,1028,138555,0
DEQ,827632408657627,23,1028,130813,0
DEQ,827632409579719,23,1028,149260,0
DEQ,827632410465728,23,1028,131835,0
DEQ,827632411349278,23,1028,142195,0
DEQ,827632412202880,23,1028,119808,0
DEQ,827632413098352,23,1028,106199,0
DEQ,827632414030541,23,1028,135445,0
DEQ,827632414949337,23,1028,148853,0
DEQ,827632415842994,23,1028,138570,0
DEQ,827632416740348,23,1028,131783,0
DEQ,827632417648960,23,1028,137099,0
DEQ,827632418547606,23,1028,131879,0
DEQ,827632419427765,23,1028,138625,0
DEQ,827632420224502,23,1028,75963,0
DEQ,827632421203503,23,1028,136506,0
DEQ,827632422106229,23,1028,131674,0
DEQ,827632423019258,23,1028,137193,0
DEQ,827632423927263,23,1028,144126,0
DEQ,827632424834358,23,1028,146117,0
DEQ,827632425723863,23,1028,132106,0
DEQ,827632426627655,23,1028,131719,0
DEQ,827632427535578,23,1028,136956,0
DEQ,827632428356624,23,1028,82194,0
DEQ,827632429220047,23,1028,85925,0
DEQ,827632430136391,23,1028,71824,0
DEQ,827632431124810,23,1028,151787,0
DEQ,827632432014107,23,1028,138794,0
DEQ,827632432915505,23,1028,135671,0
DEQ,827632433834519,23,1028,148658,0
DEQ,827632434720451,23,1028,129796,0
DEQ,827632435622272,23,1028,129256,0
DEQ,827632436522541,23,1028,125466,0
DEQ,827632437407533,23,1028,137603,0
DEQ,827632438271512,23,1028,142325,0
DEQ,827632439172491,23,1028,112532,0
DEQ,827632440124300,23,1028,139268,0
DEQ,827632441046715,23,1028,134135,0
DEQ,827632441961067,23,1028,141006,0
DEQ,827632442857264,23,1028,135699,0
DEQ,827632443764766,23,1028,136631,0
DEQ,827632444659359,23,1028,127291,0
DEQ,827632445585160,23,1028,148081,0
DEQ,827632446481132,23,1028,135514,0
DEQ,827632447353065,23,1028,132803,0
DEQ,827632448212885,23,1028,128012,0
DEQ,827632449109917,23,1028,135883,0
DEQ,827632450030343,23,1028,118916,0
DEQ,827632450963957,23,1028,141927,0
DEQ,827632451860661,23,1028,134085,0
DEQ,827632452770714,23,1028,138486,0
DEQ,827632453670653,23,1028,134812,0
DEQ,827632454580475,23,1028,138775,0
DEQ,827632455473729,23,1028,129212,0
DEQ,827632456350833,23,1028,133460,0
DEQ,827632457202661,23,1028,120850,0
DEQ,827632458107201,23,1028,135376,0
DEQ,827632459003081,23,1028,127193,0
DEQ,827632459904923,23,1028,126457,0
DEQ,827632460824059,23,1028,142694,0
DEQ,827632461716558,23,1028,131945,0
DEQ,827632462624206,23,1028,136951,0
DEQ,827632463524591,23,1028,134352,0
DEQ,827632464338739,23,1028,75127,0
DEQ,827632465251799,23,1028,128676,0
DEQ,827632466197680,23,1028,146594,0
DEQ,827632467101022,23,1028,123854,0
DEQ,827632468015248,23,1028,128393,0
DEQ,827632468920454,23,1028,133836,0
DEQ,827632469822121,23,1028,129301,0
DEQ,827632470734422,23,1028,132175,0
DEQ,827632471642388,23,1028,135631,0
DEQ,827632472540583,23,1028,130314,0
DEQ,827632473408225,23,1028,124248,0
DEQ,827632474282080,23,1028,138808,0
DEQ,827632475159574,23,1028,84369,0
DEQ,827632476116646,23,1028,134201,0
DEQ,827632477026271,23,1028,139608,0
DEQ,827632477924614,23,1028,131165,0
DEQ,827632478826788,23,1028,129131,0
DEQ,827632479737016,23,1028,135999,0
DEQ,827632480634829,23,1028,130694,0
DEQ,827632481532778,23,1028,124893,0
DEQ,827632482418365,23,1028,136359,0
DEQ,827632483281171,23,1028,139666,0
DEQ,827632484161616,23,1028,116162,0
DEQ,827632485033616,23,1028,58788,0
DEQ,827632486021793,23,1028,136257,0
DEQ,827632486918078,23,1028,131693,0
DEQ,827632487831872,23,1028,139307,0
DEQ,827632488734225,23,1028,134197,0
DEQ,827632489629638,23,1028,124543,0
DEQ,827632490534342,23,1028,125718,0
DEQ,827632491401014,23,1028,118682,0
DEQ,827632492268535,23,1028,126475,0
DEQ,827632493207315,23,1028,140245,0
DEQ,827632494106159,23,1028,127937,0
DEQ,827632495018731,23,1028,136342,0
DEQ,827632495888788,23,1028,102987,0
DEQ,827632496714879,23,1028,36179,0
DEQ,827632497617316,23,1028,46220,0
DEQ,827632498506394,23,1028,42314,0
DEQ,827632499398232,23,1028,37132,0
DEQ,827632500259634,23,1028,34505,0
DEQ,827632501163039,23,1028,78241,0
DEQ,827632502117013,23,1028,135610,0
DEQ,827632503024048,23,1028,133400,0
DEQ,827632503927157,23,1028,133982,0
DEQ,827632504833279,23,1028,136667,0
DEQ,827632505732457,23,1028,133009,0
DEQ,827632506633201,23,1028,131186,0
DEQ,827632507541995,23,1028,136832,0
DEQ,827632508402642,23,1028,123965,0
DEQ,827632509221242,23,1028,83282,0
DEQ,827632510135068,23,1028,71088,0
DEQ,827632511105633,23,1028,124564,0
DEQ,827632512012116,23,1028,134220,0
DEQ,827632512914585,23,1028,130141,0
DEQ,827632513834417,23,1028,146494,0
DEQ,827632514727603,23,1028,134111,0
DEQ,827632515621527,23,1028,123868,0
DEQ,827632516524576,23,1028,124066,0
DEQ,827632517402449,23,1028,128761,0
DEQ,827632518290692,23,1028,157157,0
DEQ,827632519139738,23,1028,80118,0
DEQ,827632520106036,23,1028,114984,0
DEQ,827632521047618,23,1028,141221,0
DEQ,827632521953874,23,1028,145081,0
DEQ,827632522843714,23,1028,131356,0
DEQ,827632523752880,23,1028,134897,0
DEQ,827632524654492,23,1028,133298,0
DEQ,827632525568169,23,1028,143057,0
DEQ,827632526460780,23,1028,131750,0
DEQ,827632527335796,23,1028,133689,0
DEQ,827632528201512,23,1028,140172,0
DEQ,827632529090354,23,1028,134217,0
DEQ,827632529986551,23,1028,127207,0
DEQ,827632530895753,23,1028,134147,0
DEQ,827632531799612,23,1028,134847,0
DEQ,827632532709563,23,1028,141661,0
DEQ,827632533605264,23,1028,134289,0
DEQ,827632534505366,23,1028,132032,0
DEQ,827632535360818,23,1028,114370,0
DEQ,827632536228129,23,1028,122200,0
DEQ,827632537114083,23,1028,118340,0
DEQ,827632538041053,23,1028,137274,0
DEQ,827632538953918,23,1028,145574,0
DEQ,827632539840147,23,1028,127893,0
DEQ,827632540745401,23,1028,129826,0
DEQ,827632541644072,23,1028,126437,0
DEQ,827632542573740,23,1028,149167,0
DEQ,827632543454643,23,1028,141048,0
DEQ,827632544332312,23,1028,143962,0
DEQ,827632545191503,23,1028,154027,0
DEQ,827632546085969,23,1028,146695,0
DEQ,827632546974767,23,1028,130088,0
DEQ,827632547869647,23,1028,122017,0
DEQ,827632548780169,23,1028,130515,0
DEQ,827632549701380,23,1028,149876,0
DEQ,827632550587956,23,1028,133316,0
DEQ,827632551487261,23,1028,129838,0
DEQ,827632552351035,23,1028,120275,0
DEQ,827632553165432,23,1028,75163,0
DEQ,827632554108573,23,1028,129898,0
DEQ,827632555039524,23,1028,158241,0
DEQ,827632555918108,23,1028,125560,0
DEQ,827632556830925,23,1028,135017,0
DEQ,827632557724250,23,1028,126273,0
DEQ,827632558543018,23,1028,41026,0
DEQ,827632559433704,23,1028,37471,0
DEQ,827632560293024,23,1028,33647,0
DEQ,827632561153749,23,1028,34248,0
DEQ,827632562048058,23,1028,34220,0
DEQ,827632562943429,23,1028,40762,0
DEQ,827632563951011,23,1028,148797,0
DEQ,827632564846620,23,1028,135935,0
DEQ,827632565750123,23,1028,135862,0
DEQ,827632566656176,23,1028,136435,0
DEQ,827632567575448,23,1028,151633,0
DEQ,827632568451954,23,1028,144627,0
DEQ,827632569304083,23,1028,122751,0
DEQ,827632570167790,23,1028,131262,0
DEQ,827632571083478,23,1028,144218,0
DEQ,827632571971207,23,1028,129862,0
DEQ,827632572908051,23,1028,164557,0
DEQ,827632573784298,23,1028,132119,0
DEQ,827632574704997,23,1028,149549,0
DEQ,827632575591590,23,1028,132887,0
DEQ,827632576490551,23,1028,129376,0
DEQ,827632577358244,23,1028,123857,0
DEQ,827632578216134,23,1028,122437,0
DEQ,827632579105482,23,1028,123365,0
DEQ,827632580028043,23,1028,138076,0
DEQ,827632580922930,23,1028,131255,0
DEQ,827632581847923,23,1028,153696,0
DEQ,827632582741499,23,1028,131899,0
DEQ,827632583645024,23,1028,131878,0
DEQ,827632584548187,23,1028,131946,0
DEQ,827632585432139,23,1028,142101,0
DEQ,827632586250481,23,1028,95552,0
DEQ,827632587213466,23,1028,143446,0
DEQ,827632588110812,23,1028,132675,0
DEQ,827632589015426,23,1028,136651,0
DEQ,827632589924312,23,1028,139274,0
DEQ,827632590843090,23,1028,149182,0
DEQ,827632591728861,23,1028,122702,0
DEQ,827632592634150,23,1028,123459,0
DEQ,827632593541236,23,1028,126043,0
DEQ,827632594411416,23,1028,123070,0
DEQ,827632595294147,23,1028,146484,0
DEQ,827632596203606,23,1028,133124,0
DEQ,827632597105321,23,1028,126373,0
DEQ,827632598017642,23,1028,136867,0
DEQ,827632598918357,23,1028,131558,0
DEQ,827632599842904,23,1028,151770,0
DEQ,827632600734630,23,1028,130602,0
DEQ,827632601642936,23,1028,134573,0
DEQ,827632602534711,23,1028,123026,0
DEQ,827632603406487,23,1028,121395,0
DEQ,827632604288192,23,1028,143652,0
DEQ,827632605203296,23,1028,132680,0
DEQ,827632606107774,23,1028,129778,0
DEQ,827632607014784,23,1028,134306,0
DEQ,827632607914768,23,1028,131101,0
DEQ,827632608834911,23,1028,146452,0
DEQ,827632609738206,23,1028,137027,0
DEQ,827632610646183,23,1028,138661,0
DEQ,827632611543785,23,1028,132252,0
DEQ,827632612398666,23,1028,113810,0
DEQ,827632613284523,23,1028,140303,0
DEQ,827632614207154,23,1028,138946,0
DEQ,827632615105632,23,1028,129358,0
DEQ,827632616013578,23,1028,137694,0
DEQ,827632616909762,23,1028,131273,0
DEQ,827632617834020,23,1028,150958,0
DEQ,827632618729397,23,1028,132433,0
DEQ,827632619631520,23,1028,127967,0
DEQ,827632620530541,23,1028,122478,0
DEQ,827632621406959,23,1028,125542,0
DEQ,827632622224921,23,1028,84199,0
DEQ,827632623137849,23,1028,71283,0
DEQ,827632624108800,23,1028,133329,0
DEQ,827632625014978,23,1028,136500,0
DEQ,827632625914765,23,1028,130282,0
DEQ,827632626851067,23,1028,161338,0
DEQ,827632627732190,23,1028,128636,0
DEQ,827632628634760,23,1028,127021,0
DEQ,827632629538805,23,1028,127717,0
DEQ,827632630378685,23,1028,94385,0
DEQ,827632631293951,23,1028,150159,0
DEQ,827632632136059,23,1028,68903,0
DEQ,827632633111199,23,1028,135999,0
DEQ,827632634014225,23,1028,138195,0
DEQ,827632634910099,23,1028,129872,0
DEQ,827632635837824,23,1028,153668,0
DEQ,827632636727758,23,1028,129650,0
DEQ,827632637639519,23,1028,136764,0
DEQ,827632638544335,23,1028,133849,0
DEQ,827632639414888,23,1028,129816,0
DEQ,827632640293626,23,1028,148789,0
DEQ,827632641168746,23,1028,96513,0
DEQ,827632642094603,23,1028,82983,0
DEQ,827632643050589,23,1028,132426,0
DEQ,827632643957740,23,1028,133915,0
DEQ,827632644883578,23,1028,152107,0
DEQ,827632645779666,23,1028,134701,0
DEQ,827632646697950,23,1028,147246,0
DEQ,827632647585384,23,1028,130590,0
DEQ,827632648490110,23,1028,133165,0
DEQ,827632649351265,23,1028,120165,0
DEQ,827632650214761,23,1028,124434,0
DEQ,827632651096089,23,1028,117063,0
DEQ,827632652013902,23,1028,132115,0
DEQ,827632652914424,23,1028,130293,0
DEQ,827632653835088,23,1028,148587,0
DEQ,827632654734293,23,1028,138029,0
DEQ,827632655629162,23,1028,129509,0
DEQ,827632656536932,23,1028,135943,0
DEQ,827632657412202,23,1028,137673,0
DEQ,827632658280292,23,1028,146369,0
DEQ,827632659156695,23,1028,91021,0
DEQ,827632660103035,23,1028,107342,0
DEQ,827632661047390,23,1028,137422,0
DEQ,827632661958566,23,1028,145446,0
DEQ,827632662873685,23,1028,151242,0
DEQ,827632663761343,23,1028,128885,0
DEQ,827632664662697,23,1028,125763,0
DEQ,827632665574498,23,1028,132913,0
DEQ,827632666473019,23,1028,128271,0
DEQ,827632667338664,23,1028,120367,0
DEQ,827632668203837,23,1028,126263,0
DEQ,827632669094348,23,1028,127520,0
DEQ,827632669998924,23,1028,125841,0
DEQ,827632670912568,23,1028,137413,0
DEQ,827632671829773,23,1028,150957,0
DEQ,827632672722683,23,1028,138449,0
DEQ,827632673614483,23,1028,127087,0
DEQ,827632674522174,23,1028,127895,0
DEQ,827632675387963,23,1028,119685,0
DEQ,827632676269642,23,1028,141732,0
DEQ,827632677214360,23,1028,156313,0
DEQ,827632678104910,23,1028,122040,0
DEQ,827632679024314,23,1028,132890,0
DEQ,827632679918844,23,1028,125664,0
DEQ,827632680845361,23,1028,147154,0
DEQ,827632681732841,23,1028,123240,0
DEQ,827632682647468,23,1028,130797,0
DEQ,827632683545029,23,1028,123983,0
DEQ,827632684454836,23,1028,133402,0
DEQ,827632685283862,23,1028,88069,0
DEQ,827632686173277,23,1028,122873,0
DEQ,827632687074331,23,1028,128458,0
DEQ,827632687978597,23,1028,128865,0
DEQ,827632688881781,23,1028,129222,0
DEQ,827632689805391,23,1028,150290,0
DEQ,827632690709576,23,1028,143396,0
DEQ,827632691600982,23,1028,132651,0
DEQ,827632692502549,23,1028,130628,0
DEQ,827632693284071,23,1028,38042,0
DEQ,827632694143554,23,1028,33573,0
DEQ,827632695036349,23,1028,34431,0
DEQ,827632695932888,23,1028,39677,0
DEQ,827632696792690,23,1028,33626,0
DEQ,827632697685808,23,1028,35735,0
DEQ,827632698678017,23,1028,136573,0
DEQ,827632699588410,23,1028,134882,0
DEQ,827632700487332,23,1028,130731,0
DEQ,827632701292529,23,1028,73595,0
DEQ,827632702156762,23,1028,78156,0
DEQ,827632703098270,23,1028,130469,0
DEQ,827632704001826,23,1028,131536,0
DEQ,827632704913416,23,1028,140443,0
DEQ,827632705820310,23,1028,145205,0
DEQ,827632706712064,23,1028,135251,0
DEQ,827632707631654,23,1028,151660,0
DEQ,827632708524543,23,1028,133834,0
DEQ,827632709393467,23,1028,129498,0
DEQ,827632710267844,23,1028,144277,0
DEQ,827632711136691,23,1028,88455,0
DEQ,827632712100336,23,1028,123733,0
DEQ,827632713021587,23,1028,135530,0
DEQ,827632713927908,23,1028,136866,0
DEQ,827632714838068,23,1028,140597,0
DEQ,827632715730644,23,1028,128172,0
DEQ,827632716650731,23,1028,144706,0
DEQ,827632717547046,23,1028,125801,0
DEQ,827632718442929,23,1028,146878,0
DEQ,827632719247153,23,1028,85642,0
DEQ,827632720206250,23,1028,138414,0
DEQ,827632721104565,23,1028,128155,0
DEQ,827632722005661,23,1028,129935,0
DEQ,827632722905293,23,1028,124749,0
DEQ,827632723826489,23,1028,141673,0
DEQ,827632724716647,23,1028,127943,0
DEQ,827632725643155,23,1028,151218,0
DEQ,827632726563261,23,1028,152369,0
DEQ,827632727403807,23,1028,119105,0
DEQ,827632728218470,23,1028,74245,0
DEQ,827632729139422,23,1028,101706,0
DEQ,827632730089560,23,1028,147669,0
DEQ,827632730974579,23,1028,128861,0
DEQ,827632731873180,23,1028,124473,0
DEQ,827632732776110,23,1028,124739,0
DEQ,827632733694211,23,1028,140380,0
DEQ,827632734605844,23,1028,144211,0
DEQ,827632735494631,23,1028,129300,0
DEQ,827632736353957,23,1028,115319,0
DEQ,827632737218583,23,1028,120601,0
DEQ,827632738108094,23,1028,121445,0
DEQ,827632739030530,23,1028,136246,0
DEQ,827632739924881,23,1028,127714,0
DEQ,827632740839085,23,1028,138829,0
DEQ,827632741731389,23,1028,128034,0
DEQ,827632742637125,23,1028,131437,0
DEQ,827632743552805,23,1028,143876,0
DEQ,827632744418686,23,1028,125452,0
DEQ,827632745297661,23,1028,145168,0
DEQ,827632746202430,23,1028,135749,0
DEQ,827632747106442,23,1028,131072,0
DEQ,827632748007279,23,1028,130461,0
DEQ,827632748912791,23,1028,129336,0
DEQ,827632749824760,23,1028,137242,0
DEQ,827632750714270,23,1028,122931,0
DEQ,827632751622432,23,1028,127804,0
DEQ,827632752548387,23,1028,149209,0
DEQ,827632753411329,23,1028,129610,0
DEQ,827632754283456,23,1028,142224,0
DEQ,827632755154174,23,1028,88607,0
DEQ,827632756093861,23,1028,102579,0
DEQ,827632757028205,23,1028,124374,0
DEQ,827632757952887,23,1028,145574,0
DEQ,827632758851440,23,1028,133274,0
DEQ,827632759748416,23,1028,129599,0
DEQ,827632760656799,23,1028,133737,0
DEQ,827632761586607,23,1028,160133,0
DEQ,827632762478474,23,1028,130969,0
DEQ,827632763348181,23,1028,126975,0
DEQ,827632764155549,23,1028,74786,0
DEQ,827632765097981,23,1028,128756,0
DEQ,827632765996597,23,1028,123629,0
DEQ,827632766899665,23,1028,123463,0
DEQ,827632767827385,23,1028,147864,0
DEQ,827632768719128,23,1028,134990,0
DEQ,827632769619402,23,1028,133237,0
DEQ,827632770544513,23,1028,155069,0
DEQ,827632771413864,23,1028,140488,0
DEQ,827632772275562,23,1028,142607,0
DEQ,827632773214531,23,1028,158330,0
DEQ,827632774097962,23,1028,116471,0
DEQ,827632775029199,23,1028,136978,0
DEQ,827632775939186,23,1028,150138,0
DEQ,827632776830801,23,1028,136574,0
DEQ,827632777731072,23,1028,130907,0
DEQ,827632778641417,23,1028,137420,0
DEQ,827632779565690,23,1028,157306,0
DEQ,827632780417723,23,1028,127802,0
DEQ,827632781293886,23,1028,139290,0
DEQ,827632782204735,23,1028,137333,0
DEQ,827632783102341,23,1028,126344,0
DEQ,827632784014602,23,1028,137894,0
DEQ,827632784912465,23,1028,130329,0
DEQ,827632785830429,23,1028,143592,0
DEQ,827632786727045,23,1028,135674,0
DEQ,827632787630382,23,1028,134152,0
DEQ,827632788551367,23,1028,153050,0
DEQ,827632789400153,23,1028,119658,0
DEQ,827632790260652,23,1028,120593,0
DEQ,827632791190017,23,1028,152554,0
DEQ,827632792082934,23,1028,146278,0
DEQ,827632792974713,23,1028,134240,0
DEQ,827632793879304,23,1028,136226,0
DEQ,827632794773559,23,1028,128330,0
DEQ,827632795696204,23,1028,147381,0
DEQ,827632796590340,23,1028,138790,0
DEQ,827632797510636,23,1028,156373,0
DEQ,827632798349099,23,1028,114882,0
DEQ,827632799214937,23,1028,121372,0
DEQ,827632800112138,23,1028,130139,0
DEQ,827632801027611,23,1028,134634,0
DEQ,827632801927020,23,1028,130125,0
DEQ,827632802832525,23,1028,132582,0
DEQ,827632803736612,23,1028,133748,0
DEQ,827632804646090,23,1028,140116,0
DEQ,827632805544680,23,1028,135443,0
DEQ,827632806439622,23,1028,156926,0
DEQ,827632807288551,23,1028,145432,0
DEQ,827632808170561,23,1028,101394,0
DEQ,827632809121448,23,1028,126460,0
DEQ,827632810031239,23,1028,124872,0
DEQ,827632810960641,23,1028,150877,0
DEQ,827632811845555,23,1028,131739,0
DEQ,827632812746154,23,1028,128227,0
DEQ,827632813650928,23,1028,129481,0
DEQ,827632814572088,23,1028,148360,0
DEQ,827632815468945,23,1028,140224,0
DEQ,827632816323381,23,1028,115161,0
DEQ,827632817202561,23,1028,134818,0
DEQ,827632818083719,23,1028,126894,0
DEQ,827632818993538,23,1028,41797,0
DEQ,827632819986550,23,1028,53363,0
DEQ,827632820868917,23,1028,36065,0
DEQ,827632821742686,23,1028,48675,0
DEQ,827632822624746,23,1028,71119,0
DEQ,827632823572212,23,1028,130344,0
DEQ,827632824492089,23,1028,149009,0
DEQ,827632825349832,23,1028,121596,0
DEQ,827632826231892,23,1028,144378,0
DEQ,827632827162837,23,1028,86652,0
DEQ,827632828117249,23,1028,43794,0
DEQ,827632829180868,23,1028,112016,0
DEQ,827632830154394,23,1028,87614,0
DEQ,827632831141342,23,1028,81804,0
DEQ,827632832194149,23,1028,145854,0
DEQ,827632833180163,23,1028,143052,0
DEQ,827632834173414,23,1028,143904,0
DEQ,827632835167120,23,1028,143546,0
DEQ,827632836156069,23,1028,143692,0
DEQ,827632837146154,23,1028,146499,0
DEQ,827632838159781,23,1028,160637,0
DEQ,827632839128752,23,1028,136717,0
DEQ,827632840133055,23,1028,150816,0
DEQ,827632841126951,23,1028,158668,0
DEQ,827632842082333,23,1028,127712,0
DEQ,827632842991458,23,1028,124123,0
DEQ,827632843912597,23,1028,150551,0
DEQ,827632844822270,23,1028,145105,0
DEQ,827632845714982,23,1028,134262,0
DEQ,827632846615469,23,1028,131249,0
DEQ,827632847540447,23,1028,153411,0
DEQ,827632848422489,23,1028,148927,0
DEQ,827632849294418,23,1028,143312,0
DEQ,827632850276285,23,1028,147517,0
DEQ,827632851208378,23,1028,73466,0
DEQ,827632852219289,23,1028,89998,0
DEQ,827632853202808,23,1028,85917,0
DEQ,827632854176701,23,1028,77897,0
DEQ,827632855153058,23,1028,78650,0
DEQ,827632856168888,23,1028,160547,0
DEQ,827632857162379,23,1028,159051,0
DEQ,827632858139744,23,1028,144851,0
DEQ,827632859122300,23,1028,136002,0
DEQ,827632860125384,23,1028,142250,0
DEQ,827632861118744,23,1028,148791,0
DEQ,827632862104932,23,1028,143614,0
DEQ,827632863094953,23,1028,147300,0
DEQ,827632863992664,23,1028,121178,0
DEQ,827632864900332,23,1028,137871,0
DEQ,827632865801306,23,1028,132900,0
DEQ,827632866709438,23,1028,137925,0
DEQ,827632867629231,23,1028,155199,0
DEQ,827632868504302,23,1028,142686,0
DEQ,827632869381138,23,1028,142288,0
DEQ,827632870280952,23,1028,144297,0
DEQ,827632871229516,23,1028,103940,0
DEQ,827632872230664,23,1028,137006,0
DEQ,827632873173407,23,1028,83821,0
DEQ,827632874165900,23,1028,85153,0
DEQ,827632875180054,23,1028,109974,0
DEQ,827632876169700,23,1028,110954,0
DEQ,827632877174726,23,1028,121790,0
DEQ,827632878212015,23,1028,166395,0
DEQ,827632879208737,23,1028,163720,0
DEQ,827632880184317,23,1028,145832,0
DEQ,827632881169497,23,1028,143532,0
DEQ,827632882160908,23,1028,142262,0
DEQ,827632883162576,23,1028,145999,0
DEQ,827632884156239,23,1028,149491,0
DEQ,827632885144854,23,1028,145199,0
DEQ,827632886132962,23,1028,142739,0
DEQ,827632887126999,23,1028,149006,0
DEQ,827632888109209,23,1028,145560,0
DEQ,827632889081297,23,1028,125863,0
DEQ,827632890001415,23,1028,133831,0
DEQ,827632890902573,23,1028,135070,0
DEQ,827632891833375,23,1028,160954,0
DEQ,827632892717728,23,1028,133119,0
DEQ,827632893627852,23,1028,138164,0
DEQ,827632894547313,23,1028,155753,0
DEQ,827632895426708,23,1028,147942,0
DEQ,827632896299033,23,1028,142862,0
DEQ,827632897275629,23,1028,147666,0
DEQ,827632898203950,23,1028,82063,0
DEQ,827632899253882,23,1028,144630,0
DEQ,827632900244485,23,1028,146841,0
DEQ,827632901228292,23,1028,142515,0
DEQ,827632902229042,23,1028,143541,0
DEQ,827632903231313,23,1028,154338,0
DEQ,827632904235581,23,1028,160809,0
DEQ,827632905216341,23,1028,152504,0
DEQ,827632906226989,23,1028,170969,0
DEQ,827632907197123,23,1028,149314,0
DEQ,827632908181103,23,1028,146222,0
DEQ,827632909130012,23,1028,105085,0
DEQ,827632910161859,23,1028,148428,0
DEQ,827632911144379,23,1028,145898,0
DEQ,827632912156062,23,1028,144934,0
DEQ,827632913134106,23,1028,127385,0
DEQ,827632914142799,23,1028,148266,0
DEQ,827632915123295,23,1028,136729,0
DEQ,827632916121838,23,1028,148404,0
DEQ,827632917107472,23,1028,147578,0
DEQ,827632918085237,23,1028,140714,0
DEQ,827632919007407,23,1028,140339,0
DEQ,827632919891879,23,1028,132948,0
DEQ,827632920820921,23,1028,158817,0
DEQ,827632921709100,23,1028,133539,0
DEQ,827632922619200,23,1028,140529,0
DEQ,827632923535891,23,1028,155508,0
DEQ,827632924414054,23,1028,146574,0
DEQ,827632925288350,23,1028,143621,0
DEQ,827632926273718,23,1028,144003,0
DEQ,827632927267203,23,1028,150379,0
DEQ,827632928258537,23,1028,147208,0
DEQ,827632929248917,23,1028,146356,0
DEQ,827632930232893,23,1028,144089,0
DEQ,827632931174742,23,1028,92169,0
DEQ,827632932228507,23,1028,157831,0
DEQ,827632933224557,23,1028,156819,0
DEQ,827632934219073,23,1028,163013,0
DEQ,827632935194079,23,1028,143520,0
DEQ,827632936167603,23,1028,123108,0
DEQ,827632937182984,23,1028,148696,0
DEQ,827632938175915,23,1028,146426,0
DEQ,827632939186487,23,1028,153687,0
DEQ,827632940164021,23,1028,143146,0
DEQ,827632941161257,23,1028,144765,0
DEQ,827632942128318,23,1028,121358,0
DEQ,827632943151131,23,1028,152956,0
DEQ,827632944142046,23,1028,153543,0
DEQ,827632945128433,23,1028,142994,0
DEQ,827632946120200,23,1028,146809,0
DEQ,827632947109238,23,1028,148458,0
DEQ,827632948082241,23,1028,127919,0
DEQ,827632948992925,23,1028,126466,0
DEQ,827632949908208,23,1028,146644,0
DEQ,827632950770073,23,1028,95737,0
DEQ,827632951628347,23,1028,50949,0
DEQ,827632952614780,23,1028,134041,0
DEQ,827632953544358,23,1028,157662,0
DEQ,827632954325699,23,1028,51220,0
DEQ,827632955195182,23,1028,36989,0
DEQ,827632956166032,23,1028,48016,0
DEQ,827632957068352,23,1028,36420,0
DEQ,827632957992346,23,1028,49475,0
DEQ,827632958997361,23,1028,144387,0
DEQ,827632959886719,23,1028,126051,0
DEQ,827632960816866,23,1028,152183,0
DEQ,827632961708785,23,1028,142773,0
DEQ,827632962624511,23,1028,157499,0
DEQ,827632963499745,23,1028,143546,0
DEQ,827632964317277,23,1028,83506,0
DEQ,827632965275784,23,1028,146184,0
DEQ,827632966221474,23,1028,95570,0
DEQ,827632967209760,23,1028,97032,0
DEQ,827632968195765,23,1028,86371,0
DEQ,827632969189022,23,1028,82442,0
DEQ,827632970198242,23,1028,103334,0
DEQ,827632971169278,23,1028,84823,0
DEQ,827632972226172,23,1028,144337,0
DEQ,827632973224752,23,1028,149459,0
DEQ,827632974227851,23,1028,159145,0
DEQ,827632975152663,23,1028,97441,0
DEQ,827632976206258,23,1028,162011,0
DEQ,827632977187819,23,1028,148085,0
DEQ,827632978184281,23,1028,149606,0
DEQ,827632979173961,23,1028,144914,0
DEQ,827632980166128,23,1028,148554,0
DEQ,827632981132763,23,1028,126302,0
DEQ,827632982130930,23,1028,139270,0
DEQ,827632983101278,23,1028,115107,0
DEQ,827632984101060,23,1028,114892,0
DEQ,827632985123797,23,1028,150572,0
DEQ,827632986113591,23,1028,151968,0
DEQ,827632987086981,23,1028,140170,0
DEQ,827632987995300,23,1028,136836,0
DEQ,827632988899560,23,1028,137070,0
DEQ,827632989801548,23,1028,131777,0
DEQ,827632990708186,23,1028,135197,0
DEQ,827632991607052,23,1028,131473,0
DEQ,827632992530897,23,1028,155329,0
DEQ,827632993414816,23,1028,150009,0
DEQ,827632994287680,23,1028,144177,0
DEQ,827632995273349,23,1028,144663,0
DEQ,827632996204598,23,1028,88613,0
DEQ,827632997182600,23,1028,78848,0
DEQ,827632998188943,23,1028,85629,0
DEQ,827632999240712,23,1028,142903,0
DEQ,827633000241300,23,1028,145956,0
DEQ,827633001240178,23,1028,149268,0
DEQ,827633002227515,23,1028,144842,0
DEQ,827633003225821,23,1028,156278,0
DEQ,827633004214808,23,1028,158674,0
DEQ,827633005206920,23,1028,161368,0
DEQ,827633006182049,23,1028,148144,0
DEQ,827633007166386,23,1028,143391,0
DEQ,827633008172783,23,1028,143265,0
DEQ,827633009118200,23,1028,92637,0
DEQ,827633010175312,23,1028,157293,0
DEQ,827633011148599,23,1028,142541,0
DEQ,827633012147665,23,1028,147965,0
DEQ,827633013143936,23,1028,149954,0
DEQ,827633014132947,23,1028,147413,0
DEQ,827633015124752,23,1028,153699,0
DEQ,827633016085133,23,1028,132046,0
DEQ,827633017092047,23,1028,153273,0
DEQ,827633017993162,23,1028,134274,0
DEQ,827633018898044,23,1028,141700,0
DEQ,827633019804309,23,1028,138504,0
DEQ,827633020711538,23,1028,138058,0
DEQ,827633021607393,23,1028,132175,0
DEQ,827633022532001,23,1028,156184,0
DEQ,827633023411215,23,1028,148606,0
DEQ,827633024283724,23,1028,143574,0
DEQ,827633025257764,23,1028,146281,0
DEQ,827633026184382,23,1028,84988,0
DEQ,827633027180662,23,1028,85660,0
DEQ,827633028175377,23,1028,92345,0
DEQ,827633029171902,23,1028,96394,0
DEQ,827633030165141,23,1028,85703,0
DEQ,827633031180941,23,1028,98027,0
DEQ,827633032178928,23,1028,105829,0
DEQ,827633033024234,23,1028,75041,0
DEQ,827633033984040,23,1028,126856,0
DEQ,827633034885758,23,1028,130054,0
DEQ,827633035818067,23,1028,158921,0
DEQ,827633036709588,23,1028,138522,0
DEQ,827633037605699,23,1028,132661,0
DEQ,827633038531593,23,1028,157513,0
DEQ,827633039405819,23,1028,144694,0
DEQ,827633040282226,23,1028,143481,0
DEQ,827633041281182,23,1028,151027,0
DEQ,827633042269067,23,1028,143381,0
DEQ,827633043202380,23,1028,85233,0
DEQ,827633044258263,23,1028,148265,0
DEQ,827633045244584,23,1028,145236,0
DEQ,827633046184395,23,1028,81759,0
DEQ,827633047233034,23,1028,145992,0
DEQ,827633048227368,23,1028,150035,0
DEQ,827633049230942,23,1028,161994,0
DEQ,827633050214844,23,1028,156994,0
DEQ,827633051209447,23,1028,164129,0
DEQ,827633052182177,23,1028,146437,0
DEQ,827633053167463,23,1028,142576,0
DEQ,827633054127692,23,1028,96850,0
DEQ,827633055164949,23,1028,145765,0
DEQ,827633056132120,23,1028,118652,0
DEQ,827633057153125,23,1028,144951,0
DEQ,827633058140011,23,1028,145071,0
DEQ,827633059143660,23,1028,147664,0
DEQ,827633060134785,23,1028,146966,0
DEQ,827633061133586,23,1028,158534,0
DEQ,827633062103691,23,1028,139070,0
DEQ,827633063081568,23,1028,126918,0
DEQ,827633063994165,23,1028,126583,0
DEQ,827633064916916,23,1028,152474,0
DEQ,827633065825935,23,1028,148170,0
DEQ,827633066711500,23,1028,129270,0
DEQ,827633067616256,23,1028,132114,0
DEQ,827633068545377,23,1028,159942,0
DEQ,827633069416611,23,1028,143178,0
DEQ,827633070292266,23,1028,140917,0
DEQ,827633071275537,23,1028,144857,0
DEQ,827633072209128,23,1028,88823,0
DEQ,827633073195152,23,1028,83729,0
DEQ,827633074182797,23,1028,83592,0
DEQ,827633075177729,23,1028,81316,0
DEQ,827633076171472,23,1028,85137,0
DEQ,827633077095487,23,1028,86804,0
DEQ,827633077989401,23,1028,51498,0
DEQ,827633078869189,23,1028,35963,0
DEQ,827633079760451,23,1028,34330,0
DEQ,827633080650438,23,1028,33503,0
DEQ,827633081542679,23,1028,34985,0
DEQ,827633082483606,23,1028,82284,0
DEQ,827633083403402,23,1028,133094,0
DEQ,827633084281333,23,1028,146174,0
DEQ,827633085155250,23,1028,90518,0
DEQ,827633086042126,23,1028,46143,0
DEQ,827633087072185,23,1028,140612,0
DEQ,827633087976247,23,1028,135187,0
DEQ,827633088880310,23,1028,136154,0
DEQ,827633089786364,23,1028,137885,0
DEQ,827633090699085,23,1028,146684,0
DEQ,827633091580793,23,1028,124099,0
DEQ,827633092506528,23,1028,146902,0
DEQ,827633093363703,23,1028,118537,0
DEQ,827633094220874,23,1028,116312,0
DEQ,827633095120071,23,1028,125444,0
DEQ,827633096031705,23,1028,126283,0
DEQ,827633096948358,23,1028,137680,0
DEQ,827633097837503,23,1028,123332,0
DEQ,827633098745247,23,1028,127909,0
DEQ,827633099646312,23,1028,124275,0
DEQ,827633100565161,23,1028,140386,0
DEQ,827633101472839,23,1028,143461,0
DEQ,827633102327524,23,1028,118941,0
DEQ,827633103205341,23,1028,137207,0
DEQ,827633104083553,23,1028,126127,0
DEQ,827633104986169,23,1028,124766,0
DEQ,827633105896932,23,1028,132898,0
DEQ,827633106788369,23,1028,122270,0
DEQ,827633107698916,23,1028,130532,0
DEQ,827633108597966,23,1028,127067,0
DEQ,827633109500789,23,1028,126702,0
DEQ,827633110377960,23,1028,130005,0
DEQ,827633111226959,23,1028,118578,0
DEQ,827633112113929,23,1028,117135,0
DEQ,827633113030406,23,1028,123307,0
DEQ,827633113952462,23,1028,140456,0
DEQ,827633114845825,23,1028,129577,0
DEQ,827633115751752,23,1028,132576,0
DEQ,827633116654306,23,1028,132812,0
DEQ,827633117571755,23,1028,147638,0
DEQ,827633118450218,23,1028,123522,0
DEQ,827633119333722,23,1028,133616,0
DEQ,827633120165695,23,1028,101671,0
DEQ,827633121082319,23,1028,129439,0
DEQ,827633121977498,23,1028,122623,0
DEQ,827633122885405,23,1028,127416,0
DEQ,827633123783767,23,1028,122269,0
DEQ,827633124700094,23,1028,136129,0
DEQ,827633125594820,23,1028,129095,0
DEQ,827633126497766,23,1028,129452,0
DEQ,827633127370570,23,1028,129099,0
DEQ,827633128245348,23,1028,144641,0
DEQ,827633129114055,23,1028,123656,0
DEQ,827633130038302,23,1028,133267,0
DEQ,827633130937883,23,1028,130087,0
DEQ,827633131843261,23,1028,132853,0
DEQ,827633132747302,23,1028,134863,0
DEQ,827633133642808,23,1028,128303,0
DEQ,827633134547485,23,1028,130852,0
DEQ,827633135418414,23,1028,128182,0
DEQ,827633136306993,23,1028,151311,0
DEQ,827633137213451,23,1028,138957,0
DEQ,827633138147108,23,1028,158955,0
DEQ,827633139048801,23,1028,119286,0
DEQ,827633139963857,23,1028,125863,0
DEQ,827633140868059,23,1028,127591,0
DEQ,827633141768077,23,1028,122010,0
DEQ,827633142694284,23,1028,145069,0
DEQ,827633143584443,23,1028,131578,0
DEQ,827633144483471,23,1028,125557,0
DEQ,827633145349549,23,1028,117352,0
DEQ,827633146225459,23,1028,133271,0
DEQ,827633147118461,23,1028,130408,0
DEQ,827633148030626,23,1028,131550,0
DEQ,827633148940447,23,1028,137765,0
DEQ,827633149831856,23,1028,125059,0
DEQ,827633150743018,23,1028,131098,0
DEQ,827633151642700,23,1028,128581,0
DEQ,827633152544614,23,1028,127626,0
DEQ,827633153384711,23,1028,94256,0
DEQ,827633154295326,23,1028,145299,0
DEQ,827633155222065,23,1028,153681,0
DEQ,827633156130729,23,1028,149160,0
DEQ,827633157038221,23,1028,125200,0
DEQ,827633157961351,23,1028,140209,0
DEQ,827633158855770,23,1028,134602,0
DEQ,827633158983715,23,84,18795,0
DEQ,827633159753821,23,1028,126380,0
DEQ,827633160664012,23,1028,126879,0
DEQ,827633161578623,23,1028,138071,0
DEQ,827633162470296,23,1028,125703,0
DEQ,827633163338200,23,1028,120105,0
DEQ,827633164186693,23,1028,108980,0
DEQ,827633165105514,23,1028,131361,0
DEQ,827633166012245,23,1028,135757,0
DEQ,827633166905619,23,1028,126270,0
DEQ,827633167814431,23,1028,131662,0
DEQ,827633168708315,23,1028,123437,0
DEQ,827633169615846,23,1028,129405,0
DEQ,827633170516716,23,1028,127718,0
DEQ,827633171376908,23,1028,115212,0
DEQ,827633172264553,23,1028,143173,0
DEQ,827633173192159,23,1028,144654,0
DEQ,827633174125195,23,1028,147187,0
DEQ,827633175016682,23,1028,128917,0
DEQ,827633175924717,23,1028,137882,0
DEQ,827633176827634,23,1028,133187,0
DEQ,827633177729335,23,1028,130594,0
DEQ,827633178629444,23,1028,128019,0
DEQ,827633179532791,23,1028,127695,0
DEQ,827633180396935,23,1028,118738,0
DEQ,827633181281310,23,1028,143800,0
DEQ,827633182147133,23,1028,77690,0
DEQ,827633183095825,23,1028,91648,0
DEQ,827633184044315,23,1028,129812,0
DEQ,827633184952771,23,1028,136270,0
DEQ,827633185857834,23,1028,131541,0
DEQ,827633186769461,23,1028,137699,0
DEQ,827633187659563,23,1028,123236,0
DEQ,827633188574873,23,1028,134836,0
DEQ,827633189467119,23,1028,122725,0
DEQ,827633190335034,23,1028,117383,0
DEQ,827633191210702,23,1028,133617,0
DEQ,827633192111424,23,1028,138495,0
DEQ,827633193042267,23,1028,130777,0
DEQ,827633193946981,23,1028,128497,0
DEQ,827633194858079,23,1028,139066,0
DEQ,827633195758344,23,1028,133921,0
DEQ,827633196657881,23,1028,127673,0
DEQ,827633197572527,23,1028,137903,0
DEQ,827633198462982,23,1028,124907,0
DEQ,827633199336428,23,1028,125382,0
DEQ,827633200220468,23,1028,149900,0
DEQ,827633201100061,23,1028,133534,0
DEQ,827633202000920,23,1028,129809,0
DEQ,827633202902687,23,1028,128894,0
DEQ,827633203819737,23,1028,141921,0
DEQ,827633204709756,23,1028,128030,0
DEQ,827633205615467,23,1028,130824,0
DEQ,827633206513793,23,1028,127174,0
DEQ,827633207378542,23,1028,118392,0
DEQ,827633208205740,23,1028,85737,0
DEQ,827633209190353,23,1028,144247,0
DEQ,827633210106848,23,1028,124383,0
DEQ,827633211021477,23,1028,128305,0
DEQ,827633211918814,23,1028,126969,0
DEQ,827633212827215,23,1028,127141,0
DEQ,827633213736555,23,1028,132939,0
DEQ,827633214642228,23,1028,133038,0
DEQ,827633215549318,23,1028,136118,0
DEQ,827633216336941,23,1028,48060,0
DEQ,827633217197920,23,1028,34539,0
DEQ,827633218131406,23,1028,89715,0
DEQ,827633219096152,23,1028,147533,0
DEQ,827633219985366,23,1028,134937,0
DEQ,827633220880382,23,1028,129147,0
DEQ,827633221779181,23,1028,127019,0
DEQ,827633222694373,23,1028,142628,0
DEQ,827633223616614,23,1028,164764,0
DEQ,827633224480343,23,1028,142331,0
DEQ,827633225257413,23,1028,40627,0
DEQ,827633226119158,23,1028,35357,0
DEQ,827633226992627,23,1028,47709,0
DEQ,827633227876120,23,1028,33791,0
DEQ,827633228768575,23,1028,35461,0
DEQ,827633229748062,23,1028,123854,0
DEQ,827633230655071,23,1028,128236,0
DEQ,827633231575210,23,1028,141503,0
DEQ,827633232445844,23,1028,138618,0
DEQ,827633233312582,23,1028,139414,0
DEQ,827633234188984,23,1028,151400,0
DEQ,827633235081414,23,1028,141690,0
DEQ,827633235990695,23,1028,148411,0
DEQ,827633236891383,23,1028,139188,0
DEQ,827633237792885,23,1028,136021,0
DEQ,827633238708014,23,1028,147477,0
DEQ,827633239595005,23,1028,131533,0
DEQ,827633240498344,23,1028,131368,0
DEQ,827633241313342,23,1028,72610,0
DEQ,827633242221294,23,1028,121210,0
DEQ,827633243114773,23,1028,124763,0
DEQ,827633244035098,23,1028,135731,0
DEQ,827633244950612,23,1028,148640,0
DEQ,827633245852879,23,1028,138901,0
DEQ,827633246741182,23,1028,123227,0
DEQ,827633247656472,23,1028,135593,0
DEQ,827633248566668,23,1028,141733,0
DEQ,827633249452846,23,1028,124358,0
DEQ,827633250333797,23,1028,132253,0
DEQ,827633251196169,23,1028,135435,0
DEQ,827633252084577,23,1028,134849,0
DEQ,827633252986453,23,1028,134107,0
DEQ,827633253907863,23,1028,153197,0
DEQ,827633254815164,23,1028,149876,0
DEQ,827633255710122,23,1028,142658,0
DEQ,827633256598024,23,1028,128841,0
DEQ,827633257507510,23,1028,135606,0
DEQ,827633258361428,23,1028,115595,0
DEQ,827633259218209,23,1028,113186,0
DEQ,827633260110516,23,1028,116852,0
DEQ,827633260951150,23,1028,51756,0
DEQ,827633261948328,23,1028,145820,0
DEQ,827633262864560,23,1028,160113,0
DEQ,827633263749241,23,1028,132684,0
DEQ,827633264652061,23,1028,132624,0
DEQ,827633265556254,23,1028,133030,0
DEQ,827633266454221,23,1028,149512,0
DEQ,827633267300915,23,1028,123176,0
DEQ,827633268182021,23,1028,146660,0
DEQ,827633269079838,23,1028,140990,0
DEQ,827633269973053,23,1028,128811,0
DEQ,827633270878460,23,1028,132331,0
DEQ,827633271801469,23,1028,152695,0
DEQ,827633272705212,23,1028,150214,0
DEQ,827633273590849,23,1028,133168,0
DEQ,827633274485815,23,1028,124413,0
DEQ,827633275360585,23,1028,125699,0
DEQ,827633276208679,23,1028,114547,0
DEQ,827633277110885,23,1028,129100,0
DEQ,827633278025404,23,1028,133372,0
DEQ,827633278927875,23,1028,132944,0
DEQ,827633279839419,23,1028,143078,0
DEQ,827633280759202,23,1028,158277,0
DEQ,827633281644697,23,1028,133716,0
DEQ,827633282550837,23,1028,136693,0
DEQ,827633283416569,23,1028,128758,0
DEQ,827633284296937,23,1028,143440,0
DEQ,827633285154957,23,1028,82396,0
DEQ,827633286100621,23,1028,118343,0
DEQ,827633287015076,23,1028,133743,0
DEQ,827633287917249,23,1028,131150,0
DEQ,827633288838977,23,1028,148450,0
DEQ,827633289742027,23,1028,148337,0
DEQ,827633290642956,23,1028,137856,0
DEQ,827633291534609,23,1028,126279,0
DEQ,827633292403282,23,1028,121461,0
DEQ,827633293286129,23,1028,144612,0
DEQ,827633294152273,23,1028,85109,0
DEQ,827633295041677,23,1028,45053,0
DEQ,827633296040982,23,1028,129759,0
DEQ,827633296955817,23,1028,145247,0
DEQ,827633297847906,23,1028,130187,0
DEQ,827633298780216,23,1028,157820,0
DEQ,827633299675568,23,1028,133570,0
DEQ,827633300577939,23,1028,132060,0
DEQ,827633301483471,23,1028,134099,0
DEQ,827633302352795,23,1028,129478,0
DEQ,827633303209102,23,1028,126367,0
DEQ,827633304115440,23,1028,142939,0
DEQ,827633305033024,23,1028,123314,0
DEQ,827633305954771,23,1028,136985,0
DEQ,827633306856393,23,1028,134035,0
DEQ,827633307778091,23,1028,149757,0
DEQ,827633308690420,23,1028,151018,0
DEQ,827633309580313,23,1028,136305,0
DEQ,827633310481868,23,1028,133154,0
DEQ,827633311344667,23,1028,122877,0
DEQ,827633312202911,23,1028,121606,0
DEQ,827633313107998,23,1028,137262,0
DEQ,827633314003330,23,1028,129450,0
DEQ,827633314907380,23,1028,129303,0
DEQ,827633315818849,23,1028,138492,0
DEQ,827633316735979,23,1028,152496,0
DEQ,827633317631915,23,1028,134987,0
DEQ,827633318529173,23,1028,127062,0
DEQ,827633319403078,23,1028,126882,0
DEQ,827633320276622,23,1028,141109,0
DEQ,827633321228345,23,1028,160863,0
DEQ,827633322110366,23,1028,115386,0
DEQ,827633323029956,23,1028,123460,0
DEQ,827633323946632,23,1028,138238,0
DEQ,827633324835159,23,1028,122680,0
DEQ,827633325774477,23,1028,157865,0
DEQ,827633326672866,23,1028,139274,0
DEQ,827633327576250,23,1028,139507,0
DEQ,827633328456722,23,1028,144807,0
DEQ,827633329275110,23,1028,86534,0
DEQ,827633330167897,23,1028,130564,0
DEQ,827633331081373,23,1028,140684,0
DEQ,827633331969404,23,1028,125255,0
DEQ,827633332882858,23,1028,136116,0
DEQ,827633333780862,23,1028,131757,0
DEQ,827633334707725,23,1028,156473,0
DEQ,827633335597532,23,1028,134639,0
DEQ,827633336487896,23,1028,122763,0
DEQ,827633337365487,23,1028,126830,0
DEQ,827633338220112,23,1028,121887,0
DEQ,827633339116366,23,1028,128914,0
DEQ,827633340023423,23,1028,128355,0
DEQ,827633340948924,23,1028,150024,0
DEQ,827633341834032,23,1028,126501,0
DEQ,827633342735043,23,1028,126987,0
DEQ,827633343618553,23,1028,104756,0
DEQ,827633344440158,23,1028,33863,0
DEQ,827633345301132,23,1028,34331,0
DEQ,827633346161490,23,1028,34222,0
DEQ,827633347053616,23,1028,34340,0
DEQ,827633347942959,23,1028,35365,0
DEQ,827633348867665,23,1028,68452,0
DEQ,827633349831192,23,1028,128839,0
DEQ,827633350732210,23,1028,127680,0
DEQ,827633351635727,23,1028,126446,0
DEQ,827633352567522,23,1028,154673,0
DEQ,827633353427136,23,1028,132971,0
DEQ,827633354306882,23,1028,146475,0
DEQ,827633355201336,23,1028,133074,0
DEQ,827633356110415,23,1028,130849,0
DEQ,827633357016449,23,1028,136816,0
DEQ,827633357912524,23,1028,129100,0
STATS,827633357919884,0,0,2485,2485,0,0,0
DEQ,827633358831398,23,1028,143178,0
DEQ,827633359728672,23,1028,135522,0
DEQ,827633360628112,23,1028,131104,0
DEQ,827633361547141,23,1028,146855,0
DEQ,827633362381461,23,1028,96428,0
DEQ,827633363293410,23,1028,148944,0
DEQ,827633364229086,23,1028,160405,0
DEQ,827633365097867,23,1028,100558,0
DEQ,827633366071091,23,1028,156997,0
DEQ,827633366954018,23,1028,137100,0
DEQ,827633367847988,23,1028,125225,0
DEQ,827633368758304,23,1028,130909,0
DEQ,827633369661668,23,1028,129484,0
DEQ,827633370584799,23,1028,148192,0
DEQ,827633371476110,23,1028,124424,0
DEQ,827633372338899,23,1028,113801,0
DEQ,827633373158358,23,1028,73727,0
DEQ,827633374113463,23,1028,139406,0
DEQ,827633375028303,23,1028,117300,0
DEQ,827633375953546,23,1028,133777,0
DEQ,827633376851109,23,1028,129056,0
DEQ,827633377757741,23,1028,131078,0
DEQ,827633378658100,23,1028,126593,0
DEQ,827633379587902,23,1028,152711,0
DEQ,827633380478557,23,1028,126059,0
DEQ,827633381347313,23,1028,120314,0
DEQ,827633382201616,23,1028,115513,0
DEQ,827633383100097,23,1028,125247,0
DEQ,827633384016402,23,1028,138140,0
DEQ,827633384911657,23,1028,129172,0
DEQ,827633385828203,23,1028,142187,0
DEQ,827633386722105,23,1028,133790,0
DEQ,827633387622687,23,1028,131689,0
DEQ,827633388541963,23,1028,146894,0
DEQ,827633389399813,23,1028,125751,0
DEQ,827633390273661,23,1028,140285,0
DEQ,827633391150878,23,1028,90148,0
DEQ,827633392095746,23,1028,105199,0
DEQ,827633393044536,23,1028,140845,0
DEQ,827633393950178,23,1028,146290,0
DEQ,827633394834000,23,1028,123319,0
DEQ,827633395741500,23,1028,126700,0
DEQ,827633396645188,23,1028,126552,0
DEQ,827633397561471,23,1028,139382,0
DEQ,827633398468262,23,1028,122683,0
DEQ,827633399334209,23,1028,115213,0
DEQ,827633400200869,23,1028,122461,0
DEQ,827633401090551,23,1028,122601,0
DEQ,827633401999800,23,1028,129160,0
DEQ,827633402898529,23,1028,124930,0
DEQ,827633403819585,23,1028,141985,0
DEQ,827633404705113,23,1028,125740,0
DEQ,827633405608992,23,1028,126415,0
DEQ,827633406538392,23,1028,152612,0
DEQ,827633407388897,23,1028,121331,0
DEQ,827633408269091,23,1028,142241,0
DEQ,827633409134835,23,1028,81743,0
DEQ,827633410098369,23,1028,117428,0
DEQ,827633411016676,23,1028,124212,0
DEQ,827633411923353,23,1028,130386,0
DEQ,827633412834800,23,1028,134162,0
DEQ,827633413749171,23,1028,138034,0
DEQ,827633414647918,23,1028,133555,0
DEQ,827633415566947,23,1028,148722,0
DEQ,827633416468409,23,1028,135961,0
DEQ,827633417285357,23,1028,79529,0
DEQ,827633418198700,23,1028,129078,0
DEQ,827633419081696,23,1028,123295,0
DEQ,827633419988025,23,1028,126576,0
DEQ,827633420885736,23,1028,125042,0
DEQ,827633421788696,23,1028,125111,0
DEQ,827633422700024,23,1028,132621,0
DEQ,827633423598487,23,1028,127572,0
DEQ,827633424522736,23,1028,147911,0
DEQ,827633425368650,23,1028,114207,0
DEQ,827633426228375,23,1028,114461,0
DEQ,827633427108083,23,1028,88294,0
DEQ,827633428060372,23,1028,144154,0
DEQ,827633428955422,23,1028,136897,0
DEQ,827633429860682,23,1028,139229,0
DEQ,827633430761370,23,1028,136545,0
DEQ,827633431653542,23,1028,126061,0
DEQ,827633432574636,23,1028,142523,0
DEQ,827633433482163,23,1028,147002,0
DEQ,827633434326894,23,1028,112416,0
DEQ,827633435201860,23,1028,127750,0
DEQ,827633436102523,23,1028,138762,0
DEQ,827633436998010,23,1028,132621,0
DEQ,827633437904662,23,1028,133510,0
DEQ,827633438821399,23,1028,147337,0
DEQ,827633439707822,23,1028,130479,0
DEQ,827633440607606,23,1028,125645,0
DEQ,827633441522158,23,1028,135397,0
DEQ,827633442404881,23,1028,143714,0
DEQ,827633443265317,23,1028,143798,0
DEQ,827633444191105,23,1028,142261,0
DEQ,827633445101004,23,1028,126061,0
DEQ,827633446005001,23,1028,119909,0
DEQ,827633446921174,23,1028,136614,0
DEQ,827633447824802,23,1028,136197,0
DEQ,827633448721661,23,1028,127085,0
DEQ,827633449620067,23,1028,122600,0
DEQ,827633450525756,23,1028,123898,0
DEQ,827633451408157,23,1028,132313,0
DEQ,827633452281738,23,1028,141262,0
DEQ,827633453226183,23,1028,160749,0
DEQ,827633454108436,23,1028,116328,0
DEQ,827633455032120,23,1028,127831,0
DEQ,827633455953553,23,1028,148690,0
DEQ,827633456839564,23,1028,128790,0
DEQ,827633457744970,23,1028,130315,0
DEQ,827633458654981,23,1028,132967,0
DEQ,827633459566252,23,1028,140488,0
DEQ,827633460468150,23,1028,152329,0
DEQ,827633461283369,23,1028,77909,0
DEQ,827633462198457,23,1028,133757,0
DEQ,827633463081301,23,1028,126941,0
DEQ,827633463978632,23,1028,121370,0
DEQ,827633464895044,23,1028,135147,0
DEQ,827633465816491,23,1028,151713,0
DEQ,827633466701299,23,1028,132652,0
DEQ,827633467600197,23,1028,129105,0
DEQ,827633468496816,23,1028,123171,0
DEQ,827633469375309,23,1028,127563,0
DEQ,827633470145839,23,1028,37267,0
DEQ,827633471098825,23,1028,100581,0
DEQ,827633472041599,23,1028,131428,0
DEQ,827633472952542,23,1028,139647,0
DEQ,827633473841489,23,1028,125651,0
DEQ,827633474661672,23,1028,42671,0
DEQ,827633475559973,23,1028,38732,0
DEQ,827633476451835,23,1028,37253,0
DEQ,827633477312701,23,1028,34715,0
DEQ,827633478183177,23,1028,41136,0
DEQ,827633479123009,23,1028,87090,0
DEQ,827633480071746,23,1028,146805,0
DEQ,827633480949969,23,1028,123562,0
DEQ,827633481854815,23,1028,124836,0
DEQ,827633482759843,23,1028,126943,0
DEQ,827633483667222,23,1028,131357,0
DEQ,827633484574782,23,1028,135360,0
DEQ,827633485469687,23,1028,124223,0
DEQ,827633486340291,23,1028,121406,0
DEQ,827633487210092,23,1028,131879,0
DEQ,827633488094523,23,1028,126714,0
DEQ,827633488999361,23,1028,128002,0
DEQ,827633489908150,23,1028,134521,0
DEQ,827633490826857,23,1028,150259,0
DEQ,827633491709920,23,1028,131875,0
DEQ,827633492605270,23,1028,125427,0
DEQ,827633493506414,23,1028,123602,0
DEQ,827633494327572,23,1028,71456,0
DEQ,827633495255188,23,1028,139827,0
DEQ,827633496184658,23,1028,144838,0
DEQ,827633497094540,23,1028,123520,0
DEQ,827633498005427,23,1028,125452,0
DEQ,827633498909223,23,1028,124329,0
DEQ,827633499827025,23,1028,137101,0
DEQ,827633500718766,23,1028,123417,0
DEQ,827633501621622,23,1028,122010,0
DEQ,827633502528280,23,1028,125401,0
DEQ,827633503398153,23,1028,121555,0
DEQ,827633504281738,23,1028,145786,0
DEQ,827633505188519,23,1028,115803,0
DEQ,827633506131494,23,1028,118473,0
DEQ,827633507046635,23,1028,124296,0
DEQ,827633507952472,23,1028,127752,0
DEQ,827633508849792,23,1028,121887,0
DEQ,827633509759616,23,1028,122570,0
DEQ,827633510673603,23,1028,131291,0
DEQ,827633511574270,23,1028,127015,0
DEQ,827633512482298,23,1028,131601,0
DEQ,827633513341030,23,1028,117250,0
DEQ,827633514214838,23,1028,131774,0
DEQ,827633515104814,23,1028,126490,0
DEQ,827633516005309,23,1028,122609,0
DEQ,827633516911021,23,1028,124539,0
DEQ,827633517821650,23,1028,132499,0
DEQ,827633518721992,23,1028,131110,0
DEQ,827633519616847,23,1028,123528,0
DEQ,827633520523350,23,1028,127166,0
DEQ,827633521385328,23,1028,116239,0
DEQ,827633522272950,23,1028,144506,0
DEQ,827633523180789,23,1028,129392,0
DEQ,827633524113804,23,1028,127954,0
DEQ,827633525031229,23,1028,117427,0
DEQ,827633525955120,23,1028,131917,0
DEQ,827633526848311,23,1028,125405,0
DEQ,827633527761006,23,1028,131318,0
DEQ,827633528660255,23,1028,124432,0
DEQ,827633529575220,23,1028,135438,0
DEQ,827633530475744,23,1028,132981,0
DEQ,827633531331935,23,1028,115943,0
DEQ,827633532230679,23,1028,155180,0
DEQ,827633533161309,23,1028,152633,0
DEQ,827633534073522,23,1028,134966,0
DEQ,827633534977710,23,1028,130131,0
DEQ,827633535874191,23,1028,127700,0
DEQ,827633536777916,23,1028,126326,0
DEQ,827633537693924,23,1028,137237,0
DEQ,827633538594533,23,1028,134188,0
DEQ,827633539493277,23,1028,127620,0
DEQ,827633540353378,23,1028,113970,0
DEQ,827633541224977,23,1028,126186,0
DEQ,827633542126044,23,1028,129239,0
DEQ,827633543033119,23,1028,130347,0
DEQ,827633543944754,23,1028,139965,0
DEQ,827633544841348,23,1028,133679,0
DEQ,827633545748425,23,1028,137385,0
DEQ,827633546641373,23,1028,127769,0
DEQ,827633547538093,23,1028,121959,0
DEQ,827633548414901,23,1028,125575,0
DEQ,827633549241737,23,1028,93072,0
DEQ,827633550210424,23,1028,140333,0
DEQ,827633551129864,23,1028,144283,0
DEQ,827633552044902,23,1028,128521,0
DEQ,827633552949978,23,1028,124065,0
DEQ,827633553858959,23,1028,132696,0
DEQ,827633554760456,23,1028,129347,0
DEQ,827633555667648,23,1028,131257,0
DEQ,827633556574963,23,1028,133371,0
DEQ,827633557483213,23,1028,132778,0
DEQ,827633558363679,23,1028,140731,0
DEQ,827633559227525,23,1028,133504,0
DEQ,827633560121126,23,1028,90620,0
DEQ,827633561083465,23,1028,124117,0
DEQ,827633561992357,23,1028,124018,0
DEQ,827633562906467,23,1028,137896,0
DEQ,827633563828118,23,1028,152869,0
DEQ,827633564707973,23,1028,129591,0
DEQ,827633565605864,23,1028,123513,0
DEQ,827633566507473,23,1028,121397,0
DEQ,827633567375079,23,1028,116296,0
DEQ,827633568200531,23,1028,82400,0
DEQ,827633569138458,23,1028,90902,0
DEQ,827633570102314,23,1028,128116,0
DEQ,827633571019769,23,1028,133602,0
DEQ,827633571927447,23,1028,135372,0
DEQ,827633572832800,23,1028,134772,0
DEQ,827633573735163,23,1028,132488,0
DEQ,827633574640051,23,1028,133672,0
DEQ,827633575540182,23,1028,129571,0
DEQ,827633576403378,23,1028,119932,0
DEQ,827633577277319,23,1028,134501,0
DEQ,827633578120488,23,1028,50814,0
DEQ,827633579108221,23,1028,129762,0
DEQ,827633580011500,23,1028,133751,0
DEQ,827633580918534,23,1028,133285,0
DEQ,827633581826151,23,1028,133104,0
DEQ,827633582735090,23,1028,137615,0
DEQ,827633583635623,23,1028,134227,0
DEQ,827633584538701,23,1028,134763,0
DEQ,827633585399125,23,1028,121308,0
DEQ,827633586272210,23,1028,135043,0
DEQ,827633587222403,23,1028,156597,0
DEQ,827633588122523,23,1028,122960,0
DEQ,827633589044157,23,1028,132341,0
DEQ,827633589955175,23,1028,139307,0
DEQ,827633590846218,23,1028,125782,0
DEQ,827633591748283,23,1028,123929,0
DEQ,827633592659310,23,1028,131522,0
DEQ,827633593529351,23,1028,96648,0
DEQ,827633594461002,23,1028,124288,0
DEQ,827633595339766,23,1028,129441,0
DEQ,827633596206032,23,1028,131181,0
DEQ,827633597094535,23,1028,130044,0
DEQ,827633597995867,23,1028,128418,0
DEQ,827633598895897,23,1028,123947,0
DEQ,827633599813646,23,1028,137833,0
DEQ,827633600708214,23,1028,128945,0
DEQ,827633601608260,23,1028,127313,0
DEQ,827633602515733,23,1028,130721,0
DEQ,827633603294244,23,1028,32550,0
DEQ,827633604156843,23,1028,37750,0
DEQ,827633605069897,23,1028,37417,0
DEQ,827633605983728,23,1028,49025,0
DEQ,827633606868195,23,1028,41006,0
DEQ,827633607756744,23,1028,34710,0
DEQ,827633608740592,23,1028,129343,0
DEQ,827633609641707,23,1028,127296,0
DEQ,827633610546846,23,1028,128368,0
DEQ,827633611416932,23,1028,125135,0
DEQ,827633612270010,23,1028,112348,0
DEQ,827633613174601,23,1028,136490,0
DEQ,827633614078766,23,1028,131254,0
DEQ,827633614975109,23,1028,123426,0
DEQ,827633615879641,23,1028,125748,0
DEQ,827633616782055,23,1028,124523,0
DEQ,827633617698335,23,1028,138199,0
DEQ,827633618587350,23,1028,124776,0
DEQ,827633619493808,23,1028,128957,0
DEQ,827633620352384,23,1028,113130,0
DEQ,827633621215064,23,1028,116399,0
DEQ,827633622118665,23,1028,130755,0
DEQ,827633622951210,23,1028,51863,0
DEQ,827633623941948,23,1028,138747,0
DEQ,827633624828425,23,1028,123720,0
DEQ,827633625732155,23,1028,125236,0
DEQ,827633626633111,23,1028,123900,0
DEQ,827633627537107,23,1028,126367,0
DEQ,827633628403780,23,1028,120053,0
DEQ,827633629285694,23,1028,142198,0
DEQ,827633630157754,23,1028,89603,0
DEQ,827633631096154,23,1028,101998,0
DEQ,827633632041086,23,1028,127349,0
DEQ,827633632950130,23,1028,136497,0
DEQ,827633633847084,23,1028,128893,0
DEQ,827633634748136,23,1028,125882,0
DEQ,827633635653504,23,1028,128556,0
DEQ,827633636568594,23,1028,138441,0
DEQ,827633637459335,23,1028,125856,0
DEQ,827633638284364,23,1028,77200,0
DEQ,827633639200686,23,1028,134181,0
DEQ,827633640112492,23,1028,157166,0
DEQ,827633640990626,23,1028,126182,0
DEQ,827633641893253,23,1028,125345,0
DEQ,827633642795657,23,1028,124366,0
DEQ,827633643701048,23,1028,126777,0
DEQ,827633644603415,23,1028,126287,0
DEQ,827633645504737,23,1028,124241,0
DEQ,827633646373468,23,1028,120424,0
DEQ,827633647258115,23,1028,145723,0
DEQ,827633648132461,23,1028,95130,0
DEQ,827633649108244,23,1028,142640,0
DEQ,827633649930204,23,1028,48292,0
DEQ,827633650909679,23,1028,128772,0
DEQ,827633651825577,23,1028,138133,0
DEQ,827633652719619,23,1028,125065,0
DEQ,827633653630125,23,1028,127456,0
DEQ,827633654529020,23,1028,122869,0
DEQ,827633655399224,23,1028,119666,0
DEQ,827633656282497,23,1028,143492,0
DEQ,827633657151046,23,1028,84913,0
DEQ,827633658097838,23,1028,104237,0
DEQ,827633659041507,23,1028,127850,0
DEQ,827633659954002,23,1028,141476,0
DEQ,827633660842230,23,1028,126392,0
DEQ,827633661747912,23,1028,127721,0
DEQ,827633662652799,23,1028,128720,0
DEQ,827633663570198,23,1028,142540,0
DEQ,827633664457653,23,1028,126635,0
DEQ,827633665326145,23,1028,121804,0
DEQ,827633666199884,23,1028,136284,0
DEQ,827633667100040,23,1028,148057,0
DEQ,827633667986182,23,1028,126092,0
DEQ,827633668886345,23,1028,121980,0
DEQ,827633669798332,23,1028,130786,0
DEQ,827633670710516,23,1028,140901,0
DEQ,827633671602140,23,1028,128020,0
DEQ,827633672499402,23,1028,121992,0
DEQ,827633673373892,23,1028,123615,0
DEQ,827633674225625,23,1028,115902,0
DEQ,827633675108130,23,1028,110087,0
DEQ,827633676066285,23,1028,156054,0
DEQ,827633676949870,23,1028,128039,0
DEQ,827633677855209,23,1028,125044,0
DEQ,827633678760649,23,1028,128452,0
DEQ,827633679668127,23,1028,132920,0
DEQ,827633680579673,23,1028,139689,0
DEQ,827633681470880,23,1028,128645,0
DEQ,827633682287764,23,1028,71828,0
DEQ,827633683204599,23,1028,129330,0
DEQ,827633684095323,23,1028,131267,0
DEQ,827633685025201,23,1028,157975,0
DEQ,827633685915579,23,1028,137274,0
DEQ,827633686823125,23,1028,140117,0
DEQ,827633687714300,23,1028,127177,0
DEQ,827633688617107,23,1028,126729,0
DEQ,827633689520848,23,1028,127389,0
DEQ,827633690389842,23,1028,123018,0
DEQ,827633691272899,23,1028,146710,0
DEQ,827633692153107,23,1028,95910,0
DEQ,827633693126303,23,1028,136943,0
DEQ,827633694061576,23,1028,137854,0
DEQ,827633694963157,23,1028,127061,0
DEQ,827633695868115,23,1028,129188,0
DEQ,827633696779863,23,1028,134064,0
DEQ,827633697696412,23,1028,144050,0
DEQ,827633698580183,23,1028,123773,0
DEQ,827633699487767,23,1028,127264,0
DEQ,827633700354758,23,1028,119593,0
DEQ,827633701211619,23,1028,116462,0
DEQ,827633702097047,23,1028,112443,0
DEQ,827633702962469,23,1028,67865,0
DEQ,827633703940839,23,1028,133961,0
DEQ,827633704834841,23,1028,125734,0
DEQ,827633705736956,23,1028,125424,0
DEQ,827633706642866,23,1028,129224,0
DEQ,827633707545596,23,1028,129576,0
DEQ,827633708416423,23,1028,127251,0
DEQ,827633709290817,23,1028,142270,0
DEQ,827633710163102,23,1028,85348,0
DEQ,827633711109485,23,1028,123385,0
DEQ,827633712036712,23,1028,145634,0
DEQ,827633712948563,23,1028,144735,0
DEQ,827633713834124,23,1028,124411,0
DEQ,827633714740587,23,1028,124538,0
DEQ,827633715648135,23,1028,127141,0
DEQ,827633716564284,23,1028,139934,0
DEQ,827633717426450,23,1028,127622,0
DEQ,827633718303578,23,1028,145368,0
DEQ,827633719203243,23,1028,132363,0
DEQ,827633720110302,23,1028,130794,0
DEQ,827633721033113,23,1028,152860,0
DEQ,827633721926043,23,1028,134385,0
DEQ,827633722831361,23,1028,134977,0
DEQ,827633723725452,23,1028,124424,0
DEQ,827633724628407,23,1028,124001,0
DEQ,827633725566357,23,1028,154138,0
DEQ,827633726382219,23,1028,96925,0
DEQ,827633727285815,23,1028,141169,0
DEQ,827633728199559,23,1028,132445,0
DEQ,827633729110666,23,1028,133408,0
DEQ,827633730028477,23,1028,149366,0
DEQ,827633730920740,23,1028,130490,0
DEQ,827633731836767,23,1028,141863,0
DEQ,827633732726353,23,1028,127430,0
DEQ,827633733628230,23,1028,125226,0
DEQ,827633734528143,23,1028,121507,0
DEQ,827633735410865,23,1028,130603,0
DEQ,827633736171876,23,1028,34501,0
DEQ,827633737089357,23,1028,36997,0
DEQ,827633737992810,23,1028,43860,0
DEQ,827633738887216,23,1028,45089,0
DEQ,827633739777439,23,1028,36895,0
DEQ,827633740759928,23,1028,126370,0
DEQ,827633741665462,23,1028,127342,0
DEQ,827633742572218,23,1028,130359,0
DEQ,827633743479234,23,1028,133944,0
DEQ,827633744334985,23,1028,116553,0
DEQ,827633745206228,23,1028,128567,0
DEQ,827633746097860,23,1028,131141,0
DEQ,827633746993586,23,1028,123753,0
DEQ,827633747925020,23,1028,149866,0
DEQ,827633748829907,23,1028,145947,0
DEQ,827633749723411,23,1028,130488,0
DEQ,827633750621346,23,1028,125391,0
DEQ,827633751522403,23,1028,123702,0
DEQ,827633752424834,23,1028,152855,0
DEQ,827633753210497,23,1028,79204,0
DEQ,827633754216037,23,1028,157530,0
DEQ,827633755119050,23,1028,131969,0
DEQ,827633756041373,23,1028,126991,0
DEQ,827633756967565,23,1028,145811,0
DEQ,827633757871905,23,1028,136259,0
DEQ,827633758776153,23,1028,134684,0
DEQ,827633759670478,23,1028,125315,0
DEQ,827633760585099,23,1028,134891,0
DEQ,827633761480503,23,1028,127199,0
DEQ,827633762343537,23,1028,116334,0
DEQ,827633763198976,23,1028,112508,0
DEQ,827633764102759,23,1028,127359,0
DEQ,827633765004302,23,1028,125569,0
DEQ,827633765932324,23,1028,149892,0
DEQ,827633766827268,23,1028,134702,0
DEQ,827633767723728,23,1028,127136,0
DEQ,827633768621836,23,1028,122632,0
DEQ,827633769535066,23,1028,132670,0
DEQ,827633770402771,23,1028,127663,0
DEQ,827633771225943,23,1028,91440,0
DEQ,827633772217769,23,1028,157025,0
DEQ,827633773120892,23,1028,132231,0
DEQ,827633774041226,23,1028,123716,0
DEQ,827633774976294,23,1028,148333,0
DEQ,827633775871787,23,1028,132762,0
DEQ,827633776773240,23,1028,128221,0
DEQ,827633777695036,23,1028,145099,0
DEQ,827633778578210,23,1028,124682,0
DEQ,827633779482122,23,1028,124047,0
DEQ,827633780351777,23,1028,120228,0
DEQ,827633781205793,23,1028,114793,0
DEQ,827633782097310,23,1028,117395,0
DEQ,827633783004108,23,1028,127591,0
DEQ,827633783919539,23,1028,139975,0
DEQ,827633784827820,23,1028,141998,0
DEQ,827633785713327,23,1028,123710,0
DEQ,827633786617106,23,1028,123374,0
DEQ,827633787522137,23,1028,125446,0
DEQ,827633788388102,23,1028,117592,0
DEQ,827633789272363,23,1028,142555,0
DEQ,827633790142336,23,1028,85611,0
DEQ,827633791034931,23,1028,50691,0
DEQ,827633791942809,23,1028,47738,0
DEQ,827633792948622,23,1028,153209,0
DEQ,827633793846830,23,1028,136948,0
DEQ,827633794741364,23,1028,127862,0
DEQ,827633795643468,23,1028,125892,0
DEQ,827633796549132,23,1028,127887,0
DEQ,827633797416938,23,1028,121443,0
DEQ,827633798241448,23,1028,86417,0
DEQ,827633799110825,23,1028,52523,0
DEQ,827633799994115,23,1028,37303,0
DEQ,827633800882925,23,1028,34360,0
DEQ,827633801773489,23,1028,33697,0
DEQ,827633802674385,23,1028,36817,0
DEQ,827633803655571,23,1028,124851,0
DEQ,827633804575516,23,1028,141656,0
DEQ,827633805454758,23,1028,126616,0
DEQ,827633806324914,23,1028,123601,0
DEQ,827633807190388,23,1028,129256,0
DEQ,827633808075270,23,1028,125473,0
DEQ,827633808977236,23,1028,122064,0
DEQ,827633809896392,23,1028,138597,0
DEQ,827633810813350,23,1028,153653,0
DEQ,827633811701688,23,1028,132136,0
DEQ,827633812601307,23,1028,128161,0
DEQ,827633813497631,23,1028,122204,0
DEQ,827633814322301,23,1028,73555,0
DEQ,827633815181070,23,1028,72571,0
DEQ,827633816110553,23,1028,112900,0
DEQ,827633817029736,23,1028,124531,0
DEQ,827633817947867,23,1028,139320,0
DEQ,827633818836958,23,1028,127247,0
DEQ,827633819758312,23,1028,147038,0
DEQ,827633820657267,23,1028,137622,0
DEQ,827633821572215,23,1028,144612,0
DEQ,827633822454549,23,1028,122154,0
DEQ,827633823283113,23,1028,76960,0
DEQ,827633824154824,23,1028,89414,0
DEQ,827633825085671,23,1028,131466,0
DEQ,827633825979044,23,1028,123548,0
DEQ,827633826895140,23,1028,137144,0
DEQ,827633827790171,23,1028,129090,0
DEQ,827633828718152,23,1028,153723,0
DEQ,827633829611346,23,1028,136864,0
DEQ,827633830514730,23,1028,137044,0
DEQ,827633831374562,23,1028,123425,0
DEQ,827633832231156,23,1028,120502,0
DEQ,827633833105929,23,1028,106282,0
DEQ,827633834038111,23,1028,130541,0
DEQ,827633834960933,23,1028,151489,0
DEQ,827633835843546,23,1028,132093,0
DEQ,827633836738572,23,1028,124803,0
DEQ,827633837656615,23,1028,141776,0
DEQ,827633838554464,23,1028,131767,0
DEQ,827633839444620,23,1028,148539,0
DEQ,827633840307592,23,1028,145895,0
DEQ,827633841197442,23,1028,123620,0
DEQ,827633842112472,23,1028,129587,0
DEQ,827633843036029,23,1028,122294,0
DEQ,827633843953112,23,1028,128415,0
DEQ,827633844850275,23,1028,126020,0
DEQ,827633845763124,23,1028,127619,0
DEQ,827633846687720,23,1028,149781,0
DEQ,827633847575532,23,1028,123594,0
DEQ,827633848478552,23,1028,123239,0
DEQ,827633849349959,23,1028,120661,0
DEQ,827633850213000,23,1028,124298,0
DEQ,827633851104636,23,1028,126624,0
DEQ,827633852005929,23,1028,125439,0
DEQ,827633852907974,23,1028,125326,0
DEQ,827633853821055,23,1028,135947,0
DEQ,827633854712967,23,1028,126170,0
DEQ,827633855637582,23,1028,147656,0
DEQ,827633856521882,23,1028,123235,0
DEQ,827633857387176,23,1028,114971,0
DEQ,827633858276133,23,1028,144519,0
DEQ,827633859147185,23,1028,91462,0
DEQ,827633860096152,23,1028,114317,0
DEQ,827633861019100,23,1028,127646,0
DEQ,827633861946302,23,1028,151685,0
DEQ,827633862841298,23,1028,141789,0
DEQ,827633863739245,23,1028,134609,0
DEQ,827633864663916,23,1028,156686,0
DEQ,827633865576750,23,1028,153758,0
DEQ,827633866449287,23,1028,122410,0
DEQ,827633867324176,23,1028,123265,0
DEQ,827633868201596,23,1028,140053,0
DEQ,827633869095088,23,1028,145301,0
DEQ,827633869988901,23,1028,131944,0
DEQ,827633870896100,23,1028,134814,0
DEQ,827633871792158,23,1028,127615,0
DEQ,827633872699432,23,1028,131049,0
DEQ,827633873616967,23,1028,145068,0
DEQ,827633874503230,23,1028,125445,0
DEQ,827633875365494,23,1028,114115,0
DEQ,827633876228442,23,1028,117737,0
DEQ,827633877108586,23,1028,109204,0
DEQ,827633878070169,23,1028,156003,0
DEQ,827633878957231,23,1028,137085,0
DEQ,827633879853586,23,1028,130218,0
DEQ,827633880752806,23,1028,125669,0
DEQ,827633881653934,23,1028,124230,0
DEQ,827633882595907,23,1028,164056,0
DEQ,827633883460921,23,1028,121581,0
DEQ,827633884326714,23,1028,114769,0
DEQ,827633885205899,23,1028,134709,0
DEQ,827633886084552,23,1028,124876,0
DEQ,827633886992875,23,1028,127536,0
DEQ,827633887897140,23,1028,128464,0
DEQ,827633888796164,23,1028,125169,0
DEQ,827633889701973,23,1028,128671,0
DEQ,827633890610304,23,1028,133929,0
DEQ,827633891523827,23,1028,144605,0
DEQ,827633892372245,23,1028,114670,0
DEQ,827633893207725,23,1028,90717,0
DEQ,827633894133815,23,1028,91206,0
DEQ,827633895092573,23,1028,123843,0
DEQ,827633896013554,23,1028,134167,0
DEQ,827633896909960,23,1028,127392,0
DEQ,827633897832960,23,1028,144621,0
DEQ,827633898720674,23,1028,127956,0
DEQ,827633899621940,23,1028,126662,0
DEQ,827633900533301,23,1028,134879,0
DEQ,827633901418735,23,1028,138516,0
DEQ,827633902281751,23,1028,142061,0
DEQ,827633903156744,23,1028,90405,0
DEQ,827633904098658,23,1028,101598,0
DEQ,827633905048983,23,1028,135962,0
DEQ,827633905947647,23,1028,137191,0
DEQ,827633906844720,23,1028,130394,0
DEQ,827633907750943,23,1028,132677,0
DEQ,827633908648058,23,1028,125570,0
DEQ,827633909575287,23,1028,149960,0
DEQ,827633910465817,23,1028,125787,0
DEQ,827633911337218,23,1028,122047,0
DEQ,827633912201451,23,1028,126898,0
DEQ,827633913086714,23,1028,123208,0
DEQ,827633913991719,23,1028,123369,0
DEQ,827633914897017,23,1028,124838,0
DEQ,827633915820772,23,1028,144296,0
DEQ,827633916708035,23,1028,128240,0
DEQ,827633917612630,23,1028,125609,0
DEQ,827633918530486,23,1028,141495,0
DEQ,827633919392632,23,1028,124325,0
DEQ,827633920271022,23,1028,143206,0
DEQ,827633921141366,23,1028,88189,0
DEQ,827633922094028,23,1028,111841,0
DEQ,827633923014767,23,1028,120467,0
DEQ,827633923914328,23,1028,122457,0
DEQ,827633924825078,23,1028,126671,0
DEQ,827633925738907,23,1028,135153,0
DEQ,827633926631848,23,1028,125876,0
DEQ,827633927552453,23,1028,141336,0
DEQ,827633928427146,23,1028,133657,0
DEQ,827633929302251,23,1028,143265,0
DEQ,827633930199693,23,1028,128687,0
DEQ,827633931101155,23,1028,120081,0
DEQ,827633932005280,23,1028,125608,0
DEQ,827633932922830,23,1028,136595,0
DEQ,827633933742970,23,1028,53557,0
DEQ,827633934620058,23,1028,36787,0
DEQ,827633935492713,23,1028,45975,0
DEQ,827633936340285,23,1028,33560,0
DEQ,827633937226002,23,1028,53172,0
DEQ,827633938106117,23,1028,72626,0
DEQ,827633939053174,23,1028,130790,0
DEQ,827633939955146,23,1028,129778,0
DEQ,827633940852572,23,1028,124170,0
DEQ,827633941765309,23,1028,129825,0
DEQ,827633942665713,23,1028,126006,0
DEQ,827633943573064,23,1028,128189,0
DEQ,827633944472317,23,1028,125098,0
DEQ,827633945349066,23,1028,127597,0
DEQ,827633946203235,23,1028,121201,0
DEQ,827633947093168,23,1028,122235,0
DEQ,827633947996132,23,1028,122776,0
DEQ,827633948909828,23,1028,132573,0
DEQ,827633949826399,23,1028,146886,0
DEQ,827633950712340,23,1028,130233,0
DEQ,827633951607620,23,1028,122838,0
DEQ,827633952510395,23,1028,122756,0
DEQ,827633953378749,23,1028,117445,0
DEQ,827633954247824,23,1028,127281,0
DEQ,827633955196412,23,1028,149314,0
DEQ,827633956092895,23,1028,118105,0
DEQ,827633957015016,23,1028,131221,0
DEQ,827633957932993,23,1028,146861,0
DEQ,827633958823018,23,1028,131600,0
DEQ,827633959724976,23,1028,126775,0
DEQ,827633960633957,23,1028,130611,0
DEQ,827633961543821,23,1028,136423,0
DEQ,827633962414682,23,1028,134435,0
DEQ,827633963274096,23,1028,134682,0
DEQ,827633964224672,23,1028,156371,0
DEQ,827633965115337,23,1028,118235,0
DEQ,827633966035170,23,1028,119585,0
DEQ,827633966956582,23,1028,142734,0
DEQ,827633967844427,23,1028,128447,0
DEQ,827633968743282,23,1028,123771,0
DEQ,827633969650855,23,1028,127396,0
DEQ,827633970566435,23,1028,138437,0
DEQ,827633971462171,23,1028,130080,0
DEQ,827633972337534,23,1028,130946,0
DEQ,827633973203605,23,1028,132156,0
DEQ,827633974086872,23,1028,126116,0
DEQ,827633974998056,23,1028,134521,0
DEQ,827633975890998,23,1028,123816,0
DEQ,827633976801374,23,1028,131666,0
DEQ,827633977707786,23,1028,134606,0
DEQ,827633978603471,23,1028,128464,0
DEQ,827633979507907,23,1028,129773,0
DEQ,827633980371959,23,1028,120483,0
DEQ,827633981239829,23,1028,129124,0
DEQ,827633982111583,23,1028,101682,0
DEQ,827633983040285,23,1028,132181,0
DEQ,827633983962864,23,1028,151917,0
DEQ,827633984845484,23,1028,130697,0
DEQ,827633985750444,23,1028,133324,0
DEQ,827633986652753,23,1028,133795,0
DEQ,827633987543874,23,1028,122289,0
DEQ,827633988458780,23,1028,132184,0
DEQ,827633989333934,23,1028,133106,0
DEQ,827633990214886,23,1028,152941,0
DEQ,827633991085571,23,1028,133642,0
DEQ,827633991988059,23,1028,132250,0
DEQ,827633992894515,23,1028,136270,0
DEQ,827633993791392,23,1028,130351,0
DEQ,827633994699813,23,1028,136335,0
DEQ,827633995592751,23,1028,126382,0
DEQ,827633996497886,23,1028,129407,0
DEQ,827633997358532,23,1028,116826,0
DEQ,827633998215332,23,1028,114304,0
DEQ,827633999135436,23,1028,145996,0
DEQ,827634000034037,23,1028,133890,0
DEQ,827634000950884,23,1028,147738,0
DEQ,827634001839362,23,1028,132886,0
DEQ,827634002741536,23,1028,132831,0
DEQ,827634003638715,23,1028,127119,0
DEQ,827634004545099,23,1028,127799,0
DEQ,827634005411624,23,1028,120536,0
DEQ,827634006239801,23,1028,89214,0
DEQ,827634007224768,23,1028,156099,0
DEQ,827634008132182,23,1028,134729,0
DEQ,827634009066643,23,1028,134568,0
DEQ,827634009973170,23,1028,133550,0
DEQ,827634010871517,23,1028,130959,0
DEQ,827634011776885,23,1028,131833,0
DEQ,827634012694982,23,1028,146455,0
DEQ,827634013586193,23,1028,127691,0
DEQ,827634014484618,23,1028,125773,0
DEQ,827634015325262,23,1028,93196,0
DEQ,827634016228882,23,1028,125729,0
DEQ,827634017159300,23,1028,135201,0
DEQ,827634018069549,23,1028,145785,0
DEQ,827634018964059,23,1028,134967,0
DEQ,827634019864884,23,1028,132544,0
DEQ,827634020758363,23,1028,121811,0
DEQ,827634021684515,23,1028,144692,0
DEQ,827634022572923,23,1028,130263,0
DEQ,827634023472698,23,1028,127811,0
DEQ,827634024336778,23,1028,117533,0
DEQ,827634025198448,23,1028,120006,0
DEQ,827634026118249,23,1028,150563,0
DEQ,827634027004048,23,1028,129751,0
DEQ,827634027905398,23,1028,127514,0
DEQ,827634028825708,23,1028,145000,0
DEQ,827634029709280,23,1028,125198,0
DEQ,827634030614855,23,1028,127792,0
DEQ,827634031516889,23,1028,125827,0
DEQ,827634032381392,23,1028,117194,0
DEQ,827634033252132,23,1028,128462,0
DEQ,827634034151941,23,1028,125714,0
DEQ,827634035087262,23,1028,163292,0
DEQ,827634035963248,23,1028,131677,0
DEQ,827634036864621,23,1028,130833,0
DEQ,827634037767005,23,1028,126382,0
DEQ,827634038675177,23,1028,130618,0
DEQ,827634039581239,23,1028,133376,0
DEQ,827634040483830,23,1028,133050,0
DEQ,827634041345120,23,1028,121746,0
DEQ,827634042204683,23,1028,121786,0
DEQ,827634043097840,23,1028,126835,0
DEQ,827634044015562,23,1028,141916,0
DEQ,827634044905276,23,1028,122775,0
DEQ,827634045830136,23,1028,144614,0
DEQ,827634046713312,23,1028,126305,0
DEQ,827634047615392,23,1028,124727,0
DEQ,827634048526179,23,1028,131734,0
DEQ,827634049417845,23,1028,84144,0
DEQ,827634050356456,23,1028,147770,0
DEQ,827634051281768,23,1028,148592,0
DEQ,827634052221699,23,1028,102613,0
DEQ,827634053195681,23,1028,81203,0
DEQ,827634054253539,23,1028,141481,0
DEQ,827634055243442,23,1028,144570,0
DEQ,827634056238084,23,1028,152435,0
DEQ,827634057137110,23,1028,58427,0
DEQ,827634058117950,23,1028,50083,0
DEQ,827634058993037,23,1028,45114,0
DEQ,827634059889263,23,1028,37762,0
DEQ,827634060782855,23,1028,38732,0
DEQ,827634061684600,23,1028,50610,0
DEQ,827634062692439,23,1028,161779,0
DEQ,827634063579916,23,1028,136911,0
DEQ,827634064502529,23,1028,156127,0
DEQ,827634065376855,23,1028,143272,0
DEQ,827634066270176,23,1028,144603,0
DEQ,827634067216001,23,1028,101778,0
DEQ,827634068193034,23,1028,83893,0
DEQ,827634069243307,23,1028,144726,0
DEQ,827634070182374,23,1028,89159,0
DEQ,827634071178527,23,1028,147963,0
DEQ,827634072085768,23,1028,129341,0
DEQ,827634073002625,23,1028,131398,0
DEQ,827634073910067,23,1028,133177,0
DEQ,827634074833151,23,1028,148080,0
DEQ,827634075725645,23,1028,135227,0
DEQ,827634076634021,23,1028,140646,0
DEQ,827634077536857,23,1028,131807,0
DEQ,827634078393391,23,1028,120099,0
DEQ,827634079290298,23,1028,143794,0
DEQ,827634080229039,23,1028,89550,0
DEQ,827634081307753,23,1028,171472,0
DEQ,827634082223273,23,1028,89173,0
DEQ,827634083164261,23,1028,39104,0
DEQ,827634084123077,23,1028,35724,0
DEQ,827634085173632,23,1028,99256,0
DEQ,827634086154015,23,1028,89974,0
DEQ,827634087217537,23,1028,159493,0
DEQ,827634088190676,23,1028,145792,0
DEQ,827634089185636,23,1028,147493,0
DEQ,827634090175679,23,1028,149223,0
DEQ,827634091167323,23,1028,144361,0
DEQ,827634092165847,23,1028,144702,0
DEQ,827634093121478,23,1028,110468,0
DEQ,827634094116783,23,1028,106854,0
DEQ,827634095119464,23,1028,111620,0
DEQ,827634096037721,23,1028,48883,0
DEQ,827634097130736,23,1028,153899,0
DEQ,827634098121147,23,1028,148223,0
DEQ,827634099085449,23,1028,120719,0
DEQ,827634100000334,23,1028,123432,0
DEQ,827634100923066,23,1028,147361,0
DEQ,827634101822480,23,1028,130867,0
DEQ,827634102720252,23,1028,127348,0
DEQ,827634103626372,23,1028,125085,0
DEQ,827634104565143,23,1028,160713,0
DEQ,827634105433770,23,1028,142566,0
DEQ,827634106206821,23,1028,38898,0
DEQ,827634107145095,23,1028,35943,0
DEQ,827634108167811,23,1028,82351,0
DEQ,827634109225767,23,1028,154071,0
DEQ,827634110194689,23,1028,137535,0
DEQ,827634111216838,23,1028,160598,0
DEQ,827634112188439,23,1028,145191,0
DEQ,827634113174907,23,1028,143191,0
DEQ,827634114177968,23,1028,145499,0
DEQ,827634115170337,23,1028,144753,0
DEQ,827634116174248,23,1028,153387,0
DEQ,827634117129453,23,1028,111759,0
DEQ,827634118110425,23,1028,99735,0
DEQ,827634119046091,23,1028,54022,0
DEQ,827634120137891,23,1028,145018,0
DEQ,827634121124868,23,1028,138207,0
DEQ,827634122114159,23,1028,140598,0
DEQ,827634123113051,23,1028,140050,0
DEQ,827634124100613,23,1028,125553,0
DEQ,827634125009150,23,1028,119226,0
DEQ,827634125910522,23,1028,123340,0
DEQ,827634126831819,23,1028,142482,0
DEQ,827634127721877,23,1028,125248,0
DEQ,827634128625185,23,1028,126316,0
DEQ,827634129563953,23,1028,161378,0
DEQ,827634130469637,23,1028,164169,0
DEQ,827634131295347,23,1028,112851,0
DEQ,827634132213189,23,1028,82241,0
DEQ,827634133263438,23,1028,145496,0
DEQ,827634134251911,23,1028,148164,0
DEQ,827634135245731,23,1028,142349,0
DEQ,827634136238088,23,1028,143005,0
DEQ,827634137236002,23,1028,152129,0
DEQ,827634138228739,23,1028,151529,0
DEQ,827634139192351,23,1028,116129,0
DEQ,827634140166457,23,1028,93575,0
DEQ,827634141177980,23,1028,104927,0
DEQ,827634142181473,23,1028,112015,0
DEQ,827634143170350,23,1028,112749,0
DEQ,827634144193376,23,1028,142361,0
DEQ,827634145190193,23,1028,144685,0
DEQ,827634146182749,23,1028,145154,0
DEQ,827634147177633,23,1028,145250,0
DEQ,827634148174687,23,1028,149888,0
DEQ,827634149167090,23,1028,144394,0
DEQ,827634150174396,23,1028,151846,0
DEQ,827634151125034,23,1028,107723,0
DEQ,827634152127499,23,1028,115507,0
DEQ,827634153117692,23,1028,120211,0
DEQ,827634154119560,23,1028,127439,0
DEQ,827634155141693,23,1028,149282,0
DEQ,827634156137084,23,1028,145573,0
DEQ,827634157135295,23,1028,145670,0
DEQ,827634158140148,23,1028,163965,0
DEQ,827634159140370,23,1028,162550,0
DEQ,827634159167152,23,84,20624,0
DEQ,827634160112728,23,1028,143881,0
DEQ,827634161108458,23,1028,142708,0
DEQ,827634162075782,23,1028,119799,0
DEQ,827634163006533,23,1028,139132,0
DEQ,827634163902392,23,1028,132691,0
DEQ,827634164801583,23,1028,129218,0
DEQ,827634165705756,23,1028,131765,0
DEQ,827634166606943,23,1028,130777,0
DEQ,827634167537628,23,1028,160009,0
DEQ,827634168405080,23,1028,140625,0
DEQ,827634169289404,23,1028,142136,0
DEQ,827634170284741,23,1028,143704,0
DEQ,827634171272679,23,1028,144961,0
DEQ,827634172197352,23,1028,78388,0
DEQ,827634173198461,23,1028,83825,0
DEQ,827634174188215,23,1028,83447,0
DEQ,827634175179879,23,1028,83429,0
DEQ,827634176169080,23,1028,77580,0
DEQ,827634177166538,23,1028,82247,0
DEQ,827634178159693,23,1028,84231,0
DEQ,827634179235812,23,1028,165649,0
DEQ,827634180227377,23,1028,150256,0
DEQ,827634181215314,23,1028,150870,0
DEQ,827634182222674,23,1028,163310,0
DEQ,827634183195957,23,1028,148168,0
DEQ,827634184188492,23,1028,149010,0
DEQ,827634185166354,23,1028,122393,0
DEQ,827634186180748,23,1028,146052,0
DEQ,827634187177143,23,1028,149340,0
DEQ,827634188164271,23,1028,142834,0
DEQ,827634189177273,23,1028,160409,0
DEQ,827634190150605,23,1028,142733,0
DEQ,827634191152257,23,1028,144028,0
DEQ,827634192155566,23,1028,144862,0
DEQ,827634193142327,23,1028,145423,0
DEQ,827634194133761,23,1028,141726,0
DEQ,827634195012027,23,1028,43220,0
DEQ,827634195915791,23,1028,36657,0
DEQ,827634196810636,23,1028,34790,0
DEQ,827634197720532,23,1028,51198,0
DEQ,827634198625636,23,1028,55554,0
DEQ,827634199607956,23,1028,132896,0
DEQ,827634200521383,23,1028,142833,0
DEQ,827634201374734,23,1028,122585,0
DEQ,827634202239343,23,1028,127658,0
DEQ,827634203108329,23,1028,91169,0
DEQ,827634204046572,23,1028,130625,0
DEQ,827634204870756,23,1028,50802,0
DEQ,827634205853410,23,1028,133293,0
DEQ,827634206783704,23,1028,156033,0
DEQ,827634207670587,23,1028,132164,0
DEQ,827634208584163,23,1028,141923,0
DEQ,827634209479269,23,1028,134112,0
DEQ,827634210339636,23,1028,121348,0
DEQ,827634211156261,23,1028,78473,0
DEQ,827634212101213,23,1028,134845,0
DEQ,827634213003968,23,1028,133775,0
DEQ,827634213881677,23,1028,101015,0
DEQ,827634214832446,23,1028,148250,0
DEQ,827634215740887,23,1028,152073,0
DEQ,827634216628721,23,1028,129341,0
DEQ,827634217535383,23,1028,133763,0
DEQ,827634218414080,23,1028,138465,0
DEQ,827634219283416,23,1028,147891,0
DEQ,827634220151736,23,1028,91001,0
DEQ,827634221035069,23,1028,47933,0
DEQ,827634222042598,23,1028,144518,0
DEQ,827634222868274,23,1028,68579,0
DEQ,827634223841384,23,1028,133991,0
DEQ,827634224763666,23,1028,150968,0
DEQ,827634225658954,23,1028,133543,0
DEQ,827634226576796,23,1028,147292,0
DEQ,827634227468812,23,1028,133996,0
DEQ,827634228335359,23,1028,126700,0
DEQ,827634229208242,23,1028,140115,0
DEQ,827634230084495,23,1028,127427,0
DEQ,827634230989307,23,1028,123567,0
DEQ,827634231900803,23,1028,132093,0
DEQ,827634232806205,23,1028,134251,0
DEQ,827634233726427,23,1028,149253,0
DEQ,827634234616302,23,1028,133216,0
DEQ,827634235519359,23,1028,132770,0
DEQ,827634236387688,23,1028,127843,0
DEQ,827634237268061,23,1028,148930,0
DEQ,827634238136324,23,1028,87079,0
DEQ,827634239095304,23,1028,116628,0
DEQ,827634240017079,23,1028,129760,0
DEQ,827634240935350,23,1028,145360,0
DEQ,827634241831903,23,1028,137616,0
DEQ,827634242753582,23,1028,152107,0
DEQ,827634243649100,23,1028,135243,0
DEQ,827634244548642,23,1028,129640,0
DEQ,827634245455370,23,1028,138986,0
DEQ,827634246321442,23,1028,131841,0
DEQ,827634247169067,23,1028,131671,0
DEQ,827634248082184,23,1028,139460,0
DEQ,827634248978112,23,1028,131236,0
DEQ,827634249881249,23,1028,132002,0
DEQ,827634250786485,23,1028,132937,0
DEQ,827634251720371,23,1028,163944,0
DEQ,827634252600191,23,1028,133309,0
DEQ,827634253501753,23,1028,130105,0
DEQ,827634254372593,23,1028,127308,0
DEQ,827634255179590,23,1028,74690,0
DEQ,827634256111476,23,1028,118224,0
DEQ,827634257038803,23,1028,137961,0
DEQ,827634257948200,23,1028,145504,0
DEQ,827634258836090,23,1028,129644,0
DEQ,827634259746381,23,1028,137372,0
DEQ,827634260668125,23,1028,156615,0
DEQ,827634261552702,23,1028,130712,0
DEQ,827634262416995,23,1028,121250,0
DEQ,827634263249112,23,1028,82094,0
DEQ,827634264166570,23,1028,96411,0
DEQ,827634265121808,23,1028,114315,0
DEQ,827634266075537,23,1028,139306,0
DEQ,827634266977024,23,1028,129741,0
DEQ,827634267889676,23,1028,144014,0
DEQ,827634268780716,23,1028,131390,0
DEQ,827634269705784,23,1028,153332,0
DEQ,827634270599402,23,1028,132924,0
DEQ,827634271501520,23,1028,130488,0
DEQ,827634272365434,23,1028,121311,0
DEQ,827634273227688,23,1028,123882,0
DEQ,827634274110580,23,1028,117672,0
DEQ,827634275039940,23,1028,136965,0
DEQ,827634275951698,23,1028,145493,0
DEQ,827634276843541,23,1028,133378,0
DEQ,827634277749296,23,1028,134962,0
DEQ,827634278667780,23,1028,144829,0
DEQ,827634279578359,23,1028,150929,0
DEQ,827634280460591,23,1028,128837,0
DEQ,827634281332833,23,1028,127824,0
DEQ,827634282202140,23,1028,137803,0
DEQ,827634283087125,23,1028,133982,0
DEQ,827634283989164,23,1028,132126,0
DEQ,827634284894089,23,1028,134900,0
DEQ,827634285789808,23,1028,128639,0
DEQ,827634286716636,23,1028,153797,0
DEQ,827634287617068,23,1028,150233,0
DEQ,827634288508999,23,1028,135429,0
DEQ,827634289363480,23,1028,116744,0
DEQ,827634290221147,23,1028,115145,0
DEQ,827634291109078,23,1028,113491,0
DEQ,827634292033731,23,1028,129628,0
DEQ,827634292948829,23,1028,140741,0
DEQ,827634293847105,23,1028,135825,0
DEQ,827634294745307,23,1028,131891,0
DEQ,827634295651541,23,1028,135796,0
DEQ,827634296564883,23,1028,145674,0
DEQ,827634297443322,23,1028,137695,0
DEQ,827634298300693,23,1028,121033,0
DEQ,827634299096697,23,1028,59648,0
DEQ,827634300082851,23,1028,142356,0
DEQ,827634300976128,23,1028,132530,0
DEQ,827634301881768,23,1028,136332,0
DEQ,827634302784299,23,1028,132587,0
DEQ,827634303699606,23,1028,144781,0
DEQ,827634304588478,23,1028,131731,0
DEQ,827634305505780,23,1028,146309,0
DEQ,827634306353216,23,1028,114754,0
DEQ,827634307218576,23,1028,120426,0
DEQ,827634308098235,23,1028,110475,0
DEQ,827634308952418,23,1028,52031,0
DEQ,827634309948741,23,1028,144148,0
DEQ,827634310842043,23,1028,134847,0
DEQ,827634311745046,23,1028,135896,0
DEQ,827634312641088,23,1028,129017,0
DEQ,827634313548002,23,1028,133773,0
DEQ,827634314428100,23,1028,140794,0
DEQ,827634315306927,23,1028,141689,0
DEQ,827634316208666,23,1028,140873,0
DEQ,827634317108601,23,1028,130997,0
DEQ,827634317976708,23,1028,98322,0
DEQ,827634318809194,23,1028,56535,0
DEQ,827634319751040,23,1028,129990,0
DEQ,827634320662761,23,1028,147941,0
DEQ,827634321537916,23,1028,127684,0
DEQ,827634322362383,23,1028,91646,0
DEQ,827634323222497,23,1028,79677,0
DEQ,827634324204899,23,1028,87527,0
DEQ,827634325189948,23,1028,87016,0
DEQ,827634326175829,23,1028,83792,0
DEQ,827634327174995,23,1028,88921,0
DEQ,827634328228329,23,1028,149109,0
DEQ,827634329223683,23,1028,153069,0
DEQ,827634330218837,23,1028,158708,0
DEQ,827634331200232,23,1028,146842,0
DEQ,827634332188814,23,1028,138854,0
DEQ,827634333116316,23,1028,78456,0
DEQ,827634334179702,23,1028,146578,0
DEQ,827634335171498,23,1028,149815,0
DEQ,827634336115195,23,1028,106046,0
DEQ,827634337113214,23,1028,120758,0
DEQ,827634338147828,23,1028,151846,0
DEQ,827634339108730,23,1028,122430,0
DEQ,827634340135012,23,1028,154375,0
DEQ,827634341108301,23,1028,143372,0
DEQ,827634342084200,23,1028,131880,0
DEQ,827634343009339,23,1028,142968,0
DEQ,827634343906321,23,1028,134809,0
DEQ,827634344815068,23,1028,139143,0
DEQ,827634345709641,23,1028,131245,0
DEQ,827634346605258,23,1028,123618,0
DEQ,827634347537792,23,1028,150106,0
DEQ,827634348423036,23,1028,148206,0
DEQ,827634349297736,23,1028,145993,0
DEQ,827634350272853,23,1028,143203,0
DEQ,827634351270098,23,1028,149579,0
DEQ,827634352194160,23,1028,84182,0
DEQ,827634353184963,23,1028,81782,0
DEQ,827634354166589,23,1028,84015,0
DEQ,827634355175459,23,1028,109060,0
DEQ,827634356217626,23,1028,161421,0
DEQ,827634357195143,23,1028,144669,0
DEQ,827634358185394,23,1028,144839,0
STATS,827634358207687,0,0,3586,3586,0,0,0
DEQ,827634359189275,23,1028,153414,0
DEQ,827634360182454,23,1028,146598,0
DEQ,827634361176750,23,1028,146322,0
DEQ,827634362151026,23,1028,132274,0
DEQ,827634363114129,23,1028,91344,0
DEQ,827634364128529,23,1028,118562,0
DEQ,827634365126493,23,1028,120164,0
DEQ,827634366130865,23,1028,135807,0
DEQ,827634367149698,23,1028,157000,0
DEQ,827634368133424,23,1028,145667,0
DEQ,827634369138366,23,1028,156878,0
DEQ,827634370130486,23,1028,151000,0
DEQ,827634371099360,23,1028,120088,0
DEQ,827634372056836,23,1028,161385,0
DEQ,827634372953357,23,1028,150849,0
DEQ,827634373835280,23,1028,128258,0
DEQ,827634374737179,23,1028,127467,0
DEQ,827634375642133,23,1028,129776,0
DEQ,827634376586843,23,1028,172454,0
DEQ,827634377445820,23,1028,144066,0
DEQ,827634378262136,23,1028,83393,0
DEQ,827634379281421,23,1028,148542,0
DEQ,827634380215851,23,1028,95124,0
DEQ,827634381182171,23,1028,73494,0
DEQ,827634382195429,23,1028,78841,0
DEQ,827634383191823,23,1028,89055,0
DEQ,827634384173922,23,1028,78038,0
DEQ,827634385176836,23,1028,84268,0
DEQ,827634386165288,23,1028,80009,0
DEQ,827634387166650,23,1028,91709,0
DEQ,827634388176375,23,1028,103786,0
DEQ,827634389161656,23,1028,97535,0
DEQ,827634390163774,23,1028,100588,0
DEQ,827634391203559,23,1028,151146,0
DEQ,827634392191692,23,1028,144663,0
DEQ,827634393191342,23,1028,145496,0
DEQ,827634394185296,23,1028,147697,0
DEQ,827634395168571,23,1028,142653,0
DEQ,827634396174842,23,1028,149034,0
DEQ,827634397170287,23,1028,145260,0
DEQ,827634398112839,23,1028,89440,0
DEQ,827634399122846,23,1028,103428,0
DEQ,827634400124410,23,1028,110818,0
DEQ,827634401130731,23,1028,123194,0
DEQ,827634402161184,23,1028,151787,0
DEQ,827634403142376,23,1028,147308,0
DEQ,827634404140703,23,1028,149868,0
DEQ,827634405141056,23,1028,152970,0
DEQ,827634406134034,23,1028,144354,0
DEQ,827634407125480,23,1028,132498,0
DEQ,827634408121036,23,1028,131240,0
DEQ,827634409120251,23,1028,127635,0
DEQ,827634410095390,23,1028,111654,0
DEQ,827634411117584,23,1028,143491,0
DEQ,827634412133047,23,1028,157334,0
DEQ,827634413094297,23,1028,127760,0
DEQ,827634414015798,23,1028,136429,0
DEQ,827634414914877,23,1028,135448,0
DEQ,827634415830356,23,1028,146469,0
DEQ,827634416713408,23,1028,127486,0
DEQ,827634417615296,23,1028,127793,0
DEQ,827634418553038,23,1028,162677,0
DEQ,827634419428508,23,1028,150377,0
DEQ,827634420295671,23,1028,140465,0
DEQ,827634421207064,23,1028,74303,0
DEQ,827634422135796,23,1028,137334,0
DEQ,827634423063854,23,1028,138814,0
DEQ,827634424063970,23,1028,143927,0
DEQ,827634424954030,23,1028,124510,0
DEQ,827634425855677,23,1028,124338,0
DEQ,827634426767186,23,1028,132212,0
DEQ,827634427668558,23,1028,131292,0
DEQ,827634428601321,23,1028,163533,0
DEQ,827634429469925,23,1028,144841,0
DEQ,827634430351185,23,1028,143201,0
DEQ,827634431274286,23,1028,147160,0
DEQ,827634432201639,23,1028,84951,0
DEQ,827634433188315,23,1028,84295,0
DEQ,827634434166705,23,1028,85236,0
DEQ,827634435180548,23,1028,114412,0
DEQ,827634436223411,23,1028,162193,0
DEQ,827634437190204,23,1028,142094,0
DEQ,827634438201184,23,1028,156138,0
DEQ,827634439185939,23,1028,148237,0
DEQ,827634440184547,23,1028,146591,0
DEQ,827634441174180,23,1028,148037,0
DEQ,827634442165293,23,1028,148992,0
DEQ,827634443125647,23,1028,113054,0
DEQ,827634444121502,23,1028,111527,0
DEQ,827634445126697,23,1028,119262,0
DEQ,827634446127219,23,1028,121430,0
DEQ,827634447146257,23,1028,155002,0
DEQ,827634448143380,23,1028,150191,0
DEQ,827634449123307,23,1028,137264,0
DEQ,827634450111049,23,1028,126822,0
DEQ,827634451133954,23,1028,157736,0
DEQ,827634452126321,23,1028,151032,0
DEQ,827634452993490,23,1028,46492,0
DEQ,827634453980367,23,1028,136456,0
DEQ,827634454839980,23,1028,135424,0
DEQ,827634455725063,23,1028,129735,0
DEQ,827634456615524,23,1028,129873,0
DEQ,827634457509613,23,1028,134018,0
DEQ,827634458359659,23,1028,121376,0
DEQ,827634459249205,23,1028,146109,0
DEQ,827634460184494,23,1028,96001,0
DEQ,827634461161541,23,1028,82236,0
DEQ,827634462159737,23,1028,85545,0
DEQ,827634463153850,23,1028,85348,0
DEQ,827634464148031,23,1028,86390,0
DEQ,827634465144770,23,1028,89640,0
DEQ,827634466129590,23,1028,81753,0
DEQ,827634467132307,23,1028,82143,0
DEQ,827634468125681,23,1028,72842,0
DEQ,827634469143436,23,1028,78720,0
DEQ,827634470134950,23,1028,79934,0
DEQ,827634471133202,23,1028,84273,0
DEQ,827634472122601,23,1028,79641,0
DEQ,827634473123315,23,1028,84771,0
DEQ,827634474126548,23,1028,82934,0
DEQ,827634475117430,23,1028,85109,0
DEQ,827634476110870,23,1028,89296,0
DEQ,827634477133981,23,1028,122765,0
DEQ,827634478109741,23,1028,98630,0
DEQ,827634479138009,23,1028,130618,0
DEQ,827634480123740,23,1028,123436,0
DEQ,827634481113464,23,1028,103695,0
DEQ,827634482116228,23,1028,109282,0
DEQ,827634483115472,23,1028,111572,0
DEQ,827634484109686,23,1028,119966,0
DEQ,827634485135126,23,1028,153026,0
DEQ,827634486131682,23,1028,154469,0
DEQ,827634487088013,23,1028,116143,0
DEQ,827634488032257,23,1028,149980,0
DEQ,827634488920310,23,1028,126827,0
DEQ,827634489832323,23,1028,133635,0
DEQ,827634490733295,23,1028,131728,0
DEQ,827634491626469,23,1028,122922,0
DEQ,827634492570297,23,1028,160514,0
DEQ,827634493444151,23,1028,147574,0
DEQ,827634494318056,23,1028,144265,0
DEQ,827634495268399,23,1028,141149,0
DEQ,827634496188958,23,1028,75091,0
DEQ,827634497124742,23,1028,144310,0
DEQ,827634498110123,23,1028,144764,0
DEQ,827634499088485,23,1028,127030,0
DEQ,827634499994440,23,1028,120238,0
DEQ,827634500903815,23,1028,133039,0
DEQ,827634501818863,23,1028,142082,0
DEQ,827634502708573,23,1028,129180,0
DEQ,827634503613636,23,1028,132075,0
DEQ,827634504537766,23,1028,156036,0
DEQ,827634505416699,23,1028,146976,0
DEQ,827634506282822,23,1028,135986,0
DEQ,827634507282257,23,1028,145400,0
DEQ,827634508208167,23,1028,77973,0
DEQ,827634509204166,23,1028,81299,0
DEQ,827634510195112,23,1028,82357,0
DEQ,827634511180887,23,1028,81799,0
DEQ,827634512166683,23,1028,85803,0
DEQ,827634513156367,23,1028,84671,0
DEQ,827634514217258,23,1028,157982,0
DEQ,827634515197210,23,1028,141938,0
DEQ,827634516195137,23,1028,144353,0
DEQ,827634517224326,23,1028,164094,0
DEQ,827634518192764,23,1028,144511,0
DEQ,827634519203563,23,1028,149723,0
DEQ,827634520210110,23,1028,163981,0
DEQ,827634521194904,23,1028,152493,0
DEQ,827634522157047,23,1028,83321,0
DEQ,827634523043352,23,1028,38040,0
DEQ,827634524076458,23,1028,139312,0
DEQ,827634524969132,23,1028,123809,0
DEQ,827634525888020,23,1028,142597,0
DEQ,827634526799324,23,1028,142632,0
DEQ,827634527706384,23,1028,143363,0
DEQ,827634528596981,23,1028,129890,0
DEQ,827634529499943,23,1028,129644,0
DEQ,827634530365523,23,1028,121212,0
DEQ,827634531223480,23,1028,119760,0
DEQ,827634532085254,23,1028,121692,0
DEQ,827634532990120,23,1028,135460,0
DEQ,827634533892963,23,1028,134935,0
DEQ,827634534815521,23,1028,151719,0
DEQ,827634535708668,23,1028,138954,0
DEQ,827634536607339,23,1028,133652,0
DEQ,827634537509411,23,1028,132014,0
DEQ,827634538372436,23,1028,121673,0
DEQ,827634539232877,23,1028,122307,0
DEQ,827634540146290,23,1028,146749,0
DEQ,827634541042367,23,1028,128679,0
DEQ,827634541962000,23,1028,144500,0
DEQ,827634542851151,23,1028,129689,0
DEQ,827634543784528,23,1028,159278,0
DEQ,827634544669969,23,1028,132699,0
DEQ,827634545585697,23,1028,146057,0
DEQ,827634546478417,23,1028,133322,0
DEQ,827634547338379,23,1028,119469,0
DEQ,827634548204272,23,1028,125911,0
DEQ,827634549099934,23,1028,132480,0
DEQ,827634550006819,23,1028,136070,0
DEQ,827634550897627,23,1028,129800,0
DEQ,827634551804636,23,1028,134160,0
DEQ,827634552722282,23,1028,148862,0
DEQ,827634553608128,23,1028,129172,0
DEQ,827634554524714,23,1028,139750,0
DEQ,827634555379244,23,1028,120052,0
DEQ,827634556257544,23,1028,138929,0
DEQ,827634557135169,23,1028,89626,0
DEQ,827634558095784,23,1028,123307,0
DEQ,827634559017085,23,1028,134566,0
DEQ,827634559921720,23,1028,136761,0
DEQ,827634560838599,23,1028,149718,0
DEQ,827634561751296,23,1028,158185,0
DEQ,827634562643743,23,1028,133533,0
DEQ,827634563544460,23,1028,130511,0
DEQ,827634564412000,23,1028,124078,0
DEQ,827634565292269,23,1028,144915,0
DEQ,827634566228290,23,1028,157437,0
DEQ,827634567105095,23,1028,107545,0
DEQ,827634568052623,23,1028,143199,0
DEQ,827634568957838,23,1028,147052,0
DEQ,827634569847749,23,1028,132576,0
DEQ,827634570787270,23,1028,168778,0
DEQ,827634571668888,23,1028,134879,0
DEQ,827634572575296,23,1028,138552,0
DEQ,827634573469235,23,1028,129217,0
DEQ,827634574337039,23,1028,123505,0
DEQ,827634575198959,23,1028,126096,0
DEQ,827634575998827,23,1028,36918,0
DEQ,827634576982539,23,1028,129725,0
DEQ,827634577886766,23,1028,132241,0
DEQ,827634578792255,23,1028,128615,0
DEQ,827634579722175,23,1028,154442,0
DEQ,827634580610968,23,1028,131694,0
DEQ,827634581509077,23,1028,124915,0
DEQ,827634582398215,23,1028,140175,0
DEQ,827634583254687,23,1028,125540,0
DEQ,827634584202315,23,1028,102520,0
DEQ,827634585123040,23,1028,105108,0
DEQ,827634585937587,23,1028,37881,0
DEQ,827634586953210,23,1028,154044,0
DEQ,827634587789738,23,1028,129144,0
DEQ,827634588701293,23,1028,147362,0
DEQ,827634589597035,23,1028,132757,0
DEQ,827634590503998,23,1028,136769,0
DEQ,827634591313398,23,1028,72551,0
DEQ,827634592225382,23,1028,125063,0
DEQ,827634593098713,23,1028,109627,0
DEQ,827634594021078,23,1028,124108,0
DEQ,827634594945381,23,1028,144843,0
DEQ,827634595828887,23,1028,125640,0
DEQ,827634596734520,23,1028,128226,0
DEQ,827634597661499,23,1028,151964,0
DEQ,827634598568185,23,1028,142817,0
DEQ,827634599454977,23,1028,132156,0
DEQ,827634600325503,23,1028,129342,0
DEQ,827634601165246,23,1028,129173,0
DEQ,827634602090142,23,1028,151503,0
DEQ,827634602975457,23,1028,129558,0
DEQ,827634603869753,23,1028,121231,0
DEQ,827634604775234,23,1028,124680,0
DEQ,827634605697766,23,1028,144425,0
DEQ,827634606604417,23,1028,147735,0
DEQ,827634607493736,23,1028,129081,0
DEQ,827634608350538,23,1028,113016,0
DEQ,827634609214422,23,1028,117596,0
DEQ,827634610107093,23,1028,121682,0
DEQ,827634611022648,23,1028,125034,0
DEQ,827634611945475,23,1028,145666,0
DEQ,827634612839799,23,1028,136570,0
DEQ,827634613739651,23,1028,134744,0
DEQ,827634614637054,23,1028,128984,0
DEQ,827634615552532,23,1028,141229,0
DEQ,827634616418596,23,1028,128266,0
DEQ,827634617301004,23,1028,145194,0
DEQ,827634618200179,23,1028,130421,0
DEQ,827634619102084,23,1028,124036,0
DEQ,827634620007595,23,1028,129586,0
DEQ,827634620911695,23,1028,126303,0
DEQ,827634621824223,23,1028,134505,0
DEQ,827634622735116,23,1028,140059,0
DEQ,827634623621765,23,1028,122966,0
DEQ,827634624559380,23,1028,155926,0
DEQ,827634625411112,23,1028,118860,0
DEQ,827634626303414,23,1028,145388,0
DEQ,827634627212396,23,1028,137747,0
DEQ,827634628113505,23,1028,127095,0
DEQ,827634629041671,23,1028,127684,0
DEQ,827634629948980,23,1028,127503,0
DEQ,827634630852971,23,1028,129176,0
DEQ,827634631759447,23,1028,129492,0
DEQ,827634632661941,23,1028,127300,0
DEQ,827634633592445,23,1028,153987,0
DEQ,827634634480417,23,1028,129607,0
DEQ,827634635299757,23,1028,74940,0
DEQ,827634636206338,23,1028,122013,0
DEQ,827634637118411,23,1028,144185,0
DEQ,827634638046758,23,1028,133541,0
DEQ,827634638951364,23,1028,128677,0
DEQ,827634639847958,23,1028,126450,0
DEQ,827634640762144,23,1028,134620,0
DEQ,827634641662182,23,1028,129531,0
DEQ,827634642599608,23,1028,162358,0
DEQ,827634643474938,23,1028,124384,0
DEQ,827634644350939,23,1028,128071,0
DEQ,827634645208513,23,1028,126337,0
DEQ,827634646097439,23,1028,126546,0
DEQ,827634647005430,23,1028,131828,0
DEQ,827634647914505,23,1028,136445,0
DEQ,827634648816625,23,1028,134201,0
DEQ,827634649714468,23,1028,128826,0
DEQ,827634650628934,23,1028,134140,0
DEQ,827634651552808,23,1028,153180,0
DEQ,827634652403989,23,1028,121971,0
DEQ,827634653281242,23,1028,139791,0
DEQ,827634654162210,23,1028,84936,0
DEQ,827634655045447,23,1028,38494,0
DEQ,827634655966776,23,1028,48255,0
DEQ,827634656962388,23,1028,141471,0
DEQ,827634657860724,23,1028,134617,0
DEQ,827634658755725,23,1028,125529,0
DEQ,827634659669520,23,1028,134916,0
DEQ,827634660600409,23,1028,161886,0
DEQ,827634661475187,23,1028,123551,0
DEQ,827634662343463,23,1028,118263,0
DEQ,827634663210364,23,1028,125695,0
DEQ,827634664116234,23,1028,141947,0
DEQ,827634665042204,23,1028,130496,0
DEQ,827634665962321,23,1028,142207,0
DEQ,827634666856817,23,1028,135545,0
DEQ,827634667758924,23,1028,131205,0
DEQ,827634668668364,23,1028,135369,0
DEQ,827634669587658,23,1028,150251,0
DEQ,827634670482263,23,1028,128761,0
DEQ,827634671348890,23,1028,122388,0
DEQ,827634672212866,23,1028,127093,0
DEQ,827634673098128,23,1028,123115,0
DEQ,827634674008270,23,1028,129235,0
DEQ,827634674927779,23,1028,140577,0
DEQ,827634675833777,23,1028,143204,0
DEQ,827634676725355,23,1028,131538,0
DEQ,827634677630069,23,1028,133878,0
DEQ,827634678549187,23,1028,149900,0
DEQ,827634679378667,23,1028,95653,0
DEQ,827634680284351,23,1028,141915,0
DEQ,827634681225546,23,1028,151018,0
DEQ,827634682126108,23,1028,122569,0
DEQ,827634683052674,23,1028,139966,0
DEQ,827634683949018,23,1028,135849,0
DEQ,827634684854813,23,1028,136291,0
DEQ,827634685755764,23,1028,131492,0
DEQ,827634686657674,23,1028,127264,0
DEQ,827634687590240,23,1028,156228,0
DEQ,827634688485561,23,1028,131496,0
DEQ,827634689347533,23,1028,118073,0
DEQ,827634690165648,23,1028,76946,0
DEQ,827634691108855,23,1028,130753,0
DEQ,827634692011590,23,1028,130098,0
DEQ,827634692914767,23,1028,129513,0
DEQ,827634693831599,23,1028,143466,0
DEQ,827634694727300,23,1028,134453,0
DEQ,827634695630808,23,1028,135576,0
DEQ,827634696548854,23,1028,150954,0
DEQ,827634697410923,23,1028,133423,0
DEQ,827634698281979,23,1028,144153,0
DEQ,827634699226062,23,1028,156599,0
DEQ,827634700156799,23,1028,148166,0
DEQ,827634701084249,23,1028,148503,0
DEQ,827634701978682,23,1028,133179,0
DEQ,827634702881291,23,1028,132324,0
DEQ,827634703788437,23,1028,133435,0
DEQ,827634704698633,23,1028,139609,0
DEQ,827634705612531,23,1028,146881,0
DEQ,827634706504600,23,1028,125806,0
DEQ,827634707367150,23,1028,114588,0
DEQ,827634708256616,23,1028,144623,0
DEQ,827634709183488,23,1028,143468,0
DEQ,827634710095588,23,1028,129433,0
DEQ,827634710926278,23,1028,48698,0
DEQ,827634711901896,23,1028,123218,0
DEQ,827634712833181,23,1028,147693,0
DEQ,827634713718607,23,1028,128600,0
DEQ,827634714641516,23,1028,145754,0
DEQ,827634715542341,23,1028,133189,0
DEQ,827634716370758,23,1028,87056,0
DEQ,827634717399559,23,1028,144357,0
DEQ,827634718228946,23,1028,93039,0
DEQ,827634719177317,23,1028,115306,0
DEQ,827634720107671,23,1028,118766,0
DEQ,827634721056100,23,1028,138915,0
DEQ,827634721962082,23,1028,133779,0
DEQ,827634722868615,23,1028,137588,0
DEQ,827634723776456,23,1028,143945,0
DEQ,827634724669010,23,1028,123098,0
DEQ,827634725609615,23,1028,161452,0
DEQ,827634726477371,23,1028,141937,0
DEQ,827634727358316,23,1028,145754,0
DEQ,827634728271675,23,1028,141727,0
DEQ,827634729206668,23,1028,78358,0
DEQ,827634730199492,23,1028,82666,0
DEQ,827634731192553,23,1028,86615,0
DEQ,827634732186080,23,1028,85213,0
DEQ,827634733173480,23,1028,80860,0
DEQ,827634734169807,23,1028,85219,0
DEQ,827634735168495,23,1028,92155,0
DEQ,827634736223606,23,1028,160904,0
DEQ,827634737195528,23,1028,146302,0
DEQ,827634738182943,23,1028,145067,0
DEQ,827634739170043,23,1028,143572,0
DEQ,827634740169627,23,1028,154014,0
DEQ,827634741148764,23,1028,145537,0
DEQ,827634742124639,23,1028,117332,0
DEQ,827634743123100,23,1028,129618,0
DEQ,827634744128035,23,1028,138880,0
DEQ,827634745123180,23,1028,146119,0
DEQ,827634746121427,23,1028,148101,0
DEQ,827634747082301,23,1028,125407,0
DEQ,827634748002505,23,1028,133613,0
DEQ,827634748895556,23,1028,124127,0
DEQ,827634749818565,23,1028,144289,0
DEQ,827634750708588,23,1028,130249,0
DEQ,827634751615320,23,1028,135574,0
DEQ,827634752541472,23,1028,157749,0
DEQ,827634753421063,23,1028,144602,0
DEQ,827634754235129,23,1028,81775,0
DEQ,827634755215984,23,1028,83335,0
DEQ,827634756176780,23,1028,82670,0
DEQ,827634757163078,23,1028,82582,0
DEQ,827634758228766,23,1028,159756,0
DEQ,827634759216239,23,1028,151862,0
DEQ,827634760217566,23,1028,161373,0
DEQ,827634761188675,23,1028,144472,0
DEQ,827634762174528,23,1028,142194,0
DEQ,827634763174660,23,1028,145687,0
DEQ,827634764165719,23,1028,146446,0
DEQ,827634765121641,23,1028,114406,0
DEQ,827634766112397,23,1028,117355,0
DEQ,827634767126027,23,1028,132812,0
DEQ,827634768125840,23,1028,133033,0
DEQ,827634769137495,23,1028,155608,0
DEQ,827634770130755,23,1028,154981,0
DEQ,827634771080173,23,1028,120277,0
DEQ,827634772013318,23,1028,141219,0
DEQ,827634772903108,23,1028,124427,0
DEQ,827634773826812,23,1028,144191,0
DEQ,827634774711293,23,1028,125204,0
DEQ,827634775624369,23,1028,135546,0
DEQ,827634776548466,23,1028,158534,0
DEQ,827634777427973,23,1028,150275,0
DEQ,827634778235195,23,1028,80548,0
DEQ,827634779202612,23,1028,85787,0
DEQ,827634780167292,23,1028,84047,0
DEQ,827634781226096,23,1028,153989,0
DEQ,827634782096111,23,1028,152421,0
DEQ,827634783089866,23,1028,156134,0
DEQ,827634784038873,23,1028,118535,0
DEQ,827634784951116,23,1028,115451,0
DEQ,827634785866408,23,1028,137967,0
DEQ,827634786761454,23,1028,129113,0
DEQ,827634787659976,23,1028,125689,0
DEQ,827634788601375,23,1028,165890,0
DEQ,827634789472780,23,1028,150400,0
DEQ,827634790286902,23,1028,87571,0
DEQ,827634791206024,23,1028,84654,0
DEQ,827634792167318,23,1028,81890,0
DEQ,827634793227496,23,1028,153937,0
DEQ,827634794230353,23,1028,159903,0
DEQ,827634795224777,23,1028,165088,0
DEQ,827634796195158,23,1028,147226,0
DEQ,827634797183383,23,1028,145583,0
DEQ,827634798180347,23,1028,144309,0
DEQ,827634799177302,23,1028,152250,0
DEQ,827634800115409,23,1028,101515,0
DEQ,827634801120151,23,1028,107430,0
DEQ,827634802120246,23,1028,107785,0
DEQ,827634803127470,23,1028,123851,0
DEQ,827634804151748,23,1028,144595,0
DEQ,827634805149454,23,1028,144110,0
DEQ,827634806137625,23,1028,146105,0
DEQ,827634807117092,23,1028,130792,0
DEQ,827634808133830,23,1028,155636,0
DEQ,827634809113126,23,1028,150182,0
DEQ,827634810097620,23,1028,140409,0
DEQ,827634810999675,23,1028,119429,0
DEQ,827634811896820,23,1028,124605,0
DEQ,827634812817310,23,1028,141594,0
DEQ,827634813705559,23,1028,127435,0
DEQ,827634814610369,23,1028,127985,0
DEQ,827634815542481,23,1028,157742,0
DEQ,827634816425238,23,1028,154488,0
DEQ,827634817294742,23,1028,146999,0
DEQ,827634818277264,23,1028,142666,0
DEQ,827634819211147,23,1028,88658,0
DEQ,827634820201612,23,1028,84956,0
DEQ,827634821188221,23,1028,79831,0
DEQ,827634822166747,23,1028,70189,0
DEQ,827634823124105,23,1028,107881,0
DEQ,827634824121443,23,1028,117943,0
DEQ,827634825119935,23,1028,128361,0
DEQ,827634826100154,23,1028,113399,0
DEQ,827634827131677,23,1028,157118,0
DEQ,827634828100013,23,1028,140566,0
DEQ,827634829099999,23,1028,154617,0
DEQ,827634829990685,23,1028,125009,0
DEQ,827634830885526,23,1028,124005,0
DEQ,827634831812036,23,1028,146932,0
DEQ,827634832700809,23,1028,134001,0
DEQ,827634833621333,23,1028,154238,0
DEQ,827634834502553,23,1028,148097,0
DEQ,827634835374735,23,1028,143406,0
DEQ,827634836272668,23,1028,142831,0
DEQ,827634837215595,23,1028,93637,0
DEQ,827634838375238,23,1028,176623,0
DEQ,827634839257035,23,1028,143332,0
DEQ,827634840229813,23,1028,146562,0
DEQ,827634841223719,23,1028,151677,0
DEQ,827634842224501,23,1028,157230,0
DEQ,827634843161716,23,1028,107668,0
DEQ,827634844031663,23,1028,104929,0
DEQ,827634844872958,23,1028,47126,0
DEQ,827634845744106,23,1028,57431,0
DEQ,827634846591242,23,1028,42530,0
DEQ,827634847551592,23,1028,111704,0
DEQ,827634848382258,23,1028,51634,0
DEQ,827634849322367,23,1028,131038,0
DEQ,827634850175604,23,1028,137356,0
DEQ,827634851080052,23,1028,142257,0
DEQ,827634851964019,23,1028,125379,0
DEQ,827634852862373,23,1028,124514,0
DEQ,827634853764823,23,1028,126588,0
DEQ,827634854669226,23,1028,129896,0
DEQ,827634855599265,23,1028,158919,0
DEQ,827634856453048,23,1028,126398,0
DEQ,827634857288524,23,1028,79604,0
DEQ,827634858192597,23,1028,86187,0
DEQ,827634859124310,23,1028,41205,0
DEQ,827634860118656,23,1028,46068,0
DEQ,827634861219746,23,1028,159730,0
DEQ,827634862196465,23,1028,145068,0
DEQ,827634863188906,23,1028,145828,0
DEQ,827634864181673,23,1028,142782,0
DEQ,827634865164734,23,1028,133748,0
DEQ,827634866156879,23,1028,126291,0
DEQ,827634867175382,23,1028,146097,0
DEQ,827634868160614,23,1028,143010,0
DEQ,827634869164263,23,1028,148156,0
DEQ,827634870149648,23,1028,142230,0
DEQ,827634871123576,23,1028,124791,0
DEQ,827634872135493,23,1028,146493,0
DEQ,827634873114804,23,1028,140225,0
DEQ,827634874102048,23,1028,139195,0
DEQ,827634875093441,23,1028,132179,0
DEQ,827634875992203,23,1028,118239,0
DEQ,827634876912414,23,1028,126731,0
DEQ,827634877823087,23,1028,135112,0
DEQ,827634878718179,23,1028,127093,0
DEQ,827634879618886,23,1028,126717,0
DEQ,827634880548318,23,1028,154690,0
DEQ,827634881430259,23,1028,150190,0
DEQ,827634882246447,23,1028,89200,0
DEQ,827634883274511,23,1028,146044,0
DEQ,827634884213582,23,1028,97926,0
DEQ,827634885203131,23,1028,92497,0
DEQ,827634886194548,23,1028,79810,0
DEQ,827634887200232,23,1028,96914,0
DEQ,827634888182259,23,1028,83879,0
DEQ,827634889169435,23,1028,81201,0
DEQ,827634890230423,23,1028,152542,0
DEQ,827634891234039,23,1028,166768,0
DEQ,827634892215398,23,1028,159056,0
DEQ,827634893130009,23,1028,84855,0
DEQ,827634894176581,23,1028,143490,0
DEQ,827634895149520,23,1028,124616,0
DEQ,827634896170129,23,1028,149934,0
DEQ,827634897156344,23,1028,144154,0
DEQ,827634898139479,23,1028,144246,0
DEQ,827634899149100,23,1028,155401,0
DEQ,827634900125708,23,1028,144383,0
DEQ,827634901110063,23,1028,141188,0
DEQ,827634902076134,23,1028,115915,0
DEQ,827634902993934,23,1028,121363,0
DEQ,827634903906019,23,1028,136495,0
DEQ,827634904788294,23,1028,114915,0
DEQ,827634905710554,23,1028,124519,0
DEQ,827634906612127,23,1028,123565,0
DEQ,827634907550314,23,1028,159564,0
DEQ,827634908423899,23,1028,146640,0
DEQ,827634909302493,23,1028,148429,0
DEQ,827634910281829,23,1028,147430,0
DEQ,827634911210114,23,1028,87006,0
DEQ,827634912195173,23,1028,80909,0
DEQ,827634913188559,23,1028,83513,0
DEQ,827634914149403,23,1028,58696,0
DEQ,827634915165984,23,1028,83029,0
DEQ,827634916179849,23,1028,111929,0
DEQ,827634917236558,23,1028,179661,0
DEQ,827634918185511,23,1028,142417,0
DEQ,827634919178627,23,1028,146469,0
DEQ,827634920163425,23,1028,142715,0
DEQ,827634921166833,23,1028,145548,0
DEQ,827634922126145,23,1028,116450,0
DEQ,827634922998440,23,1028,122572,0
DEQ,827634923919581,23,1028,113903,0
DEQ,827634924857360,23,1028,133466,0
DEQ,827634925761729,23,1028,135424,0
DEQ,827634926665593,23,1028,133923,0
DEQ,827634927602755,23,1028,167583,0
DEQ,827634928475237,23,1028,152966,0
DEQ,827634929351518,23,1028,152431,0
DEQ,827634930282016,23,1028,146780,0
DEQ,827634931216049,23,1028,74372,0
DEQ,827634932281843,23,1028,146625,0
DEQ,827634933197318,23,1028,73416,0
DEQ,827634934202585,23,1028,83937,0
DEQ,827634935190240,23,1028,82819,0
DEQ,827634936206869,23,1028,110246,0
DEQ,827634937175191,23,1028,88693,0
DEQ,827634938183593,23,1028,115010,0
DEQ,827634939163235,23,1028,98757,0
DEQ,827634940155429,23,1028,93121,0
DEQ,827634941145669,23,1028,87665,0
DEQ,827634942145782,23,1028,89424,0
DEQ,827634943129601,23,1028,84603,0
DEQ,827634944126205,23,1028,87374,0
DEQ,827634945125340,23,1028,94922,0
DEQ,827634946108176,23,1028,90615,0
DEQ,827634947111869,23,1028,112296,0
DEQ,827634948109516,23,1028,105907,0
DEQ,827634949123191,23,1028,136197,0
DEQ,827634950134949,23,1028,154809,0
DEQ,827634951125923,23,1028,153004,0
DEQ,827634952097534,23,1028,139278,0
DEQ,827634953057305,23,1028,104026,0
DEQ,827634954004354,23,1028,128961,0
DEQ,827634954904143,23,1028,127199,0
DEQ,827634955825362,23,1028,144563,0
DEQ,827634956714907,23,1028,131100,0
DEQ,827634957610346,23,1028,125145,0
DEQ,827634958549002,23,1028,163429,0
DEQ,827634959414793,23,1028,142186,0
DEQ,827634960290806,23,1028,141164,0
DEQ,827634961217356,23,1028,86723,0
DEQ,827634962195643,23,1028,73319,0
DEQ,827634963206914,23,1028,85655,0
DEQ,827634964192762,23,1028,83858,0
DEQ,827634965186107,23,1028,85308,0
DEQ,827634966166036,23,1028,84489,0
DEQ,827634967171869,23,1028,100391,0
DEQ,827634968218351,23,1028,159387,0
DEQ,827634969174379,23,1028,125492,0
DEQ,827634970206858,23,1028,160538,0
DEQ,827634971183185,23,1028,150297,0
DEQ,827634972110600,23,1028,88232,0
DEQ,827634973124235,23,1028,98275,0
DEQ,827634974123755,23,1028,103132,0
DEQ,827634975109222,23,1028,96887,0
DEQ,827634975933410,23,1028,45193,0
DEQ,827634976839807,23,1028,41001,0
DEQ,827634977709455,23,1028,43715,0
DEQ,827634978570992,23,1028,42671,0
DEQ,827634979516176,23,1028,125565,0
DEQ,827634980348154,23,1028,97799,0
DEQ,827634981162828,23,1028,53349,0
DEQ,827634982113201,23,1028,94901,0
DEQ,827634983046438,23,1028,132449,0
DEQ,827634983948243,23,1028,133681,0
DEQ,827634984843824,23,1028,127918,0
DEQ,827634985746228,23,1028,130103,0
DEQ,827634986645771,23,1028,129541,0
DEQ,827634987576025,23,1028,158277,0
DEQ,827634988449209,23,1028,145374,0
DEQ,827634989322443,23,1028,141630,0
DEQ,827634990264119,23,1028,126659,0
DEQ,827634991216978,23,1028,81687,0
DEQ,827634992209443,23,1028,86874,0
DEQ,827634993195227,23,1028,84487,0
DEQ,827634994172749,23,1028,81292,0
DEQ,827634995177422,23,1028,96735,0
DEQ,827634996229386,23,1028,160539,0
DEQ,827634997230397,23,1028,171738,0
DEQ,827634998196518,23,1028,145284,0
DEQ,827634999191171,23,1028,142209,0
DEQ,827635000173114,23,1028,126532,0
DEQ,827635001191374,23,1028,143741,0
DEQ,827635002182837,23,1028,143170,0
DEQ,827635003177347,23,1028,143355,0
DEQ,827635004177231,23,1028,145853,0
DEQ,827635005172485,23,1028,147635,0
DEQ,827635006130172,23,1028,114419,0
DEQ,827635007161609,23,1028,149773,0
DEQ,827635008158862,23,1028,145097,0
DEQ,827635009148695,23,1028,149242,0
DEQ,827635010117461,23,1028,127724,0
DEQ,827635011127203,23,1028,123746,0
DEQ,827635012126201,23,1028,126314,0
DEQ,827635013122379,23,1028,132691,0
DEQ,827635014133633,23,1028,155516,0
DEQ,827635015132833,23,1028,160671,0
DEQ,827635016085611,23,1028,122400,0
DEQ,827635017006851,23,1028,131023,0
DEQ,827635017906647,23,1028,129762,0
DEQ,827635018827094,23,1028,140208,0
DEQ,827635019719341,23,1028,129728,0
DEQ,827635020642015,23,1028,131513,0
DEQ,827635021567521,23,1028,154816,0
DEQ,827635022423694,23,1028,123443,0
DEQ,827635023374164,23,1028,159099,0
DEQ,827635024232032,23,1028,141041,0
DEQ,827635025171337,23,1028,92282,0
DEQ,827635026185982,23,1028,109857,0
DEQ,827635027166104,23,1028,105567,0
DEQ,827635028156958,23,1028,100919,0
DEQ,827635029122913,23,1028,63104,0
DEQ,827635030148130,23,1028,92032,0
DEQ,827635031207656,23,1028,161586,0
DEQ,827635032101126,23,1028,89088,0
DEQ,827635033082116,23,1028,134271,0
DEQ,827635033970354,23,1028,127353,0
DEQ,827635034869311,23,1028,122407,0
DEQ,827635035777218,23,1028,128126,0
DEQ,827635036698012,23,1028,148216,0
DEQ,827635037612663,23,1028,155091,0
DEQ,827635038464389,23,1028,119842,0
DEQ,827635039312822,23,1028,85799,0
DEQ,827635040207829,23,1028,83021,0
DEQ,827635041136644,23,1028,41319,0
DEQ,827635042172345,23,1028,86440,0
DEQ,827635043169609,23,1028,84176,0
DEQ,827635044167442,23,1028,85657,0
DEQ,827635045160919,23,1028,85726,0
DEQ,827635046173679,23,1028,99390,0
DEQ,827635047227975,23,1028,156556,0
DEQ,827635048189321,23,1028,124106,0
DEQ,827635049109153,23,1028,52585,0
DEQ,827635049984396,23,1028,52425,0
DEQ,827635051074085,23,1028,152467,0
DEQ,827635051958911,23,1028,124744,0
DEQ,827635052863436,23,1028,129503,0
DEQ,827635053772510,23,1028,134808,0
DEQ,827635054674791,23,1028,133298,0
DEQ,827635055615299,23,1028,171964,0
DEQ,827635056482718,23,1028,151973,0
DEQ,827635057334396,23,1028,126576,0
DEQ,827635058284844,23,1028,147373,0
DEQ,827635059270478,23,1028,145202,0
DEQ,827635060265439,23,1028,147117,0
DEQ,827635061259477,23,1028,143556,0
DEQ,827635062262733,23,1028,145004,0
DEQ,827635063184948,23,1028,81474,0
DEQ,827635064240150,23,1028,145123,0
DEQ,827635065232895,23,1028,147126,0
DEQ,827635066191168,23,1028,84746,0
DEQ,827635067130307,23,1028,81445,0
DEQ,827635068131232,23,1028,88031,0
DEQ,827635069114422,23,1028,84725,0
DEQ,827635070135286,23,1028,103273,0
DEQ,827635071116226,23,1028,93504,0
DEQ,827635072121341,23,1028,108201,0
DEQ,827635073121470,23,1028,114972,0
DEQ,827635074124054,23,1028,134548,0
DEQ,827635075125034,23,1028,146019,0
DEQ,827635076137235,23,1028,161038,0
DEQ,827635076965817,23,1028,112522,0
DEQ,827635077895094,23,1028,118588,0
DEQ,827635078799390,23,1028,129411,0
DEQ,827635079702878,23,1028,130781,0
DEQ,827635080603395,23,1028,128884,0
DEQ,827635081534433,23,1028,157968,0
DEQ,827635082405997,23,1028,143153,0
DEQ,827635083281652,23,1028,142189,0
DEQ,827635084241137,23,1028,91812,0
DEQ,827635085221972,23,1028,86259,0
DEQ,827635086208184,23,1028,74310,0
DEQ,827635087277509,23,1028,146250,0
DEQ,827635088280335,23,1028,156270,0
DEQ,827635089268117,23,1028,151056,0
DEQ,827635090254582,23,1028,148614,0
DEQ,827635091246363,23,1028,142496,0
DEQ,827635092242312,23,1028,149111,0
DEQ,827635093162010,23,1028,76974,0
DEQ,827635094193646,23,1028,108530,0
DEQ,827635095137791,23,1028,60778,0
DEQ,827635096117819,23,1028,56468,0
DEQ,827635097136068,23,1028,83442,0
DEQ,827635098122454,23,1028,82791,0
DEQ,827635099168930,23,1028,141231,0
DEQ,827635100161090,23,1028,143004,0
DEQ,827635101148052,23,1028,141145,0
DEQ,827635102159710,23,1028,87158,0
DEQ,827635103092072,23,1028,85716,0
DEQ,827635103980194,23,1028,59686,0
DEQ,827635104858134,23,1028,40956,0
DEQ,827635105745171,23,1028,35104,0
DEQ,827635106665897,23,1028,54312,0
DEQ,827635107567237,23,1028,51619,0
DEQ,827635108558039,23,1028,136998,0
DEQ,827635109427778,23,1028,133487,0
DEQ,827635110307809,23,1028,143255,0
DEQ,827635111199025,23,1028,130036,0
DEQ,827635112103752,23,1028,125762,0
DEQ,827635113010285,23,1028,130308,0
DEQ,827635113910633,23,1028,124889,0
DEQ,827635114807038,23,1028,117183,0
DEQ,827635115733457,23,1028,125748,0
DEQ,827635116640855,23,1028,129251,0
DEQ,827635117540176,23,1028,123988,0
DEQ,827635118415781,23,1028,125246,0
DEQ,827635119271218,23,1028,114627,0
DEQ,827635120159246,23,1028,112971,0
DEQ,827635121075541,23,1028,127747,0
DEQ,827635121983223,23,1028,127338,0
DEQ,827635122881837,23,1028,123277,0
DEQ,827635123779738,23,1028,118353,0
DEQ,827635124705090,23,1028,132258,0
DEQ,827635125599851,23,1028,123570,0
DEQ,827635126506343,23,1028,126598,0
DEQ,827635127374155,23,1028,120484,0
DEQ,827635128230824,23,1028,117511,0
DEQ,827635129145874,23,1028,128653,0
DEQ,827635130041942,23,1028,128274,0
DEQ,827635130952437,23,1028,136373,0
DEQ,827635131845221,23,1028,125685,0
DEQ,827635132741729,23,1028,119767,0
DEQ,827635133666938,23,1028,132580,0
DEQ,827635134573282,23,1028,136371,0
DEQ,827635135462488,23,1028,122802,0
DEQ,827635136327320,23,1028,114267,0
DEQ,827635137198320,23,1028,126085,0
DEQ,827635138093022,23,1028,131816,0
DEQ,827635138986620,23,1028,122598,0
DEQ,827635139889636,23,1028,123404,0
DEQ,827635140793208,23,1028,124743,0
DEQ,827635141680519,23,1028,109829,0
DEQ,827635142606967,23,1028,127340,0
DEQ,827635143507590,23,1028,125009,0
DEQ,827635144375096,23,1028,119350,0
DEQ,827635145257872,23,1028,142598,0
DEQ,827635146197914,23,1028,154401,0
DEQ,827635147087247,23,1028,116359,0
DEQ,827635148013114,23,1028,133106,0
DEQ,827635148907074,23,1028,124725,0
DEQ,827635149824567,23,1028,136254,0
DEQ,827635150705934,23,1028,112803,0
DEQ,827635151631939,23,1028,126430,0
DEQ,827635152539292,23,1028,128113,0
DEQ,827635153376986,23,1028,92144,0
DEQ,827635154284348,23,1028,140244,0
DEQ,827635155207098,23,1028,139995,0
DEQ,827635156100413,23,1028,123775,0
DEQ,827635157010375,23,1028,130619,0
DEQ,827635157909239,23,1028,125466,0
DEQ,827635158826715,23,1028,138606,0
DEQ,827635159360254,23,84,17251,0
DEQ,827635159612298,23,1028,50748,0
DEQ,827635160589908,23,1028,131809,0
DEQ,827635161484249,23,1028,122842,0
DEQ,827635162348387,23,1028,113903,0
DEQ,827635163215903,23,1028,121658,0
DEQ,827635164105553,23,1028,121489,0
DEQ,827635165027202,23,1028,131069,0
DEQ,827635165959745,23,1028,159602,0
DEQ,827635166833634,23,1028,130071,0
DEQ,827635167741590,23,1028,134493,0
DEQ,827635168632079,23,1028,121986,0
DEQ,827635169566543,23,1028,144541,0
DEQ,827635170450229,23,1028,140150,0
DEQ,827635171324249,23,1028,140430,0
DEQ,827635172159168,23,1028,123129,0
DEQ,827635172972508,23,1028,62302,0
DEQ,827635173876449,23,1028,53750,0
DEQ,827635174841018,23,1028,137782,0
DEQ,827635175632016,23,1028,37347,0
DEQ,827635176521273,23,1028,36932,0
DEQ,827635177461720,23,1028,60287,0
DEQ,827635178343833,23,1028,71515,0
DEQ,827635179275912,23,1028,143599,0
DEQ,827635180214726,23,1028,99771,0
DEQ,827635181125496,23,1028,38477,0
DEQ,827635182118517,23,1028,39832,0
DEQ,827635183161244,23,1028,96394,0
DEQ,827635184215836,23,1028,159374,0
DEQ,827635185161874,23,1028,116740,0
DEQ,827635186160082,23,1028,125883,0
DEQ,827635187164366,23,1028,126037,0
DEQ,827635188115854,23,1028,81161,0
DEQ,827635189054404,23,1028,136671,0
DEQ,827635190044180,23,1028,139055,0
DEQ,827635191016037,23,1028,128124,0
DEQ,827635191933019,23,1028,130225,0
DEQ,827635192842449,23,1028,144168,0
DEQ,827635193726588,23,1028,123957,0
DEQ,827635194628879,23,1028,123792,0
DEQ,827635195574514,23,1028,164994,0
DEQ,827635196425779,23,1028,129033,0
DEQ,827635197214914,23,1028,35852,0
DEQ,827635198193669,23,1028,83521,0
DEQ,827635199180871,23,1028,89447,0
DEQ,827635200228579,23,1028,148068,0
DEQ,827635201142874,23,1028,72427,0
DEQ,827635202219493,23,1028,158078,0
DEQ,827635203217758,23,1028,159553,0
DEQ,827635204172988,23,1028,125791,0
DEQ,827635205099397,23,1028,136582,0
DEQ,827635206071116,23,1028,114783,0
DEQ,827635207087764,23,1028,135784,0
DEQ,827635207991874,23,1028,128039,0
DEQ,827635208895764,23,1028,136069,0
DEQ,827635209718680,23,1028,56042,0
DEQ,827635210709175,23,1028,139818,0
DEQ,827635211632040,23,1028,159546,0
DEQ,827635212509838,23,1028,150562,0
DEQ,827635213382724,23,1028,146813,0
DEQ,827635214271312,23,1028,145044,0
DEQ,827635215209177,23,1028,97580,0
DEQ,827635216184437,23,1028,75620,0
DEQ,827635217183851,23,1028,86299,0
DEQ,827635218185551,23,1028,100084,0
DEQ,827635219168620,23,1028,94270,0
DEQ,827635220167388,23,1028,95026,0
DEQ,827635221143721,23,1028,81964,0
DEQ,827635222154147,23,1028,83630,0
DEQ,827635223253598,23,1028,192968,0
DEQ,827635224143723,23,1028,150550,0
DEQ,827635225124251,23,1028,130921,0
DEQ,827635226143819,23,1028,149833,0
DEQ,827635227137062,23,1028,154964,0
DEQ,827635228111184,23,1028,142379,0
DEQ,827635229082730,23,1028,122260,0
DEQ,827635229999830,23,1028,126423,0
DEQ,827635230899189,23,1028,125707,0
DEQ,827635231764408,23,1028,87384,0
DEQ,827635232708926,23,1028,129975,0
DEQ,827635233609379,23,1028,124728,0
DEQ,827635234529364,23,1028,144381,0
DEQ,827635235433464,23,1028,146663,0
DEQ,827635236308836,23,1028,145057,0
DEQ,827635237270090,23,1028,144646,0
DEQ,827635238204855,23,1028,84472,0
DEQ,827635239189397,23,1028,76064,0
DEQ,827635240192289,23,1028,83618,0
DEQ,827635241179453,23,1028,83244,0
DEQ,827635242169562,23,1028,85326,0
DEQ,827635243165366,23,1028,83203,0
DEQ,827635244179105,23,1028,104418,0
DEQ,827635245232704,23,1028,160921,0
DEQ,827635246228180,23,1028,167803,0
DEQ,827635247214995,23,1028,157374,0
DEQ,827635248228196,23,1028,172549,0
DEQ,827635249191140,23,1028,144295,0
DEQ,827635250184851,23,1028,146787,0
DEQ,827635251176746,23,1028,144537,0
DEQ,827635252166052,23,1028,134411,0
DEQ,827635253174413,23,1028,146105,0
DEQ,827635254149424,23,1028,124990,0
DEQ,827635255112957,23,1028,90072,0
DEQ,827635256121424,23,1028,108836,0
DEQ,827635257130496,23,1028,132712,0
DEQ,827635258130535,23,1028,134483,0
DEQ,827635259115631,23,1028,128640,0
DEQ,827635260134193,23,1028,155882,0
DEQ,827635261124776,23,1028,153677,0
DEQ,827635262084559,23,1028,122403,0
DEQ,827635262998092,23,1028,122679,0
DEQ,827635263901568,23,1028,126352,0
DEQ,827635264826185,23,1028,132081,0
DEQ,827635265729819,23,1028,133352,0
DEQ,827635266621739,23,1028,122738,0
DEQ,827635267567608,23,1028,161274,0
DEQ,827635268440497,23,1028,147250,0
DEQ,827635269316449,23,1028,146486,0
DEQ,827635270286273,23,1028,148610,0
DEQ,827635271220122,23,1028,90527,0
DEQ,827635272218969,23,1028,87269,0
DEQ,827635273204270,23,1028,86633,0
DEQ,827635274200904,23,1028,90002,0
DEQ,827635275181412,23,1028,82469,0
DEQ,827635276178784,23,1028,90863,0
DEQ,827635277164557,23,1028,88201,0
DEQ,827635278158123,23,1028,88545,0
DEQ,827635279229865,23,1028,163813,0
DEQ,827635280214378,23,1028,157942,0
DEQ,827635281194733,23,1028,145700,0
DEQ,827635282052335,23,1028,128364,0
DEQ,827635283021408,23,1028,107431,0
DEQ,827635284021438,23,1028,115406,0
DEQ,827635284951211,23,1028,134110,0
DEQ,827635285844164,23,1028,125693,0
DEQ,827635286754254,23,1028,128090,0
DEQ,827635287655714,23,1028,126476,0
DEQ,827635288597665,23,1028,167534,0
DEQ,827635289486515,23,1028,169588,0
DEQ,827635290356075,23,1028,162636,0
DEQ,827635291284357,23,1028,143547,0
DEQ,827635292262481,23,1028,131081,0
DEQ,827635293275451,23,1028,146698,0
DEQ,827635294268312,23,1028,146220,0
DEQ,827635295255527,23,1028,146259,0
DEQ,827635296250747,23,1028,148745,0
DEQ,827635297202822,23,1028,113077,0
DEQ,827635298008933,23,1028,42801,0
DEQ,827635298918058,23,1028,36619,0
DEQ,827635299813669,23,1028,35682,0
DEQ,827635300714361,23,1028,44179,0
DEQ,827635301626443,23,1028,61678,0
DEQ,827635302611396,23,1028,132646,0
DEQ,827635303434149,23,1028,52117,0
DEQ,827635304364975,23,1028,108413,0
DEQ,827635305276711,23,1028,148233,0
DEQ,827635306221757,23,1028,104677,0
DEQ,827635307186266,23,1028,80849,0
DEQ,827635308247183,23,1028,148057,0
DEQ,827635309241941,23,1028,145522,0
DEQ,827635310235908,23,1028,144252,0
DEQ,827635311197101,23,1028,119387,0
DEQ,827635312167888,23,1028,87368,0
DEQ,827635313167534,23,1028,103123,0
DEQ,827635314216945,23,1028,160423,0
DEQ,827635315193672,23,1028,141384,0
DEQ,827635316187131,23,1028,144170,0
DEQ,827635317184592,23,1028,147566,0
DEQ,827635318185067,23,1028,147915,0
DEQ,827635319176896,23,1028,145534,0
DEQ,827635320170482,23,1028,145157,0
DEQ,827635321151863,23,1028,128581,0
DEQ,827635322117142,23,1028,96876,0
DEQ,827635323099648,23,1028,79969,0
DEQ,827635324134651,23,1028,118486,0
DEQ,827635325099604,23,1028,156947,0
DEQ,827635326076827,23,1028,136953,0
DEQ,827635327067453,23,1028,127628,0
DEQ,827635327981190,23,1028,129615,0
DEQ,827635328881439,23,1028,128364,0
DEQ,827635329788944,23,1028,132357,0
DEQ,827635330687176,23,1028,128022,0
DEQ,827635331615307,23,1028,136015,0
DEQ,827635332543324,23,1028,159846,0
DEQ,827635333415666,23,1028,145607,0
DEQ,827635334290513,23,1028,143790,0
DEQ,827635335227558,23,1028,85142,0
DEQ,827635336273169,23,1028,142168,0
DEQ,827635337272190,23,1028,143849,0
DEQ,827635338270238,23,1028,141746,0
DEQ,827635339270266,23,1028,145357,0
DEQ,827635340247303,23,1028,128821,0
DEQ,827635341267905,23,1028,149619,0
DEQ,827635342258346,23,1028,146581,0
DEQ,827635343250795,23,1028,145604,0
DEQ,827635344238885,23,1028,146747,0
DEQ,827635345232363,23,1028,141675,0
DEQ,827635346176670,23,1028,94067,0
DEQ,827635347226426,23,1028,151180,0
DEQ,827635348225781,23,1028,153256,0
DEQ,827635349222949,23,1028,164056,0
DEQ,827635350171383,23,1028,120149,0
DEQ,827635351177471,23,1028,132128,0
DEQ,827635352180447,23,1028,144019,0
DEQ,827635353176964,23,1028,143180,0
DEQ,827635354174634,23,1028,147824,0
DEQ,827635355159396,23,1028,141829,0
DEQ,827635356152617,23,1028,142364,0
DEQ,827635357127227,23,1028,116874,0
DEQ,827635358150420,23,1028,154805,0
STATS,827635358271443,0,0,4649,4649,0,0,0
DEQ,827635359142867,23,1028,153533,0
DEQ,827635360121817,23,1028,140110,0
DEQ,827635361126486,23,1028,148555,0
DEQ,827635362119153,23,1028,145703,0
DEQ,827635363091358,23,1028,132633,0
DEQ,827635364005408,23,1028,130743,0
DEQ,827635364897532,23,1028,125497,0
DEQ,827635365819071,23,1028,143416,0
DEQ,827635366709079,23,1028,131333,0
DEQ,827635367605853,23,1028,124025,0
DEQ,827635368534168,23,1028,150584,0
DEQ,827635369404015,23,1028,133766,0
DEQ,827635370282669,23,1028,130063,0
DEQ,827635371275127,23,1028,144167,0
DEQ,827635372203237,23,1028,83180,0
DEQ,827635373187227,23,1028,78577,0
DEQ,827635374189286,23,1028,90399,0
DEQ,827635375172276,23,1028,81242,0
DEQ,827635376172012,23,1028,91086,0
DEQ,827635377162982,23,1028,85676,0
DEQ,827635378169600,23,1028,95779,0
DEQ,827635379136970,23,1028,67964,0
DEQ,827635380156733,23,1028,86597,0
DEQ,827635381218315,23,1028,157893,0
DEQ,827635382192929,23,1028,144389,0
DEQ,827635383193265,23,1028,149194,0
DEQ,827635384178474,23,1028,144833,0
DEQ,827635385176633,23,1028,148013,0
DEQ,827635386159946,23,1028,142553,0
DEQ,827635387160689,23,1028,149208,0
DEQ,827635388159142,23,1028,148649,0
DEQ,827635389115909,23,1028,112623,0
DEQ,827635390036488,23,1028,45369,0
DEQ,827635391127168,23,1028,137953,0
DEQ,827635392127173,23,1028,147158,0
DEQ,827635393118791,23,1028,148020,0
DEQ,827635394077747,23,1028,120370,0
DEQ,827635394990478,23,1028,120791,0
DEQ,827635395891143,23,1028,125150,0
DEQ,827635396797822,23,1028,128130,0
DEQ,827635397706660,23,1028,134754,0
DEQ,827635398590949,23,1028,113676,0
DEQ,827635399549298,23,1028,156636,0
DEQ,827635400433317,23,1028,154084,0
DEQ,827635401242173,23,1028,86027,0
DEQ,827635402197924,23,1028,81476,0
DEQ,827635403162603,23,1028,75896,0
DEQ,827635404202455,23,1028,120225,0
DEQ,827635405227436,23,1028,153010,0
DEQ,827635406215479,23,1028,150329,0
DEQ,827635407202099,23,1028,147680,0
DEQ,827635408163543,23,1028,122653,0
DEQ,827635409188851,23,1028,144592,0
DEQ,827635410182142,23,1028,142331,0
DEQ,827635411180222,23,1028,142249,0
DEQ,827635412174878,23,1028,147355,0
DEQ,827635413146580,23,1028,121098,0
DEQ,827635414128171,23,1028,110609,0
DEQ,827635415165689,23,1028,144777,0
DEQ,827635416154394,23,1028,145365,0
DEQ,827635417142775,23,1028,143769,0
DEQ,827635418130984,23,1028,134390,0
DEQ,827635419120417,23,1028,128264,0
DEQ,827635420122468,23,1028,141519,0
DEQ,827635421117730,23,1028,142148,0
DEQ,827635422092915,23,1028,126029,0
DEQ,827635423013985,23,1028,134177,0
DEQ,827635423919486,23,1028,131496,0
DEQ,827635424829258,23,1028,133210,0
DEQ,827635425728665,23,1028,129685,0
DEQ,827635426629089,23,1028,128806,0
DEQ,827635427550005,23,1028,148956,0
DEQ,827635428473342,23,1028,165607,0
DEQ,827635429273023,23,1028,88272,0
DEQ,827635430199655,23,1028,81335,0
DEQ,827635431125024,23,1028,43208,0
DEQ,827635432228298,23,1028,160503,0
DEQ,827635433220176,23,1028,159458,0
DEQ,827635434118860,23,1028,78445,0
DEQ,827635434968333,23,1028,46001,0
DEQ,827635435833899,23,1028,43106,0
DEQ,827635436753161,23,1028,100131,0
DEQ,827635437599012,23,1028,47811,0
DEQ,827635438579816,23,1028,135402,0
DEQ,827635439484184,23,1028,133963,0
DEQ,827635440347756,23,1028,123463,0
DEQ,827635441207106,23,1028,123518,0
DEQ,827635442096465,23,1028,122269,0
DEQ,827635443008571,23,1028,130588,0
DEQ,827635443904241,23,1028,122447,0
DEQ,827635444828706,23,1028,143977,0
DEQ,827635445735161,23,1028,147481,0
DEQ,827635446625969,23,1028,130562,0
DEQ,827635447521467,23,1028,124117,0
DEQ,827635448388184,23,1028,117789,0
DEQ,827635449276389,23,1028,146721,0
DEQ,827635450144006,23,1028,88068,0
DEQ,827635451103951,23,1028,119795,0
DEQ,827635452031221,23,1028,137623,0
DEQ,827635452950882,23,1028,155412,0
DEQ,827635453827929,23,1028,126972,0
DEQ,827635454746971,23,1028,140351,0
DEQ,827635455652772,23,1028,134827,0
DEQ,827635456548339,23,1028,125888,0
DEQ,827635457445181,23,1028,140230,0
DEQ,827635458294632,23,1028,116010,0
DEQ,827635459156033,23,1028,116336,0
DEQ,827635460075992,23,1028,134563,0
DEQ,827635460972107,23,1028,126630,0
DEQ,827635461869755,23,1028,122231,0
DEQ,827635462775082,23,1028,125046,0
DEQ,827635463704771,23,1028,152142,0
DEQ,827635464587072,23,1028,125607,0
DEQ,827635465492888,23,1028,128240,0
DEQ,827635466355589,23,1028,117585,0
DEQ,827635467218270,23,1028,121010,0
DEQ,827635468096200,23,1028,110587,0
DEQ,827635468947215,23,1028,51980,0
DEQ,827635469866665,23,1028,66091,0
DEQ,827635470709603,23,1028,34204,0
DEQ,827635471699001,23,1028,134821,0
DEQ,827635472607126,23,1028,138634,0
DEQ,827635473498836,23,1028,123230,0
DEQ,827635474367059,23,1028,118107,0
DEQ,827635475221697,23,1028,113640,0
DEQ,827635476105080,23,1028,108870,0
DEQ,827635477031738,23,1028,128414,0
DEQ,827635477946123,23,1028,140459,0
DEQ,827635478830080,23,1028,121834,0
DEQ,827635479737147,23,1028,126229,0
DEQ,827635480646112,23,1028,133278,0
DEQ,827635481567991,23,1028,150703,0
DEQ,827635482381853,23,1028,52407,0
DEQ,827635483270625,23,1028,77969,0
DEQ,827635484165432,23,1028,129304,0
DEQ,827635485080324,23,1028,140352,0
DEQ,827635485967325,23,1028,123410,0
DEQ,827635486873253,23,1028,127045,0
DEQ,827635487775539,23,1028,127240,0
DEQ,827635488694546,23,1028,142921,0
DEQ,827635489581381,23,1028,127743,0
DEQ,827635490502312,23,1028,146441,0
DEQ,827635491349225,23,1028,116004,0
DEQ,827635492208106,23,1028,115629,0
DEQ,827635493105947,23,1028,124859,0
DEQ,827635494018436,23,1028,130116,0
DEQ,827635494915018,23,1028,123051,0
DEQ,827635495751576,23,1028,57150,0
DEQ,827635496724477,23,1028,125359,0
DEQ,827635497626948,23,1028,124939,0
DEQ,827635498532561,23,1028,127546,0
DEQ,827635499433465,23,1028,154791,0
DEQ,827635500282698,23,1028,143714,0
DEQ,827635501162052,23,1028,96463,0
DEQ,827635502103349,23,1028,110855,0
DEQ,827635503051053,23,1028,144436,0
DEQ,827635503948722,23,1028,140367,0
DEQ,827635504851608,23,1028,135366,0
DEQ,827635505753035,23,1028,132105,0
DEQ,827635506652637,23,1028,127845,0
DEQ,827635507566679,23,1028,133080,0
DEQ,827635508489545,23,1028,151601,0
DEQ,827635509341862,23,1028,115912,0
DEQ,827635510207332,23,1028,121919,0
DEQ,827635511113127,23,1028,138459,0
DEQ,827635512032054,23,1028,119047,0
DEQ,827635512950955,23,1028,128939,0
DEQ,827635513854462,23,1028,131002,0
DEQ,827635514761566,23,1028,133120,0
DEQ,827635515662891,23,1028,127522,0
DEQ,827635516577718,23,1028,138788,0
DEQ,827635517486735,23,1028,144914,0
DEQ,827635518341511,23,1028,117336,0
DEQ,827635519206648,23,1028,122567,0
DEQ,827635520098474,23,1028,124643,0
DEQ,827635521035447,23,1028,126020,0
DEQ,827635521962556,23,1028,143962,0
DEQ,827635522860937,23,1028,140482,0
DEQ,827635523669071,23,1028,44818,0
DEQ,827635524656074,23,1028,126154,0
DEQ,827635525564247,23,1028,131187,0
DEQ,827635526476267,23,1028,138322,0
DEQ,827635527288458,23,1028,74396,0
DEQ,827635528201527,23,1028,128171,0
DEQ,827635529086192,23,1028,124105,0
DEQ,827635529990417,23,1028,124996,0
DEQ,827635530893800,23,1028,125507,0
DEQ,827635531827826,23,1028,151638,0
DEQ,827635532709266,23,1028,127423,0
DEQ,827635533606692,23,1028,122017,0
DEQ,827635534519767,23,1028,132956,0
DEQ,827635535387522,23,1028,126844,0
DEQ,827635536266410,23,1028,144113,0
DEQ,827635537139311,23,1028,84924,0
DEQ,827635538099924,23,1028,112591,0
DEQ,827635539050380,23,1028,134484,0
DEQ,827635539963719,23,1028,139804,0
DEQ,827635540856604,23,1028,134057,0
DEQ,827635541765626,23,1028,137632,0
DEQ,827635542659252,23,1028,126865,0
DEQ,827635543575804,23,1028,138971,0
DEQ,827635544496284,23,1028,155272,0
DEQ,827635545346183,23,1028,114656,0
DEQ,827635546203296,23,1028,112484,0
DEQ,827635547097093,23,1028,116370,0
DEQ,827635547942487,23,1028,54766,0
DEQ,827635548915024,23,1028,125576,0
DEQ,827635549792641,23,1028,94673,0
DEQ,827635550728242,23,1028,125897,0
DEQ,827635551633498,23,1028,127297,0
DEQ,827635552538217,23,1028,128864,0
DEQ,827635553437658,23,1028,154888,0
DEQ,827635554292171,23,1028,148659,0
DEQ,827635555155772,23,1028,88041,0
DEQ,827635556092459,23,1028,99379,0
DEQ,827635557009643,23,1028,102848,0
DEQ,827635557820756,23,1028,45721,0
DEQ,827635558702190,23,1028,34350,0
DEQ,827635559614909,23,1028,57209,0
DEQ,827635560494397,23,1028,41956,0
DEQ,827635561390347,23,1028,47188,0
DEQ,827635562287833,23,1028,83439,0
DEQ,827635563154790,23,1028,85629,0
DEQ,827635564095315,23,1028,136701,0
DEQ,827635564991689,23,1028,129806,0
DEQ,827635565819787,23,1028,52853,0
DEQ,827635566741491,23,1028,69051,0
DEQ,827635567707826,23,1028,128875,0
DEQ,827635568605301,23,1028,122511,0
DEQ,827635569511394,23,1028,124276,0
DEQ,827635570380515,23,1028,118064,0
DEQ,827635571259413,23,1028,137542,0
DEQ,827635572151198,23,1028,101038,0
DEQ,827635573111690,23,1028,125608,0
DEQ,827635574030326,23,1028,117449,0
DEQ,827635574949553,23,1028,128999,0
DEQ,827635575845379,23,1028,124780,0
DEQ,827635576751917,23,1028,123740,0
DEQ,827635577663340,23,1028,130389,0
DEQ,827635578575709,23,1028,138703,0
DEQ,827635579486173,23,1028,140182,0
DEQ,827635580346231,23,1028,128704,0
DEQ,827635581213108,23,1028,131139,0
DEQ,827635582112777,23,1028,138608,0
DEQ,827635583045142,23,1028,134275,0
DEQ,827635583958419,23,1028,138389,0
DEQ,827635584856326,23,1028,136337,0
DEQ,827635585756432,23,1028,130397,0
DEQ,827635586662373,23,1028,131691,0
DEQ,827635587577033,23,1028,143210,0
DEQ,827635588462660,23,1028,124187,0
DEQ,827635589342189,23,1028,129781,0
DEQ,827635590201099,23,1028,124090,0
DEQ,827635591091109,23,1028,124904,0
DEQ,827635591995161,23,1028,125284,0
DEQ,827635592914673,23,1028,140264,0
DEQ,827635593819956,23,1028,138474,0
DEQ,827635594711461,23,1028,126467,0
DEQ,827635595620303,23,1028,132448,0
DEQ,827635596515411,23,1028,124348,0
DEQ,827635597383569,23,1028,118997,0
DEQ,827635598250671,23,1028,126604,0
DEQ,827635599148530,23,1028,90801,0
DEQ,827635600110164,23,1028,125321,0
DEQ,827635601027566,23,1028,132182,0
DEQ,827635601933454,23,1028,135030,0
DEQ,827635602825717,23,1028,122393,0
DEQ,827635603738784,23,1028,127130,0
DEQ,827635604644916,23,1028,131215,0
DEQ,827635605570785,23,1028,150384,0
DEQ,827635606442746,23,1028,138900,0
DEQ,827635607320890,23,1028,144106,0
DEQ,827635608170653,23,1028,120344,0
DEQ,827635609073355,23,1028,127543,0
DEQ,827635609972053,23,1028,123131,0
DEQ,827635610879270,23,1028,127840,0
DEQ,827635611784017,23,1028,129651,0
DEQ,827635612700157,23,1028,142731,0
DEQ,827635613582440,23,1028,122995,0
DEQ,827635614487132,23,1028,125172,0
DEQ,827635615350897,23,1028,115887,0
DEQ,827635616192778,23,1028,98243,0
DEQ,827635617095341,23,1028,110048,0
DEQ,827635618017692,23,1028,124201,0
DEQ,827635618922417,23,1028,126262,0
DEQ,827635619830995,23,1028,131562,0
DEQ,827635620735724,23,1028,133694,0
DEQ,827635621630469,23,1028,127062,0
DEQ,827635622538017,23,1028,130755,0
DEQ,827635623394748,23,1028,114224,0
DEQ,827635624281632,23,1028,141812,0
DEQ,827635625144424,23,1028,78361,0
DEQ,827635626120902,23,1028,122329,0
DEQ,827635627051973,23,1028,142150,0
DEQ,827635627951571,23,1028,133421,0
DEQ,827635628846135,23,1028,125615,0
DEQ,827635629750776,23,1028,126621,0
DEQ,827635630648929,23,1028,121637,0
DEQ,827635631568968,23,1028,138964,0
DEQ,827635632439159,23,1028,134178,0
DEQ,827635633284298,23,1028,113709,0
DEQ,827635634186540,23,1028,149909,0
DEQ,827635635080949,23,1028,124437,0
DEQ,827635635982991,23,1028,123294,0
DEQ,827635636895394,23,1028,131939,0
DEQ,827635637812709,23,1028,146690,0
DEQ,827635638701506,23,1028,132897,0
DEQ,827635639595403,23,1028,122579,0
DEQ,827635640498784,23,1028,122634,0
DEQ,827635641367193,23,1028,116434,0
DEQ,827635642226008,23,1028,115982,0
DEQ,827635643109263,23,1028,110742,0
DEQ,827635644045665,23,1028,134159,0
DEQ,827635644949449,23,1028,135090,0
DEQ,827635645841466,23,1028,125964,0
DEQ,827635646747925,23,1028,128766,0
DEQ,827635647648308,23,1028,124807,0
DEQ,827635648568234,23,1028,142262,0
DEQ,827635649448896,23,1028,127626,0
DEQ,827635650324865,23,1028,130391,0
DEQ,827635651172116,23,1028,132211,0
DEQ,827635652096310,23,1028,157081,0
DEQ,827635652969828,23,1028,124341,0
DEQ,827635653879681,23,1028,131273,0
DEQ,827635654773388,23,1028,122625,0
DEQ,827635655695966,23,1028,142770,0
DEQ,827635656582037,23,1028,126050,0
DEQ,827635657486426,23,1028,127195,0
DEQ,827635658347777,23,1028,115261,0
DEQ,827635659205055,23,1028,113107,0
DEQ,827635660105724,23,1028,125282,0
DEQ,827635661035289,23,1028,144467,0
DEQ,827635661915795,23,1028,122030,0
DEQ,827635662827828,23,1028,131849,0
DEQ,827635663722745,23,1028,124961,0
DEQ,827635664628164,23,1028,128096,0
DEQ,827635665537265,23,1028,133941,0
DEQ,827635666393973,23,1028,115563,0
DEQ,827635667281530,23,1028,143832,0
DEQ,827635668223209,23,1028,160355,0
DEQ,827635669114670,23,1028,124128,0
DEQ,827635670072885,23,1028,174276,0
DEQ,827635670958592,23,1028,148904,0
DEQ,827635671849454,23,1028,134315,0
DEQ,827635672752719,23,1028,132688,0
DEQ,827635673650969,23,1028,124613,0
DEQ,827635674566478,23,1028,136971,0
DEQ,827635675461323,23,1028,123761,0
DEQ,827635676331982,23,1028,120938,0
DEQ,827635677202330,23,1028,132112,0
DEQ,827635678085059,23,1028,125888,0
DEQ,827635679002645,23,1028,140942,0
DEQ,827635679897466,23,1028,125147,0
DEQ,827635680815268,23,1028,139656,0
DEQ,827635681703855,23,1028,123727,0
DEQ,827635682611032,23,1028,127817,0
DEQ,827635683511204,23,1028,125491,0
DEQ,827635684375051,23,1028,116424,0
DEQ,827635685263203,23,1028,145439,0
DEQ,827635686144891,23,1028,96971,0
DEQ,827635687095522,23,1028,121954,0
DEQ,827635688016246,23,1028,131453,0
DEQ,827635688921009,23,1028,132358,0
DEQ,827635689828081,23,1028,133849,0
DEQ,827635690726802,23,1028,126680,0
DEQ,827635691626431,23,1028,123043,0
DEQ,827635692531475,23,1028,124295,0
DEQ,827635693316828,23,1028,35026,0
DEQ,827635694230997,23,1028,88881,0
DEQ,827635695104296,23,1028,100721,0
DEQ,827635695932611,23,1028,38491,0
DEQ,827635696836397,23,1028,53006,0
DEQ,827635697746662,23,1028,66336,0
DEQ,827635698716663,23,1028,130654,0
DEQ,827635699629674,23,1028,137204,0
DEQ,827635700528593,23,1028,131763,0
DEQ,827635701407466,23,1028,137893,0
DEQ,827635702244387,23,1028,115466,0
DEQ,827635703122813,23,1028,94367,0
DEQ,827635704072877,23,1028,146566,0
DEQ,827635704952316,23,1028,123088,0
DEQ,827635705878592,23,1028,146852,0
DEQ,827635706772334,23,1028,129225,0
DEQ,827635707672018,23,1028,127502,0
DEQ,827635708577999,23,1028,130815,0
DEQ,827635709473787,23,1028,123646,0
DEQ,827635710337737,23,1028,114922,0
DEQ,827635711200060,23,1028,117935,0
DEQ,827635712114501,23,1028,144060,0
DEQ,827635713030410,23,1028,123296,0
DEQ,827635713962857,23,1028,148483,0
DEQ,827635714866243,23,1028,148722,0
DEQ,827635715761229,23,1028,132584,0
DEQ,827635716667854,23,1028,132865,0
DEQ,827635717575037,23,1028,135866,0
DEQ,827635718466195,23,1028,123951,0
DEQ,827635719338571,23,1028,122787,0
DEQ,827635720202386,23,1028,127274,0
DEQ,827635721086388,23,1028,122660,0
DEQ,827635721990392,23,1028,122060,0
DEQ,827635722896188,23,1028,125408,0
DEQ,827635723835691,23,1028,157380,0
DEQ,827635724715376,23,1028,126153,0
DEQ,827635725617506,23,1028,124745,0
DEQ,827635726522375,23,1028,127244,0
DEQ,827635727353941,23,1028,84972,0
DEQ,827635728276381,23,1028,147686,0
DEQ,827635729142420,23,1028,86607,0
DEQ,827635730112826,23,1028,126639,0
DEQ,827635731046116,23,1028,132486,0
DEQ,827635731952516,23,1028,128848,0
DEQ,827635732872299,23,1028,145855,0
DEQ,827635733775806,23,1028,136319,0
DEQ,827635734674216,23,1028,130130,0
DEQ,827635735581059,23,1028,132702,0
DEQ,827635736475240,23,1028,123512,0
DEQ,827635737346782,23,1028,120709,0
DEQ,827635738158609,23,1028,72890,0
DEQ,827635739107228,23,1028,133088,0
DEQ,827635739998358,23,1028,121316,0
DEQ,827635740903510,23,1028,123406,0
DEQ,827635741833414,23,1028,149221,0
DEQ,827635742724860,23,1028,125086,0
DEQ,827635743633569,23,1028,130703,0
DEQ,827635744529856,23,1028,124530,0
DEQ,827635745403977,23,1028,124884,0
DEQ,827635746281529,23,1028,143359,0
DEQ,827635747221317,23,1028,159388,0
DEQ,827635748119320,23,1028,130931,0
DEQ,827635749051750,23,1028,130545,0
DEQ,827635749961570,23,1028,132239,0
DEQ,827635750878291,23,1028,146299,0
DEQ,827635751775610,23,1028,130839,0
DEQ,827635752692011,23,1028,141745,0
DEQ,827635753546491,23,1028,121688,0
DEQ,827635754403180,23,1028,118718,0
DEQ,827635755268651,23,1028,124715,0
DEQ,827635756166613,23,1028,127353,0
DEQ,827635757077744,23,1028,136082,0
DEQ,827635757975688,23,1028,131766,0
DEQ,827635758861706,23,1028,144008,0
DEQ,827635759753848,23,1028,146131,0
DEQ,827635760653603,23,1028,135353,0
DEQ,827635761553673,23,1028,130903,0
DEQ,827635762456289,23,1028,153198,0
DEQ,827635763321809,23,1028,145396,0
DEQ,827635764209017,23,1028,139817,0
DEQ,827635765125881,23,1028,146903,0
DEQ,827635766000687,23,1028,122420,0
DEQ,827635766909444,23,1028,124588,0
DEQ,827635767832016,23,1028,142498,0
DEQ,827635768739537,23,1028,143419,0
DEQ,827635769639927,23,1028,132059,0
DEQ,827635770538165,23,1028,126212,0
DEQ,827635771378181,23,1028,92206,0
DEQ,827635772288024,23,1028,142632,0
DEQ,827635773206165,23,1028,139845,0
DEQ,827635774107662,23,1028,131813,0
DEQ,827635775013153,23,1028,132199,0
DEQ,827635775911147,23,1028,124713,0
DEQ,827635776826709,23,1028,135096,0
DEQ,827635777747779,23,1028,150224,0
DEQ,827635778642599,23,1028,133950,0
DEQ,827635779536594,23,1028,124224,0
DEQ,827635780424152,23,1028,138294,0
DEQ,827635781273650,23,1028,127489,0
DEQ,827635782134232,23,1028,128733,0
DEQ,827635783047327,23,1028,120344,0
DEQ,827635783959338,23,1028,121058,0
DEQ,827635784867879,23,1028,131079,0
DEQ,827635785774015,23,1028,130619,0
DEQ,827635786694684,23,1028,146150,0
DEQ,827635787623688,23,1028,158784,0
DEQ,827635788545158,23,1028,142139,0
DEQ,827635789419447,23,1028,141857,0
DEQ,827635790293072,23,1028,140819,0
DEQ,827635791224842,23,1028,156587,0
DEQ,827635792148274,23,1028,154303,0
DEQ,827635793061456,23,1028,135313,0
DEQ,827635793964418,23,1028,127276,0
DEQ,827635794874145,23,1028,138728,0
DEQ,827635795800495,23,1028,154658,0
DEQ,827635796689810,23,1028,131945,0
DEQ,827635797589332,23,1028,126920,0
DEQ,827635798482211,23,1028,145471,0
DEQ,827635799357684,23,1028,150041,0
DEQ,827635800204769,23,1028,122366,0
DEQ,827635801143669,23,1028,152613,0
DEQ,827635802046833,23,1028,120852,0
DEQ,827635802961282,23,1028,125251,0
DEQ,827635803862533,23,1028,127112,0
DEQ,827635804788428,23,1028,148345,0
DEQ,827635805695724,23,1028,142412,0
DEQ,827635806580229,23,1028,122646,0
DEQ,827635807487590,23,1028,126412,0
DEQ,827635808351199,23,1028,115579,0
DEQ,827635809209136,23,1028,114096,0
DEQ,827635810109397,23,1028,123750,0
DEQ,827635811018045,23,1028,126490,0
DEQ,827635811919689,23,1028,124863,0
DEQ,827635812825701,23,1028,128177,0
DEQ,827635813751290,23,1028,150552,0
DEQ,827635814638762,23,1028,126435,0
DEQ,827635815560936,23,1028,145941,0
DEQ,827635816408642,23,1028,120092,0
DEQ,827635817296710,23,1028,143240,0
DEQ,827635818218576,23,1028,150194,0
DEQ,827635819007830,23,1028,35275,0
DEQ,827635819901087,23,1028,33743,0
DEQ,827635820790766,23,1028,33545,0
DEQ,827635821688554,23,1028,41432,0
DEQ,827635822596661,23,1028,54059,0
DEQ,827635823501550,23,1028,53779,0
DEQ,827635824406119,23,1028,54178,0
DEQ,827635825260054,23,1028,33743,0
DEQ,827635826119883,23,1028,33953,0
DEQ,827635827035907,23,1028,60668,0
DEQ,827635828013447,23,1028,133290,0
DEQ,827635828912311,23,1028,129970,0
DEQ,827635829827974,23,1028,143270,0
DEQ,827635830711337,23,1028,123396,0
DEQ,827635831632229,23,1028,141782,0
DEQ,827635832526763,23,1028,127597,0
DEQ,827635833390088,23,1028,117187,0
DEQ,827635834272837,23,1028,140699,0
DEQ,827635835140146,23,1028,83946,0
DEQ,827635836034853,23,1028,51080,0
DEQ,827635837019803,23,1028,123857,0
DEQ,827635837867219,23,1028,68493,0
DEQ,827635838829766,23,1028,128748,0
DEQ,827635839727756,23,1028,124048,0
DEQ,827635840659657,23,1028,152098,0
DEQ,827635841569121,23,1028,146859,0
DEQ,827635842449634,23,1028,127409,0
DEQ,827635843327820,23,1028,131845,0
DEQ,827635844169626,23,1028,123167,0
DEQ,827635845073573,23,1028,128862,0
DEQ,827635845970693,23,1028,123504,0
DEQ,827635846877346,23,1028,127660,0
DEQ,827635847781737,23,1028,129290,0
DEQ,827635848705206,23,1028,150634,0
DEQ,827635849604121,23,1028,146647,0
DEQ,827635850495069,23,1028,129403,0
DEQ,827635851352156,23,1028,113092,0
DEQ,827635852212697,23,1028,114296,0
DEQ,827635853097831,23,1028,110824,0
DEQ,827635854019699,23,1028,123682,0
DEQ,827635854922813,23,1028,124101,0
DEQ,827635855831078,23,1028,129527,0
DEQ,827635856729154,23,1028,124977,0
DEQ,827635857629662,23,1028,124085,0
DEQ,827635858549750,23,1028,141844,0
DEQ,827635859404852,23,1028,119237,0
DEQ,827635860287686,23,1028,142820,0
DEQ,827635861166181,23,1028,96333,0
DEQ,827635862118864,23,1028,120697,0
DEQ,827635863054683,23,1028,138996,0
DEQ,827635863955906,23,1028,136056,0
DEQ,827635864861895,23,1028,135835,0
DEQ,827635865761823,23,1028,131618,0
DEQ,827635866671027,23,1028,135290,0
DEQ,827635867591297,23,1028,147475,0
DEQ,827635868483702,23,1028,131186,0
DEQ,827635869357192,23,1028,130920,0
DEQ,827635870205212,23,1028,119644,0
DEQ,827635871114793,23,1028,140330,0
DEQ,827635872056072,23,1028,138881,0
DEQ,827635872964286,23,1028,137088,0
DEQ,827635873858166,23,1028,132567,0
DEQ,827635874763663,23,1028,132163,0
DEQ,827635875669289,23,1028,134760,0
DEQ,827635876596638,23,1028,158433,0
DEQ,827635877484956,23,1028,134969,0
DEQ,827635878350305,23,1028,125596,0
DEQ,827635879211453,23,1028,127457,0
DEQ,827635880123194,23,1028,149794,0
DEQ,827635881045251,23,1028,135203,0
DEQ,827635881956041,23,1028,137104,0
DEQ,827635882856266,23,1028,136355,0
DEQ,827635883763950,23,1028,139819,0
DEQ,827635884666142,23,1028,134745,0
DEQ,827635885601513,23,1028,165968,0
DEQ,827635886482559,23,1028,135919,0
DEQ,827635887340237,23,1028,119975,0
DEQ,827635888206587,23,1028,126976,0
DEQ,827635889100536,23,1028,131473,0
DEQ,827635890002882,23,1028,131684,0
DEQ,827635890912064,23,1028,138413,0
DEQ,827635891829234,23,1028,148511,0
DEQ,827635892713169,23,1028,129138,0
DEQ,827635893616934,23,1028,129685,0
DEQ,827635894543719,23,1028,150643,0
DEQ,827635895388841,23,1028,116046,0
DEQ,827635896273484,23,1028,141401,0
DEQ,827635897152547,23,1028,86652,0
DEQ,827635898098254,23,1028,105207,0
DEQ,827635899038958,23,1028,133216,0
DEQ,827635899963355,23,1028,154295,0
DEQ,827635900842536,23,1028,128829,0
DEQ,827635901745807,23,1028,127780,0
DEQ,827635902649007,23,1028,127680,0
DEQ,827635903590431,23,1028,164587,0
DEQ,827635904468550,23,1028,128725,0
DEQ,827635905287030,23,1028,73561,0
DEQ,827635906202134,23,1028,129402,0
DEQ,827635907083033,23,1028,122109,0
DEQ,827635907989554,23,1028,124422,0
DEQ,827635908894560,23,1028,126247,0
DEQ,827635909802307,23,1028,127956,0
DEQ,827635910707697,23,1028,129975,0
DEQ,827635911606224,23,1028,126077,0
DEQ,827635912528569,23,1028,144622,0
DEQ,827635913384417,23,1028,122133,0
DEQ,827635914263110,23,1028,141616,0
DEQ,827635915130505,23,1028,82939,0
DEQ,827635916095792,23,1028,122437,0
DEQ,827635917021351,23,1028,137234,0
DEQ,827635917932501,23,1028,141687,0
DEQ,827635918827384,23,1028,130893,0
DEQ,827635919730547,23,1028,128520,0
DEQ,827635920629422,23,1028,123882,0
DEQ,827635921549462,23,1028,141043,0
DEQ,827635922414255,23,1028,124466,0
DEQ,827635923300672,23,1028,144480,0
DEQ,827635924208181,23,1028,139264,0
DEQ,827635925101996,23,1028,123433,0
DEQ,827635926007724,23,1028,127338,0
DEQ,827635926911180,23,1028,124361,0
DEQ,827635927826884,23,1028,136758,0
DEQ,827635928724063,23,1028,130250,0
DEQ,827635929627331,23,1028,128614,0
DEQ,827635930549468,23,1028,147607,0
DEQ,827635931411741,23,1028,125598,0
DEQ,827635932289312,23,1028,143467,0
DEQ,827635933202932,23,1028,129130,0
DEQ,827635934125277,23,1028,142309,0
DEQ,827635935034099,23,1028,116899,0
DEQ,827635935950102,23,1028,124585,0
DEQ,827635936853231,23,1028,126783,0
DEQ,827635937759116,23,1028,125249,0
DEQ,827635938686343,23,1028,145363,0
DEQ,827635939591231,23,1028,141661,0
DEQ,827635940495362,23,1028,137428,0
DEQ,827635941302472,23,1028,70776,0
DEQ,827635942160858,23,1028,69816,0
DEQ,827635943097640,23,1028,115984,0
DEQ,827635944027949,23,1028,140371,0
DEQ,827635944941047,23,1028,149648,0
DEQ,827635945833811,23,1028,139561,0
DEQ,827635946730219,23,1028,132762,0
DEQ,827635947634291,23,1028,135014,0
DEQ,827635948553399,23,1028,151477,0
DEQ,827635949372815,23,1028,92101,0
DEQ,827635950282489,23,1028,142448,0
DEQ,827635951156832,23,1028,90718,0
DEQ,827635952096371,23,1028,105480,0
DEQ,827635953030712,23,1028,126965,0
DEQ,827635953947380,23,1028,144380,0
DEQ,827635954844343,23,1028,135684,0
DEQ,827635955669626,23,1028,56570,0
DEQ,827635956543811,23,1028,39620,0
DEQ,827635957455246,23,1028,55833,0
DEQ,827635958302937,23,1028,34346,0
DEQ,827635959163326,23,1028,34206,0
DEQ,827635960126080,23,1028,103994,0
DEQ,827635961046264,23,1028,132982,0
DEQ,827635961959419,23,1028,144144,0
DEQ,827635962848468,23,1028,131045,0
DEQ,827635963755790,23,1028,130096,0
DEQ,827635964659359,23,1028,131010,0
DEQ,827635965572779,23,1028,141068,0
DEQ,827635966480785,23,1028,146790,0
DEQ,827635967338860,23,1028,126104,0
DEQ,827635968199606,23,1028,127428,0
DEQ,827635969084904,23,1028,123467,0
DEQ,827635970000279,23,1028,136107,0
DEQ,827635970895926,23,1028,126832,0
DEQ,827635971801866,23,1028,129725,0
DEQ,827635972700331,23,1028,125838,0
DEQ,827635973607961,23,1028,130194,0
DEQ,827635974511435,23,1028,131204,0
DEQ,827635975382051,23,1028,128662,0
DEQ,827635976255548,23,1028,141848,0
DEQ,827635977135494,23,1028,96485,0
DEQ,827635978088780,23,1028,122669,0
DEQ,827635979006677,23,1028,130511,0
DEQ,827635979906407,23,1028,132197,0
DEQ,827635980820014,23,1028,141176,0
DEQ,827635981716370,23,1028,131438,0
DEQ,827635982623488,23,1028,133960,0
DEQ,827635983523824,23,1028,131279,0
DEQ,827635984404659,23,1028,138477,0
DEQ,827635985277545,23,1028,146412,0
DEQ,827635986152709,23,1028,90098,0
DEQ,827635987100375,23,1028,107445,0
DEQ,827635988043006,23,1028,133383,0
DEQ,827635988949617,23,1028,135593,0
DEQ,827635989847209,23,1028,125163,0
DEQ,827635990753309,23,1028,127241,0
DEQ,827635991659421,23,1028,128870,0
DEQ,827635992577645,23,1028,143972,0
DEQ,827635993483392,23,1028,145027,0
DEQ,827635994337431,23,1028,117487,0
DEQ,827635995205350,23,1028,126071,0
DEQ,827635996096460,23,1028,128146,0
DEQ,827635997005570,23,1028,132792,0
DEQ,827635997900373,23,1028,124079,0
DEQ,827635998818854,23,1028,139942,0
DEQ,827635999712036,23,1028,129972,0
DEQ,827636000609343,23,1028,123204,0
DEQ,827636001470844,23,1028,80244,0
DEQ,827636002362517,23,1028,99102,0
DEQ,827636003216630,23,1028,92648,0
DEQ,827636004133359,23,1028,84880,0
DEQ,827636005096272,23,1028,137500,0
DEQ,827636005993145,23,1028,129868,0
DEQ,827636006906621,23,1028,137171,0
DEQ,827636007808262,23,1028,134920,0
DEQ,827636008710380,23,1028,134333,0
DEQ,827636009614170,23,1028,134459,0
DEQ,827636010519796,23,1028,135514,0
DEQ,827636011394735,23,1028,136598,0
DEQ,827636012268664,23,1028,145889,0
DEQ,827636013136343,23,1028,87302,0
DEQ,827636014035594,23,1028,59746,0
DEQ,827636015018756,23,1028,131373,0
DEQ,827636015922268,23,1028,135366,0
DEQ,827636016840048,23,1028,147037,0
DEQ,827636017727713,23,1028,130535,0
DEQ,827636018630441,23,1028,129312,0
DEQ,827636019534426,23,1028,129286,0
DEQ,827636020437907,23,1028,159712,0
DEQ,827636021286666,23,1028,143866,0
DEQ,827636022160547,23,1028,89848,0
DEQ,827636023098143,23,1028,100250,0
DEQ,827636024040594,23,1028,127713,0
DEQ,827636024956106,23,1028,142846,0
DEQ,827636025846184,23,1028,125799,0
DEQ,827636026763835,23,1028,139182,0
DEQ,827636027668034,23,1028,139062,0
DEQ,827636028565283,23,1028,131682,0
DEQ,827636029491923,23,1028,154585,0
DEQ,827636030348093,23,1028,121831,0
DEQ,827636031201769,23,1028,115970,0
DEQ,827636032084557,23,1028,138799,0
DEQ,827636032956683,23,1028,121414,0
DEQ,827636033871737,23,1028,134202,0
DEQ,827636034775212,23,1028,135958,0
DEQ,827636035692046,23,1028,145536,0
DEQ,827636036589373,23,1028,137342,0
DEQ,827636037483158,23,1028,128446,0
DEQ,827636038354917,23,1028,127004,0
DEQ,827636039205145,23,1028,116020,0
DEQ,827636040097376,23,1028,119198,0
DEQ,827636041010744,23,1028,129500,0
DEQ,827636041909439,23,1028,124843,0
DEQ,827636042835775,23,1028,149314,0
DEQ,827636043724222,23,1028,135172,0
DEQ,827636044618823,23,1028,126963,0
DEQ,827636045521415,23,1028,126657,0
DEQ,827636046389790,23,1028,121976,0
DEQ,827636047267145,23,1028,139686,0
DEQ,827636048153129,23,1028,96734,0
DEQ,827636049099561,23,1028,114888,0
DEQ,827636050028912,23,1028,134364,0
DEQ,827636050947393,23,1028,152063,0
DEQ,827636051835287,23,1028,132925,0
DEQ,827636052733327,23,1028,126043,0
DEQ,827636053639328,23,1028,127836,0
DEQ,827636054542079,23,1028,124158,0
DEQ,827636055448490,23,1028,156566,0
DEQ,827636056309666,23,1028,139486,0
DEQ,827636057224255,23,1028,155130,0
DEQ,827636058122426,23,1028,126508,0
DEQ,827636059058504,23,1028,135292,0
DEQ,827636059960975,23,1028,122032,0
DEQ,827636060865078,23,1028,132113,0
DEQ,827636061778009,23,1028,140345,0
DEQ,827636062669946,23,1028,128610,0
DEQ,827636063573841,23,1028,129443,0
DEQ,827636064475866,23,1028,127899,0
DEQ,827636065347037,23,1028,126053,0
DEQ,827636066203568,23,1028,118082,0
DEQ,827636067040511,23,1028,64325,0
DEQ,827636068007730,23,1028,126056,0
DEQ,827636068919180,23,1028,133868,0
DEQ,827636069829678,23,1028,141668,0
DEQ,827636070720832,23,1028,129933,0
DEQ,827636071624139,23,1028,129815,0
DEQ,827636072528709,23,1028,131884,0
DEQ,827636073392387,23,1028,122297,0
DEQ,827636074266858,23,1028,137489,0
DEQ,827636075139155,23,1028,78143,0
DEQ,827636076113841,23,1028,126563,0
DEQ,827636076933497,23,1028,62287,0
DEQ,827636077911208,23,1028,125538,0
DEQ,827636078829637,23,1028,141039,0
DEQ,827636079728472,23,1028,134457,0
DEQ,827636080631381,23,1028,131376,0
DEQ,827636081529223,23,1028,125434,0
DEQ,827636082315967,23,1028,37750,0
DEQ,827636083200029,23,1028,56761,0
DEQ,827636084070475,23,1028,36851,0
DEQ,827636084963527,23,1028,40041,0
DEQ,827636085873193,23,1028,57614,0
DEQ,827636086844248,23,1028,137744,0
DEQ,827636087747632,23,1028,138248,0
DEQ,827636088647241,23,1028,135319,0
DEQ,827636089546902,23,1028,132257,0
DEQ,827636090413101,23,1028,125552,0
DEQ,827636091261490,23,1028,114743,0
DEQ,827636092121471,23,1028,84994,0
DEQ,827636093126655,23,1028,146912,0
DEQ,827636094020145,23,1028,131163,0
DEQ,827636094926866,23,1028,137724,0
DEQ,827636095829096,23,1028,136948,0
DEQ,827636096729448,23,1028,132240,0
DEQ,827636097633197,23,1028,131946,0
DEQ,827636098533731,23,1028,127947,0
DEQ,827636099395226,23,1028,116076,0
DEQ,827636100282040,23,1028,143306,0
DEQ,827636101148830,23,1028,82547,0
DEQ,827636102102527,23,1028,104293,0
DEQ,827636103054957,23,1028,146023,0
DEQ,827636103958733,23,1028,150253,0
DEQ,827636104844257,23,1028,130438,0
DEQ,827636105753715,23,1028,135197,0
DEQ,827636106657984,23,1028,134268,0
DEQ,827636107573376,23,1028,141211,0
DEQ,827636108469147,23,1028,133282,0
DEQ,827636109340508,23,1028,131275,0
DEQ,827636110224082,23,1028,153534,0
DEQ,827636111099017,23,1028,131508,0
DEQ,827636111995376,23,1028,124202,0
DEQ,827636112903737,23,1028,129654,0
DEQ,827636113830131,23,1028,152870,0
DEQ,827636114713761,23,1028,133728,0
DEQ,827636115615740,23,1028,134338,0
DEQ,827636116507761,23,1028,124111,0
DEQ,827636117377695,23,1028,119970,0
DEQ,827636118261932,23,1028,144184,0
DEQ,827636119118424,23,1028,74839,0
DEQ,827636120129129,23,1028,154283,0
DEQ,827636121016240,23,1028,131609,0
DEQ,827636121911194,23,1028,124528,0
DEQ,827636122826892,23,1028,133950,0
DEQ,827636123724110,23,1028,127120,0
DEQ,827636124630469,23,1028,130041,0
DEQ,827636125536378,23,1028,131403,0
DEQ,827636126394306,23,1028,116065,0
DEQ,827636127287975,23,1028,150283,0
DEQ,827636128204905,23,1028,143546,0
DEQ,827636129118091,23,1028,124618,0
DEQ,827636130043786,23,1028,134709,0
DEQ,827636130956329,23,1028,146102,0
DEQ,827636131843067,23,1028,125425,0
DEQ,827636132750354,23,1028,132783,0
DEQ,827636133658015,23,1028,136150,0
DEQ,827636134573750,23,1028,148432,0
DEQ,827636135455572,23,1028,133796,0
DEQ,827636136281402,23,1028,86278,0
DEQ,827636137180844,23,1028,144003,0
DEQ,827636138084626,23,1028,139812,0
DEQ,827636138981815,23,1028,132998,0
DEQ,827636139880601,23,1028,128198,0
DEQ,827636140786491,23,1028,132301,0
DEQ,827636141700007,23,1028,143124,0
DEQ,827636142585908,23,1028,126316,0
DEQ,827636143488466,23,1028,126183,0
DEQ,827636144362755,23,1028,127192,0
DEQ,827636145218974,23,1028,124026,0
DEQ,827636146125358,23,1028,141545,0
DEQ,827636146943370,23,1028,51875,0
DEQ,827636147926321,23,1028,130078,0
DEQ,827636148826471,23,1028,128178,0
DEQ,827636149724955,23,1028,124604,0
DEQ,827636150630806,23,1028,127929,0
DEQ,827636151529588,23,1028,123161,0
DEQ,827636152403053,23,1028,123659,0
DEQ,827636153258300,23,1028,119061,0
DEQ,827636154191014,23,1028,153384,0
DEQ,827636155108244,23,1028,136621,0
DEQ,827636156012763,23,1028,121602,0
DEQ,827636156933142,23,1028,142918,0
DEQ,827636157823829,23,1028,127667,0
DEQ,827636158727184,23,1028,124991,0
DEQ,827636159268585,23,84,18686,0
DEQ,827636159547503,23,1028,71739,0
DEQ,827636160490800,23,1028,125106,0
DEQ,827636161351808,23,1028,113021,0
DEQ,827636162221101,23,1028,122994,0
DEQ,827636163112438,23,1028,125950,0
DEQ,827636164036693,23,1028,142117,0
DEQ,827636164941578,23,1028,139073,0
DEQ,827636165832069,23,1028,125680,0
DEQ,827636166739993,23,1028,129232,0
DEQ,827636167641685,23,1028,127345,0
DEQ,827636168542191,23,1028,122209,0
DEQ,827636169457470,23,1028,152173,0
DEQ,827636170292203,23,1028,113975,0
DEQ,827636171182433,23,1028,144858,0
DEQ,827636172082974,23,1028,143290,0
DEQ,827636172982129,23,1028,139178,0
DEQ,827636173879743,23,1028,130292,0
DEQ,827636174778384,23,1028,126392,0
DEQ,827636175698941,23,1028,144255,0
DEQ,827636176593493,23,1028,135852,0
DEQ,827636177440172,23,1028,80645,0
DEQ,827636178311686,23,1028,78538,0
DEQ,827636179164998,23,1028,72390,0
DEQ,827636180099129,23,1028,117420,0
DEQ,827636181028546,23,1028,133411,0
DEQ,827636181946709,23,1028,148595,0
DEQ,827636182836011,23,1028,127638,0
DEQ,827636183746393,23,1028,135844,0
DEQ,827636184644992,23,1028,132997,0
DEQ,827636185559528,23,1028,142780,0
DEQ,827636186413838,23,1028,124162,0
DEQ,827636187302927,23,1028,148193,0
DEQ,827636188207528,23,1028,140465,0
DEQ,827636189110279,23,1028,134667,0
DEQ,827636190005045,23,1028,131066,0
DEQ,827636190936950,23,1028,158101,0
DEQ,827636191829757,23,1028,135037,0
DEQ,827636192724761,23,1028,123869,0
DEQ,827636193631241,23,1028,125586,0
DEQ,827636194534465,23,1028,126671,0
DEQ,827636195408116,23,1028,127303,0
DEQ,827636196282595,23,1028,142372,0
DEQ,827636197157085,23,1028,89950,0
DEQ,827636198094197,23,1028,101003,0
DEQ,827636199041362,23,1028,133499,0
DEQ,827636199973070,23,1028,162126,0
DEQ,827636200832503,23,1028,110528,0
DEQ,827636201765159,23,1028,141801,0
DEQ,827636202664655,23,1028,136091,0
DEQ,827636203582933,23,1028,146370,0
DEQ,827636204469235,23,1028,128233,0
DEQ,827636205329758,23,1028,114832,0
DEQ,827636206207961,23,1028,133705,0
DEQ,827636207086663,23,1028,123275,0
DEQ,827636207991306,23,1028,125291,0
DEQ,827636208913281,23,1028,144907,0
DEQ,827636209821740,23,1028,146532,0
DEQ,827636210709162,23,1028,131061,0
DEQ,827636211617660,23,1028,135561,0
DEQ,827636212520895,23,1028,134696,0
DEQ,827636213330492,23,1028,70661,0
DEQ,827636214261461,23,1028,142349,0
DEQ,827636215070352,23,1028,39449,0
DEQ,827636215997449,23,1028,51958,0
DEQ,827636216881390,23,1028,34529,0
DEQ,827636217790418,23,1028,52543,0
DEQ,827636218682467,23,1028,46458,0
DEQ,827636219670788,23,1028,138577,0
DEQ,827636220580598,23,1028,144592,0
DEQ,827636221471966,23,1028,131644,0
DEQ,827636222336411,23,1028,122955,0
DEQ,827636223207144,23,1028,134314,0
DEQ,827636224093450,23,1028,131877,0
DEQ,827636225007354,23,1028,142957,0
DEQ,827636225899667,23,1028,131512,0
DEQ,827636226820437,23,1028,150168,0
DEQ,827636227715404,23,1028,131058,0
DEQ,827636228608951,23,1028,122324,0
DEQ,827636229525339,23,1028,135315,0
DEQ,827636230381277,23,1028,117645,0
DEQ,827636231268962,23,1028,146109,0
DEQ,827636232133735,23,1028,85280,0
DEQ,827636233035403,23,1028,60684,0
DEQ,827636234010700,23,1028,125309,0
DEQ,827636234935005,23,1028,147543,0
DEQ,827636235840908,23,1028,149501,0
DEQ,827636236736599,23,1028,131642,0
DEQ,827636237644363,23,1028,134101,0
DEQ,827636238554254,23,1028,140498,0
DEQ,827636239405464,23,1028,117780,0
DEQ,827636240291695,23,1028,144522,0
DEQ,827636241206879,23,1028,136081,0
DEQ,827636242105865,23,1028,125236,0
DEQ,827636243014612,23,1028,135199,0
DEQ,827636243913256,23,1028,130282,0
DEQ,827636244841078,23,1028,154458,0
DEQ,827636245732582,23,1028,129648,0
DEQ,827636246634371,23,1028,124766,0
DEQ,827636247536244,23,1028,122386,0
DEQ,827636248412971,23,1028,125737,0
DEQ,827636249298034,23,1028,145448,0
DEQ,827636250224818,23,1028,157162,0
DEQ,827636251110574,23,1028,117358,0
DEQ,827636252046320,23,1028,123107,0
DEQ,827636252969378,23,1028,137676,0
DEQ,827636253883025,23,1028,148953,0
DEQ,827636254776069,23,1028,129835,0
DEQ,827636255673653,23,1028,124085,0
DEQ,827636256590781,23,1028,136957,0
DEQ,827636257491169,23,1028,132482,0
DEQ,827636258348703,23,1028,116846,0
DEQ,827636259215888,23,1028,124625,0
DEQ,827636260092819,23,1028,113710,0
DEQ,827636261017808,23,1028,134670,0
DEQ,827636261909741,23,1028,124225,0
DEQ,827636262853426,23,1028,164900,0
DEQ,827636263726563,23,1028,130038,0
DEQ,827636264627695,23,1028,128543,0
DEQ,827636265533438,23,1028,131749,0
DEQ,827636266402811,23,1028,126537,0
DEQ,827636267283380,23,1028,147968,0
DEQ,827636268152857,23,1028,89426,0
DEQ,827636269104976,23,1028,114027,0
DEQ,827636270031620,23,1028,126041,0
DEQ,827636270954908,23,1028,150984,0
DEQ,827636271851691,23,1028,143406,0
DEQ,827636272754277,23,1028,132740,0
DEQ,827636273660482,23,1028,133338,0
DEQ,827636274578021,23,1028,146431,0
DEQ,827636275468537,23,1028,126642,0
DEQ,827636276328248,23,1028,113348,0
DEQ,827636277202691,23,1028,128414,0
DEQ,827636278095764,23,1028,132681,0
DEQ,827636278992733,23,1028,126048,0
DEQ,827636279898147,23,1028,126679,0
DEQ,827636280826207,23,1028,152814,0
DEQ,827636281710316,23,1028,125780,0
DEQ,827636282624444,23,1028,123431,0
DEQ,827636283526809,23,1028,124947,0
DEQ,827636284423890,23,1028,148802,0
DEQ,827636285291521,23,1028,145717,0
DEQ,827636286224162,23,1028,155930,0
DEQ,827636287121647,23,1028,128492,0
DEQ,827636288051421,23,1028,122570,0
DEQ,827636288974978,23,1028,137861,0
DEQ,827636289888736,23,1028,152418,0
DEQ,827636290782927,23,1028,133565,0
DEQ,827636291697570,23,1028,143182,0
DEQ,827636292588540,23,1028,129981,0
DEQ,827636293497588,23,1028,132898,0
DEQ,827636294310112,23,1028,70959,0
DEQ,827636295218979,23,1028,120457,0
DEQ,827636296106342,23,1028,119567,0
DEQ,827636297017887,23,1028,123031,0
DEQ,827636297925463,23,1028,127568,0
DEQ,827636298854851,23,1028,153417,0
DEQ,827636299753676,23,1028,134905,0
DEQ,827636300653485,23,1028,130759,0
DEQ,827636301577723,23,1028,151273,0
DEQ,827636302452527,23,1028,122301,0
DEQ,827636303323146,23,1028,119796,0
DEQ,827636304199694,23,1028,137048,0
DEQ,827636305088977,23,1028,138124,0
DEQ,827636305976604,23,1028,122624,0
DEQ,827636306881843,23,1028,125963,0
DEQ,827636307806316,23,1028,148695,0
DEQ,827636308700525,23,1028,130772,0
DEQ,827636309596155,23,1028,123693,0
DEQ,827636310527758,23,1028,152383,0
DEQ,827636311404490,23,1028,144734,0
DEQ,827636312209006,23,1028,74539,0
DEQ,827636313130304,23,1028,77545,0
DEQ,827636314085285,23,1028,138781,0
DEQ,827636314975588,23,1028,125672,0
DEQ,827636315887323,23,1028,133898,0
DEQ,827636316806023,23,1028,147929,0
DEQ,827636317702685,23,1028,131789,0
DEQ,827636318607843,23,1028,132412,0
DEQ,827636319512177,23,1028,132936,0
DEQ,827636320377115,23,1028,123356,0
DEQ,827636321255751,23,1028,142725,0
DEQ,827636322135166,23,1028,93213,0
DEQ,827636323103387,23,1028,136214,0
DEQ,827636324010792,23,1028,127462,0
DEQ,827636324907588,23,1028,131417,0
DEQ,827636325841893,23,1028,160391,0
DEQ,827636326733901,23,1028,138049,0
DEQ,827636327624919,23,1028,123743,0
DEQ,827636328532125,23,1028,127065,0
DEQ,827636329402982,23,1028,125253,0
DEQ,827636330277750,23,1028,140536,0
DEQ,827636331150266,23,1028,87678,0
DEQ,827636332102429,23,1028,113974,0
DEQ,827636333038193,23,1028,123426,0
DEQ,827636333955902,23,1028,132718,0
DEQ,827636334872039,23,1028,149204,0
DEQ,827636335774871,23,1028,137705,0
DEQ,827636336693432,23,1028,151705,0
DEQ,827636337575598,23,1028,130411,0
DEQ,827636338473730,23,1028,125521,0
DEQ,827636339346972,23,1028,124235,0
DEQ,827636340205896,23,1028,123764,0
DEQ,827636341096341,23,1028,124913,0
DEQ,827636341999574,23,1028,125314,0
DEQ,827636342910616,23,1028,45553,0
DEQ,827636343886218,23,1028,111895,0
DEQ,827636344809696,23,1028,131254,0
DEQ,827636345662567,23,1028,90691,0
DEQ,827636346573752,23,1028,109167,0
DEQ,827636347496077,23,1028,138132,0
DEQ,827636348364295,23,1028,130895,0
DEQ,827636349225199,23,1028,132565,0
DEQ,827636350111139,23,1028,130008,0
DEQ,827636351028189,23,1028,138955,0
DEQ,827636351926606,23,1028,133227,0
DEQ,827636352812085,23,1028,114852,0
DEQ,827636353732217,23,1028,125273,0
DEQ,827636354633984,23,1028,123870,0
DEQ,827636355536337,23,1028,123675,0
DEQ,827636356416139,23,1028,130246,0
DEQ,827636357286756,23,1028,141404,0
DEQ,827636358229508,23,1028,160752,0
STATS,827636358278631,0,0,5758,5758,0,0,0
DEQ,827636359094373,23,1028,99671,0
DEQ,827636360028170,23,1028,116149,0
DEQ,827636360951233,23,1028,138572,0
DEQ,827636361828972,23,1028,115045,0
DEQ,827636362751985,23,1028,126938,0
DEQ,827636363661101,23,1028,132040,0
DEQ,827636364567528,23,1028,134441,0
DEQ,827636365460998,23,1028,123670,0
DEQ,827636366336209,23,1028,124890,0
DEQ,827636367158119,23,1028,87141,0
DEQ,827636368093455,23,1028,132610,0
DEQ,827636368990879,23,1028,125502,0
DEQ,827636369902780,23,1028,134791,0
DEQ,827636370790775,23,1028,119292,0
DEQ,827636371709501,23,1028,127657,0
DEQ,827636372612566,23,1028,125937,0
DEQ,827636373515436,23,1028,125276,0
DEQ,827636374403161,23,1028,138932,0
DEQ,827636375258743,23,1028,123881,0
DEQ,827636376130347,23,1028,78281,0
DEQ,827636377018647,23,1028,72537,0
DEQ,827636377985626,23,1028,133057,0
DEQ,827636378842376,23,1028,82812,0
DEQ,827636379788600,23,1028,128609,0
DEQ,827636380715525,23,1028,142107,0
DEQ,827636381611451,23,1028,134208,0
DEQ,827636382501784,23,1028,120865,0
DEQ,827636383375378,23,1028,121800,0
DEQ,827636384257771,23,1028,144299,0
DEQ,827636385148701,23,1028,109672,0
DEQ,827636386090243,23,1028,123964,0
DEQ,827636386999424,23,1028,123648,0
DEQ,827636387908296,23,1028,133736,0
DEQ,827636388804564,23,1028,123471,0
DEQ,827636389725884,23,1028,132729,0
DEQ,827636390632209,23,1028,134124,0
DEQ,827636391535298,23,1028,134142,0
DEQ,827636392402754,23,1028,128362,0
DEQ,827636393283599,23,1028,149922,0
DEQ,827636394229537,23,1028,158925,0
DEQ,827636395143728,23,1028,147253,0
DEQ,827636396049042,23,1028,123554,0
DEQ,827636396963452,23,1028,127269,0
DEQ,827636397858610,23,1028,122895,0
DEQ,827636398771386,23,1028,123271,0
DEQ,827636399706917,23,1028,153830,0
DEQ,827636400592265,23,1028,135649,0
DEQ,827636401485146,23,1028,125769,0
DEQ,827636402355780,23,1028,122138,0
DEQ,827636403220539,23,1028,127535,0
DEQ,827636404106360,23,1028,124222,0
DEQ,827636405029767,23,1028,133841,0
DEQ,827636405930384,23,1028,131057,0
DEQ,827636406816033,23,1028,113529,0
DEQ,827636407743580,23,1028,133836,0
DEQ,827636408656139,23,1028,137655,0
DEQ,827636409552962,23,1028,130782,0
DEQ,827636410422505,23,1028,126666,0
DEQ,827636411234002,23,1028,72128,0
DEQ,827636412186168,23,1028,148140,0
DEQ,827636413076478,23,1028,136184,0
DEQ,827636413924337,23,1028,82231,0
DEQ,827636414801922,23,1028,60514,0
DEQ,827636415690437,23,1028,59640,0
DEQ,827636416658717,23,1028,134404,0
DEQ,827636417542915,23,1028,126985,0
DEQ,827636418409746,23,1028,134192,0
DEQ,827636419276517,23,1028,141769,0
DEQ,827636420148162,23,1028,90875,0
DEQ,827636421027705,23,1028,43384,0
DEQ,827636422034326,23,1028,137622,0
DEQ,827636422941806,23,1028,145596,0
DEQ,827636423829772,23,1028,130012,0
DEQ,827636424722874,23,1028,119111,0
DEQ,827636425648678,23,1028,128300,0
DEQ,827636426548025,23,1028,125329,0
DEQ,827636427456447,23,1028,129104,0
DEQ,827636428324600,23,1028,123584,0
DEQ,827636429190858,23,1028,128890,0
DEQ,827636430076392,23,1028,125071,0
DEQ,827636430976985,23,1028,121448,0
DEQ,827636431883051,23,1028,125111,0
DEQ,827636432807649,23,1028,142007,0
DEQ,827636433683114,23,1028,113435,0
DEQ,827636434604287,23,1028,127439,0
DEQ,827636435509375,23,1028,129305,0
DEQ,827636436368819,23,1028,114738,0
DEQ,827636437235343,23,1028,121845,0
DEQ,827636438120450,23,1028,104192,0
DEQ,827636439053599,23,1028,132616,0
DEQ,827636439955328,23,1028,131026,0
DEQ,827636440849503,23,1028,122935,0
DEQ,827636441755870,23,1028,126492,0
DEQ,827636442647926,23,1028,115706,0
DEQ,827636443584053,23,1028,141557,0
DEQ,827636444478091,23,1028,133578,0
DEQ,827636445342431,23,1028,124146,0
DEQ,827636446202178,23,1028,124764,0
DEQ,827636447091697,23,1028,124921,0
DEQ,827636447992781,23,1028,123054,0
DEQ,827636448897022,23,1028,124542,0
DEQ,827636449817329,23,1028,142527,0
DEQ,827636450702051,23,1028,124414,0
DEQ,827636451603062,23,1028,121943,0
DEQ,827636452515418,23,1028,126106,0
DEQ,827636453353594,23,1028,90688,0
DEQ,827636454204319,23,1028,82127,0
DEQ,827636455129692,23,1028,80535,0
DEQ,827636456098954,23,1028,124864,0
DEQ,827636457014850,23,1028,128851,0
DEQ,827636457913655,23,1028,130155,0
DEQ,827636458834520,23,1028,144427,0
DEQ,827636459723094,23,1028,127947,0
DEQ,827636460631251,23,1028,131920,0
DEQ,827636461567452,23,1028,151328,0
DEQ,827636462416457,23,1028,126695,0
DEQ,827636463299641,23,1028,142261,0
DEQ,827636464205113,23,1028,138433,0
DEQ,827636465109765,23,1028,129405,0
DEQ,827636466017252,23,1028,139548,0
DEQ,827636466922305,23,1028,140229,0
DEQ,827636467829893,23,1028,145094,0
DEQ,827636468722352,23,1028,133531,0
DEQ,827636469610219,23,1028,118325,0
DEQ,827636470535359,23,1028,131939,0
DEQ,827636471403234,23,1028,125690,0
DEQ,827636472281940,23,1028,144993,0
DEQ,827636473217960,23,1028,157542,0
DEQ,827636474119790,23,1028,133702,0
DEQ,827636475039751,23,1028,126633,0
DEQ,827636475955027,23,1028,133520,0
DEQ,827636476854139,23,1028,134180,0
DEQ,827636477754424,23,1028,128032,0
DEQ,827636478660717,23,1028,128803,0
DEQ,827636479582603,23,1028,139111,0
DEQ,827636480480050,23,1028,127094,0
DEQ,827636481345112,23,1028,121239,0
DEQ,827636482207304,23,1028,124269,0
DEQ,827636483110807,23,1028,138136,0
DEQ,827636484036167,23,1028,126905,0
DEQ,827636484961202,23,1028,142411,0
DEQ,827636485854612,23,1028,137565,0
DEQ,827636486754658,23,1028,132699,0
DEQ,827636487643691,23,1028,117346,0
DEQ,827636488578785,23,1028,140096,0
DEQ,827636489474190,23,1028,131620,0
DEQ,827636490338521,23,1028,122450,0
DEQ,827636491206553,23,1028,131060,0
DEQ,827636492098080,23,1028,133113,0
DEQ,827636493001304,23,1028,132884,0
DEQ,827636493902727,23,1028,129999,0
DEQ,827636494827640,23,1028,151094,0
DEQ,827636495703316,23,1028,122801,0
DEQ,827636496594330,23,1028,110518,0
DEQ,827636497522057,23,1028,128832,0
DEQ,827636498357634,23,1028,91315,0
DEQ,827636499227173,23,1028,101476,0
DEQ,827636500184810,23,1028,131007,0
DEQ,827636501097959,23,1028,136083,0
DEQ,827636501989821,23,1028,127870,0
DEQ,827636502895653,23,1028,129260,0
DEQ,827636503794131,23,1028,124906,0
DEQ,827636504708190,23,1028,130144,0
DEQ,827636505616048,23,1028,134096,0
DEQ,827636506539209,23,1028,132770,0
DEQ,827636507412642,23,1028,132827,0
DEQ,827636508282930,23,1028,143645,0
DEQ,827636509224763,23,1028,157645,0
DEQ,827636510126679,23,1028,127086,0
DEQ,827636511072268,23,1028,140868,0
DEQ,827636511974769,23,1028,133643,0
DEQ,827636512873570,23,1028,131733,0
DEQ,827636513772910,23,1028,125656,0
DEQ,827636514670559,23,1028,118863,0
DEQ,827636515601210,23,1028,134081,0
DEQ,827636516500525,23,1028,128947,0
DEQ,827636517369826,23,1028,124200,0
DEQ,827636518227368,23,1028,121966,0
DEQ,827636519122794,23,1028,127706,0
DEQ,827636520029552,23,1028,125483,0
DEQ,827636520939802,23,1028,133795,0
DEQ,827636521839651,23,1028,126898,0
DEQ,827636522742020,23,1028,124382,0
DEQ,827636523642972,23,1028,121844,0
DEQ,827636524577729,23,1028,147408,0
DEQ,827636525456524,23,1028,122674,0
DEQ,827636526284364,23,1028,77320,0
DEQ,827636527195884,23,1028,129259,0
DEQ,827636528088688,23,1028,133124,0
DEQ,827636528999626,23,1028,135646,0
DEQ,827636529896693,23,1028,131280,0
DEQ,827636530803011,23,1028,134629,0
DEQ,827636531700470,23,1028,127869,0
DEQ,827636532588639,23,1028,112849,0
DEQ,827636533510797,23,1028,126603,0
DEQ,827636534373779,23,1028,116178,0
DEQ,827636535259216,23,1028,142252,0
DEQ,827636536188830,23,1028,147963,0
DEQ,827636537095124,23,1028,120537,0
DEQ,827636538029761,23,1028,147030,0
DEQ,827636538829619,23,1028,40333,0
DEQ,827636539735544,23,1028,52991,0
DEQ,827636540619061,23,1028,44584,0
DEQ,827636541499885,23,1028,33570,0
DEQ,827636542405917,23,1028,42738,0
DEQ,827636543310281,23,1028,85622,0
DEQ,827636544120716,23,1028,36687,0
DEQ,827636545035947,23,1028,61801,0
DEQ,827636546005612,23,1028,125333,0
DEQ,827636546904749,23,1028,122271,0
DEQ,827636547826321,23,1028,140279,0
DEQ,827636548713768,23,1028,125061,0
DEQ,827636549616148,23,1028,124409,0
DEQ,827636550515253,23,1028,120567,0
DEQ,827636551399536,23,1028,120862,0
DEQ,827636552280883,23,1028,142239,0
DEQ,827636553160413,23,1028,93581,0
DEQ,827636554098045,23,1028,104556,0
DEQ,827636555050872,23,1028,143256,0
DEQ,827636555955840,23,1028,146390,0
DEQ,827636556842387,23,1028,127947,0
DEQ,827636557755341,23,1028,135968,0
DEQ,827636558652676,23,1028,128745,0
DEQ,827636559541551,23,1028,114403,0
DEQ,827636560469147,23,1028,128731,0
DEQ,827636561329725,23,1028,115822,0
DEQ,827636562208335,23,1028,135081,0
DEQ,827636563096543,23,1028,134277,0
DEQ,827636563995193,23,1028,130441,0
DEQ,827636564823504,23,1028,53906,0
DEQ,827636565824054,23,1028,148650,0
DEQ,827636566709440,23,1028,131521,0
DEQ,827636567606023,23,1028,123669,0
DEQ,827636568501742,23,1028,116028,0
DEQ,827636569381330,23,1028,117598,0
DEQ,827636570262334,23,1028,139439,0
DEQ,827636571199092,23,1028,149618,0
DEQ,827636572097882,23,1028,122564,0
DEQ,827636573016364,23,1028,126690,0
DEQ,827636573909840,23,1028,125939,0
DEQ,827636574827935,23,1028,138424,0
DEQ,827636575721542,23,1028,127930,0
DEQ,827636576629016,23,1028,126743,0
DEQ,827636577519901,23,1028,112743,0
DEQ,827636578402005,23,1028,115025,0
DEQ,827636579290039,23,1028,143676,0
DEQ,827636580201737,23,1028,129614,0
DEQ,827636581130554,23,1028,149750,0
DEQ,827636582043663,23,1028,126214,0
DEQ,827636582956124,23,1028,130984,0
DEQ,827636583859612,23,1028,131763,0
DEQ,827636584768890,23,1028,134337,0
DEQ,827636585662768,23,1028,123687,0
DEQ,827636586559781,23,1028,115837,0
DEQ,827636587482976,23,1028,124891,0
DEQ,827636588303939,23,1028,71945,0
DEQ,827636589219690,23,1028,128647,0
DEQ,827636590109822,23,1028,129106,0
DEQ,827636591022645,23,1028,132880,0
DEQ,827636591922458,23,1028,130040,0
DEQ,827636592831624,23,1028,136367,0
DEQ,827636593733160,23,1028,134927,0
DEQ,827636594635090,23,1028,133184,0
DEQ,827636595522739,23,1028,118184,0
DEQ,827636596415716,23,1028,132528,0
DEQ,827636597235961,23,1028,93259,0
DEQ,827636598160229,23,1028,86732,0
DEQ,827636599125923,23,1028,142624,0
DEQ,827636600042969,23,1028,129673,0
DEQ,827636600962151,23,1028,136838,0
DEQ,827636601860825,23,1028,137759,0
DEQ,827636602763134,23,1028,136463,0
DEQ,827636603667242,23,1028,136377,0
DEQ,827636604561397,23,1028,125205,0
DEQ,827636605483224,23,1028,131994,0
DEQ,827636606348543,23,1028,124088,0
DEQ,827636607216571,23,1028,132709,0
DEQ,827636608111911,23,1028,139061,0
DEQ,827636609032395,23,1028,123979,0
DEQ,827636609963148,23,1028,147589,0
DEQ,827636610860332,23,1028,140100,0
DEQ,827636611759936,23,1028,134979,0
DEQ,827636612668350,23,1028,137623,0
DEQ,827636613562697,23,1028,128360,0
DEQ,827636614480137,23,1028,132519,0
DEQ,827636615347350,23,1028,124570,0
DEQ,827636616208082,23,1028,125862,0
DEQ,827636617111463,23,1028,140019,0
DEQ,827636618040124,23,1028,129575,0
DEQ,827636618954813,23,1028,135946,0
DEQ,827636619853395,23,1028,133211,0
DEQ,827636620763936,23,1028,137840,0
DEQ,827636621668412,23,1028,136497,0
DEQ,827636622555250,23,1028,117840,0
DEQ,827636623483074,23,1028,131132,0
DEQ,827636624347775,23,1028,121647,0
DEQ,827636625209189,23,1028,123273,0
DEQ,827636626126066,23,1028,149540,0
DEQ,827636627040377,23,1028,127765,0
DEQ,827636627962014,23,1028,143191,0
DEQ,827636628857496,23,1028,135243,0
DEQ,827636629765980,23,1028,139270,0
DEQ,827636630673498,23,1028,140095,0
DEQ,827636631549796,23,1028,112654,0
DEQ,827636632475041,23,1028,125268,0
DEQ,827636633294456,23,1028,70503,0
DEQ,827636634207386,23,1028,124119,0
DEQ,827636635120707,23,1028,148068,0
DEQ,827636636044628,23,1028,129651,0
DEQ,827636636957549,23,1028,134649,0
DEQ,827636637854852,23,1028,131810,0
DEQ,827636638750467,23,1028,122971,0
DEQ,827636639663063,23,1028,132099,0
DEQ,827636640553186,23,1028,118163,0
DEQ,827636641401027,23,1028,52726,0
DEQ,827636642288592,23,1028,69667,0
DEQ,827636643156430,23,1028,78336,0
DEQ,827636644097327,23,1028,129706,0
DEQ,827636645005607,23,1028,134565,0
DEQ,827636645909914,23,1028,134963,0
DEQ,827636646822888,23,1028,144931,0
DEQ,827636647711700,23,1028,131086,0
DEQ,827636648631340,23,1028,142043,0
DEQ,827636649513793,23,1028,120574,0
DEQ,827636650387199,23,1028,115957,0
DEQ,827636651270888,23,1028,140300,0
DEQ,827636652219677,23,1028,162428,0
DEQ,827636653108979,23,1028,126605,0
DEQ,827636654019027,23,1028,127517,0
DEQ,827636654921814,23,1028,126093,0
DEQ,827636655837351,23,1028,135600,0
DEQ,827636656746252,23,1028,141434,0
DEQ,827636657643399,23,1028,133424,0
DEQ,827636658538820,23,1028,125537,0
DEQ,827636659470023,23,1028,137711,0
DEQ,827636660332412,23,1028,125927,0
DEQ,827636661204806,23,1028,138965,0
DEQ,827636662082462,23,1028,126246,0
DEQ,827636662992045,23,1028,131789,0
DEQ,827636663895770,23,1028,132935,0
DEQ,827636664810054,23,1028,143364,0
DEQ,827636665702447,23,1028,132773,0
DEQ,827636666607995,23,1028,133842,0
DEQ,827636667488612,23,1028,111947,0
DEQ,827636668381829,23,1028,125750,0
DEQ,827636669235946,23,1028,120518,0
DEQ,827636670147967,23,1028,128879,0
DEQ,827636671065769,23,1028,149143,0
DEQ,827636671947855,23,1028,128714,0
DEQ,827636672850314,23,1028,126738,0
DEQ,827636673749375,23,1028,135468,0
DEQ,827636674641413,23,1028,136527,0
DEQ,827636675439122,23,1028,43261,0
DEQ,827636676316021,23,1028,54661,0
DEQ,827636677269782,23,1028,147507,0
DEQ,827636678120338,23,1028,74678,0
DEQ,827636679084937,23,1028,130681,0
DEQ,827636679981720,23,1028,125715,0
DEQ,827636680883388,23,1028,123149,0
DEQ,827636681789768,23,1028,125354,0
DEQ,827636682707108,23,1028,138613,0
DEQ,827636683601471,23,1028,128928,0
DEQ,827636684507621,23,1028,130156,0
DEQ,827636685353072,23,1028,101989,0
DEQ,827636686196083,23,1028,80316,0
DEQ,827636687127289,23,1028,83928,0
DEQ,827636688096335,23,1028,127137,0
DEQ,827636689002715,23,1028,124284,0
DEQ,827636689914839,23,1028,137576,0
DEQ,827636690823036,23,1028,141816,0
DEQ,827636691709862,23,1028,123904,0
DEQ,827636692618892,23,1028,127877,0
DEQ,827636693521021,23,1028,125906,0
DEQ,827636694376624,23,1028,107482,0
DEQ,827636695218569,23,1028,84717,0
DEQ,827636696138942,23,1028,78389,0
DEQ,827636697100114,23,1028,129011,0
DEQ,827636698012104,23,1028,138929,0
DEQ,827636698921769,23,1028,141696,0
DEQ,827636699822837,23,1028,138593,0
DEQ,827636700719872,23,1028,132581,0
DEQ,827636701621952,23,1028,130420,0
DEQ,827636702527061,23,1028,131730,0
DEQ,827636703375363,23,1028,105812,0
DEQ,827636704221070,23,1028,87072,0
DEQ,827636705197082,23,1028,137435,0
DEQ,827636706099659,23,1028,128874,0
DEQ,827636707000729,23,1028,132944,0
DEQ,827636707904445,23,1028,130849,0
DEQ,827636708824672,23,1028,147195,0
DEQ,827636709716371,23,1028,135192,0
DEQ,827636710620867,23,1028,136019,0
DEQ,827636711528798,23,1028,138299,0
DEQ,827636712367409,23,1028,102950,0
DEQ,827636713273513,23,1028,144495,0
DEQ,827636714198202,23,1028,144873,0
DEQ,827636715109192,23,1028,130390,0
DEQ,827636716018513,23,1028,130705,0
DEQ,827636716921363,23,1028,132945,0
DEQ,827636717835570,23,1028,139090,0
DEQ,827636718736390,23,1028,133269,0
DEQ,827636719642035,23,1028,134955,0
DEQ,827636720552275,23,1028,136965,0
DEQ,827636721411039,23,1028,124645,0
DEQ,827636722304888,23,1028,122997,0
DEQ,827636723172937,23,1028,134892,0
DEQ,827636724081474,23,1028,138767,0
DEQ,827636724977891,23,1028,132285,0
DEQ,827636725883205,23,1028,134039,0
DEQ,827636726789214,23,1028,135765,0
DEQ,827636727696475,23,1028,138677,0
DEQ,827636728593923,23,1028,132739,0
DEQ,827636729488928,23,1028,124722,0
DEQ,827636730336599,23,1028,99309,0
DEQ,827636731172505,23,1028,74613,0
DEQ,827636732099837,23,1028,111839,0
DEQ,827636733022068,23,1028,125208,0
DEQ,827636733923344,23,1028,124843,0
DEQ,827636734841972,23,1028,140744,0
DEQ,827636735730357,23,1028,125951,0
DEQ,827636736632479,23,1028,124490,0
DEQ,827636737546638,23,1028,135412,0
DEQ,827636738411503,23,1028,125537,0
DEQ,827636739259337,23,1028,113902,0
DEQ,827636740119053,23,1028,47060,0
DEQ,827636741034201,23,1028,52970,0
DEQ,827636742009711,23,1028,125628,0
DEQ,827636742917120,23,1028,127730,0
DEQ,827636743836286,23,1028,142598,0
DEQ,827636744734399,23,1028,132672,0
DEQ,827636745630890,23,1028,125516,0
DEQ,827636746536171,23,1028,128784,0
DEQ,827636747394103,23,1028,112840,0
DEQ,827636748268542,23,1028,127765,0
DEQ,827636749158654,23,1028,84111,0
DEQ,827636750114492,23,1028,130567,0
DEQ,827636751053656,23,1028,135372,0
DEQ,827636751958376,23,1028,132102,0
DEQ,827636752868853,23,1028,142653,0
DEQ,827636753774652,23,1028,141216,0
DEQ,827636754663032,23,1028,127100,0
DEQ,827636755576367,23,1028,136796,0
DEQ,827636756476080,23,1028,131639,0
DEQ,827636757322820,23,1028,105185,0
DEQ,827636758156242,23,1028,73930,0
DEQ,827636759111957,23,1028,140275,0
DEQ,827636760039731,23,1028,132420,0
DEQ,827636760953333,23,1028,138595,0
DEQ,827636761856310,23,1028,138257,0
DEQ,827636762751953,23,1028,130660,0
DEQ,827636763653619,23,1028,128159,0
DEQ,827636764576627,23,1028,146635,0
DEQ,827636765439883,23,1028,134895,0
DEQ,827636766284371,23,1028,120061,0
DEQ,827636767199389,23,1028,131158,0
DEQ,827636768113413,23,1028,136198,0
DEQ,827636769007843,23,1028,124139,0
DEQ,827636769921996,23,1028,137105,0
DEQ,827636770825920,23,1028,136732,0
DEQ,827636771724899,23,1028,132154,0
DEQ,827636772631243,23,1028,135484,0
DEQ,827636773526898,23,1028,127515,0
DEQ,827636774396590,23,1028,123344,0
DEQ,827636775185694,23,1028,53024,0
DEQ,827636776204952,23,1028,143123,0
DEQ,827636777097594,23,1028,126089,0
DEQ,827636778006200,23,1028,135655,0
DEQ,827636778896735,23,1028,123220,0
DEQ,827636779823037,23,1028,145043,0
DEQ,827636780715589,23,1028,133681,0
DEQ,827636781617806,23,1028,131466,0
DEQ,827636782525113,23,1028,134654,0
DEQ,827636783386318,23,1028,121603,0
DEQ,827636784248564,23,1028,124609,0
DEQ,827636785137771,23,1028,82389,0
DEQ,827636786101566,23,1028,120801,0
DEQ,827636787019147,23,1028,123225,0
DEQ,827636787928240,23,1028,138458,0
DEQ,827636788834389,23,1028,141379,0
DEQ,827636789729339,23,1028,131184,0
DEQ,827636790634492,23,1028,131425,0
DEQ,827636791534957,23,1028,128516,0
DEQ,827636792405149,23,1028,123628,0
DEQ,827636793269191,23,1028,128222,0
DEQ,827636794156238,23,1028,86949,0
DEQ,827636795102560,23,1028,124268,0
DEQ,827636796011409,23,1028,130736,0
DEQ,827636796912283,23,1028,124995,0
DEQ,827636797806192,23,1028,113840,0
DEQ,827636798722689,23,1028,129392,0
DEQ,827636799521481,23,1028,37891,0
DEQ,827636800419105,23,1028,44330,0
DEQ,827636801285579,23,1028,34215,0
DEQ,827636802191742,23,1028,79696,0
DEQ,827636803117218,23,1028,86010,0
DEQ,827636804080175,23,1028,152288,0
DEQ,827636804969576,23,1028,138039,0
DEQ,827636805869746,23,1028,134891,0
DEQ,827636806777435,23,1028,138840,0
DEQ,827636807684782,23,1028,143463,0
DEQ,827636808576955,23,1028,132842,0
DEQ,827636809471737,23,1028,123599,0
DEQ,827636810342773,23,1028,120837,0
DEQ,827636811183578,23,1028,102429,0
DEQ,827636812096406,23,1028,125037,0
DEQ,827636813003495,23,1028,129324,0
DEQ,827636813910088,23,1028,132104,0
DEQ,827636814819927,23,1028,138784,0
DEQ,827636815711708,23,1028,128685,0
DEQ,827636816618839,23,1028,128007,0
DEQ,827636817520027,23,1028,125910,0
DEQ,827636818382165,23,1028,115018,0
DEQ,827636819209084,23,1028,82692,0
DEQ,827636820121672,23,1028,71730,0
DEQ,827636821030957,23,1028,63892,0
DEQ,827636821998110,23,1028,132231,0
DEQ,827636822913096,23,1028,139486,0
DEQ,827636823829721,23,1028,151326,0
DEQ,827636824723178,23,1028,139798,0
DEQ,827636825619678,23,1028,132823,0
DEQ,827636826518925,23,1028,128148,0
DEQ,827636827394076,23,1028,143756,0
DEQ,827636828246222,23,1028,125161,0
DEQ,827636829124618,23,1028,83705,0
DEQ,827636830093731,23,1028,151390,0
DEQ,827636830978993,23,1028,130714,0
DEQ,827636831876268,23,1028,122780,0
DEQ,827636832787998,23,1028,131117,0
DEQ,827636833701257,23,1028,139219,0
DEQ,827636834590809,23,1028,125746,0
DEQ,827636835494603,23,1028,127233,0
DEQ,827636836354437,23,1028,113542,0
DEQ,827636837229800,23,1028,128449,0
DEQ,827636838125124,23,1028,133665,0
DEQ,827636839039036,23,1028,136497,0
DEQ,827636839952884,23,1028,146334,0
DEQ,827636840842032,23,1028,128748,0
DEQ,827636841742400,23,1028,126478,0
DEQ,827636842644946,23,1028,126129,0
DEQ,827636843547150,23,1028,124881,0
DEQ,827636844455257,23,1028,127336,0
DEQ,827636845324942,23,1028,123917,0
DEQ,827636846199878,23,1028,134622,0
DEQ,827636847078970,23,1028,125386,0
DEQ,827636848000556,23,1028,132972,0
DEQ,827636848896390,23,1028,125446,0
DEQ,827636849805252,23,1028,130651,0
DEQ,827636850711756,23,1028,134509,0
DEQ,827636851609276,23,1028,128383,0
DEQ,827636852520032,23,1028,135493,0
DEQ,827636853374526,23,1028,116542,0
DEQ,827636854262324,23,1028,144692,0
DEQ,827636855137392,23,1028,94271,0
DEQ,827636856074529,23,1028,105466,0
DEQ,827636857004931,23,1028,115155,0
DEQ,827636857909544,23,1028,126174,0
DEQ,827636858831335,23,1028,140193,0
DEQ,827636859726717,23,1028,131341,0
DEQ,827636860631526,23,1028,131268,0
DEQ,827636861538943,23,1028,134983,0
DEQ,827636862401504,23,1028,123022,0
DEQ,827636863219942,23,1028,81977,0
DEQ,827636864137527,23,1028,75067,0
DEQ,827636865083224,23,1028,111934,0
DEQ,827636866018222,23,1028,140382,0
DEQ,827636866910905,23,1028,130291,0
DEQ,827636867829701,23,1028,144362,0
DEQ,827636868713978,23,1028,123445,0
DEQ,827636869619830,23,1028,125595,0
DEQ,827636870522951,23,1028,125304,0
DEQ,827636871358782,23,1028,88292,0
DEQ,827636872277396,23,1028,147655,0
DEQ,827636873139860,23,1028,85229,0
DEQ,827636874117397,23,1028,133268,0
DEQ,827636875029842,23,1028,125093,0
DEQ,827636875949552,23,1028,150303,0
DEQ,827636876835965,23,1028,133159,0
DEQ,827636877739321,23,1028,132035,0
DEQ,827636878645294,23,1028,133265,0
DEQ,827636879550031,23,1028,134794,0
DEQ,827636880416447,23,1028,128254,0
DEQ,827636881299372,23,1028,143590,0
DEQ,827636882206415,23,1028,136084,0
DEQ,827636883090516,23,1028,111848,0
DEQ,827636883965845,23,1028,45891,0
DEQ,827636884963106,23,1028,134440,0
DEQ,827636885870219,23,1028,138160,0
DEQ,827636886767902,23,1028,131330,0
DEQ,827636887671911,23,1028,129527,0
DEQ,827636888589582,23,1028,139021,0
DEQ,827636889488904,23,1028,135869,0
DEQ,827636890370605,23,1028,144219,0
DEQ,827636891218262,23,1028,120884,0
DEQ,827636892118903,23,1028,102706,0
DEQ,827636893060594,23,1028,143945,0
DEQ,827636893956584,23,1028,135840,0
DEQ,827636894781490,23,1028,55277,0
DEQ,827636895761396,23,1028,129846,0
DEQ,827636896662560,23,1028,127706,0
DEQ,827636897578049,23,1028,139701,0
DEQ,827636898466780,23,1028,125344,0
DEQ,827636899337089,23,1028,122373,0
DEQ,827636900207464,23,1028,133248,0
DEQ,827636901082571,23,1028,118894,0
DEQ,827636902004203,23,1028,131355,0
DEQ,827636902911826,23,1028,134357,0
DEQ,827636903831535,23,1028,151737,0
DEQ,827636904716384,23,1028,132951,0
DEQ,827636905624107,23,1028,137809,0
DEQ,827636906521373,23,1028,126678,0
DEQ,827636907340894,23,1028,74497,0
DEQ,827636908270928,23,1028,145030,0
DEQ,827636909193262,23,1028,143556,0
DEQ,827636910102673,23,1028,123275,0
DEQ,827636911029790,23,1028,118719,0
DEQ,827636911954372,23,1028,130456,0
DEQ,827636912851780,23,1028,127342,0
DEQ,827636913752304,23,1028,124298,0
DEQ,827636914672222,23,1028,137854,0
DEQ,827636915599333,23,1028,160794,0
DEQ,827636916497614,23,1028,142686,0
DEQ,827636917377746,23,1028,148390,0
DEQ,827636918194989,23,1028,90805,0
DEQ,827636919163218,23,1028,130414,0
DEQ,827636920080514,23,1028,116825,0
DEQ,827636920994686,23,1028,120531,0
DEQ,827636921901285,23,1028,127174,0
DEQ,827636922827750,23,1028,146644,0
DEQ,827636923712699,23,1028,127488,0
DEQ,827636924612560,23,1028,123574,0
DEQ,827636925522128,23,1028,128361,0
DEQ,827636926383226,23,1028,115341,0
DEQ,827636927270461,23,1028,143105,0
DEQ,827636928188995,23,1028,135698,0
DEQ,827636929124041,23,1028,139017,0
DEQ,827636930041685,23,1028,130829,0
DEQ,827636930960326,23,1028,140203,0
DEQ,827636931854887,23,1028,134477,0
DEQ,827636932759459,23,1028,132240,0
DEQ,827636933662223,23,1028,131827,0
DEQ,827636934482038,23,1028,77979,0
DEQ,827636935301580,23,1028,34452,0
DEQ,827636936162228,23,1028,34323,0
DEQ,827636937082556,23,1028,50612,0
DEQ,827636937992928,23,1028,62333,0
DEQ,827636938878152,23,1028,50588,0
DEQ,827636939855592,23,1028,133173,0
DEQ,827636940759155,23,1028,133915,0
DEQ,827636941658023,23,1028,131064,0
DEQ,827636942567712,23,1028,138625,0
DEQ,827636943458348,23,1028,126771,0
DEQ,827636944326303,23,1028,121507,0
DEQ,827636945202378,23,1028,138432,0
DEQ,827636946070206,23,1028,117304,0
DEQ,827636946986761,23,1028,123550,0
DEQ,827636947897305,23,1028,131329,0
DEQ,827636948799293,23,1028,130467,0
DEQ,827636949713510,23,1028,142766,0
DEQ,827636950602928,23,1028,127497,0
DEQ,827636951514653,23,1028,135524,0
DEQ,827636952398120,23,1028,145604,0
DEQ,827636953244005,23,1028,120400,0
DEQ,827636954126536,23,1028,79212,0
DEQ,827636955050999,23,1028,110448,0
DEQ,827636955982773,23,1028,127995,0
DEQ,827636956889953,23,1028,132581,0
DEQ,827636957787023,23,1028,124115,0
DEQ,827636958701838,23,1028,135879,0
DEQ,827636959599581,23,1028,125322,0
DEQ,827636960511408,23,1028,135110,0
DEQ,827636961375597,23,1028,126244,0
DEQ,827636962180072,23,1028,71360,0
DEQ,827636963107634,23,1028,108836,0
DEQ,827636964022585,23,1028,113138,0
DEQ,827636964953176,23,1028,133855,0
DEQ,827636965847226,23,1028,123771,0
DEQ,827636966754127,23,1028,128689,0
DEQ,827636967656354,23,1028,127296,0
DEQ,827636968578328,23,1028,146654,0
DEQ,827636969468645,23,1028,133786,0
DEQ,827636970336375,23,1028,128122,0
DEQ,827636971191725,23,1028,123966,0
DEQ,827636972082238,23,1028,125759,0
DEQ,827636972977178,23,1028,117399,0
DEQ,827636973899908,23,1028,132759,0
DEQ,827636974807844,23,1028,137819,0
DEQ,827636975702218,23,1028,128729,0
DEQ,827636976600398,23,1028,123731,0
DEQ,827636977510091,23,1028,130102,0
DEQ,827636978372148,23,1028,115234,0
DEQ,827636979257677,23,1028,141566,0
DEQ,827636980138735,23,1028,97177,0
DEQ,827636981096560,23,1028,129574,0
DEQ,827636981987169,23,1028,110343,0
DEQ,827636982920594,23,1028,137306,0
DEQ,827636983830256,23,1028,138950,0
DEQ,827636984725576,23,1028,129772,0
DEQ,827636985623684,23,1028,124357,0
DEQ,827636986526572,23,1028,122847,0
DEQ,827636987403203,23,1028,126234,0
DEQ,827636988282795,23,1028,146429,0
DEQ,827636989153055,23,1028,90403,0
DEQ,827636990107000,23,1028,117705,0
DEQ,827636991015834,23,1028,115518,0
DEQ,827636991948771,23,1028,141416,0
DEQ,827636992844953,23,1028,130414,0
DEQ,827636993753718,23,1028,135127,0
DEQ,827636994661758,23,1028,137456,0
DEQ,827636995576413,23,1028,147535,0
DEQ,827636996469885,23,1028,137189,0
DEQ,827636997325306,23,1028,118955,0
DEQ,827636998208807,23,1028,143108,0
DEQ,827636999080524,23,1028,126945,0
DEQ,827636999979216,23,1028,122854,0
DEQ,827637000896382,23,1028,126995,0
DEQ,827637001794040,23,1028,121219,0
DEQ,827637002706854,23,1028,131707,0
DEQ,827637003613123,23,1028,134777,0
DEQ,827637004503269,23,1028,123025,0
DEQ,827637005366675,23,1028,113483,0
DEQ,827637006232261,23,1028,119951,0
DEQ,827637007114237,23,1028,98077,0
DEQ,827637008064583,23,1028,146220,0
DEQ,827637008935738,23,1028,112986,0
DEQ,827637009856573,23,1028,127733,0
DEQ,827637010766851,23,1028,135458,0
DEQ,827637011661835,23,1028,128473,0
DEQ,827637012578424,23,1028,141677,0
DEQ,827637013464271,23,1028,124856,0
DEQ,827637014358325,23,1028,145593,0
DEQ,827637015229815,23,1028,145889,0
DEQ,827637016106382,23,1028,80139,0
DEQ,827637016992025,23,1028,58646,0
DEQ,827637017949698,23,1028,112282,0
DEQ,827637018877411,23,1028,127629,0
DEQ,827637019787462,23,1028,131686,0
DEQ,827637020702251,23,1028,141992,0
DEQ,827637021589613,23,1028,125715,0
DEQ,827637022496622,23,1028,128773,0
DEQ,827637023363530,23,1028,122429,0
DEQ,827637024214052,23,1028,113749,0
DEQ,827637025117807,23,1028,128301,0
DEQ,827637026029797,23,1028,131671,0
DEQ,827637026840428,23,1028,38845,0
DEQ,827637027828027,23,1028,131894,0
DEQ,827637028728069,23,1028,128252,0
DEQ,827637029629522,23,1028,127477,0
DEQ,827637030530959,23,1028,125863,0
DEQ,827637031404879,23,1028,126411,0
DEQ,827637032278160,23,1028,140458,0
DEQ,827637033217708,23,1028,151172,0
DEQ,827637034144879,23,1028,149771,0
DEQ,827637035050619,23,1028,126960,0
DEQ,827637035936603,23,1028,101820,0
DEQ,827637036866779,23,1028,128182,0
DEQ,827637037776835,23,1028,134853,0
DEQ,827637038674148,23,1028,127195,0
DEQ,827637039581688,23,1028,128440,0
DEQ,827637040480018,23,1028,124087,0
DEQ,827637041301815,23,1028,72366,0
DEQ,827637042205837,23,1028,117055,0
DEQ,827637043088898,23,1028,110700,0
DEQ,827637044006457,23,1028,123225,0
DEQ,827637044898338,23,1028,111806,0
DEQ,827637045825334,23,1028,130807,0
DEQ,827637046726052,23,1028,126405,0
DEQ,827637047627729,23,1028,125415,0
DEQ,827637048536680,23,1028,131136,0
DEQ,827637049402449,23,1028,123785,0
DEQ,827637050281660,23,1028,143643,0
DEQ,827637051223865,23,1028,160479,0
DEQ,827637052121293,23,1028,130758,0
DEQ,827637053035361,23,1028,116682,0
DEQ,827637053929849,23,1028,101482,0
DEQ,827637054866353,23,1028,131502,0
DEQ,827637055769232,23,1028,127475,0
DEQ,827637056669539,23,1028,125591,0
DEQ,827637057544109,23,1028,93899,0
DEQ,827637058476988,23,1028,136986,0
DEQ,827637059289014,23,1028,88837,0
DEQ,827637060113755,23,1028,52967,0
DEQ,827637061093988,23,1028,144178,0
DEQ,827637061973735,23,1028,132444,0
DEQ,827637062860924,23,1028,116355,0
DEQ,827637063787860,23,1028,135240,0
DEQ,827637064702564,23,1028,146194,0
DEQ,827637065590076,23,1028,130893,0
DEQ,827637066486102,23,1028,123518,0
DEQ,827637067350144,23,1028,114602,0
DEQ,827637068207218,23,1028,112167,0
DEQ,827637069100208,23,1028,116451,0
DEQ,827637070018393,23,1028,123099,0
DEQ,827637070927602,23,1028,127959,0
DEQ,827637071816864,23,1028,114575,0
DEQ,827637072735555,23,1028,125148,0
DEQ,827637073642426,23,1028,129917,0
DEQ,827637074543337,23,1028,128705,0
DEQ,827637075417647,23,1028,129870,0
DEQ,827637076292661,23,1028,139768,0
DEQ,827637077151263,23,1028,132254,0
DEQ,827637078089822,23,1028,161608,0
DEQ,827637078969132,23,1028,141022,0
DEQ,827637079880420,23,1028,143570,0
DEQ,827637080761521,23,1028,121081,0
DEQ,827637081704307,23,1028,148122,0
DEQ,827637082584995,23,1028,124275,0
DEQ,827637083457886,23,1028,123540,0
DEQ,827637084280513,23,1028,86498,0
DEQ,827637085127594,23,1028,89131,0
DEQ,827637086087564,23,1028,147590,0
DEQ,827637086976953,23,1028,133058,0
DEQ,827637087881055,23,1028,132985,0
DEQ,827637088782443,23,1028,130656,0
DEQ,827637089673234,23,1028,118386,0
DEQ,827637090599640,23,1028,135293,0
DEQ,827637091500769,23,1028,131734,0
DEQ,827637092368593,23,1028,123496,0
DEQ,827637093229772,23,1028,125110,0
DEQ,827637094113494,23,1028,119413,0
DEQ,827637094956310,23,1028,52307,0
DEQ,827637095950801,23,1028,142939,0
DEQ,827637096843679,23,1028,133008,0
DEQ,827637097750093,23,1028,136103,0
DEQ,827637098635937,23,1028,119677,0
DEQ,827637099500228,23,1028,96277,0
DEQ,827637100354151,23,1028,90551,0
DEQ,827637101197958,23,1028,74949,0
DEQ,827637102129051,23,1028,100773,0
DEQ,827637103074711,23,1028,148215,0
DEQ,827637103958918,23,1028,126395,0
DEQ,827637104857596,23,1028,122635,0
DEQ,827637105776661,23,1028,137991,0
DEQ,827637106688920,23,1028,147243,0
DEQ,827637107565323,23,1028,120190,0
DEQ,827637108478963,23,1028,127388,0
DEQ,827637109342889,23,1028,117314,0
DEQ,827637110208176,23,1028,123364,0
DEQ,827637111103482,23,1028,130148,0
DEQ,827637112028788,23,1028,117858,0
DEQ,827637112950114,23,1028,129841,0
DEQ,827637113848911,23,1028,127242,0
DEQ,827637114763298,23,1028,135293,0
DEQ,827637115671344,23,1028,137692,0
DEQ,827637116555392,23,1028,118116,0
DEQ,827637117475727,23,1028,124094,0
DEQ,827637118300935,23,1028,75143,0
DEQ,827637119208009,23,1028,122910,0
DEQ,827637120115669,23,1028,141029,0
DEQ,827637121034992,23,1028,123775,0
DEQ,827637121962628,23,1028,142875,0
DEQ,827637122856512,23,1028,135531,0
DEQ,827637123757233,23,1028,130604,0
DEQ,827637124660569,23,1028,128553,0
DEQ,827637125555946,23,1028,119793,0
DEQ,827637126485772,23,1028,135805,0
DEQ,827637127312680,23,1028,88506,0
DEQ,827637128157969,23,1028,74133,0
DEQ,827637129102998,23,1028,130046,0
DEQ,827637130041163,23,1028,132224,0
DEQ,827637130960349,23,1028,143296,0
DEQ,827637131856304,23,1028,135062,0
DEQ,827637132758529,23,1028,131010,0
DEQ,827637133660404,23,1028,128532,0
DEQ,827637134549233,23,1028,113258,0
DEQ,827637135471950,23,1028,123519,0
DEQ,827637136346397,23,1028,124051,0
DEQ,827637137201742,23,1028,119868,0
DEQ,827637138101629,23,1028,130689,0
DEQ,827637138996790,23,1028,122271,0
DEQ,827637139907385,23,1028,128855,0
DEQ,827637140827924,23,1028,145454,0
DEQ,827637141717551,23,1028,132379,0
DEQ,827637142619930,23,1028,132206,0
DEQ,827637143499053,23,1028,107932,0
DEQ,827637144390247,23,1028,122224,0
DEQ,827637145274138,23,1028,146863,0
DEQ,827637146194975,23,1028,142005,0
DEQ,827637147095074,23,1028,117077,0
DEQ,827637148013516,23,1028,125938,0
DEQ,827637148912872,23,1028,124546,0
DEQ,827637149835139,23,1028,140447,0
DEQ,827637150726174,23,1028,126337,0
DEQ,827637151653977,23,1028,142197,0
DEQ,827637152541052,23,1028,125250,0
DEQ,827637153462929,23,1028,130265,0
DEQ,827637154336141,23,1028,129926,0
DEQ,827637155194927,23,1028,129477,0
DEQ,827637156078365,23,1028,123670,0
DEQ,827637156991766,23,1028,134504,0
DEQ,827637157895423,23,1028,134332,0
DEQ,827637158801067,23,1028,137156,0
DEQ,827637159705482,23,1028,139078,0
DEQ,827637160147805,23,84,17184,0
DEQ,827637160522967,23,1028,51894,0
DEQ,827637161497621,23,1028,121216,0
DEQ,827637162328491,23,1028,70706,0
DEQ,827637163259924,23,1028,142735,0
DEQ,827637164185879,23,1028,142874,0
DEQ,827637165099849,23,1028,126855,0
DEQ,827637166014852,23,1028,131205,0
DEQ,827637166922684,23,1028,140480,0
DEQ,827637167838177,23,1028,151443,0
DEQ,827637168725214,23,1028,134327,0
DEQ,827637169620041,23,1028,123606,0
DEQ,827637170514884,23,1028,114825,0
DEQ,827637171410376,23,1028,129937,0
DEQ,827637172222162,23,1028,82358,0
DEQ,827637173156361,23,1028,90243,0
DEQ,827637174103548,23,1028,127319,0
DEQ,827637175009521,23,1028,132328,0
DEQ,827637175917610,23,1028,132046,0
DEQ,827637176828688,23,1028,141078,0
DEQ,827637177716997,23,1028,124457,0
DEQ,827637178627470,23,1028,129351,0
DEQ,827637179534101,23,1028,132334,0
DEQ,827637180416642,23,1028,130219,0
DEQ,827637181295658,23,1028,143565,0
DEQ,827637182205540,23,1028,137319,0
DEQ,827637183108866,23,1028,132097,0
DEQ,827637184008305,23,1028,130840,0
DEQ,827637184915381,23,1028,134266,0
DEQ,827637185832844,23,1028,146167,0
DEQ,827637186724021,23,1028,133787,0
DEQ,827637187631482,23,1028,135143,0
DEQ,827637188523298,23,1028,123223,0
DEQ,827637189402133,23,1028,120663,0
DEQ,827637190286850,23,1028,146044,0
DEQ,827637191223792,23,1028,156346,0
DEQ,827637192120300,23,1028,127009,0
DEQ,827637193044793,23,1028,138608,0
DEQ,827637193954403,23,1028,146621,0
DEQ,827637194849472,23,1028,135851,0
DEQ,827637195748298,23,1028,142033,0
DEQ,827637196583525,23,1028,79682,0
DEQ,827637197429283,23,1028,35356,0
DEQ,827637198400312,23,1028,139467,0
DEQ,827637199247567,23,1028,126804,0
DEQ,827637200157451,23,1028,105968,0
DEQ,827637201099979,23,1028,114685,0
DEQ,827637202041536,23,1028,128156,0
DEQ,827637202963475,23,1028,141418,0
DEQ,827637203856061,23,1028,133646,0
DEQ,827637204763812,23,1028,135355,0
DEQ,827637205668163,23,1028,134628,0
DEQ,827637206563008,23,1028,122324,0
DEQ,827637207489730,23,1028,132072,0
DEQ,827637208313003,23,1028,80756,0
DEQ,827637209206222,23,1028,117497,0
DEQ,827637210092450,23,1028,114043,0
DEQ,827637211012091,23,1028,128880,0
DEQ,827637211924990,23,1028,137095,0
DEQ,827637212824140,23,1028,133857,0
DEQ,827637213716845,23,1028,123540,0
DEQ,827637214629995,23,1028,133472,0
DEQ,827637215512883,23,1028,112859,0
DEQ,827637216403261,23,1028,124959,0
DEQ,827637217228791,23,1028,90743,0
DEQ,827637218156376,23,1028,92143,0
DEQ,827637219037361,23,1028,63325,0
DEQ,827637219929037,23,1028,54048,0
DEQ,827637220913205,23,1028,131973,0
DEQ,827637221828161,23,1028,142977,0
DEQ,827637222723589,23,1028,134629,0
DEQ,827637223626881,23,1028,129394,0
DEQ,827637224514683,23,1028,113962,0
DEQ,827637225374326,23,1028,90699,0
DEQ,827637226288957,23,1028,145760,0
DEQ,827637227213949,23,1028,141859,0
DEQ,827637228111200,23,1028,129287,0
DEQ,827637229009902,23,1028,127267,0
DEQ,827637229917952,23,1028,132426,0
DEQ,827637230834793,23,1028,143370,0
DEQ,827637231727745,23,1028,131854,0
DEQ,827637232637296,23,1028,137338,0
DEQ,827637233516816,23,1028,112473,0
DEQ,827637234415091,23,1028,128059,0
DEQ,827637235298208,23,1028,151585,0
DEQ,827637236201158,23,1028,133969,0
DEQ,827637237102615,23,1028,126304,0
DEQ,827637238008334,23,1028,132659,0
DEQ,827637238921983,23,1028,141419,0
DEQ,827637239830086,23,1028,144023,0
DEQ,827637240713989,23,1028,123875,0
DEQ,827637241621074,23,1028,125256,0
DEQ,827637242510810,23,1028,110535,0
DEQ,827637243406512,23,1028,125547,0
DEQ,827637244285076,23,1028,144618,0
DEQ,827637245218008,23,1028,151637,0
DEQ,827637246125538,23,1028,131873,0
DEQ,827637247037841,23,1028,132538,0
DEQ,827637247956714,23,1028,145893,0
DEQ,827637248845777,23,1028,132809,0
DEQ,827637249751060,23,1028,134263,0
DEQ,827637250647519,23,1028,124913,0
DEQ,827637251539940,23,1028,112045,0
DEQ,827637252472317,23,1028,130020,0
DEQ,827637253338693,23,1028,123141,0
DEQ,827637254206861,23,1028,132028,0
DEQ,827637255095057,23,1028,131744,0
DEQ,827637255997753,23,1028,131954,0
DEQ,827637256901106,23,1028,130898,0
DEQ,827637257802948,23,1028,129611,0
DEQ,827637258708339,23,1028,132289,0
DEQ,827637259614390,23,1028,135275,0
DEQ,827637260498532,23,1028,115833,0
DEQ,827637261352766,23,1028,93371,0
DEQ,827637262211424,23,1028,92778,0
DEQ,827637263126820,23,1028,84206,0
DEQ,827637264093598,23,1028,124737,0
DEQ,827637265007439,23,1028,126949,0
DEQ,827637265911797,23,1028,131763,0
DEQ,827637266833278,23,1028,146741,0
DEQ,827637267726214,23,1028,135514,0
DEQ,827637268631400,23,1028,137332,0
DEQ,827637269520424,23,1028,122900,0
DEQ,827637270403196,23,1028,123072,0
DEQ,827637271231333,23,1028,91299,0
DEQ,827637272204868,23,1028,140835,0
DEQ,827637273100755,23,1028,128021,0
DEQ,827637274008133,23,1028,134774,0
DEQ,827637274910277,23,1028,131050,0
DEQ,827637275839399,23,1028,156534,0
DEQ,827637276718310,23,1028,131342,0
DEQ,827637277622766,23,1028,130603,0
DEQ,827637278522122,23,1028,125531,0
DEQ,827637279408528,23,1028,125899,0
DEQ,827637280289673,23,1028,147513,0
DEQ,827637281232790,23,1028,165164,0
DEQ,827637282110706,23,1028,132223,0
DEQ,827637283016377,23,1028,127477,0
DEQ,827637283941247,23,1028,153366,0
DEQ,827637284828027,23,1028,136634,0
DEQ,827637285736614,23,1028,140541,0
DEQ,827637286629938,23,1028,128343,0
DEQ,827637287522458,23,1028,116376,0
DEQ,827637288403293,23,1028,117056,0
DEQ,827637289290509,23,1028,144789,0
DEQ,827637290203929,23,1028,129261,0
DEQ,827637291125034,23,1028,140000,0
DEQ,827637292044722,23,1028,129728,0
DEQ,827637292963883,23,1028,139387,0
DEQ,827637293856944,23,1028,132991,0
DEQ,827637294763600,23,1028,133757,0
DEQ,827637295697660,23,1028,158780,0
DEQ,827637296567427,23,1028,124258,0
DEQ,827637297499324,23,1028,141303,0
DEQ,827637298350165,23,1028,117969,0
DEQ,827637299214674,23,1028,123085,0
DEQ,827637300113314,23,1028,131780,0
DEQ,827637301018533,23,1028,129796,0
DEQ,827637301932478,23,1028,140512,0
DEQ,827637302823887,23,1028,127962,0
DEQ,827637303637717,23,1028,38547,0
DEQ,827637304620111,23,1028,130245,0
DEQ,827637305512422,23,1028,119751,0
DEQ,827637306405539,23,1028,135498,0
DEQ,827637307226078,23,1028,96705,0
DEQ,827637308198439,23,1028,144591,0
DEQ,827637309109646,23,1028,127882,0
DEQ,827637310019118,23,1028,126497,0
DEQ,827637310926100,23,1028,135450,0
DEQ,827637311832186,23,1028,138641,0
DEQ,827637312730315,23,1028,132067,0
DEQ,827637313548604,23,1028,45211,0
DEQ,827637314525049,23,1028,117046,0
DEQ,827637315417991,23,1028,128444,0
DEQ,827637316225688,23,1028,70574,0
DEQ,827637317097120,23,1028,60968,0
DEQ,827637318090132,23,1028,150398,0
DEQ,827637318915777,23,1028,79257,0
DEQ,827637319857201,23,1028,130889,0
DEQ,827637320657023,23,1028,40725,0
DEQ,827637321548016,23,1028,38503,0
DEQ,827637322445734,23,1028,43854,0
DEQ,827637323318591,23,1028,54181,0
DEQ,827637324197314,23,1028,71079,0
DEQ,827637325122077,23,1028,90152,0
DEQ,827637326078954,23,1028,151953,0
DEQ,827637326960841,23,1028,131415,0
DEQ,827637327868349,23,1028,135224,0
DEQ,827637328688270,23,1028,52347,0
DEQ,827637329669098,23,1028,127874,0
DEQ,827637330584633,23,1028,141195,0
DEQ,827637331481306,23,1028,135174,0
DEQ,827637332320629,23,1028,101555,0
DEQ,827637333158203,23,1028,78767,0
DEQ,827637334140875,23,1028,171371,0
DEQ,827637334998910,23,1028,126121,0
DEQ,827637335914754,23,1028,139842,0
DEQ,827637336829584,23,1028,151664,0
DEQ,827637337719494,23,1028,140037,0
DEQ,827637338619730,23,1028,138137,0
DEQ,827637339515912,23,1028,129835,0
DEQ,827637340375640,23,1028,116039,0
DEQ,827637341170371,23,1028,51435,0
DEQ,827637342163323,23,1028,114377,0
DEQ,827637343118042,23,1028,132555,0
DEQ,827637344044635,23,1028,130798,0
DEQ,827637344962433,23,1028,139501,0
DEQ,827637345856924,23,1028,134003,0
DEQ,827637346763087,23,1028,133350,0
DEQ,827637347663210,23,1028,130441,0
DEQ,827637348578439,23,1028,141581,0
DEQ,827637349467801,23,1028,124971,0
DEQ,827637350311852,23,1028,95930,0
DEQ,827637351156485,23,1028,75864,0
DEQ,827637352129898,23,1028,158637,0
DEQ,827637353040126,23,1028,131693,0
DEQ,827637353963691,23,1028,146633,0
DEQ,827637354856787,23,1028,136168,0
DEQ,827637355759434,23,1028,132807,0
DEQ,827637356675594,23,1028,144558,0
DEQ,827637357570771,23,1028,137020,0
DEQ,827637358471209,23,1028,133695,0
STATS,827637358479281,0,0,6872,6872,0,0,0
DEQ,827637359312756,23,1028,101098,0
DEQ,827637360157300,23,1028,80610,0
DEQ,827637361102443,23,1028,135251,0
DEQ,827637362007443,23,1028,136817,0
DEQ,827637362902632,23,1028,130287,0
DEQ,827637363806979,23,1028,132316,0
DEQ,827637364712157,23,1028,135149,0
DEQ,827637365611763,23,1028,131652,0
DEQ,827637366513688,23,1028,130456,0
DEQ,827637367380901,23,1028,123330,0
DEQ,827637368240077,23,1028,123055,0
DEQ,827637369189931,23,1028,145922,0
DEQ,827637370095786,23,1028,123820,0
DEQ,827637371011095,23,1028,130111,0
DEQ,827637371916388,23,1028,133477,0
DEQ,827637372836563,23,1028,151021,0
DEQ,827637373721234,23,1028,131358,0
DEQ,827637374627921,23,1028,134398,0
DEQ,827637375538940,23,1028,142162,0
DEQ,827637376411700,23,1028,140395,0
DEQ,827637377260943,23,1028,130263,0
DEQ,827637378220810,23,1028,161326,0
DEQ,827637379122646,23,1028,134741,0
DEQ,827637380041425,23,1028,125938,0
DEQ,827637380962086,23,1028,140517,0
DEQ,827637381861452,23,1028,136583,0
DEQ,827637382763682,23,1028,135676,0
DEQ,827637383658680,23,1028,125880,0
DEQ,827637384578503,23,1028,142487,0
DEQ,827637385469791,23,1028,129282,0
DEQ,827637386274326,23,1028,59203,0
DEQ,827637387219533,23,1028,139830,0
DEQ,827637388101113,23,1028,132048,0
DEQ,827637389003577,23,1028,130356,0
DEQ,827637389911620,23,1028,135925,0
DEQ,827637390833435,23,1028,154421,0
DEQ,827637391725113,23,1028,138074,0
DEQ,827637392627304,23,1028,137084,0
DEQ,827637393523245,23,1028,130468,0
DEQ,827637394390307,23,1028,124198,0
DEQ,827637395251515,23,1028,126045,0
DEQ,827637396133921,23,1028,83638,0
DEQ,827637397105252,23,1028,129368,0
DEQ,827637398016975,23,1028,131916,0
DEQ,827637398921795,23,1028,135422,0
DEQ,827637399831805,23,1028,142657,0
DEQ,827637400725141,23,1028,133246,0
DEQ,827637401627749,23,1028,131319,0
DEQ,827637402535821,23,1028,135005,0
DEQ,827637403401837,23,1028,126473,0
DEQ,827637404258645,23,1028,123760,0
DEQ,827637405166420,23,1028,97804,0
DEQ,827637406103264,23,1028,105317,0
DEQ,827637407051550,23,1028,142123,0
DEQ,827637407955069,23,1028,146430,0
DEQ,827637408850560,23,1028,135559,0
DEQ,827637409755631,23,1028,134852,0
DEQ,827637410656830,23,1028,131765,0
DEQ,827637411580970,23,1028,151347,0
DEQ,827637412462870,23,1028,129415,0
DEQ,827637413310393,23,1028,103587,0
DEQ,827637414208640,23,1028,137312,0
DEQ,827637415096078,23,1028,134943,0
DEQ,827637416003862,23,1028,134743,0
DEQ,827637416907565,23,1028,133591,0
DEQ,827637417826782,23,1028,150218,0
DEQ,827637418715471,23,1028,133475,0
DEQ,827637419623265,23,1028,137507,0
DEQ,827637420524944,23,1028,135838,0
DEQ,827637421383055,23,1028,120261,0
DEQ,827637422241582,23,1028,119372,0
DEQ,827637423202218,23,1028,151775,0
DEQ,827637424102273,23,1028,125359,0
DEQ,827637425018396,23,1028,131360,0
DEQ,827637425916938,23,1028,129258,0
DEQ,827637426838206,23,1028,145165,0
DEQ,827637427729663,23,1028,133027,0
DEQ,827637428623020,23,1028,129955,0
DEQ,827637429526505,23,1028,130624,0
DEQ,827637430347303,23,1028,77422,0
DEQ,827637431253837,23,1028,124759,0
DEQ,827637432201866,23,1028,144773,0
DEQ,827637433089477,23,1028,124948,0
DEQ,827637434007338,23,1028,139124,0
DEQ,827637434900600,23,1028,125810,0
DEQ,827637435818521,23,1028,139434,0
DEQ,827637436712959,23,1028,130136,0
DEQ,827637437611242,23,1028,124066,0
DEQ,827637438523484,23,1028,132234,0
DEQ,827637439386334,23,1028,120843,0
DEQ,827637440249422,23,1028,124446,0
DEQ,827637441142712,23,1028,88640,0
DEQ,827637442110289,23,1028,130096,0
DEQ,827637443017193,23,1028,126396,0
DEQ,827637443923468,23,1028,135015,0
DEQ,827637444835700,23,1028,141649,0
DEQ,827637445732949,23,1028,136141,0
DEQ,827637446634840,23,1028,132805,0
DEQ,827637447530810,23,1028,125155,0
DEQ,827637448405179,23,1028,124653,0
DEQ,827637449259644,23,1028,119760,0
DEQ,827637450159846,23,1028,85408,0
DEQ,827637451040614,23,1028,58309,0
DEQ,827637452019239,23,1028,134716,0
DEQ,827637452928875,23,1028,137592,0
DEQ,827637453833103,23,1028,136161,0
DEQ,827637454692853,23,1028,92507,0
DEQ,827637455598650,23,1028,88087,0
DEQ,827637456449221,23,1028,42207,0
DEQ,827637457307002,23,1028,34515,0
DEQ,827637458166851,23,1028,33595,0
DEQ,827637459120811,23,1028,74444,0
DEQ,827637460020687,23,1028,81421,0
DEQ,827637460974273,23,1028,130136,0
DEQ,827637461882888,23,1028,136046,0
DEQ,827637462784685,23,1028,134934,0
DEQ,827637463702899,23,1028,145870,0
DEQ,827637464584403,23,1028,125086,0
DEQ,827637465490878,23,1028,128417,0
DEQ,827637466360576,23,1028,123450,0
DEQ,827637467203036,23,1028,106519,0
DEQ,827637468118651,23,1028,130895,0
DEQ,827637469029935,23,1028,132803,0
DEQ,827637469929027,23,1028,129389,0
DEQ,827637470829070,23,1028,127250,0
DEQ,827637471737569,23,1028,133297,0
DEQ,827637472640694,23,1028,133190,0
DEQ,827637473543451,23,1028,132824,0
DEQ,827637474404664,23,1028,121234,0
DEQ,827637475227707,23,1028,84734,0
DEQ,827637476178260,23,1028,104800,0
DEQ,827637477113821,23,1028,125000,0
DEQ,827637478019531,23,1028,127793,0
DEQ,827637478928794,23,1028,132313,0
DEQ,827637479836196,23,1028,134472,0
DEQ,827637480736555,23,1028,131379,0
DEQ,827637481631955,23,1028,123549,0
DEQ,827637482541374,23,1028,129634,0
DEQ,827637483413006,23,1028,127217,0
DEQ,827637484290638,23,1028,145536,0
DEQ,827637485194049,23,1028,125060,0
DEQ,827637486101860,23,1028,101486,0
DEQ,827637487043466,23,1028,130284,0
DEQ,827637487953356,23,1028,132330,0
DEQ,827637488849053,23,1028,127280,0
DEQ,827637489751788,23,1028,125186,0
DEQ,827637490658499,23,1028,127395,0
DEQ,827637491563870,23,1028,128990,0
DEQ,827637492470291,23,1028,132479,0
DEQ,827637493337556,23,1028,125198,0
DEQ,827637494178628,23,1028,107001,0
DEQ,827637495093247,23,1028,126006,0
DEQ,827637496010460,23,1028,137947,0
DEQ,827637496901575,23,1028,124672,0
DEQ,827637497828499,23,1028,147574,0
DEQ,827637498709213,23,1028,125375,0
DEQ,827637499619228,23,1028,132525,0
DEQ,827637500523591,23,1028,133561,0
DEQ,827637501378567,23,1028,116038,0
DEQ,827637502262020,23,1028,140286,0
DEQ,827637503167325,23,1028,121767,0
DEQ,827637504105043,23,1028,126295,0
DEQ,827637505021594,23,1028,132358,0
DEQ,827637505918070,23,1028,128425,0
DEQ,827637506835697,23,1028,140084,0
DEQ,827637507739954,23,1028,139687,0
DEQ,827637508635724,23,1028,131446,0
DEQ,827637509536733,23,1028,129106,0
DEQ,827637510405170,23,1028,124264,0
DEQ,827637511285584,23,1028,144811,0
DEQ,827637512202540,23,1028,128667,0
DEQ,827637513130821,23,1028,123655,0
DEQ,827637514045186,23,1028,129112,0
DEQ,827637514952451,23,1028,135540,0
DEQ,827637515859259,23,1028,136305,0
DEQ,827637516762455,23,1028,133868,0
DEQ,827637517656402,23,1028,123500,0
DEQ,827637518574306,23,1028,138166,0
DEQ,827637519482928,23,1028,143708,0
DEQ,827637520336207,23,1028,122486,0
DEQ,827637521178899,23,1028,105886,0
DEQ,827637522099508,23,1028,131291,0
DEQ,827637523003618,23,1028,131677,0
DEQ,827637523899636,23,1028,122657,0
DEQ,827637524818753,23,1028,138340,0
DEQ,827637525707939,23,1028,123820,0
DEQ,827637526612340,23,1028,126271,0
DEQ,827637527511964,23,1028,123067,0
DEQ,827637528380574,23,1028,118464,0
DEQ,827637529274143,23,1028,152568,0
DEQ,827637530148653,23,1028,94531,0
DEQ,827637531094737,23,1028,109173,0
DEQ,827637532022867,23,1028,127100,0
DEQ,827637532953186,23,1028,146593,0
DEQ,827637533845568,23,1028,136296,0
DEQ,827637534742744,23,1028,127713,0
DEQ,827637535656329,23,1028,132246,0
DEQ,827637536569715,23,1028,140476,0
DEQ,827637537470271,23,1028,135614,0
DEQ,827637538335256,23,1028,125926,0
DEQ,827637539169996,23,1028,101334,0
DEQ,827637540034088,23,1028,68441,0
DEQ,827637541005169,23,1028,134792,0
DEQ,827637541907445,23,1028,133698,0
DEQ,827637542831557,23,1028,154558,0
DEQ,827637543708042,23,1028,128635,0
DEQ,827637544606516,23,1028,122794,0
DEQ,827637545510049,23,1028,124607,0
DEQ,827637546390097,23,1028,131287,0
DEQ,827637547264046,23,1028,145947,0
DEQ,827637548124304,23,1028,81203,0
DEQ,827637549033489,23,1028,56230,0
DEQ,827637550043415,23,1028,154630,0
DEQ,827637550921733,23,1028,133476,0
DEQ,827637551834542,23,1028,140931,0
DEQ,827637552734152,23,1028,136545,0
DEQ,827637553627747,23,1028,125233,0
DEQ,827637554536157,23,1028,128836,0
DEQ,827637555402594,23,1028,122116,0
DEQ,827637556282196,23,1028,142353,0
DEQ,827637557165342,23,1028,95825,0
DEQ,827637558107674,23,1028,103198,0
DEQ,827637559046785,23,1028,131921,0
DEQ,827637559958369,23,1028,134780,0
DEQ,827637560861417,23,1028,136619,0
DEQ,827637561768045,23,1028,139043,0
DEQ,827637562662187,23,1028,129148,0
DEQ,827637563574982,23,1028,137701,0
DEQ,827637564474532,23,1028,134837,0
DEQ,827637565330926,23,1028,115863,0
DEQ,827637566178982,23,1028,104539,0
DEQ,827637567112389,23,1028,140523,0
DEQ,827637568043624,23,1028,130286,0
DEQ,827637568962627,23,1028,140623,0
DEQ,827637569857001,23,1028,132604,0
DEQ,827637570762154,23,1028,132325,0
DEQ,827637571672106,23,1028,138207,0
DEQ,827637572588015,23,1028,149398,0
DEQ,827637573481247,23,1028,138779,0
DEQ,827637574291959,23,1028,74682,0
DEQ,827637575177537,23,1028,100703,0
DEQ,827637576105127,23,1028,132223,0
DEQ,827637577006452,23,1028,129522,0
DEQ,827637577912111,23,1028,132323,0
DEQ,827637578830998,23,1028,148658,0
DEQ,827637579710342,23,1028,124832,0
DEQ,827637580615265,23,1028,125963,0
DEQ,827637581521930,23,1028,127744,0
DEQ,827637582383295,23,1028,113226,0
DEQ,827637583187039,23,1028,53051,0
DEQ,827637584110843,23,1028,67832,0
DEQ,827637585100270,23,1028,150609,0
DEQ,827637585971781,23,1028,129180,0
DEQ,827637586869188,23,1028,133987,0
DEQ,827637587764255,23,1028,136557,0
DEQ,827637588663575,23,1028,131565,0
DEQ,827637589582066,23,1028,147061,0
DEQ,827637590468582,23,1028,130946,0
DEQ,827637591338407,23,1028,128025,0
DEQ,827637592205708,23,1028,135833,0
DEQ,827637593081374,23,1028,122093,0
DEQ,827637594002856,23,1028,135933,0
DEQ,827637594899113,23,1028,129552,0
DEQ,827637595801393,23,1028,129105,0
DEQ,827637596718029,23,1028,142589,0
DEQ,827637597611593,23,1028,132611,0
DEQ,827637598523737,23,1028,140372,0
DEQ,827637599384363,23,1028,125915,0
DEQ,827637600261113,23,1028,143299,0
DEQ,827637601140446,23,1028,98352,0
DEQ,827637602090459,23,1028,118842,0
DEQ,827637603021609,23,1028,133982,0
DEQ,827637603927888,23,1028,135205,0
DEQ,827637604836733,23,1028,136524,0
DEQ,827637605740988,23,1028,135388,0
DEQ,827637606646006,23,1028,135770,0
DEQ,827637607542408,23,1028,123856,0
DEQ,827637608418668,23,1028,125134,0
DEQ,827637609272059,23,1028,113053,0
DEQ,827637610168371,23,1028,131868,0
DEQ,827637611060198,23,1028,118319,0
DEQ,827637611980310,23,1028,130644,0
DEQ,827637612883264,23,1028,129963,0
DEQ,827637613786349,23,1028,130216,0
DEQ,827637614696289,23,1028,137860,0
DEQ,827637615587974,23,1028,126945,0
DEQ,827637616486589,23,1028,122624,0
DEQ,827637617359349,23,1028,121776,0
DEQ,827637618169420,23,1028,72365,0
DEQ,827637619094384,23,1028,108692,0
DEQ,827637620010542,23,1028,115913,0
DEQ,827637620957038,23,1028,151092,0
DEQ,827637621843321,23,1028,134458,0
DEQ,827637622743128,23,1028,130840,0
DEQ,827637623645779,23,1028,130735,0
DEQ,827637624548894,23,1028,131034,0
DEQ,827637625427612,23,1028,136304,0
DEQ,827637626306139,23,1028,148109,0
DEQ,827637627205721,23,1028,137419,0
DEQ,827637628115507,23,1028,138560,0
DEQ,827637628990330,23,1028,108859,0
DEQ,827637629931103,23,1028,138010,0
DEQ,827637630827087,23,1028,129912,0
DEQ,827637631736187,23,1028,131434,0
DEQ,827637632631636,23,1028,125111,0
DEQ,827637633536979,23,1028,127824,0
DEQ,827637634406883,23,1028,124493,0
DEQ,827637635286473,23,1028,144919,0
DEQ,827637636142009,23,1028,74988,0
DEQ,827637637105044,23,1028,126705,0
DEQ,827637637992867,23,1028,117095,0
DEQ,827637638940530,23,1028,150724,0
DEQ,827637639833506,23,1028,141613,0
DEQ,827637640727793,23,1028,131852,0
DEQ,827637641629620,23,1028,130721,0
DEQ,827637642525450,23,1028,122715,0
DEQ,827637643403475,23,1028,127960,0
DEQ,827637644284302,23,1028,149430,0
DEQ,827637645152985,23,1028,90237,0
DEQ,827637646101914,23,1028,112067,0
DEQ,827637647018598,23,1028,118736,0
DEQ,827637647954545,23,1028,145773,0
DEQ,827637648850845,23,1028,135146,0
DEQ,827637649749666,23,1028,130034,0
DEQ,827637650656902,23,1028,132229,0
DEQ,827637651578453,23,1028,149743,0
DEQ,827637652463756,23,1028,130548,0
DEQ,827637653326011,23,1028,118669,0
DEQ,827637654202810,23,1028,135903,0
DEQ,827637655083755,23,1028,126204,0
DEQ,827637655980831,23,1028,114987,0
DEQ,827637656900115,23,1028,130271,0
DEQ,827637657806996,23,1028,134116,0
DEQ,827637658716659,23,1028,141632,0
DEQ,827637659613754,23,1028,136253,0
DEQ,827637660511027,23,1028,130832,0
DEQ,827637661378636,23,1028,124190,0
DEQ,827637662196240,23,1028,82471,0
DEQ,827637663104664,23,1028,86331,0
DEQ,827637664041519,23,1028,127974,0
DEQ,827637664937224,23,1028,121350,0
DEQ,827637665860165,23,1028,133338,0
DEQ,827637666755810,23,1028,125884,0
DEQ,827637667661212,23,1028,126936,0
DEQ,827637668578632,23,1028,141632,0
DEQ,827637669467095,23,1028,127532,0
DEQ,827637670285838,23,1028,72564,0
DEQ,827637671157448,23,1028,84948,0
DEQ,827637672099312,23,1028,137729,0
DEQ,827637672994285,23,1028,129218,0
DEQ,827637673890176,23,1028,122474,0
DEQ,827637674829109,23,1028,153215,0
DEQ,827637675713969,23,1028,134965,0
DEQ,827637676612179,23,1028,129488,0
DEQ,827637677523598,23,1028,138138,0
DEQ,827637678383023,23,1028,124431,0
DEQ,827637679258725,23,1028,140522,0
DEQ,827637680144494,23,1028,101622,0
DEQ,827637681101575,23,1028,132739,0
DEQ,827637682012402,23,1028,132442,0
DEQ,827637682896991,23,1028,119713,0
DEQ,827637683832337,23,1028,141231,0
DEQ,827637684728256,23,1028,133269,0
DEQ,827637685628774,23,1028,129203,0
DEQ,827637686529163,23,1028,125098,0
DEQ,827637687403631,23,1028,124252,0
DEQ,827637688280100,23,1028,141032,0
DEQ,827637689158454,23,1028,87870,0
DEQ,827637690122581,23,1028,124260,0
DEQ,827637691053722,23,1028,122003,0
DEQ,827637691955993,23,1028,115344,0
DEQ,827637692883633,23,1028,135960,0
DEQ,827637693787244,23,1028,133157,0
DEQ,827637694701635,23,1028,142700,0
DEQ,827637695618357,23,1028,154589,0
DEQ,827637696549121,23,1028,148630,0
DEQ,827637697420268,23,1028,145230,0
DEQ,827637698296986,23,1028,147499,0
DEQ,827637699224942,23,1028,157638,0
DEQ,827637700124266,23,1028,126163,0
DEQ,827637701039592,23,1028,112503,0
DEQ,827637701976979,23,1028,134112,0
DEQ,827637702878299,23,1028,125934,0
DEQ,827637703783721,23,1028,130183,0
DEQ,827637704705311,23,1028,147200,0
DEQ,827637705593057,23,1028,129909,0
DEQ,827637706498565,23,1028,131016,0
DEQ,827637707368105,23,1028,127485,0
DEQ,827637708224214,23,1028,124374,0
DEQ,827637709108382,23,1028,120221,0
DEQ,827637710018599,23,1028,122048,0
DEQ,827637710952064,23,1028,145320,0
DEQ,827637711845455,23,1028,135414,0
DEQ,827637712737058,23,1028,125123,0
DEQ,827637713648702,23,1028,133794,0
DEQ,827637714552347,23,1028,134533,0
DEQ,827637715376678,23,1028,85243,0
DEQ,827637716240972,23,1028,80701,0
DEQ,827637717121080,23,1028,82406,0
DEQ,827637718093162,23,1028,158394,0
DEQ,827637718931537,23,1028,108319,0
DEQ,827637719852767,23,1028,136632,0
DEQ,827637720745810,23,1028,136405,0
DEQ,827637721643737,23,1028,131831,0
DEQ,827637722550393,23,1028,135302,0
DEQ,827637723409152,23,1028,121215,0
DEQ,827637724287868,23,1028,140692,0
DEQ,827637725228636,23,1028,158248,0
DEQ,827637726099414,23,1028,100676,0
DEQ,827637726965227,23,1028,48460,0
DEQ,827637727874399,23,1028,56285,0
DEQ,827637728854270,23,1028,125825,0
DEQ,827637729767140,23,1028,133348,0
DEQ,827637730693415,23,1028,154135,0
DEQ,827637731583519,23,1028,139306,0
DEQ,827637732480754,23,1028,132794,0
DEQ,827637733342540,23,1028,120948,0
DEQ,827637734206804,23,1028,126062,0
DEQ,827637735099224,23,1028,129708,0
DEQ,827637735997171,23,1028,123368,0
DEQ,827637736897276,23,1028,120181,0
DEQ,827637737840462,23,1028,154810,0
DEQ,827637738726110,23,1028,137150,0
DEQ,827637739628854,23,1028,137059,0
DEQ,827637740523520,23,1028,129775,0
DEQ,827637741381687,23,1028,115075,0
DEQ,827637742276436,23,1028,150479,0
DEQ,827637743195287,23,1028,142050,0
DEQ,827637744101931,23,1028,123643,0
DEQ,827637745016910,23,1028,129361,0
DEQ,827637745910038,23,1028,122079,0
DEQ,827637746834502,23,1028,131595,0
DEQ,827637747740090,23,1028,131115,0
DEQ,827637748639807,23,1028,126508,0
DEQ,827637749552883,23,1028,134885,0
DEQ,827637750418813,23,1028,126516,0
DEQ,827637751235399,23,1028,71955,0
DEQ,827637752179451,23,1028,132159,0
DEQ,827637753083660,23,1028,137558,0
DEQ,827637753990247,23,1028,140610,0
DEQ,827637754870418,23,1028,119133,0
DEQ,827637755785514,23,1028,124284,0
DEQ,827637756710218,23,1028,145301,0
DEQ,827637757602399,23,1028,134487,0
DEQ,827637758501967,23,1028,131632,0
DEQ,827637759364183,23,1028,121132,0
DEQ,827637760228183,23,1028,125647,0
DEQ,827637761110441,23,1028,119220,0
DEQ,827637762042340,23,1028,141918,0
DEQ,827637762941023,23,1028,137290,0
DEQ,827637763829032,23,1028,123096,0
DEQ,827637764749437,23,1028,132407,0
DEQ,827637765651632,23,1028,131569,0
DEQ,827637766552880,23,1028,130198,0
DEQ,827637767461103,23,1028,134454,0
DEQ,827637768326197,23,1028,125883,0
DEQ,827637769197516,23,1028,137313,0
DEQ,827637770086715,23,1028,138369,0
DEQ,827637770977050,23,1028,125783,0
DEQ,827637771883238,23,1028,128719,0
DEQ,827637772782636,23,1028,124761,0
DEQ,827637773704707,23,1028,138532,0
DEQ,827637774601287,23,1028,130281,0
DEQ,827637775512426,23,1028,138177,0
DEQ,827637776373924,23,1028,128347,0
DEQ,827637777209583,23,1028,90473,0
DEQ,827637778108834,23,1028,78760,0
DEQ,827637779088707,23,1028,144184,0
DEQ,827637779914802,23,1028,67597,0
DEQ,827637780880100,23,1028,138568,0
DEQ,827637781786205,23,1028,137355,0
DEQ,827637782710167,23,1028,145803,0
DEQ,827637783599235,23,1028,131779,0
DEQ,827637784500829,23,1028,129180,0
DEQ,827637785318014,23,1028,72375,0
DEQ,827637786234162,23,1028,129105,0
DEQ,827637787121571,23,1028,128172,0
DEQ,827637788032922,23,1028,129980,0
DEQ,827637788952181,23,1028,145630,0
DEQ,827637789845425,23,1028,136627,0
DEQ,827637790728890,23,1028,117681,0
DEQ,827637791653872,23,1028,135084,0
DEQ,827637792552607,23,1028,128581,0
DEQ,827637793429429,23,1028,131994,0
DEQ,827637794290402,23,1028,122081,0
DEQ,827637795177051,23,1028,140307,0
DEQ,827637796093053,23,1028,154278,0
DEQ,827637796974816,23,1028,134325,0
DEQ,827637797882697,23,1028,138668,0
DEQ,827637798785645,23,1028,134212,0
DEQ,827637799672399,23,1028,117540,0
DEQ,827637800593052,23,1028,131916,0
DEQ,827637801498108,23,1028,134390,0
DEQ,827637802363086,23,1028,125897,0
DEQ,827637803217070,23,1028,120711,0
DEQ,827637804103775,23,1028,118601,0
DEQ,827637805031563,23,1028,137527,0
DEQ,827637805926832,23,1028,129313,0
DEQ,827637806843529,23,1028,143354,0
DEQ,827637807737082,23,1028,133588,0
DEQ,827637808623699,23,1028,118039,0
DEQ,827637809546300,23,1028,132478,0
DEQ,827637810410632,23,1028,124059,0
DEQ,827637811287530,23,1028,141411,0
DEQ,827637812229934,23,1028,161770,0
DEQ,827637813098565,23,1028,104183,0
DEQ,827637814033965,23,1028,124999,0
DEQ,827637814956467,23,1028,149517,0
DEQ,827637815845890,23,1028,136205,0
DEQ,827637816751648,23,1028,135679,0
DEQ,827637817643490,23,1028,123763,0
DEQ,827637818577261,23,1028,143784,0
DEQ,827637819465303,23,1028,128585,0
DEQ,827637820335488,23,1028,125117,0
DEQ,827637821213651,23,1028,143717,0
DEQ,827637822087380,23,1028,129273,0
DEQ,827637823002682,23,1028,137082,0
DEQ,827637823898983,23,1028,130990,0
DEQ,827637824807313,23,1028,136028,0
DEQ,827637825702324,23,1028,127419,0
DEQ,827637826589374,23,1028,110953,0
DEQ,827637827439196,23,1028,52214,0
DEQ,827637828332762,23,1028,72336,0
DEQ,827637829210429,23,1028,90739,0
DEQ,827637830109876,23,1028,66332,0
DEQ,827637831083981,23,1028,130792,0
DEQ,827637831977055,23,1028,123129,0
DEQ,827637832884859,23,1028,125698,0
DEQ,827637833792019,23,1028,128419,0
DEQ,827637834698823,23,1028,131562,0
DEQ,827637835585144,23,1028,111093,0
DEQ,827637836510538,23,1028,123905,0
DEQ,827637837348665,23,1028,88883,0
DEQ,827637838264879,23,1028,145857,0
DEQ,827637839131927,23,1028,82914,0
DEQ,827637840103831,23,1028,129204,0
DEQ,827637841018382,23,1028,135378,0
DEQ,827637841922721,23,1028,135133,0
DEQ,827637842826449,23,1028,134638,0
DEQ,827637843738934,23,1028,141881,0
DEQ,827637844619264,23,1028,116481,0
DEQ,827637845547408,23,1028,130276,0
DEQ,827637846365842,23,1028,74409,0
DEQ,827637847301286,23,1028,150381,0
DEQ,827637848230217,23,1028,160493,0
DEQ,827637849119486,23,1028,122923,0
DEQ,827637849974326,23,1028,45445,0
DEQ,827637850973020,23,1028,132589,0
DEQ,827637851876629,23,1028,137712,0
DEQ,827637852778747,23,1028,134826,0
DEQ,827637853669964,23,1028,122363,0
DEQ,827637854600660,23,1028,138561,0
DEQ,827637855497945,23,1028,132374,0
DEQ,827637856363759,23,1028,124243,0
DEQ,827637857219073,23,1028,119976,0
DEQ,827637858112057,23,1028,122783,0
DEQ,827637859038993,23,1028,138752,0
DEQ,827637859947587,23,1028,144094,0
DEQ,827637860845397,23,1028,138529,0
DEQ,827637861747724,23,1028,136938,0
DEQ,827637862630728,23,1028,116579,0
DEQ,827637863550239,23,1028,130051,0
DEQ,827637864421456,23,1028,127153,0
DEQ,827637865300751,23,1028,144259,0
DEQ,827637866203313,23,1028,130364,0
DEQ,827637867110472,23,1028,128386,0
DEQ,827637868014447,23,1028,131300,0
DEQ,827637868922511,23,1028,132384,0
DEQ,827637869833176,23,1028,138986,0
DEQ,827637870734126,23,1028,131824,0
DEQ,827637871623176,23,1028,116954,0
DEQ,827637872549878,23,1028,127471,0
DEQ,827637873461546,23,1028,133147,0
DEQ,827637874326205,23,1028,127084,0
DEQ,827637875192158,23,1028,131957,0
DEQ,827637876081019,23,1028,132462,0
DEQ,827637876988153,23,1028,135939,0
DEQ,827637877883714,23,1028,128870,0
DEQ,827637878784948,23,1028,127145,0
DEQ,827637879700536,23,1028,140080,0
DEQ,827637880576821,23,1028,113017,0
DEQ,827637881502199,23,1028,130452,0
DEQ,827637882336774,23,1028,91203,0
DEQ,827637883175883,23,1028,70859,0
DEQ,827637884106439,23,1028,112886,0
DEQ,827637885024059,23,1028,123329,0
DEQ,827637885950555,23,1028,147645,0
DEQ,827637886829842,23,1028,125045,0
DEQ,827637887741725,23,1028,133386,0
DEQ,827637888639551,23,1028,127480,0
DEQ,827637889526353,23,1028,110539,0
DEQ,827637890426796,23,1028,134796,0
DEQ,827637891276014,23,1028,113318,0
DEQ,827637892166768,23,1028,129573,0
DEQ,827637893087046,23,1028,144877,0
DEQ,827637893967665,23,1028,122203,0
DEQ,827637894886506,23,1028,135534,0
DEQ,827637895786676,23,1028,131511,0
DEQ,827637896690045,23,1028,132535,0
DEQ,827637897588650,23,1028,127297,0
DEQ,827637898484144,23,1028,118404,0
DEQ,827637899366690,23,1028,121581,0
DEQ,827637900218755,23,1028,114140,0
DEQ,827637901100421,23,1028,106946,0
DEQ,827637902028044,23,1028,127355,0
DEQ,827637902948093,23,1028,144252,0
DEQ,827637903830306,23,1028,124707,0
DEQ,827637904734875,23,1028,126711,0
DEQ,827637905640467,23,1028,129359,0
DEQ,827637906542775,23,1028,127370,0
DEQ,827637907375327,23,1028,86890,0
DEQ,827637908222553,23,1028,70527,0
DEQ,827637909105001,23,1028,68858,0
DEQ,827637910089895,23,1028,150764,0
DEQ,827637910978447,23,1028,136697,0
DEQ,827637911869947,23,1028,126206,0
DEQ,827637912768140,23,1028,120935,0
DEQ,827637913621068,23,1028,74826,0
DEQ,827637914489828,23,1028,53028,0
DEQ,827637915369718,23,1028,41853,0
DEQ,827637916242058,23,1028,51528,0
DEQ,827637917078103,23,1028,42157,0
DEQ,827637917991590,23,1028,58616,0
DEQ,827637918892375,23,1028,50949,0
DEQ,827637919881450,23,1028,135336,0
DEQ,827637920781109,23,1028,131728,0
DEQ,827637921698738,23,1028,146125,0
DEQ,827637922585575,23,1028,130683,0
DEQ,827637923498778,23,1028,141177,0
DEQ,827637924346969,23,1028,115992,0
DEQ,827637925192295,23,1028,101939,0
DEQ,827637926103496,23,1028,124097,0
DEQ,827637927006698,23,1028,125052,0
DEQ,827637927914597,23,1028,130979,0
DEQ,827637928828329,23,1028,142210,0
DEQ,827637929714964,23,1028,126788,0
DEQ,827637930619614,23,1028,129172,0
DEQ,827637931525914,23,1028,132450,0
DEQ,827637932390193,23,1028,123913,0
DEQ,827637933269970,23,1028,144318,0
DEQ,827637934133027,23,1028,82278,0
DEQ,827637935033675,23,1028,48755,0
DEQ,827637936023849,23,1028,127414,0
DEQ,827637936941584,23,1028,143938,0
DEQ,827637937830243,23,1028,127974,0
DEQ,827637938740480,23,1028,133754,0
DEQ,827637939643605,23,1028,132652,0
DEQ,827637940539326,23,1028,125962,0
DEQ,827637941415878,23,1028,129433,0
DEQ,827637942292016,23,1028,145606,0
DEQ,827637943196494,23,1028,129035,0
DEQ,827637944110580,23,1028,111729,0
DEQ,827637945033396,23,1028,120387,0
DEQ,827637945956587,23,1028,145114,0
DEQ,827637946841467,23,1028,124841,0
DEQ,827637947747563,23,1028,126684,0
DEQ,827637948654267,23,1028,129333,0
DEQ,827637949568879,23,1028,140228,0
DEQ,827637950458182,23,1028,126231,0
DEQ,827637951323872,23,1028,117946,0
DEQ,827637952169858,23,1028,104634,0
DEQ,827637953090170,23,1028,129129,0
DEQ,827637953992869,23,1028,126831,0
DEQ,827637954903574,23,1028,133263,0
DEQ,827637955808401,23,1028,134806,0
DEQ,827637956707769,23,1028,130301,0
DEQ,827637957603097,23,1028,122954,0
DEQ,827637958511880,23,1028,129564,0
DEQ,827637959377214,23,1028,121586,0
DEQ,827637960256597,23,1028,141693,0
DEQ,827637961143919,23,1028,103979,0
DEQ,827637962098216,23,1028,126111,0
DEQ,827637963016078,23,1028,133626,0
DEQ,827637963936586,23,1028,148516,0
DEQ,827637964827618,23,1028,134987,0
DEQ,827637965723159,23,1028,127067,0
DEQ,827637966641179,23,1028,135758,0
DEQ,827637967533101,23,1028,123617,0
DEQ,827637968407843,23,1028,124656,0
DEQ,827637969291091,23,1028,148531,0
DEQ,827637970188462,23,1028,122309,0
DEQ,827637971038198,23,1028,39553,0
DEQ,827637972054161,23,1028,140975,0
DEQ,827637972965126,23,1028,146951,0
DEQ,827637973858840,23,1028,132752,0
DEQ,827637974753662,23,1028,123269,0
DEQ,827637975661341,23,1028,125457,0
DEQ,827637976583481,23,1028,144099,0
DEQ,827637977472825,23,1028,130329,0
DEQ,827637978329591,23,1028,112620,0
DEQ,827637979187342,23,1028,110948,0
DEQ,827637980111192,23,1028,138218,0
DEQ,827637981050738,23,1028,141145,0
DEQ,827637981963560,23,1028,143484,0
DEQ,827637982854018,23,1028,133744,0
DEQ,827637983752811,23,1028,126685,0
DEQ,827637984665796,23,1028,135757,0
DEQ,827637985577213,23,1028,142317,0
DEQ,827637986461758,23,1028,122610,0
DEQ,827637987340497,23,1028,127762,0
DEQ,827637988173100,23,1028,100959,0
DEQ,827637989090613,23,1028,122955,0
DEQ,827637990004383,23,1028,132309,0
DEQ,827637990908445,23,1028,126779,0
DEQ,827637991827554,23,1028,141993,0
DEQ,827637992722418,23,1028,134264,0
DEQ,827637993622448,23,1028,131038,0
DEQ,827637994518515,23,1028,123329,0
DEQ,827637995391965,23,1028,123935,0
DEQ,827637996267276,23,1028,139695,0
DEQ,827637997147516,23,1028,90022,0
DEQ,827637998112556,23,1028,117001,0
DEQ,827637999046062,23,1028,137425,0
DEQ,827637999960556,23,1028,149664,0
DEQ,827638000851499,23,1028,136179,0
DEQ,827638001748616,23,1028,129207,0
DEQ,827638002646736,23,1028,123201,0
DEQ,827638003577803,23,1028,150998,0
DEQ,827638004429834,23,1028,129429,0
DEQ,827638005237221,23,1028,69464,0
DEQ,827638006134716,23,1028,110687,0
DEQ,827638006999797,23,1028,36103,0
DEQ,827638007996533,23,1028,43364,0
DEQ,827638008908122,23,1028,34076,0
DEQ,827638009815369,23,1028,45387,0
DEQ,827638010716645,23,1028,41217,0
DEQ,827638011622190,23,1028,41433,0
DEQ,827638012525382,23,1028,40745,0
DEQ,827638013429056,23,1028,41918,0
DEQ,827638014292889,23,1028,32821,0
DEQ,827638015222433,23,1028,102251,0
DEQ,827638016109777,23,1028,56476,0
DEQ,827638017016365,23,1028,34076,0
DEQ,827638017918477,23,1028,41553,0
DEQ,827638018826193,23,1028,41698,0
DEQ,827638019744342,23,1028,55211,0
DEQ,827638020635064,23,1028,41654,0
DEQ,827638021538044,23,1028,41714,0
DEQ,827638022441861,23,1028,41341,0
DEQ,827638023320364,23,1028,45488,0
DEQ,827638024167549,23,1028,33292,0
DEQ,827638025079205,23,1028,40462,0
DEQ,827638025993627,23,1028,57473,0
DEQ,827638026881662,23,1028,41665,0
DEQ,827638027785731,23,1028,42482,0
DEQ,827638028687738,23,1028,41668,0
DEQ,827638029610502,23,1028,58547,0
DEQ,827638030497194,23,1028,42928,0
DEQ,827638031397995,23,1028,40618,0
DEQ,827638032262785,23,1028,33280,0
DEQ,827638033121744,23,1028,32863,0
DEQ,827638034021005,23,1028,40710,0
DEQ,827638034924251,23,1028,40689,0
DEQ,827638035826951,23,1028,41001,0
DEQ,827638036743638,23,1028,55660,0
DEQ,827638037632655,23,1028,41693,0
DEQ,827638038497843,23,1028,33714,0
DEQ,827638039369327,23,1028,45080,0
DEQ,827638040235669,23,1028,50909,0
DEQ,827638041071568,23,1028,34224,0
DEQ,827638041966406,23,1028,35155,0
DEQ,827638042870690,23,1028,44413,0
DEQ,827638043770272,23,1028,41234,0
DEQ,827638044671731,23,1028,40516,0
DEQ,827638045575523,23,1028,41862,0
DEQ,827638046483932,23,1028,47888,0
DEQ,827638047379420,23,1028,40979,0
DEQ,827638048245411,23,1028,34551,0
DEQ,827638049119003,23,1028,48592,0
DEQ,827638050000191,23,1028,40763,0
DEQ,827638050902298,23,1028,41017,0
DEQ,827638051809781,23,1028,41223,0
DEQ,827638052711317,23,1028,40869,0
DEQ,827638053619362,23,1028,45970,0
DEQ,827638054517844,23,1028,41967,0
DEQ,827638055419186,23,1028,40794,0
DEQ,827638056284056,23,1028,33581,0
DEQ,827638057143373,23,1028,33192,0
DEQ,827638058040987,23,1028,42073,0
DEQ,827638058950722,23,1028,41435,0
DEQ,827638059868969,23,1028,57358,0
DEQ,827638060761581,23,1028,42144,0
DEQ,827638061663784,23,1028,41847,0
DEQ,827638062566184,23,1028,41289,0
DEQ,827638063485353,23,1028,57087,0
DEQ,827638064377332,23,1028,42998,0
DEQ,827638065244471,23,1028,39056,0
DEQ,827638066118559,23,1028,47361,0
DEQ,827638067002879,23,1028,42178,0
DEQ,827638067904877,23,1028,41519,0
DEQ,827638068807027,23,1028,41467,0
DEQ,827638069715065,23,1028,41550,0
DEQ,827638070621600,23,1028,44964,0
DEQ,827638071521330,23,1028,41430,0
DEQ,827638072423083,23,1028,41037,0
DEQ,827638073287761,23,1028,33506,0
DEQ,827638074206691,23,1028,93076,0
DEQ,827638075130147,23,1028,89228,0
DEQ,827638076004761,23,1028,37554,0
DEQ,827638076908965,23,1028,37557,0
DEQ,827638077813540,23,1028,45174,0
DEQ,827638078737267,23,1028,56051,0
DEQ,827638079628942,23,1028,41594,0
DEQ,827638080532991,23,1028,41662,0
DEQ,827638081437063,23,1028,42735,0
DEQ,827638082302367,23,1028,34945,0
DEQ,827638083208221,23,1028,80987,0
DEQ,827638084139744,23,1028,86294,0
DEQ,827638085016440,23,1028,36143,0
DEQ,827638085931306,23,1028,40894,0
DEQ,827638086854898,23,1028,63317,0
DEQ,827638087746677,23,1028,43790,0
DEQ,827638088656658,23,1028,44641,0
DEQ,827638089555042,23,1028,41574,0
DEQ,827638090458265,23,1028,42095,0
DEQ,827638091334643,23,1028,45126,0
DEQ,827638092187543,23,1028,32930,0
DEQ,827638093092072,23,1028,34077,0
DEQ,827638093994512,23,1028,47494,0
DEQ,827638094890970,23,1028,41502,0
DEQ,827638095792597,23,1028,40904,0
DEQ,827638096704031,23,1028,41296,0
DEQ,827638097619519,23,1028,53443,0
DEQ,827638098510599,23,1028,42179,0
DEQ,827638099413006,23,1028,41520,0
DEQ,827638100277205,23,1028,33447,0
DEQ,827638101136668,23,1028,33530,0
DEQ,827638102032760,23,1028,41015,0
DEQ,827638102944039,23,1028,41450,0
DEQ,827638103860914,23,1028,55311,0
DEQ,827638104750253,23,1028,41803,0
DEQ,827638105661062,23,1028,41526,0
DEQ,827638106562896,23,1028,41016,0
DEQ,827638107465923,23,1028,41051,0
DEQ,827638108375301,23,1028,47389,0
DEQ,827638109244380,23,1028,43866,0
DEQ,827638110110524,23,1028,50623,0
DEQ,827638110995307,23,1028,46825,0
DEQ,827638111893737,23,1028,42141,0
DEQ,827638112797193,23,1028,40871,0
DEQ,827638113700941,23,1028,41654,0
DEQ,827638114619433,23,1028,52430,0
DEQ,827638115513283,23,1028,42831,0
DEQ,827638116428759,23,1028,45062,0
DEQ,827638117288004,23,1028,33415,0
DEQ,827638118146836,23,1028,32879,0
DEQ,827638119056740,23,1028,41327,0
DEQ,827638119954938,23,1028,41723,0
DEQ,827638120869409,23,1028,53694,0
DEQ,827638121760061,23,1028,41990,0
DEQ,827638122662363,23,1028,41818,0
DEQ,827638123570390,23,1028,41846,0
DEQ,827638124487464,23,1028,56070,0
DEQ,827638125374878,23,1028,41244,0
DEQ,827638126297916,23,1028,91568,0
DEQ,827638127119736,23,1028,42672,0
DEQ,827638128024427,23,1028,39608,0
DEQ,827638128932142,23,1028,46504,0
DEQ,827638129833220,23,1028,42098,0
DEQ,827638130743778,23,1028,48954,0
DEQ,827638131638937,23,1028,41394,0
DEQ,827638132552949,23,1028,42098,0
DEQ,827638133455971,23,1028,42125,0
DEQ,827638134327479,23,1028,40814,0
DEQ,827638135179641,23,1028,33488,0
DEQ,827638136102642,23,1028,61235,0
DEQ,827638136994564,23,1028,54667,0
DEQ,827638137885049,23,1028,42465,0
DEQ,827638138786769,23,1028,41488,0
DEQ,827638139689503,23,1028,41089,0
DEQ,827638140610595,23,1028,58624,0
DEQ,827638141503343,23,1028,41018,0
DEQ,827638142406311,23,1028,41497,0
DEQ,827638143270063,23,1028,32862,0
DEQ,827638144129264,23,1028,32801,0
DEQ,827638145026176,23,1028,40832,0
DEQ,827638145935057,23,1028,41711,0
DEQ,827638146837310,23,1028,41028,0
DEQ,827638147744433,23,1028,44810,0
DEQ,827638148643970,23,1028,42244,0
DEQ,827638149544498,23,1028,40748,0
DEQ,827638150453906,23,1028,41767,0
DEQ,827638151326999,23,1028,42369,0
DEQ,827638152235859,23,1028,91902,0
DEQ,827638153119783,23,1028,49541,0
DEQ,827638154021058,23,1028,44884,0
DEQ,827638154926956,23,1028,45692,0
DEQ,827638155828176,23,1028,42275,0
DEQ,827638156744387,23,1028,54202,0
DEQ,827638157635846,23,1028,41798,0
DEQ,827638158538859,23,1028,41838,0
DEQ,827638159456599,23,1028,42614,0
DEQ,827638160328877,23,1028,42060,0
DEQ,827638161078838,23,84,17726,0
DEQ,827638161187311,23,1028,32959,0
DEQ,827638162080284,23,1028,41893,0
DEQ,827638162994455,23,1028,52745,0
DEQ,827638163886603,23,1028,41987,0
DEQ,827638164790480,23,1028,42750,0
DEQ,827638165692320,23,1028,40821,0
DEQ,827638166610830,23,1028,56291,0
DEQ,827638167499727,23,1028,41668,0
DEQ,827638168408535,23,1028,41368,0
DEQ,827638169272099,23,1028,32786,0
DEQ,827638170132574,23,1028,34012,0
DEQ,827638171030268,23,1028,41809,0
DEQ,827638171938356,23,1028,41106,0
DEQ,827638172840238,23,1028,40683,0
DEQ,827638173744632,23,1028,42518,0
DEQ,827638174625906,23,1028,33499,0
DEQ,827638175519234,23,1028,36383,0
DEQ,827638176418048,23,1028,41812,0
DEQ,827638177270077,23,1028,32686,0
DEQ,827638178129702,23,1028,32799,0
DEQ,827638179029539,23,1028,42077,0
DEQ,827638179936410,23,1028,41928,0
DEQ,827638180838967,23,1028,40202,0
DEQ,827638181747346,23,1028,45899,0
DEQ,827638182645338,23,1028,41122,0
DEQ,827638183551156,23,1028,41648,0
DEQ,827638184453397,23,1028,41388,0
DEQ,827638185326996,23,1028,42711,0
DEQ,827638186178678,23,1028,33465,0
DEQ,827638187078653,23,1028,41891,0
DEQ,827638187994463,23,1028,54955,0
DEQ,827638188883895,23,1028,41741,0
DEQ,827638189787051,23,1028,41991,0
DEQ,827638190687982,23,1028,40764,0
DEQ,827638191590227,23,1028,40482,0
DEQ,827638192497371,23,1028,45174,0
DEQ,827638193396081,23,1028,40735,0
DEQ,827638194320229,23,1028,92738,0
DEQ,827638195135403,23,1028,35859,0
DEQ,827638196048959,23,1028,33067,0
DEQ,827638196951988,23,1028,42256,0
DEQ,827638197869464,23,1028,54434,0
DEQ,827638198761395,23,1028,41565,0
DEQ,827638199664590,23,1028,41962,0
DEQ,827638200567097,23,1028,41500,0
DEQ,827638201485658,23,1028,56236,0
DEQ,827638202372873,23,1028,40809,0
DEQ,827638203302321,23,1028,97882,0
DEQ,827638204119623,23,1028,39417,0
DEQ,827638205029069,23,1028,39274,0
DEQ,827638205890817,23,1028,33447,0
DEQ,827638206790376,23,1028,41339,0
DEQ,827638207699870,23,1028,42004,0
DEQ,827638208618743,23,1028,55825,0
DEQ,827638209508302,23,1028,41529,0
DEQ,827638210412138,23,1028,42422,0
DEQ,827638211275326,23,1028,32810,0
DEQ,827638212135619,23,1028,33573,0
DEQ,827638213040466,23,1028,42140,0
DEQ,827638213950351,23,1028,41768,0
DEQ,827638214869191,23,1028,56530,0
DEQ,827638215757132,23,1028,41729,0
DEQ,827638216659014,23,1028,41430,0
DEQ,827638217592224,23,1028,52253,0
DEQ,827638218485526,23,1028,52491,0
DEQ,827638219377932,23,1028,41195,0
DEQ,827638220245289,23,1028,36007,0
DEQ,827638221109300,23,1028,40724,0
DEQ,827638221998475,23,1028,40628,0
DEQ,827638222899538,23,1028,41092,0
DEQ,827638223798961,23,1028,40775,0
DEQ,827638224699430,23,1028,41686,0
DEQ,827638225563686,23,1028,33783,0
DEQ,827638226461968,23,1028,41124,0
DEQ,827638227335017,23,1028,41568,0
DEQ,827638228242549,23,1028,82723,0
DEQ,827638229187577,23,1028,117130,0
DEQ,827638230111111,23,1028,112642,0
DEQ,827638230985745,23,1028,52202,0
DEQ,827638231884899,23,1028,33912,0
DEQ,827638232790468,23,1028,46046,0
DEQ,827638233690816,23,1028,41420,0
DEQ,827638234610572,23,1028,57251,0
DEQ,827638235498602,23,1028,41110,0
DEQ,827638236405068,23,1028,43349,0
DEQ,827638237268106,23,1028,33722,0
DEQ,827638238126897,23,1028,33048,0
DEQ,827638239024439,23,1028,40948,0
DEQ,827638239942341,23,1028,41085,0
DEQ,827638240860515,23,1028,56402,0
DEQ,827638241749190,23,1028,41058,0
DEQ,827638242651696,23,1028,41079,0
DEQ,827638243564593,23,1028,49444,0
DEQ,827638244461964,23,1028,41030,0
DEQ,827638245360429,23,1028,58341,0
DEQ,827638246208166,23,1028,33453,0
DEQ,827638247091335,23,1028,43123,0
DEQ,827638247994518,23,1028,48058,0
DEQ,827638248901663,23,1028,40879,0
DEQ,827638249805858,23,1028,42061,0
DEQ,827638250708008,23,1028,41007,0
DEQ,827638251618777,23,1028,49171,0
DEQ,827638252513651,23,1028,41217,0
DEQ,827638253415521,23,1028,41357,0
DEQ,827638254280042,23,1028,33596,0
DEQ,827638255139491,23,1028,33497,0
DEQ,827638256037196,23,1028,42094,0
DEQ,827638256948092,23,1028,42196,0
DEQ,827638257868759,23,1028,54359,0
DEQ,827638258758728,23,1028,42203,0
DEQ,827638259660562,23,1028,41265,0
DEQ,827638260563046,23,1028,41806,0
DEQ,827638261464672,23,1028,41208,0
DEQ,827638262369603,23,1028,47570,0
DEQ,827638263234040,23,1028,39917,0
DEQ,827638264078652,23,1028,42024,0
DEQ,827638264993792,23,1028,55757,0
DEQ,827638265882422,23,1028,41768,0
DEQ,827638266789421,23,1028,41337,0
DEQ,827638267692022,23,1028,40716,0
DEQ,827638268610697,23,1028,56411,0
DEQ,827638269498794,23,1028,41929,0
DEQ,827638270400847,23,1028,41013,0
DEQ,827638271314327,23,1028,81824,0
DEQ,827638272139321,23,1028,36101,0
DEQ,827638273054937,23,1028,33862,0
DEQ,827638273962551,23,1028,44590,0
DEQ,827638274869576,23,1028,47355,0
DEQ,827638275776728,23,1028,41252,0
DEQ,827638276680797,23,1028,41789,0
DEQ,827638277602845,23,1028,61147,0
DEQ,827638278494511,23,1028,47932,0
DEQ,827638279394817,23,1028,41110,0
DEQ,827638280311368,23,1028,85183,0
DEQ,827638281132809,23,1028,35818,0
DEQ,827638282046297,23,1028,32846,0
DEQ,827638282952462,23,1028,45434,0
DEQ,827638283868792,23,1028,56842,0
DEQ,827638284765697,23,1028,42106,0
DEQ,827638285669086,23,1028,41045,0
DEQ,827638286574256,23,1028,42398,0
DEQ,827638287484058,23,1028,48985,0
DEQ,827638288379087,23,1028,41436,0
DEQ,827638289245531,23,1028,34692,0
DEQ,827638290118774,23,1028,48716,0
DEQ,827638290999909,23,1028,40638,0
DEQ,827638291903792,23,1028,42281,0
DEQ,827638292805372,23,1028,42034,0
DEQ,827638293714968,23,1028,41503,0
DEQ,827638294621791,23,1028,45014,0
DEQ,827638295519184,23,1028,40469,0
DEQ,827638296422264,23,1028,41688,0
DEQ,827638297286756,23,1028,33503,0
DEQ,827638298159428,23,1028,46880,0
DEQ,827638299043904,23,1028,45448,0
DEQ,827638299954586,23,1028,44734,0
DEQ,827638300861403,23,1028,54345,0
DEQ,827638301744644,23,1028,42214,0
DEQ,827638302634430,23,1028,40959,0
DEQ,827638303539419,23,1028,44338,0
DEQ,827638304438513,23,1028,41434,0
DEQ,827638305310022,23,1028,40266,0
DEQ,827638306203400,23,1028,74427,0
DEQ,827638307109615,23,1028,50824,0
DEQ,827638308017021,23,1028,43456,0
DEQ,827638308920186,23,1028,41539,0
DEQ,827638309826100,23,1028,41560,0
DEQ,827638310743762,23,1028,56457,0
DEQ,827638311650950,23,1028,48347,0
DEQ,827638312546959,23,1028,40866,0
DEQ,827638313452785,23,1028,43377,0
DEQ,827638314323187,23,1028,40850,0
DEQ,827638315175199,23,1028,33630,0
DEQ,827638316081984,23,1028,40785,0
DEQ,827638316993749,23,1028,55716,0
DEQ,827638317882321,23,1028,42070,0
DEQ,827638318784376,23,1028,41293,0
DEQ,827638319685788,23,1028,41345,0
DEQ,827638320610463,23,1028,55400,0
DEQ,827638321498719,23,1028,41305,0
DEQ,827638322402005,23,1028,40974,0
DEQ,827638323266976,23,1028,33428,0
DEQ,827638324126224,23,1028,33490,0
DEQ,827638325023010,23,1028,40962,0
DEQ,827638325936107,23,1028,41857,0
DEQ,827638326837310,23,1028,40924,0
DEQ,827638327749347,23,1028,45788,0
DEQ,827638328647326,23,1028,41199,0
DEQ,827638329555723,23,1028,42122,0
DEQ,827638330458094,23,1028,41509,0
DEQ,827638331334097,23,1028,45110,0
DEQ,827638332187702,23,1028,33133,0
DEQ,827638333078763,23,1028,41846,0
DEQ,827638333993831,23,1028,54205,0
DEQ,827638334882280,23,1028,41009,0
DEQ,827638335785461,23,1028,42445,0
DEQ,827638336686755,23,1028,41458,0
DEQ,827638337589715,23,1028,41542,0
DEQ,827638338498649,23,1028,43362,0
DEQ,827638339398939,23,1028,40824,0
DEQ,827638340264521,23,1028,33405,0
DEQ,827638341123293,23,1028,32951,0
DEQ,827638342020882,23,1028,41620,0
DEQ,827638342922756,23,1028,41139,0
DEQ,827638343825470,23,1028,41602,0
DEQ,827638344734120,23,1028,48064,0
DEQ,827638345629735,23,1028,40806,0
DEQ,827638346534100,23,1028,42795,0
DEQ,827638347443902,23,1028,41103,0
DEQ,827638348313914,23,1028,38170,0
DEQ,827638349221734,23,1028,86664,0
DEQ,827638350110898,23,1028,51062,0
DEQ,827638351008947,23,1028,40648,0
DEQ,827638351915345,23,1028,40536,0
DEQ,827638352815198,23,1028,41300,0
DEQ,827638353735556,23,1028,57633,0
DEQ,827638354623142,23,1028,42316,0
DEQ,827638355527513,23,1028,41634,0
DEQ,827638356445224,23,1028,44776,0
DEQ,827638357308221,23,1028,35035,0
DEQ,827638358165418,23,1028,32904,0
DEQ,827638359078984,23,1028,40722,0
STATS,827638359086087,0,0,7988,7988,0,0,0
DEQ,827638359984081,23,1028,49200,0
DEQ,827638360878612,23,1028,40894,0
DEQ,827638361781322,23,1028,41898,0
DEQ,827638362683445,23,1028,41458,0
DEQ,827638363602912,23,1028,59388,0
DEQ,827638364494615,23,1028,47180,0
DEQ,827638365394308,23,1028,40430,0
DEQ,827638366259590,23,1028,33752,0
DEQ,827638367120681,23,1028,35527,0
DEQ,827638368016197,23,1028,41913,0
DEQ,827638368917464,23,1028,40942,0
DEQ,827638369819194,23,1028,40741,0
DEQ,827638370737812,23,1028,56550,0
DEQ,827638371625105,23,1028,41130,0
DEQ,827638372527085,23,1028,40562,0
DEQ,827638373429589,23,1028,40978,0
DEQ,827638374306754,23,1028,33590,0
DEQ,827638375165645,23,1028,32905,0
DEQ,827638376077902,23,1028,40674,0
DEQ,827638376989129,23,1028,55784,0
DEQ,827638377877905,23,1028,41089,0
DEQ,827638378780653,23,1028,41493,0
DEQ,827638379684154,23,1028,42728,0
DEQ,827638380585121,23,1028,41235,0
DEQ,827638381494576,23,1028,47617,0
DEQ,827638382390955,23,1028,41782,0
DEQ,827638383263505,23,1028,33547,0
DEQ,827638384122503,23,1028,33118,0
DEQ,827638385019492,23,1028,40917,0
DEQ,827638385922451,23,1028,40828,0
DEQ,827638386825513,23,1028,41546,0
DEQ,827638387734105,23,1028,48081,0
DEQ,827638388629275,23,1028,40802,0
DEQ,827638389532450,23,1028,41763,0
DEQ,827638390437270,23,1028,42665,0
DEQ,827638391300579,23,1028,33202,0
DEQ,827638392210955,23,1028,83096,0
DEQ,827638393138494,23,1028,84103,0
DEQ,827638394015065,23,1028,36076,0
DEQ,827638394929343,23,1028,37943,0
DEQ,827638395833388,23,1028,44588,0
DEQ,827638396743916,23,1028,51239,0
DEQ,827638397639094,23,1028,41699,0
DEQ,827638398541629,23,1028,41068,0
DEQ,827638399452749,23,1028,45026,0
DEQ,827638400323129,23,1028,43277,0
DEQ,827638401227992,23,1028,83417,0
DEQ,827638402119168,23,1028,49608,0
DEQ,827638403019370,23,1028,41630,0
DEQ,827638403927482,23,1028,48183,0
DEQ,827638404825458,23,1028,41728,0
DEQ,827638405743793,23,1028,56692,0
DEQ,827638406634824,23,1028,41953,0
DEQ,827638407537904,23,1028,41610,0
DEQ,827638408440262,23,1028,41025,0
DEQ,827638409305072,23,1028,33404,0
DEQ,827638410169075,23,1028,32848,0
DEQ,827638411075832,23,1028,41243,0
DEQ,827638411987767,23,1028,56199,0
DEQ,827638412875850,23,1028,41819,0
DEQ,827638413779085,23,1028,42033,0
DEQ,827638414681698,23,1028,42041,0
DEQ,827638415602889,23,1028,59299,0
DEQ,827638416494562,23,1028,48319,0
DEQ,827638417390257,23,1028,41849,0
DEQ,827638418253856,23,1028,32901,0
DEQ,827638419119606,23,1028,38019,0
DEQ,827638420012655,23,1028,41576,0
DEQ,827638420914874,23,1028,41427,0
DEQ,827638421817435,23,1028,41577,0
DEQ,827638422735530,23,1028,56613,0
DEQ,827638423633249,23,1028,46010,0
DEQ,827638424530607,23,1028,41831,0
DEQ,827638425433468,23,1028,41540,0
DEQ,827638426296997,23,1028,32990,0
DEQ,827638427219356,23,1028,95883,0
DEQ,827638428103163,23,1028,54640,0
DEQ,827638428999082,23,1028,43116,0
DEQ,827638429891152,23,1028,33530,0
DEQ,827638430789978,23,1028,40871,0
DEQ,827638431692785,23,1028,41412,0
DEQ,827638432612036,23,1028,56474,0
DEQ,827638433502782,23,1028,74266,0
DEQ,827638434335621,23,1028,47495,0
DEQ,827638435182498,23,1028,33959,0
DEQ,827638436076015,23,1028,38472,0
DEQ,827638436984240,23,1028,47035,0
DEQ,827638437869959,23,1028,36428,0
DEQ,827638438766093,23,1028,41711,0
DEQ,827638439668309,23,1028,40932,0
DEQ,827638440570843,23,1028,41017,0
DEQ,827638441487915,23,1028,55797,0
DEQ,827638442375625,23,1028,41100,0
DEQ,827638443244544,23,1028,37660,0
DEQ,827638444114320,23,1028,48243,0
DEQ,827638444996979,23,1028,41563,0
DEQ,827638445906604,23,1028,42297,0
DEQ,827638446808889,23,1028,42364,0
DEQ,827638447716829,23,1028,40958,0
DEQ,827638448621820,23,1028,42485,0
DEQ,827638449523014,23,1028,41138,0
DEQ,827638450425766,23,1028,41683,0
DEQ,827638451290148,23,1028,33501,0
DEQ,827638452148433,23,1028,32570,0
DEQ,827638453057368,23,1028,40992,0
DEQ,827638453956271,23,1028,42027,0
DEQ,827638454869607,23,1028,47223,0
DEQ,827638455765808,23,1028,41258,0
DEQ,827638456669354,23,1028,41760,0
DEQ,827638457570681,23,1028,40858,0
DEQ,827638458488519,23,1028,56523,0
DEQ,827638459375940,23,1028,41064,0
DEQ,827638460244892,23,1028,37811,0
DEQ,827638461113866,23,1028,47644,0
DEQ,827638461996547,23,1028,41622,0
DEQ,827638462897346,23,1028,40895,0
DEQ,827638463807037,23,1028,41810,0
DEQ,827638464727959,23,1028,60402,0
DEQ,827638465619520,23,1028,49597,0
DEQ,827638466514612,23,1028,41389,0
DEQ,827638467416842,23,1028,41665,0
DEQ,827638468281078,23,1028,33551,0
DEQ,827638469140591,23,1028,33705,0
DEQ,827638470037859,23,1028,42071,0
DEQ,827638470943444,23,1028,41078,0
DEQ,827638471864202,23,1028,55560,0
DEQ,827638472753759,23,1028,40812,0
DEQ,827638473655490,23,1028,41285,0
DEQ,827638474557754,23,1028,41584,0
DEQ,827638475460163,23,1028,41415,0
DEQ,827638476334290,23,1028,42536,0
DEQ,827638477190245,23,1028,32623,0
DEQ,827638478090817,23,1028,40039,0
DEQ,827638478994538,23,1028,48522,0
DEQ,827638479890354,23,1028,41830,0
DEQ,827638480792048,23,1028,40968,0
DEQ,827638481700621,23,1028,41896,0
DEQ,827638482609133,23,1028,47688,0
DEQ,827638483503667,23,1028,40450,0
DEQ,827638484406490,23,1028,41474,0
DEQ,827638485270638,23,1028,32760,0
DEQ,827638486129970,23,1028,32843,0
DEQ,827638487027107,23,1028,41072,0
DEQ,827638487935998,23,1028,40928,0
DEQ,827638488838580,23,1028,41120,0
DEQ,827638489744693,23,1028,45071,0
DEQ,827638490652059,23,1028,41350,0
DEQ,827638491554754,23,1028,41649,0
DEQ,827638492457163,23,1028,42197,0
DEQ,827638493330149,23,1028,42661,0
DEQ,827638494186131,23,1028,33754,0
DEQ,827638495080464,23,1028,41602,0
DEQ,827638495994573,23,1028,53627,0
DEQ,827638496884890,23,1028,41678,0
DEQ,827638497786435,23,1028,41244,0
DEQ,827638498687502,23,1028,40930,0
DEQ,827638499611812,23,1028,55831,0
DEQ,827638500500679,23,1028,41777,0
DEQ,827638501402411,23,1028,40708,0
DEQ,827638502267711,23,1028,33527,0
DEQ,827638503126244,23,1028,32844,0
DEQ,827638504022465,23,1028,40414,0
DEQ,827638504934291,23,1028,41324,0
DEQ,827638505835710,23,1028,40816,0
DEQ,827638506744655,23,1028,47845,0
DEQ,827638507640377,23,1028,41665,0
DEQ,827638508545641,23,1028,40742,0
DEQ,827638509448650,23,1028,41384,0
DEQ,827638510321259,23,1028,41867,0
DEQ,827638511217394,23,1028,78523,0
DEQ,827638512111719,23,1028,49965,0
DEQ,827638513010358,23,1028,40316,0
DEQ,827638513916811,23,1028,46117,0
DEQ,827638514816521,23,1028,40871,0
DEQ,827638515735807,23,1028,57013,0
DEQ,827638516622642,23,1028,41426,0
DEQ,827638517539381,23,1028,42190,0
DEQ,827638518441907,23,1028,41460,0
DEQ,827638519315660,23,1028,41819,0
DEQ,827638520166081,23,1028,32735,0
DEQ,827638521077528,23,1028,40893,0
DEQ,827638521989776,23,1028,56292,0
DEQ,827638522879036,23,1028,42467,0
DEQ,827638523780868,23,1028,41836,0
DEQ,827638524684727,23,1028,42428,0
DEQ,827638525585901,23,1028,40838,0
DEQ,827638526497305,23,1028,43603,0
DEQ,827638527397258,23,1028,40873,0
DEQ,827638528262496,23,1028,33512,0
DEQ,827638529121345,23,1028,33036,0
DEQ,827638530019415,23,1028,41448,0
DEQ,827638530922301,23,1028,41156,0
DEQ,827638531827499,23,1028,41878,0
DEQ,827638532743876,23,1028,55428,0
DEQ,827638533633069,23,1028,42462,0
DEQ,827638534534310,23,1028,41538,0
DEQ,827638535443436,23,1028,41080,0
DEQ,827638536318230,23,1028,43348,0
DEQ,827638537219381,23,1028,85313,0
DEQ,827638538092622,23,1028,35233,0
DEQ,827638539008870,23,1028,42669,0
DEQ,827638539911715,23,1028,42504,0
DEQ,827638540815158,23,1028,40884,0
DEQ,827638541735598,23,1028,57547,0
DEQ,827638542622202,23,1028,41379,0
DEQ,827638543530811,23,1028,42060,0
DEQ,827638544446591,23,1028,46456,0
DEQ,827638545314114,23,1028,40388,0
DEQ,827638546215174,23,1028,81807,0
DEQ,827638547092220,23,1028,35425,0
DEQ,827638548006760,23,1028,40001,0
DEQ,827638548908938,23,1028,42238,0
DEQ,827638549814419,23,1028,41818,0
DEQ,827638550734217,23,1028,50507,0
DEQ,827638551627626,23,1028,41589,0
DEQ,827638552530855,23,1028,41731,0
DEQ,827638553441784,23,1028,41254,0
DEQ,827638554307028,23,1028,33590,0
DEQ,827638555224795,23,1028,92062,0
DEQ,827638556161112,23,1028,104051,0
DEQ,827638557018442,23,1028,36271,0
DEQ,827638557934081,23,1028,41945,0
DEQ,827638558836362,23,1028,41941,0
DEQ,827638559745500,23,1028,44226,0
DEQ,827638560646320,23,1028,41638,0
DEQ,827638561565570,23,1028,56624,0
DEQ,827638562432903,23,1028,35807,0
DEQ,827638563290947,23,1028,33114,0
DEQ,827638564151346,23,1028,33153,0
DEQ,827638565043267,23,1028,33097,0
DEQ,827638565941864,23,1028,41651,0
DEQ,827638566861547,23,1028,57052,0
DEQ,827638567758411,23,1028,44972,0
DEQ,827638568658003,23,1028,41625,0
DEQ,827638569560596,23,1028,41397,0
DEQ,827638570463919,23,1028,41628,0
DEQ,827638571372422,23,1028,40934,0
DEQ,827638572244663,23,1028,40771,0
DEQ,827638573111197,23,1028,47618,0
DEQ,827638574004037,23,1028,51220,0
DEQ,827638574897176,23,1028,41602,0
DEQ,827638575799361,23,1028,41104,0
DEQ,827638576703021,23,1028,41594,0
DEQ,827638577619980,23,1028,56001,0
DEQ,827638578508096,23,1028,41538,0
DEQ,827638579411876,23,1028,41997,0
DEQ,827638580278771,23,1028,33304,0
DEQ,827638581138280,23,1028,33517,0
DEQ,827638582035450,23,1028,41625,0
DEQ,827638582945750,23,1028,40492,0
DEQ,827638583863506,23,1028,56157,0
DEQ,827638584750938,23,1028,41096,0
DEQ,827638585654012,23,1028,41792,0
DEQ,827638586556311,23,1028,41951,0
DEQ,827638587458172,23,1028,41178,0
DEQ,827638588334609,23,1028,45652,0
DEQ,827638589243619,23,1028,94165,0
DEQ,827638590109677,23,1028,42798,0
DEQ,827638591017132,23,1028,41338,0
DEQ,827638591923063,23,1028,41339,0
DEQ,827638592824162,23,1028,42147,0
DEQ,827638593734194,23,1028,48395,0
DEQ,827638594631598,23,1028,42663,0
DEQ,827638595535172,23,1028,41850,0
DEQ,827638596438436,23,1028,42149,0
DEQ,827638597303228,23,1028,33590,0
DEQ,827638598166952,23,1028,32630,0
DEQ,827638599088656,23,1028,43171,0
DEQ,827638599994912,23,1028,50289,0
DEQ,827638600888643,23,1028,41658,0
DEQ,827638601789987,23,1028,41283,0
DEQ,827638602691497,23,1028,41062,0
DEQ,827638603610656,23,1028,57803,0
DEQ,827638604497085,23,1028,40942,0
DEQ,827638605399055,23,1028,40717,0
DEQ,827638606264780,23,1028,33700,0
DEQ,827638607124308,23,1028,32811,0
DEQ,827638608021327,23,1028,41254,0
DEQ,827638608923665,23,1028,40857,0
DEQ,827638609827674,23,1028,41841,0
DEQ,827638610745366,23,1028,56490,0
DEQ,827638611633117,23,1028,41971,0
DEQ,827638612536268,23,1028,41478,0
DEQ,827638613438824,23,1028,41546,0
DEQ,827638614303831,23,1028,33638,0
DEQ,827638615229468,23,1028,99631,0
DEQ,827638616089347,23,1028,35401,0
DEQ,827638617004354,23,1028,42714,0
DEQ,827638617905621,23,1028,42597,0
DEQ,827638618810349,23,1028,41637,0
DEQ,827638619712799,23,1028,40987,0
DEQ,827638620620773,23,1028,44794,0
DEQ,827638621521331,23,1028,42509,0
DEQ,827638622424178,23,1028,41234,0
DEQ,827638623289116,23,1028,33229,0
DEQ,827638624213741,23,1028,98665,0
DEQ,827638625130228,23,1028,83000,0
DEQ,827638626009688,23,1028,36003,0
DEQ,827638626927144,23,1028,44826,0
DEQ,827638627833493,23,1028,45673,0
DEQ,827638628744033,23,1028,50956,0
DEQ,827638629639650,23,1028,41933,0
DEQ,827638630541410,23,1028,40809,0
DEQ,827638631445247,23,1028,41294,0
DEQ,827638632311448,23,1028,34741,0
DEQ,827638633221087,23,1028,84981,0
DEQ,827638634114663,23,1028,49954,0
DEQ,827638635016547,23,1028,42008,0
DEQ,827638635921079,23,1028,44140,0
DEQ,827638636821923,23,1028,41237,0
DEQ,827638637740284,23,1028,55640,0
DEQ,827638638629143,23,1028,41255,0
DEQ,827638639539673,23,1028,44217,0
DEQ,827638640438586,23,1028,41359,0
DEQ,827638641304108,23,1028,33435,0
DEQ,827638642163866,23,1028,33829,0
DEQ,827638643086978,23,1028,34026,0
DEQ,827638643994801,23,1028,51858,0
DEQ,827638644889141,23,1028,41268,0
DEQ,827638645792330,23,1028,41227,0
DEQ,827638646695075,23,1028,41204,0
DEQ,827638647613824,23,1028,56244,0
DEQ,827638648500732,23,1028,40227,0
DEQ,827638649405120,23,1028,42018,0
DEQ,827638650268787,23,1028,33357,0
DEQ,827638651128026,23,1028,32862,0
DEQ,827638652027020,23,1028,41078,0
DEQ,827638652938046,23,1028,41635,0
DEQ,827638653840720,23,1028,41053,0
DEQ,827638654747510,23,1028,44783,0
DEQ,827638655645827,23,1028,40951,0
DEQ,827638656547883,23,1028,40897,0
DEQ,827638657451344,23,1028,41572,0
DEQ,827638658322943,23,1028,40972,0
DEQ,827638659173944,23,1028,32743,0
DEQ,827638660079180,23,1028,44611,0
DEQ,827638660993995,23,1028,55731,0
DEQ,827638661883190,23,1028,42150,0
DEQ,827638662785915,23,1028,41672,0
DEQ,827638663691450,23,1028,41373,0
DEQ,827638664610669,23,1028,58471,0
DEQ,827638665497309,23,1028,42399,0
DEQ,827638666398180,23,1028,41060,0
DEQ,827638667320294,23,1028,90510,0
DEQ,827638668136554,23,1028,36136,0
DEQ,827638669051579,23,1028,33817,0
DEQ,827638669963954,23,1028,44484,0
DEQ,827638670869697,23,1028,47340,0
DEQ,827638671769330,23,1028,41582,0
DEQ,827638672672540,23,1028,41406,0
DEQ,827638673575812,23,1028,41657,0
DEQ,827638674493932,23,1028,56834,0
DEQ,827638675382485,23,1028,41923,0
DEQ,827638676306537,23,1028,92610,0
DEQ,827638677120787,23,1028,36369,0
DEQ,827638678035293,23,1028,40875,0
DEQ,827638678949004,23,1028,44779,0
DEQ,827638679864541,23,1028,56912,0
DEQ,827638680753191,23,1028,40688,0
DEQ,827638681658108,23,1028,42386,0
DEQ,827638682560277,23,1028,42055,0
DEQ,827638683461789,23,1028,41252,0
DEQ,827638684369788,23,1028,49649,0
DEQ,827638685240231,23,1028,47370,0
DEQ,827638686084855,23,1028,41650,0
DEQ,827638686994685,23,1028,52425,0
DEQ,827638687905397,23,1028,44650,0
DEQ,827638688803918,23,1028,42043,0
DEQ,827638689706200,23,1028,41899,0
DEQ,827638690619652,23,1028,52922,0
DEQ,827638691511206,23,1028,41574,0
DEQ,827638692414664,23,1028,41958,0
DEQ,827638693278951,23,1028,33597,0
DEQ,827638694138581,23,1028,33941,0
DEQ,827638695066425,23,1028,55842,0
DEQ,827638695939365,23,1028,39202,0
DEQ,827638696801366,23,1028,33532,0
DEQ,827638697662570,23,1028,33778,0
DEQ,827638698521684,23,1028,33392,0
DEQ,827638699419778,23,1028,41150,0
DEQ,827638700284654,23,1028,33614,0
DEQ,827638701143600,23,1028,33232,0
DEQ,827638702053054,23,1028,53309,0
DEQ,827638702952398,23,1028,41823,0
DEQ,827638703869014,23,1028,56368,0
DEQ,827638704757650,23,1028,41884,0
DEQ,827638705664815,23,1028,41749,0
DEQ,827638706566434,23,1028,41095,0
DEQ,827638707485698,23,1028,58493,0
DEQ,827638708371742,23,1028,41882,0
DEQ,827638709245130,23,1028,42901,0
DEQ,827638710110660,23,1028,49070,0
DEQ,827638710994759,23,1028,44689,0
DEQ,827638711895213,23,1028,40206,0
DEQ,827638712798061,23,1028,41491,0
DEQ,827638713700656,23,1028,41977,0
DEQ,827638714619732,23,1028,52719,0
DEQ,827638715511431,23,1028,41575,0
DEQ,827638716413696,23,1028,41280,0
DEQ,827638717277970,23,1028,33488,0
DEQ,827638718137128,23,1028,33437,0
DEQ,827638719033540,23,1028,41342,0
DEQ,827638719943699,23,1028,40433,0
DEQ,827638720861038,23,1028,56027,0
DEQ,827638721747591,23,1028,40801,0
DEQ,827638722650163,23,1028,40638,0
DEQ,827638723562678,23,1028,41364,0
DEQ,827638724465667,23,1028,41253,0
DEQ,827638725370577,23,1028,44172,0
DEQ,827638726244690,23,1028,46409,0
DEQ,827638727111593,23,1028,48449,0
DEQ,827638727996879,23,1028,45146,0
DEQ,827638728895390,23,1028,40948,0
DEQ,827638729797369,23,1028,40856,0
DEQ,827638730699731,23,1028,41054,0
DEQ,827638731619398,23,1028,58470,0
DEQ,827638732515021,23,1028,41619,0
DEQ,827638733416444,23,1028,41021,0
DEQ,827638734281150,23,1028,33396,0
DEQ,827638735140702,23,1028,33490,0
DEQ,827638736038422,23,1028,42224,0
DEQ,827638736945218,23,1028,40891,0
DEQ,827638737861519,23,1028,55685,0
DEQ,827638738749892,23,1028,41628,0
DEQ,827638739651930,23,1028,41374,0
DEQ,827638740554532,23,1028,41751,0
DEQ,827638741485742,23,1028,57075,0
DEQ,827638742373552,23,1028,41957,0
DEQ,827638743244718,23,1028,40796,0
DEQ,827638744110979,23,1028,47687,0
DEQ,827638744996639,23,1028,44611,0
DEQ,827638745895687,23,1028,41263,0
DEQ,827638746797948,23,1028,41016,0
DEQ,827638747700982,23,1028,41362,0
DEQ,827638748609277,23,1028,47768,0
DEQ,827638749504076,23,1028,40874,0
DEQ,827638750412165,23,1028,41481,0
DEQ,827638751275665,23,1028,32823,0
DEQ,827638752135372,23,1028,33273,0
DEQ,827638753032896,23,1028,42141,0
DEQ,827638753940900,23,1028,40944,0
DEQ,827638754842611,23,1028,40891,0
DEQ,827638755746709,23,1028,43218,0
DEQ,827638756646647,23,1028,41437,0
DEQ,827638757548357,23,1028,41130,0
DEQ,827638758451345,23,1028,42060,0
DEQ,827638759331275,23,1028,44598,0
DEQ,827638760179402,23,1028,33421,0
DEQ,827638761078239,23,1028,41709,0
DEQ,827638761994002,23,1028,55337,0
DEQ,827638762882385,23,1028,41755,0
DEQ,827638763784940,23,1028,41903,0
DEQ,827638764688692,23,1028,42477,0
DEQ,827638765591103,23,1028,41655,0
DEQ,827638766504266,23,1028,51071,0
DEQ,827638767397491,23,1028,40984,0
DEQ,827638768266332,23,1028,33445,0
DEQ,827638769125207,23,1028,32999,0
DEQ,827638770021834,23,1028,41055,0
DEQ,827638770924606,23,1028,41275,0
DEQ,827638771828286,23,1028,41551,0
DEQ,827638772744304,23,1028,55355,0
DEQ,827638773631803,23,1028,41685,0
DEQ,827638774534618,23,1028,41626,0
DEQ,827638775437322,23,1028,41957,0
DEQ,827638776300765,23,1028,33544,0
DEQ,827638777209048,23,1028,81174,0
DEQ,827638778141968,23,1028,86821,0
DEQ,827638779020287,23,1028,35328,0
DEQ,827638779936976,23,1028,43644,0
DEQ,827638780838751,23,1028,41222,0
DEQ,827638781747003,23,1028,43968,0
DEQ,827638782648779,23,1028,40963,0
DEQ,827638783559168,23,1028,43774,0
DEQ,827638784457577,23,1028,41416,0
DEQ,827638785335290,23,1028,46516,0
DEQ,827638786291622,23,1028,97729,0
DEQ,827638787181168,23,1028,110235,0
DEQ,827638788087799,23,1028,84302,0
DEQ,827638788986041,23,1028,51808,0
DEQ,827638789884172,23,1028,38983,0
DEQ,827638790783726,23,1028,41353,0
DEQ,827638791686566,23,1028,41261,0
DEQ,827638792588838,23,1028,41163,0
DEQ,827638793494734,23,1028,45923,0
DEQ,827638794391891,23,1028,42146,0
DEQ,827638795267002,23,1028,34603,0
DEQ,827638796124487,23,1028,32804,0
DEQ,827638797020604,23,1028,41364,0
DEQ,827638797921073,23,1028,40609,0
DEQ,827638798821323,23,1028,41156,0
DEQ,827638799736670,23,1028,56402,0
DEQ,827638800621923,23,1028,41588,0
DEQ,827638801520642,23,1028,40793,0
DEQ,827638802420779,23,1028,41395,0
DEQ,827638803285848,23,1028,33992,0
DEQ,827638804195323,23,1028,82951,0
DEQ,827638805075419,23,1028,36092,0
DEQ,827638805994751,23,1028,43189,0
DEQ,827638806891462,23,1028,41983,0
DEQ,827638807799358,23,1028,41858,0
DEQ,827638808701897,23,1028,42484,0
DEQ,827638809609276,23,1028,48456,0
DEQ,827638810502337,23,1028,40955,0
DEQ,827638811402455,23,1028,40801,0
DEQ,827638812267077,23,1028,33390,0
DEQ,827638813131800,23,1028,33439,0
DEQ,827638814027087,23,1028,40826,0
DEQ,827638814934595,23,1028,41336,0
DEQ,827638815833628,23,1028,40436,0
DEQ,827638816744112,23,1028,51462,0
DEQ,827638817634103,23,1028,41260,0
DEQ,827638818534243,23,1028,41738,0
DEQ,827638819434659,23,1028,42399,0
DEQ,827638820297152,23,1028,32732,0
DEQ,827638821215534,23,1028,92007,0
DEQ,827638822134503,23,1028,83018,0
DEQ,827638823018335,23,1028,36035,0
DEQ,827638823937655,23,1028,43651,0
DEQ,827638824836703,23,1028,40861,0
DEQ,827638825744716,23,1028,46169,0
DEQ,827638826659040,23,1028,58781,0
DEQ,827638827502867,23,1028,33150,0
DEQ,827638828395488,23,1028,33362,0
DEQ,827638829256580,23,1028,33560,0
DEQ,827638830121070,23,1028,37811,0
DEQ,827638831014421,23,1028,33867,0
DEQ,827638831919818,23,1028,44609,0
DEQ,827638832819616,23,1028,41114,0
DEQ,827638833739538,23,1028,56393,0
DEQ,827638834627132,23,1028,41070,0
DEQ,827638835531534,23,1028,42026,0
DEQ,827638836433668,23,1028,41909,0
DEQ,827638837297005,23,1028,32763,0
DEQ,827638838157016,23,1028,33377,0
DEQ,827638839070561,23,1028,41067,0
DEQ,827638839986249,23,1028,56661,0
DEQ,827638840874840,23,1028,41022,0
DEQ,827638841780194,23,1028,42793,0
DEQ,827638842682279,23,1028,41630,0
DEQ,827638843602956,23,1028,60565,0
DEQ,827638844494749,23,1028,47492,0
DEQ,827638845390614,23,1028,41548,0
DEQ,827638846254277,23,1028,32857,0
DEQ,827638847119731,23,1028,39011,0
DEQ,827638848011060,23,1028,41405,0
DEQ,827638848918398,23,1028,41883,0
DEQ,827638849819697,23,1028,40718,0
DEQ,827638850737136,23,1028,55746,0
DEQ,827638851625208,23,1028,41229,0
DEQ,827638852529381,23,1028,42607,0
DEQ,827638853432283,23,1028,42027,0
DEQ,827638854295831,23,1028,32769,0
DEQ,827638855203833,23,1028,79811,0
DEQ,827638856113978,23,1028,51354,0
DEQ,827638857012200,23,1028,40409,0
DEQ,827638857923121,23,1028,44176,0
DEQ,827638858824297,23,1028,42051,0
DEQ,827638859743994,23,1028,56417,0
DEQ,827638860632592,23,1028,41904,0
DEQ,827638861536308,23,1028,42074,0
DEQ,827638862438100,23,1028,41325,0
DEQ,827638863304207,23,1028,34840,0
DEQ,827638864212866,23,1028,84039,0
DEQ,827638865138746,23,1028,84646,0
DEQ,827638866015352,23,1028,35899,0
DEQ,827638866939935,23,1028,43526,0
DEQ,827638867860992,23,1028,59508,0
DEQ,827638868749752,23,1028,41460,0
DEQ,827638869654260,23,1028,41548,0
DEQ,827638870559380,23,1028,42319,0
DEQ,827638871462031,23,1028,41026,0
DEQ,827638872368942,23,1028,57013,0
DEQ,827638873217398,23,1028,32760,0
DEQ,827638874091523,23,1028,39263,0
DEQ,827638874994740,23,1028,47565,0
DEQ,827638875896476,23,1028,41053,0
DEQ,827638876799191,23,1028,41096,0
DEQ,827638877702239,23,1028,41997,0
DEQ,827638878619004,23,1028,55064,0
DEQ,827638879512227,23,1028,41789,0
DEQ,827638880414489,23,1028,41303,0
DEQ,827638881278956,23,1028,33585,0
DEQ,827638882138260,23,1028,33618,0
DEQ,827638883035521,23,1028,41891,0
DEQ,827638883942977,23,1028,40883,0
DEQ,827638884869789,23,1028,55057,0
DEQ,827638885761987,23,1028,42705,0
DEQ,827638886663362,23,1028,41955,0
DEQ,827638887565204,23,1028,41103,0
DEQ,827638888467647,23,1028,40994,0
DEQ,827638889371939,23,1028,42770,0
DEQ,827638890244787,23,1028,43393,0
DEQ,827638891110805,23,1028,50001,0
DEQ,827638891994766,23,1028,45470,0
DEQ,827638892893846,23,1028,41930,0
DEQ,827638893803814,23,1028,41790,0
DEQ,827638894707587,23,1028,41738,0
DEQ,827638895606778,23,1028,67470,0
DEQ,827638896459741,23,1028,34538,0
DEQ,827638897322984,23,1028,37399,0
DEQ,827638898180011,23,1028,33915,0
DEQ,827638899070276,23,1028,33110,0
DEQ,827638899967745,23,1028,40696,0
DEQ,827638900872029,23,1028,42189,0
DEQ,827638901773546,23,1028,41079,0
DEQ,827638902684419,23,1028,41970,0
DEQ,827638903587795,23,1028,40554,0
DEQ,827638904494792,23,1028,45218,0
DEQ,827638905394214,23,1028,41269,0
DEQ,827638906259337,23,1028,33553,0
DEQ,827638907121581,23,1028,36304,0
DEQ,827638908016907,23,1028,41833,0
DEQ,827638908918923,23,1028,40995,0
DEQ,827638909821205,23,1028,41651,0
DEQ,827638910738470,23,1028,55441,0
DEQ,827638911635204,23,1028,41743,0
DEQ,827638912538268,23,1028,41603,0
DEQ,827638913440803,23,1028,41496,0
DEQ,827638914318413,23,1028,45668,0
DEQ,827638915165950,23,1028,33661,0
DEQ,827638916077389,23,1028,40124,0
DEQ,827638916988921,23,1028,55783,0
DEQ,827638917876599,23,1028,41029,0
DEQ,827638918780893,23,1028,42413,0
DEQ,827638919682211,23,1028,41417,0
DEQ,827638920591081,23,1028,41176,0
DEQ,827638921497155,23,1028,44913,0
DEQ,827638922395474,23,1028,41227,0
DEQ,827638923260686,23,1028,33814,0
DEQ,827638924120892,23,1028,34701,0
DEQ,827638925017065,23,1028,41618,0
DEQ,827638925920055,23,1028,41353,0
DEQ,827638926823804,23,1028,41939,0
DEQ,827638927744049,23,1028,57035,0
DEQ,827638928632292,23,1028,42774,0
DEQ,827638929542812,23,1028,41504,0
DEQ,827638930444702,23,1028,41180,0
DEQ,827638931319734,23,1028,43528,0
DEQ,827638932234547,23,1028,98984,0
DEQ,827638933111071,23,1028,51690,0
DEQ,827638934009448,23,1028,41810,0
DEQ,827638934919454,23,1028,43009,0
DEQ,827638935818932,23,1028,40902,0
DEQ,827638936735941,23,1028,55842,0
DEQ,827638937621566,23,1028,41288,0
DEQ,827638938538806,23,1028,41478,0
DEQ,827638939441131,23,1028,40834,0
DEQ,827638940368358,23,1028,95160,0
DEQ,827638941227070,23,1028,82919,0
DEQ,827638942181230,23,1028,112803,0
DEQ,827638943029223,23,1028,35986,0
DEQ,827638943944526,23,1028,40101,0
DEQ,827638944861231,23,1028,56296,0
DEQ,827638945750908,23,1028,41352,0
DEQ,827638946654104,23,1028,41270,0
DEQ,827638947569960,23,1028,40868,0
DEQ,827638948488192,23,1028,55725,0
DEQ,827638949378441,23,1028,42488,0
DEQ,827638950245869,23,1028,34809,0
DEQ,827638951169833,23,1028,37943,0
DEQ,827638952109775,23,1028,43476,0
DEQ,827638953124146,23,1028,54802,0
DEQ,827638954160471,23,1028,91959,0
DEQ,827638955162969,23,1028,97427,0
DEQ,827638956144650,23,1028,86889,0
DEQ,827638957128842,23,1028,82324,0
DEQ,827638958125129,23,1028,92194,0
DEQ,827638959116060,23,1028,91542,0
DEQ,827638960120018,23,1028,105431,0
DEQ,827638961121137,23,1028,121213,0
DEQ,827638961997743,23,1028,60662,0
DEQ,827638963049487,23,1028,124943,0
DEQ,827638963956326,23,1028,119421,0
DEQ,827638964857069,23,1028,123259,0
DEQ,827638965787248,23,1028,148277,0
DEQ,827638966696670,23,1028,138257,0
DEQ,827638967617443,23,1028,155961,0
DEQ,827638968492090,23,1028,143461,0
DEQ,827638969368332,23,1028,142755,0
DEQ,827638970279166,23,1028,146622,0
DEQ,827638971223910,23,1028,90410,0
DEQ,827638972222156,23,1028,88939,0
DEQ,827638973199692,23,1028,83121,0
DEQ,827638974177230,23,1028,84412,0
DEQ,827638975167754,23,1028,81071,0
DEQ,827638976231413,23,1028,144840,0
DEQ,827638977229138,23,1028,150517,0
DEQ,827638978227028,23,1028,156101,0
DEQ,827638979220057,23,1028,158423,0
DEQ,827638980191753,23,1028,142695,0
DEQ,827638981185326,23,1028,145832,0
DEQ,827638982177421,23,1028,145985,0
DEQ,827638983172443,23,1028,151522,0
DEQ,827638984116237,23,1028,102405,0
DEQ,827638985108058,23,1028,98478,0
DEQ,827638986134056,23,1028,130871,0
DEQ,827638987120633,23,1028,120251,0
DEQ,827638988139019,23,1028,146850,0
DEQ,827638989137334,23,1028,147134,0
DEQ,827638990136625,23,1028,147043,0
DEQ,827638991115494,23,1028,140407,0
DEQ,827638992103264,23,1028,139567,0
DEQ,827638993081828,23,1028,124245,0
DEQ,827638993993034,23,1028,122607,0
DEQ,827638994915975,23,1028,147132,0
DEQ,827638995830575,23,1028,149183,0
DEQ,827638996710649,23,1028,126288,0
DEQ,827638997622342,23,1028,134022,0
DEQ,827638998546057,23,1028,156327,0
DEQ,827638999419139,23,1028,142423,0
DEQ,827639000297473,23,1028,143955,0
DEQ,827639001276269,23,1028,142846,0
DEQ,827639002217268,23,1028,86689,0
DEQ,827639003210685,23,1028,91609,0
DEQ,827639004190826,23,1028,79669,0
DEQ,827639005185300,23,1028,66895,0
DEQ,827639006151023,23,1028,111655,0
DEQ,827639007113338,23,1028,81210,0
DEQ,827639008117186,23,1028,82474,0
DEQ,827639009113579,23,1028,91004,0
DEQ,827639010118637,23,1028,107531,0
DEQ,827639011117075,23,1028,118337,0
DEQ,827639012124394,23,1028,135477,0
DEQ,827639013132708,23,1028,150522,0
DEQ,827639014113502,23,1028,148253,0
DEQ,827639015085852,23,1028,123601,0
DEQ,827639015997192,23,1028,122431,0
DEQ,827639016911144,23,1028,136866,0
DEQ,827639017820682,23,1028,143123,0
DEQ,827639018704046,23,1028,123782,0
DEQ,827639019616596,23,1028,134613,0
DEQ,827639020545464,23,1028,161624,0
DEQ,827639021418592,23,1028,147106,0
DEQ,827639022264954,23,1028,116603,0
DEQ,827639023100115,23,1028,83214,0
DEQ,827639024111566,23,1028,111351,0
DEQ,827639024952115,23,1028,36556,0
DEQ,827639025862627,23,1028,48237,0
DEQ,827639026753415,23,1028,45100,0
DEQ,827639027655408,23,1028,42371,0
DEQ,827639028567440,23,1028,47748,0
DEQ,827639029466277,23,1028,41889,0
DEQ,827639030371899,23,1028,42522,0
DEQ,827639031245430,23,1028,43516,0
DEQ,827639032114813,23,1028,47492,0
DEQ,827639033007182,23,1028,42596,0
DEQ,827639033909615,23,1028,41788,0
DEQ,827639034811799,23,1028,41261,0
DEQ,827639035713692,23,1028,41225,0
DEQ,827639036626229,23,1028,50808,0
DEQ,827639037519783,23,1028,41161,0
DEQ,827639038421939,23,1028,41137,0
DEQ,827639039287786,23,1028,33526,0
DEQ,827639040146650,23,1028,33089,0
DEQ,827639041059511,23,1028,39791,0
DEQ,827639041958823,23,1028,41472,0
DEQ,827639042869483,23,1028,48430,0
DEQ,827639043766861,23,1028,42385,0
DEQ,827639044670314,23,1028,41023,0
DEQ,827639045573201,23,1028,41499,0
DEQ,827639046489500,23,1028,55569,0
DEQ,827639047378677,23,1028,41558,0
DEQ,827639048245886,23,1028,35973,0
DEQ,827639049109487,23,1028,40096,0
DEQ,827639050000132,23,1028,41263,0
DEQ,827639050907604,23,1028,41889,0
DEQ,827639051810254,23,1028,41869,0
DEQ,827639052711172,23,1028,40676,0
DEQ,827639053620177,23,1028,46987,0
DEQ,827639054517533,23,1028,42430,0
DEQ,827639055419594,23,1028,40960,0
DEQ,827639056284177,23,1028,33390,0
DEQ,827639057144361,23,1028,34208,0
DEQ,827639058052899,23,1028,52932,0
DEQ,827639058950803,23,1028,41662,0
DEQ,827639059869025,23,1028,54478,0
DEQ,827639060759895,23,1028,42092,0
DEQ,827639061662275,23,1028,41828,0
DEQ,827639062564506,23,1028,41468,0
DEQ,827639063467490,23,1028,41133,0
DEQ,827639064409304,23,1028,110246,0
DEQ,827639065258810,23,1028,84544,0
DEQ,827639066168779,23,1028,101541,0
DEQ,827639067030001,23,1028,35851,0
DEQ,827639067946256,23,1028,37825,0
DEQ,827639068869955,23,1028,55690,0
DEQ,827639069757856,23,1028,42404,0
DEQ,827639070662450,23,1028,41726,0
DEQ,827639071565900,23,1028,41262,0
DEQ,827639072487637,23,1028,56093,0
DEQ,827639073376709,23,1028,41609,0
DEQ,827639074244981,23,1028,36988,0
DEQ,827639075115902,23,1028,48482,0
DEQ,827639075998169,23,1028,41375,0
DEQ,827639076916485,23,1028,56204,0
DEQ,827639077805573,23,1028,41642,0
DEQ,827639078728230,23,1028,61159,0
DEQ,827639079619903,23,1028,48628,0
DEQ,827639080516190,23,1028,41331,0
DEQ,827639081418931,23,1028,40903,0
DEQ,827639082284513,23,1028,33860,0
DEQ,827639083143881,23,1028,33194,0
DEQ,827639084054614,23,1028,54631,0
DEQ,827639084952401,23,1028,41436,0
DEQ,827639085869160,23,1028,55304,0
DEQ,827639086764596,23,1028,42090,0
DEQ,827639087667712,23,1028,41578,0
DEQ,827639088571256,23,1028,41040,0
DEQ,827639089488862,23,1028,55577,0
DEQ,827639090376715,23,1028,41309,0
DEQ,827639091244956,23,1028,37116,0
DEQ,827639092114715,23,1028,47558,0
DEQ,827639092998020,23,1028,41582,0
DEQ,827639093900569,23,1028,40992,0
DEQ,827639094803453,23,1028,41404,0
DEQ,827639095710894,23,1028,40731,0
DEQ,827639096621092,23,1028,45069,0
DEQ,827639097519813,23,1028,41915,0
DEQ,827639098422660,23,1028,41342,0
DEQ,827639099287055,23,1028,33253,0
DEQ,827639100195436,23,1028,82325,0
DEQ,827639101123805,23,1028,82910,0
DEQ,827639102002989,23,1028,37624,0
DEQ,827639102914079,23,1028,39396,0
DEQ,827639103822997,23,1028,49143,0
DEQ,827639104735873,23,1028,49835,0
DEQ,827639105633542,23,1028,42202,0
DEQ,827639106537501,23,1028,41544,0
DEQ,827639107440171,23,1028,40992,0
DEQ,827639108306211,23,1028,34775,0
DEQ,827639109213829,23,1028,83076,0
DEQ,827639110169615,23,1028,110872,0
DEQ,827639111020967,23,1028,35464,0
DEQ,827639111941462,23,1028,44781,0
DEQ,827639112842912,23,1028,41103,0
DEQ,827639113757324,23,1028,42100,0
DEQ,827639114662701,23,1028,42216,0
DEQ,827639115566543,23,1028,41266,0
DEQ,827639116432571,23,1028,33731,0
DEQ,827639117290957,23,1028,32536,0
DEQ,827639118203785,23,1028,86061,0
DEQ,827639119081759,23,1028,36925,0
DEQ,827639119995977,23,1028,42223,0
DEQ,827639120900273,23,1028,40957,0
DEQ,827639121801016,23,1028,41767,0
DEQ,827639122714924,23,1028,40935,0
DEQ,827639123621887,23,1028,43864,0
DEQ,827639124522867,23,1028,40618,0
DEQ,827639125426732,23,1028,41997,0
DEQ,827639126290690,23,1028,33624,0
DEQ,827639127149323,23,1028,32955,0
DEQ,827639128061611,23,1028,42303,0
DEQ,827639128959992,23,1028,41413,0
DEQ,827639129869963,23,1028,48664,0
DEQ,827639130767986,23,1028,43286,0
DEQ,827639131677280,23,1028,41694,0
DEQ,827639132541639,23,1028,33285,0
DEQ,827639133445396,23,1028,44642,0
DEQ,827639134317109,23,1028,43849,0
DEQ,827639135165771,23,1028,33086,0
DEQ,827639136071708,23,1028,40294,0
DEQ,827639136985908,23,1028,57184,0
DEQ,827639137872648,23,1028,41226,0
DEQ,827639138774142,23,1028,40781,0
DEQ,827639139676565,23,1028,41704,0
DEQ,827639140603270,23,1028,60403,0
DEQ,827639141495536,23,1028,48855,0
DEQ,827639142390705,23,1028,41732,0
DEQ,827639143254568,23,1028,32802,0
DEQ,827639144120056,23,1028,38812,0
DEQ,827639145011638,23,1028,41556,0
DEQ,827639145913649,23,1028,41966,0
DEQ,827639146814781,23,1028,40933,0
DEQ,827639147716614,23,1028,40671,0
DEQ,827639148622658,23,1028,43288,0
DEQ,827639149529192,23,1028,41347,0
DEQ,827639150431799,23,1028,41714,0
DEQ,827639151295609,23,1028,32833,0
DEQ,827639152156593,23,1028,34559,0
DEQ,827639153066052,23,1028,40106,0
DEQ,827639153963756,23,1028,41266,0
DEQ,827639154876415,23,1028,51417,0
DEQ,827639155769712,23,1028,41049,0
DEQ,827639156666315,23,1028,35107,0
DEQ,827639157567771,23,1028,44260,0
DEQ,827639158451321,23,1028,34506,0
DEQ,827639159318045,23,1028,40020,0
DEQ,827639160171131,23,1028,32994,0
DEQ,827639161077938,23,1028,41743,0
DEQ,827639161994361,23,1028,55156,0
DEQ,827639162753554,23,84,28417,0
DEQ,827639162860977,23,1028,49768,0
DEQ,827639163749888,23,1028,49745,0
DEQ,827639164643920,23,1028,41563,0
DEQ,827639165546940,23,1028,41366,0
DEQ,827639166450318,23,1028,41892,0
DEQ,827639167330897,23,1028,45107,0
DEQ,827639168238001,23,1028,92577,0
DEQ,827639169120283,23,1028,49230,0
DEQ,827639170019131,23,1028,41198,0
DEQ,827639170921041,23,1028,41806,0
DEQ,827639171827222,23,1028,41621,0
DEQ,827639172744167,23,1028,55098,0
DEQ,827639173633358,23,1028,41223,0
DEQ,827639174538228,23,1028,43481,0
DEQ,827639175438988,23,1028,41168,0
DEQ,827639176322737,23,1028,44384,0
DEQ,827639177170314,23,1028,32638,0
DEQ,827639178141331,23,1028,103056,0
DEQ,827639179008754,23,1028,36423,0
DEQ,827639179922562,23,1028,39963,0
DEQ,827639180825276,23,1028,41352,0
DEQ,827639181744090,23,1028,55631,0
DEQ,827639182635089,23,1028,41317,0
DEQ,827639183538135,23,1028,41438,0
DEQ,827639184440305,23,1028,40791,0
DEQ,827639185317196,23,1028,34013,0
DEQ,827639186236355,23,1028,93630,0
DEQ,827639187178817,23,1028,109575,0
DEQ,827639188030511,23,1028,36291,0
DEQ,827639188946413,23,1028,39565,0
DEQ,827639189862713,23,1028,56605,0
DEQ,827639190753318,23,1028,41339,0
DEQ,827639191657302,23,1028,41624,0
DEQ,827639192568155,23,1028,43693,0
DEQ,827639193467060,23,1028,41382,0
DEQ,827639194379964,23,1028,41499,0
DEQ,827639195245692,23,1028,34186,0
DEQ,827639196119804,23,1028,48892,0
DEQ,827639197002518,23,1028,41964,0
DEQ,827639197904604,23,1028,41721,0
DEQ,827639198806725,23,1028,41658,0
DEQ,827639199709237,23,1028,41509,0
DEQ,827639200578729,23,1028,32944,0
DEQ,827639201484552,23,1028,49313,0
DEQ,827639202377935,23,1028,40660,0
DEQ,827639203250551,23,1028,33189,0
DEQ,827639204119987,23,1028,42962,0
DEQ,827639204995003,23,1028,49650,0
DEQ,827639205893907,23,1028,41470,0
DEQ,827639206796419,23,1028,41355,0
DEQ,827639207699604,23,1028,42096,0
DEQ,827639208609492,23,1028,48717,0
DEQ,827639209503096,23,1028,40527,0
DEQ,827639210406944,23,1028,41771,0
DEQ,827639211270555,23,1028,32930,0
DEQ,827639212131805,23,1028,33347,0
DEQ,827639213029436,23,1028,41405,0
DEQ,827639213937275,23,1028,41665,0
DEQ,827639214909183,23,1028,36944,0
DEQ,827639215916885,23,1028,126694,0
DEQ,827639216827689,23,1028,143354,0
DEQ,827639217715614,23,1028,128451,0
DEQ,827639218616428,23,1028,123044,0
DEQ,827639219553570,23,1028,157295,0
DEQ,827639220417788,23,1028,135010,0
DEQ,827639221310183,23,1028,144831,0
DEQ,827639222273526,23,1028,145475,0
DEQ,827639223214493,23,1028,94550,0
DEQ,827639224207805,23,1028,82067,0
DEQ,827639225205967,23,1028,91409,0
DEQ,827639226184785,23,1028,81369,0
DEQ,827639227177266,23,1028,83893,0
DEQ,827639228186481,23,1028,101855,0
DEQ,827639229173061,23,1028,98918,0
DEQ,827639230149355,23,1028,97288,0
DEQ,827639231123308,23,1028,73249,0
DEQ,827639232126073,23,1028,149246,0
DEQ,827639233086089,23,1028,123654,0
DEQ,827639234006768,23,1028,133637,0
DEQ,827639234901099,23,1028,129281,0
DEQ,827639235809601,23,1028,133798,0
DEQ,827639236708450,23,1028,131776,0
DEQ,827639237601921,23,1028,123696,0
DEQ,827639238538654,23,1028,159624,0
DEQ,827639239396802,23,1028,131474,0
DEQ,827639240293529,23,1028,146024,0
DEQ,827639241214381,23,1028,85072,0
DEQ,827639242260899,23,1028,144519,0
DEQ,827639243250166,23,1028,141874,0
DEQ,827639244238626,23,1028,143970,0
DEQ,827639245235573,23,1028,150593,0
DEQ,827639246226325,23,1028,152565,0
DEQ,827639247223379,23,1028,162066,0
DEQ,827639248171498,23,1028,118165,0
DEQ,827639249191872,23,1028,143929,0
DEQ,827639250194085,23,1028,149157,0
DEQ,827639251180722,23,1028,147748,0
DEQ,827639252109718,23,1028,88118,0
DEQ,827639253103452,23,1028,151580,0
DEQ,827639254075988,23,1028,139136,0
DEQ,827639254970292,23,1028,122084,0
DEQ,827639255871301,23,1028,125820,0
DEQ,827639256772431,23,1028,124327,0
DEQ,827639257674727,23,1028,124357,0
DEQ,827639258614047,23,1028,161269,0
DEQ,827639259504918,23,1028,146508,0
DEQ,827639260316442,23,1028,81259,0
DEQ,827639261280049,23,1028,143465,0
DEQ,827639262222323,23,1028,84624,0
DEQ,827639263190637,23,1028,75155,0
DEQ,827639264169391,23,1028,88270,0
DEQ,827639265230277,23,1028,159365,0
DEQ,827639266220557,23,1028,162383,0
DEQ,827639267192497,23,1028,146012,0
DEQ,827639268180388,23,1028,140231,0
DEQ,827639269179142,23,1028,143735,0
DEQ,827639270168613,23,1028,143704,0
DEQ,827639271159201,23,1028,143702,0
DEQ,827639272150895,23,1028,144690,0
DEQ,827639273133088,23,1028,139127,0
DEQ,827639274125352,23,1028,135518,0
DEQ,827639275124505,23,1028,148662,0
DEQ,827639276117121,23,1028,154652,0
DEQ,827639277086657,23,1028,125098,0
DEQ,827639278008710,23,1028,131116,0
DEQ,827639278914011,23,1028,132131,0
DEQ,827639279835502,23,1028,149040,0
DEQ,827639280713940,23,1028,124552,0
DEQ,827639281622859,23,1028,130290,0
DEQ,827639282559077,23,1028,156604,0
DEQ,827639283435132,23,1028,145130,0
DEQ,827639284248153,23,1028,81353,0
DEQ,827639285218157,23,1028,83732,0
DEQ,827639286182277,23,1028,84243,0
DEQ,827639287166368,23,1028,85186,0
DEQ,827639288233771,23,1028,160381,0
DEQ,827639289217592,23,1028,150855,0
DEQ,827639290217339,23,1028,156547,0
DEQ,827639291194161,23,1028,143600,0
DEQ,827639292189111,23,1028,143976,0
DEQ,827639293096918,23,1028,72738,0
DEQ,827639294099995,23,1028,105049,0
DEQ,827639294943613,23,1028,36216,0
DEQ,827639295840822,23,1028,33136,0
DEQ,827639296745733,23,1028,45033,0
DEQ,827639297643192,23,1028,42665,0
DEQ,827639298548118,23,1028,42051,0
DEQ,827639299452394,23,1028,41992,0
DEQ,827639300318477,23,1028,33694,0
DEQ,827639301177707,23,1028,33651,0
DEQ,827639302078445,23,1028,41974,0
DEQ,827639302995009,23,1028,54474,0
DEQ,827639303885841,23,1028,42599,0
DEQ,827639304789610,23,1028,41978,0
DEQ,827639305692839,23,1028,40972,0
DEQ,827639306609601,23,1028,48403,0
DEQ,827639307505310,23,1028,40842,0
DEQ,827639308408643,23,1028,41999,0
DEQ,827639309321753,23,1028,82380,0
DEQ,827639310145402,23,1028,35148,0
DEQ,827639311064053,23,1028,33117,0
DEQ,827639311985980,23,1028,61157,0
DEQ,827639312872431,23,1028,43519,0
DEQ,827639313776654,23,1028,41424,0
DEQ,827639314681034,23,1028,41873,0
DEQ,827639315610988,23,1028,53767,0
DEQ,827639316501833,23,1028,40836,0
DEQ,827639317405168,23,1028,41607,0
DEQ,827639318268985,23,1028,32923,0
DEQ,827639319128145,23,1028,32804,0
DEQ,827639320024890,23,1028,41183,0
DEQ,827639320945868,23,1028,43540,0
DEQ,827639321861146,23,1028,56452,0
DEQ,827639322748713,23,1028,41637,0
DEQ,827639323650531,23,1028,40728,0
DEQ,827639324560006,23,1028,41542,0
DEQ,827639325462955,23,1028,40925,0
DEQ,827639326339960,23,1028,45241,0
DEQ,827639327193127,23,1028,32913,0
DEQ,827639328081813,23,1028,45118,0
DEQ,827639328994322,23,1028,55272,0
DEQ,827639329882722,23,1028,41737,0
DEQ,827639330785230,23,1028,41465,0
DEQ,827639331682057,23,1028,36495,0
DEQ,827639332578620,23,1028,41778,0
DEQ,827639333495025,23,1028,46456,0
DEQ,827639334393923,23,1028,42199,0
DEQ,827639335257599,23,1028,33192,0
DEQ,827639336120148,23,1028,36567,0
DEQ,827639337014122,23,1028,41631,0
DEQ,827639337916099,23,1028,41378,0
DEQ,827639338817263,23,1028,40463,0
DEQ,827639339736019,23,1028,56897,0
DEQ,827639340623270,23,1028,40944,0
DEQ,827639341525262,23,1028,40789,0
DEQ,827639342433924,23,1028,41977,0
DEQ,827639343298308,23,1028,34225,0
DEQ,827639344214759,23,1028,91153,0
DEQ,827639345129732,23,1028,82479,0
DEQ,827639346008303,23,1028,36042,0
DEQ,827639346923647,23,1028,41151,0
DEQ,827639347829979,23,1028,45023,0
DEQ,827639348744276,23,1028,55109,0
DEQ,827639349634800,23,1028,41912,0
DEQ,827639350538851,23,1028,41978,0
DEQ,827639351454210,23,1028,41321,0
DEQ,827639352326195,23,1028,41075,0
DEQ,827639353227747,23,1028,83286,0
DEQ,827639354119540,23,1028,51169,0
DEQ,827639355018869,23,1028,41570,0
DEQ,827639355921662,23,1028,41271,0
DEQ,827639356832389,23,1028,45435,0
DEQ,827639357745021,23,1028,55551,0
DEQ,827639358634125,23,1028,41534,0
DEQ,827639359538252,23,1028,42078,0
STATS,827639359545415,0,0,9095,9095,0,0,0
DEQ,827639360450470,23,1028,41665,0
DEQ,827639361323467,23,1028,41659,0
DEQ,827639362174213,23,1028,33068,0
DEQ,827639363078046,23,1028,41803,0
DEQ,827639363994355,23,1028,55340,0
DEQ,827639364884179,23,1028,42351,0
DEQ,827639365786199,23,1028,41625,0
DEQ,827639366688267,23,1028,41714,0
DEQ,827639367589357,23,1028,40705,0
DEQ,827639368500884,23,1028,45256,0
DEQ,827639369401427,23,1028,41100,0
DEQ,827639370266460,23,1028,33767,0
DEQ,827639371125242,23,1028,32911,0
DEQ,827639372023514,23,1028,41266,0
DEQ,827639372932815,23,1028,41504,0
DEQ,827639373835556,23,1028,41395,0
DEQ,827639374745017,23,1028,48315,0
DEQ,827639375641542,23,1028,42302,0
DEQ,827639376541930,23,1028,40930,0
DEQ,827639377445377,23,1028,41382,0
DEQ,827639378316358,23,1028,32711,0
DEQ,827639379235630,23,1028,92681,0
DEQ,827639380115820,23,1028,50084,0
DEQ,827639381014984,23,1028,41326,0
DEQ,827639381921151,23,1028,45133,0
DEQ,827639382829368,23,1028,44782,0
DEQ,827639383744609,23,1028,55819,0
DEQ,827639384636248,23,1028,41714,0
DEQ,827639385539197,23,1028,41344,0
DEQ,827639386443146,23,1028,42647,0
DEQ,827639387324183,23,1028,43233,0
DEQ,827639388222406,23,1028,82107,0
DEQ,827639389178217,23,1028,111536,0
DEQ,827639390035247,23,1028,36963,0
DEQ,827639390950030,23,1028,38647,0
DEQ,827639391865911,23,1028,55789,0
DEQ,827639392763612,23,1028,43609,0
DEQ,827639393662705,23,1028,41764,0
DEQ,827639394564674,23,1028,40801,0
DEQ,827639395468167,23,1028,41347,0
DEQ,827639396383617,23,1028,41346,0
DEQ,827639397249284,23,1028,34215,0
DEQ,827639398119974,23,1028,45568,0
DEQ,827639399004820,23,1028,40528,0
DEQ,827639399907623,23,1028,41508,0
DEQ,827639400811276,23,1028,41814,0
DEQ,827639401712392,23,1028,40640,0
DEQ,827639402620005,23,1028,46556,0
DEQ,827639403517755,23,1028,41404,0
DEQ,827639404420453,23,1028,41367,0
DEQ,827639405291335,23,1028,32714,0
DEQ,827639406150980,23,1028,33200,0
DEQ,827639407059383,23,1028,42007,0
DEQ,827639407956974,23,1028,41681,0
DEQ,827639408870574,23,1028,53101,0
DEQ,827639409761705,23,1028,41734,0
DEQ,827639410663340,23,1028,41204,0
DEQ,827639411566379,23,1028,41066,0
DEQ,827639412486019,23,1028,58361,0
DEQ,827639413372157,23,1028,42687,0
DEQ,827639414245119,23,1028,38862,0
DEQ,827639415112619,23,1028,47029,0
DEQ,827639415997162,23,1028,42576,0
DEQ,827639416905353,23,1028,44464,0
DEQ,827639417820445,23,1028,57748,0
DEQ,827639418667849,23,1028,32973,0
DEQ,827639419528180,23,1028,33835,0
DEQ,827639420387353,23,1028,33581,0
DEQ,827639421277171,23,1028,32605,0
DEQ,827639422137583,23,1028,33654,0
DEQ,827639423037087,23,1028,42081,0
DEQ,827639423945999,23,1028,40862,0
DEQ,827639424862210,23,1028,55551,0
DEQ,827639425748734,23,1028,40702,0
DEQ,827639426650672,23,1028,40623,0
DEQ,827639427553459,23,1028,41516,0
DEQ,827639428454906,23,1028,40861,0
DEQ,827639429327909,23,1028,42122,0
DEQ,827639430185837,23,1028,34746,0
DEQ,827639431082622,23,1028,45670,0
DEQ,827639431994484,23,1028,50839,0
DEQ,827639432886853,23,1028,41965,0
DEQ,827639433789066,23,1028,41607,0
DEQ,827639434691144,23,1028,41117,0
DEQ,827639435611049,23,1028,58459,0
DEQ,827639436497340,23,1028,42067,0
DEQ,827639437397538,23,1028,40616,0
DEQ,827639438262344,23,1028,33479,0
DEQ,827639439121616,23,1028,33404,0
DEQ,827639440019551,23,1028,41542,0
DEQ,827639440930097,23,1028,41280,0
DEQ,827639441833591,23,1028,42210,0
DEQ,827639442744406,23,1028,51135,0
DEQ,827639443637192,23,1028,42124,0
DEQ,827639444540502,23,1028,41624,0
DEQ,827639445442494,23,1028,41316,0
DEQ,827639446317231,23,1028,43517,0
DEQ,827639447166032,23,1028,32928,0
DEQ,827639448075611,23,1028,43636,0
DEQ,827639448987502,23,1028,56460,0
DEQ,827639449882505,23,1028,40663,0
DEQ,827639450784555,23,1028,41663,0
DEQ,827639451687969,23,1028,42052,0
DEQ,827639452591260,23,1028,42073,0
DEQ,827639453500525,23,1028,48369,0
DEQ,827639454396976,23,1028,40928,0
DEQ,827639455261766,23,1028,33396,0
DEQ,827639456121329,23,1028,33693,0
DEQ,827639457018138,23,1028,41367,0
DEQ,827639457920083,23,1028,41193,0
DEQ,827639458827404,23,1028,41770,0
DEQ,827639459744345,23,1028,56795,0
DEQ,827639460631474,23,1028,41476,0
DEQ,827639461533597,23,1028,41578,0
DEQ,827639462435194,23,1028,41289,0
DEQ,827639463300099,23,1028,34205,0
DEQ,827639464208071,23,1028,82529,0
DEQ,827639465164800,23,1028,115962,0
DEQ,827639466012311,23,1028,36264,0
DEQ,827639466929526,23,1028,42155,0
DEQ,827639467836519,23,1028,41089,0
DEQ,827639468746216,23,1028,45421,0
DEQ,827639469646375,23,1028,41082,0
DEQ,827639470549840,23,1028,40890,0
DEQ,827639471452533,23,1028,41410,0
DEQ,827639472323963,23,1028,40471,0
DEQ,827639473176621,23,1028,33844,0
DEQ,827639474091299,23,1028,34288,0
DEQ,827639474995165,23,1028,47816,0
DEQ,827639475892120,23,1028,41891,0
DEQ,827639476802117,23,1028,42624,0
DEQ,827639477705547,23,1028,41947,0
DEQ,827639478620075,23,1028,54510,0
DEQ,827639479509922,23,1028,41751,0
DEQ,827639480412890,23,1028,42346,0
DEQ,827639481276083,23,1028,32787,0
DEQ,827639482136092,23,1028,33318,0
DEQ,827639483034101,23,1028,41983,0
DEQ,827639483940485,23,1028,40948,0
DEQ,827639484842356,23,1028,40854,0
DEQ,827639485751113,23,1028,41378,0
DEQ,827639486654334,23,1028,42240,0
DEQ,827639487556709,23,1028,41828,0
DEQ,827639488472004,23,1028,48998,0
DEQ,827639489370973,23,1028,47484,0
DEQ,827639490244301,23,1028,47463,0
DEQ,827639491083699,23,1028,45718,0
DEQ,827639491994400,23,1028,53937,0
DEQ,827639492884020,23,1028,41469,0
DEQ,827639493786206,23,1028,41553,0
DEQ,827639494697988,23,1028,41580,0
DEQ,827639495615471,23,1028,56498,0
DEQ,827639496504252,23,1028,41502,0
DEQ,827639497407715,23,1028,41684,0
DEQ,827639498318995,23,1028,79895,0
DEQ,827639499144682,23,1028,35185,0
DEQ,827639500060699,23,1028,33847,0
DEQ,827639500960672,23,1028,41603,0
DEQ,827639501874387,23,1028,48863,0
DEQ,827639502774555,23,1028,41408,0
DEQ,827639503688446,23,1028,42386,0
DEQ,827639504591128,23,1028,41057,0
DEQ,827639505497250,23,1028,43138,0
DEQ,827639506398386,23,1028,40606,0
DEQ,827639507264453,23,1028,34628,0
DEQ,827639508122334,23,1028,33113,0
DEQ,827639509020038,23,1028,41371,0
DEQ,827639509922462,23,1028,41253,0
DEQ,827639510824861,23,1028,41665,0
DEQ,827639511734643,23,1028,48970,0
DEQ,827639512644338,23,1028,41880,0
DEQ,827639513547620,23,1028,40602,0
DEQ,827639514451629,23,1028,41762,0
DEQ,827639515323344,23,1028,40873,0
DEQ,827639516174512,23,1028,32804,0
DEQ,827639517079769,23,1028,41403,0
DEQ,827639517995100,23,1028,53999,0
DEQ,827639518886642,23,1028,42282,0
DEQ,827639519788858,23,1028,41555,0
DEQ,827639520689456,23,1028,40292,0
DEQ,827639521614373,23,1028,56135,0
DEQ,827639522502764,23,1028,41029,0
DEQ,827639523405462,23,1028,41591,0
DEQ,827639524269076,23,1028,33098,0
DEQ,827639525128251,23,1028,32881,0
DEQ,827639526025060,23,1028,40734,0
DEQ,827639526933115,23,1028,41630,0
DEQ,827639527853563,23,1028,59753,0
DEQ,827639528745094,23,1028,49011,0
DEQ,827639529640389,23,1028,42572,0
DEQ,827639530551195,23,1028,41495,0
DEQ,827639531454242,23,1028,41565,0
DEQ,827639532326269,23,1028,40938,0
DEQ,827639533239078,23,1028,90291,0
DEQ,827639534109990,23,1028,42419,0
DEQ,827639535015377,23,1028,39290,0
DEQ,827639535917265,23,1028,42168,0
DEQ,827639536829531,23,1028,42636,0
DEQ,827639537734677,23,1028,48206,0
DEQ,827639538630896,23,1028,41006,0
DEQ,827639539545779,23,1028,41591,0
DEQ,827639540450693,23,1028,42558,0
DEQ,827639541323802,23,1028,42753,0
DEQ,827639542173216,23,1028,32754,0
DEQ,827639543111163,23,1028,69816,0
DEQ,827639543995109,23,1028,52616,0
DEQ,827639544886327,23,1028,41746,0
DEQ,827639545788623,23,1028,41572,0
DEQ,827639546691512,23,1028,41562,0
DEQ,827639547611113,23,1028,57714,0
DEQ,827639548500884,23,1028,41171,0
DEQ,827639549404193,23,1028,41887,0
DEQ,827639550268450,23,1028,33574,0
DEQ,827639551128350,23,1028,34018,0
DEQ,827639552024648,23,1028,41027,0
DEQ,827639552932416,23,1028,41347,0
DEQ,827639553796363,23,1028,33064,0
DEQ,827639554656395,23,1028,33567,0
DEQ,827639555515962,23,1028,33516,0
DEQ,827639556384358,23,1028,41897,0
DEQ,827639557245113,23,1028,41264,0
DEQ,827639558111270,23,1028,47928,0
DEQ,827639558996039,23,1028,44848,0
DEQ,827639559892814,23,1028,40912,0
DEQ,827639560796025,23,1028,40841,0
DEQ,827639561696952,23,1028,40853,0
DEQ,827639562612752,23,1028,56526,0
DEQ,827639563498677,23,1028,40596,0
DEQ,827639564399092,23,1028,41425,0
DEQ,827639565263744,23,1028,33482,0
DEQ,827639566123336,23,1028,32828,0
DEQ,827639567019514,23,1028,41366,0
DEQ,827639567918796,23,1028,40752,0
DEQ,827639568819956,23,1028,41045,0
DEQ,827639569736215,23,1028,57095,0
DEQ,827639570622367,23,1028,43719,0
DEQ,827639571519971,23,1028,40898,0
DEQ,827639572420189,23,1028,40885,0
DEQ,827639573286269,23,1028,34948,0
DEQ,827639574200853,23,1028,90152,0
DEQ,827639575120701,23,1028,82073,0
DEQ,827639576011320,23,1028,36082,0
DEQ,827639576924347,23,1028,36317,0
DEQ,827639577825373,23,1028,41848,0
DEQ,827639578744376,23,1028,55442,0
DEQ,827639579632019,23,1028,41562,0
DEQ,827639580533167,23,1028,41333,0
DEQ,827639581434209,23,1028,41162,0
DEQ,827639582298020,23,1028,32837,0
DEQ,827639583158039,23,1028,33763,0
DEQ,827639584079157,23,1028,34506,0
DEQ,827639584988684,23,1028,55528,0
DEQ,827639585876652,23,1028,41646,0
DEQ,827639586778836,23,1028,41627,0
DEQ,827639587679015,23,1028,41408,0
DEQ,827639588578517,23,1028,41375,0
DEQ,827639589494426,23,1028,57283,0
DEQ,827639590377892,23,1028,40775,0
DEQ,827639591246100,23,1028,36666,0
DEQ,827639592122483,23,1028,53781,0
DEQ,827639592999335,23,1028,41004,0
DEQ,827639593899361,23,1028,40854,0
DEQ,827639594799311,23,1028,40822,0
DEQ,827639595699933,23,1028,42032,0
DEQ,827639596614191,23,1028,56133,0
DEQ,827639597499494,23,1028,41142,0
DEQ,827639598399794,23,1028,40850,0
DEQ,827639599264192,23,1028,33401,0
DEQ,827639600122636,23,1028,32777,0
DEQ,827639601017816,23,1028,41583,0
DEQ,827639601928521,23,1028,41893,0
DEQ,827639602828577,23,1028,41230,0
DEQ,827639603744407,23,1028,57440,0
DEQ,827639604627414,23,1028,40759,0
DEQ,827639605527403,23,1028,40967,0
DEQ,827639606428036,23,1028,42102,0
DEQ,827639607291282,23,1028,33610,0
DEQ,827639608209072,23,1028,92097,0
DEQ,827639609130032,23,1028,83154,0
DEQ,827639610010761,23,1028,36017,0
DEQ,827639610931274,23,1028,37239,0
DEQ,827639611832464,23,1028,42342,0
DEQ,827639612745133,23,1028,50676,0
DEQ,827639613637763,23,1028,41520,0
DEQ,827639614539416,23,1028,41599,0
DEQ,827639615439457,23,1028,40762,0
DEQ,827639616313938,23,1028,43085,0
DEQ,827639617213729,23,1028,83732,0
DEQ,827639618100400,23,1028,42348,0
DEQ,827639619009647,23,1028,40980,0
DEQ,827639619920468,23,1028,43727,0
DEQ,827639620819824,23,1028,41018,0
DEQ,827639621737972,23,1028,56007,0
DEQ,827639622624153,23,1028,41747,0
DEQ,827639623524871,23,1028,41045,0
DEQ,827639624424854,23,1028,40559,0
DEQ,827639625289846,23,1028,33502,0
DEQ,827639626148250,23,1028,32833,0
DEQ,827639627062716,23,1028,41842,0
DEQ,827639627959055,23,1028,41648,0
DEQ,827639628869883,23,1028,45623,0
DEQ,827639629765666,23,1028,41239,0
DEQ,827639630665384,23,1028,41295,0
DEQ,827639631566063,23,1028,40083,0
DEQ,827639632484681,23,1028,49564,0
DEQ,827639633379610,23,1028,40832,0
DEQ,827639634246204,23,1028,35912,0
DEQ,827639635109680,23,1028,40176,0
DEQ,827639635998289,23,1028,41321,0
DEQ,827639636898867,23,1028,41117,0
DEQ,827639637808951,23,1028,41517,0
DEQ,827639638708434,23,1028,41934,0
DEQ,827639639619817,23,1028,52353,0
DEQ,827639640509364,23,1028,41382,0
DEQ,827639641409010,23,1028,41309,0
DEQ,827639642271966,23,1028,32631,0
DEQ,827639643132026,23,1028,33448,0
DEQ,827639644026848,23,1028,40866,0
DEQ,827639644935763,23,1028,41012,0
DEQ,827639645835599,23,1028,40501,0
DEQ,827639646745241,23,1028,44730,0
DEQ,827639647642648,23,1028,41713,0
DEQ,827639648542271,23,1028,40904,0
DEQ,827639649441856,23,1028,40596,0
DEQ,827639650307220,23,1028,34244,0
DEQ,827639651221574,23,1028,89588,0
DEQ,827639652163255,23,1028,104799,0
DEQ,827639653023325,23,1028,35246,0
DEQ,827639653942218,23,1028,41428,0
DEQ,827639654841289,23,1028,40652,0
DEQ,827639655752173,23,1028,41345,0
DEQ,827639656657740,23,1028,41000,0
DEQ,827639657561114,23,1028,42183,0
DEQ,827639658461485,23,1028,40786,0
DEQ,827639659336486,23,1028,43812,0
DEQ,827639660190141,23,1028,32609,0
DEQ,827639661091306,23,1028,34304,0
DEQ,827639661995197,23,1028,49210,0
DEQ,827639662887826,23,1028,41314,0
DEQ,827639663788574,23,1028,41467,0
DEQ,827639664693863,23,1028,41182,0
DEQ,827639665611329,23,1028,58387,0
DEQ,827639666497398,23,1028,44166,0
DEQ,827639667394560,23,1028,40914,0
DEQ,827639668259046,23,1028,33457,0
DEQ,827639669121177,23,1028,36562,0
DEQ,827639670013212,23,1028,41102,0
DEQ,827639670913990,23,1028,41444,0
DEQ,827639671814183,23,1028,40688,0
DEQ,827639672715402,23,1028,42089,0
DEQ,827639673623637,23,1028,40543,0
DEQ,827639674510423,23,1028,55088,0
DEQ,827639675361183,23,1028,49765,0
DEQ,827639676204633,23,1028,33640,0
DEQ,827639677054589,23,1028,49074,0
DEQ,827639677901270,23,1028,32892,0
DEQ,827639678799229,23,1028,40622,0
DEQ,827639679701173,23,1028,41606,0
DEQ,827639680619437,23,1028,57001,0
DEQ,827639681503610,23,1028,40705,0
DEQ,827639682413163,23,1028,42497,0
DEQ,827639683277262,23,1028,33989,0
DEQ,827639684135828,23,1028,33462,0
DEQ,827639685031791,23,1028,41191,0
DEQ,827639685939756,23,1028,41109,0
DEQ,827639686839569,23,1028,40702,0
DEQ,827639687745175,23,1028,46598,0
DEQ,827639688641001,23,1028,42010,0
DEQ,827639689541781,23,1028,41666,0
DEQ,827639690441280,23,1028,40745,0
DEQ,827639691322928,23,1028,39501,0
DEQ,827639692175117,23,1028,32621,0
DEQ,827639693078053,23,1028,41940,0
DEQ,827639693994342,23,1028,57332,0
DEQ,827639694878656,23,1028,41794,0
DEQ,827639695777585,23,1028,40793,0
DEQ,827639696678079,23,1028,41421,0
DEQ,827639697577857,23,1028,41384,0
DEQ,827639698490816,23,1028,55523,0
DEQ,827639699375884,23,1028,40733,0
DEQ,827639700304132,23,1028,90851,0
DEQ,827639701122134,23,1028,36013,0
DEQ,827639702037794,23,1028,41215,0
DEQ,827639702939772,23,1028,40987,0
DEQ,827639703843220,23,1028,40759,0
DEQ,827639704750446,23,1028,41429,0
DEQ,827639705653534,23,1028,42232,0
DEQ,827639706553686,23,1028,41506,0
DEQ,827639707454849,23,1028,42531,0
DEQ,827639708333801,23,1028,47768,0
DEQ,827639709304941,23,1028,108316,0
DEQ,827639710174976,23,1028,103503,0
DEQ,827639711094373,23,1028,94873,0
DEQ,827639711986321,23,1028,51035,0
DEQ,827639712885221,23,1028,39738,0
DEQ,827639713784921,23,1028,41804,0
DEQ,827639714688091,23,1028,41774,0
DEQ,827639715588455,23,1028,40850,0
DEQ,827639716495789,23,1028,46030,0
DEQ,827639717394917,23,1028,42802,0
DEQ,827639718268651,23,1028,33530,0
DEQ,827639719127278,23,1028,32973,0
DEQ,827639720023162,23,1028,41020,0
DEQ,827639720933866,23,1028,42479,0
DEQ,827639721853518,23,1028,60401,0
DEQ,827639722745178,23,1028,51971,0
DEQ,827639723634673,23,1028,41916,0
DEQ,827639724535176,23,1028,41615,0
DEQ,827639725434665,23,1028,41364,0
DEQ,827639726298543,23,1028,33227,0
DEQ,827639727218730,23,1028,92412,0
DEQ,827639728111507,23,1028,52657,0
DEQ,827639729011301,23,1028,42202,0
DEQ,827639729911433,23,1028,41530,0
DEQ,827639730814599,23,1028,41048,0
DEQ,827639731716579,23,1028,41855,0
DEQ,827639732622535,23,1028,41783,0
DEQ,827639733525551,23,1028,40988,0
DEQ,827639734427785,23,1028,41928,0
DEQ,827639735291874,23,1028,33076,0
DEQ,827639736156660,23,1028,33474,0
DEQ,827639737070939,23,1028,40263,0
DEQ,827639737965734,23,1028,40318,0
DEQ,827639738871962,23,1028,46404,0
DEQ,827639739767882,23,1028,41657,0
DEQ,827639740667228,23,1028,41070,0
DEQ,827639741566311,23,1028,40617,0
DEQ,827639742466290,23,1028,40830,0
DEQ,827639743363792,23,1028,56595,0
DEQ,827639744213291,23,1028,32826,0
DEQ,827639745076811,23,1028,41558,0
DEQ,827639745984735,23,1028,48946,0
DEQ,827639746877420,23,1028,40820,0
DEQ,827639747776471,23,1028,40756,0
DEQ,827639748677439,23,1028,41772,0
DEQ,827639749579563,23,1028,42593,0
DEQ,827639750494385,23,1028,56864,0
DEQ,827639751378606,23,1028,40724,0
DEQ,827639752246010,23,1028,35984,0
DEQ,827639753109768,23,1028,40515,0
DEQ,827639753999466,23,1028,41192,0
DEQ,827639754901357,23,1028,40969,0
DEQ,827639755801954,23,1028,41399,0
DEQ,827639756702200,23,1028,41447,0
DEQ,827639757609753,23,1028,49472,0
DEQ,827639758502123,23,1028,41168,0
DEQ,827639759403915,23,1028,41483,0
DEQ,827639760324514,23,1028,90000,0
DEQ,827639761143195,23,1028,36117,0
DEQ,827639762061025,23,1028,33985,0
DEQ,827639762986212,23,1028,58927,0
DEQ,827639763873594,23,1028,40914,0
DEQ,827639764776046,23,1028,41193,0
DEQ,827639765677268,23,1028,41626,0
DEQ,827639766577408,23,1028,41494,0
DEQ,827639767494471,23,1028,57422,0
DEQ,827639768378857,23,1028,41447,0
DEQ,827639769246242,23,1028,36117,0
DEQ,827639770109712,23,1028,40365,0
DEQ,827639770998590,23,1028,41450,0
DEQ,827639771907941,23,1028,43498,0
DEQ,827639772807907,23,1028,41458,0
DEQ,827639773708019,23,1028,41380,0
DEQ,827639774619620,23,1028,53241,0
DEQ,827639775507608,23,1028,41381,0
DEQ,827639776412682,23,1028,41687,0
DEQ,827639777275900,23,1028,32579,0
DEQ,827639778135846,23,1028,33452,0
DEQ,827639779030678,23,1028,41280,0
DEQ,827639779937674,23,1028,41289,0
DEQ,827639780861202,23,1028,55804,0
DEQ,827639781747141,23,1028,42120,0
DEQ,827639782647242,23,1028,42414,0
DEQ,827639783546249,23,1028,40881,0
DEQ,827639784445701,23,1028,40601,0
DEQ,827639785312406,23,1028,35736,0
DEQ,827639786226579,23,1028,90910,0
DEQ,827639787112063,23,1028,50661,0
DEQ,827639788017341,23,1028,43385,0
DEQ,827639788924770,23,1028,48184,0
DEQ,827639789829290,23,1028,41531,0
DEQ,827639790744495,23,1028,54567,0
DEQ,827639791632584,23,1028,41189,0
DEQ,827639792534440,23,1028,42029,0
DEQ,827639793436196,23,1028,42751,0
DEQ,827639794298402,23,1028,33024,0
DEQ,827639795216623,23,1028,92131,0
DEQ,827639796088340,23,1028,35481,0
DEQ,827639797006219,23,1028,43006,0
DEQ,827639797911279,23,1028,45092,0
DEQ,827639798817011,23,1028,41256,0
DEQ,827639799736212,23,1028,58292,0
DEQ,827639800624832,23,1028,40922,0
DEQ,827639801525717,23,1028,40806,0
DEQ,827639802426617,23,1028,41393,0
DEQ,827639803291120,23,1028,33869,0
DEQ,827639804151144,23,1028,34464,0
DEQ,827639805063806,23,1028,41657,0
DEQ,827639805978558,23,1028,59582,0
DEQ,827639806870253,23,1028,50351,0
DEQ,827639807768755,23,1028,41025,0
DEQ,827639808669021,23,1028,40941,0
DEQ,827639809568497,23,1028,40829,0
DEQ,827639810486204,23,1028,57784,0
DEQ,827639811372336,23,1028,43644,0
DEQ,827639812245267,23,1028,44179,0
DEQ,827639813111240,23,1028,48971,0
DEQ,827639814034422,23,1028,62988,0
DEQ,827639814870408,23,1028,38945,0
DEQ,827639815761382,23,1028,40434,0
DEQ,827639816651585,23,1028,35015,0
DEQ,827639817544078,23,1028,36488,0
DEQ,827639818404905,23,1028,33747,0
DEQ,827639819264626,23,1028,34094,0
DEQ,827639820122627,23,1028,32966,0
DEQ,827639821019081,23,1028,41668,0
DEQ,827639821918094,23,1028,40777,0
DEQ,827639822820529,23,1028,40656,0
DEQ,827639823736256,23,1028,56078,0
DEQ,827639824624400,23,1028,41193,0
DEQ,827639825532409,23,1028,41795,0
DEQ,827639826433570,23,1028,42695,0
DEQ,827639827295726,23,1028,32654,0
DEQ,827639828155690,23,1028,33450,0
DEQ,827639829065604,23,1028,42737,0
DEQ,827639829962246,23,1028,41127,0
DEQ,827639830870207,23,1028,48392,0
DEQ,827639831763376,23,1028,41326,0
DEQ,827639832633362,23,1028,39124,0
DEQ,827639833523919,23,1028,40894,0
DEQ,827639834433177,23,1028,40970,0
DEQ,827639835296612,23,1028,32741,0
DEQ,827639836156338,23,1028,33448,0
DEQ,827639837068769,23,1028,37446,0
DEQ,827639837962964,23,1028,40844,0
DEQ,827639838870275,23,1028,46566,0
DEQ,827639839766031,23,1028,41857,0
DEQ,827639840666730,23,1028,41603,0
DEQ,827639841567078,23,1028,41430,0
DEQ,827639842486241,23,1028,58747,0
DEQ,827639843374697,23,1028,40413,0
DEQ,827639844245264,23,1028,39387,0
DEQ,827639845112877,23,1028,47516,0
DEQ,827639845997574,23,1028,45015,0
DEQ,827639846894202,23,1028,41312,0
DEQ,827639847793743,23,1028,40767,0
DEQ,827639848696745,23,1028,41112,0
DEQ,827639849611722,23,1028,56107,0
DEQ,827639850497486,23,1028,41380,0
DEQ,827639851397034,23,1028,40861,0
DEQ,827639852267839,23,1028,33390,0
DEQ,827639853126492,23,1028,32845,0
DEQ,827639854022140,23,1028,40757,0
DEQ,827639854922519,23,1028,40693,0
DEQ,827639855824343,23,1028,42725,0
DEQ,827639856739508,23,1028,55921,0
DEQ,827639857624094,23,1028,41016,0
DEQ,827639858524537,23,1028,40990,0
DEQ,827639859425279,23,1028,41471,0
DEQ,827639860289369,23,1028,33560,0
DEQ,827639861199248,23,1028,83154,0
DEQ,827639862130953,23,1028,83792,0
DEQ,827639863010280,23,1028,35904,0
DEQ,827639863924433,23,1028,37056,0
DEQ,827639864824178,23,1028,41448,0
DEQ,827639865740388,23,1028,55320,0
DEQ,827639866625905,23,1028,40639,0
DEQ,827639867527688,23,1028,40818,0
DEQ,827639868428497,23,1028,41132,0
DEQ,827639869292160,23,1028,33191,0
DEQ,827639870158102,23,1028,34145,0
DEQ,827639871073374,23,1028,40848,0
DEQ,827639871986268,23,1028,58210,0
DEQ,827639872873260,23,1028,40774,0
DEQ,827639873772526,23,1028,40319,0
DEQ,827639874672672,23,1028,41167,0
DEQ,827639875573143,23,1028,41764,0
DEQ,827639876487807,23,1028,55617,0
DEQ,827639877373539,23,1028,40739,0
DEQ,827639878245253,23,1028,40454,0
DEQ,827639879113190,23,1028,47868,0
DEQ,827639879997458,23,1028,44693,0
DEQ,827639880894333,23,1028,41151,0
DEQ,827639881794861,23,1028,42174,0
DEQ,827639882693727,23,1028,40756,0
DEQ,827639883611189,23,1028,58226,0
DEQ,827639884497267,23,1028,43745,0
DEQ,827639885394918,23,1028,41656,0
DEQ,827639886259245,23,1028,33459,0
DEQ,827639887121347,23,1028,36463,0
DEQ,827639888015210,23,1028,41363,0
DEQ,827639889007190,23,1028,39716,0
DEQ,827639889918285,23,1028,33078,0
DEQ,827639890818904,23,1028,40863,0
DEQ,827639891736798,23,1028,56089,0
DEQ,827639892624486,23,1028,42240,0
DEQ,827639893525010,23,1028,40922,0
DEQ,827639894438299,23,1028,81747,0
DEQ,827639895315003,23,1028,85641,0
DEQ,827639896142379,23,1028,36490,0
DEQ,827639897062487,23,1028,33047,0
DEQ,827639897962963,23,1028,40882,0
DEQ,827639898874421,23,1028,48682,0
DEQ,827639899768751,23,1028,41717,0
DEQ,827639900669062,23,1028,40774,0
DEQ,827639901569235,23,1028,40835,0
DEQ,827639902486222,23,1028,57003,0
DEQ,827639903356692,23,1028,55365,0
DEQ,827639904252519,23,1028,92080,0
DEQ,827639905120757,23,1028,49587,0
DEQ,827639906026007,23,1028,32955,0
DEQ,827639906932478,23,1028,46401,0
DEQ,827639907831862,23,1028,42135,0
DEQ,827639908745293,23,1028,52961,0
DEQ,827639909634671,23,1028,41483,0
DEQ,827639910536236,23,1028,41675,0
DEQ,827639911437564,23,1028,41920,0
DEQ,827639912301901,23,1028,33671,0
DEQ,827639913160678,23,1028,33244,0
DEQ,827639914078901,23,1028,34646,0
DEQ,827639914991334,23,1028,56287,0
DEQ,827639915877260,23,1028,41123,0
DEQ,827639916777391,23,1028,40662,0
DEQ,827639917677758,23,1028,41813,0
DEQ,827639918577524,23,1028,41329,0
DEQ,827639919484811,23,1028,47835,0
DEQ,827639920384322,23,1028,41341,0
DEQ,827639921248006,23,1028,32800,0
DEQ,827639922120371,23,1028,45910,0
DEQ,827639923003292,23,1028,41530,0
DEQ,827639923910556,23,1028,41863,0
DEQ,827639924811386,23,1028,41576,0
DEQ,827639925711134,23,1028,41759,0
DEQ,827639926620263,23,1028,50877,0
DEQ,827639927509977,23,1028,41256,0
DEQ,827639928409914,23,1028,41371,0
DEQ,827639929273122,23,1028,32805,0
DEQ,827639930132883,23,1028,33458,0
DEQ,827639931026580,23,1028,40435,0
DEQ,827639931936447,23,1028,41784,0
DEQ,827639932869525,23,1028,59447,0
DEQ,827639933753946,23,1028,41052,0
DEQ,827639934654733,23,1028,42009,0
DEQ,827639935554192,23,1028,41286,0
DEQ,827639936454339,23,1028,42578,0
DEQ,827639937321984,23,1028,38009,0
DEQ,827639938177001,23,1028,33462,0
DEQ,827639939037409,23,1028,33661,0
DEQ,827639939929309,23,1028,35612,0
DEQ,827639940827983,23,1028,41402,0
DEQ,827639941745278,23,1028,53507,0
DEQ,827639942636861,23,1028,41556,0
DEQ,827639943533123,23,1028,36057,0
DEQ,827639944429547,23,1028,38191,0
DEQ,827639945289898,23,1028,34404,0
DEQ,827639946148511,23,1028,32932,0
DEQ,827639947012337,23,1028,34539,0
DEQ,827639947901189,23,1028,33316,0
DEQ,827639948794077,23,1028,33788,0
DEQ,827639949702931,23,1028,51880,0
DEQ,827639950584943,23,1028,35014,0
DEQ,827639951485341,23,1028,42072,0
DEQ,827639952372550,23,1028,35594,0
DEQ,827639953245547,23,1028,42846,0
DEQ,827639954115786,23,1028,48448,0
DEQ,827639954996620,23,1028,36506,0
DEQ,827639955889359,23,1028,35688,0
DEQ,827639956779974,23,1028,34172,0
DEQ,827639957674296,23,1028,38007,0
DEQ,827639958580650,23,1028,49712,0
DEQ,827639959459121,23,1028,34576,0
DEQ,827639960324596,23,1028,40081,0
DEQ,827639961178853,23,1028,33687,0
DEQ,827639962075948,23,1028,39138,0
DEQ,827639962966555,23,1028,35016,0
DEQ,827639963870298,23,1028,47065,0
DEQ,827639964747625,23,1028,36059,0
DEQ,827639965640171,23,1028,36105,0
DEQ,827639966530012,23,1028,33575,0
DEQ,827639967426720,23,1028,41490,0
DEQ,827639968280941,23,1028,33656,0
DEQ,827639969140690,23,1028,33616,0
DEQ,827639970029406,23,1028,33695,0
DEQ,827639970919376,23,1028,32862,0
DEQ,827639971811285,23,1028,35601,0
DEQ,827639972702304,23,1028,36776,0
DEQ,827639973611287,23,1028,53247,0
DEQ,827639974495518,23,1028,45136,0
DEQ,827639975379509,23,1028,39631,0
DEQ,827639976383629,23,1028,52518,0
DEQ,827639977288725,23,1028,76482,0
DEQ,827639978206514,23,1028,133073,0
DEQ,827639979097120,23,1028,133453,0
DEQ,827639979990827,23,1028,125005,0
DEQ,827639980891436,23,1028,124472,0
DEQ,827639981794250,23,1028,124421,0
DEQ,827639982704622,23,1028,134963,0
DEQ,827639983627742,23,1028,155855,0
DEQ,827639984510115,23,1028,150369,0
DEQ,827639985381121,23,1028,143495,0
DEQ,827639986274539,23,1028,146273,0
DEQ,827639987263049,23,1028,143293,0
DEQ,827639988253318,23,1028,142519,0
DEQ,827639989244162,23,1028,144666,0
DEQ,827639990234976,23,1028,146479,0
DEQ,827639991231180,23,1028,152487,0
DEQ,827639992222280,23,1028,155071,0
DEQ,827639993134672,23,1028,81037,0
DEQ,827639994187290,23,1028,146623,0
DEQ,827639995172926,23,1028,144472,0
DEQ,827639996176587,23,1028,153094,0
DEQ,827639997164510,23,1028,145322,0
DEQ,827639998140433,23,1028,130668,0
DEQ,827639999140680,23,1028,146724,0
DEQ,827640000120633,23,1028,136392,0
DEQ,827640001129353,23,1028,155411,0
DEQ,827640002114355,23,1028,150198,0
DEQ,827640003093497,23,1028,142092,0
DEQ,827640003910803,23,1028,47458,0
DEQ,827640004922259,23,1028,161105,0
DEQ,827640005833110,23,1028,152559,0
DEQ,827640006714221,23,1028,131426,0
DEQ,827640007618132,23,1028,134202,0
DEQ,827640008541577,23,1028,153796,0
DEQ,827640009426411,23,1028,152021,0
DEQ,827640010299921,23,1028,148322,0
DEQ,827640011271309,23,1028,143629,0
DEQ,827640012261382,23,1028,146551,0
DEQ,827640013247069,23,1028,145590,0
DEQ,827640014234156,23,1028,145200,0
DEQ,827640015182492,23,1028,101913,0
DEQ,827640016226395,23,1028,157843,0
DEQ,827640017240077,23,1028,181705,0
DEQ,827640018188331,23,1028,142177,0
DEQ,827640019180627,23,1028,146218,0
DEQ,827640020173129,23,1028,144255,0
DEQ,827640021175911,23,1028,156358,0
DEQ,827640022134837,23,1028,122231,0
DEQ,827640023122032,23,1028,116458,0
DEQ,827640024127047,23,1028,135498,0
DEQ,827640025115933,23,1028,126892,0
DEQ,827640026042094,23,1028,70622,0
DEQ,827640027098534,23,1028,140573,0
DEQ,827640028074802,23,1028,130146,0
DEQ,827640028973610,23,1028,113795,0
DEQ,827640029876400,23,1028,126027,0
DEQ,827640030777622,23,1028,122561,0
DEQ,827640031705794,23,1028,147790,0
DEQ,827640032591949,23,1028,123859,0
DEQ,827640033531707,23,1028,152958,0
DEQ,827640034412800,23,1028,145764,0
DEQ,827640035292148,23,1028,148082,0
DEQ,827640036273497,23,1028,145696,0
DEQ,827640037203080,23,1028,87571,0
DEQ,827640038259765,23,1028,148732,0
DEQ,827640039244564,23,1028,146155,0
DEQ,827640040233473,23,1028,144150,0
DEQ,827640041231492,23,1028,149368,0
DEQ,827640042227422,23,1028,158443,0
DEQ,827640043195624,23,1028,137127,0
DEQ,827640044219705,23,1028,152801,0
DEQ,827640045223422,23,1028,160361,0
DEQ,827640046198874,23,1028,147995,0
DEQ,827640047192818,23,1028,146233,0
DEQ,827640048133546,23,1028,86840,0
DEQ,827640049180892,23,1028,143874,0
DEQ,827640050171389,23,1028,147321,0
DEQ,827640051167334,23,1028,152377,0
DEQ,827640052151243,23,1028,144574,0
DEQ,827640053130883,23,1028,137259,0
DEQ,827640054109498,23,1028,121998,0
DEQ,827640055115097,23,1028,142042,0
DEQ,827640056110258,23,1028,144658,0
DEQ,827640057077700,23,1028,121203,0
DEQ,827640057939526,23,1028,66952,0
DEQ,827640058890251,23,1028,126728,0
DEQ,827640059794022,23,1028,127924,0
DEQ,827640060702854,23,1028,135670,0
DEQ,827640061625589,23,1028,155904,0
DEQ,827640062499978,23,1028,143949,0
DEQ,827640063385732,23,1028,147104,0
DEQ,827640064266922,23,1028,143069,0
DEQ,827640065201627,23,1028,88182,0
DEQ,827640066189203,23,1028,81193,0
DEQ,827640067175208,23,1028,81496,0
DEQ,827640068230401,23,1028,150314,0
DEQ,827640069231033,23,1028,159851,0
DEQ,827640070159519,23,1028,85645,0
DEQ,827640071223548,23,1028,160916,0
DEQ,827640072199567,23,1028,138640,0
DEQ,827640073240819,23,1028,180872,0
DEQ,827640074220681,23,1028,162573,0
DEQ,827640075195154,23,1028,147921,0
DEQ,827640076122822,23,1028,82634,0
DEQ,827640076960309,23,1028,41214,0
DEQ,827640077836232,23,1028,40944,0
DEQ,827640078706007,23,1028,44584,0
DEQ,827640079627405,23,1028,65421,0
DEQ,827640080517842,23,1028,51444,0
DEQ,827640081520502,23,1028,147707,0
DEQ,827640082334378,23,1028,78203,0
DEQ,827640083199385,23,1028,80258,0
DEQ,827640084168642,23,1028,84960,0
DEQ,827640085110939,23,1028,43575,0
DEQ,827640086119933,23,1028,51936,0
DEQ,827640087013411,23,1028,65976,0
DEQ,827640087883514,23,1028,36300,0
DEQ,827640088793400,23,1028,52487,0
DEQ,827640089769397,23,1028,135787,0
DEQ,827640090576852,23,1028,68973,0
DEQ,827640091541148,23,1028,131920,0
DEQ,827640092434806,23,1028,149859,0
DEQ,827640093235322,23,1028,87932,0
DEQ,827640094176959,23,1028,95693,0
DEQ,827640095056432,23,1028,43133,0
DEQ,827640096011664,23,1028,65630,0
DEQ,827640096983895,23,1028,125180,0
DEQ,827640097898292,23,1028,135825,0
DEQ,827640098737638,23,1028,68186,0
DEQ,827640099691750,23,1028,116769,0
DEQ,827640100630522,23,1028,141669,0
DEQ,827640101559594,23,1028,166925,0
DEQ,827640102431721,23,1028,152538,0
DEQ,827640103236164,23,1028,82294,0
DEQ,827640104179958,23,1028,110960,0
DEQ,827640105118048,23,1028,122190,0
DEQ,827640106039435,23,1028,131469,0
DEQ,827640106933897,23,1028,129753,0
DEQ,827640107815132,23,1028,39351,0
DEQ,827640108745966,23,1028,46011,0
DEQ,827640109649985,23,1028,44902,0
DEQ,827640110552143,23,1028,42631,0
DEQ,827640111512811,23,1028,99097,0
DEQ,827640112383704,23,1028,83765,0
DEQ,827640113211958,23,1028,35511,0
DEQ,827640114249951,23,1028,40018,0
DEQ,827640115164287,23,1028,85621,0
DEQ,827640116076047,23,1028,100716,0
DEQ,827640117006881,23,1028,129003,0
DEQ,827640117932627,23,1028,149732,0
DEQ,827640118837881,23,1028,141074,0
DEQ,827640119726643,23,1028,125247,0
DEQ,827640120511804,23,1028,36273,0
DEQ,827640121498707,23,1028,132899,0
DEQ,827640122330189,23,1028,90240,0
DEQ,827640123172039,23,1028,72206,0
DEQ,827640124040513,23,1028,51574,0
DEQ,827640125034045,23,1028,135558,0
DEQ,827640125943111,23,1028,140377,0
DEQ,827640126862283,23,1028,157136,0
DEQ,827640127748806,23,1028,132865,0
DEQ,827640128655795,23,1028,136671,0
DEQ,827640129562910,23,1028,141705,0
DEQ,827640130330395,23,1028,35899,0
DEQ,827640131191854,23,1028,37260,0
DEQ,827640132082613,23,1028,36458,0
DEQ,827640132948565,23,1028,36956,0
DEQ,827640133951850,23,1028,144869,0
DEQ,827640134844959,23,1028,132879,0
DEQ,827640135775880,23,1028,159174,0
DEQ,827640136658358,23,1028,128613,0
DEQ,827640137540370,23,1028,120104,0
DEQ,827640138438831,23,1028,142994,0
DEQ,827640139305978,23,1028,131862,0
DEQ,827640140061436,23,1028,40999,0
DEQ,827640140989137,23,1028,68677,0
DEQ,827640141873335,23,1028,57007,0
DEQ,827640142859057,23,1028,138132,0
DEQ,827640143754356,23,1028,129657,0
DEQ,827640144678663,23,1028,148932,0
DEQ,827640145588316,23,1028,145651,0
DEQ,827640146367742,23,1028,50245,0
DEQ,827640147254806,23,1028,77506,0
DEQ,827640148080561,23,1028,43297,0
DEQ,827640149052228,23,1028,116740,0
DEQ,827640149921319,23,1028,75122,0
DEQ,827640150877462,23,1028,130281,0
DEQ,827640151780859,23,1028,130145,0
DEQ,827640152582993,23,1028,59391,0
DEQ,827640153562392,23,1028,144739,0
DEQ,827640154406881,23,1028,126264,0
DEQ,827640155284491,23,1028,144211,0
DEQ,827640156152738,23,1028,86759,0
DEQ,827640157123619,23,1028,130266,0
DEQ,827640158056007,23,1028,132982,0
DEQ,827640158966081,23,1028,134868,0
DEQ,827640159873995,23,1028,138282,0
DEQ,827640160773085,23,1028,130997,0
DEQ,827640161683012,23,1028,135896,0
DEQ,827640162607972,23,1028,154690,0
DEQ,827640163546196,23,1028,146261,0
DEQ,827640164420658,23,1028,145844,0
DEQ,827640164670830,23,84,64756,0
DEQ,827640165292891,23,1028,143637,0
DEQ,827640166226683,23,1028,158225,0
DEQ,827640167124722,23,1028,131192,0
DEQ,827640168057710,23,1028,130124,0
DEQ,827640168977127,23,1028,140970,0
DEQ,827640169874807,23,1028,138588,0
DEQ,827640170773720,23,1028,128191,0
DEQ,827640171711932,23,1028,160400,0
DEQ,827640172599004,23,1028,134944,0
DEQ,827640173495205,23,1028,128856,0
DEQ,827640174354955,23,1028,114198,0
DEQ,827640175214283,23,1028,114040,0
DEQ,827640176111420,23,1028,122078,0
DEQ,827640177024088,23,1028,123006,0
DEQ,827640177946362,23,1028,141759,0
DEQ,827640178837025,23,1028,130017,0
DEQ,827640179745421,23,1028,135260,0
DEQ,827640180662750,23,1028,148591,0
DEQ,827640181544332,23,1028,123236,0
DEQ,827640182435320,23,1028,139933,0
DEQ,827640183291767,23,1028,119390,0
DEQ,827640184171308,23,1028,134102,0
DEQ,827640185085363,23,1028,146526,0
DEQ,827640185971215,23,1028,130691,0
DEQ,827640186878482,23,1028,136036,0
DEQ,827640187775941,23,1028,130100,0
DEQ,827640188672312,23,1028,124750,0
DEQ,827640189598224,23,1028,146881,0
DEQ,827640190499012,23,1028,136245,0
DEQ,827640191352065,23,1028,115893,0
DEQ,827640192218906,23,1028,123567,0
DEQ,827640193104238,23,1028,119435,0
DEQ,827640194032858,23,1028,137398,0
DEQ,827640194929805,23,1028,128688,0
DEQ,827640195845857,23,1028,142093,0
DEQ,827640196731599,23,1028,126825,0
DEQ,827640197635503,23,1028,128573,0
DEQ,827640198558974,23,1028,149386,0
DEQ,827640199445353,23,1028,146636,0
DEQ,827640200323839,23,1028,150468,0
DEQ,827640201231786,23,1028,156728,0
DEQ,827640202116866,23,1028,111224,0
DEQ,827640202995830,23,1028,61655,0
DEQ,827640203890665,23,1028,56388,0
DEQ,827640204804977,23,1028,77102,0
DEQ,827640205700883,23,1028,79474,0
DEQ,827640206647592,23,1028,136042,0
DEQ,827640207509976,23,1028,138923,0
DEQ,827640208358881,23,1028,122930,0
DEQ,827640209221354,23,1028,125897,0
DEQ,827640210108618,23,1028,123075,0
DEQ,827640210897691,23,1028,33987,0
DEQ,827640211876468,23,1028,122591,0
DEQ,827640212792095,23,1028,134548,0
DEQ,827640213696731,23,1028,135767,0
DEQ,827640214520044,23,1028,53847,0
DEQ,827640215500362,23,1028,130332,0
DEQ,827640216372380,23,1028,128051,0
DEQ,827640217241108,23,1028,124218,0
DEQ,827640218112499,23,1028,77384,0
DEQ,827640219083862,23,1028,154825,0
DEQ,827640219968484,23,1028,130899,0
DEQ,827640220792982,23,1028,47910,0
DEQ,827640221781040,23,1028,130735,0
DEQ,827640222698158,23,1028,143142,0
DEQ,827640223591217,23,1028,133330,0
DEQ,827640224494111,23,1028,133302,0
DEQ,827640225362311,23,1028,128832,0
DEQ,827640226171584,23,1028,73318,0
DEQ,827640227104439,23,1028,117274,0
DEQ,827640228032129,23,1028,138016,0
DEQ,827640228925510,23,1028,127999,0
DEQ,827640229838204,23,1028,137648,0
DEQ,827640230739002,23,1028,134400,0
DEQ,827640231636280,23,1028,128941,0
DEQ,827640232541238,23,1028,130088,0
DEQ,827640233413364,23,1028,129561,0
DEQ,827640234272593,23,1028,129259,0
DEQ,827640235220369,23,1028,151947,0
DEQ,827640236093560,23,1028,90522,0
DEQ,827640237056613,23,1028,141576,0
DEQ,827640237965122,23,1028,148733,0
DEQ,827640238854396,23,1028,134538,0
DEQ,827640239753024,23,1028,128889,0
DEQ,827640240659133,23,1028,131231,0
DEQ,827640241580664,23,1028,149698,0
DEQ,827640242474497,23,1028,134316,0
DEQ,827640243344557,23,1028,132384,0
DEQ,827640244213246,23,1028,136440,0
DEQ,827640245104393,23,1028,138364,0
DEQ,827640245998269,23,1028,129850,0
DEQ,827640246913881,23,1028,140244,0
DEQ,827640247828996,23,1028,151477,0
DEQ,827640248715205,23,1028,133082,0
DEQ,827640249618863,23,1028,133650,0
DEQ,827640250520142,23,1028,132468,0
DEQ,827640251383637,23,1028,123208,0
DEQ,827640252258175,23,1028,138486,0
DEQ,827640253193899,23,1028,140976,0
DEQ,827640254103897,23,1028,121590,0
DEQ,827640255021039,23,1028,127016,0
DEQ,827640255942815,23,1028,151495,0
DEQ,827640256834348,23,1028,138193,0
DEQ,827640257731667,23,1028,131181,0
DEQ,827640258634521,23,1028,129787,0
DEQ,827640259539471,23,1028,130899,0
DEQ,827640260408049,23,1028,125854,0
DEQ,827640261282606,23,1028,140760,0
DEQ,827640262223420,23,1028,152431,0
DEQ,827640263107116,23,1028,125932,0
DEQ,827640264018229,23,1028,137990,0
DEQ,827640264916661,23,1028,130857,0
DEQ,827640265836172,23,1028,145964,0
DEQ,827640266736552,23,1028,137767,0
DEQ,827640267542715,23,1028,42271,0
DEQ,827640268428507,23,1028,34462,0
DEQ,827640269292735,23,1028,37497,0
DEQ,827640270167965,23,1028,52723,0
DEQ,827640271115054,23,1028,97022,0
DEQ,827640272045128,23,1028,136012,0
DEQ,827640272957605,23,1028,144886,0
DEQ,827640273849111,23,1028,133708,0
DEQ,827640274755696,23,1028,137392,0
DEQ,827640275652652,23,1028,131352,0
DEQ,827640276557355,23,1028,133352,0
DEQ,827640277459436,23,1028,133266,0
DEQ,827640278339516,23,1028,140665,0
DEQ,827640279174950,23,1028,111518,0
DEQ,827640280023282,23,1028,67903,0
DEQ,827640280990010,23,1028,130417,0
DEQ,827640281912550,23,1028,139555,0
DEQ,827640282800518,23,1028,128287,0
DEQ,827640283714441,23,1028,138506,0
DEQ,827640284611171,23,1028,133546,0
DEQ,827640285505450,23,1028,125245,0
DEQ,827640286329126,23,1028,75168,0
DEQ,827640287256055,23,1028,142589,0
DEQ,827640288120932,23,1028,79821,0
DEQ,827640289096862,23,1028,122525,0
DEQ,827640290011509,23,1028,129125,0
DEQ,827640290927460,23,1028,140044,0
DEQ,827640291834591,23,1028,143070,0
DEQ,827640292732377,23,1028,135783,0
DEQ,827640293638597,23,1028,136298,0
DEQ,827640294571343,23,1028,161173,0
DEQ,827640295416182,23,1028,120342,0
DEQ,827640296303163,23,1028,142800,0
DEQ,827640297216346,23,1028,147129,0
DEQ,827640298125095,23,1028,121553,0
DEQ,827640299060291,23,1028,125948,0
DEQ,827640299974953,23,1028,132174,0
DEQ,827640300876478,23,1028,132046,0
DEQ,827640301781438,23,1028,131196,0
DEQ,827640302702627,23,1028,147625,0
DEQ,827640303593054,23,1028,130193,0
DEQ,827640304513126,23,1028,142097,0
DEQ,827640305388173,23,1028,143269,0
DEQ,827640306259097,23,1028,143374,0
DEQ,827640307114704,23,1028,76770,0
DEQ,827640308079273,23,1028,148162,0
DEQ,827640308958428,23,1028,123535,0
DEQ,827640309862719,23,1028,124019,0
DEQ,827640310773025,23,1028,128910,0
DEQ,827640311674872,23,1028,125635,0
DEQ,827640312596768,23,1028,143928,0
DEQ,827640313478757,23,1028,122072,0
DEQ,827640314349432,23,1028,118929,0
DEQ,827640315189052,23,1028,98737,0
DEQ,827640316101914,23,1028,121403,0
DEQ,827640317018951,23,1028,125004,0
DEQ,827640317919860,23,1028,123080,0
DEQ,827640318836660,23,1028,136660,0
DEQ,827640319743029,23,1028,139850,0
DEQ,827640320636441,23,1028,129436,0
DEQ,827640321539046,23,1028,129829,0
DEQ,827640322405731,23,1028,123125,0
DEQ,827640323286972,23,1028,145012,0
DEQ,827640324142607,23,1028,76026,0
DEQ,827640325110287,23,1028,112479,0
DEQ,827640326054033,23,1028,143872,0
DEQ,827640326957221,23,1028,148745,0
DEQ,827640327849910,23,1028,134503,0
DEQ,827640328744598,23,1028,124562,0
DEQ,827640329646587,23,1028,123498,0
DEQ,827640330557773,23,1028,130705,0
DEQ,827640331459788,23,1028,129630,0
DEQ,827640332327857,23,1028,124848,0
DEQ,827640333157654,23,1028,93038,0
DEQ,827640334097683,23,1028,137363,0
DEQ,827640334991010,23,1028,127474,0
DEQ,827640335899776,23,1028,130148,0
DEQ,827640336796045,23,1028,122978,0
DEQ,827640337714329,23,1028,139158,0
DEQ,827640338620262,23,1028,137440,0
DEQ,827640339512939,23,1028,126506,0
DEQ,827640340377031,23,1028,117485,0
DEQ,827640341262889,23,1028,144103,0
DEQ,827640342126462,23,1028,81415,0
DEQ,827640343101910,23,1028,126004,0
DEQ,827640343967327,23,1028,125690,0
DEQ,827640344873175,23,1028,134938,0
DEQ,827640345774377,23,1028,133947,0
DEQ,827640346695818,23,1028,151450,0
DEQ,827640347583678,23,1028,132741,0
DEQ,827640348559594,23,1028,100753,0
DEQ,827640349375294,23,1028,36909,0
DEQ,827640350287750,23,1028,82649,0
DEQ,827640351183485,23,1028,104310,0
DEQ,827640352114212,23,1028,97921,0
DEQ,827640352997295,23,1028,49787,0
DEQ,827640353898059,23,1028,41497,0
DEQ,827640354795488,23,1028,33177,0
DEQ,827640355662653,23,1028,38194,0
DEQ,827640356558048,23,1028,41578,0
DEQ,827640357461587,23,1028,41015,0
DEQ,827640358334547,23,1028,41068,0
DEQ,827640359237824,23,1028,84847,0
DEQ,827640360195309,23,1028,124208,0
STATS,827640360217641,0,0,10206,10206,0,0,0
DEQ,827640361104561,23,1028,88068,0
DEQ,827640361996662,23,1028,49553,0
DEQ,827640362895299,23,1028,38067,0
DEQ,827640363797625,23,1028,42046,0
DEQ,827640364704222,23,1028,42335,0
DEQ,827640365621785,23,1028,54792,0
DEQ,827640366513011,23,1028,42415,0
DEQ,827640367416138,23,1028,41872,0
DEQ,827640368326951,23,1028,79564,0
DEQ,827640369215460,23,1028,97630,0
DEQ,827640370135729,23,1028,81888,0
DEQ,827640371016615,23,1028,36000,0
DEQ,827640371929113,23,1028,38215,0
DEQ,827640372830443,23,1028,42054,0
DEQ,827640373747223,23,1028,53672,0
DEQ,827640374641113,23,1028,42259,0
DEQ,827640375543871,23,1028,41165,0
DEQ,827640376446387,23,1028,41015,0
DEQ,827640377321554,23,1028,43417,0
DEQ,827640378170960,23,1028,32968,0
DEQ,827640379105668,23,1028,60846,0
DEQ,827640379997280,23,1028,53262,0
DEQ,827640380889313,23,1028,41773,0
DEQ,827640381792936,23,1028,42217,0
DEQ,827640382694022,23,1028,41054,0
DEQ,827640383613267,23,1028,57764,0
DEQ,827640384499558,23,1028,41735,0
DEQ,827640385400973,23,1028,40935,0
DEQ,827640386265768,23,1028,33607,0
DEQ,827640387124121,23,1028,32680,0
DEQ,827640388023926,23,1028,41207,0
DEQ,827640388930874,23,1028,41133,0
DEQ,827640389833506,23,1028,41713,0
DEQ,827640390747429,23,1028,50698,0
DEQ,827640391641829,23,1028,41759,0
DEQ,827640392544779,23,1028,41518,0
DEQ,827640393447164,23,1028,41052,0
DEQ,827640394315144,23,1028,36492,0
DEQ,827640395222992,23,1028,84900,0
DEQ,827640396079219,23,1028,63497,0
DEQ,827640396941274,23,1028,41728,0
DEQ,827640397839023,23,1028,33131,0
DEQ,827640398746808,23,1028,48255,0
DEQ,827640399624827,23,1028,36724,0
DEQ,827640400517124,23,1028,35956,0
DEQ,827640401414374,23,1028,41180,0
DEQ,827640402278644,23,1028,32711,0
DEQ,827640403139979,23,1028,34623,0
DEQ,827640404036052,23,1028,41673,0
DEQ,827640404948069,23,1028,40545,0
DEQ,827640405871971,23,1028,55014,0
DEQ,827640406763337,23,1028,41830,0
DEQ,827640407666793,23,1028,42585,0
DEQ,827640408571024,23,1028,42930,0
DEQ,827640409488774,23,1028,58215,0
DEQ,827640410374372,23,1028,41709,0
DEQ,827640411247842,23,1028,42940,0
DEQ,827640412113469,23,1028,49327,0
DEQ,827640412998352,23,1028,44605,0
DEQ,827640413898141,23,1028,41003,0
DEQ,827640414807199,23,1028,41943,0
DEQ,827640415709297,23,1028,42530,0
DEQ,827640416622500,23,1028,51933,0
DEQ,827640417516872,23,1028,41586,0
DEQ,827640418418990,23,1028,40964,0
DEQ,827640419283880,23,1028,33427,0
DEQ,827640420143348,23,1028,33607,0
DEQ,827640421040605,23,1028,42071,0
DEQ,827640421951868,23,1028,41204,0
DEQ,827640422862112,23,1028,49303,0
DEQ,827640423768417,23,1028,41737,0
DEQ,827640424670252,23,1028,40988,0
DEQ,827640425573879,23,1028,41313,0
DEQ,827640426496795,23,1028,58480,0
DEQ,827640427383354,23,1028,41782,0
DEQ,827640428248857,23,1028,34672,0
DEQ,827640429121817,23,1028,48261,0
DEQ,827640430003860,23,1028,41583,0
DEQ,827640430906608,23,1028,41914,0
DEQ,827640431809309,23,1028,41771,0
DEQ,827640432717973,23,1028,40534,0
DEQ,827640433628679,23,1028,48838,0
DEQ,827640434525395,23,1028,42163,0
DEQ,827640435436827,23,1028,47834,0
DEQ,827640436294499,23,1028,33334,0
DEQ,827640437207373,23,1028,86822,0
DEQ,827640438129889,23,1028,82478,0
DEQ,827640439009842,23,1028,36285,0
DEQ,827640439926906,23,1028,44213,0
DEQ,827640440831302,23,1028,42289,0
DEQ,827640441751931,23,1028,47604,0
DEQ,827640442650370,23,1028,41141,0
DEQ,827640443555700,23,1028,41596,0
DEQ,827640444458872,23,1028,41630,0
DEQ,827640445342388,23,1028,52263,0
DEQ,827640446196609,23,1028,33061,0
DEQ,827640447093007,23,1028,33795,0
DEQ,827640447997782,23,1028,49048,0
DEQ,827640448894215,23,1028,41792,0
DEQ,827640449796027,23,1028,40994,0
DEQ,827640450709630,23,1028,41012,0
DEQ,827640451622772,23,1028,51816,0
DEQ,827640452515824,23,1028,41577,0
DEQ,827640453418773,23,1028,42077,0
DEQ,827640454282509,23,1028,33252,0
DEQ,827640455142299,23,1028,33552,0
DEQ,827640456040633,23,1028,42112,0
DEQ,827640456946444,23,1028,40998,0
DEQ,827640457863823,23,1028,56407,0
DEQ,827640458751111,23,1028,41606,0
DEQ,827640459662794,23,1028,41590,0
DEQ,827640460565808,23,1028,41903,0
DEQ,827640461467319,23,1028,40672,0
DEQ,827640462373893,23,1028,44979,0
DEQ,827640463247738,23,1028,46154,0
DEQ,827640464094045,23,1028,32943,0
DEQ,827640464997973,23,1028,48220,0
DEQ,827640465894760,23,1028,41954,0
DEQ,827640466796369,23,1028,40641,0
DEQ,827640467698621,23,1028,41025,0
DEQ,827640468612639,23,1028,48112,0
DEQ,827640469510016,23,1028,42753,0
DEQ,827640470413657,23,1028,42578,0
DEQ,827640471277794,23,1028,32940,0
DEQ,827640472137900,23,1028,33646,0
DEQ,827640473034852,23,1028,41707,0
DEQ,827640473941519,23,1028,41356,0
DEQ,827640474864382,23,1028,59577,0
DEQ,827640475749836,23,1028,42671,0
DEQ,827640476650312,23,1028,41277,0
DEQ,827640477559621,23,1028,41548,0
DEQ,827640478461452,23,1028,41171,0
DEQ,827640479332733,23,1028,40425,0
DEQ,827640480239704,23,1028,87852,0
DEQ,827640481116242,23,1028,49738,0
DEQ,827640482017264,23,1028,41875,0
DEQ,827640482919774,23,1028,40454,0
DEQ,827640483826558,23,1028,42050,0
DEQ,827640484743224,23,1028,55325,0
DEQ,827640485631132,23,1028,40757,0
DEQ,827640486545591,23,1028,40832,0
DEQ,827640487448925,23,1028,41035,0
DEQ,827640488315374,23,1028,34948,0
DEQ,827640489172716,23,1028,32922,0
DEQ,827640490079351,23,1028,44309,0
DEQ,827640490993437,23,1028,56499,0
DEQ,827640491882853,23,1028,42245,0
DEQ,827640492784835,23,1028,41800,0
DEQ,827640493687843,23,1028,41606,0
DEQ,827640494590545,23,1028,41058,0
DEQ,827640495500888,23,1028,41005,0
DEQ,827640496405084,23,1028,41695,0
DEQ,827640497269656,23,1028,33579,0
DEQ,827640498128717,23,1028,32848,0
DEQ,827640499025400,23,1028,40510,0
DEQ,827640499937796,23,1028,41546,0
DEQ,827640500840013,23,1028,41205,0
DEQ,827640501748053,23,1028,46884,0
DEQ,827640502646400,23,1028,43034,0
DEQ,827640503547517,23,1028,40749,0
DEQ,827640504458485,23,1028,41243,0
DEQ,827640505337304,23,1028,47269,0
DEQ,827640506193129,23,1028,32847,0
DEQ,827640507082600,23,1028,45341,0
DEQ,827640507988157,23,1028,48325,0
DEQ,827640508883931,23,1028,41166,0
DEQ,827640509786508,23,1028,41691,0
DEQ,827640510689968,23,1028,41671,0
DEQ,827640511591466,23,1028,41024,0
DEQ,827640512498045,23,1028,44959,0
DEQ,827640513402134,23,1028,41781,0
DEQ,827640514266078,23,1028,33552,0
DEQ,827640515124635,23,1028,32791,0
DEQ,827640516022825,23,1028,41904,0
DEQ,827640516925451,23,1028,41061,0
DEQ,827640517829455,23,1028,41880,0
DEQ,827640518737970,23,1028,47840,0
DEQ,827640519633663,23,1028,41194,0
DEQ,827640520536136,23,1028,41787,0
DEQ,827640521438075,23,1028,41637,0
DEQ,827640522318875,23,1028,41279,0
DEQ,827640523169963,23,1028,33067,0
DEQ,827640524082200,23,1028,38546,0
DEQ,827640524987787,23,1028,49392,0
DEQ,827640525880425,23,1028,40547,0
DEQ,827640526782989,23,1028,41874,0
DEQ,827640527684859,23,1028,41781,0
DEQ,827640528606588,23,1028,60889,0
DEQ,827640529498180,23,1028,49938,0
DEQ,827640530392492,23,1028,41648,0
DEQ,827640531264422,23,1028,33517,0
DEQ,827640532124322,23,1028,34164,0
DEQ,827640533020734,23,1028,41462,0
DEQ,827640533924036,23,1028,41138,0
DEQ,827640534827398,23,1028,41552,0
DEQ,827640535742050,23,1028,51552,0
DEQ,827640536624528,23,1028,40635,0
DEQ,827640537516909,23,1028,40135,0
DEQ,827640538407138,23,1028,34621,0
DEQ,827640539274089,23,1028,40619,0
DEQ,827640540127162,23,1028,32652,0
DEQ,827640541024552,23,1028,40899,0
DEQ,827640541935247,23,1028,41543,0
DEQ,827640542835736,23,1028,40323,0
DEQ,827640543747850,23,1028,55634,0
DEQ,827640544636574,23,1028,41786,0
DEQ,827640545539363,23,1028,41757,0
DEQ,827640546444460,23,1028,41718,0
DEQ,827640547320199,23,1028,45075,0
DEQ,827640548168022,23,1028,33622,0
DEQ,827640549075776,23,1028,42522,0
DEQ,827640549989364,23,1028,58389,0
DEQ,827640550875347,23,1028,41736,0
DEQ,827640551777046,23,1028,41041,0
DEQ,827640552680191,23,1028,41773,0
DEQ,827640553583634,23,1028,41214,0
DEQ,827640554498373,23,1028,53757,0
DEQ,827640555388146,23,1028,42043,0
DEQ,827640556251690,23,1028,32841,0
DEQ,827640557123729,23,1028,45573,0
DEQ,827640558010340,23,1028,41363,0
DEQ,827640558912996,23,1028,41826,0
DEQ,827640559815347,23,1028,41262,0
DEQ,827640560716537,23,1028,41040,0
DEQ,827640561623406,23,1028,45463,0
DEQ,827640562521538,23,1028,41752,0
DEQ,827640563423111,23,1028,41055,0
DEQ,827640564288166,23,1028,33546,0
DEQ,827640565147205,23,1028,33289,0
DEQ,827640566056369,23,1028,43528,0
DEQ,827640566957212,23,1028,41438,0
DEQ,827640567872704,23,1028,54982,0
DEQ,827640568762593,23,1028,41962,0
DEQ,827640569663567,23,1028,41209,0
DEQ,827640570567468,23,1028,40815,0
DEQ,827640571469679,23,1028,41094,0
DEQ,827640572375448,23,1028,43914,0
DEQ,827640573248651,23,1028,44380,0
DEQ,827640574096241,23,1028,32765,0
DEQ,827640574998563,23,1028,46630,0
DEQ,827640575906399,23,1028,40538,0
DEQ,827640576809821,23,1028,41406,0
DEQ,827640577712383,23,1028,41591,0
DEQ,827640578622951,23,1028,49677,0
DEQ,827640579517961,23,1028,42081,0
DEQ,827640580419719,23,1028,41840,0
DEQ,827640581284122,23,1028,33893,0
DEQ,827640582143356,23,1028,33531,0
DEQ,827640583041110,23,1028,42251,0
DEQ,827640583948213,23,1028,40780,0
DEQ,827640584873579,23,1028,54083,0
DEQ,827640585763263,23,1028,41704,0
DEQ,827640586664991,23,1028,41522,0
DEQ,827640587567429,23,1028,42041,0
DEQ,827640588469128,23,1028,40833,0
DEQ,827640589379535,23,1028,48761,0
DEQ,827640590309683,23,1028,106470,0
DEQ,827640591124040,23,1028,49958,0
DEQ,827640592022743,23,1028,38577,0
DEQ,827640592927614,23,1028,44633,0
DEQ,827640593835863,23,1028,41269,0
DEQ,827640594749681,23,1028,46633,0
DEQ,827640595646061,23,1028,41716,0
DEQ,827640596548570,23,1028,40890,0
DEQ,827640597451784,23,1028,41237,0
DEQ,827640598318911,23,1028,35922,0
DEQ,827640599175255,23,1028,32927,0
DEQ,827640600086236,23,1028,43872,0
DEQ,827640600997891,23,1028,55624,0
DEQ,827640601888691,23,1028,42889,0
DEQ,827640602795849,23,1028,40719,0
DEQ,827640603700257,23,1028,41505,0
DEQ,827640604617771,23,1028,56041,0
DEQ,827640605504580,23,1028,40697,0
DEQ,827640606406147,23,1028,40903,0
DEQ,827640607271101,23,1028,33553,0
DEQ,827640608129566,23,1028,32616,0
DEQ,827640609027372,23,1028,41071,0
DEQ,827640609935363,23,1028,41876,0
DEQ,827640610857079,23,1028,59773,0
DEQ,827640611750651,23,1028,42979,0
DEQ,827640612651768,23,1028,42070,0
DEQ,827640613553368,23,1028,40982,0
DEQ,827640614457031,23,1028,41514,0
DEQ,827640615329974,23,1028,42372,0
DEQ,827640616180534,23,1028,33567,0
DEQ,827640617081487,23,1028,44785,0
DEQ,827640617994582,23,1028,55918,0
DEQ,827640618884589,23,1028,40674,0
DEQ,827640619788262,23,1028,41852,0
DEQ,827640620697401,23,1028,40944,0
DEQ,827640621614941,23,1028,56481,0
DEQ,827640622502116,23,1028,41119,0
DEQ,827640623405817,23,1028,42134,0
DEQ,827640624326949,23,1028,90651,0
DEQ,827640625143201,23,1028,36080,0
DEQ,827640626058519,23,1028,33544,0
DEQ,827640626982207,23,1028,63862,0
DEQ,827640627873847,23,1028,49782,0
DEQ,827640628769677,23,1028,41562,0
DEQ,827640629683996,23,1028,41623,0
DEQ,827640630586867,23,1028,41639,0
DEQ,827640631498319,23,1028,49529,0
DEQ,827640632394859,23,1028,42041,0
DEQ,827640633259847,23,1028,33377,0
DEQ,827640634124588,23,1028,38663,0
DEQ,827640635018139,23,1028,42142,0
DEQ,827640635920495,23,1028,41874,0
DEQ,827640636830458,23,1028,47980,0
DEQ,827640637742285,23,1028,56242,0
DEQ,827640638636130,23,1028,41361,0
DEQ,827640639538506,23,1028,41398,0
DEQ,827640640442559,23,1028,42053,0
DEQ,827640641313235,23,1028,39914,0
DEQ,827640642166648,23,1028,33571,0
DEQ,827640643079090,23,1028,43943,0
DEQ,827640643990867,23,1028,55930,0
DEQ,827640644878049,23,1028,41079,0
DEQ,827640645780682,23,1028,41507,0
DEQ,827640646683076,23,1028,41563,0
DEQ,827640647589912,23,1028,41570,0
DEQ,827640648499008,23,1028,48485,0
DEQ,827640649394364,23,1028,41882,0
DEQ,827640650257680,23,1028,32694,0
DEQ,827640651123968,23,1028,39734,0
DEQ,827640652014736,23,1028,41675,0
DEQ,827640652917692,23,1028,41872,0
DEQ,827640653818751,23,1028,40642,0
DEQ,827640654720985,23,1028,41073,0
DEQ,827640655626441,23,1028,44276,0
DEQ,827640656536741,23,1028,42900,0
DEQ,827640657437764,23,1028,41533,0
DEQ,827640658302113,23,1028,32843,0
DEQ,827640659213746,23,1028,85099,0
DEQ,827640660089426,23,1028,36308,0
DEQ,827640661003558,23,1028,43346,0
DEQ,827640661928819,23,1028,60904,0
DEQ,827640662823255,23,1028,40531,0
DEQ,827640663714959,23,1028,33428,0
DEQ,827640664624324,23,1028,52229,0
DEQ,827640665509058,23,1028,33163,0
DEQ,827640666414754,23,1028,43745,0
DEQ,827640667275888,23,1028,33876,0
DEQ,827640668134225,23,1028,32670,0
DEQ,827640669033041,23,1028,41763,0
DEQ,827640669940848,23,1028,41833,0
DEQ,827640670842843,23,1028,41043,0
DEQ,827640671749217,23,1028,44900,0
DEQ,827640672648826,23,1028,41524,0
DEQ,827640673550746,23,1028,41496,0
DEQ,827640674462648,23,1028,41596,0
DEQ,827640675344554,23,1028,50408,0
DEQ,827640676201528,23,1028,33451,0
DEQ,827640677081935,23,1028,44709,0
DEQ,827640677994811,23,1028,56143,0
DEQ,827640678882901,23,1028,41586,0
DEQ,827640679786287,23,1028,41912,0
DEQ,827640680689692,23,1028,42012,0
DEQ,827640681591339,23,1028,41071,0
DEQ,827640682499157,23,1028,46387,0
DEQ,827640683401574,23,1028,40908,0
DEQ,827640684266614,23,1028,33668,0
DEQ,827640685126025,23,1028,33741,0
DEQ,827640686022181,23,1028,41368,0
DEQ,827640686923972,23,1028,41092,0
DEQ,827640687827118,23,1028,41736,0
DEQ,827640688743563,23,1028,55649,0
DEQ,827640689631329,23,1028,41431,0
DEQ,827640690540809,23,1028,45551,0
DEQ,827640691439879,23,1028,41821,0
DEQ,827640692319814,23,1028,43632,0
DEQ,827640693225678,23,1028,90221,0
DEQ,827640694094041,23,1028,35449,0
DEQ,827640695007612,23,1028,41625,0
DEQ,827640695915011,23,1028,45216,0
DEQ,827640696815557,23,1028,41967,0
DEQ,827640697717968,23,1028,41274,0
DEQ,827640698626976,23,1028,46120,0
DEQ,827640699526288,23,1028,41364,0
DEQ,827640700431781,23,1028,43142,0
DEQ,827640701303018,23,1028,32878,0
DEQ,827640702213140,23,1028,83627,0
DEQ,827640703091311,23,1028,35736,0
DEQ,827640704006357,23,1028,42956,0
DEQ,827640704912028,23,1028,43049,0
DEQ,827640705813001,23,1028,42386,0
DEQ,827640706716180,23,1028,41088,0
DEQ,827640707624347,23,1028,45689,0
DEQ,827640708524198,23,1028,41758,0
DEQ,827640709427647,23,1028,40647,0
DEQ,827640710301183,23,1028,32756,0
DEQ,827640711162218,23,1028,34395,0
DEQ,827640712071696,23,1028,35171,0
DEQ,827640712968837,23,1028,41071,0
DEQ,827640713875251,23,1028,44652,0
DEQ,827640714783353,23,1028,44088,0
DEQ,827640715680995,23,1028,41583,0
DEQ,827640716583623,23,1028,42044,0
DEQ,827640717499414,23,1028,54949,0
DEQ,827640718388619,23,1028,41318,0
DEQ,827640719257055,23,1028,33249,0
DEQ,827640720124433,23,1028,40773,0
DEQ,827640721015069,23,1028,41836,0
DEQ,827640721917575,23,1028,41642,0
DEQ,827640722820333,23,1028,42293,0
DEQ,827640723721589,23,1028,40839,0
DEQ,827640724627038,23,1028,43363,0
DEQ,827640725527837,23,1028,41238,0
DEQ,827640726431950,23,1028,41741,0
DEQ,827640727295638,23,1028,33051,0
DEQ,827640728155740,23,1028,32836,0
DEQ,827640729067319,23,1028,42424,0
DEQ,827640729965590,23,1028,41831,0
DEQ,827640730874520,23,1028,48163,0
DEQ,827640731770969,23,1028,41883,0
DEQ,827640732671625,23,1028,40595,0
DEQ,827640733575513,23,1028,41783,0
DEQ,827640734491612,23,1028,56009,0
DEQ,827640735379444,23,1028,41235,0
DEQ,827640736249537,23,1028,38319,0
DEQ,827640737120232,23,1028,48405,0
DEQ,827640738003462,23,1028,41996,0
DEQ,827640738909491,23,1028,42339,0
DEQ,827640739812007,23,1028,42116,0
DEQ,827640740732892,23,1028,59925,0
DEQ,827640741624570,23,1028,49726,0
DEQ,827640742519103,23,1028,41537,0
DEQ,827640743421255,23,1028,40860,0
DEQ,827640744287180,23,1028,34219,0
DEQ,827640745204443,23,1028,92184,0
DEQ,827640746125110,23,1028,82248,0
DEQ,827640747007608,23,1028,35085,0
DEQ,827640747920621,23,1028,37541,0
DEQ,827640748825374,23,1028,44190,0
DEQ,827640749741670,23,1028,56574,0
DEQ,827640750630865,23,1028,41090,0
DEQ,827640751534931,23,1028,41899,0
DEQ,827640752437887,23,1028,41888,0
DEQ,827640753301197,23,1028,32843,0
DEQ,827640754161254,23,1028,33466,0
DEQ,827640755080914,23,1028,34659,0
DEQ,827640755992617,23,1028,56584,0
DEQ,827640756880310,23,1028,41236,0
DEQ,827640757782163,23,1028,40974,0
DEQ,827640758685249,23,1028,41703,0
DEQ,827640759588362,23,1028,42318,0
DEQ,827640760499032,23,1028,50144,0
DEQ,827640761394070,23,1028,41973,0
DEQ,827640762257904,23,1028,32829,0
DEQ,827640763124733,23,1028,40153,0
DEQ,827640764016949,23,1028,41308,0
DEQ,827640764919367,23,1028,41961,0
DEQ,827640765820505,23,1028,40868,0
DEQ,827640766741030,23,1028,59222,0
DEQ,827640767626829,23,1028,42698,0
DEQ,827640768527939,23,1028,41094,0
DEQ,827640769432435,23,1028,41615,0
DEQ,827640770296148,23,1028,33007,0
DEQ,827640771206166,23,1028,83670,0
DEQ,827640772084671,23,1028,35889,0
DEQ,827640773003303,23,1028,38517,0
DEQ,827640773905995,23,1028,41705,0
DEQ,827640774812721,23,1028,41984,0
DEQ,827640775716722,23,1028,41245,0
DEQ,827640776624834,23,1028,46037,0
DEQ,827640777526019,23,1028,42674,0
DEQ,827640778427919,23,1028,41250,0
DEQ,827640779292998,23,1028,33430,0
DEQ,827640780200385,23,1028,81472,0
DEQ,827640781145599,23,1028,96439,0
DEQ,827640782000228,23,1028,40410,0
DEQ,827640782909354,23,1028,38397,0
DEQ,827640783818099,23,1028,48665,0
DEQ,827640784733249,23,1028,59338,0
DEQ,827640785624862,23,1028,46609,0
DEQ,827640786530372,23,1028,43547,0
DEQ,827640787431052,23,1028,41543,0
DEQ,827640788296207,23,1028,34388,0
DEQ,827640789212836,23,1028,91653,0
DEQ,827640790161760,23,1028,116214,0
DEQ,827640791010687,23,1028,35586,0
DEQ,827640791928609,23,1028,44131,0
DEQ,827640792838264,23,1028,48479,0
DEQ,827640793749267,23,1028,54346,0
DEQ,827640794641114,23,1028,41723,0
DEQ,827640795539271,23,1028,56042,0
DEQ,827640796410053,23,1028,37422,0
DEQ,827640797270108,23,1028,33623,0
DEQ,827640798129883,23,1028,33134,0
DEQ,827640799037431,23,1028,51124,0
DEQ,827640799926592,23,1028,34329,0
DEQ,827640800824430,23,1028,40748,0
DEQ,827640801742541,23,1028,56323,0
DEQ,827640802629170,23,1028,40900,0
DEQ,827640803531304,23,1028,40592,0
DEQ,827640804434187,23,1028,41635,0
DEQ,827640805297862,23,1028,32852,0
DEQ,827640806157296,23,1028,32867,0
DEQ,827640807067860,23,1028,40176,0
DEQ,827640807983367,23,1028,59699,0
DEQ,827640808877391,23,1028,43301,0
DEQ,827640809777824,23,1028,41161,0
DEQ,827640810687058,23,1028,42688,0
DEQ,827640811588729,23,1028,41437,0
DEQ,827640812499371,23,1028,49086,0
DEQ,827640813394402,23,1028,41793,0
DEQ,827640814257915,23,1028,32762,0
DEQ,827640815125004,23,1028,40513,0
DEQ,827640816014867,23,1028,41356,0
DEQ,827640816917546,23,1028,41626,0
DEQ,827640817826745,23,1028,40994,0
DEQ,827640818743640,23,1028,55451,0
DEQ,827640819631254,23,1028,40894,0
DEQ,827640820535019,23,1028,41896,0
DEQ,827640821438311,23,1028,42787,0
DEQ,827640822301626,23,1028,32699,0
DEQ,827640823223983,23,1028,95717,0
DEQ,827640824146454,23,1028,87055,0
DEQ,827640825021834,23,1028,36065,0
DEQ,827640825936491,23,1028,41954,0
DEQ,827640826866052,23,1028,62123,0
DEQ,827640827758708,23,1028,50149,0
DEQ,827640828654759,23,1028,40666,0
DEQ,827640829558747,23,1028,41628,0
DEQ,827640830462452,23,1028,42105,0
DEQ,827640831374443,23,1028,55151,0
DEQ,827640832301966,23,1028,110042,0
DEQ,827640833114998,23,1028,42019,0
DEQ,827640834023609,23,1028,42730,0
DEQ,827640834934192,23,1028,43832,0
DEQ,827640835842405,23,1028,41392,0
DEQ,827640836750144,23,1028,45122,0
DEQ,827640837650277,23,1028,41808,0
DEQ,827640838555863,23,1028,42198,0
DEQ,827640839459439,23,1028,41770,0
DEQ,827640840342666,23,1028,40605,0
DEQ,827640841208346,23,1028,33666,0
DEQ,827640842082047,23,1028,44960,0
DEQ,827640842995971,23,1028,55898,0
DEQ,827640843885153,23,1028,42113,0
DEQ,827640844794245,23,1028,42624,0
DEQ,827640845695114,23,1028,40541,0
DEQ,827640846597122,23,1028,41257,0
DEQ,827640847502159,23,1028,43330,0
DEQ,827640848402928,23,1028,41257,0
DEQ,827640849267815,23,1028,33568,0
DEQ,827640850126914,23,1028,33265,0
DEQ,827640851024579,23,1028,41732,0
DEQ,827640851934177,23,1028,41548,0
DEQ,827640852836900,23,1028,41869,0
DEQ,827640853750273,23,1028,47346,0
DEQ,827640854649117,23,1028,42378,0
DEQ,827640855551385,23,1028,41504,0
DEQ,827640856455282,23,1028,41873,0
DEQ,827640857331301,23,1028,44635,0
DEQ,827640858178868,23,1028,32702,0
DEQ,827640859085278,23,1028,48489,0
DEQ,827640859996471,23,1028,56417,0
DEQ,827640860885037,23,1028,41838,0
DEQ,827640861789409,23,1028,41507,0
DEQ,827640862694946,23,1028,41479,0
DEQ,827640863597810,23,1028,41056,0
DEQ,827640864502764,23,1028,44229,0
DEQ,827640865413396,23,1028,50938,0
DEQ,827640866319287,23,1028,83650,0
DEQ,827640867142521,23,1028,36077,0
DEQ,827640868057024,23,1028,33433,0
DEQ,827640868961854,23,1028,44988,0
DEQ,827640869875448,23,1028,54253,0
DEQ,827640870767038,23,1028,41377,0
DEQ,827640871681715,23,1028,41825,0
DEQ,827640872586147,23,1028,41966,0
DEQ,827640873500394,23,1028,53774,0
DEQ,827640874390809,23,1028,41799,0
DEQ,827640875254124,23,1028,32550,0
DEQ,827640876126045,23,1028,45164,0
DEQ,827640877011168,23,1028,41126,0
DEQ,827640877913863,23,1028,41784,0
DEQ,827640878816493,23,1028,41949,0
DEQ,827640879718614,23,1028,41133,0
DEQ,827640880627780,23,1028,41178,0
DEQ,827640881530949,23,1028,41544,0
DEQ,827640882439170,23,1028,41997,0
DEQ,827640883312713,23,1028,42512,0
DEQ,827640884163096,23,1028,33651,0
DEQ,827640885076035,23,1028,42765,0
DEQ,827640885973434,23,1028,41200,0
DEQ,827640886877794,23,1028,41845,0
DEQ,827640887780112,23,1028,41891,0
DEQ,827640888682807,23,1028,42587,0
DEQ,827640889590984,23,1028,40628,0
DEQ,827640890500546,23,1028,47565,0
DEQ,827640891397458,23,1028,41711,0
DEQ,827640892261634,23,1028,33567,0
DEQ,827640893125544,23,1028,38132,0
DEQ,827640894019221,23,1028,42014,0
DEQ,827640894921800,23,1028,41774,0
DEQ,827640895823049,23,1028,41117,0
DEQ,827640896741568,23,1028,56992,0
DEQ,827640897628906,23,1028,41665,0
DEQ,827640898536637,23,1028,42214,0
DEQ,827640899439063,23,1028,42085,0
DEQ,827640900302286,23,1028,32674,0
DEQ,827640901221154,23,1028,92307,0
DEQ,827640902090950,23,1028,36365,0
DEQ,827640903003322,23,1028,40199,0
DEQ,827640903908242,23,1028,44332,0
DEQ,827640904809067,23,1028,41702,0
DEQ,827640905713522,23,1028,41985,0
DEQ,827640906624926,23,1028,46039,0
DEQ,827640907535778,23,1028,42150,0
DEQ,827640908439841,23,1028,41813,0
DEQ,827640909304647,23,1028,33938,0
DEQ,827640910217858,23,1028,87754,0
DEQ,827640911141239,23,1028,86295,0
DEQ,827640912015678,23,1028,36131,0
DEQ,827640912934587,23,1028,42639,0
DEQ,827640913835407,23,1028,42137,0
DEQ,827640914750678,23,1028,51866,0
DEQ,827640915644163,23,1028,41454,0
DEQ,827640916557308,23,1028,41584,0
DEQ,827640917461620,23,1028,42776,0
DEQ,827640918325428,23,1028,32662,0
DEQ,827640919242889,23,1028,90678,0
DEQ,827640920121663,23,1028,51069,0
DEQ,827640921023076,23,1028,43198,0
DEQ,827640921943128,23,1028,59025,0
DEQ,827640922821272,23,1028,33183,0
DEQ,827640923716531,23,1028,37547,0
DEQ,827640924622452,23,1028,48697,0
DEQ,827640925502572,23,1028,32994,0
DEQ,827640926395025,23,1028,35961,0
DEQ,827640927253744,23,1028,32979,0
DEQ,827640928125829,23,1028,45606,0
DEQ,827640929010814,23,1028,40930,0
DEQ,827640929915290,23,1028,42000,0
DEQ,827640930824162,23,1028,43131,0
DEQ,827640931742257,23,1028,58769,0
DEQ,827640932628063,23,1028,41824,0
DEQ,827640933530613,23,1028,41295,0
DEQ,827640934443011,23,1028,42095,0
DEQ,827640935317354,23,1028,43497,0
DEQ,827640936227322,23,1028,94107,0
DEQ,827640937117692,23,1028,50004,0
DEQ,827640938017092,23,1028,40987,0
DEQ,827640938918413,23,1028,42146,0
DEQ,827640939821847,23,1028,40652,0
DEQ,827640940741817,23,1028,56981,0
DEQ,827640941629639,23,1028,41159,0
DEQ,827640942540337,23,1028,47015,0
DEQ,827640943445598,23,1028,40961,0
DEQ,827640944320755,23,1028,43193,0
DEQ,827640945229811,23,1028,92910,0
DEQ,827640946096183,23,1028,35382,0
DEQ,827640947008217,23,1028,38435,0
DEQ,827640947912085,23,1028,42479,0
DEQ,827640948817702,23,1028,41885,0
DEQ,827640949721151,23,1028,41495,0
DEQ,827640950628103,23,1028,44730,0
DEQ,827640951527752,23,1028,40947,0
DEQ,827640952444458,23,1028,41952,0
DEQ,827640953311697,23,1028,36104,0
DEQ,827640954169053,23,1028,33460,0
DEQ,827640955076096,23,1028,40392,0
DEQ,827640955991925,23,1028,58689,0
DEQ,827640956884531,23,1028,48968,0
DEQ,827640957777950,23,1028,40562,0
DEQ,827640958682973,23,1028,42883,0
DEQ,827640959586377,23,1028,42181,0
DEQ,827640960500977,23,1028,54469,0
DEQ,827640961396834,23,1028,41648,0
DEQ,827640962260702,23,1028,32782,0
DEQ,827640963125940,23,1028,38792,0
DEQ,827640964018552,23,1028,42048,0
DEQ,827640964920619,23,1028,41296,0
DEQ,827640965823421,23,1028,41437,0
DEQ,827640966742518,23,1028,56763,0
DEQ,827640967629806,23,1028,41091,0
DEQ,827640968532500,23,1028,40695,0
DEQ,827640969436336,23,1028,42234,0
DEQ,827640970303871,23,1028,32981,0
DEQ,827640971164135,23,1028,33826,0
DEQ,827640972076426,23,1028,40150,0
DEQ,827640972974132,23,1028,41027,0
DEQ,827640973877922,23,1028,41941,0
DEQ,827640974779038,23,1028,41216,0
DEQ,827640975682670,23,1028,42383,0
DEQ,827640976584281,23,1028,41800,0
DEQ,827640977500320,23,1028,54980,0
DEQ,827640978391939,23,1028,41709,0
DEQ,827640979260739,23,1028,32720,0
DEQ,827640980126169,23,1028,38821,0
DEQ,827640981018253,23,1028,41526,0
DEQ,827640981920142,23,1028,41928,0
DEQ,827640982822680,23,1028,41053,0
DEQ,827640983742096,23,1028,57145,0
DEQ,827640984628312,23,1028,40881,0
DEQ,827640985531395,23,1028,40859,0
DEQ,827640986435387,23,1028,42178,0
DEQ,827640987359218,23,1028,93509,0
DEQ,827640988173043,23,1028,35564,0
DEQ,827640989089008,23,1028,33695,0
DEQ,827640990001445,23,1028,51221,0
DEQ,827640990898492,23,1028,42469,0
DEQ,827640991802151,23,1028,41226,0
DEQ,827640992706728,23,1028,42222,0
DEQ,827640993615709,23,1028,47778,0
DEQ,827640994512191,23,1028,41133,0
DEQ,827640995415475,23,1028,42016,0
DEQ,827640996279319,23,1028,32989,0
DEQ,827640997145269,23,1028,34186,0
DEQ,827640998055413,23,1028,41889,0
DEQ,827640998955191,23,1028,41531,0
DEQ,827640999872208,23,1028,56154,0
DEQ,827641000760742,23,1028,41230,0
DEQ,827641001665026,23,1028,42606,0
DEQ,827641002571871,23,1028,40975,0
DEQ,827641003492355,23,1028,58387,0
DEQ,827641004378547,23,1028,41932,0
DEQ,827641005251320,23,1028,41947,0
DEQ,827641006117290,23,1028,47304,0
DEQ,827641007003779,23,1028,44893,0
DEQ,827641007902132,23,1028,40480,0
DEQ,827641008805129,23,1028,41883,0
DEQ,827641009708311,23,1028,41692,0
DEQ,827641010625552,23,1028,55754,0
DEQ,827641011513669,23,1028,41564,0
DEQ,827641012415729,23,1028,41887,0
DEQ,827641013279251,23,1028,32831,0
DEQ,827641014139167,23,1028,33489,0
DEQ,827641015038645,23,1028,41779,0
DEQ,827641015948332,23,1028,41488,0
DEQ,827641016867308,23,1028,57527,0
DEQ,827641017753605,23,1028,41005,0
DEQ,827641018655674,23,1028,41082,0
DEQ,827641019561645,23,1028,42352,0
DEQ,827641020464242,23,1028,41744,0
DEQ,827641021375653,23,1028,49221,0
DEQ,827641022246898,23,1028,47996,0
DEQ,827641023093716,23,1028,32842,0
DEQ,827641024002045,23,1028,50496,0
DEQ,827641024894445,23,1028,41551,0
DEQ,827641025796600,23,1028,41528,0
DEQ,827641026701445,23,1028,41300,0
DEQ,827641027618550,23,1028,55520,0
DEQ,827641028505637,23,1028,40782,0
DEQ,827641029407863,23,1028,40711,0
DEQ,827641030324000,23,1028,84489,0
DEQ,827641031146175,23,1028,36073,0
DEQ,827641032066315,23,1028,33844,0
DEQ,827641032992543,23,1028,59133,0
DEQ,827641033879332,23,1028,41656,0
DEQ,827641034783661,23,1028,40693,0
DEQ,827641035688187,23,1028,42211,0
DEQ,827641036609762,23,1028,60030,0
DEQ,827641037501400,23,1028,49159,0
DEQ,827641038396875,23,1028,41466,0
DEQ,827641039260419,23,1028,32856,0
DEQ,827641040126442,23,1028,39565,0
DEQ,827641041020121,23,1028,43070,0
DEQ,827641041925617,23,1028,41160,0
DEQ,827641042829409,23,1028,42056,0
DEQ,827641043745756,23,1028,55998,0
DEQ,827641044633839,23,1028,41315,0
DEQ,827641045536949,23,1028,42079,0
DEQ,827641046439798,23,1028,41645,0
DEQ,827641047303178,23,1028,32593,0
DEQ,827641048222954,23,1028,93095,0
DEQ,827641049135460,23,1028,82375,0
DEQ,827641050017363,23,1028,35993,0
DEQ,827641050937986,23,1028,33421,0
DEQ,827641051859873,23,1028,60384,0
DEQ,827641052752176,23,1028,49269,0
DEQ,827641053650529,23,1028,41597,0
DEQ,827641054515671,23,1028,33519,0
DEQ,827641055406885,23,1028,35464,0
DEQ,827641056267460,23,1028,33845,0
DEQ,827641057127883,23,1028,33925,0
DEQ,827641058018115,23,1028,34740,0
DEQ,827641058915599,23,1028,41504,0
DEQ,827641059831080,23,1028,42094,0
DEQ,827641060747730,23,1028,55759,0
DEQ,827641061634951,23,1028,41129,0
DEQ,827641062538708,23,1028,41841,0
DEQ,827641063443100,23,1028,42830,0
DEQ,827641064309598,23,1028,36880,0
DEQ,827641065166591,23,1028,33511,0
DEQ,827641066081074,23,1028,40509,0
DEQ,827641066993877,23,1028,56635,0
DEQ,827641067882007,23,1028,41304,0
DEQ,827641068791443,23,1028,41802,0
DEQ,827641069695494,23,1028,42384,0
DEQ,827641070596898,23,1028,40826,0
DEQ,827641071506723,23,1028,48307,0
DEQ,827641072402062,23,1028,40757,0
DEQ,827641073267119,23,1028,33661,0
DEQ,827641074129116,23,1028,36146,0
DEQ,827641075024109,23,1028,41433,0
DEQ,827641075935500,23,1028,41595,0
DEQ,827641076840969,23,1028,42605,0
DEQ,827641077751884,23,1028,50861,0
DEQ,827641078648329,23,1028,41895,0
DEQ,827641079551109,23,1028,40905,0
DEQ,827641080455096,23,1028,42152,0
DEQ,827641081330803,23,1028,45042,0
DEQ,827641082184571,23,1028,33606,0
DEQ,827641083080100,23,1028,42176,0
DEQ,827641083997081,23,1028,55846,0
DEQ,827641084885379,23,1028,41201,0
DEQ,827641085789333,23,1028,42363,0
DEQ,827641086697002,23,1028,41362,0
DEQ,827641087617743,23,1028,58883,0
DEQ,827641088504016,23,1028,41843,0
DEQ,827641089406470,23,1028,40962,0
DEQ,827641090271063,23,1028,33320,0
DEQ,827641091130499,23,1028,33101,0
DEQ,827641092026647,23,1028,40854,0
DEQ,827641092937339,23,1028,42612,0
DEQ,827641093842481,23,1028,43172,0
DEQ,827641094751827,23,1028,48108,0
DEQ,827641095655247,23,1028,40908,0
DEQ,827641096553302,23,1028,36167,0
DEQ,827641097451142,23,1028,41356,0
DEQ,827641098321550,23,1028,38767,0
DEQ,827641099175131,23,1028,32977,0
DEQ,827641100079881,23,1028,41787,0
DEQ,827641100997247,23,1028,56048,0
DEQ,827641101885045,23,1028,41333,0
DEQ,827641102788184,23,1028,41856,0
DEQ,827641103690278,23,1028,41454,0
DEQ,827641104597466,23,1028,41426,0
DEQ,827641105502784,23,1028,44082,0
DEQ,827641106401825,23,1028,40893,0
DEQ,827641107322132,23,1028,88308,0
DEQ,827641108140816,23,1028,36061,0
DEQ,827641109056401,23,1028,33357,0
DEQ,827641109961615,23,1028,45567,0
DEQ,827641110876243,23,1028,55606,0
DEQ,827641111767498,23,1028,42246,0
DEQ,827641112670304,23,1028,41438,0
DEQ,827641113599316,23,1028,41047,0
DEQ,827641114503910,23,1028,43421,0
DEQ,827641115402792,23,1028,41085,0
DEQ,827641116267366,23,1028,33574,0
DEQ,827641117127975,23,1028,35082,0
DEQ,827641118022750,23,1028,41599,0
DEQ,827641118923294,23,1028,41862,0
DEQ,827641119823235,23,1028,41068,0
DEQ,827641120723466,23,1028,40799,0
DEQ,827641121626958,23,1028,44847,0
DEQ,827641122537426,23,1028,41444,0
DEQ,827641123437657,23,1028,41290,0
DEQ,827641124301051,23,1028,32942,0
DEQ,827641125159876,23,1028,32608,0
DEQ,827641126067233,23,1028,42222,0
DEQ,827641126963323,23,1028,41439,0
DEQ,827641127876241,23,1028,54314,0
DEQ,827641128761964,23,1028,40269,0
DEQ,827641129664183,23,1028,42884,0
DEQ,827641130564518,23,1028,41606,0
DEQ,827641131469679,23,1028,40839,0
DEQ,827641132377072,23,1028,47888,0
DEQ,827641133251330,23,1028,48887,0
DEQ,827641134095352,23,1028,32829,0
DEQ,827641135002808,23,1028,53462,0
DEQ,827641135891568,23,1028,41684,0
DEQ,827641136792797,23,1028,42182,0
DEQ,827641137691965,23,1028,41575,0
DEQ,827641138610359,23,1028,60001,0
DEQ,827641139502107,23,1028,52219,0
DEQ,827641140400160,23,1028,43161,0
DEQ,827641141320086,23,1028,90630,0
DEQ,827641142137716,23,1028,35396,0
DEQ,827641143058787,23,1028,33698,0
DEQ,827641143959048,23,1028,41718,0
DEQ,827641144876405,23,1028,54809,0
DEQ,827641145764817,23,1028,41720,0
DEQ,827641146670536,23,1028,41589,0
DEQ,827641147571396,23,1028,41204,0
DEQ,827641148472702,23,1028,41291,0
DEQ,827641149394686,23,1028,42939,0
DEQ,827641150253615,23,1028,32802,0
DEQ,827641151127743,23,1028,47713,0
DEQ,827641152008409,23,1028,40976,0
DEQ,827641152908797,23,1028,41124,0
DEQ,827641153810154,23,1028,41656,0
DEQ,827641154710478,23,1028,41513,0
DEQ,827641155626466,23,1028,56887,0
DEQ,827641156510437,23,1028,40527,0
DEQ,827641157412047,23,1028,42288,0
DEQ,827641158281977,23,1028,32893,0
DEQ,827641159141965,23,1028,33713,0
DEQ,827641160038012,23,1028,41908,0
DEQ,827641160947206,23,1028,40359,0
DEQ,827641161847991,23,1028,41217,0
DEQ,827641162752534,23,1028,45189,0
DEQ,827641163649125,23,1028,41785,0
DEQ,827641164548096,23,1028,40620,0
DEQ,827641165448175,23,1028,40865,0
DEQ,827641165743098,23,84,31593,0
DEQ,827641166368338,23,1028,56361,0
DEQ,827641167219188,23,1028,32673,0
DEQ,827641168076181,23,1028,41105,0
DEQ,827641168993272,23,1028,58060,0
DEQ,827641169879416,23,1028,44016,0
DEQ,827641170778772,23,1028,40920,0
DEQ,827641171679804,23,1028,41301,0
DEQ,827641172579116,23,1028,40771,0
DEQ,827641173495103,23,1028,57080,0
DEQ,827641174379387,23,1028,41414,0
DEQ,827641175252301,23,1028,41885,0
DEQ,827641176118062,23,1028,47365,0
DEQ,827641177003302,23,1028,45658,0
DEQ,827641177899758,23,1028,41629,0
DEQ,827641178798834,23,1028,40803,0
DEQ,827641179699216,23,1028,40930,0
DEQ,827641180599106,23,1028,41090,0
DEQ,827641181503180,23,1028,44429,0
DEQ,827641182393933,23,1028,34403,0
DEQ,827641183254054,23,1028,34015,0
DEQ,827641184127856,23,1028,47951,0
DEQ,827641185014520,23,1028,40170,0
DEQ,827641185906655,23,1028,34918,0
DEQ,827641186804776,23,1028,40779,0
DEQ,827641187708228,23,1028,41755,0
DEQ,827641188626688,23,1028,56962,0
DEQ,827641189513633,23,1028,41967,0
DEQ,827641190415998,23,1028,41487,0
DEQ,827641191279794,23,1028,32939,0
DEQ,827641192139711,23,1028,33342,0
DEQ,827641193037680,23,1028,42141,0
DEQ,827641193946863,23,1028,41270,0
DEQ,827641194868402,23,1028,57602,0
DEQ,827641195755638,23,1028,42504,0
DEQ,827641196657500,23,1028,41179,0
DEQ,827641197560251,23,1028,41142,0
DEQ,827641198462375,23,1028,41537,0
DEQ,827641199376683,23,1028,55539,0
DEQ,827641200243718,23,1028,50541,0
DEQ,827641201083424,23,1028,45081,0
DEQ,827641201994934,23,1028,56157,0
DEQ,827641202887385,23,1028,41229,0
DEQ,827641203791027,23,1028,41692,0
DEQ,827641204656614,23,1028,34606,0
DEQ,827641205556660,23,1028,42849,0
DEQ,827641206459150,23,1028,42179,0
DEQ,827641207336437,23,1028,47190,0
DEQ,827641208243064,23,1028,80345,0
DEQ,827641209119411,23,1028,50239,0
DEQ,827641210019698,23,1028,39859,0
DEQ,827641210921679,23,1028,42232,0
DEQ,827641211860916,23,1028,61296,0
DEQ,827641212752586,23,1028,48194,0
DEQ,827641213649628,23,1028,41648,0
DEQ,827641214553426,23,1028,41026,0
DEQ,827641215469742,23,1028,42989,0
DEQ,827641216377769,23,1028,45568,0
DEQ,827641217298633,23,1028,97506,0
DEQ,827641218122755,23,1028,50456,0
DEQ,827641219021681,23,1028,43113,0
DEQ,827641219922828,23,1028,42491,0
DEQ,827641220861022,23,1028,63101,0
DEQ,827641221752605,23,1028,52041,0
DEQ,827641222645830,23,1028,41632,0
DEQ,827641223549254,23,1028,41360,0
DEQ,827641224452108,23,1028,41248,0
DEQ,827641225327332,23,1028,43363,0
DEQ,827641226176261,23,1028,32966,0
DEQ,827641227083057,23,1028,42042,0
DEQ,827641227992197,23,1028,47720,0
DEQ,827641228892309,23,1028,43373,0
DEQ,827641229801516,23,1028,40640,0
DEQ,827641230707951,23,1028,42043,0
DEQ,827641231626934,23,1028,56836,0
DEQ,827641232515548,23,1028,41548,0
DEQ,827641233418004,23,1028,41878,0
DEQ,827641234281307,23,1028,32860,0
DEQ,827641235141088,23,1028,33281,0
DEQ,827641236039968,23,1028,42799,0
DEQ,827641236947149,23,1028,40897,0
DEQ,827641237848544,23,1028,40776,0
DEQ,827641238757237,23,1028,40750,0
DEQ,827641239662415,23,1028,43404,0
DEQ,827641240564220,23,1028,42242,0
DEQ,827641241466944,23,1028,41913,0
DEQ,827641242347376,23,1028,48954,0
DEQ,827641243205406,23,1028,33375,0
DEQ,827641244077067,23,1028,41335,0
DEQ,827641244994153,23,1028,55264,0
DEQ,827641245882129,23,1028,40809,0
DEQ,827641246784758,23,1028,41230,0
DEQ,827641247692460,23,1028,42114,0
DEQ,827641248596276,23,1028,41419,0
DEQ,827641249502745,23,1028,45190,0
DEQ,827641250402881,23,1028,42481,0
DEQ,827641251323433,23,1028,90591,0
DEQ,827641252138821,23,1028,35192,0
DEQ,827641253052855,23,1028,32706,0
DEQ,827641253958105,23,1028,44766,0
DEQ,827641254873449,23,1028,57044,0
DEQ,827641255763119,23,1028,42105,0
DEQ,827641256676891,23,1028,41009,0
DEQ,827641257580540,23,1028,41449,0
DEQ,827641258498271,23,1028,56388,0
DEQ,827641259385288,23,1028,40839,0
DEQ,827641260252996,23,1028,36353,0
DEQ,827641261124228,23,1028,48274,0
DEQ,827641262008069,23,1028,42640,0
DEQ,827641262909094,23,1028,40933,0
DEQ,827641263812800,23,1028,41807,0
DEQ,827641264715572,23,1028,41759,0
DEQ,827641265628026,23,1028,43877,0
DEQ,827641266535634,23,1028,43934,0
DEQ,827641267434036,23,1028,41538,0
DEQ,827641268298329,23,1028,33436,0
DEQ,827641269156978,23,1028,32864,0
DEQ,827641270069366,23,1028,44050,0
DEQ,827641270967292,23,1028,40973,0
DEQ,827641271877843,23,1028,48740,0
DEQ,827641272773998,23,1028,42378,0
DEQ,827641273676392,23,1028,41641,0
DEQ,827641274582029,23,1028,41450,0
DEQ,827641275492466,23,1028,49616,0
DEQ,827641276388212,23,1028,41372,0
DEQ,827641277253740,23,1028,33616,0
DEQ,827641278127200,23,1028,47637,0
DEQ,827641279010126,23,1028,41465,0
DEQ,827641279912744,23,1028,41585,0
DEQ,827641280814827,23,1028,41292,0
DEQ,827641281717242,23,1028,41212,0
DEQ,827641282628006,23,1028,49824,0
DEQ,827641283531984,23,1028,41698,0
DEQ,827641284435072,23,1028,42020,0
DEQ,827641285298872,23,1028,32828,0
DEQ,827641286204431,23,1028,78974,0
DEQ,827641287087142,23,1028,36379,0
DEQ,827641288005035,23,1028,45296,0
DEQ,827641288902904,23,1028,41368,0
DEQ,827641289809489,23,1028,42114,0
DEQ,827641290717172,23,1028,41647,0
DEQ,827641291627408,23,1028,48220,0
DEQ,827641292533185,23,1028,40722,0
DEQ,827641293436174,23,1028,41830,0
DEQ,827641294300940,23,1028,33844,0
DEQ,827641295216139,23,1028,89583,0
DEQ,827641296131935,23,1028,80124,0
DEQ,827641297013180,23,1028,35339,0
DEQ,827641297925928,23,1028,37910,0
DEQ,827641298831477,23,1028,45603,0
DEQ,827641299746536,23,1028,56371,0
DEQ,827641300636249,23,1028,41409,0
DEQ,827641301553811,23,1028,41603,0
DEQ,827641302458642,23,1028,41455,0
DEQ,827641303334225,23,1028,44390,0
DEQ,827641304190155,23,1028,33611,0
DEQ,827641305089836,23,1028,36453,0
DEQ,827641306003186,23,1028,58034,0
DEQ,827641306887613,23,1028,40450,0
DEQ,827641307791212,23,1028,41900,0
DEQ,827641308694636,23,1028,42033,0
DEQ,827641309596694,23,1028,41199,0
DEQ,827641310506124,23,1028,40775,0
DEQ,827641311409476,23,1028,40904,0
DEQ,827641312274195,23,1028,33461,0
DEQ,827641313132754,23,1028,32832,0
DEQ,827641314030074,23,1028,40849,0
DEQ,827641314946677,23,1028,41207,0
DEQ,827641315812604,23,1028,33838,0
DEQ,827641316681869,23,1028,39890,0
DEQ,827641317654749,23,1028,37482,0
DEQ,827641318529386,23,1028,42418,0
DEQ,827641319519794,23,1028,127889,0
DEQ,827641320327927,23,1028,75492,0
DEQ,827641321240635,23,1028,127948,0
DEQ,827641322135289,23,1028,130971,0
DEQ,827641323024073,23,1028,131137,0
DEQ,827641323910687,23,1028,129346,0
DEQ,827641324809632,23,1028,136229,0
DEQ,827641325712751,23,1028,144915,0
DEQ,827641326597989,23,1028,138566,0
DEQ,827641327479985,23,1028,129057,0
DEQ,827641328380054,23,1028,150760,0
DEQ,827641329225712,23,1028,121145,0
DEQ,827641330115602,23,1028,93652,0
DEQ,827641330968157,23,1028,52951,0
DEQ,827641331886061,23,1028,61902,0
DEQ,827641332882045,23,1028,137270,0
DEQ,827641333785724,23,1028,137584,0
DEQ,827641334609356,23,1028,51794,0
DEQ,827641335598759,23,1028,135257,0
DEQ,827641336480815,23,1028,114179,0
DEQ,827641337284176,23,1028,35733,0
DEQ,827641338181246,23,1028,73117,0
DEQ,827641339115426,23,1028,118476,0
DEQ,827641340035356,23,1028,130528,0
DEQ,827641340933402,23,1028,125648,0
DEQ,827641341837841,23,1028,125449,0
DEQ,827641342744201,23,1028,127663,0
DEQ,827641343645713,23,1028,125635,0
DEQ,827641344545537,23,1028,123605,0
DEQ,827641345432440,23,1028,106257,0
DEQ,827641346285866,23,1028,85239,0
DEQ,827641347165861,23,1028,93372,0
DEQ,827641348094104,23,1028,133306,0
DEQ,827641348915666,23,1028,51012,0
DEQ,827641349893428,23,1028,125587,0
DEQ,827641350794771,23,1028,125455,0
DEQ,827641351710317,23,1028,138912,0
DEQ,827641352599185,23,1028,125970,0
DEQ,827641353502364,23,1028,126937,0
DEQ,827641354344734,23,1028,96174,0
DEQ,827641355227450,23,1028,118436,0
DEQ,827641356110732,23,1028,113328,0
DEQ,827641357030328,23,1028,125593,0
DEQ,827641357937530,23,1028,129538,0
DEQ,827641358836269,23,1028,123205,0
DEQ,827641359667449,23,1028,50837,0
DEQ,827641360649203,23,1028,128367,0
STATS,827641360657805,0,0,11324,11324,0,0,0
DEQ,827641361547135,23,1028,123893,0
DEQ,827641362463408,23,1028,138178,0
DEQ,827641363291821,23,1028,94303,0
DEQ,827641364178936,23,1028,116119,0
DEQ,827641365087813,23,1028,136312,0
DEQ,827641365978507,23,1028,124538,0
DEQ,827641366881426,23,1028,125703,0
DEQ,827641367786329,23,1028,127516,0
DEQ,827641368708985,23,1028,147848,0
DEQ,827641369601441,23,1028,137802,0
DEQ,827641370489161,23,1028,123195,0
DEQ,827641371361418,23,1028,122515,0
DEQ,827641372163758,23,1028,65224,0
DEQ,827641373098352,23,1028,110327,0
DEQ,827641374028254,23,1028,131187,0
DEQ,827641374949152,23,1028,148318,0
DEQ,827641375838611,23,1028,134840,0
DEQ,827641376732795,23,1028,126753,0
DEQ,827641377643184,23,1028,134651,0
DEQ,827641378537532,23,1028,126389,0
DEQ,827641379401551,23,1028,117462,0
DEQ,827641380287038,23,1028,143471,0
DEQ,827641381159395,23,1028,87928,0
DEQ,827641382105138,23,1028,93318,0
DEQ,827641382973478,23,1028,49062,0
DEQ,827641383964056,23,1028,137905,0
DEQ,827641384857122,23,1028,126106,0
DEQ,827641385773682,23,1028,138010,0
DEQ,827641386678167,23,1028,136552,0
DEQ,827641387592311,23,1028,147060,0
DEQ,827641388470216,23,1028,122641,0
DEQ,827641389341229,23,1028,120677,0
DEQ,827641390179286,23,1028,99412,0
DEQ,827641391117383,23,1028,141354,0
DEQ,827641392033959,23,1028,120197,0
DEQ,827641392959919,23,1028,136225,0
DEQ,827641393855643,23,1028,131003,0
DEQ,827641394764508,23,1028,135085,0
DEQ,827641395676039,23,1028,140357,0
DEQ,827641396586561,23,1028,147357,0
DEQ,827641397472136,23,1028,128879,0
DEQ,827641398346613,23,1028,129077,0
DEQ,827641399173167,23,1028,96283,0
DEQ,827641400110486,23,1028,135743,0
DEQ,827641401000779,23,1028,123240,0
DEQ,827641401906260,23,1028,126241,0
DEQ,827641402806700,23,1028,123059,0
DEQ,827641403711825,23,1028,124849,0
DEQ,827641404615886,23,1028,125233,0
DEQ,827641405532715,23,1028,139608,0
DEQ,827641406386713,23,1028,119951,0
DEQ,827641407270917,23,1028,144759,0
DEQ,827641408184321,23,1028,134246,0
DEQ,827641409103784,23,1028,122104,0
DEQ,827641410024427,23,1028,133535,0
DEQ,827641410926886,23,1028,135226,0
DEQ,827641411847068,23,1028,149338,0
DEQ,827641412739199,23,1028,137773,0
DEQ,827641413641819,23,1028,134803,0
DEQ,827641414539979,23,1028,128694,0
DEQ,827641415403100,23,1028,117753,0
DEQ,827641416231667,23,1028,87008,0
DEQ,827641417172027,23,1028,103630,0
DEQ,827641418126319,23,1028,137375,0
DEQ,827641419041798,23,1028,126511,0
DEQ,827641419965047,23,1028,141547,0
DEQ,827641420853450,23,1028,131318,0
DEQ,827641421773407,23,1028,144583,0
DEQ,827641422668797,23,1028,135407,0
DEQ,827641423587563,23,1028,151303,0
DEQ,827641424467562,23,1028,127103,0
DEQ,827641425346150,23,1028,132533,0
DEQ,827641426179274,23,1028,106271,0
DEQ,827641427098170,23,1028,128062,0
DEQ,827641428014813,23,1028,141221,0
DEQ,827641428909449,23,1028,131384,0
DEQ,827641429815441,23,1028,133713,0
DEQ,827641430724859,23,1028,134297,0
DEQ,827641431626521,23,1028,134916,0
DEQ,827641432519933,23,1028,125762,0
DEQ,827641433386681,23,1028,119685,0
DEQ,827641434268162,23,1028,141940,0
DEQ,827641435189468,23,1028,135007,0
DEQ,827641436092168,23,1028,106352,0
DEQ,827641437096805,23,1028,123265,0
DEQ,827641438009289,23,1028,124395,0
DEQ,827641438842537,23,1028,59952,0
DEQ,827641439832579,23,1028,144731,0
DEQ,827641440725193,23,1028,133184,0
DEQ,827641441626504,23,1028,133790,0
DEQ,827641442559134,23,1028,163497,0
DEQ,827641443429111,23,1028,145957,0
DEQ,827641444284041,23,1028,123273,0
DEQ,827641445214650,23,1028,81449,0
DEQ,827641446279923,23,1028,147479,0
DEQ,827641447197160,23,1028,101446,0
DEQ,827641448104293,23,1028,92019,0
DEQ,827641448960187,23,1028,36869,0
DEQ,827641449954933,23,1028,39669,0
DEQ,827641450868876,23,1028,41397,0
DEQ,827641451765051,23,1028,41803,0
DEQ,827641452673115,23,1028,42339,0
DEQ,827641453578058,23,1028,40844,0
DEQ,827641454504174,23,1028,51988,0
DEQ,827641455398180,23,1028,42759,0
DEQ,827641456262009,23,1028,32901,0
DEQ,827641457129232,23,1028,40779,0
DEQ,827641458018920,23,1028,41191,0
DEQ,827641458921405,23,1028,42368,0
DEQ,827641459823536,23,1028,41469,0
DEQ,827641460726702,23,1028,41586,0
DEQ,827641461631309,23,1028,42850,0
DEQ,827641462531350,23,1028,40520,0
DEQ,827641463441966,23,1028,41755,0
DEQ,827641464305061,23,1028,32743,0
DEQ,827641465165043,23,1028,33444,0
DEQ,827641466077769,23,1028,43140,0
DEQ,827641466977662,23,1028,41669,0
DEQ,827641467881053,23,1028,42741,0
DEQ,827641468790638,23,1028,45575,0
DEQ,827641469690020,23,1028,41759,0
DEQ,827641470591299,23,1028,41619,0
DEQ,827641471504570,23,1028,52797,0
DEQ,827641472408320,23,1028,41932,0
DEQ,827641473273241,23,1028,33439,0
DEQ,827641474131944,23,1028,32866,0
DEQ,827641475029572,23,1028,40798,0
DEQ,827641475939998,23,1028,42140,0
DEQ,827641476841551,23,1028,41672,0
DEQ,827641477754215,23,1028,52429,0
DEQ,827641478646003,23,1028,41295,0
DEQ,827641479548735,23,1028,41848,0
DEQ,827641480450419,23,1028,41272,0
DEQ,827641481331406,23,1028,43510,0
DEQ,827641482187098,23,1028,34240,0
DEQ,827641483077271,23,1028,40853,0
DEQ,827641483995370,23,1028,56669,0
DEQ,827641484883006,23,1028,40862,0
DEQ,827641485786358,23,1028,40685,0
DEQ,827641486688620,23,1028,41480,0
DEQ,827641487590872,23,1028,41508,0
DEQ,827641488504269,23,1028,53237,0
DEQ,827641489394193,23,1028,40927,0
DEQ,827641490264189,23,1028,32810,0
DEQ,827641491129305,23,1028,38631,0
DEQ,827641492021215,23,1028,41813,0
DEQ,827641492925695,23,1028,41041,0
DEQ,827641493828135,23,1028,42080,0
DEQ,827641494745332,23,1028,57028,0
DEQ,827641495631678,23,1028,41795,0
DEQ,827641496533677,23,1028,40704,0
DEQ,827641497436874,23,1028,41760,0
DEQ,827641498300655,23,1028,33106,0
DEQ,827641499221667,23,1028,93316,0
DEQ,827641500089984,23,1028,35785,0
DEQ,827641501006335,23,1028,44282,0
DEQ,827641501906956,23,1028,42022,0
DEQ,827641502812431,23,1028,42008,0
DEQ,827641503717649,23,1028,42019,0
DEQ,827641504629435,23,1028,49104,0
DEQ,827641505526524,23,1028,41828,0
DEQ,827641506428520,23,1028,40810,0
DEQ,827641507293686,23,1028,33503,0
DEQ,827641508207552,23,1028,82698,0
DEQ,827641509087259,23,1028,35983,0
DEQ,827641510006533,23,1028,47136,0
DEQ,827641510905645,23,1028,45200,0
DEQ,827641511805811,23,1028,41685,0
DEQ,827641512710100,23,1028,41803,0
DEQ,827641513628728,23,1028,57392,0
DEQ,827641514511591,23,1028,37020,0
DEQ,827641515419419,23,1028,50155,0
DEQ,827641516270506,23,1028,33836,0
DEQ,827641517136194,23,1028,33175,0
DEQ,827641518028490,23,1028,36069,0
DEQ,827641518929725,23,1028,41041,0
DEQ,827641519833851,23,1028,41891,0
DEQ,827641520744021,23,1028,49128,0
DEQ,827641521638510,23,1028,40527,0
DEQ,827641522543527,23,1028,41781,0
DEQ,827641523446408,23,1028,42186,0
DEQ,827641524320805,23,1028,43826,0
DEQ,827641525170001,23,1028,33372,0
DEQ,827641526081479,23,1028,46723,0
DEQ,827641526996267,23,1028,57804,0
DEQ,827641527883172,23,1028,41095,0
DEQ,827641528785391,23,1028,40808,0
DEQ,827641529688388,23,1028,41664,0
DEQ,827641530591038,23,1028,41354,0
DEQ,827641531504591,23,1028,52751,0
DEQ,827641532396161,23,1028,41581,0
DEQ,827641533259764,23,1028,32785,0
DEQ,827641534129622,23,1028,43394,0
DEQ,827641535019692,23,1028,42067,0
DEQ,827641535921688,23,1028,41148,0
DEQ,827641536824448,23,1028,41351,0
DEQ,827641537727690,23,1028,41915,0
DEQ,827641538631995,23,1028,44251,0
DEQ,827641539531275,23,1028,41025,0
DEQ,827641540443484,23,1028,48176,0
DEQ,827641541301388,23,1028,33004,0
DEQ,827641542211172,23,1028,83530,0
DEQ,827641543091562,23,1028,35812,0
DEQ,827641544009817,23,1028,39654,0
DEQ,827641544911220,23,1028,41684,0
DEQ,827641545818085,23,1028,41897,0
DEQ,827641546721786,23,1028,42037,0
DEQ,827641547630569,23,1028,44903,0
DEQ,827641548531268,23,1028,42188,0
DEQ,827641549434101,23,1028,41697,0
DEQ,827641550275358,23,1028,34662,0
DEQ,827641551133045,23,1028,32822,0
DEQ,827641552030881,23,1028,40466,0
DEQ,827641552945776,23,1028,41055,0
DEQ,827641553848199,23,1028,40957,0
DEQ,827641554755887,23,1028,45273,0
DEQ,827641555654257,23,1028,40988,0
DEQ,827641556556594,23,1028,41288,0
DEQ,827641557459803,23,1028,41620,0
DEQ,827641558336795,23,1028,45872,0
DEQ,827641559242413,23,1028,85497,0
DEQ,827641560101913,23,1028,35192,0
DEQ,827641561018285,23,1028,43316,0
DEQ,827641561926376,23,1028,41326,0
DEQ,827641562833603,23,1028,42361,0
DEQ,827641563754041,23,1028,57168,0
DEQ,827641564648450,23,1028,44395,0
DEQ,827641565548217,23,1028,41913,0
DEQ,827641566451453,23,1028,41989,0
DEQ,827641567326291,23,1028,42755,0
DEQ,827641568177751,23,1028,32773,0
DEQ,827641569084231,23,1028,40870,0
DEQ,827641569996722,23,1028,55821,0
DEQ,827641570890447,23,1028,41583,0
DEQ,827641571793811,23,1028,41757,0
DEQ,827641572696724,23,1028,41993,0
DEQ,827641573598864,23,1028,41025,0
DEQ,827641574504841,23,1028,44388,0
DEQ,827641575404460,23,1028,41900,0
DEQ,827641576268605,23,1028,33556,0
DEQ,827641577131672,23,1028,33807,0
DEQ,827641578028616,23,1028,41459,0
DEQ,827641578940640,23,1028,41766,0
DEQ,827641579846630,23,1028,40983,0
DEQ,827641580754835,23,1028,46608,0
DEQ,827641581652682,23,1028,42270,0
DEQ,827641582554284,23,1028,40964,0
DEQ,827641583512167,23,1028,95728,0
DEQ,827641584386233,23,1028,86656,0
DEQ,827641585253864,23,1028,80303,0
DEQ,827641586102017,23,1028,35364,0
DEQ,827641587015516,23,1028,42897,0
DEQ,827641587922419,23,1028,46342,0
DEQ,827641588837378,23,1028,44511,0
DEQ,827641589744483,23,1028,48629,0
DEQ,827641590640640,23,1028,41127,0
DEQ,827641591544105,23,1028,41792,0
DEQ,827641592447724,23,1028,42999,0
DEQ,827641593310985,23,1028,33619,0
DEQ,827641594220650,23,1028,83905,0
DEQ,827641595095496,23,1028,35582,0
DEQ,827641596008687,23,1028,41037,0
DEQ,827641596910477,23,1028,41609,0
DEQ,827641597829796,23,1028,45047,0
DEQ,827641598746153,23,1028,58289,0
DEQ,827641599632495,23,1028,41798,0
DEQ,827641600534619,23,1028,41223,0
DEQ,827641601438078,23,1028,41774,0
DEQ,827641602301758,23,1028,32730,0
DEQ,827641603211856,23,1028,83589,0
DEQ,827641604087327,23,1028,36016,0
DEQ,827641605005093,23,1028,45255,0
DEQ,827641605908461,23,1028,49060,0
DEQ,827641606814120,23,1028,41830,0
DEQ,827641607718816,23,1028,41702,0
DEQ,827641608629355,23,1028,49151,0
DEQ,827641609525540,23,1028,42373,0
DEQ,827641610427991,23,1028,41764,0
DEQ,827641611293078,23,1028,33493,0
DEQ,827641612152945,23,1028,33524,0
DEQ,827641613063836,23,1028,40650,0
DEQ,827641613962024,23,1028,41642,0
DEQ,827641614879844,23,1028,56033,0
DEQ,827641615774978,23,1028,41642,0
DEQ,827641616676986,23,1028,41274,0
DEQ,827641617579334,23,1028,40882,0
DEQ,827641618496812,23,1028,55921,0
DEQ,827641619383770,23,1028,40764,0
DEQ,827641620255445,23,1028,40043,0
DEQ,827641621122024,23,1028,47448,0
DEQ,827641622007263,23,1028,43340,0
DEQ,827641622908811,23,1028,41084,0
DEQ,827641623811246,23,1028,41687,0
DEQ,827641624721073,23,1028,40589,0
DEQ,827641625630556,23,1028,48303,0
DEQ,827641626527175,23,1028,41934,0
DEQ,827641627430957,23,1028,41230,0
DEQ,827641628296367,23,1028,33247,0
DEQ,827641629155178,23,1028,32758,0
DEQ,827641630066323,23,1028,40721,0
DEQ,827641630963735,23,1028,41565,0
DEQ,827641631879481,23,1028,55120,0
DEQ,827641632768576,23,1028,42130,0
DEQ,827641633679881,23,1028,40773,0
DEQ,827641634581724,23,1028,40939,0
DEQ,827641635499264,23,1028,56037,0
DEQ,827641636390052,23,1028,42132,0
DEQ,827641637313295,23,1028,92764,0
DEQ,827641638177252,23,1028,86244,0
DEQ,827641639005446,23,1028,38308,0
DEQ,827641639875320,23,1028,47846,0
DEQ,827641640720189,23,1028,33223,0
DEQ,827641641630536,23,1028,52359,0
DEQ,827641642524560,23,1028,41482,0
DEQ,827641643429052,23,1028,41296,0
DEQ,827641644293854,23,1028,33494,0
DEQ,827641645153264,23,1028,33603,0
DEQ,827641646064479,23,1028,38652,0
DEQ,827641646963410,23,1028,41829,0
DEQ,827641647880195,23,1028,55762,0
DEQ,827641648768305,23,1028,41778,0
DEQ,827641649669922,23,1028,41360,0
DEQ,827641650573271,23,1028,41864,0
DEQ,827641651497407,23,1028,56136,0
DEQ,827641652385217,23,1028,40946,0
DEQ,827641653255339,23,1028,38942,0
DEQ,827641654123696,23,1028,48000,0
DEQ,827641655007511,23,1028,43223,0
DEQ,827641655907517,23,1028,41132,0
DEQ,827641656809431,23,1028,40731,0
DEQ,827641657713307,23,1028,42164,0
DEQ,827641658629983,23,1028,56115,0
DEQ,827641659519362,23,1028,41973,0
DEQ,827641660436071,23,1028,44390,0
DEQ,827641661295877,23,1028,33567,0
DEQ,827641662205902,23,1028,84210,0
DEQ,827641663087667,23,1028,36043,0
DEQ,827641664006193,23,1028,46416,0
DEQ,827641664905382,23,1028,41842,0
DEQ,827641665811637,23,1028,42292,0
DEQ,827641666714768,23,1028,41433,0
DEQ,827641667630452,23,1028,54652,0
DEQ,827641668521056,23,1028,41865,0
DEQ,827641669440264,23,1028,43370,0
DEQ,827641670303604,23,1028,33398,0
DEQ,827641671221859,23,1028,91781,0
DEQ,827641672092016,23,1028,35966,0
DEQ,827641673006984,23,1028,43416,0
DEQ,827641673906663,23,1028,41240,0
DEQ,827641674812862,23,1028,41667,0
DEQ,827641675716749,23,1028,41723,0
DEQ,827641676630494,23,1028,52070,0
DEQ,827641677524154,23,1028,41716,0
DEQ,827641678434860,23,1028,41023,0
DEQ,827641679300191,23,1028,33548,0
DEQ,827641680159988,23,1028,34055,0
DEQ,827641681071830,23,1028,39029,0
DEQ,827641681969292,23,1028,41485,0
DEQ,827641682880485,23,1028,50935,0
DEQ,827641683772626,23,1028,41489,0
DEQ,827641684683003,23,1028,44894,0
DEQ,827641685579813,23,1028,40741,0
DEQ,827641686498101,23,1028,55619,0
DEQ,827641687389436,23,1028,40847,0
DEQ,827641688256630,23,1028,35789,0
DEQ,827641689120136,23,1028,39987,0
DEQ,827641690010045,23,1028,40989,0
DEQ,827641690913442,23,1028,41542,0
DEQ,827641691816912,23,1028,42547,0
DEQ,827641692717674,23,1028,41455,0
DEQ,827641693630579,23,1028,51776,0
DEQ,827641694523197,23,1028,41758,0
DEQ,827641695424953,23,1028,41414,0
DEQ,827641696295980,23,1028,33353,0
DEQ,827641697154998,23,1028,33028,0
DEQ,827641698063132,23,1028,41499,0
DEQ,827641698960259,23,1028,41251,0
DEQ,827641699870148,23,1028,49397,0
DEQ,827641700764141,23,1028,41152,0
DEQ,827641701667034,23,1028,41800,0
DEQ,827641702570103,23,1028,42493,0
DEQ,827641703471000,23,1028,40963,0
DEQ,827641704380672,23,1028,48955,0
DEQ,827641705255664,23,1028,42212,0
DEQ,827641706121637,23,1028,49003,0
DEQ,827641707006517,23,1028,44805,0
DEQ,827641707905376,23,1028,41535,0
DEQ,827641708809935,23,1028,41419,0
DEQ,827641709712399,23,1028,41582,0
DEQ,827641710620296,23,1028,47401,0
DEQ,827641711516426,23,1028,41192,0
DEQ,827641712420086,23,1028,41964,0
DEQ,827641713284739,23,1028,33968,0
DEQ,827641714200446,23,1028,89273,0
DEQ,827641715117141,23,1028,82313,0
DEQ,827641716008051,23,1028,48613,0
DEQ,827641716910083,23,1028,43385,0
DEQ,827641717813130,23,1028,42131,0
DEQ,827641718717286,23,1028,41728,0
DEQ,827641719630796,23,1028,51527,0
DEQ,827641720524432,23,1028,41549,0
DEQ,827641721426977,23,1028,41554,0
DEQ,827641722291222,23,1028,33479,0
DEQ,827641723155151,23,1028,32963,0
DEQ,827641724067021,23,1028,33640,0
DEQ,827641724967319,23,1028,42503,0
DEQ,827641725880929,23,1028,53689,0
DEQ,827641726770483,23,1028,41496,0
DEQ,827641727671891,23,1028,41250,0
DEQ,827641728573838,23,1028,41700,0
DEQ,827641729476776,23,1028,41196,0
DEQ,827641730383001,23,1028,44851,0
DEQ,827641731255803,23,1028,45336,0
DEQ,827641732121838,23,1028,50233,0
DEQ,827641733005861,23,1028,44945,0
DEQ,827641733905830,23,1028,41474,0
DEQ,827641734807851,23,1028,40993,0
DEQ,827641735712374,23,1028,42367,0
DEQ,827641736620492,23,1028,48110,0
DEQ,827641737516026,23,1028,41313,0
DEQ,827641738418877,23,1028,41770,0
DEQ,827641739282054,23,1028,32451,0
DEQ,827641740141559,23,1028,32825,0
DEQ,827641741040523,23,1028,42168,0
DEQ,827641741949043,23,1028,41913,0
DEQ,827641742850498,23,1028,40513,0
DEQ,827641743758053,23,1028,45352,0
DEQ,827641744656943,23,1028,41615,0
DEQ,827641745559327,23,1028,41393,0
DEQ,827641746463723,23,1028,42997,0
DEQ,827641747342043,23,1028,45262,0
DEQ,827641748248203,23,1028,78953,0
DEQ,827641749122422,23,1028,52845,0
DEQ,827641750022977,23,1028,37351,0
DEQ,827641750926343,23,1028,42334,0
DEQ,827641751831491,23,1028,41401,0
DEQ,827641752749762,23,1028,56355,0
DEQ,827641753637188,23,1028,40992,0
DEQ,827641754542370,23,1028,42631,0
DEQ,827641755445480,23,1028,41743,0
DEQ,827641756319033,23,1028,42430,0
DEQ,827641757227868,23,1028,91924,0
DEQ,827641758096340,23,1028,35469,0
DEQ,827641759020892,23,1028,44201,0
DEQ,827641759922563,23,1028,42038,0
DEQ,827641760829513,23,1028,41040,0
DEQ,827641761749466,23,1028,56117,0
DEQ,827641762637752,23,1028,40934,0
DEQ,827641763541008,23,1028,41841,0
DEQ,827641764443629,23,1028,41785,0
DEQ,827641765307783,23,1028,32891,0
DEQ,827641766167925,23,1028,33673,0
DEQ,827641767081647,23,1028,39931,0
DEQ,827641767997669,23,1028,55791,0
DEQ,827641768889328,23,1028,42497,0
DEQ,827641769791338,23,1028,41804,0
DEQ,827641770693183,23,1028,41403,0
DEQ,827641771594667,23,1028,40910,0
DEQ,827641772505426,23,1028,49041,0
DEQ,827641773400265,23,1028,41686,0
DEQ,827641774263484,23,1028,32754,0
DEQ,827641775131120,23,1028,41131,0
DEQ,827641775997542,23,1028,47903,0
DEQ,827641776881273,23,1028,39432,0
DEQ,827641777798828,23,1028,37975,0
DEQ,827641778675175,23,1028,45212,0
DEQ,827641779656467,23,1028,132856,0
DEQ,827641780568248,23,1028,153739,0
DEQ,827641781453292,23,1028,150831,0
DEQ,827641782325936,23,1028,146012,0
DEQ,827641783277084,23,1028,146547,0
DEQ,827641784211253,23,1028,88504,0
DEQ,827641785196957,23,1028,86288,0
DEQ,827641786208707,23,1028,104244,0
DEQ,827641787188987,23,1028,89719,0
DEQ,827641788188358,23,1028,101443,0
DEQ,827641789237051,23,1028,161806,0
DEQ,827641790241895,23,1028,168016,0
DEQ,827641791188581,23,1028,114697,0
DEQ,827641792206839,23,1028,142601,0
DEQ,827641793196702,23,1028,143353,0
DEQ,827641794188854,23,1028,145361,0
DEQ,827641795174969,23,1028,142776,0
DEQ,827641796115599,23,1028,83825,0
DEQ,827641797164664,23,1028,144913,0
DEQ,827641798128274,23,1028,108540,0
DEQ,827641799121263,23,1028,109426,0
DEQ,827641800128253,23,1028,122315,0
DEQ,827641801045364,23,1028,42011,0
DEQ,827641802145409,23,1028,150223,0
DEQ,827641803142626,23,1028,153760,0
DEQ,827641804134273,23,1028,152453,0
DEQ,827641805126593,23,1028,148365,0
DEQ,827641806119712,23,1028,150025,0
DEQ,827641807120042,23,1028,155468,0
DEQ,827641808094959,23,1028,142569,0
DEQ,827641808993596,23,1028,122001,0
DEQ,827641809899811,23,1028,135920,0
DEQ,827641810802321,23,1028,132167,0
DEQ,827641811640685,23,1028,65521,0
DEQ,827641812529284,23,1028,51135,0
DEQ,827641813515209,23,1028,135246,0
DEQ,827641814403103,23,1028,149454,0
DEQ,827641815273475,23,1028,146220,0
DEQ,827641816217700,23,1028,104920,0
DEQ,827641817192713,23,1028,91586,0
DEQ,827641818181629,23,1028,80464,0
DEQ,827641819189128,23,1028,100795,0
DEQ,827641820175501,23,1028,97016,0
DEQ,827641821181986,23,1028,107756,0
DEQ,827641822168763,23,1028,96811,0
DEQ,827641823148778,23,1028,83797,0
DEQ,827641824136268,23,1028,82053,0
DEQ,827641825128371,23,1028,83478,0
DEQ,827641826188581,23,1028,155955,0
DEQ,827641827170603,23,1028,145184,0
DEQ,827641828161794,23,1028,148737,0
DEQ,827641829144256,23,1028,145627,0
DEQ,827641830136645,23,1028,145871,0
DEQ,827641831127400,23,1028,145142,0
DEQ,827641832120388,23,1028,145888,0
DEQ,827641833125931,23,1028,160547,0
DEQ,827641834117069,23,1028,161189,0
DEQ,827641835006384,23,1028,131367,0
DEQ,827641835911952,23,1028,138499,0
DEQ,827641836815816,23,1028,136926,0
DEQ,827641837729395,23,1028,148888,0
DEQ,827641838615743,23,1028,132598,0
DEQ,827641839547111,23,1028,160719,0
DEQ,827641840416656,23,1028,143672,0
DEQ,827641841294378,23,1028,143938,0
DEQ,827641842270465,23,1028,143928,0
DEQ,827641843200540,23,1028,82435,0
DEQ,827641844255998,23,1028,143610,0
DEQ,827641845188034,23,1028,82097,0
DEQ,827641846179782,23,1028,82174,0
DEQ,827641847188331,23,1028,106355,0
DEQ,827641848186852,23,1028,112013,0
DEQ,827641849210317,23,1028,147893,0
DEQ,827641850194711,23,1028,146213,0
DEQ,827641851187862,23,1028,149496,0
DEQ,827641852172383,23,1028,146495,0
DEQ,827641853162225,23,1028,147361,0
DEQ,827641854160339,23,1028,150006,0
DEQ,827641855145243,23,1028,149246,0
DEQ,827641856124299,23,1028,131725,0
DEQ,827641857118679,23,1028,135181,0
DEQ,827641858124537,23,1028,156780,0
DEQ,827641859045821,23,1028,87778,0
DEQ,827641860088568,23,1028,144733,0
DEQ,827641860978717,23,1028,119284,0
DEQ,827641861885342,23,1028,135207,0
DEQ,827641862808026,23,1028,154976,0
DEQ,827641863714197,23,1028,147440,0
DEQ,827641864631230,23,1028,161840,0
DEQ,827641865498468,23,1028,142013,0
DEQ,827641866318207,23,1028,84168,0
DEQ,827641867271601,23,1028,146068,0
DEQ,827641868200708,23,1028,83218,0
DEQ,827641869194059,23,1028,83283,0
DEQ,827641870193191,23,1028,106346,0
DEQ,827641871182821,23,1028,112500,0
DEQ,827641872202812,23,1028,144576,0
DEQ,827641873202604,23,1028,144842,0
DEQ,827641874192754,23,1028,144435,0
DEQ,827641875180511,23,1028,142918,0
DEQ,827641876114636,23,1028,86069,0
DEQ,827641877119215,23,1028,101124,0
DEQ,827641878130994,23,1028,115493,0
DEQ,827641879116761,23,1028,172102,0
DEQ,827641879996011,23,1028,122955,0
DEQ,827641880915926,23,1028,126083,0
DEQ,827641881842727,23,1028,157518,0
DEQ,827641882733577,23,1028,137614,0
DEQ,827641883631545,23,1028,131019,0
DEQ,827641884536348,23,1028,131773,0
DEQ,827641885404166,23,1028,125977,0
DEQ,827641886282564,23,1028,145037,0
DEQ,827641887209568,23,1028,145460,0
DEQ,827641888139499,23,1028,148690,0
DEQ,827641889042027,23,1028,120404,0
DEQ,827641889968920,23,1028,137681,0
DEQ,827641890888120,23,1028,155034,0
DEQ,827641891778117,23,1028,130899,0
DEQ,827641892694104,23,1028,141921,0
DEQ,827641893594032,23,1028,136817,0
DEQ,827641894496082,23,1028,134550,0
DEQ,827641895355251,23,1028,120699,0
DEQ,827641896219933,23,1028,125952,0
DEQ,827641897115006,23,1028,130816,0
DEQ,827641898029280,23,1028,133678,0
DEQ,827641898934762,23,1028,136145,0
DEQ,827641899854536,23,1028,152751,0
DEQ,827641900741202,23,1028,131725,0
DEQ,827641901644870,23,1028,129048,0
DEQ,827641902549360,23,1028,130627,0
DEQ,827641903416619,23,1028,124870,0
DEQ,827641904253107,23,1028,93649,0
DEQ,827641905193247,23,1028,123968,0
DEQ,827641906105685,23,1028,127138,0
DEQ,827641906931063,23,1028,53827,0
DEQ,827641907917291,23,1028,129186,0
DEQ,827641908738872,23,1028,59828,0
DEQ,827641909622029,23,1028,42212,0
DEQ,827641910509090,23,1028,37103,0
DEQ,827641911403905,23,1028,43165,0
DEQ,827641912258102,23,1028,36106,0
DEQ,827641913121673,23,1028,40005,0
DEQ,827641914035422,23,1028,64354,0
DEQ,827641915009296,23,1028,134119,0
DEQ,827641915912224,23,1028,133719,0
DEQ,827641916806897,23,1028,126172,0
DEQ,827641917742754,23,1028,158631,0
DEQ,827641918624452,23,1028,133314,0
DEQ,827641919529444,23,1028,134201,0
DEQ,827641920390781,23,1028,122238,0
DEQ,827641921270733,23,1028,142907,0
DEQ,827641922141403,23,1028,85643,0
DEQ,827641923105257,23,1028,120365,0
DEQ,827641924019762,23,1028,125268,0
DEQ,827641924933396,23,1028,139004,0
DEQ,827641925844593,23,1028,146706,0
DEQ,827641926763757,23,1028,161370,0
DEQ,827641927644327,23,1028,126886,0
DEQ,827641928573875,23,1028,148961,0
DEQ,827641929465037,23,1028,138600,0
DEQ,827641930333391,23,1028,133196,0
DEQ,827641931181305,23,1028,120711,0
DEQ,827641932098071,23,1028,146301,0
DEQ,827641932989444,23,1028,132828,0
DEQ,827641933888376,23,1028,129340,0
DEQ,827641934790512,23,1028,128048,0
DEQ,827641935722929,23,1028,156840,0
DEQ,827641936604210,23,1028,131487,0
DEQ,827641937504781,23,1028,128304,0
DEQ,827641938376182,23,1028,125481,0
DEQ,827641939227203,23,1028,116751,0
DEQ,827641940109199,23,1028,109447,0
DEQ,827641940965967,23,1028,51733,0
DEQ,827641941961631,23,1028,143099,0
DEQ,827641942772723,23,1028,50718,0
DEQ,827641943761947,23,1028,135687,0
DEQ,827641944678910,23,1028,150096,0
DEQ,827641945567905,23,1028,130097,0
DEQ,827641946475987,23,1028,133728,0
DEQ,827641947368436,23,1028,151181,0
DEQ,827641948170142,23,1028,81749,0
DEQ,827641949103361,23,1028,106238,0
DEQ,827641950040107,23,1028,140136,0
DEQ,827641950936697,23,1028,130768,0
DEQ,827641951847949,23,1028,138387,0
DEQ,827641952753519,23,1028,136217,0
DEQ,827641953677132,23,1028,156342,0
DEQ,827641954587630,23,1028,149144,0
DEQ,827641955475780,23,1028,129907,0
DEQ,827641956343150,23,1028,124072,0
DEQ,827641957216858,23,1028,138395,0
DEQ,827641958098475,23,1028,131723,0
DEQ,827641959003688,23,1028,133586,0
DEQ,827641959903642,23,1028,130472,0
DEQ,827641960807883,23,1028,132036,0
DEQ,827641961723404,23,1028,144348,0
DEQ,827641962636446,23,1028,154416,0
DEQ,827641963527982,23,1028,134205,0
DEQ,827641964382220,23,1028,115145,0
DEQ,827641965272645,23,1028,146266,0
DEQ,827641966140151,23,1028,83302,0
DEQ,827641967103094,23,1028,121108,0
DEQ,827641968021476,23,1028,125725,0
DEQ,827641968915722,23,1028,125843,0
DEQ,827641969850401,23,1028,153679,0
DEQ,827641970741114,23,1028,140204,0
DEQ,827641971660935,23,1028,155987,0
DEQ,827641972548563,23,1028,131318,0
DEQ,827641973414432,23,1028,123486,0
DEQ,827641974272799,23,1028,113571,0
DEQ,827641975175991,23,1028,139053,0
DEQ,827641976085373,23,1028,146361,0
DEQ,827641976986932,23,1028,139566,0
DEQ,827641977883566,23,1028,132991,0
DEQ,827641978787886,23,1028,134157,0
DEQ,827641979686702,23,1028,129910,0
DEQ,827641980614112,23,1028,154822,0
DEQ,827641981500626,23,1028,130512,0
DEQ,827641982362082,23,1028,117973,0
DEQ,827641983223012,23,1028,119358,0
DEQ,827641984110059,23,1028,118269,0
DEQ,827641985031566,23,1028,131686,0
DEQ,827641985949864,23,1028,145064,0
DEQ,827641986838105,23,1028,130208,0
DEQ,827641987749318,23,1028,137654,0
DEQ,827641988646661,23,1028,132986,0
DEQ,827641989568469,23,1028,151417,0
DEQ,827641990439528,23,1028,129134,0
DEQ,827641991311957,23,1028,127020,0
DEQ,827641992103067,23,1028,66282,0
DEQ,827641993086065,23,1028,144925,0
DEQ,827641993977037,23,1028,132558,0
DEQ,827641994880553,23,1028,134502,0
DEQ,827641995781082,23,1028,131841,0
DEQ,827641996683719,23,1028,131892,0
DEQ,827641997596560,23,1028,141865,0
DEQ,827641998510115,23,1028,151649,0
DEQ,827641999363320,23,1028,125801,0
DEQ,827642000220746,23,1028,123541,0
DEQ,827642001104253,23,1028,117656,0
DEQ,827642001952239,23,1028,57240,0
DEQ,827642002928578,23,1028,129191,0
DEQ,827642003849066,23,1028,147363,0
DEQ,827642004737956,23,1028,130935,0
DEQ,827642005645233,23,1028,133035,0
DEQ,827642006544898,23,1028,128111,0
DEQ,827642007424673,23,1028,133602,0
DEQ,827642008316862,23,1028,145257,0
DEQ,827642009187082,23,1028,118756,0
DEQ,827642010114968,23,1028,119244,0
DEQ,827642011051073,23,1028,125467,0
DEQ,827642011966637,23,1028,132085,0
DEQ,827642012858645,23,1028,124619,0
DEQ,827642013779297,23,1028,138342,0
DEQ,827642014678027,23,1028,132206,0
DEQ,827642015622248,23,1028,171747,0
DEQ,827642016536086,23,1028,147447,0
DEQ,827642017416418,23,1028,147308,0
DEQ,827642018286437,23,1028,142224,0
DEQ,827642019213735,23,1028,143326,0
DEQ,827642020118345,23,1028,122302,0
DEQ,827642021050762,23,1028,126480,0
DEQ,827642021974777,23,1028,141910,0
DEQ,827642022869325,23,1028,137416,0
DEQ,827642023773059,23,1028,133964,0
DEQ,827642024672865,23,1028,124925,0
DEQ,827642025606041,23,1028,151649,0
DEQ,827642026496760,23,1028,131387,0
DEQ,827642027363697,23,1028,125789,0
DEQ,827642028228460,23,1028,131115,0
DEQ,827642029110358,23,1028,124161,0
DEQ,827642030032895,23,1028,137358,0
DEQ,827642030925240,23,1028,126063,0
DEQ,827642031859345,23,1028,157127,0
DEQ,827642032738707,23,1028,133737,0
DEQ,827642033638785,23,1028,131574,0
DEQ,827642034561420,23,1028,150747,0
DEQ,827642035407110,23,1028,119629,0
DEQ,827642036182374,23,1028,34847,0
DEQ,827642037148572,23,1028,93198,0
DEQ,827642038008259,23,1028,54544,0
DEQ,827642038887205,23,1028,40664,0
DEQ,827642039782802,23,1028,44205,0
DEQ,827642040681807,23,1028,51667,0
DEQ,827642041659278,23,1028,123950,0
DEQ,827642042589864,23,1028,150624,0
DEQ,827642043494510,23,1028,151827,0
DEQ,827642044352401,23,1028,127657,0
DEQ,827642045222153,23,1028,137790,0
DEQ,827642046129471,23,1028,154897,0
DEQ,827642047030251,23,1028,119875,0
DEQ,827642047963374,23,1028,145625,0
DEQ,827642048844631,23,1028,122922,0
DEQ,827642049745440,23,1028,123915,0
DEQ,827642050650726,23,1028,124813,0
DEQ,827642051579166,23,1028,148906,0
DEQ,827642052481985,23,1028,148869,0
DEQ,827642053350148,23,1028,129503,0
DEQ,827642054222202,23,1028,141948,0
DEQ,827642055099027,23,1028,129135,0
DEQ,827642056003924,23,1028,131545,0
DEQ,827642056913092,23,1028,136783,0
DEQ,827642057810611,23,1028,130750,0
DEQ,827642058726484,23,1028,141830,0
DEQ,827642059628098,23,1028,140194,0
DEQ,827642060524741,23,1028,133944,0
DEQ,827642061392476,23,1028,128203,0
DEQ,827642062208706,23,1028,83640,0
DEQ,827642063141476,23,1028,87314,0
DEQ,827642064099144,23,1028,116549,0
DEQ,827642065015579,23,1028,122239,0
DEQ,827642065930387,23,1028,138254,0
DEQ,827642066843015,23,1028,146550,0
DEQ,827642067734346,23,1028,133213,0
DEQ,827642068644224,23,1028,136799,0
DEQ,827642069543143,23,1028,131738,0
DEQ,827642070431587,23,1028,146596,0
DEQ,827642071293202,23,1028,143039,0
DEQ,827642072185008,23,1028,117241,0
DEQ,827642073099091,23,1028,123213,0
DEQ,827642074002509,23,1028,124138,0
DEQ,827642074913096,23,1028,126996,0
DEQ,827642075836764,23,1028,146443,0
DEQ,827642076726766,23,1028,133326,0
DEQ,827642077642711,23,1028,139369,0
DEQ,827642078534170,23,1028,128281,0
DEQ,827642079407237,23,1028,127890,0
DEQ,827642080178084,23,1028,33926,0
DEQ,827642081131588,23,1028,91594,0
DEQ,827642082063716,23,1028,124279,0
DEQ,827642082977400,23,1028,135289,0
DEQ,827642083876292,23,1028,130176,0
DEQ,827642084778145,23,1028,128482,0
DEQ,827642085685602,23,1028,132436,0
DEQ,827642086594245,23,1028,137268,0
DEQ,827642087487916,23,1028,127637,0
DEQ,827642088360558,23,1028,127086,0
DEQ,827642089218075,23,1028,123931,0
DEQ,827642090104403,23,1028,121678,0
DEQ,827642090949350,23,1028,52888,0
DEQ,827642091852886,23,1028,51355,0
DEQ,827642092843165,23,1028,137063,0
DEQ,827642093742904,23,1028,134657,0
DEQ,827642094643795,23,1028,132596,0
DEQ,827642095538865,23,1028,123602,0
DEQ,827642096417463,23,1028,128250,0
DEQ,827642097291196,23,1028,135789,0
DEQ,827642098194957,23,1028,127232,0
DEQ,827642099109840,23,1028,131459,0
DEQ,827642100010247,23,1028,134160,0
DEQ,827642100908781,23,1028,126907,0
DEQ,827642101808951,23,1028,122707,0
DEQ,827642102721491,23,1028,132261,0
DEQ,827642103627225,23,1028,133868,0
DEQ,827642104527934,23,1028,131029,0
DEQ,827642105391181,23,1028,120629,0
DEQ,827642106271711,23,1028,141725,0
DEQ,827642107142733,23,1028,82383,0
DEQ,827642108127757,23,1028,141176,0
DEQ,827642109043640,23,1028,128056,0
DEQ,827642109964251,23,1028,140667,0
DEQ,827642110856714,23,1028,131886,0
DEQ,827642111759282,23,1028,127082,0
DEQ,827642112667664,23,1028,132158,0
DEQ,827642113592604,23,1028,153150,0
DEQ,827642114466262,23,1028,121698,0
DEQ,827642115303667,23,1028,85427,0
DEQ,827642116217662,23,1028,134341,0
DEQ,827642117111653,23,1028,138635,0
DEQ,827642118037987,23,1028,123975,0
DEQ,827642118967147,23,1028,142960,0
DEQ,827642119852490,23,1028,127527,0
DEQ,827642120761136,23,1028,127183,0
DEQ,827642121659515,23,1028,122249,0
DEQ,827642122590503,23,1028,149195,0
DEQ,827642123475260,23,1028,130668,0
DEQ,827642124368108,23,1028,149537,0
DEQ,827642125205832,23,1028,122301,0
DEQ,827642126124075,23,1028,150962,0
DEQ,827642127040657,23,1028,129642,0
DEQ,827642127959425,23,1028,140940,0
DEQ,827642128846286,23,1028,124573,0
DEQ,827642129754176,23,1028,127528,0
DEQ,827642130657693,23,1028,126728,0
DEQ,827642131563434,23,1028,127887,0
DEQ,827642132430348,23,1028,120733,0
DEQ,827642133304278,23,1028,129000,0
DEQ,827642134116682,23,1028,50621,0
DEQ,827642135103012,23,1028,145817,0
DEQ,827642135984464,23,1028,123956,0
DEQ,827642136890352,23,1028,127625,0
DEQ,827642137712272,23,1028,57913,0
DEQ,827642138688618,23,1028,127703,0
DEQ,827642139591124,23,1028,126724,0
DEQ,827642140502422,23,1028,132656,0
DEQ,827642141363498,23,1028,119704,0
DEQ,827642142233397,23,1028,130294,0
DEQ,827642143117251,23,1028,123279,0
DEQ,827642144033065,23,1028,130241,0
DEQ,827642144937707,23,1028,126930,0
DEQ,827642145844188,23,1028,131535,0
DEQ,827642146738382,23,1028,123535,0
DEQ,827642147648567,23,1028,131025,0
DEQ,827642148482020,23,1028,59870,0
DEQ,827642149463141,23,1028,139724,0
DEQ,827642150324734,23,1028,127920,0
DEQ,827642151177945,23,1028,141534,0
DEQ,827642152088612,23,1028,148393,0
DEQ,827642152976680,23,1028,133955,0
DEQ,827642153870467,23,1028,125940,0
DEQ,827642154775753,23,1028,129163,0
DEQ,827642155680952,23,1028,132403,0
DEQ,827642156592940,23,1028,141208,0
DEQ,827642157489219,23,1028,133940,0
DEQ,827642158351516,23,1028,122672,0
DEQ,827642159171455,23,1028,83132,0
DEQ,827642160100507,23,1028,123388,0
DEQ,827642161006925,23,1028,122498,0
DEQ,827642161926025,23,1028,137637,0
DEQ,827642162851556,23,1028,160715,0
DEQ,827642163726816,23,1028,133651,0
DEQ,827642164620083,23,1028,124628,0
DEQ,827642165530863,23,1028,132799,0
DEQ,827642166393089,23,1028,121710,0
DEQ,827642167283017,23,1028,152310,0
DEQ,827642167750625,23,84,132741,0
DEQ,827642168043852,23,1028,39875,0
DEQ,827642168984676,23,1028,52953,0
DEQ,827642169969410,23,1028,120146,0
DEQ,827642170805428,23,1028,58632,0
DEQ,827642171784037,23,1028,126662,0
DEQ,827642172695429,23,1028,134109,0
DEQ,827642173591184,23,1028,126428,0
DEQ,827642174491276,23,1028,122898,0
DEQ,827642175322695,23,1028,80325,0
DEQ,827642176138460,23,1028,38789,0
DEQ,827642177025649,23,1028,36131,0
DEQ,827642177929147,23,1028,47577,0
DEQ,827642178819263,23,1028,39488,0
DEQ,827642179725655,23,1028,51027,0
DEQ,827642180726212,23,1028,148014,0
DEQ,827642181605357,23,1028,124456,0
DEQ,827642182540874,23,1028,156463,0
DEQ,827642183417710,23,1028,148199,0
DEQ,827642184288621,23,1028,144353,0
DEQ,827642185216955,23,1028,146894,0
DEQ,827642186111280,23,1028,116036,0
DEQ,827642187066692,23,1028,138389,0
DEQ,827642187980427,23,1028,135384,0
DEQ,827642188887759,23,1028,140514,0
DEQ,827642189774872,23,1028,122487,0
DEQ,827642190699584,23,1028,143611,0
DEQ,827642191588614,23,1028,129291,0
DEQ,827642192496667,23,1028,127133,0
DEQ,827642193354302,23,1028,113841,0
DEQ,827642194215626,23,1028,116040,0
DEQ,827642195114642,23,1028,125974,0
DEQ,827642196051148,23,1028,150316,0
DEQ,827642196939514,23,1028,128647,0
DEQ,827642197843120,23,1028,126674,0
DEQ,827642198751109,23,1028,131387,0
DEQ,827642199649871,23,1028,127997,0
DEQ,827642200548580,23,1028,123471,0
DEQ,827642201463778,23,1028,133496,0
DEQ,827642202336948,23,1028,131834,0
DEQ,827642203102894,23,1028,38424,0
DEQ,827642204096400,23,1028,142582,0
DEQ,827642205009458,23,1028,152799,0
DEQ,827642205899639,23,1028,131710,0
DEQ,827642206799587,23,1028,128750,0
DEQ,827642207717571,23,1028,144619,0
DEQ,827642208602316,23,1028,126724,0
DEQ,827642209515017,23,1028,137452,0
DEQ,827642210369477,23,1028,118617,0
DEQ,827642211224576,23,1028,114588,0
DEQ,827642212101644,23,1028,102366,0
DEQ,827642212963351,23,1028,54011,0
DEQ,827642213979283,23,1028,162728,0
DEQ,827642214847982,23,1028,123902,0
DEQ,827642215752042,23,1028,125027,0
DEQ,827642216660055,23,1028,127474,0
DEQ,827642217563242,23,1028,127233,0
DEQ,827642218466549,23,1028,127684,0
DEQ,827642219341860,23,1028,129972,0
DEQ,827642220189105,23,1028,117968,0
DEQ,827642221097854,23,1028,138097,0
DEQ,827642221998170,23,1028,122431,0
DEQ,827642222788698,23,1028,44446,0
DEQ,827642223783566,23,1028,146431,0
DEQ,827642224676566,23,1028,134370,0
DEQ,827642225589124,23,1028,142863,0
DEQ,827642226478585,23,1028,128416,0
DEQ,827642227347022,23,1028,124001,0
DEQ,827642228210876,23,1028,128567,0
DEQ,827642229094964,23,1028,123726,0
DEQ,827642230004981,23,1028,130340,0
DEQ,827642230913670,23,1028,136754,0
DEQ,827642231820614,23,1028,141583,0
DEQ,827642232714223,23,1028,125759,0
DEQ,827642233630738,23,1028,129054,0
DEQ,827642234537328,23,1028,132729,0
DEQ,827642235428314,23,1028,149293,0
DEQ,827642236216804,23,1028,78523,0
DEQ,827642237153888,23,1028,88341,0
DEQ,827642238137301,23,1028,145552,0
DEQ,827642239049942,23,1028,127909,0
DEQ,827642239972280,23,1028,141549,0
DEQ,827642240886695,23,1028,146967,0
DEQ,827642241794257,23,1028,143236,0
DEQ,827642242691869,23,1028,136720,0
DEQ,827642243596017,23,1028,136834,0
DEQ,827642244486951,23,1028,123532,0
DEQ,827642245353776,23,1028,117283,0
DEQ,827642246216543,23,1028,120668,0
DEQ,827642247103861,23,1028,118093,0
DEQ,827642248028986,23,1028,131728,0
DEQ,827642248929082,23,1028,126498,0
DEQ,827642249852982,23,1028,146590,0
DEQ,827642250747669,23,1028,131813,0
DEQ,827642251655144,23,1028,136274,0
DEQ,827642252546105,23,1028,123427,0
DEQ,827642253468694,23,1028,143667,0
DEQ,827642254323914,23,1028,125682,0
DEQ,827642255178298,23,1028,118655,0
DEQ,827642256078724,23,1028,128980,0
DEQ,827642256977444,23,1028,123231,0
DEQ,827642257882125,23,1028,124480,0
DEQ,827642258825500,23,1028,164476,0
DEQ,827642259721664,23,1028,149890,0
DEQ,827642260596872,23,1028,122421,0
DEQ,827642261510263,23,1028,132503,0
DEQ,827642262393316,23,1028,142032,0
DEQ,827642263242769,23,1028,120040,0
DEQ,827642264117288,23,1028,75557,0
DEQ,827642265119622,23,1028,184157,0
DEQ,827642265975143,23,1028,136045,0
DEQ,827642266875128,23,1028,131493,0
DEQ,827642267798027,23,1028,151957,0
DEQ,827642268696402,23,1028,136409,0
DEQ,827642269592264,23,1028,127161,0
DEQ,827642270522847,23,1028,153039,0
DEQ,827642271397560,23,1028,142613,0
DEQ,827642272249898,23,1028,120117,0
DEQ,827642273167153,23,1028,119154,0
DEQ,827642274084522,23,1028,142895,0
DEQ,827642274980362,23,1028,132152,0
DEQ,827642275885658,23,1028,132118,0
DEQ,827642276822032,23,1028,165034,0
DEQ,827642277708383,23,1028,134623,0
DEQ,827642278611607,23,1028,131916,0
DEQ,827642279517818,23,1028,135427,0
DEQ,827642280350987,23,1028,95613,0
DEQ,827642281251715,23,1028,125138,0
DEQ,827642282158478,23,1028,114407,0
DEQ,827642283089039,23,1028,151689,0
DEQ,827642283978359,23,1028,136744,0
DEQ,827642284869190,23,1028,123834,0
DEQ,827642285797136,23,1028,148558,0
DEQ,827642286687765,23,1028,126106,0
DEQ,827642287598725,23,1028,132623,0
DEQ,827642288503548,23,1028,127949,0
DEQ,827642289362548,23,1028,113701,0
DEQ,827642290223057,23,1028,114904,0
DEQ,827642291112648,23,1028,115757,0
DEQ,827642292044693,23,1028,138942,0
DEQ,827642292938943,23,1028,128246,0
DEQ,827642293851453,23,1028,135954,0
DEQ,827642294768882,23,1028,150729,0
DEQ,827642295653150,23,1028,125069,0
DEQ,827642296582947,23,1028,151059,0
DEQ,827642297466402,23,1028,131907,0
DEQ,827642298334883,23,1028,126555,0
DEQ,827642299192398,23,1028,124736,0
DEQ,827642300093012,23,1028,136455,0
DEQ,827642300983843,23,1028,123619,0
DEQ,827642301802025,23,1028,39478,0
DEQ,827642302694703,23,1028,39948,0
DEQ,827642303619186,23,1028,49495,0
DEQ,827642304511531,23,1028,36185,0
DEQ,827642305383700,23,1028,47574,0
DEQ,827642306229206,23,1028,32789,0
DEQ,827642307077875,23,1028,41686,0
DEQ,827642307978906,23,1028,41290,0
DEQ,827642308884514,23,1028,45609,0
DEQ,827642309781013,23,1028,41898,0
DEQ,827642310681135,23,1028,41177,0
DEQ,827642311581613,23,1028,40894,0
DEQ,827642312481427,23,1028,40788,0
DEQ,827642313390253,23,1028,41717,0
DEQ,827642314259872,23,1028,39078,0
DEQ,827642315127034,23,1028,47180,0
DEQ,827642316011672,23,1028,44608,0
DEQ,827642316908855,23,1028,40944,0
DEQ,827642317809498,23,1028,40873,0
DEQ,827642318709372,23,1028,41160,0
DEQ,827642319625671,23,1028,56761,0
DEQ,827642320511575,23,1028,42064,0
DEQ,827642321410612,23,1028,40947,0
DEQ,827642322282254,23,1028,33490,0
DEQ,827642323140691,23,1028,32770,0
DEQ,827642324036825,23,1028,41169,0
DEQ,827642324946493,23,1028,41664,0
DEQ,827642325847258,23,1028,41992,0
DEQ,827642326759002,23,1028,52432,0
DEQ,827642327647562,23,1028,41406,0
DEQ,827642328548300,23,1028,41599,0
DEQ,827642329447959,23,1028,41610,0
DEQ,827642330321504,23,1028,42867,0
DEQ,827642331172404,23,1028,33351,0
DEQ,827642332077647,23,1028,43896,0
DEQ,827642332976864,23,1028,40745,0
DEQ,827642333884591,23,1028,47306,0
DEQ,827642334779569,23,1028,41032,0
DEQ,827642335681326,23,1028,42954,0
DEQ,827642336579866,23,1028,40484,0
DEQ,827642337565182,23,1028,122610,0
DEQ,827642338414224,23,1028,35255,0
DEQ,827642339277164,23,1028,33739,0
DEQ,827642340141781,23,1028,32847,0
DEQ,827642341054964,23,1028,55539,0
DEQ,827642341952490,23,1028,41973,0
DEQ,827642342854243,23,1028,41671,0
DEQ,827642343759656,23,1028,45333,0
DEQ,827642344656031,23,1028,41497,0
DEQ,827642345555600,23,1028,40760,0
DEQ,827642346456987,23,1028,42067,0
DEQ,827642347327545,23,1028,40907,0
DEQ,827642348179211,23,1028,33466,0
DEQ,827642349096138,23,1028,91302,0
DEQ,827642349967097,23,1028,36125,0
DEQ,827642350884738,23,1028,41880,0
DEQ,827642351780961,23,1028,42030,0
DEQ,827642352682585,23,1028,40750,0
DEQ,827642353584983,23,1028,41502,0
DEQ,827642354500830,23,1028,50788,0
DEQ,827642355392668,23,1028,40742,0
DEQ,827642356260582,23,1028,36478,0
DEQ,827642357128778,23,1028,45257,0
DEQ,827642358019384,23,1028,40350,0
DEQ,827642358921036,23,1028,41721,0
DEQ,827642359821627,23,1028,41395,0
DEQ,827642360722401,23,1028,41760,0
STATS,827642360820019,0,0,12432,12432,0,0,0
DEQ,827642361634239,23,1028,53114,0
DEQ,827642362523326,23,1028,41946,0
DEQ,827642363422683,23,1028,41327,0
DEQ,827642364286272,23,1028,33018,0
DEQ,827642365145108,23,1028,32711,0
DEQ,827642366058293,23,1028,58959,0
DEQ,827642366956791,23,1028,40379,0
DEQ,827642367858004,23,1028,40935,0
DEQ,827642368762589,23,1028,44659,0
DEQ,827642369659532,23,1028,41608,0
DEQ,827642370558528,23,1028,40613,0
DEQ,827642371457894,23,1028,40542,0
DEQ,827642372330069,23,1028,41251,0
DEQ,827642373184853,23,1028,32890,0
DEQ,827642374077037,23,1028,42158,0
DEQ,827642374976222,23,1028,40946,0
DEQ,827642375888247,23,1028,41117,0
DEQ,827642376787901,23,1028,41018,0
DEQ,827642377686809,23,1028,40475,0
DEQ,827642378590640,23,1028,41446,0
DEQ,827642379506131,23,1028,56556,0
DEQ,827642380391035,23,1028,41116,0
DEQ,827642381259894,23,1028,37580,0
DEQ,827642382129124,23,1028,47578,0
DEQ,827642383011870,23,1028,42678,0
DEQ,827642383909826,23,1028,40755,0
DEQ,827642384820604,23,1028,41178,0
DEQ,827642385721934,23,1028,41627,0
DEQ,827642386634957,23,1028,54492,0
DEQ,827642387520359,23,1028,40502,0
DEQ,827642388419791,23,1028,40736,0
DEQ,827642389284202,23,1028,33703,0
DEQ,827642390143310,23,1028,33802,0
DEQ,827642391037333,23,1028,41018,0
DEQ,827642391947488,23,1028,41130,0
DEQ,827642392847257,23,1028,41344,0
DEQ,827642393760063,23,1028,46726,0
DEQ,827642394654723,23,1028,41224,0
DEQ,827642395554466,23,1028,41865,0
DEQ,827642396453082,23,1028,41000,0
DEQ,827642397318090,23,1028,33992,0
DEQ,827642398176686,23,1028,33539,0
DEQ,827642399081245,23,1028,44742,0
DEQ,827642399976859,23,1028,40815,0
DEQ,827642400885062,23,1028,48618,0
DEQ,827642401778487,23,1028,42618,0
DEQ,827642402689065,23,1028,40567,0
DEQ,827642403590309,23,1028,41694,0
DEQ,827642404505013,23,1028,56522,0
DEQ,827642405390295,23,1028,41367,0
DEQ,827642406260161,23,1028,39153,0
DEQ,827642407127419,23,1028,47236,0
DEQ,827642408011006,23,1028,44360,0
DEQ,827642408907564,23,1028,41467,0
DEQ,827642409806183,23,1028,40281,0
DEQ,827642410705894,23,1028,40575,0
DEQ,827642411630787,23,1028,55759,0
DEQ,827642412517755,23,1028,41602,0
DEQ,827642413416395,23,1028,40474,0
DEQ,827642414281044,23,1028,33402,0
DEQ,827642415139506,23,1028,32864,0
DEQ,827642416034825,23,1028,41261,0
DEQ,827642416942295,23,1028,41949,0
DEQ,827642417842694,23,1028,41771,0
DEQ,827642418749714,23,1028,49440,0
DEQ,827642419640709,23,1028,40750,0
DEQ,827642420548106,23,1028,41567,0
DEQ,827642421449233,23,1028,41929,0
DEQ,827642422319945,23,1028,40713,0
DEQ,827642423229554,23,1028,91297,0
DEQ,827642424098714,23,1028,35856,0
DEQ,827642425012771,23,1028,39879,0
DEQ,827642425913138,23,1028,40966,0
DEQ,827642426822222,23,1028,41399,0
DEQ,827642427723631,23,1028,41057,0
DEQ,827642428634514,23,1028,50871,0
DEQ,827642429539091,23,1028,40866,0
DEQ,827642430444366,23,1028,42266,0
DEQ,827642431317820,23,1028,42310,0
DEQ,827642432217462,23,1028,82851,0
DEQ,827642433099464,23,1028,36106,0
DEQ,827642434015658,23,1028,41806,0
DEQ,827642434915533,23,1028,40503,0
DEQ,827642435792892,23,1028,44776,0
DEQ,827642436640711,23,1028,32917,0
DEQ,827642437550065,23,1028,51762,0
DEQ,827642438397182,23,1028,33550,0
DEQ,827642439260631,23,1028,36746,0
DEQ,827642440131285,23,1028,47723,0
DEQ,827642441013775,23,1028,40730,0
DEQ,827642441913447,23,1028,40326,0
DEQ,827642442815098,23,1028,41365,0
DEQ,827642443716543,23,1028,41372,0
DEQ,827642444624912,23,1028,49102,0
DEQ,827642445517132,23,1028,41268,0
DEQ,827642446417237,23,1028,41029,0
DEQ,827642447293260,23,1028,32957,0
DEQ,827642448200145,23,1028,80708,0
DEQ,827642449081976,23,1028,35406,0
DEQ,827642450010412,23,1028,50119,0
DEQ,827642450904858,23,1028,41966,0
DEQ,827642451804076,23,1028,41112,0
DEQ,827642452703766,23,1028,40457,0
DEQ,827642453604400,23,1028,40840,0
DEQ,827642454510408,23,1028,45905,0
DEQ,827642455406308,23,1028,41930,0
DEQ,827642456284358,23,1028,34213,0
DEQ,827642457142623,23,1028,32787,0
DEQ,827642458039095,23,1028,41406,0
DEQ,827642458953480,23,1028,41736,0
DEQ,827642459853908,23,1028,40796,0
DEQ,827642460760415,23,1028,46747,0
DEQ,827642461654664,23,1028,41106,0
DEQ,827642462554599,23,1028,41548,0
DEQ,827642463453839,23,1028,40855,0
DEQ,827642464329303,23,1028,44357,0
DEQ,827642465194224,23,1028,33340,0
DEQ,827642466077435,23,1028,41680,0
DEQ,827642466977301,23,1028,40334,0
DEQ,827642467885768,23,1028,48866,0
DEQ,827642468778080,23,1028,41430,0
DEQ,827642469679224,23,1028,41831,0
DEQ,827642470581066,23,1028,42871,0
DEQ,827642471479739,23,1028,40724,0
DEQ,827642472385530,23,1028,46643,0
DEQ,827642473250082,23,1028,39707,0
DEQ,827642474103650,23,1028,32893,0
DEQ,827642475010644,23,1028,52574,0
DEQ,827642475900667,23,1028,41386,0
DEQ,827642476800825,23,1028,41337,0
DEQ,827642477701041,23,1028,41741,0
DEQ,827642478601624,23,1028,41957,0
DEQ,827642479510544,23,1028,50693,0
DEQ,827642480400370,23,1028,41161,0
DEQ,827642481263674,23,1028,32756,0
DEQ,827642482135588,23,1028,45671,0
DEQ,827642483018894,23,1028,40788,0
DEQ,827642483920522,23,1028,41458,0
DEQ,827642484821422,23,1028,41947,0
DEQ,827642485721322,23,1028,41518,0
DEQ,827642486634861,23,1028,55259,0
DEQ,827642487520538,23,1028,40644,0
DEQ,827642488421222,23,1028,41441,0
DEQ,827642489285282,23,1028,33661,0
DEQ,827642490202852,23,1028,92107,0
DEQ,827642491136419,23,1028,98135,0
DEQ,827642492011911,23,1028,37350,0
DEQ,827642492926104,23,1028,40591,0
DEQ,827642493831703,23,1028,45686,0
DEQ,827642494729633,23,1028,40858,0
DEQ,827642495635644,23,1028,44910,0
DEQ,827642496534010,23,1028,41663,0
DEQ,827642497433415,23,1028,40899,0
DEQ,827642498298799,23,1028,33536,0
DEQ,827642499157698,23,1028,33335,0
DEQ,827642500085142,23,1028,45329,0
DEQ,827642500976837,23,1028,40783,0
DEQ,827642501885635,23,1028,48663,0
DEQ,827642502778543,23,1028,41666,0
DEQ,827642503679112,23,1028,42103,0
DEQ,827642504578417,23,1028,41030,0
DEQ,827642505477360,23,1028,40321,0
DEQ,827642506385713,23,1028,49282,0
DEQ,827642507256130,23,1028,47586,0
DEQ,827642508100764,23,1028,33004,0
DEQ,827642509010006,23,1028,54820,0
DEQ,827642509903732,23,1028,41605,0
DEQ,827642510803251,23,1028,41476,0
DEQ,827642511704498,23,1028,43059,0
DEQ,827642512603326,23,1028,41398,0
DEQ,827642513510670,23,1028,48398,0
DEQ,827642514404235,23,1028,41697,0
DEQ,827642515267566,23,1028,32785,0
DEQ,827642516135523,23,1028,41469,0
DEQ,827642517021633,23,1028,40994,0
DEQ,827642517922856,23,1028,41233,0
DEQ,827642518829956,23,1028,41370,0
DEQ,827642519730328,23,1028,41194,0
DEQ,827642520635810,23,1028,46082,0
DEQ,827642521530795,23,1028,41303,0
DEQ,827642522433539,23,1028,41534,0
DEQ,827642523297161,23,1028,33334,0
DEQ,827642524194719,23,1028,71604,0
DEQ,827642525134745,23,1028,84561,0
DEQ,827642526014133,23,1028,35450,0
DEQ,827642526928762,23,1028,37986,0
DEQ,827642527840566,23,1028,45636,0
DEQ,827642528753199,23,1028,55271,0
DEQ,827642529640307,23,1028,40798,0
DEQ,827642530542401,23,1028,40921,0
DEQ,827642531443227,23,1028,41556,0
DEQ,827642532315152,23,1028,41145,0
DEQ,827642533215330,23,1028,82267,0
DEQ,827642534096643,23,1028,35997,0
DEQ,827642535012596,23,1028,42297,0
DEQ,827642535912315,23,1028,40943,0
DEQ,827642536824141,23,1028,41774,0
DEQ,827642537729967,23,1028,41214,0
DEQ,827642538638403,23,1028,45412,0
DEQ,827642539535601,23,1028,40895,0
DEQ,827642540437728,23,1028,41416,0
DEQ,827642541308043,23,1028,39117,0
DEQ,827642542161009,23,1028,32969,0
DEQ,827642543073651,23,1028,39708,0
DEQ,827642543969268,23,1028,41353,0
DEQ,827642544875902,23,1028,47844,0
DEQ,827642545778672,23,1028,41888,0
DEQ,827642546682602,23,1028,40916,0
DEQ,827642547581966,23,1028,40533,0
DEQ,827642548482458,23,1028,40943,0
DEQ,827642549386012,23,1028,44834,0
DEQ,827642550251813,23,1028,47739,0
DEQ,827642551096627,23,1028,33458,0
DEQ,827642552005949,23,1028,55361,0
DEQ,827642552892240,23,1028,41073,0
DEQ,827642553792130,23,1028,41180,0
DEQ,827642554702537,23,1028,41582,0
DEQ,827642555603407,23,1028,41624,0
DEQ,827642556511021,23,1028,48090,0
DEQ,827642557405682,23,1028,41637,0
DEQ,827642558268907,23,1028,32779,0
DEQ,827642559136073,23,1028,40879,0
DEQ,827642560023669,23,1028,41690,0
DEQ,827642560934027,23,1028,40517,0
DEQ,827642561880339,23,1028,65937,0
DEQ,827642562704124,23,1028,33363,0
DEQ,827642563595421,23,1028,33846,0
DEQ,827642564502337,23,1028,51941,0
DEQ,827642565386323,23,1028,44258,0
DEQ,827642566253651,23,1028,48828,0
DEQ,827642567098361,23,1028,33942,0
DEQ,827642568001404,23,1028,49468,0
DEQ,827642568893765,23,1028,40666,0
DEQ,827642569793607,23,1028,40729,0
DEQ,827642570698254,23,1028,41524,0
DEQ,827642571598709,23,1028,41683,0
DEQ,827642572510455,23,1028,46273,0
DEQ,827642573405495,23,1028,41557,0
DEQ,827642574269045,23,1028,32814,0
DEQ,827642575136172,23,1028,40852,0
DEQ,827642576023432,23,1028,40984,0
DEQ,827642576930684,23,1028,41344,0
DEQ,827642577831714,23,1028,42082,0
DEQ,827642578730701,23,1028,40777,0
DEQ,827642579636205,23,1028,47017,0
DEQ,827642580531369,23,1028,41928,0
DEQ,827642581438713,23,1028,40803,0
DEQ,827642582303493,23,1028,33452,0
DEQ,827642583161987,23,1028,32904,0
DEQ,827642584070240,23,1028,42912,0
DEQ,827642584965764,23,1028,41715,0
DEQ,827642585879979,23,1028,55661,0
DEQ,827642586764265,23,1028,40529,0
DEQ,827642587663488,23,1028,40423,0
DEQ,827642588563822,23,1028,41313,0
DEQ,827642589462760,23,1028,40904,0
DEQ,827642590358893,23,1028,32908,0
DEQ,827642591267725,23,1028,82571,0
DEQ,827642592107220,23,1028,35274,0
DEQ,827642593020181,23,1028,40237,0
DEQ,827642593920444,23,1028,41491,0
DEQ,827642594828646,23,1028,41384,0
DEQ,827642595730345,23,1028,41236,0
DEQ,827642596636303,23,1028,46076,0
DEQ,827642597533374,23,1028,42095,0
DEQ,827642598434023,23,1028,40786,0
DEQ,827642599309769,23,1028,34137,0
DEQ,827642600225245,23,1028,90423,0
DEQ,827642601098212,23,1028,36227,0
DEQ,827642602012364,23,1028,39759,0
DEQ,827642602913504,23,1028,41232,0
DEQ,827642603818029,23,1028,41629,0
DEQ,827642604719995,23,1028,41692,0
DEQ,827642605635649,23,1028,56596,0
DEQ,827642606520340,23,1028,40906,0
DEQ,827642607423319,23,1028,41639,0
DEQ,827642608297434,23,1028,33599,0
DEQ,827642609156181,23,1028,33227,0
DEQ,827642610070338,23,1028,34632,0
DEQ,827642610965502,23,1028,41739,0
DEQ,827642611880842,23,1028,56177,0
DEQ,827642612765474,23,1028,40868,0
DEQ,827642613665442,23,1028,40501,0
DEQ,827642614564937,23,1028,40489,0
DEQ,827642615465131,23,1028,41057,0
DEQ,827642616377746,23,1028,54656,0
DEQ,827642617222498,23,1028,33474,0
DEQ,827642618080956,23,1028,41140,0
DEQ,827642618981445,23,1028,40719,0
DEQ,827642619886381,23,1028,45664,0
DEQ,827642620782720,23,1028,41607,0
DEQ,827642621682842,23,1028,41493,0
DEQ,827642622581127,23,1028,40430,0
DEQ,827642623481039,23,1028,40638,0
DEQ,827642624389207,23,1028,45731,0
DEQ,827642625261486,23,1028,46239,0
DEQ,827642626108690,23,1028,33178,0
DEQ,827642627011490,23,1028,48280,0
DEQ,827642627905315,23,1028,41251,0
DEQ,827642628804848,23,1028,41162,0
DEQ,827642629704125,23,1028,41014,0
DEQ,827642630604407,23,1028,40505,0
DEQ,827642631511477,23,1028,47365,0
DEQ,827642632407448,23,1028,42471,0
DEQ,827642633269959,23,1028,32932,0
DEQ,827642634136494,23,1028,40369,0
DEQ,827642635025516,23,1028,41370,0
DEQ,827642635933134,23,1028,41408,0
DEQ,827642636833101,23,1028,40714,0
DEQ,827642637697630,23,1028,33269,0
DEQ,827642638595895,23,1028,42143,0
DEQ,827642639510799,23,1028,56190,0
DEQ,827642640395799,23,1028,41016,0
DEQ,827642641262379,23,1028,35689,0
DEQ,827642642126130,23,1028,40022,0
DEQ,827642643014052,23,1028,40830,0
DEQ,827642643922154,23,1028,41601,0
DEQ,827642644822310,23,1028,41432,0
DEQ,827642645722633,23,1028,41652,0
DEQ,827642646635829,23,1028,54902,0
DEQ,827642647521245,23,1028,40692,0
DEQ,827642648421424,23,1028,41072,0
DEQ,827642649285791,23,1028,33706,0
DEQ,827642650144001,23,1028,32775,0
DEQ,827642651039217,23,1028,41023,0
DEQ,827642651946287,23,1028,41368,0
DEQ,827642652853826,23,1028,41193,0
DEQ,827642653761735,23,1028,48680,0
DEQ,827642654655269,23,1028,42584,0
DEQ,827642655553124,23,1028,41203,0
DEQ,827642656452845,23,1028,41555,0
DEQ,827642657327625,23,1028,44570,0
DEQ,827642658175549,23,1028,33417,0
DEQ,827642659076476,23,1028,41456,0
DEQ,827642659995038,23,1028,59600,0
DEQ,827642660886699,23,1028,51266,0
DEQ,827642661786165,23,1028,41072,0
DEQ,827642662685289,23,1028,40373,0
DEQ,827642663585758,23,1028,41045,0
DEQ,827642664502721,23,1028,57741,0
DEQ,827642665389667,23,1028,44778,0
DEQ,827642666320687,23,1028,103548,0
DEQ,827642667137007,23,1028,47122,0
DEQ,827642668040452,23,1028,32935,0
DEQ,827642668945161,23,1028,41656,0
DEQ,827642669849126,23,1028,41505,0
DEQ,827642670763335,23,1028,44078,0
DEQ,827642671662603,23,1028,40625,0
DEQ,827642672563669,23,1028,40948,0
DEQ,827642673465327,23,1028,41589,0
DEQ,827642674351469,23,1028,47096,0
DEQ,827642675209616,23,1028,32740,0
DEQ,827642676090676,23,1028,38904,0
DEQ,827642676984175,23,1028,40775,0
DEQ,827642677888889,23,1028,45056,0
DEQ,827642678786221,23,1028,41601,0
DEQ,827642679694489,23,1028,41883,0
DEQ,827642680594805,23,1028,41759,0
DEQ,827642681511025,23,1028,56819,0
DEQ,827642682396695,23,1028,41532,0
DEQ,827642683262845,23,1028,34816,0
DEQ,827642684136134,23,1028,48908,0
DEQ,827642685016120,23,1028,41089,0
DEQ,827642685916143,23,1028,40879,0
DEQ,827642686817471,23,1028,41785,0
DEQ,827642687718481,23,1028,42383,0
DEQ,827642688636976,23,1028,49742,0
DEQ,827642689529438,23,1028,41666,0
DEQ,827642690433539,23,1028,41345,0
DEQ,827642691296937,23,1028,33264,0
DEQ,827642692216084,23,1028,93365,0
DEQ,827642693085858,23,1028,35484,0
DEQ,827642694012010,23,1028,48909,0
DEQ,827642694903658,23,1028,41425,0
DEQ,827642695781138,23,1028,45908,0
DEQ,827642696637093,23,1028,41902,0
DEQ,827642697525577,23,1028,33840,0
DEQ,827642698417833,23,1028,37724,0
DEQ,827642699278716,23,1028,35344,0
DEQ,827642700138146,23,1028,35450,0
DEQ,827642701033409,23,1028,41606,0
DEQ,827642701938075,23,1028,40835,0
DEQ,827642702838520,23,1028,40950,0
DEQ,827642703753497,23,1028,56078,0
DEQ,827642704638937,23,1028,41224,0
DEQ,827642705538634,23,1028,40794,0
DEQ,827642706450655,23,1028,41251,0
DEQ,827642707317472,23,1028,36283,0
DEQ,827642708173685,23,1028,33413,0
DEQ,827642709075066,23,1028,41493,0
DEQ,827642709975268,23,1028,41221,0
DEQ,827642710886731,23,1028,51804,0
DEQ,827642711777021,23,1028,41932,0
DEQ,827642712677237,23,1028,41543,0
DEQ,827642713576746,23,1028,41448,0
DEQ,827642714481203,23,1028,40706,0
DEQ,827642715387053,23,1028,43853,0
DEQ,827642716261351,23,1028,46833,0
DEQ,827642717106288,23,1028,32820,0
DEQ,827642718012013,23,1028,51754,0
DEQ,827642718901378,23,1028,41154,0
DEQ,827642719802179,23,1028,41373,0
DEQ,827642720701551,23,1028,41312,0
DEQ,827642721602011,23,1028,42366,0
DEQ,827642722512071,23,1028,52476,0
DEQ,827642723401822,23,1028,41607,0
DEQ,827642724277032,23,1028,33531,0
DEQ,827642725138169,23,1028,35561,0
DEQ,827642726031376,23,1028,41483,0
DEQ,827642726940499,23,1028,40827,0
DEQ,827642727841573,23,1028,41576,0
DEQ,827642728755217,23,1028,55073,0
DEQ,827642729639762,23,1028,40471,0
DEQ,827642730539801,23,1028,40895,0
DEQ,827642731440079,23,1028,41000,0
DEQ,827642732305282,23,1028,34355,0
DEQ,827642733230255,23,1028,99039,0
DEQ,827642734144639,23,1028,88354,0
DEQ,827642735023143,23,1028,35071,0
DEQ,827642736017493,23,1028,37528,0
DEQ,827642736930315,23,1028,33752,0
DEQ,827642737789649,23,1028,32637,0
DEQ,827642738695235,23,1028,41825,0
DEQ,827642739598713,23,1028,41536,0
DEQ,827642740512191,23,1028,53925,0
DEQ,827642741400031,23,1028,41514,0
DEQ,827642742276228,23,1028,33604,0
DEQ,827642743139291,23,1028,37365,0
DEQ,827642744031884,23,1028,41825,0
DEQ,827642744939668,23,1028,41218,0
DEQ,827642745840801,23,1028,41694,0
DEQ,827642746755176,23,1028,55900,0
DEQ,827642747639685,23,1028,40812,0
DEQ,827642748540284,23,1028,40654,0
DEQ,827642749440626,23,1028,40846,0
DEQ,827642750314932,23,1028,43171,0
DEQ,827642751164763,23,1028,32565,0
DEQ,827642752072334,23,1028,41863,0
DEQ,827642752971948,23,1028,41689,0
DEQ,827642753886598,23,1028,56112,0
DEQ,827642754771731,23,1028,40994,0
DEQ,827642755637387,23,1028,37527,0
DEQ,827642756508309,23,1028,48301,0
DEQ,827642757352429,23,1028,32855,0
DEQ,827642758211868,23,1028,32760,0
DEQ,827642759090168,23,1028,43035,0
DEQ,827642760004198,23,1028,57684,0
DEQ,827642760889642,23,1028,41630,0
DEQ,827642761788417,23,1028,40705,0
DEQ,827642762691672,23,1028,40885,0
DEQ,827642763591584,23,1028,41234,0
DEQ,827642764506002,23,1028,55903,0
DEQ,827642765391843,23,1028,41415,0
DEQ,827642766262355,23,1028,39970,0
DEQ,827642767128981,23,1028,47615,0
DEQ,827642768013160,23,1028,44408,0
DEQ,827642769014335,23,1028,41691,0
DEQ,827642769923052,23,1028,33689,0
DEQ,827642770822474,23,1028,41792,0
DEQ,827642771728176,23,1028,41729,0
DEQ,827642772637361,23,1028,48155,0
DEQ,827642773532345,23,1028,41876,0
DEQ,827642774433599,23,1028,41867,0
DEQ,827642775297598,23,1028,33482,0
DEQ,827642776157476,23,1028,34305,0
DEQ,827642777068318,23,1028,37574,0
DEQ,827642777971637,23,1028,41572,0
DEQ,827642778886734,23,1028,55569,0
DEQ,827642779772223,23,1028,40792,0
DEQ,827642780672860,23,1028,41736,0
DEQ,827642781572798,23,1028,41687,0
DEQ,827642782473227,23,1028,41790,0
DEQ,827642783386661,23,1028,55457,0
DEQ,827642784253484,23,1028,50195,0
DEQ,827642785095806,23,1028,33471,0
DEQ,827642786006603,23,1028,56643,0
DEQ,827642786909122,23,1028,41284,0
DEQ,827642787811398,23,1028,42015,0
DEQ,827642788710200,23,1028,40692,0
DEQ,827642789610715,23,1028,41346,0
DEQ,827642790514875,23,1028,45013,0
DEQ,827642791411548,23,1028,41617,0
DEQ,827642792275330,23,1028,33475,0
DEQ,827642793137823,23,1028,36877,0
DEQ,827642794029300,23,1028,41347,0
DEQ,827642794935564,23,1028,41043,0
DEQ,827642795845955,23,1028,41766,0
DEQ,827642796761837,23,1028,56950,0
DEQ,827642797645231,23,1028,40953,0
DEQ,827642798546857,23,1028,42235,0
DEQ,827642799446654,23,1028,41940,0
DEQ,827642800311185,23,1028,34292,0
DEQ,827642801225579,23,1028,89676,0
DEQ,827642802096864,23,1028,36065,0
DEQ,827642803012829,23,1028,41772,0
DEQ,827642803910765,23,1028,42202,0
DEQ,827642804823227,23,1028,41284,0
DEQ,827642805725995,23,1028,41915,0
DEQ,827642806636968,23,1028,51666,0
DEQ,827642807528580,23,1028,41713,0
DEQ,827642808429728,23,1028,41650,0
DEQ,827642809294606,23,1028,33885,0
DEQ,827642810204087,23,1028,83852,0
DEQ,827642811128426,23,1028,80960,0
DEQ,827642812013821,23,1028,38052,0
DEQ,827642812925827,23,1028,38223,0
DEQ,827642813841001,23,1028,48484,0
DEQ,827642814753836,23,1028,56834,0
DEQ,827642815640757,23,1028,41063,0
DEQ,827642816542925,23,1028,41158,0
DEQ,827642817444195,23,1028,41432,0
DEQ,827642818313680,23,1028,38613,0
DEQ,827642819166991,23,1028,32593,0
DEQ,827642820083395,23,1028,33947,0
DEQ,827642820978238,23,1028,40996,0
DEQ,827642821887811,23,1028,50228,0
DEQ,827642822786702,23,1028,41327,0
DEQ,827642823686666,23,1028,41092,0
DEQ,827642824586635,23,1028,40955,0
DEQ,827642825503880,23,1028,58168,0
DEQ,827642826389734,23,1028,44046,0
DEQ,827642827262838,23,1028,45388,0
DEQ,827642828109784,23,1028,33122,0
DEQ,827642829012757,23,1028,48619,0
DEQ,827642829906050,23,1028,41501,0
DEQ,827642830806114,23,1028,41574,0
DEQ,827642831717211,23,1028,42155,0
DEQ,827642832631088,23,1028,56395,0
DEQ,827642833515985,23,1028,40691,0
DEQ,827642834421771,23,1028,41479,0
DEQ,827642835286085,23,1028,33631,0
DEQ,827642836199138,23,1028,87621,0
DEQ,827642837074557,23,1028,35897,0
DEQ,827642837937003,23,1028,32951,0
DEQ,827642838841427,23,1028,42186,0
DEQ,827642839752496,23,1028,48669,0
DEQ,827642840660671,23,1028,41191,0
DEQ,827642841562489,23,1028,41103,0
DEQ,827642842464986,23,1028,42195,0
DEQ,827642843353700,23,1028,41034,0
DEQ,827642844280120,23,1028,95157,0
DEQ,827642845108295,23,1028,35766,0
DEQ,827642846026095,23,1028,43058,0
DEQ,827642847022307,23,1028,37414,0
DEQ,827642848089392,23,1028,111929,0
DEQ,827642848941964,23,1028,35858,0
DEQ,827642849878950,23,1028,55539,0
DEQ,827642850767799,23,1028,47002,0
DEQ,827642851664926,23,1028,40760,0
DEQ,827642852567485,23,1028,40951,0
DEQ,827642853471689,23,1028,42511,0
DEQ,827642854377501,23,1028,47774,0
DEQ,827642855294321,23,1028,92244,0
DEQ,827642856129235,23,1028,52003,0
DEQ,827642857029670,23,1028,42735,0
DEQ,827642857932514,23,1028,42374,0
DEQ,827642858871317,23,1028,60364,0
DEQ,827642859763111,23,1028,49221,0
DEQ,827642860657150,23,1028,41952,0
DEQ,827642861558482,23,1028,42103,0
DEQ,827642862458410,23,1028,40853,0
DEQ,827642863327540,23,1028,37824,0
DEQ,827642864243399,23,1028,94339,0
DEQ,827642865105806,23,1028,35506,0
DEQ,827642866019739,23,1028,40315,0
DEQ,827642866920464,23,1028,41164,0
DEQ,827642867836132,23,1028,40692,0
DEQ,827642868754194,23,1028,56185,0
DEQ,827642869640472,23,1028,40548,0
DEQ,827642870542084,23,1028,41563,0
DEQ,827642871442730,23,1028,40667,0
DEQ,827642872318247,23,1028,44087,0
DEQ,827642873166002,23,1028,32622,0
DEQ,827642874077393,23,1028,43152,0
DEQ,827642874973737,23,1028,41793,0
DEQ,827642875887752,23,1028,55211,0
DEQ,827642876780511,23,1028,41346,0
DEQ,827642877680854,23,1028,41839,0
DEQ,827642878580640,23,1028,41698,0
DEQ,827642879479790,23,1028,40697,0
DEQ,827642880388082,23,1028,49311,0
DEQ,827642881258406,23,1028,47745,0
DEQ,827642882103130,23,1028,32996,0
DEQ,827642883012337,23,1028,54725,0
DEQ,827642883900070,23,1028,41809,0
DEQ,827642884800535,23,1028,41758,0
DEQ,827642885707260,23,1028,40784,0
DEQ,827642886609273,23,1028,41790,0
DEQ,827642887513247,23,1028,45364,0
DEQ,827642888408995,23,1028,41267,0
DEQ,827642889272261,23,1028,32926,0
DEQ,827642890138143,23,1028,39676,0
DEQ,827642891026542,23,1028,41331,0
DEQ,827642891939051,23,1028,44035,0
DEQ,827642892836083,23,1028,40760,0
DEQ,827642893754153,23,1028,59019,0
DEQ,827642894629379,23,1028,49365,0
DEQ,827642895513224,23,1028,42627,0
DEQ,827642896402894,23,1028,38210,0
DEQ,827642897263979,23,1028,37223,0
DEQ,827642898127914,23,1028,40642,0
DEQ,827642899017452,23,1028,41197,0
DEQ,827642899918563,23,1028,40942,0
DEQ,827642900819159,23,1028,41598,0
DEQ,827642901718752,23,1028,41456,0
DEQ,827642902634446,23,1028,56081,0
DEQ,827642903531532,23,1028,41610,0
DEQ,827642904433043,23,1028,41917,0
DEQ,827642905297195,23,1028,33740,0
DEQ,827642906156485,23,1028,33337,0
DEQ,827642907063701,23,1028,42533,0
DEQ,827642907959174,23,1028,40887,0
DEQ,827642908859417,23,1028,41010,0
DEQ,827642909763307,23,1028,45872,0
DEQ,827642910658375,23,1028,41406,0
DEQ,827642911557643,23,1028,41342,0
DEQ,827642912465968,23,1028,41112,0
DEQ,827642913337661,23,1028,41281,0
DEQ,827642914188273,23,1028,32838,0
DEQ,827642915076328,23,1028,41586,0
DEQ,827642915975764,23,1028,41245,0
DEQ,827642916887610,23,1028,53437,0
DEQ,827642917775110,23,1028,41154,0
DEQ,827642918674673,23,1028,41857,0
DEQ,827642919573910,23,1028,41743,0
DEQ,827642920473248,23,1028,41474,0
DEQ,827642921388301,23,1028,44717,0
DEQ,827642922262625,23,1028,47207,0
DEQ,827642923107527,23,1028,32989,0
DEQ,827642924013354,23,1028,51967,0
DEQ,827642924902826,23,1028,41459,0
DEQ,827642925802864,23,1028,41800,0
DEQ,827642926705077,23,1028,44071,0
DEQ,827642927603215,23,1028,41254,0
DEQ,827642928513429,23,1028,51797,0
DEQ,827642929402433,23,1028,40915,0
DEQ,827642930276242,23,1028,34438,0
DEQ,827642931138373,23,1028,37486,0
DEQ,827642932029513,23,1028,41646,0
DEQ,827642932935474,23,1028,40176,0
DEQ,827642933836304,23,1028,40760,0
DEQ,827642934736390,23,1028,40880,0
DEQ,827642935640622,23,1028,44786,0
DEQ,827642936536262,23,1028,41232,0
DEQ,827642937435748,23,1028,40756,0
DEQ,827642938341472,23,1028,41813,0
DEQ,827642939207425,23,1028,32855,0
DEQ,827642940076657,23,1028,41835,0
DEQ,827642940976205,23,1028,41369,0
DEQ,827642941888088,23,1028,53016,0
DEQ,827642942775804,23,1028,41586,0
DEQ,827642943675456,23,1028,41489,0
DEQ,827642944578514,23,1028,41640,0
DEQ,827642945476095,23,1028,39501,0
DEQ,827642946378061,23,1028,48321,0
DEQ,827642947294150,23,1028,92693,0
DEQ,827642948133402,23,1028,50590,0
DEQ,827642949033769,23,1028,40419,0
DEQ,827642949936163,23,1028,41044,0
DEQ,827642950840426,23,1028,40978,0
DEQ,827642951758354,23,1028,56609,0
DEQ,827642952644817,23,1028,41954,0
DEQ,827642953545242,23,1028,40967,0
DEQ,827642954451490,23,1028,41342,0
DEQ,827642955324311,23,1028,41136,0
DEQ,827642956241822,23,1028,99535,0
DEQ,827642957108717,23,1028,35363,0
DEQ,827642958023593,23,1028,41451,0
DEQ,827642959015566,23,1028,44229,0
DEQ,827642959922040,23,1028,33330,0
DEQ,827642960823228,23,1028,42058,0
DEQ,827642961726640,23,1028,41178,0
DEQ,827642962637965,23,1028,50000,0
DEQ,827642963532786,23,1028,42838,0
DEQ,827642964432649,23,1028,41534,0
DEQ,827642965306036,23,1028,42764,0
DEQ,827642966162030,23,1028,33652,0
DEQ,827642967075469,23,1028,38988,0
DEQ,827642967971565,23,1028,41797,0
DEQ,827642968878207,23,1028,47741,0
DEQ,827642969771315,23,1028,40870,0
DEQ,827642970672588,23,1028,42007,0
DEQ,827642971572278,23,1028,41523,0
DEQ,827642972472736,23,1028,41954,0
DEQ,827642973387993,23,1028,56944,0
DEQ,827642974294139,23,1028,91216,0
DEQ,827642975130018,23,1028,52733,0
DEQ,827642976027797,23,1028,42278,0
DEQ,827642976931251,23,1028,42167,0
DEQ,827642977834492,23,1028,40967,0
DEQ,827642978755812,23,1028,56244,0
DEQ,827642979642947,23,1028,40903,0
DEQ,827642980544542,23,1028,41294,0
DEQ,827642981445976,23,1028,41692,0
DEQ,827642982319093,23,1028,42387,0
DEQ,827642983168537,23,1028,32615,0
DEQ,827642984079550,23,1028,42009,0
DEQ,827642984979410,23,1028,40327,0
DEQ,827642985889181,23,1028,49415,0
DEQ,827642986780812,23,1028,41472,0
DEQ,827642987680557,23,1028,41248,0
DEQ,827642988580822,23,1028,41820,0
DEQ,827642989479401,23,1028,40654,0
DEQ,827642990388776,23,1028,49990,0
DEQ,827642991258463,23,1028,47328,0
DEQ,827642992122369,23,1028,52396,0
DEQ,827642993013858,23,1028,54240,0
DEQ,827642993901248,23,1028,41342,0
DEQ,827642994801388,23,1028,41249,0
DEQ,827642995701873,23,1028,41795,0
DEQ,827642996602032,23,1028,42079,0
DEQ,827642997513183,23,1028,52644,0
DEQ,827642998401874,23,1028,41937,0
DEQ,827642999265452,23,1028,33225,0
DEQ,827643000138888,23,1028,47533,0
DEQ,827643001019700,23,1028,40664,0
DEQ,827643001930397,23,1028,41560,0
DEQ,827643002832784,23,1028,40768,0
DEQ,827643003733046,23,1028,40719,0
DEQ,827643004639045,23,1028,47374,0
DEQ,827643005533179,23,1028,41659,0
DEQ,827643006433840,23,1028,41775,0
DEQ,827643007298520,23,1028,34419,0
DEQ,827643008204497,23,1028,81252,0
DEQ,827643009132801,23,1028,83737,0
DEQ,827643010015832,23,1028,35435,0
DEQ,827643011019594,23,1028,37667,0
DEQ,827643011934885,23,1028,39225,0
DEQ,827643012837533,23,1028,41711,0
DEQ,827643013756736,23,1028,55793,0
DEQ,827643014644991,23,1028,40999,0
DEQ,827643015546124,23,1028,41088,0
DEQ,827643016446961,23,1028,41209,0
DEQ,827643017310365,23,1028,32866,0
DEQ,827643018182924,23,1028,45861,0
DEQ,827643019060036,23,1028,33028,0
DEQ,827643019934606,23,1028,40961,0
DEQ,827643020819972,23,1028,37042,0
DEQ,827643021708040,23,1028,33110,0
DEQ,827643022604877,23,1028,40887,0
DEQ,827643023514080,23,1028,48361,0
DEQ,827643024408509,23,1028,41312,0
DEQ,827643025271817,23,1028,32859,0
DEQ,827643026139087,23,1028,39999,0
DEQ,827643027027930,23,1028,41263,0
DEQ,827643027935624,23,1028,41700,0
DEQ,827643028848984,23,1028,41331,0
DEQ,827643029763672,23,1028,55913,0
DEQ,827643030651068,23,1028,41316,0
DEQ,827643031551449,23,1028,41967,0
DEQ,827643032451025,23,1028,41303,0
DEQ,827643033324524,23,1028,42810,0
DEQ,827643034225454,23,1028,84551,0
DEQ,827643035102339,23,1028,35878,0
DEQ,827643036021073,23,1028,41369,0
DEQ,827643036921749,23,1028,41295,0
DEQ,827643037834673,23,1028,41129,0
DEQ,827643038755093,23,1028,56313,0
DEQ,827643039642676,23,1028,40773,0
DEQ,827643040544894,23,1028,42014,0
DEQ,827643041444855,23,1028,41795,0
DEQ,827643042308728,23,1028,33523,0
DEQ,827643043227142,23,1028,92710,0
DEQ,827643044099816,23,1028,35834,0
DEQ,827643045016029,23,1028,40278,0
DEQ,827643045915752,23,1028,40989,0
DEQ,827643046829157,23,1028,41129,0
DEQ,827643047730667,23,1028,40893,0
DEQ,827643048639158,23,1028,48630,0
DEQ,827643049533438,23,1028,41655,0
DEQ,827643050438865,23,1028,40867,0
DEQ,827643051304067,23,1028,34223,0
DEQ,827643052220876,23,1028,92094,0
DEQ,827643053143338,23,1028,85487,0
DEQ,827643054020465,23,1028,35405,0
DEQ,827643055016285,23,1028,45863,0
DEQ,827643055926450,23,1028,33757,0
DEQ,827643056826687,23,1028,41759,0
DEQ,827643057730852,23,1028,41554,0
DEQ,827643058639188,23,1028,47425,0
DEQ,827643059534035,23,1028,41563,0
DEQ,827643060434830,23,1028,41832,0
DEQ,827643061298857,23,1028,33506,0
DEQ,827643062159233,23,1028,34710,0
DEQ,827643063070463,23,1028,41849,0
DEQ,827643063965633,23,1028,40983,0
DEQ,827643064889251,23,1028,54119,0
DEQ,827643065775980,23,1028,41404,0
DEQ,827643066676027,23,1028,41635,0
DEQ,827643067576060,23,1028,42131,0
DEQ,827643068476500,23,1028,41449,0
DEQ,827643069389295,23,1028,53949,0
DEQ,827643070255401,23,1028,48685,0
DEQ,827643071099230,23,1028,33485,0
DEQ,827643072008703,23,1028,55528,0
DEQ,827643072893063,23,1028,40403,0
DEQ,827643073803510,23,1028,42667,0
DEQ,827643074707179,23,1028,41323,0
DEQ,827643075609193,23,1028,41151,0
DEQ,827643076514413,23,1028,45573,0
DEQ,827643077389463,23,1028,47644,0
DEQ,827643078234133,23,1028,32770,0
DEQ,827643079098998,23,1028,34106,0
DEQ,827643080007125,23,1028,55476,0
DEQ,827643080893381,23,1028,40878,0
DEQ,827643081793161,23,1028,40861,0
DEQ,827643082707963,23,1028,40866,0
DEQ,827643083607989,23,1028,40990,0
DEQ,827643084514896,23,1028,47028,0
DEQ,827643085407660,23,1028,41260,0
DEQ,827643086270948,23,1028,32823,0
DEQ,827643087139392,23,1028,42161,0
DEQ,827643088025025,23,1028,41071,0
DEQ,827643088932244,23,1028,41576,0
DEQ,827643089832299,23,1028,41421,0
DEQ,827643090731539,23,1028,40287,0
DEQ,827643091641515,23,1028,44350,0
DEQ,827643092538322,23,1028,41267,0
DEQ,827643093437184,23,1028,40435,0
DEQ,827643094301682,23,1028,33382,0
DEQ,827643095213140,23,1028,85641,0
DEQ,827643096148034,23,1028,93752,0
DEQ,827643097017789,23,1028,35666,0
DEQ,827643097933859,23,1028,39738,0
DEQ,827643098841804,23,1028,44746,0
DEQ,827643099753901,23,1028,54571,0
DEQ,827643100652340,23,1028,41431,0
DEQ,827643101553366,23,1028,41354,0
DEQ,827643102453983,23,1028,41396,0
DEQ,827643103324227,23,1028,39620,0
DEQ,827643104177160,23,1028,33404,0
DEQ,827643105080259,23,1028,41520,0
DEQ,827643105981045,23,1028,40712,0
DEQ,827643106890228,23,1028,49346,0
DEQ,827643107782372,23,1028,41615,0
DEQ,827643108681429,23,1028,41120,0
DEQ,827643109589374,23,1028,40793,0
DEQ,827643110505523,23,1028,56542,0
DEQ,827643111391693,23,1028,42539,0
DEQ,827643112264571,23,1028,43259,0
DEQ,827643113130480,23,1028,50041,0
DEQ,827643114014568,23,1028,47041,0
DEQ,827643114909994,23,1028,41279,0
DEQ,827643115811465,23,1028,41331,0
DEQ,827643116712053,23,1028,40741,0
DEQ,827643117630997,23,1028,58463,0
DEQ,827643118520444,23,1028,41267,0
DEQ,827643119420528,23,1028,40947,0
DEQ,827643120285430,23,1028,33444,0
DEQ,827643121192672,23,1028,81262,0
DEQ,827643122074556,23,1028,36121,0
DEQ,827643123006326,23,1028,55406,0
DEQ,827643123896761,23,1028,45549,0
DEQ,827643124796882,23,1028,40977,0
DEQ,827643125695351,23,1028,36653,0
DEQ,827643126590852,23,1028,40977,0
DEQ,827643127514627,23,1028,52075,0
DEQ,827643128405847,23,1028,42664,0
DEQ,827643129269004,23,1028,33152,0
DEQ,827643130139698,23,1028,43503,0
DEQ,827643131023473,23,1028,40862,0
DEQ,827643131936383,23,1028,40920,0
DEQ,827643132836388,23,1028,40967,0
DEQ,827643133736117,23,1028,40702,0
DEQ,827643134639766,23,1028,45454,0
DEQ,827643135535511,23,1028,41256,0
DEQ,827643136448157,23,1028,41087,0
DEQ,827643137320911,23,1028,42455,0
DEQ,827643138321228,23,1028,85556,0
DEQ,827643139185181,23,1028,74060,0
DEQ,827643140109868,23,1028,80819,0
DEQ,827643141056114,23,1028,133573,0
DEQ,827643141972509,23,1028,143073,0
DEQ,827643142873722,23,1028,138614,0
DEQ,827643143771248,23,1028,131826,0
DEQ,827643144700702,23,1028,158005,0
DEQ,827643145609522,23,1028,150405,0
DEQ,827643146493729,23,1028,129502,0
DEQ,827643147362348,23,1028,124225,0
DEQ,827643148228230,23,1028,130742,0
DEQ,827643149106646,23,1028,120092,0
DEQ,827643149947825,23,1028,51969,0
DEQ,827643150941940,23,1028,140308,0
DEQ,827643151855809,23,1028,150295,0
DEQ,827643152745644,23,1028,136735,0
DEQ,827643153655688,23,1028,144567,0
DEQ,827643154549588,23,1028,130392,0
DEQ,827643155481988,23,1028,156239,0
DEQ,827643156278403,23,1028,76765,0
DEQ,827643157148292,23,1028,86586,0
DEQ,827643157966309,23,1028,44105,0
DEQ,827643158922751,23,1028,138609,0
DEQ,827643159810905,23,1028,137044,0
DEQ,827643160716739,23,1028,142560,0
DEQ,827643161604037,23,1028,126207,0
DEQ,827643162450675,23,1028,68222,0
DEQ,827643163392183,23,1028,128395,0
DEQ,827643164244852,23,1028,121690,0
DEQ,827643165116177,23,1028,92271,0
DEQ,827643166062463,23,1028,138868,0
DEQ,827643166975030,23,1028,147701,0
DEQ,827643167864133,23,1028,133138,0
DEQ,827643168766620,23,1028,133093,0
DEQ,827643169676036,23,1028,139639,1
DEQ,827643169680342,23,84,23612,0
DEQ,827643170570938,23,1028,132188,0
DEQ,827643171493381,23,1028,147676,0
DEQ,827643172357056,23,1028,133183,0
DEQ,827643173226608,23,1028,143059,0
DEQ,827643174114278,23,1028,142436,0
DEQ,827643175004725,23,1028,130299,0
DEQ,827643175909008,23,1028,130536,0
DEQ,827643176812812,23,1028,130399,0
DEQ,827643177678584,23,1028,122965,0
DEQ,827643178576058,23,1028,131074,0
DEQ,827643179484192,23,1028,137082,0
DEQ,827643180355416,23,1028,135077,0
DEQ,827643181226517,23,1028,133573,0
DEQ,827643182109382,23,1028,91280,0
DEQ,827643182968964,23,1028,56232,0
DEQ,827643183959493,23,1028,139895,0
DEQ,827643184855065,23,1028,129587,0
DEQ,827643185761707,23,1028,133151,0
DEQ,827643186666012,23,1028,134039,0
DEQ,827643187568852,23,1028,132967,0
DEQ,827643188479414,23,1028,139873,0
DEQ,827643189367285,23,1028,154596,0
DEQ,827643190202739,23,1028,125131,0
DEQ,827643191116002,23,1028,146839,0
DEQ,827643192021282,23,1028,115569,0
DEQ,827643192967954,23,1028,154066,0
DEQ,827643193851434,23,1028,136230,0
DEQ,827643194751948,23,1028,131188,0
DEQ,827643195669110,23,1028,137418,0
DEQ,827643196558718,23,1028,125190,0
DEQ,827643197481757,23,1028,144109,0
DEQ,827643198364927,23,1028,154004,0
DEQ,827643199188942,23,1028,113289,0
DEQ,827643200101013,23,1028,134881,0
DEQ,827643200997752,23,1028,127998,0
DEQ,827643201909510,23,1028,135904,0
DEQ,827643202810851,23,1028,134311,0
DEQ,827643203721193,23,1028,142378,0
DEQ,827643204615678,23,1028,132981,0
DEQ,827643205516521,23,1028,128427,0
DEQ,827643206331755,23,1028,70322,0
DEQ,827643207192205,23,1028,71276,0
DEQ,827643208137414,23,1028,88088,0
DEQ,827643209104602,23,1028,128729,0
DEQ,827643210011259,23,1028,125767,0
DEQ,827643210905976,23,1028,122811,0
DEQ,827643211826977,23,1028,138259,0
DEQ,827643212729819,23,1028,136471,0
DEQ,827643213627861,23,1028,131561,0
DEQ,827643214523406,23,1028,123194,0
DEQ,827643215419858,23,1028,146422,0
DEQ,827643216275075,23,1028,141962,0
DEQ,827643217150322,23,1028,85343,0
DEQ,827643218111108,23,1028,118024,0
DEQ,827643219045562,23,1028,137442,0
DEQ,827643219946604,23,1028,132798,0
DEQ,827643220853904,23,1028,141402,0
DEQ,827643221749426,23,1028,132141,0
DEQ,827643222651369,23,1028,130284,0
DEQ,827643223559130,23,1028,134241,0
DEQ,827643224441906,23,1028,132231,0
DEQ,827643225320682,23,1028,137546,0
DEQ,827643226173066,23,1028,133543,0
DEQ,827643227073273,23,1028,131877,0
DEQ,827643227976004,23,1028,131418,0
DEQ,827643228870833,23,1028,122569,0
DEQ,827643229776768,23,1028,124897,0
DEQ,827643230683557,23,1028,126878,0
DEQ,827643231601919,23,1028,139073,0
DEQ,827643232491509,23,1028,124845,0
DEQ,827643233364582,23,1028,124380,0
DEQ,827643234235256,23,1028,135704,0
DEQ,827643235111815,23,1028,122012,0
DEQ,827643236032760,23,1028,134633,0
DEQ,827643236929760,23,1028,129362,0
DEQ,827643237850036,23,1028,147244,0
DEQ,827643238734985,23,1028,129375,0
DEQ,827643239636638,23,1028,127897,0
DEQ,827643240545664,23,1028,133647,0
DEQ,827643241412517,23,1028,126673,0
DEQ,827643242285315,23,1028,139938,0
DEQ,827643243199862,23,1028,131635,0
DEQ,827643244119119,23,1028,133802,0
DEQ,827643245045012,23,1028,124322,0
DEQ,827643245964747,23,1028,134247,0
DEQ,827643246850179,23,1028,122445,0
DEQ,827643247764746,23,1028,129287,0
DEQ,827643248678793,23,1028,138979,0
DEQ,827643249577746,23,1028,133849,0
DEQ,827643250481131,23,1028,133147,0
DEQ,827643251268996,23,1028,46968,0
DEQ,827643252174297,23,1028,92754,0
DEQ,827643253106353,23,1028,127850,0
DEQ,827643254013136,23,1028,130554,0
DEQ,827643254923843,23,1028,137662,0
DEQ,827643255824793,23,1028,135935,0
DEQ,827643256731768,23,1028,139898,0
DEQ,827643257630043,23,1028,132647,0
DEQ,827643258532175,23,1028,131458,0
DEQ,827643259413652,23,1028,139837,0
DEQ,827643260279998,23,1028,147029,0
DEQ,827643261139827,23,1028,77786,0
DEQ,827643262108642,23,1028,114978,0
DEQ,827643263031495,23,1028,122710,0
DEQ,827643263942278,23,1028,135481,0
DEQ,827643264853374,23,1028,143060,0
DEQ,827643265751634,23,1028,135723,0
DEQ,827643266651842,23,1028,132193,0
DEQ,827643267558355,23,1028,130937,0
DEQ,827643268468514,23,1028,137586,0
DEQ,827643269323904,23,1028,119051,0
DEQ,827643270198208,23,1028,133773,0
DEQ,827643271105166,23,1028,144939,0
DEQ,827643271998353,23,1028,134221,0
DEQ,827643272896759,23,1028,129329,0
DEQ,827643273801188,23,1028,130293,0
DEQ,827643274722168,23,1028,148897,0
DEQ,827643275613404,23,1028,136415,0
DEQ,827643276518062,23,1028,133775,0
DEQ,827643277378623,23,1028,120562,0
DEQ,827643278264071,23,1028,146681,0
DEQ,827643279188500,23,1028,145798,0
DEQ,827643280101976,23,1028,125680,0
DEQ,827643281012745,23,1028,125904,0
DEQ,827643281937053,23,1028,151370,0
DEQ,827643282816603,23,1028,122994,0
DEQ,827643283731923,23,1028,132680,0
DEQ,827643284637639,23,1028,132858,0
DEQ,827643285484430,23,1028,104836,0
DEQ,827643286366525,23,1028,126659,0
DEQ,827643287236767,23,1028,137472,0
DEQ,827643288083478,23,1028,94211,0
DEQ,827643289018839,23,1028,128338,0
DEQ,827643289918726,23,1028,136613,0
DEQ,827643290813286,23,1028,127372,0
DEQ,827643291728162,23,1028,134780,0
DEQ,827643292627995,23,1028,133305,0
DEQ,827643293520579,23,1028,122922,0
DEQ,827643294411762,23,1028,140691,0
DEQ,827643295202860,23,1028,72489,0
DEQ,827643296125504,23,1028,95911,0
DEQ,827643297078583,23,1028,150531,0
DEQ,827643297975989,23,1028,139353,0
DEQ,827643298870110,23,1028,130968,0
DEQ,827643299775999,23,1028,133433,0
DEQ,827643300679649,23,1028,134142,0
DEQ,827643301597998,23,1028,149505,0
DEQ,827643302456741,23,1028,135027,0
DEQ,827643303299995,23,1028,118984,0
DEQ,827643304176427,23,1028,134986,0
DEQ,827643305075407,23,1028,131096,0
DEQ,827643305991707,23,1028,144213,0
DEQ,827643306885296,23,1028,128395,0
DEQ,827643307802604,23,1028,141497,0
DEQ,827643308690999,23,1028,126743,0
DEQ,827643309603681,23,1028,137433,0
DEQ,827643310504779,23,1028,135653,0
DEQ,827643311383860,23,1028,141343,0
DEQ,827643312230014,23,1028,116241,0
DEQ,827643313114552,23,1028,80931,0
DEQ,827643314070951,23,1028,143343,0
DEQ,827643314995245,23,1028,163308,0
DEQ,827643315888280,23,1028,139343,0
DEQ,827643316781346,23,1028,131455,0
DEQ,827643317689270,23,1028,135549,0
DEQ,827643318603784,23,1028,145968,0
DEQ,827643319487130,23,1028,125533,0
DEQ,827643320360433,23,1028,124092,0
DEQ,827643321237357,23,1028,141807,0
DEQ,827643322104544,23,1028,119496,0
DEQ,827643323021748,23,1028,130485,0
DEQ,827643323944015,23,1028,148844,0
DEQ,827643324842628,23,1028,139921,0
DEQ,827643325730792,23,1028,125509,0
DEQ,827643326639125,23,1028,131318,0
DEQ,827643327535794,23,1028,125377,0
DEQ,827643328404622,23,1028,120544,0
DEQ,827643329239585,23,1028,96214,0
DEQ,827643330207049,23,1028,139433,0
DEQ,827643331107360,23,1028,130775,0
DEQ,827643332008656,23,1028,130287,0
DEQ,827643332906803,23,1028,153860,0
DEQ,827643333783381,23,1028,131753,0
DEQ,827643334694706,23,1028,138202,0
DEQ,827643335602257,23,1028,141391,0
DEQ,827643336491833,23,1028,126869,0
DEQ,827643337354848,23,1028,115756,0
DEQ,827643338228634,23,1028,130300,0
DEQ,827643339036265,23,1028,48509,0
DEQ,827643340040283,23,1028,138340,0
DEQ,827643340927323,23,1028,125274,0
DEQ,827643341856570,23,1028,151624,0
DEQ,827643342749697,23,1028,134965,0
DEQ,827643343644965,23,1028,126150,0
DEQ,827643344554482,23,1028,133161,0
DEQ,827643345428737,23,1028,132981,0
DEQ,827643346281363,23,1028,117658,0
DEQ,827643347171153,23,1028,133778,0
DEQ,827643348091886,23,1028,153969,0
DEQ,827643348977174,23,1028,135330,0
DEQ,827643349799167,23,1028,52958,0
DEQ,827643350793256,23,1028,143670,0
DEQ,827643351693921,23,1028,132771,0
DEQ,827643352606564,23,1028,142302,0
DEQ,827643353498535,23,1028,132712,0
DEQ,827643354360560,23,1028,121193,0
DEQ,827643355228423,23,1028,129769,0
DEQ,827643356102873,23,1028,115441,0
DEQ,827643357025545,23,1028,131140,0
DEQ,827643357938294,23,1028,141669,0
DEQ,827643358829174,23,1028,131606,0
DEQ,827643359750909,23,1028,151817,0
DEQ,827643360641311,23,1028,133568,0
DEQ,827643361540356,23,1028,128801,0
STATS,827643361547966,0,0,13551,13551,0,0,0
DEQ,827643362415996,23,1028,130663,0
DEQ,827643363288611,23,1028,143734,0
DEQ,827643364216204,23,1028,147869,0
DEQ,827643365091557,23,1028,97295,0
DEQ,827643366038633,23,1028,131473,0
DEQ,827643366931234,23,1028,125304,0
DEQ,827643367860670,23,1028,149217,0
DEQ,827643368767590,23,1028,150885,0
DEQ,827643369656449,23,1028,126725,0
DEQ,827643370562366,23,1028,128044,0
DEQ,827643371479052,23,1028,141132,0
DEQ,827643372350436,23,1028,138652,0
DEQ,827643373152488,23,1028,81114,0
DEQ,827643374105343,23,1028,144501,0
DEQ,827643374991827,23,1028,126121,0
DEQ,827643375902789,23,1028,133160,0
DEQ,827643376815526,23,1028,142336,0
DEQ,827643377730666,23,1028,154734,0
DEQ,827643378615260,23,1028,132451,0
DEQ,827643379521474,23,1028,136055,0
DEQ,827643380382053,23,1028,122590,0
DEQ,827643381264922,23,1028,146174,0
DEQ,827643382126316,23,1028,80351,0
DEQ,827643383038690,23,1028,65602,0
DEQ,827643384008006,23,1028,124471,0
DEQ,827643384910730,23,1028,125846,0
DEQ,827643385825088,23,1028,134667,0
DEQ,827643386745004,23,1028,149536,0
DEQ,827643387649349,23,1028,136143,0
DEQ,827643388548532,23,1028,131888,0
DEQ,827643389414316,23,1028,123791,0
DEQ,827643390227057,23,1028,71114,0
DEQ,827643391177184,23,1028,130505,0
DEQ,827643392081604,23,1028,134399,0
DEQ,827643392984412,23,1028,134284,0
DEQ,827643393888288,23,1028,134457,0
DEQ,827643394793620,23,1028,135917,0
DEQ,827643395709834,23,1028,148320,0
DEQ,827643396599069,23,1028,131020,0
DEQ,827643397502939,23,1028,132589,0
DEQ,827643398359173,23,1028,115498,0
DEQ,827643399229771,23,1028,126874,0
DEQ,827643400116860,23,1028,125619,0
DEQ,827643401029071,23,1028,124588,0
DEQ,827643401938514,23,1028,131376,0
DEQ,827643402850856,23,1028,142143,0
DEQ,827643403742596,23,1028,131407,0
DEQ,827643404666403,23,1028,152686,0
DEQ,827643405561882,23,1028,138133,0
DEQ,827643406446785,23,1028,132041,0
DEQ,827643407309727,23,1028,121286,0
DEQ,827643408174128,23,1028,137498,0
DEQ,827643409070004,23,1028,132605,0
DEQ,827643409985696,23,1028,145435,0
DEQ,827643410880188,23,1028,136967,0
DEQ,827643411774854,23,1028,126441,0
DEQ,827643412680218,23,1028,129289,0
DEQ,827643413605955,23,1028,153003,0
DEQ,827643414490232,23,1028,129097,0
DEQ,827643415357885,23,1028,123355,0
DEQ,827643416188224,23,1028,93964,0
DEQ,827643417036273,23,1028,53667,0
DEQ,827643418006782,23,1028,132712,0
DEQ,827643418907303,23,1028,141129,0
DEQ,827643419796095,23,1028,137661,0
DEQ,827643420677765,23,1028,125081,0
DEQ,827643421593597,23,1028,137652,0
DEQ,827643422506166,23,1028,147503,0
DEQ,827643423352359,23,1028,112750,0
DEQ,827643424234161,23,1028,135345,0
DEQ,827643425096095,23,1028,107948,0
DEQ,827643425950962,23,1028,51537,0
DEQ,827643426937126,23,1028,133815,0
DEQ,827643427844909,23,1028,139136,0
DEQ,827643428741114,23,1028,132702,0
DEQ,827643429642763,23,1028,132753,0
DEQ,827643430545553,23,1028,132970,0
DEQ,827643431436638,23,1028,150623,0
DEQ,827643432295026,23,1028,148612,0
DEQ,827643433233589,23,1028,163750,0
DEQ,827643434099438,23,1028,102492,0
DEQ,827643435034513,23,1028,124238,0
DEQ,827643435943858,23,1028,124515,0
DEQ,827643436858716,23,1028,139133,0
DEQ,827643437763654,23,1028,139296,0
DEQ,827643438670938,23,1028,141287,0
DEQ,827643439564366,23,1028,129777,0
DEQ,827643440484193,23,1028,144702,0
DEQ,827643441359327,23,1028,138201,0
DEQ,827643442198881,23,1028,118157,0
DEQ,827643443097109,23,1028,127602,0
DEQ,827643443996024,23,1028,123881,0
DEQ,827643444897563,23,1028,121913,0
DEQ,827643445809706,23,1028,132283,0
DEQ,827643446723722,23,1028,143447,0
DEQ,827643447609638,23,1028,126638,0
DEQ,827643448521361,23,1028,133851,0
DEQ,827643449389433,23,1028,128078,0
DEQ,827643450204508,23,1028,82440,0
DEQ,827643451128589,23,1028,83309,0
DEQ,827643452106484,23,1028,129334,0
DEQ,827643453014925,23,1028,130407,0
DEQ,827643453913501,23,1028,125982,0
DEQ,827643454822338,23,1028,130126,0
DEQ,827643455728281,23,1028,131212,0
DEQ,827643456631051,23,1028,128604,0
DEQ,827643457532885,23,1028,126891,0
DEQ,827643458425645,23,1028,144474,0
DEQ,827643459291654,23,1028,145353,0
DEQ,827643460211383,23,1028,144221,0
DEQ,827643461102960,23,1028,110276,0
DEQ,827643462030551,23,1028,123502,0
DEQ,827643462932475,23,1028,127972,0
DEQ,827643463852377,23,1028,140551,0
DEQ,827643464745554,23,1028,129905,0
DEQ,827643465644461,23,1028,126165,0
DEQ,827643466543204,23,1028,122339,0
DEQ,827643467454782,23,1028,145939,0
DEQ,827643468316938,23,1028,114701,0
DEQ,827643469186364,23,1028,122536,0
DEQ,827643470100796,23,1028,148175,0
DEQ,827643470977678,23,1028,123255,0
DEQ,827643471896294,23,1028,138022,0
DEQ,827643472791658,23,1028,128971,0
DEQ,827643473691409,23,1028,125863,0
DEQ,827643474599844,23,1028,130736,0
DEQ,827643475499459,23,1028,127205,0
DEQ,827643476373117,23,1028,127991,0
DEQ,827643477227756,23,1028,121496,0
DEQ,827643478135746,23,1028,140905,0
DEQ,827643479031893,23,1028,126637,0
DEQ,827643479941939,23,1028,133564,0
DEQ,827643480852721,23,1028,140441,0
DEQ,827643481743884,23,1028,129463,0
DEQ,827643482642177,23,1028,125440,0
DEQ,827643483550063,23,1028,125765,0
DEQ,827643484467162,23,1028,139286,0
DEQ,827643485333213,23,1028,132979,0
DEQ,827643486175357,23,1028,114495,0
DEQ,827643487087988,23,1028,138712,0
DEQ,827643487973954,23,1028,122020,0
DEQ,827643488884201,23,1028,130204,0
DEQ,827643489780666,23,1028,124155,0
DEQ,827643490686702,23,1028,127258,0
DEQ,827643491597371,23,1028,134666,0
DEQ,827643492490416,23,1028,124517,0
DEQ,827643493355435,23,1028,116318,0
DEQ,827643494185714,23,1028,87158,0
DEQ,827643495094920,23,1028,106021,0
DEQ,827643496022642,23,1028,122696,0
DEQ,827643496925030,23,1028,122358,0
DEQ,827643497842403,23,1028,137516,0
DEQ,827643498737503,23,1028,130092,0
DEQ,827643499633438,23,1028,124421,0
DEQ,827643500537843,23,1028,125933,0
DEQ,827643501411783,23,1028,127025,0
DEQ,827643502294931,23,1028,145181,0
DEQ,827643503200768,23,1028,129027,0
DEQ,827643504122722,23,1028,133935,0
DEQ,827643505048494,23,1028,132746,0
DEQ,827643505963360,23,1028,136468,0
DEQ,827643506861866,23,1028,134638,0
DEQ,827643507775158,23,1028,138482,0
DEQ,827643508669166,23,1028,130611,0
DEQ,827643509564802,23,1028,122709,0
DEQ,827643510476105,23,1028,131655,0
DEQ,827643511347218,23,1028,129420,0
DEQ,827643512215028,23,1028,137828,0
DEQ,827643513108276,23,1028,134881,0
DEQ,827643514004544,23,1028,128104,0
DEQ,827643514901985,23,1028,122466,0
DEQ,827643515815211,23,1028,133160,0
DEQ,827643516735986,23,1028,151091,0
DEQ,827643517619186,23,1028,131694,0
DEQ,827643518523151,23,1028,133624,0
DEQ,827643519375658,23,1028,112541,0
DEQ,827643520269827,23,1028,147020,0
DEQ,827643521120415,23,1028,73688,0
DEQ,827643522098005,23,1028,119345,0
DEQ,827643523014305,23,1028,126271,0
DEQ,827643523925650,23,1028,132856,0
DEQ,827643524847105,23,1028,148487,0
DEQ,827643525736838,23,1028,133513,0
DEQ,827643526640547,23,1028,133271,0
DEQ,827643527516052,23,1028,135498,0
DEQ,827643528360091,23,1028,120038,0
DEQ,827643529223142,23,1028,123623,0
DEQ,827643530124431,23,1028,134842,0
DEQ,827643531046627,23,1028,140149,0
DEQ,827643531946594,23,1028,131569,0
DEQ,827643532850065,23,1028,144964,0
DEQ,827643533731712,23,1028,123751,0
DEQ,827643534645046,23,1028,131778,0
DEQ,827643535543457,23,1028,127089,0
DEQ,827643536412512,23,1028,122464,0
DEQ,827643537294013,23,1028,144630,0
DEQ,827643538193403,23,1028,119800,0
DEQ,827643539091107,23,1028,84807,0
DEQ,827643540063743,23,1028,122254,0
DEQ,827643540981315,23,1028,129123,0
DEQ,827643541877781,23,1028,125863,0
DEQ,827643542780384,23,1028,122459,0
DEQ,827643543691892,23,1028,128322,0
DEQ,827643544600173,23,1028,131839,0
DEQ,827643545440555,23,1028,68287,0
DEQ,827643546398897,23,1028,153923,0
DEQ,827643547143065,23,1028,37673,0
DEQ,827643548037180,23,1028,41706,0
DEQ,827643548941558,23,1028,43612,0
DEQ,827643549833807,23,1028,44353,0
DEQ,827643550812959,23,1028,129016,0
DEQ,827643551718722,23,1028,141098,0
DEQ,827643552606208,23,1028,125323,0
DEQ,827643553510414,23,1028,125691,0
DEQ,827643554371972,23,1028,113738,0
DEQ,827643555231527,23,1028,113484,0
DEQ,827643556109746,23,1028,86487,0
DEQ,827643557069896,23,1028,150981,0
DEQ,827643557978128,23,1028,148850,0
DEQ,827643558859458,23,1028,128217,0
DEQ,827643559767974,23,1028,133510,0
DEQ,827643560672438,23,1028,134765,0
DEQ,827643561563962,23,1028,123158,0
DEQ,827643562471940,23,1028,128042,0
DEQ,827643563343982,23,1028,126986,0
DEQ,827643564197684,23,1028,121347,0
DEQ,827643565103495,23,1028,139067,0
DEQ,827643566009985,23,1028,143190,0
DEQ,827643566900660,23,1028,125622,0
DEQ,827643567800320,23,1028,123539,0
DEQ,827643568718125,23,1028,138701,0
DEQ,827643569604528,23,1028,122723,0
DEQ,827643570520101,23,1028,135256,0
DEQ,827643571335384,23,1028,76265,0
DEQ,827643572256404,23,1028,137583,0
DEQ,827643573136111,23,1028,90157,0
DEQ,827643574105371,23,1028,132929,0
DEQ,827643575017733,23,1028,136156,0
DEQ,827643575919067,23,1028,128146,0
DEQ,827643576828115,23,1028,132866,0
DEQ,827643577725410,23,1028,123127,0
DEQ,827643578633393,23,1028,125814,0
DEQ,827643579546135,23,1028,130269,0
DEQ,827643580417773,23,1028,128653,0
DEQ,827643581294713,23,1028,140017,0
DEQ,827643582182816,23,1028,107243,0
DEQ,827643583108612,23,1028,123870,0
DEQ,827643584033235,23,1028,147825,0
DEQ,827643584924944,23,1028,125231,0
DEQ,827643585842728,23,1028,140273,0
DEQ,827643586737358,23,1028,130974,0
DEQ,827643587641969,23,1028,131677,0
DEQ,827643588536870,23,1028,122677,0
DEQ,827643589414153,23,1028,126039,0
DEQ,827643590298381,23,1028,143776,0
DEQ,827643591196572,23,1028,124920,0
DEQ,827643592099732,23,1028,117548,0
DEQ,827643593022209,23,1028,142144,0
DEQ,827643593924916,23,1028,133067,0
DEQ,827643594822322,23,1028,126008,0
DEQ,827643595732928,23,1028,132630,0
DEQ,827643596626998,23,1028,124316,0
DEQ,827643597535377,23,1028,129814,0
DEQ,827643598401974,23,1028,123216,0
DEQ,827643599279317,23,1028,141226,0
DEQ,827643600212203,23,1028,149847,0
DEQ,827643601109211,23,1028,118256,0
DEQ,827643602044927,23,1028,138581,0
DEQ,827643602947224,23,1028,135065,0
DEQ,827643603853999,23,1028,134152,0
DEQ,827643604760601,23,1028,136778,0
DEQ,827643605655291,23,1028,127646,0
DEQ,827643606590182,23,1028,156430,0
DEQ,827643607480535,23,1028,128326,0
DEQ,827643608371113,23,1028,154378,0
DEQ,827643609228714,23,1028,140716,0
DEQ,827643610119425,23,1028,122439,0
DEQ,827643611070040,23,1028,140687,0
DEQ,827643611979075,23,1028,136323,0
DEQ,827643612882112,23,1028,136478,0
DEQ,827643613782384,23,1028,128515,0
DEQ,827643614680809,23,1028,122243,0
DEQ,827643615599944,23,1028,137496,0
DEQ,827643616493278,23,1028,127506,0
DEQ,827643617360867,23,1028,121946,0
DEQ,827643618223455,23,1028,124738,0
DEQ,827643619112489,23,1028,125436,0
DEQ,827643620047078,23,1028,149178,0
DEQ,827643620934494,23,1028,129601,0
DEQ,827643621864744,23,1028,155322,0
DEQ,827643622750325,23,1028,135737,0
DEQ,827643623653610,23,1028,136346,0
DEQ,827643624547319,23,1028,126939,0
DEQ,827643625418674,23,1028,124881,0
DEQ,827643626234053,23,1028,71628,0
DEQ,827643627180732,23,1028,139014,0
DEQ,827643628067615,23,1028,123083,0
DEQ,827643628994104,23,1028,146564,0
DEQ,827643629886302,23,1028,130657,0
DEQ,827643630785296,23,1028,126617,0
DEQ,827643631693460,23,1028,130799,0
DEQ,827643632602399,23,1028,136419,0
DEQ,827643633498600,23,1028,130797,0
DEQ,827643634362242,23,1028,121266,0
DEQ,827643635232479,23,1028,132250,0
DEQ,827643636106948,23,1028,117250,0
DEQ,827643637031563,23,1028,134374,0
DEQ,827643637875592,23,1028,74011,0
DEQ,827643638775836,23,1028,65064,0
DEQ,827643639744597,23,1028,128600,0
DEQ,827643640642458,23,1028,124253,0
DEQ,827643641560614,23,1028,138705,0
DEQ,827643642475650,23,1028,148285,0
DEQ,827643643322296,23,1028,121799,0
DEQ,827643644190240,23,1028,130314,0
DEQ,827643645080744,23,1028,133136,0
DEQ,827643645987323,23,1028,138262,0
DEQ,827643646900749,23,1028,146317,0
DEQ,827643647802121,23,1028,138152,0
DEQ,827643648699348,23,1028,132807,0
DEQ,827643649600708,23,1028,130753,0
DEQ,827643650504586,23,1028,131032,0
DEQ,827643651375239,23,1028,128345,0
DEQ,827643652232370,23,1028,125968,0
DEQ,827643653103465,23,1028,108291,0
DEQ,827643654028998,23,1028,127933,0
DEQ,827643654934169,23,1028,130431,0
DEQ,827643655872082,23,1028,165239,0
DEQ,827643656747615,23,1028,134274,0
DEQ,827643657653425,23,1028,137058,0
DEQ,827643658549322,23,1028,130717,0
DEQ,827643659425799,23,1028,133717,0
DEQ,827643660297648,23,1028,139659,0
DEQ,827643661198261,23,1028,129344,0
DEQ,827643662109236,23,1028,131989,0
DEQ,827643663002460,23,1028,123745,0
DEQ,827643663913142,23,1028,126449,0
DEQ,827643664841632,23,1028,150175,0
DEQ,827643665733958,23,1028,125560,0
DEQ,827643666634194,23,1028,122409,0
DEQ,827643667540825,23,1028,125385,0
DEQ,827643668414134,23,1028,124190,0
DEQ,827643669271999,23,1028,122733,0
DEQ,827643670103741,23,1028,38986,0
DEQ,827643671123136,23,1028,136336,0
DEQ,827643672033733,23,1028,117032,0
DEQ,827643672973261,23,1028,148616,0
DEQ,827643673865706,23,1028,138983,0
DEQ,827643674716714,23,1028,80590,0
DEQ,827643675654837,23,1028,128534,0
DEQ,827643676480323,23,1028,94255,0
DEQ,827643677321954,23,1028,75958,0
DEQ,827643678179391,23,1028,72986,0
DEQ,827643679110435,23,1028,112169,0
DEQ,827643680039115,23,1028,129515,0
DEQ,827643680937228,23,1028,124289,0
DEQ,827643681780250,23,1028,63190,0
DEQ,827643682772852,23,1028,152271,0
DEQ,827643683658858,23,1028,129808,0
DEQ,827643684567363,23,1028,133619,0
DEQ,827643685477892,23,1028,141107,0
DEQ,827643686347928,23,1028,137303,0
DEQ,827643687185698,23,1028,115641,0
DEQ,827643688087595,23,1028,128900,0
DEQ,827643688991077,23,1028,130456,0
DEQ,827643689894815,23,1028,131376,0
DEQ,827643690790157,23,1028,123078,0
DEQ,827643691720967,23,1028,150915,0
DEQ,827643692607398,23,1028,127536,0
DEQ,827643693507608,23,1028,123056,0
DEQ,827643694328204,23,1028,70851,0
DEQ,827643695236381,23,1028,119710,0
DEQ,827643696111036,23,1028,94511,0
DEQ,827643697044377,23,1028,129513,0
DEQ,827643697947142,23,1028,129221,0
DEQ,827643698859499,23,1028,139519,0
DEQ,827643699759917,23,1028,133146,0
DEQ,827643700674858,23,1028,145205,0
DEQ,827643701561204,23,1028,123264,0
DEQ,827643702475132,23,1028,134233,0
DEQ,827643703301255,23,1028,86904,0
DEQ,827643704188550,23,1028,114848,0
DEQ,827643705098448,23,1028,136528,0
DEQ,827643705993428,23,1028,129251,0
DEQ,827643706896422,23,1028,129323,0
DEQ,827643707804901,23,1028,134094,0
DEQ,827643708707445,23,1028,133668,0
DEQ,827643709630489,23,1028,152986,0
DEQ,827643710521171,23,1028,131865,0
DEQ,827643711388245,23,1028,124117,0
DEQ,827643712270141,23,1028,146386,0
DEQ,827643713139875,23,1028,90983,0
DEQ,827643714099672,23,1028,123673,0
DEQ,827643715011837,23,1028,125932,0
DEQ,827643715918089,23,1028,130520,0
DEQ,827643716818199,23,1028,125851,0
DEQ,827643717724351,23,1028,127987,0
DEQ,827643718646155,23,1028,142743,0
DEQ,827643719554897,23,1028,136151,0
DEQ,827643720421421,23,1028,128402,0
DEQ,827643721307160,23,1028,148277,0
DEQ,827643722201332,23,1028,131402,0
DEQ,827643723100194,23,1028,121430,0
DEQ,827643724004497,23,1028,122066,0
DEQ,827643724919293,23,1028,136008,0
DEQ,827643725827696,23,1028,139670,0
DEQ,827643726726588,23,1028,133411,0
DEQ,827643727645244,23,1028,144718,0
DEQ,827643728546582,23,1028,133404,0
DEQ,827643729419459,23,1028,130942,0
DEQ,827643730302304,23,1028,147616,0
DEQ,827643731185105,23,1028,117815,0
DEQ,827643732100863,23,1028,124374,0
DEQ,827643733001688,23,1028,123315,0
DEQ,827643733919301,23,1028,134921,0
DEQ,827643734824443,23,1028,135095,0
DEQ,827643735732659,23,1028,139280,0
DEQ,827643736648084,23,1028,148725,0
DEQ,827643737559849,23,1028,144092,0
DEQ,827643738414754,23,1028,124728,0
DEQ,827643739229782,23,1028,71988,0
DEQ,827643740188219,23,1028,118904,0
DEQ,827643741106799,23,1028,128758,0
DEQ,827643742012352,23,1028,131761,0
DEQ,827643742916723,23,1028,129321,0
DEQ,827643743814073,23,1028,123265,0
DEQ,827643744731923,23,1028,138409,0
DEQ,827643745646971,23,1028,150471,0
DEQ,827643746544895,23,1028,134342,0
DEQ,827643747377803,23,1028,92892,0
DEQ,827643748289645,23,1028,145331,0
DEQ,827643749192866,23,1028,125676,0
DEQ,827643750111164,23,1028,132619,0
DEQ,827643751003095,23,1028,126263,0
DEQ,827643751918467,23,1028,138475,0
DEQ,827643752816433,23,1028,132153,0
DEQ,827643753724094,23,1028,133808,0
DEQ,827643754643362,23,1028,149644,0
DEQ,827643755522843,23,1028,144486,0
DEQ,827643756397897,23,1028,148132,0
DEQ,827643757241589,23,1028,117045,0
DEQ,827643758133548,23,1028,87238,0
DEQ,827643759073020,23,1028,132763,0
DEQ,827643759974859,23,1028,130482,0
DEQ,827643760874921,23,1028,127309,0
DEQ,827643761776844,23,1028,125878,0
DEQ,827643762683523,23,1028,129806,0
DEQ,827643763616183,23,1028,159662,0
DEQ,827643764503504,23,1028,132476,0
DEQ,827643765368172,23,1028,122710,0
DEQ,827643766227851,23,1028,122931,0
DEQ,827643767109723,23,1028,116007,0
DEQ,827643767962334,23,1028,52906,0
DEQ,827643768942529,23,1028,129308,0
DEQ,827643769857400,23,1028,141450,0
DEQ,827643770750457,23,1028,132343,0
DEQ,827643771650414,23,1028,124948,0
DEQ,827643772569027,23,1028,141743,0
DEQ,827643773474928,23,1028,139000,0
DEQ,827643774342022,23,1028,132706,0
DEQ,827643775185615,23,1028,117003,0
DEQ,827643776099319,23,1028,142507,0
DEQ,827643776990115,23,1028,130761,0
DEQ,827643777900429,23,1028,137207,0
DEQ,827643778790764,23,1028,124850,0
DEQ,827643779694480,23,1028,125930,0
DEQ,827643780607969,23,1028,135493,0
DEQ,827643781525981,23,1028,150020,0
DEQ,827643782368092,23,1028,113888,0
DEQ,827643783258476,23,1028,144516,0
DEQ,827643784134067,23,1028,95074,0
DEQ,827643785096508,23,1028,130576,0
DEQ,827643786005789,23,1028,128237,0
DEQ,827643786911344,23,1028,132396,0
DEQ,827643787818678,23,1028,133917,0
DEQ,827643788734999,23,1028,144672,0
DEQ,827643789623954,23,1028,130051,0
DEQ,827643790554353,23,1028,156033,0
DEQ,827643791380074,23,1028,95443,0
DEQ,827643792285136,23,1028,141152,0
DEQ,827643793191545,23,1028,121993,0
DEQ,827643794111172,23,1028,131553,0
DEQ,827643795003454,23,1028,123219,0
DEQ,827643795924800,23,1028,133187,0
DEQ,827643796830427,23,1028,137446,0
DEQ,827643797742777,23,1028,144977,0
DEQ,827643798628050,23,1028,125499,0
DEQ,827643799556489,23,1028,150552,0
DEQ,827643800414625,23,1028,126199,0
DEQ,827643801301827,23,1028,145914,0
DEQ,827643802165152,23,1028,90331,0
DEQ,827643803136381,23,1028,146705,0
DEQ,827643804034002,23,1028,117001,0
DEQ,827643804968428,23,1028,140504,0
DEQ,827643805869929,23,1028,142572,0
DEQ,827643806761023,23,1028,129553,0
DEQ,827643807664350,23,1028,126353,0
DEQ,827643808465646,23,1028,55699,0
DEQ,827643809459758,23,1028,104144,0
DEQ,827643810308807,23,1028,73130,0
DEQ,827643811146796,23,1028,35394,0
DEQ,827643812064497,23,1028,33531,0
DEQ,827643812966453,23,1028,41234,0
DEQ,827643813886297,23,1028,57616,0
DEQ,827643814771267,23,1028,41241,0
DEQ,827643815672317,23,1028,41385,0
DEQ,827643816573170,23,1028,40860,0
DEQ,827643817480318,23,1028,42132,0
DEQ,827643818394021,23,1028,46636,0
DEQ,827643819268205,23,1028,48158,0
DEQ,827643820112326,23,1028,32914,0
DEQ,827643821019062,23,1028,52658,0
DEQ,827643821909078,23,1028,42069,0
DEQ,827643822809697,23,1028,41172,0
DEQ,827643823710367,23,1028,41620,0
DEQ,827643824610501,23,1028,42069,0
DEQ,827643825519115,23,1028,50480,0
DEQ,827643826409533,23,1028,41457,0
DEQ,827643827281920,23,1028,33485,0
DEQ,827643828144341,23,1028,36729,0
DEQ,827643829036744,23,1028,41930,0
DEQ,827643829949969,23,1028,41321,0
DEQ,827643830851521,23,1028,41944,0
DEQ,827643831758634,23,1028,49178,0
DEQ,827643832650058,23,1028,40778,0
DEQ,827643833549610,23,1028,40533,0
DEQ,827643834450043,23,1028,41392,0
DEQ,827643835371197,23,1028,90709,0
DEQ,827643836236680,23,1028,82373,0
DEQ,827643837153168,23,1028,84408,0
DEQ,827643838034357,23,1028,36107,0
DEQ,827643838951987,23,1028,38542,0
DEQ,827643839857757,23,1028,43153,0
DEQ,827643840768557,23,1028,50908,0
DEQ,827643841665921,23,1028,42251,0
DEQ,827643842567175,23,1028,40363,0
DEQ,827643843467465,23,1028,40208,0
DEQ,827643844386002,23,1028,57612,0
DEQ,827643845262429,23,1028,47609,0
DEQ,827643846108273,23,1028,34103,0
DEQ,827643847018467,23,1028,56630,0
DEQ,827643847903419,23,1028,41102,0
DEQ,827643848803218,23,1028,41440,0
DEQ,827643849702845,23,1028,41382,0
DEQ,827643850602247,23,1028,41295,0
DEQ,827643851508989,23,1028,47812,0
DEQ,827643852402526,23,1028,40897,0
DEQ,827643853270326,23,1028,36742,0
DEQ,827643854133824,23,1028,39644,0
DEQ,827643855023260,23,1028,40774,0
DEQ,827643855940279,23,1028,42154,0
DEQ,827643856839915,23,1028,41133,0
DEQ,827643857740733,23,1028,41492,0
DEQ,827643858644307,23,1028,44878,0
DEQ,827643859540944,23,1028,41327,0
DEQ,827643860440219,23,1028,40827,0
DEQ,827643861314610,23,1028,43122,0
DEQ,827643862174293,23,1028,42868,0
DEQ,827643863074773,23,1028,42053,0
DEQ,827643863975421,23,1028,41788,0
DEQ,827643864889486,23,1028,55505,0
DEQ,827643865777075,23,1028,40856,0
DEQ,827643866676726,23,1028,40933,0
DEQ,827643867577068,23,1028,41570,0
DEQ,827643868478178,23,1028,42217,0
DEQ,827643869388426,23,1028,52616,0
DEQ,827643870240811,23,1028,32803,0
DEQ,827643871101038,23,1028,33933,0
DEQ,827643872012224,23,1028,56278,0
DEQ,827643872897659,23,1028,41384,0
DEQ,827643873796853,23,1028,40896,0
DEQ,827643874695550,23,1028,40539,0
DEQ,827643875594865,23,1028,40842,0
DEQ,827643876510370,23,1028,55687,0
DEQ,827643877396534,23,1028,42455,0
DEQ,827643878269399,23,1028,43311,0
DEQ,827643879135690,23,1028,50536,0
DEQ,827643880019673,23,1028,47389,0
DEQ,827643880925441,23,1028,40715,0
DEQ,827643881826709,23,1028,42003,0
DEQ,827643882726021,23,1028,41480,0
DEQ,827643883640001,23,1028,55511,0
DEQ,827643884525612,23,1028,40982,0
DEQ,827643885426041,23,1028,41212,0
DEQ,827643886290620,23,1028,33522,0
DEQ,827643887149025,23,1028,32904,0
DEQ,827643888056697,23,1028,43644,0
DEQ,827643888952412,23,1028,41426,0
DEQ,827643889863289,23,1028,40876,0
DEQ,827643890769854,23,1028,47759,0
DEQ,827643891664129,23,1028,41898,0
DEQ,827643892564034,23,1028,41797,0
DEQ,827643893463638,23,1028,40737,0
DEQ,827643894395078,23,1028,100333,0
DEQ,827643895249255,23,1028,81863,0
DEQ,827643896150112,23,1028,81084,0
DEQ,827643897032094,23,1028,36177,0
DEQ,827643897950948,23,1028,38008,0
DEQ,827643898877893,23,1028,61335,0
DEQ,827643899769527,23,1028,49291,0
DEQ,827643900662992,23,1028,41363,0
DEQ,827643901566470,23,1028,42722,0
DEQ,827643902464818,23,1028,40625,0
DEQ,827643903361089,23,1028,40793,0
DEQ,827643904225799,23,1028,33211,0
DEQ,827643905077425,23,1028,41958,0
DEQ,827643905977583,23,1028,41500,0
DEQ,827643906884183,23,1028,47845,0
DEQ,827643907786823,23,1028,41239,0
DEQ,827643908687872,23,1028,41995,0
DEQ,827643909587512,23,1028,41470,0
DEQ,827643910487871,23,1028,41083,0
DEQ,827643911394735,23,1028,47707,0
DEQ,827643912259456,23,1028,40543,0
DEQ,827643913111655,23,1028,33232,0
DEQ,827643914019733,23,1028,53626,0
DEQ,827643914907528,23,1028,41441,0
DEQ,827643915808330,23,1028,41780,0
DEQ,827643916716290,23,1028,41069,0
DEQ,827643917635667,23,1028,59068,0
DEQ,827643918521845,23,1028,45110,0
DEQ,827643919418675,23,1028,42053,0
DEQ,827643920282554,23,1028,33737,0
DEQ,827643921144802,23,1028,36795,0
DEQ,827643922037238,23,1028,41705,0
DEQ,827643922943707,23,1028,40497,0
DEQ,827643923844342,23,1028,41701,0
DEQ,827643924760695,23,1028,58374,0
DEQ,827643925655271,23,1028,40741,0
DEQ,827643926558878,23,1028,42167,0
DEQ,827643927459550,23,1028,41587,0
DEQ,827643928337715,23,1028,47006,0
DEQ,827643929247846,23,1028,91479,0
DEQ,827643930108083,23,1028,36380,0
DEQ,827643931021844,23,1028,39223,0
DEQ,827643931921418,23,1028,40666,0
DEQ,827643932824158,23,1028,41015,0
DEQ,827643933727237,23,1028,41578,0
DEQ,827643934645429,23,1028,47420,0
DEQ,827643935541654,23,1028,41999,0
DEQ,827643936441400,23,1028,40690,0
DEQ,827643937316400,23,1028,43260,0
DEQ,827643938175106,23,1028,42035,0
DEQ,827643939065133,23,1028,34071,0
DEQ,827643939964853,23,1028,39493,0
DEQ,827643940825995,23,1028,33749,0
DEQ,827643941717760,23,1028,34405,0
DEQ,827643942614016,23,1028,40957,0
DEQ,827643943524352,23,1028,41287,0
DEQ,827643944425526,23,1028,40803,0
DEQ,827643945291577,23,1028,34498,0
DEQ,827643946199540,23,1028,83319,0
DEQ,827643947079079,23,1028,35755,0
DEQ,827643948010852,23,1028,57048,0
DEQ,827643948897263,23,1028,43297,0
DEQ,827643949797608,23,1028,41054,0
DEQ,827643950699671,23,1028,40690,0
DEQ,827643951602272,23,1028,42229,0
DEQ,827643952525236,23,1028,48167,0
DEQ,827643953419426,23,1028,41499,0
DEQ,827643954283904,23,1028,33279,0
DEQ,827643955145878,23,1028,36216,0
DEQ,827643956040050,23,1028,42389,0
DEQ,827643956953147,23,1028,41299,0
DEQ,827643957853084,23,1028,41126,0
DEQ,827643958769146,23,1028,57063,0
DEQ,827643959653006,23,1028,40869,0
DEQ,827643960554810,23,1028,41963,0
DEQ,827643961463743,23,1028,40605,0
DEQ,827643962365391,23,1028,40867,0
DEQ,827643963229981,23,1028,33490,0
DEQ,827643964075832,23,1028,41450,0
DEQ,827643964976539,23,1028,41504,0
DEQ,827643965884496,23,1028,49169,0
DEQ,827643966775966,23,1028,40801,0
DEQ,827643967676427,23,1028,41617,0
DEQ,827643968574871,23,1028,40650,0
DEQ,827643969475896,23,1028,41573,0
DEQ,827643970395018,23,1028,52523,0
DEQ,827643971262176,23,1028,47710,0
DEQ,827643972107197,23,1028,33410,0
DEQ,827643973009546,23,1028,48039,0
DEQ,827643973902325,23,1028,40998,0
DEQ,827643974801789,23,1028,41019,0
DEQ,827643975701455,23,1028,41263,0
DEQ,827643976601506,23,1028,41342,0
DEQ,827643977516555,23,1028,56491,0
DEQ,827643978401079,23,1028,41320,0
DEQ,827643979275803,23,1028,32548,0
DEQ,827643980145165,23,1028,42937,0
DEQ,827643981030098,23,1028,40765,0
DEQ,827643981938922,23,1028,41693,0
DEQ,827643982838469,23,1028,40847,0
DEQ,827643983738385,23,1028,40899,0
DEQ,827643984645167,23,1028,47600,0
DEQ,827643985540800,23,1028,41282,0
DEQ,827643986439984,23,1028,40829,0
DEQ,827643987304379,23,1028,33504,0
DEQ,827643988164254,23,1028,33319,0
DEQ,827643989077830,23,1028,49269,0
DEQ,827643989970594,23,1028,41197,0
DEQ,827643990888148,23,1028,57127,0
DEQ,827643991772520,23,1028,40725,0
DEQ,827643992672001,23,1028,40280,0
DEQ,827643993571385,23,1028,40608,0
DEQ,827643994471337,23,1028,40855,0
DEQ,827643995386100,23,1028,56119,0
DEQ,827643996235077,23,1028,33153,0
DEQ,827643997094899,23,1028,32791,0
DEQ,827643997990473,23,1028,40709,0
DEQ,827643998895193,23,1028,45286,0
DEQ,827643999791907,23,1028,41492,0
DEQ,827644000692287,23,1028,41217,0
DEQ,827644001593044,23,1028,40810,0
DEQ,827644002492753,23,1028,40695,0
DEQ,827644003396005,23,1028,43785,0
DEQ,827644004330005,23,1028,105217,0
DEQ,827644005145510,23,1028,47537,0
DEQ,827644006055374,23,1028,33701,0
DEQ,827644006963313,23,1028,47998,0
DEQ,827644007878556,23,1028,59995,0
DEQ,827644008770250,23,1028,49975,0
DEQ,827644009666022,23,1028,41389,0
DEQ,827644010566979,23,1028,41589,0
DEQ,827644011467966,23,1028,41841,0
DEQ,827644012387548,23,1028,59855,0
DEQ,827644013295029,23,1028,95079,0
DEQ,827644014108896,23,1028,36201,0
DEQ,827644015041916,23,1028,54440,0
DEQ,827644015934041,23,1028,41857,0
DEQ,827644016839884,23,1028,40860,0
DEQ,827644017740377,23,1028,40267,0
DEQ,827644018646343,23,1028,45704,0
DEQ,827644019545049,23,1028,41287,0
DEQ,827644020445933,23,1028,41444,0
DEQ,827644021319763,23,1028,43004,0
DEQ,827644022220496,23,1028,84673,0
DEQ,827644023096081,23,1028,35572,0
DEQ,827644024021370,23,1028,43317,0
DEQ,827644024919322,23,1028,41575,0
DEQ,827644025823768,23,1028,40688,0
DEQ,827644026726138,23,1028,41609,0
DEQ,827644027641133,23,1028,55732,0
DEQ,827644028526192,23,1028,40655,0
DEQ,827644029426318,23,1028,40719,0
DEQ,827644030291570,23,1028,33568,0
DEQ,827644031149851,23,1028,32816,0
DEQ,827644032074637,23,1028,52877,0
DEQ,827644032953504,23,1028,41398,0
DEQ,827644033860318,23,1028,42684,0
DEQ,827644034770418,23,1028,52754,0
DEQ,827644035659227,23,1028,41688,0
DEQ,827644036558953,23,1028,41434,0
DEQ,827644037458868,23,1028,41812,0
DEQ,827644038329695,23,1028,40810,0
DEQ,827644039181436,23,1028,33505,0
DEQ,827644040140161,23,1028,101277,0
DEQ,827644041020670,23,1028,45052,0
DEQ,827644041932774,23,1028,39890,0
DEQ,827644042833738,23,1028,41960,0
DEQ,827644043736754,23,1028,40726,0
DEQ,827644044646133,23,1028,48118,0
DEQ,827644045540992,23,1028,42021,0
DEQ,827644046441360,23,1028,41394,0
DEQ,827644047310595,23,1028,38627,0
DEQ,827644048221910,23,1028,90725,0
DEQ,827644049092716,23,1028,35768,0
DEQ,827644050020549,23,1028,51018,0
DEQ,827644050916310,23,1028,41967,0
DEQ,827644051820951,23,1028,41654,0
DEQ,827644052723389,23,1028,41821,0
DEQ,827644053639035,23,1028,55604,0
DEQ,827644054524572,23,1028,41154,0
DEQ,827644055427924,23,1028,42317,0
DEQ,827644056292111,23,1028,33768,0
DEQ,827644057203701,23,1028,85823,0
DEQ,827644058124695,23,1028,79820,0
DEQ,827644059020791,23,1028,47073,0
DEQ,827644059932493,23,1028,38509,0
DEQ,827644060832724,23,1028,41926,0
DEQ,827644061736085,23,1028,40892,0
DEQ,827644062645550,23,1028,48958,0
DEQ,827644063539801,23,1028,41328,0
DEQ,827644064440272,23,1028,41587,0
DEQ,827644065304321,23,1028,33380,0
DEQ,827644066211626,23,1028,81363,0
DEQ,827644067091615,23,1028,35413,0
DEQ,827644068019929,23,1028,52155,0
DEQ,827644068916389,23,1028,43680,0
DEQ,827644069819763,23,1028,40821,0
DEQ,827644070721659,23,1028,40914,0
DEQ,827644071637343,23,1028,55811,0
DEQ,827644072523353,23,1028,40919,0
DEQ,827644073424338,23,1028,41351,0
DEQ,827644074292270,23,1028,33662,0
DEQ,827644075151763,23,1028,33003,0
DEQ,827644076047736,23,1028,33032,0
DEQ,827644076943324,23,1028,48920,0
DEQ,827644077815597,23,1028,36831,0
DEQ,827644078715978,23,1028,42957,0
DEQ,827644079617085,23,1028,52143,0
DEQ,827644080618919,23,1028,150690,0
DEQ,827644081525837,23,1028,156275,0
DEQ,827644082371079,23,1028,115137,0
DEQ,827644083270215,23,1028,143960,0
DEQ,827644084203278,23,1028,88633,0
DEQ,827644085190849,23,1028,74771,0
DEQ,827644086180958,23,1028,75478,0
DEQ,827644087184942,23,1028,85520,0
DEQ,827644088202377,23,1028,113695,0
DEQ,827644089167240,23,1028,91265,0
DEQ,827644090209925,23,1028,147279,0
DEQ,827644091198626,23,1028,146807,0
DEQ,827644092189032,23,1028,146924,0
DEQ,827644093113881,23,1028,82424,0
DEQ,827644094167578,23,1028,146340,0
DEQ,827644095153988,23,1028,145937,0
DEQ,827644096127313,23,1028,133858,0
DEQ,827644097130311,23,1028,138276,0
DEQ,827644098119043,23,1028,138011,0
DEQ,827644099116109,23,1028,150987,0
DEQ,827644100077155,23,1028,120660,0
DEQ,827644100988994,23,1028,120313,0
DEQ,827644101899562,23,1028,135782,0
DEQ,827644102793500,23,1028,125384,0
DEQ,827644103697053,23,1028,126361,0
DEQ,827644104626859,23,1028,153973,0
DEQ,827644105502073,23,1028,142279,0
DEQ,827644106352146,23,1028,109803,0
DEQ,827644107274944,23,1028,148283,0
DEQ,827644108197332,23,1028,82360,0
DEQ,827644109192379,23,1028,83914,0
DEQ,827644110185648,23,1028,100433,0
DEQ,827644111152830,23,1028,82626,0
DEQ,827644112203636,23,1028,146612,0
DEQ,827644113198265,23,1028,148518,0
DEQ,827644114181001,23,1028,141601,0
DEQ,827644115177503,23,1028,147536,0
DEQ,827644116178273,23,1028,144341,0
DEQ,827644117168911,23,1028,142456,0
DEQ,827644118170882,23,1028,148618,0
DEQ,827644119124685,23,1028,106766,0
DEQ,827644120121344,23,1028,112308,0
DEQ,827644121129196,23,1028,126117,0
DEQ,827644122122473,23,1028,133808,0
DEQ,827644123136331,23,1028,160544,0
DEQ,827644124136433,23,1028,166047,0
DEQ,827644125103631,23,1028,136014,0
DEQ,827644126028393,23,1028,139397,0
DEQ,827644126920998,23,1028,131371,0
DEQ,827644127818067,23,1028,122545,0
DEQ,827644128737158,23,1028,137766,0
DEQ,827644129630063,23,1028,128712,0
DEQ,827644130556370,23,1028,153997,0
DEQ,827644131435104,23,1028,145721,0
DEQ,827644132248290,23,1028,82212,0
DEQ,827644133196800,23,1028,77171,0
DEQ,827644134185819,23,1028,95397,0
DEQ,827644135085682,23,1028,111483,0
DEQ,827644135899699,23,1028,58040,0
DEQ,827644136831384,23,1028,128873,0
DEQ,827644137688501,23,1028,126687,0
DEQ,827644138582360,23,1028,130926,0
DEQ,827644139490221,23,1028,144302,0
DEQ,827644140353674,23,1028,135357,0
DEQ,827644141151792,23,1028,74327,0
DEQ,827644142101763,23,1028,137196,0
DEQ,827644143006165,23,1028,139766,0
DEQ,827644143912133,23,1028,126357,0
DEQ,827644144829161,23,1028,140362,0
DEQ,827644145732324,23,1028,142433,0
DEQ,827644146569348,23,1028,77617,0
DEQ,827644147544227,23,1028,157919,0
DEQ,827644148424134,23,1028,151214,0
DEQ,827644149296707,23,1028,146947,0
DEQ,827644150274849,23,1028,143297,0
DEQ,827644151222477,23,1028,95782,0
DEQ,827644152224703,23,1028,111261,0
DEQ,827644153191228,23,1028,79970,0
DEQ,827644154140171,23,1028,100974,0
DEQ,827644155121917,23,1028,97896,0
DEQ,827644156137392,23,1028,125951,0
DEQ,827644157141314,23,1028,145547,0
DEQ,827644158136672,23,1028,148231,0
DEQ,827644159132782,23,1028,154112,0
DEQ,827644160133075,23,1028,162874,0
DEQ,827644161074624,23,1028,117514,0
DEQ,827644161999545,23,1028,131728,0
DEQ,827644162909804,23,1028,137535,0
DEQ,827644163808565,23,1028,132128,0
DEQ,827644164723729,23,1028,144931,0
DEQ,827644165609117,23,1028,127058,0
DEQ,827644166540544,23,1028,156221,0
DEQ,827644167387390,23,1028,116412,0
DEQ,827644168294298,23,1028,146538,0
DEQ,827644169276006,23,1028,147574,0
DEQ,827644170205860,23,1028,89245,1
DEQ,827644170212648,23,84,70869,0
DEQ,827644171207234,23,1028,90977,0
DEQ,827644172215925,23,1028,100795,0
DEQ,827644173191093,23,1028,85253,0
DEQ,827644174207778,23,1028,115869,0
DEQ,827644175225359,23,1028,145502,0
DEQ,827644176218125,23,1028,145176,0
DEQ,827644177217195,23,1028,155262,0
DEQ,827644178135525,23,1028,85738,0
DEQ,827644179189136,23,1028,144198,0
DEQ,827644180177537,23,1028,145444,0
DEQ,827644181174952,23,1028,151381,0
DEQ,827644182160140,23,1028,142126,0
DEQ,827644183157702,23,1028,143612,0
DEQ,827644184161258,23,1028,147719,0
DEQ,827644185155743,23,1028,145382,0
DEQ,827644186149513,23,1028,152331,0
DEQ,827644187121578,23,1028,135153,0
DEQ,827644188127959,23,1028,146253,0
DEQ,827644189117341,23,1028,138323,0
DEQ,827644190099124,23,1028,135841,0
DEQ,827644191012765,23,1028,137418,0
DEQ,827644191912234,23,1028,130604,0
DEQ,827644192815564,23,1028,129839,0
DEQ,827644193736603,23,1028,147651,0
DEQ,827644194617506,23,1028,127302,0
DEQ,827644195551224,23,1028,159794,0
DEQ,827644196428148,23,1028,149901,0
DEQ,827644197299419,23,1028,143869,0
DEQ,827644198055905,23,1028,38440,0
DEQ,827644199112086,23,1028,102115,0
DEQ,827644200117433,23,1028,119987,0
DEQ,827644201145198,23,1028,148296,0
DEQ,827644202136323,23,1028,146427,0
DEQ,827644203122010,23,1028,138529,0
DEQ,827644204129728,23,1028,154370,0
DEQ,827644205129292,23,1028,159124,0
DEQ,827644206096423,23,1028,136100,0
DEQ,827644206992218,23,1028,121173,0
DEQ,827644207842617,23,1028,73661,0
DEQ,827644208797440,23,1028,125432,0
DEQ,827644209724249,23,1028,149671,0
DEQ,827644210619931,23,1028,128729,0
DEQ,827644211555686,23,1028,161108,0
DEQ,827644212424678,23,1028,143248,0
DEQ,827644213306244,23,1028,147799,0
DEQ,827644214282023,23,1028,143189,0
DEQ,827644215227633,23,1028,94911,0
DEQ,827644216206348,23,1028,82120,0
DEQ,827644217254742,23,1028,143188,0
DEQ,827644218257602,23,1028,152376,0
DEQ,827644219238119,23,1028,138485,0
DEQ,827644220257409,23,1028,157782,0
DEQ,827644221249609,23,1028,159301,0
DEQ,827644222193508,23,1028,98762,0
DEQ,827644223235013,23,1028,150916,0
DEQ,827644224217548,23,1028,144483,0
DEQ,827644225211799,23,1028,149558,0
DEQ,827644226194551,23,1028,142516,0
DEQ,827644227201769,23,1028,150679,0
DEQ,827644228193286,23,1028,145573,0
DEQ,827644229175344,23,1028,139829,0
DEQ,827644230175129,23,1028,143080,0
DEQ,827644231141333,23,1028,120313,0
DEQ,827644232162919,23,1028,141780,0
DEQ,827644233127355,23,1028,101996,0
DEQ,827644234177616,23,1028,144387,0
DEQ,827644235173224,23,1028,145735,0
DEQ,827644236158472,23,1028,142305,0
DEQ,827644237149931,23,1028,146190,0
DEQ,827644238120017,23,1028,123049,0
DEQ,827644239119780,23,1028,130397,0
DEQ,827644240125419,23,1028,136409,0
DEQ,827644241114203,23,1028,138146,0
DEQ,827644242130897,23,1028,160298,0
DEQ,827644243095438,23,1028,133089,0
DEQ,827644243992988,23,1028,115861,0
DEQ,827644244896676,23,1028,127252,0
DEQ,827644245808653,23,1028,135577,0
DEQ,827644246709404,23,1028,131363,0
DEQ,827644247616095,23,1028,136237,0
DEQ,827644248542566,23,1028,161218,0
DEQ,827644249442327,23,1028,153549,0
DEQ,827644250310765,23,1028,144986,0
DEQ,827644251271042,23,1028,144278,0
DEQ,827644252270857,23,1028,145507,0
DEQ,827644253255604,23,1028,143071,0
DEQ,827644254201485,23,1028,112067,0
DEQ,827644255197445,23,1028,122639,0
DEQ,827644256146290,23,1028,81330,0
DEQ,827644257204048,23,1028,143991,0
DEQ,827644258197282,23,1028,142040,0
DEQ,827644259197876,23,1028,148640,0
DEQ,827644260191771,23,1028,144440,0
DEQ,827644261185665,23,1028,150600,0
DEQ,827644262181432,23,1028,146360,0
DEQ,827644263174134,23,1028,150019,0
DEQ,827644263971982,23,1028,37946,0
DEQ,827644264950831,23,1028,37456,0
DEQ,827644265848246,23,1028,33634,0
DEQ,827644266744253,23,1028,38510,0
DEQ,827644267756687,23,1028,156851,0
DEQ,827644268629663,23,1028,134512,0
DEQ,827644269454164,23,1028,56555,0
DEQ,827644270439787,23,1028,154553,0
DEQ,827644271306267,23,1028,144115,0
DEQ,827644272279222,23,1028,147240,0
DEQ,827644273209210,23,1028,84473,0
DEQ,827644274260189,23,1028,142615,0
DEQ,827644275193428,23,1028,82412,0
DEQ,827644276200864,23,1028,100733,0
DEQ,827644277192640,23,1028,95617,0
DEQ,827644278120975,23,1028,89909,0
DEQ,827644279123425,23,1028,104660,0
DEQ,827644280152839,23,1028,144724,0
DEQ,827644281147575,23,1028,154455,0
DEQ,827644281991356,23,1028,37790,0
DEQ,827644282904238,23,1028,33203,0
DEQ,827644283810027,23,1028,42536,0
DEQ,827644284716911,23,1028,41479,0
DEQ,827644285636553,23,1028,50542,0
DEQ,827644286528293,23,1028,41339,0
DEQ,827644287442878,23,1028,41867,0
DEQ,827644288313403,23,1028,39114,0
DEQ,827644289167004,23,1028,33400,0
DEQ,827644290080356,23,1028,34727,0
DEQ,827644290976568,23,1028,41018,0
DEQ,827644291886598,23,1028,48581,0
DEQ,827644292782570,23,1028,41019,0
DEQ,827644293685799,23,1028,42044,0
DEQ,827644294588607,23,1028,41490,0
DEQ,827644295491724,23,1028,41745,0
DEQ,827644296399191,23,1028,42396,0
DEQ,827644297272092,23,1028,43120,0
DEQ,827644298138073,23,1028,49744,0
DEQ,827644299022105,23,1028,44640,0
DEQ,827644299921601,23,1028,41385,0
DEQ,827644300824355,23,1028,40540,0
DEQ,827644301727903,23,1028,41984,0
DEQ,827644302636806,23,1028,48277,0
DEQ,827644303532256,23,1028,41020,0
DEQ,827644304436003,23,1028,41279,0
DEQ,827644305306207,23,1028,33480,0
DEQ,827644306211886,23,1028,79809,0
DEQ,827644307092273,23,1028,35522,0
DEQ,827644308011754,23,1028,46227,0
DEQ,827644308914174,23,1028,46844,0
DEQ,827644309821499,23,1028,44104,0
DEQ,827644310723115,23,1028,41071,0
DEQ,827644311640224,23,1028,54882,0
DEQ,827644312538699,23,1028,49486,0
DEQ,827644313436455,23,1028,42110,0
DEQ,827644314317580,23,1028,43061,0
DEQ,827644315212861,23,1028,78953,0
DEQ,827644316092977,23,1028,35453,0
DEQ,827644317022205,23,1028,56059,0
DEQ,827644317912425,23,1028,42895,0
DEQ,827644318818382,23,1028,41745,0
DEQ,827644319721681,23,1028,41392,0
DEQ,827644320640126,23,1028,56565,0
DEQ,827644321527963,23,1028,40996,0
DEQ,827644322431424,23,1028,41287,0
DEQ,827644323304479,23,1028,33994,0
DEQ,827644324212017,23,1028,82147,0
DEQ,827644325145293,23,1028,89828,0
DEQ,827644326022483,23,1028,40338,0
DEQ,827644326929495,23,1028,39614,0
DEQ,827644327832312,23,1028,41696,0
DEQ,827644328737996,23,1028,41657,0
DEQ,827644329647263,23,1028,46718,0
DEQ,827644330546299,23,1028,41819,0
DEQ,827644331449009,23,1028,41406,0
DEQ,827644332330708,23,1028,41878,0
DEQ,827644333186394,23,1028,33472,0
DEQ,827644334091204,23,1028,34290,0
DEQ,827644334988322,23,1028,41192,0
DEQ,827644335901836,23,1028,48070,0
DEQ,827644336797323,23,1028,40962,0
DEQ,827644337699893,23,1028,41261,0
DEQ,827644338603628,23,1028,42100,0
DEQ,827644339511847,23,1028,47657,0
DEQ,827644340399109,23,1028,33583,0
DEQ,827644341272507,23,1028,46149,0
DEQ,827644342118751,23,1028,32857,0
DEQ,827644343022258,23,1028,46926,0
DEQ,827644343919114,23,1028,40956,0
DEQ,827644344820706,23,1028,40712,0
DEQ,827644345724600,23,1028,42056,0
DEQ,827644346641591,23,1028,56665,0
DEQ,827644347528843,23,1028,40867,0
DEQ,827644348433237,23,1028,42394,0
DEQ,827644349297732,23,1028,32930,0
DEQ,827644350159269,23,1028,33457,0
DEQ,827644351070228,23,1028,34287,0
DEQ,827644351967617,23,1028,41413,0
DEQ,827644352869996,23,1028,41383,0
DEQ,827644353774647,23,1028,44704,0
DEQ,827644354672892,23,1028,40942,0
DEQ,827644355576223,23,1028,41008,0
DEQ,827644356480490,23,1028,42115,0
DEQ,827644357397424,23,1028,55092,0
DEQ,827644358263460,23,1028,48733,0
DEQ,827644359109071,23,1028,33865,0
DEQ,827644360021754,23,1028,57538,0
DEQ,827644360908642,23,1028,41671,0
DEQ,827644361810495,23,1028,41763,0
STATS,827644361817541,0,0,14654,14654,0,0,0
DEQ,827644362712729,23,1028,41725,0
DEQ,827644363614006,23,1028,40794,0
DEQ,827644364522467,23,1028,46805,0
DEQ,827644365418944,23,1028,41141,0
DEQ,827644366283501,23,1028,33484,0
DEQ,827644367147908,23,1028,38664,0
DEQ,827644368053147,23,1028,42050,0
DEQ,827644368950738,23,1028,41023,0
DEQ,827644369853651,23,1028,41869,0
DEQ,827644370762115,23,1028,47820,0
DEQ,827644371657069,23,1028,40499,0
DEQ,827644372560295,23,1028,41435,0
DEQ,827644373462824,23,1028,41883,0
DEQ,827644374338611,23,1028,44799,0
DEQ,827644375193232,23,1028,33405,0
DEQ,827644376078522,23,1028,41876,0
DEQ,827644376984828,23,1028,41561,0
DEQ,827644377897521,23,1028,51968,0
DEQ,827644378790444,23,1028,42880,0
DEQ,827644379691787,23,1028,41502,0
DEQ,827644380594258,23,1028,41415,0
DEQ,827644381514607,23,1028,56230,0
DEQ,827644382402784,23,1028,40759,0
DEQ,827644383272612,23,1028,38357,0
DEQ,827644384141654,23,1028,48029,0
DEQ,827644385025220,23,1028,43022,0
DEQ,827644385932210,23,1028,41253,0
DEQ,827644386833820,23,1028,41373,0
DEQ,827644387736795,23,1028,41987,0
DEQ,827644388647014,23,1028,50456,0
DEQ,827644389542696,23,1028,42694,0
DEQ,827644390444082,23,1028,41824,0
DEQ,827644391318336,23,1028,43452,0
DEQ,827644392218236,23,1028,84098,0
DEQ,827644393094570,23,1028,36296,0
DEQ,827644394022089,23,1028,56903,0
DEQ,827644394920748,23,1028,43621,0
DEQ,827644395821513,23,1028,41516,0
DEQ,827644396727162,23,1028,41839,0
DEQ,827644397637268,23,1028,49570,0
DEQ,827644398494931,23,1028,33379,0
DEQ,827644399357572,23,1028,35930,0
DEQ,827644400216420,23,1028,34807,0
DEQ,827644401079103,23,1028,39385,0
DEQ,827644401970816,23,1028,34839,0
DEQ,827644402870466,23,1028,41187,0
DEQ,827644403781083,23,1028,41395,0
DEQ,827644404684578,23,1028,41865,0
DEQ,827644405594012,23,1028,44013,0
DEQ,827644406492730,23,1028,40785,0
DEQ,827644407397801,23,1028,44197,0
DEQ,827644408272744,23,1028,46432,0
DEQ,827644409118868,23,1028,33236,0
DEQ,827644410022651,23,1028,47338,0
DEQ,827644410920248,23,1028,41324,0
DEQ,827644411822557,23,1028,41972,0
DEQ,827644412732548,23,1028,41975,0
DEQ,827644413647823,23,1028,54883,0
DEQ,827644414537178,23,1028,41598,0
DEQ,827644415439546,23,1028,41062,0
DEQ,827644416309496,23,1028,38548,0
DEQ,827644417163776,23,1028,33604,0
DEQ,827644418071135,23,1028,40216,0
DEQ,827644418969261,23,1028,41052,0
DEQ,827644419888756,23,1028,58432,0
DEQ,827644420775267,23,1028,43315,0
DEQ,827644421680472,23,1028,40684,0
DEQ,827644422585477,23,1028,42350,0
DEQ,827644423506217,23,1028,60089,0
DEQ,827644424397932,23,1028,50120,0
DEQ,827644425267297,23,1028,47568,0
DEQ,827644426131200,23,1028,52228,0
DEQ,827644427022965,23,1028,54914,0
DEQ,827644427912272,23,1028,41455,0
DEQ,827644428814080,23,1028,41721,0
DEQ,827644429716954,23,1028,40657,0
DEQ,827644430643070,23,1028,56495,0
DEQ,827644431531316,23,1028,41580,0
DEQ,827644432433135,23,1028,41232,0
DEQ,827644433297454,23,1028,33453,0
DEQ,827644434207698,23,1028,84381,0
DEQ,827644435135309,23,1028,87052,0
DEQ,827644436023214,23,1028,47760,0
DEQ,827644436925981,23,1028,43166,0
DEQ,827644437835789,23,1028,48763,0
DEQ,827644438733325,23,1028,41230,0
DEQ,827644439650718,23,1028,46910,0
DEQ,827644440549712,23,1028,40786,0
DEQ,827644441455559,23,1028,41910,0
DEQ,827644442327421,23,1028,41202,0
DEQ,827644443178351,23,1028,32795,0
DEQ,827644444092298,23,1028,37693,0
DEQ,827644444989853,23,1028,41494,0
DEQ,827644445898046,23,1028,47037,0
DEQ,827644446795168,23,1028,41672,0
DEQ,827644447696865,23,1028,40833,0
DEQ,827644448607360,23,1028,41557,0
DEQ,827644449523096,23,1028,53809,0
DEQ,827644450412868,23,1028,41112,0
DEQ,827644451276345,23,1028,32713,0
DEQ,827644452148175,23,1028,45186,0
DEQ,827644453033501,23,1028,41025,0
DEQ,827644453951459,23,1028,43334,0
DEQ,827644454849216,23,1028,40963,0
DEQ,827644455769153,23,1028,57519,0
DEQ,827644456655798,23,1028,40677,0
DEQ,827644457565023,23,1028,41321,0
DEQ,827644458467351,23,1028,41523,0
DEQ,827644459370104,23,1028,41431,0
DEQ,827644460235101,23,1028,33571,0
DEQ,827644461093699,23,1028,32807,0
DEQ,827644461990431,23,1028,40895,0
DEQ,827644462898109,23,1028,46185,0
DEQ,827644463795953,23,1028,41188,0
DEQ,827644464697952,23,1028,41113,0
DEQ,827644465601369,23,1028,41887,0
DEQ,827644466522701,23,1028,55077,0
DEQ,827644467411821,23,1028,42078,0
DEQ,827644468275540,23,1028,32952,0
DEQ,827644469148111,23,1028,46142,0
DEQ,827644470032375,23,1028,41239,0
DEQ,827644470943744,23,1028,41501,0
DEQ,827644471845832,23,1028,40964,0
DEQ,827644472764171,23,1028,57289,0
DEQ,827644473650809,23,1028,42031,0
DEQ,827644474552371,23,1028,40834,0
DEQ,827644475460213,23,1028,41256,0
DEQ,827644476337489,23,1028,46345,0
DEQ,827644477238339,23,1028,81075,0
DEQ,827644478103043,23,1028,35949,0
DEQ,827644479023242,23,1028,49107,0
DEQ,827644479918404,23,1028,41766,0
DEQ,827644480827967,23,1028,44966,0
DEQ,827644481728505,23,1028,42128,0
DEQ,827644482637828,23,1028,47751,0
DEQ,827644483535145,23,1028,41438,0
DEQ,827644484446492,23,1028,40979,0
DEQ,827644485317381,23,1028,38487,0
DEQ,827644486171856,23,1028,33599,0
DEQ,827644487080524,23,1028,41535,0
DEQ,827644487978362,23,1028,41462,0
DEQ,827644488897882,23,1028,57419,0
DEQ,827644489785034,23,1028,41526,0
DEQ,827644490687555,23,1028,41705,0
DEQ,827644491590222,23,1028,41699,0
DEQ,827644492492282,23,1028,41460,0
DEQ,827644493400620,23,1028,41833,0
DEQ,827644494273325,23,1028,40000,0
DEQ,827644495139797,23,1028,47088,0
DEQ,827644496025672,23,1028,44007,0
DEQ,827644496937606,23,1028,41430,0
DEQ,827644497839601,23,1028,41165,0
DEQ,827644498742215,23,1028,40596,0
DEQ,827644499653603,23,1028,48243,0
DEQ,827644500549013,23,1028,41062,0
DEQ,827644501457777,23,1028,41639,0
DEQ,827644502383904,23,1028,93157,0
DEQ,827644503246623,23,1028,85099,0
DEQ,827644504153990,23,1028,86626,0
DEQ,827644505028170,23,1028,35065,0
DEQ,827644505947502,23,1028,41738,0
DEQ,827644506849491,23,1028,40961,0
DEQ,827644507762970,23,1028,48731,0
DEQ,827644508659380,23,1028,41229,0
DEQ,827644509564830,23,1028,41587,0
DEQ,827644510468275,23,1028,42404,0
DEQ,827644511394621,23,1028,56752,0
DEQ,827644512304025,23,1028,93099,0
DEQ,827644513117233,23,1028,35474,0
DEQ,827644514030122,23,1028,41535,0
DEQ,827644514934759,23,1028,42297,0
DEQ,827644515841133,23,1028,42259,0
DEQ,827644516745336,23,1028,40772,0
DEQ,827644517650612,23,1028,42783,0
DEQ,827644518552370,23,1028,41044,0
DEQ,827644519455402,23,1028,41468,0
DEQ,827644520348707,23,1028,41248,0
DEQ,827644521215440,23,1028,34984,0
DEQ,827644522081575,23,1028,44462,0
DEQ,827644522980295,23,1028,41595,0
DEQ,827644523897782,23,1028,56514,0
DEQ,827644524786996,23,1028,41652,0
DEQ,827644525697951,23,1028,45149,0
DEQ,827644526596419,23,1028,41045,0
DEQ,827644527514657,23,1028,56584,0
DEQ,827644528401708,23,1028,41155,0
DEQ,827644529274821,23,1028,34196,0
DEQ,827644530147492,23,1028,47554,0
DEQ,827644531030045,23,1028,41086,0
DEQ,827644531900931,23,1028,32843,0
DEQ,827644532800394,23,1028,42157,0
DEQ,827644533703157,23,1028,41350,0
DEQ,827644534601702,23,1028,36002,0
DEQ,827644535462187,23,1028,33884,0
DEQ,827644536331308,23,1028,34130,0
DEQ,827644537198505,23,1028,40923,0
DEQ,827644538084888,23,1028,45758,0
DEQ,827644538983927,23,1028,41821,0
DEQ,827644539898623,23,1028,53704,0
DEQ,827644540790372,23,1028,41776,0
DEQ,827644541692338,23,1028,41388,0
DEQ,827644542594866,23,1028,40901,0
DEQ,827644543514948,23,1028,57905,0
DEQ,827644544401053,23,1028,41165,0
DEQ,827644545273629,23,1028,41427,0
DEQ,827644546139773,23,1028,48338,0
DEQ,827644547025370,23,1028,43557,0
DEQ,827644547930346,23,1028,41217,0
DEQ,827644548833624,23,1028,41807,0
DEQ,827644549742720,23,1028,45403,0
DEQ,827644550648751,23,1028,48429,0
DEQ,827644551545159,23,1028,41763,0
DEQ,827644552446334,23,1028,40666,0
DEQ,827644553311723,23,1028,34088,0
DEQ,827644554224015,23,1028,87184,0
DEQ,827644555094949,23,1028,35350,0
DEQ,827644556023792,23,1028,47945,0
DEQ,827644556923837,23,1028,49352,0
DEQ,827644557823018,23,1028,41364,0
DEQ,827644558727925,23,1028,42150,0
DEQ,827644559644772,23,1028,55830,0
DEQ,827644560534270,23,1028,41897,0
DEQ,827644561438258,23,1028,42161,0
DEQ,827644562301980,23,1028,32799,0
DEQ,827644563161888,23,1028,33436,0
DEQ,827644564082034,23,1028,41817,0
DEQ,827644564980564,23,1028,41380,0
DEQ,827644565898424,23,1028,56994,0
DEQ,827644566786535,23,1028,41911,0
DEQ,827644567689439,23,1028,42073,0
DEQ,827644568592141,23,1028,41215,0
DEQ,827644569496325,23,1028,41137,0
DEQ,827644570400918,23,1028,43611,0
DEQ,827644571273803,23,1028,43892,0
DEQ,827644572121831,23,1028,32672,0
DEQ,827644573023826,23,1028,45599,0
DEQ,827644573939813,23,1028,44348,0
DEQ,827644574839194,23,1028,41640,0
DEQ,827644575740361,23,1028,40431,0
DEQ,827644576649067,23,1028,47293,0
DEQ,827644577546017,23,1028,41950,0
DEQ,827644578447323,23,1028,40702,0
DEQ,827644579321571,23,1028,42804,0
DEQ,827644580224450,23,1028,86344,0
DEQ,827644581100169,23,1028,35569,0
DEQ,827644582023903,23,1028,51169,0
DEQ,827644582927121,23,1028,43969,0
DEQ,827644583828211,23,1028,41392,0
DEQ,827644584733378,23,1028,41520,0
DEQ,827644585648912,23,1028,53864,0
DEQ,827644586540479,23,1028,41671,0
DEQ,827644587444801,23,1028,42803,0
DEQ,827644588312698,23,1028,38076,0
DEQ,827644589217028,23,1028,82994,0
DEQ,827644590093558,23,1028,35068,0
DEQ,827644591024035,23,1028,55437,0
DEQ,827644591920711,23,1028,42260,0
DEQ,827644592826409,23,1028,41241,0
DEQ,827644593731603,23,1028,41596,0
DEQ,827644594648195,23,1028,55735,0
DEQ,827644595537457,23,1028,41483,0
DEQ,827644596440692,23,1028,42194,0
DEQ,827644597304220,23,1028,32528,0
DEQ,827644598230761,23,1028,99821,0
DEQ,827644599092428,23,1028,35410,0
DEQ,827644600020237,23,1028,54339,0
DEQ,827644600914871,23,1028,41996,0
DEQ,827644601822022,23,1028,41551,0
DEQ,827644602725228,23,1028,41136,0
DEQ,827644603643547,23,1028,56316,0
DEQ,827644604531528,23,1028,40992,0
DEQ,827644605434327,23,1028,41646,0
DEQ,827644606298217,23,1028,32956,0
DEQ,827644607157753,23,1028,32962,0
DEQ,827644608072680,23,1028,39030,0
DEQ,827644608970258,23,1028,41182,0
DEQ,827644609898667,23,1028,57909,0
DEQ,827644610785753,23,1028,42104,0
DEQ,827644611687866,23,1028,41615,0
DEQ,827644612590571,23,1028,41997,0
DEQ,827644613494077,23,1028,42647,0
DEQ,827644614399120,23,1028,44336,0
DEQ,827644615274070,23,1028,47070,0
DEQ,827644616119077,23,1028,32759,0
DEQ,827644617024119,23,1028,48560,0
DEQ,827644617921124,23,1028,41623,0
DEQ,827644618833246,23,1028,41559,0
DEQ,827644619735476,23,1028,42013,0
DEQ,827644620649423,23,1028,53052,0
DEQ,827644621548618,23,1028,45058,0
DEQ,827644622446884,23,1028,40896,0
DEQ,827644623321533,23,1028,43327,0
DEQ,827644624221376,23,1028,83842,0
DEQ,827644625095761,23,1028,35226,0
DEQ,827644626023417,23,1028,54746,0
DEQ,827644626910866,23,1028,42435,0
DEQ,827644627821794,23,1028,41326,0
DEQ,827644628725438,23,1028,41129,0
DEQ,827644629644271,23,1028,56489,0
DEQ,827644630532600,23,1028,41140,0
DEQ,827644631437770,23,1028,43206,0
DEQ,827644632300433,23,1028,32877,0
DEQ,827644633211442,23,1028,84572,0
DEQ,827644634087280,23,1028,36136,0
DEQ,827644635013721,23,1028,52025,0
DEQ,827644635913727,23,1028,46437,0
DEQ,827644636820613,23,1028,41677,0
DEQ,827644637724641,23,1028,41439,0
DEQ,827644638643890,23,1028,56635,0
DEQ,827644639531734,23,1028,41114,0
DEQ,827644640435130,23,1028,41718,0
DEQ,827644641300100,23,1028,32861,0
DEQ,827644642161832,23,1028,35298,0
DEQ,827644643072203,23,1028,38793,0
DEQ,827644643970219,23,1028,40743,0
DEQ,827644644890329,23,1028,58035,0
DEQ,827644645786200,23,1028,41296,0
DEQ,827644646689414,23,1028,41483,0
DEQ,827644647592395,23,1028,42133,0
DEQ,827644648495153,23,1028,41184,0
DEQ,827644649401537,23,1028,45114,0
DEQ,827644650274325,23,1028,45097,0
DEQ,827644651121404,23,1028,32582,0
DEQ,827644652024396,23,1028,46744,0
DEQ,827644652921623,23,1028,41361,0
DEQ,827644653825508,23,1028,41972,0
DEQ,827644654731752,23,1028,41375,0
DEQ,827644655648613,23,1028,56120,0
DEQ,827644656536143,23,1028,41506,0
DEQ,827644657438517,23,1028,41627,0
DEQ,827644658302574,23,1028,32905,0
DEQ,827644659210736,23,1028,81568,0
DEQ,827644660090915,23,1028,36365,0
DEQ,827644661016718,23,1028,54571,0
DEQ,827644661918165,23,1028,30805,0
DEQ,827644662820565,23,1028,45999,0
DEQ,827644663705555,23,1028,33711,0
DEQ,827644664596710,23,1028,35820,0
DEQ,827644665491775,23,1028,38934,0
DEQ,827644666388966,23,1028,40851,0
DEQ,827644667241605,23,1028,32964,0
DEQ,827644668100977,23,1028,32801,0
DEQ,827644669015467,23,1028,57908,0
DEQ,827644669906016,23,1028,40684,0
DEQ,827644670808103,23,1028,41493,0
DEQ,827644671710672,23,1028,41660,0
DEQ,827644672619211,23,1028,40752,0
DEQ,827644673526565,23,1028,45108,0
DEQ,827644674425698,23,1028,41126,0
DEQ,827644675290840,23,1028,33470,0
DEQ,827644676150910,23,1028,34179,0
DEQ,827644677061483,23,1028,36864,0
DEQ,827644677959401,23,1028,41622,0
DEQ,827644678861557,23,1028,41265,0
DEQ,827644679774565,23,1028,52016,0
DEQ,827644680667046,23,1028,41571,0
DEQ,827644681576874,23,1028,41241,0
DEQ,827644682479023,23,1028,41245,0
DEQ,827644683394844,23,1028,55926,0
DEQ,827644684243955,23,1028,32885,0
DEQ,827644685103924,23,1028,33372,0
DEQ,827644686015629,23,1028,56393,0
DEQ,827644686902292,23,1028,40747,0
DEQ,827644687806339,23,1028,41783,0
DEQ,827644688708133,23,1028,41733,0
DEQ,827644689610240,23,1028,41517,0
DEQ,827644690524565,23,1028,45959,0
DEQ,827644691423101,23,1028,42296,0
DEQ,827644692287189,23,1028,33803,0
DEQ,827644693149894,23,1028,36789,0
DEQ,827644694058168,23,1028,44015,0
DEQ,827644694953977,23,1028,41042,0
DEQ,827644695855929,23,1028,41530,0
DEQ,827644696773851,23,1028,57452,0
DEQ,827644697661148,23,1028,41749,0
DEQ,827644698564575,23,1028,42603,0
DEQ,827644699472401,23,1028,40844,0
DEQ,827644700390745,23,1028,57437,0
DEQ,827644701257936,23,1028,52127,0
DEQ,827644702098060,23,1028,32933,0
DEQ,827644702994647,23,1028,40657,0
DEQ,827644703901776,23,1028,45150,0
DEQ,827644704799766,23,1028,40709,0
DEQ,827644705702136,23,1028,41108,0
DEQ,827644706605874,23,1028,41597,0
DEQ,827644707514260,23,1028,47860,0
DEQ,827644708414446,23,1028,41374,0
DEQ,827644709279094,23,1028,33699,0
DEQ,827644710149784,23,1028,45088,0
DEQ,827644711035146,23,1028,40949,0
DEQ,827644711941930,23,1028,41540,0
DEQ,827644712843546,23,1028,41499,0
DEQ,827644713744997,23,1028,40909,0
DEQ,827644714650843,23,1028,44748,0
DEQ,827644715549051,23,1028,41075,0
DEQ,827644716452158,23,1028,41263,0
DEQ,827644717335181,23,1028,44797,0
DEQ,827644718193000,23,1028,33275,0
DEQ,827644719077122,23,1028,40738,0
DEQ,827644719979602,23,1028,41416,0
DEQ,827644720889582,23,1028,48838,0
DEQ,827644721784870,23,1028,40984,0
DEQ,827644722687900,23,1028,41665,0
DEQ,827644723590348,23,1028,42061,0
DEQ,827644724491827,23,1028,41269,0
DEQ,827644725399872,23,1028,47329,0
DEQ,827644726274786,23,1028,41687,0
DEQ,827644727140807,23,1028,48304,0
DEQ,827644728027106,23,1028,45484,0
DEQ,827644728930455,23,1028,40780,0
DEQ,827644729833551,23,1028,41463,0
DEQ,827644730736069,23,1028,41632,0
DEQ,827644731650094,23,1028,53631,0
DEQ,827644732540426,23,1028,41941,0
DEQ,827644733442371,23,1028,41600,0
DEQ,827644734315896,23,1028,42658,0
DEQ,827644735217115,23,1028,83480,0
DEQ,827644736092929,23,1028,35425,0
DEQ,827644737014420,23,1028,48849,0
DEQ,827644737914151,23,1028,46599,0
DEQ,827644738815119,23,1028,41806,0
DEQ,827644739718553,23,1028,41049,0
DEQ,827644740621628,23,1028,40811,0
DEQ,827644741529640,23,1028,41172,0
DEQ,827644742434781,23,1028,42930,0
DEQ,827644743298186,23,1028,33920,0
DEQ,827644744220475,23,1028,91586,0
DEQ,827644745134595,23,1028,82373,0
DEQ,827644746025168,23,1028,45673,0
DEQ,827644746927387,23,1028,36593,0
DEQ,827644747829427,23,1028,40975,0
DEQ,827644748736742,23,1028,42369,0
DEQ,827644749649933,23,1028,50908,0
DEQ,827644750544321,23,1028,42061,0
DEQ,827644751446251,23,1028,40835,0
DEQ,827644752322086,23,1028,44433,0
DEQ,827644753241811,23,1028,99542,0
DEQ,827644754103791,23,1028,36002,0
DEQ,827644755025125,23,1028,49738,0
DEQ,827644755926954,23,1028,46371,0
DEQ,827644756827563,23,1028,42443,0
DEQ,827644757732330,23,1028,41662,0
DEQ,827644758649241,23,1028,55185,0
DEQ,827644759539030,23,1028,42427,0
DEQ,827644760441876,23,1028,42106,0
DEQ,827644761315740,23,1028,42808,0
DEQ,827644762170701,23,1028,33319,0
DEQ,827644763078213,23,1028,41149,0
DEQ,827644763975750,23,1028,41036,0
DEQ,827644764895775,23,1028,57487,0
DEQ,827644765792783,23,1028,46666,0
DEQ,827644766691806,23,1028,42071,0
DEQ,827644767593773,23,1028,42041,0
DEQ,827644768494798,23,1028,40386,0
DEQ,827644769405630,23,1028,49267,0
DEQ,827644770275075,23,1028,45597,0
DEQ,827644771122998,23,1028,32727,0
DEQ,827644772025059,23,1028,45543,0
DEQ,827644772923991,23,1028,42133,0
DEQ,827644773826048,23,1028,41141,0
DEQ,827644774729512,23,1028,41441,0
DEQ,827644775639948,23,1028,50335,0
DEQ,827644776533440,23,1028,41120,0
DEQ,827644777437107,23,1028,42021,0
DEQ,827644778301153,23,1028,32974,0
DEQ,827644779219194,23,1028,91614,0
DEQ,827644780088769,23,1028,36142,0
DEQ,827644781016339,23,1028,55382,0
DEQ,827644781904381,23,1028,38835,0
DEQ,827644782804497,23,1028,40932,0
DEQ,827644783708867,23,1028,42019,0
DEQ,827644784612471,23,1028,42235,0
DEQ,827644785524519,23,1028,49861,0
DEQ,827644786420589,23,1028,42804,0
DEQ,827644787283252,23,1028,32799,0
DEQ,827644788150220,23,1028,40460,0
DEQ,827644789060542,23,1028,33530,0
DEQ,827644789958706,23,1028,41640,0
DEQ,827644790862677,23,1028,41803,0
DEQ,827644791774538,23,1028,51549,0
DEQ,827644792667021,23,1028,41303,0
DEQ,827644793568933,23,1028,41948,0
DEQ,827644794470458,23,1028,41212,0
DEQ,827644795414136,23,1028,81682,0
DEQ,827644796237053,23,1028,33879,0
DEQ,827644797104366,23,1028,41022,0
DEQ,827644797959067,23,1028,33934,0
DEQ,827644798819380,23,1028,34110,0
DEQ,827644799717717,23,1028,41753,0
DEQ,827644800619139,23,1028,40509,0
DEQ,827644801526013,23,1028,45302,0
DEQ,827644802426239,23,1028,41385,0
DEQ,827644803290921,23,1028,33798,0
DEQ,827644804151080,23,1028,34583,0
DEQ,827644805059912,23,1028,43375,0
DEQ,827644805958229,23,1028,42043,0
DEQ,827644806865918,23,1028,40672,0
DEQ,827644807775309,23,1028,47062,0
DEQ,827644808673743,23,1028,43329,0
DEQ,827644809574859,23,1028,41109,0
DEQ,827644810479200,23,1028,42056,0
DEQ,827644811395636,23,1028,56235,0
DEQ,827644812244579,23,1028,32810,0
DEQ,827644813104816,23,1028,33533,0
DEQ,827644814016423,23,1028,55923,0
DEQ,827644814903863,23,1028,41218,0
DEQ,827644815811276,23,1028,41769,0
DEQ,827644816713464,23,1028,41641,0
DEQ,827644817633706,23,1028,60434,0
DEQ,827644818525396,23,1028,48800,0
DEQ,827644819421604,23,1028,42424,0
DEQ,827644820284368,23,1028,32908,0
DEQ,827644821205144,23,1028,94164,0
DEQ,827644822170631,23,1028,132844,0
DEQ,827644823015172,23,1028,44002,0
DEQ,827644823921711,23,1028,43008,0
DEQ,827644824833313,23,1028,43050,0
DEQ,827644825734123,23,1028,41585,0
DEQ,827644826650461,23,1028,53069,0
DEQ,827644827543352,23,1028,42026,0
DEQ,827644828446391,23,1028,42139,0
DEQ,827644829320508,23,1028,43266,0
DEQ,827644830229722,23,1028,92967,0
DEQ,827644831096694,23,1028,35276,0
DEQ,827644832025404,23,1028,54738,0
DEQ,827644832915685,23,1028,41959,0
DEQ,827644833834015,23,1028,42441,0
DEQ,827644834736898,23,1028,41643,0
DEQ,827644835650519,23,1028,52281,0
DEQ,827644836542636,23,1028,41744,0
DEQ,827644837452518,23,1028,44109,0
DEQ,827644838313214,23,1028,33791,0
DEQ,827644839173077,23,1028,33710,0
DEQ,827644840089148,23,1028,52382,0
DEQ,827644840978794,23,1028,41784,0
DEQ,827644841896773,23,1028,55751,0
DEQ,827644842788332,23,1028,41627,0
DEQ,827644843691070,23,1028,41755,0
DEQ,827644844593621,23,1028,41652,0
DEQ,827644845495500,23,1028,41069,0
DEQ,827644846402728,23,1028,45096,0
DEQ,827644847275528,23,1028,45396,0
DEQ,827644848122555,23,1028,32933,0
DEQ,827644849025571,23,1028,47707,0
DEQ,827644849922700,23,1028,41593,0
DEQ,827644850825245,23,1028,40762,0
DEQ,827644851734469,23,1028,41588,0
DEQ,827644852651004,23,1028,55390,0
DEQ,827644853540730,23,1028,41803,0
DEQ,827644854442476,23,1028,41486,0
DEQ,827644855312250,23,1028,38980,0
DEQ,827644856166167,23,1028,33532,0
DEQ,827644857078131,23,1028,40770,0
DEQ,827644857976133,23,1028,40694,0
DEQ,827644858894284,23,1028,56714,0
DEQ,827644859780416,23,1028,40929,0
DEQ,827644860692840,23,1028,41795,0
DEQ,827644861596325,23,1028,41007,0
DEQ,827644862516673,23,1028,58366,0
DEQ,827644863404022,23,1028,41777,0
DEQ,827644864275659,23,1028,40972,0
DEQ,827644865142219,23,1028,47801,0
DEQ,827644866027769,23,1028,44258,0
DEQ,827644866932932,23,1028,40951,0
DEQ,827644867836140,23,1028,41828,0
DEQ,827644868738373,23,1028,41764,0
DEQ,827644869650051,23,1028,43801,0
DEQ,827644870549981,23,1028,40879,0
DEQ,827644871452522,23,1028,40799,0
DEQ,827644872326853,23,1028,42913,0
DEQ,827644873176230,23,1028,32835,0
DEQ,827644874098698,23,1028,51021,0
DEQ,827644874996051,23,1028,41025,0
DEQ,827644875902633,23,1028,45140,0
DEQ,827644876802117,23,1028,41588,0
DEQ,827644877703920,23,1028,41023,0
DEQ,827644878613143,23,1028,42208,0
DEQ,827644879525130,23,1028,51198,0
DEQ,827644880418038,23,1028,41571,0
DEQ,827644881281529,23,1028,32806,0
DEQ,827644882150867,23,1028,42823,0
DEQ,827644883039076,23,1028,41994,0
DEQ,827644883945936,23,1028,41627,0
DEQ,827644884847033,23,1028,41152,0
DEQ,827644885770631,23,1028,60250,0
DEQ,827644886654598,23,1028,41127,0
DEQ,827644887562634,23,1028,42085,0
DEQ,827644888466068,23,1028,42247,0
DEQ,827644889368534,23,1028,40773,0
DEQ,827644890233464,23,1028,33460,0
DEQ,827644891093396,23,1028,34086,0
DEQ,827644891989536,23,1028,41785,0
DEQ,827644892900161,23,1028,49850,0
DEQ,827644893793740,23,1028,41005,0
DEQ,827644894696786,23,1028,41726,0
DEQ,827644895598658,23,1028,41076,0
DEQ,827644896521403,23,1028,56650,0
DEQ,827644897408426,23,1028,41070,0
DEQ,827644898276925,23,1028,36934,0
DEQ,827644899146891,23,1028,47509,0
DEQ,827644900029773,23,1028,41612,0
DEQ,827644900945179,23,1028,41450,0
DEQ,827644901847746,23,1028,41154,0
DEQ,827644902767037,23,1028,58010,0
DEQ,827644903652909,23,1028,41949,0
DEQ,827644904554277,23,1028,40619,0
DEQ,827644905462720,23,1028,41861,0
DEQ,827644906384267,23,1028,62963,0
DEQ,827644907277713,23,1028,83668,0
DEQ,827644908102659,23,1028,35097,0
DEQ,827644909025954,23,1028,49499,0
DEQ,827644909924954,23,1028,42571,0
DEQ,827644910824262,23,1028,40549,0
DEQ,827644911727665,23,1028,40609,0
DEQ,827644912640573,23,1028,50293,0
DEQ,827644913535206,23,1028,40870,0
DEQ,827644914448547,23,1028,41281,0
DEQ,827644915314612,23,1028,33673,0
DEQ,827644916174109,23,1028,33774,0
DEQ,827644917082870,23,1028,42934,0
DEQ,827644917980380,23,1028,42049,0
DEQ,827644918896952,23,1028,55934,0
DEQ,827644919784646,23,1028,41276,0
DEQ,827644920687808,23,1028,42012,0
DEQ,827644921590043,23,1028,41649,0
DEQ,827644922491884,23,1028,40872,0
DEQ,827644923431892,23,1028,54003,0
DEQ,827644924276234,23,1028,37523,0
DEQ,827644925140843,23,1028,40954,0
DEQ,827644926026920,23,1028,37691,0
DEQ,827644926920223,23,1028,37786,0
DEQ,827644927806366,23,1028,34938,0
DEQ,827644928703099,23,1028,40720,0
DEQ,827644929607128,23,1028,42530,0
DEQ,827644930515606,23,1028,48156,0
DEQ,827644931411359,23,1028,41471,0
DEQ,827644932280388,23,1028,33378,0
DEQ,827644933151166,23,1028,44514,0
DEQ,827644934036519,23,1028,41067,0
DEQ,827644934947510,23,1028,42000,0
DEQ,827644935848613,23,1028,41029,0
DEQ,827644936767074,23,1028,57345,0
DEQ,827644937653719,23,1028,41864,0
DEQ,827644938556004,23,1028,41305,0
DEQ,827644939458704,23,1028,41566,0
DEQ,827644940334934,23,1028,45289,0
DEQ,827644941240070,23,1028,89593,0
DEQ,827644942102458,23,1028,35226,0
DEQ,827644943026201,23,1028,50432,0
DEQ,827644943921306,23,1028,45661,0
DEQ,827644944822752,23,1028,42180,0
DEQ,827644945727007,23,1028,41179,0
DEQ,827644946645691,23,1028,56344,0
DEQ,827644947533531,23,1028,40430,0
DEQ,827644948437408,23,1028,42218,0
DEQ,827644949301111,23,1028,32931,0
DEQ,827644950166735,23,1028,33586,0
DEQ,827644951090557,23,1028,51180,0
DEQ,827644951989395,23,1028,42468,0
DEQ,827644952900642,23,1028,51525,0
DEQ,827644953792532,23,1028,41765,0
DEQ,827644954694114,23,1028,41269,0
DEQ,827644955596234,23,1028,41192,0
DEQ,827644956499148,23,1028,41236,0
DEQ,827644957409258,23,1028,44492,0
DEQ,827644958276313,23,1028,39292,0
DEQ,827644959145051,23,1028,47340,0
DEQ,827644960028390,23,1028,41382,0
DEQ,827644960936953,23,1028,42138,0
DEQ,827644961839323,23,1028,41664,0
DEQ,827644962743676,23,1028,41871,0
DEQ,827644963651333,23,1028,46981,0
DEQ,827644964547936,23,1028,41171,0
DEQ,827644965450711,23,1028,40789,0
DEQ,827644966325288,23,1028,42082,0
DEQ,827644967176080,23,1028,33533,0
DEQ,827644968082704,23,1028,45266,0
DEQ,827644968980768,23,1028,41642,0
DEQ,827644969890847,23,1028,48825,0
DEQ,827644970785388,23,1028,41069,0
DEQ,827644971688246,23,1028,41811,0
DEQ,827644972590781,23,1028,41517,0
DEQ,827644973495022,23,1028,42203,0
DEQ,827644974401062,23,1028,45641,0
DEQ,827644975275908,23,1028,48031,0
DEQ,827644976120281,23,1028,32967,0
DEQ,827644977026426,23,1028,48436,0
DEQ,827644977922083,23,1028,42101,0
DEQ,827644978824105,23,1028,41591,0
DEQ,827644979726910,23,1028,40882,0
DEQ,827644980644608,23,1028,56246,0
DEQ,827644981535072,23,1028,41299,0
DEQ,827644982438690,23,1028,41968,0
DEQ,827644983302038,23,1028,32689,0
DEQ,827644984222439,23,1028,93766,0
DEQ,827644985088477,23,1028,35931,0
DEQ,827644986025730,23,1028,57382,0
DEQ,827644986912615,23,1028,41542,0
DEQ,827644987817913,23,1028,42132,0
DEQ,827644988720454,23,1028,41140,0
DEQ,827644989624050,23,1028,41338,0
DEQ,827644990529646,23,1028,41403,0
DEQ,827644991433003,23,1028,41628,0
DEQ,827644992298040,23,1028,33459,0
DEQ,827644993156849,23,1028,33007,0
DEQ,827644994070458,23,1028,39068,0
DEQ,827644994968488,23,1028,41601,0
DEQ,827644995870262,23,1028,41320,0
DEQ,827644996776520,23,1028,45500,0
DEQ,827644997675518,23,1028,42189,0
DEQ,827644998577026,23,1028,41177,0
DEQ,827644999479944,23,1028,41671,0
DEQ,827645000397012,23,1028,56103,0
DEQ,827645001253741,23,1028,39677,0
DEQ,827645002107712,23,1028,33881,0
DEQ,827645003020957,23,1028,56058,0
DEQ,827645003915237,23,1028,41385,0
DEQ,827645004818011,23,1028,41683,0
DEQ,827645005724738,23,1028,41139,0
DEQ,827645006645163,23,1028,57916,0
DEQ,827645007531113,23,1028,40769,0
DEQ,827645008433339,23,1028,40976,0
DEQ,827645009298285,23,1028,33577,0
DEQ,827645010207183,23,1028,83076,0
DEQ,827645011090631,23,1028,35938,0
DEQ,827645012019685,23,1028,55655,0
DEQ,827645012918541,23,1028,45759,0
DEQ,827645013818954,23,1028,41825,0
DEQ,827645014723881,23,1028,41401,0
DEQ,827645015642860,23,1028,56058,0
DEQ,827645016531748,23,1028,41034,0
DEQ,827645017489267,23,1028,95538,0
DEQ,827645018362999,23,1028,85340,0
DEQ,827645019235586,23,1028,83932,0
DEQ,827645020149728,23,1028,81903,0
DEQ,827645021030946,23,1028,35262,0
DEQ,827645021951925,23,1028,32998,0
DEQ,827645022855943,23,1028,42794,0
DEQ,827645023775993,23,1028,56432,0
DEQ,827645024665134,23,1028,41471,0
DEQ,827645025568873,23,1028,41410,0
DEQ,827645026472091,23,1028,41824,0
DEQ,827645027374558,23,1028,41078,0
DEQ,827645028289400,23,1028,83410,0
DEQ,827645029113300,23,1028,36214,0
DEQ,827645030027792,23,1028,43738,0
DEQ,827645030939827,23,1028,43267,0
DEQ,827645031840248,23,1028,41602,0
DEQ,827645032743696,23,1028,40901,0
DEQ,827645033651978,23,1028,46692,0
DEQ,827645034551052,23,1028,42375,0
DEQ,827645035452549,23,1028,40961,0
DEQ,827645036327283,23,1028,43217,0
DEQ,827645037176507,23,1028,33063,0
DEQ,827645038080238,23,1028,41512,0
DEQ,827645038984081,23,1028,42132,0
DEQ,827645039902077,23,1028,51174,0
DEQ,827645040795086,23,1028,41823,0
DEQ,827645041698021,23,1028,41784,0
DEQ,827645042600740,23,1028,40890,0
DEQ,827645043518208,23,1028,55996,0
DEQ,827645044406234,23,1028,41345,0
DEQ,827645045334014,23,1028,96110,0
DEQ,827645046152098,23,1028,43655,0
DEQ,827645047058705,23,1028,32794,0
DEQ,827645047961141,23,1028,42245,0
DEQ,827645048874907,23,1028,40879,0
DEQ,827645049779284,23,1028,41537,0
DEQ,827645050683881,23,1028,42092,0
DEQ,827645051586870,23,1028,41779,0
DEQ,827645052489768,23,1028,42369,0
DEQ,827645053401209,23,1028,44767,0
DEQ,827645054276945,23,1028,48312,0
DEQ,827645055120907,23,1028,32885,0
DEQ,827645056027207,23,1028,49942,0
DEQ,827645056901402,23,1028,51098,0
DEQ,827645057778316,23,1028,34027,0
DEQ,827645058673036,23,1028,38793,0
DEQ,827645059563559,23,1028,34444,0
DEQ,827645060454504,23,1028,35231,0
DEQ,827645061324435,23,1028,43232,0
DEQ,827645062236571,23,1028,95634,0
DEQ,827645063100783,23,1028,35244,0
DEQ,827645064026937,23,1028,53095,0
DEQ,827645064920179,23,1028,44717,0
DEQ,827645065819308,23,1028,42304,0
DEQ,827645066734426,23,1028,41624,0
DEQ,827645067651938,23,1028,55485,0
DEQ,827645068542626,23,1028,41829,0
DEQ,827645069446417,23,1028,42009,0
DEQ,827645070310829,23,1028,33511,0
DEQ,827645071170318,23,1028,33594,0
DEQ,827645072075964,23,1028,41060,0
DEQ,827645072980912,23,1028,42445,0
DEQ,827645073897013,23,1028,55895,0
DEQ,827645074784864,23,1028,41178,0
DEQ,827645075694731,23,1028,41169,0
DEQ,827645076596892,23,1028,41126,0
DEQ,827645077527565,23,1028,38033,0
DEQ,827645078430344,23,1028,42036,0
DEQ,827645079290637,23,1028,33278,0
DEQ,827645080209290,23,1028,92534,0
DEQ,827645081166434,23,1028,119144,0
DEQ,827645082072629,23,1028,95486,0
DEQ,827645082937553,23,1028,35731,0
DEQ,827645083851771,23,1028,40464,0
DEQ,827645084766710,23,1028,48065,0
DEQ,827645085668230,23,1028,41960,0
DEQ,827645086573510,23,1028,41494,0
DEQ,827645087533449,23,1028,98704,0
DEQ,827645088450152,23,1028,86796,0
DEQ,827645089324305,23,1028,81970,0
DEQ,827645090153183,23,1028,36884,0
DEQ,827645091069521,23,1028,33633,0
DEQ,827645091971380,23,1028,41740,0
DEQ,827645092893115,23,1028,57179,0
DEQ,827645093801804,23,1028,45133,0
DEQ,827645094702435,23,1028,42149,0
DEQ,827645095605967,23,1028,42019,0
DEQ,827645096522647,23,1028,55955,0
DEQ,827645097410347,23,1028,40982,0
DEQ,827645098278166,23,1028,36414,0
DEQ,827645099141675,23,1028,40654,0
DEQ,827645100031781,23,1028,40788,0
DEQ,827645100940753,23,1028,41641,0
DEQ,827645101847094,23,1028,41220,0
DEQ,827645102776385,23,1028,57042,0
DEQ,827645103664516,23,1028,41517,0
DEQ,827645104566871,23,1028,41318,0
DEQ,827645105470960,23,1028,42857,0
DEQ,827645106372041,23,1028,41403,0
DEQ,827645107236542,23,1028,33505,0
DEQ,827645108102028,23,1028,32669,0
DEQ,827645108999412,23,1028,40944,0
DEQ,827645109904339,23,1028,42871,0
DEQ,827645110806280,23,1028,40870,0
DEQ,827645111720663,23,1028,41654,0
DEQ,827645112622409,23,1028,41337,0
DEQ,827645113528018,23,1028,44087,0
DEQ,827645114426770,23,1028,41010,0
DEQ,827645115291373,23,1028,33312,0
DEQ,827645116154264,23,1028,36828,0
DEQ,827645117057897,23,1028,40733,0
DEQ,827645117955757,23,1028,40406,0
DEQ,827645118858616,23,1028,41187,0
DEQ,827645119776527,23,1028,56514,0
DEQ,827645120671883,23,1028,41783,0
DEQ,827645121573762,23,1028,41353,0
DEQ,827645122475900,23,1028,40844,0
DEQ,827645123394047,23,1028,55823,0
DEQ,827645124243410,23,1028,32891,0
DEQ,827645125103402,23,1028,33284,0
DEQ,827645125999743,23,1028,41242,0
DEQ,827645126904737,23,1028,44327,0
DEQ,827645127804606,23,1028,41615,0
DEQ,827645128706464,23,1028,41082,0
DEQ,827645129615704,23,1028,41168,0
DEQ,827645130526739,23,1028,49783,0
DEQ,827645131421626,23,1028,41863,0
DEQ,827645132285269,23,1028,33273,0
DEQ,827645133220399,23,1028,108696,0
DEQ,827645134073224,23,1028,36039,0
DEQ,827645134987979,23,1028,43926,0
DEQ,827645135902379,23,1028,54530,0
DEQ,827645136794410,23,1028,41365,0
DEQ,827645137698679,23,1028,42080,0
DEQ,827645138613589,23,1028,43070,0
DEQ,827645139527432,23,1028,53823,0
DEQ,827645140417269,23,1028,41199,0
DEQ,827645141280885,23,1028,32891,0
DEQ,827645142152443,23,1028,45108,0
DEQ,827645143038093,23,1028,41337,0
DEQ,827645143947423,23,1028,41104,0
DEQ,827645144849570,23,1028,41705,0
DEQ,827645145768434,23,1028,56516,0
DEQ,827645146654818,23,1028,40591,0
DEQ,827645147564983,23,1028,41346,0
DEQ,827645148469956,23,1028,41637,0
DEQ,827645149344714,23,1028,43259,0
DEQ,827645150258093,23,1028,91473,0
DEQ,827645151105751,23,1028,35929,0
DEQ,827645152027480,23,1028,45816,0
DEQ,827645152918626,23,1028,42284,0
DEQ,827645153821754,23,1028,41839,0
DEQ,827645154722014,23,1028,40910,0
DEQ,827645155587697,23,1028,33855,0
DEQ,827645156498041,23,1028,43838,0
DEQ,827645157402523,23,1028,46033,0
DEQ,827645158276816,23,1028,47868,0
DEQ,827645159121179,23,1028,32858,0
DEQ,827645160028305,23,1028,50981,0
DEQ,827645160921246,23,1028,41780,0
DEQ,827645161822773,23,1028,41010,0
DEQ,827645162725249,23,1028,41386,0
DEQ,827645163643533,23,1028,57253,0
DEQ,827645164531140,23,1028,41235,0
DEQ,827645165438732,23,1028,41477,0
DEQ,827645166302337,23,1028,32758,0
DEQ,827645167161855,23,1028,32933,0
DEQ,827645168073720,23,1028,36597,0
DEQ,827645168970780,23,1028,41657,0
DEQ,827645169872566,23,1028,41414,0
DEQ,827645170778791,23,1028,44758,0
DEQ,827645171680117,23,1028,41651,0
DEQ,827645171783797,23,84,18047,0
DEQ,827645172582405,23,1028,41303,0
DEQ,827645173510909,23,1028,61483,0
DEQ,827645174402583,23,1028,50208,0
DEQ,827645175272159,23,1028,47376,0
DEQ,827645176117787,23,1028,33821,0
DEQ,827645177027471,23,1028,54324,0
DEQ,827645177917065,23,1028,41595,0
DEQ,827645178818544,23,1028,41015,0
DEQ,827645179720716,23,1028,41976,0
DEQ,827645180622100,23,1028,40832,0
DEQ,827645181527637,23,1028,44525,0
DEQ,827645182427735,23,1028,41909,0
DEQ,827645183298067,23,1028,33510,0
DEQ,827645184207381,23,1028,83527,0
DEQ,827645185134891,23,1028,85508,0
DEQ,827645186028017,23,1028,47435,0
DEQ,827645186930282,23,1028,40105,0
DEQ,827645187839413,23,1028,48698,0
DEQ,827645188736919,23,1028,42110,0
DEQ,827645189653006,23,1028,54567,0
DEQ,827645190544501,23,1028,41489,0
DEQ,827645191447522,23,1028,41770,0
DEQ,827645192331437,23,1028,45576,0
DEQ,827645193184626,23,1028,33565,0
DEQ,827645194063751,23,1028,59412,0
DEQ,827645194940381,23,1028,40826,0
DEQ,827645195844820,23,1028,45513,0
DEQ,827645196738780,23,1028,37864,0
DEQ,827645197644488,23,1028,48406,0
DEQ,827645198531016,23,1028,44203,0
DEQ,827645199430927,23,1028,40953,0
DEQ,827645200295528,23,1028,33397,0
DEQ,827645201155904,23,1028,32874,0
DEQ,827645202070614,23,1028,37584,0
DEQ,827645202968034,23,1028,41606,0
DEQ,827645203869759,23,1028,40685,0
DEQ,827645204778474,23,1028,47782,0
DEQ,827645205652016,23,1028,48488,0
DEQ,827645206533297,23,1028,41069,0
DEQ,827645207435761,23,1028,41418,0
DEQ,827645208301127,23,1028,33813,0
DEQ,827645209160172,23,1028,33231,0
DEQ,827645210073105,23,1028,44489,0
DEQ,827645210969540,23,1028,41424,0
DEQ,827645211870892,23,1028,41096,0
DEQ,827645212777838,23,1028,45927,0
DEQ,827645213675327,23,1028,41361,0
DEQ,827645214576269,23,1028,40526,0
DEQ,827645215479528,23,1028,41793,0
DEQ,827645216395745,23,1028,55913,0
DEQ,827645217245712,23,1028,33398,0
DEQ,827645218104573,23,1028,32629,0
DEQ,827645219018915,23,1028,56087,0
DEQ,827645219905860,23,1028,40891,0
DEQ,827645220809036,23,1028,41275,0
DEQ,827645221716799,23,1028,43478,0
DEQ,827645222636225,23,1028,59769,0
DEQ,827645223527954,23,1028,48788,0
DEQ,827645224421516,23,1028,40778,0
DEQ,827645225285304,23,1028,32839,0
DEQ,827645226153253,23,1028,40262,0
DEQ,827645227059871,23,1028,39998,0
DEQ,827645227960293,23,1028,41047,0
DEQ,827645228863711,23,1028,41914,0
DEQ,827645229778016,23,1028,53784,0
DEQ,827645230667738,23,1028,41581,0
DEQ,827645231570623,23,1028,41796,0
DEQ,827645232473537,23,1028,41550,0
DEQ,827645233376056,23,1028,40700,0
DEQ,827645234240998,23,1028,33531,0
DEQ,827645235099559,23,1028,32734,0
DEQ,827645235961069,23,1028,33825,0
DEQ,827645236863794,23,1028,42118,0
DEQ,827645237778345,23,1028,50502,0
DEQ,827645238672660,23,1028,41661,0
DEQ,827645239575705,23,1028,41419,0
DEQ,827645240478535,23,1028,41081,0
DEQ,827645241396181,23,1028,56217,0
DEQ,827645242245281,23,1028,32971,0
DEQ,827645243104856,23,1028,32899,0
DEQ,827645244019037,23,1028,57237,0
DEQ,827645244906243,23,1028,41599,0
DEQ,827645245816694,23,1028,41193,0
DEQ,827645246719682,23,1028,41381,0
DEQ,827645247621348,23,1028,40969,0
DEQ,827645248532359,23,1028,48303,0
DEQ,827645249427788,23,1028,41151,0
DEQ,827645250292932,23,1028,33582,0
DEQ,827645251154263,23,1028,35624,0
DEQ,827645252064647,23,1028,41472,0
DEQ,827645252962394,23,1028,41557,0
DEQ,827645253864661,23,1028,42040,0
DEQ,827645254778146,23,1028,47476,0
DEQ,827645255676247,23,1028,41989,0
DEQ,827645256578551,23,1028,41307,0
DEQ,827645257482364,23,1028,41621,0
DEQ,827645258392667,23,1028,49392,0
DEQ,827645259299203,23,1028,83108,0
DEQ,827645260121556,23,1028,35200,0
DEQ,827645261038524,23,1028,43386,0
DEQ,827645261943839,23,1028,42406,0
DEQ,827645262856623,23,1028,48582,0
DEQ,827645263767710,23,1028,48468,0
DEQ,827645264663617,23,1028,38842,0
DEQ,827645265553656,23,1028,41590,0
DEQ,827645266457743,23,1028,41386,0
DEQ,827645267331987,23,1028,42684,0
DEQ,827645268187911,23,1028,33479,0
DEQ,827645269084439,23,1028,42232,0
DEQ,827645269988510,23,1028,41844,0
DEQ,827645270903532,23,1028,54088,0
DEQ,827645271793856,23,1028,41658,0
DEQ,827645272703952,23,1028,41082,0
DEQ,827645273609696,23,1028,42341,0
DEQ,827645274527547,23,1028,56321,0
DEQ,827645275415899,23,1028,41698,0
DEQ,827645276279893,23,1028,33206,0
DEQ,827645277153597,23,1028,47518,0
DEQ,827645278035876,23,1028,41164,0
DEQ,827645278948707,23,1028,41612,0
DEQ,827645279849995,23,1028,40923,0
DEQ,827645280769240,23,1028,57438,0
DEQ,827645281667615,23,1028,42143,0
DEQ,827645282571115,23,1028,42375,0
DEQ,827645283473890,23,1028,41606,0
DEQ,827645284376281,23,1028,41135,0
DEQ,827645285240854,23,1028,33399,0
DEQ,827645286099658,23,1028,32839,0
DEQ,827645286998067,23,1028,41282,0
DEQ,827645287904150,23,1028,44264,0
DEQ,827645288802779,23,1028,41087,0
DEQ,827645289705590,23,1028,41183,0
DEQ,827645290613955,23,1028,41582,0
DEQ,827645291528360,23,1028,54046,0
DEQ,827645292419458,23,1028,42233,0
DEQ,827645293283158,23,1028,33071,0
DEQ,827645294153361,23,1028,43542,0
DEQ,827645295051130,23,1028,51690,0
DEQ,827645295948799,23,1028,41382,0
DEQ,827645296851027,23,1028,40950,0
DEQ,827645297769724,23,1028,57596,0
DEQ,827645298656059,23,1028,41659,0
DEQ,827645299562852,23,1028,41612,0
DEQ,827645300465766,23,1028,41563,0
DEQ,827645301348050,23,1028,41431,0
DEQ,827645302213661,23,1028,33698,0
DEQ,827645303090383,23,1028,43403,0
DEQ,827645303986847,23,1028,41774,0
DEQ,827645304903525,23,1028,55176,0
DEQ,827645305792594,23,1028,41914,0
DEQ,827645306694744,23,1028,41793,0
DEQ,827645307597464,23,1028,41222,0
DEQ,827645308519926,23,1028,55855,0
DEQ,827645309407378,23,1028,41084,0
DEQ,827645310278595,23,1028,39781,0
DEQ,827645311145715,23,1028,47472,0
DEQ,827645312030605,23,1028,43583,0
DEQ,827645312937737,23,1028,41443,0
DEQ,827645313838674,23,1028,40871,0
DEQ,827645314762051,23,1028,61668,0
DEQ,827645315653453,23,1028,50676,0
DEQ,827645316547470,23,1028,41759,0
DEQ,827645317457789,23,1028,40871,0
DEQ,827645318335554,23,1028,45877,0
DEQ,827645319188911,23,1028,33573,0
DEQ,827645320078103,23,1028,41667,0
DEQ,827645320979707,23,1028,40846,0
DEQ,827645321897252,23,1028,56184,0
DEQ,827645322783934,23,1028,40970,0
DEQ,827645323652980,23,1028,36542,0
DEQ,827645324542168,23,1028,34792,0
DEQ,827645325444670,23,1028,46987,0
DEQ,827645326297433,23,1028,33775,0
DEQ,827645327214860,23,1028,90939,0
DEQ,827645328097020,23,1028,36060,0
DEQ,827645329018140,23,1028,47845,0
DEQ,827645329917944,23,1028,46044,0
DEQ,827645330818653,23,1028,41967,0
DEQ,827645331722080,23,1028,41742,0
DEQ,827645332625079,23,1028,41168,0
DEQ,827645333530788,23,1028,43537,0
DEQ,827645334432881,23,1028,41146,0
DEQ,827645335317054,23,1028,42521,0
DEQ,827645336168624,23,1028,34674,0
DEQ,827645337078833,23,1028,35139,0
DEQ,827645337976805,23,1028,40985,0
DEQ,827645338894674,23,1028,55846,0
DEQ,827645339782353,23,1028,40961,0
DEQ,827645340684718,23,1028,41250,0
DEQ,827645341592895,23,1028,41687,0
DEQ,827645342495768,23,1028,40726,0
DEQ,827645343404615,23,1028,44307,0
DEQ,827645344278688,23,1028,39410,0
DEQ,827645345146125,23,1028,47657,0
DEQ,827645346030695,23,1028,43146,0
DEQ,827645346935058,23,1028,40952,0
DEQ,827645347839486,23,1028,42677,0
DEQ,827645348741452,23,1028,42297,0
DEQ,827645349618045,23,1028,45454,0
DEQ,827645350518250,23,1028,48366,0
DEQ,827645351413499,23,1028,41031,0
DEQ,827645352279745,23,1028,34999,0
DEQ,827645353152972,23,1028,47655,0
DEQ,827645354036941,23,1028,41983,0
DEQ,827645354944218,23,1028,41884,0
DEQ,827645355846701,23,1028,41757,0
DEQ,827645356748646,23,1028,40850,0
DEQ,827645357654637,23,1028,44518,0
DEQ,827645358554089,23,1028,41654,0
DEQ,827645359455360,23,1028,40901,0
DEQ,827645360332026,23,1028,45217,0
DEQ,827645361243633,23,1028,91716,0
DEQ,827645362104708,23,1028,35372,0
STATS,827645362113942,0,0,15772,15772,0,0,0
DEQ,827645363028787,23,1028,51796,0
DEQ,827645363922103,23,1028,41860,0
DEQ,827645364828385,23,1028,41692,0
DEQ,827645365695633,23,1028,34215,0
DEQ,827645366599061,23,1028,42948,0
DEQ,827645367497580,23,1028,40557,0
DEQ,827645368403911,23,1028,46507,0
DEQ,827645369278672,23,1028,48386,0
DEQ,827645370122330,23,1028,32914,0
DEQ,827645371033077,23,1028,45448,0
DEQ,827645371934415,23,1028,41047,0
DEQ,827645372837446,23,1028,41418,0
DEQ,827645373740521,23,1028,42000,0
DEQ,827645374653850,23,1028,53311,0
DEQ,827645375544518,23,1028,41622,0
DEQ,827645376446750,23,1028,41173,0
DEQ,827645377320171,23,1028,42740,0
DEQ,827645378169804,23,1028,33220,0
DEQ,827645379074781,23,1028,40550,0
DEQ,827645379974195,23,1028,40810,0
DEQ,827645380895255,23,1028,58903,0
DEQ,827645381780593,23,1028,42397,0
DEQ,827645382681220,23,1028,40916,0
DEQ,827645383583371,23,1028,40818,0
DEQ,827645384486830,23,1028,41534,0
DEQ,827645385403237,23,1028,56231,0
DEQ,827645386251729,23,1028,32743,0
DEQ,827645387111559,23,1028,33385,0
DEQ,827645388047095,23,1028,80400,0
DEQ,827645388912840,23,1028,36239,0
DEQ,827645389805366,23,1028,33134,0
DEQ,827645390699464,23,1028,37490,0
DEQ,827645391590102,23,1028,34905,0
DEQ,827645392480466,23,1028,36086,0
DEQ,827645393395105,23,1028,58145,0
DEQ,827645394243192,23,1028,33817,0
DEQ,827645395101511,23,1028,32731,0
DEQ,827645395999157,23,1028,41225,0
DEQ,827645396908943,23,1028,47906,0
DEQ,827645397808239,23,1028,40819,0
DEQ,827645398711378,23,1028,41791,0
DEQ,827645399612814,23,1028,40744,0
DEQ,827645400529052,23,1028,54365,0
DEQ,827645401419269,23,1028,41875,0
DEQ,827645402283653,23,1028,33649,0
DEQ,827645403154115,23,1028,44794,0
DEQ,827645404039594,23,1028,41335,0
DEQ,827645404948524,23,1028,41395,0
DEQ,827645405849511,23,1028,40996,0
DEQ,827645406778262,23,1028,55351,0
DEQ,827645407667244,23,1028,41567,0
DEQ,827645408569245,23,1028,41560,0
DEQ,827645409472087,23,1028,41517,0
DEQ,827645410373010,23,1028,40340,0
DEQ,827645411238268,23,1028,33557,0
DEQ,827645412097060,23,1028,33112,0
DEQ,827645412995188,23,1028,41043,0
DEQ,827645413910804,23,1028,51471,0
DEQ,827645414804520,23,1028,41443,0
DEQ,827645415714048,23,1028,41110,0
DEQ,827645416616922,23,1028,41828,0
DEQ,827645417528468,23,1028,51843,0
DEQ,827645418420329,23,1028,41779,0
DEQ,827645419283491,23,1028,32799,0
DEQ,827645420154198,23,1028,44171,0
DEQ,827645421051231,23,1028,51224,0
DEQ,827645421949790,23,1028,41069,0
DEQ,827645422851906,23,1028,40653,0
DEQ,827645423770192,23,1028,57460,0
DEQ,827645424662506,23,1028,40981,0
DEQ,827645425565324,23,1028,41725,0
DEQ,827645426467473,23,1028,41706,0
DEQ,827645427387553,23,1028,59396,0
DEQ,827645428233463,23,1028,33285,0
DEQ,827645429093060,23,1028,33621,0
DEQ,827645429989941,23,1028,41700,0
DEQ,827645430904222,23,1028,53699,0
DEQ,827645431794290,23,1028,41767,0
DEQ,827645432696392,23,1028,41494,0
DEQ,827645433606111,23,1028,41081,0
DEQ,827645434523163,23,1028,56017,0
DEQ,827645435412008,23,1028,41419,0
DEQ,827645436279418,23,1028,36611,0
DEQ,827645437150138,23,1028,47825,0
DEQ,827645438032678,23,1028,41135,0
DEQ,827645438942501,23,1028,41771,0
DEQ,827645439845687,23,1028,42314,0
DEQ,827645440746916,23,1028,41037,0
DEQ,827645441654339,23,1028,46066,0
DEQ,827645442559463,23,1028,40912,0
DEQ,827645443463951,23,1028,41831,0
DEQ,827645444352898,23,1028,40694,0
DEQ,827645445218029,23,1028,33477,0
DEQ,827645446089295,23,1028,41329,0
DEQ,827645446985575,23,1028,41565,0
DEQ,827645447893863,23,1028,47939,0
DEQ,827645448790277,23,1028,41724,0
DEQ,827645449695330,23,1028,43647,0
DEQ,827645450596504,23,1028,41812,0
DEQ,827645451520342,23,1028,58113,0
DEQ,827645452406087,23,1028,41756,0
DEQ,827645453279360,23,1028,42776,0
DEQ,827645454145517,23,1028,49572,0
DEQ,827645455029397,23,1028,44463,0
DEQ,827645455934991,23,1028,40429,0
DEQ,827645456837408,23,1028,41405,0
DEQ,827645457741317,23,1028,42239,0
DEQ,827645458654383,23,1028,52714,0
DEQ,827645459546128,23,1028,41458,0
DEQ,827645460457683,23,1028,40972,0
DEQ,827645461330781,23,1028,41499,0
DEQ,827645462182843,23,1028,33078,0
DEQ,827645463081719,23,1028,44805,0
DEQ,827645463980408,23,1028,41004,0
DEQ,827645464898471,23,1028,56327,0
DEQ,827645465786001,23,1028,40879,0
DEQ,827645466689485,23,1028,41708,0
DEQ,827645467592038,23,1028,41975,0
DEQ,827645468513141,23,1028,60598,0
DEQ,827645469404482,23,1028,45036,0
DEQ,827645470278745,23,1028,46963,0
DEQ,827645471123926,23,1028,32828,0
DEQ,827645472029519,23,1028,50782,0
DEQ,827645472922423,23,1028,41366,0
DEQ,827645473825339,23,1028,41702,0
DEQ,827645474726505,23,1028,41095,0
DEQ,827645475645627,23,1028,57704,0
DEQ,827645476531794,23,1028,41894,0
DEQ,827645477433249,23,1028,40754,0
DEQ,827645478301996,23,1028,33544,0
DEQ,827645479161391,23,1028,33544,0
DEQ,827645480068238,23,1028,40637,0
DEQ,827645480965148,23,1028,41756,0
DEQ,827645481867661,23,1028,41764,0
DEQ,827645482778917,23,1028,50424,0
DEQ,827645483671747,23,1028,41762,0
DEQ,827645484572857,23,1028,41317,0
DEQ,827645485484617,23,1028,48328,0
DEQ,827645486395685,23,1028,56336,0
DEQ,827645487248539,23,1028,32830,0
DEQ,827645488108439,23,1028,33242,0
DEQ,827645489020530,23,1028,56581,0
DEQ,827645489907170,23,1028,41482,0
DEQ,827645490809569,23,1028,41677,0
DEQ,827645491711836,23,1028,41364,0
DEQ,827645492614219,23,1028,41668,0
DEQ,827645493529635,23,1028,54159,0
DEQ,827645494419866,23,1028,41899,0
DEQ,827645495283559,23,1028,32730,0
DEQ,827645496154616,23,1028,43318,0
DEQ,827645497050736,23,1028,51162,0
DEQ,827645497955523,23,1028,42128,0
DEQ,827645498858591,23,1028,40949,0
DEQ,827645499775185,23,1028,56284,0
DEQ,827645500662165,23,1028,40799,0
DEQ,827645501565997,23,1028,42345,0
DEQ,827645502467254,23,1028,41204,0
DEQ,827645503370172,23,1028,41028,0
DEQ,827645504235155,23,1028,33508,0
DEQ,827645505096164,23,1028,33588,0
DEQ,827645505993408,23,1028,41368,0
DEQ,827645506904785,23,1028,50630,0
DEQ,827645507800798,23,1028,41742,0
DEQ,827645508702297,23,1028,41241,0
DEQ,827645509607773,23,1028,41529,0
DEQ,827645510524352,23,1028,55930,0
DEQ,827645511411931,23,1028,40951,0
DEQ,827645512335787,23,1028,92674,0
DEQ,827645513155049,23,1028,41071,0
DEQ,827645514072965,23,1028,33691,0
DEQ,827645514936320,23,1028,36164,0
DEQ,827645515826948,23,1028,33156,0
DEQ,827645516718050,23,1028,33468,0
DEQ,827645517609997,23,1028,35905,0
DEQ,827645518500987,23,1028,34832,0
DEQ,827645519404830,23,1028,47575,0
DEQ,827645520279125,23,1028,49160,0
DEQ,827645521122287,23,1028,32714,0
DEQ,827645522030035,23,1028,51491,0
DEQ,827645522935732,23,1028,40787,0
DEQ,827645523840235,23,1028,42651,0
DEQ,827645524744221,23,1028,41997,0
DEQ,827645525654961,23,1028,48930,0
DEQ,827645526551501,23,1028,42080,0
DEQ,827645527452516,23,1028,40772,0
DEQ,827645528319976,23,1028,35457,0
DEQ,827645529227953,23,1028,84060,0
DEQ,827645530151253,23,1028,83754,0
DEQ,827645531030934,23,1028,37258,0
DEQ,827645531904921,23,1028,37472,0
DEQ,827645532807272,23,1028,45237,0
DEQ,827645533715635,23,1028,44112,0
DEQ,827645534616561,23,1028,42923,0
DEQ,827645535530005,23,1028,51685,0
DEQ,827645536424373,23,1028,42181,0
DEQ,827645537287913,23,1028,32718,0
DEQ,827645538213748,23,1028,99311,0
DEQ,827645539123876,23,1028,85360,0
DEQ,827645539998786,23,1028,35531,0
DEQ,827645540920599,23,1028,39942,0
DEQ,827645541826325,23,1028,45882,0
DEQ,827645542726426,23,1028,41446,0
DEQ,827645543646030,23,1028,57446,0
DEQ,827645544533653,23,1028,41226,0
DEQ,827645545437637,23,1028,41408,0
DEQ,827645546301633,23,1028,33489,0
DEQ,827645547210521,23,1028,82962,0
DEQ,827645548135575,23,1028,85199,0
DEQ,827645549025122,23,1028,49329,0
DEQ,827645549929009,23,1028,37071,0
DEQ,827645550831219,23,1028,41864,0
DEQ,827645551737535,23,1028,41951,0
DEQ,827645552654242,23,1028,55642,0
DEQ,827645553544501,23,1028,42082,0
DEQ,827645554447498,23,1028,41688,0
DEQ,827645555321813,23,1028,43670,0
DEQ,827645556230975,23,1028,93465,0
DEQ,827645557097491,23,1028,35935,0
DEQ,827645558019655,23,1028,48927,0
DEQ,827645558926386,23,1028,45923,0
DEQ,827645559826089,23,1028,40334,0
DEQ,827645560738635,23,1028,48503,0
DEQ,827645561649769,23,1028,55253,0
DEQ,827645562538494,23,1028,40829,0
DEQ,827645563441812,23,1028,41868,0
DEQ,827645564305591,23,1028,32807,0
DEQ,827645565164926,23,1028,32853,0
DEQ,827645566076202,23,1028,38146,0
DEQ,827645566973891,23,1028,40867,0
DEQ,827645567900957,23,1028,56561,0
DEQ,827645568788876,23,1028,41856,0
DEQ,827645569692745,23,1028,41761,0
DEQ,827645570594610,23,1028,41365,0
DEQ,827645571497325,23,1028,42345,0
DEQ,827645572405155,23,1028,46077,0
DEQ,827645573279426,23,1028,48319,0
DEQ,827645574123134,23,1028,32664,0
DEQ,827645575030188,23,1028,49661,0
DEQ,827645575925873,23,1028,41691,0
DEQ,827645576830806,23,1028,40572,0
DEQ,827645577733635,23,1028,41312,0
DEQ,827645578651505,23,1028,57000,0
DEQ,827645579539472,23,1028,41591,0
DEQ,827645580441908,23,1028,41324,0
DEQ,827645581315553,23,1028,42667,0
DEQ,827645582211612,23,1028,79086,0
DEQ,827645583090674,23,1028,35904,0
DEQ,827645584021366,23,1028,56950,0
DEQ,827645584909313,23,1028,42444,0
DEQ,827645585827026,23,1028,46107,0
DEQ,827645586725849,23,1028,41007,0
DEQ,827645587646229,23,1028,58334,0
DEQ,827645588532247,23,1028,41225,0
DEQ,827645589436284,23,1028,42466,0
DEQ,827645590300495,23,1028,33557,0
DEQ,827645591209128,23,1028,82753,0
DEQ,827645592089745,23,1028,36164,0
DEQ,827645593021239,23,1028,59925,0
DEQ,827645593907473,23,1028,43862,0
DEQ,827645594820531,23,1028,41728,0
DEQ,827645595724958,23,1028,41800,0
DEQ,827645596628222,23,1028,41435,0
DEQ,827645597532535,23,1028,41348,0
DEQ,827645598435657,23,1028,41098,0
DEQ,827645599300389,23,1028,33319,0
DEQ,827645600160458,23,1028,34075,0
DEQ,827645601071398,23,1028,37626,0
DEQ,827645601968038,23,1028,41782,0
DEQ,827645602869257,23,1028,41009,0
DEQ,827645603781577,23,1028,43215,0
DEQ,827645604682940,23,1028,41135,0
DEQ,827645605594237,23,1028,44763,0
DEQ,827645606493234,23,1028,41913,0
DEQ,827645607404683,23,1028,50763,0
DEQ,827645608273955,23,1028,47456,0
DEQ,827645609138695,23,1028,53031,0
DEQ,827645610029805,23,1028,55388,0
DEQ,827645610918406,23,1028,41606,0
DEQ,827645611821399,23,1028,42506,0
DEQ,827645612727695,23,1028,40646,0
DEQ,827645613646401,23,1028,56946,0
DEQ,827645614533051,23,1028,41697,0
DEQ,827645615436032,23,1028,41842,0
DEQ,827645616299715,23,1028,33611,0
DEQ,827645617203519,23,1028,78137,0
DEQ,827645618088441,23,1028,36079,0
DEQ,827645619002813,23,1028,43090,0
DEQ,827645619909445,23,1028,46580,0
DEQ,827645620809051,23,1028,40767,0
DEQ,827645621726573,23,1028,41457,0
DEQ,827645622647329,23,1028,58815,0
DEQ,827645623533813,23,1028,41803,0
DEQ,827645624435758,23,1028,40956,0
DEQ,827645625301294,23,1028,33466,0
DEQ,827645626160112,23,1028,32909,0
DEQ,827645627073940,23,1028,42656,0
DEQ,827645627970533,23,1028,41341,0
DEQ,827645628873399,23,1028,41772,0
DEQ,827645629785020,23,1028,46851,0
DEQ,827645630685733,23,1028,40944,0
DEQ,827645631589105,23,1028,41453,0
DEQ,827645632492093,23,1028,41768,0
DEQ,827645633405848,23,1028,53359,0
DEQ,827645634273493,23,1028,47984,0
DEQ,827645635118264,23,1028,33367,0
DEQ,827645636030352,23,1028,55667,0
DEQ,827645636919963,23,1028,41559,0
DEQ,827645637822265,23,1028,41530,0
DEQ,827645638724576,23,1028,40826,0
DEQ,827645639650944,23,1028,56731,0
DEQ,827645640538345,23,1028,40949,0
DEQ,827645641440668,23,1028,41171,0
DEQ,827645642304527,23,1028,33029,0
DEQ,827645643164026,23,1028,33197,0
DEQ,827645644081045,23,1028,33780,0
DEQ,827645644978478,23,1028,42036,0
DEQ,827645645896800,23,1028,55839,0
DEQ,827645646784025,23,1028,40875,0
DEQ,827645647726062,23,1028,80496,0
DEQ,827645648556092,23,1028,32910,0
DEQ,827645649415043,23,1028,32717,0
DEQ,827645650280773,23,1028,38758,0
DEQ,827645651148929,23,1028,47214,0
DEQ,827645652032805,23,1028,42940,0
DEQ,827645652936895,23,1028,41262,0
DEQ,827645653841306,23,1028,41340,0
DEQ,827645654741439,23,1028,41375,0
DEQ,827645655655201,23,1028,55440,0
DEQ,827645656540326,23,1028,40581,0
DEQ,827645657451140,23,1028,41632,0
DEQ,827645658324835,23,1028,43237,0
DEQ,827645659174075,23,1028,33367,0
DEQ,827645660079148,23,1028,43975,0
DEQ,827645660975613,23,1028,40740,0
DEQ,827645661875800,23,1028,40561,0
DEQ,827645662780687,23,1028,45843,0
DEQ,827645663675955,23,1028,41556,0
DEQ,827645664575415,23,1028,41323,0
DEQ,827645665474490,23,1028,41181,0
DEQ,827645666398572,23,1028,55949,0
DEQ,827645667292980,23,1028,78424,0
DEQ,827645668122709,23,1028,35467,0
DEQ,827645669036105,23,1028,40329,0
DEQ,827645669945269,23,1028,43989,0
DEQ,827645670845109,23,1028,41416,0
DEQ,827645671763978,23,1028,59550,0
DEQ,827645672655865,23,1028,50594,0
DEQ,827645673547142,23,1028,41795,0
DEQ,827645674447455,23,1028,41514,0
DEQ,827645675359722,23,1028,41481,0
DEQ,827645676223944,23,1028,33556,0
DEQ,827645677090506,23,1028,34894,0
DEQ,827645677987653,23,1028,43572,0
DEQ,827645678895359,23,1028,49015,0
DEQ,827645679787485,23,1028,40566,0
DEQ,827645680686070,23,1028,40243,0
DEQ,827645681587549,23,1028,41735,0
DEQ,827645682487346,23,1028,41325,0
DEQ,827645683401585,23,1028,56001,0
DEQ,827645684272658,23,1028,47477,0
DEQ,827645685117689,23,1028,33499,0
DEQ,827645686020402,23,1028,48562,0
DEQ,827645686913356,23,1028,41031,0
DEQ,827645687813491,23,1028,40955,0
DEQ,827645688715020,23,1028,42449,0
DEQ,827645689613962,23,1028,41568,0
DEQ,827645690530095,23,1028,57007,0
DEQ,827645691413381,23,1028,40715,0
DEQ,827645692281032,23,1028,36407,0
DEQ,827645693145445,23,1028,40630,0
DEQ,827645694033407,23,1028,41454,0
DEQ,827645694944737,23,1028,41398,0
DEQ,827645695845507,23,1028,41317,0
DEQ,827645696764243,23,1028,59579,0
DEQ,827645697655833,23,1028,51148,0
DEQ,827645698544943,23,1028,41063,0
DEQ,827645699446922,23,1028,42460,0
DEQ,827645700321008,23,1028,44574,0
DEQ,827645701229173,23,1028,93288,0
DEQ,827645702100612,23,1028,35199,0
DEQ,827645703031028,23,1028,54739,0
DEQ,827645703919846,23,1028,41870,0
DEQ,827645704823322,23,1028,41430,0
DEQ,827645705724289,23,1028,41012,0
DEQ,827645706624874,23,1028,40932,0
DEQ,827645707531001,23,1028,46507,0
DEQ,827645708426679,23,1028,41602,0
DEQ,827645709289835,23,1028,32609,0
DEQ,827645710156597,23,1028,40267,0
DEQ,827645711067417,23,1028,36423,0
DEQ,827645711963358,23,1028,41648,0
DEQ,827645712864389,23,1028,41650,0
DEQ,827645713780271,23,1028,57542,0
DEQ,827645714663705,23,1028,40668,0
DEQ,827645715563615,23,1028,40785,0
DEQ,827645716464473,23,1028,41295,0
DEQ,827645717365219,23,1028,41243,0
DEQ,827645718228502,23,1028,32787,0
DEQ,827645719076556,23,1028,41840,0
DEQ,827645719978274,23,1028,40386,0
DEQ,827645720897215,23,1028,58310,0
DEQ,827645721784158,23,1028,45113,0
DEQ,827645722680585,23,1028,41445,0
DEQ,827645723579011,23,1028,40751,0
DEQ,827645724479650,23,1028,41072,0
DEQ,827645725399660,23,1028,56258,0
DEQ,827645726248875,23,1028,32861,0
DEQ,827645727107603,23,1028,32547,0
DEQ,827645728004268,23,1028,41995,0
DEQ,827645728909793,23,1028,40900,0
DEQ,827645729809537,23,1028,40389,0
DEQ,827645730709299,23,1028,40447,0
DEQ,827645731611255,23,1028,41478,0
DEQ,827645732520984,23,1028,50167,0
DEQ,827645733412105,23,1028,40888,0
DEQ,827645734281112,23,1028,38063,0
DEQ,827645735149660,23,1028,47559,0
DEQ,827645736033411,23,1028,43919,0
DEQ,827645736937872,23,1028,40699,0
DEQ,827645737845653,23,1028,41053,0
DEQ,827645738764499,23,1028,60284,0
DEQ,827645739656175,23,1028,51550,0
DEQ,827645740546762,23,1028,41568,0
DEQ,827645741446980,23,1028,41003,0
DEQ,827645742311289,23,1028,33389,0
DEQ,827645743228047,23,1028,90960,0
DEQ,827645744105437,23,1028,35334,0
DEQ,827645745031204,23,1028,50431,0
DEQ,827645745921980,23,1028,42008,0
DEQ,827645746831588,23,1028,40681,0
DEQ,827645747735563,23,1028,41752,0
DEQ,827645748650925,23,1028,55698,0
DEQ,827645749541612,23,1028,40914,0
DEQ,827645750443034,23,1028,41758,0
DEQ,827645751316040,23,1028,42434,0
DEQ,827645752165425,23,1028,32632,0
DEQ,827645753079646,23,1028,39715,0
DEQ,827645753975957,23,1028,40696,0
DEQ,827645754877321,23,1028,41690,0
DEQ,827645755784054,23,1028,40523,0
DEQ,827645756684945,23,1028,41256,0
DEQ,827645757586165,23,1028,40997,0
DEQ,827645758487117,23,1028,41597,0
DEQ,827645759401125,23,1028,55916,0
DEQ,827645760249648,23,1028,32676,0
DEQ,827645761109896,23,1028,33916,0
DEQ,827645762004696,23,1028,41479,0
DEQ,827645762908541,23,1028,44957,0
DEQ,827645763806373,23,1028,40749,0
DEQ,827645764713081,23,1028,41186,0
DEQ,827645765614724,23,1028,42008,0
DEQ,827645766520953,23,1028,47551,0
DEQ,827645767413824,23,1028,40677,0
DEQ,827645768281555,23,1028,36687,0
DEQ,827645769151879,23,1028,47973,0
DEQ,827645770033066,23,1028,41528,0
DEQ,827645770941417,23,1028,41436,0
DEQ,827645771841502,23,1028,41530,0
DEQ,827645772741413,23,1028,41692,0
DEQ,827645773656404,23,1028,44311,0
DEQ,827645774553457,23,1028,41377,0
DEQ,827645775466779,23,1028,55155,0
DEQ,827645776314762,23,1028,34182,0
DEQ,827645777182935,23,1028,32955,0
DEQ,827645778043420,23,1028,39218,0
DEQ,827645778929443,23,1028,37592,0
DEQ,827645779825166,23,1028,41643,0
DEQ,827645780724758,23,1028,40995,0
DEQ,827645781625041,23,1028,40606,0
DEQ,827645782538426,23,1028,40767,0
DEQ,827645783438986,23,1028,40894,0
DEQ,827645784303293,23,1028,33385,0
DEQ,827645785162000,23,1028,32806,0
DEQ,827645786069893,23,1028,40683,0
DEQ,827645786965528,23,1028,41305,0
DEQ,827645787866528,23,1028,42340,0
DEQ,827645788780760,23,1028,56369,0
DEQ,827645789664150,23,1028,40743,0
DEQ,827645790567324,23,1028,43926,0
DEQ,827645791472583,23,1028,41029,0
DEQ,827645792372129,23,1028,40803,0
DEQ,827645793236522,23,1028,33489,0
DEQ,827645794099161,23,1028,33468,0
DEQ,827645794993119,23,1028,41204,0
DEQ,827645795906529,23,1028,54533,0
DEQ,827645796795913,23,1028,41635,0
DEQ,827645797698226,23,1028,41413,0
DEQ,827645798599579,23,1028,42719,0
DEQ,827645799498347,23,1028,41314,0
DEQ,827645800408708,23,1028,43699,0
DEQ,827645801281583,23,1028,44637,0
DEQ,827645802129335,23,1028,33261,0
DEQ,827645803031622,23,1028,48510,0
DEQ,827645803935223,23,1028,41012,0
DEQ,827645804835565,23,1028,40660,0
DEQ,827645805736040,23,1028,41832,0
DEQ,827645806649885,23,1028,55374,0
DEQ,827645807535311,23,1028,41010,0
DEQ,827645808435315,23,1028,40937,0
DEQ,827645809309959,23,1028,33406,0
DEQ,827645810231396,23,1028,95787,0
DEQ,827645811149816,23,1028,88985,0
DEQ,827645812031418,23,1028,38700,0
DEQ,827645812947871,23,1028,39242,0
DEQ,827645813848190,23,1028,41755,0
DEQ,827645814750004,23,1028,40917,0
DEQ,827645815656628,23,1028,46546,0
DEQ,827645816552434,23,1028,41513,0
DEQ,827645817453238,23,1028,42453,0
DEQ,827645818341680,23,1028,43540,0
DEQ,827645819197106,23,1028,33525,0
DEQ,827645820091292,23,1028,39884,0
DEQ,827645820986753,23,1028,41679,0
DEQ,827645821905930,23,1028,56047,0
DEQ,827645822792576,23,1028,41887,0
DEQ,827645823692443,23,1028,41503,0
DEQ,827645824592525,23,1028,41773,0
DEQ,827645825492501,23,1028,41591,0
DEQ,827645826405977,23,1028,55087,0
DEQ,827645827281142,23,1028,45990,0
DEQ,827645828126834,23,1028,32737,0
DEQ,827645829031754,23,1028,50379,0
DEQ,827645829923533,23,1028,41746,0
DEQ,827645830822884,23,1028,40794,0
DEQ,827645831724329,23,1028,42940,0
DEQ,827645832622485,23,1028,40752,0
DEQ,827645833531789,23,1028,49515,0
DEQ,827645834424573,23,1028,41433,0
DEQ,827645835287831,23,1028,32761,0
DEQ,827645836217419,23,1028,102178,0
DEQ,827645837077309,23,1028,36469,0
DEQ,827645837994246,23,1028,43413,0
DEQ,827645838906128,23,1028,52730,0
DEQ,827645839798813,23,1028,41525,0
DEQ,827645840700599,23,1028,41780,0
DEQ,827645841599932,23,1028,40691,0
DEQ,827645842502913,23,1028,42234,0
DEQ,827645843406828,23,1028,45897,0
DEQ,827645844281019,23,1028,48142,0
DEQ,827645845148174,23,1028,49849,0
DEQ,827645846037115,23,1028,50840,0
DEQ,827645846942991,23,1028,41539,0
DEQ,827645847847290,23,1028,42150,0
DEQ,827645848749759,23,1028,41056,0
DEQ,827645849656916,23,1028,45942,0
DEQ,827645850554776,23,1028,41590,0
DEQ,827645851456759,23,1028,41231,0
DEQ,827645852333711,23,1028,45174,0
DEQ,827645853247264,23,1028,92219,0
DEQ,827645854101661,23,1028,35485,0
DEQ,827645855021549,23,1028,47941,0
DEQ,827645855920935,23,1028,45654,0
DEQ,827645856822587,23,1028,42170,0
DEQ,827645857725929,23,1028,41377,0
DEQ,827645858628512,23,1028,40960,0
DEQ,827645859533892,23,1028,42480,0
DEQ,827645860436365,23,1028,41937,0
DEQ,827645861302018,23,1028,33605,0
DEQ,827645862160591,23,1028,32812,0
DEQ,827645863084589,23,1028,38219,0
DEQ,827645863986033,23,1028,41780,0
DEQ,827645864896894,23,1028,49201,0
DEQ,827645865791204,23,1028,41211,0
DEQ,827645866693795,23,1028,41166,0
DEQ,827645867597124,23,1028,42138,0
DEQ,827645868498684,23,1028,41017,0
DEQ,827645869412872,23,1028,48689,0
DEQ,827645870282093,23,1028,45581,0
DEQ,827645871128445,23,1028,32682,0
DEQ,827645872031999,23,1028,45690,0
DEQ,827645872938188,23,1028,40780,0
DEQ,827645873839987,23,1028,41211,0
DEQ,827645874743660,23,1028,42479,0
DEQ,827645875657370,23,1028,53903,0
DEQ,827645876547682,23,1028,41650,0
DEQ,827645877450436,23,1028,41723,0
DEQ,827645878324969,23,1028,43635,0
DEQ,827645879233452,23,1028,92432,0
DEQ,827645880100608,23,1028,35390,0
DEQ,827645881032063,23,1028,53420,0
DEQ,827645881925430,23,1028,45293,0
DEQ,827645882827282,23,1028,42155,0
DEQ,827645883731345,23,1028,41290,0
DEQ,827645884649245,23,1028,56007,0
DEQ,827645885538134,23,1028,41531,0
DEQ,827645886442908,23,1028,42803,0
DEQ,827645887316465,23,1028,43336,0
DEQ,827645888215243,23,1028,82746,0
DEQ,827645889092412,23,1028,36141,0
DEQ,827645890025582,23,1028,54055,0
DEQ,827645890921670,23,1028,48125,0
DEQ,827645891821087,23,1028,42049,0
DEQ,827645892725516,23,1028,41316,0
DEQ,827645893648658,23,1028,56718,0
DEQ,827645894537195,23,1028,41551,0
DEQ,827645895441648,23,1028,42185,0
DEQ,827645896306278,23,1028,33764,0
DEQ,827645897219101,23,1028,87145,0
DEQ,827645898091715,23,1028,36104,0
DEQ,827645899025550,23,1028,51961,0
DEQ,827645899913928,23,1028,41844,0
DEQ,827645900820584,23,1028,41734,0
DEQ,827645901725687,23,1028,41389,0
DEQ,827645902628810,23,1028,40630,0
DEQ,827645903534406,23,1028,42455,0
DEQ,827645904436091,23,1028,40868,0
DEQ,827645905300944,23,1028,33467,0
DEQ,827645906160695,23,1028,33920,0
DEQ,827645907073304,23,1028,40081,0
DEQ,827645907974106,23,1028,41517,0
DEQ,827645908877252,23,1028,41606,0
DEQ,827645909783162,23,1028,45405,0
DEQ,827645910683400,23,1028,41642,0
DEQ,827645911585977,23,1028,41085,0
DEQ,827645912489164,23,1028,41532,0
DEQ,827645913406604,23,1028,56945,0
DEQ,827645914297934,23,1028,75140,0
DEQ,827645915120953,23,1028,33947,0
DEQ,827645915986614,23,1028,39924,0
DEQ,827645916841060,23,1028,33495,0
DEQ,827645917700978,23,1028,33566,0
DEQ,827645918597604,23,1028,41510,0
DEQ,827645919498902,23,1028,41355,0
DEQ,827645920407356,23,1028,48676,0
DEQ,827645921278462,23,1028,47473,0
DEQ,827645922123141,23,1028,32960,0
DEQ,827645923032538,23,1028,54589,0
DEQ,827645923919938,23,1028,41861,0
DEQ,827645924820574,23,1028,41885,0
DEQ,827645925730692,23,1028,40792,0
DEQ,827645926630145,23,1028,40522,0
DEQ,827645927533226,23,1028,43742,0
DEQ,827645928431339,23,1028,41593,0
DEQ,827645929295133,23,1028,33563,0
DEQ,827645930158172,23,1028,37376,0
DEQ,827645931063120,23,1028,43443,0
DEQ,827645931958923,23,1028,40725,0
DEQ,827645932859070,23,1028,40773,0
DEQ,827645933774006,23,1028,56097,0
DEQ,827645934667973,23,1028,41190,0
DEQ,827645935569074,23,1028,41701,0
DEQ,827645936468373,23,1028,41721,0
DEQ,827645937368750,23,1028,41611,0
DEQ,827645938232334,23,1028,32729,0
DEQ,827645939098404,23,1028,33609,0
DEQ,827645939993314,23,1028,41307,0
DEQ,827645940907457,23,1028,54723,0
DEQ,827645941797224,23,1028,42401,0
DEQ,827645942696017,23,1028,41281,0
DEQ,827645943602606,23,1028,40729,0
DEQ,827645944502834,23,1028,40572,0
DEQ,827645945407479,23,1028,44716,0
DEQ,827645946281821,23,1028,47271,0
DEQ,827645947126888,23,1028,32922,0
DEQ,827645948032500,23,1028,50725,0
DEQ,827645948931491,23,1028,41437,0
DEQ,827645949831631,23,1028,41121,0
DEQ,827645950732002,23,1028,40690,0
DEQ,827645951648662,23,1028,57776,0
DEQ,827645952540890,23,1028,41873,0
DEQ,827645953441690,23,1028,42001,0
DEQ,827645954305878,23,1028,33580,0
DEQ,827645955223210,23,1028,91897,0
DEQ,827645956100042,23,1028,36332,0
DEQ,827645957025918,23,1028,52157,0
DEQ,827645957912839,23,1028,40923,0
DEQ,827645958818393,23,1028,41818,0
DEQ,827645959719608,23,1028,41937,0
DEQ,827645960620919,23,1028,41620,0
DEQ,827645961534055,23,1028,41491,0
DEQ,827645962433670,23,1028,40401,0
DEQ,827645963300412,23,1028,34909,0
DEQ,827645964215572,23,1028,91047,0
DEQ,827645965135210,23,1028,83529,0
DEQ,827645966022444,23,1028,41829,0
DEQ,827645966931056,23,1028,38983,0
DEQ,827645967830900,23,1028,41481,0
DEQ,827645968733785,23,1028,40979,0
DEQ,827645969649710,23,1028,55949,0
DEQ,827645970551421,23,1028,41546,0
DEQ,827645971453134,23,1028,41427,0
DEQ,827645972325474,23,1028,41456,0
DEQ,827645973176816,23,1028,33254,0
DEQ,827645974090432,23,1028,34618,0
DEQ,827645974984311,23,1028,40658,0
DEQ,827645975899447,23,1028,55645,0
DEQ,827645976785097,23,1028,41447,0
DEQ,827645977684407,23,1028,40729,0
DEQ,827645978584647,23,1028,40789,0
DEQ,827645979493863,23,1028,41554,0
DEQ,827645980407945,23,1028,54544,0
DEQ,827645981273724,23,1028,48318,0
DEQ,827645982117953,23,1028,33484,0
DEQ,827645983026953,23,1028,55463,0
DEQ,827645983912344,23,1028,40576,0
DEQ,827645984812110,23,1028,40831,0
DEQ,827645985712971,23,1028,41687,0
DEQ,827645986613067,23,1028,41409,0
DEQ,827645987527693,23,1028,55549,0
DEQ,827645988421909,23,1028,41713,0
DEQ,827645989285946,23,1028,33004,0
DEQ,827645990220857,23,1028,108822,0
DEQ,827645991124843,23,1028,85790,0
DEQ,827645992008063,23,1028,38459,0
DEQ,827645992918526,23,1028,39071,0
DEQ,827645993819332,23,1028,41724,0
DEQ,827645994722971,23,1028,41395,0
DEQ,827645995623998,23,1028,41196,0
DEQ,827645996533419,23,1028,49005,0
DEQ,827645997441651,23,1028,41346,0
DEQ,827645998315676,23,1028,43243,0
DEQ,827645999214251,23,1028,82647,0
DEQ,827646000096513,23,1028,36138,0
DEQ,827646001032078,23,1028,60213,0
DEQ,827646001916493,23,1028,40887,0
DEQ,827646002821326,23,1028,41351,0
DEQ,827646003722573,23,1028,41614,0
DEQ,827646004624177,23,1028,41014,0
DEQ,827646005532855,23,1028,47952,0
DEQ,827646006438668,23,1028,41457,0
DEQ,827646007304367,23,1028,34425,0
DEQ,827646008165450,23,1028,33180,0
DEQ,827646009076700,23,1028,41191,0
DEQ,827646009973170,23,1028,41978,0
DEQ,827646010872362,23,1028,41279,0
DEQ,827646011782872,23,1028,51813,0
DEQ,827646012672948,23,1028,41374,0
DEQ,827646013578049,23,1028,41548,0
DEQ,827646014478148,23,1028,41235,0
DEQ,827646015399907,23,1028,55845,0
DEQ,827646016248973,23,1028,32710,0
DEQ,827646017108082,23,1028,32763,0
DEQ,827646018003607,23,1028,41687,0
DEQ,827646018908260,23,1028,46126,0
DEQ,827646019804647,23,1028,41484,0
DEQ,827646020703928,23,1028,41663,0
DEQ,827646021603390,23,1028,40837,0
DEQ,827646022502821,23,1028,40772,0
DEQ,827646023407982,23,1028,46145,0
DEQ,827646024283002,23,1028,41631,0
DEQ,827646025148976,23,1028,48429,0
DEQ,827646026033023,23,1028,45427,0
DEQ,827646026937943,23,1028,40821,0
DEQ,827646027839080,23,1028,41681,0
DEQ,827646028738999,23,1028,41572,0
DEQ,827646029647866,23,1028,49779,0
DEQ,827646030539040,23,1028,40776,0
DEQ,827646031438570,23,1028,40784,0
DEQ,827646032303381,23,1028,33599,0
DEQ,827646033221134,23,1028,91064,0
DEQ,827646034098188,23,1028,35738,0
DEQ,827646035025326,23,1028,53455,0
DEQ,827646035913523,23,1028,41177,0
DEQ,827646036818656,23,1028,41554,0
DEQ,827646037725120,23,1028,41420,0
DEQ,827646038626417,23,1028,41424,0
DEQ,827646039533037,23,1028,46747,0
DEQ,827646040484883,23,1028,96820,0
DEQ,827646041379584,23,1028,105449,0
DEQ,827646042246207,23,1028,90263,0
DEQ,827646043065962,23,1028,46578,0
DEQ,827646043958202,23,1028,33151,0
DEQ,827646044818758,23,1028,33512,0
DEQ,827646045712994,23,1028,33250,0
DEQ,827646046603236,23,1028,33067,0
DEQ,827646047500774,23,1028,40699,0
DEQ,827646048408100,23,1028,45835,0
DEQ,827646049282400,23,1028,47770,0
DEQ,827646050126393,23,1028,32792,0
DEQ,827646051033848,23,1028,44870,0
DEQ,827646051940716,23,1028,40653,0
DEQ,827646052842902,23,1028,41479,0
DEQ,827646053742482,23,1028,41664,0
DEQ,827646054647953,23,1028,48015,0
DEQ,827646055541193,23,1028,41573,0
DEQ,827646056443502,23,1028,42161,0
DEQ,827646057317143,23,1028,43622,0
DEQ,827646058165419,23,1028,32779,0
DEQ,827646059073103,23,1028,42486,0
DEQ,827646059971107,23,1028,41648,0
DEQ,827646060872294,23,1028,41918,0
DEQ,827646061782471,23,1028,47610,0
DEQ,827646062676893,23,1028,41840,0
DEQ,827646063576228,23,1028,41884,0
DEQ,827646064475771,23,1028,41031,0
DEQ,827646065375375,23,1028,40812,0
DEQ,827646066239870,23,1028,33366,0
DEQ,827646067099237,23,1028,33647,0
DEQ,827646067994024,23,1028,41215,0
DEQ,827646068909435,23,1028,45016,0
DEQ,827646069805316,23,1028,40635,0
DEQ,827646070704983,23,1028,41338,0
DEQ,827646071605420,23,1028,40661,0
DEQ,827646072505571,23,1028,41156,0
DEQ,827646073409480,23,1028,44866,0
DEQ,827646074283289,23,1028,46812,0
DEQ,827646075128547,23,1028,32917,0
DEQ,827646076033302,23,1028,50635,0
DEQ,827646077037778,23,1028,57698,0
DEQ,827646077953159,23,1028,44846,0
DEQ,827646078929368,23,1028,126297,0
DEQ,827646079842572,23,1028,133100,0
DEQ,827646080750776,23,1028,137905,0
DEQ,827646081644654,23,1028,130561,0
DEQ,827646082571866,23,1028,156610,0
DEQ,827646083443940,23,1028,141840,0
DEQ,827646084263666,23,1028,83920,0
DEQ,827646085277196,23,1028,146407,0
DEQ,827646086202609,23,1028,78483,0
DEQ,827646087215179,23,1028,95399,0
DEQ,827646088204061,23,1028,97110,0
DEQ,827646089194774,23,1028,97407,0
DEQ,827646090189558,23,1028,96999,0
DEQ,827646091157749,23,1028,63413,0
DEQ,827646092173200,23,1028,85865,0
DEQ,827646093175669,23,1028,92313,0
DEQ,827646094179928,23,1028,101831,0
DEQ,827646095154916,23,1028,82138,0
DEQ,827646096140492,23,1028,80694,0
DEQ,827646097197340,23,1028,144820,0
DEQ,827646098190866,23,1028,149737,0
DEQ,827646099187286,23,1028,156262,0
DEQ,827646100167023,23,1028,143729,0
DEQ,827646101171791,23,1028,156751,0
DEQ,827646102137222,23,1028,127549,0
DEQ,827646103143688,23,1028,147209,0
DEQ,827646104138840,23,1028,147971,0
DEQ,827646105144571,23,1028,157139,0
DEQ,827646106119525,23,1028,146122,0
DEQ,827646107133396,23,1028,159447,0
DEQ,827646108086740,23,1028,124119,0
DEQ,827646109007157,23,1028,130964,0
DEQ,827646109910415,23,1028,134573,0
DEQ,827646110822625,23,1028,137551,0
DEQ,827646111725839,23,1028,137962,0
DEQ,827646112633127,23,1028,143224,0
DEQ,827646113548514,23,1028,155626,0
DEQ,827646114428546,23,1028,148653,0
DEQ,827646115300123,23,1028,142897,0
DEQ,827646116270867,23,1028,142608,0
DEQ,827646117217771,23,1028,102686,0
DEQ,827646118196763,23,1028,103991,0
DEQ,827646119163098,23,1028,86069,0
DEQ,827646120217333,23,1028,148204,0
DEQ,827646121204523,23,1028,145081,0
DEQ,827646122189169,23,1028,142041,0
DEQ,827646123186919,23,1028,144521,0
DEQ,827646124177739,23,1028,144298,0
DEQ,827646125176421,23,1028,144202,0
DEQ,827646126172194,23,1028,145791,0
DEQ,827646127165370,23,1028,145063,0
DEQ,827646128156738,23,1028,149093,0
DEQ,827646129151460,23,1028,154145,0
DEQ,827646130127521,23,1028,137817,0
DEQ,827646131125523,23,1028,148197,0
DEQ,827646132111555,23,1028,148050,0
DEQ,827646133072299,23,1028,122360,0
DEQ,827646133994509,23,1028,133150,0
DEQ,827646134911883,23,1028,150277,0
DEQ,827646135803211,23,1028,131528,0
DEQ,827646136707438,23,1028,132398,0
DEQ,827646137626706,23,1028,149539,0
DEQ,827646138537813,23,1028,158788,0
DEQ,827646139411190,23,1028,145183,0
DEQ,827646140289992,23,1028,146686,0
DEQ,827646141213104,23,1028,81081,0
DEQ,827646142210291,23,1028,87148,0
DEQ,827646143155393,23,1028,53993,0
DEQ,827646144192117,23,1028,95559,0
DEQ,827646145240659,23,1028,144619,0
DEQ,827646146228478,23,1028,144463,0
DEQ,827646147215483,23,1028,144516,0
DEQ,827646148181685,23,1028,122957,0
DEQ,827646149193409,23,1028,144218,0
DEQ,827646150179686,23,1028,143144,0
DEQ,827646151170197,23,1028,143889,0
DEQ,827646152128449,23,1028,111378,0
DEQ,827646153158379,23,1028,144732,0
DEQ,827646154150551,23,1028,144967,0
DEQ,827646155144852,23,1028,146760,0
DEQ,827646156146515,23,1028,146823,0
DEQ,827646157132268,23,1028,128791,0
DEQ,827646158149634,23,1028,154461,0
DEQ,827646159144370,23,1028,154700,0
DEQ,827646160135789,23,1028,158664,0
DEQ,827646161121820,23,1028,151849,0
DEQ,827646162083189,23,1028,127443,0
DEQ,827646163005232,23,1028,136502,0
DEQ,827646163913783,23,1028,150743,0
DEQ,827646164813573,23,1028,134750,0
DEQ,827646165736456,23,1028,155774,0
DEQ,827646166626459,23,1028,143536,0
DEQ,827646167541000,23,1028,155999,0
DEQ,827646168415352,23,1028,142008,0
DEQ,827646169300240,23,1028,149711,0
DEQ,827646170269726,23,1028,143500,0
DEQ,827646171202034,23,1028,88116,0
DEQ,827646172150146,23,1028,52292,0
DEQ,827646173121457,23,84,60691,1
DEQ,827646173150185,23,1028,60461,0
DEQ,827646174171309,23,1028,80781,0
DEQ,827646175167608,23,1028,86504,0
DEQ,827646175997952,23,1028,38409,0
DEQ,827646176913603,23,1028,87205,0
DEQ,827646177761850,23,1028,74702,0
DEQ,827646178676135,23,1028,128993,0
DEQ,827646179569093,23,1028,133339,0
DEQ,827646180481131,23,1028,150241,0
DEQ,827646181326700,23,1028,122907,0
DEQ,827646182195920,23,1028,132390,0
DEQ,827646183093024,23,1028,134097,0
DEQ,827646183994574,23,1028,134420,0
DEQ,827646184861836,23,1028,99947,0
DEQ,827646185701579,23,1028,54640,0
DEQ,827646186680503,23,1028,131854,0
DEQ,827646187603744,23,1028,153921,0
DEQ,827646188481435,23,1028,145265,0
DEQ,827646189356207,23,1028,143928,0
DEQ,827646190213022,23,1028,93620,0
DEQ,827646191189488,23,1028,79245,0
DEQ,827646192194022,23,1028,86726,0
DEQ,827646193186813,23,1028,86355,0
DEQ,827646194189775,23,1028,92018,0
DEQ,827646195170561,23,1028,76869,0
DEQ,827646196169723,23,1028,85315,0
DEQ,827646197173896,23,1028,90264,0
DEQ,827646198113625,23,1028,37094,0
DEQ,827646199129579,23,1028,80845,0
DEQ,827646200189851,23,1028,145092,0
DEQ,827646201179096,23,1028,143247,0
DEQ,827646202173248,23,1028,142329,0
DEQ,827646203163224,23,1028,143949,0
DEQ,827646204164218,23,1028,145784,0
DEQ,827646205154181,23,1028,146725,0
DEQ,827646206140056,23,1028,145565,0
DEQ,827646207126823,23,1028,142131,0
DEQ,827646208135941,23,1028,160971,0
DEQ,827646209112005,23,1028,145012,0
DEQ,827646210083870,23,1028,132558,0
DEQ,827646211005332,23,1028,142262,0
DEQ,827646211896640,23,1028,128144,0
DEQ,827646212751872,23,1028,74907,0
DEQ,827646213712986,23,1028,132417,0
DEQ,827646214620809,23,1028,138784,0
DEQ,827646215548765,23,1028,165440,0
DEQ,827646216414829,23,1028,144768,0
DEQ,827646217296170,23,1028,149003,0
DEQ,827646218281767,23,1028,144164,0
DEQ,827646219222988,23,1028,98828,0
DEQ,827646220208326,23,1028,120729,0
DEQ,827646221164045,23,1028,83765,0
DEQ,827646222154549,23,1028,84363,0
DEQ,827646223203589,23,1028,144278,0
DEQ,827646224189806,23,1028,142540,0
DEQ,827646225139434,23,1028,94356,0
DEQ,827646226184495,23,1028,149231,0
DEQ,827646227175637,23,1028,148711,0
DEQ,827646228168092,23,1028,149133,0
DEQ,827646229159877,23,1028,147899,0
DEQ,827646230132883,23,1028,135610,0
DEQ,827646231126878,23,1028,121009,0
DEQ,827646232124168,23,1028,133516,0
DEQ,827646233096060,23,1028,111963,0
DEQ,827646234133982,23,1028,159100,0
DEQ,827646235115617,23,1028,145257,0
DEQ,827646236088173,23,1028,124656,0
DEQ,827646237002510,23,1028,123859,0
DEQ,827646237914232,23,1028,140348,0
DEQ,827646238813775,23,1028,136909,0
DEQ,827646239741152,23,1028,161892,0
DEQ,827646240627406,23,1028,133844,0
DEQ,827646241561624,23,1028,163681,0
DEQ,827646242430348,23,1028,145291,0
DEQ,827646243306892,23,1028,143962,0
DEQ,827646244266969,23,1028,78052,0
DEQ,827646245154128,23,1028,83186,0
DEQ,827646246086871,23,1028,83481,0
DEQ,827646246971140,23,1028,35836,0
DEQ,827646247901951,23,1028,57806,0
DEQ,827646248787624,23,1028,41163,0
DEQ,827646249702424,23,1028,41564,0
DEQ,827646250603245,23,1028,40690,0
DEQ,827646251505445,23,1028,41329,0
DEQ,827646252410254,23,1028,44678,0
DEQ,827646253284506,23,1028,46346,0
DEQ,827646254129901,23,1028,32627,0
DEQ,827646255034963,23,1028,49865,0
DEQ,827646255938226,23,1028,40868,0
DEQ,827646256838367,23,1028,40840,0
DEQ,827646257738928,23,1028,41291,0
DEQ,827646258659566,23,1028,51696,0
DEQ,827646259549634,23,1028,41439,0
DEQ,827646260449013,23,1028,41355,0
DEQ,827646261321957,23,1028,42148,0
DEQ,827646262172313,23,1028,33309,0
DEQ,827646263077449,23,1028,43744,0
DEQ,827646263973970,23,1028,41029,0
DEQ,827646264873357,23,1028,41069,0
DEQ,827646265784487,23,1028,52666,0
DEQ,827646266675378,23,1028,42863,0
DEQ,827646267580508,23,1028,41138,0
DEQ,827646268480671,23,1028,40786,0
DEQ,827646269380731,23,1028,40647,0
DEQ,827646270245431,23,1028,33507,0
DEQ,827646271103989,23,1028,32964,0
DEQ,827646272017901,23,1028,60140,0
DEQ,827646272909530,23,1028,51618,0
DEQ,827646273799872,23,1028,41516,0
DEQ,827646274698987,23,1028,41551,0
DEQ,827646275598578,23,1028,41349,0
DEQ,827646276504799,23,1028,41296,0
DEQ,827646277412605,23,1028,45554,0
DEQ,827646278284623,23,1028,45423,0
DEQ,827646279130997,23,1028,32703,0
DEQ,827646280034617,23,1028,49372,0
DEQ,827646280936658,23,1028,40887,0
DEQ,827646281837180,23,1028,41135,0
DEQ,827646282737437,23,1028,41134,0
DEQ,827646283652200,23,1028,56691,0
DEQ,827646284537241,23,1028,41603,0
DEQ,827646285448100,23,1028,41519,0
DEQ,827646286322747,23,1028,44193,0
DEQ,827646287170379,23,1028,32808,0
DEQ,827646288093377,23,1028,53040,0
DEQ,827646288987719,23,1028,41376,0
DEQ,827646289901473,23,1028,55515,0
DEQ,827646290787174,23,1028,41887,0
DEQ,827646291686927,23,1028,41273,0
DEQ,827646292585993,23,1028,40200,0
DEQ,827646293486356,23,1028,40245,0
DEQ,827646294408890,23,1028,55430,0
DEQ,827646295275739,23,1028,50257,0
DEQ,827646296117994,23,1028,33473,0
DEQ,827646297026965,23,1028,55363,0
DEQ,827646297913147,23,1028,41149,0
DEQ,827646298813094,23,1028,40692,0
DEQ,827646299713263,23,1028,41472,0
DEQ,827646300613396,23,1028,41581,0
DEQ,827646301524346,23,1028,49110,0
DEQ,827646302417102,23,1028,41050,0
DEQ,827646303289779,23,1028,33187,0
DEQ,827646304222004,23,1028,106368,0
DEQ,827646305123901,23,1028,81837,0
DEQ,827646306026077,23,1028,51337,0
DEQ,827646306924872,23,1028,37779,0
DEQ,827646307825001,23,1028,42159,0
DEQ,827646308768654,23,1028,56795,0
DEQ,827646309657709,23,1028,50504,0
DEQ,827646310631455,23,1028,130444,0
DEQ,827646311571825,23,1028,165731,0
DEQ,827646312430031,23,1028,128453,0
DEQ,827646313299391,23,1028,132980,0
DEQ,827646314108858,23,1028,104709,0
DEQ,827646314933870,23,1028,36782,0
DEQ,827646315841279,23,1028,52240,0
DEQ,827646316830616,23,1028,137081,0
DEQ,827646317750330,23,1028,152976,0
DEQ,827646318630253,23,1028,128899,0
DEQ,827646319516236,23,1028,125422,0
DEQ,827646320391630,23,1028,126952,0
DEQ,827646321200288,23,1028,71115,0
DEQ,827646322120766,23,1028,78146,0
DEQ,827646323059671,23,1028,127775,0
DEQ,827646323967861,23,1028,132897,0
DEQ,827646324868691,23,1028,130116,0
DEQ,827646325766546,23,1028,125257,0
DEQ,827646326669548,23,1028,126059,0
DEQ,827646327569634,23,1028,123092,0
DEQ,827646328493143,23,1028,144430,0
DEQ,827646329349949,23,1028,128143,0
DEQ,827646330198083,23,1028,115651,0
DEQ,827646331114037,23,1028,141230,0
DEQ,827646332006028,23,1028,130403,0
DEQ,827646332910938,23,1028,133313,0
DEQ,827646333808733,23,1028,128059,0
DEQ,827646334709729,23,1028,126914,0
DEQ,827646335614706,23,1028,127949,0
DEQ,827646336517245,23,1028,125646,0
DEQ,827646337387389,23,1028,121871,0
DEQ,827646338256660,23,1028,131544,0
DEQ,827646339137263,23,1028,81847,0
DEQ,827646340096723,23,1028,114651,0
DEQ,827646341025675,23,1028,133319,0
DEQ,827646341923447,23,1028,127543,0
DEQ,827646342856769,23,1028,150566,0
DEQ,827646343742577,23,1028,131640,0
DEQ,827646344600479,23,1028,85968,0
DEQ,827646345550927,23,1028,132039,0
DEQ,827646346429005,23,1028,126641,0
DEQ,827646347302853,23,1028,127343,0
DEQ,827646348177917,23,1028,129864,0
DEQ,827646349071287,23,1028,126856,0
DEQ,827646349988837,23,1028,139988,0
DEQ,827646350884280,23,1028,130866,0
DEQ,827646351789633,23,1028,133589,0
DEQ,827646352688914,23,1028,129944,0
DEQ,827646353587206,23,1028,125656,0
DEQ,827646354497439,23,1028,133331,0
DEQ,827646355375331,23,1028,137400,0
DEQ,827646356224839,23,1028,127479,0
DEQ,827646357100330,23,1028,113166,0
DEQ,827646358022700,23,1028,126624,0
DEQ,827646358925055,23,1028,126797,0
DEQ,827646359833313,23,1028,132627,0
DEQ,827646360742396,23,1028,139625,0
DEQ,827646361631244,23,1028,126562,0
DEQ,827646362535665,23,1028,127358,0
STATS,827646362543748,0,0,16879,16879,0,0,0
DEQ,827646363404790,23,1028,123681,0
DEQ,827646364287768,23,1028,147440,0
DEQ,827646365130161,23,1028,59957,0
DEQ,827646366097883,23,1028,101292,0
DEQ,827646367048259,23,1028,122944,0
DEQ,827646367950976,23,1028,126184,0
DEQ,827646368870771,23,1028,139485,0
DEQ,827646369746895,23,1028,141959,0
DEQ,827646370568818,23,1028,73146,0
DEQ,827646371527461,23,1028,125284,0
DEQ,827646372402804,23,1028,126408,0
DEQ,827646373227514,23,1028,91632,0
DEQ,827646374199193,23,1028,121849,0
DEQ,827646375134100,23,1028,118927,0
DEQ,827646376070851,23,1028,127068,0
DEQ,827646376993308,23,1028,138790,0
DEQ,827646377886442,23,1028,129887,0
DEQ,827646378791376,23,1028,128163,0
DEQ,827646379694458,23,1028,125347,0
DEQ,827646380645348,23,1028,171625,0
DEQ,827646381553906,23,1028,143192,0
DEQ,827646382373521,23,1028,82821,0
DEQ,827646383253295,23,1028,84023,0
DEQ,827646384176351,23,1028,119558,0
DEQ,827646385088777,23,1028,139275,0
DEQ,827646385996948,23,1028,143846,0
DEQ,827646386883188,23,1028,126163,0
DEQ,827646387795271,23,1028,134996,0
DEQ,827646388691920,23,1028,127703,0
DEQ,827646389609083,23,1028,142197,0
DEQ,827646390500983,23,1028,126703,0
DEQ,827646391364594,23,1028,118960,0
DEQ,827646392260930,23,1028,156029,0
DEQ,827646393123540,23,1028,126940,0
DEQ,827646394037996,23,1028,133035,0
DEQ,827646394943165,23,1028,135557,0
DEQ,827646395843737,23,1028,133266,0
DEQ,827646396751224,23,1028,137546,0
DEQ,827646397640393,23,1028,123798,0
DEQ,827646398551135,23,1028,131209,0
DEQ,827646399448349,23,1028,125749,0
DEQ,827646400311125,23,1028,115311,0
DEQ,827646401181582,23,1028,144855,0
DEQ,827646402071948,23,1028,131609,0
DEQ,827646402988990,23,1028,146268,0
DEQ,827646403879820,23,1028,134045,0
DEQ,827646404780645,23,1028,130992,0
DEQ,827646405684907,23,1028,131413,0
DEQ,827646406579602,23,1028,123010,0
DEQ,827646407498237,23,1028,138369,0
DEQ,827646408367817,23,1028,134757,0
DEQ,827646409169185,23,1028,76554,0
DEQ,827646410128955,23,1028,147680,0
DEQ,827646411016787,23,1028,126235,0
DEQ,827646411934564,23,1028,141205,0
DEQ,827646412829936,23,1028,134975,0
DEQ,827646413751855,23,1028,154199,0
DEQ,827646414631317,23,1028,126616,0
DEQ,827646415541069,23,1028,132400,0
DEQ,827646416431845,23,1028,150049,0
DEQ,827646417294052,23,1028,141108,0
DEQ,827646418217455,23,1028,148950,0
DEQ,827646419124069,23,1028,128522,0
DEQ,827646420071098,23,1028,135799,0
DEQ,827646420988269,23,1028,144127,0
DEQ,827646421873031,23,1028,124520,0
DEQ,827646422782198,23,1028,127349,0
DEQ,827646423687008,23,1028,126577,0
DEQ,827646424594661,23,1028,130039,0
DEQ,827646425514812,23,1028,147703,0
DEQ,827646426375890,23,1028,135154,0
DEQ,827646427215462,23,1028,115441,0
DEQ,827646428142702,23,1028,153787,0
DEQ,827646429049571,23,1028,140977,0
DEQ,827646429942833,23,1028,131759,0
DEQ,827646430856056,23,1028,140899,0
DEQ,827646431752661,23,1028,133038,0
DEQ,827646432658356,23,1028,135558,0
DEQ,827646433554102,23,1028,128917,0
DEQ,827646434460678,23,1028,131194,0
DEQ,827646435326479,23,1028,126023,0
DEQ,827646436095608,23,1028,35152,0
DEQ,827646436993586,23,1028,43624,0
DEQ,827646437881806,23,1028,37066,0
DEQ,827646438786170,23,1028,46269,0
DEQ,827646439674157,23,1028,44866,0
DEQ,827646440574215,23,1028,51039,0
DEQ,827646441557949,23,1028,129548,0
DEQ,827646442472181,23,1028,140909,0
DEQ,827646443238148,23,1028,33729,0
DEQ,827646444097600,23,1028,33699,0
DEQ,827646445077976,23,1028,124757,0
DEQ,827646446014582,23,1028,158679,0
DEQ,827646446887734,23,1028,126278,0
DEQ,827646447788225,23,1028,124524,0
DEQ,827646448695917,23,1028,129124,0
DEQ,827646449606746,23,1028,137382,0
DEQ,827646450495046,23,1028,123422,0
DEQ,827646451366864,23,1028,122422,0
DEQ,827646452231487,23,1028,127707,0
DEQ,827646453109625,23,1028,116504,0
DEQ,827646454034108,23,1028,132595,0
DEQ,827646454952867,23,1028,147811,0
DEQ,827646455841707,23,1028,129856,0
DEQ,827646456741090,23,1028,125911,0
DEQ,827646457640057,23,1028,122674,0
DEQ,827646458548200,23,1028,127262,0
DEQ,827646459452381,23,1028,126407,0
DEQ,827646460315176,23,1028,116274,0
DEQ,827646461178378,23,1028,115435,0
DEQ,827646462076412,23,1028,125117,0
DEQ,827646462995076,23,1028,138034,0
DEQ,827646463922343,23,1028,162186,0
DEQ,827646464806987,23,1028,137322,0
DEQ,827646465699986,23,1028,126536,0
DEQ,827646466612186,23,1028,136465,0
DEQ,827646467501722,23,1028,123227,0
DEQ,827646468368255,23,1028,116334,0
DEQ,827646469270075,23,1028,158830,0
DEQ,827646470123197,23,1028,84255,0
DEQ,827646471089481,23,1028,123164,0
DEQ,827646471996535,23,1028,120325,0
DEQ,827646472923000,23,1028,146015,0
DEQ,827646473812625,23,1028,125541,0
DEQ,827646474734638,23,1028,142329,0
DEQ,827646475625832,23,1028,126735,0
DEQ,827646476527373,23,1028,123813,0
DEQ,827646477417828,23,1028,140981,0
DEQ,827646478275039,23,1028,139089,0
DEQ,827646479206281,23,1028,146490,0
DEQ,827646480148992,23,1028,158473,0
DEQ,827646481046862,23,1028,125874,0
DEQ,827646481970537,23,1028,139447,0
DEQ,827646482868370,23,1028,131426,0
DEQ,827646483774420,23,1028,130163,0
DEQ,827646484674297,23,1028,125545,0
DEQ,827646485578404,23,1028,125896,0
DEQ,827646486499084,23,1028,139453,0
DEQ,827646487378657,23,1028,144034,0
DEQ,827646488209035,23,1028,115125,0
DEQ,827646489116881,23,1028,132807,0
DEQ,827646490019523,23,1028,126805,0
DEQ,827646490941469,23,1028,145110,0
DEQ,827646491828349,23,1028,124356,0
DEQ,827646492742501,23,1028,135531,0
DEQ,827646493647992,23,1028,136579,0
DEQ,827646494544039,23,1028,127478,0
DEQ,827646495424472,23,1028,129714,0
DEQ,827646496314219,23,1028,145814,0
DEQ,827646497112011,23,1028,41024,0
DEQ,827646498118227,23,1028,136785,0
DEQ,827646499007829,23,1028,125299,0
DEQ,827646499936659,23,1028,151006,0
DEQ,827646500840900,23,1028,141446,0
DEQ,827646501757100,23,1028,154333,0
DEQ,827646502632046,23,1028,125955,0
DEQ,827646503539786,23,1028,131227,0
DEQ,827646504405548,23,1028,123247,0
DEQ,827646505288381,23,1028,146573,0
DEQ,827646506136014,23,1028,70175,0
DEQ,827646507041111,23,1028,65487,0
DEQ,827646508008161,23,1028,127847,0
DEQ,827646508946980,23,1028,159246,0
DEQ,827646509830456,23,1028,132162,0
DEQ,827646510744413,23,1028,137229,0
DEQ,827646511637500,23,1028,128004,0
DEQ,827646512537759,23,1028,124024,0
DEQ,827646513410336,23,1028,122714,0
DEQ,827646514289780,23,1028,142821,0
DEQ,827646515202540,23,1028,127973,0
DEQ,827646516135438,23,1028,151487,0
DEQ,827646517041497,23,1028,124118,0
DEQ,827646517968137,23,1028,142768,0
DEQ,827646518872053,23,1028,133750,0
DEQ,827646519770305,23,1028,126193,0
DEQ,827646520678731,23,1028,130290,0
DEQ,827646521578855,23,1028,126837,0
DEQ,827646522492220,23,1028,133020,0
DEQ,827646523364624,23,1028,131784,0
DEQ,827646524224601,23,1028,132310,0
DEQ,827646525117531,23,1028,135294,0
DEQ,827646526013796,23,1028,125042,0
DEQ,827646526944494,23,1028,151907,0
DEQ,827646527830924,23,1028,129696,0
DEQ,827646528750604,23,1028,144686,0
DEQ,827646529632323,23,1028,123446,0
DEQ,827646530539380,23,1028,127525,0
DEQ,827646531403757,23,1028,118483,0
DEQ,827646532288723,23,1028,144287,0
DEQ,827646533209868,23,1028,142904,0
DEQ,827646534116517,23,1028,120766,0
DEQ,827646535034392,23,1028,121284,0
DEQ,827646535954139,23,1028,143500,0
DEQ,827646536862070,23,1028,139472,0
DEQ,827646537764484,23,1028,137153,0
DEQ,827646538659618,23,1028,126629,0
DEQ,827646539566672,23,1028,130281,0
DEQ,827646540471522,23,1028,130824,0
DEQ,827646541289218,23,1028,73418,0
DEQ,827646542187999,23,1028,112765,0
DEQ,827646543087506,23,1028,122762,0
DEQ,827646543999949,23,1028,131997,0
DEQ,827646544874385,23,1028,103414,0
DEQ,827646545811941,23,1028,128114,0
DEQ,827646546710915,23,1028,123593,0
DEQ,827646547623128,23,1028,132273,0
DEQ,827646548522130,23,1028,129458,0
DEQ,827646549392328,23,1028,126524,0
DEQ,827646550164345,23,1028,39043,0
DEQ,827646551124593,23,1028,73252,0
DEQ,827646552095035,23,1028,133732,0
DEQ,827646552999706,23,1028,135194,0
DEQ,827646553916194,23,1028,146431,0
DEQ,827646554819489,23,1028,138567,0
DEQ,827646555719421,23,1028,133046,0
DEQ,827646556626029,23,1028,135999,0
DEQ,827646557527397,23,1028,132495,0
DEQ,827646558394501,23,1028,125053,0
DEQ,827646559276248,23,1028,147354,0
DEQ,827646560201322,23,1028,146904,0
DEQ,827646561112511,23,1028,131581,0
DEQ,827646562012455,23,1028,121145,0
DEQ,827646562939093,23,1028,146538,0
DEQ,827646563845530,23,1028,140287,0
DEQ,827646564752260,23,1028,141010,0
DEQ,827646565651158,23,1028,135930,0
DEQ,827646566552319,23,1028,131851,0
DEQ,827646567434101,23,1028,139356,0
DEQ,827646568187169,23,1028,36026,0
DEQ,827646569087083,23,1028,36572,0
DEQ,827646569984446,23,1028,33898,0
DEQ,827646570877224,23,1028,34904,0
DEQ,827646571794148,23,1028,59870,0
DEQ,827646572696922,23,1028,57861,0
DEQ,827646573676213,23,1028,131968,0
DEQ,827646574584658,23,1028,136821,0
DEQ,827646575496480,23,1028,144106,0
DEQ,827646576357608,23,1028,130596,0
DEQ,827646577209337,23,1028,123017,0
DEQ,827646578117907,23,1028,142432,0
DEQ,827646579043531,23,1028,130471,0
DEQ,827646579951230,23,1028,128895,0
DEQ,827646580869741,23,1028,146154,0
DEQ,827646581763951,23,1028,129153,0
DEQ,827646582669003,23,1028,125843,0
DEQ,827646583574672,23,1028,126949,0
DEQ,827646584485576,23,1028,134604,0
DEQ,827646585301133,23,1028,76169,0
DEQ,827646586198091,23,1028,113882,0
DEQ,827646587127744,23,1028,154456,0
DEQ,827646588034998,23,1028,117777,0
DEQ,827646588952790,23,1028,127016,0
DEQ,827646589885934,23,1028,157584,0
DEQ,827646590771425,23,1028,132090,0
DEQ,827646591669469,23,1028,125914,0
DEQ,827646592582466,23,1028,131297,0
DEQ,827646593491760,23,1028,135574,0
DEQ,827646594362967,23,1028,132504,0
DEQ,827646595205799,23,1028,115898,0
DEQ,827646596101579,23,1028,121072,0
DEQ,827646597009766,23,1028,126407,0
DEQ,827646597910450,23,1028,123794,0
DEQ,827646598838093,23,1028,147004,0
DEQ,827646599741054,23,1028,142615,0
DEQ,827646600633389,23,1028,131656,0
DEQ,827646601538842,23,1028,133762,0
DEQ,827646602407985,23,1028,127927,0
DEQ,827646603285396,23,1028,146129,0
DEQ,827646604149185,23,1028,84282,0
DEQ,827646605097065,23,1028,106617,0
DEQ,827646606032057,23,1028,131462,0
DEQ,827646606940801,23,1028,130832,0
DEQ,827646607850902,23,1028,138729,0
DEQ,827646608757002,23,1028,127360,0
DEQ,827646609666454,23,1028,129942,0
DEQ,827646610565828,23,1028,125200,0
DEQ,827646611489978,23,1028,146063,0
DEQ,827646612352785,23,1028,135460,0
DEQ,827646613189674,23,1028,112992,0
DEQ,827646614089105,23,1028,123635,0
DEQ,827646614997739,23,1028,128969,0
DEQ,827646615901926,23,1028,128437,0
DEQ,827646616822782,23,1028,145678,0
DEQ,827646617710335,23,1028,122835,0
DEQ,827646618627055,23,1028,136432,0
DEQ,827646619521709,23,1028,126947,0
DEQ,827646620382828,23,1028,114088,0
DEQ,827646621281390,23,1028,153130,0
DEQ,827646622196931,23,1028,143917,0
DEQ,827646623118435,23,1028,138627,0
DEQ,827646624030883,23,1028,140702,0
DEQ,827646624916103,23,1028,126895,0
DEQ,827646625846271,23,1028,150937,0
DEQ,827646626745447,23,1028,138028,0
DEQ,827646627645503,23,1028,133022,0
DEQ,827646628541198,23,1028,124567,0
DEQ,827646629422368,23,1028,132074,0
DEQ,827646630295582,23,1028,145586,0
DEQ,827646631193287,23,1028,123553,0
DEQ,827646632123404,23,1028,142078,0
DEQ,827646633011933,23,1028,129794,0
DEQ,827646633912772,23,1028,124716,0
DEQ,827646634849403,23,1028,157345,0
DEQ,827646635672079,23,1028,65671,0
DEQ,827646636562730,23,1028,96482,0
DEQ,827646637412963,23,1028,57046,0
DEQ,827646638257039,23,1028,33698,0
DEQ,827646639118000,23,1028,34197,0
DEQ,827646640112054,23,1028,138430,0
DEQ,827646640930575,23,1028,52708,0
DEQ,827646641912380,23,1028,131513,0
DEQ,827646642820987,23,1028,137771,0
DEQ,827646643735641,23,1028,150250,0
DEQ,827646644633586,23,1028,137635,0
DEQ,827646645524454,23,1028,125673,0
DEQ,827646646360253,23,1028,88584,0
DEQ,827646647274298,23,1028,143126,0
DEQ,827646648146175,23,1028,89286,0
DEQ,827646649094795,23,1028,112127,0
DEQ,827646650015247,23,1028,121334,0
DEQ,827646650919459,23,1028,127073,0
DEQ,827646651756254,23,1028,57504,0
DEQ,827646652755260,23,1028,149704,0
DEQ,827646653646982,23,1028,126952,0
DEQ,827646654551685,23,1028,123811,0
DEQ,827646655461560,23,1028,129722,0
DEQ,827646656319514,23,1028,113777,0
DEQ,827646657179064,23,1028,114018,0
DEQ,827646658078600,23,1028,124483,0
DEQ,827646658998218,23,1028,140903,0
DEQ,827646659887112,23,1028,126470,0
DEQ,827646660789026,23,1028,126756,0
DEQ,827646661714389,23,1028,150142,0
DEQ,827646662611258,23,1028,138619,0
DEQ,827646663499945,23,1028,123658,0
DEQ,827646664367343,23,1028,117835,0
DEQ,827646665242539,23,1028,133690,0
DEQ,827646666121099,23,1028,123073,0
DEQ,827646667037713,23,1028,125347,0
DEQ,827646667944126,23,1028,128277,0
DEQ,827646668873005,23,1028,153296,0
DEQ,827646669748322,23,1028,126185,0
DEQ,827646670674706,23,1028,149699,0
DEQ,827646671567692,23,1028,132898,0
DEQ,827646672461536,23,1028,123835,0
DEQ,827646673285849,23,1028,74859,0
DEQ,827646674190282,23,1028,119945,0
DEQ,827646675081912,23,1028,123249,0
DEQ,827646675999889,23,1028,138966,0
DEQ,827646676891079,23,1028,127554,0
DEQ,827646677789738,23,1028,124075,0
DEQ,827646678700171,23,1028,128042,0
DEQ,827646679635169,23,1028,159964,0
DEQ,827646680506102,23,1028,124068,0
DEQ,827646681394579,23,1028,139034,0
DEQ,827646682243437,23,1028,116700,0
DEQ,827646683160714,23,1028,114605,0
DEQ,827646684081882,23,1028,142590,0
DEQ,827646684994786,23,1028,150782,0
DEQ,827646685873896,23,1028,124525,0
DEQ,827646686787908,23,1028,134540,0
DEQ,827646687695651,23,1028,138716,0
DEQ,827646688606215,23,1028,145941,0
DEQ,827646689513012,23,1028,138295,0
DEQ,827646690369460,23,1028,120725,0
DEQ,827646691237155,23,1028,129163,0
DEQ,827646692142515,23,1028,144377,0
DEQ,827646693031656,23,1028,128218,0
DEQ,827646693937998,23,1028,131430,0
DEQ,827646694859522,23,1028,150221,0
DEQ,827646695746450,23,1028,130908,0
DEQ,827646696648917,23,1028,130178,0
DEQ,827646697570849,23,1028,148689,0
DEQ,827646698461936,23,1028,132716,0
DEQ,827646699326698,23,1028,124124,0
DEQ,827646700179868,23,1028,118027,0
DEQ,827646701075115,23,1028,124643,0
DEQ,827646701994887,23,1028,141478,0
DEQ,827646702894064,23,1028,133176,0
DEQ,827646703793726,23,1028,130726,0
DEQ,827646704698798,23,1028,133932,0
DEQ,827646705612202,23,1028,142989,0
DEQ,827646706512659,23,1028,140420,0
DEQ,827646707374060,23,1028,124820,0
DEQ,827646708246758,23,1028,138386,0
DEQ,827646709129402,23,1028,132920,0
DEQ,827646710033112,23,1028,126349,0
DEQ,827646710936623,23,1028,127131,0
DEQ,827646711846897,23,1028,135431,0
DEQ,827646712753053,23,1028,138735,0
DEQ,827646713647583,23,1028,130239,0
DEQ,827646714546577,23,1028,126385,0
DEQ,827646715473544,23,1028,153086,0
DEQ,827646716323709,23,1028,122231,0
DEQ,827646717108446,23,1028,44260,0
DEQ,827646718083060,23,1028,130122,0
DEQ,827646719002459,23,1028,146506,0
DEQ,827646719888973,23,1028,130644,0
DEQ,827646720790032,23,1028,129462,0
DEQ,827646721694578,23,1028,130810,0
DEQ,827646722600303,23,1028,133996,0
DEQ,827646723497643,23,1028,129221,0
DEQ,827646724389222,23,1028,146955,0
DEQ,827646725225922,23,1028,123262,0
DEQ,827646726117532,23,1028,126195,0
DEQ,827646727038499,23,1028,136539,0
DEQ,827646727928541,23,1028,124590,0
DEQ,827646728837109,23,1028,130926,0
DEQ,827646729756305,23,1028,147713,0
DEQ,827646730639876,23,1028,129281,0
DEQ,827646731545850,23,1028,132533,0
DEQ,827646732407003,23,1028,120766,0
DEQ,827646733273346,23,1028,127833,0
DEQ,827646734219691,23,1028,149672,0
DEQ,827646735138102,23,1028,128986,0
DEQ,827646736041765,23,1028,125055,0
DEQ,827646736954538,23,1028,136544,0
DEQ,827646737858902,23,1028,138071,0
DEQ,827646738755504,23,1028,128414,0
DEQ,827646739660242,23,1028,129124,0
DEQ,827646740568510,23,1028,133360,0
DEQ,827646741461941,23,1028,123595,0
DEQ,827646742338929,23,1028,127968,0
DEQ,827646743193242,23,1028,117584,0
DEQ,827646744091167,23,1028,124385,0
DEQ,827646744998361,23,1028,128467,0
DEQ,827646745899441,23,1028,126186,0
DEQ,827646746804971,23,1028,129266,0
DEQ,827646747713575,23,1028,135279,0
DEQ,827646748620390,23,1028,139729,0
DEQ,827646749517404,23,1028,134491,0
DEQ,827646750331255,23,1028,74405,0
DEQ,827646751216779,23,1028,100651,0
DEQ,827646752144729,23,1028,99472,0
DEQ,827646753099454,23,1028,127036,0
DEQ,827646754010318,23,1028,127719,0
DEQ,827646754913100,23,1028,127414,0
DEQ,827646755828384,23,1028,135505,0
DEQ,827646756745377,23,1028,145695,0
DEQ,827646757631914,23,1028,127852,0
DEQ,827646758533588,23,1028,125603,0
DEQ,827646759395577,23,1028,114626,0
DEQ,827646760278727,23,1028,138021,0
DEQ,827646761192948,23,1028,71292,0
DEQ,827646762064213,23,1028,34227,0
DEQ,827646762963311,23,1028,34847,0
DEQ,827646763855836,23,1028,33754,0
DEQ,827646764715112,23,1028,33280,0
DEQ,827646765604698,23,1028,33249,0
DEQ,827646766503324,23,1028,41240,0
DEQ,827646767412670,23,1028,46151,0
DEQ,827646768287020,23,1028,47854,0
DEQ,827646769131188,23,1028,32725,0
DEQ,827646770041431,23,1028,47513,0
DEQ,827646770942631,23,1028,41002,0
DEQ,827646771847350,23,1028,41869,0
DEQ,827646772750450,23,1028,41281,0
DEQ,827646773662570,23,1028,50675,0
DEQ,827646774557708,23,1028,41351,0
DEQ,827646775459511,23,1028,41158,0
DEQ,827646776341326,23,1028,47960,0
DEQ,827646777199141,23,1028,33476,0
DEQ,827646778086501,23,1028,43314,0
DEQ,827646778985754,23,1028,40816,0
DEQ,827646779904009,23,1028,55070,0
DEQ,827646780792445,23,1028,41495,0
DEQ,827646781693958,23,1028,40785,0
DEQ,827646782606392,23,1028,45452,0
DEQ,827646783506702,23,1028,40850,0
DEQ,827646784417408,23,1028,47957,0
DEQ,827646785287803,23,1028,44599,0
DEQ,827646786135441,23,1028,32833,0
DEQ,827646787038075,23,1028,46159,0
DEQ,827646787941537,23,1028,40969,0
DEQ,827646788845262,23,1028,41846,0
DEQ,827646789748160,23,1028,41997,0
DEQ,827646790662817,23,1028,53443,0
DEQ,827646791553464,23,1028,41861,0
DEQ,827646792456892,23,1028,41791,0
DEQ,827646793330199,23,1028,42903,0
DEQ,827646794186029,23,1028,33720,0
DEQ,827646795090424,23,1028,42746,0
DEQ,827646795986305,23,1028,41040,0
DEQ,827646796902471,23,1028,48803,0
DEQ,827646797797658,23,1028,40726,0
DEQ,827646798700904,23,1028,41831,0
DEQ,827646799604332,23,1028,41868,0
DEQ,827646800506005,23,1028,40957,0
DEQ,827646801412894,23,1028,44860,0
DEQ,827646802287940,23,1028,47264,0
DEQ,827646803132931,23,1028,32938,0
DEQ,827646804037942,23,1028,48471,0
DEQ,827646804937259,23,1028,41011,0
DEQ,827646805847845,23,1028,41777,0
DEQ,827646806752686,23,1028,42572,0
DEQ,827646807662957,23,1028,50445,0
DEQ,827646808556359,23,1028,41743,0
DEQ,827646809458928,23,1028,42104,0
DEQ,827646810333823,23,1028,44271,0
DEQ,827646811187702,23,1028,32896,0
DEQ,827646812084655,23,1028,47971,0
DEQ,827646812981535,23,1028,42007,0
DEQ,827646813882659,23,1028,41055,0
DEQ,827646814794790,23,1028,41991,0
DEQ,827646815697491,23,1028,41454,0
DEQ,827646816599745,23,1028,41381,0
DEQ,827646817521633,23,1028,60331,0
DEQ,827646818413018,23,1028,49508,0
DEQ,827646819283126,23,1028,47104,0
DEQ,827646820128537,23,1028,33207,0
DEQ,827646821038028,23,1028,53188,0
DEQ,827646821935378,23,1028,41619,0
DEQ,827646822837811,23,1028,40877,0
DEQ,827646823745190,23,1028,41557,0
DEQ,827646824662386,23,1028,56913,0
DEQ,827646825549264,23,1028,41193,0
DEQ,827646826453823,23,1028,41267,0
DEQ,827646827326634,23,1028,40609,0
DEQ,827646828226651,23,1028,81393,0
DEQ,827646829104253,23,1028,36033,0
DEQ,827646830032248,23,1028,56328,0
DEQ,827646830925297,23,1028,48066,0
DEQ,827646831824199,23,1028,41661,0
DEQ,827646832742452,23,1028,41560,0
DEQ,827646833662328,23,1028,56482,0
DEQ,827646834552012,23,1028,42403,0
DEQ,827646835454872,23,1028,41660,0
DEQ,827646836329278,23,1028,43633,0
DEQ,827646837184252,23,1028,33515,0
DEQ,827646838086409,23,1028,40433,0
DEQ,827646838985485,23,1028,40926,0
DEQ,827646839905052,23,1028,56942,0
DEQ,827646840792042,23,1028,41151,0
DEQ,827646841700032,23,1028,42056,0
DEQ,827646842604304,23,1028,41895,0
DEQ,827646843506137,23,1028,40820,0
DEQ,827646844413162,23,1028,45102,0
DEQ,827646845288269,23,1028,47647,0
DEQ,827646846132751,23,1028,32781,0
DEQ,827646847038232,23,1028,47926,0
DEQ,827646847941022,23,1028,41414,0
DEQ,827646848842643,23,1028,40909,0
DEQ,827646849745058,23,1028,41305,0
DEQ,827646850663488,23,1028,46054,0
DEQ,827646851562765,23,1028,42152,0
DEQ,827646852465144,23,1028,41121,0
DEQ,827646853372592,23,1028,44371,0
DEQ,827646854232496,23,1028,32764,0
DEQ,827646855092284,23,1028,32875,0
DEQ,827646855989105,23,1028,41284,0
DEQ,827646856905978,23,1028,55833,0
DEQ,827646857794497,23,1028,41144,0
DEQ,827646858697984,23,1028,41891,0
DEQ,827646859602997,23,1028,41209,0
DEQ,827646860504829,23,1028,41191,0
DEQ,827646861413564,23,1028,48261,0
DEQ,827646862277806,23,1028,40022,0
DEQ,827646863130271,23,1028,33164,0
DEQ,827646864038331,23,1028,51303,0
DEQ,827646864934460,23,1028,41348,0
DEQ,827646865836862,23,1028,41750,0
DEQ,827646866738733,23,1028,40784,0
DEQ,827646867656002,23,1028,55998,0
DEQ,827646868548734,23,1028,40457,0
DEQ,827646869452207,23,1028,41733,0
DEQ,827646870316010,23,1028,32936,0
DEQ,827646871175982,23,1028,33496,0
DEQ,827646872091773,23,1028,43798,0
DEQ,827646872989416,23,1028,41007,0
DEQ,827646873906421,23,1028,55596,0
DEQ,827646874797276,23,1028,41058,0
DEQ,827646875700515,23,1028,41568,0
DEQ,827646876602808,23,1028,41758,0
DEQ,827646877509545,23,1028,41197,0
DEQ,827646878415824,23,1028,44137,0
DEQ,827646879288430,23,1028,44025,0
DEQ,827646880136449,23,1028,32811,0
DEQ,827646881038700,23,1028,45717,0
DEQ,827646881944458,23,1028,40914,0
DEQ,827646882847644,23,1028,41476,0
DEQ,827646883751873,23,1028,42593,0
DEQ,827646884662774,23,1028,49686,0
DEQ,827646885557613,23,1028,42053,0
DEQ,827646886462979,23,1028,40772,0
DEQ,827646887348199,23,1028,45726,0
DEQ,827646888208453,23,1028,33721,0
DEQ,827646889082605,23,1028,45629,0
DEQ,827646889980740,23,1028,41472,0
DEQ,827646890883256,23,1028,41144,0
DEQ,827646891788489,23,1028,44270,0
DEQ,827646892687869,23,1028,42003,0
DEQ,827646893589891,23,1028,41051,0
DEQ,827646894495430,23,1028,42800,0
DEQ,827646895432180,23,1028,38458,0
DEQ,827646896290679,23,1028,33187,0
DEQ,827646897163670,23,1028,45849,0
DEQ,827646898043276,23,1028,33147,0
DEQ,827646898937616,23,1028,38210,0
DEQ,827646899835311,23,1028,41967,0
DEQ,827646900736724,23,1028,40695,0
DEQ,827646901654820,23,1028,56725,0
DEQ,827646902542607,23,1028,41489,0
DEQ,827646903444172,23,1028,40805,0
DEQ,827646904322299,23,1028,42210,0
DEQ,827646905173161,23,1028,33643,0
DEQ,827646906080409,23,1028,44462,0
DEQ,827646906978394,23,1028,41735,0
DEQ,827646907880278,23,1028,40983,0
DEQ,827646908788607,23,1028,46080,0
DEQ,827646909686044,23,1028,41209,0
DEQ,827646910586799,23,1028,40760,0
DEQ,827646911489034,23,1028,40419,0
DEQ,827646912406598,23,1028,55581,0
DEQ,827646913279596,23,1028,50333,0
DEQ,827646914121954,23,1028,33404,0
DEQ,827646915033785,23,1028,56219,0
DEQ,827646915921522,23,1028,41726,0
DEQ,827646916825619,23,1028,42465,0
DEQ,827646917726552,23,1028,41610,0
DEQ,827646918647005,23,1028,59985,0
DEQ,827646919538597,23,1028,49020,0
DEQ,827646920433741,23,1028,41632,0
DEQ,827646921296995,23,1028,32866,0
DEQ,827646922215958,23,1028,91157,0
DEQ,827646923088519,23,1028,35230,0
DEQ,827646924022217,23,1028,60022,0
DEQ,827646924913711,23,1028,50792,0
DEQ,827646925810334,23,1028,42004,0
DEQ,827646926713754,23,1028,40905,0
DEQ,827646927619227,23,1028,43166,0
DEQ,827646928528308,23,1028,49042,0
DEQ,827646929422369,23,1028,40768,0
DEQ,827646930289733,23,1028,35757,0
DEQ,827646931223497,23,1028,104838,0
DEQ,827646932080999,23,1028,35823,0
DEQ,827646932995009,23,1028,41976,0
DEQ,827646933913775,23,1028,58430,0
DEQ,827646934802151,23,1028,42790,0
DEQ,827646935705955,23,1028,42462,0
DEQ,827646936608284,23,1028,41039,0
DEQ,827646937529771,23,1028,58949,0
DEQ,827646938473250,23,1028,99613,0
DEQ,827646939362769,23,1028,105051,0
DEQ,827646940172220,23,1028,35098,0
DEQ,827646941088303,23,1028,36506,0
DEQ,827646941990424,23,1028,41277,0
DEQ,827646942913065,23,1028,57168,0
DEQ,827646943801196,23,1028,41726,0
DEQ,827646944705628,23,1028,42052,0
DEQ,827646945610109,23,1028,42789,0
DEQ,827646946528411,23,1028,51672,0
DEQ,827646947420446,23,1028,41098,0
DEQ,827646948288839,23,1028,37228,0
DEQ,827646949164370,23,1028,48076,0
DEQ,827646950063008,23,1028,34006,0
DEQ,827646950960209,23,1028,41383,0
DEQ,827646951862368,23,1028,41209,0
DEQ,827646952780394,23,1028,56987,0
DEQ,827646953667459,23,1028,41070,0
DEQ,827646954569662,23,1028,40901,0
DEQ,827646955473261,23,1028,41570,0
DEQ,827646956375987,23,1028,41891,0
DEQ,827646957239342,23,1028,32762,0
DEQ,827646958100616,23,1028,33200,0
DEQ,827646958999202,23,1028,42292,0
DEQ,827646959913905,23,1028,53942,0
DEQ,827646960805256,23,1028,43245,0
DEQ,827646961707241,23,1028,41600,0
DEQ,827646962609116,23,1028,41163,0
DEQ,827646963511181,23,1028,41076,0
DEQ,827646964416127,23,1028,42932,0
DEQ,827646965288935,23,1028,42545,0
DEQ,827646966154940,23,1028,49127,0
DEQ,827646967041186,23,1028,44277,0
DEQ,827646967945534,23,1028,40978,0
DEQ,827646968848464,23,1028,41439,0
DEQ,827646969751001,23,1028,41876,0
DEQ,827646970663938,23,1028,49056,0
DEQ,827646971558970,23,1028,42095,0
DEQ,827646972460419,23,1028,41262,0
DEQ,827646973336279,23,1028,44465,0
DEQ,827646974238704,23,1028,80993,0
DEQ,827646975108747,23,1028,35319,0
DEQ,827646976039001,23,1028,50394,0
DEQ,827646976940128,23,1028,45943,0
DEQ,827646977840397,23,1028,41321,0
DEQ,827646978744926,23,1028,42016,0
DEQ,827646979653643,23,1028,47331,0
DEQ,827646980551776,23,1028,42013,0
DEQ,827646981453969,23,1028,41462,0
DEQ,827646982318689,23,1028,34055,0
DEQ,827646983227991,23,1028,83972,0
DEQ,827646984106799,23,1028,36239,0
DEQ,827646985039078,23,1028,53372,0
DEQ,827646985932561,23,1028,43241,0
DEQ,827646986831911,23,1028,41101,0
DEQ,827646987734856,23,1028,41318,0
DEQ,827646988655211,23,1028,58920,0
DEQ,827646989541371,23,1028,41637,0
DEQ,827646990444967,23,1028,41288,0
DEQ,827646991313033,23,1028,36204,0
DEQ,827646992168908,23,1028,32803,0
DEQ,827646993093921,23,1028,44512,0
DEQ,827646993981894,23,1028,40752,0
DEQ,827646994906970,23,1028,58411,0
DEQ,827646995792404,23,1028,41693,0
DEQ,827646996694207,23,1028,41195,0
DEQ,827646997596519,23,1028,41812,0
DEQ,827646998499046,23,1028,41636,0
DEQ,827646999414219,23,1028,54787,0
DEQ,827647000280173,23,1028,48096,0
DEQ,827647001124680,23,1028,33269,0
DEQ,827647002038483,23,1028,57148,0
DEQ,827647002934949,23,1028,41373,0
DEQ,827647003836032,23,1028,40713,0
DEQ,827647004740228,23,1028,41815,0
DEQ,827647005657439,23,1028,56141,0
DEQ,827647006545334,23,1028,41404,0
DEQ,827647007448801,23,1028,41889,0
DEQ,827647008322617,23,1028,42975,0
DEQ,827647009171672,23,1028,32771,0
DEQ,827647010078467,23,1028,45192,0
DEQ,827647010977100,23,1028,41736,0
DEQ,827647011883315,23,1028,41059,0
DEQ,827647012796002,23,1028,50978,0
DEQ,827647013688598,23,1028,41446,0
DEQ,827647014590158,23,1028,40734,0
DEQ,827647015493945,23,1028,42417,0
DEQ,827647016403794,23,1028,49299,0
DEQ,827647017259568,23,1028,32860,0
DEQ,827647018119757,23,1028,33524,0
DEQ,827647019030485,23,1028,55525,0
DEQ,827647019918054,23,1028,41193,0
DEQ,827647020827966,23,1028,41862,0
DEQ,827647021729644,23,1028,41373,0
DEQ,827647022631098,23,1028,40999,0
DEQ,827647023539318,23,1028,46151,0
DEQ,827647024437610,23,1028,41963,0
DEQ,827647025301909,23,1028,33561,0
DEQ,827647026218644,23,1028,90957,0
DEQ,827647027093450,23,1028,35347,0
DEQ,827647028006155,23,1028,41736,0
DEQ,827647028914637,23,1028,47136,0
DEQ,827647029804430,23,1028,33723,0
DEQ,827647030694468,23,1028,33536,0
DEQ,827647031586920,23,1028,36317,0
DEQ,827647032480494,23,1028,36857,0
DEQ,827647033378107,23,1028,41953,0
DEQ,827647034242504,23,1028,33301,0
DEQ,827647035101966,23,1028,33509,0
DEQ,827647035998944,23,1028,41625,0
DEQ,827647036914789,23,1028,54588,0
DEQ,827647037804944,23,1028,42602,0
DEQ,827647038712411,23,1028,40762,0
DEQ,827647039614528,23,1028,40705,0
DEQ,827647040530884,23,1028,55474,0
DEQ,827647041419479,23,1028,41359,0
DEQ,827647042289454,23,1028,38114,0
DEQ,827647043216591,23,1028,105821,0
DEQ,827647044069656,23,1028,35186,0
DEQ,827647044984632,23,1028,42349,0
DEQ,827647045905467,23,1028,60637,0
DEQ,827647046791930,23,1028,43407,0
DEQ,827647047711314,23,1028,41759,0
DEQ,827647048616310,23,1028,42679,0
DEQ,827647049533080,23,1028,55987,0
DEQ,827647050419894,23,1028,40517,0
DEQ,827647051289475,23,1028,38331,0
DEQ,827647052158001,23,1028,47519,0
DEQ,827647053050446,23,1028,51054,0
DEQ,827647053950116,23,1028,41608,0
DEQ,827647054852033,23,1028,41394,0
DEQ,827647055755094,23,1028,41883,0
DEQ,827647056666948,23,1028,41161,0
DEQ,827647057570393,23,1028,40995,0
DEQ,827647058475599,23,1028,43420,0
DEQ,827647059351645,23,1028,46120,0
DEQ,827647060258395,23,1028,86925,0
DEQ,827647061104999,23,1028,36220,0
DEQ,827647062035951,23,1028,59810,0
DEQ,827647062924777,23,1028,44240,0
DEQ,827647063828114,23,1028,42389,0
DEQ,827647064730510,23,1028,41189,0
DEQ,827647065660346,23,1028,56719,0
DEQ,827647066556407,23,1028,44612,0
DEQ,827647067454582,23,1028,41844,0
DEQ,827647068330165,23,1028,44883,0
DEQ,827647069178078,23,1028,33503,0
DEQ,827647070094357,23,1028,36067,0
DEQ,827647070990610,23,1028,40908,0
DEQ,827647071907356,23,1028,55386,0
DEQ,827647072796756,23,1028,41495,0
DEQ,827647073699774,23,1028,41654,0
DEQ,827647074612414,23,1028,41089,0
DEQ,827647075531416,23,1028,56112,0
DEQ,827647076418159,23,1028,40885,0
DEQ,827647077291125,23,1028,36280,0
DEQ,827647078163895,23,1028,47477,0
DEQ,827647079062626,23,1028,40495,0
DEQ,827647079962280,23,1028,41378,0
DEQ,827647080866443,23,1028,41626,0
DEQ,827647081786035,23,1028,56473,0
DEQ,827647082672613,23,1028,40954,0
DEQ,827647083584474,23,1028,42311,0
DEQ,827647084486591,23,1028,41301,0
DEQ,827647085405845,23,1028,57156,0
DEQ,827647086333714,23,1028,112705,0
DEQ,827647087174462,23,1028,82718,0
DEQ,827647088107204,23,1028,85966,0
DEQ,827647088985047,23,1028,35475,0
DEQ,827647089904324,23,1028,45607,0
DEQ,827647090806770,23,1028,42489,0
DEQ,827647091706669,23,1028,41237,0
DEQ,827647092620859,23,1028,42363,0
DEQ,827647093539037,23,1028,56469,0
DEQ,827647094429142,23,1028,41899,0
DEQ,827647095293325,23,1028,33281,0
DEQ,827647096226338,23,1028,106819,0
DEQ,827647097079563,23,1028,35693,0
DEQ,827647097993392,23,1028,39419,0
DEQ,827647098904389,23,1028,50697,0
DEQ,827647099807053,23,1028,45963,0
DEQ,827647100707263,23,1028,42034,0
DEQ,827647101628555,23,1028,42096,0
DEQ,827647102539149,23,1028,48972,0
DEQ,827647103436804,23,1028,43498,0
DEQ,827647104350419,23,1028,84185,0
DEQ,827647105172295,23,1028,35385,0
DEQ,827647106093525,23,1028,40829,0
DEQ,827647106996937,23,1028,41940,0
DEQ,827647107914857,23,1028,53373,0
DEQ,827647108807191,23,1028,42216,0
DEQ,827647109711367,23,1028,41498,0
DEQ,827647110628230,23,1028,41993,0
DEQ,827647111539226,23,1028,48408,0
DEQ,827647112435871,23,1028,41740,0
DEQ,827647113299557,23,1028,32943,0
DEQ,827647114165518,23,1028,39282,0
DEQ,827647115070359,23,1028,36888,0
DEQ,827647115969393,23,1028,41973,0
DEQ,827647116871911,23,1028,41487,0
DEQ,827647117789133,23,1028,55958,0
DEQ,827647118677108,23,1028,41271,0
DEQ,827647119586547,23,1028,40901,0
DEQ,827647120489456,23,1028,41211,0
DEQ,827647121405929,23,1028,55726,0
DEQ,827647122255195,23,1028,32743,0
DEQ,827647123114551,23,1028,32741,0
DEQ,827647124012156,23,1028,41129,0
DEQ,827647124917391,23,1028,43832,0
DEQ,827647125818148,23,1028,41940,0
DEQ,827647126719268,23,1028,41259,0
DEQ,827647127622896,23,1028,41369,0
DEQ,827647128540012,23,1028,52278,0
DEQ,827647129431503,23,1028,41498,0
DEQ,827647130295420,23,1028,33237,0
DEQ,827647131164964,23,1028,42993,0
DEQ,827647132063426,23,1028,41243,0
DEQ,827647132959905,23,1028,41384,0
DEQ,827647133861635,23,1028,41092,0
DEQ,827647134781008,23,1028,57688,0
DEQ,827647135667228,23,1028,41249,0
DEQ,827647136570672,23,1028,41611,0
DEQ,827647137482709,23,1028,41987,0
DEQ,827647138387489,23,1028,41605,0
DEQ,827647139251826,23,1028,33556,0
DEQ,827647140110414,23,1028,32736,0
DEQ,827647141008219,23,1028,41478,0
DEQ,827647141915092,23,1028,45555,0
DEQ,827647142813433,23,1028,41557,0
DEQ,827647143715621,23,1028,40628,0
DEQ,827647144618344,23,1028,41550,0
DEQ,827647145535297,23,1028,55975,0
DEQ,827647146428467,23,1028,41505,0
DEQ,827647147292731,23,1028,33729,0
DEQ,827647148165089,23,1028,46720,0
DEQ,827647149062467,23,1028,45046,0
DEQ,827647149960614,23,1028,41792,0
DEQ,827647150861603,23,1028,40767,0
DEQ,827647151781265,23,1028,58730,0
DEQ,827647152667595,23,1028,42493,0
DEQ,827647153568443,23,1028,41153,0
DEQ,827647154471880,23,1028,41519,0
DEQ,827647155378071,23,1028,41752,0
DEQ,827647156242213,23,1028,33308,0
DEQ,827647157101574,23,1028,33533,0
DEQ,827647157975752,23,1028,48522,0
DEQ,827647158816721,23,1028,33437,0
DEQ,827647159675982,23,1028,32870,0
DEQ,827647160540238,23,1028,37619,0
DEQ,827647161427521,23,1028,35111,0
DEQ,827647162290423,23,1028,36777,0
DEQ,827647163160614,23,1028,47807,0
DEQ,827647164063506,23,1028,47917,0
DEQ,827647164959968,23,1028,41218,0
DEQ,827647165862456,23,1028,40684,0
DEQ,827647166781217,23,1028,57393,0
DEQ,827647167667973,23,1028,41710,0
DEQ,827647168569126,23,1028,41072,0
DEQ,827647169473851,23,1028,42406,0
DEQ,827647170374944,23,1028,41410,0
DEQ,827647171238793,23,1028,33202,0
DEQ,827647172098349,23,1028,33344,0
DEQ,827647172996683,23,1028,41476,0
DEQ,827647173914496,23,1028,56427,0
DEQ,827647174024090,23,84,14564,0
DEQ,827647174802772,23,1028,41152,0
DEQ,827647175706437,23,1028,42013,0
DEQ,827647176608803,23,1028,41141,0
DEQ,827647177505441,23,1028,35299,0
DEQ,827647178415325,23,1028,53790,0
DEQ,827647179282036,23,1028,48160,0
DEQ,827647180127771,23,1028,34693,0
DEQ,827647181029831,23,1028,47911,0
DEQ,827647181931562,23,1028,41437,0
DEQ,827647182834577,23,1028,42318,0
DEQ,827647183735867,23,1028,41043,0
DEQ,827647184638443,23,1028,40990,0
DEQ,827647185542441,23,1028,40582,0
DEQ,827647186445881,23,1028,42130,0
DEQ,827647187321149,23,1028,43423,0
DEQ,827647188170063,23,1028,32977,0
DEQ,827647189075847,23,1028,44538,0
DEQ,827647189973546,23,1028,41435,0
DEQ,827647190881039,23,1028,41482,0
DEQ,827647191790677,23,1028,48700,0
DEQ,827647192685278,23,1028,41394,0
DEQ,827647193587803,23,1028,41361,0
DEQ,827647194489574,23,1028,40887,0
DEQ,827647195407548,23,1028,56199,0
DEQ,827647196256559,23,1028,32643,0
DEQ,827647197116180,23,1028,32910,0
DEQ,827647198031298,23,1028,58500,0
DEQ,827647198918046,23,1028,41545,0
DEQ,827647199826612,23,1028,41329,0
DEQ,827647200730211,23,1028,41968,0
DEQ,827647201632089,23,1028,41214,0
DEQ,827647202540764,23,1028,46103,0
DEQ,827647203437697,23,1028,41219,0
DEQ,827647204301993,23,1028,33709,0
DEQ,827647205221286,23,1028,93777,0
DEQ,827647206135315,23,1028,82355,0
DEQ,827647207013403,23,1028,35553,0
DEQ,827647207926440,23,1028,38747,0
DEQ,827647208835291,23,1028,41576,0
DEQ,827647209747321,23,1028,44814,0
DEQ,827647210661697,23,1028,55914,0
DEQ,827647211550875,23,1028,41351,0
DEQ,827647212454999,23,1028,41660,0
DEQ,827647213319860,23,1028,34036,0
DEQ,827647214246098,23,1028,100866,0
DEQ,827647215104735,23,1028,36204,0
DEQ,827647216036298,23,1028,59116,0
DEQ,827647216923058,23,1028,41703,0
DEQ,827647217835752,23,1028,42048,0
DEQ,827647218710162,23,1028,42303,0
DEQ,827647219602618,23,1028,41806,0
DEQ,827647220506593,23,1028,41179,0
DEQ,827647221415569,23,1028,46868,0
DEQ,827647222289814,23,1028,48280,0
DEQ,827647223133583,23,1028,32807,0
DEQ,827647224041182,23,1028,51095,0
DEQ,827647224943162,23,1028,40681,0
DEQ,827647225847274,23,1028,41923,0
DEQ,827647226757441,23,1028,40931,0
DEQ,827647227665663,23,1028,45174,0
DEQ,827647228629596,23,1028,36664,0
DEQ,827647229638018,23,1028,127550,0
DEQ,827647230561317,23,1028,156179,0
DEQ,827647231438811,23,1028,147121,0
DEQ,827647232316742,23,1028,149896,0
DEQ,827647233211440,23,1028,143919,0
DEQ,827647234121951,23,1028,126922,0
DEQ,827647234980792,23,1028,52781,0
DEQ,827647235981675,23,1028,136229,0
DEQ,827647236882999,23,1028,134919,0
DEQ,827647237785027,23,1028,132302,0
DEQ,827647238691708,23,1028,133055,0
DEQ,827647239596531,23,1028,134825,0
DEQ,827647240499898,23,1028,134827,0
DEQ,827647241376779,23,1028,137958,0
DEQ,827647242223344,23,1028,125140,0
DEQ,827647243116304,23,1028,128951,0
DEQ,827647243936062,23,1028,40646,0
DEQ,827647244922039,23,1028,134362,0
DEQ,827647245823361,23,1028,133197,0
DEQ,827647246722297,23,1028,128552,0
DEQ,827647247641113,23,1028,144549,0
DEQ,827647248533905,23,1028,134683,0
DEQ,827647249394765,23,1028,122514,0
DEQ,827647250277748,23,1028,146065,0
DEQ,827647251137041,23,1028,81244,0
DEQ,827647252118954,23,1028,138102,0
DEQ,827647253023815,23,1028,133170,0
DEQ,827647253930041,23,1028,132906,0
DEQ,827647254836189,23,1028,136280,0
DEQ,827647255751729,23,1028,147752,0
DEQ,827647256638440,23,1028,131105,0
DEQ,827647257544085,23,1028,133005,0
DEQ,827647258410706,23,1028,126519,0
DEQ,827647259285278,23,1028,141795,0
DEQ,827647260135895,23,1028,66745,0
DEQ,827647261120941,23,1028,141885,0
DEQ,827647262027426,23,1028,148714,0
DEQ,827647262916612,23,1028,128415,0
DEQ,827647263824881,23,1028,129547,0
DEQ,827647264750383,23,1028,150784,0
DEQ,827647265637007,23,1028,130475,0
DEQ,827647266543742,23,1028,133580,0
DEQ,827647267406810,23,1028,122850,0
DEQ,827647268285138,23,1028,141868,0
DEQ,827647269175272,23,1028,101871,0
DEQ,827647270093508,23,1028,93217,0
DEQ,827647271052326,23,1028,138741,0
DEQ,827647271950007,23,1028,130841,0
DEQ,827647272869305,23,1028,143285,0
DEQ,827647273757738,23,1028,126984,0
DEQ,827647274668890,23,1028,133595,0
DEQ,827647275569154,23,1028,130684,0
DEQ,827647276475876,23,1028,134524,0
DEQ,827647277336963,23,1028,122328,0
DEQ,827647278195662,23,1028,121607,0
DEQ,827647279087655,23,1028,123928,0
DEQ,827647280019690,23,1028,152992,0
DEQ,827647280901579,23,1028,127424,0
DEQ,827647281813604,23,1028,135812,0
DEQ,827647282717984,23,1028,137114,0
DEQ,827647283628343,23,1028,145674,0
DEQ,827647284520426,23,1028,136055,0
DEQ,827647285383823,23,1028,126519,0
DEQ,827647286275991,23,1028,159183,0
DEQ,827647287124032,23,1028,81101,0
DEQ,827647288096578,23,1028,125905,0
DEQ,827647289026653,23,1028,145799,0
DEQ,827647289925022,23,1028,131513,0
DEQ,827647290833373,23,1028,137619,0
DEQ,827647291762298,23,1028,161266,0
DEQ,827647292566572,23,1028,59837,0
DEQ,827647293434913,23,1028,37918,0
DEQ,827647294296986,23,1028,39248,0
DEQ,827647295166612,23,1028,47723,0
DEQ,827647296047885,23,1028,35478,0
DEQ,827647296955418,23,1028,50614,0
DEQ,827647297958798,23,1028,149796,0
DEQ,827647298854402,23,1028,138285,0
DEQ,827647299758227,23,1028,137078,0
DEQ,827647300652802,23,1028,128913,0
DEQ,827647301549439,23,1028,123055,0
DEQ,827647302457271,23,1028,127373,0
DEQ,827647303320131,23,1028,116627,0
DEQ,827647304180817,23,1028,118035,0
DEQ,827647305074578,23,1028,123027,0
DEQ,827647305993375,23,1028,138946,0
DEQ,827647306909424,23,1028,150756,0
DEQ,827647307789448,23,1028,124274,0
DEQ,827647308692391,23,1028,124492,0
DEQ,827647309592902,23,1028,121638,0
DEQ,827647310500076,23,1028,125745,0
DEQ,827647311373580,23,1028,125466,0
DEQ,827647312237404,23,1028,130038,0
DEQ,827647313115378,23,1028,118532,0
DEQ,827647314049993,23,1028,139349,0
DEQ,827647314941683,23,1028,127941,0
DEQ,827647315863974,23,1028,147351,0
DEQ,827647316756703,23,1028,128348,0
DEQ,827647317662380,23,1028,132122,0
DEQ,827647318557656,23,1028,124301,0
DEQ,827647319458803,23,1028,122529,0
DEQ,827647320330339,23,1028,121265,0
DEQ,827647321181330,23,1028,112940,0
DEQ,827647322082169,23,1028,124777,0
DEQ,827647322999257,23,1028,139330,0
DEQ,827647323893455,23,1028,131565,0
DEQ,827647324814338,23,1028,148343,0
DEQ,827647325693714,23,1028,123104,0
DEQ,827647326614230,23,1028,140266,0
DEQ,827647327505923,23,1028,129728,0
DEQ,827647328373018,23,1028,123623,0
DEQ,827647329237536,23,1028,128803,0
DEQ,827647330106635,23,1028,109122,0
DEQ,827647331041915,23,1028,133693,0
DEQ,827647331932736,23,1028,122343,0
DEQ,827647332837381,23,1028,124356,0
DEQ,827647333766557,23,1028,151610,0
DEQ,827647334648990,23,1028,125511,0
DEQ,827647335551183,23,1028,123766,0
DEQ,827647336453822,23,1028,123355,0
DEQ,827647337322981,23,1028,119295,0
DEQ,827647338180991,23,1028,118039,0
DEQ,827647339077034,23,1028,125595,0
DEQ,827647340000812,23,1028,146268,0
DEQ,827647340890890,23,1028,132866,0
DEQ,827647341796148,23,1028,135555,0
DEQ,827647342710255,23,1028,147052,0
DEQ,827647343600135,23,1028,130103,0
DEQ,827647344501957,23,1028,129079,0
DEQ,827647345382898,23,1028,136310,0
DEQ,827647346176730,23,1028,70687,0
DEQ,827647347129161,23,1028,133650,0
DEQ,827647348026864,23,1028,124126,0
DEQ,827647348930737,23,1028,124615,0
DEQ,827647349834678,23,1028,126021,0
DEQ,827647350750310,23,1028,138641,0
DEQ,827647351668066,23,1028,152987,0
DEQ,827647352545300,23,1028,122682,0
DEQ,827647353447814,23,1028,132132,0
DEQ,827647354305878,23,1028,117017,0
DEQ,827647355165561,23,1028,128566,0
DEQ,827647356061019,23,1028,122675,0
DEQ,827647356964125,23,1028,124035,0
DEQ,827647357879413,23,1028,136386,0
DEQ,827647358781407,23,1028,134988,0
DEQ,827647359672782,23,1028,124925,0
DEQ,827647360597831,23,1028,147744,0
DEQ,827647361500170,23,1028,140021,0
DEQ,827647362369713,23,1028,135682,0
DEQ,827647363206778,23,1028,113583,0
STATS,827647363214872,0,0,17996,17996,0,0,0
DEQ,827647364103797,23,1028,121366,0
DEQ,827647365026167,23,1028,133068,0
DEQ,827647365920531,23,1028,122735,0
DEQ,827647366822560,23,1028,121392,0
DEQ,827647367745771,23,1028,142108,0
DEQ,827647368632283,23,1028,125638,0
DEQ,827647369555131,23,1028,146327,0
DEQ,827647370412771,23,1028,125552,0
DEQ,827647371294278,23,1028,141740,0
DEQ,827647372198305,23,1028,128750,0
DEQ,827647373146224,23,1028,168100,0
DEQ,827647374039914,23,1028,126809,0
DEQ,827647374966606,23,1028,143820,0
DEQ,827647375867532,23,1028,142813,0
DEQ,827647376758874,23,1028,129116,0
DEQ,827647377663873,23,1028,130341,0
DEQ,827647378577130,23,1028,139038,0
DEQ,827647379489958,23,1028,138970,0
DEQ,827647380349149,23,1028,124332,0
DEQ,827647381200613,23,1028,116326,0
DEQ,827647382144888,23,1028,170223,0
DEQ,827647382978858,23,1028,84709,0
DEQ,827647383933917,23,1028,122756,0
DEQ,827647384839509,23,1028,127658,0
DEQ,827647385747574,23,1028,125389,0
DEQ,827647386651115,23,1028,126053,0
DEQ,827647387577236,23,1028,147107,0
DEQ,827647388468506,23,1028,126159,0
DEQ,827647389329082,23,1028,112993,0
DEQ,827647390159529,23,1028,83969,0
DEQ,827647391088432,23,1028,123286,0
DEQ,827647391996649,23,1028,128525,0
DEQ,827647392907887,23,1028,133425,0
DEQ,827647393804051,23,1028,124687,0
DEQ,827647394713911,23,1028,132994,0
DEQ,827647395623811,23,1028,139864,0
DEQ,827647396536112,23,1028,149363,0
DEQ,827647397387212,23,1028,120629,0
DEQ,827647398277232,23,1028,151016,0
DEQ,827647399167504,23,1028,109674,0
DEQ,827647400040751,23,1028,53660,0
DEQ,827647401028720,23,1028,133362,0
DEQ,827647401920758,23,1028,123285,0
DEQ,827647402839119,23,1028,135273,0
DEQ,827647403746827,23,1028,139640,0
DEQ,827647404647634,23,1028,136850,0
DEQ,827647405561473,23,1028,145525,0
DEQ,827647406462130,23,1028,133587,0
DEQ,827647407319288,23,1028,116777,0
DEQ,827647408175663,23,1028,113885,0
DEQ,827647409076611,23,1028,122932,0
DEQ,827647410001607,23,1028,139384,0
DEQ,827647410890881,23,1028,125253,0
DEQ,827647411797364,23,1028,128798,0
DEQ,827647412705198,23,1028,133174,0
DEQ,827647413621096,23,1028,144926,0
DEQ,827647414522679,23,1028,143917,0
DEQ,827647415374721,23,1028,119200,0
DEQ,827647416268511,23,1028,153562,0
DEQ,827647417135731,23,1028,96429,0
DEQ,827647417986598,23,1028,39445,0
DEQ,827647418940855,23,1028,129944,0
DEQ,827647419774978,23,1028,103875,0
DEQ,827647420601082,23,1028,37103,0
DEQ,827647421502754,23,1028,44911,0
DEQ,827647422503743,23,1028,151058,0
DEQ,827647423278897,23,1028,53214,0
DEQ,827647424163457,23,1028,72933,0
DEQ,827647425104441,23,1028,123449,0
DEQ,827647426020569,23,1028,131344,0
DEQ,827647426922512,23,1028,130807,0
DEQ,827647427823334,23,1028,128275,0
DEQ,827647428722840,23,1028,125112,0
DEQ,827647429625241,23,1028,125041,0
DEQ,827647430529869,23,1028,126393,0
DEQ,827647431394975,23,1028,117797,0
DEQ,827647432271285,23,1028,134869,0
DEQ,827647433157454,23,1028,94947,0
DEQ,827647434108656,23,1028,115599,0
DEQ,827647435042706,23,1028,136943,0
DEQ,827647435947483,23,1028,141384,0
DEQ,827647436845896,23,1028,135817,0
DEQ,827647437752059,23,1028,138232,0
DEQ,827647438640688,23,1028,123050,0
DEQ,827647439544060,23,1028,122834,0
DEQ,827647440450262,23,1028,128494,0
DEQ,827647441322381,23,1028,126204,0
DEQ,827647442183798,23,1028,122793,0
DEQ,827647443075261,23,1028,125043,0
DEQ,827647443998953,23,1028,144584,0
DEQ,827647444880940,23,1028,123757,0
DEQ,827647445789695,23,1028,128336,0
DEQ,827647446704056,23,1028,138904,0
DEQ,827647447597340,23,1028,127115,0
DEQ,827647448500608,23,1028,126784,0
DEQ,827647449379073,23,1028,132220,0
DEQ,827647450233699,23,1028,127439,0
DEQ,827647451130197,23,1028,133730,0
DEQ,827647452029586,23,1028,122983,0
DEQ,827647452937331,23,1028,127649,0
DEQ,827647453844506,23,1028,131329,0
DEQ,827647454759442,23,1028,143469,0
DEQ,827647455644971,23,1028,125562,0
DEQ,827647456544738,23,1028,123170,0
DEQ,827647457416028,23,1028,120822,0
DEQ,827647458276577,23,1028,116402,0
DEQ,827647459175171,23,1028,138288,0
DEQ,827647460071275,23,1028,131998,0
DEQ,827647460968429,23,1028,126481,0
DEQ,827647461880517,23,1028,136482,0
DEQ,827647462771482,23,1028,125718,0
DEQ,827647463674186,23,1028,125984,0
DEQ,827647464574441,23,1028,123253,0
DEQ,827647465492877,23,1028,138763,0
DEQ,827647466340427,23,1028,113297,0
DEQ,827647467159999,23,1028,73377,0
DEQ,827647468126607,23,1028,150994,0
DEQ,827647469007494,23,1028,123778,0
DEQ,827647469915407,23,1028,128661,0
DEQ,827647470824604,23,1028,135330,0
DEQ,827647471722328,23,1028,130552,0
DEQ,827647472636913,23,1028,143033,0
DEQ,827647473519982,23,1028,123515,0
DEQ,827647474390085,23,1028,120638,0
DEQ,827647475275053,23,1028,146397,0
DEQ,827647476197424,23,1028,144975,0
DEQ,827647477130864,23,1028,150307,0
DEQ,827647478044514,23,1028,128483,0
DEQ,827647478954587,23,1028,127538,0
DEQ,827647479878457,23,1028,151231,0
DEQ,827647480760844,23,1028,129636,0
DEQ,827647481667047,23,1028,126458,0
DEQ,827647482569654,23,1028,124770,0
DEQ,827647483495881,23,1028,147200,0
DEQ,827647484339115,23,1028,117328,0
DEQ,827647485204664,23,1028,123491,0
DEQ,827647486134063,23,1028,163375,0
DEQ,827647487035530,23,1028,118889,0
DEQ,827647487947415,23,1028,122940,0
DEQ,827647488868495,23,1028,142001,0
DEQ,827647489761484,23,1028,127090,0
DEQ,827647490672976,23,1028,132259,0
DEQ,827647491567242,23,1028,122483,0
DEQ,827647492478246,23,1028,131060,0
DEQ,827647493337330,23,1028,116139,0
DEQ,827647494202734,23,1028,121922,0
DEQ,827647495087409,23,1028,116757,0
DEQ,827647496031908,23,1028,141835,0
DEQ,827647496923297,23,1028,130026,0
DEQ,827647497821310,23,1028,125254,0
DEQ,827647498738756,23,1028,139648,0
DEQ,827647499633960,23,1028,132610,0
DEQ,827647500531466,23,1028,126833,0
DEQ,827647501395044,23,1028,116993,0
DEQ,827647502278430,23,1028,140914,0
DEQ,827647503214401,23,1028,154010,0
DEQ,827647504135866,23,1028,142857,0
DEQ,827647505042319,23,1028,129012,0
DEQ,827647505946432,23,1028,130373,0
DEQ,827647506847181,23,1028,126194,0
DEQ,827647507758021,23,1028,131129,0
DEQ,827647508659597,23,1028,126445,0
DEQ,827647509564394,23,1028,127140,0
DEQ,827647510470068,23,1028,128832,0
DEQ,827647511286929,23,1028,71474,0
DEQ,827647512189683,23,1028,114925,0
DEQ,827647513125683,23,1028,161584,0
DEQ,827647514011601,23,1028,139435,0
DEQ,827647514904644,23,1028,128350,0
DEQ,827647515809753,23,1028,129904,0
DEQ,827647516718537,23,1028,135881,0
DEQ,827647517628326,23,1028,142714,0
DEQ,827647518513326,23,1028,125142,0
DEQ,827647519375137,23,1028,113566,0
DEQ,827647520276949,23,1028,156129,0
DEQ,827647521198652,23,1028,141993,0
DEQ,827647522131380,23,1028,147684,0
DEQ,827647523044724,23,1028,125866,0
DEQ,827647523961661,23,1028,133457,0
DEQ,827647524874496,23,1028,147488,0
DEQ,827647525772374,23,1028,138024,0
DEQ,827647526661009,23,1028,122903,0
DEQ,827647527573936,23,1028,130787,0
DEQ,827647528472614,23,1028,125851,0
DEQ,827647529343691,23,1028,123161,0
DEQ,827647530200369,23,1028,120212,0
DEQ,827647531119791,23,1028,151371,0
DEQ,827647531934901,23,1028,40241,0
DEQ,827647532942576,23,1028,138426,0
DEQ,827647533841962,23,1028,136923,0
DEQ,827647534738479,23,1028,129593,0
DEQ,827647535646615,23,1028,133523,0
DEQ,827647536542218,23,1028,124477,0
DEQ,827647537415379,23,1028,123989,0
DEQ,827647538304646,23,1028,147564,0
DEQ,827647539186759,23,1028,119721,0
DEQ,827647540138695,23,1028,161724,0
DEQ,827647541013858,23,1028,129943,0
DEQ,827647541916955,23,1028,128645,0
DEQ,827647542827380,23,1028,135292,0
DEQ,827647543731724,23,1028,136494,0
DEQ,827647544640688,23,1028,139942,0
DEQ,827647545536140,23,1028,131899,0
DEQ,827647546398371,23,1028,121048,0
DEQ,827647547277661,23,1028,140921,0
DEQ,827647548201171,23,1028,141238,0
DEQ,827647549145551,23,1028,154757,0
DEQ,827647550040379,23,1028,130633,0
DEQ,827647550942851,23,1028,131481,0
DEQ,827647551858741,23,1028,139018,0
DEQ,827647552757545,23,1028,132500,0
DEQ,827647553668985,23,1028,134838,0
DEQ,827647554566703,23,1028,130441,0
DEQ,827647555402432,23,1028,60303,0
DEQ,827647556247601,23,1028,34431,0
DEQ,827647557113219,23,1028,39970,0
DEQ,827647558009332,23,1028,46836,0
DEQ,827647558917426,23,1028,55220,0
DEQ,827647559812066,23,1028,53508,0
DEQ,827647560802793,23,1028,137258,0
DEQ,827647561706862,23,1028,136660,0
DEQ,827647562625082,23,1028,150629,0
DEQ,827647563504525,23,1028,127295,0
DEQ,827647564381789,23,1028,131122,0
DEQ,827647565244313,23,1028,134233,0
DEQ,827647566118291,23,1028,119128,0
DEQ,827647566984768,23,1028,72575,0
DEQ,827647567945658,23,1028,125911,0
DEQ,827647568847029,23,1028,124739,0
DEQ,827647569756891,23,1028,132311,0
DEQ,827647570651922,23,1028,125204,0
DEQ,827647571550947,23,1028,121542,0
DEQ,827647572456494,23,1028,124010,0
DEQ,827647573332411,23,1028,127126,0
DEQ,827647574181574,23,1028,114904,0
DEQ,827647575081172,23,1028,125661,0
DEQ,827647576005796,23,1028,148237,0
DEQ,827647576892207,23,1028,125606,0
DEQ,827647577802071,23,1028,129520,0
DEQ,827647578708214,23,1028,132446,0
DEQ,827647579619892,23,1028,139360,0
DEQ,827647580519219,23,1028,136189,0
DEQ,827647581374449,23,1028,118098,0
DEQ,827647582270866,23,1028,155281,0
DEQ,827647583138418,23,1028,96169,0
DEQ,827647584102573,23,1028,133183,0
DEQ,827647585026278,23,1028,146002,0
DEQ,827647585924092,23,1028,134648,0
DEQ,827647586824086,23,1028,130800,0
DEQ,827647587732615,23,1028,134357,0
DEQ,827647588636246,23,1028,133061,0
DEQ,827647589539953,23,1028,132997,0
DEQ,827647590399124,23,1028,118987,0
DEQ,827647591282982,23,1028,143383,0
DEQ,827647592137974,23,1028,73290,0
DEQ,827647593090593,23,1028,99735,0
DEQ,827647594040180,23,1028,136190,0
DEQ,827647594942081,23,1028,128588,0
DEQ,827647595842699,23,1028,126708,0
DEQ,827647596751198,23,1028,131972,0
DEQ,827647597656092,23,1028,130647,0
DEQ,827647598559288,23,1028,130724,0
DEQ,827647599458207,23,1028,125831,0
DEQ,827647600326060,23,1028,120338,0
DEQ,827647601181308,23,1028,115843,0
DEQ,827647602082773,23,1028,127445,0
DEQ,827647603020803,23,1028,161772,0
DEQ,827647603892193,23,1028,125202,0
DEQ,827647604798360,23,1028,128368,0
DEQ,827647605706006,23,1028,133218,0
DEQ,827647606625516,23,1028,150044,0
DEQ,827647607510352,23,1028,132452,0
DEQ,827647608373368,23,1028,122610,0
DEQ,827647609251511,23,1028,141263,0
DEQ,827647610112208,23,1028,113496,0
DEQ,827647611040368,23,1028,134790,0
DEQ,827647611959862,23,1028,150993,0
DEQ,827647612843898,23,1028,127122,0
DEQ,827647613749805,23,1028,131357,0
DEQ,827647614652395,23,1028,132025,0
DEQ,827647615549445,23,1028,126056,0
DEQ,827647616444009,23,1028,125596,0
DEQ,827647617305955,23,1028,114440,0
DEQ,827647618160738,23,1028,124799,0
DEQ,827647619070447,23,1028,131418,0
DEQ,827647619988303,23,1028,147069,0
DEQ,827647620896167,23,1028,152666,0
DEQ,827647621789889,23,1028,137132,0
DEQ,827647622684517,23,1028,127619,0
DEQ,827647623599354,23,1028,138994,0
DEQ,827647624504575,23,1028,140980,0
DEQ,827647625372578,23,1028,134980,0
DEQ,827647626214074,23,1028,116822,0
DEQ,827647627100903,23,1028,115339,0
DEQ,827647628021167,23,1028,126092,0
DEQ,827647628920943,23,1028,122443,0
DEQ,827647629841944,23,1028,140972,0
DEQ,827647630742911,23,1028,134917,0
DEQ,827647631632732,23,1028,122504,0
DEQ,827647632544279,23,1028,131972,0
DEQ,827647633414164,23,1028,127568,0
DEQ,827647634304164,23,1028,152210,0
DEQ,827647635185913,23,1028,118480,0
DEQ,827647636119161,23,1028,142866,0
DEQ,827647637001894,23,1028,124251,0
DEQ,827647637921994,23,1028,137808,0
DEQ,827647638835333,23,1028,147804,0
DEQ,827647639747183,23,1028,143295,0
DEQ,827647640635382,23,1028,128586,0
DEQ,827647641539436,23,1028,127553,0
DEQ,827647642404819,23,1028,118200,0
DEQ,827647643226023,23,1028,80141,0
DEQ,827647644201070,23,1028,132327,0
DEQ,827647645117805,23,1028,138611,0
DEQ,827647646010176,23,1028,132933,0
DEQ,827647646925303,23,1028,142403,0
DEQ,827647647842970,23,1028,155507,0
DEQ,827647648745872,23,1028,144598,0
DEQ,827647649645490,23,1028,136320,0
DEQ,827647650546114,23,1028,131651,0
DEQ,827647651410482,23,1028,122384,0
DEQ,827647652299347,23,1028,145776,0
DEQ,827647653191953,23,1028,120483,0
DEQ,827647654102849,23,1028,119406,0
DEQ,827647655014666,23,1028,133092,0
DEQ,827647655918477,23,1028,131711,0
DEQ,827647656841676,23,1028,149506,0
DEQ,827647657747637,23,1028,141633,0
DEQ,827647658638405,23,1028,127120,0
DEQ,827647659542548,23,1028,127638,0
DEQ,827647660427307,23,1028,139167,0
DEQ,827647661292076,23,1028,144649,0
DEQ,827647662154876,23,1028,83407,0
DEQ,827647663039611,23,1028,58298,0
DEQ,827647663936334,23,1028,50484,0
DEQ,827647664923809,23,1028,131610,0
DEQ,827647665855224,23,1028,156717,0
DEQ,827647666759530,23,1028,144548,0
DEQ,827647667645582,23,1028,126558,0
DEQ,827647668547867,23,1028,124879,0
DEQ,827647669439902,23,1028,124916,0
DEQ,827647670303426,23,1028,115105,0
DEQ,827647671174637,23,1028,138139,0
DEQ,827647672071301,23,1028,130791,0
DEQ,827647672966422,23,1028,122331,0
DEQ,827647673886208,23,1028,133822,0
DEQ,827647674802366,23,1028,148338,0
DEQ,827647675694667,23,1028,134409,0
DEQ,827647676598457,23,1028,134551,0
DEQ,827647677507650,23,1028,139438,0
DEQ,827647678369703,23,1028,127783,0
DEQ,827647679222509,23,1028,121139,0
DEQ,827647680124592,23,1028,133380,0
DEQ,827647680993738,23,1028,86880,0
DEQ,827647681845089,23,1028,41071,0
DEQ,827647682740970,23,1028,43647,0
DEQ,827647683658122,23,1028,64841,0
DEQ,827647684633527,23,1028,146245,0
DEQ,827647685510861,23,1028,130385,0
DEQ,827647686359523,23,1028,114200,0
DEQ,827647687181171,23,1028,76527,0
DEQ,827647688120026,23,1028,126084,0
DEQ,827647689044212,23,1028,136730,0
DEQ,827647689946341,23,1028,136023,0
DEQ,827647690847705,23,1028,134967,0
DEQ,827647691761703,23,1028,145041,0
DEQ,827647692661083,23,1028,141641,0
DEQ,827647693554402,23,1028,126896,0
DEQ,827647694463343,23,1028,131832,0
DEQ,827647695319657,23,1028,115297,0
DEQ,827647696180573,23,1028,116906,0
DEQ,827647697076270,23,1028,123511,0
DEQ,827647697990275,23,1028,132041,0
DEQ,827647698887238,23,1028,126699,0
DEQ,827647699792681,23,1028,129808,0
DEQ,827647700697353,23,1028,130672,0
DEQ,827647701613429,23,1028,143669,0
DEQ,827647702528577,23,1028,148986,0
DEQ,827647703407685,23,1028,142390,0
DEQ,827647704259029,23,1028,118628,0
DEQ,827647705175782,23,1028,122655,0
DEQ,827647706085441,23,1028,133823,0
DEQ,827647707002481,23,1028,144912,0
DEQ,827647707884169,23,1028,123990,0
DEQ,827647708792606,23,1028,128061,0
DEQ,827647709695948,23,1028,127744,0
DEQ,827647710618550,23,1028,146286,0
DEQ,827647711514887,23,1028,123074,0
DEQ,827647712390161,23,1028,123681,0
DEQ,827647713276061,23,1028,150230,0
DEQ,827647714132182,23,1028,82346,0
DEQ,827647715093534,23,1028,112556,0
DEQ,827647716014932,23,1028,123675,0
DEQ,827647716922408,23,1028,128273,0
DEQ,827647717831684,23,1028,132618,0
DEQ,827647718748336,23,1028,145514,0
DEQ,827647719655399,23,1028,149223,0
DEQ,827647720552918,23,1028,130479,0
DEQ,827647721452849,23,1028,142238,0
DEQ,827647722299499,23,1028,113738,0
DEQ,827647723169956,23,1028,131849,0
DEQ,827647724061269,23,1028,121966,0
DEQ,827647724990762,23,1028,149017,0
DEQ,827647725878480,23,1028,135114,0
DEQ,827647726775870,23,1028,130196,0
DEQ,827647727678300,23,1028,129819,0
DEQ,827647728599781,23,1028,147562,0
DEQ,827647729502892,23,1028,139768,0
DEQ,827647730371985,23,1028,135145,0
DEQ,827647731168334,23,1028,71858,0
DEQ,827647732105822,23,1028,120062,0
DEQ,827647733021142,23,1028,124856,0
DEQ,827647733923378,23,1028,122752,0
DEQ,827647734830878,23,1028,127341,0
DEQ,827647735752734,23,1028,145582,0
DEQ,827647736639954,23,1028,129939,0
DEQ,827647737562474,23,1028,149805,0
DEQ,827647738423412,23,1028,131525,0
DEQ,827647739301613,23,1028,143844,0
DEQ,827647740188162,23,1028,120717,0
DEQ,827647741119638,23,1028,143263,0
DEQ,827647742015507,23,1028,136794,0
DEQ,827647742919599,23,1028,136167,0
DEQ,827647743817574,23,1028,130319,0
DEQ,827647744719359,23,1028,127124,0
DEQ,827647745629300,23,1028,128812,0
DEQ,827647746552629,23,1028,147377,0
DEQ,827647747360571,23,1028,73506,0
DEQ,827647748293191,23,1028,146761,0
DEQ,827647749192742,23,1028,123890,0
DEQ,827647750118677,23,1028,140917,0
DEQ,827647751006728,23,1028,125815,0
DEQ,827647751933021,23,1028,145756,0
DEQ,827647752818666,23,1028,128757,0
DEQ,827647753723211,23,1028,129546,0
DEQ,827647754628603,23,1028,130591,0
DEQ,827647755537730,23,1028,134921,0
DEQ,827647756414624,23,1028,118967,0
DEQ,827647757300620,23,1028,145417,0
DEQ,827647758212604,23,1028,145196,0
DEQ,827647759114187,23,1028,119459,0
DEQ,827647760059651,23,1028,136446,0
DEQ,827647760962571,23,1028,130509,0
DEQ,827647761890112,23,1028,156106,0
DEQ,827647762774790,23,1028,135383,0
DEQ,827647763669703,23,1028,126611,0
DEQ,827647764596336,23,1028,149121,0
DEQ,827647765498930,23,1028,139053,0
DEQ,827647766317169,23,1028,83457,0
DEQ,827647767225389,23,1028,120298,0
DEQ,827647768112611,23,1028,90126,0
DEQ,827647769052959,23,1028,138294,0
DEQ,827647769957078,23,1028,134088,0
DEQ,827647770871147,23,1028,141613,0
DEQ,827647771771161,23,1028,137222,0
DEQ,827647772661617,23,1028,124521,0
DEQ,827647773586783,23,1028,146274,0
DEQ,827647774504793,23,1028,147422,0
DEQ,827647775301137,23,1028,70191,0
DEQ,827647776211731,23,1028,121660,0
DEQ,827647777093420,23,1028,114524,0
DEQ,827647778003569,23,1028,122068,0
DEQ,827647778919006,23,1028,134192,0
DEQ,827647779812952,23,1028,126135,0
DEQ,827647780718221,23,1028,128444,0
DEQ,827647781628893,23,1028,136026,0
DEQ,827647782544356,23,1028,146897,0
DEQ,827647783400362,23,1028,120827,0
DEQ,827647784279933,23,1028,141019,0
DEQ,827647785152764,23,1028,88497,0
DEQ,827647786105290,23,1028,110248,0
DEQ,827647786961037,23,1028,51455,0
DEQ,827647787945139,23,1028,133583,0
DEQ,827647788845264,23,1028,128416,0
DEQ,827647789756859,23,1028,132557,0
DEQ,827647790653531,23,1028,125574,0
DEQ,827647791583934,23,1028,151678,0
DEQ,827647792467117,23,1028,121950,0
DEQ,827647793334921,23,1028,115510,0
DEQ,827647794199746,23,1028,120845,0
DEQ,827647795090788,23,1028,122565,0
DEQ,827647796004950,23,1028,131453,0
DEQ,827647796906257,23,1028,127710,0
DEQ,827647797807461,23,1028,124332,0
DEQ,827647798721916,23,1028,135865,0
DEQ,827647799633188,23,1028,144103,0
DEQ,827647800541140,23,1028,149519,0
DEQ,827647801400147,23,1028,123283,0
DEQ,827647802279298,23,1028,143096,0
DEQ,827647803154198,23,1028,90064,0
DEQ,827647804093645,23,1028,103774,0
DEQ,827647805024541,23,1028,125143,0
DEQ,827647805931924,23,1028,131791,0
DEQ,827647806830488,23,1028,125021,0
DEQ,827647807746060,23,1028,136172,0
DEQ,827647808637370,23,1028,123540,0
DEQ,827647809563718,23,1028,144708,0
DEQ,827647810436977,23,1028,127570,0
DEQ,827647811299025,23,1028,115320,0
DEQ,827647812160938,23,1028,123905,0
DEQ,827647813064957,23,1028,124782,0
DEQ,827647813970409,23,1028,127451,0
DEQ,827647814875067,23,1028,129007,0
DEQ,827647815742074,23,1028,92842,0
DEQ,827647816566821,23,1028,43037,0
DEQ,827647817449892,23,1028,34375,0
DEQ,827647818331364,23,1028,55336,0
DEQ,827647819171949,23,1028,33900,0
DEQ,827647820122016,23,1028,93349,0
DEQ,827647821053134,23,1028,133348,0
DEQ,827647821959479,23,1028,136443,0
DEQ,827647822880073,23,1028,153936,0
DEQ,827647823759587,23,1028,130583,0
DEQ,827647824660154,23,1028,129240,0
DEQ,827647825561815,23,1028,127852,0
DEQ,827647826464830,23,1028,127268,0
DEQ,827647827338704,23,1028,127065,0
DEQ,827647828187258,23,1028,115308,0
DEQ,827647829090869,23,1028,129931,0
DEQ,827647830001998,23,1028,138967,0
DEQ,827647830907070,23,1028,137366,0
DEQ,827647831798103,23,1028,124406,0
DEQ,827647832699016,23,1028,124357,0
DEQ,827647833597842,23,1028,122909,0
DEQ,827647834541886,23,1028,167156,0
DEQ,827647835404295,23,1028,142508,0
DEQ,827647836274271,23,1028,135124,0
DEQ,827647837231148,23,1028,87472,0
DEQ,827647838281535,23,1028,148231,0
DEQ,827647839226771,23,1028,100679,0
DEQ,827647840230137,23,1028,112072,0
DEQ,827647841224058,23,1028,108248,0
DEQ,827647842158474,23,1028,75965,0
DEQ,827647843154756,23,1028,85526,0
DEQ,827647844211036,23,1028,143111,0
DEQ,827647845198200,23,1028,141716,0
DEQ,827647846131411,23,1028,87539,0
DEQ,827647847137314,23,1028,95598,0
DEQ,827647848173538,23,1028,141936,0
DEQ,827647849106332,23,1028,142517,0
DEQ,827647850082604,23,1028,123757,0
DEQ,827647851000086,23,1028,127581,0
DEQ,827647851897071,23,1028,129065,0
DEQ,827647852799655,23,1028,126986,0
DEQ,827647853703566,23,1028,126724,0
DEQ,827647854617333,23,1028,138290,0
DEQ,827647855536158,23,1028,155703,0
DEQ,827647856426408,23,1028,146554,0
DEQ,827647857305548,23,1028,148531,0
DEQ,827647858280478,23,1028,147266,0
DEQ,827647859282362,23,1028,157272,0
DEQ,827647860265538,23,1028,149828,0
DEQ,827647861249619,23,1028,145244,0
DEQ,827647862248793,23,1028,144996,0
DEQ,827647863180275,23,1028,84053,0
DEQ,827647864171142,23,1028,83221,0
DEQ,827647865171828,23,1028,91991,0
DEQ,827647866166935,23,1028,85523,0
DEQ,827647867169140,23,1028,100912,0
DEQ,827647868212273,23,1028,146729,0
DEQ,827647869202065,23,1028,144927,0
DEQ,827647870195224,23,1028,149927,0
DEQ,827647871177231,23,1028,143701,0
DEQ,827647872176984,23,1028,143085,0
DEQ,827647873176744,23,1028,150970,0
DEQ,827647874164115,23,1028,146959,0
DEQ,827647875134035,23,1028,122832,0
DEQ,827647876129338,23,1028,118900,0
DEQ,827647877127223,23,1028,130755,0
DEQ,827647878128328,23,1028,132219,0
DEQ,827647879148298,23,1028,157927,0
DEQ,827647880143416,23,1028,157603,0
DEQ,827647881133334,23,1028,152775,0
DEQ,827647882127015,23,1028,152707,0
DEQ,827647883094093,23,1028,125732,0
DEQ,827647884013373,23,1028,132322,0
DEQ,827647884930645,23,1028,150663,0
DEQ,827647885834434,23,1028,144048,0
DEQ,827647886726624,23,1028,133792,0
DEQ,827647887632250,23,1028,135473,0
DEQ,827647888551992,23,1028,153438,0
DEQ,827647889431264,23,1028,145075,0
DEQ,827647890248425,23,1028,84919,0
DEQ,827647891284061,23,1028,157302,0
DEQ,827647892277181,23,1028,165312,0
DEQ,827647893187183,23,1028,85750,0
DEQ,827647894164639,23,1028,79558,0
DEQ,827647895163876,23,1028,83311,0
DEQ,827647896212963,23,1028,143730,0
DEQ,827647897202060,23,1028,144508,0
DEQ,827647898192209,23,1028,146225,0
DEQ,827647899112820,23,1028,80559,0
DEQ,827647900113485,23,1028,81847,0
DEQ,827647901121239,23,1028,94387,0
DEQ,827647902163627,23,1028,145851,0
DEQ,827647903162630,23,1028,146695,0
DEQ,827647904112283,23,1028,101133,0
DEQ,827647905164823,23,1028,144945,0
DEQ,827647906164096,23,1028,148882,0
DEQ,827647907152608,23,1028,147270,0
DEQ,827647908121888,23,1028,128722,0
DEQ,827647909126243,23,1028,138581,0
DEQ,827647910122628,23,1028,149549,0
DEQ,827647911119293,23,1028,152798,0
DEQ,827647912089124,23,1028,134677,0
DEQ,827647913019690,23,1028,150695,0
DEQ,827647913919570,23,1028,149391,0
DEQ,827647914810775,23,1028,128904,0
DEQ,827647915721041,23,1028,133717,0
DEQ,827647916633543,23,1028,142988,0
DEQ,827647917555902,23,1028,164464,0
DEQ,827647918429425,23,1028,150931,0
DEQ,827647919299338,23,1028,143370,0
DEQ,827647920287363,23,1028,156608,0
DEQ,827647921224790,23,1028,103330,0
DEQ,827647922227325,23,1028,111313,0
DEQ,827647923163116,23,1028,80298,0
DEQ,827647924155319,23,1028,82993,0
DEQ,827647925208822,23,1028,146744,0
DEQ,827647926147753,23,1028,91708,0
DEQ,827647927203770,23,1028,150099,0
DEQ,827647928133420,23,1028,152876,0
DEQ,827647929028068,23,1028,120725,0
DEQ,827647929945780,23,1028,130159,0
DEQ,827647930846280,23,1028,125892,0
DEQ,827647931758402,23,1028,132313,0
DEQ,827647932681100,23,1028,150864,0
DEQ,827647933577197,23,1028,133767,0
DEQ,827647934476826,23,1028,129682,0
DEQ,827647935296361,23,1028,74818,0
DEQ,827647936202918,23,1028,121695,0
DEQ,827647937099915,23,1028,129201,0
DEQ,827647938021024,23,1028,141722,0
DEQ,827647938909906,23,1028,125739,0
DEQ,827647939815156,23,1028,126750,0
DEQ,827647940727320,23,1028,133748,0
DEQ,827647941641163,23,1028,143575,0
DEQ,827647942541818,23,1028,136014,0
DEQ,827647943314620,23,1028,34191,0
DEQ,827647944174498,23,1028,33653,0
DEQ,827647945066286,23,1028,34285,0
DEQ,827647945960327,23,1028,38849,0
DEQ,827647946862224,23,1028,44573,0
DEQ,827647947773011,23,1028,61980,0
DEQ,827647948677563,23,1028,61266,0
DEQ,827647949644078,23,1028,123385,0
DEQ,827647950563873,23,1028,139770,0
DEQ,827647951456562,23,1028,125009,0
DEQ,827647952329738,23,1028,123055,0
DEQ,827647953178540,23,1028,112569,0
DEQ,827647954080157,23,1028,123696,0
DEQ,827647954997441,23,1028,138046,0
DEQ,827647955884124,23,1028,121863,0
DEQ,827647956789805,23,1028,125723,0
DEQ,827647957693356,23,1028,126890,0
DEQ,827647958628685,23,1028,157366,0
DEQ,827647959537914,23,1028,128408,0
DEQ,827647960425152,23,1028,145371,0
DEQ,827647961302824,23,1028,150861,0
DEQ,827647962211217,23,1028,142982,0
DEQ,827647963155967,23,1028,162040,0
DEQ,827647964055547,23,1028,124608,0
DEQ,827647964966662,23,1028,123934,0
DEQ,827647965879165,23,1028,136427,0
DEQ,827647966772587,23,1028,124319,0
DEQ,827647967680663,23,1028,127646,0
DEQ,827647968601654,23,1028,141820,0
DEQ,827647969504798,23,1028,132208,0
DEQ,827647970378082,23,1028,132830,0
DEQ,827647971218681,23,1028,113886,0
DEQ,827647972126056,23,1028,131642,0
DEQ,827647973029765,23,1028,124981,0
DEQ,827647973936244,23,1028,126699,0
DEQ,827647974844680,23,1028,131569,0
DEQ,827647975756576,23,1028,140048,0
DEQ,827647976644949,23,1028,125298,0
DEQ,827647977571006,23,1028,148849,0
DEQ,827647978456898,23,1028,124564,0
DEQ,827647979333753,23,1028,127161,0
DEQ,827647980106142,23,1028,39970,0
DEQ,827647981081752,23,1028,125485,0
DEQ,827647981998603,23,1028,138658,0
DEQ,827647982899185,23,1028,136228,0
DEQ,827647983792634,23,1028,126725,0
DEQ,827647984691876,23,1028,122933,0
DEQ,827647985620063,23,1028,143324,0
DEQ,827647986523354,23,1028,144604,0
DEQ,827647987376872,23,1028,114737,0
DEQ,827647988276554,23,1028,155080,0
DEQ,827647989191520,23,1028,143245,0
DEQ,827647990091547,23,1028,115662,0
DEQ,827647991020698,23,1028,133054,0
DEQ,827647991927802,23,1028,137839,0
DEQ,827647992825911,23,1028,129736,0
DEQ,827647993736800,23,1028,134958,0
DEQ,827647994639105,23,1028,134679,0
DEQ,827647995554170,23,1028,145973,0
DEQ,827647996420479,23,1028,127276,0
DEQ,827647997287353,23,1028,123621,0
DEQ,827647998174936,23,1028,138050,0
DEQ,827647999067152,23,1028,125547,0
DEQ,827647999969569,23,1028,124681,0
DEQ,827648000894434,23,1028,142859,0
DEQ,827648001673645,23,1028,46060,0
DEQ,827648002658003,23,1028,130047,0
DEQ,827648003558979,23,1028,130999,0
DEQ,827648004475896,23,1028,143439,0
DEQ,827648005283780,23,1028,73204,0
DEQ,827648006149307,23,1028,78688,0
DEQ,827648007035709,23,1028,74682,0
DEQ,827648008007617,23,1028,142250,0
DEQ,827648008900555,23,1028,133252,0
DEQ,827648009800370,23,1028,125684,0
DEQ,827648010707872,23,1028,128266,0
DEQ,827648011620529,23,1028,136635,0
DEQ,827648012520652,23,1028,135037,0
DEQ,827648013344014,23,1028,85213,0
DEQ,827648014270764,23,1028,151247,0
DEQ,827648015196393,23,1028,146397,0
DEQ,827648016014440,23,1028,57188,0
DEQ,827648016890901,23,1028,37294,0
DEQ,827648017795421,23,1028,48514,0
DEQ,827648018675170,23,1028,37675,0
DEQ,827648019566987,23,1028,35985,0
DEQ,827648020550201,23,1028,127114,0
DEQ,827648021455951,23,1028,129186,0
DEQ,827648022335010,23,1028,133330,0
DEQ,827648023192266,23,1028,125696,0
DEQ,827648024094980,23,1028,138909,0
DEQ,827648025001745,23,1028,143239,0
DEQ,827648025891357,23,1028,130107,0
DEQ,827648026787194,23,1028,122330,0
DEQ,827648027694812,23,1028,127599,0
DEQ,827648028591470,23,1028,121230,0
DEQ,827648029506109,23,1028,133504,0
DEQ,827648030377850,23,1028,131876,0
DEQ,827648031231108,23,1028,125783,0
DEQ,827648032104960,23,1028,109850,0
DEQ,827648033030865,23,1028,127721,0
DEQ,827648033940878,23,1028,129324,0
DEQ,827648034850520,23,1028,134798,0
DEQ,827648035759189,23,1028,139971,0
DEQ,827648036644083,23,1028,122884,0
DEQ,827648037545152,23,1028,122176,0
DEQ,827648038446561,23,1028,121768,0
DEQ,827648039318397,23,1028,120759,0
DEQ,827648040186933,23,1028,125521,0
DEQ,827648041072413,23,1028,121744,0
DEQ,827648041992574,23,1028,139749,0
DEQ,827648042878832,23,1028,123286,0
DEQ,827648043786648,23,1028,125516,0
DEQ,827648044687755,23,1028,124314,0
DEQ,827648045614484,23,1028,146727,0
DEQ,827648046503807,23,1028,130797,0
DEQ,827648047388340,23,1028,141423,0
DEQ,827648048222581,23,1028,116261,0
DEQ,827648049122629,23,1028,127624,0
DEQ,827648050032681,23,1028,130375,0
DEQ,827648050927390,23,1028,121905,0
DEQ,827648051834651,23,1028,126087,0
DEQ,827648052741859,23,1028,131105,0
DEQ,827648053638853,23,1028,125902,0
DEQ,827648054538411,23,1028,122664,0
DEQ,827648055419971,23,1028,130395,0
DEQ,827648056298545,23,1028,143337,0
DEQ,827648057155317,23,1028,84895,0
DEQ,827648058131905,23,1028,151556,0
DEQ,827648059040804,23,1028,117001,0
DEQ,827648059955321,23,1028,122632,0
DEQ,827648060884043,23,1028,151787,0
DEQ,827648061770726,23,1028,131541,0
DEQ,827648062668274,23,1028,125932,0
DEQ,827648063576553,23,1028,131456,0
DEQ,827648064481308,23,1028,132482,0
DEQ,827648065336937,23,1028,114593,0
DEQ,827648066195151,23,1028,113165,0
DEQ,827648067115794,23,1028,144183,0
DEQ,827648068024494,23,1028,136244,0
DEQ,827648068932755,23,1028,139202,0
DEQ,827648069821407,23,1028,125177,0
DEQ,827648070728106,23,1028,129675,0
DEQ,827648071556101,23,1028,54487,0
DEQ,827648072534750,23,1028,128748,0
DEQ,827648073402425,23,1028,121644,0
DEQ,827648074284786,23,1028,144728,0
DEQ,827648075155551,23,1028,87989,0
DEQ,827648076093988,23,1028,96543,0
DEQ,827648077011611,23,1028,110356,0
DEQ,827648077924662,23,1028,128016,0
DEQ,827648078827241,23,1028,125459,0
DEQ,827648079749042,23,1028,142039,0
DEQ,827648080638029,23,1028,126522,0
DEQ,827648081559287,23,1028,139768,0
DEQ,827648082415939,23,1028,125251,0
DEQ,827648083241157,23,1028,90900,0
DEQ,827648084188754,23,1028,118243,0
DEQ,827648085122453,23,1028,142910,0
DEQ,827648086071212,23,1028,157272,0
DEQ,827648086942967,23,1028,118526,0
DEQ,827648087847515,23,1028,125122,0
DEQ,827648088761157,23,1028,129729,0
DEQ,827648089658703,23,1028,122426,0
DEQ,827648090574443,23,1028,134164,0
DEQ,827648091484314,23,1028,140603,0
DEQ,827648092338280,23,1028,121340,0
DEQ,827648093193909,23,1028,117693,0
DEQ,827648094108915,23,1028,143870,0
DEQ,827648095008327,23,1028,129977,0
DEQ,827648095904184,23,1028,122826,0
DEQ,827648096813361,23,1028,129434,0
DEQ,827648097710361,23,1028,122965,0
DEQ,827648098628849,23,1028,137880,0
DEQ,827648099524486,23,1028,129701,0
DEQ,827648100383246,23,1028,113875,0
DEQ,827648101234801,23,1028,106078,0
DEQ,827648102144569,23,1028,87633,0
DEQ,827648103112722,23,1028,126802,0
DEQ,827648104035100,23,1028,124643,0
DEQ,827648104930294,23,1028,126212,0
DEQ,827648105868540,23,1028,153030,0
DEQ,827648106763748,23,1028,143378,0
DEQ,827648107655709,23,1028,131896,0
DEQ,827648108560662,23,1028,132807,0
DEQ,827648109455110,23,1028,123406,0
DEQ,827648110320970,23,1028,116086,0
DEQ,827648111188515,23,1028,124152,0
DEQ,827648112105201,23,1028,151178,0
DEQ,827648113003719,23,1028,140067,0
DEQ,827648113891399,23,1028,124669,0
DEQ,827648114796014,23,1028,126051,0
DEQ,827648115697305,23,1028,124040,0
DEQ,827648116601607,23,1028,124917,0
DEQ,827648117505877,23,1028,125219,0
DEQ,827648118337825,23,1028,83992,0
DEQ,827648119224492,23,1028,111382,0
DEQ,827648120124263,23,1028,84474,0
DEQ,827648121107424,23,1028,138918,0
DEQ,827648122017556,23,1028,132439,0
DEQ,827648122911982,23,1028,126822,0
DEQ,827648123818355,23,1028,128052,0
DEQ,827648124725987,23,1028,129324,0
DEQ,827648125635767,23,1028,135370,0
DEQ,827648126526864,23,1028,123229,0
DEQ,827648127402409,23,1028,124977,0
DEQ,827648128283858,23,1028,147187,0
DEQ,827648129161670,23,1028,95228,0
DEQ,827648130105491,23,1028,108294,0
DEQ,827648131052191,23,1028,133401,0
DEQ,827648131946765,23,1028,127660,0
DEQ,827648132846978,23,1028,123188,0
DEQ,827648133757676,23,1028,129311,0
DEQ,827648134658504,23,1028,125468,0
DEQ,827648135567749,23,1028,130087,0
DEQ,827648136467452,23,1028,126295,0
DEQ,827648137329324,23,1028,114431,0
DEQ,827648138198560,23,1028,124337,0
DEQ,827648139105926,23,1028,141549,0
DEQ,827648140002458,23,1028,130084,0
DEQ,827648140901750,23,1028,126357,0
DEQ,827648141811370,23,1028,133211,0
DEQ,827648142713179,23,1028,132269,0
DEQ,827648143629624,23,1028,144356,0
DEQ,827648144522612,23,1028,134514,0
DEQ,827648145339520,23,1028,77938,0
DEQ,827648146286857,23,1028,165295,0
DEQ,827648147153797,23,1028,101336,0
DEQ,827648148027236,23,1028,59485,0
DEQ,827648148921825,23,1028,48037,0
DEQ,827648149802172,23,1028,34022,0
DEQ,827648150708860,23,1028,48152,0
DEQ,827648151683157,23,1028,125070,0
DEQ,827648152592036,23,1028,129151,0
DEQ,827648153525777,23,1028,158118,0
DEQ,827648154299739,23,1028,72686,0
DEQ,827648155157184,23,1028,70524,0
DEQ,827648156097242,23,1028,122281,0
DEQ,827648157046801,23,1028,136234,0
DEQ,827648157951579,23,1028,127879,0
DEQ,827648158855983,23,1028,129684,0
DEQ,827648159757058,23,1028,124634,0
DEQ,827648160660660,23,1028,122646,0
DEQ,827648161565628,23,1028,122932,0
DEQ,827648162474190,23,1028,126842,0
DEQ,827648163335966,23,1028,115021,0
DEQ,827648164205546,23,1028,125200,0
DEQ,827648165112003,23,1028,142699,0
DEQ,827648166016017,23,1028,143412,0
DEQ,827648166902260,23,1028,122577,0
DEQ,827648167814041,23,1028,130967,0
DEQ,827648168714091,23,1028,128292,0
DEQ,827648169629107,23,1028,139277,0
DEQ,827648170515426,23,1028,122048,0
DEQ,827648171381222,23,1028,114958,0
DEQ,827648172280894,23,1028,155416,0
DEQ,827648173191474,23,1028,143169,0
DEQ,827648174094477,23,1028,116322,0
DEQ,827648175025540,23,1028,135192,0
DEQ,827648175327951,23,84,74916,0
DEQ,827648175922560,23,1028,128951,0
DEQ,827648176828854,23,1028,128182,0
DEQ,827648177750990,23,1028,141239,0
DEQ,827648178641684,23,1028,129438,0
DEQ,827648179551089,23,1028,135776,0
DEQ,827648180442791,23,1028,152131,0
DEQ,827648181295344,23,1028,145254,0
DEQ,827648182186200,23,1028,118439,0
DEQ,827648183098467,23,1028,120214,0
DEQ,827648184019025,23,1028,141098,0
DEQ,827648184919718,23,1028,129523,0
DEQ,827648185831234,23,1028,133779,0
DEQ,827648186735646,23,1028,134212,0
DEQ,827648187629962,23,1028,125602,0
DEQ,827648188536051,23,1028,128627,0
DEQ,827648189378524,23,1028,96489,0
DEQ,827648190281873,23,1028,140541,0
DEQ,827648191135868,23,1028,70176,0
DEQ,827648192101156,23,1028,127006,0
DEQ,827648192967438,23,1028,54249,0
DEQ,827648193871251,23,1028,33472,0
DEQ,827648194791520,23,1028,56965,0
DEQ,827648195677293,23,1028,41408,0
DEQ,827648196590210,23,1028,43919,0
DEQ,827648197490494,23,1028,42232,0
DEQ,827648198393931,23,1028,41042,0
DEQ,827648199258579,23,1028,33519,0
DEQ,827648200118040,23,1028,33654,0
DEQ,827648201016118,23,1028,41397,0
DEQ,827648201922866,23,1028,44929,0
DEQ,827648202829623,23,1028,40676,0
DEQ,827648203733697,23,1028,41478,0
DEQ,827648204597130,23,1028,32877,0
DEQ,827648205494403,23,1028,40978,0
DEQ,827648206413101,23,1028,57014,0
DEQ,827648207262975,23,1028,33989,0
DEQ,827648208121395,23,1028,32927,0
DEQ,827648209019118,23,1028,40757,0
DEQ,827648209923775,23,1028,42231,0
DEQ,827648210824160,23,1028,41126,0
DEQ,827648211737195,23,1028,42462,0
DEQ,827648212637415,23,1028,40452,0
DEQ,827648213546835,23,1028,47310,0
DEQ,827648214444764,23,1028,41658,0
DEQ,827648215318647,23,1028,43281,0
DEQ,827648216229972,23,1028,95278,0
DEQ,827648217096484,23,1028,35290,0
DEQ,827648218013917,23,1028,42869,0
DEQ,827648218922355,23,1028,45873,0
DEQ,827648219821478,23,1028,41955,0
DEQ,827648220740640,23,1028,43819,0
DEQ,827648221640421,23,1028,41537,0
DEQ,827648222549746,23,1028,46612,0
DEQ,827648223447575,23,1028,41157,0
DEQ,827648224312853,23,1028,33621,0
DEQ,827648225224180,23,1028,85500,0
DEQ,827648226101018,23,1028,35368,0
DEQ,827648227015609,23,1028,42041,0
DEQ,827648227923350,23,1028,45624,0
DEQ,827648228824091,23,1028,41516,0
DEQ,827648229738084,23,1028,42233,0
DEQ,827648230640793,23,1028,41279,0
DEQ,827648231547970,23,1028,44857,0
DEQ,827648232447050,23,1028,41093,0
DEQ,827648233312858,23,1028,34649,0
DEQ,827648234227534,23,1028,89935,0
DEQ,827648235100994,23,1028,35131,0
DEQ,827648236014726,23,1028,40673,0
DEQ,827648236922052,23,1028,45207,0
DEQ,827648237821787,23,1028,40796,0
DEQ,827648238734557,23,1028,41696,0
DEQ,827648239637746,23,1028,41419,0
DEQ,827648240547073,23,1028,47028,0
DEQ,827648241444620,23,1028,41783,0
DEQ,827648242318710,23,1028,43160,0
DEQ,827648243172263,23,1028,37368,0
DEQ,827648244084040,23,1028,34919,0
DEQ,827648244980551,23,1028,41728,0
DEQ,827648245883619,23,1028,41353,0
DEQ,827648246797094,23,1028,51905,0
DEQ,827648247696720,23,1028,41083,0
DEQ,827648248603291,23,1028,42871,0
DEQ,827648249505016,23,1028,41268,0
DEQ,827648250421318,23,1028,54897,0
DEQ,827648251288489,23,1028,49452,0
DEQ,827648252132067,23,1028,33587,0
DEQ,827648253043055,23,1028,55650,0
DEQ,827648253936732,23,1028,41837,0
DEQ,827648254839402,23,1028,41577,0
DEQ,827648255741864,23,1028,41830,0
DEQ,827648256671368,23,1028,57073,0
DEQ,827648257558578,23,1028,41565,0
DEQ,827648258460724,23,1028,41216,0
DEQ,827648259335933,23,1028,43877,0
DEQ,827648260191685,23,1028,33412,0
DEQ,827648261083097,23,1028,46010,0
DEQ,827648261981846,23,1028,41550,0
DEQ,827648262884486,23,1028,41630,0
DEQ,827648263797160,23,1028,52351,0
DEQ,827648264690089,23,1028,41922,0
DEQ,827648265596111,23,1028,41205,0
DEQ,827648266501369,23,1028,43366,0
DEQ,827648267417063,23,1028,56145,0
DEQ,827648268266420,23,1028,32847,0
DEQ,827648269126341,23,1028,33495,0
DEQ,827648270036614,23,1028,55017,0
DEQ,827648270930992,23,1028,40833,0
DEQ,827648271835472,23,1028,41882,0
DEQ,827648272736748,23,1028,41692,0
DEQ,827648273638032,23,1028,40523,0
DEQ,827648274549328,23,1028,44432,0
DEQ,827648275448287,23,1028,40569,0
DEQ,827648276315291,23,1028,35202,0
DEQ,827648277180329,23,1028,34069,0
DEQ,827648278076101,23,1028,33001,0
DEQ,827648278967849,23,1028,36454,0
DEQ,827648279863472,23,1028,39912,0
DEQ,827648280761227,23,1028,41478,0
DEQ,827648281672266,23,1028,50424,0
DEQ,827648282566159,23,1028,41521,0
DEQ,827648283474130,23,1028,41198,0
DEQ,827648284378298,23,1028,41569,0
DEQ,827648285241454,23,1028,32715,0
DEQ,827648286100757,23,1028,32760,0
DEQ,827648286998376,23,1028,41318,0
DEQ,827648287916504,23,1028,56126,0
DEQ,827648288804234,23,1028,41488,0
DEQ,827648289706999,23,1028,41942,0
DEQ,827648290609392,23,1028,42062,0
DEQ,827648291530714,23,1028,60529,0
DEQ,827648292423204,23,1028,44326,0
DEQ,827648293297314,23,1028,46039,0
DEQ,827648294203016,23,1028,92447,0
DEQ,827648295071733,23,1028,36009,0
DEQ,827648295984436,23,1028,39717,0
DEQ,827648296906742,23,1028,61861,0
DEQ,827648297797408,23,1028,48485,0
DEQ,827648298694444,23,1028,41706,0
DEQ,827648299598677,23,1028,41956,0
DEQ,827648300498501,23,1028,38155,0
DEQ,827648301389560,23,1028,44974,0
DEQ,827648302242947,23,1028,32920,0
DEQ,827648303103067,23,1028,33475,0
DEQ,827648304001430,23,1028,42635,0
DEQ,827648304917982,23,1028,55747,0
DEQ,827648305806206,23,1028,41175,0
DEQ,827648306709882,23,1028,41632,0
DEQ,827648307613607,23,1028,41720,0
DEQ,827648308515258,23,1028,40966,0
DEQ,827648309422424,23,1028,46485,0
DEQ,827648310362602,23,1028,106146,0
DEQ,827648311172756,23,1028,45440,0
DEQ,827648312078663,23,1028,33054,0
DEQ,827648312988558,23,1028,48490,0
DEQ,827648313905825,23,1028,60303,0
DEQ,827648314797513,23,1028,47608,0
DEQ,827648315694819,23,1028,41743,0
DEQ,827648316605111,23,1028,44465,0
DEQ,827648317504654,23,1028,41927,0
DEQ,827648318421968,23,1028,55872,0
DEQ,827648319287027,23,1028,39610,0
DEQ,827648320139586,23,1028,32863,0
DEQ,827648321047955,23,1028,52103,0
DEQ,827648321948673,23,1028,40728,0
DEQ,827648322851905,23,1028,41354,0
DEQ,827648323756238,23,1028,42307,0
DEQ,827648324671829,23,1028,54676,0
DEQ,827648325561034,23,1028,41314,0
DEQ,827648326464135,23,1028,42088,0
DEQ,827648327347496,23,1028,52725,0
DEQ,827648328274018,23,1028,92674,0
DEQ,827648329149826,23,1028,83158,0
DEQ,827648330040504,23,1028,49743,0
DEQ,827648330943710,23,1028,41921,0
DEQ,827648331849679,23,1028,44744,0
DEQ,827648332752783,23,1028,43077,0
DEQ,827648333671895,23,1028,57477,0
DEQ,827648334559124,23,1028,41531,0
DEQ,827648335462181,23,1028,41861,0
DEQ,827648336348680,23,1028,44096,0
DEQ,827648337291489,23,1028,83814,0
DEQ,827648338168182,23,1028,83449,0
DEQ,827648339105708,23,1028,89079,0
DEQ,827648339983083,23,1028,35980,0
DEQ,827648340916547,23,1028,54185,0
DEQ,827648341803622,23,1028,41176,0
DEQ,827648342707505,23,1028,41337,0
DEQ,827648343610305,23,1028,42394,0
DEQ,827648344510983,23,1028,41790,0
DEQ,827648345422030,23,1028,51712,0
DEQ,827648346297036,23,1028,43796,0
DEQ,827648347202554,23,1028,89918,0
DEQ,827648348074964,23,1028,35391,0
DEQ,827648348990907,23,1028,41090,0
DEQ,827648349890040,23,1028,40650,0
DEQ,827648350797678,23,1028,45295,0
DEQ,827648351695151,23,1028,42085,0
DEQ,827648352595275,23,1028,40927,0
DEQ,827648353496319,23,1028,40589,0
DEQ,827648354414591,23,1028,57523,0
DEQ,827648355290046,23,1028,48014,0
DEQ,827648356134726,23,1028,33535,0
DEQ,827648357043080,23,1028,54902,0
DEQ,827648357938964,23,1028,41535,0
DEQ,827648358839731,23,1028,41359,0
DEQ,827648359739711,23,1028,41118,0
DEQ,827648360638656,23,1028,40369,0
DEQ,827648361547796,23,1028,49508,0
DEQ,827648362440778,23,1028,41967,0
DEQ,827648363304142,23,1028,32891,0
STATS,827648363421350,0,0,19104,19104,0,0,0
DEQ,827648364172835,23,1028,40679,0
DEQ,827648365071774,23,1028,42321,0
DEQ,827648365969366,23,1028,43895,0
DEQ,827648366868991,23,1028,40814,0
DEQ,827648367768965,23,1028,40890,0
DEQ,827648368674000,23,1028,45084,0
DEQ,827648369570669,23,1028,41671,0
DEQ,827648370470308,23,1028,40892,0
DEQ,827648371368756,23,1028,40394,0
DEQ,827648372233656,23,1028,33606,0
DEQ,827648373095159,23,1028,32763,0
DEQ,827648373990741,23,1028,41206,0
DEQ,827648374889793,23,1028,40393,0
DEQ,827648375797815,23,1028,48279,0
DEQ,827648376691703,23,1028,42642,0
DEQ,827648377591322,23,1028,41686,0
DEQ,827648378490687,23,1028,40535,0
DEQ,827648379391227,23,1028,41111,0
DEQ,827648380255936,23,1028,33576,0
DEQ,827648381115073,23,1028,33624,0
DEQ,827648382011439,23,1028,41529,0
DEQ,827648382922211,23,1028,51981,0
DEQ,827648383811173,23,1028,41360,0
DEQ,827648384711517,23,1028,41706,0
DEQ,827648385611348,23,1028,41412,0
DEQ,827648386511894,23,1028,41855,0
DEQ,827648387422586,23,1028,52095,0
DEQ,827648388290078,23,1028,47291,0
DEQ,827648389135133,23,1028,33314,0
DEQ,827648390037587,23,1028,47857,0
DEQ,827648390942388,23,1028,41574,0
DEQ,827648391842837,23,1028,41771,0
DEQ,827648392741578,23,1028,40372,0
DEQ,827648393641637,23,1028,40976,0
DEQ,827648394547923,23,1028,47737,0
DEQ,827648395442798,23,1028,42234,0
DEQ,827648396316291,23,1028,42258,0
DEQ,827648397173009,23,1028,39958,0
DEQ,827648398078524,23,1028,39402,0
DEQ,827648398972796,23,1028,40863,0
DEQ,827648399843792,23,1028,32769,0
DEQ,827648400739435,23,1028,41800,0
DEQ,827648401638693,23,1028,41315,0
DEQ,827648402548152,23,1028,50121,0
DEQ,827648403440412,23,1028,41881,0
DEQ,827648404313020,23,1028,42430,0
DEQ,827648405173165,23,1028,43628,0
DEQ,827648406075131,23,1028,38663,0
DEQ,827648406975381,23,1028,40994,0
DEQ,827648407841504,23,1028,34015,0
DEQ,827648408747621,23,1028,47959,0
DEQ,827648409657025,23,1028,53070,0
DEQ,827648410537781,23,1028,42062,0
DEQ,827648411423231,23,1028,36167,0
DEQ,827648412294151,23,1028,47526,0
DEQ,827648413139126,23,1028,32918,0
DEQ,827648414048158,23,1028,52060,0
DEQ,827648414946043,23,1028,41736,0
DEQ,827648415862111,23,1028,50785,0
DEQ,827648416757506,23,1028,41305,0
DEQ,827648417673148,23,1028,49166,0
DEQ,827648418567345,23,1028,41497,0
DEQ,827648419468394,23,1028,41227,0
DEQ,827648420372684,23,1028,42204,0
DEQ,827648421236921,23,1028,33708,0
DEQ,827648422095343,23,1028,32808,0
DEQ,827648422992812,23,1028,41274,0
DEQ,827648423895538,23,1028,41018,0
DEQ,827648424800403,23,1028,43872,0
DEQ,827648425700519,23,1028,41166,0
DEQ,827648426608851,23,1028,41583,0
DEQ,827648427512072,23,1028,41924,0
DEQ,827648428422564,23,1028,49286,0
DEQ,827648429292644,23,1028,47459,0
DEQ,827648430156511,23,1028,52074,0
DEQ,827648431047776,23,1028,54978,0
DEQ,827648431942835,23,1028,41370,0
DEQ,827648432845365,23,1028,41231,0
DEQ,827648433747920,23,1028,40886,0
DEQ,827648434666340,23,1028,56953,0
DEQ,827648435560356,23,1028,43649,0
DEQ,827648436471524,23,1028,48064,0
DEQ,827648437366894,23,1028,41091,0
DEQ,827648438231433,23,1028,33281,0
DEQ,827648439093292,23,1028,33818,0
DEQ,827648439990288,23,1028,41496,0
DEQ,827648440891685,23,1028,40919,0
DEQ,827648441798330,23,1028,45944,0
DEQ,827648442696813,23,1028,42479,0
DEQ,827648443598661,23,1028,41070,0
DEQ,827648444504700,23,1028,41608,0
DEQ,827648445422573,23,1028,56008,0
DEQ,827648446289432,23,1028,49904,0
DEQ,827648447132454,23,1028,33438,0
DEQ,827648448043848,23,1028,55886,0
DEQ,827648448937309,23,1028,41403,0
DEQ,827648449840477,23,1028,42024,0
DEQ,827648450742957,23,1028,41466,0
DEQ,827648451644515,23,1028,41043,0
DEQ,827648452550416,23,1028,44681,0
DEQ,827648453458347,23,1028,42502,0
DEQ,827648454330962,23,1028,42605,0
DEQ,827648455228097,23,1028,80416,0
DEQ,827648456102446,23,1028,35316,0
DEQ,827648457014419,23,1028,37654,0
DEQ,827648457923425,23,1028,47395,0
DEQ,827648458822380,23,1028,42717,0
DEQ,827648459725069,23,1028,41424,0
DEQ,827648460637219,23,1028,45045,0
DEQ,827648461547858,23,1028,54644,0
DEQ,827648462451189,23,1028,45212,0
DEQ,827648463323274,23,1028,44315,0
DEQ,827648464231141,23,1028,92734,0
DEQ,827648465103163,23,1028,35273,0
DEQ,827648466017481,23,1028,39655,0
DEQ,827648466924203,23,1028,45616,0
DEQ,827648467825985,23,1028,41767,0
DEQ,827648468729117,23,1028,41054,0
DEQ,827648469631900,23,1028,41205,0
DEQ,827648470548587,23,1028,54587,0
DEQ,827648471451729,23,1028,41365,0
DEQ,827648472324278,23,1028,41080,0
DEQ,827648473175552,23,1028,32939,0
DEQ,827648474082947,23,1028,44545,0
DEQ,827648474981701,23,1028,41709,0
DEQ,827648475885653,23,1028,42765,0
DEQ,827648476798593,23,1028,52782,0
DEQ,827648477690782,23,1028,41684,0
DEQ,827648478593886,23,1028,41983,0
DEQ,827648479495464,23,1028,41068,0
DEQ,827648480419503,23,1028,56039,0
DEQ,827648481268591,23,1028,32715,0
DEQ,827648482128784,23,1028,33570,0
DEQ,827648483038066,23,1028,53998,0
DEQ,827648483933545,23,1028,41137,0
DEQ,827648484841413,23,1028,41098,0
DEQ,827648485744401,23,1028,41204,0
DEQ,827648486664834,23,1028,59366,0
DEQ,827648487550685,23,1028,42429,0
DEQ,827648488452121,23,1028,40942,0
DEQ,827648489331977,23,1028,44172,0
DEQ,827648490241678,23,1028,90624,0
DEQ,827648491105296,23,1028,36099,0
DEQ,827648492017431,23,1028,39191,0
DEQ,827648492926411,23,1028,48285,0
DEQ,827648493827460,23,1028,41794,0
DEQ,827648494732804,23,1028,42296,0
DEQ,827648495636058,23,1028,41791,0
DEQ,827648496547966,23,1028,49958,0
DEQ,827648497443627,23,1028,42834,0
DEQ,827648498323985,23,1028,42672,0
DEQ,827648499232589,23,1028,91804,0
DEQ,827648500101537,23,1028,35398,0
DEQ,827648501014939,23,1028,41125,0
DEQ,827648501923715,23,1028,47756,0
DEQ,827648502823531,23,1028,41346,0
DEQ,827648503727831,23,1028,41704,0
DEQ,827648504631039,23,1028,41785,0
DEQ,827648505547929,23,1028,55880,0
DEQ,827648506439127,23,1028,41603,0
DEQ,827648507323632,23,1028,45055,0
DEQ,827648508175781,23,1028,37316,0
DEQ,827648509077750,23,1028,41828,0
DEQ,827648509975072,23,1028,40524,0
DEQ,827648510878461,23,1028,41746,0
DEQ,827648511794351,23,1028,56288,0
DEQ,827648512682073,23,1028,41295,0
DEQ,827648513586040,23,1028,41421,0
DEQ,827648514489681,23,1028,41835,0
DEQ,827648515391584,23,1028,40868,0
DEQ,827648516265096,23,1028,32726,0
DEQ,827648517124183,23,1028,32552,0
DEQ,827648518039796,23,1028,59141,0
DEQ,827648518926212,23,1028,43312,0
DEQ,827648519828014,23,1028,42348,0
DEQ,827648520729534,23,1028,41648,0
DEQ,827648521632012,23,1028,41699,0
DEQ,827648522548147,23,1028,55242,0
DEQ,827648523437260,23,1028,42114,0
DEQ,827648524300578,23,1028,32643,0
DEQ,827648525238587,23,1028,110139,0
DEQ,827648526090964,23,1028,35938,0
DEQ,827648527004866,23,1028,42618,0
DEQ,827648527919361,23,1028,55842,0
DEQ,827648528810838,23,1028,42317,0
DEQ,827648529714894,23,1028,42160,0
DEQ,827648530619391,23,1028,42707,0
DEQ,827648531539907,23,1028,58307,0
DEQ,827648532489426,23,1028,97703,0
DEQ,827648533313707,23,1028,35980,0
DEQ,827648534180686,23,1028,33184,0
DEQ,827648535089551,23,1028,33996,0
DEQ,827648535989512,23,1028,41764,0
DEQ,827648536896400,23,1028,74500,0
DEQ,827648537755488,23,1028,40047,0
DEQ,827648538665021,23,1028,53837,0
DEQ,827648539511553,23,1028,33871,0
DEQ,827648540416215,23,1028,48488,0
DEQ,827648541263770,23,1028,35080,0
DEQ,827648542121960,23,1028,33133,0
DEQ,827648543039907,23,1028,58126,0
DEQ,827648543933974,23,1028,40908,0
DEQ,827648544837850,23,1028,42182,0
DEQ,827648545739743,23,1028,41409,0
DEQ,827648546641351,23,1028,41024,0
DEQ,827648547548653,23,1028,46223,0
DEQ,827648548445980,23,1028,42204,0
DEQ,827648549319481,23,1028,43199,0
DEQ,827648550174037,23,1028,38468,0
DEQ,827648551077796,23,1028,43390,0
DEQ,827648551977450,23,1028,40401,0
DEQ,827648552881233,23,1028,41987,0
DEQ,827648553788570,23,1028,48366,0
DEQ,827648554682931,23,1028,40935,0
DEQ,827648555586294,23,1028,42016,0
DEQ,827648556496188,23,1028,43493,0
DEQ,827648557395090,23,1028,40837,0
DEQ,827648558260309,23,1028,33798,0
DEQ,827648559118655,23,1028,32777,0
DEQ,827648560014806,23,1028,40753,0
DEQ,827648560925198,23,1028,44298,0
DEQ,827648561823994,23,1028,41161,0
DEQ,827648562726520,23,1028,40764,0
DEQ,827648563630504,23,1028,42217,0
DEQ,827648564538616,23,1028,47771,0
DEQ,827648565433837,23,1028,40739,0
DEQ,827648566300063,23,1028,35111,0
DEQ,827648567235526,23,1028,111096,0
DEQ,827648568085761,23,1028,36362,0
DEQ,827648568999374,23,1028,41897,0
DEQ,827648569924116,23,1028,55882,0
DEQ,827648570814161,23,1028,42026,0
DEQ,827648571718802,23,1028,41728,0
DEQ,827648572621311,23,1028,41066,0
DEQ,827648573540891,23,1028,55952,0
DEQ,827648574430795,23,1028,41699,0
DEQ,827648575299174,23,1028,37699,0
DEQ,827648576228011,23,1028,107252,0
DEQ,827648577124744,23,1028,80588,0
DEQ,827648578007674,23,1028,38331,0
DEQ,827648578925584,23,1028,39410,0
DEQ,827648579827547,23,1028,41490,0
DEQ,827648580742114,23,1028,44414,0
DEQ,827648581640311,23,1028,40574,0
DEQ,827648582549076,23,1028,46450,0
DEQ,827648583448757,23,1028,41256,0
DEQ,827648584316986,23,1028,37108,0
DEQ,827648585175972,23,1028,36789,0
DEQ,827648586081715,23,1028,41593,0
DEQ,827648586985340,23,1028,42027,0
DEQ,827648587895798,23,1028,40977,0
DEQ,827648588801538,23,1028,44300,0
DEQ,827648589700386,23,1028,41126,0
DEQ,827648590602515,23,1028,40567,0
DEQ,827648591504478,23,1028,41197,0
DEQ,827648592413807,23,1028,48463,0
DEQ,827648593271586,23,1028,32756,0
DEQ,827648594131768,23,1028,33784,0
DEQ,827648595042904,23,1028,55739,0
DEQ,827648595938676,23,1028,41551,0
DEQ,827648596846760,23,1028,42172,0
DEQ,827648597748772,23,1028,41455,0
DEQ,827648598667866,23,1028,56675,0
DEQ,827648599555137,23,1028,40990,0
DEQ,827648600457495,23,1028,41151,0
DEQ,827648601333965,23,1028,45080,0
DEQ,827648602188050,23,1028,33506,0
DEQ,827648603077315,23,1028,40798,0
DEQ,827648603978995,23,1028,41148,0
DEQ,827648604885174,23,1028,42396,0
DEQ,827648605799279,23,1028,49383,0
DEQ,827648606693977,23,1028,41626,0
DEQ,827648607597218,23,1028,42030,0
DEQ,827648608499613,23,1028,41589,0
DEQ,827648609416943,23,1028,56688,0
DEQ,827648610265834,23,1028,33000,0
DEQ,827648611125090,23,1028,32955,0
DEQ,827648612022427,23,1028,40928,0
DEQ,827648612930382,23,1028,41094,0
DEQ,827648613832258,23,1028,40867,0
DEQ,827648614742635,23,1028,41695,0
DEQ,827648615643150,23,1028,40692,0
DEQ,827648616549390,23,1028,45091,0
DEQ,827648617448602,23,1028,41295,0
DEQ,827648618313523,23,1028,34163,0
DEQ,827648619238358,23,1028,99777,0
DEQ,827648620151663,23,1028,88707,0
DEQ,827648621040700,23,1028,51250,0
DEQ,827648621940138,23,1028,43784,0
DEQ,827648622848472,23,1028,48140,0
DEQ,827648623754405,23,1028,42002,0
DEQ,827648624673800,23,1028,57444,0
DEQ,827648625562703,23,1028,41788,0
DEQ,827648626465574,23,1028,41941,0
DEQ,827648627358346,23,1028,42479,0
DEQ,827648628222139,23,1028,32628,0
DEQ,827648629092768,23,1028,34931,0
DEQ,827648629990209,23,1028,41885,0
DEQ,827648630892048,23,1028,41315,0
DEQ,827648631799439,23,1028,44731,0
DEQ,827648632703824,23,1028,41442,0
DEQ,827648633607929,23,1028,42030,0
DEQ,827648634510588,23,1028,41930,0
DEQ,827648635424531,23,1028,53342,0
DEQ,827648636291161,23,1028,47734,0
DEQ,827648637136421,23,1028,33780,0
DEQ,827648638048725,23,1028,57065,0
DEQ,827648638943036,23,1028,41136,0
DEQ,827648639845628,23,1028,41858,0
DEQ,827648640747471,23,1028,41925,0
DEQ,827648641669332,23,1028,55952,0
DEQ,827648642519665,23,1028,32779,0
DEQ,827648643380076,23,1028,33528,0
DEQ,827648644239462,23,1028,33501,0
DEQ,827648645098051,23,1028,32808,0
DEQ,827648645995151,23,1028,40788,0
DEQ,827648646915541,23,1028,58185,0
DEQ,827648647801643,23,1028,41670,0
DEQ,827648648703729,23,1028,41060,0
DEQ,827648649606844,23,1028,41655,0
DEQ,827648650516989,23,1028,41113,0
DEQ,827648651425055,23,1028,46447,0
DEQ,827648652298897,23,1028,47508,0
DEQ,827648653143325,23,1028,32616,0
DEQ,827648654054149,23,1028,54821,0
DEQ,827648654952582,23,1028,41321,0
DEQ,827648655854169,23,1028,40752,0
DEQ,827648656756839,23,1028,41519,0
DEQ,827648657673951,23,1028,56095,0
DEQ,827648658561472,23,1028,41323,0
DEQ,827648659469305,23,1028,41780,0
DEQ,827648660370236,23,1028,40607,0
DEQ,827648661235255,23,1028,33454,0
DEQ,827648662095380,23,1028,34343,0
DEQ,827648662992203,23,1028,42193,0
DEQ,827648663895190,23,1028,43221,0
DEQ,827648664799673,23,1028,44693,0
DEQ,827648665698966,23,1028,42351,0
DEQ,827648666599379,23,1028,40407,0
DEQ,827648667502623,23,1028,41543,0
DEQ,827648668424712,23,1028,53704,0
DEQ,827648669289140,23,1028,46012,0
DEQ,827648670135955,23,1028,33587,0
DEQ,827648671039323,23,1028,48129,0
DEQ,827648671942912,23,1028,41752,0
DEQ,827648672845125,23,1028,41589,0
DEQ,827648673742906,23,1028,34312,0
DEQ,827648674634557,23,1028,36311,0
DEQ,827648675540893,23,1028,50700,0
DEQ,827648676424970,23,1028,42195,0
DEQ,827648677292363,23,1028,47344,0
DEQ,827648678138175,23,1028,33576,0
DEQ,827648679049147,23,1028,54727,0
DEQ,827648679942150,23,1028,41731,0
DEQ,827648680844335,23,1028,41411,0
DEQ,827648681746004,23,1028,41333,0
DEQ,827648682665829,23,1028,57987,0
DEQ,827648683552145,23,1028,41313,0
DEQ,827648684455740,23,1028,42276,0
DEQ,827648685329173,23,1028,43286,0
DEQ,827648686227074,23,1028,80822,0
DEQ,827648687108530,23,1028,36042,0
DEQ,827648688020358,23,1028,42578,0
DEQ,827648688926537,23,1028,45336,0
DEQ,827648689826596,23,1028,41279,0
DEQ,827648690732589,23,1028,42236,0
DEQ,827648691636281,23,1028,42459,0
DEQ,827648692549859,23,1028,51329,0
DEQ,827648693443210,23,1028,42148,0
DEQ,827648694316979,23,1028,43020,0
DEQ,827648695231705,23,1028,93060,0
DEQ,827648696101022,23,1028,35584,0
DEQ,827648697033246,23,1028,60123,0
DEQ,827648697924919,23,1028,51842,0
DEQ,827648698819512,23,1028,41842,0
DEQ,827648699722606,23,1028,41557,0
DEQ,827648700634223,23,1028,45195,0
DEQ,827648701539487,23,1028,47767,0
DEQ,827648702435422,23,1028,41074,0
DEQ,827648703301174,23,1028,34194,0
DEQ,827648704174975,23,1028,43298,0
DEQ,827648705076369,23,1028,39947,0
DEQ,827648705973533,23,1028,40528,0
DEQ,827648706876531,23,1028,41723,0
DEQ,827648707793607,23,1028,56201,0
DEQ,827648708681652,23,1028,41535,0
DEQ,827648709584832,23,1028,41361,0
DEQ,827648710488500,23,1028,42475,0
DEQ,827648711408382,23,1028,59952,0
DEQ,827648712254308,23,1028,33616,0
DEQ,827648713114774,23,1028,33401,0
DEQ,827648714012257,23,1028,41210,0
DEQ,827648714924291,23,1028,51159,0
DEQ,827648715818129,23,1028,41261,0
DEQ,827648716721151,23,1028,41073,0
DEQ,827648717624136,23,1028,41578,0
DEQ,827648718542845,23,1028,56755,0
DEQ,827648719489059,23,1028,98264,0
DEQ,827648720357310,23,1028,81614,0
DEQ,827648721249095,23,1028,98924,0
DEQ,827648722154821,23,1028,85854,0
DEQ,827648723043828,23,1028,49540,0
DEQ,827648723947221,23,1028,39314,0
DEQ,827648724852893,23,1028,41673,0
DEQ,827648725753521,23,1028,41968,0
DEQ,827648726664671,23,1028,49039,0
DEQ,827648727559718,23,1028,40472,0
DEQ,827648728464513,23,1028,42779,0
DEQ,827648729370910,23,1028,44353,0
DEQ,827648730296664,23,1028,98680,0
DEQ,827648731109606,23,1028,35835,0
DEQ,827648732041041,23,1028,61495,0
DEQ,827648732927558,23,1028,43590,0
DEQ,827648733831950,23,1028,41246,0
DEQ,827648734736071,23,1028,41545,0
DEQ,827648735639607,23,1028,42458,0
DEQ,827648736550227,23,1028,49142,0
DEQ,827648737445592,23,1028,41312,0
DEQ,827648738313291,23,1028,36804,0
DEQ,827648739230526,23,1028,94780,0
DEQ,827648740099896,23,1028,35342,0
DEQ,827648741033575,23,1028,60616,0
DEQ,827648741925302,23,1028,49543,0
DEQ,827648742820345,23,1028,42081,0
DEQ,827648743723505,23,1028,41214,0
DEQ,827648744625851,23,1028,41080,0
DEQ,827648745544099,23,1028,56160,0
DEQ,827648746431368,23,1028,40927,0
DEQ,827648747300259,23,1028,37527,0
DEQ,827648748169718,23,1028,47164,0
DEQ,827648749073595,23,1028,35812,0
DEQ,827648749971372,23,1028,41723,0
DEQ,827648750874915,23,1028,42084,0
DEQ,827648751791394,23,1028,56317,0
DEQ,827648752678493,23,1028,41067,0
DEQ,827648753580564,23,1028,41041,0
DEQ,827648754483796,23,1028,41473,0
DEQ,827648755385623,23,1028,41479,0
DEQ,827648756248916,23,1028,32520,0
DEQ,827648757109164,23,1028,33610,0
DEQ,827648758008677,23,1028,41124,0
DEQ,827648758924543,23,1028,54503,0
DEQ,827648759813613,23,1028,41389,0
DEQ,827648760716614,23,1028,41964,0
DEQ,827648761619285,23,1028,42654,0
DEQ,827648762519955,23,1028,40878,0
DEQ,827648763425564,23,1028,44554,0
DEQ,827648764300378,23,1028,47226,0
DEQ,827648765196770,23,1028,84336,0
DEQ,827648766092013,23,1028,55649,0
DEQ,827648766992385,23,1028,40586,0
DEQ,827648767897901,23,1028,44850,0
DEQ,827648768804632,23,1028,48041,0
DEQ,827648769700080,23,1028,41151,0
DEQ,827648770604273,23,1028,41354,0
DEQ,827648771508360,23,1028,41778,0
DEQ,827648772426093,23,1028,51511,0
DEQ,827648773352719,23,1028,107094,0
DEQ,827648774166866,23,1028,50572,0
DEQ,827648775067662,23,1028,34562,0
DEQ,827648775978462,23,1028,44188,0
DEQ,827648776879639,23,1028,42097,0
DEQ,827648777789933,23,1028,48702,0
DEQ,827648778685608,23,1028,41389,0
DEQ,827648779589825,23,1028,42091,0
DEQ,827648780493578,23,1028,41861,0
DEQ,827648781394950,23,1028,40791,0
DEQ,827648782260340,23,1028,33505,0
DEQ,827648783120541,23,1028,34396,0
DEQ,827648784016507,23,1028,40794,0
DEQ,827648784927787,23,1028,40744,0
DEQ,827648785830892,23,1028,41530,0
DEQ,827648786734349,23,1028,42187,0
DEQ,827648787635686,23,1028,41833,0
DEQ,827648788550501,23,1028,54463,0
DEQ,827648789440144,23,1028,41827,0
DEQ,827648790303827,23,1028,32988,0
DEQ,827648791236947,23,1028,106718,0
DEQ,827648792144378,23,1028,86504,0
DEQ,827648793020021,23,1028,35332,0
DEQ,827648793944254,23,1028,44145,0
DEQ,827648794846079,23,1028,43100,0
DEQ,827648795750081,23,1028,41497,0
DEQ,827648796666535,23,1028,49001,0
DEQ,827648797600974,23,1028,59577,0
DEQ,827648798480870,23,1028,45200,0
DEQ,827648799356885,23,1028,51079,0
DEQ,827648800213100,23,1028,33824,0
DEQ,827648801083136,23,1028,36638,0
DEQ,827648801981585,23,1028,41678,0
DEQ,827648802873487,23,1028,40155,0
DEQ,827648803791706,23,1028,56743,0
DEQ,827648804678035,23,1028,40741,0
DEQ,827648805581164,23,1028,41725,0
DEQ,827648806483413,23,1028,41837,0
DEQ,827648807386720,23,1028,41529,0
DEQ,827648808250459,23,1028,33039,0
DEQ,827648809110691,23,1028,33947,0
DEQ,827648810006634,23,1028,41073,0
DEQ,827648810924965,23,1028,57289,0
DEQ,827648811816329,23,1028,41602,0
DEQ,827648812718263,23,1028,41655,0
DEQ,827648813619515,23,1028,40989,0
DEQ,827648814522374,23,1028,41067,0
DEQ,827648815427800,23,1028,43686,0
DEQ,827648816301139,23,1028,44364,0
DEQ,827648817202996,23,1028,86957,0
DEQ,827648818126980,23,1028,84532,0
DEQ,827648819004614,23,1028,37403,0
DEQ,827648819925797,23,1028,47878,0
DEQ,827648820832204,23,1028,40381,0
DEQ,827648821733819,23,1028,42034,0
DEQ,827648822638232,23,1028,41676,0
DEQ,827648823550103,23,1028,49286,0
DEQ,827648824443904,23,1028,41050,0
DEQ,827648825307561,23,1028,32820,0
DEQ,827648826175833,23,1028,41761,0
DEQ,827648827081077,23,1028,33944,0
DEQ,827648827977037,23,1028,40671,0
DEQ,827648828879954,23,1028,41722,0
DEQ,827648829800790,23,1028,54245,0
DEQ,827648830691160,23,1028,41983,0
DEQ,827648831591878,23,1028,41181,0
DEQ,827648832494717,23,1028,41830,0
DEQ,827648833395067,23,1028,41088,0
DEQ,827648834259879,23,1028,33425,0
DEQ,827648835118392,23,1028,32682,0
DEQ,827648836033993,23,1028,59816,0
DEQ,827648836925804,23,1028,49121,0
DEQ,827648837819593,23,1028,41911,0
DEQ,827648838731960,23,1028,42635,0
DEQ,827648839634770,23,1028,41754,0
DEQ,827648840550813,23,1028,54029,0
DEQ,827648841441875,23,1028,42235,0
DEQ,827648842305223,23,1028,32701,0
DEQ,827648843236415,23,1028,104590,0
DEQ,827648844092702,23,1028,36045,0
DEQ,827648845006924,23,1028,41000,0
DEQ,827648845925063,23,1028,57203,0
DEQ,827648846813325,23,1028,42282,0
DEQ,827648847728573,23,1028,41341,0
DEQ,827648848633211,23,1028,41290,0
DEQ,827648849543775,23,1028,48193,0
DEQ,827648850427960,23,1028,42743,0
DEQ,827648851300858,23,1028,42871,0
DEQ,827648852227321,23,1028,110126,0
DEQ,827648853124825,23,1028,82076,0
DEQ,827648854004333,23,1028,37418,0
DEQ,827648854925926,23,1028,47477,0
DEQ,827648855819252,23,1028,42364,0
DEQ,827648856730514,23,1028,41036,0
DEQ,827648857634729,23,1028,41705,0
DEQ,827648858550936,23,1028,53520,0
DEQ,827648859441834,23,1028,41939,0
DEQ,827648860306314,23,1028,33459,0
DEQ,827648861238983,23,1028,106662,0
DEQ,827648862143957,23,1028,87005,0
DEQ,827648863018965,23,1028,35249,0
DEQ,827648863931378,23,1028,39081,0
DEQ,827648864835296,23,1028,42123,0
DEQ,827648865752401,23,1028,41145,0
DEQ,827648866671497,23,1028,55967,0
DEQ,827648867560958,23,1028,41477,0
DEQ,827648868471946,23,1028,43865,0
DEQ,827648869371054,23,1028,41133,0
DEQ,827648870235869,23,1028,33609,0
DEQ,827648871096244,23,1028,34514,0
DEQ,827648871993468,23,1028,42046,0
DEQ,827648872894781,23,1028,40828,0
DEQ,827648873807427,23,1028,50540,0
DEQ,827648874703885,23,1028,40285,0
DEQ,827648875607818,23,1028,41734,0
DEQ,827648876511453,23,1028,41908,0
DEQ,827648877426061,23,1028,53746,0
DEQ,827648878292065,23,1028,47615,0
DEQ,827648879137288,23,1028,33581,0
DEQ,827648880040631,23,1028,48284,0
DEQ,827648880941973,23,1028,41588,0
DEQ,827648881843281,23,1028,41548,0
DEQ,827648882746861,23,1028,42127,0
DEQ,827648883665709,23,1028,47629,0
DEQ,827648884561592,23,1028,41036,0
DEQ,827648885464043,23,1028,41282,0
DEQ,827648886338804,23,1028,43598,0
DEQ,827648887194769,23,1028,33550,0
DEQ,827648888077759,23,1028,40975,0
DEQ,827648888979060,23,1028,40198,0
DEQ,827648889882966,23,1028,41766,0
DEQ,827648890790937,23,1028,47447,0
DEQ,827648891686494,23,1028,40949,0
DEQ,827648892597910,23,1028,42716,0
DEQ,827648893500306,23,1028,41557,0
DEQ,827648894417287,23,1028,56493,0
DEQ,827648895265925,23,1028,32670,0
DEQ,827648896125145,23,1028,32711,0
DEQ,827648897023283,23,1028,41402,0
DEQ,827648897931495,23,1028,41133,0
DEQ,827648898835790,23,1028,41528,0
DEQ,827648899737168,23,1028,41494,0
DEQ,827648900639268,23,1028,41479,0
DEQ,827648901550569,23,1028,44842,0
DEQ,827648902449256,23,1028,41313,0
DEQ,827648903314623,23,1028,33885,0
DEQ,827648904232183,23,1028,92133,0
DEQ,827648905098239,23,1028,35746,0
DEQ,827648906014281,23,1028,43556,0
DEQ,827648906925650,23,1028,48807,0
DEQ,827648907823486,23,1028,41808,0
DEQ,827648908727020,23,1028,41666,0
DEQ,827648909629681,23,1028,41470,0
DEQ,827648910551243,23,1028,46326,0
DEQ,827648911449795,23,1028,41744,0
DEQ,827648912315843,23,1028,34815,0
DEQ,827648913177117,23,1028,36675,0
DEQ,827648914080616,23,1028,40833,0
DEQ,827648914979102,23,1028,41036,0
DEQ,827648915883527,23,1028,42739,0
DEQ,827648916801346,23,1028,52960,0
DEQ,827648917692687,23,1028,41471,0
DEQ,827648918595036,23,1028,41683,0
DEQ,827648919505448,23,1028,41419,0
DEQ,827648920422283,23,1028,55592,0
DEQ,827648921272121,23,1028,32858,0
DEQ,827648922132323,23,1028,33754,0
DEQ,827648923043187,23,1028,55375,0
DEQ,827648923938196,23,1028,41066,0
DEQ,827648924840689,23,1028,41783,0
DEQ,827648925743730,23,1028,41808,0
DEQ,827648926646792,23,1028,42134,0
DEQ,827648927558550,23,1028,51022,0
DEQ,827648928455621,23,1028,40959,0
DEQ,827648929331991,23,1028,44896,0
DEQ,827648930229423,23,1028,83035,0
DEQ,827648931105047,23,1028,35106,0
DEQ,827648932019775,23,1028,41266,0
DEQ,827648932927158,23,1028,45924,0
DEQ,827648933827571,23,1028,41848,0
DEQ,827648934749920,23,1028,58053,0
DEQ,827648935635954,23,1028,39230,0
DEQ,827648936542675,23,1028,50658,0
DEQ,827648937439045,23,1028,41302,0
DEQ,827648938301674,23,1028,37268,0
DEQ,827648939172204,23,1028,47924,0
DEQ,827648940071235,23,1028,33505,0
DEQ,827648940970602,23,1028,42502,0
DEQ,827648941875036,23,1028,42389,0
DEQ,827648942792555,23,1028,58085,0
DEQ,827648943679281,23,1028,41480,0
DEQ,827648944582228,23,1028,40864,0
DEQ,827648945485372,23,1028,41518,0
DEQ,827648946392180,23,1028,41419,0
DEQ,827648947256807,23,1028,33614,0
DEQ,827648948117206,23,1028,34477,0
DEQ,827648949013128,23,1028,40981,0
DEQ,827648949926525,23,1028,50767,0
DEQ,827648950816863,23,1028,41687,0
DEQ,827648951719656,23,1028,41729,0
DEQ,827648952620794,23,1028,40358,0
DEQ,827648953522658,23,1028,40620,0
DEQ,827648954428710,23,1028,44992,0
DEQ,827648955301515,23,1028,39174,0
DEQ,827648956227985,23,1028,106460,0
DEQ,827648957083342,23,1028,35156,0
DEQ,827648957998102,23,1028,42494,0
DEQ,827648958917629,23,1028,57584,0
DEQ,827648959809628,23,1028,41791,0
DEQ,827648960714012,23,1028,41903,0
DEQ,827648961618107,23,1028,41859,0
DEQ,827648962521001,23,1028,41414,0
DEQ,827648963428641,23,1028,44907,0
DEQ,827648964301897,23,1028,36650,0
DEQ,827648965232967,23,1028,108286,0
DEQ,827648966085485,23,1028,35873,0
DEQ,827648966998512,23,1028,41579,0
DEQ,827648967919732,23,1028,59251,0
DEQ,827648968804110,23,1028,41231,0
DEQ,827648969707204,23,1028,40945,0
DEQ,827648970613401,23,1028,42499,0
DEQ,827648971515833,23,1028,41684,0
DEQ,827648972425903,23,1028,48794,0
DEQ,827648973300962,23,1028,43695,0
DEQ,827648974199796,23,1028,83359,0
DEQ,827648975122233,23,1028,82414,0
DEQ,827648976004726,23,1028,37673,0
DEQ,827648976926626,23,1028,50378,0
DEQ,827648977825551,23,1028,46432,0
DEQ,827648978724396,23,1028,40837,0
DEQ,827648979629801,23,1028,42085,0
DEQ,827648980547311,23,1028,56561,0
DEQ,827648981437208,23,1028,42069,0
DEQ,827648982366531,23,1028,90717,0
DEQ,827648983228929,23,1028,82370,0
DEQ,827648984150582,23,1028,81828,0
DEQ,827648985104729,23,1028,111538,0
DEQ,827648985957662,23,1028,35270,0
DEQ,827648986873815,23,1028,44256,0
DEQ,827648987792730,23,1028,59051,0
DEQ,827648988688848,23,1028,44681,0
DEQ,827648989589058,23,1028,42008,0
DEQ,827648990493089,23,1028,41624,0
DEQ,827648991416321,23,1028,48236,0
DEQ,827648992274610,23,1028,33799,0
DEQ,827648993133852,23,1028,33723,0
DEQ,827648994045862,23,1028,56559,0
DEQ,827648994940971,23,1028,41606,0
DEQ,827648995842917,23,1028,41180,0
DEQ,827648996745937,23,1028,41509,0
DEQ,827648997647178,23,1028,40869,0
DEQ,827648998554022,23,1028,45271,0
DEQ,827648999451619,23,1028,40901,0
DEQ,827649000331682,23,1028,44150,0
DEQ,827649001179726,23,1028,32853,0
DEQ,827649002078968,23,1028,41254,0
DEQ,827649002981203,23,1028,40984,0
DEQ,827649003885293,23,1028,42624,0
DEQ,827649004801185,23,1028,56200,0
DEQ,827649005689017,23,1028,41597,0
DEQ,827649006591408,23,1028,41449,0
DEQ,827649007494261,23,1028,42030,0
DEQ,827649008395896,23,1028,41227,0
DEQ,827649009266996,23,1028,33352,0
DEQ,827649010125837,23,1028,32849,0
DEQ,827649011022427,23,1028,41022,0
DEQ,827649011930770,23,1028,40803,0
DEQ,827649012836784,23,1028,41629,0
DEQ,827649013738914,23,1028,41547,0
DEQ,827649014643223,23,1028,42882,0
DEQ,827649015551919,23,1028,48235,0
DEQ,827649016448357,23,1028,41892,0
DEQ,827649017321380,23,1028,42513,0
DEQ,827649018231609,23,1028,92282,0
DEQ,827649019101587,23,1028,35642,0
DEQ,827649020035679,23,1028,61833,0
DEQ,827649020927182,23,1028,50421,0
DEQ,827649021824519,23,1028,42083,0
DEQ,827649022727262,23,1028,41187,0
DEQ,827649023631426,23,1028,42025,0
DEQ,827649024541518,23,1028,48722,0
DEQ,827649025439979,23,1028,42780,0
DEQ,827649026303629,23,1028,33787,0
DEQ,827649027233346,23,1028,98828,0
DEQ,827649028093654,23,1028,35826,0
DEQ,827649029008217,23,1028,42361,0
DEQ,827649029926249,23,1028,57733,0
DEQ,827649030812907,23,1028,42121,0
DEQ,827649031715826,23,1028,41883,0
DEQ,827649032618886,23,1028,42110,0
DEQ,827649033521309,23,1028,41265,0
DEQ,827649034427819,23,1028,45009,0
DEQ,827649035302138,23,1028,46715,0
DEQ,827649036169441,23,1028,48907,0
DEQ,827649037065263,23,1028,34177,0
DEQ,827649037962591,23,1028,41347,0
DEQ,827649038864200,23,1028,41101,0
DEQ,827649039766059,23,1028,41634,0
DEQ,827649040676334,23,1028,49232,0
DEQ,827649041570390,23,1028,41407,0
DEQ,827649042472867,23,1028,41226,0
DEQ,827649043374100,23,1028,40950,0
DEQ,827649044239148,23,1028,33324,0
DEQ,827649045099125,23,1028,32791,0
DEQ,827649045996445,23,1028,40351,0
DEQ,827649046899049,23,1028,40661,0
DEQ,827649047805018,23,1028,45110,0
DEQ,827649048702753,23,1028,41097,0
DEQ,827649049605382,23,1028,40757,0
DEQ,827649050508055,23,1028,41531,0
DEQ,827649051426390,23,1028,57152,0
DEQ,827649052274391,23,1028,32811,0
DEQ,827649053134204,23,1028,33318,0
DEQ,827649054046905,23,1028,55712,0
DEQ,827649054939204,23,1028,41465,0
DEQ,827649055841300,23,1028,41930,0
DEQ,827649056744041,23,1028,41290,0
DEQ,827649057645859,23,1028,40993,0
DEQ,827649058552661,23,1028,44691,0
DEQ,827649059451300,23,1028,41483,0
DEQ,827649060324665,23,1028,42563,0
DEQ,827649061231050,23,1028,89709,0
DEQ,827649062060651,23,1028,43260,0
DEQ,827649062953401,23,1028,33170,0
DEQ,827649063850678,23,1028,36660,0
DEQ,827649064733606,23,1028,33785,0
DEQ,827649065625389,23,1028,34613,0
DEQ,827649066523414,23,1028,41000,0
DEQ,827649067429194,23,1028,43824,0
DEQ,827649068302260,23,1028,44672,0
DEQ,827649069151156,23,1028,34188,0
DEQ,827649070064031,23,1028,41654,0
DEQ,827649070961294,23,1028,41385,0
DEQ,827649071875632,23,1028,41071,0
DEQ,827649072793222,23,1028,56091,0
DEQ,827649073680860,23,1028,41377,0
DEQ,827649074582771,23,1028,40640,0
DEQ,827649075486264,23,1028,41899,0
DEQ,827649076388773,23,1028,41791,0
DEQ,827649077255369,23,1028,34104,0
DEQ,827649078115053,23,1028,33498,0
DEQ,827649079013040,23,1028,41428,0
DEQ,827649079927324,23,1028,52660,0
DEQ,827649080826981,23,1028,42940,0
DEQ,827649081728407,23,1028,40402,0
DEQ,827649082633023,23,1028,41582,0
DEQ,827649083551593,23,1028,57218,0
DEQ,827649084492899,23,1028,91287,0
DEQ,827649085369617,23,1028,84874,0
DEQ,827649086241242,23,1028,82266,0
DEQ,827649087151221,23,1028,82962,0
DEQ,827649088043603,23,1028,49641,0
DEQ,827649088946151,23,1028,38186,0
DEQ,827649089857263,23,1028,42770,0
DEQ,827649090758685,23,1028,41947,0
DEQ,827649091677314,23,1028,56087,0
DEQ,827649092566493,23,1028,41749,0
DEQ,827649093470467,23,1028,41796,0
DEQ,827649094372358,23,1028,40965,0
DEQ,827649095237593,23,1028,33542,0
DEQ,827649096096850,23,1028,33487,0
DEQ,827649096993871,23,1028,41874,0
DEQ,827649097894502,23,1028,41063,0
DEQ,827649098804817,23,1028,41425,0
DEQ,827649099707962,23,1028,40628,0
DEQ,827649100611742,23,1028,41545,0
DEQ,827649101515207,23,1028,42530,0
DEQ,827649102427086,23,1028,51614,0
DEQ,827649103354696,23,1028,106599,0
DEQ,827649104169131,23,1028,50602,0
DEQ,827649105074510,23,1028,33852,0
DEQ,827649105979544,23,1028,44961,0
DEQ,827649106881385,23,1028,41744,0
DEQ,827649107802494,23,1028,47847,0
DEQ,827649108703496,23,1028,40874,0
DEQ,827649109608404,23,1028,41428,0
DEQ,827649110513870,23,1028,41959,0
DEQ,827649111427535,23,1028,51068,0
DEQ,827649112296941,23,1028,47504,0
DEQ,827649113143313,23,1028,34579,0
DEQ,827649114053635,23,1028,54287,0
DEQ,827649114952671,23,1028,41940,0
DEQ,827649115855895,23,1028,40512,0
DEQ,827649116765597,23,1028,41831,0
DEQ,827649117676822,23,1028,48537,0
DEQ,827649118572573,23,1028,41647,0
DEQ,827649119483808,23,1028,41940,0
DEQ,827649120386727,23,1028,42219,0
DEQ,827649121251465,23,1028,34000,0
DEQ,827649122110512,23,1028,33693,0
DEQ,827649123007251,23,1028,41518,0
DEQ,827649123917132,23,1028,48622,0
DEQ,827649124814312,23,1028,42712,0
DEQ,827649125721754,23,1028,41580,0
DEQ,827649126623849,23,1028,40794,0
DEQ,827649127543612,23,1028,57761,0
DEQ,827649128430050,23,1028,41931,0
DEQ,827649129302635,23,1028,42094,0
DEQ,827649130229057,23,1028,109108,0
DEQ,827649131127428,23,1028,81366,0
DEQ,827649132009411,23,1028,35979,0
DEQ,827649132927612,23,1028,40488,0
DEQ,827649133797094,23,1028,47965,0
DEQ,827649134648086,23,1028,33250,0
DEQ,827649135509751,23,1028,35089,0
DEQ,827649136368471,23,1028,33771,0
DEQ,827649137227377,23,1028,32926,0
DEQ,827649138077020,23,1028,41318,0
DEQ,827649138979237,23,1028,41137,0
DEQ,827649139878963,23,1028,40742,0
DEQ,827649140793742,23,1028,56438,0
DEQ,827649141679674,23,1028,42435,0
DEQ,827649142578124,23,1028,41252,0
DEQ,827649143488825,23,1028,41437,0
DEQ,827649144389315,23,1028,41795,0
DEQ,827649145252083,23,1028,32745,0
DEQ,827649146113088,23,1028,34653,0
DEQ,827649147008359,23,1028,41711,0
DEQ,827649147923171,23,1028,56043,0
DEQ,827649148808627,23,1028,40632,0
DEQ,827649149709037,23,1028,41286,0
DEQ,827649150610102,23,1028,41095,0
DEQ,827649151509498,23,1028,40928,0
DEQ,827649152427769,23,1028,52163,0
DEQ,827649153295284,23,1028,47760,0
DEQ,827649154140103,23,1028,33535,0
DEQ,827649155052009,23,1028,57859,0
DEQ,827649155947497,23,1028,41269,0
DEQ,827649156849866,23,1028,40898,0
DEQ,827649157750938,23,1028,42017,0
DEQ,827649158650262,23,1028,41063,0
DEQ,827649159554800,23,1028,44610,0
DEQ,827649160452947,23,1028,42290,0
DEQ,827649161331329,23,1028,41138,0
DEQ,827649162187973,23,1028,33082,0
DEQ,827649163075870,23,1028,41163,0
DEQ,827649163975162,23,1028,40889,0
DEQ,827649164875812,23,1028,40804,0
DEQ,827649165775527,23,1028,40904,0
DEQ,827649166679030,23,1028,44989,0
DEQ,827649167576120,23,1028,41694,0
DEQ,827649168476740,23,1028,42189,0
DEQ,827649169376389,23,1028,40946,0
DEQ,827649170247337,23,1028,32809,0
DEQ,827649171106459,23,1028,32818,0
DEQ,827649172002069,23,1028,41376,0
DEQ,827649172918928,23,1028,58181,0
DEQ,827649173804665,23,1028,43655,0
DEQ,827649174702532,23,1028,41825,0
DEQ,827649175602547,23,1028,41013,0
DEQ,827649176509179,23,1028,41623,0
DEQ,827649176588674,23,84,17649,0
DEQ,827649177427193,23,1028,55554,0
DEQ,827649178293980,23,1028,47821,0
DEQ,827649179140913,23,1028,34289,0
DEQ,827649180052203,23,1028,56265,0
DEQ,827649180957311,23,1028,48542,0
DEQ,827649181852597,23,1028,40919,0
DEQ,827649182756696,23,1028,42043,0
DEQ,827649183673303,23,1028,55910,0
DEQ,827649184560857,23,1028,41063,0
DEQ,827649185465257,23,1028,42254,0
DEQ,827649186369457,23,1028,41693,0
DEQ,827649187233618,23,1028,33347,0
DEQ,827649188094498,23,1028,33586,0
DEQ,827649188991865,23,1028,41753,0
DEQ,827649189893669,23,1028,40787,0
DEQ,827649190803325,23,1028,48257,0
DEQ,827649191700104,23,1028,42244,0
DEQ,827649192601455,23,1028,40605,0
DEQ,827649193504131,23,1028,41348,0
DEQ,827649194421740,23,1028,56117,0
DEQ,827649195270850,23,1028,32831,0
DEQ,827649196130951,23,1028,33627,0
DEQ,827649197044744,23,1028,56043,0
DEQ,827649197898461,23,1028,33173,0
DEQ,827649198803163,23,1028,47620,0
DEQ,827649199698501,23,1028,41528,0
DEQ,827649200600784,23,1028,41539,0
DEQ,827649201503863,23,1028,41301,0
DEQ,827649202421432,23,1028,56707,0
DEQ,827649203270080,23,1028,32909,0
DEQ,827649204130009,23,1028,32906,0
DEQ,827649205044121,23,1028,57910,0
DEQ,827649205937516,23,1028,41530,0
DEQ,827649206841701,23,1028,41974,0
DEQ,827649207745052,23,1028,42194,0
DEQ,827649208647209,23,1028,40789,0
DEQ,827649209553151,23,1028,44407,0
DEQ,827649210452855,23,1028,41780,0
DEQ,827649211324284,23,1028,40717,0
DEQ,827649212236080,23,1028,93333,0
DEQ,827649213102837,23,1028,35356,0
DEQ,827649214018907,23,1028,41586,0
DEQ,827649214932654,23,1028,45391,0
DEQ,827649215832494,23,1028,40835,0
DEQ,827649216738330,23,1028,41825,0
DEQ,827649217641741,23,1028,41908,0
DEQ,827649218552527,23,1028,49597,0
DEQ,827649219448036,23,1028,41521,0
DEQ,827649220320308,23,1028,40867,0
DEQ,827649221178222,23,1028,39228,0
DEQ,827649222079811,23,1028,42566,0
DEQ,827649222977557,23,1028,40898,0
DEQ,827649223887570,23,1028,42902,0
DEQ,827649224802497,23,1028,55089,0
DEQ,827649225692343,23,1028,42210,0
DEQ,827649226595926,23,1028,41826,0
DEQ,827649227498275,23,1028,41282,0
DEQ,827649228423151,23,1028,58823,0
DEQ,827649229268305,23,1028,33280,0
DEQ,827649230127192,23,1028,32719,0
DEQ,827649231023587,23,1028,40857,0
DEQ,827649231935662,23,1028,40921,0
DEQ,827649232842555,23,1028,41622,0
DEQ,827649233744546,23,1028,41483,0
DEQ,827649234646832,23,1028,41870,0
DEQ,827649235553330,23,1028,45427,0
DEQ,827649236452197,23,1028,42149,0
DEQ,827649237323611,23,1028,41084,0
DEQ,827649238178551,23,1028,36586,0
DEQ,827649239079677,23,1028,41588,0
DEQ,827649239982548,23,1028,41093,0
DEQ,827649240885273,23,1028,41547,0
DEQ,827649241803366,23,1028,48853,0
DEQ,827649242699029,23,1028,41873,0
DEQ,827649243600395,23,1028,40845,0
DEQ,827649244502677,23,1028,40725,0
DEQ,827649245421036,23,1028,56638,0
DEQ,827649246269927,23,1028,33005,0
DEQ,827649247129183,23,1028,32890,0
DEQ,827649248044354,23,1028,58418,0
DEQ,827649248933220,23,1028,41392,0
DEQ,827649249836367,23,1028,41329,0
DEQ,827649250742712,23,1028,41301,0
DEQ,827649251645034,23,1028,40976,0
DEQ,827649252510628,23,1028,33665,0
DEQ,827649253422714,23,1028,55844,0
DEQ,827649254274456,23,1028,32723,0
DEQ,827649255134411,23,1028,33351,0
DEQ,827649256046776,23,1028,56939,0
DEQ,827649256919515,23,1028,49878,0
DEQ,827649257804299,23,1028,44130,0
DEQ,827649258678710,23,1028,45602,0
DEQ,827649259544460,23,1028,49454,0
DEQ,827649260388348,23,1028,33811,0
DEQ,827649261247814,23,1028,33109,0
DEQ,827649262108102,23,1028,33290,0
DEQ,827649263007253,23,1028,41612,0
DEQ,827649263923833,23,1028,55761,0
DEQ,827649264811470,23,1028,40614,0
DEQ,827649265715652,23,1028,41178,0
DEQ,827649266619771,23,1028,41559,0
DEQ,827649267536856,23,1028,54963,0
DEQ,827649268430528,23,1028,41572,0
DEQ,827649269303534,23,1028,42090,0
DEQ,827649270169958,23,1028,48957,0
DEQ,827649271062221,23,1028,40953,0
DEQ,827649271960759,23,1028,41081,0
DEQ,827649272863726,23,1028,41342,0
DEQ,827649273765594,23,1028,41656,0
DEQ,827649274678535,23,1028,52170,0
DEQ,827649275570372,23,1028,41512,0
DEQ,827649276475216,23,1028,40502,0
DEQ,827649277381900,23,1028,41607,0
DEQ,827649278247179,23,1028,34454,0
DEQ,827649279104701,23,1028,32710,0
DEQ,827649280001886,23,1028,41123,0
DEQ,827649280919740,23,1028,56929,0
DEQ,827649281807603,23,1028,41271,0
DEQ,827649282710548,23,1028,41584,0
DEQ,827649283612838,23,1028,41688,0
DEQ,827649284514746,23,1028,41708,0
DEQ,827649285428566,23,1028,52795,0
DEQ,827649286293207,23,1028,40349,0
DEQ,827649287144674,23,1028,32549,0
DEQ,827649288054687,23,1028,43795,0
DEQ,827649288949898,23,1028,41779,0
DEQ,827649289851775,23,1028,41664,0
DEQ,827649290753816,23,1028,40682,0
DEQ,827649291670687,23,1028,55540,0
DEQ,827649292558976,23,1028,41400,0
DEQ,827649293462379,23,1028,42011,0
DEQ,827649294357536,23,1028,40745,0
DEQ,827649295228461,23,1028,32895,0
DEQ,827649296078361,23,1028,41533,0
DEQ,827649296981120,23,1028,40927,0
DEQ,827649297884147,23,1028,41385,0
DEQ,827649298793279,23,1028,48744,0
DEQ,827649299688639,23,1028,41293,0
DEQ,827649300595274,23,1028,42558,0
DEQ,827649301497157,23,1028,41649,0
DEQ,827649302398480,23,1028,41002,0
DEQ,827649303263493,23,1028,33514,0
DEQ,827649304123400,23,1028,33055,0
DEQ,827649305020607,23,1028,40910,0
DEQ,827649305928768,23,1028,46904,0
DEQ,827649306826247,23,1028,41603,0
DEQ,827649307727350,23,1028,40880,0
DEQ,827649308629719,23,1028,40948,0
DEQ,827649309548116,23,1028,56099,0
DEQ,827649310436524,23,1028,41190,0
DEQ,827649311304418,23,1028,36564,0
DEQ,827649312227885,23,1028,100635,0
DEQ,827649313133540,23,1028,82441,0
DEQ,827649314020559,23,1028,35208,0
DEQ,827649314938918,23,1028,44002,0
DEQ,827649315842847,23,1028,42144,0
DEQ,827649316747367,23,1028,41476,0
DEQ,827649317650889,23,1028,41435,0
DEQ,827649318556767,23,1028,43119,0
DEQ,827649319458540,23,1028,41274,0
DEQ,827649320341959,23,1028,43636,0
DEQ,827649321205202,23,1028,32922,0
DEQ,827649322091800,23,1028,34239,0
DEQ,827649322989673,23,1028,41242,0
DEQ,827649323892341,23,1028,41896,0
DEQ,827649324803253,23,1028,46139,0
DEQ,827649325700956,23,1028,41690,0
DEQ,827649326602839,23,1028,40807,0
DEQ,827649327506552,23,1028,42375,0
DEQ,827649328422745,23,1028,55857,0
DEQ,827649329271856,23,1028,32871,0
DEQ,827649330130799,23,1028,32552,0
DEQ,827649331045474,23,1028,56092,0
DEQ,827649331939800,23,1028,41446,0
DEQ,827649332841675,23,1028,41352,0
DEQ,827649333744465,23,1028,42019,0
DEQ,827649334645985,23,1028,41253,0
DEQ,827649335553921,23,1028,45664,0
DEQ,827649336452903,23,1028,41619,0
DEQ,827649337328723,23,1028,45019,0
DEQ,827649338179384,23,1028,36307,0
DEQ,827649339078225,23,1028,41582,0
DEQ,827649339983261,23,1028,41103,0
DEQ,827649340886273,23,1028,41714,0
DEQ,827649341803307,23,1028,55579,0
DEQ,827649342692271,23,1028,41930,0
DEQ,827649343593972,23,1028,41471,0
DEQ,827649344497350,23,1028,42596,0
DEQ,827649345397645,23,1028,40888,0
DEQ,827649346262521,23,1028,33598,0
DEQ,827649347122233,23,1028,33972,0
DEQ,827649348020606,23,1028,42906,0
DEQ,827649348937722,23,1028,41380,0
DEQ,827649349840840,23,1028,41347,0
DEQ,827649350742795,23,1028,41064,0
DEQ,827649351644647,23,1028,41061,0
DEQ,827649352554031,23,1028,47393,0
DEQ,827649353451336,23,1028,42132,0
DEQ,827649354325426,23,1028,43421,0
DEQ,827649355235919,23,1028,94512,0
DEQ,827649356100483,23,1028,35503,0
DEQ,827649357015036,23,1028,43005,0
DEQ,827649357929107,23,1028,46772,0
DEQ,827649358829604,23,1028,41616,0
DEQ,827649359735709,23,1028,41968,0
DEQ,827649360639342,23,1028,41845,0
DEQ,827649361554133,23,1028,53438,0
DEQ,827649362446091,23,1028,41640,0
DEQ,827649363312037,23,1028,35127,0
DEQ,827649364179133,23,1028,42872,0
STATS,827649364186489,0,0,20223,20223,0,0,0
DEQ,827649365076302,23,1028,41121,0
DEQ,827649365974840,23,1028,41595,0
DEQ,827649366887576,23,1028,42841,0
DEQ,827649367803356,23,1028,54564,0
DEQ,827649368692539,23,1028,41540,0
DEQ,827649369595048,23,1028,41765,0
DEQ,827649370497480,23,1028,41915,0
DEQ,827649371399819,23,1028,41108,0
DEQ,827649372266010,23,1028,33974,0
DEQ,827649373124325,23,1028,32845,0
DEQ,827649374021720,23,1028,40831,0
DEQ,827649374931596,23,1028,43592,0
DEQ,827649375834514,23,1028,40559,0
DEQ,827649376738131,23,1028,41778,0
DEQ,827649377641439,23,1028,42603,0
DEQ,827649378554203,23,1028,52541,0
DEQ,827649379445009,23,1028,41474,0
DEQ,827649380318715,23,1028,42979,0
DEQ,827649381242321,23,1028,107285,0
DEQ,827649382097866,23,1028,35983,0
DEQ,827649383010905,23,1028,37485,0
DEQ,827649383928521,23,1028,56699,0
DEQ,827649384826692,23,1028,42490,0
DEQ,827649385730501,23,1028,41234,0
DEQ,827649386635166,23,1028,41812,0
DEQ,827649387553594,23,1028,57277,0
DEQ,827649388440949,23,1028,42804,0
DEQ,827649389312823,23,1028,41947,0
DEQ,827649390240769,23,1028,110493,0
DEQ,827649391143335,23,1028,90356,0
DEQ,827649392016265,23,1028,35967,0
DEQ,827649392930778,23,1028,41084,0
DEQ,827649393843184,23,1028,44644,0
DEQ,827649394703785,23,1028,34191,0
DEQ,827649395596218,23,1028,34195,0
DEQ,827649396489665,23,1028,34065,0
DEQ,827649397380911,23,1028,34416,0
DEQ,827649398253962,23,1028,33213,0
DEQ,827649399116137,23,1028,35080,0
DEQ,827649400011830,23,1028,41736,0
DEQ,827649400928711,23,1028,55840,0
DEQ,827649401817253,23,1028,41735,0
DEQ,827649402725939,23,1028,41260,0
DEQ,827649403628734,23,1028,40957,0
DEQ,827649404547133,23,1028,56070,0
DEQ,827649405435678,23,1028,41194,0
DEQ,827649406304290,23,1028,37423,0
DEQ,827649407173942,23,1028,47775,0
DEQ,827649408071868,23,1028,40087,0
DEQ,827649408970530,23,1028,41574,0
DEQ,827649409872307,23,1028,41050,0
DEQ,827649410774275,23,1028,41766,0
DEQ,827649411685343,23,1028,40867,0
DEQ,827649412588478,23,1028,41627,0
DEQ,827649413491241,23,1028,42026,0
DEQ,827649414394021,23,1028,41511,0
DEQ,827649415258028,23,1028,33291,0
DEQ,827649416117647,23,1028,33572,0
DEQ,827649417014910,23,1028,41588,0
DEQ,827649417929499,23,1028,54258,0
DEQ,827649418818402,23,1028,41511,0
DEQ,827649419721441,23,1028,41933,0
DEQ,827649420633622,23,1028,41541,0
DEQ,827649421544370,23,1028,49758,0
DEQ,827649422438335,23,1028,40577,0
DEQ,827649423305502,23,1028,35818,0
DEQ,827649424223460,23,1028,94436,0
DEQ,827649425135093,23,1028,81799,0
DEQ,827649426022500,23,1028,34967,0
DEQ,827649426936932,23,1028,37963,0
DEQ,827649427844445,23,1028,46069,0
DEQ,827649428744276,23,1028,42364,0
DEQ,827649429673892,23,1028,59135,0
DEQ,827649430563206,23,1028,41491,0
DEQ,827649431468213,23,1028,41700,0
DEQ,827649432333326,23,1028,34380,0
DEQ,827649433191904,23,1028,33429,0
DEQ,827649434088622,23,1028,41226,0
DEQ,827649434986283,23,1028,41831,0
DEQ,827649435889041,23,1028,41451,0
DEQ,827649436804307,23,1028,54323,0
DEQ,827649437693909,23,1028,41933,0
DEQ,827649438601957,23,1028,40871,0
DEQ,827649439504766,23,1028,40777,0
DEQ,827649440422159,23,1028,55761,0
DEQ,827649441271708,23,1028,32781,0
DEQ,827649442131263,23,1028,33087,0
DEQ,827649443046129,23,1028,58282,0
DEQ,827649443939424,23,1028,40671,0
DEQ,827649444854068,23,1028,48642,0
DEQ,827649445749902,23,1028,40981,0
DEQ,827649446652560,23,1028,41148,0
DEQ,827649447560447,23,1028,40707,0
DEQ,827649448463889,23,1028,41569,0
DEQ,827649449367435,23,1028,41802,0
DEQ,827649450230867,23,1028,32810,0
DEQ,827649451094508,23,1028,33373,0
DEQ,827649451993285,23,1028,41579,0
DEQ,827649452913027,23,1028,58957,0
DEQ,827649453804678,23,1028,47763,0
DEQ,827649454702732,23,1028,42817,0
DEQ,827649455603395,23,1028,40792,0
DEQ,827649456513126,23,1028,41752,0
DEQ,827649457428978,23,1028,55441,0
DEQ,827649458295686,23,1028,49509,0
DEQ,827649459139401,23,1028,33542,0
DEQ,827649460050765,23,1028,56300,0
DEQ,827649460947069,23,1028,41634,0
DEQ,827649461849105,23,1028,41593,0
DEQ,827649462751241,23,1028,41398,0
DEQ,827649463670806,23,1028,57423,0
DEQ,827649464557090,23,1028,41134,0
DEQ,827649465467488,23,1028,42192,0
DEQ,827649466348166,23,1028,42084,0
DEQ,827649467271204,23,1028,91885,0
DEQ,827649468103235,23,1028,35296,0
DEQ,827649469017632,23,1028,38121,0
DEQ,827649469929181,23,1028,51580,0
DEQ,827649470824620,23,1028,42025,0
DEQ,827649471727619,23,1028,41008,0
DEQ,827649472630128,23,1028,40985,0
DEQ,827649473550119,23,1028,57220,0
DEQ,827649474447114,23,1028,42301,0
DEQ,827649475321331,23,1028,42600,0
DEQ,827649476243412,23,1028,105365,0
DEQ,827649477098469,23,1028,36027,0
DEQ,827649478012718,23,1028,42462,0
DEQ,827649478929108,23,1028,56011,0
DEQ,827649479820149,23,1028,41950,0
DEQ,827649480723880,23,1028,41821,0
DEQ,827649481626216,23,1028,41209,0
DEQ,827649482545782,23,1028,56811,0
DEQ,827649483454573,23,1028,47277,0
DEQ,827649484317515,23,1028,37582,0
DEQ,827649485180021,23,1028,40532,0
DEQ,827649486083240,23,1028,43245,0
DEQ,827649486980924,23,1028,40753,0
DEQ,827649487886173,23,1028,43012,0
DEQ,827649488798386,23,1028,52552,0
DEQ,827649489689093,23,1028,41137,0
DEQ,827649490592689,23,1028,41639,0
DEQ,827649491496378,23,1028,42102,0
DEQ,827649492419483,23,1028,52012,0
DEQ,827649493272332,23,1028,32815,0
DEQ,827649494131611,23,1028,32647,0
DEQ,827649495045962,23,1028,57916,0
DEQ,827649495938298,23,1028,41586,0
DEQ,827649496840425,23,1028,41103,0
DEQ,827649497742098,23,1028,41218,0
DEQ,827649498645846,23,1028,42215,0
DEQ,827649499554940,23,1028,49049,0
DEQ,827649500450181,23,1028,41435,0
DEQ,827649501330566,23,1028,43075,0
DEQ,827649502245654,23,1028,92075,0
DEQ,827649503107060,23,1028,35838,0
DEQ,827649504020756,23,1028,41128,0
DEQ,827649504929992,23,1028,47828,0
DEQ,827649505829052,23,1028,42095,0
DEQ,827649506733130,23,1028,42067,0
DEQ,827649507637393,23,1028,42221,0
DEQ,827649508554449,23,1028,55053,0
DEQ,827649509446276,23,1028,43395,0
DEQ,827649510322469,23,1028,39599,0
DEQ,827649511233091,23,1028,90824,0
DEQ,827649512101261,23,1028,35333,0
DEQ,827649513016075,23,1028,38083,0
DEQ,827649513930117,23,1028,52878,0
DEQ,827649514823700,23,1028,41801,0
DEQ,827649515727880,23,1028,41042,0
DEQ,827649516639425,23,1028,44457,0
DEQ,827649517544668,23,1028,48875,0
DEQ,827649518440891,23,1028,41146,0
DEQ,827649519324044,23,1028,41035,0
DEQ,827649520180673,23,1028,38244,0
DEQ,827649521080860,23,1028,44215,0
DEQ,827649521985681,23,1028,46903,0
DEQ,827649522884542,23,1028,36424,0
DEQ,827649523796257,23,1028,53457,0
DEQ,827649524680326,23,1028,42956,0
DEQ,827649525563335,23,1028,35590,0
DEQ,827649526461322,23,1028,40380,0
DEQ,827649527342605,23,1028,49158,0
DEQ,827649528269047,23,1028,84394,0
DEQ,827649529158249,23,1028,82523,0
DEQ,827649530055432,23,1028,44090,0
DEQ,827649530962403,23,1028,38765,0
DEQ,827649531971442,23,1028,79277,0
DEQ,827649532926220,23,1028,115313,0
DEQ,827649533836028,23,1028,128503,0
DEQ,827649534757399,23,1028,143291,0
DEQ,827649535644044,23,1028,125325,0
DEQ,827649536573360,23,1028,150465,0
DEQ,827649537466258,23,1028,124049,0
DEQ,827649538328885,23,1028,113522,0
DEQ,827649539187780,23,1028,112721,0
DEQ,827649540093199,23,1028,129087,0
DEQ,827649541008321,23,1028,140855,0
DEQ,827649541905274,23,1028,134443,0
DEQ,827649542803078,23,1028,128153,0
DEQ,827649543704624,23,1028,126196,0
DEQ,827649544608185,23,1028,127129,0
DEQ,827649545525072,23,1028,140833,0
DEQ,827649546387187,23,1028,125871,0
DEQ,827649547278693,23,1028,157814,0
DEQ,827649548123710,23,1028,78170,0
DEQ,827649549094567,23,1028,122531,0
DEQ,827649550026253,23,1028,143697,0
DEQ,827649550916091,23,1028,135493,0
DEQ,827649551823463,23,1028,139277,0
DEQ,827649552717962,23,1028,128822,0
DEQ,827649553635034,23,1028,142161,0
DEQ,827649554539696,23,1028,143804,0
DEQ,827649555395905,23,1028,114991,0
DEQ,827649556290929,23,1028,150767,0
DEQ,827649557156925,23,1028,92165,0
DEQ,827649558087344,23,1028,96127,0
DEQ,827649559026377,23,1028,122462,0
DEQ,827649559942692,23,1028,138310,0
DEQ,827649560839447,23,1028,128619,0
DEQ,827649561763504,23,1028,148894,0
DEQ,827649562643896,23,1028,125817,0
DEQ,827649563576200,23,1028,150359,0
DEQ,827649564471679,23,1028,130519,0
DEQ,827649565344490,23,1028,129912,0
DEQ,827649566197150,23,1028,123061,0
DEQ,827649567093547,23,1028,129555,0
DEQ,827649568013436,23,1028,144095,0
DEQ,827649568909286,23,1028,135587,0
DEQ,827649569813120,23,1028,136525,0
DEQ,827649570703778,23,1028,124666,0
DEQ,827649571610694,23,1028,128514,0
DEQ,827649572536772,23,1028,151229,0
DEQ,827649573386651,23,1028,122065,0
DEQ,827649574279559,23,1028,155699,0
DEQ,827649575146070,23,1028,93251,0
DEQ,827649576101455,23,1028,121081,0
DEQ,827649577018684,23,1028,128896,0
DEQ,827649577918174,23,1028,129485,0
DEQ,827649578824461,23,1028,129531,0
DEQ,827649579735216,23,1028,134172,0
DEQ,827649580641970,23,1028,136720,0
DEQ,827649581566031,23,1028,156903,0
DEQ,827649582440456,23,1028,129119,0
DEQ,827649583306711,23,1028,121289,0
DEQ,827649584174514,23,1028,130447,0
DEQ,827649585066716,23,1028,124299,0
DEQ,827649585976798,23,1028,130186,0
DEQ,827649586904576,23,1028,155094,0
DEQ,827649587787846,23,1028,130490,0
DEQ,827649588691611,23,1028,130157,0
DEQ,827649589588493,23,1028,123439,0
DEQ,827649590520412,23,1028,153012,0
DEQ,827649591383861,23,1028,137580,0
DEQ,827649592220264,23,1028,114462,0
DEQ,827649593105131,23,1028,110497,0
DEQ,827649594029217,23,1028,126012,0
DEQ,827649594931470,23,1028,125839,0
DEQ,827649595838081,23,1028,130008,0
DEQ,827649596733502,23,1028,123288,0
DEQ,827649597653935,23,1028,140370,0
DEQ,827649598544885,23,1028,128164,0
DEQ,827649599430763,23,1028,139657,0
DEQ,827649600302106,23,1028,120745,0
DEQ,827649601164949,23,1028,128419,0
DEQ,827649602067133,23,1028,129724,0
DEQ,827649602965391,23,1028,125531,0
DEQ,827649603891435,23,1028,148962,0
DEQ,827649604775276,23,1028,129985,0
DEQ,827649605677351,23,1028,129606,0
DEQ,827649606586385,23,1028,135442,0
DEQ,827649607482595,23,1028,127756,0
DEQ,827649608310948,23,1028,82828,0
DEQ,827649609211935,23,1028,123146,0
DEQ,827649610106873,23,1028,129684,0
DEQ,827649611012646,23,1028,132602,0
DEQ,827649611914749,23,1028,129401,0
DEQ,827649612819151,23,1028,131450,0
DEQ,827649613723777,23,1028,133857,0
DEQ,827649614632121,23,1028,138877,0
DEQ,827649615524754,23,1028,129019,0
DEQ,827649616396497,23,1028,127511,0
DEQ,827649617268533,23,1028,140098,0
DEQ,827649618159309,23,1028,99190,0
DEQ,827649619110257,23,1028,114305,0
DEQ,827649620040454,23,1028,131022,0
DEQ,827649620944209,23,1028,132540,0
DEQ,827649621838588,23,1028,123033,0
DEQ,827649622771895,23,1028,147647,0
DEQ,827649623662632,23,1028,134055,0
DEQ,827649624561924,23,1028,130276,0
DEQ,827649625466834,23,1028,131535,0
DEQ,827649626342336,23,1028,132380,0
DEQ,827649627189226,23,1028,114337,0
DEQ,827649628091436,23,1028,126544,0
DEQ,827649629016391,23,1028,147702,0
DEQ,827649629911169,23,1028,139327,0
DEQ,827649630802616,23,1028,127800,0
DEQ,827649631703005,23,1028,123663,0
DEQ,827649632611044,23,1028,128118,0
DEQ,827649633515869,23,1028,130240,0
DEQ,827649634395285,23,1028,136378,0
DEQ,827649635244503,23,1028,125767,0
DEQ,827649636190828,23,1028,143572,0
DEQ,827649637099496,23,1028,119904,0
DEQ,827649638017394,23,1028,127272,0
DEQ,827649638917292,23,1028,129024,0
DEQ,827649639817098,23,1028,126392,0
DEQ,827649640723924,23,1028,128402,0
DEQ,827649641648919,23,1028,149202,0
DEQ,827649642531020,23,1028,127742,0
DEQ,827649643404071,23,1028,127979,0
DEQ,827649644265854,23,1028,130410,0
DEQ,827649645208701,23,1028,144356,0
DEQ,827649646105769,23,1028,115357,0
DEQ,827649647021573,23,1028,121394,0
DEQ,827649647928736,23,1028,129969,0
DEQ,827649648832129,23,1028,126768,0
DEQ,827649649743723,23,1028,132537,0
DEQ,827649650640374,23,1028,125090,0
DEQ,827649651543611,23,1028,124717,0
DEQ,827649652423757,23,1028,131784,0
DEQ,827649653295246,23,1028,135935,0
DEQ,827649654188556,23,1028,117841,0
DEQ,827649655123458,23,1028,142164,0
DEQ,827649656018100,23,1028,138666,0
DEQ,827649656813076,23,1028,42782,0
DEQ,827649657703406,23,1028,37377,0
DEQ,827649658593685,23,1028,35787,0
DEQ,827649659494321,23,1028,43295,0
DEQ,827649660400729,23,1028,54107,0
DEQ,827649661252363,23,1028,33165,0
DEQ,827649662170651,23,1028,91878,0
DEQ,827649663094494,23,1028,120266,0
DEQ,827649664045417,23,1028,130192,0
DEQ,827649664957096,23,1028,131112,0
DEQ,827649665853088,23,1028,128895,0
DEQ,827649666769602,23,1028,139856,0
DEQ,827649667663229,23,1028,129407,0
DEQ,827649668561133,23,1028,122358,0
DEQ,827649669469913,23,1028,127274,0
DEQ,827649670332202,23,1028,116422,0
DEQ,827649671201227,23,1028,126140,0
DEQ,827649672111081,23,1028,139181,0
DEQ,827649673032364,23,1028,118266,0
DEQ,827649673946478,23,1028,121869,0
DEQ,827649674876362,23,1028,151498,0
DEQ,827649675768445,23,1028,140738,0
DEQ,827649676664412,23,1028,130943,0
DEQ,827649677561219,23,1028,124567,0
DEQ,827649678468757,23,1028,129276,0
DEQ,827649679332206,23,1028,119044,0
DEQ,827649680210773,23,1028,138266,0
DEQ,827649681096930,23,1028,127380,0
DEQ,827649682011316,23,1028,137620,0
DEQ,827649682901744,23,1028,125791,0
DEQ,827649683811320,23,1028,127869,0
DEQ,827649684713383,23,1028,127422,0
DEQ,827649685630288,23,1028,139147,0
DEQ,827649686547916,23,1028,149582,0
DEQ,827649687430192,23,1028,145754,0
DEQ,827649688300577,23,1028,141324,0
DEQ,827649689200851,23,1028,133043,0
DEQ,827649690108672,23,1028,103461,0
DEQ,827649691056586,23,1028,123147,0
DEQ,827649691966389,23,1028,122354,0
DEQ,827649692885651,23,1028,144296,0
DEQ,827649693774373,23,1028,126644,0
DEQ,827649694677295,23,1028,123950,0
DEQ,827649695587599,23,1028,129637,0
DEQ,827649696507448,23,1028,144754,0
DEQ,827649697356104,23,1028,118009,0
DEQ,827649698224616,23,1028,127061,0
DEQ,827649699104616,23,1028,111466,0
DEQ,827649700023324,23,1028,124171,0
DEQ,827649700929458,23,1028,126163,0
DEQ,827649701831415,23,1028,125249,0
DEQ,827649702736805,23,1028,128665,0
DEQ,827649703649189,23,1028,138689,0
DEQ,827649704546818,23,1028,133302,0
DEQ,827649705412063,23,1028,125521,0
DEQ,827649706294483,23,1028,142730,0
DEQ,827649707179967,23,1028,104265,0
DEQ,827649708095277,23,1028,103629,0
DEQ,827649709024746,23,1028,131366,0
DEQ,827649709922229,23,1028,123695,0
DEQ,827649710831378,23,1028,125721,0
DEQ,827649711739894,23,1028,130020,0
DEQ,827649712643267,23,1028,129205,0
DEQ,827649713545486,23,1028,126370,0
DEQ,827649714413507,23,1028,120832,0
DEQ,827649715300529,23,1028,142569,0
DEQ,827649716202925,23,1028,136165,0
DEQ,827649717102804,23,1028,119975,0
DEQ,827649718014798,23,1028,132488,0
DEQ,827649718929068,23,1028,139044,0
DEQ,827649719825239,23,1028,127895,0
DEQ,827649720747606,23,1028,144368,0
DEQ,827649721642364,23,1028,135891,0
DEQ,827649722535795,23,1028,125994,0
DEQ,827649723398929,23,1028,116124,0
DEQ,827649724304207,23,1028,162106,0
DEQ,827649725143470,23,1028,75798,0
DEQ,827649726096218,23,1028,97720,0
DEQ,827649727042809,23,1028,130312,0
DEQ,827649727943636,23,1028,130129,0
DEQ,827649728850942,23,1028,130892,0
DEQ,827649729769053,23,1028,142469,0
DEQ,827649730656998,23,1028,124255,0
DEQ,827649731563668,23,1028,122281,0
DEQ,827649732470879,23,1028,123113,0
DEQ,827649733334340,23,1028,113477,0
DEQ,827649734183770,23,1028,103354,0
DEQ,827649735112139,23,1028,135997,0
DEQ,827649736042093,23,1028,129515,0
DEQ,827649736960840,23,1028,136368,0
DEQ,827649737852278,23,1028,130103,0
DEQ,827649738765012,23,1028,135722,0
DEQ,827649739657880,23,1028,122978,0
DEQ,827649740577109,23,1028,138525,0
DEQ,827649741478686,23,1028,135153,0
DEQ,827649742338636,23,1028,121487,0
DEQ,827649743202398,23,1028,125775,0
DEQ,827649744116060,23,1028,141104,0
DEQ,827649745031869,23,1028,117322,0
DEQ,827649745956557,23,1028,132065,0
DEQ,827649746854266,23,1028,127373,0
DEQ,827649747764204,23,1028,132629,0
DEQ,827649748665594,23,1028,128596,0
DEQ,827649749565532,23,1028,124585,0
DEQ,827649750470695,23,1028,126513,0
DEQ,827649751291150,23,1028,73769,0
DEQ,827649752210528,23,1028,133690,0
DEQ,827649753104210,23,1028,131548,0
DEQ,827649754016215,23,1028,140058,0
DEQ,827649754906321,23,1028,127308,0
DEQ,827649755816180,23,1028,128203,0
DEQ,827649756711438,23,1028,37899,0
DEQ,827649757624285,23,1028,33983,0
DEQ,827649758547763,23,1028,60691,0
DEQ,827649759483847,23,1028,93689,0
DEQ,827649760356350,23,1028,81516,0
DEQ,827649761254948,23,1028,105797,0
DEQ,827649762150998,23,1028,81959,0
DEQ,827649763092423,23,1028,88756,0
DEQ,827649763966345,23,1028,36315,0
DEQ,827649764878276,23,1028,42102,0
DEQ,827649765796233,23,1028,52307,0
DEQ,827649766687664,23,1028,41102,0
DEQ,827649767593283,23,1028,42612,0
DEQ,827649768499845,23,1028,43365,0
DEQ,827649769400522,23,1028,40960,0
DEQ,827649770265563,23,1028,33533,0
DEQ,827649771129820,23,1028,32875,0
DEQ,827649772027398,23,1028,40568,0
DEQ,827649772935719,23,1028,41227,0
DEQ,827649773839403,23,1028,42026,0
DEQ,827649774742475,23,1028,42164,0
DEQ,827649775644848,23,1028,41600,0
DEQ,827649776556135,23,1028,50430,0
DEQ,827649777449341,23,1028,41439,0
DEQ,827649778322579,23,1028,42508,0
DEQ,827649779181789,23,1028,42285,0
DEQ,827649780079498,23,1028,44035,0
DEQ,827649780979244,23,1028,40962,0
DEQ,827649781887812,23,1028,46296,0
DEQ,827649782796277,23,1028,49546,0
DEQ,827649783692148,23,1028,41260,0
DEQ,827649784596696,23,1028,42793,0
DEQ,827649785498535,23,1028,41605,0
DEQ,827649786401159,23,1028,41139,0
DEQ,827649787266138,23,1028,33602,0
DEQ,827649788129983,23,1028,37740,0
DEQ,827649789017874,23,1028,38318,0
DEQ,827649789922868,23,1028,48233,0
DEQ,827649790806936,23,1028,42577,0
DEQ,827649791692254,23,1028,33323,0
DEQ,827649792590689,23,1028,41852,0
DEQ,827649793493770,23,1028,41778,0
DEQ,827649794415157,23,1028,60499,0
DEQ,827649795262386,23,1028,34139,0
DEQ,827649796120960,23,1028,33335,0
DEQ,827649797018055,23,1028,41209,0
DEQ,827649797931846,23,1028,46653,0
DEQ,827649798829020,23,1028,41377,0
DEQ,827649799732534,23,1028,41920,0
DEQ,827649800635669,23,1028,41560,0
DEQ,827649801550974,23,1028,55237,0
DEQ,827649802438321,23,1028,40828,0
DEQ,827649803316756,23,1028,46957,0
DEQ,827649804176081,23,1028,46879,0
DEQ,827649805069110,23,1028,41874,0
DEQ,827649805968449,23,1028,43369,0
DEQ,827649806875412,23,1028,42792,0
DEQ,827649807776023,23,1028,41210,0
DEQ,827649808683047,23,1028,45096,0
DEQ,827649809581617,23,1028,41566,0
DEQ,827649810484120,23,1028,40886,0
DEQ,827649811387529,23,1028,41812,0
DEQ,827649812251359,23,1028,32775,0
DEQ,827649813110955,23,1028,32773,0
DEQ,827649814008698,23,1028,41268,0
DEQ,827649814926656,23,1028,56374,0
DEQ,827649815821139,23,1028,41674,0
DEQ,827649816724493,23,1028,41387,0
DEQ,827649817627540,23,1028,41928,0
DEQ,827649818528884,23,1028,41083,0
DEQ,827649819433938,23,1028,44007,0
DEQ,827649820307015,23,1028,44296,0
DEQ,827649821202678,23,1028,80661,0
DEQ,827649822082536,23,1028,35378,0
DEQ,827649822996193,23,1028,37932,0
DEQ,827649823901876,23,1028,44848,0
DEQ,827649824812802,23,1028,43748,0
DEQ,827649825711366,23,1028,40885,0
DEQ,827649826614928,23,1028,41123,0
DEQ,827649827518847,23,1028,41915,0
DEQ,827649828432645,23,1028,52512,0
DEQ,827649829300224,23,1028,47490,0
DEQ,827649830193484,23,1028,81401,0
DEQ,827649831122667,23,1028,85693,0
DEQ,827649831998800,23,1028,36020,0
DEQ,827649832928072,23,1028,55883,0
DEQ,827649833825155,23,1028,43905,0
DEQ,827649834725439,23,1028,41780,0
DEQ,827649835630310,23,1028,41046,0
DEQ,827649836551024,23,1028,56621,0
DEQ,827649837446726,23,1028,44300,0
DEQ,827649838317849,23,1028,43968,0
DEQ,827649839240492,23,1028,107286,0
DEQ,827649840138558,23,1028,81653,0
DEQ,827649841024749,23,1028,35342,0
DEQ,827649841938018,23,1028,37918,0
DEQ,827649842851657,23,1028,45015,0
DEQ,827649843752237,23,1028,41449,0
DEQ,827649844671501,23,1028,55476,0
DEQ,827649845561976,23,1028,41217,0
DEQ,827649846464818,23,1028,40862,0
DEQ,827649847352028,23,1028,41704,0
DEQ,827649848216596,23,1028,33279,0
DEQ,827649849087703,23,1028,40486,0
DEQ,827649849985448,23,1028,41402,0
DEQ,827649850891072,23,1028,44007,0
DEQ,827649851807267,23,1028,51651,0
DEQ,827649852702230,23,1028,41698,0
DEQ,827649853604198,23,1028,41201,0
DEQ,827649854507315,23,1028,41239,0
DEQ,827649855425059,23,1028,56189,0
DEQ,827649856273986,23,1028,32862,0
DEQ,827649857133215,23,1028,32795,0
DEQ,827649858048281,23,1028,58080,0
DEQ,827649858937662,23,1028,41166,0
DEQ,827649859841060,23,1028,41770,0
DEQ,827649860750884,23,1028,41499,0
DEQ,827649861676849,23,1028,59165,0
DEQ,827649862559893,23,1028,41028,0
DEQ,827649863462791,23,1028,40889,0
DEQ,827649864371246,23,1028,44583,0
DEQ,827649865231370,23,1028,33040,0
DEQ,827649866093640,23,1028,33490,0
DEQ,827649866990708,23,1028,41320,0
DEQ,827649867893312,23,1028,41939,0
DEQ,827649868807402,23,1028,53687,0
DEQ,827649869702464,23,1028,41236,0
DEQ,827649870604881,23,1028,41073,0
DEQ,827649871508230,23,1028,41105,0
DEQ,827649872426520,23,1028,56715,0
DEQ,827649873275134,23,1028,32662,0
DEQ,827649874135302,23,1028,33535,0
DEQ,827649875048469,23,1028,58201,0
DEQ,827649875941627,23,1028,41379,0
DEQ,827649876845188,23,1028,41225,0
DEQ,827649877748103,23,1028,42061,0
DEQ,827649878673373,23,1028,56036,0
DEQ,827649879561615,23,1028,41434,0
DEQ,827649880463912,23,1028,40533,0
DEQ,827649881346706,23,1028,42841,0
DEQ,827649882210019,23,1028,32885,0
DEQ,827649883089772,23,1028,41689,0
DEQ,827649883986276,23,1028,41171,0
DEQ,827649884890565,23,1028,41745,0
DEQ,827649885807124,23,1028,52398,0
DEQ,827649886699392,23,1028,41814,0
DEQ,827649887604530,23,1028,40392,0
DEQ,827649888507709,23,1028,41050,0
DEQ,827649889425067,23,1028,56230,0
DEQ,827649890275256,23,1028,33054,0
DEQ,827649891134275,23,1028,32649,0
DEQ,827649892048589,23,1028,57849,0
DEQ,827649892939382,23,1028,40926,0
DEQ,827649893841920,23,1028,41272,0
DEQ,827649894745301,23,1028,42508,0
DEQ,827649895665850,23,1028,60319,0
DEQ,827649896557573,23,1028,44933,0
DEQ,827649897456462,23,1028,41376,0
DEQ,827649898330222,23,1028,42797,0
DEQ,827649899183600,23,1028,36838,0
DEQ,827649900081786,23,1028,45902,0
DEQ,827649900979652,23,1028,41069,0
DEQ,827649901881856,23,1028,40882,0
DEQ,827649902800555,23,1028,56490,0
DEQ,827649903687833,23,1028,41223,0
DEQ,827649904590015,23,1028,40918,0
DEQ,827649905501318,23,1028,41754,0
DEQ,827649906402849,23,1028,41162,0
DEQ,827649907267473,23,1028,33512,0
DEQ,827649908126337,23,1028,32976,0
DEQ,827649909024063,23,1028,41326,0
DEQ,827649909935792,23,1028,40694,0
DEQ,827649910837635,23,1028,40758,0
DEQ,827649911740966,23,1028,42091,0
DEQ,827649912641985,23,1028,41204,0
DEQ,827649913556845,23,1028,54771,0
DEQ,827649914447806,23,1028,63516,0
DEQ,827649915307101,23,1028,60265,0
DEQ,827649916141607,23,1028,34661,0
DEQ,827649917048738,23,1028,52330,0
DEQ,827649917932766,23,1028,42116,0
DEQ,827649918822069,23,1028,41628,0
DEQ,827649919724587,23,1028,41614,0
DEQ,827649920626832,23,1028,41458,0
DEQ,827649921529837,23,1028,40627,0
DEQ,827649922434621,23,1028,42241,0
DEQ,827649923307757,23,1028,36896,0
DEQ,827649924177536,23,1028,47429,0
DEQ,827649925070064,23,1028,41079,0
DEQ,827649925967892,23,1028,42599,0
DEQ,827649926870806,23,1028,41486,0
DEQ,827649927774539,23,1028,43115,0
DEQ,827649928682712,23,1028,47287,0
DEQ,827649929578370,23,1028,41458,0
DEQ,827649930479136,23,1028,41017,0
DEQ,827649931380977,23,1028,40795,0
DEQ,827649932251337,23,1028,32922,0
DEQ,827649933110816,23,1028,32825,0
DEQ,827649934008031,23,1028,40902,0
DEQ,827649934925807,23,1028,56492,0
DEQ,827649935811958,23,1028,41257,0
DEQ,827649936713515,23,1028,40889,0
DEQ,827649937616078,23,1028,41285,0
DEQ,827649938520250,23,1028,42456,0
DEQ,827649939432729,23,1028,52783,0
DEQ,827649940299649,23,1028,47451,0
DEQ,827649941194186,23,1028,81642,0
DEQ,827649942077600,23,1028,36114,0
DEQ,827649942991027,23,1028,40485,0
DEQ,827649943896873,23,1028,44566,0
DEQ,827649944807154,23,1028,50763,0
DEQ,827649945703825,23,1028,42273,0
DEQ,827649946606451,23,1028,41418,0
DEQ,827649947509306,23,1028,41362,0
DEQ,827649948427333,23,1028,56273,0
DEQ,827649949277945,23,1028,33877,0
DEQ,827649950142264,23,1028,33413,0
DEQ,827649951047614,23,1028,45059,0
DEQ,827649951932927,23,1028,38169,0
DEQ,827649952821062,23,1028,33721,0
DEQ,827649953712441,23,1028,33270,0
DEQ,827649954605936,23,1028,35481,0
DEQ,827649955499005,23,1028,34106,0
DEQ,827649956393834,23,1028,34800,0
DEQ,827649957259983,23,1028,33656,0
DEQ,827649958140516,23,1028,48173,0
DEQ,827649959025000,23,1028,33570,0
DEQ,827649959932359,23,1028,49685,0
DEQ,827649960809911,23,1028,36756,0
DEQ,827649961700279,23,1028,34890,0
DEQ,827649962593348,23,1028,36079,0
DEQ,827649963486505,23,1028,37262,0
DEQ,827649964378850,23,1028,34955,0
DEQ,827649965241216,23,1028,33923,0
DEQ,827649966101952,23,1028,33609,0
DEQ,827649967010911,23,1028,53562,0
DEQ,827649967886517,23,1028,33707,0
DEQ,827649968778484,23,1028,36410,0
DEQ,827649969682889,23,1028,47881,0
DEQ,827649970564887,23,1028,34717,0
DEQ,827649971457811,23,1028,37048,0
DEQ,827649972322367,23,1028,37700,0
DEQ,827649973183767,23,1028,33674,0
DEQ,827649974068382,23,1028,32813,0
DEQ,827649974957923,23,1028,32892,0
DEQ,827649975854476,23,1028,40462,0
DEQ,827649976740303,23,1028,35796,0
DEQ,827649977631847,23,1028,36696,0
DEQ,827649978524895,23,1028,36574,0
DEQ,827649979432254,23,1028,51910,0
DEQ,827649980284657,23,1028,37017,0
DEQ,827649981143448,23,1028,33840,0
DEQ,827649982002868,23,1028,33775,0
DEQ,827649982899573,23,1028,41000,0
DEQ,827649983808607,23,1028,48071,0
DEQ,827649984706420,23,1028,42269,0
DEQ,827649985615358,23,1028,41980,0
DEQ,827649986517826,23,1028,41800,0
DEQ,827649987433060,23,1028,54332,0
DEQ,827649988299045,23,1028,47945,0
DEQ,827649989198201,23,1028,87934,0
DEQ,827649990075927,23,1028,36750,0
DEQ,827649990992050,23,1028,39846,0
DEQ,827649991902101,23,1028,48445,0
DEQ,827649992807488,23,1028,48085,0
DEQ,827649993706903,23,1028,41583,0
DEQ,827649994624598,23,1028,42796,0
DEQ,827649995527491,23,1028,41579,0
DEQ,827649996435387,23,1028,44570,0
DEQ,827649997308137,23,1028,44601,0
DEQ,827649998204917,23,1028,82025,0
DEQ,827649999132968,23,1028,85908,0
DEQ,827650000008669,23,1028,35286,0
DEQ,827650000933183,23,1028,50072,0
DEQ,827650001838275,23,1028,45136,0
DEQ,827650002708200,23,1028,36052,0
DEQ,827650003629789,23,1028,43666,0
DEQ,827650004531277,23,1028,41830,0
DEQ,827650005444194,23,1028,43815,0
DEQ,827650006358196,23,1028,87271,0
DEQ,827650007239604,23,1028,97862,0
DEQ,827650008167942,23,1028,93310,0
DEQ,827650009101862,23,1028,103153,0
DEQ,827650009965983,23,1028,35364,0
DEQ,827650010880276,23,1028,40759,0
DEQ,827650011801223,23,1028,59933,0
DEQ,827650012700859,23,1028,47934,0
DEQ,827650013600017,23,1028,41554,0
DEQ,827650014505338,23,1028,41475,0
DEQ,827650015424463,23,1028,57953,0
DEQ,827650016353456,23,1028,114801,0
DEQ,827650017145996,23,1028,36257,0
DEQ,827650018063444,23,1028,33482,0
DEQ,827650018969393,23,1028,45673,0
DEQ,827650019870994,23,1028,41684,0
DEQ,827650020775178,23,1028,41670,0
DEQ,827650021686933,23,1028,41764,0
DEQ,827650022592946,23,1028,43240,0
DEQ,827650023497224,23,1028,41984,0
DEQ,827650024400207,23,1028,40980,0
DEQ,827650025265113,23,1028,33337,0
DEQ,827650026124906,23,1028,33834,0
DEQ,827650027021401,23,1028,41745,0
DEQ,827650027932704,23,1028,49657,0
DEQ,827650028828043,23,1028,41824,0
DEQ,827650029735013,23,1028,41132,0
DEQ,827650030642408,23,1028,41453,0
DEQ,827650031558327,23,1028,54643,0
DEQ,827650032447503,23,1028,41250,0
DEQ,827650033320757,23,1028,42722,0
DEQ,827650034183366,23,1028,45965,0
DEQ,827650035078943,23,1028,42804,0
DEQ,827650035976627,23,1028,41356,0
DEQ,827650036878061,23,1028,40906,0
DEQ,827650037799411,23,1028,58753,0
DEQ,827650038686493,23,1028,42857,0
DEQ,827650039592116,23,1028,41978,0
DEQ,827650040494882,23,1028,41848,0
DEQ,827650041416698,23,1028,60779,0
DEQ,827650042261932,23,1028,33563,0
DEQ,827650043121299,23,1028,33565,0
DEQ,827650044018174,23,1028,41614,0
DEQ,827650044932895,23,1028,54740,0
DEQ,827650045821877,23,1028,41592,0
DEQ,827650046725020,23,1028,41567,0
DEQ,827650047626680,23,1028,41335,0
DEQ,827650048553880,23,1028,56324,0
DEQ,827650049442313,23,1028,41883,0
DEQ,827650050312307,23,1028,39453,0
DEQ,827650051173021,23,1028,40815,0
DEQ,827650052077152,23,1028,38822,0
DEQ,827650052976233,23,1028,42012,0
DEQ,827650053851245,23,1028,34028,0
DEQ,827650054710105,23,1028,32832,0
DEQ,827650055570635,23,1028,33658,0
DEQ,827650056436695,23,1028,39912,0
DEQ,827650057322595,23,1028,33543,0
DEQ,827650058184474,23,1028,35916,0
DEQ,827650059079046,23,1028,41690,0
DEQ,827650059981949,23,1028,41344,0
DEQ,827650060884363,23,1028,41290,0
DEQ,827650061801247,23,1028,55642,0
DEQ,827650062688682,23,1028,41431,0
DEQ,827650063591180,23,1028,41032,0
DEQ,827650064494079,23,1028,41436,0
DEQ,827650065396890,23,1028,41392,0
DEQ,827650066266055,23,1028,33555,0
DEQ,827650067125479,23,1028,33571,0
DEQ,827650068041959,23,1028,60403,0
DEQ,827650068933512,23,1028,46273,0
DEQ,827650069831193,23,1028,41657,0
DEQ,827650070734432,23,1028,41088,0
DEQ,827650071638796,23,1028,42712,0
DEQ,827650072548130,23,1028,49319,0
DEQ,827650073442791,23,1028,41189,0
DEQ,827650074319684,23,1028,45610,0
DEQ,827650075241869,23,1028,107132,0
DEQ,827650076143360,23,1028,83650,0
DEQ,827650077017686,23,1028,49229,0
DEQ,827650077934645,23,1028,38513,0
DEQ,827650078835341,23,1028,42076,0
DEQ,827650079741448,23,1028,41469,0
DEQ,827650080646819,23,1028,41991,0
DEQ,827650081557989,23,1028,49695,0
DEQ,827650082456182,23,1028,43173,0
DEQ,827650083326741,23,1028,40762,0
DEQ,827650084276124,23,1028,91549,0
DEQ,827650085154264,23,1028,83509,0
DEQ,827650086112613,23,1028,113538,0
DEQ,827650086968243,23,1028,36223,0
DEQ,827650087883591,23,1028,41433,0
DEQ,827650088799738,23,1028,57463,0
DEQ,827650089687997,23,1028,41032,0
DEQ,827650090589351,23,1028,41064,0
DEQ,827650091491182,23,1028,41635,0
DEQ,827650092392319,23,1028,41767,0
DEQ,827650093268689,23,1028,34521,0
DEQ,827650094128774,23,1028,35395,0
DEQ,827650095042052,23,1028,60764,0
DEQ,827650095935900,23,1028,44416,0
DEQ,827650096833251,23,1028,41487,0
DEQ,827650097732192,23,1028,40671,0
DEQ,827650098631891,23,1028,41149,0
DEQ,827650099531759,23,1028,40811,0
DEQ,827650100434669,23,1028,44705,0
DEQ,827650101308891,23,1028,46134,0
DEQ,827650102156092,23,1028,32747,0
DEQ,827650103067777,23,1028,42863,0
DEQ,827650103962288,23,1028,40830,0
DEQ,827650104863492,23,1028,41784,0
DEQ,827650105763201,23,1028,41659,0
DEQ,827650106677440,23,1028,56082,0
DEQ,827650107562201,23,1028,40722,0
DEQ,827650108462957,23,1028,41532,0
DEQ,827650109341309,23,1028,47224,0
DEQ,827650110198299,23,1028,33593,0
DEQ,827650111077478,23,1028,41847,0
DEQ,827650111976956,23,1028,41439,0
DEQ,827650112876844,23,1028,41217,0
DEQ,827650113776491,23,1028,41078,0
DEQ,827650114683891,23,1028,48569,0
DEQ,827650115577721,23,1028,41816,0
DEQ,827650116478021,23,1028,41820,0
DEQ,827650117378086,23,1028,41061,0
DEQ,827650118242349,23,1028,33524,0
DEQ,827650119101286,23,1028,33369,0
DEQ,827650119999043,23,1028,42455,0
DEQ,827650120898577,23,1028,41128,0
DEQ,827650121808980,23,1028,51161,0
DEQ,827650122699091,23,1028,41322,0
DEQ,827650123598721,23,1028,41385,0
DEQ,827650124498277,23,1028,41300,0
DEQ,827650125399515,23,1028,40695,0
DEQ,827650126313273,23,1028,82722,0
DEQ,827650127139658,23,1028,36325,0
DEQ,827650128067458,23,1028,44284,0
DEQ,827650128969553,23,1028,44812,0
DEQ,827650129869166,23,1028,41664,0
DEQ,827650130771884,23,1028,41977,0
DEQ,827650131683326,23,1028,51490,0
DEQ,827650132574186,23,1028,41611,0
DEQ,827650133474520,23,1028,41300,0
DEQ,827650134338951,23,1028,33027,0
DEQ,827650135198943,23,1028,33573,0
DEQ,827650136076499,23,1028,41387,0
DEQ,827650136977998,23,1028,41292,0
DEQ,827650137892021,23,1028,42705,0
DEQ,827650138798522,23,1028,48512,0
DEQ,827650139692459,23,1028,41074,0
DEQ,827650140592898,23,1028,41430,0
DEQ,827650141493890,23,1028,41888,0
DEQ,827650142393704,23,1028,41926,0
DEQ,827650143257226,23,1028,33005,0
DEQ,827650144116915,23,1028,33364,0
DEQ,827650145012696,23,1028,41877,0
DEQ,827650145927291,23,1028,56362,0
DEQ,827650146822162,23,1028,41141,0
DEQ,827650147721885,23,1028,41361,0
DEQ,827650148623182,23,1028,42600,0
DEQ,827650149525924,23,1028,40928,0
DEQ,827650150434115,23,1028,48730,0
DEQ,827650151298678,23,1028,40178,0
DEQ,827650152206312,23,1028,88605,0
DEQ,827650153083613,23,1028,36236,0
DEQ,827650153997281,23,1028,40586,0
DEQ,827650154896619,23,1028,41823,0
DEQ,827650155810688,23,1028,41467,0
DEQ,827650156713962,23,1028,41272,0
DEQ,827650157615858,23,1028,41704,0
DEQ,827650158516731,23,1028,41470,0
DEQ,827650159433992,23,1028,57769,0
DEQ,827650160330550,23,1028,81564,0
DEQ,827650161157199,23,1028,35406,0
DEQ,827650162074025,23,1028,33504,0
DEQ,827650162976693,23,1028,42297,0
DEQ,827650163881369,23,1028,41360,0
DEQ,827650164809195,23,1028,52521,0
DEQ,827650165700771,23,1028,41852,0
DEQ,827650166602253,23,1028,41963,0
DEQ,827650167502291,23,1028,41396,0
DEQ,827650168402666,23,1028,40676,0
DEQ,827650169267560,23,1028,33713,0
DEQ,827650170127838,23,1028,34837,0
DEQ,827650171022189,23,1028,41771,0
DEQ,827650171933466,23,1028,51766,0
DEQ,827650172823379,23,1028,41446,0
DEQ,827650173741112,23,1028,41908,0
DEQ,827650174641560,23,1028,42038,0
DEQ,827650175548818,23,1028,48032,0
DEQ,827650176442428,23,1028,40603,0
DEQ,827650177088366,23,84,18953,0
DEQ,827650177310295,23,1028,36379,0
DEQ,827650178174245,23,1028,40522,0
DEQ,827650179034408,23,1028,41016,0
DEQ,827650179886140,23,1028,33412,0
DEQ,827650180746211,23,1028,33678,0
DEQ,827650181642765,23,1028,40528,0
DEQ,827650182550378,23,1028,56323,0
DEQ,827650183436717,23,1028,41555,0
DEQ,827650184309276,23,1028,42198,0
DEQ,827650185175341,23,1028,49159,0
DEQ,827650186068742,23,1028,40189,0
DEQ,827650186964469,23,1028,40832,0
DEQ,827650187864018,23,1028,40450,0
DEQ,827650188764182,23,1028,41226,0
DEQ,827650189678184,23,1028,55616,0
DEQ,827650190564030,23,1028,41408,0
DEQ,827650191473296,23,1028,41506,0
DEQ,827650192373974,23,1028,42334,0
DEQ,827650193236238,23,1028,32646,0
DEQ,827650194096175,23,1028,33537,0
DEQ,827650194991620,23,1028,41396,0
DEQ,827650195891060,23,1028,41492,0
DEQ,827650196804223,23,1028,55617,0
DEQ,827650197692737,23,1028,41806,0
DEQ,827650198592379,23,1028,40544,0
DEQ,827650199493280,23,1028,41867,0
DEQ,827650200417751,23,1028,60097,0
DEQ,827650201262870,23,1028,33544,0
DEQ,827650202121787,23,1028,33449,0
DEQ,827650203018011,23,1028,42200,0
DEQ,827650203924034,23,1028,48217,0
DEQ,827650204817221,23,1028,41488,0
DEQ,827650205716892,23,1028,41046,0
DEQ,827650206617622,23,1028,41804,0
DEQ,827650207518009,23,1028,41326,0
DEQ,827650208433691,23,1028,57057,0
DEQ,827650209308717,23,1028,48407,0
DEQ,827650210152522,23,1028,33159,0
DEQ,827650211060254,23,1028,43540,0
DEQ,827650211955978,23,1028,41863,0
DEQ,827650212818867,23,1028,33061,0
DEQ,827650213714487,23,1028,41715,0
DEQ,827650214616944,23,1028,43262,0
DEQ,827650215516633,23,1028,41733,0
DEQ,827650216430565,23,1028,56027,0
DEQ,827650217278904,23,1028,32839,0
DEQ,827650218139599,23,1028,33246,0
DEQ,827650219050635,23,1028,56966,0
DEQ,827650219942776,23,1028,41271,0
DEQ,827650220843414,23,1028,41282,0
DEQ,827650221746071,23,1028,41485,0
DEQ,827650222646091,23,1028,41804,0
DEQ,827650223558789,23,1028,54671,0
DEQ,827650224445896,23,1028,41646,0
DEQ,827650225311148,23,1028,34893,0
DEQ,827650226240403,23,1028,104945,0
DEQ,827650227099863,23,1028,36257,0
DEQ,827650228012896,23,1028,38750,0
DEQ,827650228904527,23,1028,32990,0
DEQ,827650229812862,23,1028,42339,0
DEQ,827650230710768,23,1028,41144,0
DEQ,827650231611856,23,1028,41244,0
DEQ,827650232514270,23,1028,41595,0
DEQ,827650233430882,23,1028,56951,0
DEQ,827650234279853,23,1028,32874,0
DEQ,827650235139716,23,1028,33605,0
DEQ,827650236060006,23,1028,45980,0
DEQ,827650236955129,23,1028,41726,0
DEQ,827650237856227,23,1028,41636,0
DEQ,827650238755431,23,1028,40998,0
DEQ,827650239656823,23,1028,41033,0
DEQ,827650240561338,23,1028,45383,0
DEQ,827650241457372,23,1028,41344,0
DEQ,827650242332401,23,1028,43995,0
DEQ,827650243186385,23,1028,33185,0
DEQ,827650244076225,23,1028,42082,0
DEQ,827650244992054,23,1028,45074,0
DEQ,827650245894636,23,1028,41549,0
DEQ,827650246808945,23,1028,54896,0
DEQ,827650247698187,23,1028,42786,0
DEQ,827650248597067,23,1028,41504,0
DEQ,827650249497521,23,1028,41874,0
DEQ,827650250396683,23,1028,41384,0
DEQ,827650251259995,23,1028,32799,0
DEQ,827650252119982,23,1028,33574,0
DEQ,827650253018352,23,1028,41808,0
DEQ,827650253934691,23,1028,52178,0
DEQ,827650254824884,23,1028,41982,0
DEQ,827650255724951,23,1028,41586,0
DEQ,827650256625200,23,1028,42063,0
DEQ,827650257524814,23,1028,41121,0
DEQ,827650258435049,23,1028,51105,0
DEQ,827650259303338,23,1028,47405,0
DEQ,827650260228787,23,1028,113700,0
DEQ,827650261128880,23,1028,84305,0
DEQ,827650262008578,23,1028,36499,0
DEQ,827650262936214,23,1028,44641,0
DEQ,827650263840536,23,1028,48158,0
DEQ,827650264736871,23,1028,41284,0
DEQ,827650265638209,23,1028,41509,0
DEQ,827650266554111,23,1028,55856,0
DEQ,827650267440220,23,1028,41189,0
DEQ,827650268319725,23,1028,47893,0
DEQ,827650269238266,23,1028,106807,0
DEQ,827650270095783,23,1028,36136,0
DEQ,827650271014672,23,1028,43569,0
DEQ,827650271934770,23,1028,53044,0
DEQ,827650272827991,23,1028,41798,0
DEQ,827650273729248,23,1028,41781,0
DEQ,827650274634517,23,1028,41133,0
DEQ,827650275553582,23,1028,56442,0
DEQ,827650276439957,23,1028,41345,0
DEQ,827650277309887,23,1028,38926,0
DEQ,827650278236275,23,1028,106192,0
DEQ,827650279094734,23,1028,36028,0
DEQ,827650280010552,23,1028,43149,0
DEQ,827650280924594,23,1028,48290,0
DEQ,827650281822468,23,1028,41304,0
DEQ,827650282725593,23,1028,42092,0
DEQ,827650283627300,23,1028,41842,0
DEQ,827650284527616,23,1028,41148,0
DEQ,827650285434940,23,1028,47607,0
DEQ,827650286309173,23,1028,48680,0
DEQ,827650287152434,23,1028,32819,0
DEQ,827650288063652,23,1028,39360,0
DEQ,827650288960065,23,1028,40796,0
DEQ,827650289868774,23,1028,41859,0
DEQ,827650290769739,23,1028,41487,0
DEQ,827650291684649,23,1028,56235,0
DEQ,827650292568222,23,1028,40159,0
DEQ,827650293473509,23,1028,41724,0
DEQ,827650294373485,23,1028,41473,0
DEQ,827650295236957,23,1028,32890,0
DEQ,827650296099654,23,1028,33763,0
DEQ,827650296994311,23,1028,41351,0
DEQ,827650297895241,23,1028,41910,0
DEQ,827650298810144,23,1028,48266,0
DEQ,827650299703562,23,1028,41217,0
DEQ,827650300603951,23,1028,41470,0
DEQ,827650301503706,23,1028,41011,0
DEQ,827650302403785,23,1028,41475,0
DEQ,827650303267576,23,1028,33380,0
DEQ,827650304126916,23,1028,33526,0
DEQ,827650305023270,23,1028,41881,0
DEQ,827650305936357,23,1028,40996,0
DEQ,827650306836213,23,1028,40657,0
DEQ,827650307747105,23,1028,41740,0
DEQ,827650308647170,23,1028,41759,0
DEQ,827650309560086,23,1028,54487,0
DEQ,827650310448462,23,1028,41585,0
DEQ,827650311321452,23,1028,42455,0
DEQ,827650312185126,23,1028,47095,0
DEQ,827650313035653,23,1028,38357,0
DEQ,827650313893836,23,1028,33469,0
DEQ,827650314756047,23,1028,35907,0
DEQ,827650315666000,23,1028,48000,0
DEQ,827650316560353,23,1028,43240,0
DEQ,827650317453241,23,1028,41033,0
DEQ,827650318324948,23,1028,40903,0
DEQ,827650319185255,23,1028,41975,0
DEQ,827650320079497,23,1028,41659,0
DEQ,827650320981609,23,1028,40978,0
DEQ,827650321884570,23,1028,41645,0
DEQ,827650322801754,23,1028,55852,0
DEQ,827650323689301,23,1028,41454,0
DEQ,827650324592373,23,1028,41537,0
DEQ,827650325500437,23,1028,41794,0
DEQ,827650326402616,23,1028,41181,0
DEQ,827650327268094,23,1028,33776,0
DEQ,827650328127313,23,1028,33532,0
DEQ,827650329023428,23,1028,41575,0
DEQ,827650329936672,23,1028,43395,0
DEQ,827650330837738,23,1028,41535,0
DEQ,827650331739853,23,1028,40616,0
DEQ,827650332642265,23,1028,41389,0
DEQ,827650333559558,23,1028,56262,0
DEQ,827650334452242,23,1028,41719,0
DEQ,827650335331831,23,1028,48900,0
DEQ,827650336185272,23,1028,40906,0
DEQ,827650337082525,23,1028,45360,0
DEQ,827650337980746,23,1028,40990,0
DEQ,827650338882139,23,1028,40632,0
DEQ,827650339801318,23,1028,57886,0
DEQ,827650340687846,23,1028,41971,0
DEQ,827650341591629,23,1028,40827,0
DEQ,827650342495053,23,1028,41667,0
DEQ,827650343402172,23,1028,41158,0
DEQ,827650344267466,23,1028,33703,0
DEQ,827650345126562,23,1028,33511,0
DEQ,827650346023582,23,1028,41595,0
DEQ,827650346937064,23,1028,43635,0
DEQ,827650347836975,23,1028,41241,0
DEQ,827650348739081,23,1028,41102,0
DEQ,827650349642859,23,1028,41493,0
DEQ,827650350559578,23,1028,55542,0
DEQ,827650351449406,23,1028,41916,0
DEQ,827650352333571,23,1028,45645,0
DEQ,827650353189607,23,1028,32598,0
DEQ,827650354079009,23,1028,42198,0
DEQ,827650354981370,23,1028,42128,0
DEQ,827650355883085,23,1028,41497,0
DEQ,827650356801333,23,1028,56607,0
DEQ,827650357688682,23,1028,41792,0
DEQ,827650358590899,23,1028,41124,0
DEQ,827650359493617,23,1028,42080,0
DEQ,827650360395697,23,1028,41796,0
DEQ,827650361266115,23,1028,33599,0
DEQ,827650362125501,23,1028,33599,0
DEQ,827650363023033,23,1028,41712,0
DEQ,827650363934776,23,1028,44004,0
DEQ,827650364834359,23,1028,41263,0
STATS,827650364842250,0,0,21341,21341,0,0,0
DEQ,827650365738805,23,1028,40964,0
DEQ,827650366641540,23,1028,41394,0
DEQ,827650367550017,23,1028,47440,0
DEQ,827650368448323,23,1028,42853,0
DEQ,827650369321379,23,1028,43525,0
DEQ,827650370246029,23,1028,107512,0
DEQ,827650371146884,23,1028,83575,0
DEQ,827650372025717,23,1028,35609,0
DEQ,827650372940620,23,1028,43489,0
DEQ,827650373844850,23,1028,42862,0
DEQ,827650374751172,23,1028,42065,0
DEQ,827650375658056,23,1028,73946,0
DEQ,827650376512431,23,1028,34913,0
DEQ,827650377402380,23,1028,32877,0
DEQ,827650378282526,23,1028,46837,0
DEQ,827650379147794,23,1028,36794,0
DEQ,827650380060399,23,1028,49625,0
DEQ,827650380936498,23,1028,34002,0
DEQ,827650381843264,23,1028,48796,0
DEQ,827650382721272,23,1028,34000,0
DEQ,827650383610122,23,1028,33388,0
DEQ,827650384502111,23,1028,36521,0
DEQ,827650385395072,23,1028,37304,0
DEQ,827650386255290,23,1028,33024,0
DEQ,827650387114752,23,1028,32886,0
DEQ,827650388017176,23,1028,41787,0
DEQ,827650388934910,23,1028,56788,0
DEQ,827650389827547,23,1028,41715,0
DEQ,827650390732046,23,1028,43232,0
DEQ,827650391632857,23,1028,41233,0
DEQ,827650392551666,23,1028,56208,0
DEQ,827650393438389,23,1028,40934,0
DEQ,827650394320444,23,1028,50659,0
DEQ,827650395243875,23,1028,114763,0
DEQ,827650396115462,23,1028,56573,0
DEQ,827650397017350,23,1028,37931,0
DEQ,827650397934940,23,1028,55724,0
DEQ,827650398825205,23,1028,41597,0
DEQ,827650399728179,23,1028,41490,0
DEQ,827650400630502,23,1028,41149,0
DEQ,827650401552248,23,1028,58805,0
DEQ,827650402437841,23,1028,42476,0
DEQ,827650403310729,23,1028,42818,0
DEQ,827650404242114,23,1028,114843,0
DEQ,827650405152249,23,1028,99060,0
DEQ,827650406022537,23,1028,36001,0
DEQ,827650406937167,23,1028,40940,0
DEQ,827650407842564,23,1028,45524,0
DEQ,827650408743861,23,1028,42013,0
DEQ,827650409646532,23,1028,41583,0
DEQ,827650410560742,23,1028,50884,0
DEQ,827650411454941,23,1028,42176,0
DEQ,827650412319306,23,1028,33911,0
DEQ,827650413237903,23,1028,92780,0
DEQ,827650414164817,23,1028,95229,0
DEQ,827650415052829,23,1028,52750,0
DEQ,827650415952909,23,1028,42094,0
DEQ,827650416858628,23,1028,44675,0
DEQ,827650417757759,23,1028,41099,0
DEQ,827650418676959,23,1028,56823,0
DEQ,827650419564593,23,1028,40801,0
DEQ,827650420467605,23,1028,40630,0
DEQ,827650421370127,23,1028,41324,0
DEQ,827650422234507,23,1028,32938,0
DEQ,827650423095859,23,1028,35003,0
DEQ,827650423998316,23,1028,41383,0
DEQ,827650424919149,23,1028,59423,0
DEQ,827650425810806,23,1028,49278,0
DEQ,827650426705591,23,1028,41650,0
DEQ,827650427607497,23,1028,41445,0
DEQ,827650428509042,23,1028,41016,0
DEQ,827650429426871,23,1028,56804,0
DEQ,827650430276144,23,1028,33712,0
DEQ,827650431134631,23,1028,32898,0
DEQ,827650432032647,23,1028,41210,0
DEQ,827650432943891,23,1028,41209,0
DEQ,827650433839026,23,1028,34608,0
DEQ,827650434738949,23,1028,42703,0
DEQ,827650435639931,23,1028,41257,0
DEQ,827650436550485,23,1028,49558,0
DEQ,827650437450158,23,1028,42046,0
DEQ,827650438321199,23,1028,40527,0
DEQ,827650439185928,23,1028,45980,0
DEQ,827650440076923,23,1028,42206,0
DEQ,827650440979757,23,1028,41429,0
DEQ,827650441888118,23,1028,41618,0
DEQ,827650442804084,23,1028,55350,0
DEQ,827650443691740,23,1028,41319,0
DEQ,827650444593597,23,1028,40845,0
DEQ,827650445497640,23,1028,42486,0
DEQ,827650446455703,23,1028,98148,0
DEQ,827650447323186,23,1028,81675,0
DEQ,827650448151357,23,1028,35616,0
DEQ,827650449065308,23,1028,32963,0
DEQ,827650449972116,23,1028,39888,0
DEQ,827650450884424,23,1028,44657,0
DEQ,827650451801977,23,1028,58578,0
DEQ,827650452688843,23,1028,40947,0
DEQ,827650453592039,23,1028,40978,0
DEQ,827650454496859,23,1028,42155,0
DEQ,827650455419396,23,1028,61092,0
DEQ,827650456266109,23,1028,35096,0
DEQ,827650457124086,23,1028,33325,0
DEQ,827650458021487,23,1028,41570,0
DEQ,827650458936028,23,1028,53613,0
DEQ,827650459834025,23,1028,41344,0
DEQ,827650460736528,23,1028,41073,0
DEQ,827650461647453,23,1028,44839,0
DEQ,827650462560335,23,1028,54869,0
DEQ,827650463449657,23,1028,41425,0
DEQ,827650464313978,23,1028,33510,0
DEQ,827650465186172,23,1028,46328,0
DEQ,827650466076772,23,1028,42057,0
DEQ,827650466979469,23,1028,41746,0
DEQ,827650467881220,23,1028,41527,0
DEQ,827650468800626,23,1028,49674,0
DEQ,827650469695094,23,1028,40728,0
DEQ,827650470598305,23,1028,41624,0
DEQ,827650471501328,23,1028,41166,0
DEQ,827650472403670,23,1028,41813,0
DEQ,827650473268431,23,1028,33650,0
DEQ,827650474127641,23,1028,33535,0
DEQ,827650475024934,23,1028,41338,0
DEQ,827650475936119,23,1028,46201,0
DEQ,827650476833391,23,1028,41376,0
DEQ,827650477742023,23,1028,41769,0
DEQ,827650478645657,23,1028,42485,0
DEQ,827650479560786,23,1028,54736,0
DEQ,827650480450211,23,1028,41749,0
DEQ,827650481321284,23,1028,40375,0
DEQ,827650482186196,23,1028,46014,0
DEQ,827650483074875,23,1028,41734,0
DEQ,827650483977807,23,1028,42198,0
DEQ,827650484879874,23,1028,41126,0
DEQ,827650485783482,23,1028,40413,0
DEQ,827650486689558,23,1028,40888,0
DEQ,827650487591456,23,1028,40643,0
DEQ,827650488494890,23,1028,41871,0
DEQ,827650489400171,23,1028,44661,0
DEQ,827650490261776,23,1028,32831,0
DEQ,827650491121820,23,1028,33491,0
DEQ,827650492018437,23,1028,41397,0
DEQ,827650492935535,23,1028,55706,0
DEQ,827650493823931,23,1028,41452,0
DEQ,827650494725811,23,1028,41443,0
DEQ,827650495634663,23,1028,41000,0
DEQ,827650496552387,23,1028,55658,0
DEQ,827650497439632,23,1028,40619,0
DEQ,827650498311418,23,1028,40262,0
DEQ,827650499178180,23,1028,47561,0
DEQ,827650500080170,23,1028,42391,0
DEQ,827650500976563,23,1028,41999,0
DEQ,827650501878552,23,1028,41635,0
DEQ,827650502780816,23,1028,41014,0
DEQ,827650503687305,23,1028,44912,0
DEQ,827650504591744,23,1028,40785,0
DEQ,827650505495181,23,1028,41731,0
DEQ,827650506397638,23,1028,41321,0
DEQ,827650507261618,23,1028,32745,0
DEQ,827650508121656,23,1028,33559,0
DEQ,827650509019447,23,1028,41544,0
DEQ,827650509935572,23,1028,52771,0
DEQ,827650510815914,23,1028,33054,0
DEQ,827650511686697,23,1028,44372,0
DEQ,827650512541286,23,1028,39669,0
DEQ,827650513400426,23,1028,37497,0
DEQ,827650514259505,23,1028,33423,0
DEQ,827650515119644,23,1028,33615,0
DEQ,827650516017787,23,1028,41492,0
DEQ,827650516935673,23,1028,56251,0
DEQ,827650517823924,23,1028,41932,0
DEQ,827650518726143,23,1028,41460,0
DEQ,827650519628452,23,1028,41549,0
DEQ,827650520530351,23,1028,40906,0
DEQ,827650521436498,23,1028,44722,0
DEQ,827650522311794,23,1028,42561,0
DEQ,827650523177624,23,1028,49150,0
DEQ,827650524071671,23,1028,39860,0
DEQ,827650524968729,23,1028,41365,0
DEQ,827650525872262,23,1028,42054,0
DEQ,827650526773816,23,1028,41868,0
DEQ,827650527686459,23,1028,52061,0
DEQ,827650528577940,23,1028,41208,0
DEQ,827650529480032,23,1028,41460,0
DEQ,827650530380431,23,1028,40403,0
DEQ,827650531251704,23,1028,33280,0
DEQ,827650532113785,23,1028,34693,0
DEQ,827650533012105,23,1028,41331,0
DEQ,827650533932351,23,1028,56311,0
DEQ,827650534819074,23,1028,40788,0
DEQ,827650535721678,23,1028,41590,0
DEQ,827650536623765,23,1028,42161,0
DEQ,827650537525994,23,1028,41884,0
DEQ,827650538436535,23,1028,49785,0
DEQ,827650539306111,23,1028,47463,0
DEQ,827650540152468,23,1028,33119,0
DEQ,827650541063063,23,1028,43618,0
DEQ,827650541958296,23,1028,41498,0
DEQ,827650542861970,23,1028,40925,0
DEQ,827650543764913,23,1028,41649,0
DEQ,827650544682978,23,1028,57141,0
DEQ,827650545569394,23,1028,41014,0
DEQ,827650546472517,23,1028,41505,0
DEQ,827650547371897,23,1028,42025,0
DEQ,827650548235100,23,1028,32668,0
DEQ,827650549096623,23,1028,33434,0
DEQ,827650549994086,23,1028,41653,0
DEQ,827650550896982,23,1028,41712,0
DEQ,827650551811631,23,1028,54030,0
DEQ,827650552701571,23,1028,41264,0
DEQ,827650553603836,23,1028,41629,0
DEQ,827650554505110,23,1028,40729,0
DEQ,827650555408305,23,1028,41972,0
DEQ,827650556319093,23,1028,80267,0
DEQ,827650557145983,23,1028,35966,0
DEQ,827650558066006,23,1028,32969,0
DEQ,827650558971823,23,1028,44765,0
DEQ,827650559874228,23,1028,42127,0
DEQ,827650560777499,23,1028,41229,0
DEQ,827650561686697,23,1028,47557,0
DEQ,827650562583858,23,1028,41308,0
DEQ,827650563485847,23,1028,41234,0
DEQ,827650564388150,23,1028,41024,0
DEQ,827650565253111,23,1028,33543,0
DEQ,827650566113024,23,1028,34149,0
DEQ,827650567011740,23,1028,41324,0
DEQ,827650567931289,23,1028,56882,0
DEQ,827650568820069,23,1028,41152,0
DEQ,827650569723122,23,1028,41633,0
DEQ,827650570625022,23,1028,41679,0
DEQ,827650571527515,23,1028,41679,0
DEQ,827650572436751,23,1028,48811,0
DEQ,827650573301332,23,1028,40192,0
DEQ,827650574153143,23,1028,32678,0
DEQ,827650575062886,23,1028,41105,0
DEQ,827650575961617,23,1028,41471,0
DEQ,827650576863215,23,1028,40679,0
DEQ,827650577767778,23,1028,42788,0
DEQ,827650578676340,23,1028,47985,0
DEQ,827650579571259,23,1028,41036,0
DEQ,827650580474933,23,1028,41738,0
DEQ,827650581379791,23,1028,41508,0
DEQ,827650582244167,23,1028,33579,0
DEQ,827650583103443,23,1028,33645,0
DEQ,827650584001471,23,1028,42446,0
DEQ,827650584909956,23,1028,40897,0
DEQ,827650585814055,23,1028,42738,0
DEQ,827650586715128,23,1028,41038,0
DEQ,827650587618964,23,1028,41959,0
DEQ,827650588521693,23,1028,42469,0
DEQ,827650589436843,23,1028,54960,0
DEQ,827650590303321,23,1028,48490,0
DEQ,827650591193314,23,1028,79254,0
DEQ,827650592121534,23,1028,82686,0
DEQ,827650593003064,23,1028,38226,0
DEQ,827650593926464,23,1028,44836,0
DEQ,827650594819976,23,1028,41233,0
DEQ,827650595725948,23,1028,42191,0
DEQ,827650596630424,23,1028,41513,0
DEQ,827650597532317,23,1028,41213,0
DEQ,827650598437920,23,1028,44414,0
DEQ,827650599312578,23,1028,46514,0
DEQ,827650600209160,23,1028,83633,0
DEQ,827650601137656,23,1028,82753,0
DEQ,827650602017014,23,1028,36262,0
DEQ,827650602938450,23,1028,40061,0
DEQ,827650603844067,23,1028,45545,0
DEQ,827650604746126,23,1028,43086,0
DEQ,827650605656844,23,1028,43605,0
DEQ,827650606562018,23,1028,46976,0
DEQ,827650607461167,23,1028,42678,0
DEQ,827650608334342,23,1028,42516,0
DEQ,827650609189671,23,1028,32890,0
DEQ,827650610089935,23,1028,33651,0
DEQ,827650610986606,23,1028,41291,0
DEQ,827650611895142,23,1028,41759,0
DEQ,827650612811214,23,1028,55221,0
DEQ,827650613700690,23,1028,41567,0
DEQ,827650614604118,23,1028,41774,0
DEQ,827650615506806,23,1028,41399,0
DEQ,827650616409144,23,1028,41228,0
DEQ,827650617273786,23,1028,33391,0
DEQ,827650618132552,23,1028,32839,0
DEQ,827650619029965,23,1028,41243,0
DEQ,827650619939480,23,1028,41403,0
DEQ,827650620850769,23,1028,41496,0
DEQ,827650621755263,23,1028,42924,0
DEQ,827650622654967,23,1028,40806,0
DEQ,827650623562062,23,1028,45975,0
DEQ,827650624460260,23,1028,41652,0
DEQ,827650625337155,23,1028,45655,0
DEQ,827650626190161,23,1028,33098,0
DEQ,827650627083485,23,1028,45918,0
DEQ,827650627982335,23,1028,42277,0
DEQ,827650628883775,23,1028,40746,0
DEQ,827650629811355,23,1028,55099,0
DEQ,827650630700667,23,1028,41723,0
DEQ,827650631602169,23,1028,41214,0
DEQ,827650632506367,23,1028,42307,0
DEQ,827650633406794,23,1028,40715,0
DEQ,827650634271776,23,1028,33639,0
DEQ,827650635129947,23,1028,32528,0
DEQ,827650636028295,23,1028,41556,0
DEQ,827650636939544,23,1028,43625,0
DEQ,827650637838332,23,1028,40707,0
DEQ,827650638713671,23,1028,32865,0
DEQ,827650639574397,23,1028,33876,0
DEQ,827650640437151,23,1028,36976,0
DEQ,827650641306368,23,1028,47067,0
DEQ,827650642151980,23,1028,32859,0
DEQ,827650643064097,23,1028,33662,0
DEQ,827650643961146,23,1028,41567,0
DEQ,827650644864246,23,1028,40669,0
DEQ,827650645767323,23,1028,41118,0
DEQ,827650646686511,23,1028,57573,0
DEQ,827650647577964,23,1028,41457,0
DEQ,827650648481073,23,1028,41482,0
DEQ,827650649382463,23,1028,40859,0
DEQ,827650650247583,23,1028,33445,0
DEQ,827650651107594,23,1028,34040,0
DEQ,827650652004841,23,1028,42369,0
DEQ,827650652907403,23,1028,41819,0
DEQ,827650653814293,23,1028,42427,0
DEQ,827650654716094,23,1028,41469,0
DEQ,827650655618963,23,1028,41762,0
DEQ,827650656545622,23,1028,59665,0
DEQ,827650657437381,23,1028,48851,0
DEQ,827650658301866,23,1028,41063,0
DEQ,827650659206242,23,1028,86147,0
DEQ,827650660081725,23,1028,36004,0
DEQ,827650660997078,23,1028,42525,0
DEQ,827650661900012,23,1028,41912,0
DEQ,827650662811705,23,1028,48208,0
DEQ,827650663708326,23,1028,41241,0
DEQ,827650664610785,23,1028,41418,0
DEQ,827650665532599,23,1028,49320,0
DEQ,827650666436744,23,1028,49605,0
DEQ,827650667307651,23,1028,47295,0
DEQ,827650668198730,23,1028,79052,0
DEQ,827650669132935,23,1028,89289,0
DEQ,827650670007306,23,1028,35480,0
DEQ,827650670936600,23,1028,56903,0
DEQ,827650671821881,23,1028,41914,0
DEQ,827650672730487,23,1028,42071,0
DEQ,827650673634356,23,1028,41661,0
DEQ,827650674561654,23,1028,56193,0
DEQ,827650675450844,23,1028,41869,0
DEQ,827650676315768,23,1028,34048,0
DEQ,827650677248857,23,1028,107276,0
DEQ,827650678151333,23,1028,79997,0
DEQ,827650679035151,23,1028,35544,0
DEQ,827650679953570,23,1028,41754,0
DEQ,827650680858781,23,1028,45914,0
DEQ,827650681759195,23,1028,41282,0
DEQ,827650682678647,23,1028,56844,0
DEQ,827650683576894,23,1028,41670,0
DEQ,827650684480827,23,1028,41699,0
DEQ,827650685382818,23,1028,40443,0
DEQ,827650686248029,23,1028,33581,0
DEQ,827650687108538,23,1028,34633,0
DEQ,827650688005561,23,1028,42296,0
DEQ,827650688907039,23,1028,41212,0
DEQ,827650689813279,23,1028,44961,0
DEQ,827650690712351,23,1028,41114,0
DEQ,827650691614922,23,1028,41165,0
DEQ,827650692525161,23,1028,41804,0
DEQ,827650693436905,23,1028,49788,0
DEQ,827650694308400,23,1028,48450,0
DEQ,827650695152589,23,1028,32923,0
DEQ,827650696062762,23,1028,43843,0
DEQ,827650696957780,23,1028,41296,0
DEQ,827650697859103,23,1028,40998,0
DEQ,827650698762874,23,1028,41955,0
DEQ,827650699679062,23,1028,55827,0
DEQ,827650700566557,23,1028,41311,0
DEQ,827650701484277,23,1028,41708,0
DEQ,827650702385826,23,1028,41168,0
DEQ,827650703250491,23,1028,33386,0
DEQ,827650704109314,23,1028,32843,0
DEQ,827650705006832,23,1028,41338,0
DEQ,827650705909160,23,1028,41079,0
DEQ,827650706814797,23,1028,44314,0
DEQ,827650707714440,23,1028,41686,0
DEQ,827650708616398,23,1028,40703,0
DEQ,827650709520506,23,1028,42454,0
DEQ,827650710437652,23,1028,50130,0
DEQ,827650711307494,23,1028,47202,0
DEQ,827650712198940,23,1028,79357,0
DEQ,827650713079681,23,1028,36130,0
DEQ,827650713991863,23,1028,40851,0
DEQ,827650714898433,23,1028,45831,0
DEQ,827650715811955,23,1028,54548,0
DEQ,827650716702772,23,1028,41762,0
DEQ,827650717615315,23,1028,51378,0
DEQ,827650718509969,23,1028,40818,0
DEQ,827650719437708,23,1028,53715,0
DEQ,827650720304911,23,1028,48370,0
DEQ,827650721206585,23,1028,90655,0
DEQ,827650722078202,23,1028,36041,0
DEQ,827650722992193,23,1028,41816,0
DEQ,827650723895394,23,1028,42357,0
DEQ,827650724812740,23,1028,53877,0
DEQ,827650725712795,23,1028,44916,0
DEQ,827650726611441,23,1028,41119,0
DEQ,827650727514423,23,1028,40740,0
DEQ,827650728437735,23,1028,50568,0
DEQ,827650729307971,23,1028,47970,0
DEQ,827650730209958,23,1028,90539,0
DEQ,827650731083102,23,1028,37049,0
DEQ,827650731997820,23,1028,43443,0
DEQ,827650732900232,23,1028,42062,0
DEQ,827650733812200,23,1028,47956,0
DEQ,827650734709682,23,1028,41891,0
DEQ,827650735612511,23,1028,41307,0
DEQ,827650736517258,23,1028,41561,0
DEQ,827650737437817,23,1028,48588,0
DEQ,827650738302368,23,1028,39775,0
DEQ,827650739154782,23,1028,32834,0
DEQ,827650740066650,23,1028,38172,0
DEQ,827650740964935,23,1028,41178,0
DEQ,827650741868851,23,1028,42685,0
DEQ,827650742772389,23,1028,42958,0
DEQ,827650743687158,23,1028,54738,0
DEQ,827650744576455,23,1028,41634,0
DEQ,827650745478830,23,1028,41700,0
DEQ,827650746386038,23,1028,41194,0
DEQ,827650747251408,23,1028,33751,0
DEQ,827650748109856,23,1028,32930,0
DEQ,827650749006155,23,1028,40718,0
DEQ,827650749930482,23,1028,58692,0
DEQ,827650750815294,23,1028,41575,0
DEQ,827650751717092,23,1028,40708,0
DEQ,827650752619398,23,1028,41494,0
DEQ,827650753523667,23,1028,42480,0
DEQ,827650754437923,23,1028,53988,0
DEQ,827650755312906,23,1028,46499,0
DEQ,827650756216862,23,1028,91053,0
DEQ,827650757079670,23,1028,48619,0
DEQ,827650757996407,23,1028,44068,0
DEQ,827650758901535,23,1028,45035,0
DEQ,827650759812338,23,1028,51561,0
DEQ,827650760707215,23,1028,42094,0
DEQ,827650761610547,23,1028,41280,0
DEQ,827650762514427,23,1028,41330,0
DEQ,827650763432370,23,1028,56563,0
DEQ,827650764372315,23,1028,112386,0
DEQ,827650765180370,23,1028,49694,0
DEQ,827650766082780,23,1028,33603,0
DEQ,827650766984336,23,1028,41512,0
DEQ,827650767892299,23,1028,41846,0
DEQ,827650768812221,23,1028,57455,0
DEQ,827650769699242,23,1028,41684,0
DEQ,827650770601391,23,1028,41446,0
DEQ,827650771504079,23,1028,41911,0
DEQ,827650772406782,23,1028,41472,0
DEQ,827650773304060,23,1028,50046,0
DEQ,827650774269679,23,1028,39275,0
DEQ,827650775150582,23,1028,38031,0
DEQ,827650776075551,23,1028,37578,0
DEQ,827650777046355,23,1028,99317,0
DEQ,827650777983334,23,1028,127599,0
DEQ,827650778902662,23,1028,145868,0
DEQ,827650779797799,23,1028,134827,0
DEQ,827650780696630,23,1028,128865,0
DEQ,827650781618578,23,1028,145130,0
DEQ,827650782518916,23,1028,132337,0
DEQ,827650783388916,23,1028,128293,0
DEQ,827650784271570,23,1028,151458,0
DEQ,827650785132717,23,1028,85360,0
DEQ,827650786037587,23,1028,62623,0
DEQ,827650786946451,23,1028,62031,0
DEQ,827650787909439,23,1028,122953,0
DEQ,827650788821235,23,1028,129401,0
DEQ,827650789721019,23,1028,125288,0
DEQ,827650790667480,23,1028,167275,0
DEQ,827650791548924,23,1028,137973,0
DEQ,827650792407673,23,1028,122310,0
DEQ,827650793297152,23,1028,146417,0
DEQ,827650794190793,23,1028,123210,0
DEQ,827650795101681,23,1028,125134,0
DEQ,827650796019702,23,1028,140467,0
DEQ,827650796914264,23,1028,126653,0
DEQ,827650797819111,23,1028,127391,0
DEQ,827650798726116,23,1028,130588,0
DEQ,827650799650494,23,1028,151303,0
DEQ,827650800541804,23,1028,126525,0
DEQ,827650801411911,23,1028,122993,0
DEQ,827650802294913,23,1028,146419,0
DEQ,827650803185844,23,1028,116505,0
DEQ,827650804100946,23,1028,120164,0
DEQ,827650805021032,23,1028,141417,0
DEQ,827650805914614,23,1028,128650,0
DEQ,827650806815914,23,1028,124929,0
DEQ,827650807718739,23,1028,124743,0
DEQ,827650808647136,23,1028,149827,0
DEQ,827650809545367,23,1028,134547,0
DEQ,827650810407976,23,1028,123679,0
DEQ,827650811297330,23,1028,153711,0
DEQ,827650812160390,23,1028,90707,0
DEQ,827650813099192,23,1028,102820,0
DEQ,827650814038078,23,1028,127788,0
DEQ,827650814946703,23,1028,136370,0
DEQ,827650815846114,23,1028,130790,0
DEQ,827650816769920,23,1028,148887,0
DEQ,827650817683129,23,1028,157455,0
DEQ,827650818568347,23,1028,130506,0
DEQ,827650819479003,23,1028,134672,0
DEQ,827650820333439,23,1028,115067,0
DEQ,827650821198868,23,1028,121167,0
DEQ,827650822091804,23,1028,125165,0
DEQ,827650823022280,23,1028,152476,0
DEQ,827650823909732,23,1028,137456,0
DEQ,827650824807312,23,1028,133100,0
DEQ,827650825704087,23,1028,128247,0
DEQ,827650826625037,23,1028,146966,0
DEQ,827650827527931,23,1028,139695,0
DEQ,827650828386100,23,1028,124205,0
DEQ,827650829262381,23,1028,141290,0
DEQ,827650830140643,23,1028,92836,0
DEQ,827650831100716,23,1028,124184,0
DEQ,827650832025068,23,1028,139368,0
DEQ,827650832920861,23,1028,131523,0
DEQ,827650833827077,23,1028,132606,0
DEQ,827650834739931,23,1028,139410,0
DEQ,827650835651520,23,1028,148225,0
DEQ,827650836550758,23,1028,133845,0
DEQ,827650837418172,23,1028,126429,0
DEQ,827650838305728,23,1028,139873,0
DEQ,827650839169323,23,1028,122419,0
DEQ,827650840072588,23,1028,126095,0
DEQ,827650840979971,23,1028,129827,0
DEQ,827650841899791,23,1028,145537,0
DEQ,827650842785617,23,1028,126776,0
DEQ,827650843694932,23,1028,132844,0
DEQ,827650844611778,23,1028,143056,0
DEQ,827650845510321,23,1028,138448,0
DEQ,827650846370627,23,1028,125540,0
DEQ,827650847220595,23,1028,116173,0
DEQ,827650848115191,23,1028,120653,0
DEQ,827650849039596,23,1028,137474,0
DEQ,827650849938991,23,1028,133723,0
DEQ,827650850843458,23,1028,135063,0
DEQ,827650851737276,23,1028,124761,0
DEQ,827650852648594,23,1028,133752,0
DEQ,827650853563260,23,1028,144703,0
DEQ,827650854456730,23,1028,128219,0
DEQ,827650855316970,23,1028,114819,0
DEQ,827650856182535,23,1028,120908,0
DEQ,827650857079267,23,1028,128709,0
DEQ,827650857979637,23,1028,127042,0
DEQ,827650858899968,23,1028,144956,0
DEQ,827650859795411,23,1028,137923,0
DEQ,827650860698673,23,1028,138456,0
DEQ,827650861593157,23,1028,130539,0
DEQ,827650862510578,23,1028,145502,0
DEQ,827650863336514,23,1028,92144,0
DEQ,827650864220389,23,1028,116683,0
DEQ,827650865102455,23,1028,109799,0
DEQ,827650866023786,23,1028,122192,0
DEQ,827650866927989,23,1028,124604,0
DEQ,827650867832280,23,1028,126821,0
DEQ,827650868743890,23,1028,133101,0
DEQ,827650869645107,23,1028,132010,0
DEQ,827650870549800,23,1028,133609,0
DEQ,827650871443989,23,1028,154212,0
DEQ,827650872299446,23,1028,149330,0
DEQ,827650873212494,23,1028,144039,0
DEQ,827650874096987,23,1028,98695,0
DEQ,827650875039281,23,1028,126696,0
DEQ,827650875944595,23,1028,134230,0
DEQ,827650876846287,23,1028,127504,0
DEQ,827650877770298,23,1028,146848,0
DEQ,827650878659113,23,1028,130973,0
DEQ,827650879558250,23,1028,125559,0
DEQ,827650880483893,23,1028,146285,0
DEQ,827650881333003,23,1028,114669,0
DEQ,827650882193179,23,1028,115493,0
DEQ,827650883088222,23,1028,121918,0
DEQ,827650883995374,23,1028,126118,0
DEQ,827650884899981,23,1028,128700,0
DEQ,827650885808554,23,1028,133569,0
DEQ,827650886712656,23,1028,135087,0
DEQ,827650887611594,23,1028,129957,0
DEQ,827650888527662,23,1028,143311,0
DEQ,827650889406738,23,1028,149762,0
DEQ,827650890260304,23,1028,142752,0
DEQ,827650891142758,23,1028,95389,0
DEQ,827650892096199,23,1028,122201,0
DEQ,827650893027233,23,1028,137280,0
DEQ,827650893916748,23,1028,133553,0
DEQ,827650894820114,23,1028,130697,0
DEQ,827650895728191,23,1028,134616,0
DEQ,827650896636048,23,1028,137635,0
DEQ,827650897524559,23,1028,122096,0
DEQ,827650898324016,23,1028,47087,0
DEQ,827650899230931,23,1028,84195,0
DEQ,827650900079766,23,1028,42607,0
DEQ,827650900968646,23,1028,37653,0
DEQ,827650901870244,23,1028,46185,0
DEQ,827650902848993,23,1028,130775,0
DEQ,827650903768259,23,1028,146274,0
DEQ,827650904656789,23,1028,131398,0
DEQ,827650905557833,23,1028,128649,0
DEQ,827650906459150,23,1028,126170,0
DEQ,827650907285115,23,1028,78489,0
DEQ,827650908183832,23,1028,116585,0
DEQ,827650909078072,23,1028,121861,0
DEQ,827650909983503,23,1028,123756,0
DEQ,827650910898172,23,1028,136875,0
DEQ,827650911791578,23,1028,127593,0
DEQ,827650912691562,23,1028,125860,0
DEQ,827650913591229,23,1028,122854,0
DEQ,827650914514908,23,1028,143346,0
DEQ,827650915378502,23,1028,133773,0
DEQ,827650916229255,23,1028,125078,0
DEQ,827650917139715,23,1028,145718,0
DEQ,827650918034881,23,1028,132106,0
DEQ,827650918931579,23,1028,126578,0
DEQ,827650919845563,23,1028,137837,0
DEQ,827650920739014,23,1028,123938,0
DEQ,827650921646684,23,1028,126680,0
DEQ,827650922545354,23,1028,123079,0
DEQ,827650923456712,23,1028,128975,0
DEQ,827650924317676,23,1028,116471,0
DEQ,827650925187117,23,1028,125522,0
DEQ,827650926077708,23,1028,125972,0
DEQ,827650926984654,23,1028,130150,0
DEQ,827650927896976,23,1028,139734,0
DEQ,827650928791253,23,1028,132034,0
DEQ,827650929694875,23,1028,131044,0
DEQ,827650930593051,23,1028,126573,0
DEQ,827650931491329,23,1028,122476,0
DEQ,827650932356889,23,1028,114525,0
DEQ,827650933215959,23,1028,114234,0
DEQ,827650934098052,23,1028,106902,0
DEQ,827650935030461,23,1028,127735,0
DEQ,827650935930996,23,1028,124912,0
DEQ,827650936835340,23,1028,126739,0
DEQ,827650937755285,23,1028,144503,0
DEQ,827650938646771,23,1028,133025,0
DEQ,827650939547593,23,1028,130902,0
DEQ,827650940391503,23,1028,101089,0
DEQ,827650941273361,23,1028,117404,0
DEQ,827650942163795,23,1028,127352,0
DEQ,827650943085174,23,1028,146169,0
DEQ,827650943970356,23,1028,123987,0
DEQ,827650944883756,23,1028,134543,0
DEQ,827650945773666,23,1028,133264,0
DEQ,827650946673147,23,1028,129782,0
DEQ,827650947573334,23,1028,126072,0
DEQ,827650948486624,23,1028,136305,0
DEQ,827650949340375,23,1028,116446,0
DEQ,827650950199263,23,1028,115905,0
DEQ,827650951100279,23,1028,128017,0
DEQ,827650952028089,23,1028,151878,0
DEQ,827650952905435,23,1028,121900,0
DEQ,827650953811785,23,1028,125391,0
DEQ,827650954713489,23,1028,124463,0
DEQ,827650955615041,23,1028,123130,0
DEQ,827650956529643,23,1028,134783,0
DEQ,827650957397759,23,1028,129507,0
DEQ,827650958272598,23,1028,145049,0
DEQ,827650959139292,23,1028,86023,0
DEQ,827650960038183,23,1028,49971,0
DEQ,827650960957456,23,1028,57542,0
DEQ,827650961940089,23,1028,134216,0
DEQ,827650962851016,23,1028,136209,0
DEQ,827650963744684,23,1028,127770,0
DEQ,827650964648949,23,1028,124361,0
DEQ,827650965554857,23,1028,126596,0
DEQ,827650966477145,23,1028,145184,0
DEQ,827650967317929,23,1028,112923,0
DEQ,827650968184866,23,1028,120601,0
DEQ,827650969076758,23,1028,123902,0
DEQ,827650969999976,23,1028,144615,0
DEQ,827650970905484,23,1028,139480,0
DEQ,827650971800870,23,1028,131252,0
DEQ,827650972700018,23,1028,127087,0
DEQ,827650973607287,23,1028,130485,0
DEQ,827650974512246,23,1028,131465,0
DEQ,827650975377798,23,1028,123883,0
DEQ,827650976233159,23,1028,120106,0
DEQ,827650977145310,23,1028,129349,0
DEQ,827650978047047,23,1028,131635,0
DEQ,827651178485671,23,84,23850,0
STATS,827651378990699,0,0,22026,22026,0,0,0
DEQ,827652179728768,23,84,22713,0
STATS,827652380303070,0,0,22027,22027,0,0,0
DEQ,827653181107543,23,84,21835,0
STATS,827653381620240,0,0,22028,22028,0,0,0
DEQ,827654183034531,23,84,21542,0
STATS,827654383569400,0,0,22029,22029,0,0,0
DEQ,827655185012141,23,84,88180,0
STATS,827655385583304,0,0,22030,22030,0,0,0
DEQ,827656186892195,23,84,22405,0
STATS,827656387469649,0,0,22031,22031,0,0,0
DEQ,827657188822069,23,84,25603,0
STATS,827657389336471,0,0,22032,22032,0,0,0
DEQ,827658190751188,23,84,30258,0
STATS,827658391226039,0,0,22033,22033,0,0,0
DEQ,827659192667014,23,84,22964,0
STATS,827659393141769,0,0,22034,22034,0,0,0
DEQ,827660194040067,23,84,23762,0
STATS,827660394507996,0,0,22035,22035,0,0,0
DEQ,827661195969283,23,84,20503,0
STATS,827661396233306,0,0,22036,22036,0,0,0
DEQ,827662197839585,23,84,21730,0
STATS,827662398306969,0,0,22037,22037,0,0,0
DEQ,827663199768387,23,84,22537,0
STATS,827663400235824,0,0,22038,22038,0,0,0
DEQ,827664201678164,23,84,20502,0
STATS,827664402136129,0,0,22039,22039,0,0,0
DEQ,827665203597939,23,84,21149,0
STATS,827665404075035,0,0,22040,22040,0,0,0
DEQ,827666205032093,23,84,22310,0
STATS,827666405490929,0,0,22041,22041,0,0,0
DEQ,827667206938494,23,84,21057,0
STATS,827667407415026,0,0,22042,22042,0,0,0
DEQ,827668208848285,23,84,36157,0
STATS,827668409317557,0,0,22043,22043,0,0,0
DEQ,827669210750618,23,84,22994,0
STATS,827669411217586,0,0,22044,22044,0,0,0
DEQ,827670212661163,23,84,22102,0
STATS,827670413123777,0,0,22045,22045,0,0,0
DEQ,827671214470651,23,84,36331,0
STATS,827671414950052,0,0,22046,22046,0,0,0
DEQ,827672215158118,23,84,23135,0
STATS,827672415625685,0,0,22047,22047,0,0,0
DEQ,827673216904451,23,84,23254,0
STATS,827673417282570,0,0,22048,22048,0,0,0
DEQ,827674218813485,23,84,27468,0
STATS,827674419288232,0,0,22049,22049,0,0,0
DEQ,827675220756359,23,84,23471,0
STATS,827675421128201,0,0,22050,22050,0,0,0
DEQ,827676222631303,23,84,20763,0
STATS,827676423137755,0,0,22051,22051,0,0,0
DEQ,827677224541124,23,84,21366,0
STATS,827677424930167,0,0,22052,22052,0,0,0
DEQ,827678225959315,23,84,20952,0
STATS,827678426432667,0,0,22053,22053,0,0,0
DEQ,827679227870867,23,84,22028,0
STATS,827679428351481,0,0,22054,22054,0,0,0
DEQ,827680229773701,23,84,22184,0
STATS,827680430235208,0,0,22055,22055,0,0,0
DEQ,827681231691575,23,84,23485,0
STATS,827681432167411,0,0,22056,22056,0,0,0
DEQ,827682233847946,23,84,136656,0
STATS,827682434318496,0,0,22057,22057,0,0,0
DEQ,827683235743361,23,84,131520,0
STATS,827683436129723,0,0,22058,22058,0,0,0
DEQ,827684237127614,23,84,98509,0
STATS,827684437631343,0,0,22059,22059,0,0,0
DEQ,827685239058218,23,84,112253,0
STATS,827685339300774,0,0,22060,22060,0,0,0
