# type,ts_ns,ifindex,len,dwell_ns,inflight
# STATS,ts_ns,inflight_pkts,inflight_bytes,enq_total,deq_total,miss,insert_fail,rb_lost
DEQ,785055104067431,23,84,34336,0
STATS,785055705427519,0,0,1,1,0,0,0
DEQ,785056105957847,23,84,25045,0
STATS,785056707296122,0,0,2,2,0,0,0
DEQ,785057107854848,23,84,22654,0
STATS,785057709218475,0,0,3,3,0,0,0
DEQ,785058109288656,23,84,22859,0
STATS,785058710654314,0,0,4,4,0,0,0
DEQ,785059111227196,23,84,34394,0
STATS,785059712475540,0,0,5,5,0,0,0
DEQ,785060113120505,23,84,25454,0
STATS,785060714489362,0,0,6,6,0,0,0
DEQ,785061115036934,23,84,21701,0
DEQ,785061512537528,23,60,35575,0
DEQ,785061550992386,23,52,18440,0
DEQ,785061551031111,23,89,15276,0
DEQ,785061590912227,23,52,18884,0
DEQ,785061590950993,23,56,22290,1
DEQ,785061590951509,23,178,14751,0
DEQ,785061624175227,23,60,16699,0
DEQ,785061638940631,23,52,17663,0
DEQ,785061638983232,23,89,36325,0
DEQ,785061665146324,23,52,21868,0
DEQ,785061676148124,23,52,26147,1
DEQ,785061676184509,23,52,50939,0
DEQ,785061676415646,23,1400,109544,3
DEQ,785061676418529,23,1400,103630,2
DEQ,785061676445509,23,1400,122991,3
DEQ,785061676481695,23,1400,156857,4
DEQ,785061676532434,23,1400,108228,3
DEQ,785061676572636,23,1400,132121,4
DEQ,785061676612512,23,1400,165580,3
DEQ,785061676659331,23,1400,210376,2
DEQ,785061676698703,23,1400,164463,1
DEQ,785061676748376,23,1400,212131,0
DEQ,785061713239688,23,1400,112865,0
STATS,785061813481718,0,0,30,30,0,0,0
DEQ,785061838597319,23,1400,94458,0
DEQ,785061844235382,23,1400,99940,3
DEQ,785061844238195,23,1400,94718,2
DEQ,785061844243449,23,1400,94819,1
DEQ,785061844330846,23,1400,180039,4
DEQ,785061844331744,23,1400,84086,3
DEQ,785061844358836,23,1400,107182,4
DEQ,785061844447335,23,1400,190495,3
DEQ,785061844450197,23,1400,191307,2
DEQ,785061844547340,23,1400,210371,1
DEQ,785061844550778,23,1400,203325,0
DEQ,785061853606097,23,1400,106784,1
DEQ,785061853609549,23,1400,100039,0
DEQ,785061858227333,23,1400,100872,1
DEQ,785061858234287,23,1400,99219,0
DEQ,785061864228803,23,1400,95370,1
DEQ,785061864231692,23,1400,88559,0
DEQ,785061870219098,23,1400,89834,3
DEQ,785061870221906,23,1400,83022,2
DEQ,785061870301630,23,1400,157278,1
DEQ,785061870371290,23,1400,224764,0
DEQ,785061876196557,23,1400,90283,1
DEQ,785061876199400,23,1400,83541,0
DEQ,785061882241802,23,1400,110162,3
DEQ,785061882244600,23,1400,103904,2
DEQ,785061882246464,23,1400,100603,1
DEQ,785061882339488,23,1400,191494,2
DEQ,785061882340495,23,1400,90013,1
DEQ,785061882412081,23,1400,157780,0
DEQ,785061888242083,23,1400,113887,1
DEQ,785061888335103,23,1400,196637,0
DEQ,785061894206425,23,1400,84629,3
DEQ,785061894209237,23,1400,78161,2
DEQ,785061894295928,23,1400,161109,1
DEQ,785061894296878,23,1400,159597,0
DEQ,785061900209774,23,1400,89554,3
DEQ,785061900212572,23,1400,82808,2
DEQ,785061900291545,23,1400,157926,1
DEQ,785061900292393,23,1400,156736,0
DEQ,785061911094230,23,1400,90290,3
DEQ,785061911108648,23,1400,97375,2
DEQ,785061911214855,23,1400,199803,1
DEQ,785061911215783,23,1400,198668,0
DEQ,785061916232635,23,1400,103635,3
DEQ,785061916235711,23,1400,97225,2
DEQ,785061916244352,23,1400,98377,1
DEQ,785061916347308,23,1400,199010,0
DEQ,785061922223971,23,1400,96408,1
DEQ,785061922231187,23,1400,93957,0
DEQ,785061928228253,23,1400,99648,2
DEQ,785061928231059,23,1400,92790,1
DEQ,785061928313093,23,1400,168954,0
DEQ,785061934208911,23,1400,100657,1
DEQ,785061934211750,23,1400,90380,0
DEQ,785061946109847,23,1400,103525,0
DEQ,785061950215400,23,1400,102365,0
DEQ,785061956246998,23,1400,104779,4
DEQ,785061956251083,23,1400,92374,3
DEQ,785061956279185,23,1400,118231,2
DEQ,785061956357186,23,1400,191682,1
DEQ,785061956361179,23,1400,193595,0
DEQ,785061962233936,23,1400,98471,2
DEQ,785061962237997,23,1400,88597,1
DEQ,785061962250266,23,1400,98747,0
DEQ,785061962347065,23,1400,93088,0
DEQ,785061973616650,23,1400,55588,1
DEQ,785061973668617,23,1400,94997,0
DEQ,785061978243411,23,1400,108765,2
DEQ,785061978247791,23,1400,98528,1
DEQ,785061978269351,23,1400,117900,0
DEQ,785061988685316,23,1400,122066,0
DEQ,785061994238296,23,1400,95687,3
DEQ,785061994241142,23,1400,89099,2
DEQ,785061994331521,23,1400,171926,1
DEQ,785061994332545,23,1400,170691,0
DEQ,785062000213784,23,1400,105512,0
DEQ,785062006235517,23,1400,103420,1
DEQ,785062006238340,23,1400,97555,0
DEQ,785062018666376,23,1400,118912,1
DEQ,785062018669195,23,1400,111719,0
DEQ,785062024229739,23,1400,96180,4
DEQ,785062024232596,23,1400,84401,3
DEQ,785062024244919,23,1400,94635,2
DEQ,785062024333217,23,1400,178693,2
DEQ,785062024334077,23,1400,177759,1
DEQ,785062024422881,23,1400,174284,0
DEQ,785062033683034,23,1400,100482,1
DEQ,785062033685812,23,1400,90629,0
DEQ,785062038250177,23,1400,99123,1
DEQ,785062038253007,23,1400,90260,0
DEQ,785062044232038,23,1400,100656,0
DEQ,785062050673765,23,1400,101449,0
DEQ,785062056232933,23,1400,101371,0
DEQ,785062062204706,23,1400,104420,1
DEQ,785062062207495,23,1400,98732,0
DEQ,785062068235549,23,1400,96327,2
DEQ,785062068238313,23,1400,86064,1
DEQ,785062068255891,23,1400,101472,2
DEQ,785062068342289,23,1400,99525,1
DEQ,785062068343181,23,1400,90485,0
DEQ,785062078630101,23,1400,43005,0
DEQ,785062084240292,23,1400,102386,4
DEQ,785062084330792,23,1400,184593,3
DEQ,785062084331672,23,1400,178746,2
DEQ,785062084409052,23,1400,250487,1
DEQ,785062084411805,23,1400,250882,0
DEQ,785062090214141,23,1400,109074,0
DEQ,785062096221972,23,1400,104664,2
DEQ,785062096224931,23,1400,92680,1
DEQ,785062096233585,23,1400,98632,0
DEQ,785062102232354,23,1400,102306,1
DEQ,785062102235362,23,1400,92664,0
DEQ,785062108240796,23,1400,109009,1
DEQ,785062108243777,23,1400,99383,0
DEQ,785062114245446,23,1400,109960,1
DEQ,785062114248468,23,1400,98673,0
DEQ,785062116919695,23,84,21348,0
DEQ,785062120244641,23,1400,105126,1
DEQ,785062120247704,23,1400,94536,0
DEQ,785062126202883,23,1400,101133,0
DEQ,785062133711218,23,1400,104374,0
DEQ,785062138230507,23,1400,96166,2
DEQ,785062138233335,23,1400,84755,1
DEQ,785062138245049,23,1400,94162,0
DEQ,785062144212975,23,1400,94189,3
DEQ,785062144215803,23,1400,83613,2
DEQ,785062144288005,23,1400,150159,1
DEQ,785062144288900,23,1400,148918,0
DEQ,785062153642551,23,1400,44436,0
DEQ,785062164234775,23,1400,98215,1
DEQ,785062164250845,23,1400,99167,1
DEQ,785062164339642,23,1400,98430,1
DEQ,785062164340563,23,1400,88465,0
DEQ,785062170234538,23,1400,95322,0
DEQ,785062176228275,23,1400,93352,2
DEQ,785062176231070,23,1400,88647,1
DEQ,785062176317111,23,1400,167902,0
DEQ,785062182200495,23,1400,92971,1
DEQ,785062182203301,23,1400,83378,0
DEQ,785062188239697,23,1400,108766,0
DEQ,785062194232361,23,1400,97627,1
DEQ,785062194235387,23,1400,92058,0
DEQ,785062200232033,23,1400,102941,2
DEQ,785062200235292,23,1400,96770,1
DEQ,785062200243981,23,1400,99837,0
DEQ,785062206235140,23,1400,105813,0
DEQ,785062213790145,23,1400,126495,2
DEQ,785062213793197,23,1400,115117,1
DEQ,785062213811383,23,1400,130779,1
DEQ,785062213916442,23,1400,118610,0
DEQ,785062218245550,23,1400,111439,1
DEQ,785062218248635,23,1400,101307,0
DEQ,785062224232070,23,1400,107988,1
DEQ,785062224235530,23,1400,97258,0
DEQ,785062236214451,23,1400,106492,0
DEQ,785062242240531,23,1400,96991,1
DEQ,785062242243313,23,1400,87053,0
DEQ,785062242341246,23,1400,93393,2
DEQ,785062242346542,23,1400,85963,1
DEQ,785062242435386,23,1400,172610,1
DEQ,785062242438191,23,1400,87934,0
DEQ,785062265687137,23,1400,97721,2
DEQ,785062265693518,23,1400,88745,1
DEQ,785062265694979,23,1400,87999,0
DEQ,785062270204590,23,1400,103457,0
DEQ,785062276231469,23,1400,98791,1
DEQ,785062276234250,23,1400,89596,0
DEQ,785062276347525,23,1400,108697,4
DEQ,785062276348406,23,1400,97251,3
DEQ,785062276349928,23,1400,96672,2
DEQ,785062276461527,23,1400,205124,2
DEQ,785062276464358,23,1400,205790,1
DEQ,785062276544815,23,1400,191194,0
DEQ,785062282193793,23,1400,92399,1
DEQ,785062282196662,23,1400,82596,0
DEQ,785062288209497,23,1400,99439,0
DEQ,785062294222701,23,1400,90614,1
DEQ,785062294225543,23,1400,80567,0
DEQ,785062294326360,23,1400,96320,0
DEQ,785062300218729,23,1400,97834,0
DEQ,785062308791988,23,1400,117353,0
DEQ,785062314202870,23,1400,99887,0
DEQ,785062320203918,23,1400,96602,1
DEQ,785062320206705,23,1400,90547,0
DEQ,785062326200641,23,1400,94953,1
DEQ,785062326203433,23,1400,89244,0
DEQ,785062335674210,23,1400,99614,1
DEQ,785062335677019,23,1400,92667,0
DEQ,785062340185383,23,1400,87368,3
DEQ,785062340199308,23,1400,92709,2
DEQ,785062340332920,23,1400,222710,1
DEQ,785062340335784,23,1400,223447,0
DEQ,785062350619348,23,1400,44157,1
DEQ,785062350668890,23,1400,84777,0
DEQ,785062356231012,23,1400,108148,3
DEQ,785062356234648,23,1400,103400,2
DEQ,785062356329011,23,1400,190948,1
DEQ,785062356329927,23,1400,189347,0
DEQ,785062362201375,23,1400,104870,2
DEQ,785062362204255,23,1400,100809,1
DEQ,785062362204770,23,1400,96844,0
DEQ,785062368174052,23,1400,87639,1
DEQ,785062368176904,23,1400,83728,0
DEQ,785062374210443,23,1400,95998,1
DEQ,785062374213263,23,1400,90754,0
DEQ,785062380201285,23,1400,96032,1
DEQ,785062380204038,23,1400,92003,0
DEQ,785062393817947,23,1400,108940,1
DEQ,785062393821028,23,1400,103516,0
DEQ,785062398227307,23,1400,103474,3
DEQ,785062398233509,23,1400,100754,2
DEQ,785062398235170,23,1400,96543,1
DEQ,785062398333832,23,1400,192900,0
DEQ,785062404222640,23,1400,102433,2
DEQ,785062404226068,23,1400,97200,1
DEQ,785062404336346,23,1400,203318,0
DEQ,785062410202191,23,1400,102817,1
DEQ,785062410204946,23,1400,96351,0
DEQ,785062420672981,23,1400,97383,1
DEQ,785062420675743,23,1400,91531,0
DEQ,785062426192145,23,1400,89003,3
DEQ,785062426194949,23,1400,83518,2
DEQ,785062426277294,23,1400,160758,1
DEQ,785062426278165,23,1400,159561,0
DEQ,785062432201298,23,1400,99684,1
DEQ,785062432204127,23,1400,93693,0
DEQ,785062438200478,23,1400,101066,1
DEQ,785062438203354,23,1400,94055,0
DEQ,785062444207887,23,1400,93032,3
DEQ,785062444210714,23,1400,86533,2
DEQ,785062444232523,23,1400,103533,2
DEQ,785062444284841,23,1400,153831,1
DEQ,785062444332027,23,1400,117067,0
DEQ,785062450841889,23,1400,107449,1
DEQ,785062450844927,23,1400,102132,0
DEQ,785062456201350,23,1400,104038,1
DEQ,785062456204172,23,1400,94032,0
DEQ,785062470682023,23,1400,102824,1
DEQ,785062470685027,23,1400,97140,0
DEQ,785062476216286,23,1400,105938,3
DEQ,785062476222772,23,1400,103828,2
DEQ,785062476224580,23,1400,99045,1
DEQ,785062476323825,23,1400,195840,0
DEQ,785062482199714,23,1400,93478,2
DEQ,785062482202561,23,1400,81780,1
DEQ,785062482306856,23,1400,183466,0
DEQ,785062488206273,23,1400,101777,1
DEQ,785062488209111,23,1400,95468,0
DEQ,785062494206482,23,1400,102970,1
DEQ,785062494209294,23,1400,97102,0
DEQ,785062500840558,23,1400,94640,1
DEQ,785062500925462,23,1400,170410,0
DEQ,785062506193233,23,1400,92955,2
DEQ,785062506196020,23,1400,86055,1
DEQ,785062506207806,23,1400,93612,0
DEQ,785062512215411,23,1400,110380,1
DEQ,785062512218278,23,1400,105387,0
DEQ,785062523885141,23,1400,104011,1
DEQ,785062523887979,23,1400,97754,0
DEQ,785062528244098,23,1400,111003,4
DEQ,785062528246738,23,1400,99029,3
DEQ,785062528248374,23,1400,98559,2
DEQ,785062528348822,23,1400,193826,1
DEQ,785062528349687,23,1400,192838,0
DEQ,785062534206411,23,1400,99460,1
DEQ,785062534209249,23,1400,92551,0
DEQ,785062550890422,23,1400,106704,3
DEQ,785062550893265,23,1400,96593,2
DEQ,785062550973811,23,1400,163910,3
DEQ,785062550974703,23,1400,162759,2
DEQ,785062551048547,23,1400,150566,1
DEQ,785062551051281,23,1400,149023,0
DEQ,785062556372889,23,1400,102551,1
DEQ,785062556386887,23,1400,107361,0
DEQ,785062562191591,23,1400,88587,3
DEQ,785062562194459,23,1400,83238,2
DEQ,785062562206190,23,1400,89745,1
DEQ,785062562307966,23,1400,189433,0
DEQ,785062568203689,23,1400,108310,0
DEQ,785062574198830,23,1400,109003,2
DEQ,785062574201661,23,1400,104871,1
DEQ,785062574202153,23,1400,99439,0
DEQ,785062580210401,23,1400,104582,1
DEQ,785062580213269,23,1400,97812,0
DEQ,785062586423506,23,1400,119004,1
DEQ,785062586426723,23,1400,113629,0
DEQ,785062592211492,23,1400,104957,1
DEQ,785062592331020,23,1400,216961,0
DEQ,785062598205351,23,1400,106074,0
DEQ,785062604207125,23,1400,105107,1
DEQ,785062604209947,23,1400,98250,0
DEQ,785062610210747,23,1400,100265,3
DEQ,785062610213564,23,1400,93272,2
DEQ,785062610308079,23,1400,182943,2
DEQ,785062610308999,23,1400,181783,1
DEQ,785062610398710,23,1400,180736,0
DEQ,785062616199921,23,1400,104250,1
DEQ,785062616202740,23,1400,98545,0
DEQ,785062630938451,23,1400,118222,1
DEQ,785062630941296,23,1400,111742,0
DEQ,785062636216856,23,1400,98441,4
DEQ,785062636297250,23,1400,164703,3
DEQ,785062636298178,23,1400,163541,2
DEQ,785062636370453,23,1400,231608,1
DEQ,785062636373226,23,1400,232343,0
DEQ,785062642197085,23,1400,92069,2
DEQ,785062642199923,23,1400,81090,1
DEQ,785062642283012,23,1400,162080,0
DEQ,785062648939036,23,1400,117659,1
DEQ,785062648941881,23,1400,111636,0
DEQ,785062660198800,23,1400,97021,3
DEQ,785062660205026,23,1400,94038,2
DEQ,785062660206429,23,1400,90223,1
DEQ,785062660302147,23,1400,183854,0
DEQ,785062666169661,23,1400,84336,2
DEQ,785062666172404,23,1400,78474,1
DEQ,785062666266007,23,1400,167908,0
DEQ,785062672207102,23,1400,102644,1
DEQ,785062672209852,23,1400,96198,0
DEQ,785062678201414,23,1400,97395,1
DEQ,785062678204229,23,1400,91595,0
DEQ,785062684201261,23,1400,99176,1
DEQ,785062684204108,23,1400,92316,0
DEQ,785062690212879,23,1400,90447,1
DEQ,785062690307951,23,1400,178705,0
DEQ,785062696198789,23,1400,101077,1
DEQ,785062696201578,23,1400,94526,0
DEQ,785062702199620,23,1400,104639,1
DEQ,785062702202428,23,1400,97971,0
DEQ,785062710947944,23,1400,100001,1
DEQ,785062710950747,23,1400,93319,0
DEQ,785062716200016,23,1400,96051,2
DEQ,785062716202819,23,1400,84135,1
DEQ,785062716225152,23,1400,104300,2
DEQ,785062716344544,23,1400,137620,1
DEQ,785062716347787,23,1400,125710,0
DEQ,785062722190476,23,1400,93195,2
DEQ,785062722193268,23,1400,87134,1
DEQ,785062722204934,23,1400,94530,0
DEQ,785062728211773,23,1400,114455,1
DEQ,785062728214591,23,1400,107757,0
DEQ,785062734204262,23,1400,101102,1
DEQ,785062734207044,23,1400,94383,0
DEQ,785062740200320,23,1400,98947,0
DEQ,785062750950752,23,1400,101884,1
DEQ,785062751054799,23,1400,196692,0
DEQ,785062756197114,23,1400,91264,3
DEQ,785062756199862,23,1400,84820,2
DEQ,785062756278117,23,1400,157050,2
DEQ,785062756279034,23,1400,155707,1
DEQ,785062756348601,23,1400,144317,0
DEQ,785062762207973,23,1400,103840,1
DEQ,785062762210804,23,1400,97557,0
DEQ,785062768200271,23,1400,101464,0
DEQ,785062774224825,23,1400,111987,3
DEQ,785062774227738,23,1400,107900,2
DEQ,785062774229511,23,1400,103092,1
DEQ,785062774322995,23,1400,193851,1
DEQ,785062774323891,23,1400,90632,0
DEQ,785062780163462,23,1400,81212,1
DEQ,785062780199316,23,1400,110646,0
DEQ,785062793980467,23,1400,96886,1
DEQ,785062793983295,23,1400,92207,0
DEQ,785062798219714,23,1400,107974,2
DEQ,785062798222484,23,1400,103712,1
DEQ,785062798317050,23,1400,192307,0
DEQ,785062804201208,23,1400,100440,1
DEQ,785062804204068,23,1400,93382,0
DEQ,785062810195961,23,1400,99423,1
DEQ,785062810199094,23,1400,92971,0
DEQ,785062816199630,23,1400,90120,3
DEQ,785062816202433,23,1400,84345,2
DEQ,785062816289696,23,1400,166104,1
DEQ,785062816290570,23,1400,164896,0
STATS,785062816317965,0,0,404,404,0,0,0
DEQ,785062824012229,23,1400,110223,1
DEQ,785062824015341,23,1400,104905,0
DEQ,785062834216370,23,1400,108167,1
DEQ,785062834219494,23,1400,103723,0
DEQ,785062840223978,23,1400,115406,1
DEQ,785062840227160,23,1400,110073,0
DEQ,785062846208769,23,1400,97589,3
DEQ,785062846211629,23,1400,92207,2
DEQ,785062846315473,23,1400,189367,1
DEQ,785062846316456,23,1400,187689,0
DEQ,785062852197099,23,1400,101412,1
DEQ,785062852199896,23,1400,94406,0
DEQ,785062858197883,23,1400,91464,2
DEQ,785062858200706,23,1400,84679,1
DEQ,785062858285434,23,1400,164250,0
DEQ,785062864205385,23,1400,98175,1
DEQ,785062864208174,23,1400,92342,0
DEQ,785062870186945,23,1400,82712,1
DEQ,785062870193571,23,1400,81737,0
DEQ,785062876202958,23,1400,93053,2
DEQ,785062876205784,23,1400,82175,1
DEQ,785062876294518,23,1400,168742,0
DEQ,785062882205213,23,1400,103206,1
DEQ,785062882289903,23,1400,178365,0
DEQ,785062890671653,23,1400,96652,1
DEQ,785062890674441,23,1400,90630,0
DEQ,785062896200424,23,1400,92716,3
DEQ,785062896203199,23,1400,86251,2
DEQ,785062896302513,23,1400,179271,1
DEQ,785062896303403,23,1400,178044,0
DEQ,785062902210271,23,1400,109816,0
DEQ,785062908204575,23,1400,104973,1
DEQ,785062908208022,23,1400,98936,0
DEQ,785062914198162,23,1400,92592,2
DEQ,785062914200991,23,1400,86840,1
DEQ,785062914283759,23,1400,164461,0
DEQ,785062920202075,23,1400,102537,1
DEQ,785062920204899,23,1400,95835,0
DEQ,785062926197915,23,1400,98271,1
DEQ,785062926200712,23,1400,92253,0
DEQ,785062932197946,23,1400,93392,2
DEQ,785062932200764,23,1400,86778,1
DEQ,785062932284656,23,1400,165330,0
DEQ,785062938165335,23,1400,118639,1
DEQ,785062938168131,23,1400,112572,0
DEQ,785062944198740,23,1400,100090,2
DEQ,785062944201546,23,1400,94100,1
DEQ,785062944284595,23,1400,173188,0
DEQ,785062953549837,23,1400,96375,1
DEQ,785062953552666,23,1400,90655,0
DEQ,785062958224298,23,1400,95990,1
DEQ,785062958231448,23,1400,93813,0
DEQ,785062964203915,23,1400,102765,1
DEQ,785062964206721,23,1400,96299,0
DEQ,785062970194123,23,1400,97352,1
DEQ,785062970196950,23,1400,90558,0
DEQ,785062976197939,23,1400,88669,3
DEQ,785062976200773,23,1400,82800,2
DEQ,785062976280506,23,1400,157474,1
DEQ,785062976281379,23,1400,156208,0
DEQ,785062988545671,23,1400,100097,1
DEQ,785062988548500,23,1400,93584,0
DEQ,785062994182643,23,1400,83695,1
DEQ,785062994273412,23,1400,166619,0
DEQ,785063000224476,23,1400,105299,2
DEQ,785063000227281,23,1400,100720,1
DEQ,785063000334444,23,1400,201675,0
DEQ,785063006214067,23,1400,96151,2
DEQ,785063006216869,23,1400,91531,1
DEQ,785063006307747,23,1400,178230,0
DEQ,785063012224416,23,1400,121671,1
DEQ,785063012227530,23,1400,117193,0
DEQ,785063018202829,23,1400,102646,0
DEQ,785063024199608,23,1400,102229,1
DEQ,785063024202355,23,1400,93563,0
DEQ,785063030203755,23,1400,101610,1
DEQ,785063030206561,23,1400,94940,0
DEQ,785063036198108,23,1400,94121,3
DEQ,785063036200853,23,1400,88259,2
DEQ,785063036205830,23,1400,87788,1
DEQ,785063036295435,23,1400,175122,0
DEQ,785063051596705,23,1400,100918,1
DEQ,785063051610912,23,1400,106001,0
DEQ,785063056214301,23,1400,100844,4
DEQ,785063056221352,23,1400,94555,3
DEQ,785063056340607,23,1400,211559,2
DEQ,785063056341508,23,1400,207990,1
DEQ,785063056342028,23,1400,206540,0
DEQ,785063062200351,23,1400,100217,1
DEQ,785063062203095,23,1400,93196,0
DEQ,785063068201495,23,1400,100032,1
DEQ,785063068204362,23,1400,93764,0
DEQ,785063074197888,23,1400,93997,3
DEQ,785063074200731,23,1400,87104,2
DEQ,785063074294558,23,1400,175343,1
DEQ,785063074295483,23,1400,174231,0
DEQ,785063086099192,23,1400,101552,0
DEQ,785063096226837,23,1400,101762,3
DEQ,785063096229631,23,1400,94901,2
DEQ,785063096310217,23,1400,170289,1
DEQ,785063096322586,23,1400,180624,0
DEQ,785063102216607,23,1400,110514,4
DEQ,785063102219378,23,1400,98300,3
DEQ,785063102309661,23,1400,186492,2
DEQ,785063102310567,23,1400,182630,1
DEQ,785063102404461,23,1400,274438,0
DEQ,785063108197531,23,1400,93321,1
DEQ,785063108281282,23,1400,167907,0
DEQ,785063118625875,23,84,19583,0
DEQ,785063123572162,23,1400,43770,1
DEQ,785063123636376,23,1400,99749,0
DEQ,785063138637652,23,1400,110352,1
DEQ,785063138640954,23,1400,105180,0
DEQ,785063144214286,23,1400,104866,3
DEQ,785063144217479,23,1400,100236,2
DEQ,785063144232050,23,1400,108724,2
DEQ,785063144338868,23,1400,213132,1
DEQ,785063144339824,23,1400,117397,0
DEQ,785063151152288,23,1400,118070,1
DEQ,785063151155491,23,1400,113039,0
DEQ,785063156213755,23,1400,100463,3
DEQ,785063156216532,23,1400,94986,2
DEQ,785063156230866,23,1400,102848,2
DEQ,785063156316541,23,1400,186351,2
DEQ,785063156317416,23,1400,92945,1
DEQ,785063156404393,23,1400,172015,0
DEQ,785063170671903,23,1400,98369,1
DEQ,785063170674702,23,1400,91469,0
DEQ,785063176206476,23,1400,99756,4
DEQ,785063176209292,23,1400,89748,3
DEQ,785063176298975,23,1400,177206,2
DEQ,785063176299843,23,1400,173319,1
DEQ,785063176385592,23,1400,257107,1
DEQ,785063176388434,23,1400,84129,0
DEQ,785063193664533,23,1400,114931,1
DEQ,785063193667375,23,1400,107691,0
DEQ,785063198202097,23,1400,105113,3
DEQ,785063198204929,23,1400,99063,2
DEQ,785063198297479,23,1400,186240,1
DEQ,785063198298491,23,1400,185044,0
DEQ,785063204176121,23,1400,88810,0
DEQ,785063210197240,23,1400,95416,1
DEQ,785063210200016,23,1400,90580,0
DEQ,785063216200339,23,1400,93842,1
DEQ,785063216203147,23,1400,88827,0
DEQ,785063222196651,23,1400,93069,3
DEQ,785063222199421,23,1400,87073,2
DEQ,785063222303865,23,1400,186363,1
DEQ,785063222304797,23,1400,185271,0
DEQ,785063228657011,23,1400,111010,1
DEQ,785063228659864,23,1400,104423,0
DEQ,785063240196974,23,1400,93776,2
DEQ,785063240199775,23,1400,87837,1
DEQ,785063240213827,23,1400,98019,1
DEQ,785063240309554,23,1400,101805,0
DEQ,785063246187039,23,1400,88010,2
DEQ,785063246189842,23,1400,81926,1
DEQ,785063246287341,23,1400,174078,0
DEQ,785063252218565,23,1400,113943,1
DEQ,785063252221731,23,1400,109354,0
DEQ,785063258209952,23,1400,98395,1
DEQ,785063258213103,23,1400,93595,0
DEQ,785063264144561,23,1400,46043,1
DEQ,785063264262144,23,1400,153478,0
DEQ,785063270221516,23,1400,111713,1
DEQ,785063270226236,23,1400,108610,0
DEQ,785063276209629,23,1400,106968,1
DEQ,785063276213706,23,1400,102271,0
DEQ,785063282183274,23,1400,126608,1
DEQ,785063282187274,23,1400,121879,0
DEQ,785063288212732,23,1400,106967,1
DEQ,785063288232300,23,1400,119032,0
DEQ,785063294192886,23,1400,88344,2
DEQ,785063294196894,23,1400,83573,1
DEQ,785063294206884,23,1400,89689,0
DEQ,785063294308585,23,1400,97343,0
DEQ,785063300683275,23,1400,101859,1
DEQ,785063300702390,23,1400,112959,0
DEQ,785063306203890,23,1400,103515,1
DEQ,785063306224346,23,1400,114373,0
DEQ,785063312212369,23,1400,107248,1
DEQ,785063312215509,23,1400,100888,0
DEQ,785063318207326,23,1400,105288,1
DEQ,785063318210491,23,1400,99515,0
DEQ,785063324229387,23,1400,123876,1
DEQ,785063324232623,23,1400,118951,0
DEQ,785063330209475,23,1400,95640,1
DEQ,785063330212311,23,1400,90544,0
DEQ,785063336220349,23,1400,90986,2
DEQ,785063336223171,23,1400,84090,1
DEQ,785063336243528,23,1400,100716,1
DEQ,785063336348715,23,1400,121028,0
DEQ,785063342201262,23,1400,100230,1
DEQ,785063342204079,23,1400,94205,0
DEQ,785063348685822,23,1400,91629,2
DEQ,785063348688593,23,1400,84667,1
DEQ,785063348700306,23,1400,92326,0
DEQ,785063354205856,23,1400,105389,1
DEQ,785063354208662,23,1400,98635,0
DEQ,785063360213530,23,1400,112808,0
DEQ,785063366204489,23,1400,100410,1
DEQ,785063366207305,23,1400,94687,0
DEQ,785063372211123,23,1400,116637,1
DEQ,785063372213967,23,1400,108574,0
DEQ,785063378202783,23,1400,97995,1
DEQ,785063378205648,23,1400,91517,0
DEQ,785063384202623,23,1400,105227,1
DEQ,785063384205448,23,1400,98566,0
DEQ,785063390197136,23,1400,91408,3
DEQ,785063390199971,23,1400,85466,2
DEQ,785063390284662,23,1400,164878,1
DEQ,785063390285591,23,1400,163691,0
DEQ,785063396197940,23,1400,99005,1
DEQ,785063396200692,23,1400,92517,0
DEQ,785063402193729,23,1400,96349,2
DEQ,785063402196546,23,1400,90581,1
DEQ,785063402282849,23,1400,172909,0
DEQ,785063408178557,23,1400,81947,0
DEQ,785063418670784,23,1400,43592,1
DEQ,785063418731327,23,1400,95548,0
DEQ,785063424205563,23,1400,95219,3
DEQ,785063424208673,23,1400,89466,2
DEQ,785063424302035,23,1400,177810,1
DEQ,785063424302887,23,1400,176572,0
DEQ,785063430201512,23,1400,99542,1
DEQ,785063430204331,23,1400,93620,0
DEQ,785063436197896,23,1400,91458,3
DEQ,785063436200641,23,1400,84854,2
DEQ,785063436292940,23,1400,172069,1
DEQ,785063436293881,23,1400,170979,0
DEQ,785063450689461,23,1400,129460,1
DEQ,785063450692586,23,1400,124828,0
DEQ,785063456215457,23,1400,112918,1
DEQ,785063456218590,23,1400,108345,0
DEQ,785063462205463,23,1400,101451,3
DEQ,785063462208112,23,1400,95456,2
DEQ,785063462209804,23,1400,91845,1
DEQ,785063462307062,23,1400,187021,1
DEQ,785063462307957,23,1400,94731,0
DEQ,785063468202790,23,1400,98622,1
DEQ,785063468205573,23,1400,92788,0
DEQ,785063474214679,23,1400,108718,1
DEQ,785063474217835,23,1400,103304,0
DEQ,785063480206900,23,1400,105251,1
DEQ,785063480209964,23,1400,99877,0
DEQ,785063490672724,23,1400,99864,1
DEQ,785063490675523,23,1400,92439,0
DEQ,785063496200025,23,1400,95516,1
DEQ,785063496202826,23,1400,89541,0
DEQ,785063502215834,23,1400,112519,3
DEQ,785063502218600,23,1400,106512,2
DEQ,785063502310859,23,1400,193605,1
DEQ,785063502311815,23,1400,192447,0
DEQ,785063508203623,23,1400,104227,1
DEQ,785063508206437,23,1400,97534,0
DEQ,785063514196951,23,1400,91792,3
DEQ,785063514199806,23,1400,85568,2
DEQ,785063514281345,23,1400,161848,1
DEQ,785063514282221,23,1400,160638,0
DEQ,785063520195231,23,1400,92302,1
DEQ,785063520209143,23,1400,97984,0
DEQ,785063526197028,23,1400,91278,2
DEQ,785063526199860,23,1400,79559,1
DEQ,785063526282013,23,1400,159499,0
DEQ,785063532168107,23,1400,124555,1
DEQ,785063532170905,23,1400,118513,0
DEQ,785063538206162,23,1400,105140,1
DEQ,785063538208994,23,1400,98124,0
DEQ,785063544194288,23,1400,97161,1
DEQ,785063544197066,23,1400,90946,0
DEQ,785063550206972,23,1400,103608,1
DEQ,785063550209771,23,1400,96865,0
DEQ,785063556200154,23,1400,95879,1
DEQ,785063556202963,23,1400,89857,0
DEQ,785063562208674,23,1400,110713,1
DEQ,785063562211456,23,1400,103783,0
DEQ,785063568222141,23,1400,110784,1
DEQ,785063568225189,23,1400,105562,0
DEQ,785063574220704,23,1400,102481,2
DEQ,785063574223738,23,1400,96951,1
DEQ,785063574232106,23,1400,100762,0
DEQ,785063580209490,23,1400,100142,1
DEQ,785063580212280,23,1400,94275,0
DEQ,785063586213661,23,1400,109991,3
DEQ,785063586216431,23,1400,102805,2
DEQ,785063586221552,23,1400,101922,1
DEQ,785063586341164,23,1400,219383,0
DEQ,785063592198660,23,1400,98776,1
DEQ,785063592201496,23,1400,92927,0
DEQ,785063598197813,23,1400,102889,1
DEQ,785063598200634,23,1400,95992,0
DEQ,785063604204472,23,1400,101679,1
DEQ,785063604207305,23,1400,95410,0
DEQ,785063610201755,23,1400,106044,1
DEQ,785063610204619,23,1400,98645,0
DEQ,785063616196340,23,1400,96705,1
DEQ,785063616199106,23,1400,90500,0
DEQ,785063622181973,23,1400,89292,1
DEQ,785063622184856,23,1400,85205,0
DEQ,785063628211966,23,1400,103858,3
DEQ,785063628214839,23,1400,99468,2
DEQ,785063628222921,23,1400,101503,1
DEQ,785063628336142,23,1400,212500,0
DEQ,785063635822765,23,1400,97768,1
DEQ,785063635825521,23,1400,91536,0
DEQ,785063640217199,23,1400,96914,1
DEQ,785063640306000,23,1400,178455,0
DEQ,785063646200606,23,1400,100098,1
DEQ,785063646203878,23,1400,95344,0
DEQ,785063652207644,23,1400,104735,1
DEQ,785063652210860,23,1400,98999,0
DEQ,785063658217994,23,1400,112289,1
DEQ,785063658220942,23,1400,108152,0
DEQ,785063664227753,23,1400,115865,1
DEQ,785063664230573,23,1400,110318,0
DEQ,785063670216948,23,1400,103259,1
DEQ,785063670219748,23,1400,98796,0
DEQ,785063676200296,23,1400,89461,3
DEQ,785063676203112,23,1400,83324,2
DEQ,785063676224224,23,1400,99054,2
DEQ,785063676346027,23,1400,218721,1
DEQ,785063676348878,23,1400,141225,0
DEQ,785063682198417,23,1400,97803,1
DEQ,785063682201262,23,1400,91470,0
DEQ,785063688834467,23,1400,88570,1
DEQ,785063688837260,23,1400,88359,0
DEQ,785063694202693,23,1400,99781,0
DEQ,785063700197434,23,1400,92640,1
DEQ,785063700292817,23,1400,179325,0
DEQ,785063706193609,23,1400,90474,3
DEQ,785063706196394,23,1400,83524,2
DEQ,785063706208033,23,1400,89673,1
DEQ,785063706307893,23,1400,187412,0
DEQ,785063712196957,23,1400,99651,1
DEQ,785063712199967,23,1400,93294,0
DEQ,785063720847796,23,1400,92090,1
DEQ,785063720850543,23,1400,86514,0
DEQ,785063726192999,23,1400,97817,1
DEQ,785063726195784,23,1400,91561,0
DEQ,785063732206236,23,1400,101503,1
DEQ,785063732209007,23,1400,94962,0
DEQ,785063738195135,23,1400,97783,1
DEQ,785063738197969,23,1400,90588,0
DEQ,785063744199284,23,1400,96932,1
DEQ,785063744202078,23,1400,90910,0
DEQ,785063750199589,23,1400,97035,1
DEQ,785063750202391,23,1400,90491,0
DEQ,785063756197816,23,1400,102539,3
DEQ,785063756200587,23,1400,93959,2
DEQ,785063756294055,23,1400,182403,1
DEQ,785063756295085,23,1400,181334,0
DEQ,785063762213579,23,1400,109694,1
DEQ,785063762216354,23,1400,103068,0
DEQ,785063768199389,23,1400,101094,1
DEQ,785063768202226,23,1400,95100,0
DEQ,785063774205573,23,1400,105307,1
DEQ,785063774208380,23,1400,98826,0
DEQ,785063780194837,23,1400,97211,1
DEQ,785063780197692,23,1400,90601,0
DEQ,785063786196944,23,1400,100386,1
DEQ,785063786199798,23,1400,94876,0
DEQ,785063792198361,23,1400,92897,2
DEQ,785063792201225,23,1400,87604,1
DEQ,785063792289505,23,1400,171942,0
DEQ,785063798200481,23,1400,99930,1
DEQ,785063798203296,23,1400,93916,0
DEQ,785063804201850,23,1400,102299,1
DEQ,785063804205340,23,1400,96781,0
DEQ,785063810193793,23,1400,97859,1
DEQ,785063810196551,23,1400,91108,0
DEQ,785063816191999,23,1400,88509,3
DEQ,785063816194839,23,1400,82763,2
DEQ,785063816206944,23,1400,89637,1
DEQ,785063816303687,23,1400,184345,0
STATS,785063816321213,0,0,778,778,0,0,0
DEQ,785063822206148,23,1400,105151,1
DEQ,785063822208950,23,1400,98936,0
DEQ,785063828180100,23,1400,99044,1
DEQ,785063828182927,23,1400,95104,0
DEQ,785063834163063,23,1400,82465,1
DEQ,785063834259233,23,1400,169351,0
DEQ,785063840213160,23,1400,109388,1
DEQ,785063840215936,23,1400,104296,0
DEQ,785063846210081,23,1400,103323,1
DEQ,785063846213308,23,1400,99302,0
DEQ,785063852196231,23,1400,98464,1
DEQ,785063852199590,23,1400,92767,0
DEQ,785063858207942,23,1400,97548,3
DEQ,785063858210867,23,1400,91491,2
DEQ,785063858307906,23,1400,183156,1
DEQ,785063858309068,23,1400,182204,0
DEQ,785063864204412,23,1400,100331,1
DEQ,785063864207286,23,1400,90797,0
DEQ,785063870668282,23,1400,111215,1
DEQ,785063870671525,23,1400,106636,0
DEQ,785063876206840,23,1400,98389,2
DEQ,785063876210026,23,1400,87656,1
DEQ,785063876298698,23,1400,173624,0
DEQ,785063882204963,23,1400,102107,1
DEQ,785063882313374,23,1400,202026,0
DEQ,785063888198579,23,1400,93668,1
DEQ,785063888201458,23,1400,88027,0
DEQ,785063894202016,23,1400,99176,1
DEQ,785063894204907,23,1400,93243,0
DEQ,785063900198644,23,1400,97320,2
DEQ,785063900204964,23,1400,94684,1
DEQ,785063900206496,23,1400,92436,0
DEQ,785063906207169,23,1400,102576,1
DEQ,785063906294538,23,1400,180909,0
DEQ,785063912200283,23,1400,97780,1
DEQ,785063912203133,23,1400,91540,0
DEQ,785063918193508,23,1400,92279,1
DEQ,785063918207576,23,1400,97170,0
DEQ,785063924197138,23,1400,96456,1
DEQ,785063924200051,23,1400,90870,0
DEQ,785063930202742,23,1400,99101,1
DEQ,785063930205614,23,1400,92539,0
DEQ,785063936205426,23,1400,98002,1
DEQ,785063936208284,23,1400,91915,0
DEQ,785063942197405,23,1400,93976,3
DEQ,785063942200274,23,1400,88375,2
DEQ,785063942205316,23,1400,88297,1
DEQ,785063942297801,23,1400,178745,0
DEQ,785063958954363,23,1400,100237,1
DEQ,785063958957162,23,1400,93632,0
DEQ,785063964192682,23,1400,89649,3
DEQ,785063964195463,23,1400,83850,2
DEQ,785063964209279,23,1400,92680,2
DEQ,785063964303763,23,1400,185037,1
DEQ,785063964304738,23,1400,104718,0
DEQ,785063970187416,23,1400,88105,1
DEQ,785063970197719,23,1400,89324,0
DEQ,785063980618036,23,1400,45284,1
DEQ,785063980669240,23,1400,87787,0
DEQ,785063986216505,23,1400,108686,0
DEQ,785063992215867,23,1400,103965,1
DEQ,785063992219078,23,1400,98996,0
DEQ,785063998206427,23,1400,104475,1
DEQ,785063998209295,23,1400,98400,0
DEQ,785064004153657,23,1400,43928,2
DEQ,785064004191738,23,1400,67613,2
DEQ,785064004231707,23,1400,105059,1
DEQ,785064004272228,23,1400,114462,0
DEQ,785064010198549,23,1400,88214,3
DEQ,785064010201375,23,1400,82358,2
DEQ,785064010293902,23,1400,169482,1
DEQ,785064010294826,23,1400,168359,0
DEQ,785064016196060,23,1400,91939,2
DEQ,785064016198905,23,1400,85139,1
DEQ,785064016292803,23,1400,175184,0
DEQ,785064028470881,23,1400,99457,1
DEQ,785064028484744,23,1400,103934,0
DEQ,785064040567472,23,1400,43609,1
DEQ,785064040635435,23,1400,102973,0
DEQ,785064046211905,23,1400,95460,3
DEQ,785064046214745,23,1400,91681,2
DEQ,785064046304450,23,1400,175043,3
DEQ,785064046305321,23,1400,173645,2
DEQ,785064046380938,23,1400,161266,2
DEQ,785064046383779,23,1400,154371,1
DEQ,785064046471552,23,1400,161831,0
DEQ,785064052200316,23,1400,100904,1
DEQ,785064052203125,23,1400,94289,0
DEQ,785064058196770,23,1400,101440,0
DEQ,785064070674837,23,1400,118910,1
DEQ,785064070678114,23,1400,114449,0
DEQ,785064076208798,23,1400,98132,2
DEQ,785064076211875,23,1400,87736,1
DEQ,785064076237277,23,1400,110546,3
DEQ,785064076308956,23,1400,92816,2
DEQ,785064076309846,23,1400,77767,1
DEQ,785064076399317,23,1400,165138,0
DEQ,785064082208989,23,1400,101000,1
DEQ,785064082212110,23,1400,97111,0
DEQ,785064088190352,23,1400,88022,1
DEQ,785064088200441,23,1400,89041,0
DEQ,785064094200842,23,1400,97853,2
DEQ,785064094203595,23,1400,91951,1
DEQ,785064094298632,23,1400,181893,0
DEQ,785064100214490,23,1400,114763,1
DEQ,785064100217287,23,1400,108724,0
DEQ,785064106201837,23,1400,98273,1
DEQ,785064106204763,23,1400,92277,0
DEQ,785064112205233,23,1400,100899,1
DEQ,785064112207996,23,1400,94919,0
DEQ,785064118201094,23,1400,100425,1
DEQ,785064118203878,23,1400,93993,0
DEQ,785064120145901,23,84,22394,0
DEQ,785064130606212,23,1400,55836,1
DEQ,785064130652193,23,1400,89545,0
DEQ,785064136197921,23,1400,100377,3
DEQ,785064136200506,23,1400,94676,2
DEQ,785064136202223,23,1400,90965,1
DEQ,785064136307746,23,1400,194431,3
DEQ,785064136308735,23,1400,103064,2
DEQ,785064136398561,23,1400,179028,1
DEQ,785064136401369,23,1400,179627,0
DEQ,785064151043762,23,1400,118816,1
DEQ,785064151046750,23,1400,112859,0
DEQ,785064156197770,23,1400,92782,3
DEQ,785064156200531,23,1400,86900,2
DEQ,785064156290509,23,1400,171688,1
DEQ,785064156291441,23,1400,170553,0
DEQ,785064162200909,23,1400,102901,0
DEQ,785064173503581,23,1400,102128,3
DEQ,785064173506783,23,1400,83541,2
DEQ,785064173589513,23,1400,160577,1
DEQ,785064173590377,23,1400,159397,0
DEQ,785064178208435,23,1400,103513,0
DEQ,785064184207050,23,1400,92530,1
DEQ,785064184209836,23,1400,92249,0
DEQ,785064190197863,23,1400,92693,2
DEQ,785064190200615,23,1400,86461,1
DEQ,785064190223327,23,1400,105291,1
DEQ,785064190340129,23,1400,135104,0
DEQ,785064196200663,23,1400,94480,2
DEQ,785064196203423,23,1400,88532,1
DEQ,785064196294493,23,1400,173881,0
DEQ,785064213549768,23,1400,98213,1
DEQ,785064213552568,23,1400,91774,0
DEQ,785064218201324,23,1400,101809,3
DEQ,785064218203956,23,1400,94985,2
DEQ,785064218205356,23,1400,91109,1
DEQ,785064218299456,23,1400,183079,0
DEQ,785064224203479,23,1400,101220,0
DEQ,785064233579419,23,1400,103775,1
DEQ,785064233582291,23,1400,97524,0
DEQ,785064238208277,23,1400,104531,1
DEQ,785064238294491,23,1400,180853,0
DEQ,785064246055014,23,1400,92699,1
DEQ,785064246058218,23,1400,88868,0
DEQ,785064250176894,23,1400,90130,1
DEQ,785064250179718,23,1400,84901,0
DEQ,785064256210246,23,1400,104052,3
DEQ,785064256213138,23,1400,100134,2
DEQ,785064256224989,23,1400,106221,1
DEQ,785064256342736,23,1400,221773,0
DEQ,785064268583557,23,1400,112937,1
DEQ,785064268586394,23,1400,106237,0
DEQ,785064280231059,23,1400,111519,4
DEQ,785064280234459,23,1400,100018,3
DEQ,785064280323773,23,1400,186973,2
DEQ,785064280324925,23,1400,181776,1
DEQ,785064280417775,23,1400,271968,0
DEQ,785064286196895,23,1400,101199,1
DEQ,785064286199704,23,1400,94684,0
DEQ,785064292216883,23,1400,105086,3
DEQ,785064292220068,23,1400,99630,2
DEQ,785064292321214,23,1400,194268,1
DEQ,785064292322126,23,1400,192748,0
DEQ,785064298607855,23,1400,113042,1
DEQ,785064298611293,23,1400,107724,0
DEQ,785064310213123,23,1400,99189,3
DEQ,785064310215925,23,1400,93796,2
DEQ,785064310223792,23,1400,95220,1
DEQ,785064310335291,23,1400,204169,0
DEQ,785064316201712,23,1400,94223,3
DEQ,785064316204604,23,1400,88588,2
DEQ,785064316296261,23,1400,175256,1
DEQ,785064316297163,23,1400,174033,0
DEQ,785064322147428,23,1400,44812,1
DEQ,785064322282513,23,1400,170175,0
DEQ,785064328595855,23,1400,95620,1
DEQ,785064328607668,23,1400,99795,0
DEQ,785064334196883,23,1400,92238,1
DEQ,785064334296745,23,1400,182811,0
DEQ,785064348620143,23,1400,93140,3
DEQ,785064348640374,23,1400,103920,2
DEQ,785064348726218,23,1400,183851,1
DEQ,785064348727140,23,1400,182737,0
DEQ,785064354201776,23,1400,101621,0
DEQ,785064360204352,23,1400,100282,1
DEQ,785064360207204,23,1400,93355,0
DEQ,785064366199662,23,1400,96156,3
DEQ,785064366205887,23,1400,93721,2
DEQ,785064366207561,23,1400,90225,1
DEQ,785064366296209,23,1400,176800,1
DEQ,785064366297182,23,1400,86270,0
DEQ,785064372202719,23,1400,99409,1
DEQ,785064372205548,23,1400,92922,0
DEQ,785064378195919,23,1400,101955,0
DEQ,785064388618455,23,1400,96545,1
DEQ,785064388723599,23,1400,192836,0
DEQ,785064394204602,23,1400,105406,2
DEQ,785064394207255,23,1400,99235,1
DEQ,785064394208710,23,1400,95484,0
DEQ,785064400189043,23,1400,88417,1
DEQ,785064400199393,23,1400,89563,0
DEQ,785064406206053,23,1400,101903,3
DEQ,785064406208873,23,1400,98018,2
DEQ,785064406303418,23,1400,186144,1
DEQ,785064406306257,23,1400,186670,0
DEQ,785064412218543,23,1400,107581,2
DEQ,785064412221642,23,1400,103492,1
DEQ,785064412233917,23,1400,109825,0
DEQ,785064418209758,23,1400,109569,2
DEQ,785064418212775,23,1400,103433,1
DEQ,785064418213258,23,1400,99990,0
DEQ,785064430661665,23,1400,110886,1
DEQ,785064430664727,23,1400,104788,0
DEQ,785064436190248,23,1400,86498,2
DEQ,785064436193054,23,1400,80603,1
DEQ,785064436280269,23,1400,162565,0
DEQ,785064445664362,23,1400,114351,1
DEQ,785064445668475,23,1400,110609,0
DEQ,785064450191960,23,1400,87648,3
DEQ,785064450195969,23,1400,83421,2
DEQ,785064450205978,23,1400,87935,1
DEQ,785064450289198,23,1400,168990,0
DEQ,785064456201693,23,1400,96703,3
DEQ,785064456206086,23,1400,94450,2
DEQ,785064456233202,23,1400,115478,1
DEQ,785064456317532,23,1400,197540,0
DEQ,785064470666824,23,1400,114248,1
DEQ,785064470671517,23,1400,109650,0
DEQ,785064476196885,23,1400,92188,2
DEQ,785064476200996,23,1400,88355,1
DEQ,785064476227485,23,1400,110932,0
DEQ,785064476330163,23,1400,93144,2
DEQ,785064476334186,23,1400,85198,1
DEQ,785064476357362,23,1400,106215,0
DEQ,785064482149308,23,1400,102423,1
DEQ,785064482162778,23,1400,106553,0
DEQ,785064493674353,23,1400,104147,1
DEQ,785064493678478,23,1400,98692,0
DEQ,785064504204300,23,1400,95806,3
DEQ,785064504208381,23,1400,91393,2
DEQ,785064504314289,23,1400,191899,1
DEQ,785064504318136,23,1400,193708,0
DEQ,785064510673210,23,1400,97105,1
DEQ,785064510677126,23,1400,91596,0
DEQ,785064516199378,23,1400,100496,1
DEQ,785064516203342,23,1400,94627,0
DEQ,785064522197141,23,1400,101062,1
DEQ,785064522217450,23,1400,112381,0
DEQ,785064528213515,23,1400,105214,1
DEQ,785064528216314,23,1400,98662,0
DEQ,785064534230616,23,1400,116671,1
DEQ,785064534238912,23,1400,117571,0
DEQ,785064540199360,23,1400,88871,3
DEQ,785064540203434,23,1400,83823,2
DEQ,785064540224911,23,1400,99861,1
DEQ,785064540336084,23,1400,208909,0
DEQ,785064540437049,23,1400,96144,0
DEQ,785064556220190,23,1400,89001,3
DEQ,785064556223017,23,1400,83832,2
DEQ,785064556244723,23,1400,100304,3
DEQ,785064556359347,23,1400,212852,2
DEQ,785064556362233,23,1400,134202,1
DEQ,785064556362773,23,1400,122240,0
DEQ,785064562195182,23,1400,95490,0
DEQ,785064568202714,23,1400,103072,1
DEQ,785064568205922,23,1400,97048,0
DEQ,785064574203571,23,1400,102932,1
DEQ,785064574206389,23,1400,96347,0
DEQ,785064580201031,23,1400,99928,1
DEQ,785064580203874,23,1400,93759,0
DEQ,785064586192709,23,1400,88701,2
DEQ,785064586195482,23,1400,77261,1
DEQ,785064586276579,23,1400,156192,1
DEQ,785064586277485,23,1400,77903,0
DEQ,785064592196040,23,1400,89460,2
DEQ,785064592198896,23,1400,77601,1
DEQ,785064592292705,23,1400,169183,0
DEQ,785064598201092,23,1400,101299,1
DEQ,785064598204651,23,1400,96157,0
DEQ,785064608725048,23,1400,104422,0
DEQ,785064620203507,23,1400,100698,1
DEQ,785064620206298,23,1400,94109,0
DEQ,785064626210225,23,1400,97916,3
DEQ,785064626213025,23,1400,91645,2
DEQ,785064626229502,23,1400,102733,3
DEQ,785064626335337,23,1400,206580,2
DEQ,785064626336248,23,1400,114722,1
DEQ,785064626432567,23,1400,207217,0
DEQ,785064632198391,23,1400,100430,0
DEQ,785064640663449,23,1400,113674,1
DEQ,785064640666290,23,1400,107712,0
DEQ,785064652200150,23,1400,94992,2
DEQ,785064652202943,23,1400,83506,1
DEQ,785064652299374,23,1400,177841,0
DEQ,785064660760876,23,1400,109824,1
DEQ,785064660763642,23,1400,103490,0
DEQ,785064666189274,23,1400,101354,3
DEQ,785064666192092,23,1400,97118,2
DEQ,785064666192487,23,1400,91590,1
DEQ,785064666305843,23,1400,202867,2
DEQ,785064666307953,23,1400,110393,1
DEQ,785064666395027,23,1400,193469,0
DEQ,785064678767501,23,1400,106875,1
DEQ,785064678770484,23,1400,101373,0
DEQ,785064684203372,23,1400,103291,1
DEQ,785064684206198,23,1400,97815,0
DEQ,785064690687855,23,1400,128810,1
DEQ,785064690690795,23,1400,123128,0
DEQ,785064696198579,23,1400,102072,3
DEQ,785064696201182,23,1400,98216,2
DEQ,785064696202749,23,1400,94592,1
DEQ,785064696301760,23,1400,191506,0
DEQ,785064702209334,23,1400,101412,3
DEQ,785064702212174,23,1400,94284,2
DEQ,785064702230942,23,1400,107477,2
DEQ,785064702333582,23,1400,208075,1
DEQ,785064702334491,23,1400,117828,0
DEQ,785064708200935,23,1400,104760,1
DEQ,785064708203795,23,1400,104532,0
DEQ,785064714193455,23,1400,98362,1
DEQ,785064714196286,23,1400,91925,0
DEQ,785064720198202,23,1400,98646,1
DEQ,785064720201007,23,1400,92102,0
DEQ,785064726196820,23,1400,91252,3
DEQ,785064726199713,23,1400,85787,2
DEQ,785064726278280,23,1400,158818,1
DEQ,785064726279182,23,1400,157675,0
DEQ,785064732193409,23,1400,98743,1
DEQ,785064732196463,23,1400,93010,0
DEQ,785064738190811,23,1400,92544,1
DEQ,785064738198147,23,1400,90049,0
DEQ,785064744198555,23,1400,98347,1
DEQ,785064744201381,23,1400,92643,0
DEQ,785064755794301,23,1400,114452,1
DEQ,785064755797156,23,1400,108495,0
DEQ,785064766218330,23,1400,97645,3
DEQ,785064766232977,23,1400,103315,2
DEQ,785064766332901,23,1400,197481,4
DEQ,785064766333877,23,1400,196215,3
DEQ,785064766413299,23,1400,176698,2
DEQ,785064766416130,23,1400,172407,1
DEQ,785064766490134,23,1400,244418,1
DEQ,785064766493030,23,1400,72751,0
DEQ,785064780651002,23,1400,97597,3
DEQ,785064780653787,23,1400,90808,2
DEQ,785064780732844,23,1400,164680,1
DEQ,785064780733755,23,1400,163451,0
DEQ,785064786196805,23,1400,87138,2
DEQ,785064786199635,23,1400,77350,1
DEQ,785064786281095,23,1400,156282,0
DEQ,785064792204684,23,1400,104947,1
DEQ,785064792207415,23,1400,98498,0
DEQ,785064800664331,23,1400,114642,1
DEQ,785064800667185,23,1400,108434,0
DEQ,785064806197673,23,1400,93502,2
DEQ,785064806200520,23,1400,83177,1
DEQ,785064806224064,23,1400,104528,1
DEQ,785064806321895,23,1400,117111,0
DEQ,785064812199297,23,1400,96978,1
DEQ,785064812202107,23,1400,90788,0
DEQ,785064818190826,23,1400,88275,1
DEQ,785064818198131,23,1400,87247,0
STATS,785064818321114,0,0,1152,1152,0,0,0
DEQ,785064824193146,23,1400,92815,2
DEQ,785064824195959,23,1400,87087,1
DEQ,785064824286861,23,1400,172459,0
DEQ,785064830190866,23,1400,89423,1
DEQ,785064830276812,23,1400,165910,0
DEQ,785064836141418,23,1400,44073,1
DEQ,785064836193184,23,1400,86861,0
DEQ,785064842202642,23,1400,99642,1
DEQ,785064842205451,23,1400,92806,0
DEQ,785064848199335,23,1400,90094,2
DEQ,785064848202101,23,1400,84601,1
DEQ,785064848291839,23,1400,169242,0
DEQ,785064854185317,23,1400,78448,1
DEQ,785064854195499,23,1400,80764,0
DEQ,785064860184861,23,1400,87116,1
DEQ,785064860194854,23,1400,87869,0
DEQ,785064873818530,23,1400,96249,1
DEQ,785064873821372,23,1400,90123,0
DEQ,785064878194337,23,1400,107399,3
DEQ,785064878197121,23,1400,103156,2
DEQ,785064878197636,23,1400,97933,1
DEQ,785064878293994,23,1400,192000,0
DEQ,785064884212850,23,1400,110372,1
DEQ,785064884215983,23,1400,106477,0
DEQ,785064890209244,23,1400,102560,1
DEQ,785064890307565,23,1400,193925,0
DEQ,785064898856091,23,1400,102557,1
DEQ,785064898859217,23,1400,96769,0
DEQ,785064904197657,23,1400,102324,1
DEQ,785064904200508,23,1400,96290,0
DEQ,785064910215495,23,1400,118315,1
DEQ,785064910218540,23,1400,112236,0
DEQ,785064918858835,23,1400,108154,1
DEQ,785064918862649,23,1400,103928,0
DEQ,785064924201501,23,1400,95293,3
DEQ,785064924204331,23,1400,89297,2
DEQ,785064924293920,23,1400,172811,1
DEQ,785064924294856,23,1400,171616,0
DEQ,785064938851762,23,1400,99361,1
DEQ,785064938854575,23,1400,92997,0
DEQ,785064944195996,23,1400,88493,3
DEQ,785064944198824,23,1400,81295,2
DEQ,785064944280256,23,1400,157192,1
DEQ,785064944281508,23,1400,156410,0
DEQ,785064950197495,23,1400,92689,1
DEQ,785064950280840,23,1400,166474,0
DEQ,785064956199893,23,1400,96355,1
DEQ,785064956202818,23,1400,92032,0
DEQ,785064962197410,23,1400,96509,1
DEQ,785064962200354,23,1400,91069,0
DEQ,785064968045633,23,1400,54255,1
DEQ,785064968078018,23,1400,79804,0
DEQ,785064974183504,23,1400,111188,1
DEQ,785064974269948,23,1400,186058,0
DEQ,785064980195995,23,1400,92842,3
DEQ,785064980198838,23,1400,86880,2
DEQ,785064980213209,23,1400,95863,2
DEQ,785064980301942,23,1400,182479,1
DEQ,785064980302879,23,1400,95428,0
DEQ,785064986199741,23,1400,101128,1
DEQ,785064986202718,23,1400,95105,0
DEQ,785064992184204,23,1400,88425,1
DEQ,785064992198385,23,1400,94109,0
DEQ,785064998187122,23,1400,88036,1
DEQ,785064998197251,23,1400,89400,0
DEQ,785065004224081,23,1400,105414,2
DEQ,785065004226884,23,1400,101012,1
DEQ,785065004231904,23,1400,100880,0
DEQ,785065004326752,23,1400,90864,0
DEQ,785065010210303,23,1400,104767,1
DEQ,785065010213127,23,1400,98396,0
DEQ,785065016193267,23,1400,97141,1
DEQ,785065016196070,23,1400,90999,0
DEQ,785065022205873,23,1400,99900,0
DEQ,785065034037312,23,1400,118829,1
DEQ,785065034040082,23,1400,114936,0
DEQ,785065038196773,23,1400,92548,3
DEQ,785065038199610,23,1400,86145,2
DEQ,785065038280114,23,1400,160929,1
DEQ,785065038345028,23,1400,223729,0
DEQ,785065044208500,23,1400,99623,1
DEQ,785065044211318,23,1400,93756,0
DEQ,785065050192965,23,1400,89645,2
DEQ,785065050195796,23,1400,83028,1
DEQ,785065050280127,23,1400,162015,0
DEQ,785065056197543,23,1400,100206,1
DEQ,785065056200347,23,1400,93554,0
DEQ,785065062205896,23,1400,101718,1
DEQ,785065062208724,23,1400,95663,0
DEQ,785065068187592,23,1400,89232,2
DEQ,785065068190446,23,1400,82343,1
DEQ,785065068202322,23,1400,89064,0
DEQ,785065074205086,23,1400,98079,1
DEQ,785065074207892,23,1400,92031,0
DEQ,785065080203485,23,1400,103118,1
DEQ,785065080206280,23,1400,95942,0
DEQ,785065086276580,23,1400,197247,3
DEQ,785065086279337,23,1400,193428,2
DEQ,785065086315503,23,1400,48524,2
DEQ,785065086414707,23,1400,141971,1
DEQ,785065086417901,23,1400,136487,0
DEQ,785065092225832,23,1400,104414,0
DEQ,785065098221810,23,1400,120398,1
DEQ,785065098226080,23,1400,117215,0
DEQ,785065104199180,23,1400,91501,1
DEQ,785065104203302,23,1400,89001,0
DEQ,785065110217535,23,1400,117051,1
DEQ,785065110222116,23,1400,114486,0
DEQ,785065116208541,23,1400,103660,3
DEQ,785065116212614,23,1400,98249,2
DEQ,785065116230373,23,1400,110449,1
DEQ,785065116334999,23,1400,212878,0
DEQ,785065121098406,23,84,21689,0
DEQ,785065122210984,23,1400,106277,1
DEQ,785065122215633,23,1400,102153,0
DEQ,785065128197492,23,1400,96922,1
DEQ,785065128201578,23,1400,92001,0
DEQ,785065134200680,23,1400,98031,1
DEQ,785065134205472,23,1400,94171,0
DEQ,785065140209904,23,1400,102613,2
DEQ,785065140214571,23,1400,99462,1
DEQ,785065140230646,23,1400,110763,0
DEQ,785065150606715,23,1400,51824,1
DEQ,785065150653261,23,1400,88936,0
DEQ,785065156213509,23,1400,107063,3
DEQ,785065156218041,23,1400,99964,2
DEQ,785065156230543,23,1400,104958,1
DEQ,785065156334488,23,1400,206398,0
DEQ,785065162197556,23,1400,93074,3
DEQ,785065162201653,23,1400,88222,2
DEQ,785065162225766,23,1400,106753,1
DEQ,785065162337471,23,1400,216306,0
DEQ,785065168952583,23,1400,99831,1
DEQ,785065168956583,23,1400,94234,0
DEQ,785065174202650,23,1400,100973,1
DEQ,785065174206548,23,1400,95923,0
DEQ,785065180196768,23,1400,97347,1
DEQ,785065180200696,23,1400,93010,0
DEQ,785065193977125,23,1400,104165,1
DEQ,785065194003618,23,1400,121029,0
DEQ,785065198184425,23,1400,88326,2
DEQ,785065198187201,23,1400,82302,1
DEQ,785065198199196,23,1400,90365,0
DEQ,785065205658812,23,1400,108120,1
DEQ,785065205661614,23,1400,101594,0
DEQ,785065210192614,23,1400,95915,1
DEQ,785065210195377,23,1400,89891,0
DEQ,785065216226676,23,1400,99339,3
DEQ,785065216229461,23,1400,92946,2
DEQ,785065216242932,23,1400,101205,2
DEQ,785065216341048,23,1400,197288,1
DEQ,785065216341975,23,1400,108126,0
DEQ,785065222207602,23,1400,103858,1
DEQ,785065222210403,23,1400,97847,0
DEQ,785065228196826,23,1400,101341,1
DEQ,785065228199567,23,1400,94819,0
DEQ,785065234200087,23,1400,95219,1
DEQ,785065234202879,23,1400,88914,0
DEQ,785065240196325,23,1400,94809,1
DEQ,785065240206590,23,1400,96805,0
DEQ,785065246187636,23,1400,89871,3
DEQ,785065246190421,23,1400,82701,2
DEQ,785065246203998,23,1400,91193,2
DEQ,785065246311104,23,1400,196144,1
DEQ,785065246312050,23,1400,117301,0
DEQ,785065252200815,23,1400,103127,1
DEQ,785065252290956,23,1400,183797,0
DEQ,785065258199960,23,1400,105488,0
DEQ,785065264196748,23,1400,90095,3
DEQ,785065264199526,23,1400,83431,2
DEQ,785065264294043,23,1400,172622,1
DEQ,785065264295035,23,1400,171411,0
DEQ,785065271500232,23,1400,100197,1
DEQ,785065271503201,23,1400,92378,0
DEQ,785065276195182,23,1400,98502,1
DEQ,785065276197971,23,1400,91681,0
DEQ,785065282042265,23,1400,50279,2
DEQ,785065282072431,23,1400,73289,1
DEQ,785065282154171,23,1400,145865,0
DEQ,785065288209221,23,1400,105614,1
DEQ,785065288212628,23,1400,100383,0
DEQ,785065294180071,23,1400,91326,1
DEQ,785065294182872,23,1400,87342,0
DEQ,785065300180418,23,1400,92833,2
DEQ,785065300183240,23,1400,86493,1
DEQ,785065300197647,23,1400,96826,1
DEQ,785065300241030,23,1400,49714,0
DEQ,785065306215820,23,1400,87787,1
DEQ,785065306306601,23,1400,170820,0
DEQ,785065312200053,23,1400,91467,1
DEQ,785065312202878,23,1400,87632,0
DEQ,785065318219668,23,1400,117928,1
DEQ,785065318222827,23,1400,112985,0
DEQ,785065324200055,23,1400,97100,3
DEQ,785065324206361,23,1400,94218,2
DEQ,785065324207896,23,1400,90625,1
DEQ,785065324307610,23,1400,188135,0
DEQ,785065330200563,23,1400,101182,1
DEQ,785065330291840,23,1400,183890,0
DEQ,785065336538285,23,1400,113890,1
DEQ,785065336541166,23,1400,107838,0
DEQ,785065342204244,23,1400,104139,1
DEQ,785065342207079,23,1400,98246,0
DEQ,785065348149702,23,1400,44525,2
DEQ,785065348260539,23,1400,146686,1
DEQ,785065348261703,23,1400,143753,0
DEQ,785065354206722,23,1400,102706,1
DEQ,785065354209658,23,1400,97665,0
DEQ,785065360183371,23,1400,106504,1
DEQ,785065360186170,23,1400,100363,0
DEQ,785065366199024,23,1400,97301,1
DEQ,785065366201810,23,1400,91396,0
DEQ,785065372199281,23,1400,93974,3
DEQ,785065372202042,23,1400,88062,2
DEQ,785065372298566,23,1400,179124,1
DEQ,785065372299495,23,1400,178027,0
DEQ,785065378206717,23,1400,101366,1
DEQ,785065378209516,23,1400,91055,0
DEQ,785065384195943,23,1400,97637,1
DEQ,785065384198714,23,1400,91328,0
DEQ,785065390206638,23,1400,108001,0
DEQ,785065396203378,23,1400,96153,3
DEQ,785065396206202,23,1400,89511,2
DEQ,785065396294383,23,1400,172717,1
DEQ,785065396295267,23,1400,171503,0
DEQ,785065402200276,23,1400,106753,2
DEQ,785065402202952,23,1400,99949,1
DEQ,785065402204375,23,1400,97700,0
DEQ,785065408199219,23,1400,101339,1
DEQ,785065408202028,23,1400,95637,0
DEQ,785065414195268,23,1400,113936,1
DEQ,785065414198420,23,1400,108125,0
DEQ,785065420189838,23,1400,93815,1
DEQ,785065420199962,23,1400,95304,0
DEQ,785065426221760,23,1400,105156,3
DEQ,785065426224802,23,1400,100525,2
DEQ,785065426233254,23,1400,102399,1
DEQ,785065426340202,23,1400,206892,0
DEQ,785065432223402,23,1400,118144,0
DEQ,785065438213089,23,1400,107561,1
DEQ,785065438216206,23,1400,103144,0
DEQ,785065444203213,23,1400,99172,1
DEQ,785065444206099,23,1400,95030,0
DEQ,785065450190980,23,1400,137427,1
DEQ,785065450194001,23,1400,131157,0
DEQ,785065456227900,23,1400,101073,3
DEQ,785065456230753,23,1400,97464,2
DEQ,785065456319739,23,1400,180612,1
DEQ,785065456322562,23,1400,181245,0
DEQ,785065462213078,23,1400,104505,1
DEQ,785065462223227,23,1400,107891,0
DEQ,785065468152786,23,1400,43290,1
DEQ,785065468201374,23,1400,85119,0
DEQ,785065474221363,23,1400,108930,3
DEQ,785065474232224,23,1400,112832,2
DEQ,785065474354453,23,1400,219921,1
DEQ,785065474359109,23,1400,222205,0
DEQ,785065480208481,23,1400,103633,1
DEQ,785065480232104,23,1400,117873,0
DEQ,785065486201827,23,1400,89413,2
DEQ,785065486205891,23,1400,84966,1
DEQ,785065486297464,23,1400,171062,0
DEQ,785065492203405,23,1400,99829,1
DEQ,785065492207502,23,1400,95016,0
DEQ,785065498032194,23,1400,42100,0
DEQ,785065504030519,23,1400,41547,1
DEQ,785065504070612,23,1400,74270,0
DEQ,785065510023683,23,1400,41007,1
DEQ,785065510105979,23,1400,117165,0
DEQ,785065516186738,23,1400,88014,2
DEQ,785065516189544,23,1400,81823,1
DEQ,785065516200245,23,1400,88592,0
DEQ,785065522186164,23,1400,96910,3
DEQ,785065522192362,23,1400,93819,2
DEQ,785065522193794,23,1400,89493,1
DEQ,785065522335783,23,1400,229403,0
DEQ,785065528207453,23,1400,103983,0
DEQ,785065534189927,23,1400,94894,1
DEQ,785065534196834,23,1400,93233,0
DEQ,785065540202558,23,1400,102389,1
DEQ,785065540205312,23,1400,96981,0
DEQ,785065546189249,23,1400,90238,3
DEQ,785065546192021,23,1400,84591,2
DEQ,785065546204035,23,1400,91078,1
DEQ,785065546295744,23,1400,180491,0
DEQ,785065556199362,23,1400,92729,3
DEQ,785065556202113,23,1400,85658,2
DEQ,785065556222526,23,1400,100686,2
DEQ,785065556352477,23,1400,228550,1
DEQ,785065556355213,23,1400,148517,0
DEQ,785065562197594,23,1400,100113,1
DEQ,785065562200410,23,1400,93913,0
DEQ,785065568201968,23,1400,100163,1
DEQ,785065568204734,23,1400,93978,0
DEQ,785065574209143,23,1400,104712,1
DEQ,785065574299349,23,1400,186042,0
DEQ,785065580197588,23,1400,99443,1
DEQ,785065580200405,23,1400,92825,0
DEQ,785065586197580,23,1400,91852,3
DEQ,785065586200386,23,1400,85293,2
DEQ,785065586279381,23,1400,159109,1
DEQ,785065586280262,23,1400,157872,0
DEQ,785065592195998,23,1400,92348,1
DEQ,785065592199449,23,1400,86851,0
DEQ,785065598207460,23,1400,104910,0
DEQ,785065604205707,23,1400,105078,1
DEQ,785065604208503,23,1400,98569,0
DEQ,785065610208968,23,1400,110002,1
DEQ,785065610211746,23,1400,103262,0
DEQ,785065616185936,23,1400,102569,3
DEQ,785065616188563,23,1400,96833,2
DEQ,785065616190160,23,1400,92559,1
DEQ,785065616333361,23,1400,233676,1
DEQ,785065616336185,23,1400,142635,0
DEQ,785065622201680,23,1400,102326,1
DEQ,785065622204444,23,1400,96130,0
DEQ,785065628195751,23,1400,95814,1
DEQ,785065628198694,23,1400,86190,0
DEQ,785065634196755,23,1400,101216,1
DEQ,785065634199575,23,1400,95023,0
DEQ,785065640188620,23,1400,108451,0
DEQ,785065646206180,23,1400,100849,3
DEQ,785065646208972,23,1400,95168,2
DEQ,785065646298685,23,1400,179696,1
DEQ,785065646299540,23,1400,178511,0
DEQ,785065652201074,23,1400,98942,1
DEQ,785065652203831,23,1400,92692,0
DEQ,785065658207494,23,1400,112676,0
DEQ,785065664200073,23,1400,100052,1
DEQ,785065664202871,23,1400,93991,0
DEQ,785065670188418,23,1400,88466,2
DEQ,785065670191167,23,1400,82453,1
DEQ,785065670277595,23,1400,164880,0
DEQ,785065676197541,23,1400,96386,3
DEQ,785065676203833,23,1400,93582,2
DEQ,785065676205175,23,1400,89941,1
DEQ,785065676296733,23,1400,179331,0
DEQ,785065682179347,23,1400,102190,1
DEQ,785065682182135,23,1400,95973,0
DEQ,785065688197461,23,1400,101019,0
DEQ,785065694196747,23,1400,92671,3
DEQ,785065694199578,23,1400,86920,2
DEQ,785065694284159,23,1400,166197,1
DEQ,785065694285048,23,1400,165030,0
DEQ,785065700196677,23,1400,91488,1
DEQ,785065700292595,23,1400,178755,0
DEQ,785065706221837,23,1400,114974,1
DEQ,785065706224837,23,1400,109871,0
DEQ,785065712155971,23,1400,81926,1
DEQ,785065712158768,23,1400,77979,0
DEQ,785065718181473,23,1400,90858,2
DEQ,785065718184259,23,1400,86515,1
DEQ,785065718192436,23,1400,90264,0
DEQ,785065724209744,23,1400,112452,1
DEQ,785065724212596,23,1400,108688,0
DEQ,785065730204714,23,1400,102720,1
DEQ,785065730207710,23,1400,97585,0
DEQ,785065736203250,23,1400,97409,3
DEQ,785065736206327,23,1400,91313,2
DEQ,785065736308120,23,1400,187995,1
DEQ,785065736309163,23,1400,186919,0
DEQ,785065742210883,23,1400,100175,1
DEQ,785065742213687,23,1400,94487,0
DEQ,785065748195784,23,1400,97976,0
DEQ,785065754184162,23,1400,104819,1
DEQ,785065754186950,23,1400,95229,0
DEQ,785065754309237,23,1400,117748,0
DEQ,785065760055105,23,1400,40903,1
DEQ,785065760101327,23,1400,80784,0
DEQ,785065766205094,23,1400,106141,1
DEQ,785065766207888,23,1400,101711,0
DEQ,785065772190903,23,1400,93166,2
DEQ,785065772197155,23,1400,92869,1
DEQ,785065772198896,23,1400,90216,0
DEQ,785065772289015,23,1400,85991,0
DEQ,785065778182513,23,1400,96371,1
DEQ,785065778185266,23,1400,90533,0
DEQ,785065784205165,23,1400,96332,1
DEQ,785065784208234,23,1400,92043,0
DEQ,785065790209934,23,1400,99358,0
DEQ,785065796192544,23,1400,89094,3
DEQ,785065796195357,23,1400,83078,2
DEQ,785065796207276,23,1400,89234,1
DEQ,785065796298548,23,1400,178401,0
DEQ,785065802204230,23,1400,98043,1
DEQ,785065802207006,23,1400,91623,0
DEQ,785065808178398,23,1400,101132,1
DEQ,785065808181146,23,1400,93996,0
DEQ,785065814213860,23,1400,113884,1
DEQ,785065814216605,23,1400,108473,0
DEQ,785065820197573,23,1400,96173,2
DEQ,785065820203827,23,1400,93588,1
DEQ,785065820205229,23,1400,89626,0
STATS,785065820322781,0,0,1545,1545,0,0,0
DEQ,785065835663406,23,1400,115609,1
DEQ,785065835666173,23,1400,109219,0
DEQ,785065840198537,23,1400,89082,3
DEQ,785065840201234,23,1400,82714,2
DEQ,785065840222938,23,1400,99038,2
DEQ,785065840334974,23,1400,208623,1
DEQ,785065840337793,23,1400,132149,0
DEQ,785065853719195,23,1400,91393,3
DEQ,785065853721989,23,1400,84416,2
DEQ,785065853809392,23,1400,166324,1
DEQ,785065853810296,23,1400,165117,0
DEQ,785065858202565,23,1400,98330,1
DEQ,785065858205373,23,1400,92199,0
DEQ,785065864210071,23,1400,97430,1
DEQ,785065864212830,23,1400,97112,0
DEQ,785065870197704,23,1400,92866,2
DEQ,785065870200517,23,1400,82359,1
DEQ,785065870285700,23,1400,165377,0
DEQ,785065876200891,23,1400,101764,1
DEQ,785065876203684,23,1400,95041,0
DEQ,785065882197557,23,1400,100441,1
DEQ,785065882200278,23,1400,95373,0
DEQ,785065888181715,23,1400,99556,1
DEQ,785065888184799,23,1400,94925,0
DEQ,785065894181638,23,1400,99397,1
DEQ,785065894184837,23,1400,94820,0
DEQ,785065900165872,23,1400,89573,3
DEQ,785065900168629,23,1400,83328,2
DEQ,785065900262707,23,1400,171846,1
DEQ,785065900263625,23,1400,170718,0
DEQ,785065913747585,23,1400,90269,1
DEQ,785065913751254,23,1400,85414,0
DEQ,785065918191885,23,1400,109517,2
DEQ,785065918194506,23,1400,103210,1
DEQ,785065918195916,23,1400,100393,0
DEQ,785065924169998,23,1400,88681,1
DEQ,785065924173062,23,1400,85227,0
DEQ,785065930159943,23,1400,88468,2
DEQ,785065930173803,23,1400,93683,1
DEQ,785065930278230,23,1400,191651,0
DEQ,785065936182691,23,1400,98695,1
DEQ,785065936185470,23,1400,93172,0
DEQ,785065942208843,23,1400,123527,2
DEQ,785065942213339,23,1400,120141,1
DEQ,785065942218001,23,1400,120926,0
DEQ,785065942324333,23,1400,102034,0
DEQ,785065948172574,23,1400,103670,1
DEQ,785065948176586,23,1400,97775,0
DEQ,785065954172878,23,1400,97026,1
DEQ,785065954176890,23,1400,92821,0
DEQ,785065960160571,23,1400,87091,2
DEQ,785065960170848,23,1400,88684,1
DEQ,785065960274125,23,1400,186206,0
DEQ,785065966290095,23,1400,113286,1
DEQ,785065966294207,23,1400,108656,0
DEQ,785065972119448,23,1400,83092,1
DEQ,785065972127957,23,1400,84998,0
DEQ,785065978201257,23,1400,110054,1
DEQ,785065978205935,23,1400,107636,0
DEQ,785065984192516,23,1400,98646,1
DEQ,785065984196543,23,1400,93961,0
DEQ,785065990187524,23,1400,102192,1
DEQ,785065990191664,23,1400,97805,0
DEQ,785065996170668,23,1400,93816,3
DEQ,785065996178138,23,1400,92848,2
DEQ,785065996182854,23,1400,91969,1
DEQ,785065996306601,23,1400,213570,0
DEQ,785066002176658,23,1400,92811,1
DEQ,785066002180711,23,1400,84071,0
DEQ,785066008185892,23,1400,100702,1
DEQ,785066008189952,23,1400,98338,0
DEQ,785066014196497,23,1400,97433,1
DEQ,785066014200508,23,1400,92337,0
DEQ,785066020203402,23,1400,101618,1
DEQ,785066020207445,23,1400,96325,0
DEQ,785066026196749,23,1400,92935,3
DEQ,785066026200808,23,1400,87876,2
DEQ,785066026232758,23,1400,114093,1
DEQ,785066026331331,23,1400,210325,0
DEQ,785066032104877,23,1400,101923,1
DEQ,785066032109498,23,1400,97599,0
DEQ,785066038192461,23,1400,114808,1
DEQ,785066038196416,23,1400,109850,0
DEQ,785066044204045,23,1400,97375,1
DEQ,785066044208013,23,1400,92741,0
DEQ,785066050191807,23,1400,91171,2
DEQ,785066050195871,23,1400,86578,1
DEQ,785066050204814,23,1400,91650,0
DEQ,785066056187593,23,1400,101531,3
DEQ,785066056192133,23,1400,99132,2
DEQ,785066056221222,23,1400,120995,1
DEQ,785066056334344,23,1400,231513,0
DEQ,785066065648935,23,1400,114851,1
DEQ,785066065653578,23,1400,111415,0
DEQ,785066070220013,23,1400,106039,0
DEQ,785066076172581,23,1400,91482,3
DEQ,785066076176566,23,1400,85966,2
DEQ,785066076200934,23,1400,104790,1
DEQ,785066076308322,23,1400,209967,0
DEQ,785066082207142,23,1400,105640,1
DEQ,785066082211765,23,1400,101274,0
DEQ,785066088182980,23,1400,101648,1
DEQ,785066088202100,23,1400,112958,0
DEQ,785066094174198,23,1400,97828,1
DEQ,785066094178242,23,1400,93363,0
DEQ,785066100185076,23,1400,89371,2
DEQ,785066100189039,23,1400,84572,1
DEQ,785066100197812,23,1400,89365,0
DEQ,785066113845167,23,1400,97933,0
DEQ,785066118196598,23,1400,93042,3
DEQ,785066118200511,23,1400,87513,2
DEQ,785066118206061,23,1400,87465,1
DEQ,785066118295828,23,1400,175165,0
DEQ,785066122077870,23,84,19377,0
DEQ,785066124180927,23,1400,99399,1
DEQ,785066124184861,23,1400,93805,0
DEQ,785066133815713,23,1400,88661,0
DEQ,785066138195505,23,1400,104740,3
DEQ,785066138199568,23,1400,101764,2
DEQ,785066138226793,23,1400,122614,1
DEQ,785066138270718,23,1400,164264,0
DEQ,785066150653442,23,1400,107866,1
DEQ,785066150657541,23,1400,102979,0
DEQ,785066156231308,23,1400,121171,4
DEQ,785066156235417,23,1400,118648,3
DEQ,785066156235912,23,1400,113179,2
DEQ,785066156262706,23,1400,135068,1
DEQ,785066156359189,23,1400,229520,1
DEQ,785066156363125,23,1400,96901,0
DEQ,785066168859503,23,1400,96337,1
DEQ,785066168864145,23,1400,92610,0
DEQ,785066174208187,23,1400,97462,3
DEQ,785066174212879,23,1400,94847,2
DEQ,785066174316254,23,1400,191773,1
DEQ,785066174320988,23,1400,193794,0
DEQ,785066180170825,23,1400,101118,1
DEQ,785066180174902,23,1400,96014,0
DEQ,785066186192015,23,1400,111370,1
DEQ,785066186196490,23,1400,106849,0
DEQ,785066192174186,23,1400,95346,1
DEQ,785066192178223,23,1400,90113,0
DEQ,785066198171736,23,1400,96459,1
DEQ,785066198175833,23,1400,92042,0
DEQ,785066204172588,23,1400,88280,2
DEQ,785066204176651,23,1400,82847,1
DEQ,785066204186265,23,1400,87647,0
DEQ,785066210172235,23,1400,97398,1
DEQ,785066210176244,23,1400,92344,0
DEQ,785066218872603,23,1400,98273,1
DEQ,785066218885561,23,1400,101308,0
DEQ,785066230664392,23,1400,114986,1
DEQ,785066230668425,23,1400,109613,0
DEQ,785066236207648,23,1400,103982,3
DEQ,785066236211585,23,1400,98303,2
DEQ,785066236228693,23,1400,109751,1
DEQ,785066236323393,23,1400,202235,2
DEQ,785066236327289,23,1400,94461,1
DEQ,785066236416523,23,1400,179736,0
DEQ,785066242180105,23,1400,102847,1
DEQ,785066242184055,23,1400,97988,0
DEQ,785066248175261,23,1400,104295,1
DEQ,785066248195057,23,1400,114652,0
DEQ,785066258917583,23,1400,118790,1
DEQ,785066258920436,23,1400,111898,0
DEQ,785066264191714,23,1400,91863,2
DEQ,785066264194544,23,1400,80524,1
DEQ,785066264206155,23,1400,89913,0
DEQ,785066270624238,23,1400,90991,1
DEQ,785066270627062,23,1400,85348,0
DEQ,785066276174330,23,1400,100610,2
DEQ,785066276180505,23,1400,96896,1
DEQ,785066276181932,23,1400,94270,0
DEQ,785066283911668,23,1400,111382,1
DEQ,785066283914473,23,1400,105187,0
DEQ,785066294233112,23,1400,126119,3
DEQ,785066294236279,23,1400,121290,2
DEQ,785066294238229,23,1400,116643,1
DEQ,785066294335986,23,1400,211939,2
DEQ,785066294336903,23,1400,94147,1
DEQ,785066294337371,23,1400,82396,0
DEQ,785066300176736,23,1400,99481,1
DEQ,785066300179485,23,1400,93702,0
DEQ,785066306214845,23,1400,115503,3
DEQ,785066306217964,23,1400,108752,2
DEQ,785066306318495,23,1400,203685,1
DEQ,785066306319444,23,1400,202422,0
DEQ,785066312188885,23,1400,104342,1
DEQ,785066312192057,23,1400,99586,0
DEQ,785066318180161,23,1400,105604,1
DEQ,785066318182988,23,1400,98551,0
DEQ,785066324162508,23,1400,90080,2
DEQ,785066324165333,23,1400,83337,1
DEQ,785066324253412,23,1400,167312,0
DEQ,785066330160974,23,1400,86801,1
DEQ,785066330168112,23,1400,84951,0
DEQ,785066336184207,23,1400,103851,1
DEQ,785066336187355,23,1400,98496,0
DEQ,785066342172450,23,1400,110216,3
DEQ,785066342175288,23,1400,105621,2
DEQ,785066342271465,23,1400,195436,1
DEQ,785066342272569,23,1400,194402,0
DEQ,785066348142469,23,1400,86247,0
DEQ,785066354202537,23,1400,100280,1
DEQ,785066354205341,23,1400,95201,0
DEQ,785066360200005,23,1400,109504,1
DEQ,785066360202804,23,1400,105114,0
DEQ,785066366185189,23,1400,97384,2
DEQ,785066366187991,23,1400,90525,1
DEQ,785066366270882,23,1400,168336,0
DEQ,785066372174228,23,1400,99016,1
DEQ,785066372176993,23,1400,92796,0
DEQ,785066378170503,23,1400,95777,2
DEQ,785066378176794,23,1400,92161,1
DEQ,785066378178293,23,1400,89319,0
DEQ,785066384171736,23,1400,97275,1
DEQ,785066384174503,23,1400,90812,0
DEQ,785066390205906,23,1400,110731,3
DEQ,785066390208772,23,1400,106772,2
DEQ,785066390293333,23,1400,183893,1
DEQ,785066390296170,23,1400,183940,0
DEQ,785066396182593,23,1400,105552,1
DEQ,785066396185382,23,1400,99644,0
DEQ,785066402180878,23,1400,106968,1
DEQ,785066402183691,23,1400,100677,0
DEQ,785066408123326,23,1400,42874,1
DEQ,785066408230583,23,1400,141626,0
DEQ,785066414165927,23,1400,89169,2
DEQ,785066414168695,23,1400,82724,1
DEQ,785066414257606,23,1400,165080,0
DEQ,785066420181710,23,1400,95229,1
DEQ,785066420184528,23,1400,89383,0
DEQ,785066426170967,23,1400,99717,2
DEQ,785066426173764,23,1400,91436,1
DEQ,785066426258446,23,1400,171895,0
DEQ,785066432172531,23,1400,98776,1
DEQ,785066432175417,23,1400,92534,0
DEQ,785066438171732,23,1400,98301,1
DEQ,785066438174571,23,1400,91753,0
DEQ,785066444210763,23,1400,88502,1
DEQ,785066444298307,23,1400,168171,0
DEQ,785066450177538,23,1400,100367,2
DEQ,785066450180353,23,1400,93553,1
DEQ,785066450275141,23,1400,184247,0
DEQ,785066456179045,23,1400,95091,2
DEQ,785066456185413,23,1400,87496,1
DEQ,785066456186950,23,1400,86829,0
DEQ,785066462180989,23,1400,103493,1
DEQ,785066462184626,23,1400,98131,0
DEQ,785066468182487,23,1400,101054,1
DEQ,785066468186693,23,1400,97018,0
DEQ,785066474169620,23,1400,97105,1
DEQ,785066474179768,23,1400,98341,0
DEQ,785066480170559,23,1400,93019,2
DEQ,785066480173390,23,1400,86796,1
DEQ,785066480266786,23,1400,176214,0
DEQ,785066486175266,23,1400,94395,3
DEQ,785066486178067,23,1400,88081,2
DEQ,785066486266242,23,1400,171267,1
DEQ,785066486267153,23,1400,169822,0
DEQ,785066492171639,23,1400,95134,2
DEQ,785066492174457,23,1400,89060,1
DEQ,785066492179620,23,1400,88649,0
DEQ,785066500994167,23,1400,96728,1
DEQ,785066501090470,23,1400,184822,0
DEQ,785066506176742,23,1400,105645,1
DEQ,785066506179544,23,1400,99812,0
DEQ,785066512172534,23,1400,96446,1
DEQ,785066512186564,23,1400,100771,0
DEQ,785066518190835,23,1400,99122,1
DEQ,785066518193656,23,1400,92989,0
DEQ,785066524173299,23,1400,96671,3
DEQ,785066524176167,23,1400,90938,2
DEQ,785066524271435,23,1400,180206,1
DEQ,785066524272491,23,1400,179092,0
DEQ,785066530172580,23,1400,101226,2
DEQ,785066530175364,23,1400,94584,1
DEQ,785066530263521,23,1400,178533,0
DEQ,785066536195135,23,1400,111946,1
DEQ,785066536197929,23,1400,106627,0
DEQ,785066542186448,23,1400,98255,2
DEQ,785066542189630,23,1400,93762,1
DEQ,785066542282601,23,1400,180658,0
DEQ,785066548191473,23,1400,114355,1
DEQ,785066548194704,23,1400,109273,0
DEQ,785066556011844,23,1400,44861,3
DEQ,785066556049539,23,1400,73953,2
DEQ,785066556093177,23,1400,112113,1
DEQ,785066556134337,23,1400,150978,0
DEQ,785066562186551,23,1400,97665,0
DEQ,785066568192512,23,1400,108370,1
DEQ,785066568195325,23,1400,102166,0
DEQ,785066574166263,23,1400,85264,1
DEQ,785066574176306,23,1400,85548,0
DEQ,785066580174253,23,1400,99870,1
DEQ,785066580177097,23,1400,93715,0
DEQ,785066586127898,23,1400,45472,4
DEQ,785066586222059,23,1400,132306,3
DEQ,785066586222945,23,1400,128933,2
DEQ,785066586224487,23,1400,115032,1
DEQ,785066586329958,23,1400,218386,0
DEQ,785066592172213,23,1400,98079,1
DEQ,785066592175013,23,1400,91159,0
DEQ,785066598201691,23,1400,111414,1
DEQ,785066598204467,23,1400,105379,0
DEQ,785066604171681,23,1400,99025,1
DEQ,785066604174469,23,1400,92473,0
DEQ,785066610175510,23,1400,98183,1
DEQ,785066610178292,23,1400,91556,0
DEQ,785066616165891,23,1400,88819,2
DEQ,785066616168644,23,1400,77663,1
DEQ,785066616180374,23,1400,87346,0
DEQ,785066622174883,23,1400,96925,1
DEQ,785066622177675,23,1400,90478,0
DEQ,785066628183281,23,1400,112041,1
DEQ,785066628186098,23,1400,105532,0
DEQ,785066634176733,23,1400,96664,3
DEQ,785066634179514,23,1400,89635,2
DEQ,785066634264998,23,1400,169470,2
DEQ,785066634265783,23,1400,168082,1
DEQ,785066634337489,23,1400,153776,0
DEQ,785066640190700,23,1400,114018,0
DEQ,785066646177556,23,1400,93102,3
DEQ,785066646180384,23,1400,86925,2
DEQ,785066646192056,23,1400,93386,1
DEQ,785066646306608,23,1400,205868,0
DEQ,785066652173316,23,1400,100363,1
DEQ,785066652176260,23,1400,94827,0
DEQ,785066658186590,23,1400,113632,0
DEQ,785066664173436,23,1400,90216,3
DEQ,785066664176231,23,1400,84390,2
DEQ,785066664188214,23,1400,90296,1
DEQ,785066664330793,23,1400,230701,0
DEQ,785066670198988,23,1400,120298,0
DEQ,785066676172187,23,1400,97781,1
DEQ,785066676175012,23,1400,91117,0
DEQ,785066682188955,23,1400,112575,3
DEQ,785066682200004,23,1400,114319,2
DEQ,785066682294033,23,1400,202640,2
DEQ,785066682294877,23,1400,201287,1
DEQ,785066682378255,23,1400,175114,0
DEQ,785066688171435,23,1400,97240,1
DEQ,785066688174304,23,1400,91624,0
DEQ,785066694170000,23,1400,93102,1
DEQ,785066694172838,23,1400,86520,0
DEQ,785066700171661,23,1400,97036,1
DEQ,785066700174462,23,1400,90715,0
DEQ,785066715623385,23,1400,93739,1
DEQ,785066715626199,23,1400,88017,0
DEQ,785066720197614,23,1400,92193,2
DEQ,785066720200460,23,1400,82342,1
DEQ,785066720283376,23,1400,163063,0
DEQ,785066726204421,23,1400,103313,2
DEQ,785066726307633,23,1400,196863,1
DEQ,785066726308576,23,1400,192133,0
DEQ,785066740627509,23,1400,100336,1
DEQ,785066740630296,23,1400,94084,0
DEQ,785066746180091,23,1400,101149,4
DEQ,785066746182904,23,1400,89414,3
DEQ,785066746266480,23,1400,170799,4
DEQ,785066746267370,23,1400,167961,3
DEQ,785066746337994,23,1400,236500,2
DEQ,785066746340810,23,1400,152918,1
DEQ,785066746423224,23,1400,231446,0
DEQ,785066752175911,23,1400,105078,1
DEQ,785066752178742,23,1400,98776,0
DEQ,785066758181476,23,1400,101920,1
DEQ,785066758265968,23,1400,177131,0
DEQ,785066764162296,23,1400,84055,1
DEQ,785066764252987,23,1400,167303,0
DEQ,785066770192543,23,1400,103994,1
DEQ,785066770195336,23,1400,99789,0
DEQ,785066776201039,23,1400,112999,3
DEQ,785066776203728,23,1400,108491,2
DEQ,785066776205240,23,1400,104167,1
DEQ,785066776290004,23,1400,186580,0
DEQ,785066782114405,23,1400,95391,0
DEQ,785066788176810,23,1400,102444,1
DEQ,785066788180264,23,1400,96409,0
DEQ,785066794172211,23,1400,99455,1
DEQ,785066794175035,23,1400,92498,0
DEQ,785066800174358,23,1400,97091,1
DEQ,785066800177842,23,1400,91437,0
DEQ,785066806167595,23,1400,89329,3
DEQ,785066806170447,23,1400,82348,2
DEQ,785066806182311,23,1400,88928,1
DEQ,785066806309922,23,1400,214425,0
DEQ,785066818626338,23,1400,98960,1
DEQ,785066818633383,23,1400,96309,0
DEQ,785066824175778,23,1400,94481,3
DEQ,785066824178606,23,1400,88395,2
DEQ,785066824183621,23,1400,87987,1
STATS,785066824317446,3,4200,1939,1936,0,0,0
DEQ,785066824325685,23,1400,227969,2
DEQ,785066824329013,23,1400,141150,1
DEQ,785066824329547,23,1400,137847,0
DEQ,785066831136461,23,1400,104115,1
DEQ,785066831139183,23,1400,97581,0
DEQ,785066836172124,23,1400,91364,2
DEQ,785066836174868,23,1400,86510,1
DEQ,785066836186692,23,1400,93165,0
DEQ,785066842165874,23,1400,91811,2
DEQ,785066842168652,23,1400,84838,1
DEQ,785066842180326,23,1400,92487,0
DEQ,785066848175241,23,1400,104377,1
DEQ,785066848178490,23,1400,99125,0
DEQ,785066854171110,23,1400,90105,2
DEQ,785066854173913,23,1400,77975,1
DEQ,785066854265056,23,1400,166510,0
DEQ,785066860175923,23,1400,101184,1
DEQ,785066860178676,23,1400,94151,0
DEQ,785066866170697,23,1400,91042,2
DEQ,785066866184634,23,1400,96127,1
DEQ,785066866320788,23,1400,226844,0
DEQ,785066872172515,23,1400,101388,1
DEQ,785066872175302,23,1400,94389,0
DEQ,785066878171508,23,1400,100101,1
DEQ,785066878181691,23,1400,100826,0
DEQ,785066884171058,23,1400,91380,3
DEQ,785066884173846,23,1400,85732,2
DEQ,785066884185761,23,1400,92001,1
DEQ,785066884324986,23,1400,229024,0
DEQ,785066890186698,23,1400,113472,0
DEQ,785066896179876,23,1400,95045,4
DEQ,785066896182697,23,1400,88242,3
DEQ,785066896187632,23,1400,89130,2
DEQ,785066896324140,23,1400,220482,1
DEQ,785066896326923,23,1400,221208,0
DEQ,785066902170921,23,1400,98966,1
DEQ,785066902173690,23,1400,92430,0
DEQ,785066908178433,23,1400,106077,1
DEQ,785066908181891,23,1400,99935,0
DEQ,785066914165892,23,1400,89045,2
DEQ,785066914168678,23,1400,82101,1
DEQ,785066914250127,23,1400,158434,0
DEQ,785066920177671,23,1400,104899,1
DEQ,785066920181110,23,1400,98654,0
DEQ,785066926197637,23,1400,88715,3
DEQ,785066926200402,23,1400,82840,2
DEQ,785066926281812,23,1400,158819,1
DEQ,785066926282670,23,1400,157512,0
DEQ,785066932188916,23,1400,116581,1
DEQ,785066932191682,23,1400,110547,0
DEQ,785066938160530,23,1400,87556,2
DEQ,785066938174425,23,1400,92168,1
DEQ,785066938295762,23,1400,209293,0
DEQ,785066944160669,23,1400,88917,1
DEQ,785066944174613,23,1400,93861,0
DEQ,785066950203172,23,1400,112828,1
DEQ,785066950206373,23,1400,106743,0
DEQ,785066956191813,23,1400,88690,3
DEQ,785066956194639,23,1400,83714,2
DEQ,785066956206376,23,1400,89758,1
DEQ,785066956297689,23,1400,178857,0
DEQ,785066962192871,23,1400,104172,2
DEQ,785066962196120,23,1400,92911,1
DEQ,785066962290109,23,1400,184334,0
DEQ,785066968171516,23,1400,98228,1
DEQ,785066968174300,23,1400,92475,0
DEQ,785066974155871,23,1400,88768,2
DEQ,785066974245547,23,1400,164892,1
DEQ,785066974259277,23,1400,176283,0
DEQ,785066980188397,23,1400,96545,1
DEQ,785066980191171,23,1400,92043,0
DEQ,785066986191083,23,1400,107859,3
DEQ,785066986193695,23,1400,102260,2
DEQ,785066986195416,23,1400,97410,1
DEQ,785066986323325,23,1400,223112,0
DEQ,785066992176261,23,1400,99423,1
DEQ,785066992179035,23,1400,92615,0
DEQ,785066998171617,23,1400,98207,1
DEQ,785066998174428,23,1400,92017,0
DEQ,785067004172764,23,1400,99427,1
DEQ,785067004175614,23,1400,94034,0
DEQ,785067010190203,23,1400,110749,2
DEQ,785067010193097,23,1400,105738,1
DEQ,785067010280986,23,1400,187821,0
DEQ,785067016173803,23,1400,93845,3
DEQ,785067016176536,23,1400,87124,2
DEQ,785067016184459,23,1400,89657,1
DEQ,785067016306805,23,1400,209938,0
DEQ,785067022185396,23,1400,104452,1
DEQ,785067022188146,23,1400,89652,0
DEQ,785067028668976,23,1400,41815,1
DEQ,785067028730384,23,1400,96481,0
DEQ,785067034176702,23,1400,102352,2
DEQ,785067034179483,23,1400,96129,1
DEQ,785067034274318,23,1400,186673,0
DEQ,785067040177645,23,1400,100973,1
DEQ,785067040180394,23,1400,94857,0
DEQ,785067046176730,23,1400,104122,3
DEQ,785067046179536,23,1400,98315,2
DEQ,785067046293515,23,1400,206928,1
DEQ,785067046294456,23,1400,205825,0
DEQ,785067052173848,23,1400,97779,1
DEQ,785067052176681,23,1400,91603,0
DEQ,785067058172760,23,1400,100122,1
DEQ,785067058175531,23,1400,93538,0
DEQ,785067064189445,23,1400,117565,1
DEQ,785067064192211,23,1400,111479,0
DEQ,785067070179242,23,1400,101445,1
DEQ,785067070182042,23,1400,94523,0
DEQ,785067076178729,23,1400,94968,1
DEQ,785067076181550,23,1400,86421,0
DEQ,785067076293670,23,1400,107434,2
DEQ,785067076294619,23,1400,96338,1
DEQ,785067076377487,23,1400,177077,0
DEQ,785067082170092,23,1400,95740,2
DEQ,785067082176415,23,1400,92790,1
DEQ,785067082177803,23,1400,89620,0
DEQ,785067088178178,23,1400,102443,1
DEQ,785067088265923,23,1400,181492,0
DEQ,785067094215105,23,1400,120293,1
DEQ,785067094217889,23,1400,115580,0
DEQ,785067100176946,23,1400,100704,1
DEQ,785067100179840,23,1400,94564,0
DEQ,785067106169940,23,1400,94588,3
DEQ,785067106172721,23,1400,88272,2
DEQ,785067106254987,23,1400,165321,1
DEQ,785067106255885,23,1400,164175,0
DEQ,785067112177631,23,1400,103757,1
DEQ,785067112180441,23,1400,97804,0
DEQ,785067118186629,23,1400,110936,1
DEQ,785067118278522,23,1400,193923,0
DEQ,785067121988253,23,84,21346,0
DEQ,785067124191142,23,1400,111356,3
DEQ,785067124193775,23,1400,105309,2
DEQ,785067124195333,23,1400,100640,1
DEQ,785067124318699,23,1400,221799,0
DEQ,785067130175900,23,1400,100086,1
DEQ,785067130178665,23,1400,94251,0
DEQ,785067136172527,23,1400,94459,2
DEQ,785067136178776,23,1400,92399,1
DEQ,785067136180228,23,1400,88903,0
DEQ,785067142181172,23,1400,104321,2
DEQ,785067142184034,23,1400,97901,1
DEQ,785067142185799,23,1400,93602,0
DEQ,785067148179064,23,1400,104947,1
DEQ,785067148181867,23,1400,98564,0
DEQ,785067154175909,23,1400,100127,1
DEQ,785067154178689,23,1400,93354,0
DEQ,785067160191018,23,1400,113611,1
DEQ,785067160194150,23,1400,109113,0
DEQ,785067166174359,23,1400,98467,4
DEQ,785067166177198,23,1400,87649,3
DEQ,785067166292458,23,1400,200775,2
DEQ,785067166293355,23,1400,197356,1
DEQ,785067166369134,23,1400,271036,0
DEQ,785067172173464,23,1400,98622,1
DEQ,785067172176192,23,1400,92389,0
DEQ,785067178146973,23,1400,84696,2
DEQ,785067178168704,23,1400,99969,1
DEQ,785067178215966,23,1400,142898,0
DEQ,785067184028292,23,1400,63833,2
DEQ,785067184071325,23,1400,74418,1
DEQ,785067184108134,23,1400,109091,0
DEQ,785067190200801,23,1400,114320,0
DEQ,785067196185952,23,1400,105719,3
DEQ,785067196188614,23,1400,99288,2
DEQ,785067196190165,23,1400,95182,1
DEQ,785067196329939,23,1400,232704,0
DEQ,785067202170424,23,1400,93545,1
DEQ,785067202177536,23,1400,91327,0
DEQ,785067208174687,23,1400,94998,2
DEQ,785067208177498,23,1400,88419,1
DEQ,785067208182682,23,1400,88347,0
DEQ,785067214176707,23,1400,96605,1
DEQ,785067214183946,23,1400,94056,0
DEQ,785067220186417,23,1400,117840,1
DEQ,785067220189212,23,1400,111665,0
DEQ,785067226185405,23,1400,106452,4
DEQ,785067226188170,23,1400,100509,3
DEQ,785067226276457,23,1400,184567,2
DEQ,785067226277330,23,1400,179664,1
DEQ,785067226362416,23,1400,262566,0
DEQ,785067232170674,23,1400,91268,2
DEQ,785067232173468,23,1400,85783,1
DEQ,785067232256829,23,1400,163908,0
DEQ,785067238174524,23,1400,99641,1
DEQ,785067238178123,23,1400,94706,0
DEQ,785067244191526,23,1400,115173,1
DEQ,785067244194350,23,1400,108664,0
DEQ,785067250184427,23,1400,105942,1
DEQ,785067250187204,23,1400,99309,0
DEQ,785067256185046,23,1400,104998,4
DEQ,785067256187720,23,1400,99465,3
DEQ,785067256189265,23,1400,95215,2
DEQ,785067256287672,23,1400,189261,1
DEQ,785067256288599,23,1400,188084,0
DEQ,785067273826698,23,1400,96087,1
DEQ,785067273903188,23,1400,163346,0
DEQ,785067278174241,23,1400,93363,2
DEQ,785067278177092,23,1400,82468,1
DEQ,785067278197627,23,1400,100838,3
DEQ,785067278297679,23,1400,116280,2
DEQ,785067278298652,23,1400,106152,1
DEQ,785067278380775,23,1400,186181,0
DEQ,785067284174313,23,1400,84631,1
DEQ,785067284177106,23,1400,84471,0
DEQ,785067293827457,23,1400,106031,0
DEQ,785067298174643,23,1400,95624,4
DEQ,785067298180916,23,1400,92375,3
DEQ,785067298182603,23,1400,89846,2
DEQ,785067298325002,23,1400,227665,1
DEQ,785067298327796,23,1400,228395,0
DEQ,785067304187097,23,1400,115615,1
DEQ,785067304189850,23,1400,115305,0
DEQ,785067310168885,23,1400,88019,2
DEQ,785067310171664,23,1400,82229,1
DEQ,785067310294245,23,1400,199060,0
DEQ,785067316175927,23,1400,103119,1
DEQ,785067316178727,23,1400,97047,0
DEQ,785067322185097,23,1400,104648,4
DEQ,785067322187912,23,1400,99248,3
DEQ,785067322296320,23,1400,203412,2
DEQ,785067322297201,23,1400,199221,1
DEQ,785067322297679,23,1400,197603,0
DEQ,785067328830591,23,1400,93586,1
DEQ,785067328833823,23,1400,89478,0
DEQ,785067334175080,23,1400,100719,1
DEQ,785067334177903,23,1400,94654,0
DEQ,785067340179163,23,1400,103716,0
DEQ,785067346172563,23,1400,90347,3
DEQ,785067346175325,23,1400,84637,2
DEQ,785067346187421,23,1400,91586,1
DEQ,785067346320192,23,1400,222234,0
DEQ,785067358865610,23,1400,110487,1
DEQ,785067358868832,23,1400,106173,0
DEQ,785067364165911,23,1400,87959,3
DEQ,785067364168685,23,1400,81656,2
DEQ,785067364266958,23,1400,173956,1
DEQ,785067364267881,23,1400,172611,0
DEQ,785067370176814,23,1400,101945,1
DEQ,785067370179586,23,1400,94990,0
DEQ,785067378856670,23,1400,101745,1
DEQ,785067378859449,23,1400,95978,0
DEQ,785067384173424,23,1400,94329,3
DEQ,785067384176246,23,1400,88391,2
DEQ,785067384181177,23,1400,87981,1
DEQ,785067384316608,23,1400,221345,0
DEQ,785067390170592,23,1400,99512,1
DEQ,785067390173401,23,1400,94620,0
DEQ,785067396173013,23,1400,97017,4
DEQ,785067396175800,23,1400,90763,3
DEQ,785067396261680,23,1400,170637,2
DEQ,785067396262694,23,1400,166792,1
DEQ,785067396271815,23,1400,173908,0
DEQ,785067402190514,23,1400,109027,1
DEQ,785067402193281,23,1400,99990,0
DEQ,785067408185796,23,1400,100790,1
DEQ,785067408188553,23,1400,94430,0
DEQ,785067414190960,23,1400,113548,1
DEQ,785067414193744,23,1400,107607,0
DEQ,785067420174229,23,1400,102000,1
DEQ,785067420176985,23,1400,94815,0
DEQ,785067426121151,23,1400,42528,4
DEQ,785067426230437,23,1400,144040,3
DEQ,785067426231511,23,1400,141406,2
DEQ,785067426341108,23,1400,240657,1
DEQ,785067426343893,23,1400,241225,0
DEQ,785067432176750,23,1400,101942,1
DEQ,785067432179563,23,1400,95608,0
DEQ,785067438193097,23,1400,121566,1
DEQ,785067438195913,23,1400,115654,0
DEQ,785067444190438,23,1400,96498,3
DEQ,785067444196578,23,1400,92921,2
DEQ,785067444197978,23,1400,88177,1
DEQ,785067444330607,23,1400,218594,0
DEQ,785067450182442,23,1400,112635,0
DEQ,785067456170493,23,1400,94253,2
DEQ,785067456173271,23,1400,87926,1
DEQ,785067456258397,23,1400,167667,0
DEQ,785067462170954,23,1400,88841,3
DEQ,785067462173694,23,1400,82706,2
DEQ,785067462185361,23,1400,89061,1
DEQ,785067462300164,23,1400,201685,0
DEQ,785067468915754,23,1400,117762,2
DEQ,785067468919449,23,1400,112865,1
DEQ,785067469044546,23,1400,233676,0
DEQ,785067474174970,23,1400,99688,0
DEQ,785067480179205,23,1400,100827,1
DEQ,785067480181950,23,1400,94229,0
DEQ,785067486182775,23,1400,96290,1
DEQ,785067486185541,23,1400,90615,0
DEQ,785067492179143,23,1400,102586,3
DEQ,785067492266420,23,1400,181158,2
DEQ,785067492267334,23,1400,176603,1
DEQ,785067492356648,23,1400,263837,0
DEQ,785067498184919,23,1400,100857,1
DEQ,785067498187753,23,1400,94752,0
DEQ,785067504194058,23,1400,103857,2
DEQ,785067504197004,23,1400,99204,1
DEQ,785067504198768,23,1400,94693,0
DEQ,785067510186689,23,1400,100731,1
DEQ,785067510189462,23,1400,95283,0
DEQ,785067516173942,23,1400,99747,1
DEQ,785067516176780,23,1400,89490,0
DEQ,785067522176561,23,1400,96113,3
DEQ,785067522187507,23,1400,97879,2
DEQ,785067522334484,23,1400,238654,2
DEQ,785067522337272,23,1400,239241,1
DEQ,785067522337774,23,1400,147093,0
DEQ,785067522424057,23,1400,81627,0
DEQ,785067530616017,23,1400,96078,1
DEQ,785067530700985,23,1400,171447,0
DEQ,785067536169919,23,1400,96372,1
DEQ,785067536172755,23,1400,90584,0
DEQ,785067542179259,23,1400,93097,2
DEQ,785067542185429,23,1400,92650,1
DEQ,785067542187067,23,1400,88474,0
DEQ,785067548172866,23,1400,99591,1
DEQ,785067548175695,23,1400,93570,0
DEQ,785067551039457,23,1400,117696,1
DEQ,785067551042259,23,1400,111138,0
DEQ,785067556170045,23,1400,92666,2
DEQ,785067556172838,23,1400,81324,1
DEQ,785067556184557,23,1400,90945,0
DEQ,785067575640034,23,1400,110956,1
DEQ,785067575642810,23,1400,104392,0
DEQ,785067580178335,23,1400,101530,3
DEQ,785067580263587,23,1400,177959,2
DEQ,785067580264826,23,1400,173871,1
DEQ,785067580329947,23,1400,236754,0
DEQ,785067586180072,23,1400,93289,1
DEQ,785067586182862,23,1400,93101,0
DEQ,785067593952857,23,1400,105357,1
DEQ,785067593955688,23,1400,98541,0
DEQ,785067598024033,23,1400,57005,3
DEQ,785067598064668,23,1400,94533,2
DEQ,785067598107339,23,1400,119161,1
DEQ,785067598149009,23,1400,158529,0
DEQ,785067608895369,23,1400,42196,1
DEQ,785067608940845,23,1400,79820,0
DEQ,785067620197008,23,1400,107088,4
DEQ,785067620199807,23,1400,101316,3
DEQ,785067620283328,23,1400,179194,2
DEQ,785067620286155,23,1400,177341,1
DEQ,785067620383802,23,1400,272932,0
DEQ,785067626194366,23,1400,111042,1
DEQ,785067626197156,23,1400,104494,0
DEQ,785067632186136,23,1400,103209,3
DEQ,785067632188762,23,1400,95893,2
DEQ,785067632190400,23,1400,91375,1
DEQ,785067632330768,23,1400,229575,0
DEQ,785067638180070,23,1400,102840,1
DEQ,785067638182877,23,1400,96668,0
DEQ,785067644171736,23,1400,93183,2
DEQ,785067644174600,23,1400,86504,1
DEQ,785067644186264,23,1400,92220,0
DEQ,785067650175137,23,1400,99686,1
DEQ,785067650178660,23,1400,94466,0
DEQ,785067656174190,23,1400,101370,1
DEQ,785067656176968,23,1400,94645,0
DEQ,785067662169218,23,1400,96770,2
DEQ,785067662171997,23,1400,84949,1
DEQ,785067662265114,23,1400,176138,0
DEQ,785067668176894,23,1400,99220,1
DEQ,785067668179749,23,1400,92589,0
DEQ,785067674172345,23,1400,95385,3
DEQ,785067674175149,23,1400,89757,2
DEQ,785067674264273,23,1400,173351,1
DEQ,785067674265185,23,1400,172294,0
DEQ,785067680172568,23,1400,99773,1
DEQ,785067680175356,23,1400,92998,0
DEQ,785067686168006,23,1400,91594,3
DEQ,785067686170837,23,1400,84760,2
DEQ,785067686293003,23,1400,201710,1
DEQ,785067686293935,23,1400,200597,0
DEQ,785067692171398,23,1400,98131,1
DEQ,785067692174233,23,1400,90969,0
DEQ,785067698179280,23,1400,102650,1
DEQ,785067698182099,23,1400,96432,0
DEQ,785067704191686,23,1400,106238,1
DEQ,785067704194519,23,1400,99586,0
DEQ,785067710172622,23,1400,89757,3
DEQ,785067710175450,23,1400,84453,2
DEQ,785067710187245,23,1400,90580,1
DEQ,785067710318346,23,1400,219576,0
DEQ,785067716183282,23,1400,99734,1
DEQ,785067716186080,23,1400,94099,0
DEQ,785067722176387,23,1400,106888,2
DEQ,785067722179144,23,1400,100031,1
DEQ,785067722278979,23,1400,194564,0
DEQ,785067728172934,23,1400,94747,2
DEQ,785067728175665,23,1400,89389,1
DEQ,785067728267630,23,1400,175529,0
DEQ,785067734200868,23,1400,100907,1
DEQ,785067734203641,23,1400,95071,0
DEQ,785067740173387,23,1400,99789,1
DEQ,785067740176180,23,1400,93073,0
DEQ,785067746181243,23,1400,98954,3
DEQ,785067746184003,23,1400,92291,2
DEQ,785067746267709,23,1400,170770,1
DEQ,785067746268602,23,1400,169520,0
DEQ,785067752172572,23,1400,100442,1
DEQ,785067752175334,23,1400,93802,0
DEQ,785067758176398,23,1400,100101,2
DEQ,785067758179203,23,1400,94232,1
DEQ,785067758264335,23,1400,173575,0
DEQ,785067764171705,23,1400,98988,1
DEQ,785067764174541,23,1400,92725,0
DEQ,785067770166755,23,1400,93848,2
DEQ,785067770169577,23,1400,87101,1
DEQ,785067770181219,23,1400,94434,0
DEQ,785067776169724,23,1400,94334,3
DEQ,785067776175975,23,1400,91860,2
DEQ,785067776177387,23,1400,88061,1
DEQ,785067776293426,23,1400,201999,0
DEQ,785067782121572,23,1400,97991,2
DEQ,785067782124286,23,1400,92684,1
DEQ,785067782212592,23,1400,175848,0
DEQ,785067788551794,23,1400,128769,1
DEQ,785067788554524,23,1400,122589,0
DEQ,785067794177611,23,1400,96427,2
DEQ,785067794183915,23,1400,88288,1
DEQ,785067794185353,23,1400,87686,0
DEQ,785067800190186,23,1400,114406,1
DEQ,785067800193407,23,1400,109128,0
DEQ,785067806172569,23,1400,99497,1
DEQ,785067806175402,23,1400,93101,0
DEQ,785067812140798,23,1400,84919,3
DEQ,785067812143578,23,1400,79130,2
DEQ,785067812229837,23,1400,160131,2
DEQ,785067812231030,23,1400,159182,1
DEQ,785067812244533,23,1400,96592,0
DEQ,785067818411509,23,1400,42802,1
DEQ,785067818471375,23,1400,94847,0
DEQ,785067824178336,23,1400,92573,1
DEQ,785067824181093,23,1400,88736,0
STATS,785067824304140,0,0,2372,2372,0,0,0
DEQ,785067830169863,23,1400,90472,1
DEQ,785067830172819,23,1400,84845,0
DEQ,785067836126943,23,1400,41018,3
DEQ,785067836226013,23,1400,133739,2
DEQ,785067836227117,23,1400,129308,1
DEQ,785067836227536,23,1400,127644,0
DEQ,785067842183286,23,1400,107932,0
DEQ,785067848173360,23,1400,92090,1
DEQ,785067848176177,23,1400,86233,0
DEQ,785067854174509,23,1400,96531,3
DEQ,785067854177302,23,1400,90494,2
DEQ,785067854262748,23,1400,170250,1
DEQ,785067854263638,23,1400,168595,0
DEQ,785067860178437,23,1400,101622,1
DEQ,785067860181194,23,1400,94793,0
DEQ,785067873577532,23,1400,104887,1
DEQ,785067873581148,23,1400,99396,0
DEQ,785067878173367,23,1400,99962,1
DEQ,785067878176391,23,1400,93425,0
DEQ,785067884178285,23,1400,91337,1
DEQ,785067884181062,23,1400,85104,0
DEQ,785067890173889,23,1400,90947,3
DEQ,785067890177076,23,1400,84567,2
DEQ,785067890188978,23,1400,91080,1
DEQ,785067890320790,23,1400,220696,0
DEQ,785067896171732,23,1400,91639,3
DEQ,785067896174564,23,1400,85424,2
DEQ,785067896186362,23,1400,92083,1
DEQ,785067896314920,23,1400,218619,0
DEQ,785067902173940,23,1400,94038,2
DEQ,785067902176729,23,1400,83059,1
DEQ,785067902181695,23,1400,85958,0
DEQ,785067913570894,23,1400,90642,2
DEQ,785067913573704,23,1400,84064,1
DEQ,785067913660987,23,1400,165850,0
DEQ,785067918174713,23,1400,96558,2
DEQ,785067918177516,23,1400,85555,1
DEQ,785067918263451,23,1400,169213,0
DEQ,785067924188474,23,1400,97214,1
DEQ,785067924191273,23,1400,87805,0
DEQ,785067924300108,23,1400,104309,0
DEQ,785067933598989,23,1400,91873,2
DEQ,785067933601767,23,1400,79105,1
DEQ,785067933694290,23,1400,169257,0
DEQ,785067938175011,23,1400,96035,1
DEQ,785067938177749,23,1400,85397,0
DEQ,785067944175918,23,1400,95310,1
DEQ,785067944178737,23,1400,85453,0
DEQ,785067944304255,23,1400,120656,0
DEQ,785067958596668,23,1400,87595,2
DEQ,785067958599487,23,1400,81610,1
DEQ,785067958691762,23,1400,168646,0
DEQ,785067964190154,23,1400,104068,3
DEQ,785067964193288,23,1400,99048,2
DEQ,785067964194017,23,1400,93252,1
DEQ,785067964324274,23,1400,220855,0
DEQ,785067970190656,23,1400,104045,2
DEQ,785067970194092,23,1400,99222,1
DEQ,785067970289241,23,1400,189792,0
DEQ,785067976193636,23,1400,107580,3
DEQ,785067976196790,23,1400,103006,2
DEQ,785067976292614,23,1400,192283,1
DEQ,785067976293585,23,1400,190919,0
DEQ,785067982185942,23,1400,104189,2
DEQ,785067982189188,23,1400,98999,1
DEQ,785067982189831,23,1400,93105,0
DEQ,785067988597173,23,1400,98377,1
DEQ,785067988607297,23,1400,99591,0
DEQ,785067994191459,23,1400,107042,1
DEQ,785067994194679,23,1400,101401,0
DEQ,785068000179129,23,1400,99798,0
DEQ,785068006014451,23,1400,45835,3
DEQ,785068006119229,23,1400,143291,2
DEQ,785068006120514,23,1400,137419,1
DEQ,785068006136052,23,1400,150561,0
DEQ,785068012198007,23,1400,112210,1
DEQ,785068012201141,23,1400,106567,0
DEQ,785068018166870,23,1400,91291,2
DEQ,785068018177094,23,1400,94773,1
DEQ,785068018277039,23,1400,189419,0
DEQ,785068024155689,23,1400,85879,1
DEQ,785068024261059,23,1400,183646,0
DEQ,785068030181781,23,1400,95178,1
DEQ,785068030184613,23,1400,90905,0
DEQ,785068036189233,23,1400,106410,3
DEQ,785068036191888,23,1400,100748,2
DEQ,785068036193515,23,1400,96904,1
DEQ,785068036312387,23,1400,213693,0
DEQ,785068042180096,23,1400,104648,1
DEQ,785068042182849,23,1400,98573,0
DEQ,785068048192521,23,1400,108822,1
DEQ,785068048195299,23,1400,102686,0
DEQ,785068054187562,23,1400,103571,3
DEQ,785068054190430,23,1400,97079,2
DEQ,785068054192013,23,1400,93281,1
DEQ,785068054331638,23,1400,230865,0
DEQ,785068060176738,23,1400,99234,1
DEQ,785068060179576,23,1400,93583,0
DEQ,785068066176709,23,1400,96094,2
DEQ,785068066182996,23,1400,92842,1
DEQ,785068066184417,23,1400,90082,0
DEQ,785068072170085,23,1400,90299,2
DEQ,785068072172889,23,1400,83504,1
DEQ,785068072264312,23,1400,170884,1
DEQ,785068072265256,23,1400,87648,0
DEQ,785068078178400,23,1400,107037,1
DEQ,785068078181194,23,1400,100432,0
DEQ,785068084176767,23,1400,101772,1
DEQ,785068084179619,23,1400,96120,0
DEQ,785068093667257,23,1400,116936,1
DEQ,785068093670079,23,1400,110637,0
DEQ,785068098184042,23,1400,106405,1
DEQ,785068098186851,23,1400,100459,0
DEQ,785068104177140,23,1400,98068,3
DEQ,785068104179959,23,1400,91680,2
DEQ,785068104266042,23,1400,172421,1
DEQ,785068104266967,23,1400,171242,0
DEQ,785068110178313,23,1400,105192,0
DEQ,785068116189431,23,1400,103901,3
DEQ,785068116192548,23,1400,98465,2
DEQ,785068116193167,23,1400,92177,1
DEQ,785068116315913,23,1400,212512,2
DEQ,785068116316878,23,1400,118492,1
DEQ,785068116409373,23,1400,203583,0
DEQ,785068122094480,23,1400,108656,2
DEQ,785068122097258,23,1400,104039,1
DEQ,785068122097776,23,84,99081,0
DEQ,785068128181712,23,1400,111485,1
DEQ,785068128184557,23,1400,104650,0
DEQ,785068134166763,23,1400,94397,2
DEQ,785068134169566,23,1400,88221,1
DEQ,785068134181510,23,1400,94436,0
DEQ,785068140189659,23,1400,115331,1
DEQ,785068140192468,23,1400,109622,0
DEQ,785068146127716,23,1400,43994,2
DEQ,785068146166034,23,1400,69127,1
DEQ,785068146209664,23,1400,110565,0
DEQ,785068152187598,23,1400,106533,1
DEQ,785068152190527,23,1400,100893,0
DEQ,785068158187430,23,1400,107371,1
DEQ,785068158202191,23,1400,113590,0
DEQ,785068164188396,23,1400,111106,1
DEQ,785068164191214,23,1400,104426,0
DEQ,785068170169124,23,1400,90943,3
DEQ,785068170171936,23,1400,85542,2
DEQ,785068170180023,23,1400,88057,1
DEQ,785068170294262,23,1400,200142,0
DEQ,785068176190318,23,1400,110151,1
DEQ,785068176193514,23,1400,104369,0
DEQ,785068182186543,23,1400,105813,3
DEQ,785068182189554,23,1400,99999,2
DEQ,785068182281867,23,1400,186923,1
DEQ,785068182282777,23,1400,185680,0
DEQ,785068190638871,23,1400,108800,1
DEQ,785068190642004,23,1400,103953,0
DEQ,785068196181695,23,1400,102501,1
DEQ,785068196184492,23,1400,92426,0
DEQ,785068196300076,23,1400,111132,0
DEQ,785068202182750,23,1400,101543,1
DEQ,785068202280088,23,1400,190992,0
DEQ,785068208176672,23,1400,90383,1
DEQ,785068208179456,23,1400,85865,0
DEQ,785068214176105,23,1400,99065,4
DEQ,785068214178907,23,1400,92579,3
DEQ,785068214260989,23,1400,170230,2
DEQ,785068214261889,23,1400,165839,1
DEQ,785068214338318,23,1400,240170,0
DEQ,785068220176032,23,1400,100485,1
DEQ,785068220179475,23,1400,95336,0
DEQ,785068226153203,23,1400,83056,1
DEQ,785068226254063,23,1400,177215,0
DEQ,785068232135064,23,1400,89735,3
DEQ,785068232233386,23,1400,180084,2
DEQ,785068232235571,23,1400,176918,1
DEQ,785068232333214,23,1400,272473,0
DEQ,785068238693325,23,1400,91344,1
DEQ,785068238696101,23,1400,85273,0
DEQ,785068244192504,23,1400,105038,1
DEQ,785068244195306,23,1400,100663,0
DEQ,785068250181851,23,1400,102035,1
DEQ,785068250267447,23,1400,179248,0
DEQ,785068256174820,23,1400,95241,2
DEQ,785068256177665,23,1400,83937,1
DEQ,785068256183150,23,1400,87239,0
DEQ,785068262170714,23,1400,98932,2
DEQ,785068262173596,23,1400,93564,1
DEQ,785068262255916,23,1400,171638,0
DEQ,785068268174207,23,1400,98119,1
DEQ,785068268176992,23,1400,92036,0
DEQ,785068274177582,23,1400,102220,1
DEQ,785068274180379,23,1400,95370,0
DEQ,785068280173844,23,1400,95878,1
DEQ,785068280176647,23,1400,89281,0
DEQ,785068286170922,23,1400,91223,3
DEQ,785068286173773,23,1400,84554,2
DEQ,785068286185793,23,1400,90932,1
DEQ,785068286322310,23,1400,225262,0
DEQ,785068292178872,23,1400,97646,1
DEQ,785068292181699,23,1400,92727,0
DEQ,785068298170048,23,1400,91633,2
DEQ,785068298172909,23,1400,85254,1
DEQ,785068298184636,23,1400,91820,0
DEQ,785068304187517,23,1400,104712,1
DEQ,785068304190336,23,1400,98713,0
DEQ,785068310187423,23,1400,116697,0
DEQ,785068318748401,23,1400,89171,3
DEQ,785068318751177,23,1400,82736,2
DEQ,785068318837068,23,1400,163197,1
DEQ,785068318837970,23,1400,161964,0
DEQ,785068324177270,23,1400,97965,3
DEQ,785068324180054,23,1400,91530,2
DEQ,785068324262722,23,1400,167636,1
DEQ,785068324263589,23,1400,166387,0
DEQ,785068330174302,23,1400,99269,1
DEQ,785068330177056,23,1400,93039,0
DEQ,785068336183369,23,1400,97404,1
DEQ,785068336186125,23,1400,91156,0
DEQ,785068342200086,23,1400,115047,2
DEQ,785068342202837,23,1400,108980,1
DEQ,785068342210820,23,1400,111543,0
DEQ,785068348170840,23,1400,96958,1
DEQ,785068348173684,23,1400,90521,0
DEQ,785068354165944,23,1400,92289,2
DEQ,785068354168828,23,1400,86440,1
DEQ,785068354180653,23,1400,92628,0
DEQ,785068360163368,23,1400,91355,2
DEQ,785068360166175,23,1400,84683,1
DEQ,785068360177898,23,1400,92165,0
DEQ,785068366179244,23,1400,96264,1
DEQ,785068366182045,23,1400,91569,0
DEQ,785068372199306,23,1400,118334,3
DEQ,785068372202102,23,1400,111388,2
DEQ,785068372202574,23,1400,105586,1
DEQ,785068372320813,23,1400,221722,0
DEQ,785068378180800,23,1400,111131,0
DEQ,785068384165793,23,1400,88511,1
DEQ,785068384172747,23,1400,87041,0
DEQ,785068390188963,23,1400,119235,1
DEQ,785068390191749,23,1400,112580,0
DEQ,785068396171773,23,1400,98295,1
DEQ,785068396178723,23,1400,95402,0
DEQ,785068402181716,23,1400,96444,3
DEQ,785068402188018,23,1400,93987,2
DEQ,785068402189545,23,1400,90090,1
DEQ,785068402324087,23,1400,222476,0
DEQ,785068408182152,23,1400,105195,1
DEQ,785068408184966,23,1400,97739,0
DEQ,785068414183560,23,1400,104150,4
DEQ,785068414186363,23,1400,98080,3
DEQ,785068414278327,23,1400,185129,2
DEQ,785068414279337,23,1400,181323,1
DEQ,785068414365803,23,1400,265280,0
DEQ,785068420180855,23,1400,102478,1
DEQ,785068420183647,23,1400,95835,0
DEQ,785068426172545,23,1400,92384,2
DEQ,785068426175391,23,1400,87050,1
DEQ,785068426187218,23,1400,93722,0
DEQ,785068432176581,23,1400,99619,1
DEQ,785068432179404,23,1400,93002,0
DEQ,785068438171275,23,1400,101007,1
DEQ,785068438174160,23,1400,92413,0
DEQ,785068444139488,23,1400,124083,1
DEQ,785068444142533,23,1400,118977,0
DEQ,785068450188792,23,1400,104712,1
DEQ,785068450191622,23,1400,100619,0
DEQ,785068456197823,23,1400,112540,3
DEQ,785068456200921,23,1400,107247,2
DEQ,785068456223219,23,1400,124276,2
DEQ,785068456321300,23,1400,220213,1
DEQ,785068456324122,23,1400,118381,0
DEQ,785068462169759,23,1400,87522,1
DEQ,785068462263446,23,1400,172329,0
DEQ,785068468166753,23,1400,91288,2
DEQ,785068468169641,23,1400,85096,1
DEQ,785068468181319,23,1400,91146,0
DEQ,785068478750209,23,1400,45044,3
DEQ,785068478788511,23,1400,73672,2
DEQ,785068478828814,23,1400,108373,1
DEQ,785068478877721,23,1400,155205,0
DEQ,785068484126028,23,1400,42172,1
DEQ,785068484226755,23,1400,136504,0
DEQ,785068490179154,23,1400,106523,1
DEQ,785068490183350,23,1400,101925,0
DEQ,785068496177609,23,1400,101117,1
DEQ,785068496181761,23,1400,96192,0
DEQ,785068508822758,23,1400,96655,1
DEQ,785068508826883,23,1400,91995,0
DEQ,785068520190505,23,1400,107920,4
DEQ,785068520195229,23,1400,98624,3
DEQ,785068520206213,23,1400,106911,2
DEQ,785068520309531,23,1400,203788,1
DEQ,785068520313446,23,1400,205286,0
DEQ,785068526195981,23,1400,109860,3
DEQ,785068526200540,23,1400,105451,2
DEQ,785068526225554,23,1400,124748,1
DEQ,785068526325147,23,1400,222182,0
DEQ,785068540640385,23,1400,109980,1
DEQ,785068540643479,23,1400,103998,0
DEQ,785068546198486,23,1400,113930,3
DEQ,785068546201504,23,1400,108858,2
DEQ,785068546202118,23,1400,102900,1
DEQ,785068546298521,23,1400,196791,0
DEQ,785068550981638,23,1400,57890,1
DEQ,785068551093075,23,1400,160337,0
DEQ,785068568873948,23,1400,114699,1
DEQ,785068568877197,23,1400,109346,0
DEQ,785068574194971,23,1400,109175,3
DEQ,785068574198062,23,1400,103977,2
DEQ,785068574223927,23,1400,123389,3
DEQ,785068574336830,23,1400,233704,2
DEQ,785068574337724,23,1400,133635,1
DEQ,785068574346278,23,1400,137708,0
DEQ,785068580170925,23,1400,87968,3
DEQ,785068580173661,23,1400,82958,2
DEQ,785068580185605,23,1400,89637,1
DEQ,785068580323285,23,1400,225121,0
DEQ,785068586175312,23,1400,101457,1
DEQ,785068586178779,23,1400,96457,0
DEQ,785068592175048,23,1400,92554,1
DEQ,785068592177856,23,1400,86647,0
DEQ,785068598181755,23,1400,96168,2
DEQ,785068598184821,23,1400,91517,1
DEQ,785068598275862,23,1400,176145,0
DEQ,785068604180872,23,1400,107121,1
DEQ,785068604183660,23,1400,100757,0
DEQ,785068610173998,23,1400,97830,1
DEQ,785068610177114,23,1400,91946,0
DEQ,785068616177535,23,1400,100666,1
DEQ,785068616180340,23,1400,94035,0
DEQ,785068625626684,23,1400,96671,1
DEQ,785068625629500,23,1400,89636,0
DEQ,785068630208684,23,1400,115861,3
DEQ,785068630211637,23,1400,111063,2
DEQ,785068630212135,23,1400,105182,1
DEQ,785068630310534,23,1400,201261,1
DEQ,785068630316855,23,1400,100309,0
DEQ,785068640566278,23,1400,43882,1
DEQ,785068640605683,23,1400,74243,0
DEQ,785068646168747,23,1400,104759,4
DEQ,785068646171544,23,1400,100808,3
DEQ,785068646263953,23,1400,186296,2
DEQ,785068646265019,23,1400,182409,1
DEQ,785068646362383,23,1400,277516,0
DEQ,785068652173216,23,1400,104766,1
DEQ,785068652175953,23,1400,100574,0
DEQ,785068660626607,23,1400,102903,0
DEQ,785068666182564,23,1400,91641,3
DEQ,785068666185380,23,1400,85709,2
DEQ,785068666202043,23,1400,96860,3
DEQ,785068666324276,23,1400,216774,2
DEQ,785068666327089,23,1400,136523,1
DEQ,785068666327565,23,1400,129658,0
DEQ,785068680620784,23,1400,98179,1
DEQ,785068680706741,23,1400,174545,0
DEQ,785068686175822,23,1400,94787,3
DEQ,785068686178579,23,1400,87566,2
DEQ,785068686266846,23,1400,170230,1
DEQ,785068686267723,23,1400,168928,0
DEQ,785068698927115,23,1400,119749,3
DEQ,785068698930706,23,1400,115123,2
DEQ,785068699019668,23,1400,197318,1
DEQ,785068699021244,23,1400,196191,0
DEQ,785068710623792,23,1400,101706,1
DEQ,785068710626619,23,1400,95737,0
DEQ,785068716189506,23,1400,106527,2
DEQ,785068716192689,23,1400,96062,1
DEQ,785068716291499,23,1400,192239,0
DEQ,785068728832580,23,1400,47455,1
DEQ,785068728869751,23,1400,75292,0
DEQ,785068734177582,23,1400,91899,3
DEQ,785068734180387,23,1400,85910,2
DEQ,785068734197592,23,1400,98100,3
DEQ,785068734321725,23,1400,220163,2
DEQ,785068734324561,23,1400,139084,1
DEQ,785068734325033,23,1400,132018,0
DEQ,785068734414062,23,1400,84251,0
DEQ,785068740171044,23,1400,93972,3
DEQ,785068740173817,23,1400,87318,2
DEQ,785068740185600,23,1400,93020,1
DEQ,785068740316629,23,1400,221471,0
DEQ,785068746173665,23,1400,93184,2
DEQ,785068746176463,23,1400,81934,1
DEQ,785068746265968,23,1400,169122,0
DEQ,785068752172585,23,1400,91244,2
DEQ,785068752175386,23,1400,84705,1
DEQ,785068752187297,23,1400,90773,0
DEQ,785068758193297,23,1400,99713,1
DEQ,785068758196060,23,1400,93474,0
DEQ,785068764067437,23,1400,100781,0
DEQ,785068770174235,23,1400,95022,3
DEQ,785068770177030,23,1400,89430,2
DEQ,785068770263605,23,1400,170736,1
DEQ,785068770264537,23,1400,169598,0
DEQ,785068783927972,23,1400,103095,2
DEQ,785068784021134,23,1400,186820,1
DEQ,785068784022873,23,1400,184510,0
DEQ,785068788182423,23,1400,110414,0
DEQ,785068794180256,23,1400,92562,3
DEQ,785068794183126,23,1400,85818,2
DEQ,785068794266069,23,1400,162919,1
DEQ,785068794266955,23,1400,161758,0
DEQ,785068800619129,23,1400,92107,1
DEQ,785068800633232,23,1400,97097,0
DEQ,785068806162474,23,1400,90457,1
DEQ,785068806256838,23,1400,175461,0
DEQ,785068823455056,23,1400,98124,1
DEQ,785068823458205,23,1400,92868,0
DEQ,785068828174233,23,1400,90304,3
DEQ,785068828177035,23,1400,84521,2
DEQ,785068828194073,23,1400,95865,3
STATS,785068828311886,3,4200,2785,2782,0,0,0
DEQ,785068828323642,23,1400,223192,2
DEQ,785068828326441,23,1400,144429,1
DEQ,785068828326875,23,1400,137378,0
DEQ,785068828419941,23,1400,88359,0
DEQ,785068838445952,23,1400,92482,1
DEQ,785068838449422,23,1400,87989,0
DEQ,785068844175926,23,1400,95675,3
DEQ,785068844178683,23,1400,88904,2
DEQ,785068844261858,23,1400,166312,1
DEQ,785068844262772,23,1400,165127,0
DEQ,785068850180045,23,1400,101902,1
DEQ,785068850182824,23,1400,95193,0
DEQ,785068860897307,23,1400,42275,1
DEQ,785068860949455,23,1400,87073,0
DEQ,785068866175810,23,1400,90815,1
DEQ,785068866259067,23,1400,167152,0
DEQ,785068873459196,23,1400,85083,1
DEQ,785068873566562,23,1400,182991,0
DEQ,785068878167487,23,1400,87641,1
DEQ,785068878258336,23,1400,169316,0
DEQ,785068884169733,23,1400,89576,1
DEQ,785068884183684,23,1400,95234,0
DEQ,785068893470849,23,1400,91266,1
DEQ,785068893473670,23,1400,84577,0
DEQ,785068904178921,23,1400,98777,3
DEQ,785068904181807,23,1400,92651,2
DEQ,785068904264446,23,1400,171046,3
DEQ,785068904265324,23,1400,169860,2
DEQ,785068904349985,23,1400,163232,1
DEQ,785068904352835,23,1400,162233,0
DEQ,785068918494137,23,1400,94047,1
DEQ,785068918580032,23,1400,170979,0
DEQ,785068924173540,23,1400,101166,3
DEQ,785068924177176,23,1400,94977,2
DEQ,785068924287775,23,1400,199623,2
DEQ,785068924288695,23,1400,198493,1
DEQ,785068924374099,23,1400,193245,0
DEQ,785068950635861,23,1400,110193,1
DEQ,785068950638997,23,1400,104938,0
DEQ,785068956195612,23,1400,105595,3
DEQ,785068956198430,23,1400,101663,2
DEQ,785068956200453,23,1400,97433,1
DEQ,785068956304405,23,1400,199028,4
DEQ,785068956305370,23,1400,99952,3
DEQ,785068956384196,23,1400,166645,2
DEQ,785068956386997,23,1400,163855,1
DEQ,785068956467330,23,1400,242168,0
DEQ,785068962171003,23,1400,98722,1
DEQ,785068962173783,23,1400,92531,0
DEQ,785068978537617,23,1400,112768,1
DEQ,785068978540367,23,1400,106400,0
DEQ,785068984169805,23,1400,90721,3
DEQ,785068984172603,23,1400,84961,2
DEQ,785068984254982,23,1400,162024,1
DEQ,785068984255838,23,1400,160843,0
DEQ,785068990160583,23,1400,87863,2
DEQ,785068990170858,23,1400,89672,1
DEQ,785068990277006,23,1400,190955,0
DEQ,785069000499270,23,1400,44292,1
DEQ,785069000544064,23,1400,79662,0
DEQ,785069006170038,23,1400,91851,3
DEQ,785069006172852,23,1400,85662,2
DEQ,785069006184677,23,1400,92248,1
DEQ,785069006290111,23,1400,195512,0
DEQ,785069020600666,23,1400,100784,1
DEQ,785069020607688,23,1400,98529,0
DEQ,785069026170497,23,1400,94036,3
DEQ,785069026173321,23,1400,87266,2
DEQ,785069026259844,23,1400,168260,1
DEQ,785069026260728,23,1400,166941,0
DEQ,785069040608939,23,1400,99471,1
DEQ,785069040612016,23,1400,94283,0
DEQ,785069046186790,23,1400,105512,3
DEQ,785069046189736,23,1400,100375,2
DEQ,785069046191274,23,1400,96387,1
DEQ,785069046321756,23,1400,224606,0
DEQ,785069060602062,23,1400,101615,1
DEQ,785069060609196,23,1400,99845,0
DEQ,785069066176293,23,1400,99127,3
DEQ,785069066179134,23,1400,95352,2
DEQ,785069066274192,23,1400,183688,1
DEQ,785069066276201,23,1400,183437,0
DEQ,785069080605776,23,1400,105946,1
DEQ,785069080609409,23,1400,100866,0
DEQ,785069086182212,23,1400,101604,3
DEQ,785069086184801,23,1400,95714,2
DEQ,785069086186564,23,1400,92266,1
DEQ,785069086309163,23,1400,212374,0
DEQ,785069092174134,23,1400,92953,1
DEQ,785069092176935,23,1400,86438,0
DEQ,785069098170900,23,1400,92585,3
DEQ,785069098173667,23,1400,86942,2
DEQ,785069098187660,23,1400,94809,2
DEQ,785069098325819,23,1400,230845,1
DEQ,785069098328628,23,1400,150444,0
DEQ,785069104192593,23,1400,105496,2
DEQ,785069104195365,23,1400,93564,1
DEQ,785069104290893,23,1400,187007,0
DEQ,785069110189167,23,1400,112796,0
DEQ,785069118573232,23,1400,99023,0
DEQ,785069121903369,23,84,21285,0
DEQ,785069130609566,23,1400,105911,1
DEQ,785069130612779,23,1400,100703,0
DEQ,785069136191904,23,1400,107984,3
DEQ,785069136195006,23,1400,102886,2
DEQ,785069136195631,23,1400,96954,1
DEQ,785069136321712,23,1400,220296,0
DEQ,785069142189130,23,1400,94210,3
DEQ,785069142191909,23,1400,87718,2
DEQ,785069142197046,23,1400,87251,1
DEQ,785069142331485,23,1400,219527,0
DEQ,785069153560903,23,1400,95500,1
DEQ,785069153563730,23,1400,90030,0
DEQ,785069164185037,23,1400,90647,3
DEQ,785069164187852,23,1400,84231,2
DEQ,785069164201672,23,1400,92724,2
DEQ,785069164320756,23,1400,209710,1
DEQ,785069164323533,23,1400,131360,0
DEQ,785069173607532,23,1400,101823,1
DEQ,785069173610381,23,1400,95421,0
DEQ,785069178175157,23,1400,100869,1
DEQ,785069178177974,23,1400,93566,0
DEQ,785069184177637,23,1400,106866,1
DEQ,785069184180422,23,1400,101007,0
DEQ,785069191106647,23,1400,109226,1
DEQ,785069191110153,23,1400,102641,0
DEQ,785069196181768,23,1400,109446,1
DEQ,785069196184546,23,1400,102644,0
DEQ,785069202172803,23,1400,90605,2
DEQ,785069202175616,23,1400,83549,1
DEQ,785069202189599,23,1400,92387,1
DEQ,785069202293386,23,1400,113243,0
DEQ,785069208172253,23,1400,100090,1
DEQ,785069208175086,23,1400,93527,0
DEQ,785069220616348,23,1400,96577,1
DEQ,785069220708627,23,1400,179287,0
DEQ,785069226181651,23,1400,96092,3
DEQ,785069226187885,23,1400,94294,2
DEQ,785069226189329,23,1400,90456,1
DEQ,785069226320839,23,1400,219768,4
DEQ,785069226323633,23,1400,130214,3
DEQ,785069226324130,23,1400,126857,2
DEQ,785069226443315,23,1400,240655,1
DEQ,785069226446117,23,1400,241317,0
DEQ,785069232186693,23,1400,110655,1
DEQ,785069232189507,23,1400,103897,0
DEQ,785069238191695,23,1400,114518,1
DEQ,785069238194545,23,1400,108719,0
DEQ,785069244075176,23,1400,108480,2
DEQ,785069244077844,23,1400,102243,1
DEQ,785069244079340,23,1400,97287,0
DEQ,785069250202410,23,1400,121237,2
DEQ,785069250205419,23,1400,115935,1
DEQ,785069250206070,23,1400,110378,0
DEQ,785069256186266,23,1400,104488,2
DEQ,785069256189286,23,1400,98917,1
DEQ,785069256190985,23,1400,95913,0
DEQ,785069270670613,23,1400,126341,1
DEQ,785069270673716,23,1400,120505,0
DEQ,785069276178875,23,1400,98967,1
DEQ,785069276181654,23,1400,95072,0
DEQ,785069282170690,23,1400,97936,3
DEQ,785069282173431,23,1400,94164,2
DEQ,785069282201359,23,1400,115296,4
DEQ,785069282286258,23,1400,197937,3
DEQ,785069282371450,23,1400,193558,2
DEQ,785069282374728,23,1400,189417,1
DEQ,785069282469783,23,1400,282384,0
DEQ,785069288182557,23,1400,102231,1
DEQ,785069288259900,23,1400,170981,0
DEQ,785069300667527,23,1400,114324,1
DEQ,785069300670322,23,1400,107633,0
DEQ,785069306174232,23,1400,92344,2
DEQ,785069306177016,23,1400,86961,1
DEQ,785069306188872,23,1400,94636,0
DEQ,785069312181491,23,1400,103329,3
DEQ,785069312200030,23,1400,112236,4
DEQ,785069312297607,23,1400,204336,3
DEQ,785069312298507,23,1400,203164,2
DEQ,785069312414164,23,1400,225818,1
DEQ,785069312416976,23,1400,224726,0
DEQ,785069318171487,23,1400,101279,1
DEQ,785069318174343,23,1400,94707,0
DEQ,785069324169633,23,1400,93965,3
DEQ,785069324254372,23,1400,169117,2
DEQ,785069324255276,23,1400,164482,1
DEQ,785069324260276,23,1400,167457,0
DEQ,785069330117717,23,1400,96461,1
DEQ,785069330204259,23,1400,174055,0
DEQ,785069336179643,23,1400,108241,2
DEQ,785069336182231,23,1400,101504,1
DEQ,785069336183642,23,1400,98546,0
DEQ,785069348669964,23,1400,99655,1
DEQ,785069348672765,23,1400,93749,0
DEQ,785069354183001,23,1400,96264,3
DEQ,785069354185801,23,1400,90645,2
DEQ,785069354276123,23,1400,175658,3
DEQ,785069354277998,23,1400,175395,2
DEQ,785069354370923,23,1400,180231,2
DEQ,785069354373731,23,1400,179129,1
DEQ,785069354454902,23,1400,173265,0
DEQ,785069360172585,23,1400,98667,1
DEQ,785069360175603,23,1400,92651,0
DEQ,785069368690270,23,1400,106337,1
DEQ,785069368693452,23,1400,100903,0
DEQ,785069374191965,23,1400,110031,3
DEQ,785069374194726,23,1400,103483,2
DEQ,785069374280123,23,1400,183522,2
DEQ,785069374281018,23,1400,182159,1
DEQ,785069374346607,23,1400,147488,0
DEQ,785069380173369,23,1400,100600,1
DEQ,785069380176153,23,1400,95067,0
DEQ,785069386178111,23,1400,101979,3
DEQ,785069386181323,23,1400,95799,2
DEQ,785069386279061,23,1400,188312,1
DEQ,785069386280057,23,1400,187130,0
DEQ,785069392174091,23,1400,113951,2
DEQ,785069392176904,23,1400,109601,1
DEQ,785069392265052,23,1400,193783,0
DEQ,785069398177448,23,1400,107359,0
DEQ,785069404172581,23,1400,90246,3
DEQ,785069404175390,23,1400,85099,2
DEQ,785069404187116,23,1400,91388,1
DEQ,785069404320779,23,1400,222919,0
DEQ,785069410172791,23,1400,102455,1
DEQ,785069410175560,23,1400,95837,0
DEQ,785069416163429,23,1400,90419,2
DEQ,785069416166229,23,1400,80886,1
DEQ,785069416177965,23,1400,90359,0
DEQ,785069422175673,23,1400,99555,3
DEQ,785069422182039,23,1400,96988,2
DEQ,785069422183450,23,1400,93156,1
DEQ,785069422295903,23,1400,203570,0
DEQ,785069438701689,23,1400,89756,3
DEQ,785069438788582,23,1400,167945,2
DEQ,785069438789504,23,1400,163740,1
DEQ,785069438901790,23,1400,273984,1
DEQ,785069438904592,23,1400,110821,0
DEQ,785069444181035,23,1400,95509,3
DEQ,785069444187272,23,1400,94088,2
DEQ,785069444188856,23,1400,89910,1
DEQ,785069444307416,23,1400,206414,0
DEQ,785069450189627,23,1400,104680,0
DEQ,785069456181718,23,1400,98532,4
DEQ,785069456184455,23,1400,92156,3
DEQ,785069456274113,23,1400,177865,2
DEQ,785069456275039,23,1400,172999,1
DEQ,785069456339160,23,1400,234965,0
DEQ,785069462187503,23,1400,104827,1
DEQ,785069462190281,23,1400,98397,0
DEQ,785069468180049,23,1400,99685,1
DEQ,785069468182813,23,1400,93392,0
DEQ,785069474173826,23,1400,97102,4
DEQ,785069474268600,23,1400,183066,3
DEQ,785069474269514,23,1400,179731,2
DEQ,785069474335186,23,1400,240070,1
DEQ,785069474349188,23,1400,251953,0
DEQ,785069480174233,23,1400,99876,1
DEQ,785069480177077,23,1400,93600,0
DEQ,785069486180290,23,1400,104723,1
DEQ,785069486183068,23,1400,100683,0
DEQ,785069492192014,23,1400,105307,4
DEQ,785069492194755,23,1400,101352,3
DEQ,785069492277593,23,1400,179771,2
DEQ,785069492278524,23,1400,174611,1
DEQ,785069492350970,23,1400,244914,0
DEQ,785069498190110,23,1400,107670,1
DEQ,785069498192888,23,1400,102126,0
DEQ,785069504172522,23,1400,98980,1
DEQ,785069504175317,23,1400,93484,0
DEQ,785069510176766,23,1400,98959,2
DEQ,785069510182926,23,1400,96053,1
DEQ,785069510184407,23,1400,93185,0
DEQ,785069516142117,23,1400,83258,1
DEQ,785069516237988,23,1400,172315,0
DEQ,785069522170855,23,1400,95659,3
DEQ,785069522173708,23,1400,91644,2
DEQ,785069522263039,23,1400,174033,1
DEQ,785069522266296,23,1400,175077,0
DEQ,785069526687386,23,1028,144786,0
DEQ,785069527596219,23,1028,123526,0
DEQ,785069528093928,23,1400,94559,2
DEQ,785069528096678,23,1400,86180,1
DEQ,785069528182118,23,1400,166474,0
DEQ,785069528403329,23,1028,34491,0
DEQ,785069529357625,23,1028,114700,0
DEQ,785069530198384,23,1028,78068,0
DEQ,785069531132121,23,1028,40338,0
DEQ,785069532116322,23,1028,149628,0
DEQ,785069533102556,23,1028,149854,0
DEQ,785069534065970,23,1028,127668,0
DEQ,785069534178478,23,1400,99674,1
DEQ,785069534239970,23,1400,155090,0
DEQ,785069535081933,23,1028,160184,0
DEQ,785069536024594,23,1028,118342,0
DEQ,785069537018259,23,1028,121711,0
DEQ,785069538009716,23,1028,117458,0
DEQ,785069539005295,23,1028,125012,0
DEQ,785069539996071,23,1028,125685,0
DEQ,785069540742552,23,1400,99358,0
DEQ,785069540847411,23,1028,80454,0
DEQ,785069541783018,23,1028,126026,0
DEQ,785069542703292,23,1028,144120,0
DEQ,785069543617845,23,1028,154935,0
DEQ,785069544497412,23,1028,146407,0
DEQ,785069545375091,23,1028,146421,0
DEQ,785069546178610,23,1400,91429,2
DEQ,785069546181406,23,1400,81074,1
DEQ,785069546265935,23,1028,154490,0
DEQ,785069547210939,23,1028,107945,0
DEQ,785069548184940,23,1028,81993,0
DEQ,785069549085151,23,1028,104508,0
DEQ,785069550101068,23,1028,127690,0
DEQ,785069550961870,23,1028,72742,3
DEQ,785069550967891,23,1400,57785,2
DEQ,785069551002752,23,1400,76245,1
DEQ,785069551126885,23,1400,197793,3
DEQ,785069551131593,23,1400,126990,2
DEQ,785069551132156,23,1400,110096,1
DEQ,785069551145281,23,1400,121075,0
DEQ,785069551942896,23,1028,153411,0
DEQ,785069552831912,23,1028,134157,0
DEQ,785069553732183,23,1028,132378,0
DEQ,785069554633046,23,1028,130135,0
DEQ,785069555591546,23,1028,172868,0
DEQ,785069556169978,23,1400,83649,1
DEQ,785069556172792,23,1400,72514,0
DEQ,785069556274627,23,1400,97305,0
DEQ,785069556414176,23,1028,104685,0
DEQ,785069557341296,23,1028,150556,0
DEQ,785069558278451,23,1028,142541,0
DEQ,785069559199705,23,1028,63669,0
DEQ,785069560215850,23,1028,81072,0
DEQ,785069561259904,23,1028,123777,0
DEQ,785069562223582,23,1028,161827,0
DEQ,785069563224002,23,1028,165811,0
DEQ,785069564217923,23,1028,158739,0
DEQ,785069565248657,23,1028,183387,0
DEQ,785069566160585,23,1028,92299,0
DEQ,785069567223743,23,1028,157546,0
DEQ,785069568219390,23,1028,150150,0
DEQ,785069568743407,23,1400,93143,3
DEQ,785069568746183,23,1400,86497,2
DEQ,785069568830297,23,1400,163217,1
DEQ,785069568832030,23,1400,162742,0
DEQ,785069569222106,23,1028,154708,0
DEQ,785069570218791,23,1028,149765,0
DEQ,785069571222979,23,1028,155539,0
DEQ,785069572218328,23,1028,148377,0
DEQ,785069573218773,23,1028,155183,0
DEQ,785069574169531,23,1028,110881,2
DEQ,785069574172187,23,1400,96691,1
DEQ,785069574173988,23,1400,91930,0
DEQ,785069574293333,23,1400,115550,0
DEQ,785069575219795,23,1028,163445,0
DEQ,785069576200023,23,1028,139998,0
DEQ,785069577129232,23,1028,153277,0
DEQ,785069578121636,23,1028,155746,0
DEQ,785069579104990,23,1028,145798,0
DEQ,785069580063346,23,1028,109609,0
DEQ,785069580186959,23,1400,111820,2
DEQ,785069580190255,23,1400,91397,1
DEQ,785069580280470,23,1400,179394,0
DEQ,785069581005950,23,1028,139605,0
DEQ,785069581894751,23,1028,127011,0
DEQ,785069582813055,23,1028,141840,0
DEQ,785069583703056,23,1028,127113,0
DEQ,785069584623134,23,1028,128560,0
DEQ,785069585552228,23,1028,155842,0
DEQ,785069586173403,23,1400,82659,1
DEQ,785069586176186,23,1400,73276,0
DEQ,785069586282491,23,1400,101863,0
DEQ,785069586405875,23,1028,119680,0
DEQ,785069587328285,23,1028,161099,0
DEQ,785069588227978,23,1028,85989,0
DEQ,785069589285065,23,1028,146867,0
DEQ,785069590226577,23,1028,87962,0
DEQ,785069591222828,23,1028,87528,0
DEQ,785069592223549,23,1028,82146,0
DEQ,785069593234203,23,1028,94525,0
DEQ,785069594278640,23,1028,141542,0
DEQ,785069595225107,23,1028,89364,0
DEQ,785069596215857,23,1028,81622,0
DEQ,785069597217504,23,1028,88597,0
DEQ,785069598218337,23,1028,85053,0
DEQ,785069598636122,23,1400,41370,0
DEQ,785069599187520,23,1028,82968,0
DEQ,785069600174858,23,1028,88642,0
DEQ,785069601233147,23,1028,144407,0
DEQ,785069602244541,23,1028,148734,0
DEQ,785069603248915,23,1028,152391,0
DEQ,785069604183446,23,1028,104467,4
DEQ,785069604186041,23,1400,95392,3
DEQ,785069604187875,23,1400,94559,2
DEQ,785069604308757,23,1400,212112,2
DEQ,785069604309707,23,1400,210998,1
DEQ,785069604311462,23,1400,119825,0
DEQ,785069604422435,23,1400,107234,0
DEQ,785069605250264,23,1028,155442,0
DEQ,785069606214512,23,1028,121596,0
DEQ,785069607151407,23,1028,132015,0
DEQ,785069608166914,23,1028,149751,0
DEQ,785069609163488,23,1028,149728,0
DEQ,785069610098435,23,1028,89389,0
DEQ,785069610210887,23,1400,101100,0
DEQ,785069611126846,23,1028,113929,0
DEQ,785069612163941,23,1028,150271,0
DEQ,785069613175705,23,1028,158202,0
DEQ,785069614163165,23,1028,145451,0
DEQ,785069615169929,23,1028,150532,0
DEQ,785069616145647,23,1028,120349,0
DEQ,785069617172464,23,1028,142390,0
DEQ,785069618176838,23,1028,149352,0
DEQ,785069618796872,23,1400,115236,1
DEQ,785069618799649,23,1400,104638,0
DEQ,785069618932689,23,1400,128526,0
DEQ,785069619094178,23,1028,86122,0
DEQ,785069620149707,23,1028,151950,0
DEQ,785069621146453,23,1028,150809,0
DEQ,785069622125272,23,1028,128034,0
DEQ,785069623151406,23,1028,157303,0
DEQ,785069624101560,23,1028,105198,0
DEQ,785069624210202,23,1400,96615,2
DEQ,785069624211068,23,1400,91250,1
DEQ,785069624301745,23,1400,176863,1
DEQ,785069624304579,23,1400,89118,0
DEQ,785069625153724,23,1028,156530,0
DEQ,785069626150672,23,1028,158797,0
DEQ,785069627142749,23,1028,147776,0
DEQ,785069628142630,23,1028,151134,0
DEQ,785069629146862,23,1028,151383,0
DEQ,785069630078158,23,1028,82315,0
DEQ,785069630195001,23,1400,99017,1
DEQ,785069630197825,23,1400,90321,0
DEQ,785069631078178,23,1028,159047,0
DEQ,785069631980405,23,1028,127328,0
DEQ,785069632894159,23,1028,129715,0
DEQ,785069633821256,23,1028,150584,0
DEQ,785069634704729,23,1028,128235,0
DEQ,785069635610745,23,1028,132146,0
DEQ,785069636156577,23,1400,85780,1
DEQ,785069636253135,23,1400,168875,0
DEQ,785069636465913,23,1028,85803,0
DEQ,785069637411252,23,1028,144593,0
DEQ,785069638292880,23,1028,149083,0
DEQ,785069639284150,23,1028,144303,0
DEQ,785069640289713,23,1028,147526,0
DEQ,785069641284400,23,1028,145490,0
DEQ,785069642170843,23,1400,89405,3
DEQ,785069642173626,23,1400,82891,2
DEQ,785069642271912,23,1400,173728,1
DEQ,785069642272823,23,1028,162407,0
DEQ,785069643261680,23,1028,149357,0
DEQ,785069644196348,23,1028,90633,0
DEQ,785069645254474,23,1028,153832,0
DEQ,785069646244488,23,1028,145502,0
DEQ,785069647261136,23,1028,162535,0
DEQ,785069648172742,23,1400,100712,2
DEQ,785069648175518,23,1400,94839,1
DEQ,785069648176010,23,1028,92022,0
DEQ,785069649226834,23,1028,143361,0
DEQ,785069650236537,23,1028,151495,0
DEQ,785069651234325,23,1028,148534,0
DEQ,785069652238241,23,1028,161264,0
DEQ,785069653233003,23,1028,151936,0
DEQ,785069654230308,23,1028,157886,0
DEQ,785069655168695,23,1028,94357,0
DEQ,785069656225764,23,1028,148320,0
DEQ,785069657223879,23,1028,150226,0
DEQ,785069658223660,23,1028,152151,0
DEQ,785069658799278,23,1400,105021,1
DEQ,785069658802118,23,1400,99010,0
DEQ,785069659228532,23,1028,157762,0
DEQ,785069660222458,23,1028,152431,0
DEQ,785069661218003,23,1028,148743,0
DEQ,785069662235142,23,1028,165050,0
DEQ,785069663219405,23,1028,150285,0
DEQ,785069664111841,23,1028,38275,4
DEQ,785069664214567,23,1400,129551,3
DEQ,785069664215454,23,1400,127253,2
DEQ,785069664301751,23,1400,207375,1
DEQ,785069664304511,23,1400,207959,0
DEQ,785069665227945,23,1028,155392,0
DEQ,785069666226767,23,1028,157656,0
DEQ,785069667226572,23,1028,162120,0
DEQ,785069668219852,23,1028,149002,0
DEQ,785069669215882,23,1028,146304,0
DEQ,785069670159964,23,1028,94405,2
DEQ,785069670170273,23,1400,93973,1
DEQ,785069670280973,23,1400,201503,0
DEQ,785069671221488,23,1028,162016,0
DEQ,785069672230155,23,1028,166869,0
DEQ,785069673222595,23,1028,152754,0
DEQ,785069674223511,23,1028,152175,0
DEQ,785069675225045,23,1028,147404,0
DEQ,785069676226708,23,1028,153663,0
DEQ,785069677115733,23,1028,39244,0
DEQ,785069678180137,23,1028,116477,0
DEQ,785069679227969,23,1028,161470,0
DEQ,785069680223710,23,1028,155097,0
DEQ,785069680794006,23,1400,99683,1
DEQ,785069680796812,23,1400,93513,0
DEQ,785069681227713,23,1028,154558,0
DEQ,785069682223904,23,1028,152500,0
DEQ,785069683222195,23,1028,146969,0
DEQ,785069684225172,23,1028,150894,0
DEQ,785069685225726,23,1028,152984,0
DEQ,785069686165279,23,1028,101624,4
DEQ,785069686168033,23,1400,94335,3
DEQ,785069686173268,23,1400,96431,2
DEQ,785069686307703,23,1400,226698,1
DEQ,785069686310605,23,1400,227527,0
DEQ,785069687208952,23,1028,152210,0
DEQ,785069688163150,23,1028,103657,0
DEQ,785069689217792,23,1028,164158,0
DEQ,785069690215618,23,1028,157032,0
DEQ,785069691103410,23,1028,67021,0
DEQ,785069692036762,23,1400,69519,5
DEQ,785069692064529,23,1400,89167,4
DEQ,785069692103749,23,1400,125994,5
DEQ,785069692143664,23,1400,151243,4
DEQ,785069692183851,23,1400,189379,3
DEQ,785069692225935,23,1028,203387,2
DEQ,785069692263890,23,1400,197458,1
DEQ,785069692307306,23,1400,238620,0
DEQ,785069693062882,23,1028,47686,0
DEQ,785069694020322,23,1028,35834,0
DEQ,785069694991244,23,1028,36086,0
DEQ,785069695978826,23,1028,50225,0
DEQ,785069696934730,23,1028,36299,0
DEQ,785069697846834,23,1028,50528,0
DEQ,785069697995687,23,1400,41247,0
DEQ,785069698734541,23,1028,46813,0
DEQ,785069699615457,23,1028,35593,0
DEQ,785069700509841,23,1028,39836,0
DEQ,785069701498220,23,1028,150531,0
DEQ,785069702310011,23,1028,80238,0
DEQ,785069703214301,23,1028,84022,0
DEQ,785069704144494,23,1400,125720,4
DEQ,785069704158554,23,1400,130998,3
DEQ,785069704159091,23,1400,125633,2
DEQ,785069704164595,23,1400,129021,1
DEQ,785069704211343,23,1028,78657,0
DEQ,785069705217537,23,1028,103727,0
DEQ,785069706211707,23,1028,97511,0
DEQ,785069707215323,23,1028,107157,0
DEQ,785069708211612,23,1028,91239,0
DEQ,785069709212513,23,1028,87842,0
DEQ,785069710163191,23,1028,42224,0
DEQ,785069710428730,23,1400,43800,2
DEQ,785069710474276,23,1400,79414,1
DEQ,785069710521685,23,1400,122667,0
DEQ,785069711137570,23,1028,41723,0
DEQ,785069712175461,23,1028,88902,0
DEQ,785069713231024,23,1028,143292,0
DEQ,785069714235064,23,1028,149969,0
DEQ,785069715229882,23,1028,145347,0
DEQ,785069716165199,23,1028,87009,3
DEQ,785069716167986,23,1400,82903,2
DEQ,785069716179863,23,1400,92558,1
DEQ,785069716290947,23,1400,200884,0
DEQ,785069717233807,23,1028,147874,0
DEQ,785069718237701,23,1028,148447,0
DEQ,785069719240109,23,1028,150695,0
DEQ,785069720226669,23,1028,148740,0
DEQ,785069721239582,23,1028,163422,0
DEQ,785069722170795,23,1028,96457,2
DEQ,785069722177207,23,1400,90961,1
DEQ,785069722178765,23,1400,90355,0
DEQ,785069723171252,23,1028,90591,0
DEQ,785069724230263,23,1028,150020,0
DEQ,785069725226249,23,1028,144238,0
DEQ,785069726231031,23,1028,150745,0
DEQ,785069727227445,23,1028,145052,0
DEQ,785069728150968,23,1400,100780,3
DEQ,785069728157148,23,1400,98458,2
DEQ,785069728158647,23,1028,97653,1
DEQ,785069728264161,23,1400,198324,0
DEQ,785069729248174,23,1028,194902,0
DEQ,785069730213006,23,1028,161947,0
DEQ,785069731159972,23,1028,118773,0
DEQ,785069732130612,23,1028,79789,0
DEQ,785069733140747,23,1028,87637,0
DEQ,785069734156572,23,1028,115528,0
DEQ,785069735131298,23,1028,99539,0
DEQ,785069736180792,23,1028,149279,0
DEQ,785069737179541,23,1028,153249,0
DEQ,785069738156462,23,1028,126056,0
DEQ,785069738812547,23,1400,88930,2
DEQ,785069738815312,23,1400,77066,1
DEQ,785069738828243,23,1400,87750,1
DEQ,785069738935013,23,1400,115606,0
DEQ,785069739094150,23,1028,83422,0
DEQ,785069740164048,23,1028,150399,0
DEQ,785069741164390,23,1028,153331,0
DEQ,785069742168889,23,1028,150189,0
DEQ,785069743168749,23,1028,153061,0
DEQ,785069744085302,23,1028,71378,0
DEQ,785069744137284,23,1400,41009,2
DEQ,785069744178601,23,1400,71329,1
DEQ,785069744220344,23,1400,110986,0
DEQ,785069745040068,23,1028,42491,0
DEQ,785069746047275,23,1028,54396,0
DEQ,785069747154363,23,1028,157558,0
DEQ,785069748150496,23,1028,151520,0
DEQ,785069749145015,23,1028,149494,0
DEQ,785069750139734,23,1028,147316,0
DEQ,785069751143076,23,1028,152377,0
DEQ,785069752135217,23,1028,144464,0
DEQ,785069753133855,23,1028,143099,0
DEQ,785069754134234,23,1028,146869,0
DEQ,785069755142239,23,1028,153000,0
DEQ,785069756135379,23,1028,152296,0
DEQ,785069757123013,23,1028,146601,0
DEQ,785069758091933,23,1028,123676,0
DEQ,785069758838530,23,1400,96494,1
DEQ,785069758845683,23,1400,94780,0
DEQ,785069758947419,23,1028,82928,0
DEQ,785069759891173,23,1028,128371,0
DEQ,785069760800514,23,1028,135171,0
STATS,785069861136543,65,68308,3467,3402,0,0,0
DEQ,785069946345187,23,1028,184759230,64
DEQ,785069946348619,23,1028,183859254,63
DEQ,785069946349148,23,1028,182959925,62
DEQ,785069946436224,23,1400,182382461,64
DEQ,785069946437156,23,1400,182375009,63
DEQ,785069946539484,23,1400,182471640,64
DEQ,785069946542409,23,1400,182472404,63
DEQ,785069946542839,23,1028,182267863,62
DEQ,785069946570111,23,1028,181418331,64
DEQ,785069946659912,23,1028,180528303,64
DEQ,785069946662879,23,1028,179532468,63
DEQ,785069946663502,23,1028,178537276,62
DEQ,785069946685645,23,1028,177560495,64
DEQ,785069946768766,23,1028,176643899,64
DEQ,785069946771723,23,1028,175618405,63
DEQ,785069946785040,23,1028,174643836,64
DEQ,785069946861396,23,1028,173724782,64
DEQ,785069946864404,23,1028,172720182,63
DEQ,785069946884372,23,1028,171748513,64
DEQ,785069946950891,23,1028,170820385,64
DEQ,785069946953610,23,1028,169818301,63
DEQ,785069946976582,23,1028,168841247,64
DEQ,785069947042658,23,1028,167907249,64
DEQ,785069947045427,23,1028,166907941,63
DEQ,785069947064872,23,1028,165913969,64
DEQ,785069947104133,23,1028,165092968,64
DEQ,785069947149072,23,1028,164145912,64
DEQ,785069947184065,23,1028,163180299,64
DEQ,785069947185402,23,1028,162179545,63
DEQ,785069947226878,23,1028,161221520,64
DEQ,785069947267322,23,1028,160269564,64
DEQ,785069947304082,23,1028,159428328,64
DEQ,785069947348436,23,1028,158567598,64
DEQ,785069947384048,23,1028,157696480,64
DEQ,785069947424053,23,1028,156820886,64
DEQ,785069947425363,23,1028,155920690,63
DEQ,785069947476200,23,1028,155069990,64
DEQ,785069947513715,23,1028,154219393,63
DEQ,785069947554144,23,1028,153382988,62
DEQ,785069947594364,23,1028,152458693,61
DEQ,785069947633521,23,1028,151494019,60
DEQ,785069947673900,23,1028,150529679,59
DEQ,785069947675173,23,1028,149528772,58
DEQ,785069947725993,23,1028,148591765,57
DEQ,785069947763475,23,1028,147627535,56
DEQ,785069947804108,23,1028,146700074,55
DEQ,785069947846191,23,1028,145746415,54
DEQ,785069947847377,23,1028,144748699,53
DEQ,785069947890211,23,1028,143791009,52
DEQ,785069947923852,23,1028,142823497,51
DEQ,785069947973023,23,1028,141875014,50
DEQ,785069948009351,23,1028,140912849,49
DEQ,785069948010911,23,1028,139915002,48
DEQ,785069948043978,23,1028,138946608,47
DEQ,785069948086744,23,1028,137978176,47
DEQ,785069948124115,23,1028,137013114,46
DEQ,785069948125628,23,1028,136037685,45
DEQ,785069948176187,23,1028,135089450,44
DEQ,785069948209652,23,1028,134126523,43
DEQ,785069948249620,23,1028,133166664,42
DEQ,785069948289443,23,1028,132206525,41
DEQ,785069948329616,23,1028,131246139,40
DEQ,785069948374400,23,1028,130318263,39
DEQ,785069948409459,23,1028,129352938,38
DEQ,785069948410640,23,1028,128346410,37
DEQ,785069948459234,23,1028,2106949,36
DEQ,785069948492545,23,1028,2135667,35
DEQ,785069948534173,23,1028,2174944,34
DEQ,785069948572768,23,1028,2133075,33
DEQ,785069948620242,23,1028,2176250,32
DEQ,785069948652419,23,1400,2105022,31
DEQ,785069948692575,23,1400,2131375,32
DEQ,785069948732155,23,1028,2168597,31
DEQ,785069948772259,23,1400,2200433,30
DEQ,785069948812112,23,1400,2146490,31
DEQ,785069948852308,23,1028,2171603,30
DEQ,785069948893147,23,1028,2210145,29
DEQ,785069948932425,23,1028,2246065,28
DEQ,785069948933607,23,1028,2159206,27
DEQ,785069948984542,23,1028,2202293,26
DEQ,785069948986025,23,1028,2199259,25
DEQ,785069949015329,23,1028,2148621,24
DEQ,785069949053075,23,1028,2171570,23
DEQ,785069949097720,23,1028,2212755,23
DEQ,785069949132789,23,1028,2176680,22
DEQ,785069949134080,23,1028,2170557,21
DEQ,785069949181299,23,1028,2203371,20
DEQ,785069949215033,23,1028,2163312,19
DEQ,785069949260320,23,1028,2204455,18
DEQ,785069949294835,23,1028,2229138,17
DEQ,785069949295978,23,1028,2190403,16
DEQ,785069949369417,23,1028,2218930,15
DEQ,785069949403552,23,1028,2217219,14
DEQ,785069949446335,23,1028,2257723,13
DEQ,785069949483317,23,1028,2254888,12
DEQ,785069949484504,23,1028,2215849,11
DEQ,785069949537397,23,1028,2232084,10
DEQ,785069949570800,23,1028,2220957,9
DEQ,785069949610689,23,1028,2225328,8
DEQ,785069949650768,23,1028,2224529,7
DEQ,785069949651929,23,1028,2223605,6
DEQ,785069949725917,23,1028,1646019,5
DEQ,785070146354264,23,1400,197697528,64
DEQ,785070146357524,23,1400,197698654,63
DEQ,785070146357945,23,1400,197583509,62
DEQ,785070146379277,23,1400,197602817,64
DEQ,785070146459611,23,1028,197389035,64
DEQ,785070146460479,23,1028,196420481,63
DEQ,785070146473107,23,1028,195433511,64
DEQ,785070146583321,23,1028,194539927,64
DEQ,785070146586578,23,1028,193551998,63
DEQ,785070146587089,23,1028,192686705,62
DEQ,785070146623535,23,1028,191729566,64
DEQ,785070146705682,23,1028,190900249,64
DEQ,785070146708704,23,1028,190000980,63
DEQ,785070146791766,23,1028,189180348,64
DEQ,785070146794514,23,1028,188280812,63
DEQ,785070146882153,23,1028,187464042,64
DEQ,785070146884910,23,1028,186581141,63
DEQ,785070146886363,23,1028,185705574,62
DEQ,785070146968650,23,1028,184833262,64
DEQ,785070146971411,23,1028,183836963,63
DEQ,785070146986778,23,1028,182846761,64
DEQ,785070147081017,23,1028,181943657,64
DEQ,785070147083819,23,1028,180923897,63
DEQ,785070147103854,23,1028,179966501,64
DEQ,785070147182517,23,1028,179047206,64
DEQ,785070147185200,23,1028,178047003,63
DEQ,785070147186940,23,1028,177051792,62
DEQ,785070147266285,23,1028,176130553,64
DEQ,785070147269377,23,1028,175133369,63
DEQ,785070147347392,23,1028,174203155,64
DEQ,785070147350219,23,1028,173214646,63
DEQ,785070147430265,23,1028,172296888,64
DEQ,785070147433160,23,1028,171299637,63
DEQ,785070147445935,23,1028,170310586,64
DEQ,785070147530886,23,1028,169395122,64
DEQ,785070147533593,23,1028,168398011,63
DEQ,785070147534027,23,1028,167395069,62
DEQ,785070147612285,23,1028,166473596,63
DEQ,785070147615167,23,1028,165479209,62
DEQ,785070147691982,23,1028,164560064,61
DEQ,785070147694690,23,1028,163556262,60
DEQ,785070147695185,23,1028,162556834,59
DEQ,785070147775224,23,1028,161619733,58
DEQ,785070147777959,23,1028,160635048,57
DEQ,785070147778525,23,1028,159634998,56
DEQ,785070147861264,23,1028,158725263,55
DEQ,785070147864836,23,1028,157730271,54
DEQ,785070147949755,23,1028,156823121,53
DEQ,785070147952482,23,1028,155787950,52
DEQ,785070147954219,23,1028,154815419,51
DEQ,785070148023411,23,1028,153885986,50
DEQ,785070148033809,23,1028,152887470,49
DEQ,785070148126007,23,1028,151980684,48
DEQ,785070148129384,23,1028,150985948,47
DEQ,785070148130009,23,1028,149969957,46
DEQ,785070148218513,23,1028,149083700,46
DEQ,785070148221372,23,1028,148079338,45
DEQ,785070148221902,23,1028,147086296,44
DEQ,785070148306143,23,1028,146181391,43
DEQ,785070148309052,23,1028,145180053,42
DEQ,785070148309563,23,1028,144153162,41
DEQ,785070148393732,23,1028,143267293,40
DEQ,785070148396573,23,1028,142270119,39
DEQ,785070148404666,23,1028,141277589,38
DEQ,785070148479693,23,1028,140354174,37
DEQ,785070148482518,23,1028,2122125,36
DEQ,785070148572467,23,1028,2204023,35
DEQ,785070148575237,23,1028,2204474,34
DEQ,785070148659516,23,1400,2277178,33
DEQ,785070148662494,23,1400,2196702,32
DEQ,785070148682461,23,1028,2212262,33
DEQ,785070148764227,23,1400,2288548,32
DEQ,785070148783312,23,1400,2194428,33
DEQ,785070148855973,23,1028,2256373,32
DEQ,785070148862080,23,1028,2260276,31
DEQ,785070148863714,23,1028,2239238,30
DEQ,785070148953160,23,1028,2242256,29
DEQ,785070148955965,23,1028,2233588,28
DEQ,785070149022595,23,1028,2226109,27
DEQ,785070149037502,23,1028,2236995,26
DEQ,785070149050638,23,1028,2163215,25
DEQ,785070149153268,23,1028,2261643,25
DEQ,785070149159585,23,1028,2266202,24
DEQ,785070149167622,23,1028,2194211,23
DEQ,785070149203716,23,1028,2226161,22
DEQ,785070149245188,23,1028,2257126,21
DEQ,785070149283781,23,1028,2197665,20
DEQ,785070149284215,23,1028,2183063,19
DEQ,785070149330806,23,1028,2226179,18
DEQ,785070149371254,23,1028,2183094,17
DEQ,785070149410600,23,1028,2218263,16
DEQ,785070149443000,23,1028,2248517,15
DEQ,785070149483364,23,1028,2211819,14
DEQ,785070149526249,23,1028,2250537,13
DEQ,785070149527453,23,1028,2174882,12
DEQ,785070149563292,23,1028,2206338,11
DEQ,785070149603552,23,1028,2168005,10
DEQ,785070149643629,23,1028,2200334,9
DEQ,785070149683646,23,1028,2236119,8
DEQ,785070149684859,23,1028,2148557,7
DEQ,785070149726422,23,1028,2185934,6
DEQ,785070149763652,23,1028,1634091,5
DEQ,785070149804140,23,1400,1136666,4
DEQ,785070149843786,23,1400,1172334,5
DEQ,785070149889235,23,1400,1114397,4
DEQ,785070149923870,23,1400,1144884,5
DEQ,785070149970438,23,1028,827050,4
DEQ,785070150007196,23,1400,197728,3
DEQ,785070150044018,23,1400,230518,4
DEQ,785070150088112,23,1400,196505,3
DEQ,785070150124598,23,1400,231073,5
DEQ,785070150164157,23,1400,154856,4
DEQ,785070150165585,23,1400,154294,3
DEQ,785070150220557,23,1400,129885,4
DEQ,785070150267326,23,1400,174592,5
DEQ,785070150300615,23,1028,178267,4
DEQ,785070150301848,23,1400,134654,3
DEQ,785070150355247,23,1400,185987,4
DEQ,785070150401499,23,1400,178933,3
DEQ,785070150434893,23,1400,210333,4
DEQ,785070150474916,23,1400,171477,3
DEQ,785070150521574,23,1400,216273,4
DEQ,785070150560801,23,1400,157202,3
DEQ,785070150605233,23,1400,199662,4
DEQ,785070150652359,23,1400,175374,3
DEQ,785070150685085,23,1400,206172,4
DEQ,785070150725087,23,1400,162093,3
DEQ,785070150771730,23,1400,206800,4
DEQ,785070346304237,23,1400,195649553,64
DEQ,785070346307188,23,1400,195650588,63
DEQ,785070346399884,23,1400,195672792,64
DEQ,785070346400878,23,1400,195671889,63
DEQ,785070346420034,23,1028,195312030,64
DEQ,785070346510998,23,1028,194423242,64
DEQ,785070346513695,23,1028,193428700,63
DEQ,785070346543728,23,1028,192455505,64
DEQ,785070346635012,23,1028,191555715,64
DEQ,785070346637808,23,1028,190573438,63
DEQ,785070346638217,23,1028,189586175,62
DEQ,785070346659905,23,1028,188617110,64
DEQ,785070346736327,23,1028,187690598,64
DEQ,785070346738890,23,1028,186691307,63
DEQ,785070346740510,23,1028,185693042,62
DEQ,785070346828530,23,1028,184784720,64
DEQ,785070346831372,23,1028,183788245,63
DEQ,785070346843203,23,1028,182802906,64
DEQ,785070346944286,23,1028,181908800,64
DEQ,785070346947077,23,1028,180952365,63
DEQ,785070346947564,23,1028,179962491,62
DEQ,785070347055856,23,1028,179070328,64
DEQ,785070347058671,23,1028,178074266,63
DEQ,785070347060400,23,1028,177074480,62
DEQ,785070347149163,23,1028,176152887,64
DEQ,785070347151983,23,1028,175158955,63
DEQ,785070347154026,23,1028,174164009,62
DEQ,785070347233938,23,1028,173251420,64
DEQ,785070347236993,23,1028,172260898,63
DEQ,785070347250067,23,1028,171273208,64
DEQ,785070347331946,23,1028,170441815,64
DEQ,785070347334672,23,1028,169545468,63
DEQ,785070347335094,23,1028,168642668,62
DEQ,785070347424127,23,1028,167830674,64
DEQ,785070347426898,23,1028,166915748,63
DEQ,785070347427326,23,1028,166015135,62
DEQ,785070347515123,23,1028,165216696,64
DEQ,785070347517834,23,1028,164342928,63
DEQ,785070347607374,23,1028,163458879,62
DEQ,785070347610248,23,1028,162474756,61
DEQ,785070347610813,23,1028,161471811,60
DEQ,785070347680856,23,1028,160544942,59
DEQ,785070347683491,23,1028,159550423,58
DEQ,785070347685118,23,1028,158547585,57
DEQ,785070347778668,23,1028,157643514,56
DEQ,785070347781356,23,1028,156642737,55
DEQ,785070347783764,23,1028,155647848,54
DEQ,785070347869122,23,1028,154736848,53
DEQ,785070347871864,23,1028,153734838,52
DEQ,785070347952166,23,1028,152816053,51
DEQ,785070347955037,23,1028,151822730,50
DEQ,785070348048572,23,1028,150928651,49
DEQ,785070348051793,23,1028,149932481,48
DEQ,785070348052371,23,1028,148930524,47
DEQ,785070348157084,23,1028,148032305,47
DEQ,785070348159881,23,1028,147038059,46
DEQ,785070348160402,23,1028,146042713,45
DEQ,785070348160802,23,1028,145040285,44
DEQ,785070348168998,23,1028,144046741,43
DEQ,785070348250803,23,1028,143132428,42
DEQ,785070348253539,23,1028,142128783,41
DEQ,785070348330264,23,1028,141206578,40
DEQ,785070348332975,23,1028,140209925,39
DEQ,785070348333524,23,1028,139214985,38
DEQ,785070348419958,23,1028,138290175,37
DEQ,785070348422487,23,1028,2113064,36
DEQ,785070348433027,23,1028,2119031,35
DEQ,785070348543488,23,1028,2140410,34
DEQ,785070348546324,23,1400,2133069,33
DEQ,785070348569336,23,1400,2146071,34
DEQ,785070348667681,23,1028,2151761,33
DEQ,785070348670483,23,1400,2142214,32
DEQ,785070348688462,23,1400,2144097,33
DEQ,785070348801751,23,1028,2161144,32
DEQ,785070348804483,23,1028,2149590,31
DEQ,785070348805943,23,1028,2148792,30
DEQ,785070348899582,23,1028,2239124,29
DEQ,785070348902221,23,1028,2160641,28
DEQ,785070348903771,23,1028,2158165,27
DEQ,785070349013384,23,1028,2265554,26
DEQ,785070349016044,23,1028,2182552,25
DEQ,785070349016551,23,1028,2175933,24
DEQ,785070349114999,23,1028,2271050,24
DEQ,785070349118693,23,1028,2168682,23
DEQ,785070349123533,23,1028,2166391,22
DEQ,785070349163140,23,1028,2203804,21
DEQ,785070349196541,23,1028,2134937,20
DEQ,785070349236245,23,1028,2170413,19
DEQ,785070349276699,23,1028,2208806,18
DEQ,785070349277743,23,1028,2121698,17
DEQ,785070349351077,23,1028,2190886,16
DEQ,785070349388495,23,1028,2226151,15
DEQ,785070349428986,23,1028,2189571,14
DEQ,785070349471850,23,1028,2228019,13
DEQ,785070349508851,23,1028,2257468,12
DEQ,785070349510045,23,1028,2172707,11
DEQ,785070349557224,23,1028,2215866,10
DEQ,785070349590550,23,1028,2246644,9
DEQ,785070349635061,23,1028,2205506,8
DEQ,785070349670451,23,1028,2236798,7
DEQ,785070349671668,23,1028,2235707,6
DEQ,785070349744060,23,1028,1676284,5
DEQ,785070349778302,23,1400,1226995,4
DEQ,785070349821339,23,1400,1263189,5
DEQ,785070349858284,23,1400,1181821,4
DEQ,785070349898283,23,1400,1217877,5
DEQ,785070349938425,23,1028,836872,4
DEQ,785070349978161,23,1400,194829,3
DEQ,785070546312560,23,1400,196525247,64
DEQ,785070546315741,23,1400,196455169,63
DEQ,785070546334668,23,1400,196472175,64
DEQ,785070546368851,23,1400,196376229,64
DEQ,785070546417270,23,1400,196419112,64
DEQ,785070546465425,23,1028,196387203,64
DEQ,785070546497017,23,1028,195425277,64
DEQ,785070546542123,23,1028,194474243,64
DEQ,785070546577440,23,1028,193511076,64
DEQ,785070546629151,23,1028,192561597,64
DEQ,785070546630807,23,1028,191558739,63
DEQ,785070546658136,23,1028,190588021,64
DEQ,785070546696806,23,1028,189627317,64
DEQ,785070546737810,23,1028,188659570,64
DEQ,785070546777074,23,1028,187700846,64
DEQ,785070546778412,23,1028,186719856,63
DEQ,785070546816907,23,1028,185754275,64
DEQ,785070546856823,23,1028,184790496,64
DEQ,785070546900260,23,1028,183836035,64
DEQ,785070546936804,23,1028,182872995,64
DEQ,785070546977017,23,1028,181913992,64
DEQ,785070547023007,23,1028,180962122,64
DEQ,785070547057032,23,1028,179995830,64
DEQ,785070547058433,23,1028,178992419,63
DEQ,785070547101026,23,1028,178034697,64
DEQ,785070547138863,23,1028,177073123,64
DEQ,785070547178870,23,1028,176116169,64
DEQ,785070547180166,23,1028,175110998,63
DEQ,785070547218885,23,1028,174149487,64
DEQ,785070547262322,23,1028,173192395,64
DEQ,785070547298692,23,1028,172226683,64
DEQ,785070547338802,23,1028,171262848,64
DEQ,785070547383426,23,1028,170306446,64
DEQ,785070547418810,23,1028,169347544,64
DEQ,785070547420098,23,1028,168350438,63
DEQ,785070547476120,23,1028,167405737,64
DEQ,785070547513580,23,1028,166414452,64
DEQ,785070547553948,23,1028,165455539,64
DEQ,785070547555103,23,1028,164450011,63
DEQ,785070547601806,23,1028,163498839,62
DEQ,785070547639408,23,1028,162530772,61
DEQ,785070547680290,23,1028,161570596,60
DEQ,785070547720335,23,1028,160610061,59
DEQ,785070547759420,23,1028,159642870,58
DEQ,785070547799681,23,1028,158683046,57
DEQ,785070547800907,23,1028,157681896,56
DEQ,785070547850968,23,1028,156737302,55
DEQ,785070547888570,23,1028,155775790,54
DEQ,785070547928956,23,1028,154815541,53
DEQ,785070547971910,23,1028,153862190,52
DEQ,785070548009009,23,1028,152894391,51
DEQ,785070548010235,23,1028,151891318,50
DEQ,785070548067679,23,1028,150951550,49
DEQ,785070548090818,23,1028,149971299,48
DEQ,785070548135328,23,1028,149015656,47
DEQ,785070548170933,23,1028,148053159,47
DEQ,785070548172421,23,1028,147057327,46
DEQ,785070548244294,23,1028,146123840,45
DEQ,785070548278626,23,1028,145151344,44
DEQ,785070548322185,23,1028,144196696,43
DEQ,785070548358673,23,1028,143231902,42
DEQ,785070548360141,23,1028,142233810,41
DEQ,785070548412334,23,1028,141285144,40
DEQ,785070548446260,23,1028,140311881,39
DEQ,785070548485836,23,1028,139353844,38
DEQ,785070548525964,23,1028,2206909,37
DEQ,785070548527351,23,1028,2203734,36
DEQ,785070548574338,23,1028,2238945,35
DEQ,785070548615805,23,1400,2244481,34
DEQ,785070548662697,23,1400,2244926,35
DEQ,785070548695668,23,1028,2229114,34
DEQ,785070548735615,23,1400,2237238,33
DEQ,785070548776042,23,1400,2233372,34
DEQ,785070548820362,23,1028,2242220,33
DEQ,785070548855466,23,1028,2223808,32
DEQ,785070548895747,23,1028,2261736,31
DEQ,785070548935650,23,1028,2275898,30
DEQ,785070548937084,23,1028,2238685,29
DEQ,785070548978407,23,1028,2239158,28
DEQ,785070549015653,23,1028,2236455,27
DEQ,785070549056290,23,1028,2275174,27
DEQ,785070549095693,23,1028,2277438,26
DEQ,785070549141273,23,1028,2283072,25
DEQ,785070549175362,23,1028,2273633,24
DEQ,785070549176507,23,1028,2238308,23
DEQ,785070549226002,23,1028,2247669,22
DEQ,785070549263495,23,1028,2225708,21
DEQ,785070549304341,23,1028,2244906,20
DEQ,785070549346687,23,1028,2284940,19
DEQ,785070549383769,23,1028,2281059,18
DEQ,785070549385003,23,1028,2244530,17
DEQ,785070549432457,23,1028,2251569,16
DEQ,785070549465802,23,1028,2282630,15
DEQ,785070549510316,23,1028,2290085,14
DEQ,785070549545966,23,1028,2281975,13
DEQ,785070549547162,23,1028,2247081,12
DEQ,785070549619395,23,1028,2279326,11
DEQ,785070549653623,23,1028,2268809,10
DEQ,785070549693646,23,1028,2272950,9
DEQ,785070549694852,23,1028,2271887,8
DEQ,785070549757678,23,1028,2280200,7
DEQ,785070549791835,23,1028,2276695,6
DEQ,785070549834726,23,1028,1683572,5
DEQ,785070746335477,23,1400,197716842,64
DEQ,785070746340396,23,1400,197719613,63
DEQ,785070746340903,23,1400,197602852,62
DEQ,785070746368589,23,1400,197628250,64
DEQ,785070746477938,23,1028,197423013,64
DEQ,785070746482502,23,1028,196438346,63
DEQ,785070746483135,23,1028,195419134,62
DEQ,785070746506547,23,1028,194438630,61
DEQ,785070746545619,23,1028,193566455,64
DEQ,785070746625417,23,1028,192660881,64
DEQ,785070746629199,23,1028,191751511,63
DEQ,785070746646991,23,1028,190872223,62
DEQ,785070746668383,23,1028,189989487,64
DEQ,785070746754877,23,1028,189172624,64
DEQ,785070746757725,23,1028,188273411,63
DEQ,785070746770282,23,1028,187365789,64
DEQ,785070746856923,23,1028,186567062,64
DEQ,785070746859695,23,1028,185693247,63
DEQ,785070746860094,23,1028,184716804,62
DEQ,785070746888722,23,1028,183748820,64
DEQ,785070746975086,23,1028,182836800,64
DEQ,785070746977809,23,1028,181839121,63
DEQ,785070746978311,23,1028,180842372,62
DEQ,785070746992979,23,1028,179860603,64
DEQ,785070747087637,23,1028,178954363,64
DEQ,785070747090961,23,1028,177952903,63
DEQ,785070747091439,23,1028,176954703,62
DEQ,785070747091868,23,1028,175956605,61
DEQ,785070747113053,23,1028,174979813,64
DEQ,785070747183055,23,1028,174046788,64
DEQ,785070747222721,23,1028,173088922,64
DEQ,785070747256930,23,1028,172125435,64
DEQ,785070747296803,23,1028,171127535,64
DEQ,785070747336951,23,1028,170192485,64
DEQ,785070747377239,23,1028,169238133,64
DEQ,785070747417617,23,1028,168282130,64
DEQ,785070747419041,23,1028,167281504,63
DEQ,785070747457278,23,1028,166325642,63
DEQ,785070747458637,23,1028,165326996,62
DEQ,785070747502640,23,1028,164369856,61
DEQ,785070747540504,23,1028,163413216,60
DEQ,785070747577284,23,1028,162452808,59
DEQ,785070747617464,23,1028,161497784,58
DEQ,785070747665098,23,1028,160549875,57
DEQ,785070747696844,23,1028,159589356,56
DEQ,785070747737026,23,1028,158619447,55
DEQ,785070747777413,23,1028,157655150,54
DEQ,785070747778850,23,1028,156652087,53
DEQ,785070747821875,23,1028,155695179,52
DEQ,785070747859384,23,1028,154727751,51
DEQ,785070747906883,23,1028,153773444,50
DEQ,785070747941914,23,1028,152807435,49
DEQ,785070747943483,23,1028,151813302,48
DEQ,785070747979628,23,1028,150849439,47
DEQ,785070748025326,23,1028,149897277,47
DEQ,785070748059816,23,1028,148922372,46
DEQ,785070748061354,23,1028,147929895,45
DEQ,785070748104854,23,1028,146973125,44
DEQ,785070748143930,23,1028,146014589,43
DEQ,785070748179427,23,1028,145045493,42
DEQ,785070748180646,23,1028,144049167,41
DEQ,785070748227766,23,1028,143097299,40
DEQ,785070748263776,23,1028,142138940,39
DEQ,785070748304791,23,1028,141180525,38
DEQ,785070748346797,23,1028,140222523,37
DEQ,785070748383790,23,1028,2037051,36
DEQ,785070748385029,23,1028,2033474,35
DEQ,785070748458948,23,1028,2105040,34
DEQ,785070748492137,23,1028,2122662,33
DEQ,785070748535795,23,1400,2025339,32
DEQ,785070748576318,23,1400,2061482,33
DEQ,785070748624022,23,1400,2105883,32
DEQ,785070748660002,23,1400,2139568,33
DEQ,785070748708036,23,1028,2157911,32
DEQ,785070748739584,23,1028,2090094,31
DEQ,785070748779911,23,1028,2126289,30
DEQ,785070748781086,23,1028,2125299,29
DEQ,785070748823982,23,1028,2152665,28
DEQ,785070748859640,23,1028,2099630,27
DEQ,785070748899787,23,1028,2132098,26
DEQ,785070748944858,23,1028,2174046,25
DEQ,785070748979768,23,1028,2117317,24
DEQ,785070749039138,23,1028,2172466,24
DEQ,785070749040657,23,1028,2171826,23
DEQ,785070749071733,23,1028,2182198,22
DEQ,785070749103209,23,1028,2119040,21
DEQ,785070749153274,23,1028,2164828,20
DEQ,785070749154407,23,1028,2163905,19
DEQ,785070749183827,23,1028,2190312,18
DEQ,785070749222591,23,1028,2127965,17
DEQ,785070749262756,23,1028,2160067,16
DEQ,785070749309044,23,1028,2204258,15
DEQ,785070749342868,23,1028,2232667,14
DEQ,785070749386701,23,1028,2272838,13
DEQ,785070749422601,23,1028,2237597,12
DEQ,785070749462593,23,1028,2239184,11
DEQ,785070749502794,23,1028,2243920,10
DEQ,785070749542635,23,1028,2244332,9
DEQ,785070749543852,23,1028,2205444,8
DEQ,785070749582778,23,1028,2203976,7
DEQ,785070749622850,23,1028,2202439,6
DEQ,785070749666065,23,1028,1646798,5
DEQ,785070749702792,23,1400,1162358,4
DEQ,785070749751910,23,1400,1209515,5
DEQ,785070749791384,23,1400,1165174,4
DEQ,785070749831894,23,1400,1203630,5
DEQ,785070749877888,23,1028,867374,4
DEQ,785070749918922,23,1400,213692,3
DEQ,785070749959471,23,1400,252235,4
DEQ,785070749999398,23,1400,205883,4
DEQ,785070750039917,23,1400,244501,5
DEQ,785070750079242,23,1400,157938,4
DEQ,785070750129303,23,1400,205931,5
DEQ,785070750176743,23,1028,180951,4
DEQ,785070750215021,23,1400,208841,3
DEQ,785070750249248,23,1400,240822,4
DEQ,785070946362306,23,1400,196280564,64
DEQ,785070946364948,23,1400,196281146,63
DEQ,785070946366427,23,1400,196149350,62
DEQ,785070946456962,23,1400,196237959,64
DEQ,785070946457772,23,1028,195457589,63
STATS,785070946476901,64,66164,4028,3964,0,0,0
DEQ,785070946479991,23,1028,194472916,64
DEQ,785070946575018,23,1028,193562754,64
DEQ,785070946578364,23,1028,192582361,63
DEQ,785070946578897,23,1028,191585827,62
DEQ,785070946599648,23,1028,190600319,64
DEQ,785070946687481,23,1028,189701616,64
DEQ,785070946690888,23,1028,188709982,63
DEQ,785070946691464,23,1028,187711225,62
DEQ,785070946711815,23,1028,186737815,64
DEQ,785070946794521,23,1028,185907994,64
DEQ,785070946797926,23,1028,185006299,63
DEQ,785070946798606,23,1028,184103761,62
DEQ,785070946819867,23,1028,183224486,64
DEQ,785070946897044,23,1028,182394725,64
DEQ,785070946899784,23,1028,181483287,63
DEQ,785070946901605,23,1028,180597964,62
DEQ,785070946988518,23,1028,179808014,64
DEQ,785070946991427,23,1028,178856094,63
DEQ,785070947003730,23,1028,177866469,64
DEQ,785070947096087,23,1028,176958079,64
DEQ,785070947098892,23,1028,175954572,63
DEQ,785070947119363,23,1028,174973789,64
DEQ,785070947150287,23,1028,174012729,64
DEQ,785070947194512,23,1028,173062481,64
DEQ,785070947229789,23,1028,172094060,64
DEQ,785070947273796,23,1028,171141669,64
DEQ,785070947310225,23,1028,170178695,64
DEQ,785070947311385,23,1028,169181745,63
DEQ,785070947357669,23,1028,168223529,64
DEQ,785070947391116,23,1028,167253843,64
DEQ,785070947436760,23,1028,166300461,64
DEQ,785070947470860,23,1028,165462711,64
DEQ,785070947518270,23,1028,164515136,63
DEQ,785070947551626,23,1028,163548518,62
DEQ,785070947553156,23,1028,162547044,61
DEQ,785070947600983,23,1028,161592112,60
DEQ,785070947638914,23,1028,160625314,59
DEQ,785070947684105,23,1028,159671361,58
DEQ,785070947685681,23,1028,158667185,57
DEQ,785070947718887,23,1028,157698006,56
DEQ,785070947762659,23,1028,156747025,55
DEQ,785070947798571,23,1028,155781394,54
DEQ,785070947838980,23,1028,154827383,53
DEQ,785070947881872,23,1028,153872502,52
DEQ,785070947919006,23,1028,152905070,51
DEQ,785070947920384,23,1028,151903681,50
DEQ,785070947976014,23,1028,150957951,49
DEQ,785070948013768,23,1028,149994019,48
DEQ,785070948053740,23,1028,149028334,48
DEQ,785070948094844,23,1028,148074414,47
DEQ,785070948133802,23,1028,147113199,46
DEQ,785070948174111,23,1028,146154738,45
DEQ,785070948175588,23,1028,145159343,44
DEQ,785070948226234,23,1028,144209395,43
DEQ,785070948263689,23,1028,143323996,42
DEQ,785070948304261,23,1028,142452351,41
DEQ,785070948344585,23,1028,141587947,40
DEQ,785070948383743,23,1028,140726048,39
DEQ,785070948424161,23,1028,139866206,38
DEQ,785070948425649,23,1028,138967471,37
DEQ,785070948476204,23,1028,2109120,36
DEQ,785070948513724,23,1028,2142243,35
DEQ,785070948554350,23,1028,2180683,34
DEQ,785070948593840,23,1400,2132257,33
DEQ,785070948633881,23,1400,2157039,34
DEQ,785070948675377,23,1028,2192780,33
DEQ,785070948713924,23,1400,2130718,32
DEQ,785070948759586,23,1400,2168443,33
DEQ,785070948793983,23,1028,2200380,32
DEQ,785070948837607,23,1028,2236301,31
DEQ,785070948874136,23,1028,2180085,30
DEQ,785070948875472,23,1028,2168730,29
DEQ,785070948927672,23,1028,2218700,28
DEQ,785070948958366,23,1028,2244944,27
DEQ,785070948997879,23,1028,2196684,26
DEQ,785070949038123,23,1028,2223258,26
DEQ,785070949084552,23,1028,2267478,25
DEQ,785070949117705,23,1028,2296265,24
DEQ,785071146304357,23,1028,199401187,64
DEQ,785071146307243,23,1028,199400010,63
DEQ,785071146307724,23,1028,199398409,62
DEQ,785071146331088,23,1028,199337493,64
DEQ,785071146410297,23,1028,199409171,64
DEQ,785071146411226,23,1028,199406101,63
DEQ,785071146411698,23,1028,199310572,62
DEQ,785071146519580,23,1028,199402889,64
DEQ,785071146522363,23,1028,199401548,63
DEQ,785071146522893,23,1028,199371319,62
DEQ,785071146557825,23,1028,199361977,64
DEQ,785071146632047,23,1028,199401012,64
DEQ,785071146634948,23,1028,199359886,63
DEQ,785071146635486,23,1028,199323517,62
DEQ,785071146669336,23,1028,199355265,64
DEQ,785071146747175,23,1028,199388291,64
DEQ,785071146749804,23,1028,199357419,63
DEQ,785071146750223,23,1028,199312124,62
DEQ,785071146751809,23,1028,198722889,61
DEQ,785071146850664,23,1400,198251167,64
DEQ,785071146853485,23,1400,198251175,63
DEQ,785071146886821,23,1400,198170310,64
DEQ,785071146970619,23,1400,198251746,64
DEQ,785071146974043,23,1028,197956779,63
DEQ,785071146996561,23,1028,196997993,64
DEQ,785071147032260,23,1028,196053309,64
DEQ,785071147064499,23,1028,195103433,64
DEQ,785071147104586,23,1028,194164067,64
DEQ,785071147149653,23,1028,193311393,64
DEQ,785071147184534,23,1028,192455055,64
DEQ,785071147185888,23,1028,191560914,63
DEQ,785071147226855,23,1028,190708313,64
DEQ,785071147269004,23,1028,189849056,64
DEQ,785071147304606,23,1028,189005198,64
DEQ,785071147305970,23,1028,188125141,63
DEQ,785071147354764,23,1028,187208340,64
DEQ,785071147388803,23,1028,186254394,64
DEQ,785071147432583,23,1028,185304849,64
DEQ,785071147472845,23,1028,184339533,63
DEQ,785071147508810,23,1028,183367181,62
DEQ,785071147551743,23,1028,182414531,61
DEQ,785071147592076,23,1028,181444469,60
DEQ,785071147628822,23,1028,180493041,59
DEQ,785071147669677,23,1028,179533307,58
DEQ,785071147715935,23,1028,178578235,57
DEQ,785071147748757,23,1028,177620207,56
DEQ,785071147790705,23,1028,176668380,55
DEQ,785071147835037,23,1028,175716434,54
DEQ,785071147836217,23,1028,174718305,53
DEQ,785071147877887,23,1028,173767313,52
DEQ,785071147911282,23,1028,172802667,51
DEQ,785071147951472,23,1028,171840748,50
DEQ,785071147991325,23,1028,170885967,49
DEQ,785071148036068,23,1028,169936797,49
DEQ,785071148071415,23,1028,168971382,48
DEQ,785071148111087,23,1028,168008434,47
DEQ,785071148151357,23,1028,167050855,46
DEQ,785071148152607,23,1028,166053480,45
DEQ,785071148225977,23,1028,165128763,44
DEQ,785071148263690,23,1028,164171837,43
DEQ,785071148303964,23,1028,163211522,42
DEQ,785071148346833,23,1028,162254483,41
DEQ,785071148383727,23,1028,161287948,40
DEQ,785071148384981,23,1028,160295420,39
DEQ,785071148458140,23,1028,159366920,38
DEQ,785071148491359,23,1028,2181692,37
DEQ,785071148535624,23,1028,2209619,36
DEQ,785071148571522,23,1028,2243046,35
DEQ,785071148572784,23,84,2241016,34
DEQ,785071148618649,23,1028,2204225,33
DEQ,785071148651589,23,1028,2232908,32
DEQ,785071148652703,23,1028,2231863,31
DEQ,785071148699011,23,1028,2173932,30
DEQ,785071148734103,23,1028,2191026,29
DEQ,785071148781008,23,1028,2225843,28
DEQ,785071148814203,23,1028,2255736,27
DEQ,785071148815493,23,1028,2177793,26
DEQ,785071148884204,23,1028,2235604,25
DEQ,785071148925369,23,1028,2274488,24
DEQ,785071148957515,23,1028,2287535,23
DEQ,785071148997447,23,1028,2244564,22
DEQ,785071149037528,23,1028,2280728,22
DEQ,785071149077608,23,1028,2318741,21
DEQ,785071149120187,23,1028,2359218,20
DEQ,785071149157631,23,1028,2301832,19
DEQ,785071149158912,23,1028,2296169,18
DEQ,785071149199294,23,1400,2310130,17
DEQ,785071149241446,23,1400,2265099,18
DEQ,785071149292167,23,1400,2299116,17
DEQ,785071149331623,23,1400,2333204,18
DEQ,785071149378198,23,1028,2344118,17
DEQ,785071149411780,23,1028,2345702,16
DEQ,785071149457435,23,1028,2351196,15
DEQ,785071149498268,23,1028,2347027,14
DEQ,785071149531789,23,1028,2345086,13
DEQ,785071149533000,23,1028,2344084,12
DEQ,785071149573309,23,1028,2344953,11
DEQ,785071149611785,23,1028,2341336,10
DEQ,785071149661391,23,1028,2354726,9
DEQ,785071149694871,23,1028,2385956,8
DEQ,785071149734730,23,1028,2378682,7
DEQ,785071149775136,23,1028,2384764,6
DEQ,785071149821547,23,1028,1802866,5
DEQ,785071149854782,23,1028,847350,4
DEQ,785071149903570,23,1400,700400,3
DEQ,785071149934984,23,1400,729760,4
DEQ,785071149978682,23,1400,684154,3
DEQ,785071150015106,23,1400,718368,5
DEQ,785071346355927,23,1400,196449848,64
DEQ,785071346358796,23,1400,196450561,63
DEQ,785071346359399,23,1400,196378243,62
DEQ,785071346379469,23,1400,196396270,64
DEQ,785071346476036,23,1028,196490504,64
DEQ,785071346476922,23,1028,195498713,63
DEQ,785071346477478,23,1028,194492019,62
DEQ,785071346584530,23,1028,193616605,64
DEQ,785071346587271,23,1028,192633418,63
DEQ,785071346587696,23,1028,191716760,62
DEQ,785071346622823,23,1028,190855962,64
DEQ,785071346695949,23,1028,190025891,64
DEQ,785071346698782,23,1028,189127883,63
DEQ,785071346699239,23,1028,188227522,62
DEQ,785071346822357,23,1028,187472942,64
DEQ,785071346825168,23,1028,186598561,63
DEQ,785071346858315,23,1028,185740837,64
DEQ,785071346939327,23,1028,184846809,64
DEQ,785071346942099,23,1028,183875347,63
DEQ,785071346942511,23,1028,182887650,62
DEQ,785071346981337,23,1028,181950292,64
DEQ,785071347056253,23,1028,181053513,64
DEQ,785071347058943,23,1028,180071542,63
DEQ,785071347088080,23,1028,179109984,64
DEQ,785071347106898,23,1028,178135664,64
DEQ,785071347153785,23,1028,177187560,64
DEQ,785071347191681,23,1028,176312330,64
DEQ,785071347226799,23,1028,175453285,64
DEQ,785071347274116,23,1028,174596081,64
DEQ,785071347314650,23,1028,173719912,64
DEQ,785071347350436,23,1028,172853380,64
DEQ,785071347391776,23,1028,171987834,64
DEQ,785071347427069,23,1028,171137623,64
DEQ,785071347428504,23,1028,170258356,63
DEQ,785071347476571,23,1028,169341612,64
DEQ,785071347514027,23,1028,168381261,64
DEQ,785071347553863,23,1028,167425258,64
DEQ,785071347601668,23,1028,166470526,63
DEQ,785071347641298,23,1028,165509597,62
DEQ,785071347674009,23,1028,164540539,61
DEQ,785071347675471,23,1028,163536766,60
DEQ,785071347726075,23,1028,162586098,59
DEQ,785071347763539,23,1028,161625237,58
DEQ,785071347804182,23,1028,160666437,57
DEQ,785071347846742,23,1028,159706229,56
DEQ,785071347883864,23,1028,158738581,55
DEQ,785071347885136,23,1028,157747828,54
DEQ,785071347931341,23,1028,156797364,53
DEQ,785071347964553,23,1028,155834356,52
DEQ,785071348010194,23,1028,154872843,51
DEQ,785071348044555,23,1028,153912797,50
DEQ,785071348045822,23,1028,152910952,49
DEQ,785071348119443,23,1028,151981269,48
DEQ,785071348153804,23,1028,151017364,48
DEQ,785071348196331,23,1028,150056552,47
DEQ,785071348233404,23,1028,149095910,46
DEQ,785071348234570,23,1028,148091220,45
DEQ,785071348287367,23,1028,147147133,44
DEQ,785071348320766,23,1028,146179171,43
DEQ,785071348360784,23,1028,145222425,42
DEQ,785071348400870,23,1028,144261967,41
DEQ,785071348402052,23,1028,143270366,40
DEQ,785071348476162,23,1028,142349526,39
DEQ,785071348513563,23,1028,141388815,38
DEQ,785071348554525,23,1028,140421446,37
DEQ,785071348594436,23,1028,2232934,36
DEQ,785071348633614,23,1028,2264217,35
DEQ,785071348673584,23,1028,2301972,34
DEQ,785071348713862,23,1400,2332253,33
DEQ,785071348753823,23,1400,2274305,34
DEQ,785071348754986,23,1028,2270851,33
DEQ,785071348801021,23,1400,2312953,32
DEQ,785071348849846,23,1400,2260571,33
DEQ,785071348895093,23,1028,2293858,32
DEQ,785071348928549,23,1028,2325209,31
DEQ,785071348974419,23,1028,2350946,30
DEQ,785071349008623,23,1028,2307354,29
DEQ,785071349048792,23,1028,2343496,28
DEQ,785071349050226,23,1028,2342855,27
DEQ,785071349101171,23,1028,2274065,26
DEQ,785071349138923,23,1028,2296237,26
DEQ,785071349181553,23,1028,2322586,25
DEQ,785071349226250,23,1028,2281617,24
DEQ,785071349227433,23,1028,2270540,23
DEQ,785071349258832,23,1028,2280346,22
DEQ,785071349301911,23,1028,2319360,21
DEQ,785071349344328,23,1028,2275254,20
DEQ,785071349345602,23,1028,2272516,19
DEQ,785071349390227,23,1028,2301281,18
DEQ,785071349423558,23,1028,2315809,17
DEQ,785071349468233,23,1028,2312830,16
DEQ,785071349503577,23,1028,2311286,15
DEQ,785071349547008,23,1028,2318706,14
DEQ,785071349591365,23,1028,2315750,13
DEQ,785071349592502,23,1028,2276338,12
DEQ,785071349623550,23,1028,2271605,11
DEQ,785071349663974,23,1028,2270630,10
DEQ,785071349703558,23,1028,2274295,9
DEQ,785071349704717,23,1028,2273274,8
DEQ,785071349753125,23,1028,2275096,7
DEQ,785071349786313,23,1028,2270648,6
DEQ,785071349832174,23,1028,1685575,5
DEQ,785071349866147,23,1400,1147648,4
DEQ,785071349906340,23,1400,1186033,5
DEQ,785071349946288,23,1400,1142961,4
DEQ,785071349986323,23,1400,1180915,5
DEQ,785071350026219,23,1028,902396,4
DEQ,785071350066051,23,1400,197746,3
DEQ,785071350106331,23,1400,235940,4
DEQ,785071350146544,23,1400,198101,4
DEQ,785071350147990,23,1400,197507,3
DEQ,785071350192193,23,1400,123785,4
DEQ,785071546356115,23,1400,196285517,64
DEQ,785071546358986,23,1028,196250326,63
DEQ,785071546359542,23,1400,196209893,62
DEQ,785071546360175,23,1400,196208323,61
DEQ,785071546383754,23,1400,196189352,64
DEQ,785071546460324,23,1400,196263803,64
DEQ,785071546461223,23,1028,195377512,63
DEQ,785071546574673,23,1028,194494253,64
DEQ,785071546577494,23,1028,193496048,63
DEQ,785071546577964,23,1028,192504739,62
DEQ,785071546578422,23,1028,191508236,61
DEQ,785071546622519,23,1028,190566075,64
DEQ,785071546698076,23,1028,189656725,64
DEQ,785071546700898,23,1028,188664248,63
DEQ,785071546802859,23,1028,187770392,64
DEQ,785071546806310,23,1028,186763517,63
DEQ,785071546822711,23,1028,185783442,64
DEQ,785071546909781,23,1028,184869353,64
DEQ,785071546913227,23,1028,183870150,63
DEQ,785071546913815,23,1028,182873512,62
DEQ,785071546934178,23,1028,181896297,64
DEQ,785071547023596,23,1028,180984361,64
DEQ,785071547029663,23,1028,179986833,63
DEQ,785071547031444,23,1028,178991620,62
DEQ,785071547127587,23,1028,178105920,64
DEQ,785071547130392,23,1028,177121249,63
DEQ,785071547130815,23,1028,176135248,62
DEQ,785071547148503,23,1028,175185583,64
DEQ,785071547263429,23,1028,174341130,64
DEQ,785071547266297,23,1028,173372240,63
DEQ,785071547278545,23,1028,172489130,64
DEQ,785071547355108,23,1028,171676209,64
DEQ,785071547357891,23,1028,170792619,63
DEQ,785071547377344,23,1028,169922834,64
DEQ,785071547454067,23,1028,169114008,64
DEQ,785071547474604,23,1028,168252431,64
DEQ,785071547561076,23,1028,167428700,64
DEQ,785071547563849,23,1028,166426241,63
DEQ,785071547564334,23,1028,165427846,62
DEQ,785071547574810,23,1028,164445285,62
DEQ,785071547653344,23,1028,163535114,61
DEQ,785071547655886,23,1028,162539977,60
DEQ,785071547657388,23,1028,161544585,59
DEQ,785071547743233,23,1028,160637869,58
DEQ,785071547745948,23,1028,159649381,57
DEQ,785071547826934,23,1028,158728098,56
DEQ,785071547829741,23,1028,157731224,55
DEQ,785071547893472,23,1028,156808814,54
DEQ,785071547896280,23,1028,155811114,53
DEQ,785071547972369,23,1028,154893821,52
DEQ,785071547975678,23,1028,153902215,51
DEQ,785071548053385,23,1028,152974355,50
DEQ,785071548056780,23,1028,151982937,49
DEQ,785071548057283,23,1028,150974791,48
DEQ,785071548076834,23,1028,149993993,48
DEQ,785071548109285,23,1028,149026418,47
DEQ,785071548161168,23,1028,148077663,46
DEQ,785071548194632,23,1028,147107822,45
DEQ,785071548234575,23,1028,146142533,44
DEQ,785071548275046,23,1028,145179456,43
DEQ,785071548314990,23,1028,144225517,42
DEQ,785071548354394,23,1028,143388268,41
DEQ,785071548394689,23,1028,142431821,40
DEQ,785071548434512,23,1028,141475729,39
DEQ,785071548435756,23,1028,140563824,38
DEQ,785071548476205,23,1028,2108968,37
DEQ,785071548514460,23,1028,2142779,36
DEQ,785071548555202,23,1028,2181233,35
DEQ,785071548595354,23,1028,2219319,34
DEQ,785071548634393,23,1400,2248351,33
DEQ,785071548674743,23,1400,2211596,34
DEQ,785071548717986,23,1400,2249089,33
DEQ,785071548754288,23,1400,2172719,34
DEQ,785071548794437,23,1028,2203130,33
DEQ,785071548834553,23,1028,2241081,32
DEQ,785071548877457,23,1028,2279610,31
DEQ,785071548914609,23,1028,2290568,30
DEQ,785071548915892,23,1028,2212858,29
DEQ,785071548954718,23,1028,2240411,29
DEQ,785071549003998,23,1028,2188009,28
DEQ,785071549034532,23,1028,2214284,27
DEQ,785071549074658,23,1028,2251321,26
DEQ,785071549120274,23,1028,2199862,25
DEQ,785071549154425,23,1028,2225418,24
DEQ,785071549155617,23,1028,2224249,23
DEQ,785071549199375,23,1028,2264525,22
DEQ,785071549234504,23,1028,2202011,21
DEQ,785071549281260,23,1028,2244728,20
DEQ,785071549314358,23,1028,2275661,19
DEQ,785071549315565,23,1028,2182420,18
DEQ,785071549385436,23,1028,2248155,17
DEQ,785071549418777,23,1028,2279250,16
DEQ,785071549463656,23,1028,2314471,15
DEQ,785071549498782,23,1028,2226959,14
DEQ,785071549545393,23,1028,2269491,13
DEQ,785071549578747,23,1028,2298787,12
DEQ,785071549579924,23,1028,2219649,11
DEQ,785071549638554,23,1028,2274131,10
DEQ,785071549671790,23,1028,2292210,9
DEQ,785071549717525,23,1028,2259170,8
DEQ,785071549759224,23,1028,2283219,7
DEQ,785071549791888,23,1028,2221618,6
DEQ,785071549793050,23,1028,1725223,5
DEQ,785071549852532,23,1400,1214028,5
DEQ,785071549899462,23,1400,1258831,6
DEQ,785071549938704,23,1400,1218581,5
DEQ,785071549980312,23,1400,1258173,6
DEQ,785071550027160,23,1028,1081418,5
DEQ,785071550060089,23,1028,257209,4
DEQ,785071550061343,23,1400,206666,3
DEQ,785071550130508,23,1400,273813,4
DEQ,785071746359134,23,1400,196418378,64
DEQ,785071746361901,23,1400,196419180,63
DEQ,785071746362394,23,1400,196299603,62
DEQ,785071746463648,23,1400,196398641,64
DEQ,785071746464519,23,1028,195766189,63
DEQ,785071746479745,23,1028,194876113,64
DEQ,785071746572722,23,1028,194067751,64
DEQ,785071746575501,23,1028,193169272,63
DEQ,785071746575924,23,1028,192282094,62
DEQ,785071746611790,23,1028,191452171,64
DEQ,785071746684928,23,1028,190565296,64
DEQ,785071746687626,23,1028,189592181,63
DEQ,785071746688070,23,1028,188597224,62
DEQ,785071746705994,23,1028,187618415,64
DEQ,785071746794974,23,1028,186714007,64
DEQ,785071746811385,23,1028,185740560,64
DEQ,785071746899773,23,1028,184831781,64
DEQ,785071746903038,23,1028,183842896,63
DEQ,785071746922658,23,1028,182865987,64
DEQ,785071747005597,23,1028,181947147,64
DEQ,785071747008403,23,1028,180957650,63
DEQ,785071747037583,23,1028,179993426,64
DEQ,785071747059116,23,1028,179021588,64
DEQ,785071747140280,23,1028,178113947,64
DEQ,785071747143011,23,1028,177115019,63
DEQ,785071747143437,23,1028,176123262,62
DEQ,785071747157804,23,1028,175137024,64
DEQ,785071747229159,23,1028,174212396,64
DEQ,785071747248140,23,1028,173234654,64
DEQ,785071747320728,23,1028,172311266,64
DEQ,785071747323642,23,1028,171326000,63
DEQ,785071747335948,23,1028,170466194,64
DEQ,785071747419783,23,1028,169585443,64
DEQ,785071747422520,23,1028,168620139,63
DEQ,785071747424082,23,1028,167654573,62
DEQ,785071747501236,23,1028,166763927,64
DEQ,785071747503986,23,1028,165795075,63
DEQ,785071747506057,23,1028,164896581,62
DEQ,785071747598495,23,1028,164090399,62
DEQ,785071747601301,23,1028,163204578,61
DEQ,785071747601700,23,1028,162330741,60
DEQ,785071747697948,23,1028,161552061,59
DEQ,785071747700734,23,1028,160559284,58
DEQ,785071747787680,23,1028,159646125,57
DEQ,785071747790265,23,1028,158651518,56
DEQ,785071747791799,23,1028,157656936,55
DEQ,785071747871512,23,1028,156722470,54
DEQ,785071747874234,23,1028,155741273,53
DEQ,785071747949415,23,1028,154813045,52
DEQ,785071747952163,23,1028,153820904,51
DEQ,785071747952615,23,1028,152826996,50
DEQ,785071748008220,23,1028,151890689,50
DEQ,785071748041739,23,1028,150922769,49
DEQ,785071748081741,23,1028,149969876,48
DEQ,785071748122189,23,1028,149009282,47
DEQ,785071748165444,23,1028,148059244,46
DEQ,785071748166804,23,1028,147063010,45
DEQ,785071748208221,23,1028,146112136,44
DEQ,785071748241655,23,1028,145136286,43
DEQ,785071748284347,23,1028,144180291,42
DEQ,785071748321486,23,1028,143222311,41
DEQ,785071748361502,23,1028,142268811,40
DEQ,785071748401860,23,1028,141320207,39
DEQ,785071748403296,23,1028,140323520,38
DEQ,785071748475904,23,1028,139389579,37
DEQ,785071748521923,23,1028,2157272,36
DEQ,785071748554079,23,1028,2181867,35
DEQ,785071748555913,23,1028,2181460,34
DEQ,785071748605943,23,1400,2137507,33
DEQ,785071748652282,23,1400,2175928,34
DEQ,785071748711924,23,1028,2231410,33
DEQ,785071748745505,23,1400,2165567,32
DEQ,785071748792137,23,1400,2201620,33
DEQ,785071748833146,23,1028,2240405,32
DEQ,785071748871641,23,1028,2259098,32
DEQ,785071748920023,23,1028,2229677,31
DEQ,785071748951796,23,1028,2257451,30
DEQ,785071748995157,23,1028,2298677,29
DEQ,785071749031711,23,1028,2324932,28
DEQ,785071749072064,23,1028,2265439,27
DEQ,785071749111861,23,1028,2299912,26
DEQ,785071749113144,23,1028,2207730,25
DEQ,785071749163217,23,1028,2243061,24
DEQ,785071749196535,23,1028,2273341,23
DEQ,785071749236488,23,1028,2225803,22
DEQ,785071749276655,23,1028,2254374,21
DEQ,785071749277873,23,1028,2239619,20
DEQ,785071749324307,23,1028,2261984,19
DEQ,785071749359222,23,1028,2213681,18
DEQ,785071749399384,23,1028,2249825,17
DEQ,785071749439096,23,1028,2283861,16
DEQ,785071749440274,23,1028,2281809,15
DEQ,785071749509269,23,1028,2275897,14
DEQ,785071749542813,23,1028,2292547,13
DEQ,785071749587461,23,1028,2261649,12
DEQ,785071749622584,23,1028,2289395,11
DEQ,785071749665453,23,1028,2328126,10
DEQ,785071749666685,23,1028,2241007,9
DEQ,785071749702752,23,1028,2273024,8
DEQ,785071749749227,23,1028,2317410,8
DEQ,785071749789469,23,1028,2281514,7
DEQ,785071946358331,23,1028,198396775,64
DEQ,785071946360903,23,1400,197750890,63
DEQ,785071946361422,23,1400,197749321,62
DEQ,785071946363470,23,1400,197615769,61
DEQ,785071946450450,23,1400,197700753,64
DEQ,785071946451365,23,1028,197607852,63
STATS,785071946478089,65,67564,4545,4480,0,0,0
DEQ,785071946554764,23,1028,196848159,64
DEQ,785071946557586,23,1028,195961940,63
DEQ,785071946557991,23,1028,195057385,62
DEQ,785071946558444,23,1028,194155907,61
DEQ,785071946692329,23,1028,193418073,64
DEQ,785071946695326,23,1028,192562038,63
DEQ,785071946695784,23,1028,191583400,62
DEQ,785071946717818,23,1028,190619041,64
DEQ,785071946794717,23,1028,189699867,64
DEQ,785071946797243,23,1028,188704736,63
DEQ,785071946798894,23,1028,187713826,62
DEQ,785071946880545,23,1028,186800764,64
DEQ,785071946883329,23,1028,185806526,63
DEQ,785071946960186,23,1028,184889994,64
DEQ,785071946962949,23,1028,183901895,63
DEQ,785071946982759,23,1028,182927040,64
DEQ,785071947049866,23,1028,181996359,64
DEQ,785071947052595,23,1028,181000811,63
DEQ,785071947064821,23,1028,180018151,64
DEQ,785071947168714,23,1028,179126023,64
DEQ,785071947171677,23,1028,178137724,63
DEQ,785071947183801,23,1028,177146650,64
DEQ,785071947304251,23,1028,176277798,64
DEQ,785071947306973,23,1028,175284430,63
DEQ,785071947308552,23,1028,174293384,62
DEQ,785071947396330,23,1028,173389336,64
DEQ,785071947399069,23,1028,172401775,63
DEQ,785071947400807,23,1028,171412675,62
DEQ,785071947521400,23,1028,170542714,64
DEQ,785071947524118,23,1028,169547284,63
DEQ,785071947526008,23,1028,168562754,62
DEQ,785071947613532,23,1028,167654135,63
DEQ,785071947616247,23,1028,166744651,62
DEQ,785071947699178,23,1028,165914937,61
DEQ,785071947701934,23,1028,165019479,60
DEQ,785071947702356,23,1028,164112568,59
DEQ,785071947791238,23,1028,163300241,58
DEQ,785071947793881,23,1028,162401828,57
DEQ,785071947795534,23,1028,161529314,56
DEQ,785071947886335,23,1028,160754936,55
DEQ,785071947889041,23,1028,159787511,54
DEQ,785071947896994,23,1028,158817013,53
DEQ,785071947983266,23,1028,157929143,52
DEQ,785071947986037,23,1028,156944916,51
DEQ,785071947997783,23,1028,155981196,50
DEQ,785071948037838,23,1028,155044696,50
DEQ,785071948075845,23,1028,154107126,49
DEQ,785071948120838,23,1028,153277438,48
DEQ,785071948155566,23,1028,152320266,47
DEQ,785071948156853,23,1028,151327114,46
DEQ,785071948226069,23,1028,150409244,45
DEQ,785071948263746,23,1028,149460267,44
DEQ,785071948304777,23,1028,148509940,43
DEQ,785071948346843,23,1028,147563718,42
DEQ,785071948383904,23,1028,146605286,41
DEQ,785071948385095,23,1028,145620037,40
DEQ,785071948430995,23,1028,144679364,39
DEQ,785071948465289,23,1028,143721133,38
DEQ,785071948509698,23,1028,142781048,37
DEQ,785071948545087,23,1028,2180911,36
DEQ,785071948546301,23,1028,2177775,35
DEQ,785071948619898,23,1028,2249253,34
DEQ,785071948653545,23,1028,2280924,33
DEQ,785071948696686,23,1400,2241011,32
DEQ,785071948733356,23,1400,2273705,33
DEQ,785071948773362,23,1400,2210813,32
DEQ,785071948813738,23,1400,2242245,33
DEQ,785071948853680,23,1028,2279805,32
DEQ,785071948893818,23,1028,2317795,32
DEQ,785071948941190,23,1028,2243008,31
DEQ,785071948977320,23,1028,2264293,30
DEQ,785071949013457,23,1028,2298311,29
DEQ,785071949053837,23,1028,2335374,28
DEQ,785071949055063,23,1028,2255120,27
DEQ,785071949101217,23,1028,2297252,26
DEQ,785071949138955,23,1028,2332852,25
DEQ,785071949179745,23,1028,2294243,24
DEQ,785071949222078,23,1028,2332672,23
DEQ,785071949259122,23,1028,2293924,22
DEQ,785071949260322,23,1028,2280123,21
DEQ,785071949333136,23,1028,2349832,20
DEQ,785071949366305,23,1028,2311557,19
DEQ,785071949410107,23,1028,2347922,18
DEQ,785071949446633,23,1028,2381269,17
DEQ,785071949491995,23,1028,2314727,16
DEQ,785071949526616,23,1028,2345288,15
DEQ,785071949527841,23,1028,2342632,14
DEQ,785071949574152,23,1028,2263960,13
DEQ,785071949609133,23,1028,2294861,12
DEQ,785071949649238,23,1028,2333218,11
DEQ,785071949691050,23,1028,2289122,10
DEQ,785071949729318,23,1028,2323418,9
DEQ,785071949769414,23,1028,2361408,9
DEQ,785071949813840,23,1028,2285940,8
DEQ,785071949853951,23,1028,2322128,7
DEQ,785071949855164,23,1028,1847877,6
DEQ,785071949889369,23,1400,1188428,5
DEQ,785071949929387,23,1400,1226334,6
DEQ,785071950005825,23,1400,1230271,5
DEQ,785071950051063,23,1400,1273511,6
DEQ,785071950085519,23,1028,1206043,5
DEQ,785071950125277,23,1028,388321,4
DEQ,785071950172104,23,1400,280290,3
DEQ,785071950205850,23,1400,312115,4
DEQ,785071950246169,23,1400,238131,3
DEQ,785071950286479,23,1400,276518,4
DEQ,785071950326508,23,1400,152266,3
DEQ,785071950366600,23,1400,190434,4
DEQ,785071950408111,23,1400,159907,3
DEQ,785071950450038,23,1400,199924,4
DEQ,785072146355823,23,1400,196027139,64
DEQ,785072146358861,23,1400,196028253,63
DEQ,785072146359410,23,1400,195949113,62
DEQ,785072146380228,23,1400,195968011,64
DEQ,785072146416754,23,1028,195823580,64
DEQ,785072146503302,23,1028,195021680,64
DEQ,785072146518480,23,1028,194137025,63
DEQ,785072146520391,23,1028,193267438,62
DEQ,785072146544455,23,1028,192432558,64
DEQ,785072146651065,23,1028,191563409,64
DEQ,785072146653964,23,1028,190571815,63
DEQ,785072146654483,23,1028,189583818,62
DEQ,785072146676208,23,1028,188604114,64
DEQ,785072146739348,23,1028,187667196,64
DEQ,785072146742177,23,1028,186673298,63
DEQ,785072146824706,23,1028,185758084,64
DEQ,785072146827357,23,1028,184770948,63
DEQ,785072146829145,23,1028,183774833,62
DEQ,785072146920017,23,1028,182874041,64
DEQ,785072146922933,23,1028,181877284,63
DEQ,785072147004509,23,1028,180962151,64
DEQ,785072147007496,23,1028,179970167,63
DEQ,785072147009516,23,1028,178981621,62
DEQ,785072147089030,23,1028,178068858,64
DEQ,785072147093039,23,1028,177082910,63
DEQ,785072147112169,23,1028,176116954,64
DEQ,785072147203186,23,1028,175207177,64
DEQ,785072147206035,23,1028,174216180,63
DEQ,785072147226183,23,1028,173245205,64
DEQ,785072147317039,23,1028,172339107,64
DEQ,785072147319851,23,1028,171346722,63
DEQ,785072147320272,23,1028,170355469,62
DEQ,785072147401887,23,1028,169523707,64
DEQ,785072147404755,23,1028,168630596,63
DEQ,785072147405193,23,1028,167727630,62
DEQ,785072147503250,23,1028,166923775,64
DEQ,785072147505888,23,1028,166025409,63
DEQ,785072147507721,23,1028,165124392,62
DEQ,785072147588844,23,1028,164319184,62
DEQ,785072147591677,23,1028,163439240,61
DEQ,785072147599849,23,1028,162456746,60
DEQ,785072147673644,23,1028,161543542,59
DEQ,785072147676429,23,1028,160551645,58
DEQ,785072147735780,23,1028,159618995,57
DEQ,785072147738613,23,1028,158629694,56
DEQ,785072147807913,23,1028,157708635,55
DEQ,785072147810579,23,1028,156717105,54
DEQ,785072147812525,23,1028,155726604,53
DEQ,785072147901080,23,1028,154822402,52
DEQ,785072147903752,23,1028,153832373,51
DEQ,785072147905444,23,1028,152830881,50
DEQ,785072147943473,23,1028,151870268,50
DEQ,785072147980930,23,1028,150911320,49
DEQ,785072148025407,23,1028,149955176,48
DEQ,785072148060693,23,1028,149010126,47
DEQ,785072148101834,23,1028,148081560,46
DEQ,785072148141597,23,1028,147162078,45
DEQ,785072148180806,23,1028,146235718,44
DEQ,785072148181944,23,1028,145333147,43
DEQ,785072148226379,23,1028,144479869,42
DEQ,785072148263852,23,1028,143628023,41
DEQ,785072148304203,23,1028,142766071,40
DEQ,785072148344499,23,1028,141905363,39
DEQ,785072148383594,23,1028,141058498,38
DEQ,785072148423828,23,1028,140222196,37
DEQ,785072148425034,23,1028,2063048,36
DEQ,785072148475942,23,1028,2105872,35
DEQ,785072148513660,23,1028,2141459,34
DEQ,785072148554341,23,1400,2171133,33
DEQ,785072148595852,23,1400,2177896,34
DEQ,785072148633591,23,1028,2111879,33
DEQ,785072148673312,23,1400,2144450,32
DEQ,785072148713781,23,1400,2182737,33
DEQ,785072148753802,23,1028,2208404,32
DEQ,785072148755034,23,1028,2098260,31
DEQ,785072148798151,23,1028,2126854,31
DEQ,785072148833957,23,1028,2160496,30
DEQ,785072148877496,23,1028,2200772,29
DEQ,785072148917696,23,1028,2173498,28
DEQ,785072148953764,23,1028,2205431,27
DEQ,785072148996768,23,1028,2166569,26
DEQ,785072149033802,23,1028,2191910,25
DEQ,785072149034954,23,1028,2190835,24
DEQ,785072149079573,23,1028,2154338,23
DEQ,785072149114264,23,1028,2184949,22
DEQ,785072149158560,23,1028,2146617,21
DEQ,785072149194183,23,1028,2177572,20
DEQ,785072149234030,23,1028,2215477,19
DEQ,785072149277727,23,1028,2182557,18
DEQ,785072149313818,23,1028,2214632,17
DEQ,785072149315266,23,1028,2200739,16
DEQ,785072149353622,23,1028,2145391,15
DEQ,785072149406773,23,1028,2183493,14
DEQ,785072149434573,23,1028,2207088,13
DEQ,785072149475936,23,1028,2153275,12
DEQ,785072149477423,23,1028,2150650,11
DEQ,785072149513884,23,1028,2184896,10
DEQ,785072149554552,23,1028,2147003,9
DEQ,785072149596733,23,1028,2185183,8
DEQ,785072149597945,23,1028,2184335,7
DEQ,785072149638754,23,1028,2129893,6
DEQ,785072149674186,23,1028,1759405,6
DEQ,785072149717393,23,1400,1158951,5
DEQ,785072149753735,23,1400,1193155,6
DEQ,785072149793917,23,1400,1118376,5
DEQ,785072149841973,23,1400,1164445,6
DEQ,785072149874345,23,1028,1088888,5
DEQ,785072149920705,23,1028,261189,4
DEQ,785072149954113,23,1400,234347,3
DEQ,785072149994068,23,1400,272193,4
DEQ,785072150034113,23,1400,238210,3
DEQ,785072150105944,23,1400,308027,4
DEQ,785072150157917,23,1400,201692,3
DEQ,785072150203880,23,1400,245691,4
DEQ,785072150238098,23,1400,201885,3
DEQ,785072150285433,23,1400,247214,4
DEQ,785072150325222,23,1400,165318,3
DEQ,785072150365305,23,1400,203460,4
DEQ,785072150408995,23,1400,168701,3
DEQ,785072150457188,23,1400,214898,4
DEQ,785072150502820,23,1400,175476,3
DEQ,785072150542413,23,1400,213117,5
DEQ,785072150602935,23,1400,191928,4
DEQ,785072150640122,23,1400,227133,5
DEQ,785072150680379,23,1400,175523,4
DEQ,785072346355358,23,1400,195848575,64
DEQ,785072346358213,23,1028,195839826,63
DEQ,785072346358709,23,1400,195753762,62
DEQ,785072346359267,23,1400,195752386,61
DEQ,785072346381344,23,1400,195699004,64
DEQ,785072346455514,23,1400,195771257,64
DEQ,785072346456397,23,1028,195051574,63
DEQ,785072346565231,23,1028,194288172,64
DEQ,785072346568025,23,1028,193431779,63
DEQ,785072346568452,23,1028,192533041,62
DEQ,785072346601052,23,1028,191669123,64
DEQ,785072346638626,23,1028,190807851,64
DEQ,785072346679047,23,1028,189949209,64
DEQ,785072346679481,23,1028,189046328,63
DEQ,785072346726655,23,1028,188188033,64
DEQ,785072346763580,23,1028,187325836,64
DEQ,785072346803908,23,1028,186479992,64
DEQ,785072346850671,23,1028,185648990,64
DEQ,785072346891692,23,1028,184759367,64
DEQ,785072346923311,23,1028,183798084,64
DEQ,785072346963928,23,1028,182842078,64
DEQ,785072347007009,23,1028,181881839,64
DEQ,785072347007477,23,1028,180881407,63
DEQ,785072347087605,23,1028,179954436,64
DEQ,785072347090641,23,1028,178951781,63
DEQ,785072347102834,23,1028,177960675,64
DEQ,785072347190769,23,1028,177046240,64
DEQ,785072347193605,23,1028,176063508,63
DEQ,785072347194111,23,1028,175075413,62
DEQ,785072347276475,23,1028,174150024,64
DEQ,785072347279563,23,1028,173149845,63
DEQ,785072347280188,23,1028,172152223,62
DEQ,785072347368211,23,1028,171247303,64
DEQ,785072347371119,23,1028,170256729,63
DEQ,785072347392324,23,1028,169272561,64
DEQ,785072347467736,23,1028,168353453,64
DEQ,785072347470510,23,1028,167358243,63
DEQ,785072347485714,23,1028,166373709,64
DEQ,785072347575465,23,1028,165469799,63
DEQ,785072347578236,23,1028,164474511,62
DEQ,785072347650934,23,1028,163669390,61
DEQ,785072347660986,23,1028,162692599,60
DEQ,785072347736637,23,1028,161776230,59
DEQ,785072347739469,23,1028,160863116,58
DEQ,785072347751175,23,1028,159977222,57
DEQ,785072347836394,23,1028,159158955,56
DEQ,785072347839182,23,1028,158259098,55
DEQ,785072347905938,23,1028,157420371,54
DEQ,785072347908793,23,1028,156521246,53
DEQ,785072347974958,23,1028,155699861,52
DEQ,785072347977845,23,1028,154824983,51
DEQ,785072347985925,23,1028,153912837,50
DEQ,785072348029600,23,1028,152963035,50
DEQ,785072348064910,23,1028,152006575,49
DEQ,785072348105185,23,1028,151050057,48
DEQ,785072348150359,23,1028,150098824,47
DEQ,785072348191592,23,1028,149138958,46
DEQ,785072348227044,23,1028,148179951,45
DEQ,785072348267538,23,1028,147221858,44
DEQ,785072348305211,23,1028,146262277,43
DEQ,785072348306550,23,1028,145264238,42
DEQ,785072348351217,23,1028,144303413,41
DEQ,785072348388850,23,1028,143472344,40
DEQ,785072348429545,23,1028,142550465,39
DEQ,785072348471812,23,1028,141616941,38
DEQ,785072348508832,23,1028,2147054,37
DEQ,785072348510012,23,1028,2140055,36
DEQ,785072348556072,23,1028,2183993,35
DEQ,785072348590555,23,1028,2215841,34
DEQ,785072348630353,23,1400,2246711,33
DEQ,785072348670383,23,1400,2212158,34
DEQ,785072348710546,23,1400,2246444,33
DEQ,785072348750568,23,1400,2180064,34
DEQ,785072348790555,23,1028,2215861,33
DEQ,785072348837374,23,1028,2260459,32
DEQ,785072348870329,23,1028,2268625,31
DEQ,785072348871658,23,1028,2231769,30
DEQ,785072348946109,23,1028,2265848,30
DEQ,785072348984194,23,1028,2301802,29
DEQ,785072349031069,23,1028,2303234,28
DEQ,785072349064309,23,1028,2300191,27
DEQ,785072349065516,23,1028,2260259,26
DEQ,785072349134110,23,1028,2282130,25
DEQ,785072349167444,23,1028,2274586,24
DEQ,785072349212307,23,1028,2288450,23
DEQ,785072349247379,23,1028,2282201,22
DEQ,785072349290261,23,1028,2280379,21
DEQ,785072349291500,23,1028,2279414,20
DEQ,785072349327326,23,1028,2234380,19
DEQ,785072349370070,23,1028,2269934,18
DEQ,785072349414333,23,1028,2310103,17
DEQ,785072349415586,23,1028,2218968,16
DEQ,785072349447528,23,1028,2246644,15
DEQ,785072349495175,23,1028,2292222,14
DEQ,785072349527226,23,1028,2244554,13
DEQ,785072349528459,23,1028,2241493,12
DEQ,785072349567426,23,1028,2278235,11
DEQ,785072349606755,23,1028,2233128,10
DEQ,785072349647552,23,1028,2257924,9
DEQ,785072349687559,23,1028,2294565,8
DEQ,785072349688828,23,1028,2216158,7
DEQ,785072349728723,23,1028,2251970,6
DEQ,785072349767277,23,1028,1772719,6
DEQ,785072349811541,23,1400,1177292,5
DEQ,785072349860622,23,1400,1224130,6
DEQ,785072349887708,23,1400,1175046,5
DEQ,785072349932040,23,1400,1217289,6
DEQ,785072349973239,23,1028,1100352,5
DEQ,785072350007481,23,1028,270925,4
DEQ,785072350054384,23,1400,240417,3
DEQ,785072350091424,23,1400,275397,4
DEQ,785072350127380,23,1400,237400,3
DEQ,785072350167275,23,1400,275356,4
DEQ,785072350207518,23,1400,150967,3
DEQ,785072350254469,23,1400,196012,4
DEQ,785072350294482,23,1400,164983,3
DEQ,785072546332152,23,1400,196200612,64
DEQ,785072546335473,23,1400,196125875,63
DEQ,785072546335958,23,1400,196123988,62
DEQ,785072546359898,23,1400,196063207,64
DEQ,785072546479240,23,1400,196180580,64
DEQ,785072546482337,23,1028,195855152,63
DEQ,785072546482852,23,1028,194954983,62
DEQ,785072546514220,23,1028,194086447,64
DEQ,785072546607797,23,1028,193265899,64
DEQ,785072546611472,23,1028,192398239,63
DEQ,785072546612162,23,1028,191488497,62
DEQ,785072546639708,23,1028,190547963,64
DEQ,785072546731077,23,1028,189641756,64
DEQ,785072546733766,23,1028,188634998,63
DEQ,785072546734313,23,1028,187636369,62
DEQ,785072546755849,23,1028,186661815,64
DEQ,785072546847125,23,1028,185759667,64
DEQ,785072546849898,23,1028,184772621,63
DEQ,785072546850324,23,1028,183776211,62
DEQ,785072546930078,23,1028,182850544,64
DEQ,785072546932645,23,1028,181855330,63
DEQ,785072546934171,23,1028,180863245,62
DEQ,785072547022112,23,1028,179957152,64
DEQ,785072547024832,23,1028,178961083,63
DEQ,785072547026538,23,1028,177966151,62
DEQ,785072547105953,23,1028,177051662,64
DEQ,785072547108893,23,1028,176062740,63
DEQ,785072547127855,23,1028,175144278,64
DEQ,785072547215841,23,1028,174238405,64
DEQ,785072547218705,23,1028,173250610,63
DEQ,785072547231249,23,1028,172277418,64
DEQ,785072547312066,23,1028,171444076,64
DEQ,785072547314725,23,1028,170545938,63
DEQ,785072547316421,23,1028,169641437,62
DEQ,785072547433565,23,1028,168855772,64
DEQ,785072547436422,23,1028,167957405,63
DEQ,785072547436804,23,1028,167055466,62
DEQ,785072547539811,23,1028,166270863,64
DEQ,785072547542431,23,1028,165403234,63
DEQ,785072547544012,23,1028,164416716,62
DEQ,785072547626195,23,1028,163504633,61
DEQ,785072547629208,23,1028,162513054,60
DEQ,785072547697374,23,1028,161585888,59
DEQ,785072547700353,23,1028,160592352,58
DEQ,785072547762968,23,1028,159655467,57
DEQ,785072547766738,23,1028,158662645,56
DEQ,785072547836771,23,1028,157737751,55
DEQ,785072547839595,23,1028,156745505,54
DEQ,785072547910791,23,1028,155819285,53
DEQ,785072547913535,23,1028,154827537,52
DEQ,785072547915176,23,1028,153833027,51
DEQ,785072548017684,23,1028,152943882,50
DEQ,785072548020509,23,1028,151956304,49
DEQ,785072548028730,23,1028,150973700,48
DEQ,785072548068774,23,1028,150022119,48
DEQ,785072548108677,23,1028,149069093,47
DEQ,785072548149333,23,1028,148111377,46
DEQ,785072548195637,23,1028,147163128,45
DEQ,785072548228634,23,1028,146201227,44
DEQ,785072548268644,23,1028,145248847,43
DEQ,785072548308339,23,1028,144296874,42
DEQ,785072548308806,23,1028,143302384,41
DEQ,785072548354970,23,1028,142359303,40
DEQ,785072548388666,23,1028,141382327,39
DEQ,785072548429307,23,1028,140432655,38
DEQ,785072548471801,23,1028,2133271,37
DEQ,785072548508593,23,1028,2162265,36
DEQ,785072548509882,23,1028,2161167,35
DEQ,785072548557645,23,1400,2195274,34
DEQ,785072548601820,23,1400,2116878,35
DEQ,785072548646466,23,1028,2156776,34
DEQ,785072548680045,23,1400,2186521,33
DEQ,785072548724705,23,1400,2208798,34
DEQ,785072548770346,23,1028,2154754,33
DEQ,785072548803811,23,1028,2169021,32
DEQ,785072548848530,23,1028,2211498,31
DEQ,785072548883449,23,1028,2243195,30
DEQ,785072548923730,23,1028,2187279,30
DEQ,785072548967663,23,1028,2227012,29
DEQ,785072548968840,23,1028,2226073,28
DEQ,785072549014417,23,1028,2257351,27
DEQ,785072549047777,23,1028,2195016,26
DEQ,785072549091753,23,1028,2234904,25
DEQ,785072549134276,23,1028,2275054,24
DEQ,785072549167718,23,1028,2232487,23
DEQ,785072549168909,23,1028,2229547,22
DEQ,785072549213428,23,1028,2271565,21
DEQ,785072549248221,23,1028,2220532,20
DEQ,785072549290057,23,1028,2258186,19
DEQ,785072549327801,23,1028,2293578,18
DEQ,785072549328989,23,1028,2217984,17
DEQ,785072549387409,23,1028,2272314,16
DEQ,785072549420774,23,1028,2290680,15
DEQ,785072549460851,23,1028,2236502,14
DEQ,785072549505553,23,1028,2276877,13
DEQ,785072549540743,23,1028,2308224,12
DEQ,785072549542000,23,1028,2224507,11
DEQ,785072549601058,23,1028,2279091,10
DEQ,785072549638646,23,1028,2314531,9
DEQ,785072549679279,23,1028,2240159,8
DEQ,785072549721719,23,1028,2278855,7
DEQ,785072549758813,23,1028,2313803,6
DEQ,785072549759985,23,1028,1724253,5
DEQ,785072549808293,23,1400,1246704,5
DEQ,785072549848793,23,1400,1284933,6
DEQ,785072549888532,23,1400,1206245,5
DEQ,785072549928616,23,1400,1244399,6
DEQ,785072549968680,23,1028,1061515,5
DEQ,785072550014204,23,1028,249457,4
DEQ,785072550048773,23,1400,238278,3
DEQ,785072550091980,23,1400,279562,4
DEQ,785072550128810,23,1400,238175,3
DEQ,785072550169264,23,1400,276595,4
DEQ,785072550215540,23,1400,164622,3
DEQ,785072550248986,23,1400,195957,4
DEQ,785072550302959,23,1400,171969,3
DEQ,785072550330849,23,1400,197937,4
DEQ,785072550378957,23,1400,160789,3
DEQ,785072550418995,23,1400,199045,4
DEQ,785072550466016,23,1400,160692,3
DEQ,785072550499089,23,1400,191675,4
DEQ,785072550538954,23,1400,158002,3
DEQ,785072550579391,23,1400,196533,4
DEQ,785072550620078,23,1400,151873,3
DEQ,785072550659201,23,1400,188988,5
DEQ,785072746335841,23,1400,195794723,64
DEQ,785072746338927,23,1400,195795747,63
DEQ,785072746339709,23,1028,195715353,62
DEQ,785072746359887,23,1400,195732555,64
DEQ,785072746455338,23,1400,195826049,64
DEQ,785072746456421,23,1028,194939698,63
DEQ,785072746562065,23,1028,194143909,64
DEQ,785072746564964,23,1028,193274777,63
DEQ,785072746565460,23,1028,192416273,62
DEQ,785072746600161,23,1028,191565402,64
DEQ,785072746685132,23,1028,190751001,64
DEQ,785072746687734,23,1028,189840137,63
DEQ,785072746689242,23,1028,188942749,62
DEQ,785072746772571,23,1028,188126815,64
DEQ,785072746775396,23,1028,187230637,63
DEQ,785072746794655,23,1028,186351433,64
DEQ,785072746871356,23,1028,185542629,64
DEQ,785072746884532,23,1028,184677901,64
DEQ,785072746973173,23,1028,183843440,64
DEQ,785072746976202,23,1028,182845371,63
DEQ,785072746976705,23,1028,181853571,62
DEQ,785072746991929,23,1028,180871421,64
DEQ,785072747064700,23,1028,179953892,64
DEQ,785072747077725,23,1028,178969102,64
DEQ,785072747160657,23,1028,178054065,64
DEQ,785072747163505,23,1028,177058556,63
DEQ,785072747236582,23,1028,176140736,64
DEQ,785072747239456,23,1028,175156540,63
DEQ,785072747259947,23,1028,174175325,64
DEQ,785072747335404,23,1028,173253624,64
DEQ,785072747338273,23,1028,172260249,63
DEQ,785072747357750,23,1028,171282368,64
DEQ,785072747436506,23,1028,170366690,64
DEQ,785072747439164,23,1028,169374872,63
DEQ,785072747441055,23,1028,168385439,62
DEQ,785072747540610,23,1028,167482384,64
DEQ,785072747543297,23,1028,166485188,63
DEQ,785072747545218,23,1028,165496959,62
DEQ,785072747690375,23,1028,164643311,62
DEQ,785072747693152,23,1028,163655458,61
DEQ,785072747693556,23,1028,162661183,60
DEQ,785072747773310,23,1028,161742699,59
DEQ,785072747776059,23,1028,160743859,58
DEQ,785072747852796,23,1028,159828534,57
DEQ,785072747855549,23,1028,158836835,56
DEQ,785072747860761,23,1028,157845282,55
DEQ,785072747960981,23,1028,156950987,54
DEQ,785072747967059,23,1028,155963618,53
DEQ,785072747968693,23,1028,154962101,52
DEQ,785072748062458,23,1028,154058657,51
DEQ,785072748065137,23,1028,153058778,50
DEQ,785072748068457,23,1028,152061675,49
DEQ,785072748121189,23,1028,151126162,49
DEQ,785072748154611,23,1028,150164561,48
DEQ,785072748198990,23,1028,149220244,47
DEQ,785072748234499,23,1028,148256877,46
DEQ,785072748235012,23,1028,147321737,45
DEQ,785072748286255,23,1028,146463103,44
DEQ,785072748319276,23,1028,145592226,43
DEQ,785072748359450,23,1028,144730421,42
DEQ,785072748399756,23,1028,143866106,41
DEQ,785072748441052,23,1028,142993611,40
DEQ,785072748479275,23,1028,142108671,39
DEQ,785072748519355,23,1028,141273380,38
DEQ,785072748559340,23,1028,140430375,37
DEQ,785072748560587,23,1028,2218558,36
DEQ,785072748601814,23,1028,2254229,35
DEQ,785072748639092,23,1028,2289214,34
DEQ,785072748678930,23,1400,2316480,33
DEQ,785072748719562,23,1400,2261163,34
DEQ,785072748759165,23,1028,2296129,33
DEQ,785072748799195,23,1400,2230003,32
DEQ,785072748839391,23,1400,2244688,33
DEQ,785072748879260,23,1028,2282007,32
DEQ,785072748880491,23,1028,2279671,31
DEQ,785072748923710,23,1028,2233409,30
DEQ,785072748959436,23,1028,2264994,30
DEQ,785072749004088,23,1028,2307362,29
DEQ,785072749039332,23,1028,2261911,28
DEQ,785072749079181,23,1028,2297748,27
DEQ,785072749080416,23,1028,2284381,26
DEQ,785072749128871,23,1028,2249347,25
DEQ,785072749162121,23,1028,2276884,24
DEQ,785072749206832,23,1028,2227639,23
DEQ,785072749247642,23,1028,2260432,22
DEQ,785072749282091,23,1028,2292662,21
DEQ,785072749283333,23,1028,2290836,20
DEQ,785072749323645,23,1028,2254324,19
DEQ,785072749362136,23,1028,2283839,18
DEQ,785072749406571,23,1028,2240890,17
DEQ,785072749441933,23,1028,2272153,16
DEQ,785072749443216,23,1028,2201510,15
DEQ,785072749482734,23,1028,2225500,14
DEQ,785072749521976,23,1028,2260600,13
DEQ,785072749562219,23,1028,2221694,12
DEQ,785072749563479,23,1028,2208279,11
DEQ,785072749606539,23,1028,2247376,10
DEQ,785072749647768,23,1028,2205535,9
DEQ,785072749688659,23,1028,2242331,8
DEQ,785072749726658,23,1028,2278260,7
DEQ,785072749764432,23,1028,2217245,6
DEQ,785072749805486,23,1028,1730190,5
DEQ,785072749850742,23,1400,1167719,5
DEQ,785072749884612,23,1400,1199624,6
DEQ,785072749924234,23,1400,1122785,5
DEQ,785072749971596,23,1400,1168443,6
DEQ,785072750004657,23,1028,1059163,5
DEQ,785072750050267,23,1028,238942,4
DEQ,785072750088611,23,1400,235613,3
DEQ,785072750125242,23,1400,270427,4
DEQ,785072750165442,23,1400,239197,3
DEQ,785072750205696,23,1400,277545,4
DEQ,785072750245540,23,1400,154819,3
DEQ,785072750292310,23,1400,199822,4
DEQ,785072750332456,23,1400,164877,3
DEQ,785072750379730,23,1400,210168,4
DEQ,785072750419783,23,1400,172174,3
DEQ,785072750459901,23,1400,210359,4
DEQ,785072750506372,23,1400,171739,3
DEQ,785072750552237,23,1400,215628,4
DEQ,785072750605587,23,1400,183786,3
DEQ,785072750626999,23,1400,203302,4
DEQ,785072750671284,23,1400,162865,3
DEQ,785072750710856,23,1400,200519,5
DEQ,785072946332591,23,1400,195724294,64
DEQ,785072946335697,23,1400,195725270,63
DEQ,785072946336300,23,1400,195662539,62
DEQ,785072946359707,23,1400,195683817,64
DEQ,785072946432734,23,1028,195753387,64
DEQ,785072946433560,23,1028,194859583,63
DEQ,785072946434036,23,1028,193958143,62
DEQ,785072946544006,23,1028,193169315,64
DEQ,785072946546846,23,1028,192300812,63
DEQ,785072946547256,23,1028,191442412,62
DEQ,785072946578632,23,1028,190486836,64
STATS,785072946602823,65,68308,5156,5091,0,0,0
DEQ,785072946650205,23,1028,189566269,64
DEQ,785072946653275,23,1028,188575607,63
DEQ,785072946654983,23,1028,187574364,62
DEQ,785072946732881,23,1028,186661397,64
DEQ,785072946735728,23,1028,185754573,63
DEQ,785072946828252,23,1028,184851605,64
DEQ,785072946831074,23,1028,183868124,63
DEQ,785072946831483,23,1028,182954627,62
DEQ,785072946915917,23,1028,182142673,64
DEQ,785072946918836,23,1028,181238959,63
DEQ,785072946931328,23,1028,180350074,64
DEQ,785072947014268,23,1028,179532311,64
DEQ,785072947016952,23,1028,178635512,63
DEQ,785072947018412,23,1028,177750980,62
DEQ,785072947103539,23,1028,176953707,64
DEQ,785072947109865,23,1028,175968108,63
DEQ,785072947112229,23,1028,175037113,62
DEQ,785072947193368,23,1028,174131776,64
DEQ,785072947196364,23,1028,173136462,63
DEQ,785072947217391,23,1028,172159155,64
DEQ,785072947296001,23,1028,171248818,64
DEQ,785072947298648,23,1028,170254479,63
DEQ,785072947300408,23,1028,169253676,62
DEQ,785072947403992,23,1028,168349163,64
DEQ,785072947406739,23,1028,167351039,63
DEQ,785072947419114,23,1028,166364574,64
DEQ,785072947492758,23,1028,165454861,63
DEQ,785072947507224,23,1028,164540272,62
DEQ,785072947613324,23,1028,163653008,61
DEQ,785072947616233,23,1028,162658741,60
DEQ,785072947616733,23,1028,161749356,59
DEQ,785072947704423,23,1028,160932139,58
DEQ,785072947707226,23,1028,160031541,57
DEQ,785072947715259,23,1028,159138548,56
DEQ,785072947801780,23,1028,158303309,55
DEQ,785072947804575,23,1028,157404583,54
DEQ,785072947809581,23,1028,156523487,53
DEQ,785072947926881,23,1028,155764161,52
DEQ,785072947929646,23,1028,154794505,51
DEQ,785072947930063,23,1028,153794220,50
DEQ,785072948028429,23,1028,152890408,49
DEQ,785072948031181,23,1028,151869087,48
DEQ,785072948031686,23,1028,150888056,47
DEQ,785072948110717,23,1028,149976337,47
DEQ,785072948117155,23,1028,148975167,46
DEQ,785072948190685,23,1028,148052296,45
DEQ,785072948193565,23,1028,147056399,44
DEQ,785072948205260,23,1028,146063066,43
DEQ,785072948276392,23,1028,145133217,42
DEQ,785072948283659,23,1028,144143881,41
DEQ,785072948379343,23,1028,143238883,40
DEQ,785072948382074,23,1028,142232085,39
DEQ,785072948382618,23,1028,141245202,38
DEQ,785072948454802,23,1028,140321821,37
DEQ,785072948457620,23,1028,2118848,36
DEQ,785072948458053,23,1028,2108034,35
DEQ,785072948547561,23,1028,2195267,34
DEQ,785072948550408,23,1400,2188115,33
DEQ,785072948574552,23,1400,2138665,34
DEQ,785072948651474,23,1028,2211231,33
DEQ,785072948654357,23,1400,2210245,32
DEQ,785072948671347,23,1400,2122310,33
DEQ,785072948744057,23,1028,2190636,32
DEQ,785072948746906,23,1028,2191169,31
DEQ,785072948759023,23,1028,2178716,30
DEQ,785072948870006,23,1028,2213900,29
DEQ,785072948872877,23,1028,2212642,28
DEQ,785072948962707,23,1028,2300600,27
DEQ,785072948966125,23,1028,2228228,26
DEQ,785072948971742,23,1028,2229752,25
DEQ,785072949065565,23,1028,2231736,25
DEQ,785072949068448,23,1028,2223276,24
DEQ,785072949072719,23,1028,2225323,23
DEQ,785072949134505,23,1028,2213547,22
DEQ,785072949167906,23,1028,2239279,21
DEQ,785072949213552,23,1028,2281681,20
DEQ,785072949247862,23,1028,2228437,19
DEQ,785072949295333,23,1028,2271783,18
DEQ,785072949327633,23,1028,2301885,17
DEQ,785072949328088,23,1028,2214637,16
DEQ,785072949387532,23,1028,2270055,15
DEQ,785072949420833,23,1028,2301175,14
DEQ,785072949464583,23,1028,2265759,13
DEQ,785072949506713,23,1028,2291965,12
DEQ,785072949540798,23,1028,2321859,11
DEQ,785072949542037,23,1028,2239778,10
DEQ,785072949601017,23,1028,2294740,9
DEQ,785072949638492,23,1028,2330092,8
DEQ,785072949679252,23,1028,2270343,7
DEQ,785072949719618,23,1028,2303163,6
DEQ,785072949758601,23,1028,1704222,5
DEQ,785072949798316,23,1400,1242975,4
DEQ,785072949842377,23,1400,1271833,5
DEQ,785072949885202,23,1400,1222131,4
DEQ,785072949923659,23,1400,1256706,5
DEQ,785072949976247,23,1028,926248,4
DEQ,785072950013745,23,1400,210336,3
DEQ,785072950054092,23,1400,246727,5
DEQ,785072950099522,23,1400,211972,4
DEQ,785072950134629,23,1400,245031,5
DEQ,785073146334251,23,1400,196317187,64
DEQ,785073146336879,23,1400,196317742,63
DEQ,785073146337467,23,1028,196304600,62
DEQ,785073146340998,23,1400,196239450,61
DEQ,785073146366812,23,1400,196263187,64
DEQ,785073146474391,23,1028,195460925,64
DEQ,785073146490328,23,1028,194491506,63
DEQ,785073146490846,23,1028,193492475,62
DEQ,785073146507412,23,1028,192513033,64
DEQ,785073146600604,23,1028,191606109,64
DEQ,785073146603620,23,1028,190608903,63
DEQ,785073146605695,23,1028,189602312,62
DEQ,785073146685764,23,1028,188690394,64
DEQ,785073146688584,23,1028,187692549,63
DEQ,785073146708934,23,1028,186715269,64
DEQ,785073146783392,23,1028,185785153,64
DEQ,785073146786090,23,1028,184792026,63
DEQ,785073146864886,23,1028,183869097,64
DEQ,785073146867660,23,1028,182872200,63
DEQ,785073146879874,23,1028,181883956,64
DEQ,785073146973408,23,1028,180977210,64
DEQ,785073146976249,23,1028,179977958,63
DEQ,785073146989105,23,1028,178994507,64
DEQ,785073147079990,23,1028,178076465,64
DEQ,785073147082900,23,1028,177076625,63
DEQ,785073147095361,23,1028,176092104,64
DEQ,785073147184447,23,1028,175187677,64
DEQ,785073147187106,23,1028,174191579,63
DEQ,785073147188922,23,1028,173193707,62
DEQ,785073147306795,23,1028,172312380,64
DEQ,785073147309507,23,1028,171309114,63
DEQ,785073147310026,23,1028,170304322,62
DEQ,785073147328126,23,1028,169331843,64
DEQ,785073147404379,23,1028,168408717,64
DEQ,785073147407187,23,1028,167412139,63
DEQ,785073147409432,23,1028,166414119,62
DEQ,785073147494807,23,1028,165503978,64
DEQ,785073147502858,23,1028,164517083,63
DEQ,785073147587505,23,1028,163605600,62
DEQ,785073147590234,23,1028,162608102,61
DEQ,785073147601849,23,1028,161618677,60
DEQ,785073147673462,23,1028,160697696,59
DEQ,785073147676209,23,1028,159705426,58
DEQ,785073147756776,23,1028,158780918,57
DEQ,785073147759541,23,1028,157871307,56
DEQ,785073147761050,23,1028,156974587,55
DEQ,785073147848240,23,1028,156157921,54
DEQ,785073147851124,23,1028,155258659,53
DEQ,785073147864621,23,1028,154371999,52
DEQ,785073147955034,23,1028,153561724,51
DEQ,785073147957846,23,1028,152662553,50
DEQ,785073147966212,23,1028,151792513,49
DEQ,785073148073905,23,1028,150935069,48
DEQ,785073148076831,23,1028,149922498,48
DEQ,785073148077483,23,1028,148939774,47
DEQ,785073148158515,23,1028,148026277,46
DEQ,785073148161311,23,1028,147030294,45
DEQ,785073148161956,23,1028,146035410,44
DEQ,785073148242000,23,1028,145128100,43
DEQ,785073148244828,23,1028,144157434,42
DEQ,785073148329248,23,1028,143244270,41
DEQ,785073148332017,23,1028,142251811,40
DEQ,785073148343929,23,1028,141261227,39
DEQ,785073148426376,23,1028,140343808,38
DEQ,785073148429226,23,1028,139351485,37
DEQ,785073148437954,23,1028,2096015,36
DEQ,785073148553405,23,1028,2202593,35
DEQ,785073148556087,23,1028,2203052,34
DEQ,785073148557670,23,1028,2202869,33
DEQ,785073148646552,23,1400,2277364,32
DEQ,785073148649463,23,1400,2153176,31
DEQ,785073148735552,23,1400,2232816,32
DEQ,785073148738351,23,1400,2233779,31
DEQ,785073148758031,23,1028,2248824,32
DEQ,785073148844234,23,1028,2237295,31
DEQ,785073148846972,23,1028,2233292,30
DEQ,785073148922355,23,1028,2305708,29
DEQ,785073148925163,23,1028,2234343,28
DEQ,785073149016690,23,1028,2310278,27
DEQ,785073149019559,23,1028,2310072,26
DEQ,785073149019954,23,1028,2231572,25
DEQ,785073149028074,23,1028,2235563,24
DEQ,785073149106008,23,1028,2236150,24
DEQ,785073149108767,23,1028,2231464,23
DEQ,785073149134929,23,1028,2254354,22
DEQ,785073149168790,23,1028,2190060,21
DEQ,785073149208859,23,1028,2222471,20
DEQ,785073149249922,23,1028,2259343,19
DEQ,785073149288810,23,1028,2203437,18
DEQ,785073149328896,23,1028,2236048,17
DEQ,785073149330073,23,1028,2233366,16
DEQ,785073149368383,23,1028,2177620,15
DEQ,785073149412286,23,1028,2217474,14
DEQ,785073149453971,23,1028,2256911,13
DEQ,785073149488786,23,1028,2176498,12
DEQ,785073149528828,23,1028,2205705,11
DEQ,785073149569851,23,1028,2244410,10
DEQ,785073149608500,23,1028,2279572,9
DEQ,785073149609733,23,1028,2199150,8
DEQ,785073149662075,23,1028,2247163,7
DEQ,785073149696372,23,1028,2279318,6
DEQ,785073149736046,23,1028,1659750,5
DEQ,785073149775969,23,1400,1121462,4
DEQ,785073149819211,23,1400,1155691,5
DEQ,785073149856183,23,1400,1113008,4
DEQ,785073149896342,23,1400,1149144,5
DEQ,785073149944359,23,1028,891579,4
DEQ,785073149976998,23,1400,195939,3
DEQ,785073150022050,23,1400,237113,4
DEQ,785073150060113,23,1400,201563,4
DEQ,785073150098073,23,1400,237525,5
DEQ,785073150136124,23,1400,156753,4
DEQ,785073150176288,23,1400,194835,5
DEQ,785073150219471,23,1028,189901,4
DEQ,785073150259058,23,1400,196461,3
DEQ,785073346329891,23,1400,196265143,64
DEQ,785073346333203,23,1400,196195030,63
DEQ,785073346333745,23,1400,196193656,62
DEQ,785073346356125,23,1400,196095007,64
DEQ,785073346476544,23,1400,196213448,64
DEQ,785073346479268,23,1028,195453424,63
DEQ,785073346481801,23,1028,194454921,62
DEQ,785073346586073,23,1028,193559568,64
DEQ,785073346588789,23,1028,192576606,63
DEQ,785073346589183,23,1028,191589953,62
DEQ,785073346676667,23,1028,190688416,64
DEQ,785073346679427,23,1028,189706487,63
DEQ,785073346679916,23,1028,188723618,62
DEQ,785073346758214,23,1028,187810193,64
DEQ,785073346760942,23,1028,186899805,63
DEQ,785073346838443,23,1028,186067373,64
DEQ,785073346841265,23,1028,185166996,63
DEQ,785073346854083,23,1028,184278899,64
DEQ,785073346929852,23,1028,183454158,64
DEQ,785073346932559,23,1028,182556826,63
DEQ,785073346951903,23,1028,181690530,64
DEQ,785073347042826,23,1028,180905806,64
DEQ,785073347045582,23,1028,179914918,63
DEQ,785073347066989,23,1028,178941725,64
DEQ,785073347136258,23,1028,178014654,64
DEQ,785073347139135,23,1028,177018586,63
DEQ,785073347215880,23,1028,176096333,64
DEQ,785073347218910,23,1028,175094375,63
DEQ,785073347231401,23,1028,174105095,64
DEQ,785073347311604,23,84,173228918,64
DEQ,785073347314482,23,1028,173186640,63
DEQ,785073347314957,23,1028,172182434,62
DEQ,785073347315333,23,1028,171187580,61
DEQ,785073347434038,23,1028,170308242,64
DEQ,785073347436737,23,1028,169313270,63
DEQ,785073347438469,23,1028,168318612,62
DEQ,785073347556841,23,1028,167406589,64
DEQ,785073347559654,23,1028,166420776,63
DEQ,785073347560133,23,1028,165415849,62
DEQ,785073347580984,23,1028,164432858,63
DEQ,785073347660951,23,1028,163525728,62
DEQ,785073347663505,23,1028,162525788,61
DEQ,785073347664933,23,1028,161503358,60
DEQ,785073347745071,23,1028,160605135,59
DEQ,785073347755114,23,1028,159618033,58
DEQ,785073347836800,23,1028,158698759,57
DEQ,785073347839560,23,1028,157706144,56
DEQ,785073347839980,23,1028,156706525,55
DEQ,785073347920225,23,1028,155766698,54
DEQ,785073347923159,23,1028,154781307,53
DEQ,785073347923555,23,1028,153781034,52
DEQ,785073347935069,23,1028,152797174,51
DEQ,785073348009454,23,1028,151872985,50
DEQ,785073348105950,23,1028,150970408,49
DEQ,785073348109314,23,1028,149951724,48
DEQ,785073348109822,23,1028,148969033,47
DEQ,785073348201739,23,1028,148058787,47
DEQ,785073348204590,23,1028,147069622,46
DEQ,785073348205039,23,1028,146073518,45
DEQ,785073348276756,23,1028,145142556,44
DEQ,785073348279572,23,1028,144122198,43
DEQ,785073348343733,23,1028,143203906,42
DEQ,785073348346609,23,1028,142213299,41
DEQ,785073348413188,23,1028,141280647,40
DEQ,785073348416002,23,1028,140279363,39
DEQ,785073348416579,23,1028,2080804,38
DEQ,785073348555249,23,1028,2215092,37
DEQ,785073348557884,23,1028,2215412,36
DEQ,785073348559459,23,1400,2200991,35
DEQ,785073348605448,23,1400,2122857,36
DEQ,785073348652291,23,1028,2163898,35
DEQ,785073348685054,23,1400,2182970,34
DEQ,785073348726128,23,1400,2134847,35
DEQ,785073348727395,23,1028,2131818,34
DEQ,785073348764875,23,1028,2167201,33
DEQ,785073348805113,23,1028,2122721,32
DEQ,785073348805633,23,1028,2119147,31
DEQ,785073348850958,23,1028,2162258,30
DEQ,785073348888603,23,1028,2125519,29
DEQ,785073348929185,23,1028,2161945,28
DEQ,785073348971862,23,1028,2128401,27
DEQ,785073349017365,23,1028,2165892,26
DEQ,785073349018828,23,1028,2164192,25
DEQ,785073349095692,23,1028,2160934,24
DEQ,785073349098944,23,1028,2159964,23
DEQ,785073349115552,23,1028,2162329,23
DEQ,785073349149568,23,1028,2101448,22
DEQ,785073349193226,23,1028,2128994,21
DEQ,785073349229291,23,1028,2161685,20
DEQ,785073349269149,23,1028,2127811,19
DEQ,785073349270330,23,1028,2124870,18
DEQ,785073349309167,23,1028,2084440,17
DEQ,785073349351794,23,1028,2122876,16
DEQ,785073349393595,23,1028,2160510,15
DEQ,785073349429345,23,1028,2111139,14
DEQ,785073349430553,23,1028,2108205,13
DEQ,785073349477449,23,1028,2152976,12
DEQ,785073349513794,23,1028,2187275,11
DEQ,785073349555348,23,1028,2115047,10
DEQ,785073349596846,23,1028,2152421,9
DEQ,785073349633961,23,1028,2187276,8
DEQ,785073349635108,23,1028,2072600,7
DEQ,785073349682374,23,1028,2103875,6
DEQ,785073349715830,23,1028,1604190,5
DEQ,785073349760320,23,1400,1196675,4
DEQ,785073349799412,23,1400,1231771,5
DEQ,785073349800735,23,1400,1114038,4
DEQ,785073349835772,23,1400,1146834,5
DEQ,785073349875715,23,1028,761142,4
DEQ,785073349915575,23,1400,149968,3
DEQ,785073349957670,23,1400,188007,4
DEQ,785073350009449,23,1400,206920,3
DEQ,785073350036024,23,1400,231504,4
DEQ,785073350079456,23,1400,161759,3
DEQ,785073350116055,23,1400,196378,5
DEQ,785073350158285,23,1400,146481,4
DEQ,785073350200656,23,1400,186767,5
DEQ,785073350235877,23,1400,154140,4
DEQ,785073350275866,23,1400,191994,5
DEQ,785073350320411,23,1028,226838,4
DEQ,785073350355650,23,1400,195322,3
DEQ,785073350403902,23,1400,241592,4
DEQ,785073350435861,23,1400,197853,3
DEQ,785073350509697,23,1400,269720,4
DEQ,785073350549786,23,1400,192032,3
DEQ,785073350596761,23,1400,237102,4
DEQ,785073350629804,23,1400,191922,3
DEQ,785073350669666,23,1400,229814,4
DEQ,785073350717779,23,1400,165917,3
DEQ,785073350749773,23,1400,195985,4
DEQ,785073546278968,23,1400,195646980,64
DEQ,785073546282261,23,1400,195648386,63
DEQ,785073546366145,23,1400,195646393,64
DEQ,785073546367139,23,1400,195645479,63
DEQ,785073546482989,23,1028,195416695,64
DEQ,785073546485890,23,1028,194414024,63
DEQ,785073546486361,23,1028,193412613,62
DEQ,785073546486790,23,1028,192428729,61
DEQ,785073546525852,23,1028,191476117,64
DEQ,785073546542706,23,1028,190503587,64
DEQ,785073546637779,23,1028,189610852,64
DEQ,785073546640593,23,1028,188617115,63
DEQ,785073546641222,23,1028,187620864,62
DEQ,785073546641659,23,1028,186626954,61
DEQ,785073546665633,23,1028,185650736,64
DEQ,785073546753647,23,1028,184741189,64
DEQ,785073546756443,23,1028,183749177,63
DEQ,785073546756847,23,1028,182756700,62
DEQ,785073546771336,23,1028,181759582,64
DEQ,785073546909350,23,1028,180892644,64
DEQ,785073546912168,23,1028,179898372,63
DEQ,785073546912708,23,1028,178905174,62
DEQ,785073546935871,23,1028,177929903,64
DEQ,785073547004051,23,1028,177006356,64
DEQ,785073547006884,23,1028,176012337,63
DEQ,785073547095124,23,1028,175099906,64
DEQ,785073547097989,23,1028,174107195,63
DEQ,785073547118507,23,1028,173128639,64
DEQ,785073547197481,23,1028,172201366,64
DEQ,785073547200195,23,1028,171196961,63
DEQ,785073547201993,23,1028,170196018,62
DEQ,785073547286233,23,1028,169282312,64
DEQ,785073547288845,23,1028,168279877,63
DEQ,785073547290497,23,1028,167285471,62
DEQ,785073547415118,23,1028,166409338,64
DEQ,785073547417900,23,1028,165419761,63
DEQ,785073547419747,23,1028,164424845,62
DEQ,785073547493668,23,1028,163502846,63
DEQ,785073547496510,23,1028,162490358,62
DEQ,785073547575798,23,1028,161581932,61
DEQ,785073547578725,23,1028,160578697,60
DEQ,785073547640290,23,1028,159643456,59
DEQ,785073547643192,23,1028,158647863,58
DEQ,785073547710283,23,1028,157715027,57
DEQ,785073547713239,23,1028,156722189,56
DEQ,785073547778474,23,1028,155792087,55
DEQ,785073547781293,23,1028,154791660,54
DEQ,785073547781830,23,1028,153794981,53
DEQ,785073547897480,23,1028,152897861,52
DEQ,785073547900126,23,1028,151899944,51
DEQ,785073547901596,23,1028,150904555,50
DEQ,785073548020314,23,1028,150027952,50
DEQ,785073548023772,23,1028,149023977,49
DEQ,785073548038216,23,1028,148035030,48
DEQ,785073548130395,23,1028,147127162,47
DEQ,785073548133184,23,1028,146127947,46
DEQ,785073548211336,23,1028,145202030,45
DEQ,785073548214355,23,1028,144221276,44
DEQ,785073548282778,23,1028,143402452,43
DEQ,785073548285544,23,1028,142411626,42
DEQ,785073548286106,23,1028,141501872,41
DEQ,785073548398523,23,1028,140712157,40
DEQ,785073548401244,23,1028,139809710,39
DEQ,785073548403012,23,1028,138908804,38
DEQ,785073548511222,23,1028,138116519,37
DEQ,785073548514022,23,1028,2228948,36
DEQ,785073548514457,23,1028,2224851,35
DEQ,785073548601286,23,1028,2231760,34
DEQ,785073548604222,23,1400,2228581,33
DEQ,785073548628492,23,1400,2138143,34
DEQ,785073548706071,23,1028,2211376,33
DEQ,785073548708853,23,1400,2206912,32
DEQ,785073548730689,23,1400,2225227,33
DEQ,785073548818493,23,1028,2291680,32
DEQ,785073548821137,23,1028,2276177,31
DEQ,785073548822652,23,1028,2178590,30
DEQ,785073548937699,23,1028,2278780,29
DEQ,785073548940830,23,1028,2279811,28
DEQ,785073548942605,23,1028,2279505,27
DEQ,785073549019915,23,1028,2353795,26
DEQ,785073549023262,23,1028,2263951,25
DEQ,785073549037881,23,1028,2274828,25
DEQ,785073549119094,23,1028,2350630,24
DEQ,785073549121924,23,1028,2349943,23
DEQ,785073549223413,23,1028,2308027,22
DEQ,785073549226173,23,1028,2295203,21
DEQ,785073549226593,23,1028,2293434,20
DEQ,785073549305888,23,1028,2369431,19
DEQ,785073549312180,23,1028,2302932,18
DEQ,785073549312597,23,1028,2291207,17
DEQ,785073549314326,23,1028,2213965,16
DEQ,785073549393067,23,1028,2277186,15
DEQ,785073549395806,23,1028,2276703,14
DEQ,785073549481527,23,1028,2278343,13
DEQ,785073746324224,23,1028,199108778,64
DEQ,785073746327027,23,1028,199109276,63
DEQ,785073746327589,23,1028,199035455,62
DEQ,785073746327987,23,1028,199031703,61
DEQ,785073746328458,23,1028,199029856,60
DEQ,785073746331736,23,1028,198910048,59
DEQ,785073746422784,23,1028,198997007,64
DEQ,785073746423706,23,1028,198408591,63
DEQ,785073746425584,23,1400,197815744,62
DEQ,785073746531802,23,1400,197907675,64
DEQ,785073746534578,23,1400,197820355,63
DEQ,785073746535118,23,1400,197809025,62
DEQ,785073746575328,23,1028,197547206,64
DEQ,785073746590560,23,1028,196574462,64
DEQ,785073746670197,23,1028,195673525,64
DEQ,785073746673018,23,1028,194676951,63
DEQ,785073746673439,23,1028,193673085,62
DEQ,785073746754561,23,1028,192754963,64
DEQ,785073746757442,23,1028,191757166,63
DEQ,785073746836653,23,1028,190836530,64
DEQ,785073746839487,23,1028,189833895,63
DEQ,785073746906607,23,1028,188895635,64
DEQ,785073746909430,23,1028,187911028,63
DEQ,785073746987647,23,1028,186990701,64
DEQ,785073746990474,23,1028,185990442,63
DEQ,785073747006837,23,1028,185010271,64
DEQ,785073747128698,23,1028,184130687,64
DEQ,785073747131737,23,1028,183138340,63
DEQ,785073747132282,23,1028,182140432,62
DEQ,785073747153465,23,1028,181162235,64
DEQ,785073747226572,23,1028,180233080,64
DEQ,785073747229345,23,1028,179235117,63
DEQ,785073747241956,23,1028,178235307,64
DEQ,785073747327614,23,1028,177309859,64
DEQ,785073747330623,23,1028,176313599,63
DEQ,785073747350533,23,1028,175331946,64
DEQ,785073747452254,23,1028,174434211,64
DEQ,785073747455248,23,1028,173435724,63
DEQ,785073747455884,23,1028,172441813,62
DEQ,785073747540627,23,1028,171528367,61
DEQ,785073747543340,23,1028,170528976,60
DEQ,785073747543864,23,1028,169534777,59
DEQ,785073747625805,23,1028,168608630,58
DEQ,785073747628581,23,1028,167610513,57
DEQ,785073747717635,23,1028,166700792,56
DEQ,785073747720524,23,1028,165701530,55
DEQ,785073747720971,23,1028,164703283,54
DEQ,785073747786920,23,1028,163774825,53
DEQ,785073747789659,23,1028,162783846,52
DEQ,785073747791109,23,1028,161790770,51
DEQ,785073747874974,23,1028,160874934,50
DEQ,785073747877727,23,1028,159867340,49
DEQ,785073747879671,23,1028,158868372,48
DEQ,785073747965815,23,1028,157960282,47
DEQ,785073747969210,23,1028,156968847,46
DEQ,785073747969740,23,1028,155966371,45
DEQ,785073748052561,23,1028,155046389,45
DEQ,785073748059191,23,1028,154059948,44
DEQ,785073748059621,23,1028,153064283,43
DEQ,785073748068025,23,1028,152068261,42
DEQ,785073748179151,23,1028,151183560,41
DEQ,785073748181752,23,1028,150186196,40
DEQ,785073748183359,23,1028,149179966,39
DEQ,785073748274844,23,1028,148271532,38
DEQ,785073748278136,23,1028,147279369,37
DEQ,785073748365854,23,1028,2033302,36
DEQ,785073748369106,23,1028,2026991,35
DEQ,785073748369606,23,1028,2025410,34
DEQ,785073748447455,23,1028,2101256,33
DEQ,785073748450692,23,1028,2102263,32
DEQ,785073748451231,23,1028,2100627,31
DEQ,785073748541601,23,1028,2114859,30
DEQ,785073748545018,23,1028,2113745,29
DEQ,785073748545571,23,1028,2112171,28
DEQ,785073748623126,23,1400,2083481,27
DEQ,785073748626471,23,1400,2073207,26
DEQ,785073748648947,23,1028,2090877,27
DEQ,785073748728189,23,1400,2151166,26
DEQ,785073748735029,23,1400,2143745,25
DEQ,785073748737864,23,1028,2061896,24
DEQ,785073748828335,23,1028,2140569,25
DEQ,785073748831661,23,1028,2141658,24
DEQ,785073748832232,23,1028,2072571,23
DEQ,785073748911262,23,1028,2139487,23
DEQ,785073748914042,23,1028,2071934,22
DEQ,785073748998104,23,1028,2151852,21
DEQ,785073749001403,23,1028,2089785,20
DEQ,785073749091464,23,1028,2175884,19
DEQ,785073749094755,23,1028,2101256,18
DEQ,785073749095310,23,1028,2097589,17
DEQ,785073749189081,23,1028,2180650,16
DEQ,785073749192381,23,1028,2057382,15
DEQ,785073749192932,23,1028,2044404,14
DEQ,785073749289224,23,1028,2138395,13
DEQ,785073749292501,23,1028,2138406,12
DEQ,785073749293070,23,1028,2058194,11
DEQ,785073749293682,23,1028,2054388,10
DEQ,785073749377606,23,1028,2135135,9
DEQ,785073749380942,23,1028,2048048,8
DEQ,785073749386816,23,1028,2039304,7
DEQ,785073749478944,23,1028,2127862,6
DEQ,785073749482242,23,1028,1503628,5
DEQ,785073749484295,23,1400,851143,4
DEQ,785073749576157,23,1400,932512,5
DEQ,785073749579502,23,1400,837000,4
DEQ,785073749605921,23,1400,858926,5
DEQ,785073749653081,23,1028,754573,4
DEQ,785073749685516,23,1400,194705,3
DEQ,785073749725556,23,1400,230119,4
DEQ,785073749771691,23,1400,186215,3
DEQ,785073749805308,23,1400,210184,5
DEQ,785073749848854,23,1400,160594,4
DEQ,785073749885512,23,1400,195151,5
DEQ,785073749928677,23,1400,154643,4
DEQ,785073749969119,23,1400,192965,5
DEQ,785073750018437,23,1028,228025,4
DEQ,785073750047851,23,1400,196733,3
DEQ,785073750088685,23,1400,235442,4
DEQ,785073750125405,23,1400,194054,3
DEQ,785073946337866,23,1400,196404421,64
DEQ,785073946341140,23,1400,196290536,63
DEQ,785073946341812,23,1400,196288784,62
DEQ,785073946360687,23,1400,196232871,64
DEQ,785073946454668,23,1400,196324708,64
DEQ,785073946455594,23,1028,195776148,63
DEQ,785073946476544,23,1028,194892410,64
DEQ,785073946573716,23,1028,194076483,64
DEQ,785073946576444,23,1028,193178385,63
DEQ,785073946576853,23,1028,192290504,62
DEQ,785073946613194,23,1028,191448787,64
STATS,785073946632553,65,68308,5725,5660,0,0,0
DEQ,785073946683278,23,1028,190532707,64
DEQ,785073946685941,23,1028,189553081,63
DEQ,785073946687592,23,1028,188554347,62
DEQ,785073946797564,23,1028,187664576,64
DEQ,785073946800341,23,1028,186672744,63
DEQ,785073946800909,23,1028,185679705,62
DEQ,785073946823718,23,1028,184699469,64
DEQ,785073946898899,23,1028,183770352,64
DEQ,785073946901510,23,1028,182778411,63
DEQ,785073946903308,23,1028,181779957,62
DEQ,785073947000542,23,1028,180876735,64
DEQ,785073947003381,23,1028,179872891,63
DEQ,785073947005804,23,1028,178874773,62
DEQ,785073947091742,23,1028,177958585,64
DEQ,785073947094623,23,1028,176956265,63
DEQ,785073947106967,23,1028,175967362,64
DEQ,785073947187271,23,1028,175045808,64
DEQ,785073947190032,23,1028,174053824,63
DEQ,785073947191714,23,1028,173057087,62
DEQ,785073947297450,23,1028,172170539,64
DEQ,785073947300107,23,1028,171175953,63
DEQ,785073947301724,23,1028,170180202,62
DEQ,785073947396208,23,1028,169270395,64
DEQ,785073947398864,23,1028,168283098,63
DEQ,785073947400638,23,1028,167293398,62
DEQ,785073947490292,23,1028,166381519,64
DEQ,785073947493073,23,1028,165503576,63
DEQ,785073947511254,23,1028,164529670,63
DEQ,785073947583790,23,1028,163611446,62
DEQ,785073947586624,23,1028,162617333,61
DEQ,785073947675338,23,1028,161797408,60
DEQ,785073947677887,23,1028,160897535,59
DEQ,785073947679594,23,1028,159997854,58
DEQ,785073947771360,23,1028,159187675,57
DEQ,785073947773972,23,1028,158290104,56
DEQ,785073947775617,23,1028,157390694,55
DEQ,785073947859200,23,1028,156572702,54
DEQ,785073947862867,23,1028,155699446,53
DEQ,785073947936365,23,1028,154798248,52
DEQ,785073947939273,23,1028,153803554,51
DEQ,785073948004358,23,1028,152868891,50
DEQ,785073948007193,23,1028,151869520,49
DEQ,785073948107182,23,1028,150968927,48
DEQ,785073948110567,23,1028,149968020,47
DEQ,785073948111075,23,1028,148960878,46
DEQ,785073948209335,23,1028,148073967,46
DEQ,785073948212070,23,1028,147076660,45
DEQ,785073948293519,23,1028,146157647,44
DEQ,785073948296325,23,1028,145164695,43
DEQ,785073948296888,23,1028,144166231,42
DEQ,785073948382138,23,1028,143253538,41
DEQ,785073948384879,23,1028,142260504,40
DEQ,785073948466318,23,1028,141335735,39
DEQ,785073948468899,23,1028,140340920,38
DEQ,785073948470369,23,1028,2126327,37
DEQ,785073948560231,23,1028,2211969,36
DEQ,785073948563027,23,1028,2212513,35
DEQ,785073948571066,23,1400,2207946,34
DEQ,785073948668061,23,1400,2210183,35
DEQ,785073948670828,23,1028,2208599,34
DEQ,785073948740457,23,1400,2258667,33
DEQ,785073948747624,23,1400,2168748,32
DEQ,785073948823165,23,1028,2231464,33
DEQ,785073948825966,23,1028,2215682,32
DEQ,785073948897551,23,1028,2283475,31
DEQ,785073948900305,23,1028,2211595,30
DEQ,785073948901984,23,1028,2209204,29
DEQ,785073949003153,23,1028,2308507,28
DEQ,785073949005844,23,1028,2202658,27
DEQ,785073949099878,23,1028,2280892,27
DEQ,785073949106372,23,1028,2285202,26
DEQ,785073949106787,23,1028,2282525,25
DEQ,785073949154895,23,1028,2250554,24
DEQ,785073949185488,23,1028,2277053,23
DEQ,785073949225951,23,1028,2315291,22
DEQ,785073949265438,23,1028,2258497,21
DEQ,785073949305510,23,1028,2294041,20
DEQ,785073949348893,23,1028,2335573,19
DEQ,785073949349951,23,1028,2249756,18
DEQ,785073949385857,23,1028,2281645,17
DEQ,785073949426035,23,1028,2317652,16
DEQ,785073949468502,23,1028,2274663,15
DEQ,785073949469691,23,1028,2271572,14
DEQ,785073949514273,23,1028,2313896,13
DEQ,785073949547885,23,1028,2244498,12
DEQ,785073949592480,23,1028,2284753,11
DEQ,785073949634110,23,1028,2324338,10
DEQ,785073949667959,23,1028,2265471,9
DEQ,785073949669133,23,1028,2262585,8
DEQ,785073949713449,23,1028,2304764,7
DEQ,785073949754358,23,1028,2259020,6
DEQ,785073949795415,23,1028,1683399,5
DEQ,785073949828868,23,1400,1253549,4
DEQ,785073949868950,23,1400,1289681,5
DEQ,785073949915218,23,1400,1162915,4
DEQ,785073949954851,23,1400,1198640,5
DEQ,785073950007886,23,1028,910761,4
DEQ,785073950042006,23,1400,208009,3
DEQ,785073950082471,23,1400,244495,5
DEQ,785073950134883,23,1400,217381,4
DEQ,785073950170639,23,1400,251176,5
DEQ,785073950220516,23,1400,175859,4
DEQ,785073950260055,23,1400,213232,5
DEQ,785073950300148,23,1028,218599,4
DEQ,785073950340227,23,1400,203295,3
DEQ,785073950380099,23,1400,241167,4
DEQ,785073950420218,23,1400,197699,3
DEQ,785073950462564,23,1400,238126,4
DEQ,785073950499938,23,1400,157408,3
DEQ,785073950540121,23,1400,195812,4
DEQ,785073950579817,23,1400,157525,3
DEQ,785073950628593,23,1400,204186,4
DEQ,785073950660190,23,1400,158265,3
DEQ,785073950700237,23,1400,196261,4
DEQ,785074146340058,23,1400,195758086,64
DEQ,785074146343170,23,1400,195759296,63
DEQ,785074146343636,23,1400,195681302,62
DEQ,785074146364842,23,1400,195700548,64
DEQ,785074146453981,23,1028,195369941,64
DEQ,785074146454782,23,1028,194373178,63
DEQ,785074146455242,23,1028,193381324,62
DEQ,785074146574793,23,1028,192508545,64
DEQ,785074146577681,23,1028,191523246,63
DEQ,785074146578180,23,1028,190523369,62
DEQ,785074146578795,23,1028,189528341,61
DEQ,785074146616955,23,1028,188580026,64
DEQ,785074146706889,23,1028,187674433,64
DEQ,785074146709483,23,1028,186679589,63
DEQ,785074146711035,23,1028,185681405,62
DEQ,785074146796905,23,1028,184771418,64
DEQ,785074146799648,23,1028,183769218,63
DEQ,785074146815623,23,1028,182783478,64
DEQ,785074146904768,23,1028,181877764,64
DEQ,785074146908000,23,1028,180879332,63
DEQ,785074146908823,23,1028,179880199,62
DEQ,785074146928227,23,1028,178901240,64
DEQ,785074147024787,23,1028,177992052,64
DEQ,785074147027602,23,1028,176997140,63
DEQ,785074147029488,23,1028,175997900,62
DEQ,785074147117426,23,1028,175084842,64
DEQ,785074147120263,23,1028,174090254,63
DEQ,785074147132953,23,1028,173103324,64
DEQ,785074147214259,23,1028,172187693,64
DEQ,785074147217110,23,1028,171194551,63
DEQ,785074147229636,23,1028,170208708,64
DEQ,785074147302991,23,1028,169282446,64
DEQ,785074147305816,23,1028,168286035,63
DEQ,785074147317872,23,1028,167292753,64
DEQ,785074147389862,23,1028,166363561,64
DEQ,785074147392597,23,1028,165371767,63
DEQ,785074147413019,23,1028,164396936,64
DEQ,785074147478783,23,1028,163461619,63
DEQ,785074147481772,23,1028,162465019,62
DEQ,785074147548295,23,1028,161535842,61
DEQ,785074147551146,23,1028,160535736,60
DEQ,785074147611670,23,1028,159593938,59
DEQ,785074147614545,23,1028,158597162,58
DEQ,785074147700366,23,1028,157686762,57
DEQ,785074147703186,23,1028,156693941,56
DEQ,785074147773396,23,1028,155767043,55
DEQ,785074147787445,23,1028,154783530,54
DEQ,785074147859237,23,1028,153855386,53
DEQ,785074147862115,23,1028,152856555,52
DEQ,785074147933406,23,1028,151933523,51
DEQ,785074147936186,23,1028,150931102,50
DEQ,785074147956802,23,1028,149959442,50
DEQ,785074147990109,23,1028,148990189,49
DEQ,785074148035249,23,1028,148024222,48
DEQ,785074148070118,23,1028,147060636,47
DEQ,785074148109893,23,1028,146100805,46
DEQ,785074148153271,23,1028,145144249,45
DEQ,785074148154549,23,1028,144173295,44
DEQ,785074148189882,23,1028,143331755,43
DEQ,785074148231401,23,1028,142465204,42
DEQ,785074148269959,23,1028,141596467,41
DEQ,785074148309761,23,1028,140732709,40
DEQ,785074148310978,23,1028,139833100,39
DEQ,785074148353188,23,1028,138974815,38
DEQ,785074148390026,23,1028,138125765,37
DEQ,785074148431331,23,1028,2084988,36
DEQ,785074148471430,23,1028,2120465,35
DEQ,785074148509853,23,1028,2153244,34
DEQ,785074148550140,23,1400,2182749,33
DEQ,785074148593489,23,1400,2136316,34
DEQ,785074148630057,23,1028,2168525,33
DEQ,785074148672198,23,1400,2206990,32
DEQ,785074148710032,23,1400,2129499,33
DEQ,785074148750065,23,1028,2157264,32
DEQ,785074148789955,23,1028,2178044,31
DEQ,785074148791110,23,1028,2177016,30
DEQ,785074148833843,23,1028,2216184,30
DEQ,785074148869583,23,1028,2157496,29
DEQ,785074148910383,23,1028,2185981,28
DEQ,785074148949834,23,1028,2223228,27
DEQ,785074148995221,23,1028,2193719,26
DEQ,785074149029810,23,1028,2224145,25
DEQ,785074149031070,23,1028,2214748,24
DEQ,785074149074439,23,1028,2162767,23
DEQ,785074149109904,23,1028,2193666,22
DEQ,785074149156297,23,1028,2237552,21
DEQ,785074149189808,23,1028,2260778,20
DEQ,785074149191033,23,1028,2160423,19
DEQ,785074149259343,23,1028,2224535,18
DEQ,785074149292875,23,1028,2255981,17
DEQ,785074149337622,23,1028,2214947,16
DEQ,785074149372652,23,1028,2242379,15
DEQ,785074149415496,23,1028,2281099,14
DEQ,785074149416667,23,1028,2197350,13
DEQ,785074149452642,23,1028,2225572,12
DEQ,785074149494418,23,1028,2263303,11
DEQ,785074149539526,23,1028,2231458,10
DEQ,785074149540713,23,1028,2225368,9
DEQ,785074149572846,23,1028,2253539,8
DEQ,785074149620301,23,1028,2225220,7
DEQ,785074149652513,23,1028,2242180,6
DEQ,785074149653737,23,1028,1708154,5
DEQ,785074149699441,23,1400,1145221,5
DEQ,785074149741203,23,1400,1184635,6
DEQ,785074149791554,23,1400,1117060,5
DEQ,785074149831800,23,1400,1155305,6
DEQ,785074149877866,23,1028,1049785,5
DEQ,785074149911565,23,1028,221230,4
DEQ,785074149956864,23,1400,255154,3
DEQ,785074149991527,23,1400,287915,4
DEQ,785074150032468,23,1400,238895,3
DEQ,785074150072113,23,1400,276512,4
DEQ,785074346330080,23,1400,196371169,64
DEQ,785074346333300,23,1400,196372460,63
DEQ,785074346333797,23,1400,196299089,62
DEQ,785074346364470,23,1400,196327773,64
DEQ,785074346441012,23,1028,195840992,64
DEQ,785074346441805,23,1028,194938891,63
DEQ,785074346457713,23,1028,194053873,64
DEQ,785074346570948,23,1028,193295162,64
DEQ,785074346573644,23,1028,192438833,63
DEQ,785074346574156,23,1028,191470780,62
DEQ,785074346653144,23,1028,190602878,64
DEQ,785074346655832,23,1028,189693424,63
DEQ,785074346656265,23,1028,188695112,62
DEQ,785074346777197,23,1028,187818893,64
DEQ,785074346779818,23,1028,186904180,63
DEQ,785074346781433,23,1028,186004255,62
DEQ,785074346917565,23,1028,185237582,64
DEQ,785074346920506,23,1028,184339191,63
DEQ,785074346921002,23,1028,183439843,62
DEQ,785074346944136,23,1028,182563275,64
DEQ,785074347023411,23,1028,181757098,64
DEQ,785074347025962,23,1028,180882603,63
DEQ,785074347027674,23,1028,179891251,62
DEQ,785074347108361,23,1028,178971408,64
DEQ,785074347111146,23,1028,178002187,63
DEQ,785074347126494,23,1028,177024629,64
DEQ,785074347220379,23,1028,176118147,64
DEQ,785074347223385,23,1028,175126849,63
DEQ,785074347243847,23,1028,174147188,64
DEQ,785074347318654,23,84,173633181,64
DEQ,785074347321501,23,1028,173226157,63
DEQ,785074347322047,23,1028,172219933,62
DEQ,785074347324249,23,1028,171220054,61
DEQ,785074347415823,23,1028,170311006,64
DEQ,785074347418729,23,1028,169314886,63
DEQ,785074347432325,23,1028,168323416,64
DEQ,785074347524610,23,1028,167417754,64
DEQ,785074347527322,23,1028,166411837,63
DEQ,785074347529093,23,1028,165410835,62
DEQ,785074347611698,23,1028,164488808,62
DEQ,785074347614587,23,1028,163491877,61
DEQ,785074347685843,23,1028,162565017,60
DEQ,785074347688647,23,1028,161569749,59
DEQ,785074347774889,23,1028,160652290,58
DEQ,785074347777722,23,1028,159653490,57
DEQ,785074347786035,23,1028,158657139,56
DEQ,785074347860763,23,1028,157736388,55
DEQ,785074347867930,23,1028,156745784,54
DEQ,785074347952700,23,1028,155827179,53
DEQ,785074347956349,23,1028,154835729,52
DEQ,785074348026221,23,1028,153901982,51
DEQ,785074348033293,23,1028,152908790,50
DEQ,785074348078226,23,1028,151959379,50
DEQ,785074348120092,23,1028,151004356,49
DEQ,785074348152489,23,1028,150041271,48
DEQ,785074348153773,23,1028,149040425,47
DEQ,785074348226140,23,1028,148115339,46
DEQ,785074348263663,23,1028,147154468,45
DEQ,785074348303983,23,1028,146196188,44
DEQ,785074348343928,23,1028,145232097,43
DEQ,785074348391127,23,1028,144275580,42
DEQ,785074348423698,23,1028,143307940,41
DEQ,785074348424872,23,1028,142334775,40
DEQ,785074348475926,23,1028,141386446,39
DEQ,785074348513640,23,1028,140419242,38
DEQ,785074348553930,23,1028,2217022,37
DEQ,785074348596736,23,1028,2247081,36
DEQ,785074348633720,23,1028,2278388,35
DEQ,785074348673805,23,1400,2306843,34
DEQ,785074348713809,23,1400,2270461,35
DEQ,785074348756159,23,1028,2308389,34
DEQ,785074348793150,23,1400,2331044,33
DEQ,785074348841345,23,1400,2265600,34
DEQ,785074348873698,23,1028,2293746,33
DEQ,785074348914030,23,1028,2331908,32
DEQ,785074348953841,23,1028,2294184,32
DEQ,785074348955111,23,1028,2291258,31
DEQ,785074348993468,23,1028,2327400,30
DEQ,785074349033908,23,1028,2251425,29
DEQ,785074349035076,23,1028,2248390,28
DEQ,785074349073776,23,1028,2284785,27
DEQ,785074349134102,23,1028,2210591,26
DEQ,785074349167468,23,1028,2228258,25
DEQ,785074349212347,23,1028,2270824,24
DEQ,785074349247309,23,1028,2302513,23
DEQ,785074349288036,23,1028,2259300,22
DEQ,785074349327623,23,1028,2294882,21
DEQ,785074349328828,23,1028,2293891,20
DEQ,785074349387139,23,1028,2273690,19
DEQ,785074349420511,23,1028,2303016,18
DEQ,785074349466290,23,1028,2339016,17
DEQ,785074349500528,23,1028,2274854,16
DEQ,785074349547006,23,1028,2305837,15
DEQ,785074349580611,23,1028,2335309,14
DEQ,785074349582126,23,1028,2256034,13
DEQ,785074349626882,23,1028,2296592,12
DEQ,785074349667203,23,1028,2334540,11
DEQ,785074349700520,23,1028,2365678,10
DEQ,785074349740638,23,1028,2319130,9
DEQ,785074349780398,23,1028,2350787,8
DEQ,785074349820592,23,1028,2386955,8
DEQ,785074349821814,23,1028,2291602,7
DEQ,785074349881175,23,1028,1838084,6
DEQ,785074349915590,23,1400,1237669,5
DEQ,785074349959393,23,1400,1279263,6
DEQ,785074350003063,23,1400,1207763,5
DEQ,785074350049194,23,1400,1251923,6
DEQ,785074350090402,23,1028,1168708,5
DEQ,785074350122583,23,1028,338780,4
DEQ,785074350169113,23,1400,251348,3
DEQ,785074350202625,23,1400,283178,4
DEQ,785074350245126,23,1400,239954,3
DEQ,785074350292058,23,1400,284985,4
DEQ,785074350325524,23,1400,154267,3
DEQ,785074546332079,23,1400,196158893,64
DEQ,785074546335334,23,1400,196088207,63
DEQ,785074546335904,23,1400,196086797,62
DEQ,785074546451468,23,1400,196123820,64
DEQ,785074546452554,23,1400,196122971,63
DEQ,785074546453086,23,1028,195779589,62
DEQ,785074546479495,23,1028,194902010,64
DEQ,785074546599957,23,1028,194122527,64
DEQ,785074546603372,23,1028,193225771,63
DEQ,785074546603925,23,1028,192342465,62
DEQ,785074546630825,23,1028,191493222,64
DEQ,785074546699828,23,1028,190570108,64
DEQ,785074546702389,23,1028,189575045,63
DEQ,785074546704313,23,1028,188580358,62
DEQ,785074546783398,23,1028,187664384,64
DEQ,785074546799153,23,1028,186685179,64
DEQ,785074546888427,23,1028,185782454,64
DEQ,785074546891252,23,1028,184794123,63
DEQ,785074546912158,23,1028,183814839,64
DEQ,785074546980815,23,1028,182888294,64
DEQ,785074546983659,23,1028,181890860,63
DEQ,785074546999314,23,1028,180907950,64
DEQ,785074547080995,23,1028,179990941,64
DEQ,785074547083944,23,1028,178998228,63
DEQ,785074547084496,23,1028,178007105,62
DEQ,785074547187990,23,1028,177117151,64
DEQ,785074547190865,23,1028,176191870,63
DEQ,785074547203077,23,1028,175212400,64
DEQ,785074547301712,23,1028,174311459,64
DEQ,785074547304423,23,1028,173314836,63
DEQ,785074547305999,23,1028,172319644,62
DEQ,785074547396859,23,1028,171402568,64
DEQ,785074547399835,23,1028,170412808,63
DEQ,785074547401749,23,1028,169429562,62
DEQ,785074547501537,23,1028,168538351,64
DEQ,785074547504212,23,1028,167555741,63
DEQ,785074547505841,23,1028,166643053,62
DEQ,785074547585478,23,1028,165819383,64
DEQ,785074547588325,23,1028,164923547,63
DEQ,785074547671596,23,1028,164097484,62
DEQ,785074547674406,23,1028,163196555,61
DEQ,785074547686063,23,1028,162308395,60
DEQ,785074547756374,23,1028,161492894,59
DEQ,785074547763352,23,1028,160628752,58
DEQ,785074547843888,23,1028,159714456,57
DEQ,785074547846770,23,1028,158722969,56
DEQ,785074547926685,23,1028,157809641,55
DEQ,785074547929396,23,1028,156814536,54
DEQ,785074547941079,23,1028,155829198,53
DEQ,785074548021542,23,1028,154909804,52
DEQ,785074548024330,23,1028,153921766,51
DEQ,785074548025694,23,1028,152931079,50
DEQ,785074548066792,23,1028,151975920,50
DEQ,785074548101724,23,1028,151016469,49
DEQ,785074548140654,23,1028,150061043,48
DEQ,785074548187538,23,1028,149107397,47
DEQ,785074548224239,23,1028,148149209,46
DEQ,785074548266619,23,1028,147197564,45
DEQ,785074548300811,23,1028,146236612,44
DEQ,785074548302178,23,1028,145239351,43
DEQ,785074548351408,23,1028,144292488,42
DEQ,785074548388843,23,1028,143333468,41
DEQ,785074548430302,23,1028,142385423,40
DEQ,785074548471843,23,1028,141434571,39
DEQ,785074548508850,23,1028,140475775,38
DEQ,785074548510035,23,1028,2171567,37
DEQ,785074548583237,23,1028,2237021,36
DEQ,785074548616509,23,1028,2267972,35
DEQ,785074548660398,23,1400,2202932,34
DEQ,785074548699968,23,1400,2232357,35
DEQ,785074548759538,23,1028,2289845,34
DEQ,785074548792795,23,1400,2297182,33
DEQ,785074548832817,23,1400,2226753,34
DEQ,785074548880448,23,1028,2254823,33
DEQ,785074548913816,23,1028,2285782,32
DEQ,785074548953887,23,1028,2322288,32
DEQ,785074549013429,23,1028,2308009,31
DEQ,785074549046782,23,1028,2328983,30
DEQ,785074549086867,23,1028,2367006,29
DEQ,785074549126819,23,1028,2339172,28
DEQ,785074549169329,23,1028,2369390,27
DEQ,785074549213754,23,1028,2319979,26
DEQ,785074549215025,23,1028,2305624,25
DEQ,785074549256452,23,1028,2343678,24
DEQ,785074549290032,23,1028,2304169,23
DEQ,785074549334634,23,1028,2344531,22
DEQ,785074549370094,23,1028,2369937,21
DEQ,785074549416229,23,1028,2329284,20
DEQ,785074549450086,23,1028,2352205,19
DEQ,785074549495511,23,1028,2395421,18
DEQ,785074549529723,23,1028,2333191,17
DEQ,785074549530961,23,1028,2330424,16
DEQ,785074549573609,23,1028,2368984,15
DEQ,785074549609947,23,1028,2302316,14
DEQ,785074549656320,23,1028,2344559,13
DEQ,785074549689897,23,1028,2375982,12
DEQ,785074549691048,23,1028,2287459,11
DEQ,785074549759613,23,1028,2351969,10
DEQ,785074549793391,23,1028,2383468,10
DEQ,785074549836840,23,1028,2329961,9
DEQ,785074549881842,23,1028,2370696,8
DEQ,785074549912613,23,1028,2399291,7
DEQ,785074549953271,23,1028,1918783,6
DEQ,785074549993147,23,1400,1328558,5
DEQ,785074550033082,23,1400,1366215,6
DEQ,785074550073404,23,1400,1278366,5
DEQ,785074550113197,23,1400,1316216,6
DEQ,785074550153352,23,1028,1231701,5
DEQ,785074550194588,23,1028,415807,4
DEQ,785074550232997,23,1400,237435,3
DEQ,785074550275955,23,1400,278490,4
DEQ,785074550313977,23,1400,238589,3
DEQ,785074550356055,23,1400,278736,4
DEQ,785074550395799,23,1400,160806,3
DEQ,785074550435823,23,1400,198916,4
DEQ,785074550475744,23,1400,159625,3
DEQ,785074550515886,23,1400,197808,4
DEQ,785074550555659,23,1400,157672,3
DEQ,785074550595716,23,1400,195828,4
DEQ,785074550644999,23,1400,167142,4
DEQ,785074550682036,23,1400,202368,5
DEQ,785074550683278,23,1400,125495,4
DEQ,785074550720545,23,1400,160869,5
DEQ,785074550767774,23,1028,128561,4
DEQ,785074550800338,23,1400,153209,3
DEQ,785074550843727,23,1400,194690,4
DEQ,785074746331806,23,1400,195647173,64
DEQ,785074746334701,23,1400,195648167,63
DEQ,785074746335199,23,1400,195532803,62
DEQ,785074746422557,23,1400,195618502,64
DEQ,785074746423447,23,1028,194887743,63
DEQ,785074746446024,23,1028,194006273,64
DEQ,785074746539396,23,1028,193198786,64
DEQ,785074746542238,23,1028,192330163,63
DEQ,785074746542749,23,1028,191431015,62
DEQ,785074746566458,23,1028,190479034,64
DEQ,785074746647973,23,1028,189566027,64
DEQ,785074746650606,23,1028,188569107,63
DEQ,785074746652430,23,1028,187573414,62
DEQ,785074746732560,23,1028,186658991,64
DEQ,785074746735277,23,1028,185663980,63
DEQ,785074746754487,23,1028,184690083,64
DEQ,785074746851002,23,1028,183788569,64
DEQ,785074746853725,23,1028,182799208,63
DEQ,785074746866676,23,1028,181816235,64
DEQ,785074746978064,23,1028,180937804,64
DEQ,785074746980773,23,1028,179941880,63
DEQ,785074746981337,23,1028,178940219,62
DEQ,785074747002850,23,1028,177966849,64
DEQ,785074747087848,23,1028,177055497,64
DEQ,785074747090751,23,1028,176060299,63
DEQ,785074747173732,23,1028,175146734,64
DEQ,785074747176591,23,1028,174151162,63
DEQ,785074747189391,23,1028,173173255,64
DEQ,785074747269170,23,1028,172260875,64
DEQ,785074747272258,23,1028,171386068,63
DEQ,785074747292404,23,1028,170420084,64
DEQ,785074747365783,23,1028,169577635,64
DEQ,785074747377675,23,1028,168684066,64
DEQ,785074747475766,23,1028,167880044,64
DEQ,785074747478567,23,1028,166980583,63
DEQ,785074747491326,23,1028,166093056,64
DEQ,785074747563644,23,1028,165292601,64
DEQ,785074747566424,23,1028,164421605,63
DEQ,785074747578652,23,1028,163447854,62
DEQ,785074747650110,23,1028,162528197,61
DEQ,785074747657236,23,1028,161542325,60
DEQ,785074747733426,23,1028,160626291,59
DEQ,785074747736236,23,1028,159629470,58
DEQ,785074747798033,23,1028,158699718,57
DEQ,785074747800889,23,1028,157701261,56
DEQ,785074747861730,23,1028,156770628,55
DEQ,785074747864627,23,1028,155778628,54
DEQ,785074747945721,23,1028,154868582,53
DEQ,785074747948535,23,1028,153993566,52
DEQ,785074748018248,23,1028,153076899,51
DEQ,785074748020991,23,1028,152092560,50
DEQ,785074748046337,23,1028,151201508,50
DEQ,785074748079596,23,1028,150332892,49
DEQ,785074748120658,23,1028,149469355,48
DEQ,785074748159652,23,1028,148602375,47
DEQ,785074748160187,23,1028,147701567,46
DEQ,785074748226091,23,1028,146881465,45
DEQ,785074748263576,23,1028,146041183,44
DEQ,785074748304621,23,1028,145169001,43
DEQ,785074748344904,23,1028,144300160,42
DEQ,785074748383642,23,1028,143347563,41
DEQ,785074748423841,23,1028,142391529,40
DEQ,785074748425019,23,1028,141392099,39
DEQ,785074748509755,23,1028,140488250,38
DEQ,785074748543346,23,1028,139523039,37
DEQ,785074748586968,23,1028,2249622,36
DEQ,785074748623264,23,1028,2279791,35
DEQ,785074748667059,23,1028,2321389,34
DEQ,785074748710011,23,1400,2282524,33
DEQ,785074748748538,23,1400,2305846,34
DEQ,785074748783220,23,1028,2334469,33
DEQ,785074748822927,23,1400,2276455,32
DEQ,785074748863277,23,1400,2301773,33
DEQ,785074748907723,23,1028,2343867,32
DEQ,785074748943413,23,1028,2376095,32
DEQ,785074748944676,23,1028,2291110,31
DEQ,785074749009850,23,1028,2352259,30
DEQ,785074749043542,23,1028,2384135,29
DEQ,785074749087909,23,1028,2350394,28
DEQ,785074749131855,23,1028,2390200,27
DEQ,785074749162776,23,1028,2406958,26
DEQ,785074749203794,23,1028,2347763,25
DEQ,785074749244703,23,1028,2384567,24
DEQ,785074749289981,23,1028,2422703,23
DEQ,785074749291255,23,1028,2307550,22
DEQ,785074749323578,23,1028,2335774,21
DEQ,785074749369703,23,1028,2379815,20
DEQ,785074749403460,23,1028,2399415,19
DEQ,785074749404632,23,1028,2311782,18
DEQ,785074749448909,23,1028,2344896,17
DEQ,785074749484104,23,1028,2305107,16
DEQ,785074749524311,23,1028,2337621,15
DEQ,785074749569718,23,1028,2378825,14
DEQ,785074749604277,23,1028,2329528,13
DEQ,785074749644098,23,1028,2365065,12
DEQ,785074749684194,23,1028,2389366,11
DEQ,785074749685408,23,1028,2315341,10
DEQ,785074749727868,23,1028,2348915,9
DEQ,785074749764280,23,1028,2280117,8
DEQ,785074749804033,23,1028,2315368,8
DEQ,785074749845078,23,1028,2353135,7
DEQ,785074749884093,23,1028,1854027,6
DEQ,785074749923938,23,1400,1209568,5
DEQ,785074749967701,23,1400,1251119,6
DEQ,785074750009810,23,1400,1184549,5
DEQ,785074750048191,23,1400,1220940,6
DEQ,785074750100939,23,1028,1179712,5
DEQ,785074750138687,23,1028,357096,4
DEQ,785074750179763,23,1400,253640,3
DEQ,785074750221257,23,1400,293010,4
DEQ,785074750258710,23,1400,246741,3
DEQ,785074750298837,23,1400,284802,4
DEQ,785074750342202,23,1400,160320,3
DEQ,785074750378603,23,1400,194723,4
DEQ,785074750418561,23,1400,157710,3
DEQ,785074946225405,23,1400,195962639,64
DEQ,785074946266085,23,1400,195921551,64
DEQ,785074946311584,23,1400,195965095,64
DEQ,785074946345674,23,1400,195925053,64
DEQ,785074946385584,23,1400,195962997,64
DEQ,785074946425584,23,1028,195787497,64
DEQ,785074946465674,23,1028,194932564,64
DEQ,785074946508796,23,1028,194075400,64
DEQ,785074946545700,23,1028,193212668,64
DEQ,785074946547088,23,1028,192342506,63
DEQ,785074946601021,23,1028,191463560,64
DEQ,785074946638692,23,1028,190513071,64
STATS,785074946645623,65,68308,6318,6253,0,0,0
DEQ,785074946678927,23,1028,189550185,64
DEQ,785074946680257,23,1028,188561928,63
DEQ,785074946726916,23,1028,187615451,64
DEQ,785074946764433,23,1028,186658376,64
DEQ,785074946804954,23,1028,185697617,64
DEQ,785074946806263,23,1028,184705754,63
DEQ,785074946853783,23,1028,183757040,64
DEQ,785074946888841,23,1028,182798364,64
DEQ,785074946928943,23,1028,181841800,64
DEQ,785074946930159,23,1028,180847438,63
DEQ,785074946976900,23,1028,179899788,64
DEQ,785074947014395,23,1028,178946940,64
DEQ,785074947054784,23,1028,177990706,64
DEQ,785074947098167,23,1028,177034263,64
DEQ,785074947135403,23,1028,176071318,64
DEQ,785074947136851,23,1028,175073219,63
DEQ,785074947209256,23,1028,174155996,64
DEQ,785074947242278,23,1028,173184428,64
DEQ,785074947282353,23,1028,172229933,64
DEQ,785074947326624,23,1028,171285650,64
DEQ,785074947362318,23,1028,170327046,64
DEQ,785074947363582,23,1028,169336466,63
DEQ,785074947410873,23,1028,168385776,64
DEQ,785074947444080,23,1028,167422034,64
DEQ,785074947484075,23,1028,166467501,64
DEQ,785074947524257,23,1028,165503890,64
DEQ,785074947525522,23,1028,164505488,63
DEQ,785074947600847,23,1028,163647679,62
DEQ,785074947638555,23,1028,162701099,61
DEQ,785074947679955,23,1028,161829933,60
DEQ,785074947720515,23,1028,160973733,59
DEQ,785074947758757,23,1028,160109178,58
DEQ,785074947798994,23,1028,159246729,57
DEQ,785074947800282,23,1028,158341168,56
DEQ,785074947851079,23,1028,157499789,55
DEQ,785074947888805,23,1028,156659724,54
DEQ,785074947928756,23,1028,155798895,53
DEQ,785074947972026,23,1028,154846772,52
DEQ,785074948017247,23,1028,153981141,51
DEQ,785074948048004,23,1028,153013779,50
DEQ,785074948089288,23,1028,152061572,49
DEQ,785074948129097,23,1028,151104555,48
DEQ,785074948130463,23,1028,150117443,47
DEQ,785074948173256,23,1028,149163537,47
DEQ,785074948208979,23,1028,148180978,46
DEQ,785074948251921,23,1028,147231618,45
DEQ,785074948288717,23,1028,146280034,44
DEQ,785074948329195,23,1028,145331629,43
DEQ,785074948330412,23,1028,144343146,42
DEQ,785074948377027,23,1028,143398479,41
DEQ,785074948414074,23,1028,142435688,40
DEQ,785074948448871,23,1028,141474591,39
DEQ,785074948450261,23,1028,140486255,38
DEQ,785074948488808,23,1028,2258741,37
DEQ,785074948530966,23,1028,2263886,36
DEQ,785074948569101,23,1028,2255677,35
DEQ,785074948570442,23,1400,2221001,34
DEQ,785074948655333,23,1400,2268422,35
DEQ,785074948702855,23,1028,2275825,34
DEQ,785074948735892,23,1400,2268093,33
DEQ,785074948779971,23,1400,2269829,34
DEQ,785074948817353,23,1028,2269437,33
DEQ,785074948855400,23,1028,2305581,32
DEQ,785074948897409,23,1028,2294548,31
DEQ,785074948935642,23,1028,2295612,30
DEQ,785074948936903,23,1028,2255948,29
DEQ,785074948981487,23,1028,2298140,28
DEQ,785074949015540,23,1028,2287143,27
DEQ,785074949059427,23,1028,2293372,26
DEQ,785074949099666,23,1028,2292665,25
DEQ,785074949135838,23,1028,2326742,25
DEQ,785074949179861,23,1028,2324660,24
DEQ,785074949181162,23,1028,2290739,23
DEQ,785074949215440,23,1028,2284373,22
DEQ,785074949263251,23,1028,2329962,21
DEQ,785074949297686,23,1028,2319409,20
DEQ,785074949341684,23,1028,2325898,19
DEQ,785074949377474,23,1028,2320990,18
DEQ,785074949419301,23,1028,2319587,17
DEQ,785074949457603,23,1028,2319894,16
DEQ,785074949502071,23,1028,2357686,15
DEQ,785074949538675,23,1028,2328059,14
DEQ,785074949577752,23,1028,2334088,13
DEQ,785074949579027,23,1028,2295324,12
DEQ,785074949617681,23,1028,2289711,11
DEQ,785074949657636,23,1028,2293180,10
DEQ,785074949711506,23,1028,2344875,9
DEQ,785074949742590,23,1028,2330441,8
DEQ,785074949744538,23,1028,2299050,7
DEQ,785074949778125,23,1028,2292694,6
DEQ,785074949825068,23,1028,1666624,5
DEQ,785074949857790,23,1400,1284157,4
DEQ,785074949905831,23,1400,1329848,5
DEQ,785074949942155,23,1400,1204034,4
DEQ,785074949977837,23,1400,1237692,5
DEQ,785074950018065,23,1028,894504,5
DEQ,785074950020830,23,1400,159549,4
DEQ,785074950077385,23,1400,213556,3
DEQ,785074950106210,23,1400,161604,2
DEQ,785074950156253,23,1400,209565,1
DEQ,785074950197713,23,1028,193323,4
DEQ,785075146329689,23,1400,196169893,64
DEQ,785075146335182,23,1400,196173222,63
DEQ,785075146335742,23,1400,196169170,62
DEQ,785075146357703,23,1400,196188952,64
DEQ,785075146396523,23,1028,195480243,64
DEQ,785075146487084,23,1028,194666240,64
DEQ,785075146491196,23,1028,193780432,63
DEQ,785075146492086,23,1028,192891781,62
DEQ,785075146513760,23,1028,192022332,64
DEQ,785075146599464,23,1028,191200462,64
DEQ,785075146603476,23,1028,190320137,63
DEQ,785075146604059,23,1028,189435250,62
DEQ,785075146612800,23,1028,188493671,61
DEQ,785075146728270,23,1028,187635345,64
DEQ,785075146732185,23,1028,186662027,63
DEQ,785075146749888,23,1028,185708433,64
DEQ,785075146861111,23,1028,184853424,64
DEQ,785075146865103,23,1028,183882263,63
DEQ,785075146865578,23,1028,182910613,62
DEQ,785075146908038,23,1028,181981615,64
DEQ,785075146946219,23,1028,181122295,64
DEQ,785075146986028,23,1028,180271136,64
DEQ,785075147039313,23,1028,179435103,64
DEQ,785075147040835,23,1028,178548626,63
DEQ,785075147066318,23,1028,177683287,64
DEQ,785075147108036,23,1028,176849875,64
DEQ,785075147146127,23,1028,176031577,64
DEQ,785075147185975,23,1028,175102663,64
DEQ,785075147187251,23,1028,174134441,63
DEQ,785075147256983,23,1028,173207065,64
DEQ,785075147290638,23,1028,172272738,64
DEQ,785075147330429,23,1028,171343577,64
DEQ,785075147370453,23,1028,170411994,64
DEQ,785075147410668,23,1028,169482459,64
DEQ,785075147411959,23,1028,168606498,63
DEQ,785075147457028,23,1028,167687203,64
DEQ,785075147491204,23,1028,166812047,64
DEQ,785075147535086,23,1028,165961180,63
DEQ,785075147571337,23,1028,165092668,62
DEQ,785075147611129,23,1028,164219166,61
DEQ,785075147651302,23,1028,163371748,60
DEQ,785075147652618,23,1028,162494937,59
DEQ,785075147726138,23,1028,161590508,58
DEQ,785075147763741,23,1028,160633969,57
DEQ,785075147804900,23,1028,159685359,56
DEQ,785075147845120,23,1028,158731709,55
DEQ,785075147883605,23,1028,157779624,54
DEQ,785075147923974,23,1028,156820026,53
DEQ,785075147925178,23,1028,155828228,52
DEQ,785075147976051,23,1028,154877333,51
DEQ,785075148013968,23,1028,153914577,50
DEQ,785075148071209,23,1028,152978837,49
DEQ,785075148072734,23,1028,152102307,48
DEQ,785075148109442,23,1028,151154724,47
DEQ,785075148149576,23,1028,150200080,46
DEQ,785075148189051,23,1028,149328494,46
DEQ,785075148235098,23,1028,148473228,45
DEQ,785075148269237,23,1028,147604093,44
DEQ,785075148270432,23,1028,146698353,43
DEQ,785075148319026,23,1028,145839810,42
DEQ,785075148353688,23,1028,144973853,41
DEQ,785075148399763,23,1028,144133298,40
DEQ,785075148433383,23,1028,143289197,39
DEQ,785075148476759,23,1028,142444270,38
DEQ,785075148513268,23,1028,141476617,37
DEQ,785075148553815,23,1028,2211975,36
DEQ,785075148597303,23,1028,2248667,35
DEQ,785075148598553,23,1028,2247593,34
DEQ,785075148639198,23,1028,2280545,33
DEQ,785075148673392,23,1400,2267715,32
DEQ,785075148713096,23,1400,2215931,31
DEQ,785075148754339,23,1400,2245513,30
DEQ,785075148794571,23,1400,2283552,29
DEQ,785075148851110,23,1028,2336554,32
DEQ,785075148888901,23,1028,2274989,31
DEQ,785075148929878,23,1028,2311597,30
DEQ,785075148970240,23,1028,2349714,29
DEQ,785075149008912,23,1028,2386282,28
DEQ,785075149049375,23,1028,2311846,27
DEQ,785075149051078,23,1028,2309051,26
DEQ,785075149101776,23,1028,2351215,26
DEQ,785075149142583,23,1028,2259647,25
DEQ,785075149179111,23,1028,2288545,24
DEQ,785075149221712,23,1028,2328932,23
DEQ,785075149258896,23,1028,2346124,22
DEQ,785075149260034,23,1028,2309808,21
DEQ,785075149333268,23,1028,2345319,20
DEQ,785075149366362,23,1028,2320894,19
DEQ,785075149410147,23,1028,2361989,18
DEQ,785075149446970,23,1028,2378505,17
DEQ,785075149486368,23,1028,2374662,16
DEQ,785075149526608,23,1028,2378686,15
DEQ,785075149527726,23,1028,2336070,14
DEQ,785075149574260,23,1028,2380400,13
DEQ,785075149609100,23,1028,2350290,12
DEQ,785075149656028,23,1028,2361610,11
DEQ,785075149689295,23,1028,2357015,10
DEQ,785075149690476,23,1028,2316341,9
DEQ,785075149759348,23,1028,2345927,8
DEQ,785075149792508,23,1028,2376734,7
DEQ,785075149837511,23,1028,2376760,6
DEQ,785075149872181,23,1028,1713532,5
DEQ,785075149913151,23,1400,1111093,4
DEQ,785075149955413,23,1400,1142812,3
DEQ,785075149998369,23,1400,1181597,3
DEQ,785075150039864,23,1400,1220990,6
DEQ,785075150072494,23,1028,1002519,5
DEQ,785075150074109,23,1028,103173,4
DEQ,785075150122593,23,1400,120235,3
DEQ,785075150170323,23,1400,165938,2
DEQ,785075150202871,23,1400,195318,1
DEQ,785075150246257,23,1400,236796,0
DEQ,785075150287107,23,1400,35873,3
DEQ,785075150334495,23,1400,81115,2
DEQ,785075150375413,23,1400,118737,1
DEQ,785075150410496,23,1400,151899,0
DEQ,785075150451111,23,1400,36009,3
DEQ,785075150491114,23,1400,73920,2
DEQ,785075150542651,23,1400,122469,1
DEQ,785075150589599,23,1400,167487,0
DEQ,785075150630340,23,1400,36265,3
DEQ,785075150670262,23,1400,74125,2
DEQ,785075150717490,23,1400,118226,1
DEQ,785075150750591,23,1400,149334,0
DEQ,785075150791674,23,1400,36637,3
DEQ,785075150831341,23,1400,74301,2
DEQ,785075150871425,23,1400,111088,2
DEQ,785075150918549,23,1400,156206,1
DEQ,785075346214316,23,1028,195354098,64
DEQ,785075346245076,23,1400,195322152,64
DEQ,785075346302646,23,1400,195377800,64
DEQ,785075346344012,23,1400,195416291,64
DEQ,785075346377919,23,1400,195448312,64
DEQ,785075346429400,23,1028,194683453,64
DEQ,785075346462817,23,1028,193813816,64
DEQ,785075346498184,23,1028,192948227,64
DEQ,785075346498704,23,1028,192048505,63
DEQ,785075346541538,23,1028,191204335,64
DEQ,785075346578070,23,1028,190363479,64
DEQ,785075346617878,23,1028,189481305,64
DEQ,785075346662819,23,1028,188515674,64
DEQ,785075346698106,23,1028,187556746,64
DEQ,785075346699558,23,1028,186559282,63
DEQ,785075346753640,23,1028,185617726,64
DEQ,785075346786947,23,1028,184663464,64
DEQ,785075346831846,23,1028,183711474,64
DEQ,785075346867142,23,1028,182751622,64
DEQ,785075346912902,23,1028,181801605,64
DEQ,785075346947061,23,1028,180840728,64
DEQ,785075346948464,23,1028,179845687,63
DEQ,785075346994592,23,1028,178895129,64
DEQ,785075347027106,23,1028,177913676,64
DEQ,785075347028502,23,1028,176913617,63
DEQ,785075347078036,23,1028,175958547,64
DEQ,785075347109030,23,1028,174986170,64
DEQ,785075347149249,23,1028,174019797,64
DEQ,785075347150378,23,84,173997402,63
DEQ,785075347195996,23,1028,173059978,64
DEQ,785075347229234,23,1028,172097844,64
DEQ,785075347269285,23,1028,171136390,64
DEQ,785075347309040,23,1028,170172670,64
DEQ,785075347310243,23,1028,169170862,63
DEQ,785075347350870,23,1028,168213776,64
DEQ,785075347388895,23,1028,167254544,64
DEQ,785075347429134,23,1028,166292035,64
DEQ,785075347476291,23,1028,165339775,64
DEQ,785075347515864,23,1028,164380693,63
DEQ,785075347548708,23,1028,163418223,62
DEQ,785075347549859,23,1028,162412316,61
DEQ,785075347600769,23,1028,161465360,60
DEQ,785075347638554,23,1028,160502198,59
DEQ,785075347679477,23,1028,159533950,58
DEQ,785075347721604,23,1028,158582947,57
DEQ,785075347758838,23,1028,157626384,56
DEQ,785075347760033,23,1028,156628046,55
DEQ,785075347833611,23,1028,155701553,54
DEQ,785075347867057,23,1028,154732599,53
DEQ,785075347909638,23,1028,153778808,52
DEQ,785075347947009,23,1028,152815389,51
DEQ,785075347986825,23,1028,151886954,50
DEQ,785075348027410,23,1028,150931885,49
DEQ,785075348028833,23,1028,149929002,48
DEQ,785075348073024,23,1028,148963792,47
DEQ,785075348106851,23,1028,148000220,47
DEQ,785075348149541,23,1028,147040255,46
DEQ,785075348186805,23,1028,146043675,45
DEQ,785075348187999,23,1028,145047485,44
DEQ,785075348227722,23,1028,144092422,43
DEQ,785075348272694,23,1028,143137675,42
DEQ,785075348307351,23,1028,142172775,41
DEQ,785075348308517,23,1028,141166974,40
DEQ,785075348351298,23,1028,140202729,39
DEQ,785075348389223,23,1028,139245564,38
DEQ,785075348429722,23,1028,2211441,37
DEQ,785075348472863,23,1028,2226700,36
DEQ,785075348509606,23,1028,2205179,35
DEQ,785075348549429,23,1400,2203049,34
DEQ,785075348589633,23,1400,2210379,35
DEQ,785075348630745,23,1028,2200517,34
DEQ,785075348668995,23,1400,2204151,33
DEQ,785075348709333,23,1400,2210046,34
DEQ,785075348751903,23,1028,2250592,33
DEQ,785075348753116,23,1028,2210011,32
DEQ,785075348789424,23,1028,2209902,31
DEQ,785075348829996,23,1028,2210625,30
DEQ,785075348870813,23,1028,2206500,29
DEQ,785075348917245,23,1028,2216891,28
DEQ,785075348949134,23,1028,2246521,27
DEQ,785075348989272,23,1028,2234044,26
DEQ,785075349039729,23,1028,2251240,25
DEQ,785075349041371,23,1028,2208051,24
DEQ,785075349069702,23,1028,2201115,23
DEQ,785075349109626,23,1028,2195042,23
DEQ,785075349150151,23,1028,2200615,22
DEQ,785075349190209,23,1028,2238457,21
DEQ,785075349229191,23,1028,2233060,20
DEQ,785075349275342,23,1028,2246081,19
DEQ,785075349309118,23,1028,2277648,18
DEQ,785075349310381,23,1028,2230967,17
DEQ,785075349369069,23,1028,2258813,16
DEQ,785075349403442,23,1028,2252064,15
DEQ,785075349447072,23,1028,2293618,14
DEQ,785075349483072,23,1028,2285747,13
DEQ,785075349484222,23,1028,2253728,12
DEQ,785075349537941,23,1028,2267435,11
DEQ,785075349571460,23,1028,2260557,10
DEQ,785075349611328,23,1028,2298205,9
DEQ,785075349653450,23,1028,2301325,8
DEQ,785075349654715,23,1028,2264557,7
DEQ,785075349691540,23,1028,2261166,6
DEQ,785075349731161,23,1028,1638761,5
DEQ,785075349771560,23,1400,1219496,4
DEQ,785075349772789,23,1400,1218924,3
DEQ,785075349821206,23,1400,1149852,4
DEQ,785075349865287,23,1400,1191906,5
DEQ,785075349914117,23,1028,840372,4
DEQ,785075349948448,23,1400,174096,3
DEQ,785075349988617,23,1400,212349,4
DEQ,785075350030451,23,1400,207302,3
DEQ,785075350077877,23,1400,252857,5
DEQ,785075546329372,23,1400,196378981,64
DEQ,785075546332071,23,1400,196379885,63
DEQ,785075546332509,23,1400,196287738,62
DEQ,785075546356409,23,1400,196309336,64
DEQ,785075546468780,23,1028,196407015,64
DEQ,785075546469616,23,1028,195421905,63
DEQ,785075546470163,23,1028,194438263,62
DEQ,785075546470611,23,1028,193456612,61
DEQ,785075546502559,23,1028,192510031,64
DEQ,785075546610387,23,1028,191626813,64
DEQ,785075546613910,23,1028,190638317,63
DEQ,785075546635374,23,1028,189672360,64
DEQ,785075546710456,23,1028,188759608,64
DEQ,785075546713208,23,1028,187846864,63
DEQ,785075546732936,23,1028,186968330,64
DEQ,785075546819213,23,1028,186153658,64
DEQ,785075546821974,23,1028,185254354,63
DEQ,785075546822462,23,1028,184349861,62
DEQ,785075546905664,23,1028,183541382,64
DEQ,785075546908403,23,1028,182667390,63
DEQ,785075546999786,23,1028,181861982,64
DEQ,785075547003286,23,1028,180859767,63
DEQ,785075547005216,23,1028,179870026,62
DEQ,785075547082568,23,1028,178957755,64
DEQ,785075547085455,23,1028,177967662,63
DEQ,785075547170477,23,1028,177056979,64
DEQ,785075547173208,23,1028,176067489,63
DEQ,785075547250723,23,1028,175153212,64
DEQ,785075547253599,23,1028,174155593,63
DEQ,785075547254104,23,1028,173161479,62
DEQ,785075547276421,23,1028,172183616,64
DEQ,785075547397010,23,1028,171315818,64
DEQ,785075547399901,23,1028,170313725,63
DEQ,785075547401737,23,1028,169314371,62
DEQ,785075547532838,23,1028,168443228,64
DEQ,785075547535646,23,1028,167440346,63
DEQ,785075547536034,23,1028,166441586,62
DEQ,785075547548136,23,1028,165456610,63
DEQ,785075547625011,23,1028,164519823,62
DEQ,785075547711719,23,1028,163604713,61
DEQ,785075547714501,23,1028,162608997,60
DEQ,785075547714914,23,1028,161601636,59
DEQ,785075547801381,23,1028,160682050,58
DEQ,785075547804070,23,1028,159685218,57
DEQ,785075547805535,23,1028,158686022,56
DEQ,785075547896827,23,1028,157774317,55
DEQ,785075547899542,23,1028,156783260,54
DEQ,785075547901020,23,1028,155784733,53
DEQ,785075548010767,23,1028,154891026,52
DEQ,785075548013540,23,1028,153895776,51
DEQ,785075548014006,23,1028,152894930,50
DEQ,785075548105848,23,1028,151982772,49
DEQ,785075548110488,23,1028,150987260,48
DEQ,785075548112451,23,1028,149987669,47
DEQ,785075548216401,23,1028,149096399,47
DEQ,785075548217301,23,1028,148093003,46
DEQ,785075548218955,23,1028,147094855,45
DEQ,785075548323540,23,1028,146205647,44
DEQ,785075548324358,23,1028,145200317,43
DEQ,785075548324930,23,1028,144193035,42
DEQ,785075548403508,23,1028,143389809,41
DEQ,785075548404419,23,1028,142390448,40
DEQ,785075548404841,23,1028,141394915,39
DEQ,785075548498488,23,1028,140490076,38
DEQ,785075548499316,23,1028,139487058,37
DEQ,785075548578106,23,1028,2243314,36
DEQ,785075548578802,23,1028,2239760,35
DEQ,785075548653427,23,1028,2312190,34
DEQ,785075548654240,23,1400,2295278,33
DEQ,785075548749310,23,1400,2276182,34
DEQ,785075548750129,23,1028,2272493,33
DEQ,785075548822014,23,1400,2324334,32
DEQ,785075548822930,23,1400,2323179,31
DEQ,785075548823423,23,1028,2317849,30
DEQ,785075548923761,23,1028,2307207,31
DEQ,785075548924688,23,1028,2292180,30
DEQ,785075548925091,23,1028,2287904,29
DEQ,785075549034988,23,1028,2319675,28
DEQ,785075549035914,23,1028,2305842,27
DEQ,785075549036393,23,1028,2302838,26
DEQ,785075549124539,23,1028,2299695,25
DEQ,785075549125354,23,1028,2289468,24
DEQ,785075549137604,23,1028,2299478,24
DEQ,785075549226975,23,1028,2316376,23
DEQ,785075549227895,23,1028,2306174,22
DEQ,785075549236029,23,1028,2229319,21
DEQ,785075549346622,23,1028,2335765,20
DEQ,785075549347453,23,1028,2334464,19
DEQ,785075549347891,23,1028,2260074,18
DEQ,785075549430088,23,1028,2331304,17
DEQ,785075549430958,23,1028,2255417,16
DEQ,785075549431363,23,1028,2251739,15
DEQ,785075549503322,23,1028,2246789,14
DEQ,785075549504153,23,1028,2243143,13
DEQ,785075549518768,23,1028,2255657,12
DEQ,785075549571503,23,1028,2292745,11
DEQ,785075549609135,23,1028,2205162,10
DEQ,785075549656341,23,1028,2248179,9
DEQ,785075549689267,23,1028,2278877,8
DEQ,785075549689680,23,1028,2151416,7
DEQ,785075549759500,23,1028,2217218,6
DEQ,785075549792881,23,1028,1669961,5
DEQ,785075746342028,23,1400,197682682,64
DEQ,785075746345344,23,1400,197675491,63
DEQ,785075746345914,23,1400,197517431,62
DEQ,785075746365231,23,1400,197526382,64
DEQ,785075746440285,23,1028,197303247,64
DEQ,785075746441084,23,1028,196346545,63
DEQ,785075746457297,23,1028,195370851,64
DEQ,785075746544248,23,1028,194464265,64
DEQ,785075746547604,23,1028,193471106,63
DEQ,785075746548150,23,1028,192501739,62
DEQ,785075746569758,23,1028,191504064,64
DEQ,785075746663698,23,1028,190607317,64
DEQ,785075746667146,23,1028,189586061,63
DEQ,785075746667656,23,1028,188684545,62
DEQ,785075746688447,23,1028,187810267,64
DEQ,785075746779071,23,1028,187011356,64
DEQ,785075746782231,23,1028,186123005,63
DEQ,785075746782823,23,1028,185231149,62
DEQ,785075746816374,23,1028,184373789,64
DEQ,785075746837385,23,1028,183516982,64
DEQ,785075746924237,23,1028,182738648,64
DEQ,785075746926983,23,1028,181806479,63
DEQ,785075746927436,23,1028,180825908,62
DEQ,785075746961069,23,1028,179862345,64
DEQ,785075747036918,23,1028,178925353,64
DEQ,785075747039552,23,1028,177921549,63
DEQ,785075747039955,23,1028,176922456,62
DEQ,785075747054827,23,1028,175935294,64
DEQ,785075747142889,23,1028,175023205,64
DEQ,785075747146172,23,1028,174026305,63
DEQ,785075747236129,23,1028,173120416,64
DEQ,785075747239034,23,1028,172120668,63
DEQ,785075747240846,23,1028,171121344,62
DEQ,785075747325883,23,1028,170203984,64
DEQ,785075747328884,23,1028,169200650,63
DEQ,785075747329477,23,1028,168197188,62
DEQ,785075747423677,23,1028,167288375,64
DEQ,785075747426525,23,1028,166292243,63
DEQ,785075747428385,23,1028,165295760,62
DEQ,785075747521531,23,1028,164386347,61
DEQ,785075747524241,23,1028,163397077,60
DEQ,785075747525783,23,1028,162399587,59
DEQ,785075747646543,23,1028,161523796,58
DEQ,785075747649202,23,1028,160527948,57
DEQ,785075747650776,23,1028,159527569,56
DEQ,785075747736191,23,1028,158615282,55
DEQ,785075747739638,23,1028,157622252,54
DEQ,785075747818483,23,1028,156709223,53
DEQ,785075747821331,23,1028,155715933,52
DEQ,785075747885664,23,1028,154774555,51
DEQ,785075747888443,23,1028,153781927,50
DEQ,785075747911599,23,1028,152807857,50
DEQ,785075747950244,23,1028,151848334,49
DEQ,785075747996086,23,1028,150904887,48
DEQ,785075748034063,23,1028,149943641,47
DEQ,785075748070174,23,1028,148990638,46
DEQ,785075748070608,23,1028,148002537,45
DEQ,785075748135156,23,1028,147068813,44
DEQ,785075748168674,23,1028,146097611,43
DEQ,785075748213419,23,1028,145143292,42
DEQ,785075748254023,23,1028,144184010,41
DEQ,785075748288422,23,1028,143224206,40
DEQ,785075748289669,23,1028,142250104,39
DEQ,785075748331125,23,1028,141303610,38
DEQ,785075748368390,23,1028,140334782,37
DEQ,785075748409195,23,1028,2061249,36
DEQ,785075748453965,23,1028,2098400,35
DEQ,785075748495986,23,1028,2138181,34
DEQ,785075748528675,23,1400,2161163,33
DEQ,785075748568394,23,1400,2125158,34
DEQ,785075748608039,23,1028,2160394,33
DEQ,785075748648500,23,1400,2187028,32
DEQ,785075748688601,23,1400,2138136,33
DEQ,785075748689767,23,1028,2125034,32
DEQ,785075748757106,23,1028,2190164,31
DEQ,785075748790630,23,1028,2219395,31
DEQ,785075748834417,23,1028,2163789,30
DEQ,785075748874997,23,1028,2191882,29
DEQ,785075748910273,23,1028,2224866,28
DEQ,785075748911521,23,1028,2222407,27
DEQ,785075748954098,23,1028,2168672,26
DEQ,785075748990607,23,1028,2191505,25
DEQ,785075749035168,23,1028,2233749,24
DEQ,785075749070549,23,1028,2253465,23
DEQ,785075749110419,23,1028,2270844,22
DEQ,785075749150670,23,1028,2220984,21
DEQ,785075749151839,23,1028,2204562,20
DEQ,785075749198204,23,1028,2239905,19
DEQ,785075749234170,23,1028,2272456,18
DEQ,785075749280978,23,1028,2238535,17
DEQ,785075749314206,23,1028,2264135,16
DEQ,785075749315482,23,1028,2263286,15
DEQ,785075749383129,23,1028,2327785,14
DEQ,785075749417582,23,1028,2268902,13
DEQ,785075749461228,23,1028,2301638,12
DEQ,785075749497395,23,1028,2254495,11
DEQ,785075749540162,23,1028,2292907,10
DEQ,785075749541384,23,1028,2291940,9
DEQ,785075749577531,23,1028,2245736,8
DEQ,785075749619935,23,1028,2277253,7
DEQ,785075749657587,23,1028,2312663,7
DEQ,785075749658931,23,1028,1758923,6
DEQ,785075749699164,23,1400,1166440,5
DEQ,785075749741380,23,1400,1206467,6
DEQ,785075749791041,23,1400,1140141,5
DEQ,785075749830746,23,1400,1177774,6
DEQ,785075749877022,23,1028,1097264,5
DEQ,785075749911590,23,1028,273767,4
DEQ,785075749955301,23,1400,253994,3
DEQ,785075749991427,23,1400,288110,4
DEQ,785075750033146,23,1400,240045,3
DEQ,785075750080710,23,1400,285726,4
DEQ,785075750113418,23,1400,155848,3
DEQ,785075750160115,23,1400,200615,4
DEQ,785075750207718,23,1400,172393,3
DEQ,785075750240609,23,1400,203301,4
DEQ,785075750284298,23,1400,168677,3
DEQ,785075750323633,23,1400,206121,4
DEQ,785075750384064,23,1400,174129,3
DEQ,785075750431070,23,1400,219154,4
DEQ,785075750470404,23,1400,183963,3
DEQ,785075750503686,23,1400,215242,5
DEQ,785075750543487,23,1400,157186,4
DEQ,785075750591461,23,1400,203140,5
DEQ,785075750623433,23,1400,150971,4
DEQ,785075750663633,23,1400,189249,5
DEQ,785075750707400,23,1028,213230,4
DEQ,785075750749335,23,1400,203827,3
DEQ,785075750783246,23,1400,235838,4
DEQ,785075750824187,23,1400,198720,3
DEQ,785075750863322,23,1400,235975,4
DEQ,785075750908362,23,1400,156804,3
DEQ,785075750945147,23,1400,191221,4
DEQ,785075750983398,23,1400,157114,3
DEQ,785075751023677,23,1400,195491,4
DEQ,785075751024913,23,1400,114394,3
DEQ,785075751067031,23,1400,154598,4
DEQ,785075751103605,23,1400,118002,3
DEQ,785075751143635,23,1400,156349,4
DEQ,785075946331849,23,1400,195305501,64
DEQ,785075946334825,23,1400,195306576,63
DEQ,785075946335692,23,1400,195229771,62
DEQ,785075946424443,23,1400,195316500,64
DEQ,785075946425365,23,1028,195074717,63
DEQ,785075946442088,23,1028,194232306,64
DEQ,785075946536047,23,1028,193467322,64
DEQ,785075946538987,23,1028,192577198,63
DEQ,785075946539485,23,1028,191672239,62
DEQ,785075946555363,23,1028,190788143,64
DEQ,785075946654984,23,1028,189987530,64
DEQ,785075946657764,23,1028,189091418,63
DEQ,785075946658259,23,1028,188192274,62
STATS,785075946711096,65,68308,6913,6848,0,0,0
DEQ,785075946771019,23,1028,187419366,64
DEQ,785075946773710,23,1028,186544572,63
DEQ,785075946775443,23,1028,185643096,62
DEQ,785075946869709,23,1028,184743730,64
DEQ,785075946876177,23,1028,183746149,63
DEQ,785075946905107,23,1028,182785337,64
DEQ,785075946926894,23,1028,181783546,64
DEQ,785075947019747,23,1028,180886310,64
DEQ,785075947022512,23,1028,179894136,63
DEQ,785075947022937,23,1028,178910447,62
DEQ,785075947045811,23,1028,177955644,64
DEQ,785075947133141,23,1028,177055790,64
DEQ,785075947135937,23,1028,176083333,63
DEQ,785075947136366,23,1028,175098929,62
DEQ,785075947150659,23,1028,174129529,64
DEQ,785075947240730,23,1028,173284332,64
DEQ,785075947244079,23,1028,172292322,63
DEQ,785075947257176,23,1028,171392162,64
DEQ,785075947363700,23,1028,170598560,64
DEQ,785075947366957,23,1028,169692937,63
DEQ,785075947369112,23,1028,168795058,62
DEQ,785075947460160,23,1028,167985336,64
DEQ,785075947462887,23,1028,167101131,63
DEQ,785075947463312,23,1028,166224328,62
DEQ,785075947554873,23,1028,165420645,63
DEQ,785075947561257,23,1028,164440176,62
DEQ,785075947561711,23,1028,163436969,61
DEQ,785075947640747,23,1028,162516308,60
DEQ,785075947643535,23,1028,161525698,59
DEQ,785075947643931,23,1028,160528687,58
DEQ,785075947655685,23,1028,159549991,57
DEQ,785075947729073,23,1028,158624793,56
DEQ,785075947797453,23,1028,157703990,55
DEQ,785075947800170,23,1028,156705045,54
DEQ,785075947801655,23,1028,155705857,53
DEQ,785075947896612,23,1028,154808577,52
DEQ,785075947899335,23,1028,153810473,51
DEQ,785075947901176,23,1028,152818787,50
DEQ,785075947944147,23,1028,151900162,50
DEQ,785075947978393,23,1028,150945882,49
DEQ,785075948024063,23,1028,149998028,48
DEQ,785075948058399,23,1028,149040448,47
DEQ,785075948102047,23,1028,148089157,46
DEQ,785075948138374,23,1028,147139915,45
DEQ,785075948179202,23,1028,146180031,44
DEQ,785075948222275,23,1028,145232065,43
DEQ,785075948222762,23,1028,144238541,42
DEQ,785075948263976,23,1028,143292080,41
DEQ,785075948298384,23,1028,142338128,40
DEQ,785075948342046,23,1028,141386257,39
DEQ,785075948384637,23,1028,140518628,38
DEQ,785075948418135,23,1028,139652154,37
DEQ,785075948419402,23,1028,2081586,36
DEQ,785075948494847,23,1028,2149454,35
DEQ,785075948528624,23,1028,2180958,34
DEQ,785075948570800,23,1400,2141096,33
DEQ,785075948608391,23,1400,2174786,34
DEQ,785075948656848,23,1028,2214058,33
DEQ,785075948688431,23,1400,2145494,32
DEQ,785075948737147,23,1400,2186889,33
DEQ,785075948767909,23,1028,2215313,32
DEQ,785075948814791,23,1028,2245908,32
DEQ,785075948816071,23,1028,2155372,31
DEQ,785075948851463,23,1028,2180141,30
DEQ,785075948889231,23,1028,2215826,29
DEQ,785075948936067,23,1028,2159569,28
DEQ,785075948972525,23,1028,2191767,27
DEQ,785075949017102,23,1028,2234168,26
DEQ,785075949049098,23,1028,2170479,25
DEQ,785075949089581,23,1028,2199680,24
DEQ,785075949129323,23,1028,2223421,23
DEQ,785075949130499,23,1028,2200745,22
DEQ,785075949171063,23,1028,2145830,21
DEQ,785075949209607,23,1028,2168608,20
DEQ,785075949252020,23,1028,2208857,19
DEQ,785075949292174,23,1028,2245761,18
DEQ,785075949329574,23,1028,2190936,17
DEQ,785075949372110,23,1028,2226069,16
DEQ,785075949409547,23,1028,2261312,15
DEQ,785075949410744,23,1028,2259489,14
DEQ,785075949457132,23,1028,2210528,13
DEQ,785075949490570,23,1028,2239546,12
DEQ,785075949535086,23,1028,2276272,11
DEQ,785075949570526,23,1028,2199192,10
DEQ,785075949610672,23,1028,2234725,9
DEQ,785075949653699,23,1028,2275360,9
DEQ,785075949654962,23,1028,2189249,8
DEQ,785075949690292,23,1028,2220575,7
DEQ,785075949730939,23,1028,1820304,6
DEQ,785075949774379,23,1400,1199545,5
DEQ,785075949810996,23,1400,1234067,6
DEQ,785075949850579,23,1400,1159836,5
DEQ,785075949898208,23,1400,1205697,6
DEQ,785075949938238,23,1028,1148869,5
DEQ,785075949976108,23,1028,329884,4
DEQ,785075950013747,23,1400,237286,3
DEQ,785075950053837,23,1400,275364,4
DEQ,785075950100499,23,1400,247839,3
DEQ,785076146338747,23,1400,196484161,64
DEQ,785076146341935,23,1400,196326059,63
DEQ,785076146342356,23,1400,196324497,62
DEQ,785076146361507,23,1400,196259092,64
DEQ,785076146394907,23,1400,196290587,64
DEQ,785076146474663,23,1028,195932693,64
DEQ,785076146477466,23,1028,195033804,63
DEQ,785076146492052,23,1028,194148159,64
DEQ,785076146594791,23,1028,193379100,64
DEQ,785076146598384,23,1028,192523656,63
DEQ,785076146599020,23,1028,191637856,62
DEQ,785076146687431,23,1028,190827414,64
DEQ,785076146690181,23,1028,189911779,63
DEQ,785076146690659,23,1028,189012722,62
DEQ,785076146793552,23,1028,188216255,64
DEQ,785076146796333,23,1028,187320520,63
DEQ,785076146796927,23,1028,186435619,62
DEQ,785076146829731,23,1028,185590717,64
DEQ,785076146916546,23,1028,184787019,64
DEQ,785076146919145,23,1028,183794066,63
DEQ,785076146920971,23,1028,182799003,62
DEQ,785076147014232,23,1028,181897507,64
DEQ,785076147020583,23,1028,180908044,63
DEQ,785076147033199,23,1028,179924883,64
DEQ,785076147125141,23,1028,179019139,64
DEQ,785076147127785,23,1028,178031880,63
DEQ,785076147129694,23,1028,177039136,62
DEQ,785076147211856,23,1028,176130161,64
DEQ,785076147214710,23,1028,175135262,63
DEQ,785076147234144,23,1028,174165564,64
DEQ,785076147313094,23,1028,173322731,64
DEQ,785076147315799,23,1028,172359168,63
DEQ,785076147317475,23,1028,171455845,62
DEQ,785076147397082,23,1028,170645877,64
DEQ,785076147399765,23,1028,169760305,63
DEQ,785076147401599,23,1028,168872791,62
DEQ,785076147521997,23,1028,168104569,64
DEQ,785076147524839,23,1028,167233542,63
DEQ,785076147526875,23,1028,166357844,62
DEQ,785076147611228,23,1028,165484506,62
DEQ,785076147614826,23,1028,164486021,61
DEQ,785076147691545,23,1028,163556311,60
DEQ,785076147694399,23,1028,162557971,59
DEQ,785076147694878,23,1028,161554572,58
DEQ,785076147815396,23,1028,160672120,57
DEQ,785076147818508,23,1028,159675821,56
DEQ,785076147820328,23,1028,158677558,55
DEQ,785076147902407,23,1028,157754387,54
DEQ,785076147906081,23,1028,156763635,53
DEQ,785076147906675,23,1028,155760746,52
DEQ,785076147989264,23,1028,154844792,51
DEQ,785076147992096,23,1028,153845909,50
DEQ,785076148013393,23,1028,152869366,50
DEQ,785076148046435,23,1028,151911238,49
DEQ,785076148089805,23,1028,150945417,48
DEQ,785076148134423,23,1028,150074095,47
DEQ,785076148166496,23,1028,149111133,46
DEQ,785076148167601,23,1028,148106560,45
DEQ,785076148212580,23,1028,147142446,44
DEQ,785076148247039,23,1028,146181978,43
DEQ,785076148289298,23,1028,145208438,42
DEQ,785076148327061,23,1028,144280566,41
DEQ,785076148328095,23,1028,143283267,40
DEQ,785076148384507,23,1028,142344580,39
DEQ,785076148419632,23,1028,141381911,38
DEQ,785076148462709,23,1028,2117981,37
DEQ,785076148499667,23,1028,2150825,36
DEQ,785076148541169,23,1028,2190091,35
DEQ,785076148584875,23,1400,2220756,34
DEQ,785076148623463,23,1400,2227955,35
DEQ,785076148659422,23,1028,2179748,34
DEQ,785076148699629,23,1400,2210457,33
DEQ,785076148739543,23,1400,2246888,34
DEQ,785076148782626,23,1028,2180942,33
DEQ,785076148826998,23,1028,2220474,32
DEQ,785076148828196,23,1028,2219101,31
DEQ,785076148869628,23,1028,2176505,30
DEQ,785076148903625,23,1028,2206436,30
DEQ,785076148944849,23,1028,2245454,29
DEQ,785076148983279,23,1028,2184079,28
DEQ,785076148984482,23,1028,2181141,27
DEQ,785076149035341,23,1028,2229821,26
DEQ,785076149068578,23,1028,2237999,25
DEQ,785076149108696,23,1028,2186650,24
DEQ,785076149150623,23,1028,2224497,23
DEQ,785076149191854,23,1028,2263586,22
DEQ,785076149228653,23,1028,2205932,21
DEQ,785076149268454,23,1028,2241549,20
DEQ,785076149308350,23,1028,2274627,19
DEQ,785076149309529,23,1028,2178686,18
DEQ,785076149351724,23,1028,2216905,17
DEQ,785076149388586,23,1028,2251584,16
DEQ,785076149429698,23,1028,2212642,15
DEQ,785076149471739,23,1028,2240289,14
DEQ,785076149508868,23,1028,2273317,13
DEQ,785076149510060,23,1028,2191014,12
DEQ,785076149583707,23,1028,2260668,11
DEQ,785076149617007,23,1028,2291841,10
DEQ,785076149661475,23,1028,2258199,9
DEQ,785076149707908,23,1028,2300537,8
DEQ,785076149748867,23,1028,2339303,8
DEQ,785076149781067,23,1028,2252282,7
DEQ,785076149782341,23,1028,1777287,6
DEQ,785076149855952,23,1400,1267140,5
DEQ,785076149904816,23,1400,1313805,6
DEQ,785076149944389,23,1400,1242471,5
DEQ,785076149984972,23,1400,1281049,6
DEQ,785076150050882,23,1028,1167188,5
DEQ,785076150085290,23,1028,344108,4
DEQ,785076150125368,23,1400,267281,3
DEQ,785076150165645,23,1400,305637,4
DEQ,785076150205323,23,1400,258967,3
DEQ,785076150253875,23,1400,305470,4
DEQ,785076150301413,23,1400,173861,3
DEQ,785076150340845,23,1400,211606,4
DEQ,785076150381881,23,1400,174557,3
DEQ,785076150429454,23,1400,220078,4
DEQ,785076150469363,23,1400,165845,3
DEQ,785076150502341,23,1400,196788,4
DEQ,785076150542174,23,1400,158070,3
DEQ,785076150590164,23,1400,203966,4
DEQ,785076150622148,23,1400,150512,4
DEQ,785076150662387,23,1400,188777,5
DEQ,785076150702378,23,1400,158037,4
DEQ,785076150754136,23,1400,207836,5
DEQ,785076150794324,23,1028,189924,4
DEQ,785076346336328,23,1400,195712013,64
DEQ,785076346339210,23,1400,195713161,63
DEQ,785076346339699,23,1400,195635337,62
DEQ,785076346360975,23,1400,195654714,64
DEQ,785076346446126,23,1028,194948961,64
DEQ,785076346447070,23,1028,194047605,63
DEQ,785076346556779,23,1028,193285891,64
DEQ,785076346559432,23,1028,192429448,63
DEQ,785076346561086,23,1028,191530874,62
DEQ,785076346641526,23,1028,190609661,64
DEQ,785076346644265,23,1028,189624392,63
DEQ,785076346720579,23,1028,188825150,64
DEQ,785076346723391,23,1028,187917966,63
DEQ,785076346816629,23,1028,187114456,64
DEQ,785076346819395,23,1028,186203829,63
DEQ,785076346819824,23,1028,185302893,62
DEQ,785076346901852,23,1028,184484813,64
DEQ,785076346904644,23,1028,183599894,63
DEQ,785076346924347,23,1028,182741171,64
DEQ,785076347014731,23,1028,181882315,64
DEQ,785076347017436,23,1028,180892827,63
DEQ,785076347019164,23,1028,179897878,62
DEQ,785076347098622,23,1028,178981396,64
DEQ,785076347101581,23,1028,177994034,63
DEQ,785076347114161,23,1028,177005414,64
DEQ,785076347192066,23,1028,176087955,64
DEQ,785076347194750,23,1028,175097702,63
DEQ,785076347196645,23,84,174712834,62
DEQ,785076347273740,23,1028,174255538,64
DEQ,785076347276415,23,1028,173264371,63
DEQ,785076347278517,23,1028,172274915,62
DEQ,785076347370807,23,1028,171366532,64
DEQ,785076347373608,23,1028,170376838,63
DEQ,785076347385558,23,1028,169392122,64
DEQ,785076347499488,23,1028,168515638,64
DEQ,785076347502215,23,1028,167516813,63
DEQ,785076347502707,23,1028,166525717,62
DEQ,785076347517247,23,1028,165546527,64
DEQ,785076347591748,23,1028,164628623,63
DEQ,785076347594463,23,1028,163733818,62
DEQ,785076347594866,23,1028,162843573,61
DEQ,785076347678696,23,1028,162038705,60
DEQ,785076347681551,23,1028,161152291,59
DEQ,785076347681962,23,1028,160262115,58
DEQ,785076347763208,23,1028,159483830,57
DEQ,785076347765942,23,1028,158604198,56
DEQ,785076347771049,23,1028,157638017,55
DEQ,785076347853399,23,1028,156741758,54
DEQ,785076347856192,23,1028,155767007,53
DEQ,785076347922699,23,1028,154835948,52
DEQ,785076347925375,23,1028,153887050,51
DEQ,785076347926976,23,1028,152867892,50
DEQ,785076347963264,23,1028,151904729,50
DEQ,785076348003143,23,1028,150927013,49
DEQ,785076348041710,23,1028,149954391,48
DEQ,785076348043038,23,1028,148945906,47
DEQ,785076348101016,23,1028,148002386,46
DEQ,785076348138684,23,1028,147035465,45
DEQ,785076348179133,23,1028,146075521,44
DEQ,785076348221622,23,1028,145108813,43
DEQ,785076348258686,23,1028,144188707,42
DEQ,785076348259873,23,1028,143189416,41
DEQ,785076348307348,23,1028,142216643,40
DEQ,785076348341005,23,1028,141249602,39
DEQ,785076348381029,23,1028,140289098,38
DEQ,785076348424347,23,1028,2082252,37
DEQ,785076348467746,23,1028,2120110,36
DEQ,785076348469191,23,1028,2119336,35
DEQ,785076348518420,23,1400,2155014,34
DEQ,785076348558051,23,1400,2109106,35
DEQ,785076348601052,23,1028,2147588,34
DEQ,785076348638504,23,1400,2074655,33
DEQ,785076348678586,23,1400,2110748,34
DEQ,785076348718736,23,1028,2148536,33
DEQ,785076348760188,23,1028,2113814,32
DEQ,785076348804768,23,1028,2154364,31
DEQ,785076348806135,23,1028,2080275,30
DEQ,785076348851036,23,1028,2121192,30
DEQ,785076348888516,23,1028,2066469,29
DEQ,785076348929417,23,1028,2103224,28
DEQ,785076348971700,23,1028,2143093,27
DEQ,785076349008927,23,1028,2101769,26
DEQ,785076349010182,23,1028,2098767,25
DEQ,785076349083505,23,1028,2157817,24
DEQ,785076349116561,23,1028,2096328,23
DEQ,785076349160474,23,1028,2136090,22
DEQ,785076349196803,23,1028,2170276,21
DEQ,785076349236754,23,1028,2132893,20
DEQ,785076349276765,23,1028,2165135,19
DEQ,785076349277907,23,1028,2162198,18
DEQ,785076349320460,23,1028,2121981,17
DEQ,785076349356806,23,1028,2154245,16
DEQ,785076349399327,23,1028,2194360,15
DEQ,785076349436544,23,1028,2156176,14
DEQ,785076349476619,23,1028,2192080,13
DEQ,785076349516679,23,1028,2229997,12
DEQ,785076349556819,23,1028,2181068,11
DEQ,785076349558051,23,1028,2178268,10
DEQ,785076349600983,23,1028,2214831,9
DEQ,785076349638569,23,1028,2133442,8
DEQ,785076349679695,23,1028,2166918,8
DEQ,785076349721747,23,1028,2206817,7
DEQ,785076349758781,23,1028,1823374,6
DEQ,785076349803573,23,1400,1280605,5
DEQ,785076349842133,23,1400,1317030,6
DEQ,785076349884428,23,1400,1243561,5
DEQ,785076349918916,23,1400,1276070,6
DEQ,785076349920092,23,1028,1108012,5
DEQ,785076349963829,23,1028,294587,4
DEQ,785076349999344,23,1400,193719,3
DEQ,785076350042652,23,1400,235002,4
DEQ,785076350079503,23,1400,193069,3
DEQ,785076350118695,23,1400,230250,4
DEQ,785076350162192,23,1400,159313,3
DEQ,785076546297836,23,1400,196292986,64
DEQ,785076546300940,23,1400,196219275,63
DEQ,785076546303210,23,1400,196219624,62
DEQ,785076546333224,23,1400,196169039,64
DEQ,785076546450507,23,1400,196284420,64
DEQ,785076546464916,23,1028,195895188,63
DEQ,785076546465558,23,1028,194993330,62
DEQ,785076546466094,23,1028,194092490,61
DEQ,785076546509340,23,1028,193264314,64
DEQ,785076546601952,23,1028,192492956,64
DEQ,785076546604719,23,1028,191608466,63
DEQ,785076546605287,23,1028,190591976,62
DEQ,785076546623520,23,1028,189624607,64
DEQ,785076546696574,23,1028,188701902,64
DEQ,785076546699311,23,1028,187709093,63
DEQ,785076546719520,23,1028,186740290,64
DEQ,785076546813759,23,1028,185842079,64
DEQ,785076546816339,23,1028,184934606,63
DEQ,785076546818168,23,1028,184037789,62
DEQ,785076546953162,23,1028,183262924,64
DEQ,785076546956156,23,1028,182361726,63
DEQ,785076546956682,23,1028,181462341,62
DEQ,785076546978893,23,1028,180580359,64
DEQ,785076547049015,23,1028,179764463,64
DEQ,785076547051703,23,1028,178889421,63
DEQ,785076547081126,23,1028,177951337,64
DEQ,785076547128824,23,1028,176999207,64
DEQ,785076547160881,23,1028,176042280,64
DEQ,785076547206799,23,1028,175094498,64
DEQ,785076547240764,23,1028,174128200,64
DEQ,785076547281078,23,1028,173237050,64
DEQ,785076547282350,23,1028,172237376,63
DEQ,785076547351676,23,1028,171314018,64
DEQ,785076547388815,23,1028,170355240,64
DEQ,785076547429227,23,1028,169403991,64
DEQ,785076547468908,23,1028,168444179,64
DEQ,785076547509078,23,1028,167488115,64
DEQ,785076547510258,23,1028,166496768,63
DEQ,785076547549151,23,1028,165537491,63
DEQ,785076547550354,23,1028,164539452,62
DEQ,785076547601035,23,1028,163574562,61
DEQ,785076547638759,23,1028,162622002,60
DEQ,785076547679486,23,1028,161672577,59
DEQ,785076547722041,23,1028,160725559,58
DEQ,785076547723289,23,1028,159729869,57
DEQ,785076547763918,23,1028,158780427,56
DEQ,785076547798785,23,1028,157821639,55
DEQ,785076547842320,23,1028,156874090,54
DEQ,785076547878598,23,1028,155913512,53
DEQ,785076547919797,23,1028,155033484,52
DEQ,785076547960083,23,1028,154176720,51
DEQ,785076548004775,23,1028,153328834,50
DEQ,785076548006365,23,1028,152439033,49
DEQ,785076548043857,23,1028,151583697,49
DEQ,785076548082034,23,1028,150746531,48
DEQ,785076548122680,23,1028,149909437,47
DEQ,785076548158722,23,1028,149032470,46
DEQ,785076548159891,23,1028,148050670,45
DEQ,785076548226077,23,1028,147142652,44
DEQ,785076548264018,23,1028,146172507,43
DEQ,785076548304730,23,1028,145217701,42
DEQ,785076548346795,23,1028,144263493,41
DEQ,785076548383901,23,1028,143300919,40
DEQ,785076548385169,23,1028,142302763,39
DEQ,785076548458974,23,1028,141372319,38
DEQ,785076548492291,23,1028,2188284,37
DEQ,785076548534936,23,1028,2219656,36
DEQ,785076548572036,23,1028,2254509,35
DEQ,785076548612374,23,1400,2276323,34
DEQ,785076548653140,23,1400,2184586,35
DEQ,785076548692147,23,1028,2218766,34
DEQ,785076548732449,23,1400,2255024,33
DEQ,785076548772474,23,1400,2292966,34
DEQ,785076548815964,23,1028,2304923,33
DEQ,785076548856026,23,1028,2248485,32
DEQ,785076548857228,23,1028,2238785,31
DEQ,785076548892470,23,1028,2271688,30
DEQ,785076548936397,23,1028,2312116,30
DEQ,785076548937685,23,1028,2236202,29
DEQ,785076548979002,23,1028,2262166,28
DEQ,785076549013843,23,1028,2293766,27
DEQ,785076549055830,23,1028,2236598,26
DEQ,785076549096871,23,1028,2273448,25
DEQ,785076549133963,23,1028,2308280,24
DEQ,785076549135239,23,1028,2176002,23
DEQ,785076549180205,23,1028,2209922,22
DEQ,785076549214516,23,1028,2238289,21
DEQ,785076549259915,23,1028,2280169,20
DEQ,785076549294532,23,1028,2236615,19
DEQ,785076549295816,23,1028,2230704,18
DEQ,785076549369147,23,1028,2287272,17
DEQ,785076549403684,23,1028,2273389,16
DEQ,785076549446980,23,1028,2284583,15
DEQ,785076549483162,23,1028,2275033,14
DEQ,785076549484387,23,1028,2242306,13
DEQ,785076549538222,23,1028,2255170,12
DEQ,785076549571494,23,1028,2286269,11
DEQ,785076549611411,23,1028,2258392,10
DEQ,785076549651624,23,1028,2261468,9
DEQ,785076549652792,23,1028,2222276,8
DEQ,785076549696350,23,1028,2226150,7
DEQ,785076549734209,23,1028,2223163,6
DEQ,785076549784847,23,1028,1769572,6
DEQ,785076549817566,23,1400,1201263,5
DEQ,785076549857622,23,1400,1239302,6
DEQ,785076549932259,23,1400,1197199,5
DEQ,785076549972600,23,1400,1235646,6
DEQ,785076550012587,23,1028,1112941,5
DEQ,785076550056152,23,1028,299053,4
DEQ,785076550092545,23,1400,272828,3
DEQ,785076550140473,23,1400,318837,4
DEQ,785076550177170,23,1400,242950,3
DEQ,785076550216020,23,1400,279792,4
DEQ,785076550252612,23,1400,157928,3
DEQ,785076746330014,23,1400,196233393,64
DEQ,785076746333017,23,1400,196153688,63
DEQ,785076746333467,23,1400,196152129,62
DEQ,785076746356314,23,1400,196101578,64
DEQ,785076746463285,23,1400,196206622,64
DEQ,785076746464228,23,1028,195814330,63
DEQ,785076746464782,23,1028,194912227,62
DEQ,785076746481586,23,1028,194028886,64
DEQ,785076746570662,23,1028,193216061,64
DEQ,785076746573358,23,1028,192346731,63
DEQ,785076746573841,23,1028,191464020,62
DEQ,785076746575480,23,1028,190529307,61
DEQ,785076746658076,23,1028,189615816,64
DEQ,785076746660636,23,1028,188619431,63
DEQ,785076746662385,23,1028,187624949,62
DEQ,785076746737534,23,1028,186699660,64
DEQ,785076746740259,23,1028,185713415,63
DEQ,785076746759731,23,1028,184726572,64
DEQ,785076746863194,23,1028,183830849,64
DEQ,785076746866206,23,1028,182843541,63
DEQ,785076746866705,23,1028,181850402,62
DEQ,785076746951608,23,1028,180924723,64
DEQ,785076746954522,23,1028,179926053,63
DEQ,785076746954985,23,1028,178930401,62
DEQ,785076747048849,23,1028,178031831,64
DEQ,785076747051971,23,1028,177040680,63
DEQ,785076747056999,23,1028,176050037,62
DEQ,785076747100891,23,1028,175093566,64
DEQ,785076747138696,23,1028,174146819,64
DEQ,785076747178789,23,1028,173252104,64
DEQ,785076747179989,23,1028,172267920,63
DEQ,785076747227045,23,1028,171403594,64
DEQ,785076747263749,23,1028,170543918,64
DEQ,785076747303888,23,1028,169674261,64
DEQ,785076747305066,23,1028,168771224,63
DEQ,785076747353029,23,1028,167918845,64
DEQ,785076747388875,23,1028,167068891,64
DEQ,785076747428632,23,1028,166230804,64
DEQ,785076747429919,23,1028,165292802,63
DEQ,785076747477999,23,1028,164345063,62
DEQ,785076747513776,23,1028,163467630,61
DEQ,785076747555959,23,1028,162523196,60
DEQ,785076747596870,23,1028,161570856,59
DEQ,785076747633702,23,1028,160609724,58
DEQ,785076747634945,23,1028,159612306,57
DEQ,785076747682134,23,1028,158668610,56
DEQ,785076747715608,23,1028,157699684,55
DEQ,785076747759837,23,1028,156754127,54
DEQ,785076747795708,23,1028,155797007,53
DEQ,785076747796865,23,1028,154797796,52
DEQ,785076747870029,23,1028,153880377,51
DEQ,785076747903830,23,1028,152922426,50
DEQ,785076747943678,23,1028,152031449,50
DEQ,785076747945127,23,1028,151115802,49
DEQ,785076748009173,23,1028,150285673,48
DEQ,785076748042539,23,1028,149416547,47
DEQ,785076748087195,23,1028,148560318,46
DEQ,785076748122415,23,1028,147692658,45
DEQ,785076748162900,23,1028,146846180,44
DEQ,785076748202679,23,1028,146008261,43
DEQ,785076748203914,23,1028,145062203,42
DEQ,785076748260991,23,1028,144139891,41
DEQ,785076748295240,23,1028,143193443,40
DEQ,785076748339322,23,1028,142311605,39
DEQ,785076748382171,23,1028,141384194,38
DEQ,785076748414953,23,1028,2079284,37
DEQ,785076748416155,23,1028,2072819,36
DEQ,785076748476133,23,1028,2130691,35
DEQ,785076748513831,23,1400,2155142,34
DEQ,785076748553830,23,1400,2087202,35
DEQ,785076748599291,23,1028,2124686,34
DEQ,785076748635218,23,1400,2156900,33
DEQ,785076748673692,23,1400,2189603,34
DEQ,785076748717125,23,1028,2140558,33
DEQ,785076748753823,23,1028,2173128,32
DEQ,785076748793897,23,1028,2211067,32
DEQ,785076748833927,23,1028,2248987,31
DEQ,785076748835140,23,1028,2171680,30
DEQ,785076748880213,23,1028,2212679,29
DEQ,785076748913767,23,1028,2244138,28
DEQ,785076748959398,23,1028,2217010,27
DEQ,785076748993717,23,1028,2247288,26
DEQ,785076749037083,23,1028,2275988,25
DEQ,785076749081433,23,1028,2212243,24
DEQ,785076749082608,23,1028,2209077,23
DEQ,785076749127185,23,1028,2251399,22
DEQ,785076749160500,23,1028,2203098,21
DEQ,785076749206442,23,1028,2238906,20
DEQ,785076749247176,23,1028,2277485,19
DEQ,785076749280480,23,1028,2220051,18
DEQ,785076749281844,23,1028,2216798,17
DEQ,785076749336615,23,1028,2269424,16
DEQ,785076749360639,23,1028,2258288,15
DEQ,785076749400508,23,1028,2260424,14
DEQ,785076749442214,23,1028,2261420,13
DEQ,785076749480584,23,1028,2297522,12
DEQ,785076749525045,23,1028,2296753,11
DEQ,785076749560382,23,1028,2295345,10
DEQ,785076749601755,23,1028,2296058,9
DEQ,785076749646671,23,1028,2339032,9
DEQ,785076749680581,23,1028,2326251,8
DEQ,785076749681841,23,1028,2291636,7
DEQ,785076749730077,23,1028,1820376,6
DEQ,785076749763750,23,1400,1245928,5
DEQ,785076749808079,23,1400,1288212,6
DEQ,785076749845501,23,1400,1207935,5
DEQ,785076749885363,23,1400,1245827,6
DEQ,785076749929164,23,1028,1152492,5
DEQ,785076749968706,23,1028,334995,4
DEQ,785076750010066,23,1400,243786,3
DEQ,785076750048743,23,1400,280599,4
DEQ,785076750109181,23,1400,261697,3
DEQ,785076750145789,23,1400,296394,4
DEQ,785076946246358,23,1400,196234161,64
DEQ,785076946249435,23,1400,196235281,63
DEQ,785076946273237,23,1400,196161971,64
DEQ,785076946358667,23,1400,196245448,64
DEQ,785076946359635,23,1028,195824048,63
DEQ,785076946374367,23,1028,194935715,64
DEQ,785076946469575,23,1028,194113475,64
DEQ,785076946472341,23,1028,193244200,63
DEQ,785076946472901,23,1028,192385174,62
DEQ,785076946509309,23,1028,191533685,64
DEQ,785076946591837,23,1028,190626323,64
DEQ,785076946594714,23,1028,189711633,63
DEQ,785076946595345,23,1028,188732997,62
DEQ,785076946609987,23,1028,187753060,64
DEQ,785076946727972,23,1028,186960945,64
DEQ,785076946730815,23,1028,186068029,63
DEQ,785076946743239,23,1028,185164657,64
STATS,785076946779826,65,68308,7495,7430,0,0,0
DEQ,785076946821548,23,1028,184340064,64
DEQ,785076946824305,23,1028,183442263,63
DEQ,785076946826015,23,1028,182558284,62
DEQ,785076946917554,23,1028,181773723,64
DEQ,785076946920352,23,1028,180787678,63
DEQ,785076946922076,23,1028,179793166,62
DEQ,785076947007988,23,1028,178881300,64
DEQ,785076947010968,23,1028,177894227,63
DEQ,785076947031120,23,1028,176923453,64
DEQ,785076947110015,23,1028,176004840,64
DEQ,785076947112989,23,1028,175009651,63
DEQ,785076947113467,23,1028,174014287,62
DEQ,785076947198854,23,1028,173099755,64
DEQ,785076947201498,23,1028,172107807,63
DEQ,785076947203309,23,1028,171114485,62
DEQ,785076947286426,23,1028,170198988,64
DEQ,785076947289235,23,1028,169198588,63
DEQ,785076947289808,23,1028,168199342,62
DEQ,785076947369123,23,1028,167279010,64
DEQ,785076947371995,23,1028,166276509,63
DEQ,785076947447976,23,1028,165359872,63
DEQ,785076947450793,23,1028,164369019,62
DEQ,785076947452672,23,1028,163377681,61
DEQ,785076947539187,23,1028,162475009,60
DEQ,785076947541948,23,1028,161486168,59
DEQ,785076947622420,23,1028,160569685,58
DEQ,785076947625163,23,1028,159579310,57
DEQ,785076947700990,23,1028,158659410,56
DEQ,785076947703806,23,1028,157666322,55
DEQ,785076947782425,23,1028,156737284,54
DEQ,785076947785130,23,1028,155745482,53
DEQ,785076947785580,23,1028,154754147,52
DEQ,785076947859826,23,1028,153832178,51
DEQ,785076947862550,23,1028,152838065,50
DEQ,785076947881466,23,1028,151861685,50
DEQ,785076947933843,23,1028,150917172,49
DEQ,785076947967076,23,1028,149953087,48
DEQ,785076948011525,23,1028,149000692,47
DEQ,785076948047296,23,1028,148037719,46
DEQ,785076948048479,23,1028,147042533,45
DEQ,785076948119790,23,1028,146121127,44
DEQ,785076948153601,23,1028,145165117,43
DEQ,785076948193259,23,1028,144211886,42
DEQ,785076948194442,23,1028,143223293,41
DEQ,785076948257727,23,1028,142300646,40
DEQ,785076948292097,23,1028,141424115,39
DEQ,785076948336958,23,1028,140569992,38
DEQ,785076948372517,23,1028,139703464,37
DEQ,785076948416521,23,1028,2164633,36
DEQ,785076948452115,23,1028,2186401,35
DEQ,785076948494512,23,1028,2220624,34
DEQ,785076948531977,23,1400,2168098,33
DEQ,785076948533182,23,1400,2165305,32
DEQ,785076948582728,23,1028,2205891,33
DEQ,785076948616458,23,1400,2139809,32
DEQ,785076948668954,23,1400,2165284,33
DEQ,785076948716888,23,1028,2210705,32
DEQ,785076948748745,23,1028,2238748,31
DEQ,785076948789069,23,1028,2187969,31
DEQ,785076948790285,23,1028,2185110,30
DEQ,785076948838677,23,1028,2231384,29
DEQ,785076948872116,23,1028,2261431,28
DEQ,785076948916504,23,1028,2179969,27
DEQ,785076948952229,23,1028,2211580,26
DEQ,785076948953407,23,1028,2209643,25
DEQ,785076948994845,23,1028,2167661,24
DEQ,785076949031757,23,1028,2192914,23
DEQ,785076949072595,23,1028,2231484,22
DEQ,785076949111834,23,1028,2188628,21
DEQ,785076949152639,23,1028,2225197,20
DEQ,785076949196943,23,1028,2267256,19
DEQ,785076949198175,23,1028,2184922,18
DEQ,785076949257633,23,1028,2229929,17
DEQ,785076949291328,23,1028,2259561,16
DEQ,785076949334874,23,1028,2218881,15
DEQ,785076949371236,23,1028,2251257,14
DEQ,785076949416807,23,1028,2294690,13
DEQ,785076949457951,23,1028,2252632,12
DEQ,785076949498607,23,1028,2281553,11
DEQ,785076949531041,23,1028,2311972,10
DEQ,785076949532184,23,1028,2239941,9
DEQ,785076949600843,23,1028,2304567,8
DEQ,785076949647169,23,1028,2348990,8
DEQ,785076949648663,23,1028,2274329,7
DEQ,785076949679619,23,1028,1808493,6
DEQ,785077146330345,23,1400,197793615,64
DEQ,785077146333344,23,1400,197794313,63
DEQ,785077146333918,23,1400,197715269,62
DEQ,785077146355540,23,1400,197734637,64
DEQ,785077146450740,23,1028,197699866,64
DEQ,785077146451800,23,1028,196843818,63
DEQ,785077146452336,23,1028,195958053,62
DEQ,785077146477292,23,1028,195081171,64
DEQ,785077146581802,23,1028,194313758,64
DEQ,785077146585119,23,1028,193457831,63
DEQ,785077146585903,23,1028,192492170,62
DEQ,785077146609904,23,1028,191522862,64
DEQ,785077146689287,23,1028,190604910,64
DEQ,785077146701315,23,1028,189624731,64
DEQ,785077146774981,23,1028,188708373,64
DEQ,785077146782325,23,1028,187732032,63
DEQ,785077146856981,23,1028,186819390,64
DEQ,785077146859735,23,1028,185832103,63
DEQ,785077146875548,23,1028,184850409,64
DEQ,785077146961361,23,1028,183941555,64
DEQ,785077146964174,23,1028,182952381,63
DEQ,785077146984587,23,1028,181985274,64
DEQ,785077147062935,23,1028,181047995,64
DEQ,785077147065606,23,1028,180048122,63
DEQ,785077147070165,23,1028,179058698,62
DEQ,785077147103369,23,1028,178097694,64
DEQ,785077147141749,23,1028,177141971,64
DEQ,785077147182260,23,1028,176191069,64
DEQ,785077147183547,23,1028,175198517,63
DEQ,785077147225481,23,1028,174255005,64
DEQ,785077147265685,23,1028,173306066,64
DEQ,785077147302137,23,1028,172344609,64
DEQ,785077147349448,23,1028,171473926,64
DEQ,785077147382194,23,1028,170608495,64
DEQ,785077147422218,23,1028,169745926,64
DEQ,785077147423503,23,1028,168845507,63
DEQ,785077147476175,23,1028,167997959,64
DEQ,785077147513518,23,1028,167133245,63
DEQ,785077147554056,23,1028,166287075,62
DEQ,785077147596774,23,1028,165451828,61
DEQ,785077147633834,23,1028,164498730,60
DEQ,785077147635131,23,1028,163502403,59
DEQ,785077147682252,23,1028,162541836,58
DEQ,785077147715573,23,1028,161585876,57
DEQ,785077147760204,23,1028,160635103,56
DEQ,785077147795736,23,1028,159676186,55
DEQ,785077147797022,23,1028,158683629,54
DEQ,785077147869308,23,1028,157756726,53
DEQ,785077147903575,23,1028,156799756,52
DEQ,785077147947171,23,1028,155841193,51
DEQ,785077147983513,23,1028,154879353,50
DEQ,785077147984794,23,1028,153888389,49
DEQ,785077148036246,23,1028,152942134,49
DEQ,785077148070588,23,1028,151979991,48
DEQ,785077148110414,23,1028,151024222,47
DEQ,785077148150709,23,1028,150073193,46
DEQ,785077148151877,23,1028,149196642,45
DEQ,785077148195328,23,1028,148256416,44
DEQ,785077148230557,23,1028,147303616,43
DEQ,785077148275055,23,1028,146432224,42
DEQ,785077148310183,23,1028,145575948,41
DEQ,785077148311602,23,1028,144674376,40
DEQ,785077148351353,23,1028,143802360,39
DEQ,785077148390421,23,1028,142933947,38
DEQ,785077148430613,23,1028,142087418,37
DEQ,785077148476353,23,1028,2139652,36
DEQ,785077148516338,23,1028,2174972,35
DEQ,785077148550409,23,1028,2206757,34
DEQ,785077148590464,23,1400,2232622,33
DEQ,785077148630466,23,1400,2176130,34
DEQ,785077148671077,23,1028,2212347,33
DEQ,785077148710533,23,1400,2247605,32
DEQ,785077148753453,23,1400,2270609,33
DEQ,785077148790654,23,1028,2202313,32
DEQ,785077148791792,23,1028,2194121,31
DEQ,785077148838258,23,1028,2238327,30
DEQ,785077148871575,23,1028,2261042,30
DEQ,785077148912250,23,1028,2218649,29
DEQ,785077148951505,23,1028,2249580,28
DEQ,785077148995251,23,1028,2211801,27
DEQ,785077149031591,23,1028,2244201,26
DEQ,785077149032764,23,1028,2170542,25
DEQ,785077149074356,23,1028,2208053,24
DEQ,785077149111812,23,1028,2235572,23
DEQ,785077149156092,23,1028,2189295,22
DEQ,785077149191879,23,1028,2210449,21
DEQ,785077149193096,23,1028,2207909,20
DEQ,785077149259275,23,1028,2185906,19
DEQ,785077149292828,23,1028,2215350,18
DEQ,785077149337454,23,1028,2257820,17
DEQ,785077149372549,23,1028,2267602,16
DEQ,785077149413140,23,1028,2270042,15
DEQ,785077149457486,23,1028,2273025,14
DEQ,785077149459111,23,1028,2272518,13
DEQ,785077149502385,23,1028,2275621,12
DEQ,785077149535774,23,1028,2268657,11
DEQ,785077149579552,23,1028,2276049,10
DEQ,785077149620127,23,1028,2269452,9
DEQ,785077149655818,23,1028,2272395,8
DEQ,785077149656978,23,1028,2232817,7
DEQ,785077149699474,23,1028,2273210,6
DEQ,785077149735900,23,1028,1745296,6
DEQ,785077149775601,23,1400,1181255,5
DEQ,785077149815889,23,1400,1219516,6
DEQ,785077149855636,23,1400,1142683,5
DEQ,785077149895576,23,1400,1180608,6
DEQ,785077149935997,23,1028,1076572,5
DEQ,785077149979663,23,1028,263194,4
DEQ,785077150015908,23,1400,238114,3
DEQ,785077150062284,23,1400,282528,4
DEQ,785077150099273,23,1400,241639,3
DEQ,785077150135904,23,1400,276341,4
DEQ,785077150178667,23,1400,160531,3
DEQ,785077150224844,23,1400,204748,4
DEQ,785077150271554,23,1400,170110,3
DEQ,785077150312474,23,1400,209080,4
DEQ,785077150355269,23,1400,174144,3
DEQ,785077150394868,23,1400,211656,4
DEQ,785077150435538,23,1400,157243,3
DEQ,785077150480166,23,1400,200284,4
DEQ,785077150527428,23,1400,169652,3
DEQ,785077150560095,23,1400,200237,4
DEQ,785077150603527,23,1400,165853,4
DEQ,785077150652649,23,1400,212929,5
DEQ,785077150691884,23,1400,162390,4
DEQ,785077150732379,23,1400,200927,5
DEQ,785077150777445,23,1028,201509,4
DEQ,785077150812374,23,1400,206874,3
DEQ,785077346331552,23,1400,195724110,64
DEQ,785077346334344,23,1400,195640445,63
DEQ,785077346334955,23,1400,195639154,62
DEQ,785077346358290,23,1400,195543607,64
DEQ,785077346444384,23,1400,195627825,64
DEQ,785077346445259,23,1028,194981962,63
DEQ,785077346551802,23,1028,194175682,64
DEQ,785077346557988,23,1028,193309573,63
DEQ,785077346558413,23,1028,192450947,62
DEQ,785077346560276,23,1028,191566232,61
DEQ,785077346648494,23,1028,190743520,64
DEQ,785077346651301,23,1028,189843949,63
DEQ,785077346651775,23,1028,188944066,62
DEQ,785077346672999,23,1028,188061708,64
DEQ,785077346737473,23,1028,187226342,64
DEQ,785077346740233,23,1028,186330225,63
DEQ,785077346759323,23,1028,185451022,64
DEQ,785077346832808,23,1028,184647060,64
DEQ,785077346835579,23,1028,183699701,63
DEQ,785077346919928,23,1028,182778395,64
DEQ,785077346922557,23,1028,181792871,63
DEQ,785077346924250,23,1028,180802453,62
DEQ,785077347005136,23,1028,179887465,64
DEQ,785077347007946,23,1028,178897297,63
DEQ,785077347093471,23,1028,177988583,64
DEQ,785077347096384,23,1028,177002459,63
DEQ,785077347111874,23,1028,176014561,64
DEQ,785077347113251,23,84,175167751,63
DEQ,785077347204874,23,1028,175234328,64
DEQ,785077347207764,23,1028,174252468,63
DEQ,785077347220575,23,1028,173263251,64
DEQ,785077347313653,23,1028,172429209,64
DEQ,785077347316413,23,1028,171525319,63
DEQ,785077347318151,23,1028,170625365,62
DEQ,785077347415876,23,1028,169821813,64
DEQ,785077347422159,23,1028,168928852,63
DEQ,785077347424552,23,1028,168031962,62
DEQ,785077347518342,23,1028,167228820,64
DEQ,785077347521369,23,1028,166354269,63
DEQ,785077347521949,23,1028,165391527,62
DEQ,785077347539679,23,1028,164420528,62
DEQ,785077347624888,23,1028,163517359,61
DEQ,785077347627476,23,1028,162524083,60
DEQ,785077347628910,23,1028,161536112,59
DEQ,785077347706477,23,1028,160626633,58
DEQ,785077347709228,23,1028,159635531,57
DEQ,785077347709786,23,1028,158635598,56
DEQ,785077347824512,23,1028,157755378,55
DEQ,785077347827184,23,1028,156765109,54
DEQ,785077347828716,23,1028,155765536,53
DEQ,785077347910510,23,1028,154851407,52
DEQ,785077347913357,23,1028,153859748,51
DEQ,785077347990137,23,1028,152940021,50
DEQ,785077347993003,23,1028,151950866,49
DEQ,785077348097862,23,1028,151057501,48
DEQ,785077348100614,23,1028,150067705,47
DEQ,785077348101080,23,1028,149076468,46
DEQ,785077348186015,23,1028,148163127,46
DEQ,785077348188757,23,1028,147175859,45
DEQ,785077348189159,23,1028,146192111,44
DEQ,785077348191108,23,1028,145203134,43
DEQ,785077348279170,23,1028,144306151,42
DEQ,785077348286230,23,1028,143322626,41
DEQ,785077348362659,23,1028,142408418,40
DEQ,785077348365489,23,1028,141496962,39
DEQ,785077348377089,23,1028,2039570,38
DEQ,785077348457730,23,1028,2112228,37
DEQ,785077348460566,23,1028,2112841,36
DEQ,785077348461021,23,1400,2100489,35
DEQ,785077348550540,23,1400,2103370,36
DEQ,785077348553408,23,1028,2101649,35
DEQ,785077348626372,23,1400,2063629,34
DEQ,785077348644936,23,1400,2078262,35
DEQ,785077348735730,23,1028,2166538,34
DEQ,785077348738634,23,1028,2167364,33
DEQ,785077348807758,23,1028,2153443,32
DEQ,785077348810423,23,1028,2142154,31
DEQ,785077348812057,23,1028,2141570,30
DEQ,785077348940159,23,1028,2266508,29
DEQ,785077348942863,23,1028,2200441,28
DEQ,785077348943274,23,1028,2196772,27
DEQ,785077349031383,23,1028,2270594,26
DEQ,785077349034497,23,1028,2196789,25
DEQ,785077349135396,23,1028,2293665,25
DEQ,785077349138104,23,1028,2212816,24
DEQ,785077349138554,23,1028,2209226,23
DEQ,785077349146516,23,1028,2214987,22
DEQ,785077349183746,23,1028,2173572,21
DEQ,785077349223393,23,1028,2201869,20
DEQ,785077349224554,23,1028,2126000,19
DEQ,785077349274270,23,1028,2171468,18
DEQ,785077349307872,23,1028,2193257,17
DEQ,785077349352565,23,1028,2235321,16
DEQ,785077349391559,23,1028,2181376,15
DEQ,785077349427849,23,1028,2210052,14
DEQ,785077349429043,23,1028,2207064,13
DEQ,785077349476054,23,1028,2156157,12
DEQ,785077349513505,23,1028,2181900,11
DEQ,785077349554345,23,1028,2220251,10
DEQ,785077349596764,23,1028,2171145,9
DEQ,785077349634035,23,1028,2204341,8
DEQ,785077349635316,23,1028,2203444,7
DEQ,785077349708522,23,1028,2184125,6
DEQ,785077349741544,23,1028,1637521,5
DEQ,785077349785516,23,1400,1318485,4
DEQ,785077349825291,23,1400,1351662,5
DEQ,785077349885765,23,1400,1252413,4
DEQ,785077349925785,23,1400,1288550,5
DEQ,785077349969130,23,1028,848863,4
DEQ,785077350017990,23,1400,227449,3
DEQ,785077350046339,23,1400,251726,4
DEQ,785077350089954,23,1400,201834,3
DEQ,785077350133756,23,1400,243613,5
DEQ,785077350174501,23,1400,154067,4
DEQ,785077350222873,23,1400,200389,5
DEQ,785077350258422,23,1400,166053,4
DEQ,785077350303178,23,1400,208880,5
DEQ,785077350334366,23,1028,231461,4
DEQ,785077350374453,23,1400,197499,3
DEQ,785077350417720,23,1400,238708,4
DEQ,785077350459714,23,1400,198866,3
DEQ,785077350498581,23,1400,235669,4
DEQ,785077350534459,23,1400,157566,3
DEQ,785077350578534,23,1400,199520,4
DEQ,785077350614498,23,1400,152285,3
DEQ,785077350657789,23,1400,193467,4
DEQ,785077546333946,23,1400,195797011,64
DEQ,785077546336956,23,1400,195798147,63
DEQ,785077546337538,23,1400,195720573,62
DEQ,785077546339940,23,1400,195720963,61
DEQ,785077546373755,23,1028,195347148,64
DEQ,785077546463573,23,1028,194439878,64
DEQ,785077546466486,23,1028,193436765,63
DEQ,785077546480084,23,1028,192462204,62
DEQ,785077546499931,23,1028,191493984,64
DEQ,785077546593253,23,1028,190596730,64
DEQ,785077546596119,23,1028,189611372,63
DEQ,785077546596539,23,1028,188626733,62
DEQ,785077546615119,23,1028,187648235,64
DEQ,785077546694285,23,1028,186730517,64
DEQ,785077546697142,23,1028,185821257,63
DEQ,785077546697532,23,1028,184922414,62
DEQ,785077546782518,23,1028,184104078,64
DEQ,785077546785229,23,1028,183205751,63
DEQ,785077546801320,23,1028,182319955,64
DEQ,785077546890547,23,1028,181491616,64
DEQ,785077546893534,23,1028,180608610,63
DEQ,785077546894056,23,1028,179732271,62
DEQ,785077546912517,23,1028,178773568,64
DEQ,785077547017426,23,1028,177881863,64
DEQ,785077547020403,23,1028,176884497,63
DEQ,785077547033563,23,1028,175896482,64
DEQ,785077547102928,23,1028,174971392,64
DEQ,785077547105740,23,1028,173975453,63
DEQ,785077547179234,23,1028,173047376,64
DEQ,785077547182066,23,1028,172045677,63
DEQ,785077547271260,23,1028,171132672,64
DEQ,785077547274017,23,1028,170137791,63
DEQ,785077547275710,23,1028,169143096,62
DEQ,785077547352474,23,1028,168223222,64
DEQ,785077547355436,23,1028,167220292,63
DEQ,785077547423491,23,1028,166291033,64
DEQ,785077547426361,23,1028,165296872,63
DEQ,785077547502615,23,1028,164372166,63
DEQ,785077547505329,23,1028,163374332,62
DEQ,785077547506969,23,1028,162367392,61
DEQ,785077547583453,23,1028,161438314,60
DEQ,785077547589879,23,1028,160452995,59
DEQ,785077547592389,23,1028,159454246,58
DEQ,785077547728445,23,1028,158588524,57
DEQ,785077547731207,23,1028,157593519,56
DEQ,785077547731627,23,1028,156596084,55
DEQ,785077547822895,23,1028,155688659,54
DEQ,785077547825491,23,1028,154696687,53
DEQ,785077547825986,23,1028,153701543,52
DEQ,785077547828598,23,1028,152703749,51
DEQ,785077547902771,23,1028,151780092,50
DEQ,785077547928937,23,1028,150809496,50
DEQ,785077547962032,23,1028,149839493,49
DEQ,785077548010271,23,1028,148894821,48
DEQ,785077548041900,23,1028,147922037,47
DEQ,785077548042320,23,1028,146925363,46
DEQ,785077548120200,23,1028,146002589,45
DEQ,785077548153783,23,1028,145030559,44
DEQ,785077548193360,23,1028,144071022,43
DEQ,785077548194569,23,1028,143074568,42
DEQ,785077548260159,23,1028,142141450,41
DEQ,785077548293612,23,1028,141172673,40
DEQ,785077548339315,23,1028,140216603,39
DEQ,785077548379119,23,1028,139252831,38
DEQ,785077548413468,23,1028,138289551,37
DEQ,785077548414662,23,1028,2073776,36
DEQ,785077548456250,23,1028,2105654,35
DEQ,785077548493354,23,1028,2140503,34
DEQ,785077548534214,23,1028,2179402,33
DEQ,785077548573378,23,1400,2196577,32
DEQ,785077548613416,23,1400,2127639,33
DEQ,785077548659192,23,1400,2167022,32
DEQ,785077548698993,23,1400,2205030,33
DEQ,785077548759038,23,1028,2258357,32
DEQ,785077548792494,23,1028,2193286,31
DEQ,785077548840393,23,1028,2236999,31
DEQ,785077548881215,23,1028,2275638,30
DEQ,785077548914671,23,1028,2298846,29
DEQ,785077548959382,23,1028,2259543,28
DEQ,785077548994515,23,1028,2283005,27
DEQ,785077549037115,23,1028,2323580,26
DEQ,785077549082598,23,1028,2295143,25
DEQ,785077549083882,23,1028,2292295,24
DEQ,785077549127272,23,1028,2324929,23
DEQ,785077549160473,23,1028,2263771,22
DEQ,785077549204408,23,1028,2303502,21
DEQ,785077549244994,23,1028,2341905,20
DEQ,785077549280288,23,1028,2367054,19
DEQ,785077549281461,23,1028,2258542,18
DEQ,785077549321233,23,1028,2290517,17
DEQ,785077549360522,23,1028,2326290,16
DEQ,785077549406207,23,1028,2298051,15
DEQ,785077549440521,23,1028,2328198,14
DEQ,785077549482377,23,1028,2298077,13
DEQ,785077549520611,23,1028,2325194,12
DEQ,785077549560452,23,1028,2283558,11
DEQ,785077549561690,23,1028,2280716,10
DEQ,785077549602292,23,1028,2319101,9
DEQ,785077549640336,23,1028,2282628,8
DEQ,785077549680573,23,1028,2318819,8
DEQ,785077549726594,23,1028,2297748,7
DEQ,785077549767443,23,1028,1853285,6
DEQ,785077549800048,23,1400,1222603,5
DEQ,785077549840591,23,1400,1260852,6
DEQ,785077549885256,23,1400,1223863,5
DEQ,785077549920677,23,1400,1257228,6
DEQ,785077549921954,23,1028,1117955,5
DEQ,785077549964549,23,1028,296323,4
DEQ,785077549999994,23,1400,197836,3
DEQ,785077550040695,23,1400,236519,4
DEQ,785077550041938,23,1400,154512,3
DEQ,785077746302051,23,1400,196412641,64
DEQ,785077746308817,23,1400,196305686,63
DEQ,785077746309431,23,1400,196304441,62
DEQ,785077746311933,23,1400,196268673,61
DEQ,785077746399955,23,1400,196354836,64
DEQ,785077746400856,23,1028,195843670,63
DEQ,785077746423928,23,1028,194965570,64
DEQ,785077746518595,23,1028,194158581,64
DEQ,785077746521353,23,1028,193289994,63
DEQ,785077746521790,23,1028,192431511,62
DEQ,785077746535866,23,1028,191559037,64
DEQ,785077746637433,23,1028,190656635,64
DEQ,785077746640031,23,1028,189746439,63
DEQ,785077746641509,23,1028,188850063,62
DEQ,785077746729197,23,1028,188024094,64
DEQ,785077746735264,23,1028,187127966,63
DEQ,785077746736919,23,1028,186225919,62
DEQ,785077746829767,23,1028,185414154,64
DEQ,785077746832502,23,1028,184530387,63
DEQ,785077746845326,23,1028,183665358,64
DEQ,785077746933169,23,1028,182793333,64
DEQ,785077746935824,23,1028,181797457,63
DEQ,785077746937574,23,1028,180893302,62
DEQ,785077747012587,23,1028,179983013,64
DEQ,785077747015448,23,1028,178989794,63
DEQ,785077747027624,23,1028,178002119,64
DEQ,785077747112114,23,1028,177094474,64
DEQ,785077747115743,23,1028,176096440,63
DEQ,785077747199418,23,1028,175181598,64
DEQ,785077747202073,23,1028,174193638,63
DEQ,785077747203818,23,1028,173209560,62
DEQ,785077747298404,23,1028,172308339,64
DEQ,785077747301310,23,1028,171314690,63
DEQ,785077747313813,23,1028,170328101,64
DEQ,785077747396417,23,1028,169407135,64
DEQ,785077747399120,23,1028,168415469,63
DEQ,785077747400732,23,1028,167430173,62
DEQ,785077747526919,23,1028,166566195,64
DEQ,785077747529816,23,1028,165579569,63
DEQ,785077747530214,23,1028,164664251,62
DEQ,785077747610698,23,1028,163853694,61
DEQ,785077747614268,23,1028,162953190,60
DEQ,785077747699560,23,1028,162136987,59
DEQ,785077747702193,23,1028,161236752,58
DEQ,785077747703938,23,1028,160343791,57
DEQ,785077747789122,23,1028,159551174,56
DEQ,785077747791905,23,1028,158662127,55
DEQ,785077747877464,23,1028,157746478,54
DEQ,785077747880240,23,1028,156755121,53
DEQ,785077747882011,23,1028,155762701,52
DEQ,785077747958572,23,1028,154842349,51
DEQ,785077747961443,23,1028,153848744,50
DEQ,785077747961928,23,1028,152857774,49
DEQ,785077747984430,23,1028,151893119,49
DEQ,785077748031784,23,1028,150939329,48
DEQ,785077748064148,23,1028,149977326,47
DEQ,785077748065358,23,1028,148987544,46
DEQ,785077748134851,23,1028,148063596,45
DEQ,785077748168326,23,1028,147102637,44
DEQ,785077748212157,23,1028,146156465,43
DEQ,785077748253669,23,1028,145195095,42
DEQ,785077748288088,23,1028,144228410,41
DEQ,785077748289257,23,1028,143235106,40
DEQ,785077748330891,23,1028,142282234,39
DEQ,785077748368262,23,1028,141315811,38
DEQ,785077748408928,23,1028,2096076,37
DEQ,785077748453767,23,1028,2136138,36
DEQ,785077748495965,23,1028,2176000,35
DEQ,785077748528270,23,1028,2206039,34
DEQ,785077748529457,23,1400,2123863,33
DEQ,785077748601140,23,1400,2191572,34
DEQ,785077748645936,23,1400,2217827,33
DEQ,785077748685142,23,1400,2161373,34
DEQ,785077748726087,23,1028,2197983,33
DEQ,785077748765361,23,1028,2235258,32
DEQ,785077748805609,23,1028,2269144,31
DEQ,785077748850974,23,1028,2208398,30
DEQ,785077748892200,23,1028,2245729,30
DEQ,785077748925304,23,1028,2276683,29
DEQ,785077748926547,23,1028,2188559,28
DEQ,785077748976922,23,1028,2235229,27
DEQ,785077749013731,23,1028,2269855,26
DEQ,785077749055123,23,1028,2220337,25
DEQ,785077749094823,23,1028,2252199,24
DEQ,785077749133658,23,1028,2287672,23
DEQ,785077749173764,23,1028,2235153,22
DEQ,785077749174986,23,1028,2232043,21
DEQ,785077749225941,23,1028,2280772,20
DEQ,785077749263638,23,1028,2242605,19
DEQ,785077749303833,23,1028,2278677,18
DEQ,785077749305093,23,1028,2275785,17
DEQ,785077749351689,23,1028,2233825,16
DEQ,785077749389305,23,1028,2267162,15
DEQ,785077749430197,23,1028,2224312,14
DEQ,785077749472861,23,1028,2255465,13
DEQ,785077749509515,23,1028,2290055,12
DEQ,785077749510691,23,1028,2207084,11
DEQ,785077749585026,23,1028,2277336,10
DEQ,785077946297969,23,1028,198983553,64
DEQ,785077946300956,23,1028,198899188,63
DEQ,785077946301700,23,1028,198895825,62
DEQ,785077946302084,23,1028,198893975,61
DEQ,785077946319733,23,1028,198348494,64
DEQ,785077946410107,23,1400,197877178,64
DEQ,785077946411059,23,1400,197876257,63
DEQ,785077946432176,23,1400,197783941,64
DEQ,785077946534321,23,1400,197883922,64
DEQ,785077946537136,23,1028,197682399,63
DEQ,785077946551798,23,1028,196840247,64
DEQ,785077946631437,23,1028,196027674,64
DEQ,785077946634207,23,1028,195128584,63
DEQ,785077946725358,23,1028,194319058,64
DEQ,785077946728185,23,1028,193438042,63
DEQ,785077946728672,23,1028,192580799,62
DEQ,785077946750213,23,1028,191646045,64
DEQ,785077946841720,23,1028,190754311,64
DEQ,785077946844523,23,1028,189763948,63
DEQ,785077946857557,23,1028,188779487,64
STATS,785077946890719,65,68308,8063,7998,0,0,0
DEQ,785077946946450,23,1028,187876556,64
DEQ,785077946949094,23,1028,186885436,63
DEQ,785077946950812,23,1028,185896625,62
DEQ,785077947051353,23,1028,185011385,64
DEQ,785077947053940,23,1028,184021423,63
DEQ,785077947055633,23,1028,183037385,62
DEQ,785077947179318,23,1028,182167082,64
DEQ,785077947181998,23,1028,181147973,63
DEQ,785077947183691,23,1028,180159971,62
DEQ,785077947271578,23,1028,179254393,64
DEQ,785077947274210,23,1028,178265093,63
DEQ,785077947275804,23,1028,177280872,62
DEQ,785077947396457,23,1028,176406363,64
DEQ,785077947399045,23,1028,175414080,63
DEQ,785077947400881,23,1028,174415990,62
DEQ,785077947487721,23,1028,173514410,64
DEQ,785077947490538,23,1028,172531712,63
DEQ,785077947503671,23,1028,171545569,63
DEQ,785077947603154,23,1028,170646485,62
DEQ,785077947605864,23,1028,169655448,61
DEQ,785077947610880,23,1028,168749651,60
DEQ,785077947702021,23,1028,167945097,59
DEQ,785077947704753,23,1028,167042613,58
DEQ,785077947791806,23,1028,166226250,57
DEQ,785077947794392,23,1028,165315663,56
DEQ,785077947795820,23,1028,164416760,55
DEQ,785077947880621,23,1028,163615624,54
DEQ,785077947883339,23,1028,162740443,53
DEQ,785077947883890,23,1028,161752239,52
DEQ,785077947970527,23,1028,160845062,51
DEQ,785077947973461,23,1028,159856482,50
DEQ,785077947973853,23,1028,158854717,49
DEQ,785077948038177,23,1028,157930256,49
DEQ,785077948071632,23,1028,156967556,48
DEQ,785077948111316,23,1028,156007305,47
DEQ,785077948151646,23,1028,155045407,46
DEQ,785077948152932,23,1028,154056546,45
DEQ,785077948200157,23,1028,153115206,44
DEQ,785077948234191,23,1028,152148484,43
DEQ,785077948274282,23,1028,151193035,42
DEQ,785077948319868,23,1028,150240186,41
DEQ,785077948354303,23,1028,149281362,40
DEQ,785077948394559,23,1028,148330736,39
DEQ,785077948434421,23,1028,147377239,38
DEQ,785077948435601,23,1028,146372265,37
DEQ,785077948479229,23,1028,2174358,36
DEQ,785077948514273,23,1028,2204874,35
DEQ,785077948555995,23,1028,2244285,34
DEQ,785077948598366,23,1028,2281280,33
DEQ,785077948634351,23,1028,2313859,32
DEQ,785077948635632,23,1028,2222309,31
DEQ,785077948683201,23,1028,2265617,30
DEQ,785077948720434,23,1400,2283535,29
DEQ,785077948760647,23,1400,2221673,30
DEQ,785077948802259,23,1400,2257451,29
DEQ,785077948850732,23,1400,2298213,30
DEQ,785077948895384,23,1028,2259076,30
DEQ,785077948929262,23,1028,2288875,29
DEQ,785077948970499,23,1028,2239492,28
DEQ,785077949009320,23,1028,2274248,27
DEQ,785077949051117,23,1028,2313869,26
DEQ,785077949090624,23,1028,2339071,25
DEQ,785077949135092,23,1028,2284456,24
DEQ,785077949169146,23,1028,2314382,23
DEQ,785077949170333,23,1028,2312125,22
DEQ,785077949214175,23,1028,2262287,21
DEQ,785077949249276,23,1028,2293272,20
DEQ,785077949292169,23,1028,2333948,19
DEQ,785077949334438,23,1028,2277646,18
DEQ,785077949375199,23,1028,2314255,17
DEQ,785077949409356,23,1028,2346004,16
DEQ,785077949410605,23,1028,2225258,15
DEQ,785077949454063,23,1028,2264745,14
DEQ,785077949489224,23,1028,2298059,13
DEQ,785077949534398,23,1028,2256883,12
DEQ,785077949569298,23,1028,2287709,11
DEQ,785077949609352,23,1028,2325571,10
DEQ,785077949650252,23,1028,2247509,9
DEQ,785077949696446,23,1028,2289736,8
DEQ,785077949729129,23,1028,2320605,7
DEQ,785077949768734,23,1028,2276090,7
DEQ,785077949809265,23,1028,1825740,6
DEQ,785077949851870,23,1400,1127438,5
DEQ,785077949889279,23,1400,1162766,6
DEQ,785077949937245,23,1400,1132709,5
DEQ,785077949972696,23,1400,1166168,6
DEQ,785077950009482,23,1028,1143781,5
DEQ,785077950010737,23,1028,276918,4
DEQ,785077950055424,23,1400,201407,3
DEQ,785077950099756,23,1400,243985,4
DEQ,785077950135624,23,1400,196223,3
DEQ,785077950175646,23,1400,234222,4
DEQ,785077950218593,23,1400,161105,3
DEQ,785077950255861,23,1400,196443,4
DEQ,785077950295830,23,1400,158053,3
DEQ,785077950339630,23,1400,199813,4
DEQ,785077950375765,23,1400,154959,3
DEQ,785077950423327,23,1400,200604,4
DEQ,785077950455867,23,1400,157718,3
DEQ,785077950495849,23,1400,195913,4
DEQ,785077950535871,23,1400,158091,3
DEQ,785077950605988,23,1400,226300,5
DEQ,785077950657583,23,1400,199559,4
DEQ,785077950696835,23,1400,236772,5
DEQ,785077950745579,23,1400,207571,4
DEQ,785077950785439,23,1400,245456,5
DEQ,785077950825350,23,1028,234974,4
DEQ,785077950865200,23,1400,205572,3
DEQ,785077950905568,23,1400,243883,4
DEQ,785077950948349,23,1400,200616,3
DEQ,785077950985480,23,1400,235772,4
DEQ,785077951033596,23,1400,166304,3
DEQ,785078146240774,23,1400,195371530,64
DEQ,785078146243983,23,1400,195293670,63
DEQ,785078146334588,23,1400,195382221,64
DEQ,785078146335486,23,1400,195299663,63
DEQ,785078146449801,23,1400,195411990,64
DEQ,785078146452550,23,1028,194968301,63
DEQ,785078146454349,23,1028,194067444,62
DEQ,785078146489961,23,1028,193230375,64
DEQ,785078146575751,23,1028,192451067,64
DEQ,785078146578894,23,1028,191543924,63
DEQ,785078146579448,23,1028,190556031,62
DEQ,785078146601962,23,1028,189588754,64
DEQ,785078146709910,23,1028,188714423,64
DEQ,785078146712894,23,1028,187722293,63
DEQ,785078146713382,23,1028,186728835,62
DEQ,785078146734826,23,1028,185763249,64
DEQ,785078146825821,23,1028,184864057,64
DEQ,785078146828587,23,1028,183877985,63
DEQ,785078146906584,23,1028,183034866,64
DEQ,785078146909442,23,1028,182146804,63
DEQ,785078146922206,23,1028,181255595,64
DEQ,785078147029267,23,1028,180461316,64
DEQ,785078147031970,23,1028,179561088,63
DEQ,785078147033632,23,1028,178676730,62
DEQ,785078147110993,23,1028,177876201,64
DEQ,785078147113750,23,1028,176976735,63
DEQ,785078147126562,23,1028,175989776,64
DEQ,785078147200922,23,1028,175075830,64
DEQ,785078147203841,23,1028,174077996,63
DEQ,785078147226962,23,1028,173168687,64
DEQ,785078147311806,23,1028,172259806,64
DEQ,785078147314662,23,1028,171271221,63
DEQ,785078147316778,23,1028,170281163,62
DEQ,785078147392774,23,1028,169349883,64
DEQ,785078147395610,23,1028,168364303,63
DEQ,785078147483167,23,1028,167454761,64
DEQ,785078147485939,23,1028,166453532,63
DEQ,785078147498702,23,1028,165472370,64
DEQ,785078147601720,23,1028,164575598,63
DEQ,785078147604351,23,1028,163585254,62
DEQ,785078147604807,23,1028,162598146,61
DEQ,785078147606393,23,1028,161610140,60
DEQ,785078147694441,23,1028,160699335,59
DEQ,785078147697232,23,1028,159702736,58
DEQ,785078147709053,23,1028,158719012,57
DEQ,785078147791808,23,1028,157814792,56
DEQ,785078147794587,23,1028,156826453,55
DEQ,785078147875779,23,1028,155911156,54
DEQ,785078147878610,23,1028,154998105,53
DEQ,785078147879041,23,1028,154101611,52
DEQ,785078147956893,23,1028,153277066,51
DEQ,785078147959818,23,1028,152407203,50
DEQ,785078147960239,23,1028,151520972,49
DEQ,785078147985670,23,1028,150660274,49
DEQ,785078148024191,23,1028,149821347,48
DEQ,785078148065191,23,1028,148928876,47
DEQ,785078148104368,23,1028,148088190,46
DEQ,785078148150048,23,1028,147141492,45
DEQ,785078148191288,23,1028,146181129,44
DEQ,785078148226188,23,1028,145229550,43
DEQ,785078148272288,23,1028,144280369,42
DEQ,785078148304168,23,1028,143311644,41
DEQ,785078148352344,23,1028,142410668,40
DEQ,785078148392525,23,1028,141461926,39
DEQ,785078148423401,23,1028,140506362,38
DEQ,785078148464515,23,1028,2217364,37
DEQ,785078148504288,23,1028,2247269,36
DEQ,785078148505581,23,1028,2167799,35
DEQ,785078148549275,23,1400,2204955,34
DEQ,785078148597452,23,1400,2142417,35
DEQ,785078148628680,23,1028,2160562,34
DEQ,785078148674410,23,1400,2202525,33
DEQ,785078148709049,23,1400,2218532,34
DEQ,785078148768336,23,1028,2186436,33
DEQ,785078148802765,23,1028,2216568,32
DEQ,785078148848182,23,1028,2259684,32
DEQ,785078148882802,23,1028,2278345,31
DEQ,785078148926070,23,1028,2209982,30
DEQ,785078148966561,23,1028,2240782,29
DEQ,785078149003777,23,1028,2275084,28
DEQ,785078149044211,23,1028,2308776,27
DEQ,785078149090569,23,1028,2259683,26
DEQ,785078149122768,23,1028,2287716,25
DEQ,785078149164079,23,1028,2252293,24
DEQ,785078149202869,23,1028,2283424,23
DEQ,785078149204068,23,1028,2280359,22
DEQ,785078149262351,23,1028,2227656,21
DEQ,785078149295776,23,1028,2256908,20
DEQ,785078149339652,23,1028,2298657,19
DEQ,785078149375766,23,1028,2259495,18
DEQ,785078149376996,23,1028,2256628,17
DEQ,785078149424278,23,1028,2297101,16
DEQ,785078149457778,23,1028,2251783,15
DEQ,785078149497530,23,1028,2279669,14
DEQ,785078149538405,23,1028,2309842,13
DEQ,785078149577566,23,1028,2258872,12
DEQ,785078149620336,23,1028,2297549,11
DEQ,785078149657802,23,1028,2332869,10
DEQ,785078149658949,23,1028,2260973,9
DEQ,785078149699452,23,1028,2297460,8
DEQ,785078149737849,23,1028,2249833,8
DEQ,785078149781409,23,1028,2285384,7
DEQ,785078149817746,23,1028,1848186,6
DEQ,785078149818956,23,1400,1265400,5
DEQ,785078149905558,23,1400,1349874,6
DEQ,785078149945726,23,1400,1268980,5
DEQ,785078149985822,23,1400,1307064,6
DEQ,785078150031686,23,1028,1189449,5
DEQ,785078346297828,23,1028,196592842,64
DEQ,785078346304418,23,1400,196483798,63
DEQ,785078346305089,23,1400,196482385,62
DEQ,785078346307547,23,1400,196359711,61
DEQ,785078346396596,23,1400,196446774,64
DEQ,785078346397472,23,1028,195802816,63
DEQ,785078346420031,23,1028,194923799,64
DEQ,785078346499974,23,1028,194103480,64
DEQ,785078346502770,23,1028,193234243,63
DEQ,785078346534924,23,1028,192407585,64
DEQ,785078346599213,23,1028,191485843,64
DEQ,785078346602042,23,1028,190501339,63
DEQ,785078346617532,23,1028,189514314,64
DEQ,785078346712814,23,1028,188613554,64
DEQ,785078346715537,23,1028,187623137,63
DEQ,785078346715948,23,1028,186625858,62
DEQ,785078346730679,23,1028,185644586,64
DEQ,785078346807200,23,1028,184717097,64
DEQ,785078346820403,23,1028,183737530,64
DEQ,785078346904111,23,1028,182822774,64
DEQ,785078346906922,23,1028,181827322,63
DEQ,785078346908661,23,1028,180820922,62
DEQ,785078346999858,23,1028,179912869,64
DEQ,785078347003471,23,1028,178927322,63
DEQ,785078347005555,23,1028,177928386,62
DEQ,785078347076001,23,1028,177006541,64
DEQ,785078347078775,23,1028,176012531,63
DEQ,785078347079290,23,84,175200791,62
DEQ,785078347168499,23,1028,175229222,64
DEQ,785078347171337,23,1028,174245240,63
DEQ,785078347248907,23,1028,173336623,64
DEQ,785078347252175,23,1028,172422879,63
DEQ,785078347331420,23,1028,171611688,64
DEQ,785078347334221,23,1028,170703314,63
DEQ,785078347354073,23,1028,169821023,64
DEQ,785078347434091,23,1028,169000122,64
DEQ,785078347436918,23,1028,168116405,63
DEQ,785078347437342,23,1028,167239450,62
DEQ,785078347519475,23,1028,166387822,63
DEQ,785078347522178,23,1028,165397393,62
DEQ,785078347599168,23,1028,164480532,61
DEQ,785078347601991,23,1028,163485756,60
DEQ,785078347676787,23,1028,162566210,59
DEQ,785078347679541,23,1028,161571273,58
DEQ,785078347680028,23,1028,160573305,57
DEQ,785078347771931,23,1028,159676627,56
DEQ,785078347774567,23,1028,158690859,55
DEQ,785078347776246,23,1028,157695324,54
DEQ,785078347896557,23,1028,156819589,53
DEQ,785078347899211,23,1028,155826773,52
DEQ,785078347900957,23,1028,154840777,51
DEQ,785078347982486,23,1028,153933653,50
DEQ,785078347985298,23,1028,152945237,49
DEQ,785078348006273,23,1028,152083668,49
DEQ,785078348035937,23,1028,151120362,48
DEQ,785078348075910,23,1028,150249055,47
DEQ,785078348121488,23,1028,149398837,46
DEQ,785078348155684,23,1028,148528955,45
DEQ,785078348156094,23,1028,147626727,44
DEQ,785078348206340,23,1028,146776983,43
DEQ,785078348239788,23,1028,145924797,42
DEQ,785078348285352,23,1028,145092624,41
DEQ,785078348319823,23,1028,144182657,40
DEQ,785078348359718,23,1028,143222185,39
DEQ,785078348400132,23,1028,142380918,38
DEQ,785078348441398,23,1028,2132988,37
DEQ,785078348479647,23,1028,2166584,36
DEQ,785078348522437,23,1028,2206721,35
DEQ,785078348559795,23,1028,2241910,34
DEQ,785078348602401,23,1400,2200939,33
DEQ,785078348639922,23,1400,2234210,34
DEQ,785078348684434,23,1400,2259917,33
DEQ,785078348722367,23,1400,2217889,34
DEQ,785078348759859,23,1028,2236958,33
DEQ,785078348800198,23,1028,2264657,32
DEQ,785078348843256,23,1028,2239094,31
DEQ,785078348885352,23,1028,2277178,31
DEQ,785078348919697,23,1028,2301263,30
DEQ,785078348920922,23,1028,2202834,29
DEQ,785078348960259,23,1028,2234711,28
DEQ,785078348999511,23,1028,2271546,27
DEQ,785078349040250,23,1028,2308706,26
DEQ,785078349081610,23,1028,2269732,25
DEQ,785078349122029,23,1028,2301007,24
DEQ,785078349159459,23,1028,2249655,23
DEQ,785078349160609,23,1028,2246540,22
DEQ,785078349199630,23,1028,2283442,21
DEQ,785078349245204,23,1028,2237987,20
DEQ,785078349284298,23,1028,2272952,19
DEQ,785078349319804,23,1028,2306272,18
DEQ,785078349321030,23,1028,2239102,17
DEQ,785078349384116,23,1028,2291323,16
DEQ,785078349417927,23,1028,2322977,15
DEQ,785078349462452,23,1028,2288730,14
DEQ,785078349497168,23,1028,2311263,13
DEQ,785078349538005,23,1028,2283580,12
DEQ,785078349582420,23,1028,2323985,11
DEQ,785078349583631,23,1028,2247286,10
DEQ,785078349627039,23,1028,2275646,9
DEQ,785078349660510,23,1028,2304991,8
DEQ,785078349705442,23,1028,2265862,7
DEQ,785078349746744,23,1028,2302985,7
DEQ,785078349780673,23,1028,1786599,6
DEQ,785078349781893,23,1400,1175338,5
DEQ,785078349832047,23,1400,1223274,6
DEQ,785078349872125,23,1400,1185509,5
DEQ,785078349912025,23,1400,1223445,6
DEQ,785078349951987,23,1028,1074666,5
DEQ,785078350002901,23,1028,261155,4
DEQ,785078350035504,23,1400,252139,3
DEQ,785078350075799,23,1400,290657,4
DEQ,785078350135237,23,1400,261163,3
DEQ,785078350182678,23,1400,306679,4
DEQ,785078350223360,23,1400,185814,3
DEQ,785078350255544,23,1400,215983,4
DEQ,785078350295224,23,1400,157747,3
DEQ,785078350342932,23,1400,203544,4
DEQ,785078350375113,23,1400,149627,3
DEQ,785078350415598,23,1400,188178,4
DEQ,785078350455612,23,1400,158385,3
DEQ,785078350504156,23,1400,205001,4
DEQ,785078350544474,23,1400,167213,3
DEQ,785078350591092,23,1400,211924,4
DEQ,785078350632494,23,1400,174495,4
DEQ,785078350679995,23,1400,220045,5
DEQ,785078350715004,23,1400,168366,4
DEQ,785078350752388,23,1400,203774,5
DEQ,785078350795085,23,1028,193031,4
DEQ,785078350832064,23,1400,197624,3
DEQ,785078350833338,23,1400,196900,2
DEQ,785078350872371,23,1400,150784,3
DEQ,785078350912291,23,1400,188761,4
DEQ,785078546727646,23,1400,195893037,64
DEQ,785078546730880,23,1400,195894316,63
DEQ,785078546731501,23,1400,195856948,62
DEQ,785078546753569,23,1400,195877104,64
DEQ,785078546838957,23,1028,195344928,64
DEQ,785078546840016,23,1028,194434540,63
DEQ,785078546852850,23,1028,193575262,64
DEQ,785078546959096,23,1028,192822412,64
DEQ,785078546962099,23,1028,191927888,63
DEQ,785078546962771,23,1028,190947432,62
DEQ,785078546996587,23,1028,189985524,64
DEQ,785078547074483,23,1028,189060890,64
DEQ,785078547077018,23,1028,188132541,63
DEQ,785078547078776,23,1028,187225450,62
DEQ,785078547161437,23,1028,186410209,64
DEQ,785078547164068,23,1028,185502070,63
DEQ,785078547165790,23,1028,184599666,62
DEQ,785078547245069,23,1028,183777695,64
DEQ,785078547247813,23,1028,182894193,63
DEQ,785078547328851,23,1028,182097374,64
DEQ,785078547331709,23,1028,181198052,63
DEQ,785078547351889,23,1028,180224052,64
DEQ,785078547457319,23,1028,179330385,64
DEQ,785078547460021,23,1028,178344141,63
DEQ,785078547460648,23,1028,177347949,62
DEQ,785078547481886,23,1028,176364774,64
DEQ,785078547559985,23,1028,175442738,64
DEQ,785078547562643,23,1028,174455246,63
DEQ,785078547564454,23,1028,173468061,62
DEQ,785078547640472,23,1028,172545272,64
DEQ,785078547643399,23,1028,171555642,63
DEQ,785078547716574,23,1028,170637355,64
DEQ,785078547719516,23,1028,169642070,63
DEQ,785078547738808,23,1028,168664001,64
DEQ,785078547816398,23,1028,167736436,64
DEQ,785078547829207,23,1028,166747374,64
DEQ,785078547913014,23,1028,165833126,64
DEQ,785078547915748,23,1028,164838821,63
DEQ,785078548000703,23,1028,163931572,62
DEQ,785078548003527,23,1028,162944674,61
DEQ,785078548005046,23,1028,161956023,60
DEQ,785078548092546,23,1028,161053522,59
DEQ,785078548095281,23,1028,160053058,58
DEQ,785078548095704,23,1028,159057340,57
DEQ,785078548182922,23,1028,158145617,56
DEQ,785078548185732,23,1028,157152705,55
DEQ,785078548186209,23,1028,156157011,54
DEQ,785078548278614,23,1028,155253804,53
DEQ,785078548281382,23,1028,154263643,52
DEQ,785078548281875,23,1028,153273004,51
DEQ,785078548356116,23,1028,152360761,50
DEQ,785078548359075,23,1028,151368813,49
DEQ,785078548377729,23,1028,150391368,49
DEQ,785078548410985,23,1028,149435245,48
DEQ,785078548453858,23,1028,148491800,47
DEQ,785078548490877,23,1028,147527123,46
DEQ,785078548492113,23,1028,146614697,45
DEQ,785078548533021,23,1028,145759548,44
DEQ,785078548570597,23,1028,144891332,43
DEQ,785078548610666,23,1028,144028763,42
DEQ,785078548650808,23,1028,143169188,41
DEQ,785078548697086,23,1028,142311675,40
DEQ,785078548730464,23,1028,141455987,39
DEQ,785078548771842,23,1028,140619496,38
DEQ,785078548811012,23,1028,139674782,37
DEQ,785078548812279,23,1028,2077766,36
DEQ,785078548856047,23,1028,2116946,35
DEQ,785078548890852,23,1028,2149335,34
DEQ,785078548934858,23,1400,2178683,33
DEQ,785078548973275,23,1400,2131346,34
DEQ,785078549010820,23,1028,2160847,33
DEQ,785078549051810,23,1400,2196262,32
DEQ,785078549090872,23,1400,2126199,33
DEQ,785078549136052,23,1028,2160388,32
DEQ,785078549170745,23,1028,2192799,31
DEQ,785078549171979,23,1028,2174573,30
DEQ,785078549210901,23,1028,2130965,29
DEQ,785078549250620,23,1028,2163371,28
DEQ,785078549290921,23,1028,2201533,28
DEQ,785078549292136,23,1028,2125288,27
DEQ,785078549332262,23,1028,2161417,26
DEQ,785078549372763,23,1028,2200131,25
DEQ,785078549410935,23,1028,2160844,24
DEQ,785078549412130,23,1028,2150713,23
DEQ,785078549450532,23,1028,2116582,22
DEQ,785078549495914,23,1028,2146737,21
DEQ,785078549530770,23,1028,2178286,20
DEQ,785078549572120,23,1028,2109058,19
DEQ,785078549610685,23,1028,2133660,18
DEQ,785078549611814,23,1028,2132540,17
DEQ,785078549663066,23,1028,2180315,16
DEQ,785078549696588,23,1028,2130947,15
DEQ,785078549736234,23,1028,2166046,14
DEQ,785078549776494,23,1028,2204133,13
DEQ,785078549777664,23,1028,2132036,12
DEQ,785078549850721,23,1028,2201047,11
DEQ,785078549888676,23,1028,2166975,10
DEQ,785078549928750,23,1028,2202900,9
DEQ,785078549968701,23,1028,2227629,8
DEQ,785078550016011,23,1028,2195326,7
DEQ,785078550048816,23,1028,2218027,6
DEQ,785078550050267,23,1028,1681830,5
DEQ,785078550092337,23,1400,1153358,4
DEQ,785078550129074,23,1400,1187850,6
DEQ,785078550177250,23,1400,1123178,5
DEQ,785078550214207,23,1400,1158080,6
DEQ,785078550256291,23,1028,1003302,5
DEQ,785078550293181,23,1400,198338,4
DEQ,785078550328859,23,1400,231965,5
DEQ,785078550377136,23,1028,265294,4
DEQ,785078550410549,23,1400,231177,3
DEQ,785078550455273,23,1400,273929,4
DEQ,785078550496463,23,1400,201191,3
DEQ,785078550535682,23,1400,238412,4
DEQ,785078550584311,23,1400,171646,3
DEQ,785078550632133,23,1400,217534,4
DEQ,785078550677942,23,1400,179216,3
DEQ,785078550720333,23,1400,219690,4
DEQ,785078550752561,23,1400,166147,3
DEQ,785078550792445,23,1400,203979,4
DEQ,785078550838204,23,1400,158112,3
DEQ,785078550872579,23,1400,190521,4
DEQ,785078550916055,23,1400,161333,3
DEQ,785078550955673,23,1400,198995,4
DEQ,785078550996121,23,1400,155889,4
DEQ,785078551036350,23,1400,194227,5
DEQ,785078746663680,23,1400,195745619,64
DEQ,785078746671413,23,1400,195751401,63
DEQ,785078746700935,23,1028,195732692,64
DEQ,785078746810499,23,1400,195812243,64
DEQ,785078746813288,23,1400,195812212,63
DEQ,785078746838095,23,1028,194983024,64
DEQ,785078746911351,23,1028,194149393,64
DEQ,785078746913864,23,1028,193252111,63
DEQ,785078746915724,23,1028,192354495,62
DEQ,785078746989189,23,1028,191513883,64
DEQ,785078746991893,23,1028,190616501,63
DEQ,785078747075634,23,1028,189828984,64
DEQ,785078747078671,23,1028,188964130,63
DEQ,785078747169694,23,1028,188062848,64
DEQ,785078747172812,23,1028,187078035,63
DEQ,785078747173398,23,1028,186084364,62
DEQ,785078747188909,23,1028,185103684,64
DEQ,785078747274000,23,1028,184184061,64
DEQ,785078747286269,23,1028,183195759,64
DEQ,785078747359374,23,1028,182270309,64
DEQ,785078747362313,23,1028,181279656,63
DEQ,785078747374655,23,1028,180295033,64
DEQ,785078747456212,23,1028,179384313,64
DEQ,785078747458836,23,1028,178394668,63
DEQ,785078747459243,23,1028,177393394,62
DEQ,785078747573990,23,1028,176515040,64
DEQ,785078747576514,23,1028,175520863,63
DEQ,785078747578113,23,1028,174527560,62
DEQ,785078747690847,23,1028,173647814,64
DEQ,785078747697080,23,1028,172658094,63
DEQ,785078747698836,23,1028,171660585,62
DEQ,785078747798309,23,1028,170764169,64
DEQ,785078747801095,23,1028,169773100,63
DEQ,785078747802769,23,1028,168778137,62
DEQ,785078747928920,23,1028,167909777,64
DEQ,785078747931652,23,1028,166924095,63
DEQ,785078747933253,23,1028,165936567,62
DEQ,785078748027317,23,1028,165033161,63
DEQ,785078748030025,23,1028,164045153,62
DEQ,785078748031627,23,1028,163054517,61
DEQ,785078748140089,23,1028,162177445,60
DEQ,785078748142957,23,1028,161190683,59
DEQ,785078748148806,23,1028,160283180,58
DEQ,785078748284529,23,1028,159519041,57
DEQ,785078748287297,23,1028,158618152,56
DEQ,785078748287702,23,1028,157718088,55
DEQ,785078748368291,23,1028,156898335,54
DEQ,785078748371051,23,1028,156013252,53
DEQ,785078748371469,23,1028,155136063,52
DEQ,785078748453909,23,1028,154336442,51
DEQ,785078748456714,23,1028,153345065,50
DEQ,785078748464736,23,1028,152332773,49
DEQ,785078748515133,23,1028,151390307,49
DEQ,785078748548381,23,1028,150432307,48
DEQ,785078748592997,23,1028,149481186,47
DEQ,785078748634733,23,1028,148526843,46
DEQ,785078748668261,23,1028,147564029,45
DEQ,785078748669414,23,1028,146570357,44
DEQ,785078748713701,23,1028,145620695,43
DEQ,785078748748343,23,1028,144653413,42
DEQ,785078748791652,23,1028,143705432,41
DEQ,785078748832967,23,1028,142756192,40
DEQ,785078748873735,23,1028,141805829,39
DEQ,785078748908351,23,1028,140844267,38
DEQ,785078748909538,23,1028,139854645,37
DEQ,785078748952977,23,1028,2279090,36
DEQ,785078748988266,23,1028,2304695,35
DEQ,785078749031857,23,1028,2330079,34
DEQ,785078749068134,23,1400,2250881,33
DEQ,785078749111439,23,1400,2279522,34
DEQ,785078749151958,23,1028,2313093,33
DEQ,785078749188264,23,1400,2269834,32
DEQ,785078749228270,23,1400,2305833,33
DEQ,785078749273981,23,1028,2349274,32
DEQ,785078749308330,23,1028,2314113,31
DEQ,785078749352399,23,1028,2353851,31
DEQ,785078749392133,23,1028,2311175,30
DEQ,785078749428276,23,1028,2335666,29
DEQ,785078749429447,23,1028,2253508,28
DEQ,785078749476931,23,1028,2293172,27
DEQ,785078749513736,23,1028,2327652,26
DEQ,785078749554645,23,1028,2363907,25
DEQ,785078749595131,23,1028,2316672,24
DEQ,785078749633582,23,1028,2345908,23
DEQ,785078749673969,23,1028,2309249,22
DEQ,785078749717246,23,1028,2348507,21
DEQ,785078749759815,23,1028,2383892,20
DEQ,785078749793686,23,1028,2332050,19
DEQ,785078749794929,23,1028,2322407,18
DEQ,785078749835969,23,1028,2361303,17
DEQ,785078749873639,23,1028,2294486,16
DEQ,785078749914852,23,1028,2331517,15
DEQ,785078749953907,23,1028,2368339,14
DEQ,785078749955117,23,1028,2255264,13
DEQ,785078750004770,23,1028,2300853,12
DEQ,785078750037215,23,1028,2331068,11
DEQ,785078750083102,23,1028,2279170,10
DEQ,785078750123826,23,1028,2315831,9
DEQ,785078750157113,23,1028,2346873,8
DEQ,785078750158360,23,1028,2223995,7
DEQ,785078750202886,23,1028,2264492,6
DEQ,785078750237485,23,1028,1767191,6
DEQ,785078750277284,23,1400,1204892,5
DEQ,785078750317477,23,1400,1242900,6
DEQ,785078750356976,23,1400,1166199,5
DEQ,785078750397182,23,1400,1204352,6
DEQ,785078750437047,23,1028,1094414,5
DEQ,785078750478100,23,1028,263380,4
DEQ,785078750520747,23,1400,241319,3
DEQ,785078946734063,23,1400,196452622,64
DEQ,785078946737192,23,1400,196378162,63
DEQ,785078946739328,23,1400,196378380,62
DEQ,785078946824523,23,1400,196301739,64
DEQ,785078946825478,23,1400,196300659,63
DEQ,785078946850911,23,1028,195775229,64
STATS,785078946945709,65,67564,8656,8591,0,0,0
DEQ,785078946954520,23,1028,194990585,64
DEQ,785078946957869,23,1028,194094909,63
DEQ,785078946958475,23,1028,193194744,62
DEQ,785078947080975,23,1028,192417378,64
DEQ,785078947083673,23,1028,191522193,63
DEQ,785078947084178,23,1028,190617817,62
DEQ,785078947112608,23,1028,189746723,64
DEQ,785078947210951,23,1028,188959523,64
DEQ,785078947217095,23,1028,188089401,63
DEQ,785078947218708,23,1028,187094107,62
DEQ,785078947303495,23,1028,186184359,64
DEQ,785078947306199,23,1028,185192137,63
DEQ,785078947306703,23,1028,184195426,62
DEQ,785078947387908,23,1028,183281602,64
DEQ,785078947390707,23,1028,182291500,63
DEQ,785078947403467,23,1028,181373169,64
DEQ,785078947499129,23,1028,180476939,64
DEQ,785078947501847,23,1028,179481727,63
DEQ,785078947515126,23,1028,178490228,64
DEQ,785078947605394,23,1028,177588757,64
DEQ,785078947608222,23,1028,176598817,63
DEQ,785078947675956,23,1028,175678467,64
DEQ,785078947683294,23,1028,174686072,63
DEQ,785078947756891,23,1028,173766981,64
DEQ,785078947764459,23,1028,172774730,63
DEQ,785078947845760,23,1028,171863710,64
DEQ,785078947848461,23,1028,170870274,63
DEQ,785078947863654,23,1028,169887092,64
DEQ,785078947942498,23,1028,169029230,64
DEQ,785078947945369,23,1028,168043882,63
DEQ,785078947945816,23,1028,167127878,62
DEQ,785078948056636,23,1028,166344110,64
DEQ,785078948059472,23,1028,165427501,63
DEQ,785078948059959,23,1028,164532884,62
DEQ,785078948150715,23,1028,163720552,61
DEQ,785078948153962,23,1028,162836997,60
DEQ,785078948154518,23,1028,161959121,59
DEQ,785078948234944,23,1028,161100727,58
DEQ,785078948237783,23,1028,160099460,57
DEQ,785078948325524,23,1028,159192802,56
DEQ,785078948328401,23,1028,158311915,55
DEQ,785078948396638,23,1028,157396750,54
DEQ,785078948399213,23,1028,156402049,53
DEQ,785078948401121,23,1028,155404547,52
DEQ,785078948489308,23,1028,154495065,51
DEQ,785078948492222,23,1028,153505481,50
DEQ,785078948512933,23,1028,152533431,50
DEQ,785078948546585,23,1028,151572364,49
DEQ,785078948589535,23,1028,150621339,48
DEQ,785078948626360,23,1028,149746204,47
DEQ,785078948627608,23,1028,148853516,46
DEQ,785078948671383,23,1028,147988292,45
DEQ,785078948706374,23,1028,147118893,44
DEQ,785078948752387,23,1028,146261993,43
DEQ,785078948788551,23,1028,145398117,42
DEQ,785078948826411,23,1028,144549275,41
DEQ,785078948827676,23,1028,143673006,40
DEQ,785078948866063,23,1028,142839762,39
DEQ,785078948914628,23,1028,141878066,38
DEQ,785078948945526,23,1028,2205174,37
DEQ,785078948986314,23,1028,2241355,36
DEQ,785078948987508,23,1028,2240207,35
DEQ,785078949038947,23,1400,2209247,34
DEQ,785078949066355,23,1400,2232744,35
DEQ,785078949106809,23,1028,2239163,34
DEQ,785078949150484,23,1400,2187696,33
DEQ,785078949186211,23,1400,2215828,34
DEQ,785078949228493,23,1028,2255752,33
DEQ,785078949266478,23,1028,2180148,32
DEQ,785078949306328,23,1028,2208882,31
DEQ,785078949307507,23,1028,2207852,30
DEQ,785078949351430,23,1028,2237648,29
DEQ,785078949389493,23,1028,2169730,29
DEQ,785078949430172,23,1028,2206643,28
DEQ,785078949470598,23,1028,2243518,27
DEQ,785078949508501,23,1028,2199455,26
DEQ,785078949549200,23,1028,2236066,25
DEQ,785078949592108,23,1028,2276326,24
DEQ,785078949629123,23,1028,2232614,23
DEQ,785078949669182,23,1028,2268353,22
DEQ,785078949715463,23,1028,2311399,21
DEQ,785078949748768,23,1028,2243990,20
DEQ,785078949789118,23,1028,2280327,19
DEQ,785078949833595,23,1028,2317876,18
DEQ,785078949834815,23,1028,2224165,17
DEQ,785078949876411,23,1028,2261671,16
DEQ,785078949910857,23,1028,2225706,15
DEQ,785078949954165,23,1028,2265366,14
DEQ,785078949997419,23,1028,2231057,13
DEQ,785078950040929,23,1028,2270481,12
DEQ,785078950042448,23,1028,2191815,11
DEQ,785078950071373,23,1028,2216663,10
DEQ,785078950110946,23,1028,2246644,9
DEQ,785078950160417,23,1028,2212311,8
DEQ,785078950194507,23,1028,2235684,7
DEQ,785078950234665,23,1028,2273659,6
DEQ,785078950275433,23,1028,1773738,6
DEQ,785078950320420,23,1400,1276781,5
DEQ,785078950354266,23,1400,1300477,6
DEQ,785078950394525,23,1400,1241835,5
DEQ,785078950434334,23,1400,1279574,6
DEQ,785078950474336,23,1028,1090446,5
DEQ,785078950515339,23,1028,269247,4
DEQ,785078950554464,23,1400,231878,3
DEQ,785078950555725,23,1400,231103,2
DEQ,785078950607863,23,1400,211286,3
DEQ,785078950646925,23,1400,248294,4
DEQ,785078950687462,23,1400,130240,3
DEQ,785078950730978,23,1400,171757,4
DEQ,785079146730572,23,1400,196120388,64
DEQ,785079146734022,23,1400,196121842,63
DEQ,785079146734599,23,1400,196045067,62
DEQ,785079146756617,23,1400,196065097,64
DEQ,785079146834144,23,1028,195725522,64
DEQ,785079146835133,23,1028,194838356,63
DEQ,785079146836729,23,1028,193929781,62
DEQ,785079146941365,23,1028,193117724,64
DEQ,785079146944207,23,1028,192217861,63
DEQ,785079146944692,23,1028,191316642,62
DEQ,785079147035633,23,1028,190506032,64
DEQ,785079147038753,23,1028,189609535,63
DEQ,785079147039486,23,1028,188724915,62
DEQ,785079147062947,23,1028,187870384,64
DEQ,785079147136265,23,1028,187001628,64
DEQ,785079147139915,23,1028,186009916,63
DEQ,785079147217729,23,1028,185085247,64
DEQ,785079147220499,23,1028,184090936,63
DEQ,785079147236615,23,1028,183113918,64
DEQ,785079147328829,23,1028,182211188,64
DEQ,785079147331554,23,1028,181218854,63
DEQ,785079147343765,23,1028,180234826,64
DEQ,785079147438483,23,1028,179329308,64
DEQ,785079147441131,23,1028,178342075,63
DEQ,785079147442949,23,1028,177350014,62
DEQ,785079147537914,23,1028,176444792,64
DEQ,785079147540795,23,1028,175455400,63
DEQ,785079147553759,23,1028,174465052,64
DEQ,785079147630076,23,1028,173547606,64
DEQ,785079147633019,23,1028,172560895,63
DEQ,785079147707746,23,1028,171643555,64
DEQ,785079147710510,23,1028,170652582,63
DEQ,785079147798997,23,1028,169742740,64
DEQ,785079147801883,23,1028,168749414,63
DEQ,785079147869986,23,1028,167824201,64
DEQ,785079147872893,23,1028,166827037,63
DEQ,785079147888364,23,1028,165850593,64
DEQ,785079147990079,23,1028,164956840,63
DEQ,785079147993168,23,1028,163968533,62
DEQ,785079147993638,23,1028,162973112,61
DEQ,785079148090580,23,1028,162069734,60
DEQ,785079148100706,23,1028,161080887,59
DEQ,785079148101161,23,1028,160087607,58
DEQ,785079148102924,23,1028,159103353,57
DEQ,785079148190718,23,1028,158186397,56
DEQ,785079148193341,23,1028,157198464,55
DEQ,785079148194937,23,1028,156206218,54
DEQ,785079148279679,23,1028,155293946,53
DEQ,785079148282347,23,1028,154368385,52
DEQ,785079148283855,23,1028,153381562,51
DEQ,785079148363609,23,1028,152547234,50
DEQ,785079148366516,23,1028,151654650,49
DEQ,785079148367030,23,1028,150752422,48
DEQ,785079148410305,23,1028,149894975,48
DEQ,785079148444303,23,1028,149029403,47
DEQ,785079148484393,23,1028,148184004,46
DEQ,785079148525315,23,1028,147347329,45
DEQ,785079148571241,23,1028,146441144,44
DEQ,785079148604258,23,1028,145485805,43
DEQ,785079148648958,23,1028,144629767,42
DEQ,785079148684177,23,1028,143678206,41
DEQ,785079148726937,23,1028,142735043,40
DEQ,785079148767283,23,1028,141785997,39
DEQ,785079148804488,23,1028,140834863,38
DEQ,785079148805756,23,1028,139846972,37
DEQ,785079148851286,23,1028,2110561,36
DEQ,785079148888438,23,1028,2142592,35
DEQ,785079148928982,23,1028,2181016,34
DEQ,785079148968631,23,1400,2209607,33
DEQ,785079149017307,23,1400,2179874,34
DEQ,785079149048883,23,1028,2206707,33
DEQ,785079149096874,23,1400,2250571,32
DEQ,785079149135535,23,1400,2189059,33
DEQ,785079149168755,23,1028,2218000,32
DEQ,785079149213322,23,1028,2260273,31
DEQ,785079149249826,23,1028,2199379,30
DEQ,785079149251105,23,1028,2192948,29
DEQ,785079149296215,23,1028,2235818,29
DEQ,785079149330594,23,1028,2267026,28
DEQ,785079149377096,23,1028,2236090,27
DEQ,785079149410329,23,1028,2265283,26
DEQ,785079149450941,23,1028,2228034,25
DEQ,785079149490708,23,1028,2263595,24
DEQ,785079149491982,23,1028,2254606,23
DEQ,785079149537168,23,1028,2203499,22
DEQ,785079149571620,23,1028,2230541,21
DEQ,785079149611183,23,1028,2266837,20
DEQ,785079149651599,23,1028,2207497,19
DEQ,785079149652834,23,1028,2196053,18
DEQ,785079149725988,23,1028,2267075,17
DEQ,785079149763497,23,1028,2216403,16
DEQ,785079149804035,23,1028,2252972,15
DEQ,785079149844506,23,1028,2289339,14
DEQ,785079149883624,23,1028,2248260,13
DEQ,785079149923926,23,1028,2277342,12
DEQ,785079149925125,23,1028,2212418,11
DEQ,785079149975831,23,1028,2251267,10
DEQ,785079150013564,23,1028,2209513,9
DEQ,785079150061217,23,1028,2253172,8
DEQ,785079150097094,23,1028,2222033,7
DEQ,785079150133882,23,1028,2254740,6
DEQ,785079150173591,23,1028,1796803,6
DEQ,785079150213966,23,1400,1241400,5
DEQ,785079150253758,23,1400,1278920,6
DEQ,785079150298223,23,1400,1198731,5
DEQ,785079150335341,23,1400,1233661,6
DEQ,785079150380439,23,1028,1115202,5
DEQ,785079150413608,23,1028,277354,4
DEQ,785079150453615,23,1400,237537,3
DEQ,785079150500144,23,1400,282050,4
DEQ,785079150533810,23,1400,233712,3
DEQ,785079150573660,23,1400,271618,4
DEQ,785079150613853,23,1400,157997,3
DEQ,785079150661329,23,1400,203558,4
DEQ,785079346716684,23,1400,196180598,64
DEQ,785079346719505,23,1400,196181506,63
DEQ,785079346719899,23,1400,196103934,62
DEQ,785079346740288,23,1400,196122414,64
DEQ,785079346826094,23,1028,195781353,64
DEQ,785079346826969,23,1028,194889728,63
DEQ,785079346827443,23,1028,193990436,62
DEQ,785079346918647,23,1028,193182237,64
DEQ,785079346921519,23,1028,192284988,63
DEQ,785079346921916,23,1028,191386766,62
DEQ,785079347032193,23,1028,190596678,64
DEQ,785079347035408,23,1028,189714399,63
DEQ,785079347060468,23,1028,188859323,64
DEQ,785079347152312,23,1028,188023252,64
DEQ,785079347155543,23,1028,187030819,63
DEQ,785079347160312,23,1028,186050369,62
DEQ,785079347174284,23,1028,185062807,64
DEQ,785079347273308,23,1028,184165561,64
DEQ,785079347276050,23,1028,183175223,63
DEQ,785079347276469,23,1028,182176045,62
DEQ,785079347356725,23,1028,181339006,64
DEQ,785079347359610,23,1028,180344164,63
DEQ,785079347379409,23,1028,179365946,64
DEQ,785079347488441,23,1028,178484589,64
DEQ,785079347494780,23,1028,177495088,63
DEQ,785079347495283,23,1028,176498010,62
DEQ,785079347497307,23,84,175673356,61
DEQ,785079347575846,23,1028,175701604,64
DEQ,785079347578637,23,1028,174721874,63
DEQ,785079347662642,23,1028,173925599,64
DEQ,785079347665516,23,1028,173023096,63
DEQ,785079347666041,23,1028,172124064,62
DEQ,785079347683764,23,1028,171231980,64
DEQ,785079347755125,23,1028,170416031,64
DEQ,785079347832993,23,1028,169616527,64
DEQ,785079347835826,23,1028,168701499,63
DEQ,785079347855546,23,1028,167723496,64
DEQ,785079347922459,23,1028,166799767,64
DEQ,785079347925269,23,1028,165812623,63
DEQ,785079347937462,23,1028,164826030,62
DEQ,785079348028948,23,1028,164005943,61
DEQ,785079348046270,23,1028,163029717,60
DEQ,785079348051628,23,1028,162038487,59
DEQ,785079348099043,23,1028,161091823,58
DEQ,785079348127436,23,1028,160120671,57
DEQ,785079348165950,23,1028,159173480,56
DEQ,785079348200544,23,1028,158192367,55
DEQ,785079348245903,23,1028,157247453,54
DEQ,785079348280443,23,1028,156284321,53
DEQ,785079348281738,23,1028,155291618,52
DEQ,785079348330693,23,1028,154343737,51
DEQ,785079348364047,23,1028,153388974,50
DEQ,785079348404127,23,1028,152423080,50
DEQ,785079348450517,23,1028,151476881,49
DEQ,785079348484013,23,1028,150525400,48
DEQ,785079348485247,23,1028,149529954,47
DEQ,785079348535812,23,1028,148668921,46
DEQ,785079348569022,23,1028,147803667,45
DEQ,785079348609032,23,1028,146939563,44
DEQ,785079348650541,23,1028,146074293,43
DEQ,785079348696917,23,1028,145218292,42
DEQ,785079348729028,23,1028,144349741,41
DEQ,785079348774923,23,1028,143498137,40
DEQ,785079348809194,23,1028,142654612,39
DEQ,785079348851874,23,1028,141716825,38
DEQ,785079348890793,23,1028,2168447,37
DEQ,785079348929106,23,1028,2202055,36
DEQ,785079348930326,23,1028,2200890,35
DEQ,785079348980981,23,1400,2238244,34
DEQ,785079349033055,23,1400,2203931,35
DEQ,785079349080913,23,1028,2247476,34
DEQ,785079349112873,23,1400,2275467,33
DEQ,785079349153011,23,1400,2229317,34
DEQ,785079349194551,23,1028,2266231,33
DEQ,785079349233526,23,1028,2302974,32
DEQ,785079349279658,23,1028,2241742,32
DEQ,785079349281008,23,1028,2223347,31
DEQ,785079349313022,23,1028,2251937,30
DEQ,785079349358515,23,1028,2195881,29
DEQ,785079349395817,23,1028,2229015,28
DEQ,785079349433029,23,1028,2264484,27
DEQ,785079349434301,23,1028,2259375,26
DEQ,785079349480674,23,1028,2201814,25
DEQ,785079349514337,23,1028,2231512,24
DEQ,785079349557823,23,1028,2272860,23
DEQ,785079349597756,23,1028,2235803,22
DEQ,785079349634334,23,1028,2267927,21
DEQ,785079349676406,23,1028,2295793,20
DEQ,785079349717594,23,1028,2219227,19
DEQ,785079349754271,23,1028,2251757,18
DEQ,785079349795603,23,1028,2290946,17
DEQ,785079349835698,23,1028,2328894,16
DEQ,785079349874379,23,1028,2293420,15
DEQ,785079349875564,23,1028,2283239,14
DEQ,785079349917532,23,1028,2249093,13
DEQ,785079349954404,23,1028,2281922,12
DEQ,785079349955589,23,1028,2280869,11
DEQ,785079349995439,23,1028,2310160,10
DEQ,785079350038439,23,1028,2278793,9
DEQ,785079350039565,23,1028,2201579,8
DEQ,785079350082764,23,1028,2229925,7
DEQ,785079350083958,23,1028,2227008,6
DEQ,785079350150710,23,1028,1780052,6
DEQ,785079350185065,23,1400,1200007,5
DEQ,785079350224875,23,1400,1237821,6
DEQ,785079350274644,23,1400,1159448,5
DEQ,785079350313744,23,1400,1196573,6
DEQ,785079350354678,23,1028,1107705,5
DEQ,785079350402548,23,1028,298304,4
DEQ,785079350434237,23,1400,247003,3
DEQ,785079350474132,23,1400,285258,4
DEQ,785079350514340,23,1400,237623,3
DEQ,785079350560509,23,1400,281794,4
DEQ,785079350598816,23,1400,162372,3
DEQ,785079350634321,23,1400,195940,4
DEQ,785079350674323,23,1400,157844,3
DEQ,785079350745504,23,1400,226946,4
DEQ,785079350793506,23,1400,192493,3
DEQ,785079350825592,23,1400,222564,4
DEQ,785079350865587,23,1400,189249,3
DEQ,785079350907559,23,1400,229232,4
DEQ,785079350949837,23,1400,154325,3
DEQ,785079350985650,23,1400,188168,5
DEQ,785079351027471,23,1400,159733,4
DEQ,785079351065588,23,1400,195867,5
DEQ,785079351066797,23,1400,114783,4
DEQ,785079351134562,23,1400,180504,5
DEQ,785079351182808,23,1028,219283,4
DEQ,785079546730335,23,1400,195700836,64
DEQ,785079546734707,23,1400,195703228,63
DEQ,785079546735618,23,1400,195667262,62
DEQ,785079546761545,23,1400,195691010,64
DEQ,785079546790959,23,1028,194934511,64
DEQ,785079546791586,23,1028,194034837,63
DEQ,785079546839864,23,1028,193182754,64
DEQ,785079546873311,23,1028,192316473,64
DEQ,785079546917864,23,1028,191460713,64
DEQ,785079546954928,23,1028,190598127,64
DEQ,785079546999796,23,1028,189771111,64
DEQ,785079547036655,23,1028,188933882,64
DEQ,785079547038042,23,1028,187950268,63
DEQ,785079547083289,23,1028,187000319,64
DEQ,785079547118693,23,1028,186035816,64
DEQ,785079547152949,23,1028,185065291,64
DEQ,785079547154292,23,1028,184067072,63
DEQ,785079547204699,23,1028,183119977,64
DEQ,785079547238190,23,1028,182161175,64
DEQ,785079547284703,23,1028,181220988,64
DEQ,785079547318164,23,1028,180267200,64
DEQ,785079547358077,23,1028,179318282,64
DEQ,785079547398384,23,1028,178368356,64
DEQ,785079547399840,23,1028,177369975,63
DEQ,785079547449684,23,1028,176422170,64
DEQ,785079547484240,23,1028,175464085,64
DEQ,785079547531472,23,1028,174517873,64
DEQ,785079547564038,23,1028,173552814,64
DEQ,785079547565447,23,1028,172565802,63
DEQ,785079547604320,23,1028,171612904,64
DEQ,785079547650442,23,1028,170664945,64
DEQ,785079547689779,23,1028,169720893,64
DEQ,785079547726741,23,1028,168762214,64
DEQ,785079547772720,23,1028,167815777,64
DEQ,785079547803557,23,1028,166925817,64
DEQ,785079547844243,23,1028,166075868,64
DEQ,785079547884427,23,1028,165212109,64
DEQ,785079547885651,23,1028,164312351,63
DEQ,785079547926551,23,1028,163453280,62
DEQ,785079547968876,23,1028,162609657,61
DEQ,785079547970126,23,1028,161733294,60
DEQ,785079548013611,23,1028,160879414,59
DEQ,785079548047947,23,1028,159918903,58
DEQ,785079548091738,23,1028,158968793,57
DEQ,785079548134665,23,1028,158008595,56
DEQ,785079548167746,23,1028,157108207,55
DEQ,785079548169032,23,1028,156122964,54
DEQ,785079548213658,23,1028,155173102,53
DEQ,785079548254423,23,1028,154217172,52
DEQ,785079548295675,23,1028,153264587,51
DEQ,785079548329086,23,1028,152313826,50
DEQ,785079548374646,23,1028,151370898,50
DEQ,785079548412544,23,1028,150406038,49
DEQ,785079548449246,23,1028,149452054,48
DEQ,785079548450679,23,1028,148454406,47
DEQ,785079548495740,23,1028,147501236,46
DEQ,785079548529901,23,1028,146523866,45
DEQ,785079548574394,23,1028,145582864,44
DEQ,785079548609860,23,1028,144625304,43
DEQ,785079548652483,23,1028,143700188,42
DEQ,785079548696911,23,1028,142757970,41
DEQ,785079548698329,23,1028,141769773,40
DEQ,785079548757590,23,1028,140915934,39
DEQ,785079548790922,23,1028,140048916,38
DEQ,785079548836733,23,1028,139184765,37
DEQ,785079548870785,23,1028,2131327,36
DEQ,785079548910713,23,1028,2165697,35
DEQ,785079548950705,23,1028,2199732,34
DEQ,785079548990880,23,1400,2226314,33
DEQ,785079548992115,23,1400,2199747,32
DEQ,785079549040638,23,1028,2245941,33
DEQ,785079549106457,23,1400,2264550,32
DEQ,785079549157490,23,1400,2282524,31
DEQ,785079549206538,23,1028,2286822,30
DEQ,785079549237240,23,1028,2280692,30
DEQ,785079549277395,23,1028,2273094,29
DEQ,785079549278620,23,1028,2239668,28
DEQ,785079549320489,23,1028,2279098,27
DEQ,785079549357188,23,1028,2273143,26
DEQ,785079549400207,23,1028,2279902,25
DEQ,785079549440577,23,1028,2285460,24
DEQ,785079549477290,23,1028,2320034,23
DEQ,785079549517159,23,1028,2310940,22
DEQ,785079549557113,23,1028,2317313,21
DEQ,785079549558307,23,1028,2272015,20
DEQ,785079549600947,23,1028,2281319,19
DEQ,785079549639093,23,1028,2279665,18
DEQ,785079549679654,23,1028,2279037,17
DEQ,785079549722115,23,1028,2319521,16
DEQ,785079549759057,23,1028,2308005,15
DEQ,785079549760338,23,1028,2274580,14
DEQ,785079549833331,23,1028,2300081,13
DEQ,785079549866847,23,1028,2300473,12
DEQ,785079549909513,23,1028,2340942,11
DEQ,785079549946765,23,1028,2340948,10
DEQ,785079549986698,23,1028,2334722,9
DEQ,785079550038347,23,1028,2347241,8
DEQ,785079550039796,23,1028,2311739,7
DEQ,785079550104442,23,1028,2330235,7
DEQ,785079550138974,23,1028,2333938,6
DEQ,785079550178337,23,1028,2332593,5
DEQ,785079550218701,23,1028,1878549,4
DEQ,785079550260308,23,1400,1266179,3
DEQ,785079550298620,23,1400,1302545,6
DEQ,785079550299862,23,1028,1079176,5
DEQ,785079550350934,23,1028,270893,4
DEQ,785079550388478,23,1400,125671,3
DEQ,785079550428777,23,1400,163954,4
DEQ,785079550474631,23,1400,206288,3
DEQ,785079550509446,23,1400,238771,4
DEQ,785079550550302,23,1400,159658,3
DEQ,785079550598518,23,1400,205920,4
DEQ,785079746720184,23,1400,196243354,64
DEQ,785079746724060,23,1400,196245181,63
DEQ,785079746732838,23,1400,196180377,62
DEQ,785079746769916,23,1400,196215456,64
DEQ,785079746810457,23,1028,195837068,64
DEQ,785079746852048,23,1028,194974968,64
DEQ,785079746897168,23,1028,194118652,64
DEQ,785079746929803,23,1028,193247017,64
DEQ,785079746931333,23,1028,192337297,63
DEQ,785079746981133,23,1028,191484931,64
DEQ,785079747084830,23,1028,190689253,64
DEQ,785079747088281,23,1028,189821456,63
DEQ,785079747088828,23,1028,188949802,62
DEQ,785079747116678,23,1028,187978431,64
DEQ,785079747170325,23,1028,187035241,64
DEQ,785079747203900,23,1028,186065480,64
DEQ,785079747249348,23,1028,185112602,64
DEQ,785079747289394,23,1028,184149511,64
DEQ,785079747323845,23,1028,183305511,64
DEQ,785079747371566,23,1028,182358904,64
DEQ,785079747403628,23,1028,181403986,64
DEQ,785079747443959,23,1028,180448949,64
DEQ,785079747483666,23,1028,179486943,64
DEQ,785079747485062,23,1028,178490451,63
DEQ,785079747535375,23,1028,177543299,64
DEQ,785079747568928,23,1028,176587211,64
DEQ,785079747608842,23,1028,175639233,64
DEQ,785079747648988,23,1028,174692890,64
DEQ,785079747650395,23,1028,173778115,63
DEQ,785079747725830,23,1028,172861463,64
DEQ,785079747763673,23,1028,171988547,64
DEQ,785079747804081,23,1028,171132853,64
DEQ,785079747805536,23,1028,170225079,63
DEQ,785079747851584,23,1028,169369512,64
DEQ,785079747889497,23,1028,168505342,64
DEQ,785079747929908,23,1028,167659487,64
DEQ,785079747977033,23,1028,166828814,64
DEQ,785079748016835,23,1028,165881911,63
DEQ,785079748049512,23,1028,164914107,62
DEQ,785079748050918,23,1028,163924072,61
DEQ,785079748101639,23,1028,162985795,60
DEQ,785079748138865,23,1028,162031076,59
DEQ,785079748179357,23,1028,161079671,58
DEQ,785079748219795,23,1028,160119220,57
DEQ,785079748258685,23,1028,159168606,56
DEQ,785079748298983,23,1028,158208474,55
DEQ,785079748300483,23,1028,157217346,54
DEQ,785079748351063,23,1028,156276632,53
DEQ,785079748388614,23,1028,155319430,52
DEQ,785079748429348,23,1028,154364629,51
DEQ,785079748469710,23,1028,153407670,50
DEQ,785079748509090,23,1028,152454628,50
DEQ,785079748551743,23,1028,151501215,49
DEQ,785079748588952,23,1028,150541276,48
DEQ,785079748635700,23,1028,149590057,47
DEQ,785079748668691,23,1028,148626471,46
DEQ,785079748670111,23,1028,147636814,45
DEQ,785079748725688,23,1028,146700509,44
DEQ,785079748763761,23,1028,145743213,43
DEQ,785079748804581,23,1028,144792078,42
DEQ,785079748844820,23,1028,143844416,41
DEQ,785079748883705,23,1028,142876953,40
DEQ,785079748924202,23,1028,141929385,39
DEQ,785079748925624,23,1028,140941331,38
DEQ,785079748975905,23,1028,139995570,37
DEQ,785079749013697,23,1028,2278182,36
DEQ,785079749054594,23,1028,2314155,35
DEQ,785079749094963,23,1028,2351989,34
DEQ,785079749133703,23,1400,2359791,33
DEQ,785079749173894,23,1400,2359912,34
DEQ,785079749217333,23,1028,2363280,33
DEQ,785079749259720,23,1400,2359633,32
DEQ,785079749293657,23,1400,2361636,33
DEQ,785079749334853,23,1028,2400655,32
DEQ,785079749374005,23,1028,2391385,32
DEQ,785079749415736,23,1028,2324229,31
DEQ,785079749453980,23,1028,2353174,30
DEQ,785079749455409,23,1028,2352243,29
DEQ,785079749493567,23,1028,2375163,28
DEQ,785079749538976,23,1028,2367105,27
DEQ,785079749580652,23,1028,2375251,26
DEQ,785079749614116,23,1028,2363201,25
DEQ,785079749659530,23,1028,2368637,24
DEQ,785079749694207,23,1028,2368823,23
DEQ,785079749734095,23,1028,2360854,22
DEQ,785079749775591,23,1028,2370477,21
DEQ,785079749821848,23,1028,2376392,20
DEQ,785079749854266,23,1028,2368452,19
DEQ,785079749899498,23,1028,2411307,18
DEQ,785079749934144,23,1028,2397238,17
DEQ,785079749976859,23,1028,2406246,16
DEQ,785079750015911,23,1028,2405343,15
DEQ,785079750054111,23,1028,2403011,14
DEQ,785079750055565,23,1028,2402442,13
DEQ,785079750100923,23,1028,2373601,12
DEQ,785079750138671,23,1028,2373544,11
DEQ,785079750179931,23,1028,2373698,10
DEQ,785079750221842,23,1028,2413433,10
DEQ,785079750259238,23,1028,2406183,9
DEQ,785079750260742,23,1028,2369725,8
DEQ,785079750306822,23,1028,2375428,7
DEQ,785079750340121,23,1028,1863060,6
DEQ,785079750379970,23,1400,1241559,5
DEQ,785079750420034,23,1400,1279479,6
DEQ,785079750460156,23,1400,1197532,5
DEQ,785079750500154,23,1400,1235346,6
DEQ,785079750539737,23,1028,1185413,5
DEQ,785079750579913,23,1028,367464,4
DEQ,785079750620177,23,1400,237652,3
DEQ,785079750659930,23,1400,275247,4
DEQ,785079750699833,23,1400,237350,3
DEQ,785079750740182,23,1400,275681,4
DEQ,785079750783120,23,1400,160500,3
DEQ,785079946731305,23,1400,196106611,64
DEQ,785079946735867,23,1400,196033574,63
DEQ,785079946736451,23,1400,196032038,62
DEQ,785079946754506,23,1400,195968902,64
DEQ,785079946838913,23,1400,196051195,64
DEQ,785079946839843,23,1028,195761382,63
DEQ,785079946938555,23,1028,194971252,64
DEQ,785079946941380,23,1028,194081603,63
DEQ,785079946943161,23,1028,193192145,62
STATS,785079947000023,65,68308,9241,9176,0,0,0
DEQ,785079947033049,23,1028,192382908,64
DEQ,785079947036463,23,1028,191487069,63
DEQ,785079947037174,23,1028,190586355,62
DEQ,785079947149213,23,1028,189796880,64
DEQ,785079947156126,23,1028,188920310,63
DEQ,785079947158161,23,1028,188020450,62
DEQ,785079947278548,23,1028,187129825,64
DEQ,785079947281443,23,1028,186139709,63
DEQ,785079947282064,23,1028,185138977,62
DEQ,785079947282702,23,1028,184264861,61
DEQ,785079947378702,23,1028,183430507,64
DEQ,785079947381326,23,1028,182525700,63
DEQ,785079947383487,23,1028,181628568,62
DEQ,785079947467632,23,1028,180807464,64
DEQ,785079947470470,23,1028,179898271,63
DEQ,785079947486526,23,1028,179008884,64
DEQ,785079947573956,23,1028,178190480,64
DEQ,785079947576910,23,1028,177307432,63
DEQ,785079947590481,23,1028,176443561,64
DEQ,785079947675159,23,1028,175535902,64
DEQ,785079947678082,23,1028,174536072,63
DEQ,785079947691202,23,1028,173552185,64
DEQ,785079947790387,23,1028,172656360,64
DEQ,785079947793141,23,1028,171660535,63
DEQ,785079947794902,23,1028,170664700,62
DEQ,785079947870105,23,1028,169744986,64
DEQ,785079947872992,23,1028,168759285,63
DEQ,785079947961732,23,1028,167860617,64
DEQ,785079947964972,23,1028,166979678,63
DEQ,785079947981780,23,1028,166087719,63
DEQ,785079948063895,23,1028,165195844,62
DEQ,785079948066799,23,1028,164297176,61
DEQ,785079948068734,23,1028,163407046,60
DEQ,785079948195786,23,1028,162644471,59
DEQ,785079948198946,23,1028,161744989,58
DEQ,785079948199497,23,1028,160866876,57
DEQ,785079948299555,23,1028,160085635,56
DEQ,785079948302224,23,1028,159178529,55
DEQ,785079948307694,23,1028,158204136,54
DEQ,785079948396388,23,1028,157308126,53
DEQ,785079948399064,23,1028,156332413,52
DEQ,785079948400874,23,1028,155352151,51
DEQ,785079948482455,23,1028,154449315,50
DEQ,785079948485540,23,1028,153468063,49
DEQ,785079948510755,23,1028,152495256,49
DEQ,785079948543943,23,1028,151648953,48
DEQ,785079948587707,23,1028,150795308,47
DEQ,785079948624131,23,1028,149939028,46
DEQ,785079948625457,23,1028,149049703,45
DEQ,785079948674180,23,1028,148208646,44
DEQ,785079948707540,23,1028,147361408,43
DEQ,785079948751976,23,1028,146523321,42
DEQ,785079948795188,23,1028,145689720,41
DEQ,785079948827075,23,1028,144744870,40
DEQ,785079948867197,23,1028,143799076,39
DEQ,785079948910219,23,1028,142852674,38
DEQ,785079948911484,23,1028,2167639,37
DEQ,785079948947506,23,1028,2198397,36
DEQ,785079948994962,23,1028,2243570,35
DEQ,785079949027622,23,1400,2264852,34
DEQ,785079949067552,23,1400,2225553,35
DEQ,785079949107015,23,1028,2260180,34
DEQ,785079949147508,23,1400,2201847,33
DEQ,785079949148770,23,1400,2199058,32
DEQ,785079949196126,23,1028,2243877,33
DEQ,785079949234155,23,1028,2194009,32
DEQ,785079949275153,23,1028,2225555,31
DEQ,785079949314076,23,1028,2262107,30
DEQ,785079949354240,23,1028,2195050,29
DEQ,785079949394220,23,1028,2230802,29
DEQ,785079949434180,23,1028,2268487,28
DEQ,785079949435427,23,1028,2149655,27
DEQ,785079949476048,23,1028,2186036,26
DEQ,785079949514039,23,1028,2221876,25
DEQ,785079949554867,23,1028,2260598,24
DEQ,785079949597649,23,1028,2213092,23
DEQ,785079949634225,23,1028,2245436,22
DEQ,785079949635379,23,1028,2244328,21
DEQ,785079949682075,23,1028,2209169,20
DEQ,785079949715512,23,1028,2238206,19
DEQ,785079949759919,23,1028,2272557,18
DEQ,785079949795576,23,1028,2215705,17
DEQ,785079949796735,23,1028,2212623,16
DEQ,785079949870024,23,1028,2278073,15
DEQ,785079949903533,23,1028,2219523,14
DEQ,785079949943305,23,1028,2255171,13
DEQ,785079949944465,23,1028,2251806,12
DEQ,785079950010042,23,1028,2212974,11
DEQ,785079950043343,23,1028,2242287,10
DEQ,785079950089223,23,1028,2285884,9
DEQ,785079950122630,23,1028,2247263,8
DEQ,785079950163239,23,1028,2275841,7
DEQ,785079950164511,23,1028,2196339,6
DEQ,785079950202932,23,1028,1707750,5
DEQ,785079950204183,23,1400,1172217,4
DEQ,785079950244090,23,1400,1209790,5
DEQ,785079950287853,23,1400,1137508,5
DEQ,785079950323339,23,1400,1171046,6
DEQ,785079950369821,23,1028,990880,5
DEQ,785079950403227,23,1400,197494,4
DEQ,785079950443347,23,1400,235658,5
DEQ,785079950482893,23,1028,230641,4
DEQ,785079950523123,23,1400,233025,3
DEQ,785079950563260,23,1400,271167,4
DEQ,785079950610226,23,1400,204898,3
DEQ,785079950643359,23,1400,236036,4
DEQ,785080146677000,23,1400,196151750,64
DEQ,785080146680203,23,1400,196153054,63
DEQ,785080146774234,23,1400,196161870,64
DEQ,785080146775148,23,1400,196160825,63
DEQ,785080146793627,23,1028,195684818,64
DEQ,785080146879194,23,1028,194881083,64
DEQ,785080146882233,23,1028,193969527,63
DEQ,785080146882677,23,1028,193068811,62
DEQ,785080146898554,23,1028,192196912,64
DEQ,785080147000455,23,1028,191408268,64
DEQ,785080147003090,23,1028,190518442,63
DEQ,785080147004740,23,1028,189627116,62
DEQ,785080147095530,23,1028,188855459,64
DEQ,785080147104288,23,1028,187976150,63
DEQ,785080147105917,23,1028,186993334,62
DEQ,785080147200836,23,1028,186107740,64
DEQ,785080147204058,23,1028,185124454,63
DEQ,785080147204537,23,1028,184126024,62
DEQ,785080147239575,23,1028,183164684,64
DEQ,785080147330931,23,1028,182254731,64
DEQ,785080147333593,23,1028,181247855,63
DEQ,785080147335228,23,1028,180248891,62
DEQ,785080147442919,23,1028,179360204,64
DEQ,785080147446585,23,1028,178357536,63
DEQ,785080147447213,23,1028,177354076,62
DEQ,785080147542240,23,1028,176447379,64
DEQ,785080147545580,23,1028,175443221,63
DEQ,785080147546349,23,1028,174441461,62
DEQ,785080147567451,23,1028,173462059,64
DEQ,785080147648760,23,1028,172541882,64
DEQ,785080147651440,23,1028,171543136,63
DEQ,785080147653173,23,1028,170548510,62
DEQ,785080147739062,23,1028,169643057,64
DEQ,785080147745530,23,1028,168650924,63
DEQ,785080147761829,23,1028,167671488,64
DEQ,785080147837262,23,1028,166752394,64
DEQ,785080147840170,23,1028,165758398,63
DEQ,785080147850199,23,1028,164773048,63
DEQ,785080147942385,23,1028,163869889,62
DEQ,785080147945184,23,1028,162874884,61
DEQ,785080147945664,23,1028,161882174,60
DEQ,785080148024361,23,1028,160968663,59
DEQ,785080148027129,23,1028,159972240,58
DEQ,785080148027535,23,1028,158976653,57
DEQ,785080148114297,23,1028,158070583,56
DEQ,785080148117102,23,1028,157083723,55
DEQ,785080148207842,23,1028,156181393,54
DEQ,785080148210433,23,1028,155186554,53
DEQ,785080148211951,23,1028,154199334,52
DEQ,785080148289367,23,1028,153291692,51
DEQ,785080148292131,23,1028,152300158,50
DEQ,785080148317178,23,1028,151330582,50
DEQ,785080148351521,23,1028,150374362,49
DEQ,785080148390641,23,1028,149415911,48
DEQ,785080148431953,23,1028,148471864,47
DEQ,785080148433200,23,1028,147560412,46
DEQ,785080148470726,23,1028,146690550,45
DEQ,785080148518936,23,1028,145832584,44
DEQ,785080148550080,23,1028,144962534,43
DEQ,785080148594085,23,1028,144106130,42
DEQ,785080148634875,23,1028,143237408,41
DEQ,785080148670873,23,1028,142397390,40
DEQ,785080148672044,23,1028,141520488,39
DEQ,785080148710766,23,1028,140581017,38
DEQ,785080148754187,23,1028,139633557,37
DEQ,785080148790801,23,1028,2108725,36
DEQ,785080148832120,23,1028,2145534,35
DEQ,785080148872928,23,1028,2095542,34
DEQ,785080148910705,23,1400,2123888,33
DEQ,785080148911905,23,1400,2115275,32
DEQ,785080148975982,23,1028,2091067,33
DEQ,785080149013651,23,1400,2123163,32
DEQ,785080149053815,23,1400,2157878,33
DEQ,785080149100146,23,1028,2200927,32
DEQ,785080149142060,23,1028,2136280,31
DEQ,785080149174245,23,1028,2164428,30
DEQ,785080149219094,23,1028,2207261,30
DEQ,785080149253605,23,1028,2146609,29
DEQ,785080149254850,23,1028,2143818,28
DEQ,785080149295838,23,1028,2182639,27
DEQ,785080149333805,23,1028,2126722,26
DEQ,785080149376882,23,1028,2158368,25
DEQ,785080149413729,23,1028,2189047,24
DEQ,785080149453712,23,1028,2213529,23
DEQ,785080149454934,23,1028,2118636,22
DEQ,785080149503917,23,1028,2155538,21
DEQ,785080149537248,23,1028,2186700,20
DEQ,785080149582180,23,1028,2132037,19
DEQ,785080149622783,23,1028,2167896,18
DEQ,785080149657244,23,1028,2199901,17
DEQ,785080149658429,23,1028,2109312,16
DEQ,785080149701958,23,1028,2139724,15
DEQ,785080149737259,23,1028,2172783,14
DEQ,785080149777265,23,1028,2208138,13
DEQ,785080149819806,23,1028,2165482,12
DEQ,785080149856662,23,1028,2198356,11
DEQ,785080149898186,23,1028,2237654,10
DEQ,785080149937326,23,1028,2189660,9
DEQ,785080149938531,23,1028,2179358,8
DEQ,785080149995113,23,1028,2231919,7
DEQ,785080150035867,23,1028,2193583,7
DEQ,785080150074157,23,1028,1773123,6
DEQ,785080150108601,23,1400,1193254,5
DEQ,785080150148550,23,1400,1231069,6
DEQ,785080150195836,23,1400,1179866,5
DEQ,785080150228498,23,1400,1210449,6
DEQ,785080150272604,23,1028,1086934,5
DEQ,785080150319850,23,1028,314885,4
DEQ,785080150352532,23,1400,241691,3
DEQ,785080150399152,23,1400,285941,4
DEQ,785080150437093,23,1400,239219,3
DEQ,785080150480997,23,1400,281224,4
DEQ,785080150520790,23,1400,166134,3
DEQ,785080150560822,23,1400,204209,4
DEQ,785080346703229,23,1400,196264083,64
DEQ,785080346706040,23,1400,196265003,63
DEQ,785080346706447,23,1400,196183535,62
DEQ,785080346734820,23,1400,196209975,64
DEQ,785080346820316,23,1028,195926122,64
DEQ,785080346821540,23,1028,195025799,63
DEQ,785080346931805,23,1028,194236770,64
DEQ,785080346934581,23,1028,193339974,63
DEQ,785080346935006,23,1028,192432601,62
DEQ,785080346951179,23,1028,191547793,64
DEQ,785080347036861,23,1028,190734993,64
DEQ,785080347040123,23,1028,189860675,63
DEQ,785080347059552,23,1028,188925457,64
DEQ,785080347143418,23,1028,188012396,64
DEQ,785080347146288,23,1028,187025284,63
DEQ,785080347240384,23,1028,186125028,64
DEQ,785080347243100,23,1028,185138495,63
DEQ,785080347255354,23,1028,184183700,64
DEQ,785080347346374,23,1028,183290966,64
DEQ,785080347349173,23,1028,182307232,63
DEQ,785080347349658,23,1028,181331280,62
DEQ,785080347371239,23,1028,180383274,64
DEQ,785080347447737,23,1028,179484197,64
DEQ,785080347450313,23,1028,178515759,63
DEQ,785080347452069,23,1028,177545455,62
DEQ,785080347529988,23,1028,176728889,64
DEQ,785080347532863,23,84,175903734,63
DEQ,785080347533307,23,1028,175871740,62
DEQ,785080347548419,23,1028,174995375,64
DEQ,785080347629619,23,1028,174172263,64
DEQ,785080347632757,23,1028,173289182,63
DEQ,785080347707226,23,1028,172481381,64
DEQ,785080347710069,23,1028,171571664,63
DEQ,785080347729847,23,1028,170593424,64
DEQ,785080347810595,23,1028,169674541,64
DEQ,785080347813264,23,1028,168679201,63
DEQ,785080347814855,23,1028,167686919,62
DEQ,785080347930696,23,1028,166801762,64
DEQ,785080347943988,23,1028,165816768,63
DEQ,785080347946948,23,1028,164814886,62
DEQ,785080348029268,23,1028,163901855,61
DEQ,785080348031659,23,1028,162904660,60
DEQ,785080348033303,23,1028,161897269,59
DEQ,785080348118178,23,1028,160982143,58
DEQ,785080348120834,23,1028,159979705,57
DEQ,785080348201009,23,1028,159057521,56
DEQ,785080348203657,23,1028,158064277,55
DEQ,785080348289601,23,1028,157149725,54
DEQ,785080348292166,23,1028,156155282,53
DEQ,785080348293574,23,1028,155156680,52
DEQ,785080348375959,23,1028,154246246,51
DEQ,785080348378792,23,1028,153248507,50
DEQ,785080348400773,23,1028,152273789,50
DEQ,785080348433498,23,1028,151316183,49
DEQ,785080348478356,23,1028,150369502,48
DEQ,785080348519289,23,1028,149413286,47
DEQ,785080348553420,23,1028,148453486,46
DEQ,785080348554596,23,1028,147507356,45
DEQ,785080348603111,23,1028,146565618,44
DEQ,785080348638718,23,1028,145610717,43
DEQ,785080348679831,23,1028,144657923,42
DEQ,785080348720230,23,1028,143695706,41
DEQ,785080348758512,23,1028,142745252,40
DEQ,785080348798860,23,1028,141801845,39
DEQ,785080348842227,23,1028,140855040,38
DEQ,785080348885002,23,1028,2176353,37
DEQ,785080348918725,23,1028,2205702,36
DEQ,785080348919905,23,1028,2204518,35
DEQ,785080348970424,23,1400,2232371,34
DEQ,785080349017290,23,1400,2193990,35
DEQ,785080349050506,23,1028,2222651,34
DEQ,785080349096090,23,1400,2157122,33
DEQ,785080349130308,23,1400,2187322,34
DEQ,785080349170379,23,1028,2225100,33
DEQ,785080349210569,23,1028,2258783,32
DEQ,785080349250603,23,1028,2207944,31
DEQ,785080349290709,23,1028,2240507,31
DEQ,785080349292011,23,1028,2231773,30
DEQ,785080349332171,23,1028,2183761,29
DEQ,785080349370364,23,1028,2217806,28
DEQ,785080349410012,23,1028,2164776,27
DEQ,785080349450314,23,1028,2197558,26
DEQ,785080349495865,23,1028,2239845,25
DEQ,785080349530253,23,1028,2178034,24
DEQ,785080349531406,23,1028,2165023,23
DEQ,785080349600898,23,1028,2232296,22
DEQ,785080349638492,23,1028,2266679,21
DEQ,785080349678752,23,1028,2225612,20
DEQ,785080349721754,23,1028,2261488,19
DEQ,785080349758840,23,1028,2296340,18
DEQ,785080349760018,23,1028,2224171,17
DEQ,785080349808007,23,1028,2264387,16
DEQ,785080349841311,23,1028,2295413,15
DEQ,785080349881324,23,1028,2331305,14
DEQ,785080349924794,23,1028,2289698,13
DEQ,785080349968076,23,1028,2328656,12
DEQ,785080349969254,23,1028,2256862,11
DEQ,785080350013843,23,1028,2286551,10
DEQ,785080350054533,23,1028,2323257,9
DEQ,785080350090658,23,1028,2274167,8
DEQ,785080350134703,23,1028,2314061,7
DEQ,785080350167197,23,1028,2344227,7
DEQ,785080350168433,23,1028,1781201,6
DEQ,785080350208027,23,1400,1233328,5
DEQ,785080350247320,23,1400,1270521,6
DEQ,785080350287267,23,1400,1188908,5
DEQ,785080350330973,23,1400,1230452,6
DEQ,785080350371572,23,1028,1103908,5
DEQ,785080350407330,23,1028,270947,4
DEQ,785080350408557,23,1400,198397,3
DEQ,785080350447344,23,1400,235121,4
DEQ,785080350487082,23,1400,197769,3
DEQ,785080350527375,23,1400,236425,4
DEQ,785080350571001,23,1400,160995,3
DEQ,785080546718594,23,1400,196306556,64
DEQ,785080546721697,23,1400,196232471,63
DEQ,785080546722419,23,1400,196231168,62
DEQ,785080546743183,23,1400,196169879,64
DEQ,785080546837086,23,1400,196261885,64
DEQ,785080546838184,23,1028,195798173,63
DEQ,785080546920031,23,1028,194980377,64
DEQ,785080546922785,23,1028,194082059,63
DEQ,785080546936383,23,1028,193195278,64
DEQ,785080547025709,23,1028,192384909,64
DEQ,785080547029114,23,1028,191487254,63
DEQ,785080547049381,23,1028,190609098,64
DEQ,785080547117323,23,1028,189805531,64
DEQ,785080547120115,23,1028,188934495,63
DEQ,785080547202441,23,1028,188072425,64
DEQ,785080547205238,23,1028,187069267,63
DEQ,785080547205790,23,1028,186075555,62
DEQ,785080547289979,23,1028,185164325,64
DEQ,785080547292869,23,1028,184170430,63
DEQ,785080547377667,23,1028,183261096,64
DEQ,785080547380404,23,1028,182262829,63
DEQ,785080547400303,23,1028,181292857,64
DEQ,785080547480975,23,1028,180376946,64
DEQ,785080547487154,23,1028,179383227,63
DEQ,785080547488832,23,1028,178385631,62
DEQ,785080547573029,23,1028,177472782,64
DEQ,785080547575678,23,1028,176541416,63
DEQ,785080547577390,23,1028,175557369,62
DEQ,785080547660862,23,1028,174654421,64
DEQ,785080547663691,23,1028,173680466,63
DEQ,785080547665855,23,1028,172716605,62
DEQ,785080547754608,23,1028,171825406,64
DEQ,785080547757480,23,1028,170860001,63
DEQ,785080547831684,23,1028,170035625,64
DEQ,785080547834595,23,1028,169148178,63
DEQ,785080547854274,23,1028,168272639,64
DEQ,785080547940815,23,1028,167470744,64
DEQ,785080547943638,23,1028,166582742,63
DEQ,785080547944194,23,1028,165706863,62
DEQ,785080548039929,23,1028,164900003,62
DEQ,785080548042661,23,1028,163909774,61
DEQ,785080548044174,23,1028,162911036,60
DEQ,785080548131534,23,1028,162002233,59
DEQ,785080548134736,23,1028,161011774,58
DEQ,785080548233299,23,1028,160110956,57
DEQ,785080548239842,23,1028,159113304,56
DEQ,785080548240317,23,1028,158118046,55
DEQ,785080548328236,23,1028,157211996,54
DEQ,785080548331553,23,1028,156219879,53
DEQ,785080548332204,23,1028,155226677,52
DEQ,785080548429987,23,1028,154335600,51
DEQ,785080548432665,23,1028,153347102,50
DEQ,785080548436090,23,1028,152362007,49
DEQ,785080548477621,23,1028,151412546,49
DEQ,785080548517593,23,1028,150458105,48
DEQ,785080548554666,23,1028,149495232,47
DEQ,785080548596809,23,1028,148542897,46
DEQ,785080548634100,23,1028,147585983,45
DEQ,785080548635383,23,1028,146592314,44
DEQ,785080548708541,23,1028,145666833,43
DEQ,785080548741793,23,1028,144705794,42
DEQ,785080548785372,23,1028,143757505,41
DEQ,785080548821831,23,1028,142801119,40
DEQ,785080548861576,23,1028,141841567,39
DEQ,785080548901908,23,1028,140882295,38
DEQ,785080548903110,23,1028,2178068,37
DEQ,785080548949297,23,1028,2216193,36
DEQ,785080548984079,23,1028,2248721,35
DEQ,785080549031226,23,1400,2285282,34
DEQ,785080549064132,23,1400,2224254,35
DEQ,785080549064640,23,1028,2220561,34
DEQ,785080549155389,23,1400,2229196,33
DEQ,785080549195800,23,1400,2262090,34
DEQ,785080549261378,23,1028,2324190,33
DEQ,785080549294746,23,1028,2263206,32
DEQ,785080549339877,23,1028,2293261,32
DEQ,785080549374828,23,1028,2324893,31
DEQ,785080549417238,23,1028,2295028,30
DEQ,785080549462482,23,1028,2336320,29
DEQ,785080549494276,23,1028,2285973,28
DEQ,785080549534703,23,1028,2315829,27
DEQ,785080549581506,23,1028,2360401,26
DEQ,785080549581910,23,1028,2286908,25
DEQ,785080549627316,23,1028,2320453,24
DEQ,785080549660844,23,1028,2278213,23
DEQ,785080549705424,23,1028,2318306,22
DEQ,785080549746273,23,1028,2344632,21
DEQ,785080549780739,23,1028,2290763,20
DEQ,785080549781212,23,1028,2287235,19
DEQ,785080549825346,23,1028,2329248,18
DEQ,785080549860751,23,1028,2281718,17
DEQ,785080549906137,23,1028,2315026,16
DEQ,785080549940686,23,1028,2347285,15
DEQ,785080549941151,23,1028,2273452,14
DEQ,785080550009259,23,1028,2337404,13
DEQ,785080550042803,23,1028,2369127,12
DEQ,785080550087481,23,1028,2327805,11
DEQ,785080550122562,23,1028,2358716,10
DEQ,785080550165231,23,1028,2328417,9
DEQ,785080550165714,23,1028,2314140,8
DEQ,785080550203021,23,1028,2347514,8
DEQ,785080550245139,23,1028,2298663,7
DEQ,785080550282753,23,1028,1839139,6
DEQ,785080550283223,23,1400,1247905,5
DEQ,785080550330296,23,1400,1292588,6
DEQ,785080550370019,23,1400,1213157,5
DEQ,785080550417350,23,1400,1258512,6
DEQ,785080550465414,23,1028,1136329,5
DEQ,785080550497064,23,1028,301580,4
DEQ,785080550537464,23,1400,252790,3
DEQ,785080550579561,23,1400,292895,4
DEQ,785080550623486,23,1400,252122,3
DEQ,785080550665702,23,1400,292754,4
DEQ,785080550702323,23,1400,163453,3
DEQ,785080550737052,23,1400,196288,4
DEQ,785080550783394,23,1400,158573,3
DEQ,785080550825573,23,1400,198838,4
DEQ,785080550856985,23,1400,153269,3
DEQ,785080550902589,23,1400,196959,4
DEQ,785080550937001,23,1400,152221,3
DEQ,785080550977081,23,1400,190402,4
DEQ,785080551021295,23,1400,162971,4
DEQ,785080551068273,23,1400,208038,5
DEQ,785080551101718,23,1400,163374,4
DEQ,785080551148505,23,1400,208313,5
DEQ,785080551180725,23,1028,176940,4
DEQ,785080551221430,23,1400,198880,3
DEQ,785080551260911,23,1400,236393,4
DEQ,785080551308555,23,1400,205667,3
DEQ,785080746708131,23,1400,195603431,64
DEQ,785080746711177,23,1400,195488431,63
DEQ,785080746711734,23,1400,195486949,62
DEQ,785080746734066,23,1400,195424011,64
DEQ,785080746825655,23,1400,195513561,64
DEQ,785080746826497,23,1028,194935237,63
DEQ,785080746936931,23,1028,194146467,64
DEQ,785080746939668,23,1028,193249814,63
DEQ,785080746940160,23,1028,192337356,62
DEQ,785080746979845,23,1028,191476751,64
DEQ,785080746992867,23,1028,190589081,64
DEQ,785080747091152,23,1028,189815419,64
DEQ,785080747093905,23,1028,188944844,63
DEQ,785080747094431,23,1028,187961089,62
DEQ,785080747178155,23,1028,187048682,64
DEQ,785080747180733,23,1028,186051555,63
DEQ,785080747182462,23,1028,185055987,62
DEQ,785080747271817,23,1028,184150516,64
DEQ,785080747274511,23,1028,183154779,63
DEQ,785080747276278,23,1028,182157322,62
DEQ,785080747354906,23,1028,181337761,64
DEQ,785080747357655,23,1028,180343039,63
DEQ,785080747438749,23,1028,179425265,64
DEQ,785080747441641,23,1028,178432002,63
DEQ,785080747543047,23,1028,177545549,64
DEQ,785080747546150,23,1028,176559048,63
DEQ,785080747560150,23,1028,175582998,64
DEQ,785080747636366,23,1028,174668342,64
DEQ,785080747639204,23,1028,173678366,63
DEQ,785080747705391,23,1028,172828454,64
DEQ,785080747708208,23,1028,171941234,63
DEQ,785080747728362,23,1028,171058575,64
DEQ,785080747806966,23,1028,170234977,64
DEQ,785080747809660,23,1028,169336960,63
DEQ,785080747811306,23,1028,168452383,62
DEQ,785080747897927,23,1028,167661275,64
DEQ,785080747900682,23,1028,166770815,63
DEQ,785080747902433,23,1028,165787417,62
DEQ,785080747994284,23,1028,164889561,63
DEQ,785080747997045,23,1028,163912294,62
DEQ,785080748079890,23,1028,163014559,61
DEQ,785080748082652,23,1028,162010948,60
DEQ,785080748083051,23,1028,161021926,59
DEQ,785080748182922,23,1028,160133284,58
DEQ,785080748185441,23,1028,159169900,57
DEQ,785080748186892,23,1028,158201030,56
DEQ,785080748276464,23,1028,157315575,55
DEQ,785080748279227,23,1028,156321775,54
DEQ,785080748280786,23,1028,155326064,53
DEQ,785080748361783,23,1028,154493979,52
DEQ,785080748364660,23,1028,153600911,51
DEQ,785080748433031,23,1028,152764219,50
DEQ,785080748435779,23,1028,151863518,49
DEQ,785080748439289,23,1028,150965961,48
DEQ,785080748506884,23,1028,150132503,48
DEQ,785080748539900,23,1028,149293518,47
DEQ,785080748583626,23,1028,148444619,46
DEQ,785080748624408,23,1028,147483108,45
DEQ,785080748659857,23,1028,146524619,44
DEQ,785080748661114,23,1028,145528038,43
DEQ,785080748703584,23,1028,144574362,42
DEQ,785080748740007,23,1028,143611511,41
DEQ,785080748781648,23,1028,142645699,40
DEQ,785080748820116,23,1028,141682338,39
DEQ,785080748821550,23,1028,140684583,38
DEQ,785080748884681,23,1028,2170660,37
DEQ,785080748918125,23,1028,2193256,36
DEQ,785080748962705,23,1028,2235419,35
DEQ,785080748998072,23,1400,2261584,34
DEQ,785080749043386,23,1400,2215083,35
DEQ,785080749078780,23,1028,2246064,34
DEQ,785080749123439,23,1400,2179534,33
DEQ,785080749165839,23,1400,2207388,34
DEQ,785080749197798,23,1028,2220811,33
DEQ,785080749245770,23,1028,2265284,32
DEQ,785080749277593,23,1028,2283942,31
DEQ,785080749317935,23,1028,2221359,30
DEQ,785080749357625,23,1028,2256904,30
DEQ,785080749397976,23,1028,2295064,29
DEQ,785080749437776,23,1028,2254254,28
DEQ,785080749438940,23,1028,2251386,27
DEQ,785080749478056,23,1028,2288388,26
DEQ,785080749524478,23,1028,2247153,25
DEQ,785080749558082,23,1028,2276632,24
DEQ,785080749601450,23,1028,2318291,23
DEQ,785080749640883,23,1028,2281100,22
DEQ,785080749678033,23,1028,2314088,21
DEQ,785080749679235,23,1028,2235368,20
DEQ,785080749725981,23,1028,2277969,19
DEQ,785080749763557,23,1028,2214989,18
DEQ,785080749804473,23,1028,2247112,17
DEQ,785080749844921,23,1028,2283186,16
DEQ,785080749885529,23,1028,2244165,15
DEQ,785080749924087,23,1028,2278597,14
DEQ,785080749925349,23,1028,2214936,13
DEQ,785080749994622,23,1028,2268954,12
DEQ,785080750028617,23,1028,2298884,11
DEQ,785080750072570,23,1028,2259607,10
DEQ,785080750111329,23,1028,2294305,9
DEQ,785080750151978,23,1028,2332825,8
DEQ,785080750188397,23,1028,2284022,7
DEQ,785080750228586,23,1028,2320151,7
DEQ,785080750268592,23,1028,1822053,6
DEQ,785080750308306,23,1400,1303126,5
DEQ,785080750348623,23,1400,1341279,6
DEQ,785080750393677,23,1400,1267731,5
DEQ,785080750435877,23,1400,1307924,6
DEQ,785080750471578,23,1028,1143428,5
DEQ,785080750516924,23,1028,326546,4
DEQ,785080750548555,23,1400,237869,3
DEQ,785080946705576,23,1400,196393038,64
DEQ,785080946708705,23,1400,196313029,63
DEQ,785080946709120,23,1400,196311408,62
DEQ,785080946732203,23,1400,196181580,64
DEQ,785080946845382,23,1400,196292830,64
DEQ,785080946847608,23,1028,195807577,63
DEQ,785080946850941,23,1028,194909868,62
DEQ,785080946851495,23,1028,194009901,61
DEQ,785080946882441,23,1028,193142685,64
DEQ,785080946987948,23,1028,192348776,64
DEQ,785080946991538,23,1028,191453247,63
DEQ,785080946993359,23,1028,190555437,62
STATS,785080947041699,65,68308,9826,9761,0,0,0
DEQ,785080947073336,23,1028,189740103,64
DEQ,785080947076046,23,1028,188865121,63
DEQ,785080947096366,23,1028,187959134,64
DEQ,785080947196746,23,1028,187065434,64
DEQ,785080947199548,23,1028,186074562,63
DEQ,785080947200020,23,1028,185078623,62
DEQ,785080947289181,23,1028,184174968,64
DEQ,785080947291944,23,1028,183255452,63
DEQ,785080947311886,23,1028,182284575,64
DEQ,785080947390843,23,1028,181367254,64
DEQ,785080947393696,23,1028,180372357,63
DEQ,785080947478088,23,1028,179458304,64
DEQ,785080947480919,23,1028,178463905,63
DEQ,785080947500385,23,1028,177493245,64
DEQ,785080947565659,23,1028,176569353,64
DEQ,785080947568500,23,1028,175580804,63
DEQ,785080947645805,23,1028,174666755,64
DEQ,785080947648592,23,1028,173675277,63
DEQ,785080947667933,23,1028,172708241,64
DEQ,785080947747029,23,1028,171870484,64
DEQ,785080947749862,23,1028,170975677,63
DEQ,785080947821858,23,1028,170144221,64
DEQ,785080947824686,23,1028,169244794,63
DEQ,785080947837521,23,1028,168356277,64
DEQ,785080947933339,23,1028,167579469,64
DEQ,785080947935933,23,1028,166722417,63
DEQ,785080947937851,23,1028,165806088,62
DEQ,785080948016174,23,1028,164891111,62
DEQ,785080948018983,23,1028,163894368,61
DEQ,785080948101323,23,1028,162980853,60
DEQ,785080948104276,23,1028,161983821,59
DEQ,785080948104864,23,1028,160987085,58
DEQ,785080948173450,23,1028,160061023,57
DEQ,785080948176232,23,1028,159067021,56
DEQ,785080948177875,23,1028,158071126,55
DEQ,785080948271246,23,1028,157172198,54
DEQ,785080948273958,23,1028,156182567,53
DEQ,785080948275412,23,1028,155202104,52
DEQ,785080948360682,23,1028,154304722,51
DEQ,785080948364319,23,1028,153332386,50
DEQ,785080948406857,23,1028,152394974,50
DEQ,785080948439662,23,1028,151467357,49
DEQ,785080948440851,23,1028,150503454,48
DEQ,785080948509572,23,1028,149602477,47
DEQ,785080948543113,23,1028,148734241,46
DEQ,785080948587923,23,1028,147887533,45
DEQ,785080948622982,23,1028,147028417,44
DEQ,785080948666772,23,1028,146167575,43
DEQ,785080948702877,23,1028,145302426,42
DEQ,785080948744694,23,1028,144458094,41
DEQ,785080948789130,23,1028,143617920,40
DEQ,785080948790378,23,1028,142771502,39
DEQ,785080948831657,23,1028,141826853,38
DEQ,785080948865031,23,1028,2153834,37
DEQ,785080948909681,23,1028,2194066,36
DEQ,785080948945082,23,1028,2227209,35
DEQ,785080948985024,23,1400,2250148,34
DEQ,785080949025133,23,1400,2171388,35
DEQ,785080949069560,23,1028,2196737,34
DEQ,785080949104752,23,1400,2228020,33
DEQ,785080949149920,23,1400,2271050,34
DEQ,785080949186960,23,1028,2302808,33
DEQ,785080949188518,23,1028,2194152,32
DEQ,785080949226501,23,1028,2228006,31
DEQ,785080949265133,23,1028,2264581,31
DEQ,785080949308921,23,1028,2230831,30
DEQ,785080949310150,23,1028,2216335,29
DEQ,785080949383697,23,1028,2286429,28
DEQ,785080949417341,23,1028,2215057,27
DEQ,785080949461991,23,1028,2255490,26
DEQ,785080949497118,23,1028,2288304,25
DEQ,785080949537691,23,1028,2243352,24
DEQ,785080949582080,23,1028,2283336,23
DEQ,785080949583313,23,1028,2270262,22
DEQ,785080949629950,23,1028,2234002,21
DEQ,785080949664290,23,1028,2264179,20
DEQ,785080949707935,23,1028,2224655,19
DEQ,785080949748751,23,1028,2251072,18
DEQ,785080949784229,23,1028,2282211,17
DEQ,785080949785465,23,1028,2214708,16
DEQ,785080949850943,23,1028,2276157,15
DEQ,785080949888640,23,1028,2237657,14
DEQ,785080949929675,23,1028,2274636,13
DEQ,785080949971624,23,1028,2301000,12
DEQ,785080950008775,23,1028,2256630,11
DEQ,785080950010045,23,1028,2253931,10
DEQ,785080950056934,23,1028,2229960,9
DEQ,785080950090231,23,1028,2255324,8
DEQ,785080950130286,23,1028,2291428,8
DEQ,785080950173801,23,1028,2234936,7
DEQ,785080950217129,23,1028,1844540,6
DEQ,785080950250312,23,1400,1261261,5
DEQ,785080950292756,23,1400,1301448,6
DEQ,785080950330233,23,1400,1223169,5
DEQ,785080950370316,23,1400,1261287,6
DEQ,785080950413778,23,1028,1161855,5
DEQ,785080950449944,23,1028,340269,4
DEQ,785080950490014,23,1400,237606,3
DEQ,785080950530006,23,1400,275605,4
DEQ,785080950570807,23,1400,238377,3
DEQ,785080950610243,23,1400,275892,4
DEQ,785080950657794,23,1400,165173,3
DEQ,785080950689962,23,1400,195365,4
DEQ,785080950729927,23,1400,157005,3
DEQ,785080950770129,23,1400,195135,4
DEQ,785080950810926,23,1400,150627,3
DEQ,785080950850340,23,1400,188084,4
DEQ,785080950891837,23,1400,159712,3
DEQ,785080950934262,23,1400,200123,4
DEQ,785080950974079,23,1400,161104,4
DEQ,785080951010349,23,1400,195316,5
DEQ,785080951053025,23,1400,159025,4
DEQ,785080951095362,23,1400,199451,5
DEQ,785080951130328,23,1028,164601,4
DEQ,785080951172026,23,1400,195777,3
DEQ,785080951217390,23,1400,239233,4
DEQ,785080951250167,23,1400,195099,3
DEQ,785081146715555,23,1400,195658604,64
DEQ,785081146718611,23,1400,195544542,63
DEQ,785081146719201,23,1400,195543124,62
DEQ,785081146739205,23,1400,195486896,64
DEQ,785081146836934,23,1400,195582734,64
DEQ,785081146837924,23,1028,194965392,63
DEQ,785081146851086,23,1028,194075507,64
DEQ,785081146953680,23,1028,193278659,64
DEQ,785081146956498,23,1028,192381537,63
DEQ,785081146956912,23,1028,191482740,62
DEQ,785081146974391,23,1028,190601368,64
DEQ,785081147061627,23,1028,189815522,64
DEQ,785081147064554,23,1028,188936347,63
DEQ,785081147086624,23,1028,187966954,64
DEQ,785081147163927,23,1028,187049958,64
DEQ,785081147166667,23,1028,186049280,63
DEQ,785081147254114,23,1028,185140777,64
DEQ,785081147256812,23,1028,184149570,63
DEQ,785081147269549,23,1028,183165162,64
DEQ,785081147347940,23,1028,182249152,64
DEQ,785081147350741,23,1028,181256102,63
DEQ,785081147351161,23,1028,180263946,62
DEQ,785081147468151,23,1028,179380306,64
DEQ,785081147470703,23,1028,178385396,63
DEQ,785081147472570,23,1028,177391840,62
DEQ,785081147553093,23,1028,176472183,64
DEQ,785081147555960,23,1028,175478777,63
DEQ,785081147556556,23,1028,174483762,62
DEQ,785081147646298,23,1028,173580665,64
DEQ,785081147648955,23,1028,172583913,63
DEQ,785081147650935,23,1028,171590734,62
DEQ,785081147771153,23,1028,170714883,64
DEQ,785081147773775,23,1028,169722213,63
DEQ,785081147775610,23,1028,168725548,62
DEQ,785081147871591,23,1028,167826024,64
DEQ,785081147874326,23,1028,166828216,63
DEQ,785081147886571,23,1028,165844498,64
DEQ,785081147975191,23,1028,164941261,64
DEQ,785081147977859,23,1028,164013580,63
DEQ,785081147978275,23,1028,163023916,62
DEQ,785081148055770,23,1028,162116124,61
DEQ,785081148058527,23,1028,161206566,60
DEQ,785081148059005,23,1028,160307539,59
DEQ,785081148146475,23,1028,159490883,58
DEQ,785081148149105,23,1028,158591819,57
DEQ,785081148150585,23,1028,157681619,56
DEQ,785081148235770,23,1028,156880062,55
DEQ,785081148238523,23,1028,156005121,54
DEQ,785081148327377,23,1028,155197599,53
DEQ,785081148330352,23,1028,154315128,52
DEQ,785081148330932,23,1028,153321543,51
DEQ,785081148431482,23,1028,152431471,50
DEQ,785081148434223,23,1028,151441537,49
DEQ,785081148437676,23,1028,150448114,48
DEQ,785081148495283,23,1028,149512799,48
DEQ,785081148528556,23,1028,148532724,47
DEQ,785081148568717,23,1028,147588347,46
DEQ,785081148569987,23,1028,146628695,45
DEQ,785081148630934,23,1028,145721676,44
DEQ,785081148664309,23,1028,144861014,43
DEQ,785081148709067,23,1028,144016053,42
DEQ,785081148749886,23,1028,143165165,41
DEQ,785081148784243,23,1028,142309284,40
DEQ,785081148785444,23,1028,141436953,39
DEQ,785081148827994,23,1028,140601724,38
DEQ,785081148864246,23,1028,2142667,37
DEQ,785081148908997,23,1028,2182946,36
DEQ,785081148944203,23,1028,2212364,35
DEQ,785081148984304,23,1400,2242436,34
DEQ,785081149024342,23,1400,2184517,35
DEQ,785081149070815,23,1028,2226649,34
DEQ,785081149104370,23,1400,2250527,33
DEQ,785081149147188,23,1400,2188350,34
DEQ,785081149184440,23,1028,2218320,33
DEQ,785081149185622,23,1028,2217258,32
DEQ,785081149231067,23,1028,2256139,31
DEQ,785081149264549,23,1028,2193898,30
DEQ,785081149309247,23,1028,2225430,29
DEQ,785081149344435,23,1028,2257291,29
DEQ,785081149390064,23,1028,2221060,28
DEQ,785081149424639,23,1028,2251519,27
DEQ,785081149425869,23,1028,2166794,26
DEQ,785081149475805,23,1028,2209026,25
DEQ,785081149513415,23,1028,2243210,24
DEQ,785081149554490,23,1028,2201040,23
DEQ,785081149596754,23,1028,2232414,22
DEQ,785081149633808,23,1028,2267354,21
DEQ,785081149635330,23,1028,2161680,20
DEQ,785081149680990,23,1028,2203281,19
DEQ,785081149721344,23,1028,2241420,18
DEQ,785081149753572,23,1028,2194450,17
DEQ,785081149801138,23,1028,2237812,16
DEQ,785081149841026,23,1028,2275516,15
DEQ,785081149873693,23,1028,2220861,14
DEQ,785081149921048,23,1028,2264162,13
DEQ,785081149953483,23,1028,2294408,12
DEQ,785081149995129,23,1028,2217643,11
DEQ,785081150034007,23,1028,2252444,10
DEQ,785081150035187,23,1028,2251908,9
DEQ,785081150073485,23,1028,2196866,8
DEQ,785081150120151,23,1028,2239457,7
DEQ,785081150159221,23,1028,2272110,6
DEQ,785081150193761,23,1028,1747354,6
DEQ,785081150233938,23,1400,1245632,5
DEQ,785081150274218,23,1400,1283739,6
DEQ,785081150275395,23,1400,1168867,5
DEQ,785081150316955,23,1400,1208443,6
DEQ,785081150357180,23,1028,1036605,5
DEQ,785081150402368,23,1028,224099,4
DEQ,785081150435807,23,1400,199729,3
DEQ,785081150475873,23,1400,238047,4
DEQ,785081346706588,23,1400,196429721,64
DEQ,785081346709494,23,1400,196430655,63
DEQ,785081346710038,23,1400,196272161,62
DEQ,785081346730411,23,1400,196290500,64
DEQ,785081346837942,23,1028,195802221,64
DEQ,785081346838957,23,1028,194913288,63
DEQ,785081346839399,23,1028,194007294,62
DEQ,785081346839900,23,1028,193107680,61
DEQ,785081346860880,23,1028,192217749,64
DEQ,785081346959146,23,1028,191415430,64
DEQ,785081346961991,23,1028,190518469,63
DEQ,785081346994994,23,1028,189680111,64
DEQ,785081347016326,23,1028,188828255,64
DEQ,785081347102945,23,1028,187963264,64
DEQ,785081347105740,23,1028,186975069,63
DEQ,785081347191357,23,1028,186061107,64
DEQ,785081347194352,23,1028,185070214,63
DEQ,785081347210554,23,1028,184091589,64
DEQ,785081347295174,23,1028,183174369,64
DEQ,785081347297785,23,1028,182174907,63
DEQ,785081347299585,23,1028,181182454,62
DEQ,785081347393077,23,1028,180278587,64
DEQ,785081347395877,23,1028,179291545,63
DEQ,785081347408317,23,1028,178304619,64
DEQ,785081347481383,23,1028,177383190,64
DEQ,785081347484054,23,1028,176389733,63
DEQ,785081347485948,23,84,175915617,62
DEQ,785081347562375,23,1028,175550572,64
DEQ,785081347574984,23,1028,174571494,64
DEQ,785081347645709,23,1028,173706266,64
DEQ,785081347658170,23,1028,172729810,64
DEQ,785081347730008,23,1028,171815150,64
DEQ,785081347732861,23,1028,170901792,63
DEQ,785081347752279,23,1028,170028355,64
DEQ,785081347823281,23,1028,169194357,64
DEQ,785081347826175,23,1028,168293837,63
DEQ,785081347898687,23,1028,167465399,64
DEQ,785081347901625,23,1028,166582516,63
DEQ,785081347969939,23,1028,165773162,63
DEQ,785081347976287,23,1028,164847802,62
DEQ,785081347978664,23,1028,163849498,61
DEQ,785081348055595,23,1028,162930662,60
DEQ,785081348069554,23,1028,161953738,59
DEQ,785081348153951,23,1028,161042297,58
DEQ,785081348156475,23,1028,160055637,57
DEQ,785081348157971,23,1028,159063582,56
DEQ,785081348249990,23,1028,158157851,55
DEQ,785081348252615,23,1028,157160375,54
DEQ,785081348254206,23,1028,156166831,53
DEQ,785081348341891,23,1028,155254521,52
DEQ,785081348344784,23,1028,154322052,51
DEQ,785081348345193,23,1028,153327823,50
DEQ,785081348365931,23,1028,152358745,50
DEQ,785081348399483,23,1028,151401706,49
DEQ,785081348442358,23,1028,150427348,48
DEQ,785081348487540,23,1028,149477527,47
DEQ,785081348518429,23,1028,148520004,46
DEQ,785081348559278,23,1028,147568635,45
DEQ,785081348602375,23,1028,146620055,44
DEQ,785081348603520,23,1028,145622055,43
DEQ,785081348639087,23,1028,144659497,42
DEQ,785081348679424,23,1028,143709121,41
DEQ,785081348680605,23,1028,142716887,40
DEQ,785081348726429,23,1028,141851043,39
DEQ,785081348763856,23,1028,140991472,38
DEQ,785081348804141,23,1028,2091791,37
DEQ,785081348844495,23,1028,2127594,36
DEQ,785081348883418,23,1028,2164406,35
DEQ,785081348923366,23,1400,2190792,34
DEQ,785081348963825,23,1400,2121664,35
DEQ,785081349008090,23,1028,2161151,34
DEQ,785081349009304,23,1400,2158392,33
DEQ,785081349044446,23,1400,2191169,34
DEQ,785081349092471,23,1028,2229019,33
DEQ,785081349124104,23,1028,2159999,32
DEQ,785081349165533,23,1028,2186091,31
DEQ,785081349205530,23,1028,2209819,30
DEQ,785081349246521,23,1028,2229420,30
DEQ,785081349290579,23,1028,2182567,29
DEQ,785081349291903,23,1028,2179821,28
DEQ,785081349333457,23,1028,2136852,27
DEQ,785081349366478,23,1028,2165655,26
DEQ,785081349410468,23,1028,2199213,25
DEQ,785081349446819,23,1028,2146189,24
DEQ,785081349486509,23,1028,2181730,23
DEQ,785081349526804,23,1028,2219857,22
DEQ,785081349528075,23,1028,2126656,21
DEQ,785081349600919,23,1028,2195418,20
DEQ,785081349638493,23,1028,2229638,19
DEQ,785081349679508,23,1028,2192440,18
DEQ,785081349721775,23,1028,2230645,17
DEQ,785081349758779,23,1028,2265447,16
DEQ,785081349759987,23,1028,2193342,15
DEQ,785081349833502,23,1028,2257041,14
DEQ,785081349866413,23,1028,2212712,13
DEQ,785081349910488,23,1028,2250854,12
DEQ,785081349946732,23,1028,2211461,11
DEQ,785081349986426,23,1028,2247076,10
DEQ,785081350026806,23,1028,2271978,9
DEQ,785081350027989,23,1028,2199545,8
DEQ,785081350101925,23,1028,2269477,7
DEQ,785081350142293,23,1028,2238441,7
DEQ,785081350180800,23,1028,1826662,6
DEQ,785081350234216,23,1400,1306774,5
DEQ,785081350258951,23,1400,1329452,6
DEQ,785081350298921,23,1400,1287970,5
DEQ,785081350342135,23,1400,1329090,6
DEQ,785081350378746,23,1028,1141861,5
DEQ,785081350420351,23,1028,311062,4
DEQ,785081350465723,23,1400,229149,3
DEQ,785081350498556,23,1400,260222,4
DEQ,785081350538796,23,1400,237879,3
DEQ,785081350605321,23,1400,302735,4
DEQ,785081350652419,23,1400,184378,3
DEQ,785081350685329,23,1400,215719,4
DEQ,785081350726646,23,1400,185711,3
DEQ,785081350765130,23,1400,222233,4
DEQ,785081350805468,23,1400,150904,3
DEQ,785081350847478,23,1400,190999,4
DEQ,785081350885322,23,1400,156622,3
DEQ,785081350925362,23,1400,194673,4
DEQ,785081350968755,23,1400,161118,3
DEQ,785081351005310,23,1400,195698,5
DEQ,785081351053515,23,1400,166125,4
DEQ,785081351091779,23,1400,202351,5
DEQ,785081351125268,23,1400,154366,4
DEQ,785081351165339,23,1400,192384,5
DEQ,785081351212729,23,1028,236349,4
DEQ,785081351249914,23,1400,194336,3
DEQ,785081546705621,23,1400,195648080,64
DEQ,785081546708614,23,1400,195581264,63
DEQ,785081546709249,23,1400,195579997,62
DEQ,785081546735008,23,1400,195483139,64
DEQ,785081546829745,23,1400,195575786,64
DEQ,785081546830698,23,1028,194966203,63
DEQ,785081546942460,23,1028,194176596,64
DEQ,785081546945133,23,1028,193280050,63
DEQ,785081546945635,23,1028,192381322,62
DEQ,785081546947484,23,1028,191484462,61
DEQ,785081546990894,23,1028,190628493,64
DEQ,785081547065138,23,1028,189830982,64
DEQ,785081547068127,23,1028,188962036,63
DEQ,785081547084188,23,1028,187994029,64
DEQ,785081547169129,23,1028,187083960,64
DEQ,785081547171836,23,1028,186086937,63
DEQ,785081547173870,23,1028,185098626,62
DEQ,785081547256377,23,1028,184194935,64
DEQ,785081547259478,23,1028,183268649,63
DEQ,785081547276084,23,1028,182301030,64
DEQ,785081547365238,23,1028,181401595,64
DEQ,785081547368284,23,1028,180488012,63
DEQ,785081547368803,23,1028,179590788,62
DEQ,785081547456123,23,1028,178775199,64
DEQ,785081547459309,23,1028,177873314,63
DEQ,785081547459848,23,1028,176973555,62
DEQ,785081547488468,23,1028,176102860,64
DEQ,785081547564709,23,1028,175293533,64
DEQ,785081547576769,23,1028,174428165,64
DEQ,785081547650203,23,1028,173629290,64
DEQ,785081547657638,23,1028,172648731,63
DEQ,785081547732847,23,1028,171737571,64
DEQ,785081547735752,23,1028,170741015,63
DEQ,785081547751073,23,1028,169766647,64
DEQ,785081547824162,23,1028,168849555,64
DEQ,785081547827079,23,1028,167849383,63
DEQ,785081547905464,23,1028,166933401,64
DEQ,785081547908240,23,1028,165948783,63
DEQ,785081547926080,23,1028,165055382,63
DEQ,785081547993981,23,1028,164227361,62
DEQ,785081547996832,23,1028,163326116,61
DEQ,785081548078515,23,1028,162506765,60
DEQ,785081548081424,23,1028,161597058,59
DEQ,785081548093295,23,1028,160706792,58
DEQ,785081548180136,23,1028,159906204,57
DEQ,785081548183002,23,1028,159031613,56
DEQ,785081548188483,23,1028,158054327,55
DEQ,785081548309115,23,1028,157182334,54
DEQ,785081548311730,23,1028,156290227,53
DEQ,785081548313213,23,1028,155294231,52
DEQ,785081548415078,23,1028,154403227,51
DEQ,785081548417782,23,1028,153409631,50
DEQ,785081548421330,23,1028,152415543,49
DEQ,785081548454269,23,1028,151459482,49
DEQ,785081548493614,23,1028,150513549,48
DEQ,785081548535554,23,1028,149565385,47
DEQ,785081548573824,23,1028,148618181,46
DEQ,785081548620293,23,1028,147673774,45
DEQ,785081548653885,23,1028,146796301,44
DEQ,785081548654321,23,1028,145890368,43
DEQ,785081548699231,23,1028,145035386,42
DEQ,785081548734137,23,1028,144166486,41
DEQ,785081548781403,23,1028,143297101,40
DEQ,785081548814112,23,1028,142427272,39
DEQ,785081548815265,23,1028,141540302,38
DEQ,785081548884422,23,1028,2172283,37
DEQ,785081548917740,23,1028,2195437,36
DEQ,785081548963143,23,1028,2238607,35
DEQ,785081548998028,23,1400,2260552,34
DEQ,785081549043278,23,1400,2210832,35
DEQ,785081549079419,23,1028,2242527,34
DEQ,785081549117564,23,1400,2167584,33
DEQ,785081549157783,23,1400,2203395,34
DEQ,785081549198081,23,1028,2241281,33
DEQ,785081549237743,23,1028,2278914,32
DEQ,785081549239047,23,1028,2246718,31
DEQ,785081549286260,23,1028,2215802,30
DEQ,785081549319567,23,1028,2238081,30
DEQ,785081549359458,23,1028,2274683,29
DEQ,785081549400124,23,1028,2225108,28
DEQ,785081549446235,23,1028,2266844,27
DEQ,785081549479600,23,1028,2297940,26
DEQ,785081549524134,23,1028,2262090,25
DEQ,785081549559344,23,1028,2292836,24
DEQ,785081549601707,23,1028,2324934,23
DEQ,785081549642451,23,1028,2271037,22
DEQ,785081549679525,23,1028,2303624,21
DEQ,785081549680718,23,1028,2302473,20
DEQ,785081549726279,23,1028,2263701,19
DEQ,785081549763767,23,1028,2290747,18
DEQ,785081549804009,23,1028,2328782,17
DEQ,785081549844348,23,1028,2353637,16
DEQ,785081549883514,23,1028,2314505,15
DEQ,785081549923787,23,1028,2345582,14
DEQ,785081549924957,23,1028,2265485,13
DEQ,785081549975824,23,1028,2312311,12
DEQ,785081550013669,23,1028,2275675,11
DEQ,785081550053761,23,1028,2311721,10
DEQ,785081550055033,23,1028,2302172,9
DEQ,785081550102867,23,1028,2273512,8
DEQ,785081550139545,23,1028,2306063,7
DEQ,785081550179852,23,1028,2269071,7
DEQ,785081550222851,23,1028,1791618,6
DEQ,785081550224184,23,1400,1219276,5
DEQ,785081550271996,23,1400,1264930,6
DEQ,785081550312440,23,1400,1192645,5
DEQ,785081550352297,23,1400,1230485,6
DEQ,785081550399036,23,1028,1094446,5
DEQ,785081550432455,23,1028,265751,4
DEQ,785081550477165,23,1400,251538,3
DEQ,785081550512548,23,1400,285093,4
DEQ,785081746704798,23,1400,196390314,64
DEQ,785081746707600,23,1400,196391197,63
DEQ,785081746708065,23,1400,196228837,62
DEQ,785081746797460,23,1400,196316237,64
DEQ,785081746798300,23,1028,195756970,63
DEQ,785081746821248,23,1028,194873780,64
DEQ,785081746921866,23,1028,194073408,64
DEQ,785081746924465,23,1028,193176752,63
DEQ,785081746925998,23,1028,192279442,62
DEQ,785081747005007,23,1028,191458492,64
DEQ,785081747007785,23,1028,190562252,63
DEQ,785081747093031,23,1028,189776494,64
DEQ,785081747095860,23,1028,188902652,63
DEQ,785081747198284,23,1028,188070476,64
DEQ,785081747201201,23,1028,187075958,63
DEQ,785081747201610,23,1028,186076675,62
DEQ,785081747283000,23,1028,185168179,64
DEQ,785081747285754,23,1028,184174107,63
DEQ,785081747378369,23,1028,183280220,64
DEQ,785081747381230,23,1028,182291816,63
DEQ,785081747383112,23,1028,181300411,62
DEQ,785081747470502,23,1028,180390412,64
DEQ,785081747473508,23,1028,179394890,63
DEQ,785081747493809,23,1028,178417240,64
DEQ,785081747573652,23,1028,177504305,64
DEQ,785081747576587,23,1028,176504359,63
DEQ,785081747578626,23,1028,175514091,62
DEQ,785081747661401,23,1028,174600759,64
DEQ,785081747664125,23,1028,173611007,63
DEQ,785081747665904,23,1028,172615318,62
DEQ,785081747752473,23,1028,171711258,64
DEQ,785081747755269,23,1028,170718658,63
DEQ,785081747770567,23,1028,169737645,64
DEQ,785081747841620,23,1028,168816641,64
DEQ,785081747844352,23,1028,167825135,63
DEQ,785081747863847,23,1028,166910195,64
DEQ,785081747957504,23,1028,166021262,64
DEQ,785081747960262,23,1028,165032134,63
DEQ,785081747965785,23,1028,164126304,62
DEQ,785081748039332,23,1028,163305343,61
DEQ,785081748051313,23,1028,162414582,60
DEQ,785081748093831,23,1028,161549347,59
DEQ,785081748131035,23,1028,160685327,58
DEQ,785081748171348,23,1028,159838421,57
DEQ,785081748171916,23,1028,158961567,56
DEQ,785081748226086,23,1028,158088150,55
DEQ,785081748263992,23,1028,157134110,54
DEQ,785081748304698,23,1028,156184037,53
DEQ,785081748345039,23,1028,155229497,52
DEQ,785081748383639,23,1028,154338300,51
DEQ,785081748423864,23,1028,153390480,50
DEQ,785081748425053,23,1028,152400300,49
DEQ,785081748476353,23,1028,151462548,49
DEQ,785081748513658,23,1028,150534546,48
DEQ,785081748553866,23,1028,149575844,47
DEQ,785081748555077,23,1028,148578687,46
DEQ,785081748600975,23,1028,147636235,45
DEQ,785081748638745,23,1028,146684193,44
DEQ,785081748678846,23,1028,145811836,43
DEQ,785081748721746,23,1028,144953958,42
DEQ,785081748758788,23,1028,144084215,41
DEQ,785081748760107,23,1028,143178436,40
DEQ,785081748806013,23,1028,142321087,39
DEQ,785081748839291,23,1028,141454521,38
DEQ,785081748884863,23,1028,140613104,37
DEQ,785081748919175,23,1028,2208935,36
DEQ,785081748920627,23,1028,2202735,35
DEQ,785081748994922,23,1028,2274797,34
DEQ,785081749028433,23,1400,2225998,33
DEQ,785081749071997,23,1400,2254032,34
DEQ,785081749108604,23,1028,2284543,33
DEQ,785081749149825,23,1400,2221134,32
DEQ,785081749192302,23,1400,2259714,33
DEQ,785081749228603,23,1028,2293766,32
DEQ,785081749268593,23,1028,2258584,31
DEQ,785081749308684,23,1028,2294379,31
DEQ,785081749309915,23,1028,2211933,30
DEQ,785081749351108,23,1028,2241819,29
DEQ,785081749388738,23,1028,2184767,28
DEQ,785081749428889,23,1028,2213503,27
DEQ,785081749469359,23,1028,2251752,26
DEQ,785081749508542,23,1028,2220678,25
DEQ,785081749548909,23,1028,2256868,24
DEQ,785081749551430,23,1028,2166572,23
DEQ,785081749600774,23,1028,2211609,22
DEQ,785081749638841,23,1028,2247572,21
DEQ,785081749678978,23,1028,2202990,20
DEQ,785081749719212,23,1028,2228189,19
DEQ,785081749758620,23,1028,2263246,18
DEQ,785081749798732,23,1028,2218109,17
DEQ,785081749800021,23,1028,2209419,16
DEQ,785081749851029,23,1028,2258198,15
DEQ,785081749888444,23,1028,2220656,14
DEQ,785081749928899,23,1028,2257003,13
DEQ,785081749969345,23,1028,2295220,12
DEQ,785081750008635,23,1028,2251014,11
DEQ,785081750048799,23,1028,2287124,10
DEQ,785081750049976,23,1028,2278654,9
DEQ,785081750101266,23,1028,2254491,8
DEQ,785081750138812,23,1028,2287977,7
DEQ,785081750178761,23,1028,2313713,7
DEQ,785081750224514,23,1028,1793579,6
DEQ,785081750225696,23,1400,1193361,5
DEQ,785081750272278,23,1400,1237777,6
DEQ,785081750312474,23,1400,1160516,5
DEQ,785081750352818,23,1400,1198893,6
DEQ,785081750394460,23,1028,1094079,5
DEQ,785081750435106,23,1028,277458,4
DEQ,785081750472821,23,1400,245568,3
DEQ,785081750515519,23,1400,286261,4
DEQ,785081750557482,23,1400,243105,3
DEQ,785081750595989,23,1400,279670,4
DEQ,785081750634123,23,1400,159228,3
DEQ,785081750676189,23,1400,199392,4
DEQ,785081750729816,23,1400,169944,3
DEQ,785081750777228,23,1400,215434,4
DEQ,785081750810043,23,1400,173803,3
DEQ,785081750850054,23,1400,211658,4
DEQ,785081750892277,23,1400,160376,3
DEQ,785081750929869,23,1400,195994,4
DEQ,785081750931067,23,1400,118975,3
DEQ,785081750986582,23,1400,172582,4
DEQ,785081751021486,23,1400,127206,4
DEQ,785081751065324,23,1400,169138,5
DEQ,785081751101330,23,1400,168795,4
DEQ,785081751141272,23,1400,206829,5
DEQ,785081751142475,23,1028,137855,4
DEQ,785081751221203,23,1400,196954,3
DEQ,785081946704350,23,1400,195678029,64
DEQ,785081946707391,23,1400,195603628,63
DEQ,785081946707842,23,1400,195602294,62
DEQ,785081946731753,23,1400,195508461,64
DEQ,785081946859820,23,1400,195634601,64
DEQ,785081946874870,23,1028,194977225,63
DEQ,785081946875468,23,1028,194077406,62
DEQ,785081946876084,23,1028,193178059,61
DEQ,785081946878456,23,1028,192281093,60
DEQ,785081946987843,23,1028,191478166,64
DEQ,785081946990481,23,1028,190580548,63
DEQ,785081946992272,23,1028,189710308,62
DEQ,785081947072240,23,1028,188916981,64
DEQ,785081947075045,23,1028,187946373,63
DEQ,785081947095134,23,1028,187078185,64
STATS,785081947128084,65,68308,10437,10372,0,0,0
DEQ,785081947186882,23,1028,186175562,64
DEQ,785081947189451,23,1028,185181727,63
DEQ,785081947191196,23,1028,184194658,62
DEQ,785081947300938,23,1028,183315616,64
DEQ,785081947303673,23,1028,182323942,63
DEQ,785081947316552,23,1028,181337956,64
DEQ,785081947427475,23,1028,180457827,64
DEQ,785081947430170,23,1028,179471887,63
DEQ,785081947430706,23,1028,178555960,62
DEQ,785081947522019,23,1028,177755211,64
DEQ,785081947525193,23,1028,176853229,63
DEQ,785081947526839,23,1028,175952922,62
DEQ,785081947603824,23,1028,175128586,64
DEQ,785081947606681,23,1028,174230729,63
DEQ,785081947673274,23,1028,173398598,64
DEQ,785081947685689,23,1028,172533423,64
DEQ,785081947766179,23,1028,171624049,64
DEQ,785081947769241,23,1028,170636867,63
DEQ,785081947789569,23,1028,169777225,64
DEQ,785081947878960,23,1028,168871336,64
DEQ,785081947881941,23,1028,167888517,63
DEQ,785081947883786,23,1028,166955935,62
DEQ,785081947962816,23,1028,166070465,64
DEQ,785081947965602,23,1028,165082682,63
DEQ,785081947977754,23,1028,164176887,62
DEQ,785081948056643,23,1028,163351252,61
DEQ,785081948059658,23,1028,162455034,60
DEQ,785081948060131,23,1028,161554086,59
DEQ,785081948180161,23,1028,160772077,58
DEQ,785081948182796,23,1028,159888797,57
DEQ,785081948184255,23,1028,159012936,56
DEQ,785081948273920,23,1028,158255365,55
DEQ,785081948276600,23,1028,157262768,54
DEQ,785081948278261,23,1028,156265070,53
DEQ,785081948360072,23,1028,155353117,52
DEQ,785081948363599,23,1028,154370085,51
DEQ,785081948440704,23,1028,153452347,50
DEQ,785081948443699,23,1028,152455036,49
DEQ,785081948444275,23,1028,151591724,48
DEQ,785081948507072,23,1028,150758318,48
DEQ,785081948540006,23,1028,149890315,47
DEQ,785081948584880,23,1028,149031413,46
DEQ,785081948619944,23,1028,148167533,45
DEQ,785081948660531,23,1028,147321985,44
DEQ,785081948699827,23,1028,146479439,43
DEQ,785081948745512,23,1028,145606090,42
DEQ,785081948780001,23,1028,144650573,41
DEQ,785081948781289,23,1028,143650729,40
DEQ,785081948821545,23,1028,142695917,39
DEQ,785081948859936,23,1028,141739225,38
DEQ,785081948907289,23,1028,2197063,37
DEQ,785081948953464,23,1028,2238747,36
DEQ,785081948987018,23,1028,2270137,35
DEQ,785081949031485,23,1400,2296992,34
DEQ,785081949070666,23,1400,2191429,35
DEQ,785081949071862,23,1028,2184556,34
DEQ,785081949115540,23,1400,2220381,33
DEQ,785081949162609,23,1400,2265454,34
DEQ,785081949195462,23,1028,2296182,33
DEQ,785081949196624,23,1028,2203306,32
DEQ,785081949235469,23,1028,2238372,31
DEQ,785081949275502,23,1028,2276269,30
DEQ,785081949276760,23,1028,2199682,29
DEQ,785081949320580,23,1028,2228106,28
DEQ,785081949365652,23,1028,2269823,28
DEQ,785081949399282,23,1028,2207044,27
DEQ,785081949443511,23,1028,2247209,26
DEQ,785081949479283,23,1028,2280761,25
DEQ,785081949522801,23,1028,2217060,24
DEQ,785081949559303,23,1028,2249423,23
DEQ,785081949560501,23,1028,2243249,22
DEQ,785081949619755,23,1028,2186770,21
DEQ,785081949653536,23,1028,2216271,20
DEQ,785081949693438,23,1028,2253967,19
DEQ,785081949694667,23,1028,2166696,18
DEQ,785081949757779,23,1028,2225326,17
DEQ,785081949791219,23,1028,2256488,16
DEQ,785081949835863,23,1028,2227092,15
DEQ,785081949871185,23,1028,2258396,14
DEQ,785081949916847,23,1028,2235809,13
DEQ,785081949952986,23,1028,2265748,12
DEQ,785081949994625,23,1028,2223010,11
DEQ,785081950031303,23,1028,2255376,10
DEQ,785081950032517,23,1028,2240503,9
DEQ,785081950073756,23,1028,2187980,8
DEQ,785081950111228,23,1028,2221225,7
DEQ,785081950151294,23,1028,2259132,6
DEQ,785081950195503,23,1028,1741486,5
DEQ,785081950231042,23,1400,1195527,5
DEQ,785081950279086,23,1400,1240952,6
DEQ,785081950311287,23,1400,1193389,5
DEQ,785081950383859,23,1400,1263996,6
DEQ,785081950431679,23,1028,1096504,5
DEQ,785081950472050,23,1028,271225,4
DEQ,785081950504314,23,1400,271023,3
DEQ,785081950544234,23,1400,309002,4
DEQ,785081950584373,23,1400,271023,3
DEQ,785081950624050,23,1400,308755,4
DEQ,785081950666812,23,1400,159972,3
DEQ,785081950706551,23,1400,197775,4
DEQ,785081950746568,23,1400,160240,3
DEQ,785081950786731,23,1400,198501,4
DEQ,785081950829338,23,1400,160371,3
DEQ,785081950874105,23,1400,203018,4
DEQ,785081950915878,23,1400,166858,3
DEQ,785081950955670,23,1400,204681,4
DEQ,785081951004631,23,1400,173225,3
DEQ,785081951044246,23,1400,210872,4
DEQ,785082146724860,23,1400,195806817,64
DEQ,785082146731500,23,1400,195811446,63
DEQ,785082146732001,23,1400,195725242,62
DEQ,785082146734421,23,1400,195725750,61
DEQ,785082146819478,23,1028,195761801,64
DEQ,785082146820399,23,1028,194873834,63
DEQ,785082146931986,23,1028,194084863,64
DEQ,785082146934748,23,1028,193187561,63
DEQ,785082146935190,23,1028,192287115,62
DEQ,785082146973594,23,1028,191424868,64
DEQ,785082146991508,23,1028,190540891,64
DEQ,785082147075123,23,1028,189724852,64
DEQ,785082147077981,23,1028,188841968,63
DEQ,785082147079789,23,1028,187968673,62
DEQ,785082147192424,23,1028,187088452,64
DEQ,785082147195372,23,1028,186104174,63
DEQ,785082147195907,23,1028,185110930,62
DEQ,785082147218094,23,1028,184134235,64
DEQ,785082147336058,23,1028,183254289,64
DEQ,785082147339024,23,1028,182259712,63
DEQ,785082147339489,23,1028,181347677,62
DEQ,785082147360088,23,1028,180380684,64
DEQ,785082147460332,23,1028,179489084,64
DEQ,785082147463257,23,1028,178501664,63
DEQ,785082147463724,23,1028,177509226,62
DEQ,785082147540911,23,1028,176671221,64
DEQ,785082147543670,23,1028,175777614,63
DEQ,785082147559738,23,1028,174884255,64
DEQ,785082147643264,23,1028,174065240,64
DEQ,785082147646017,23,1028,173167904,63
DEQ,785082147665493,23,1028,172315323,64
DEQ,785082147752938,23,1028,171529391,64
DEQ,785082147755787,23,1028,170616667,63
DEQ,785082147757568,23,1028,169621829,62
DEQ,785082147835750,23,1028,168704227,64
DEQ,785082147838575,23,1028,167826694,63
DEQ,785082147860959,23,1028,166862505,64
DEQ,785082147951376,23,1028,165961500,63
DEQ,785082147954371,23,1028,164975594,62
DEQ,785082148018853,23,1028,164045506,61
DEQ,785082148021668,23,1028,163063206,60
DEQ,785082148106988,23,1028,162215416,59
DEQ,785082148109792,23,1028,161312669,58
DEQ,785082148110217,23,1028,160410255,57
DEQ,785082148188342,23,1028,159585568,56
DEQ,785082148191195,23,1028,158688276,55
DEQ,785082148191729,23,1028,157789461,54
DEQ,785082148277833,23,1028,156988289,53
DEQ,785082148280575,23,1028,156113288,52
DEQ,785082148369107,23,1028,155239329,51
DEQ,785082148371897,23,1028,154242463,50
DEQ,785082148372307,23,1028,153242441,49
DEQ,785082148411715,23,1028,152283101,49
DEQ,785082148445556,23,1028,151325320,48
DEQ,785082148485573,23,1028,150368910,47
DEQ,785082148525544,23,1028,149414265,46
DEQ,785082148526817,23,1028,148422830,45
DEQ,785082148601012,23,1028,147506221,44
DEQ,785082148638546,23,1028,146552718,43
DEQ,785082148679320,23,1028,145602493,42
DEQ,785082148719725,23,1028,144652651,41
DEQ,785082148758670,23,1028,143702866,40
DEQ,785082148798752,23,1028,142732979,39
DEQ,785082148800051,23,1028,141724909,38
DEQ,785082148850991,23,1028,140776382,37
DEQ,785082148888476,23,1028,2153043,36
DEQ,785082148929103,23,1028,2189131,35
DEQ,785082148971745,23,1028,2229568,34
DEQ,785082149008761,23,1028,2264390,33
DEQ,785082149053097,23,1400,2228723,32
DEQ,785082149092123,23,1400,2263781,33
DEQ,785082149128749,23,1400,2189722,32
DEQ,785082149175948,23,1400,2223232,33
DEQ,785082149212424,23,1028,2245352,32
DEQ,785082149249960,23,1028,2275747,31
DEQ,785082149251334,23,1028,2257041,30
DEQ,785082149291553,23,1028,2209910,30
DEQ,785082149338397,23,1028,2245312,29
DEQ,785082149370995,23,1028,2275832,28
DEQ,785082149372297,23,1028,2173844,27
DEQ,785082149422302,23,1028,2212373,26
DEQ,785082149455701,23,1028,2240399,25
DEQ,785082149502279,23,1028,2283542,24
DEQ,785082149535589,23,1028,2193549,23
DEQ,785082149576137,23,1028,2224163,22
DEQ,785082149615802,23,1028,2261659,21
DEQ,785082149617001,23,1028,2256055,20
DEQ,785082149659387,23,1028,2193409,19
DEQ,785082149700249,23,1028,2223343,18
DEQ,785082149735572,23,1028,2256448,17
DEQ,785082149776156,23,1028,2230229,16
DEQ,785082149820436,23,1028,2269951,15
DEQ,785082149821617,23,1028,2260828,14
DEQ,785082149881465,23,1028,2233182,13
DEQ,785082149914978,23,1028,2262632,12
DEQ,785082149959557,23,1028,2292698,11
DEQ,785082149994506,23,1028,2235280,10
DEQ,785082150034501,23,1028,2271268,9
DEQ,785082150075234,23,1028,2309772,8
DEQ,785082150114783,23,1028,2274107,7
DEQ,785082150116064,23,1028,2264115,6
DEQ,785082150154800,23,1028,1773602,6
DEQ,785082150202236,23,1400,1145102,5
DEQ,785082150239617,23,1400,1180323,6
DEQ,785082150274823,23,1400,1143710,5
DEQ,785082150314682,23,1400,1181506,6
DEQ,785082150359615,23,1028,1096544,5
DEQ,785082150394820,23,1028,273807,4
DEQ,785082150437608,23,1400,233137,3
DEQ,785082150474649,23,1400,268288,4
DEQ,785082150520311,23,1400,243522,3
DEQ,785082150559796,23,1400,280929,4
DEQ,785082150601100,23,1400,161406,3
DEQ,785082150640036,23,1400,198426,4
DEQ,785082150680022,23,1400,157480,3
DEQ,785082150719718,23,1400,195085,4
DEQ,785082150762569,23,1400,159396,3
DEQ,785082150799506,23,1400,194579,4
DEQ,785082150845621,23,1400,163441,3
DEQ,785082150880045,23,1400,196270,4
DEQ,785082150920040,23,1400,155329,3
DEQ,785082150967691,23,1400,201060,4
DEQ,785082151000843,23,1400,153154,4
DEQ,785082151040066,23,1400,190359,5
DEQ,785082151080067,23,1400,157927,4
DEQ,785082151129527,23,1400,205476,5
DEQ,785082151176914,23,1028,199733,4
DEQ,785082151217396,23,1400,214435,3
DEQ,785082151249742,23,1400,244798,4
DEQ,785082346705771,23,1400,195623751,64
DEQ,785082346708680,23,1400,195624763,63
DEQ,785082346709203,23,1400,195489609,62
DEQ,785082346802763,23,1400,195581182,64
DEQ,785082346803709,23,1028,194940132,63
DEQ,785082346826814,23,1028,194049792,64
DEQ,785082346942166,23,1028,193259110,64
DEQ,785082346945689,23,1028,192362737,63
DEQ,785082346946243,23,1028,191490983,62
DEQ,785082346967697,23,1028,190625299,64
DEQ,785082347060242,23,1028,189846248,64
DEQ,785082347063192,23,1028,188950868,63
DEQ,785082347065177,23,1028,187969217,62
DEQ,785082347181858,23,1028,187192961,64
DEQ,785082347184708,23,1028,186211799,63
DEQ,785082347185235,23,1028,185222241,62
DEQ,785082347208378,23,1028,184333108,64
DEQ,785082347286866,23,1028,183505636,64
DEQ,785082347289456,23,1028,182609465,63
DEQ,785082347291410,23,1028,181709038,62
DEQ,785082347373163,23,1028,180889504,64
DEQ,785082347375969,23,1028,179992481,63
DEQ,785082347388156,23,1028,179118683,64
DEQ,785082347499147,23,1028,178351847,64
DEQ,785082347501704,23,1028,177368765,63
DEQ,785082347502192,23,1028,176371719,62
DEQ,785082347504585,23,84,176270499,61
DEQ,785082347582859,23,1028,175459279,64
DEQ,785082347585586,23,1028,174469130,63
DEQ,785082347605073,23,1028,173557997,64
DEQ,785082347684694,23,1028,172651908,64
DEQ,785082347687367,23,1028,171664924,63
DEQ,785082347688947,23,1028,170675959,62
DEQ,785082347789732,23,1028,169802894,64
DEQ,785082347792693,23,1028,168798274,63
DEQ,785082347794401,23,1028,167808649,62
DEQ,785082347870115,23,1028,166884799,64
DEQ,785082347873099,23,1028,165896834,63
DEQ,785082347960826,23,1028,164997553,63
DEQ,785082347966855,23,1028,163996723,62
DEQ,785082347968482,23,1028,163009270,61
DEQ,785082348073222,23,1028,162195356,60
DEQ,785082348076068,23,1028,161303845,59
DEQ,785082348076546,23,1028,160401440,58
DEQ,785082348179146,23,1028,159602180,57
DEQ,785082348181811,23,1028,158703308,56
DEQ,785082348183280,23,1028,157795194,55
DEQ,785082348276724,23,1028,157000935,54
DEQ,785082348279553,23,1028,156125803,53
DEQ,785082348281294,23,1028,155149737,52
DEQ,785082348370939,23,1028,154241622,51
DEQ,785082348373683,23,1028,153249103,50
DEQ,785082348392841,23,1028,152331706,50
DEQ,785082348425980,23,1028,151374912,49
DEQ,785082348472835,23,1028,150431635,48
DEQ,785082348505570,23,1028,149472140,47
DEQ,785082348551166,23,1028,148568111,46
DEQ,785082348591128,23,1028,147614120,45
DEQ,785082348625542,23,1028,146656594,44
DEQ,785082348670130,23,1028,145706750,43
DEQ,785082348705521,23,1028,144830467,42
DEQ,785082348746466,23,1028,143969212,41
DEQ,785082348785299,23,1028,143105688,40
DEQ,785082348825548,23,1028,142242306,39
DEQ,785082348826774,23,1028,141342408,38
DEQ,785082348885369,23,1028,2173440,37
DEQ,785082348918737,23,1028,2199131,36
DEQ,785082348964579,23,1028,2242667,35
DEQ,785082348998800,23,1400,2191039,34
DEQ,785082349043336,23,1400,2231362,35
DEQ,785082349079246,23,1028,2248831,34
DEQ,785082349124482,23,1400,2173588,33
DEQ,785082349158790,23,1400,2200219,34
DEQ,785082349202205,23,1028,2241232,33
DEQ,785082349238988,23,1028,2269565,32
DEQ,785082349240262,23,1028,2173189,31
DEQ,785082349286354,23,1028,2215207,31
DEQ,785082349320519,23,1028,2247239,30
DEQ,785082349360629,23,1028,2173033,29
DEQ,785082349400563,23,1028,2197474,28
DEQ,785082349401715,23,1028,2196334,27
DEQ,785082349476070,23,1028,2267165,26
DEQ,785082349513473,23,1028,2220993,25
DEQ,785082349554175,23,1028,2257517,24
DEQ,785082349594664,23,1028,2295868,23
DEQ,785082349633552,23,1028,2252089,22
DEQ,785082349673752,23,1028,2288136,21
DEQ,785082349674944,23,1028,2285342,20
DEQ,785082349725864,23,1028,2220189,19
DEQ,785082349763557,23,1028,2253587,18
DEQ,785082349804293,23,1028,2292164,17
DEQ,785082349844585,23,1028,2330407,16
DEQ,785082349883556,23,1028,2295801,15
DEQ,785082349923871,23,1028,2321401,14
DEQ,785082349925056,23,1028,2319363,13
DEQ,785082349975825,23,1028,2285659,12
DEQ,785082350013504,23,1028,2319150,11
DEQ,785082350054204,23,1028,2357694,10
DEQ,785082350097186,23,1028,2300921,9
DEQ,785082350133862,23,1028,2333570,9
DEQ,785082350174248,23,1028,2372091,8
DEQ,785082350213600,23,1028,2338293,7
DEQ,785082350253346,23,1028,1870665,6
DEQ,785082350254606,23,1400,1248788,5
DEQ,785082350305404,23,1400,1297329,6
DEQ,785082350349755,23,1400,1223005,5
DEQ,785082350397522,23,1400,1268753,6
DEQ,785082350445265,23,1028,1184539,5
DEQ,785082350477787,23,1028,357931,4
DEQ,785082350523656,23,1400,267431,3
DEQ,785082350560303,23,1400,302132,4
DEQ,785082350597788,23,1400,245999,3
DEQ,785082350640173,23,1400,286376,4
DEQ,785082350682567,23,1400,156728,3
DEQ,785082350721010,23,1400,193167,4
DEQ,785082350757543,23,1400,157666,3
DEQ,785082350801362,23,1400,199541,4
DEQ,785082350877849,23,1400,193081,3
DEQ,785082350917824,23,1400,231155,4
DEQ,785082350957805,23,1400,198092,3
DEQ,785082351002986,23,1400,241310,5
DEQ,785082351039359,23,1400,159291,4
DEQ,785082351077854,23,1400,195816,5
DEQ,785082351120418,23,1400,160427,4
DEQ,785082351168651,23,1400,206671,5
DEQ,785082546697550,23,1028,195720413,64
DEQ,785082546705079,23,1400,195663598,63
DEQ,785082546705625,23,1400,195662261,62
DEQ,785082546709680,23,1400,195587117,61
DEQ,785082546744854,23,1400,195620366,64
DEQ,785082546839760,23,1028,194974735,64
DEQ,785082546842848,23,1028,194076573,63
DEQ,785082546872555,23,1028,193206898,64
DEQ,785082546985180,23,1028,192420326,64
DEQ,785082546988209,23,1028,191506715,63
DEQ,785082546988793,23,1028,190605610,62
DEQ,785082546990801,23,1028,189735451,61
DEQ,785082547072294,23,1028,188919829,64
DEQ,785082547075112,23,1028,187969199,63
DEQ,785082547095402,23,1028,187000196,64
DEQ,785082547189695,23,1028,186099630,64
DEQ,785082547192346,23,1028,185103134,63
DEQ,785082547194205,23,1028,184111951,62
DEQ,785082547297829,23,1028,183223894,64
DEQ,785082547300897,23,1028,182232028,63
DEQ,785082547301382,23,1028,181238555,62
DEQ,785082547390393,23,1028,180336698,64
DEQ,785082547393405,23,1028,179343387,63
DEQ,785082547393887,23,1028,178345442,62
DEQ,785082547472791,23,1028,177430257,64
DEQ,785082547475632,23,1028,176443040,63
DEQ,785082547488188,23,1028,175457524,64
DEQ,785082547579379,23,1028,174555038,64
DEQ,785082547582364,23,1028,173629579,63
DEQ,785082547595656,23,1028,172654078,64
DEQ,785082547684951,23,1028,171828199,64
DEQ,785082547687751,23,1028,170936043,63
DEQ,785082547689845,23,1028,170035407,62
DEQ,785082547826081,23,1028,169267878,64
DEQ,785082547828930,23,1028,168366753,63
DEQ,785082547829425,23,1028,167480653,62
DEQ,785082547914443,23,1028,166687586,64
DEQ,785082547921498,23,1028,165788920,63
DEQ,785082547923772,23,1028,164797093,62
DEQ,785082547997665,23,1028,163868378,61
DEQ,785082548005523,23,1028,162883019,60
DEQ,785082548098028,23,1028,161981851,59
DEQ,785082548100849,23,1028,160989031,58
DEQ,785082548101369,23,1028,159999357,57
DEQ,785082548109887,23,1028,159016955,56
DEQ,785082548203839,23,1028,158110774,55
DEQ,785082548206779,23,1028,157121618,54
DEQ,785082548290955,23,1028,156205589,53
DEQ,785082548293732,23,1028,155215002,52
DEQ,785082548294305,23,1028,154215760,51
DEQ,785082548379346,23,1028,153305373,50
DEQ,785082548382265,23,1028,152314756,49
DEQ,785082548382734,23,1028,151324783,48
DEQ,785082548478519,23,1028,150428707,47
DEQ,785082548485363,23,1028,149444856,46
DEQ,785082548486039,23,1028,148453753,45
DEQ,785082548507011,23,1028,147474811,45
DEQ,785082548539725,23,1028,146514804,44
DEQ,785082548583864,23,1028,145564021,43
DEQ,785082548624462,23,1028,144602584,42
DEQ,785082548659217,23,1028,143638386,41
DEQ,785082548660714,23,1028,142648686,40
DEQ,785082548699431,23,1028,141686909,39
DEQ,785082548739372,23,1028,140725959,38
DEQ,785082548783358,23,1028,139775196,37
DEQ,785082548819338,23,1028,2108090,36
DEQ,785082548859201,23,1028,2138768,35
DEQ,785082548902464,23,1028,2179723,34
DEQ,785082548903952,23,1028,2178219,33
DEQ,785082548939308,23,1400,2190912,32
DEQ,785082548979224,23,1400,2134161,33
DEQ,785082549019239,23,1400,2150227,32
DEQ,785082549060425,23,1400,2186338,33
DEQ,785082549099275,23,1028,2107373,32
DEQ,785082549143226,23,1028,2147120,31
DEQ,785082549187501,23,1028,2189104,30
DEQ,785082549189003,23,1028,2188351,29
DEQ,785082549226610,23,1028,2149291,28
DEQ,785082549264693,23,1028,2172110,27
DEQ,785082549304789,23,1028,2208459,26
DEQ,785082549352426,23,1028,2157168,25
DEQ,785082549353829,23,1028,2146760,24
DEQ,785082549384781,23,1028,2175407,23
DEQ,785082549429134,23,1028,2125031,23
DEQ,785082549476876,23,1028,2168524,22
DEQ,785082549478023,23,1028,2167229,21
DEQ,785082549514294,23,1028,2117820,20
DEQ,785082549547585,23,1028,2146928,19
DEQ,785082549591372,23,1028,2188422,18
DEQ,785082549635034,23,1028,2156845,17
DEQ,785082549667419,23,1028,2181923,16
DEQ,785082549668585,23,1028,2178354,15
DEQ,785082549714300,23,1028,2129410,14
DEQ,785082549747608,23,1028,2154851,13
DEQ,785082549792117,23,1028,2194701,12
DEQ,785082549828326,23,1028,2136342,11
DEQ,785082549870248,23,1028,2174147,10
DEQ,785082549907701,23,1028,2209021,9
DEQ,785082549908886,23,1028,2076755,8
DEQ,785082549948267,23,1028,2106232,7
DEQ,785082549987594,23,1028,2143430,6
DEQ,785082550041708,23,1028,1550064,5
DEQ,785082550070017,23,1400,1119485,4
DEQ,785082550107158,23,1400,1149029,5
DEQ,785082550147694,23,1400,1125722,4
DEQ,785082550149043,23,1400,1124802,3
DEQ,785082550187653,23,1028,771502,4
DEQ,785082550231593,23,1400,159079,3
DEQ,785082550271063,23,1400,196436,4
DEQ,785082550312307,23,1400,161804,4
DEQ,785082550358480,23,1400,205816,5
DEQ,785082550407314,23,1400,173294,4
DEQ,785082550447295,23,1400,211212,5
DEQ,785082746696684,23,1028,196389854,64
DEQ,785082746703270,23,1400,196387641,63
DEQ,785082746703672,23,1400,196385743,62
DEQ,785082746706653,23,1400,196297227,61
DEQ,785082746796434,23,1400,196385009,64
DEQ,785082746797381,23,1028,195610483,63
DEQ,785082746797846,23,1028,194685513,62
DEQ,785082746823994,23,1028,193738606,64
DEQ,785082746917791,23,1028,192833437,64
DEQ,785082746920508,23,1028,191836023,63
DEQ,785082746920976,23,1028,190845535,62
DEQ,785082746957721,23,1028,189890523,64
DEQ,785082747043996,23,1028,188979323,64
DEQ,785082747046765,23,1028,187987337,63
DEQ,785082747047260,23,1028,186987938,62
DEQ,785082747065227,23,1028,186011927,64
DEQ,785082747142901,23,1028,185096775,64
DEQ,785082747145649,23,1028,184104304,63
DEQ,785082747147448,23,1028,183115982,62
DEQ,785082747227649,23,1028,182202442,64
DEQ,785082747230664,23,1028,181215709,63
DEQ,785082747317614,23,1028,180309398,64
DEQ,785082747320462,23,1028,179336931,63
DEQ,785082747322446,23,1028,178344639,62
DEQ,785082747407692,23,1028,177435138,64
DEQ,785082747410545,23,1028,176452192,63
DEQ,785082747411032,23,1028,175468114,62
DEQ,785082747432411,23,1028,174577179,64
DEQ,785082747523650,23,1028,173772528,64
DEQ,785082747526334,23,1028,172872820,63
DEQ,785082747528101,23,1028,171973035,62
DEQ,785082747602897,23,1028,171145944,64
DEQ,785082747605776,23,1028,170259345,63
DEQ,785082747678290,23,1028,169453790,64
DEQ,785082747681196,23,1028,168546385,63
DEQ,785082747693922,23,1028,167559115,64
DEQ,785082747791737,23,1028,166658649,64
DEQ,785082747794490,23,1028,165655437,63
DEQ,785082747794976,23,1028,164664962,62
DEQ,785082747879211,23,1028,163753484,61
DEQ,785082747881921,23,1028,162751710,60
DEQ,785082747882459,23,1028,161763881,59
DEQ,785082747963619,23,1028,160846962,58
DEQ,785082747966331,23,1028,159860933,57
DEQ,785082747978000,23,1028,158877355,56
DEQ,785082748047895,23,1028,157943485,55
DEQ,785082748068309,23,1028,156968938,54
DEQ,785082748100788,23,1028,156009191,53
DEQ,785082748143012,23,1028,155063101,52
DEQ,785082748180424,23,1028,154101997,51
DEQ,785082748181713,23,1028,153105577,50
DEQ,785082748220979,23,1028,152148605,49
DEQ,785082748260460,23,1028,151191102,48
DEQ,785082748301293,23,1028,150240036,48
DEQ,785082748344829,23,1028,149280648,47
DEQ,785082748350305,23,1028,148283780,46
DEQ,785082748393089,23,1028,147335138,45
DEQ,785082748426696,23,1028,146378734,44
DEQ,785082748471198,23,1028,145425780,43
DEQ,785082748506456,23,1028,144463833,42
DEQ,785082748552087,23,1028,143511668,41
DEQ,785082748586904,23,1028,142549155,40
DEQ,785082748626811,23,1028,141595462,39
DEQ,785082748666773,23,1028,140641170,38
DEQ,785082748668025,23,1028,139642845,37
DEQ,785082748709347,23,1028,2001868,36
DEQ,785082748753242,23,1028,2041341,35
DEQ,785082748786741,23,1028,2072611,34
DEQ,785082748831323,23,1028,2114959,33
DEQ,785082748873719,23,1400,2071022,32
DEQ,785082748906824,23,1400,2089350,33
DEQ,785082748947231,23,1400,2126735,32
DEQ,785082748986687,23,1400,2159981,33
DEQ,785082748987949,23,1028,2064373,32
DEQ,785082749038268,23,1028,2103500,31
DEQ,785082749071842,23,1028,2134873,30
DEQ,785082749111660,23,1028,2153078,29
DEQ,785082749151916,23,1028,2102479,28
DEQ,785082749153344,23,1028,2093138,27
DEQ,785082749226158,23,1028,2163620,27
DEQ,785082749263923,23,1028,2198018,26
DEQ,785082749305059,23,1028,2156488,25
DEQ,785082749345470,23,1028,2192632,24
DEQ,785082749383926,23,1028,2228624,23
DEQ,785082749423907,23,1028,2190697,22
DEQ,785082749425045,23,1028,2187570,21
DEQ,785082749476125,23,1028,2152546,20
DEQ,785082749513892,23,1028,2186032,19
DEQ,785082749555198,23,1028,2225118,18
DEQ,785082749595429,23,1028,2181998,17
DEQ,785082749633629,23,1028,2216101,16
DEQ,785082749673965,23,1028,2254278,15
DEQ,785082749717209,23,1028,2282473,14
DEQ,785082749753939,23,1028,2223934,13
DEQ,785082749794986,23,1028,2260910,12
DEQ,785082749841343,23,1028,2305193,11
DEQ,785082749873897,23,1028,2265037,10
DEQ,785082749914785,23,1028,2301871,9
DEQ,785082749953996,23,1028,2270398,8
DEQ,785082749955136,23,1028,2263943,7
DEQ,785082750004234,23,1028,2308927,6
DEQ,785082750036701,23,1028,1751826,5
DEQ,785082750084552,23,1400,1205544,4
DEQ,785082750124712,23,1400,1241613,6
DEQ,785082750156891,23,1400,1207262,5
DEQ,785082750196502,23,1400,1244832,6
DEQ,785082750245240,23,1028,1069702,5
DEQ,785082750278759,23,1400,191712,4
DEQ,785082750322284,23,1400,233080,5
DEQ,785082750358764,23,1028,240084,4
DEQ,785082750402175,23,1400,242855,3
DEQ,785082750444513,23,1400,282990,4
DEQ,785082750478597,23,1400,197699,3
DEQ,785082750518706,23,1400,235818,4
DEQ,785082750566168,23,1400,161834,3
DEQ,785082750601342,23,1400,195084,4
DEQ,785082750638684,23,1400,157799,3
DEQ,785082750678762,23,1400,195943,4
DEQ,785082750718747,23,1400,150345,3
DEQ,785082750763396,23,1400,193071,4
DEQ,785082750798754,23,1400,157939,3
DEQ,785082750846252,23,1400,203541,4
DEQ,785082750885370,23,1400,164284,3
DEQ,785082750918760,23,1400,195767,4
DEQ,785082750958734,23,1400,157812,3
DEQ,785082750998806,23,1400,195975,4
DEQ,785082751038768,23,1400,151387,3
DEQ,785082946702230,23,1400,195812959,64
DEQ,785082946705617,23,1400,195744848,63
DEQ,785082946706244,23,1400,195743563,62
DEQ,785082946734110,23,1400,195692834,64
DEQ,785082946833153,23,1400,195789813,64
DEQ,785082946834215,23,1028,195730190,63
DEQ,785082946836678,23,1028,194752983,62
DEQ,785082946927139,23,1028,193837804,64
DEQ,785082946930642,23,1028,192844782,63
DEQ,785082946931302,23,1028,191851640,62
DEQ,785082946953174,23,1028,190886551,64
DEQ,785082947025923,23,1028,189967489,64
DEQ,785082947028869,23,1028,188981304,63
DEQ,785082947111255,23,1028,188182582,64
DEQ,785082947114016,23,1028,187275389,63
DEQ,785082947134220,23,1028,186288276,64
STATS,785082947172123,65,68308,11055,10990,0,0,0
DEQ,785082947226886,23,1028,185388209,64
DEQ,785082947229785,23,1028,184399681,63
DEQ,785082947242372,23,1028,183423713,64
DEQ,785082947329503,23,1028,182513618,64
DEQ,785082947332315,23,1028,181529996,63
DEQ,785082947344931,23,1028,180631200,64
DEQ,785082947438161,23,1028,179823883,64
DEQ,785082947440839,23,1028,178922981,63
DEQ,785082947442854,23,1028,178022842,62
DEQ,785082947557143,23,1028,177251067,64
DEQ,785082947559901,23,1028,176376325,63
DEQ,785082947561534,23,1028,175421710,62
DEQ,785082947646977,23,1028,174515103,64
DEQ,785082947649809,23,1028,173514646,63
DEQ,785082947651582,23,1028,172524155,62
DEQ,785082947728488,23,1028,171605745,64
DEQ,785082947731400,23,1028,170613751,63
DEQ,785082947804896,23,1028,169692148,64
DEQ,785082947807774,23,1028,168701424,63
DEQ,785082947877468,23,1028,167771295,64
DEQ,785082947880359,23,1028,166783927,63
DEQ,785082947953777,23,1028,165980123,64
DEQ,785082947956672,23,1028,164997974,63
DEQ,785082948021770,23,1028,164066819,62
DEQ,785082948024414,23,1028,163155481,61
DEQ,785082948026036,23,1028,162260408,60
DEQ,785082948116189,23,1028,161462257,59
DEQ,785082948118985,23,1028,160559323,58
DEQ,785082948190725,23,1028,159729865,57
DEQ,785082948193462,23,1028,158844071,56
DEQ,785082948195077,23,1028,157967917,55
DEQ,785082948265856,23,1028,157134444,54
DEQ,785082948268708,23,1028,156139305,53
DEQ,785082948287942,23,1028,155158048,52
DEQ,785082948364698,23,1028,154235395,51
DEQ,785082948378329,23,1028,153263658,50
DEQ,785082948477249,23,1028,152372363,49
DEQ,785082948480557,23,1028,151400478,48
DEQ,785082948482654,23,1028,150403197,48
DEQ,785082948561730,23,1028,149493811,47
DEQ,785082948565027,23,1028,148500344,46
DEQ,785082948647501,23,1028,147588297,45
DEQ,785082948650859,23,1028,146598068,44
DEQ,785082948659592,23,1028,145608029,43
DEQ,785082948737675,23,1028,144687150,42
DEQ,785082948741063,23,1028,143701562,41
DEQ,785082948828731,23,1028,142801705,40
DEQ,785082948832032,23,1028,141807807,39
DEQ,785082948832672,23,1028,140812529,38
DEQ,785082948910220,23,1028,2201481,37
DEQ,785082948913492,23,1028,2200116,36
DEQ,785082948914031,23,1028,2198495,35
DEQ,785082948992943,23,1400,2255602,34
DEQ,785082948996397,23,1400,2158978,33
DEQ,785082949021016,23,1028,2179122,34
DEQ,785082949112507,23,1400,2266977,33
DEQ,785082949115718,23,1400,2182081,32
DEQ,785082949117527,23,1028,2169346,31
DEQ,785082949224565,23,1028,2274160,32
DEQ,785082949227937,23,1028,2273039,31
DEQ,785082949228566,23,1028,2197440,30
DEQ,785082949306791,23,1028,2264734,29
DEQ,785082949310126,23,1028,2193298,28
DEQ,785082949397741,23,1028,2276766,27
DEQ,785082949401121,23,1028,2265574,26
DEQ,785082949401800,23,1028,2166346,25
DEQ,785082949483030,23,1028,2243377,25
DEQ,785082949485827,23,1028,2241978,24
DEQ,785082949486340,23,1028,2151740,23
DEQ,785082949552868,23,1028,2210577,22
DEQ,785082949555484,23,1028,2208874,21
DEQ,785082949557065,23,1028,2112279,20
DEQ,785082949635361,23,1028,2186469,19
DEQ,785082949638144,23,1028,2187063,18
DEQ,785082949649888,23,1028,2086718,17
DEQ,785082949735985,23,1028,2168765,16
DEQ,785082949739554,23,1028,2169944,15
DEQ,785082949815455,23,1028,2162011,14
DEQ,785082949818363,23,1028,2160874,13
DEQ,785082949818920,23,1028,2159250,12
DEQ,785082949930093,23,1028,2195994,11
DEQ,785082949932746,23,1028,2194406,10
DEQ,785082949934401,23,1028,2124175,9
DEQ,785082950040244,23,1028,2225941,8
DEQ,785082950043724,23,1028,2161115,7
DEQ,785082950045835,23,1028,2159168,6
DEQ,785082950124102,23,1028,1642671,5
DEQ,785082950127716,23,1400,1123984,4
DEQ,785082950226112,23,1400,1210523,5
DEQ,785082950229395,23,1400,1106592,4
DEQ,785082950254114,23,1400,1120063,5
DEQ,785082950338498,23,1028,934261,5
DEQ,785082950348635,23,1400,214507,4
DEQ,785082950351144,23,1400,212210,3
DEQ,785082950427833,23,1400,192607,4
DEQ,785082950430668,23,1400,180874,3
DEQ,785083146700894,23,1028,196415607,64
DEQ,785083146703975,23,1400,196348401,63
DEQ,785083146704547,23,1400,196345136,62
DEQ,785083146707643,23,1400,196272070,61
DEQ,785083146745156,23,1400,196305703,64
DEQ,785083146824901,23,1028,195657961,64
DEQ,785083146825880,23,1028,194721644,63
DEQ,785083146924750,23,1028,193840811,64
DEQ,785083146927691,23,1028,192844601,63
DEQ,785083147013354,23,1028,191920266,64
DEQ,785083147016018,23,1028,190926919,63
DEQ,785083147028551,23,1028,189946882,64
DEQ,785083147111760,23,1028,189041202,64
DEQ,785083147114401,23,1028,188050591,63
DEQ,785083147116057,23,1028,187063519,62
DEQ,785083147199111,23,1028,186151678,64
DEQ,785083147201910,23,1028,185156113,63
DEQ,785083147290573,23,1028,184251763,64
DEQ,785083147293534,23,1028,183264462,63
DEQ,785083147294013,23,1028,182272324,62
DEQ,785083147379467,23,1028,181393484,64
DEQ,785083147382277,23,1028,180399880,63
DEQ,785083147470366,23,1028,179493939,64
DEQ,785083147473354,23,1028,178494040,63
DEQ,785083147494113,23,1028,177528206,64
DEQ,785083147562054,23,1028,176684227,64
DEQ,785083147568242,23,1028,175789748,63
DEQ,785083147570165,23,1028,174888263,62
DEQ,785083147673799,23,1028,174089657,64
DEQ,785083147676447,23,1028,173190597,63
DEQ,785083147678319,23,1028,172292937,62
DEQ,785083147777220,23,1028,171505594,64
DEQ,785083147780159,23,1028,170629111,63
DEQ,785083147780637,23,1028,169648107,62
DEQ,785083147855509,23,1028,168725513,64
DEQ,785083147858325,23,1028,167732670,63
DEQ,785083147933697,23,1028,166813827,64
DEQ,785083147936504,23,1028,165811387,63
DEQ,785083148011375,23,1028,164889021,62
DEQ,785083148014279,23,1028,163895238,61
DEQ,785083148103110,23,1028,162989497,60
DEQ,785083148105788,23,1028,162005277,59
DEQ,785083148110972,23,1028,161004520,58
DEQ,785083148204449,23,1028,160095195,57
DEQ,785083148207406,23,1028,159103835,56
DEQ,785083148219082,23,1028,158119888,55
DEQ,785083148309914,23,1028,157214165,54
DEQ,785083148312662,23,1028,156223833,53
DEQ,785083148314387,23,1028,155234688,52
DEQ,785083148415960,23,1028,154346267,51
DEQ,785083148418672,23,1028,153352151,50
DEQ,785083148422684,23,1028,152363762,49
DEQ,785083148463502,23,1028,151406586,49
DEQ,785083148505518,23,1028,150449710,48
DEQ,785083148537868,23,1028,149491861,47
DEQ,785083148583549,23,1028,148544708,46
DEQ,785083148624205,23,1028,147593317,45
DEQ,785083148657706,23,1028,146638333,44
DEQ,785083148700181,23,1028,145684183,43
DEQ,785083148737760,23,1028,144725829,42
DEQ,785083148739084,23,1028,143732819,41
DEQ,785083148788426,23,1028,142806561,40
DEQ,785083148821860,23,1028,141851312,39
DEQ,785083148861685,23,1028,140892492,38
DEQ,785083148902119,23,1028,140017578,37
DEQ,785083148903344,23,1028,2194428,36
DEQ,785083148976553,23,1028,2257344,35
DEQ,785083149014300,23,1028,2292851,34
DEQ,785083149053937,23,1028,2330247,33
DEQ,785083149094044,23,1400,2345342,32
DEQ,785083149134110,23,1400,2306296,33
DEQ,785083149174256,23,1400,2340779,32
DEQ,785083149214154,23,1400,2284493,33
DEQ,785083149261457,23,1028,2327336,32
DEQ,785083149294139,23,1028,2275960,31
DEQ,785083149336468,23,1028,2310730,31
DEQ,785083149374116,23,1028,2345047,30
DEQ,785083149375355,23,1028,2258249,29
DEQ,785083149423314,23,1028,2302167,28
DEQ,785083149457673,23,1028,2334299,27
DEQ,785083149502908,23,1028,2298857,26
DEQ,785083149545411,23,1028,2329466,25
DEQ,785083149577397,23,1028,2280756,24
DEQ,785083149617658,23,1028,2317020,23
DEQ,785083149659166,23,1028,2356268,22
DEQ,785083149697629,23,1028,2312932,21
DEQ,785083149699050,23,1028,2303092,20
DEQ,785083149759292,23,1028,2283464,19
DEQ,785083149793635,23,1028,2302258,18
DEQ,785083149837403,23,1028,2341631,17
DEQ,785083149873733,23,1028,2301672,16
DEQ,785083149917019,23,1028,2340372,15
DEQ,785083149958396,23,1028,2379520,14
DEQ,785083149999184,23,1028,2319022,13
DEQ,785083150033541,23,1028,2349336,12
DEQ,785083150034750,23,1028,2348714,11
DEQ,785083150078299,23,1028,2295512,10
DEQ,785083150116842,23,1028,2329951,9
DEQ,785083150164109,23,1028,2375028,8
DEQ,785083150197114,23,1028,2336518,8
DEQ,785083150198425,23,1028,2333714,7
DEQ,785083150257256,23,1028,1824645,6
DEQ,785083150290694,23,1400,1192464,5
DEQ,785083150330706,23,1400,1230250,6
DEQ,785083150390084,23,1400,1213612,5
DEQ,785083150430400,23,1400,1251876,6
DEQ,785083150470431,23,1028,1159521,5
DEQ,785083150510714,23,1028,340835,4
DEQ,785083150550523,23,1400,257644,3
DEQ,785083150590614,23,1400,295659,4
DEQ,785083150630466,23,1400,238358,3
DEQ,785083150674124,23,1400,280083,4
DEQ,785083346673735,23,1400,196120951,64
DEQ,785083346676767,23,1400,196121987,63
DEQ,785083346677270,23,1400,196044711,62
DEQ,785083346679357,23,1400,196044710,61
DEQ,785083346708472,23,1028,195664257,64
DEQ,785083346803815,23,1028,194856199,64
DEQ,785083346806795,23,1028,193958368,63
DEQ,785083346835850,23,1028,193072541,64
DEQ,785083346948393,23,1028,192284935,64
DEQ,785083346951203,23,1028,191388526,63
DEQ,785083346951688,23,1028,190489565,62
DEQ,785083347037491,23,1028,189703460,64
DEQ,785083347040266,23,1028,188822174,63
DEQ,785083347055897,23,1028,187921009,64
DEQ,785083347130686,23,1028,187004226,64
DEQ,785083347133478,23,1028,186016224,63
DEQ,785083347219656,23,1028,185105570,64
DEQ,785083347222399,23,1028,184106706,63
DEQ,785083347236642,23,1028,183132750,64
DEQ,785083347275793,23,1028,182173209,64
DEQ,785083347338454,23,1028,181237600,64
DEQ,785083347372863,23,1028,180279768,64
DEQ,785083347416583,23,1028,179334695,64
DEQ,785083347453674,23,1028,178381727,64
DEQ,785083347500270,23,1028,177435534,64
DEQ,785083347501560,23,84,176963042,63
DEQ,785083347536187,23,1028,176475932,64
DEQ,785083347572873,23,1028,175514768,64
DEQ,785083347612590,23,1028,174555589,64
DEQ,785083347652592,23,1028,173600144,64
DEQ,785083347692969,23,1028,172645395,64
DEQ,785083347694121,23,1028,171655704,63
DEQ,785083347732834,23,1028,170705122,64
DEQ,785083347772874,23,1028,169752144,64
DEQ,785083347774064,23,1028,168763743,63
DEQ,785083347823522,23,1028,167828320,64
DEQ,785083347859620,23,1028,166869324,64
DEQ,785083347899961,23,1028,165976419,64
DEQ,785083347945320,23,1028,165029225,63
DEQ,785083347979858,23,1028,164151384,62
DEQ,785083348027726,23,1028,163298790,61
DEQ,785083348059389,23,1028,162429619,60
DEQ,785083348099761,23,1028,161566289,59
DEQ,785083348142286,23,1028,160707426,58
DEQ,785083348180056,23,1028,159859092,57
DEQ,785083348181281,23,1028,158982271,56
DEQ,785083348223869,23,1028,158092050,55
DEQ,785083348259963,23,1028,157132623,54
DEQ,785083348261199,23,1028,156128421,53
DEQ,785083348309548,23,1028,155184251,52
DEQ,785083348342868,23,1028,154222537,51
DEQ,785083348382838,23,1028,153274223,50
DEQ,785083348422742,23,1028,152320331,50
DEQ,785083348424167,23,1028,151332344,49
DEQ,785083348476489,23,1028,150383085,48
DEQ,785083348514210,23,1028,149422068,47
DEQ,785083348554405,23,1028,148465115,46
DEQ,785083348597244,23,1028,147630326,45
DEQ,785083348634189,23,1028,146677249,44
DEQ,785083348635437,23,1028,145693260,43
DEQ,785083348680532,23,1028,144827575,42
DEQ,785083348714705,23,1028,143963388,41
DEQ,785083348760297,23,1028,143104240,40
DEQ,785083348794866,23,1028,142236738,39
DEQ,785083348796115,23,1028,141335008,38
DEQ,785083348870554,23,1028,2190212,37
DEQ,785083348904053,23,1028,2211991,36
DEQ,785083348947493,23,1028,2253261,35
DEQ,785083348983725,23,1028,2287012,34
DEQ,785083349025711,23,1400,2314768,33
DEQ,785083349063621,23,1400,2255115,34
DEQ,785083349109461,23,1400,2276723,33
DEQ,785083349147291,23,1400,2310807,34
DEQ,785083349187352,23,1028,2233406,33
DEQ,785083349227262,23,1028,2266411,32
DEQ,785083349268092,23,1028,2305200,32
DEQ,785083349304200,23,1028,2254766,31
DEQ,785083349305517,23,1028,2252049,30
DEQ,785083349351670,23,1028,2295187,29
DEQ,785083349389217,23,1028,2253402,28
DEQ,785083349430426,23,1028,2290546,27
DEQ,785083349472274,23,1028,2247598,26
DEQ,785083349509214,23,1028,2280473,25
DEQ,785083349510367,23,1028,2273140,24
DEQ,785083349556718,23,1028,2279469,23
DEQ,785083349590027,23,1028,2250021,22
DEQ,785083349635468,23,1028,2261321,21
DEQ,785083349670044,23,1028,2252152,20
DEQ,785083349671225,23,1028,2216308,19
DEQ,785083349744665,23,1028,2242061,18
DEQ,785083349779127,23,1028,2274451,17
DEQ,785083349818957,23,1028,2281433,16
DEQ,785083349820093,23,1028,2245950,15
DEQ,785083349883844,23,1028,2269942,14
DEQ,785083349916951,23,1028,2263097,13
DEQ,785083349962975,23,1028,2267996,12
DEQ,785083349996963,23,1028,2299955,11
DEQ,785083350042564,23,1028,2308280,10
DEQ,785083350076784,23,1028,2301946,9
DEQ,785083350121589,23,1028,2344653,8
DEQ,785083350157021,23,1028,2332230,8
DEQ,785083350158294,23,1028,2297399,7
DEQ,785083350200633,23,1028,1810361,6
DEQ,785083350236984,23,1400,1207328,5
DEQ,785083350281641,23,1400,1249958,6
DEQ,785083350318768,23,1400,1206950,5
DEQ,785083350356389,23,1400,1242499,6
DEQ,785083350399065,23,1028,1138540,5
DEQ,785083350400270,23,1028,272581,4
DEQ,785083350442968,23,1400,203354,3
DEQ,785083350482891,23,1400,241371,4
DEQ,785083350532050,23,1400,211287,3
DEQ,785083350571699,23,1400,249051,4
DEQ,785083350620815,23,1400,175698,3
DEQ,785083350660692,23,1400,213664,4
DEQ,785083350702038,23,1400,167852,3
DEQ,785083350742245,23,1400,206016,4
DEQ,785083350782056,23,1400,159194,3
DEQ,785083350822371,23,1400,197583,4
DEQ,785083350862318,23,1400,158017,3
DEQ,785083350902332,23,1400,196104,4
DEQ,785083350942099,23,1400,157878,3
DEQ,785083350983116,23,1400,196870,4
DEQ,785083351027135,23,1400,162730,4
DEQ,785083351062328,23,1400,196133,5
DEQ,785083351104107,23,1400,159892,4
DEQ,785083351142365,23,1400,196139,5
DEQ,785083351182327,23,1028,195061,4
DEQ,785083351225655,23,1400,196483,3
DEQ,785083351262606,23,1400,231416,4
DEQ,785083546706728,23,1400,195600593,64
DEQ,785083546709976,23,1400,195601928,63
DEQ,785083546710532,23,1400,195482694,62
DEQ,785083546742231,23,1400,195512504,64
DEQ,785083546771539,23,1028,194896387,64
DEQ,785083546810797,23,1028,194034290,64
DEQ,785083546852615,23,1028,193175285,64
DEQ,785083546891001,23,1028,192314025,64
DEQ,785083546891636,23,1028,191415935,63
DEQ,785083546931023,23,1028,190553889,64
DEQ,785083546971020,23,1028,189712886,64
DEQ,785083547015267,23,1028,188908179,64
DEQ,785083547099107,23,1028,188005039,64
DEQ,785083547101916,23,1028,187012549,63
DEQ,785083547102331,23,1028,186016675,62
DEQ,785083547117932,23,1028,185036221,64
DEQ,785083547193599,23,1028,184120842,64
DEQ,785083547196475,23,1028,183127887,63
DEQ,785083547279855,23,1028,182221329,64
DEQ,785083547282546,23,1028,181223151,63
DEQ,785083547282947,23,1028,180226907,62
DEQ,785083547378586,23,1028,179329416,64
DEQ,785083547381280,23,1028,178335230,63
DEQ,785083547383153,23,1028,177339865,62
DEQ,785083547465046,23,1028,176431061,64
DEQ,785083547467842,23,1028,175441010,63
DEQ,785083547480224,23,1028,174459214,64
DEQ,785083547550114,23,1028,173534007,64
DEQ,785083547552983,23,1028,172544218,63
DEQ,785083547573683,23,1028,171576350,64
DEQ,785083547642079,23,1028,170638780,64
DEQ,785083547644943,23,1028,169645111,63
DEQ,785083547664970,23,1028,168673579,64
DEQ,785083547740341,23,1028,167758058,64
DEQ,785083547743186,23,1028,166772584,63
DEQ,785083547755724,23,1028,165796647,64
DEQ,785083547836182,23,1028,164965715,64
DEQ,785083547839062,23,1028,164069986,63
DEQ,785083547903076,23,1028,163231890,62
DEQ,785083547905903,23,1028,162333961,61
DEQ,785083547974335,23,1028,161485625,60
DEQ,785083547977151,23,1028,160588438,59
DEQ,785083547989293,23,1028,159715036,58
DEQ,785083548093642,23,1028,158942957,57
DEQ,785083548096359,23,1028,157964724,56
DEQ,785083548098250,23,1028,156972480,55
DEQ,785083548185137,23,1028,156066085,54
DEQ,785083548187675,23,1028,155075144,53
DEQ,785083548189378,23,1028,154199131,52
DEQ,785083548300312,23,1028,153323121,51
DEQ,785083548302994,23,1028,152333375,50
DEQ,785083548306600,23,1028,151417695,49
DEQ,785083548352492,23,1028,150571950,49
DEQ,785083548390184,23,1028,149707446,48
DEQ,785083548433320,23,1028,148848975,47
DEQ,785083548469894,23,1028,148011587,46
DEQ,785083548510122,23,1028,147178038,45
DEQ,785083548550158,23,1028,146340696,44
DEQ,785083548551343,23,1028,145419386,43
DEQ,785083548601600,23,1028,144473595,42
DEQ,785083548639204,23,1028,143514267,41
DEQ,785083548680094,23,1028,142673792,40
DEQ,785083548720263,23,1028,141730006,39
DEQ,785083548759189,23,1028,140774020,38
DEQ,785083548799731,23,1028,139828697,37
DEQ,785083548800915,23,1028,2087182,36
DEQ,785083548851369,23,1028,2124717,35
DEQ,785083548889223,23,1028,2156633,34
DEQ,785083548929873,23,1400,2185166,33
DEQ,785083548972096,23,1400,2199977,34
DEQ,785083549009368,23,1028,2197317,33
DEQ,785083549049378,23,1400,2190667,32
DEQ,785083549089438,23,1400,2196982,33
DEQ,785083549129550,23,1028,2234732,32
DEQ,785083549130854,23,1028,2198256,31
DEQ,785083549171176,23,1028,2199610,30
DEQ,785083549209489,23,1028,2192063,30
DEQ,785083549252955,23,1028,2147681,29
DEQ,785083549289320,23,1028,2176134,28
DEQ,785083549329277,23,1028,2213964,27
DEQ,785083549330464,23,1028,2211914,26
DEQ,785083549378257,23,1028,2179373,25
DEQ,785083549412458,23,1028,2206572,24
DEQ,785083549456270,23,1028,2170557,23
DEQ,785083549496985,23,1028,2207273,22
DEQ,785083549532361,23,1028,2240590,21
DEQ,785083549533603,23,1028,2149325,20
DEQ,785083549576106,23,1028,2187730,19
DEQ,785083549612442,23,1028,2221860,18
DEQ,785083549657104,23,1028,2187036,17
DEQ,785083549692170,23,1028,2214449,16
DEQ,785083549693351,23,1028,2211622,15
DEQ,785083549760090,23,1028,2204630,14
DEQ,785083549793585,23,1028,2222625,13
DEQ,785083549838409,23,1028,2263214,12
DEQ,785083549873570,23,1028,2226318,11
DEQ,785083549917270,23,1028,2255172,10
DEQ,785083549953382,23,1028,2287072,9
DEQ,785083549995046,23,1028,2249583,8
DEQ,785083550033738,23,1028,2280622,8
DEQ,785083550034957,23,1028,2278656,7
DEQ,785083550101592,23,1028,1786912,6
DEQ,785083550139234,23,1400,1205268,5
DEQ,785083550179436,23,1400,1243406,6
DEQ,785083550225403,23,1400,1173824,5
DEQ,785083550259437,23,1400,1205883,6
DEQ,785083550303063,23,1028,1105781,5
DEQ,785083550346023,23,1028,341342,4
DEQ,785083550347167,23,1400,205731,3
DEQ,785083550400254,23,1400,256820,4
DEQ,785083746704292,23,1400,196476701,64
DEQ,785083746707454,23,1400,196477939,63
DEQ,785083746708023,23,1400,196359490,62
DEQ,785083746731572,23,1400,196381126,64
DEQ,785083746820248,23,1028,195918408,64
DEQ,785083746821121,23,1028,195016181,63
DEQ,785083746821587,23,1028,194115017,62
DEQ,785083746935290,23,1028,193329423,64
DEQ,785083746938191,23,1028,192433224,63
DEQ,785083746938665,23,1028,191533478,62
DEQ,785083746939199,23,1028,190662437,61
DEQ,785083747026339,23,1028,189890378,64
DEQ,785083747038768,23,1028,188918097,64
DEQ,785083747125965,23,1028,188008749,64
DEQ,785083747128668,23,1028,187018271,63
DEQ,785083747130307,23,1028,186025948,62
DEQ,785083747211688,23,1028,185114098,64
DEQ,785083747214464,23,1028,184123169,63
DEQ,785083747234085,23,1028,183147810,64
DEQ,785083747304706,23,1028,182218804,64
DEQ,785083747307420,23,1028,181228892,63
DEQ,785083747398571,23,1028,180332172,64
DEQ,785083747401221,23,1028,179334240,63
DEQ,785083747402901,23,1028,178347621,62
DEQ,785083747482363,23,1028,177433348,64
DEQ,785083747485314,23,1028,176558290,63
DEQ,785083747504481,23,1028,175591464,64
DEQ,785083747581005,23,1028,174753405,64
DEQ,785083747583887,23,1028,173860583,63
DEQ,785083747665728,23,1028,173038811,64
DEQ,785083747668597,23,1028,172142253,63
DEQ,785083747744928,23,1028,171314562,64
DEQ,785083747747799,23,1028,170429322,63
DEQ,785083747822971,23,1028,169626765,64
DEQ,785083747825593,23,1028,168693571,63
DEQ,785083747827332,23,1028,167700410,62
DEQ,785083747958668,23,1028,166839011,64
DEQ,785083747961518,23,1028,165843546,63
DEQ,785083747961922,23,1028,164848784,62
DEQ,785083748046510,23,1028,163937404,61
DEQ,785083748049153,23,1028,162945313,60
DEQ,785083748074449,23,1028,161971649,59
DEQ,785083748109963,23,1028,161016772,58
DEQ,785083748150114,23,1028,160069147,57
DEQ,785083748195438,23,1028,159170817,56
DEQ,785083748232809,23,1028,158218408,55
DEQ,785083748270317,23,1028,157261525,54
DEQ,785083748271651,23,1028,156272045,53
DEQ,785083748321827,23,1028,155326212,52
DEQ,785083748322332,23,1028,154333033,51
DEQ,785083748359966,23,1028,153382585,50
DEQ,785083748413313,23,1028,152449070,50
DEQ,785083748445667,23,1028,151488379,49
DEQ,785083748480200,23,1028,150610607,48
DEQ,785083748520197,23,1028,149748360,47
DEQ,785083748560267,23,1028,148884274,46
DEQ,785083748561874,23,1028,147981375,45
DEQ,785083748604778,23,1028,147121146,44
DEQ,785083748640151,23,1028,146256042,43
DEQ,785083748681504,23,1028,145410750,42
DEQ,785083748721993,23,1028,144573136,41
DEQ,785083748759902,23,1028,143627485,40
DEQ,785083748800714,23,1028,142785874,39
DEQ,785083748840213,23,1028,141834364,38
DEQ,785083748880542,23,1028,140869060,37
DEQ,785083748882089,23,1028,2171903,36
DEQ,785083748922767,23,1028,2204830,35
DEQ,785083748960239,23,1028,2236353,34
DEQ,785083749003129,23,1400,2269316,33
DEQ,785083749045741,23,1400,2222397,34
DEQ,785083749101707,23,1028,2273867,33
DEQ,785083749139378,23,1400,2307944,32
DEQ,785083749179481,23,1400,2238383,33
DEQ,785083749224980,23,1028,2279554,32
DEQ,785083749267982,23,1028,2320423,32
DEQ,785083749298846,23,1028,2349190,31
DEQ,785083749339464,23,1028,2308879,30
DEQ,785083749379489,23,1028,2340129,29
DEQ,785083749380644,23,1028,2249275,28
DEQ,785083749421623,23,1028,2286173,27
DEQ,785083749459484,23,1028,2321896,26
DEQ,785083749503070,23,1028,2286115,25
DEQ,785083749544988,23,1028,2313482,24
DEQ,785083749579457,23,1028,2344736,23
DEQ,785083749623007,23,1028,2313414,22
DEQ,785083749659579,23,1028,2338564,21
DEQ,785083749660784,23,1028,2256828,20
DEQ,785083749706866,23,1028,2298777,19
DEQ,785083749741357,23,1028,2331079,18
DEQ,785083749785744,23,1028,2298239,17
DEQ,785083749821218,23,1028,2329567,16
DEQ,785083749869216,23,1028,2362375,15
DEQ,785083749905996,23,1028,2319970,14
DEQ,785083749948868,23,1028,2351853,13
DEQ,785083749984821,23,1028,2313944,12
DEQ,785083750034334,23,1028,2352351,11
DEQ,785083750065208,23,1028,2315063,10
DEQ,785083750109139,23,1028,2354893,10
DEQ,785083750145092,23,1028,2315701,9
DEQ,785083750185650,23,1028,2352169,8
DEQ,785083750226563,23,1028,2390922,7
DEQ,785083750227751,23,1028,1860154,6
DEQ,785083750264823,23,1400,1249346,5
DEQ,785083750304959,23,1400,1283785,6
DEQ,785083750370729,23,1400,1229133,5
DEQ,785083750416680,23,1400,1273038,6
DEQ,785083750451194,23,1028,1210581,5
DEQ,785083750452411,23,1028,353426,4
DEQ,785083750510834,23,1400,243761,3
DEQ,785083750558521,23,1400,289374,4
DEQ,785083750599090,23,1400,226401,3
DEQ,785083750631316,23,1400,256651,4
DEQ,785083750670933,23,1400,157722,3
DEQ,785083750711346,23,1400,196151,4
DEQ,785083750750836,23,1400,149536,3
DEQ,785083750791313,23,1400,188032,4
DEQ,785083750831316,23,1400,158293,3
DEQ,785083750879835,23,1400,204865,4
DEQ,785083750919742,23,1400,166758,3
DEQ,785083750964171,23,1400,209206,4
DEQ,785083751000948,23,1400,167460,4
DEQ,785083751040233,23,1400,204841,5
DEQ,785083751080205,23,1400,158405,4
DEQ,785083751120174,23,1400,196409,5
DEQ,785083751167908,23,1028,198396,4
DEQ,785083751221213,23,1400,217868,3
DEQ,785083751268673,23,1400,263405,4
DEQ,785083751301300,23,1400,218715,3
DEQ,785083946705250,23,1400,195620618,64
DEQ,785083946708416,23,1400,195485150,63
DEQ,785083946708907,23,1400,195483521,62
DEQ,785083946733384,23,1400,195429977,64
DEQ,785083946839255,23,1400,195533952,64
DEQ,785083946858241,23,1028,195000511,63
DEQ,785083946861242,23,1028,194102544,62
DEQ,785083946957418,23,1028,193299583,64
DEQ,785083946960637,23,1028,192390625,63
DEQ,785083946962840,23,1028,191490837,62
DEQ,785083947043969,23,1028,190672863,64
DEQ,785083947055981,23,1028,189813579,64
DEQ,785083947130722,23,1028,188997319,64
DEQ,785083947138040,23,1028,188002670,63
DEQ,785083947219363,23,1028,187090171,64
DEQ,785083947222283,23,1028,186102448,63
STATS,785083947228065,64,67280,11646,11582,0,0,0
DEQ,785083947235023,23,1028,185116769,64
DEQ,785083947324294,23,1028,184211545,64
DEQ,785083947327349,23,1028,183218275,63
DEQ,785083947327948,23,1028,182223668,62
DEQ,785083947419370,23,1028,181323440,64
DEQ,785083947422019,23,1028,180327465,63
DEQ,785083947423712,23,1028,179331536,62
DEQ,785083947506209,23,1028,178417756,64
DEQ,785083947509088,23,1028,177428694,63
DEQ,785083947597456,23,1028,176526904,64
DEQ,785083947600263,23,1028,175540202,63
DEQ,785083947674754,23,1028,174617884,64
DEQ,785083947677614,23,1028,173622154,63
DEQ,785083947690621,23,1028,172638897,64
DEQ,785083947767416,23,1028,171722777,64
DEQ,785083947770216,23,1028,170737464,63
DEQ,785083947839167,23,1028,169812932,64
DEQ,785083947841930,23,1028,168814819,63
DEQ,785083947917317,23,1028,167896571,64
DEQ,785083947920139,23,1028,166903016,63
DEQ,785083947932738,23,1028,165940262,64
DEQ,785083948011392,23,1028,165024999,64
DEQ,785083948015121,23,1028,164033666,63
DEQ,785083948093457,23,1028,163122735,62
DEQ,785083948096387,23,1028,162140458,61
DEQ,785083948164449,23,1028,161293664,60
DEQ,785083948167161,23,1028,160401167,59
DEQ,785083948168822,23,1028,159499777,58
DEQ,785083948243957,23,1028,158672013,57
DEQ,785083948246909,23,1028,157773388,56
DEQ,785083948258821,23,1028,156899445,55
DEQ,785083948371034,23,1028,156134089,54
DEQ,785083948373797,23,1028,155238874,53
DEQ,785083948453300,23,1028,154327641,52
DEQ,785083948456175,23,1028,153337776,51
DEQ,785083948523531,23,1028,152473804,50
DEQ,785083948526281,23,1028,151484691,49
DEQ,785083948544784,23,1028,150503260,49
DEQ,785083948577550,23,1028,149543906,48
DEQ,785083948620297,23,1028,148586981,47
DEQ,785083948657668,23,1028,147627923,46
DEQ,785083948659035,23,1028,146633954,45
DEQ,785083948726960,23,1028,145706539,44
DEQ,785083948764333,23,1028,144748249,43
DEQ,785083948805171,23,1028,143790855,42
DEQ,785083948847664,23,1028,142858340,41
DEQ,785083948884586,23,1028,141889050,40
DEQ,785083948885890,23,1028,140890334,39
DEQ,785083948933231,23,1028,139947658,38
DEQ,785083948966974,23,1028,2255464,37
DEQ,785083949008378,23,1028,2292155,36
DEQ,785083949050143,23,1028,2331305,35
DEQ,785083949086935,23,1400,2350876,34
DEQ,785083949128546,23,1400,2265941,35
DEQ,785083949166763,23,1028,2299786,34
DEQ,785083949206973,23,1400,2336126,33
DEQ,785083949249195,23,1400,2284623,34
DEQ,785083949286865,23,1028,2312083,33
DEQ,785083949326685,23,1028,2346393,32
DEQ,785083949327918,23,1028,2279608,31
DEQ,785083949385362,23,1028,2328839,30
DEQ,785083949419616,23,1028,2279692,30
DEQ,785083949463800,23,1028,2319871,29
DEQ,785083949504201,23,1028,2279618,28
DEQ,785083949538695,23,1028,2309787,27
DEQ,785083949539874,23,1028,2303073,26
DEQ,785083949590440,23,1028,2259636,25
DEQ,785083949623856,23,1028,2283295,24
DEQ,785083949669177,23,1028,2326365,23
DEQ,785083949703628,23,1028,2277888,22
DEQ,785083949745263,23,1028,2315439,21
DEQ,785083949783839,23,1028,2352150,20
DEQ,785083949785030,23,1028,2273703,19
DEQ,785083949824555,23,1028,2301972,18
DEQ,785083949863872,23,1028,2261442,17
DEQ,785083949907323,23,1028,2300930,16
DEQ,785083949951639,23,1028,2271599,15
DEQ,785083949952883,23,1028,2265052,14
DEQ,785083950011489,23,1028,2319469,13
DEQ,785083950044835,23,1028,2272070,12
DEQ,785083950088722,23,1028,2311833,11
DEQ,785083950129354,23,1028,2285187,10
DEQ,785083950164675,23,1028,2316152,9
DEQ,785083950165839,23,1028,2243372,8
DEQ,785083950207455,23,1028,2277359,7
DEQ,785083950244633,23,1028,2310500,6
DEQ,785083950285821,23,1028,1750467,6
DEQ,785083950324652,23,1400,1233402,5
DEQ,785083950364764,23,1400,1271513,6
DEQ,785083950404898,23,1400,1195621,5
DEQ,785083950446433,23,1400,1235122,6
DEQ,785083950484944,23,1028,1071262,5
DEQ,785083950526433,23,1028,250572,4
DEQ,785083950564568,23,1400,237823,3
DEQ,785083950565800,23,1400,237081,2
DEQ,785083950636028,23,1400,228919,3
DEQ,785084146639952,23,1400,196230888,64
DEQ,785084146653794,23,1400,196086219,64
DEQ,785084146750037,23,1400,196180568,64
DEQ,785084146751015,23,1400,196113035,63
DEQ,785084146792586,23,1400,196152640,64
DEQ,785084146908225,23,1028,195766886,64
DEQ,785084146911293,23,1028,194869592,63
DEQ,785084146913217,23,1028,193972521,62
DEQ,785084147006276,23,1028,193164407,64
DEQ,785084147009746,23,1028,192262434,63
DEQ,785084147010307,23,1028,191364494,62
DEQ,785084147033267,23,1028,190488993,64
DEQ,785084147115234,23,1028,189656072,64
DEQ,785084147118037,23,1028,188772722,63
DEQ,785084147118524,23,1028,187895692,62
DEQ,785084147208333,23,1028,187077784,64
DEQ,785084147215837,23,1028,186085735,63
DEQ,785084147216246,23,1028,185094937,62
DEQ,785084147243345,23,1028,184130720,64
DEQ,785084147326359,23,1028,183221697,64
DEQ,785084147362293,23,1028,182262686,64
DEQ,785084147443364,23,1028,181349819,64
DEQ,785084147446803,23,1028,180354955,63
DEQ,785084147466547,23,1028,179386218,64
DEQ,785084147547115,23,1028,178472793,64
DEQ,785084147550534,23,1028,177482219,63
DEQ,785084147551105,23,1028,176467262,62
DEQ,785084147567334,23,1028,175490434,64
DEQ,785084147674849,23,1028,174605440,64
DEQ,785084147678216,23,1028,173613334,63
DEQ,785084147691567,23,1028,172634925,64
DEQ,785084147797587,23,1028,171815236,64
DEQ,785084147801022,23,1028,170819656,63
DEQ,785084147820752,23,1028,169843619,64
DEQ,785084147902425,23,1028,168934314,64
DEQ,785084147905746,23,1028,168025131,63
DEQ,785084147906392,23,1028,167126826,62
DEQ,785084147925401,23,1028,166241407,64
DEQ,785084148008255,23,1028,165422438,63
DEQ,785084148011289,23,1028,164525315,62
DEQ,785084148105368,23,1028,163719490,61
DEQ,785084148108655,23,1028,162837121,60
DEQ,785084148109128,23,1028,161955190,59
DEQ,785084148209336,23,1028,161078224,58
DEQ,785084148212553,23,1028,160080354,57
DEQ,785084148213023,23,1028,159092134,56
DEQ,785084148294607,23,1028,158172076,55
DEQ,785084148297826,23,1028,157185023,54
DEQ,785084148298352,23,1028,156190657,53
DEQ,785084148383359,23,1028,155277154,52
DEQ,785084148386717,23,1028,154290636,51
DEQ,785084148387208,23,1028,153295579,50
DEQ,785084148406778,23,1028,152315184,50
DEQ,785084148437489,23,1028,151349364,49
DEQ,785084148480474,23,1028,150398041,48
DEQ,785084148518500,23,1028,149438641,47
DEQ,785084148557441,23,1028,148479384,46
DEQ,785084148558871,23,1028,147487212,45
DEQ,785084148602127,23,1028,146536601,44
DEQ,785084148639733,23,1028,145582309,43
DEQ,785084148679987,23,1028,144690547,42
DEQ,785084148722841,23,1028,143747189,41
DEQ,785084148760008,23,1028,142787504,40
DEQ,785084148761492,23,1028,141804296,39
DEQ,785084148808225,23,1028,140916999,38
DEQ,785084148841562,23,1028,2197079,37
DEQ,785084148886029,23,1028,2231225,36
DEQ,785084148921793,23,1028,2168167,35
DEQ,785084148923240,23,1400,2163039,34
DEQ,785084149011534,23,1400,2215080,35
DEQ,785084149050672,23,1028,2136238,34
DEQ,785084149090857,23,1400,2170280,33
DEQ,785084149138531,23,1400,2215503,34
DEQ,785084149170694,23,1028,2154349,33
DEQ,785084149172125,23,1028,2143826,32
DEQ,785084149227072,23,1028,2196496,31
DEQ,785084149265997,23,1028,2232103,30
DEQ,785084149304637,23,1028,2183861,30
DEQ,785084149345689,23,1028,2220730,29
DEQ,785084149384649,23,1028,2257501,28
DEQ,785084149424939,23,1028,2206285,27
DEQ,785084149426331,23,1028,2201602,26
DEQ,785084149476815,23,1028,2249929,25
DEQ,785084149514683,23,1028,2270566,24
DEQ,785084149555386,23,1028,2224638,23
DEQ,785084149597797,23,1028,2234145,22
DEQ,785084149599124,23,1028,2149887,21
DEQ,785084149641331,23,1028,2177742,20
DEQ,785084149674857,23,1028,2206604,19
DEQ,785084149718766,23,1028,2164890,18
DEQ,785084149760326,23,1028,2201715,17
DEQ,785084149794758,23,1028,2233780,16
DEQ,785084149796169,23,1028,2227201,15
DEQ,785084149839525,23,1028,2158705,14
DEQ,785084149880722,23,1028,2191961,13
DEQ,785084149914919,23,1028,2221731,12
DEQ,785084149959688,23,1028,2155896,11
DEQ,785084150001513,23,1028,2183881,10
DEQ,785084150034777,23,1028,2212307,9
DEQ,785084150036183,23,1028,2127269,8
DEQ,785084150079443,23,1028,2159108,7
DEQ,785084150114858,23,1028,2192218,6
DEQ,785084150154958,23,1028,1757096,6
DEQ,785084150194813,23,1400,1267653,5
DEQ,785084150196269,23,1400,1266735,4
DEQ,785084150281522,23,1400,1187992,5
DEQ,785084150321608,23,1400,1226171,6
DEQ,785084150361843,23,1028,1079506,5
DEQ,785084150404472,23,1028,263640,4
DEQ,785084150441960,23,1400,243909,3
DEQ,785084150443307,23,1400,243165,2
DEQ,785084150510597,23,1400,226710,3
DEQ,785084150556462,23,1400,270449,4
DEQ,785084150597859,23,1400,152573,3
DEQ,785084150631164,23,1400,183794,4
DEQ,785084346674265,23,1400,196161287,64
DEQ,785084346676797,23,1400,196161689,63
DEQ,785084346678530,23,1400,196078270,62
DEQ,785084346708732,23,1400,196106436,64
DEQ,785084346798155,23,1028,195755571,64
DEQ,785084346799013,23,1028,194858090,63
DEQ,785084346799441,23,1028,193957301,62
DEQ,785084346799882,23,1028,193055844,61
DEQ,785084346818627,23,1028,192174239,64
DEQ,785084346937463,23,1028,191394518,64
DEQ,785084346940917,23,1028,190498667,63
DEQ,785084346941483,23,1028,189600977,62
DEQ,785084347031723,23,1028,188805949,64
DEQ,785084347034441,23,1028,187897997,63
DEQ,785084347034857,23,1028,186894992,62
DEQ,785084347124896,23,1028,185991423,64
DEQ,785084347128174,23,1028,184993843,63
DEQ,785084347148417,23,1028,184010038,64
DEQ,785084347239505,23,1028,183097304,64
DEQ,785084347245722,23,1028,182110760,63
DEQ,785084347257757,23,1028,181133567,64
DEQ,785084347340245,23,1028,180223681,64
DEQ,785084347343097,23,1028,179232275,63
DEQ,785084347343564,23,1028,178238147,62
DEQ,785084347357868,23,84,177386147,64
DEQ,785084347445418,23,1028,177342419,64
DEQ,785084347448176,23,1028,176343280,63
DEQ,785084347460666,23,1028,175362917,64
DEQ,785084347537077,23,1028,174450873,64
DEQ,785084347539899,23,1028,173457385,63
DEQ,785084347622925,23,1028,172545383,64
DEQ,785084347625796,23,1028,171551461,63
DEQ,785084347638264,23,1028,170565892,64
DEQ,785084347712999,23,1028,169648217,64
DEQ,785084347715808,23,1028,168660834,63
DEQ,785084347737934,23,1028,167684690,64
DEQ,785084347826631,23,1028,166772168,64
DEQ,785084347829505,23,1028,165783340,63
DEQ,785084347847256,23,1028,164804583,63
DEQ,785084347976089,23,1028,163937966,62
DEQ,785084347978798,23,1028,162944778,61
DEQ,785084347979312,23,1028,161950842,60
DEQ,785084348072607,23,1028,161046784,59
DEQ,785084348076125,23,1028,160061099,58
DEQ,785084348076609,23,1028,159072501,57
DEQ,785084348153469,23,1028,158149785,56
DEQ,785084348156179,23,1028,157215190,55
DEQ,785084348237691,23,1028,156306479,54
DEQ,785084348240278,23,1028,155396036,53
DEQ,785084348241877,23,1028,154497102,52
DEQ,785084348330698,23,1028,153683147,51
DEQ,785084348333477,23,1028,152784624,50
DEQ,785084348341552,23,1028,151887453,49
DEQ,785084348393763,23,1028,151052976,49
DEQ,785084348427231,23,1028,150208858,48
DEQ,785084348471761,23,1028,149334644,47
DEQ,785084348506930,23,1028,148371751,46
DEQ,785084348547643,23,1028,147414176,45
DEQ,785084348591999,23,1028,146461099,44
DEQ,785084348593257,23,1028,145467326,43
DEQ,785084348626858,23,1028,144507535,42
DEQ,785084348667096,23,1028,143557276,41
DEQ,785084348668256,23,1028,142620001,40
DEQ,785084348710750,23,1028,141667162,39
DEQ,785084348746894,23,1028,140713280,38
DEQ,785084348786732,23,1028,2107559,37
DEQ,785084348826965,23,1028,2135571,36
DEQ,785084348871677,23,1028,2178092,35
DEQ,785084348906869,23,1400,2195893,34
DEQ,785084348947157,23,1400,2145009,35
DEQ,785084348987094,23,1028,2180620,34
DEQ,785084349035203,23,1400,2221557,33
DEQ,785084349067377,23,1400,2251499,34
DEQ,785084349108112,23,1028,2286952,33
DEQ,785084349147114,23,1028,2202974,32
DEQ,785084349186813,23,1028,2238120,31
DEQ,785084349188048,23,1028,2237131,30
DEQ,785084349228005,23,1028,2190864,30
DEQ,785084349267095,23,1028,2225856,29
DEQ,785084349306790,23,1028,2263463,28
DEQ,785084349350551,23,1028,2219492,27
DEQ,785084349392867,23,1028,2247093,26
DEQ,785084349427033,23,1028,2278076,25
DEQ,785084349428223,23,1028,2176856,24
DEQ,785084349477038,23,1028,2221482,23
DEQ,785084349514792,23,1028,2256526,22
DEQ,785084349555684,23,1028,2206489,21
DEQ,785084349597802,23,1028,2244591,20
DEQ,785084349635302,23,1028,2280028,19
DEQ,785084349636439,23,1028,2277583,18
DEQ,785084349682799,23,1028,2229027,17
DEQ,785084349716307,23,1028,2258448,16
DEQ,785084349756371,23,1028,2295191,15
DEQ,785084349799705,23,1028,2257509,14
DEQ,785084349843011,23,1028,2296769,13
DEQ,785084349844168,23,1028,2216053,12
DEQ,785084349893816,23,1028,2258085,11
DEQ,785084349927185,23,1028,2287531,10
DEQ,785084349970919,23,1028,2252863,9
DEQ,785084350006920,23,1028,2277701,8
DEQ,785084350047045,23,1028,2307547,7
DEQ,785084350087453,23,1028,2255739,6
DEQ,785084350127233,23,1028,1779560,6
DEQ,785084350167163,23,1400,1256356,5
DEQ,785084350207114,23,1400,1294086,6
DEQ,785084350249989,23,1400,1212270,5
DEQ,785084350287107,23,1400,1247291,6
DEQ,785084350327717,23,1028,1110083,5
DEQ,785084350366782,23,1028,274476,4
DEQ,785084350368062,23,1400,198904,3
DEQ,785084350417093,23,1400,246006,4
DEQ,785084350464043,23,1400,212080,3
DEQ,785084350499992,23,1400,246145,4
DEQ,785084350537422,23,1400,167914,3
DEQ,785084546675263,23,1400,196303680,64
DEQ,785084546678140,23,1400,196211959,63
DEQ,785084546680171,23,1400,196212052,62
DEQ,785084546768064,23,1400,196228517,64
DEQ,785084546768999,23,1400,196227377,63
DEQ,785084546787212,23,1028,195805258,64
DEQ,785084546879355,23,1028,194976719,64
DEQ,785084546882695,23,1028,194086595,63
DEQ,785084546902796,23,1028,193216476,64
DEQ,785084546989748,23,1028,192413238,64
DEQ,785084546992929,23,1028,191518119,63
DEQ,785084546995034,23,1028,190632281,62
DEQ,785084547109898,23,1028,189882134,64
DEQ,785084547113485,23,1028,188991408,63
DEQ,785084547114181,23,1028,188022831,62
DEQ,785084547135917,23,1028,187060172,64
DEQ,785084547230655,23,1028,186162916,64
DEQ,785084547233379,23,1028,185243420,63
DEQ,785084547233982,23,1028,184259700,62
DEQ,785084547249246,23,1028,183286900,64
DEQ,785084547359650,23,1028,182402705,64
DEQ,785084547362344,23,1028,181493272,63
DEQ,785084547362830,23,1028,180596801,62
DEQ,785084547377028,23,1028,179707959,64
DEQ,785084547467446,23,1028,178896899,64
DEQ,785084547470732,23,1028,178000508,63
DEQ,785084547492005,23,1028,177135838,64
DEQ,785084547574542,23,1028,176340620,64
DEQ,785084547577401,23,1028,175442375,63
DEQ,785084547650128,23,1028,174524495,64
DEQ,785084547652937,23,1028,173515475,63
DEQ,785084547731674,23,1028,172600198,64
DEQ,785084547734637,23,1028,171615287,63
DEQ,785084547735171,23,1028,170621099,62
DEQ,785084547756644,23,1028,169654157,64
DEQ,785084547827088,23,1028,168732394,64
DEQ,785084547830050,23,1028,167738723,63
DEQ,785084547830519,23,1028,166750494,62
DEQ,785084547966330,23,1028,165892296,63
DEQ,785084547968935,23,1028,164895463,62
DEQ,785084547970616,23,1028,163898894,61
DEQ,785084548057231,23,1028,162996026,60
DEQ,785084548059945,23,1028,162000289,59
DEQ,785084548065058,23,1028,161010508,58
DEQ,785084548192992,23,1028,160149683,57
DEQ,785084548195931,23,1028,159159651,56
DEQ,785084548196360,23,1028,158166335,55
DEQ,785084548278480,23,1028,157255739,54
DEQ,785084548281288,23,1028,156268150,53
DEQ,785084548281683,23,1028,155284112,52
DEQ,785084548358309,23,1028,154363664,51
DEQ,785084548361104,23,1028,153375906,50
DEQ,785084548386638,23,1028,152412119,50
DEQ,785084548419896,23,1028,151455050,49
DEQ,785084548463616,23,1028,150506611,48
DEQ,785084548499815,23,1028,149628411,47
DEQ,785084548501003,23,1028,148734658,46
DEQ,785084548547979,23,1028,147878612,45
DEQ,785084548581419,23,1028,147010932,44
DEQ,785084548628778,23,1028,146157182,43
DEQ,785084548669104,23,1028,145277251,42
DEQ,785084548701173,23,1028,144421972,41
DEQ,785084548747197,23,1028,143590360,40
DEQ,785084548781341,23,1028,142762546,39
DEQ,785084548782497,23,1028,141778493,38
DEQ,785084548832066,23,1028,2151046,37
DEQ,785084548865535,23,1028,2179413,36
DEQ,785084548911157,23,1028,2222661,35
DEQ,785084548945455,23,1400,2172379,34
DEQ,785084548985456,23,1400,2208405,35
DEQ,785084549025467,23,1028,2237227,34
DEQ,785084549070916,23,1400,2183910,33
DEQ,785084549105260,23,1400,2205398,34
DEQ,785084549147019,23,1028,2242502,33
DEQ,785084549185276,23,1028,2188893,32
DEQ,785084549227192,23,1028,2225816,31
DEQ,785084549268482,23,1028,2264625,31
DEQ,785084549305524,23,1028,2188330,30
DEQ,785084549306868,23,1028,2175856,29
DEQ,785084549352137,23,1028,2218923,28
DEQ,785084549389854,23,1028,2253277,27
DEQ,785084549431124,23,1028,2194716,26
DEQ,785084549471314,23,1028,2230726,25
DEQ,785084549509932,23,1028,2267222,24
DEQ,785084549550051,23,1028,2300238,23
DEQ,785084549551229,23,1028,2185977,22
DEQ,785084549602151,23,1028,2232847,21
DEQ,785084549639722,23,1028,2268443,20
DEQ,785084549680012,23,1028,2302463,19
DEQ,785084549722230,23,1028,2248993,18
DEQ,785084549723646,23,1028,2245850,17
DEQ,785084549766054,23,1028,2271408,16
DEQ,785084549799880,23,1028,2220220,15
DEQ,785084549844202,23,1028,2260441,14
DEQ,785084549879910,23,1028,2224641,13
DEQ,785084549923056,23,1028,2263693,12
DEQ,785084549967308,23,1028,2229795,11
DEQ,785084549968506,23,1028,2226915,10
DEQ,785084549999776,23,1028,2255808,9
DEQ,785084550040983,23,1028,2282064,8
DEQ,785084550079945,23,1028,2247019,7
DEQ,785084550081129,23,1028,2237596,6
DEQ,785084550131172,23,1028,1760698,5
DEQ,785084550163561,23,1400,1213981,5
DEQ,785084550203489,23,1400,1251781,6
DEQ,785084550263282,23,1400,1190039,5
DEQ,785084550303354,23,1400,1227982,6
DEQ,785084550343318,23,1028,1084961,5
DEQ,785084550383320,23,1028,246533,4
DEQ,785084550423032,23,1400,257282,3
DEQ,785084550466926,23,1400,299183,4
DEQ,785084550511193,23,1400,245963,3
DEQ,785084550543521,23,1400,276237,4
DEQ,785084550607104,23,1400,181887,3
DEQ,785084550656310,23,1400,229219,4
DEQ,785084550695947,23,1400,182788,3
DEQ,785084550736037,23,1400,220979,4
DEQ,785084550799154,23,1400,189972,3
DEQ,785084550839546,23,1400,228424,4
DEQ,785084550879412,23,1400,181371,3
DEQ,785084550919551,23,1400,219469,4
DEQ,785084550959523,23,1400,158279,3
DEQ,785084550999415,23,1400,196279,5
DEQ,785084551044599,23,1400,163012,4
DEQ,785084551079611,23,1400,196068,5
DEQ,785084551119623,23,1400,157895,4
DEQ,785084551168554,23,1400,204822,5
DEQ,785084746695483,23,1028,195702537,64
DEQ,785084746698366,23,1400,195651422,63
DEQ,785084746698927,23,1400,195649960,62
DEQ,785084746786620,23,1400,195664584,64
DEQ,785084746787580,23,1400,195663669,63
DEQ,785084746805684,23,1028,194917915,64
DEQ,785084746893738,23,1028,194103412,64
DEQ,785084746897185,23,1028,193208306,63
DEQ,785084746897787,23,1028,192308439,62
DEQ,785084746919150,23,1028,191430921,64
DEQ,785084747012993,23,1028,190625299,64
DEQ,785084747016209,23,1028,189757405,63
DEQ,785084747016824,23,1028,188884900,62
DEQ,785084747017349,23,1028,187888627,61
DEQ,785084747107193,23,1028,186989290,64
DEQ,785084747109989,23,1028,185998897,63
DEQ,785084747129300,23,1028,185032560,64
DEQ,785084747207662,23,1028,184137720,64
DEQ,785084747210507,23,1028,183157570,63
DEQ,785084747230635,23,1028,182206503,64
DEQ,785084747322053,23,1028,181322119,64
DEQ,785084747324802,23,1028,180350115,63
DEQ,785084747337019,23,1028,179386855,64
DEQ,785084747420281,23,1028,178495968,64
DEQ,785084747422925,23,1028,177602849,63
DEQ,785084747424511,23,1028,176713011,62
DEQ,785084747506440,23,1028,175889210,64
DEQ,785084747509509,23,1028,174990348,63
DEQ,785084747529551,23,1028,174108789,64
DEQ,785084747617896,23,1028,173311020,64
DEQ,785084747620917,23,1028,172436806,63
DEQ,785084747621445,23,1028,171480441,62
DEQ,785084747722751,23,1028,170585045,64
DEQ,785084747725637,23,1028,169589694,63
DEQ,785084747745630,23,1028,168606629,64
DEQ,785084747828081,23,1028,167693850,64
DEQ,785084747830794,23,1028,166696785,63
DEQ,785084747831225,23,1028,165749184,62
DEQ,785084747923730,23,1028,164838438,62
DEQ,785084747926966,23,1028,163837121,61
DEQ,785084747927523,23,1028,162834279,60
DEQ,785084748025382,23,1028,162034560,59
DEQ,785084748027900,23,1028,161043231,58
DEQ,785084748028316,23,1028,160050533,57
DEQ,785084748044200,23,1028,159079275,56
DEQ,785084748073861,23,1028,158112079,55
DEQ,785084748112805,23,1028,157236893,54
DEQ,785084748150631,23,1028,156375890,53
DEQ,785084748195626,23,1028,155512778,52
DEQ,785084748230613,23,1028,154645897,51
DEQ,785084748273958,23,1028,153783457,50
DEQ,785084748315018,23,1028,152924423,50
DEQ,785084748316383,23,1028,152039956,49
DEQ,785084748352954,23,1028,151194348,48
DEQ,785084748390855,23,1028,150246977,47
DEQ,785084748431025,23,1028,149302456,46
DEQ,785084748432305,23,1028,148304646,45
DEQ,785084748511042,23,1028,147379842,44
DEQ,785084748544294,23,1028,146418343,43
DEQ,785084748590090,23,1028,145472946,42
DEQ,785084748624200,23,1028,144572843,41
DEQ,785084748667810,23,1028,143628961,40
DEQ,785084748705128,23,1028,142666113,39
DEQ,785084748745812,23,1028,141710648,38
DEQ,785084748784252,23,1028,140799584,37
DEQ,785084748785407,23,1028,2084410,36
DEQ,785084748825009,23,1028,2119507,35
DEQ,785084748864320,23,1028,2156487,34
DEQ,785084748907764,23,1400,2116427,33
DEQ,785084748944399,23,1400,2148896,34
DEQ,785084748945648,23,1028,2136890,33
DEQ,785084749032020,23,1400,2129888,32
DEQ,785084749079369,23,1400,2165608,33
DEQ,785084749112408,23,1028,2196132,32
DEQ,785084749155261,23,1028,2234599,32
DEQ,785084749192713,23,1028,2172634,31
DEQ,785084749194033,23,1028,2162747,30
DEQ,785084749233919,23,1028,2198069,29
DEQ,785084749272320,23,1028,2233327,28
DEQ,785084749312504,23,1028,2200225,27
DEQ,785084749313655,23,1028,2197316,26
DEQ,785084749357767,23,1028,2227137,25
DEQ,785084749392407,23,1028,2179843,24
DEQ,785084749436851,23,1028,2208946,23
DEQ,785084749477040,23,1028,2245862,22
DEQ,785084749512329,23,1028,2185449,21
DEQ,785084749554790,23,1028,2220350,20
DEQ,785084749597113,23,1028,2259534,19
DEQ,785084749598416,23,1028,2172658,18
DEQ,785084749640986,23,1028,2210939,17
DEQ,785084749674256,23,1028,2242072,16
DEQ,785084749719094,23,1028,2207195,15
DEQ,785084749760805,23,1028,2244697,14
DEQ,785084749794141,23,1028,2262052,13
DEQ,785084749795275,23,1028,2171373,12
DEQ,785084749870992,23,1028,2235535,11
DEQ,785084749904583,23,1028,2266857,10
DEQ,785084749948942,23,1028,2221114,9
DEQ,785084749983939,23,1028,2241009,8
DEQ,785084750030965,23,1028,2283808,8
DEQ,785084750032196,23,1028,2198763,7
DEQ,785084750064796,23,1028,1784572,6
DEQ,785084750104646,23,1400,1192906,5
DEQ,785084750146939,23,1400,1233083,6
DEQ,785084750190181,23,1400,1155843,5
DEQ,785084750231501,23,1400,1195155,6
DEQ,785084750271328,23,1028,1121972,5
DEQ,785084750315019,23,1028,310090,4
DEQ,785084750352997,23,1400,246215,3
DEQ,785084750391146,23,1400,282361,4
DEQ,785084750432257,23,1400,239912,3
DEQ,785084750474754,23,1400,280470,4
DEQ,785084946676587,23,1400,196321471,64
DEQ,785084946679451,23,1400,196322762,63
DEQ,785084946679875,23,1400,196245536,62
DEQ,785084946682049,23,1400,196245809,61
DEQ,785084946708357,23,1028,195814978,64
DEQ,785084946820362,23,1028,195025644,64
DEQ,785084946829905,23,1028,194134860,63
DEQ,785084946831403,23,1028,193222777,62
DEQ,785084946833319,23,1028,192322777,61
DEQ,785084946926153,23,1028,191516563,64
DEQ,785084946929439,23,1028,190633949,63
DEQ,785084946929958,23,1028,189757063,62
DEQ,785084947029807,23,1028,188892624,64
DEQ,785084947032545,23,1028,187902606,63
DEQ,785084947032982,23,1028,186911867,62
DEQ,785084947054295,23,1028,185939140,64
DEQ,785084947134350,23,1028,185024759,64
DEQ,785084947137100,23,1028,184028836,63
DEQ,785084947216010,23,1028,183118962,64
DEQ,785084947218684,23,1028,182128316,63
STATS,785084947265987,65,68308,12231,12166,0,0,0
DEQ,785084947307848,23,1028,181222085,64
DEQ,785084947310623,23,1028,180232282,63
DEQ,785084947322985,23,1028,179249268,64
DEQ,785084947405010,23,1028,178333145,64
DEQ,785084947407595,23,1028,177337614,63
DEQ,785084947409273,23,1028,176347499,62
DEQ,785084947489925,23,1028,175437889,64
DEQ,785084947492747,23,1028,174451075,63
DEQ,785084947513545,23,1028,173499884,64
DEQ,785084947588930,23,1028,172593946,64
DEQ,785084947591807,23,1028,171619041,63
DEQ,785084947604037,23,1028,170667575,64
DEQ,785084947682907,23,1028,169766838,64
DEQ,785084947685823,23,1028,168874092,63
DEQ,785084947686383,23,1028,167975790,62
DEQ,785084947772964,23,1028,167167151,64
DEQ,785084947775647,23,1028,166268657,63
DEQ,785084947777315,23,1028,165358770,62
DEQ,785084947862051,23,1028,164556121,62
DEQ,785084947865647,23,1028,163678806,61
DEQ,785084947944611,23,1028,162808593,60
DEQ,785084947947482,23,1028,161813773,59
DEQ,785084947947956,23,1028,160822033,58
DEQ,785084948071085,23,1028,159946293,57
DEQ,785084948074534,23,1028,158954471,56
DEQ,785084948075164,23,1028,157957097,55
DEQ,785084948153834,23,1028,157038014,54
DEQ,785084948157207,23,1028,156043141,53
DEQ,785084948157865,23,1028,155044978,52
DEQ,785084948241412,23,1028,154139309,51
DEQ,785084948247959,23,1028,153149538,50
DEQ,785084948248474,23,1028,152160869,49
DEQ,785084948265130,23,1028,151181734,49
DEQ,785084948294805,23,1028,150210107,48
DEQ,785084948339048,23,1028,149319161,47
DEQ,785084948374450,23,1028,148359698,46
DEQ,785084948375646,23,1028,147366045,45
DEQ,785084948425787,23,1028,146426773,44
DEQ,785084948459201,23,1028,145467141,43
DEQ,785084948498999,23,1028,144513718,42
DEQ,785084948540078,23,1028,143562255,41
DEQ,785084948578996,23,1028,142615447,40
DEQ,785084948621766,23,1028,141670462,39
DEQ,785084948666002,23,1028,140804117,38
DEQ,785084948667163,23,1028,139906710,37
DEQ,785084948727364,23,1028,2044681,36
DEQ,785084948764997,23,1028,2072803,35
DEQ,785084948807189,23,1028,2112562,34
DEQ,785084948848168,23,1028,2151454,33
DEQ,785084948885607,23,1400,2174680,32
DEQ,785084948928613,23,1400,2094421,33
DEQ,785084948981606,23,1400,2137856,32
DEQ,785084949029022,23,1400,2183134,33
DEQ,785084949061566,23,1028,2213356,32
DEQ,785084949062764,23,1028,2129926,31
DEQ,785084949103116,23,1028,2165759,30
DEQ,785084949144950,23,1028,2205365,29
DEQ,785084949181798,23,1028,2146533,29
DEQ,785084949225201,23,1028,2185921,28
DEQ,785084949270197,23,1028,2228785,27
DEQ,785084949300918,23,1028,2245393,26
DEQ,785084949341727,23,1028,2202285,25
DEQ,785084949381550,23,1028,2238067,24
DEQ,785084949382768,23,1028,2161765,23
DEQ,785084949422014,23,1028,2189988,22
DEQ,785084949470110,23,1028,2157392,21
DEQ,785084949501471,23,1028,2181160,20
DEQ,785084949541756,23,1028,2218220,19
DEQ,785084949542905,23,1028,2132567,18
DEQ,785084949589878,23,1028,2175501,17
DEQ,785084949623403,23,1028,2206837,16
DEQ,785084949667804,23,1028,2172949,15
DEQ,785084949703313,23,1028,2192440,14
DEQ,785084949704530,23,1028,2189544,13
DEQ,785084949762058,23,1028,2167966,12
DEQ,785084949795473,23,1028,2194096,11
DEQ,785084949835420,23,1028,2229882,10
DEQ,785084949875970,23,1028,2187242,9
DEQ,785084949915610,23,1028,2214416,8
DEQ,785084949916820,23,1028,2213455,7
DEQ,785084949955159,23,1028,2176233,6
DEQ,785084949956314,23,1028,1695900,5
DEQ,785084950034254,23,1400,1144649,5
DEQ,785084950072678,23,1400,1180966,4
DEQ,785084950112744,23,1400,1128956,3
DEQ,785084950156585,23,1400,1170734,2
DEQ,785084950197015,23,1028,1045595,5
DEQ,785084950236745,23,1028,232245,4
DEQ,785084950276937,23,1400,117452,3
DEQ,785084950278154,23,1400,116632,2
DEQ,785084950323128,23,1400,158234,1
DEQ,785084950367155,23,1400,200363,0
DEQ,785084950410029,23,1400,37525,3
DEQ,785084950448964,23,1400,73933,2
DEQ,785084950489055,23,1400,110771,1
DEQ,785084950536285,23,1400,156025,0
DEQ,785084950577134,23,1400,36395,3
DEQ,785084950617877,23,1400,75137,2
DEQ,785084950669081,23,1400,123034,1
DEQ,785084950716277,23,1400,168286,0
DEQ,785084950757005,23,1400,36059,3
DEQ,785084950796815,23,1400,73871,2
DEQ,785084950840053,23,1400,114237,1
DEQ,785084950877019,23,1400,149256,1
DEQ,785084950917062,23,1028,52464,4
DEQ,785084950957026,23,1400,75044,3
DEQ,785084950996874,23,1400,112884,2
DEQ,785084951043546,23,1400,156362,1
DEQ,785085146706039,23,1400,195816947,64
DEQ,785085146710278,23,1028,194952885,63
DEQ,785085146710886,23,1028,194052428,62
DEQ,785085146711363,23,1028,193152436,61
DEQ,785085146765653,23,1028,192306153,64
DEQ,785085146867496,23,1028,191502521,64
DEQ,785085146871306,23,1028,190634898,63
DEQ,785085146871752,23,1028,189771605,62
DEQ,785085146890240,23,1028,188803646,61
DEQ,785085146977389,23,1028,187898007,64
DEQ,785085146981252,23,1028,186910332,63
DEQ,785085147011114,23,1028,185944090,64
DEQ,785085147110613,23,1028,185049992,64
DEQ,785085147111598,23,1028,184054928,63
DEQ,785085147112070,23,1028,183064438,62
DEQ,785085147128130,23,1028,182081137,64
DEQ,785085147230432,23,1028,181189047,64
DEQ,785085147233159,23,1028,180188457,63
DEQ,785085147233583,23,1028,179192171,62
DEQ,785085147255362,23,1028,178217921,64
DEQ,785085147348709,23,1028,177319817,64
DEQ,785085147351451,23,1028,176334823,63
DEQ,785085147364254,23,1028,175351218,64
DEQ,785085147469041,23,1028,174456437,64
DEQ,785085147471863,23,1028,173473082,63
DEQ,785085147472325,23,1028,172472677,62
DEQ,785085147555843,23,1028,171572023,64
DEQ,785085147558630,23,1400,171560544,63
DEQ,785085147576589,23,1400,171565800,64
DEQ,785085147676513,23,1400,171661530,64
DEQ,785085147679258,23,1400,171662183,63
DEQ,785085147698669,23,1028,170686679,64
DEQ,785085147780621,23,1028,169775793,64
DEQ,785085147783288,23,1028,168793931,63
DEQ,785085147784952,23,1028,167806423,62
DEQ,785085147862364,23,1028,166916815,64
DEQ,785085147865282,23,1028,165928528,63
DEQ,785085147884625,23,1028,165054817,64
DEQ,785085147961127,23,1028,164242444,63
DEQ,785085148028094,23,1028,163420316,62
DEQ,785085148030744,23,1028,162533035,61
DEQ,785085148032394,23,1028,161639509,60
DEQ,785085148111954,23,1028,160839395,59
DEQ,785085148115494,23,1028,159965458,58
DEQ,785085148202077,23,1028,159094038,57
DEQ,785085148204895,23,1028,158096124,56
DEQ,785085148287033,23,1028,157173127,55
DEQ,785085148290436,23,1028,156173300,54
DEQ,785085148376259,23,1028,155255705,53
DEQ,785085148379065,23,1028,154253774,52
DEQ,785085148379555,23,1028,153256114,51
DEQ,785085148470519,23,1028,152394076,50
DEQ,785085148473241,23,1028,151392791,49
DEQ,785085148493016,23,1028,150405373,49
DEQ,785085148525993,23,1028,149444292,48
DEQ,785085148565874,23,1028,148579336,47
DEQ,785085148610088,23,1028,147625037,46
DEQ,785085148645790,23,1028,146671372,45
DEQ,785085148686826,23,1028,145722096,44
DEQ,785085148725521,23,1028,144776291,43
DEQ,785085148726926,23,1028,143858169,42
DEQ,785085148765690,23,1028,142995804,41
DEQ,785085148805912,23,1028,142128879,40
DEQ,785085148848270,23,1028,141269808,39
DEQ,785085148849451,23,1028,140369697,38
DEQ,785085148892138,23,1028,2146756,37
DEQ,785085148925680,23,1028,2175552,36
DEQ,785085148970966,23,1028,2218587,35
DEQ,785085149007403,23,1028,2252997,34
DEQ,785085149048077,23,1028,2276074,33
DEQ,785085149093331,23,1028,2201382,32
DEQ,785085149094494,23,1028,2198210,31
DEQ,785085149125457,23,1028,2227011,30
DEQ,785085149166049,23,1028,2265448,29
DEQ,785085149210425,23,1028,2212822,28
DEQ,785085149211657,23,1028,2203934,27
DEQ,785085149254338,23,1028,2240773,26
DEQ,785085149287472,23,1028,2172382,25
DEQ,785085149332454,23,1028,2212864,24
DEQ,785085149373337,23,1028,2251884,24
DEQ,785085149407525,23,1028,2278782,23
DEQ,785085149408737,23,1028,2172638,22
DEQ,785085149477601,23,1028,2237417,21
DEQ,785085149515035,23,1028,2272583,20
DEQ,785085149556123,23,1028,2299559,19
DEQ,785085149598256,23,1028,2244599,18
DEQ,785085149635332,23,1028,2273767,17
DEQ,785085149636607,23,1028,2271802,16
DEQ,785085149710350,23,1028,2235691,15
DEQ,785085149743643,23,1028,2264913,14
DEQ,785085149786296,23,1028,2305427,13
DEQ,785085149823565,23,1028,2262482,12
DEQ,785085149863363,23,1028,2294677,11
DEQ,785085149903520,23,1400,2324635,10
DEQ,785085149949005,23,1400,2267830,11
DEQ,785085149983331,23,1028,2297583,10
DEQ,785085150023530,23,1400,2322479,9
DEQ,785085150024700,23,1400,2239105,8
DEQ,785085150102425,23,1028,2312589,9
DEQ,785085150140060,23,1028,2347985,8
DEQ,785085150180971,23,1028,2313570,7
DEQ,785085150221338,23,1028,2349892,6
DEQ,785085150263147,23,1028,1781265,6
DEQ,785085150304490,23,1028,944877,5
DEQ,785085150340340,23,1400,432957,4
DEQ,785085150380256,23,1400,470837,5
DEQ,785085150420240,23,1400,393985,4
DEQ,785085150465454,23,1400,437290,5
DEQ,785085150500262,23,1028,270364,4
DEQ,785085150543119,23,1400,200722,3
DEQ,785085150585428,23,1400,241095,4
DEQ,785085150626161,23,1400,203884,3
DEQ,785085150668359,23,1400,244114,4
DEQ,785085150700320,23,1400,155130,3
DEQ,785085150755298,23,1400,208119,4
DEQ,785085150801078,23,1400,172715,3
DEQ,785085150839309,23,1400,208931,4
DEQ,785085150875832,23,1400,173384,3
DEQ,785085150917656,23,1400,213195,4
DEQ,785085150959487,23,1400,156259,3
DEQ,785085151001429,23,1400,196303,4
DEQ,785085151035847,23,1400,157597,3
DEQ,785085151075785,23,1400,195556,4
DEQ,785085151119298,23,1400,157730,4
DEQ,785085151167498,23,1400,204022,5
DEQ,785085346681597,23,1400,195643745,64
DEQ,785085346684289,23,1400,195644506,63
DEQ,785085346686021,23,1028,195594798,62
DEQ,785085346772722,23,1400,195651343,64
DEQ,785085346773629,23,1400,195650369,63
DEQ,785085346774123,23,1028,194792255,62
DEQ,785085346802587,23,1028,193911380,64
DEQ,785085346828448,23,1028,193036333,64
DEQ,785085346923094,23,1028,192231406,64
DEQ,785085346929163,23,1028,191338621,63
DEQ,785085346929626,23,1028,190440891,62
DEQ,785085347008613,23,1028,189619450,64
DEQ,785085347011339,23,1028,188736553,63
DEQ,785085347031523,23,1028,187878680,64
DEQ,785085347111311,23,1028,186978911,64
DEQ,785085347113959,23,1028,186047754,63
DEQ,785085347115665,23,1028,185055419,62
DEQ,785085347201378,23,1028,184143348,64
DEQ,785085347203998,23,1028,183152220,63
DEQ,785085347205783,23,1028,182164289,62
DEQ,785085347292188,23,1028,181253786,64
DEQ,785085347294951,23,1028,180256218,63
DEQ,785085347377859,23,1028,179350776,64
DEQ,785085347380806,23,1028,178363639,63
DEQ,785085347381315,23,84,177555194,62
DEQ,785085347396388,23,1028,177383038,64
DEQ,785085347468302,23,1028,176464681,64
DEQ,785085347471113,23,1028,175456946,63
DEQ,785085347490088,23,1028,174474687,64
DEQ,785085347578486,23,1028,173570285,64
DEQ,785085347581456,23,1028,172584728,63
DEQ,785085347601489,23,1028,171613016,64
DEQ,785085347668286,23,1028,170690335,64
DEQ,785085347671089,23,1028,169693295,63
DEQ,785085347690510,23,1028,168725742,64
DEQ,785085347773145,23,1028,167891912,64
DEQ,785085347775837,23,1028,166996419,63
DEQ,785085347777665,23,1028,166096744,62
DEQ,785085347863197,23,1028,165279422,63
DEQ,785085347865812,23,1028,164352177,62
DEQ,785085347867283,23,1028,163460940,61
DEQ,785085347953641,23,1028,162658569,60
DEQ,785085347956432,23,1028,161783650,59
DEQ,785085348042286,23,1028,160908282,58
DEQ,785085348044873,23,1028,160030328,57
DEQ,785085348046471,23,1028,159034176,56
DEQ,785085348123251,23,1028,158089837,55
DEQ,785085348133569,23,1028,157126097,54
DEQ,785085348214398,23,1028,156244961,53
DEQ,785085348217205,23,1028,155280941,52
DEQ,785085348217633,23,1028,154382797,51
DEQ,785085348288169,23,1028,153563000,50
DEQ,785085348290769,23,1028,152676867,49
DEQ,785085348294380,23,1028,151793151,48
DEQ,785085348332790,23,1028,150940037,48
DEQ,785085348367250,23,1028,150090977,47
DEQ,785085348411597,23,1028,149252185,46
DEQ,785085348447206,23,1028,148326490,45
DEQ,785085348487100,23,1028,147388462,44
DEQ,785085348529561,23,1028,146423495,43
DEQ,785085348530728,23,1028,145426581,42
DEQ,785085348567002,23,1028,144463393,41
DEQ,785085348607564,23,1028,143506432,40
DEQ,785085348653471,23,1028,142549491,39
DEQ,785085348686842,23,1028,141579434,38
DEQ,785085348687998,23,1028,2001305,37
DEQ,785085348746720,23,1028,2055788,36
DEQ,785085348780984,23,1028,2088158,35
DEQ,785085348822575,23,1400,2044393,34
DEQ,785085348860751,23,1400,2066923,35
DEQ,785085348908607,23,1028,2112223,34
DEQ,785085348940906,23,1400,2122605,33
DEQ,785085348981028,23,1400,2151590,34
DEQ,785085349021149,23,1028,2089231,33
DEQ,785085349061746,23,1028,2125746,32
DEQ,785085349102098,23,1028,2164020,31
DEQ,785085349140890,23,1028,2127209,30
DEQ,785085349182094,23,1028,2153097,30
DEQ,785085349222276,23,1028,2190131,29
DEQ,785085349260775,23,1028,2144037,28
DEQ,785085349301278,23,1028,2180499,27
DEQ,785085349302519,23,1028,2179582,26
DEQ,785085349352682,23,1028,2145847,25
DEQ,785085349390067,23,1028,2170814,24
DEQ,785085349430714,23,1028,2209671,23
DEQ,785085349473378,23,1028,2176172,22
DEQ,785085349510377,23,1028,2201291,21
DEQ,785085349511596,23,1028,2127482,20
DEQ,785085349584892,23,1028,2197083,19
DEQ,785085349617936,23,1028,2224384,18
DEQ,785085349661802,23,1028,2263929,17
DEQ,785085349698201,23,1028,2224841,16
DEQ,785085349737859,23,1028,2260575,15
DEQ,785085349778059,23,1028,2285722,14
DEQ,785085349779214,23,1028,2195512,13
DEQ,785085349825778,23,1028,2227019,12
DEQ,785085349860839,23,1028,2257913,11
DEQ,785085349907745,23,1028,2234288,10
DEQ,785085349940887,23,1028,2263384,9
DEQ,785085349942072,23,1028,2249281,8
DEQ,785085350010441,23,1028,2230937,8
DEQ,785085350044472,23,1028,2261032,7
DEQ,785085350087088,23,1028,1785274,6
DEQ,785085350124439,23,1400,1297773,5
DEQ,785085350169862,23,1400,1341075,6
DEQ,785085350212054,23,1400,1269045,5
DEQ,785085350249876,23,1400,1304829,6
DEQ,785085350286037,23,1028,1112776,5
DEQ,785085350324345,23,1028,319702,4
DEQ,785085350364014,23,1400,237058,3
DEQ,785085350408090,23,1400,279111,4
DEQ,785085546673923,23,1400,196459791,64
DEQ,785085546677185,23,1400,196461111,63
DEQ,785085546695491,23,1400,196329475,64
DEQ,785085546817078,23,1400,196449145,64
DEQ,785085546818245,23,1028,195918885,63
DEQ,785085546818868,23,1028,195015092,62
DEQ,785085546819400,23,1028,194115065,61
DEQ,785085546854030,23,1028,193249173,64
DEQ,785085546963540,23,1028,192443877,64
DEQ,785085546966514,23,1028,191574574,63
DEQ,785085546979329,23,1028,190728268,64
DEQ,785085547075122,23,1028,189941759,64
DEQ,785085547077910,23,1028,188948269,63
DEQ,785085547079747,23,1028,187959256,62
DEQ,785085547164242,23,1028,187166062,64
DEQ,785085547167159,23,1028,186175931,63
DEQ,785085547255956,23,1028,185267793,64
DEQ,785085547262058,23,1028,184278703,63
DEQ,785085547264108,23,1028,183286060,62
DEQ,785085547355012,23,1028,182390191,64
DEQ,785085547357858,23,1028,181389757,63
DEQ,785085547432021,23,1028,180480052,64
DEQ,785085547434939,23,1028,179571112,63
DEQ,785085547447631,23,1028,178685523,64
DEQ,785085547521451,23,1028,177857110,64
DEQ,785085547524340,23,1028,176958470,63
DEQ,785085547536749,23,1028,176070551,64
DEQ,785085547628721,23,1028,175220933,64
DEQ,785085547631737,23,1028,174343583,63
DEQ,785085547651702,23,1028,173485873,64
DEQ,785085547717740,23,1028,172582099,64
DEQ,785085547720489,23,1028,171587664,63
DEQ,785085547740122,23,1028,170609046,64
DEQ,785085547811854,23,1028,169799927,64
DEQ,785085547814677,23,1028,168816082,63
DEQ,785085547834671,23,1028,167839339,64
DEQ,785085547914755,23,1028,166929789,64
DEQ,785085547917655,23,1028,165940914,63
DEQ,785085547919505,23,1028,164947583,62
DEQ,785085548042712,23,1028,164070149,61
DEQ,785085548045655,23,1028,163084128,60
DEQ,785085548047426,23,1028,162175025,59
DEQ,785085548149662,23,1028,161381830,58
DEQ,785085548152610,23,1028,160481537,57
DEQ,785085548154292,23,1028,159579974,56
DEQ,785085548266132,23,1028,158789146,55
DEQ,785085548268895,23,1028,157885551,54
DEQ,785085548269399,23,1028,157001004,53
DEQ,785085548351232,23,1028,156202300,52
DEQ,785085548354006,23,1028,155218296,51
DEQ,785085548354491,23,1028,154220254,50
DEQ,785085548364911,23,1028,153240795,49
DEQ,785085548401337,23,1028,152396874,49
DEQ,785085548460916,23,1028,151467374,48
DEQ,785085548494236,23,1028,150509213,47
DEQ,785085548537031,23,1028,149566668,46
DEQ,785085548573977,23,1028,148613826,45
DEQ,785085548619540,23,1028,147685707,44
DEQ,785085548654423,23,1028,146804099,43
DEQ,785085548655079,23,1028,145911159,42
DEQ,785085548728161,23,1028,145094466,41
DEQ,785085548765577,23,1028,144242508,40
DEQ,785085548805534,23,1028,143395805,39
DEQ,785085548806679,23,1028,142533946,38
DEQ,785085548853555,23,1028,141707769,37
DEQ,785085548891062,23,1028,2211620,36
DEQ,785085548931455,23,1028,2243790,35
DEQ,785085548971866,23,1028,2275761,34
DEQ,785085549011039,23,1400,2186881,33
DEQ,785085549051341,23,1400,2223000,34
DEQ,785085549094734,23,1028,2264250,33
DEQ,785085549136281,23,1400,2285830,32
DEQ,785085549171328,23,1400,2314477,33
DEQ,785085549214941,23,1028,2246273,32
DEQ,785085549251281,23,1028,2274969,31
DEQ,785085549252758,23,1028,2272908,30
DEQ,785085549297761,23,1028,2216831,30
DEQ,785085549331269,23,1028,2237907,29
DEQ,785085549371242,23,1028,2275759,28
DEQ,785085549413804,23,1028,2244203,27
DEQ,785085549454933,23,1028,2281324,26
DEQ,785085549456320,23,1028,2191164,25
DEQ,785085549491391,23,1028,2221827,24
DEQ,785085549531064,23,1028,2259280,23
DEQ,785085549571719,23,1028,2211597,22
DEQ,785085549610778,23,1028,2246274,21
DEQ,785085549612054,23,1028,2174842,20
DEQ,785085549664813,23,1028,2219906,19
DEQ,785085549698253,23,1028,2249055,18
DEQ,785085549737952,23,1028,2207703,17
DEQ,785085549778275,23,1028,2243768,16
DEQ,785085549779504,23,1028,2241354,15
DEQ,785085549852711,23,1028,2217980,14
DEQ,785085549890575,23,1028,2241492,13
DEQ,785085549930570,23,1028,2278216,12
DEQ,785085549931735,23,1028,2208860,11
DEQ,785085549978485,23,1028,2251513,10
DEQ,785085550016114,23,1028,2274645,9
DEQ,785085550056712,23,1028,2239674,8
DEQ,785085550099555,23,1028,2267542,7
DEQ,785085550136320,23,1028,2300994,7
DEQ,785085550176318,23,1028,1806106,6
DEQ,785085550177603,23,1400,1162482,5
DEQ,785085550232032,23,1400,1214613,6
DEQ,785085550271778,23,1400,1133134,5
DEQ,785085550312037,23,1400,1171433,6
DEQ,785085550352072,23,1028,1096997,5
DEQ,785085550392928,23,1028,280882,4
DEQ,785085550431943,23,1400,252808,3
DEQ,785085550475451,23,1400,294411,4
DEQ,785085550511367,23,1400,237527,3
DEQ,785085550555265,23,1400,279519,4
DEQ,785085550597133,23,1400,163083,3
DEQ,785085550636928,23,1400,200924,4
DEQ,785085550676930,23,1400,163307,3
DEQ,785085550724917,23,1400,209336,4
DEQ,785085550757044,23,1400,157777,3
DEQ,785085550797059,23,1400,195887,4
DEQ,785085550872062,23,1400,192867,3
DEQ,785085550919374,23,1400,238249,4
DEQ,785085550952202,23,1400,192932,3
DEQ,785085550992380,23,1400,231195,5
DEQ,785085551034810,23,1400,160679,4
DEQ,785085551077212,23,1400,201109,5
DEQ,785085551112618,23,1400,158211,4
DEQ,785085551152315,23,1400,196005,5
DEQ,785085551196902,23,1028,224466,4
DEQ,785085551232276,23,1400,195237,3
DEQ,785085746674246,23,1400,195635290,64
DEQ,785085746677071,23,1400,195562531,63
DEQ,785085746678931,23,1400,195562326,62
DEQ,785085746708604,23,1400,195474188,64
DEQ,785085746798849,23,1400,195562520,64
DEQ,785085746799716,23,1028,194937625,63
DEQ,785085746816409,23,1028,194053889,64
DEQ,785085746906989,23,1028,193244558,64
DEQ,785085746909764,23,1028,192347567,63
DEQ,785085746910268,23,1028,191447535,62
DEQ,785085746957920,23,1028,190595853,64
DEQ,785085747045436,23,1028,189812345,64
DEQ,785085747048086,23,1028,188936965,63
DEQ,785085747063072,23,1028,187967422,64
DEQ,785085747145467,23,1028,187056559,64
DEQ,785085747148169,23,1028,186061180,63
DEQ,785085747242410,23,1028,185155896,64
DEQ,785085747245145,23,1028,184169958,63
DEQ,785085747257684,23,1028,183184150,64
DEQ,785085747329301,23,1028,182259647,64
DEQ,785085747332169,23,1028,181263905,63
DEQ,785085747351956,23,1028,180293654,64
DEQ,785085747435750,23,1028,179366643,64
DEQ,785085747438611,23,1028,178372391,63
DEQ,785085747521638,23,1028,177456159,64
DEQ,785085747524412,23,1028,176463964,63
DEQ,785085747536948,23,1028,175481002,64
DEQ,785085747608891,23,1028,174554130,64
DEQ,785085747611663,23,1028,173627077,63
DEQ,785085747627129,23,1028,172640903,64
DEQ,785085747719544,23,1028,171745698,64
DEQ,785085747722330,23,1028,170755976,63
DEQ,785085747722767,23,1028,169760321,62
DEQ,785085747737230,23,1028,168859566,64
DEQ,785085747817656,23,1028,168047398,64
DEQ,785085747820580,23,1028,167144515,63
DEQ,785085747821128,23,1028,166243228,62
DEQ,785085747842389,23,1028,165363287,64
DEQ,785085747922975,23,1028,164542522,63
DEQ,785085747925695,23,1028,163658656,62
DEQ,785085747926168,23,1028,162781527,61
DEQ,785085748009913,23,1028,161990988,60
DEQ,785085748012768,23,1028,161001996,59
DEQ,785085748097792,23,1028,160101102,58
DEQ,785085748100698,23,1028,159117097,57
DEQ,785085748101183,23,1028,158130763,56
DEQ,785085748164087,23,1028,157207187,55
DEQ,785085748166893,23,1028,156201939,54
DEQ,785085748167431,23,1028,155215846,53
DEQ,785085748252306,23,1028,154389645,52
DEQ,785085748255156,23,1028,153493406,51
DEQ,785085748333864,23,1028,152665071,50
DEQ,785085748336702,23,1028,151761438,49
DEQ,785085748354186,23,1028,150877226,49
DEQ,785085748391795,23,1028,150014905,48
DEQ,785085748431514,23,1028,149168793,47
DEQ,785085748432733,23,1028,148292153,46
DEQ,785085748474745,23,1028,147342448,45
DEQ,785085748511502,23,1028,146377215,44
DEQ,785085748512784,23,1028,145388996,43
DEQ,785085748556556,23,1028,144436830,42
DEQ,785085748591339,23,1028,143472907,41
DEQ,785085748631372,23,1028,142513172,40
DEQ,785085748673449,23,1028,141561334,39
DEQ,785085748717691,23,1028,140612349,38
DEQ,785085748718922,23,1028,2039198,37
DEQ,785085748751270,23,1028,2059298,36
DEQ,785085748791238,23,1028,2096900,35
DEQ,785085748831395,23,1400,2120317,34
DEQ,785085748871053,23,1400,2069489,35
DEQ,785085748911370,23,1028,2105283,34
DEQ,785085748951026,23,1400,2129769,33
DEQ,785085748991438,23,1400,2079381,34
DEQ,785085749036511,23,1028,2112513,33
DEQ,785085749071339,23,1028,2145099,32
DEQ,785085749072520,23,1028,2113275,31
DEQ,785085749133562,23,1028,2083266,30
DEQ,785085749167065,23,1028,2112769,29
DEQ,785085749211912,23,1028,2148130,28
DEQ,785085749251711,23,1028,2101362,28
DEQ,785085749287059,23,1028,2132624,27
DEQ,785085749288228,23,1028,2040808,26
DEQ,785085749353856,23,1028,2098769,25
DEQ,785085749390482,23,1028,2132194,24
DEQ,785085749431616,23,1028,2097202,23
DEQ,785085749473632,23,1028,2127736,22
DEQ,785085749511001,23,1028,2158512,21
DEQ,785085749512220,23,1028,2071524,20
DEQ,785085749584841,23,1028,2140092,19
DEQ,785085749619020,23,1028,2092282,18
DEQ,785085749661898,23,1028,2127638,17
DEQ,785085749698896,23,1028,2160351,16
DEQ,785085749738930,23,1028,2125062,15
DEQ,785085749779302,23,1028,2161449,14
DEQ,785085749780492,23,1028,2151834,13
DEQ,785085749852632,23,1028,2127403,12
DEQ,785085749902574,23,1028,2173343,11
DEQ,785085749930860,23,1028,2199591,10
DEQ,785085749932448,23,1028,2193767,9
DEQ,785085749979790,23,1028,2156546,8
DEQ,785085750015792,23,1028,2178141,7
DEQ,785085750057591,23,1028,2217809,6
DEQ,785085750098125,23,1028,1752435,6
DEQ,785085750135458,23,1400,1299963,5
DEQ,785085750175687,23,1400,1338046,6
DEQ,785085750219152,23,1400,1265829,5
DEQ,785085750255307,23,1400,1299826,6
DEQ,785085750295480,23,1028,1071502,5
DEQ,785085750342068,23,1028,257428,4
DEQ,785085946673165,23,1400,196535600,64
DEQ,785085946679942,23,1400,196540306,63
DEQ,785085946680483,23,1400,196459225,62
DEQ,785085946682889,23,1400,196459592,61
DEQ,785085946772297,23,1028,195785928,64
DEQ,785085946773244,23,1028,194867719,63
DEQ,785085946788142,23,1028,193983790,64
DEQ,785085946898433,23,1028,193193443,64
DEQ,785085946901437,23,1028,192295888,63
DEQ,785085946902064,23,1028,191397102,62
DEQ,785085946918250,23,1028,190514653,64
DEQ,785085947009377,23,1028,189719819,64
DEQ,785085947012205,23,1028,188844613,63
DEQ,785085947096261,23,1028,187964600,64
DEQ,785085947102534,23,1028,187090396,63
DEQ,785085947104240,23,1028,186089862,62
DEQ,785085947181943,23,1028,185173481,64
DEQ,785085947184712,23,1028,184188276,63
DEQ,785085947204110,23,1028,183218204,64
DEQ,785085947278583,23,1028,182306756,64
DEQ,785085947285976,23,1028,181323234,63
STATS,785085947329409,65,68308,12833,12768,0,0,0
DEQ,785085947365549,23,1028,180411218,64
DEQ,785085947369166,23,1028,179499986,63
DEQ,785085947452784,23,1028,178691655,64
DEQ,785085947460127,23,1028,177796397,63
DEQ,785085947545670,23,1028,176965630,64
DEQ,785085947548450,23,1028,176066333,63
DEQ,785085947550411,23,1028,175168785,62
DEQ,785085947631508,23,1028,174363500,64
DEQ,785085947634358,23,1028,173488986,63
DEQ,785085947701898,23,1028,172573057,64
DEQ,785085947704689,23,1028,171641267,63
DEQ,785085947791306,23,1028,170734624,64
DEQ,785085947794176,23,1028,169746834,63
DEQ,785085947806413,23,1028,168768977,64
DEQ,785085947891560,23,1028,167931109,64
DEQ,785085947894200,23,1028,166941490,63
DEQ,785085947895844,23,1028,166033982,62
DEQ,785085947975666,23,1028,165221642,62
DEQ,785085947978423,23,1028,164322505,61
DEQ,785085947990186,23,1028,163430569,60
DEQ,785085948064186,23,1028,162601871,59
DEQ,785085948066909,23,1028,161703139,58
DEQ,785085948078616,23,1028,160827773,57
DEQ,785085948152010,23,1028,160019596,56
DEQ,785085948159550,23,1028,159033620,55
DEQ,785085948251808,23,1028,158132226,54
DEQ,785085948254484,23,1028,157146433,53
DEQ,785085948256468,23,1028,156150249,52
DEQ,785085948333811,23,1028,155232768,51
DEQ,785085948336878,23,1028,154243845,50
DEQ,785085948337444,23,1028,153245098,49
DEQ,785085948362822,23,1028,152335974,49
DEQ,785085948401384,23,1028,151374887,48
DEQ,785085948443144,23,1028,150420583,47
DEQ,785085948481272,23,1028,149463154,46
DEQ,785085948526886,23,1028,148558605,45
DEQ,785085948561077,23,1028,147603961,44
DEQ,785085948603715,23,1028,146652144,43
DEQ,785085948644425,23,1028,145782298,42
DEQ,785085948681224,23,1028,144918940,41
DEQ,785085948682394,23,1028,144017312,40
DEQ,785085948729194,23,1028,143162157,39
DEQ,785085948765782,23,1028,142297730,38
DEQ,785085948806302,23,1028,141451783,37
DEQ,785085948848699,23,1028,2164969,36
DEQ,785085948885813,23,1028,2197520,35
DEQ,785085948887034,23,1028,2196419,34
DEQ,785085948960116,23,1028,2267387,33
DEQ,785085948993286,23,1400,2212161,32
DEQ,785085949044214,23,1400,2258864,33
DEQ,785085949083561,23,1400,2293828,32
DEQ,785085949131022,23,1400,2227040,33
DEQ,785085949178808,23,1028,2265482,32
DEQ,785085949219102,23,1028,2303544,31
DEQ,785085949251601,23,1028,2332643,31
DEQ,785085949296926,23,1028,2282227,30
DEQ,785085949331476,23,1028,2312710,29
DEQ,785085949371992,23,1028,2266697,28
DEQ,785085949411424,23,1028,2301975,27
DEQ,785085949451577,23,1028,2339990,26
DEQ,785085949452766,23,1028,2265872,25
DEQ,785085949511985,23,1028,2320961,24
DEQ,785085949545303,23,1028,2339955,23
DEQ,785085949591092,23,1028,2304054,22
DEQ,785085949624999,23,1028,2334215,21
DEQ,785085949665502,23,1028,2295300,20
DEQ,785085949666724,23,1028,2292432,19
DEQ,785085949711032,23,1028,2249022,18
DEQ,785085949745076,23,1028,2279052,17
DEQ,785085949785997,23,1028,2233517,16
DEQ,785085949825123,23,1028,2268328,15
DEQ,785085949871965,23,1028,2313010,14
DEQ,785085949905004,23,1028,2268108,13
DEQ,785085949906206,23,1028,2265232,12
DEQ,785085949950823,23,1028,2243665,11
DEQ,785085949986067,23,1028,2271753,10
DEQ,785085950032928,23,1028,2236530,9
DEQ,785085950066220,23,1028,2262351,8
DEQ,785085950067436,23,1028,2259750,7
DEQ,785085950133102,23,1028,2236186,7
DEQ,785085950166431,23,1028,1819477,6
DEQ,785085950211271,23,1400,1213982,5
DEQ,785085950246258,23,1400,1246894,6
DEQ,785085950286322,23,1400,1200423,5
DEQ,785085950326470,23,1400,1238575,6
DEQ,785085950371198,23,1028,1148169,5
DEQ,785085950406675,23,1028,326530,4
DEQ,785085950447317,23,1400,233921,3
DEQ,785085950486541,23,1400,271240,4
DEQ,785085950526556,23,1400,238216,3
DEQ,785085950528013,23,1400,237752,2
DEQ,785085950575285,23,1400,125559,3
DEQ,785085950617781,23,1400,165906,4
DEQ,785085950665119,23,1400,135479,3
DEQ,785085950697813,23,1400,166133,4
DEQ,785085950737521,23,1400,160078,3
DEQ,785085950777532,23,1400,198043,4
DEQ,785085950778766,23,1400,111508,3
DEQ,785085950819071,23,1400,149885,4
DEQ,785085950857235,23,1400,117663,3
DEQ,785085950897568,23,1400,156036,4
DEQ,785085950898793,23,1400,118728,3
DEQ,785085950982924,23,1400,200908,5
DEQ,785085951034540,23,1400,175156,4
DEQ,785085951073868,23,1400,212589,5
DEQ,785085951133868,23,1400,233707,4
DEQ,785085951173780,23,1400,271669,5
DEQ,785085951213999,23,1028,274479,4
DEQ,785085951256487,23,1400,219816,3
DEQ,785085951295580,23,1400,256944,4
DEQ,785085951355542,23,1400,219612,3
DEQ,785085951387303,23,1400,249474,4
DEQ,785085951427046,23,1400,168551,3
DEQ,785085951470644,23,1400,210180,4
DEQ,785086146674311,23,1400,195316714,64
DEQ,785086146677550,23,1400,195318094,63
DEQ,785086146696315,23,1400,195267211,64
DEQ,785086146790493,23,1400,195359461,64
DEQ,785086146791630,23,1028,194955930,63
DEQ,785086146807229,23,1028,194069099,64
DEQ,785086146901216,23,1028,193262352,64
DEQ,785086146903989,23,1028,192364842,63
DEQ,785086146938282,23,1028,191485098,64
DEQ,785086147018114,23,1028,190659725,64
DEQ,785086147020895,23,1028,189776521,63
DEQ,785086147036598,23,1028,188925186,64
DEQ,785086147112767,23,1028,188017500,64
DEQ,785086147115558,23,1028,187020601,63
DEQ,785086147136255,23,1028,186047091,64
DEQ,785086147205989,23,1028,185122230,64
DEQ,785086147208849,23,1028,184133206,63
DEQ,785086147228780,23,1028,183163837,64
DEQ,785086147325681,23,1028,182268281,64
DEQ,785086147328558,23,1028,181278053,63
DEQ,785086147329143,23,1028,180282655,62
DEQ,785086147424681,23,1028,179381628,64
DEQ,785086147427653,23,1028,178450767,63
DEQ,785086147428072,23,1028,177465943,62
DEQ,785086147450332,23,1028,176578085,64
DEQ,785086147531795,23,1028,175761411,64
DEQ,785086147534497,23,1028,174860452,63
DEQ,785086147536260,23,1028,173961303,62
DEQ,785086147606115,23,1028,173119439,64
DEQ,785086147618688,23,1028,172231709,64
DEQ,785086147708744,23,1028,171435644,64
DEQ,785086147711563,23,1028,170560324,63
DEQ,785086147712061,23,1028,169576820,62
DEQ,785086147791638,23,1028,168656684,64
DEQ,785086147794331,23,1028,167778381,63
DEQ,785086147795991,23,1028,166785785,62
DEQ,785086147875473,23,1028,165878470,64
DEQ,785086147878328,23,1028,164886225,63
DEQ,785086147952176,23,1028,163963900,62
DEQ,785086147954727,23,1028,162976389,61
DEQ,785086147956380,23,1028,161995247,60
DEQ,785086148066629,23,1028,161111652,59
DEQ,785086148069578,23,1028,160201450,58
DEQ,785086148070073,23,1028,159305204,57
DEQ,785086148167534,23,1028,158500187,56
DEQ,785086148170414,23,1028,157600421,55
DEQ,785086148172599,23,1028,156702055,54
DEQ,785086148273702,23,1028,155916970,53
DEQ,785086148276332,23,1028,155037046,52
DEQ,785086148278106,23,1028,154160976,51
DEQ,785086148360939,23,1028,153251280,50
DEQ,785086148363687,23,1028,152260435,49
DEQ,785086148373507,23,1028,151273056,48
DEQ,785086148423846,23,1028,150445471,48
DEQ,785086148456676,23,1028,149491435,47
DEQ,785086148504142,23,1028,148627284,46
DEQ,785086148536746,23,1028,147761524,45
DEQ,785086148578178,23,1028,146897933,44
DEQ,785086148616747,23,1028,146020304,43
DEQ,785086148617981,23,1028,145120533,42
DEQ,785086148664440,23,1028,144255012,41
DEQ,785086148697523,23,1028,143407359,40
DEQ,785086148737490,23,1028,142572259,39
DEQ,785086148777760,23,1028,141642029,38
DEQ,785086148779037,23,1028,140646232,37
DEQ,785086148826299,23,1028,2142596,36
DEQ,785086148861208,23,1028,2172748,35
DEQ,785086148908268,23,1028,2211232,34
DEQ,785086148941360,23,1400,2141884,33
DEQ,785086148984783,23,1400,2181062,34
DEQ,785086149029362,23,1028,2219124,33
DEQ,785086149062855,23,1400,2154813,32
DEQ,785086149102909,23,1400,2167561,33
DEQ,785086149148398,23,1028,2209273,32
DEQ,785086149182838,23,1028,2159736,31
DEQ,785086149226634,23,1028,2192581,30
DEQ,785086149262927,23,1028,2225571,30
DEQ,785086149302736,23,1028,2184951,29
DEQ,785086149303926,23,1028,2170392,28
DEQ,785086149353084,23,1028,2216228,27
DEQ,785086149390675,23,1028,2179435,26
DEQ,785086149431587,23,1028,2208990,25
DEQ,785086149473813,23,1028,2244321,24
DEQ,785086149510938,23,1028,2179435,23
DEQ,785086149512107,23,1028,2176317,22
DEQ,785086149585350,23,1028,2247176,21
DEQ,785086149618843,23,1028,2188131,20
DEQ,785086149661449,23,1028,2226707,19
DEQ,785086149698920,23,1028,2261948,18
DEQ,785086149745894,23,1028,2294234,17
DEQ,785086149778904,23,1028,2241478,16
DEQ,785086149780064,23,1028,2238514,15
DEQ,785086149823379,23,1028,2279808,14
DEQ,785086149861368,23,1028,2250817,13
DEQ,785086149912440,23,1028,2292420,12
DEQ,785086149945817,23,1028,2231266,11
DEQ,785086149985806,23,1028,2267193,10
DEQ,785086150027112,23,1028,2306346,9
DEQ,785086150073537,23,1028,2275901,8
DEQ,785086150105833,23,1028,2304017,7
DEQ,785086150145359,23,1028,2341513,7
DEQ,785086150185794,23,1028,1808677,6
DEQ,785086150228847,23,1400,1283124,5
DEQ,785086150265674,23,1400,1317823,6
DEQ,785086150306147,23,1400,1241061,5
DEQ,785086150353221,23,1400,1286129,6
DEQ,785086150354465,23,1028,1101330,5
DEQ,785086150385897,23,1028,272179,4
DEQ,785086150431174,23,1400,200123,3
DEQ,785086150465922,23,1400,233201,4
DEQ,785086150505926,23,1400,197822,3
DEQ,785086150545596,23,1400,235553,4
DEQ,785086150586488,23,1400,153229,3
DEQ,785086150625626,23,1400,190417,4
DEQ,785086150667488,23,1400,159369,3
DEQ,785086150705309,23,1400,195187,4
DEQ,785086150745711,23,1400,157186,3
DEQ,785086150785656,23,1400,195208,4
DEQ,785086150826647,23,1400,156832,3
DEQ,785086150865935,23,1400,194196,4
DEQ,785086346675651,23,1400,195927454,64
DEQ,785086346678574,23,1400,195928334,63
DEQ,785086346696601,23,1400,195867629,64
DEQ,785086346817587,23,1400,195986504,64
DEQ,785086346821985,23,1028,195851848,63
DEQ,785086346822527,23,1028,194963849,62
DEQ,785086346822925,23,1028,194064689,61
DEQ,785086346855201,23,1028,193196950,64
DEQ,785086346959576,23,1028,192401901,64
DEQ,785086346965968,23,1028,191509018,63
DEQ,785086346988664,23,1028,190632785,64
DEQ,785086347073071,23,1028,189846325,64
DEQ,785086347075923,23,1028,188966607,63
DEQ,785086347095165,23,1028,187990172,64
DEQ,785086347187557,23,1028,187089493,64
DEQ,785086347190295,23,1028,186094070,63
DEQ,785086347192036,23,1028,185099879,62
DEQ,785086347321456,23,1028,184241519,64
DEQ,785086347324316,23,1028,183247387,63
DEQ,785086347324737,23,1028,182250080,62
DEQ,785086347354148,23,1028,181286030,64
DEQ,785086347444320,23,1028,180382907,64
DEQ,785086347447039,23,1028,179385981,63
DEQ,785086347447486,23,1028,178392077,62
DEQ,785086347447935,23,84,177708392,61
DEQ,785086347530042,23,1028,177482606,64
DEQ,785086347532791,23,1028,176554720,63
DEQ,785086347533282,23,1028,175571469,62
DEQ,785086347609517,23,1028,174660644,64
DEQ,785086347612264,23,1028,173749898,63
DEQ,785086347692169,23,1028,172930770,64
DEQ,785086347694949,23,1028,172030625,63
DEQ,785086347707438,23,1028,171135752,64
DEQ,785086347789328,23,1028,170308839,64
DEQ,785086347792140,23,1028,169412476,63
DEQ,785086347859549,23,1028,168593920,64
DEQ,785086347862397,23,1028,167722158,63
DEQ,785086347936386,23,1028,166801672,64
DEQ,785086347939257,23,1028,165924230,63
DEQ,785086347947888,23,1028,164947927,62
DEQ,785086348031613,23,1028,164041624,61
DEQ,785086348034312,23,1028,163052397,60
DEQ,785086348035960,23,1028,162069410,59
DEQ,785086348109807,23,1028,161148427,58
DEQ,785086348112680,23,1028,160224073,57
DEQ,785086348180599,23,1028,159392749,56
DEQ,785086348183412,23,1028,158497448,55
DEQ,785086348275416,23,1028,157687159,54
DEQ,785086348278201,23,1028,156789932,53
DEQ,785086348289912,23,1028,155900110,52
DEQ,785086348361467,23,1028,155084600,51
DEQ,785086348364320,23,1028,154209901,50
DEQ,785086348383655,23,1028,153250669,50
DEQ,785086348416223,23,1028,152281282,49
DEQ,785086348460247,23,1028,151335369,48
DEQ,785086348500842,23,1028,150380004,47
DEQ,785086348536077,23,1028,149419657,46
DEQ,785086348576958,23,1028,148471072,45
DEQ,785086348616254,23,1028,147518838,44
DEQ,785086348617459,23,1028,146525168,43
DEQ,785086348664120,23,1028,145578602,42
DEQ,785086348698466,23,1028,144607917,41
DEQ,785086348738219,23,1028,143655880,40
DEQ,785086348778464,23,1028,142695317,39
DEQ,785086348779810,23,1028,141700401,38
DEQ,785086348822949,23,1028,2142117,37
DEQ,785086348861400,23,1028,2172480,36
DEQ,785086348913161,23,1028,2215925,35
DEQ,785086348946423,23,1400,2119007,34
DEQ,785086348986540,23,1400,2154948,35
DEQ,785086349036106,23,1028,2202238,34
DEQ,785086349069511,23,1400,2232894,33
DEQ,785086349109623,23,1400,2252603,34
DEQ,785086349157084,23,1028,2189005,33
DEQ,785086349197870,23,1028,2222166,32
DEQ,785086349230190,23,1028,2239247,31
DEQ,785086349270285,23,1028,2192178,31
DEQ,785086349310490,23,1028,2228278,30
DEQ,785086349311743,23,1028,2214223,29
DEQ,785086349358289,23,1028,2164226,28
DEQ,785086349391711,23,1028,2193527,27
DEQ,785086349436109,23,1028,2235754,26
DEQ,785086349471577,23,1028,2144536,25
DEQ,785086349519115,23,1028,2180295,24
DEQ,785086349551718,23,1028,2210644,23
DEQ,785086349595092,23,1028,2239468,22
DEQ,785086349637092,23,1028,2186273,21
DEQ,785086349678405,23,1028,2223437,20
DEQ,785086349711697,23,1028,2254646,19
DEQ,785086349759355,23,1028,2300284,18
DEQ,785086349791206,23,1028,2255736,17
DEQ,785086349831720,23,1028,2292173,16
DEQ,785086349872005,23,1028,2330330,15
DEQ,785086349911480,23,1028,2296783,14
DEQ,785086349912737,23,1028,2293902,13
DEQ,785086349955297,23,1028,2258016,12
DEQ,785086349991691,23,1028,2286832,11
DEQ,785086350034121,23,1028,2326036,10
DEQ,785086350071706,23,1028,2277376,9
DEQ,785086350072936,23,1028,2274533,8
DEQ,785086350125590,23,1028,2261029,8
DEQ,785086350159913,23,1028,2291313,7
DEQ,785086350202040,23,1028,1828143,6
DEQ,785086350239912,23,1400,1289541,5
DEQ,785086350286160,23,1400,1333666,6
DEQ,785086350328725,23,1400,1257035,5
DEQ,785086350359899,23,1400,1286210,6
DEQ,785086350404171,23,1028,1151994,5
DEQ,785086350440507,23,1028,328893,4
DEQ,785086350441656,23,1400,199511,3
DEQ,785086350508112,23,1400,263994,4
DEQ,785086350556171,23,1400,225312,3
DEQ,785086350594313,23,1400,261536,4
DEQ,785086350628299,23,1400,185143,3
DEQ,785086546674904,23,1400,196229845,64
DEQ,785086546678123,23,1400,196119957,63
DEQ,785086546697071,23,1400,196136939,64
DEQ,785086546793788,23,1400,196163492,64
DEQ,785086546794707,23,1400,196162491,63
DEQ,785086546813730,23,1028,195776501,64
DEQ,785086546850815,23,1028,194924153,64
DEQ,785086546939796,23,1028,194098286,64
DEQ,785086546946080,23,1028,193231735,63
DEQ,785086546946505,23,1028,192344607,62
DEQ,785086547033925,23,1028,191531684,64
DEQ,785086547036657,23,1028,190634167,63
DEQ,785086547049175,23,1028,189775230,64
DEQ,785086547131907,23,1028,188985329,64
DEQ,785086547134639,23,1028,188005013,63
DEQ,785086547216573,23,1028,187095794,64
DEQ,785086547219490,23,1028,186108328,63
DEQ,785086547232313,23,1028,185126637,64
DEQ,785086547314165,23,1028,184208916,64
DEQ,785086547316784,23,1028,183333723,63
DEQ,785086547318586,23,1028,182348664,62
DEQ,785086547396367,23,1028,181512231,64
DEQ,785086547399198,23,1028,180614090,63
DEQ,785086547468303,23,1028,179783585,64
DEQ,785086547471135,23,1028,178883872,63
DEQ,785086547546843,23,1028,178059293,64
DEQ,785086547549744,23,1028,177161219,63
DEQ,785086547562468,23,1028,176277716,64
DEQ,785086547632117,23,1028,175469375,64
DEQ,785086547639680,23,1028,174506241,63
DEQ,785086547718999,23,1028,173592109,64
DEQ,785086547721944,23,1028,172600440,63
DEQ,785086547737834,23,1028,171625236,64
DEQ,785086547828665,23,1028,170723178,64
DEQ,785086547831617,23,1028,169729222,63
DEQ,785086547851248,23,1028,168814554,64
DEQ,785086547941217,23,1028,167904174,64
DEQ,785086547943962,23,1028,166909259,63
DEQ,785086547945829,23,1028,165909921,62
DEQ,785086548049117,23,1028,165024218,62
DEQ,785086548051870,23,1028,164072208,61
DEQ,785086548052475,23,1028,163078784,60
DEQ,785086548149247,23,1028,162188271,59
DEQ,785086548152283,23,1028,161273593,58
DEQ,785086548153970,23,1028,160384628,57
DEQ,785086548243092,23,1028,159567618,56
DEQ,785086548246071,23,1028,158668484,55
DEQ,785086548329132,23,1028,157823498,54
DEQ,785086548331900,23,1028,156924025,53
DEQ,785086548332482,23,1028,156038738,52
DEQ,785086548424003,23,1028,155252545,51
DEQ,785086548426821,23,1028,154290043,50
DEQ,785086548445980,23,1028,153314189,50
DEQ,785086548479162,23,1028,152353228,49
DEQ,785086548516830,23,1028,151390738,48
DEQ,785086548556902,23,1028,150438334,47
DEQ,785086548604937,23,1028,149549802,46
DEQ,785086548606200,23,1028,148553104,45
DEQ,785086548636932,23,1028,147586976,44
DEQ,785086548681698,23,1028,146641920,43
DEQ,785086548724692,23,1028,145688138,42
DEQ,785086548725844,23,1028,144758792,41
DEQ,785086548769702,23,1028,143810211,40
DEQ,785086548803130,23,1028,142856259,39
DEQ,785086548846720,23,1028,141987821,38
DEQ,785086548883154,23,1028,2199005,37
DEQ,785086548923699,23,1028,2234806,36
DEQ,785086548963109,23,1028,2265283,35
DEQ,785086548964356,23,1400,2165254,34
DEQ,785086549011056,23,1400,2203978,35
DEQ,785086549050688,23,1028,2221429,34
DEQ,785086549083056,23,1400,2230415,33
DEQ,785086549123123,23,1400,2174696,34
DEQ,785086549166684,23,1028,2207506,33
DEQ,785086549203223,23,1028,2241992,32
DEQ,785086549204488,23,1028,2165685,31
DEQ,785086549262734,23,1028,2216309,30
DEQ,785086549296208,23,1028,2246364,29
DEQ,785086549343694,23,1028,2206962,29
DEQ,785086549376057,23,1028,2235236,28
DEQ,785086549416794,23,1028,2194887,27
DEQ,785086549463186,23,1028,2233580,26
DEQ,785086549495911,23,1028,2262788,25
DEQ,785086549536187,23,1028,2216556,24
DEQ,785086549576161,23,1028,2252355,23
DEQ,785086549577396,23,1028,2251381,22
DEQ,785086549635890,23,1028,2234579,21
DEQ,785086549669262,23,1028,2263817,20
DEQ,785086549714126,23,1028,2240641,19
DEQ,785086549749412,23,1028,2272055,18
DEQ,785086549794048,23,1028,2242004,17
DEQ,785086549835173,23,1028,2275421,16
DEQ,785086549875846,23,1028,2311865,15
DEQ,785086549909117,23,1028,2267514,14
DEQ,785086549910251,23,1028,2264645,13
DEQ,785086549976093,23,1028,2251557,12
DEQ,785086550017082,23,1028,2288530,11
DEQ,785086550059249,23,1028,2319583,10
DEQ,785086550096274,23,1028,2262318,9
DEQ,785086550136159,23,1028,2287564,8
DEQ,785086550177859,23,1028,2325126,7
DEQ,785086550215869,23,1028,2268069,7
DEQ,785086550216458,23,1028,1775080,6
DEQ,785086550256006,23,1400,1287783,5
DEQ,785086550296150,23,1400,1325767,6
DEQ,785086550358330,23,1400,1272955,5
DEQ,785086550412465,23,1400,1325006,6
DEQ,785086550462570,23,1028,1141863,5
DEQ,785086550499485,23,1028,315203,4
DEQ,785086550531931,23,1400,273266,3
DEQ,785086550576331,23,1400,315573,4
DEQ,785086550612422,23,1400,251865,3
DEQ,785086550660154,23,1400,297524,4
DEQ,785086550700663,23,1400,166425,3
DEQ,785086550740729,23,1400,204467,4
DEQ,785086550782481,23,1400,168340,3
DEQ,785086550829267,23,1400,213108,4
DEQ,785086550862626,23,1400,160444,3
DEQ,785086550910130,23,1400,206099,4
DEQ,785086550942400,23,1400,157591,3
DEQ,785086550982364,23,1400,195429,4
DEQ,785086551022998,23,1400,157962,4
DEQ,785086551065166,23,1400,198097,5
DEQ,785086551103701,23,1400,159003,4
DEQ,785086551142786,23,1400,196059,5
DEQ,785086551144239,23,1028,139234,4
DEQ,785086551193336,23,1400,167704,3
DEQ,785086746673647,23,1400,195645976,64
DEQ,785086746676712,23,1400,195570730,63
DEQ,785086746677104,23,1400,195569428,62
DEQ,785086746697610,23,1400,195501889,64
DEQ,785086746775583,23,1400,195577813,64
DEQ,785086746776668,23,1028,194880734,63
DEQ,785086746883688,23,1028,194086596,64
DEQ,785086746886526,23,1028,193189199,63
DEQ,785086746886934,23,1028,192288108,62
DEQ,785086746887401,23,1028,191388708,61
DEQ,785086746917186,23,1028,190501037,64
DEQ,785086746988345,23,1028,189699910,64
DEQ,785086746991253,23,1028,188843188,63
DEQ,785086747073876,23,1028,187938719,64
DEQ,785086747076860,23,1028,186946077,63
DEQ,785086747077337,23,1028,185958929,62
DEQ,785086747205687,23,1028,185089091,64
DEQ,785086747208610,23,1028,184100252,63
DEQ,785086747209154,23,1028,183104102,62
DEQ,785086747232425,23,1028,182127859,64
DEQ,785086747306424,23,1028,181265464,64
DEQ,785086747309208,23,1028,180282588,63
DEQ,785086747321649,23,1028,179299906,64
DEQ,785086747406624,23,1028,178393679,64
DEQ,785086747409248,23,1028,177405925,63
DEQ,785086747410878,23,1028,176419421,62
DEQ,785086747501895,23,1028,175516203,64
DEQ,785086747504542,23,1028,174525031,63
DEQ,785086747506320,23,1028,173534099,62
DEQ,785086747578054,23,1028,172611779,64
DEQ,785086747580916,23,1028,171694261,63
DEQ,785086747603771,23,1028,170734355,64
DEQ,785086747683272,23,1028,169900660,64
DEQ,785086747686090,23,1028,169007224,63
DEQ,785086747686585,23,1028,168104508,62
DEQ,785086747808729,23,1028,167325212,64
DEQ,785086747811345,23,1028,166426306,63
DEQ,785086747813028,23,1028,165540884,62
DEQ,785086747917570,23,1028,164769454,63
DEQ,785086747920318,23,1028,163786612,62
DEQ,785086747922239,23,1028,162788304,61
DEQ,785086748023655,23,1028,161899577,60
DEQ,785086748026285,23,1028,160910231,59
DEQ,785086748027829,23,1028,159921462,58
DEQ,785086748113518,23,1028,159008296,57
DEQ,785086748117406,23,1028,158018114,56
DEQ,785086748204122,23,1028,157110736,55
DEQ,785086748206669,23,1028,156114326,54
DEQ,785086748208312,23,1028,155120326,53
DEQ,785086748291655,23,1028,154210616,52
DEQ,785086748294523,23,1028,153210167,51
DEQ,785086748382931,23,1028,152304850,50
DEQ,785086748385805,23,1028,151307004,49
DEQ,785086748386298,23,1028,150316981,48
DEQ,785086748407879,23,1028,149346392,48
DEQ,785086748441398,23,1028,148390684,47
DEQ,785086748484086,23,1028,147442480,46
DEQ,785086748520911,23,1028,146484684,45
DEQ,785086748561355,23,1028,145531424,44
DEQ,785086748562576,23,1028,144538962,43
DEQ,785086748607214,23,1028,143590515,42
DEQ,785086748641274,23,1028,142637190,41
DEQ,785086748685032,23,1028,141688343,40
DEQ,785086748725435,23,1028,140732171,39
DEQ,785086748761171,23,1028,139778780,38
DEQ,785086748803259,23,1028,2120260,37
DEQ,785086748844506,23,1028,2156922,36
DEQ,785086748881256,23,1028,2191214,35
DEQ,785086748921232,23,1400,2220956,34
DEQ,785086748969545,23,1400,2191101,35
DEQ,785086749003079,23,1028,2220241,34
DEQ,785086749042237,23,1400,2150975,33
DEQ,785086749081268,23,1400,2186075,34
DEQ,785086749082496,23,1028,2185271,33
DEQ,785086749130232,23,1028,2225125,32
DEQ,785086749163618,23,1028,2245733,31
DEQ,785086749207498,23,1028,2213855,30
DEQ,785086749248242,23,1028,2250517,29
DEQ,785086749283200,23,1028,2203436,29
DEQ,785086749284542,23,1028,2192819,28
DEQ,785086749327497,23,1028,2233481,27
DEQ,785086749363726,23,1028,2152043,26
DEQ,785086749403672,23,1028,2181072,25
DEQ,785086749447237,23,1028,2218566,24
DEQ,785086749483319,23,1028,2250288,23
DEQ,785086749523661,23,1028,2212401,22
DEQ,785086749563726,23,1028,2244911,21
DEQ,785086749564911,23,1028,2242659,20
DEQ,785086749605187,23,1028,2193245,19
DEQ,785086749643528,23,1028,2227515,18
DEQ,785086749683703,23,1028,2265455,17
DEQ,785086749684870,23,1028,2177383,16
DEQ,785086749729168,23,1028,2217669,15
DEQ,785086749766161,23,1028,2252525,14
DEQ,785086749807409,23,1028,2224015,13
DEQ,785086749849016,23,1028,2254238,12
DEQ,785086749886273,23,1028,2280578,11
DEQ,785086749887472,23,1028,2198669,10
DEQ,785086749959418,23,1028,2259602,9
DEQ,785086749993719,23,1028,2291741,8
DEQ,785086750036482,23,1028,2222336,7
DEQ,785086750073762,23,1028,2255270,6
DEQ,785086750113744,23,1028,1718279,5
DEQ,785086750154058,23,1400,1228686,5
DEQ,785086750196682,23,1400,1269226,6
DEQ,785086750233897,23,1400,1189354,5
DEQ,785086750273698,23,1400,1227118,6
DEQ,785086750321807,23,1028,1044504,5
DEQ,785086750354395,23,1028,207802,4
DEQ,785086750393992,23,1400,237414,3
DEQ,785086750434021,23,1400,275562,4
DEQ,785086750474667,23,1400,238494,3
DEQ,785086750513864,23,1400,275663,4
DEQ,785086946667784,23,1400,196271733,64
DEQ,785086946671495,23,1400,196273492,63
DEQ,785086946704061,23,1400,196227335,64
DEQ,785086946794070,23,1400,196315365,64
DEQ,785086946795093,23,1028,195732908,63
DEQ,785086946818408,23,1028,194896767,64
DEQ,785086946907544,23,1028,194097316,64
DEQ,785086946908697,23,1028,193197147,63
DEQ,785086946909284,23,1028,192298567,62
DEQ,785086946927864,23,1028,191418509,64
DEQ,785086947036525,23,1028,190627976,64
DEQ,785086947039937,23,1028,189746260,63
DEQ,785086947040496,23,1028,188869222,62
DEQ,785086947064191,23,1028,187929182,64
DEQ,785086947142203,23,1028,187125171,64
DEQ,785086947144772,23,1028,186132497,63
DEQ,785086947146456,23,1028,185135131,62
DEQ,785086947227933,23,1028,184230742,64
DEQ,785086947231667,23,1028,183245620,63
DEQ,785086947315882,23,1028,182351195,64
DEQ,785086947318567,23,1028,181363382,63
DEQ,785086947320197,23,1028,180374633,62
STATS,785086947366893,65,68308,13443,13378,0,0,0
DEQ,785086947398817,23,1028,179541095,64
DEQ,785086947401591,23,1028,178643965,63
DEQ,785086947403175,23,1028,177742718,62
DEQ,785086947515800,23,1028,176953772,64
DEQ,785086947518583,23,1028,176056529,63
DEQ,785086947531293,23,1028,175183353,64
DEQ,785086947612687,23,1028,174387171,64
DEQ,785086947615565,23,1028,173487002,63
DEQ,785086947691652,23,1028,172567401,64
DEQ,785086947694452,23,1028,171573608,63
DEQ,785086947775210,23,1028,170668867,64
DEQ,785086947777902,23,1028,169789001,63
DEQ,785086947779816,23,1028,168806736,62
DEQ,785086947856402,23,1028,167883550,64
DEQ,785086947859379,23,1028,166898038,63
DEQ,785086947926552,23,1028,166068141,63
DEQ,785086947933505,23,1028,165182899,62
DEQ,785086948018450,23,1028,164365563,61
DEQ,785086948021270,23,1028,163463844,60
DEQ,785086948102217,23,1028,162642090,59
DEQ,785086948105555,23,1028,161759195,58
DEQ,785086948189508,23,1028,160960362,57
DEQ,785086948192478,23,1028,160060238,56
DEQ,785086948192988,23,1028,159066355,55
DEQ,785086948257663,23,1028,158135254,54
DEQ,785086948260463,23,1028,157139426,53
DEQ,785086948331142,23,1028,156218228,52
DEQ,785086948333968,23,1028,155227706,51
DEQ,785086948334577,23,1028,154233562,50
DEQ,785086948362225,23,1028,153263797,50
DEQ,785086948413037,23,1028,152377577,49
DEQ,785086948446598,23,1028,151411705,48
DEQ,785086948486550,23,1028,150457141,47
DEQ,785086948527052,23,1028,149500749,46
DEQ,785086948573267,23,1028,148605560,45
DEQ,785086948606506,23,1028,147642164,44
DEQ,785086948649229,23,1028,146696560,43
DEQ,785086948686577,23,1028,145822656,42
DEQ,785086948687803,23,1028,144924433,41
DEQ,785086948734311,23,1028,144064865,40
DEQ,785086948767542,23,1028,143196909,39
DEQ,785086948812313,23,1028,142325883,38
DEQ,785086948848488,23,1028,141459301,37
DEQ,785086948887409,23,1028,2213229,36
DEQ,785086948927462,23,1028,2245405,35
DEQ,785086948928676,23,1028,2223756,34
DEQ,785086949012105,23,1400,2212086,33
DEQ,785086949058097,23,1400,2243271,34
DEQ,785086949098257,23,1028,2276885,33
DEQ,785086949132653,23,1400,2218649,32
DEQ,785086949172626,23,1400,2254073,33
DEQ,785086949220289,23,1028,2299236,32
DEQ,785086949254897,23,1028,2324107,32
DEQ,785086949292345,23,1028,2249189,31
DEQ,785086949332604,23,1028,2275844,30
DEQ,785086949333806,23,1028,2273174,29
DEQ,785086949379748,23,1028,2315022,28
DEQ,785086949417272,23,1028,2269792,27
DEQ,785086949452450,23,1028,2300686,26
DEQ,785086949453694,23,1028,2299478,25
DEQ,785086949492511,23,1028,2259769,24
DEQ,785086949533932,23,1028,2297143,23
DEQ,785086949578300,23,1028,2257041,22
DEQ,785086949579605,23,1028,2254200,21
DEQ,785086949637005,23,1028,2309508,20
DEQ,785086949671530,23,1028,2267185,19
DEQ,785086949715209,23,1028,2306777,18
DEQ,785086949751518,23,1028,2340913,17
DEQ,785086949794043,23,1028,2269726,16
DEQ,785086949831604,23,1028,2303235,15
DEQ,785086949872048,23,1028,2339213,14
DEQ,785086949911332,23,1028,2293556,13
DEQ,785086949912537,23,1028,2290589,12
DEQ,785086949952066,23,1028,2254925,11
DEQ,785086949991544,23,1028,2290382,10
DEQ,785086950034197,23,1028,2252768,9
DEQ,785086950071725,23,1028,2286169,8
DEQ,785086950073226,23,1028,2285565,7
DEQ,785087146672711,23,1028,198811038,64
DEQ,785087146675772,23,1028,198331004,63
DEQ,785087146676357,23,1400,197660121,62
DEQ,785087146678952,23,1400,197660599,61
DEQ,785087146706873,23,1400,197571624,64
DEQ,785087146812312,23,1400,197675169,64
DEQ,785087146826853,23,1028,197603013,63
DEQ,785087146827596,23,1028,196742614,62
DEQ,785087146829869,23,1028,195853736,61
DEQ,785087146939100,23,1028,195061925,64
DEQ,785087146942972,23,1028,194166801,63
DEQ,785087146943475,23,1028,193254164,62
DEQ,785087146961841,23,1028,192371138,64
DEQ,785087147027848,23,1028,191538432,64
DEQ,785087147106989,23,1028,190719067,64
DEQ,785087147109812,23,1028,189850312,63
DEQ,785087147129355,23,1028,188999972,64
DEQ,785087147204400,23,1028,188086922,64
DEQ,785087147207138,23,1028,187101244,63
DEQ,785087147227673,23,1028,186129532,64
DEQ,785087147298349,23,1028,185205822,64
DEQ,785087147301139,23,1028,184212208,63
DEQ,785087147313087,23,1028,183228526,64
DEQ,785087147432946,23,1028,182348624,64
DEQ,785087147435768,23,1028,181356195,63
DEQ,785087147437383,23,1028,180362634,62
DEQ,785087147557173,23,1028,179487534,64
DEQ,785087147559855,23,1028,178500268,63
DEQ,785087147561672,23,1028,177510456,62
DEQ,785087147672532,23,1028,176628340,64
DEQ,785087147675329,23,1028,175638650,63
DEQ,785087147687845,23,1028,174657913,64
DEQ,785087147808188,23,1028,173781307,64
DEQ,785087147811084,23,1028,172794123,63
DEQ,785087147811552,23,1028,171803706,62
DEQ,785087147932153,23,1028,170934906,64
DEQ,785087147934877,23,1028,169943671,63
DEQ,785087147935381,23,1028,168949744,62
DEQ,785087148029890,23,1028,168053566,62
DEQ,785087148032459,23,1028,167061786,61
DEQ,785087148034030,23,1028,166072436,60
DEQ,785087148157844,23,1028,165278453,59
DEQ,785087148160586,23,1028,164384201,58
DEQ,785087148160989,23,1028,163484123,57
DEQ,785087148240629,23,1028,162661114,56
DEQ,785087148243180,23,1028,161763765,55
DEQ,785087148245105,23,1028,160862947,54
DEQ,785087148328253,23,1028,160060205,53
DEQ,785087148331144,23,1028,159184864,52
DEQ,785087148392846,23,1028,158262519,51
DEQ,785087148395734,23,1028,157274662,50
DEQ,785087148420955,23,1028,156301799,50
DEQ,785087148454399,23,1028,155339579,49
DEQ,785087148494141,23,1028,154384549,48
DEQ,785087148535522,23,1028,153428596,47
DEQ,785087148573979,23,1028,152473393,46
DEQ,785087148614122,23,1028,151516746,45
DEQ,785087148654184,23,1028,150558520,44
DEQ,785087148655412,23,1028,149558502,43
DEQ,785087148697603,23,1028,148612555,42
DEQ,785087148734203,23,1028,147659476,41
DEQ,785087148777342,23,1028,146698362,40
DEQ,785087148817655,23,1028,145748442,39
DEQ,785087148854137,23,1028,144893334,38
DEQ,785087148894733,23,1028,143940494,37
DEQ,785087148934257,23,1028,2254302,36
DEQ,785087148935458,23,1028,2245287,35
DEQ,785087148978701,23,1028,2286217,34
DEQ,785087149016397,23,1028,2321411,33
DEQ,785087149057666,23,1400,2348157,32
DEQ,785087149098883,23,1400,2268251,33
DEQ,785087149136341,23,1400,2299213,32
DEQ,785087149176813,23,1400,2336102,33
DEQ,785087149216421,23,1028,2372292,32
DEQ,785087149262609,23,1028,2316897,31
DEQ,785087149296585,23,1028,2339986,31
DEQ,785087149297837,23,1028,2338915,30
DEQ,785087149340706,23,1028,2378256,29
DEQ,785087149381664,23,1028,2349546,28
DEQ,785087149422835,23,1028,2310872,27
DEQ,785087149456329,23,1028,2329684,26
DEQ,785087149496134,23,1028,2366055,25
DEQ,785087149536192,23,1028,2326899,24
DEQ,785087149576470,23,1028,2351846,23
DEQ,785087149577644,23,1028,2349346,22
DEQ,785087149637747,23,1028,2331029,21
DEQ,785087149671153,23,1028,2360445,20
DEQ,785087149714986,23,1028,2401256,19
DEQ,785087149758349,23,1028,2319813,18
DEQ,785087149790727,23,1028,2347960,17
DEQ,785087149831867,23,1028,2386953,16
DEQ,785087149872633,23,1028,2309051,15
DEQ,785087149910890,23,1028,2343259,14
DEQ,785087149912071,23,1028,2342305,13
DEQ,785087149950855,23,1028,2269549,12
DEQ,785087149991168,23,1028,2305730,11
DEQ,785087150033586,23,1028,2344396,10
DEQ,785087150077931,23,1028,2264195,9
DEQ,785087150079195,23,1028,2261178,8
DEQ,785087150141750,23,1028,2321692,7
DEQ,785087150182807,23,1028,2245253,7
DEQ,785087150222529,23,1028,1817298,6
DEQ,785087150255205,23,1400,1193432,5
DEQ,785087150301060,23,1400,1237050,6
DEQ,785087150335216,23,1400,1196613,5
DEQ,785087150374980,23,1400,1234305,6
DEQ,785087150418940,23,1028,1128235,5
DEQ,785087150455187,23,1028,301694,4
DEQ,785087150495169,23,1400,237930,3
DEQ,785087150534976,23,1400,275763,4
DEQ,785087150580572,23,1400,243376,3
DEQ,785087150615218,23,1400,276097,4
DEQ,785087150657568,23,1400,160382,3
DEQ,785087150695578,23,1400,196457,4
DEQ,785087150696837,23,1400,114181,3
DEQ,785087150735495,23,1400,150885,4
DEQ,785087150779637,23,1400,119917,3
DEQ,785087150815239,23,1400,153439,4
DEQ,785087150855020,23,1400,156557,3
DEQ,785087150895346,23,1400,194959,4
DEQ,785087150938663,23,1400,157026,3
DEQ,785087150976961,23,1400,193393,4
DEQ,785087151014955,23,1400,157825,4
DEQ,785087151055261,23,1400,196228,5
DEQ,785087151122970,23,1400,182135,4
DEQ,785087151162999,23,1400,220247,5
DEQ,785087151202891,23,1028,198869,4
DEQ,785087151204088,23,1400,186831,3
DEQ,785087151243263,23,1400,224130,4
DEQ,785087151289013,23,1400,164005,3
DEQ,785087346648586,23,1400,195521687,64
DEQ,785087346651232,23,1400,195445702,63
DEQ,785087346651886,23,1400,195444458,62
DEQ,785087346686763,23,1400,195395618,64
DEQ,785087346774352,23,1400,195481233,64
DEQ,785087346777235,23,1028,194870227,63
DEQ,785087346801184,23,1028,193991006,64
DEQ,785087346908874,23,1028,193199256,64
DEQ,785087346911682,23,1028,192302251,63
DEQ,785087346912171,23,1028,191403320,62
DEQ,785087346934608,23,1028,190525809,64
DEQ,785087347001030,23,1028,189721251,64
DEQ,785087347003754,23,1028,188850508,63
DEQ,785087347092706,23,1028,187956560,64
DEQ,785087347095474,23,1028,186965476,63
DEQ,785087347108058,23,1028,185976357,64
DEQ,785087347175170,23,1028,185052012,64
DEQ,785087347178017,23,1028,184060912,63
DEQ,785087347198273,23,1028,183088244,64
DEQ,785087347277209,23,1028,182177869,64
DEQ,785087347279974,23,1028,181186261,63
DEQ,785087347281882,23,1028,180196313,62
DEQ,785087347366209,23,1028,179288062,64
DEQ,785087347369294,23,1028,178294648,63
DEQ,785087347369899,23,84,178137311,62
DEQ,785087347393536,23,1028,177322272,64
DEQ,785087347470728,23,1028,176400607,64
DEQ,785087347473682,23,1028,175413745,63
DEQ,785087347556540,23,1028,174495737,64
DEQ,785087347559431,23,1028,173501366,63
DEQ,785087347571809,23,1028,172524301,64
DEQ,785087347642692,23,1028,171602087,64
DEQ,785087347645554,23,1028,170606771,63
DEQ,785087347665098,23,1028,169634920,64
DEQ,785087347732681,23,1028,168709558,64
DEQ,785087347735582,23,1028,167720642,63
DEQ,785087347755159,23,1028,166737225,64
DEQ,785087347832228,23,1028,165816213,64
DEQ,785087347835087,23,1028,164820821,63
DEQ,785087347845741,23,1028,163831055,63
DEQ,785087347935863,23,1028,162924389,62
DEQ,785087347938578,23,1028,161927836,61
DEQ,785087347940185,23,1028,160941077,60
DEQ,785087348042821,23,1028,160054613,59
DEQ,785087348045510,23,1028,159072057,58
DEQ,785087348046971,23,1028,158084666,57
DEQ,785087348130713,23,1028,157234181,56
DEQ,785087348133475,23,1028,156330255,55
DEQ,785087348135309,23,1028,155428349,54
DEQ,785087348203445,23,1028,154598363,53
DEQ,785087348206304,23,1028,153700176,52
DEQ,785087348271550,23,1028,152865556,51
DEQ,785087348274474,23,1028,151983106,50
DEQ,785087348312401,23,1028,151123167,50
DEQ,785087348346525,23,1028,150212390,49
DEQ,785087348389227,23,1028,149261628,48
DEQ,785087348433520,23,1028,148313923,47
DEQ,785087348434730,23,1028,147322510,46
DEQ,785087348497361,23,1028,146508006,45
DEQ,785087348531300,23,1028,145557349,44
DEQ,785087348574264,23,1028,144612881,43
DEQ,785087348611054,23,1028,143733595,42
DEQ,785087348612290,23,1028,142840014,41
DEQ,785087348665410,23,1028,141992181,40
DEQ,785087348698818,23,1028,141124834,39
DEQ,785087348738733,23,1028,2084203,38
DEQ,785087348778897,23,1028,2112904,37
DEQ,785087348780085,23,1028,2111923,36
DEQ,785087348858579,23,1400,2168575,35
DEQ,785087348907459,23,1400,2128354,36
DEQ,785087348946782,23,1028,2149140,35
DEQ,785087348987105,23,1400,2183350,34
DEQ,785087349027057,23,1400,2113112,35
DEQ,785087349072223,23,1028,2142513,34
DEQ,785087349107000,23,1028,2175229,33
DEQ,785087349147923,23,1028,2212564,32
DEQ,785087349187001,23,1028,2181023,32
DEQ,785087349188247,23,1028,2170483,31
DEQ,785087349230495,23,1028,2132871,30
DEQ,785087349266987,23,1028,2161599,29
DEQ,785087349307508,23,1028,2198834,28
DEQ,785087349350408,23,1028,2170084,27
DEQ,785087349387066,23,1028,2191508,26
DEQ,785087349388209,23,1028,2189293,25
DEQ,785087349434430,23,1028,2151450,24
DEQ,785087349467984,23,1028,2180975,23
DEQ,785087349508083,23,1028,2218925,22
DEQ,785087349551302,23,1028,2178429,21
DEQ,785087349594709,23,1028,2206226,20
DEQ,785087349596004,23,1028,2205224,19
DEQ,785087349645397,23,1028,2250186,18
DEQ,785087349678850,23,1028,2202994,17
DEQ,785087349722560,23,1028,2235689,16
DEQ,785087349758641,23,1028,2197005,15
DEQ,785087349799258,23,1028,2230001,14
DEQ,785087349843719,23,1028,2270547,13
DEQ,785087349844894,23,1028,2196737,12
DEQ,785087349878807,23,1028,2216265,11
DEQ,785087349922453,23,1028,2255891,10
DEQ,785087349963709,23,1028,2225842,9
DEQ,785087349998372,23,1028,2255993,8
DEQ,785087349999589,23,1028,2242094,7
DEQ,785087350048645,23,1028,2211365,7
DEQ,785087350083201,23,1028,1799257,6
DEQ,785087350123118,23,1400,1260381,5
DEQ,785087350163033,23,1400,1298176,6
DEQ,785087350208808,23,1400,1219443,5
DEQ,785087350242790,23,1400,1251547,6
DEQ,785087350284736,23,1028,1122655,5
DEQ,785087350322817,23,1028,317435,4
DEQ,785087350363091,23,1400,236886,3
DEQ,785087350405908,23,1400,277652,4
DEQ,785087350443059,23,1400,232179,3
DEQ,785087350482774,23,1400,269972,4
DEQ,785087350523801,23,1400,158563,3
DEQ,785087350562899,23,1400,195755,4
DEQ,785087350607927,23,1400,162689,3
DEQ,785087350647508,23,1400,200346,4
DEQ,785087350687665,23,1400,161777,3
DEQ,785087350727625,23,1400,199696,4
DEQ,785087350772787,23,1400,162685,3
DEQ,785087350821250,23,1400,209238,4
DEQ,785087350857954,23,1400,168197,3
DEQ,785087546672221,23,1400,195980525,64
DEQ,785087546675476,23,1400,195900592,63
DEQ,785087546695438,23,1400,195918633,64
DEQ,785087546815720,23,1028,195952685,64
DEQ,785087546818452,23,1400,195952365,63
DEQ,785087546819065,23,1400,195951070,62
DEQ,785087546878768,23,1028,195124669,64
DEQ,785087546891877,23,1028,194236323,64
DEQ,785087546931450,23,1028,193376472,64
DEQ,785087547039382,23,1028,192572361,64
DEQ,785087547042045,23,1028,191674436,63
DEQ,785087547042649,23,1028,190803905,62
DEQ,785087547045104,23,1028,189947097,61
DEQ,785087547132337,23,1028,189034508,64
DEQ,785087547135524,23,1028,188051595,63
DEQ,785087547223338,23,1028,187147525,64
DEQ,785087547226423,23,1028,186158528,63
DEQ,785087547247317,23,1028,185181535,64
DEQ,785087547326206,23,1028,184273326,64
DEQ,785087547329237,23,1028,183284133,63
DEQ,785087547329775,23,1028,182299931,62
DEQ,785087547414538,23,1028,181392134,64
DEQ,785087547417406,23,1028,180405076,63
DEQ,785087547417899,23,1028,179420361,62
DEQ,785087547495536,23,1028,178491399,64
DEQ,785087547498296,23,1028,177503190,63
DEQ,785087547510451,23,1028,176522257,64
DEQ,785087547603496,23,1028,175629363,64
DEQ,785087547606796,23,1028,174635489,63
DEQ,785087547619729,23,1028,173653652,64
DEQ,785087547718224,23,1028,172836095,64
DEQ,785087547720932,23,1028,171947738,63
DEQ,785087547722776,23,1028,171042327,62
DEQ,785087547808401,23,1028,170223956,64
DEQ,785087547811163,23,1028,169325661,63
DEQ,785087547812933,23,1028,168428136,62
DEQ,785087547899263,23,1028,167628330,64
DEQ,785087547901890,23,1028,166753223,63
DEQ,785087547903653,23,1028,165884552,62
DEQ,785087547988974,23,1028,164971411,62
DEQ,785087547992539,23,1028,163986491,61
DEQ,785087548077579,23,1028,163069860,60
DEQ,785087548078541,23,1028,162080933,59
DEQ,785087548080092,23,1028,161089502,58
DEQ,785087548151086,23,1028,160165226,57
DEQ,785087548159714,23,1028,159186395,56
DEQ,785087548233767,23,1028,158263025,55
DEQ,785087548234625,23,1028,157278472,54
DEQ,785087548304105,23,1028,156435902,53
DEQ,785087548304990,23,1028,155530812,52
DEQ,785087548306586,23,1028,154623241,51
DEQ,785087548415709,23,1028,153831672,50
DEQ,785087548416606,23,1028,152960462,49
DEQ,785087548417071,23,1028,152087762,48
DEQ,785087548437537,23,1028,151230223,48
DEQ,785087548470615,23,1028,150339045,47
DEQ,785087548513875,23,1028,149384527,46
DEQ,785087548550201,23,1028,148540323,45
DEQ,785087548550703,23,1028,147553169,44
DEQ,785087548603940,23,1028,146612590,43
DEQ,785087548641569,23,1028,145660654,42
DEQ,785087548682645,23,1028,144713804,41
DEQ,785087548724582,23,1028,143838768,40
DEQ,785087548761658,23,1028,142985255,39
DEQ,785087548762125,23,1028,142080242,38
DEQ,785087548836818,23,1028,2158181,37
DEQ,785087548870154,23,1028,2183302,36
DEQ,785087548911862,23,1028,2215634,35
DEQ,785087548949947,23,1400,2107314,34
DEQ,785087548990204,23,1400,2133238,35
DEQ,785087549032927,23,1028,2173507,34
DEQ,785087549069994,23,1400,2189448,33
DEQ,785087549109878,23,1400,2217269,34
DEQ,785087549150062,23,1028,2216515,33
DEQ,785087549190086,23,1028,2143853,32
DEQ,785087549190504,23,1028,2140175,31
DEQ,785087549247865,23,1028,2195360,30
DEQ,785087549281401,23,1028,2226619,29
DEQ,785087549324966,23,1028,2186988,29
DEQ,785087549361310,23,1028,2213045,28
DEQ,785087549361737,23,1028,2132955,27
DEQ,785087549415822,23,1028,2171990,26
DEQ,785087549449448,23,1028,2200836,25
DEQ,785087549489187,23,1028,2156939,24
DEQ,785087549529390,23,1028,2187037,23
DEQ,785087549529794,23,1028,2185144,22
DEQ,785087549577949,23,1028,2157639,21
DEQ,785087549612035,23,1028,2187563,20
DEQ,785087549658751,23,1028,2232084,19
DEQ,785087549692052,23,1028,2191518,18
DEQ,785087549692517,23,1028,2187901,17
DEQ,785087549762096,23,1028,2250208,16
DEQ,785087549795388,23,1028,2182406,15
DEQ,785087549840202,23,1028,2223041,14
DEQ,785087549875299,23,1028,2254051,13
DEQ,785087549918142,23,1028,2194216,12
DEQ,785087549918563,23,1028,2190590,11
DEQ,785087549955331,23,1028,2225351,10
DEQ,785087549997875,23,1028,2183830,9
DEQ,785087550035579,23,1028,2217421,8
DEQ,785087550036002,23,1028,2215708,7
DEQ,785087550103664,23,1028,2198929,6
DEQ,785087550141614,23,1028,1713970,5
DEQ,785087550183018,23,1400,1229658,4
DEQ,785087550224258,23,1400,1268671,6
DEQ,785087550261692,23,1400,1190083,5
DEQ,785087550302269,23,1400,1228629,6
DEQ,785087550341667,23,1028,1024317,5
DEQ,785087550381544,23,1400,197060,4
DEQ,785087550421515,23,1400,234938,5
DEQ,785087550461698,23,1028,271364,4
DEQ,785087550504879,23,1400,241846,3
DEQ,785087550545133,23,1400,280132,4
DEQ,785087746674999,23,1400,196292252,64
DEQ,785087746677974,23,1400,196292891,63
DEQ,785087746695498,23,1400,196189261,64
DEQ,785087746794005,23,1400,196285711,64
DEQ,785087746794878,23,1028,195729731,63
DEQ,785087746810902,23,1028,194857241,64
DEQ,785087746916290,23,1028,194062759,64
DEQ,785087746918872,23,1028,193194217,63
DEQ,785087746919377,23,1028,192308259,62
DEQ,785087746921066,23,1028,191438146,61
DEQ,785087747016844,23,1028,190645305,64
DEQ,785087747023322,23,1028,189766221,63
DEQ,785087747040542,23,1028,188913851,64
DEQ,785087747113823,23,1028,187996962,64
DEQ,785087747116583,23,1028,187004491,63
DEQ,785087747136574,23,1028,186034870,64
DEQ,785087747212142,23,1028,185180251,64
DEQ,785087747214945,23,1028,184192746,63
DEQ,785087747234823,23,1028,183216641,64
DEQ,785087747318512,23,1028,182307115,64
DEQ,785087747321284,23,1028,181308588,63
DEQ,785087747334057,23,1028,180336317,64
DEQ,785087747414336,23,1028,179414717,64
DEQ,785087747417223,23,1028,178427624,63
DEQ,785087747485034,23,1028,177508875,64
DEQ,785087747487880,23,1028,176521748,63
DEQ,785087747557828,23,1028,175606264,64
DEQ,785087747560722,23,1028,174698128,63
DEQ,785087747573127,23,1028,173808568,64
DEQ,785087747644374,23,1028,172970153,64
DEQ,785087747647188,23,1028,172068142,63
DEQ,785087747659867,23,1028,171177625,64
DEQ,785087747735240,23,1028,170341996,64
DEQ,785087747738054,23,1028,169458289,63
DEQ,785087747837465,23,1028,168680168,64
DEQ,785087747840267,23,1028,167705743,63
DEQ,785087747860571,23,1028,166734493,64
DEQ,785087747925567,23,1028,165804284,63
DEQ,785087747928332,23,1028,164814814,62
DEQ,785087748006049,23,1028,163893707,61
DEQ,785087748008746,23,1028,162903129,60
DEQ,785087748010274,23,1028,161909774,59
DEQ,785087748097426,23,1028,161002190,58
DEQ,785087748100208,23,1028,160006382,57
DEQ,785087748184696,23,1028,159095921,56
DEQ,785087748188233,23,1028,158102939,55
DEQ,785087748269388,23,1028,157193780,54
DEQ,785087748272928,23,1028,156206651,53
DEQ,785087748342241,23,1028,155283816,52
DEQ,785087748345121,23,1028,154293430,51
DEQ,785087748352946,23,1028,153304094,50
DEQ,785087748394129,23,1028,152348704,50
DEQ,785087748435234,23,1028,151395026,49
DEQ,785087748478877,23,1028,150439124,48
DEQ,785087748516693,23,1028,149546885,47
DEQ,785087748557717,23,1028,148600046,46
DEQ,785087748598107,23,1028,147654861,45
DEQ,785087748636717,23,1028,146705733,44
DEQ,785087748676726,23,1028,145832609,43
DEQ,785087748677892,23,1028,144936910,42
DEQ,785087748728855,23,1028,144083807,41
DEQ,785087748766646,23,1028,143215768,40
DEQ,785087748807926,23,1028,142346630,39
DEQ,785087748849653,23,1028,141502283,38
DEQ,785087748886634,23,1028,140661945,37
DEQ,785087748887842,23,1028,2207554,36
DEQ,785087748960952,23,1028,2272781,35
DEQ,785087748994324,23,1028,2297989,34
DEQ,785087749037973,23,1400,2238341,33
DEQ,785087749077609,23,1400,2270183,34
DEQ,785087749137263,23,1028,2323773,33
DEQ,785087749170406,23,1400,2246881,32
DEQ,785087749211759,23,1400,2284355,33
DEQ,785087749250455,23,1028,2320769,33
DEQ,785087749290483,23,1028,2358775,32
DEQ,785087749333269,23,1028,2307678,31
DEQ,785087749373928,23,1028,2336048,30
DEQ,785087749414305,23,1028,2373239,29
DEQ,785087749450521,23,1028,2331832,28
DEQ,785087749451756,23,1028,2317931,27
DEQ,785087749498089,23,1028,2360856,26
DEQ,785087749530394,23,1028,2312850,25
DEQ,785087749531614,23,1028,2299462,24
DEQ,785087749577291,23,1028,2341755,23
DEQ,785087749612044,23,1028,2288589,22
DEQ,785087749659059,23,1028,2327987,21
DEQ,785087749692294,23,1028,2357707,20
DEQ,785087749693527,23,1028,2274170,19
DEQ,785087749762216,23,1028,2338797,18
DEQ,785087749795808,23,1028,2305746,17
DEQ,785087749839425,23,1028,2345261,16
DEQ,785087749875537,23,1028,2312604,15
DEQ,785087749918240,23,1028,2347692,14
DEQ,785087749919436,23,1028,2344866,13
DEQ,785087749955497,23,1028,2305972,12
DEQ,785087749997295,23,1028,2340116,11
DEQ,785087750035641,23,1028,2374049,10
DEQ,785087750036864,23,1028,2296412,9
DEQ,785087750076376,23,1028,2331725,8
DEQ,785087750118314,23,1028,2275864,8
DEQ,785087750155497,23,1028,2297449,7
DEQ,785087750203615,23,1028,1841864,6
DEQ,785087750235668,23,1400,1193680,5
DEQ,785087750275680,23,1400,1231419,6
DEQ,785087750323139,23,1400,1150501,5
DEQ,785087750355738,23,1400,1181024,6
DEQ,785087750398409,23,1028,1164993,5
DEQ,785087750435784,23,1028,344913,4
DEQ,785087750478669,23,1400,240936,3
DEQ,785087750515740,23,1400,276050,4
DEQ,785087750556305,23,1400,231155,3
DEQ,785087750597878,23,1400,270728,4
DEQ,785087750635578,23,1400,154534,3
DEQ,785087750675770,23,1400,193154,4
DEQ,785087750719175,23,1400,160878,3
DEQ,785087750761380,23,1400,201078,4
DEQ,785087750802410,23,1400,164441,3
DEQ,785087750850891,23,1400,210988,4
DEQ,785087750886312,23,1400,164976,3
DEQ,785087750922437,23,1400,199236,4
DEQ,785087750964093,23,1400,159615,4
DEQ,785087751002624,23,1400,196096,5
DEQ,785087751043721,23,1400,155295,4
DEQ,785087751082099,23,1400,191760,5
DEQ,785087751122567,23,1028,172284,4
DEQ,785087751162043,23,1400,195686,3
DEQ,785087751202239,23,1400,233877,4
DEQ,785087751241922,23,1400,196157,3
DEQ,785087946676692,23,1400,195628677,64
DEQ,785087946679592,23,1400,195515446,63
DEQ,785087946681905,23,1400,195515693,62
DEQ,785087946709775,23,1400,195465666,64
DEQ,785087946751819,23,1400,195505832,64
DEQ,785087946789189,23,1028,194931484,64
DEQ,785087946828540,23,1028,194054116,64
DEQ,785087946830006,23,1028,193154826,63
DEQ,785087946882083,23,1028,192308480,64
DEQ,785087946917896,23,1028,191445137,64
DEQ,785087946955406,23,1028,190578897,64
DEQ,785087946995266,23,1028,189747579,64
DEQ,785087947043499,23,1028,188908938,64
DEQ,785087947075054,23,1028,187944890,64
DEQ,785087947123258,23,1028,186995457,64
DEQ,785087947154858,23,1028,186027107,64
DEQ,785087947195357,23,1028,185072131,64
DEQ,785087947234888,23,1028,184116200,64
DEQ,785087947275438,23,1028,183161209,64
DEQ,785087947315244,23,1028,182206726,64
DEQ,785087947316421,23,1028,181205670,63
DEQ,785087947355359,23,1028,180248883,64
DEQ,785087947401974,23,1028,179301926,64
STATS,785087947408487,65,68308,14038,13973,0,0,0
DEQ,785087947441388,23,1028,178347794,64
DEQ,785087947478789,23,1028,177389587,64
DEQ,785087947520289,23,1028,176431074,64
DEQ,785087947555280,23,1028,175461633,64
DEQ,785087947556465,23,1028,174470655,63
DEQ,785087947604254,23,1028,173529758,64
DEQ,785087947641762,23,1028,172575725,64
DEQ,785087947681829,23,1028,171615602,64
DEQ,785087947728305,23,1028,170661360,64
DEQ,785087947770395,23,1028,169715013,64
DEQ,785087947801151,23,1028,168742972,64
DEQ,785087947841908,23,1028,167787267,64
DEQ,785087947881698,23,1028,166827922,64
DEQ,785087947882898,23,1028,165846874,63
DEQ,785087947921926,23,1028,164888403,64
DEQ,785087947964438,23,1028,164019435,63
DEQ,785087948003025,23,1028,163074801,62
DEQ,785087948004607,23,1028,162091174,61
DEQ,785087948050223,23,1028,161222372,60
DEQ,785087948083578,23,1028,160360217,59
DEQ,785087948126333,23,1028,159501048,58
DEQ,785087948167113,23,1028,158638450,57
DEQ,785087948210356,23,1028,157780442,56
DEQ,785087948243583,23,1028,156914627,55
DEQ,785087948287332,23,1028,156080724,54
DEQ,785087948323601,23,1028,155190526,53
DEQ,785087948363505,23,1028,154346927,52
DEQ,785087948403739,23,1028,153397968,51
DEQ,785087948404910,23,1028,152414772,50
DEQ,785087948478972,23,1028,151496215,50
DEQ,785087948516684,23,1028,150543702,49
DEQ,785087948557666,23,1028,149667305,48
DEQ,785087948599765,23,1028,148818183,47
DEQ,785087948636779,23,1028,147939683,46
DEQ,785087948638008,23,1028,147038974,45
DEQ,785087948711490,23,1028,146212574,44
DEQ,785087948744609,23,1028,145344368,43
DEQ,785087948788372,23,1028,144501813,42
DEQ,785087948824895,23,1028,143660855,41
DEQ,785087948870334,23,1028,142737939,40
DEQ,785087948904765,23,1028,141774731,39
DEQ,785087948906018,23,1028,140781052,38
DEQ,785087948952213,23,1028,2269398,37
DEQ,785087948987140,23,1028,2293380,36
DEQ,785087949034350,23,1028,2338203,35
DEQ,785087949067421,23,1400,2355057,34
DEQ,785087949110840,23,1400,2358504,35
DEQ,785087949155574,23,1028,2365139,34
DEQ,785087949188811,23,1400,2357335,33
DEQ,785087949228825,23,1400,2395167,34
DEQ,785087949273359,23,1028,2390153,33
DEQ,785087949313380,23,1028,2394889,33
DEQ,785087949353609,23,1028,2397075,32
DEQ,785087949388857,23,1028,2392801,31
DEQ,785087949432238,23,1028,2387444,30
DEQ,785087949472632,23,1028,2397058,29
DEQ,785087949508919,23,1028,2384448,28
DEQ,785087949550375,23,1028,2394904,27
DEQ,785087949591969,23,1028,2395238,26
DEQ,785087949628855,23,1028,2393444,25
DEQ,785087949670430,23,1028,2393442,24
DEQ,785087949716627,23,1028,2399436,23
DEQ,785087949748480,23,1028,2428808,22
DEQ,785087949788840,23,1028,2432165,21
DEQ,785087949835730,23,1028,2432521,20
DEQ,785087949836956,23,1028,2394192,19
DEQ,785087949880588,23,1028,2400402,18
DEQ,785087949914087,23,1028,2392280,17
DEQ,785087949957634,23,1028,2400352,16
DEQ,785087950001482,23,1028,2442167,15
DEQ,785087950033921,23,1028,2428119,14
DEQ,785087950035076,23,1028,2392014,13
DEQ,785087950084673,23,1028,2401480,12
DEQ,785087950119083,23,1028,2389448,11
DEQ,785087950166629,23,1028,2394917,11
DEQ,785087950199406,23,1028,2397007,10
DEQ,785087950200659,23,1028,2357440,9
DEQ,785087950239130,23,1028,2355540,8
DEQ,785087950284588,23,1028,2398914,7
DEQ,785087950319274,23,1028,1908437,6
DEQ,785087950320445,23,1400,1250542,5
DEQ,785087950409132,23,1400,1337143,6
DEQ,785087950456202,23,1400,1265333,5
DEQ,785087950492846,23,1400,1300011,6
DEQ,785087950529108,23,1028,1243693,5
DEQ,785087950570596,23,1028,427856,4
DEQ,785087950609185,23,1400,287110,3
DEQ,785088146595076,23,1400,196271405,64
DEQ,785088146598391,23,1400,196140171,63
DEQ,785088146708644,23,1400,196248449,64
DEQ,785088146709774,23,1400,196098515,63
DEQ,785088146817462,23,1400,196204219,64
DEQ,785088146823700,23,1028,195782592,63
DEQ,785088146825542,23,1028,194880713,62
DEQ,785088146919927,23,1028,194072780,64
DEQ,785088146922690,23,1028,193176428,63
DEQ,785088146923116,23,1028,192274896,62
DEQ,785088146937571,23,1028,191377019,64
DEQ,785088147037309,23,1028,190576172,64
DEQ,785088147040135,23,1028,189680742,63
DEQ,785088147040642,23,1028,188809469,62
DEQ,785088147055347,23,1028,187921212,64
DEQ,785088147139156,23,1028,187123444,64
DEQ,785088147141898,23,1028,186126526,63
DEQ,785088147154543,23,1028,185149480,64
DEQ,785088147228226,23,1028,184230872,64
DEQ,785088147321603,23,1028,183329560,64
DEQ,785088147324307,23,1028,182331631,63
DEQ,785088147325995,23,1028,181341047,62
DEQ,785088147411502,23,1028,180434448,64
DEQ,785088147414334,23,1028,179447051,63
DEQ,785088147414769,23,1028,178515799,62
DEQ,785088147432368,23,1028,177624776,64
DEQ,785088147526264,23,1028,176819099,64
DEQ,785088147528963,23,1028,175919823,63
DEQ,785088147530747,23,1028,175021487,62
DEQ,785088147650327,23,1028,174240717,64
DEQ,785088147653187,23,1028,173291643,63
DEQ,785088147655027,23,1028,172417607,62
DEQ,785088147742934,23,1028,171609249,64
DEQ,785088147745868,23,1028,170617771,63
DEQ,785088147766964,23,1028,169645531,64
DEQ,785088147842174,23,1028,168731395,64
DEQ,785088147845315,23,1028,167856858,63
DEQ,785088147858722,23,1028,166887030,64
DEQ,785088147956726,23,1028,165997611,63
DEQ,785088147959552,23,1028,165089088,62
DEQ,785088147960118,23,1028,164185852,61
DEQ,785088147960650,23,1028,163278738,60
DEQ,785088148040183,23,1028,162457947,59
DEQ,785088148042908,23,1028,161556546,58
DEQ,785088148052495,23,1028,160666032,57
DEQ,785088148091047,23,1028,159818201,56
DEQ,785088148134737,23,1028,158986247,55
DEQ,785088148170953,23,1028,158034467,54
DEQ,785088148213915,23,1028,157062908,53
DEQ,785088148250967,23,1028,156121321,52
DEQ,785088148298466,23,1028,155170360,51
DEQ,785088148331079,23,1028,154322596,50
DEQ,785088148332329,23,1028,153321995,49
DEQ,785088148372815,23,1028,152363396,49
DEQ,785088148410876,23,1028,151416192,48
DEQ,785088148450966,23,1028,150458741,47
DEQ,785088148452169,23,1028,149454913,46
DEQ,785088148512744,23,1028,148550467,45
DEQ,785088148546062,23,1028,147594118,44
DEQ,785088148591038,23,1028,146650941,43
DEQ,785088148625757,23,1028,145765918,42
DEQ,785088148668577,23,1028,144913555,41
DEQ,785088148669847,23,1028,144013847,40
DEQ,785088148706072,23,1028,143158827,39
DEQ,785088148748463,23,1028,142312190,38
DEQ,785088148785847,23,1028,2184117,37
DEQ,785088148787132,23,1028,2176179,36
DEQ,785088148826402,23,1028,2114222,35
DEQ,785088148868779,23,1400,2150170,34
DEQ,785088148921271,23,1400,2095048,35
DEQ,785088148969563,23,1028,2139115,34
DEQ,785088149003688,23,1400,2169551,33
DEQ,785088149041866,23,1400,2116818,34
DEQ,785088149085536,23,1028,2152800,33
DEQ,785088149126135,23,1028,2191201,32
DEQ,785088149167348,23,1028,2229142,31
DEQ,785088149202764,23,1028,2159860,30
DEQ,785088149204022,23,1028,2153403,29
DEQ,785088149244464,23,1028,2191770,29
DEQ,785088149281719,23,1028,2225827,28
DEQ,785088149321408,23,1028,2177024,27
DEQ,785088149360866,23,1028,2212442,26
DEQ,785088149401707,23,1028,2246528,25
DEQ,785088149441522,23,1028,2209139,24
DEQ,785088149442776,23,1028,2115726,23
DEQ,785088149481768,23,1028,2150755,22
DEQ,785088149527061,23,1028,2193984,21
DEQ,785088149561745,23,1028,2144672,20
DEQ,785088149605012,23,1028,2183957,19
DEQ,785088149641558,23,1028,2218346,18
DEQ,785088149681939,23,1028,2247874,17
DEQ,785088149725135,23,1028,2192477,16
DEQ,785088149726273,23,1028,2189663,15
DEQ,785088149770915,23,1028,2232212,14
DEQ,785088149804440,23,1028,2147385,13
DEQ,785088149848898,23,1028,2187815,12
DEQ,785088149884442,23,1028,2220831,11
DEQ,785088149930131,23,1028,2181825,10
DEQ,785088149967144,23,1028,2203164,9
DEQ,785088150004748,23,1028,2236962,8
DEQ,785088150005945,23,1028,2158036,7
DEQ,785088150053067,23,1028,2197218,6
DEQ,785088150086908,23,1028,1747891,5
DEQ,785088150126811,23,1400,1253931,5
DEQ,785088150166773,23,1400,1291822,6
DEQ,785088150206731,23,1400,1198483,5
DEQ,785088150257244,23,1400,1246958,6
DEQ,785088150304779,23,1028,1087473,5
DEQ,785088150337212,23,1028,246684,4
DEQ,785088150382157,23,1400,252568,3
DEQ,785088150418774,23,1400,287085,4
DEQ,785088150457291,23,1400,248577,3
DEQ,785088150497279,23,1400,286615,4
DEQ,785088150537252,23,1400,152877,3
DEQ,785088150609095,23,1400,222677,4
DEQ,785088150660867,23,1400,201512,3
DEQ,785088150700976,23,1400,239697,4
DEQ,785088150741137,23,1400,201726,3
DEQ,785088150787942,23,1400,246610,4
DEQ,785088150836023,23,1400,172736,3
DEQ,785088150872757,23,1400,207520,4
DEQ,785088150913071,23,1400,169738,3
DEQ,785088150952782,23,1400,207544,5
DEQ,785088150992713,23,1400,154550,4
DEQ,785088151033030,23,1400,193128,5
DEQ,785088151073028,23,1400,157800,4
DEQ,785088151113075,23,1400,195918,5
DEQ,785088151155993,23,1028,208927,4
DEQ,785088346654118,23,1400,195659196,64
DEQ,785088346656866,23,1400,195659892,63
DEQ,785088346657330,23,1400,195582355,62
DEQ,785088346681771,23,1400,195604812,64
DEQ,785088346777034,23,1028,194938117,64
DEQ,785088346777892,23,1028,194036199,63
DEQ,785088346793722,23,1028,193150942,64
DEQ,785088346881351,23,1028,192338110,64
DEQ,785088346888223,23,1028,191444695,63
DEQ,785088346891292,23,1028,190547060,62
DEQ,785088346999361,23,1028,189783290,64
DEQ,785088347002858,23,1028,188872780,63
DEQ,785088347113314,23,1028,187987486,64
DEQ,785088347116236,23,1028,186996184,63
DEQ,785088347116781,23,1028,186005619,62
DEQ,785088347160567,23,1028,185048868,64
DEQ,785088347171915,23,1028,184065519,64
DEQ,785088347259240,23,1028,183275057,64
DEQ,785088347262074,23,1028,182290402,63
DEQ,785088347273942,23,1028,181316687,64
DEQ,785088347355365,23,1028,180477794,64
DEQ,785088347358146,23,1028,179588413,63
DEQ,785088347370177,23,1028,178679134,64
DEQ,785088347452001,23,84,178358997,64
DEQ,785088347454700,23,1028,177861409,63
DEQ,785088347456940,23,1028,176961911,62
DEQ,785088347542539,23,1028,176148161,64
DEQ,785088347545363,23,1028,175264809,63
DEQ,785088347612902,23,1028,174454661,64
DEQ,785088347615794,23,1028,173474744,63
DEQ,785088347682439,23,1028,172551429,64
DEQ,785088347685329,23,1028,171621002,63
DEQ,785088347757228,23,1028,170700078,64
DEQ,785088347760052,23,1028,169701906,63
DEQ,785088347848637,23,1028,168792272,64
DEQ,785088347851473,23,1028,167882486,63
DEQ,785088347920097,23,1028,166953754,64
DEQ,785088347922975,23,1028,166042921,63
DEQ,785088347936534,23,1028,165159869,63
DEQ,785088348020457,23,1028,164340429,62
DEQ,785088348023151,23,1028,163441117,61
DEQ,785088348043557,23,1028,162561909,60
DEQ,785088348124838,23,1028,161740265,59
DEQ,785088348128236,23,1028,160850197,58
DEQ,785088348141213,23,1028,159985298,57
DEQ,785088348236297,23,1028,159099787,56
DEQ,785088348239067,23,1028,158106550,55
DEQ,785088348316342,23,1028,157188699,54
DEQ,785088348317413,23,1028,156191773,53
DEQ,785088348329368,23,1028,155215734,52
DEQ,785088348401576,23,1028,154291948,51
DEQ,785088348408746,23,1028,153312135,50
DEQ,785088348447636,23,1028,152420160,50
DEQ,785088348487164,23,1028,151457426,49
DEQ,785088348528069,23,1028,150509456,48
DEQ,785088348574183,23,1028,149567001,47
DEQ,785088348607384,23,1028,148619495,46
DEQ,785088348652817,23,1028,147681356,45
DEQ,785088348687414,23,1028,146723305,44
DEQ,785088348730042,23,1028,145776118,43
DEQ,785088348775178,23,1028,144908643,42
DEQ,785088348806879,23,1028,144040086,41
DEQ,785088348850371,23,1028,143179888,40
DEQ,785088348887430,23,1028,142302087,39
DEQ,785088348888633,23,1028,141401240,38
DEQ,785088348962012,23,1028,2302165,37
DEQ,785088348995356,23,1028,2331113,36
DEQ,785088349038090,23,1028,2371582,35
DEQ,785088349075210,23,1400,2390595,34
DEQ,785088349115522,23,1400,2335867,35
DEQ,785088349158987,23,1028,2374915,34
DEQ,785088349195372,23,1400,2399212,33
DEQ,785088349235472,23,1400,2342673,34
DEQ,785088349277011,23,1028,2379310,33
DEQ,785088349317939,23,1028,2417956,33
DEQ,785088349355317,23,1028,2349414,32
DEQ,785088349402681,23,1028,2392526,31
DEQ,785088349435138,23,1028,2315902,30
DEQ,785088349436389,23,1028,2301596,29
DEQ,785088349481943,23,1028,2342551,28
DEQ,785088349517081,23,1028,2355651,27
DEQ,785088349559831,23,1028,2387276,26
DEQ,785088349599940,23,1028,2335785,25
DEQ,785088349637140,23,1028,2368883,24
DEQ,785088349677597,23,1028,2403127,23
DEQ,785088349720442,23,1028,2357128,22
DEQ,785088349757065,23,1028,2389653,21
DEQ,785088349797275,23,1028,2425613,20
DEQ,785088349844966,23,1028,2386054,19
DEQ,785088349877094,23,1028,2407141,18
DEQ,785088349918599,23,1028,2446562,17
DEQ,785088349957144,23,1028,2409517,16
DEQ,785088349958253,23,1028,2406512,15
DEQ,785088350006773,23,1028,2388463,14
DEQ,785088350040257,23,1028,2417908,13
DEQ,785088350085403,23,1028,2397634,12
DEQ,785088350125830,23,1028,2434083,11
DEQ,785088350160024,23,1028,2397754,11
DEQ,785088350161256,23,1028,2387552,10
DEQ,785088350204632,23,1028,2350910,9
DEQ,785088350240384,23,1028,2382599,8
DEQ,785088350284537,23,1028,2359344,7
DEQ,785088350320041,23,1028,1901954,6
DEQ,785088350321191,23,1400,1241047,5
DEQ,785088350409041,23,1400,1326323,6
DEQ,785088350448986,23,1400,1251379,5
DEQ,785088350489093,23,1400,1289389,6
DEQ,785088350534416,23,1028,1244373,5
DEQ,785088350569135,23,1028,419086,4
DEQ,785088350570262,23,1400,247429,3
DEQ,785088350637089,23,1400,312353,4
DEQ,785088350684181,23,1400,233033,3
DEQ,785088350723861,23,1400,270491,4
DEQ,785088350757101,23,1400,185203,3
DEQ,785088350801795,23,1400,227922,4
DEQ,785088350837079,23,1400,150730,3
DEQ,785088350877129,23,1400,188848,4
DEQ,785088350918463,23,1400,159200,3
DEQ,785088350956963,23,1400,195751,4
DEQ,785088350958190,23,1400,118920,3
DEQ,785088350997137,23,1400,155952,4
DEQ,785088351041902,23,1400,121204,4
DEQ,785088351077280,23,1400,154604,5
DEQ,785088351117144,23,1400,157507,4
DEQ,785088351157119,23,1400,195414,5
DEQ,785088351197702,23,1028,193787,4
DEQ,785088351237140,23,1400,192614,3
DEQ,785088546645971,23,1400,195599280,64
DEQ,785088546648957,23,1400,195529341,63
DEQ,785088546687082,23,1400,195565361,64
DEQ,785088546769967,23,1400,195530704,64
DEQ,785088546771112,23,1400,195529868,63
DEQ,785088546810405,23,1028,194917816,64
DEQ,785088546824714,23,1028,194018312,64
DEQ,785088546908752,23,1028,193202011,64
DEQ,785088546912252,23,1028,192306027,63
DEQ,785088546912864,23,1028,191406680,62
DEQ,785088547016199,23,1028,190609371,64
DEQ,785088547019586,23,1028,189741065,63
DEQ,785088547033649,23,1028,188896244,64
DEQ,785088547119337,23,1028,187991778,64
DEQ,785088547122645,23,1028,187000550,63
DEQ,785088547123333,23,1028,186123376,62
DEQ,785088547218508,23,1028,185224714,64
DEQ,785088547221894,23,1028,184236984,63
DEQ,785088547222529,23,1028,183242801,62
DEQ,785088547238827,23,1028,182264089,64
DEQ,785088547332473,23,1028,181374248,64
DEQ,785088547336091,23,1028,180457869,63
DEQ,785088547355391,23,1028,179577314,64
DEQ,785088547441520,23,1028,178760593,64
DEQ,785088547444868,23,1028,177863483,63
DEQ,785088547445543,23,1028,176963993,62
DEQ,785088547466935,23,1028,176066166,64
DEQ,785088547546716,23,1028,175249246,64
DEQ,785088547550031,23,1028,174371836,63
DEQ,785088547550622,23,1028,173409939,62
DEQ,785088547646739,23,1028,172518675,64
DEQ,785088547650011,23,1028,171529803,63
DEQ,785088547664224,23,1028,170554575,64
DEQ,785088547742451,23,1028,169638949,64
DEQ,785088547745789,23,1028,168644366,63
DEQ,785088547759584,23,1028,167659265,64
DEQ,785088547846644,23,1028,166749303,64
DEQ,785088547850053,23,1028,165758832,63
DEQ,785088547850628,23,1028,164766438,62
DEQ,785088547967888,23,1028,163950572,62
DEQ,785088547971495,23,1028,162961369,61
DEQ,785088548059296,23,1028,162059578,60
DEQ,785088548062084,23,1028,161063963,59
DEQ,785088548062513,23,1028,160098306,58
DEQ,785088548166333,23,1028,159218608,57
DEQ,785088548169002,23,1028,158230237,56
DEQ,785088548256207,23,1028,157398416,55
DEQ,785088548259368,23,1028,156509403,54
DEQ,785088548259960,23,1028,155604997,53
DEQ,785088548363982,23,1028,154805407,52
DEQ,785088548366937,23,1028,153904757,51
DEQ,785088548367453,23,1028,153017619,50
DEQ,785088548367915,23,1028,152140637,49
DEQ,785088548400336,23,1028,151265505,49
DEQ,785088548422109,23,1028,150292368,48
DEQ,785088548465076,23,1028,149345843,47
DEQ,785088548502033,23,1028,148382593,46
DEQ,785088548503503,23,1028,147395152,45
DEQ,785088548548903,23,1028,146448655,44
DEQ,785088548583160,23,1028,145488105,43
DEQ,785088548643867,23,1028,144549982,42
DEQ,785088548669122,23,1028,143575178,41
DEQ,785088548703130,23,1028,142604300,40
DEQ,785088548750289,23,1028,141653625,39
DEQ,785088548782968,23,1028,140691874,38
DEQ,785088548784511,23,1028,2132756,37
DEQ,785088548833794,23,1028,2155891,36
DEQ,785088548868549,23,1028,2180619,35
DEQ,785088548915060,23,1400,2138978,34
DEQ,785088548963082,23,1400,2172946,35
DEQ,785088548995345,23,1028,2181237,34
DEQ,785088549042664,23,1400,2215041,33
DEQ,785088549075143,23,1400,2159813,34
DEQ,785088549114750,23,1028,2190115,33
DEQ,785088549155230,23,1028,2228244,32
DEQ,785088549156457,23,1028,2133979,31
DEQ,785088549201663,23,1028,2170919,30
DEQ,785088549237554,23,1028,2202227,29
DEQ,785088549284761,23,1028,2158726,29
DEQ,785088549317805,23,1028,2187228,28
DEQ,785088549319057,23,1028,2186114,27
DEQ,785088549388018,23,1028,2162529,26
DEQ,785088549420941,23,1028,2190957,25
DEQ,785088549466178,23,1028,2233838,24
DEQ,785088549500832,23,1028,2260329,23
DEQ,785088549543584,23,1028,2204793,22
DEQ,785088549544761,23,1028,2192248,21
DEQ,785088549580981,23,1028,2223930,20
DEQ,785088549623416,23,1028,2175174,19
DEQ,785088549661001,23,1028,2199260,18
DEQ,785088549662183,23,1028,2198151,17
DEQ,785088549701567,23,1028,2232616,16
DEQ,785088549740970,23,1028,2187684,15
DEQ,785088549780704,23,1028,2222873,14
DEQ,785088549820512,23,1028,2260386,13
DEQ,785088549860934,23,1028,2204166,12
DEQ,785088549903586,23,1028,2242090,11
DEQ,785088549948568,23,1028,2282634,10
DEQ,785088549980818,23,1028,2232182,9
DEQ,785088550024582,23,1028,2271446,8
DEQ,785088550063625,23,1028,2302320,7
DEQ,785088550101631,23,1028,2248363,6
DEQ,785088550145356,23,1028,1767928,5
DEQ,785088550185574,23,1400,1265372,5
DEQ,785088550186150,23,1400,1263693,4
DEQ,785088550224207,23,1400,1174046,5
DEQ,785088550263918,23,1400,1211733,6
DEQ,785088550329510,23,1028,1056866,5
DEQ,785088550362725,23,1028,210682,4
DEQ,785088550402929,23,1400,214935,3
DEQ,785088550442970,23,1400,252883,4
DEQ,785088746650350,23,1400,196418885,64
DEQ,785088746652848,23,1400,196419307,63
DEQ,785088746653263,23,1400,196247801,62
DEQ,785088746684151,23,1400,196276575,64
DEQ,785088746777706,23,1028,195719808,64
DEQ,785088746778642,23,1028,194831192,63
DEQ,785088746779154,23,1028,193929917,62
DEQ,785088746799105,23,1028,193050366,64
DEQ,785088746898356,23,1028,192247719,64
DEQ,785088746901678,23,1028,191340007,63
DEQ,785088746902203,23,1028,190440557,62
DEQ,785088746918071,23,1028,189556581,64
DEQ,785088747009296,23,1028,188762277,64
DEQ,785088747012527,23,1028,187870814,63
DEQ,785088747036351,23,1028,187017500,64
DEQ,785088747120961,23,1028,186108939,64
DEQ,785088747124241,23,1028,185114630,63
DEQ,785088747144130,23,1028,184145668,64
DEQ,785088747226663,23,1028,183233451,64
DEQ,785088747233091,23,1028,182246299,63
DEQ,785088747248590,23,1028,181257165,64
DEQ,785088747351723,23,1028,180366491,64
DEQ,785088747354422,23,1028,179374680,63
DEQ,785088747354842,23,1028,178380827,62
DEQ,785088747386388,23,1028,177420598,64
DEQ,785088747465533,23,1028,176515091,64
DEQ,785088747468375,23,1028,175585257,63
DEQ,785088747468772,23,1028,174692352,62
DEQ,785088747490058,23,1028,173809247,64
DEQ,785088747560427,23,1028,172967145,64
DEQ,785088747563201,23,1028,172062419,63
DEQ,785088747564883,23,1028,171163773,62
DEQ,785088747649493,23,1028,170361616,64
DEQ,785088747652169,23,1028,169486970,63
DEQ,785088747654110,23,1028,168520812,62
DEQ,785088747763510,23,1028,167641456,64
DEQ,785088747766391,23,1028,166656046,63
DEQ,785088747776599,23,1028,165674727,63
DEQ,785088747890531,23,1028,164798584,62
DEQ,785088747893749,23,1028,163919525,61
DEQ,785088747894252,23,1028,162925927,60
DEQ,785088747979171,23,1028,162101493,59
DEQ,785088747981915,23,1028,161205617,58
DEQ,785088747989797,23,1028,160310061,57
DEQ,785088748083086,23,1028,159499938,56
DEQ,785088748086207,23,1028,158600194,55
DEQ,785088748094917,23,1028,157708795,54
DEQ,785088748208802,23,1028,156935151,53
DEQ,785088748211941,23,1028,156060604,52
DEQ,785088748212414,23,1028,155079120,51
DEQ,785088748296182,23,1028,154228137,50
DEQ,785088748298998,23,1028,153243613,49
DEQ,785088748318777,23,1028,152273927,49
DEQ,785088748358971,23,1028,151323508,48
DEQ,785088748402770,23,1028,150367027,47
DEQ,785088748447182,23,1028,149413685,46
DEQ,785088748448434,23,1028,148418720,45
DEQ,785088748479520,23,1028,147459461,44
DEQ,785088748518574,23,1028,146506321,43
DEQ,785088748567206,23,1028,145556831,42
DEQ,785088748602241,23,1028,144628036,41
DEQ,785088748638819,23,1028,143667633,40
DEQ,785088748680954,23,1028,142722044,39
DEQ,785088748724385,23,1028,141774670,38
DEQ,785088748725612,23,1028,140861504,37
DEQ,785088748768057,23,1028,2112651,36
DEQ,785088748801550,23,1028,2134597,35
DEQ,785088748847390,23,1028,2178116,34
DEQ,785088748887969,23,1400,2201527,33
DEQ,785088748926523,23,1400,2145580,34
DEQ,785088748979392,23,1028,2194030,33
DEQ,785088749017203,23,1400,2228078,32
DEQ,785088749057474,23,1400,2255681,33
DEQ,785088749102504,23,1028,2197513,32
DEQ,785088749144543,23,1028,2235249,31
DEQ,785088749177430,23,1028,2262229,30
DEQ,785088749178937,23,1028,2259350,29
DEQ,785088749229719,23,1028,2214629,29
DEQ,785088749281233,23,1028,2261620,28
DEQ,785088749307300,23,1028,2269676,27
DEQ,785088749308860,23,1028,2181909,26
DEQ,785088749358422,23,1028,2217069,25
DEQ,785088749392439,23,1028,2247765,24
DEQ,785088749446823,23,1028,2211554,23
DEQ,785088749448326,23,1028,2208822,22
DEQ,785088749480313,23,1028,2231034,21
DEQ,785088749518164,23,1028,2161138,20
DEQ,785088749558067,23,1028,2196971,19
DEQ,785088749601645,23,1028,2238461,18
DEQ,785088749638204,23,1028,2250370,17
DEQ,785088749680166,23,1028,2209139,16
DEQ,785088749721630,23,1028,2236319,15
DEQ,785088749763368,23,1028,2275855,14
DEQ,785088749798318,23,1028,2306785,13
DEQ,785088749799816,23,1028,2232772,12
DEQ,785088749842429,23,1028,2271258,11
DEQ,785088749878243,23,1028,2304875,10
DEQ,785088749920298,23,1028,2264162,9
DEQ,785088749958018,23,1028,2297800,8
DEQ,785088749997545,23,1028,2335259,7
DEQ,785088750038223,23,1028,2269609,7
DEQ,785088750078392,23,1028,1770888,6
DEQ,785088750079843,23,1400,1187869,5
DEQ,785088750126444,23,1400,1232323,6
DEQ,785088750166344,23,1400,1146950,5
DEQ,785088750206505,23,1400,1185089,6
DEQ,785088750246238,23,1028,1055775,5
DEQ,785088750288387,23,1028,281598,4
DEQ,785088750326218,23,1400,244658,3
DEQ,785088750366251,23,1400,282600,4
DEQ,785088750412306,23,1400,243559,3
DEQ,785088750451836,23,1400,281048,4
DEQ,785088750511238,23,1400,182621,3
DEQ,785088750557117,23,1400,226450,4
DEQ,785088750598490,23,1400,183676,3
DEQ,785088750631760,23,1400,214834,4
DEQ,785088750671501,23,1400,157605,3
DEQ,785088750719523,23,1400,203599,4
DEQ,785088750751749,23,1400,150590,3
DEQ,785088750792048,23,1400,188850,4
DEQ,785088750831710,23,1400,157948,3
DEQ,785088750871592,23,1400,195774,4
DEQ,785088750911784,23,1400,157564,4
DEQ,785088750984645,23,1400,228378,5
DEQ,785088751036223,23,1400,201784,4
DEQ,785088751073997,23,1400,237540,5
DEQ,785088751113929,23,1028,236880,4
DEQ,785088751154651,23,1400,240319,3
DEQ,785088946652981,23,1400,195736610,64
DEQ,785088946655644,23,1400,195616982,63
DEQ,785088946656093,23,1400,195615258,62
DEQ,785088946657992,23,1400,195500870,61
DEQ,785088946678659,23,1400,195519537,64
DEQ,785088946794710,23,1028,195030301,64
DEQ,785088946809053,23,1028,194154043,63
DEQ,785088946811875,23,1028,193268263,62
DEQ,785088946910540,23,1028,192475491,64
DEQ,785088946913834,23,1028,191591914,63
DEQ,785088946914386,23,1028,190727813,62
DEQ,785088946935605,23,1028,189815009,64
DEQ,785088947032703,23,1028,188937634,64
DEQ,785088947035923,23,1028,187941936,63
DEQ,785088947036445,23,1028,186924167,62
DEQ,785088947052097,23,1028,185950594,64
DEQ,785088947158696,23,1028,185051626,64
DEQ,785088947162043,23,1028,184055911,63
DEQ,785088947162553,23,1028,183057105,62
DEQ,785088947185110,23,1028,182077474,64
DEQ,785088947274413,23,1028,181288073,64
DEQ,785088947277957,23,1028,180306200,63
DEQ,785088947278579,23,1028,179320001,62
DEQ,785088947301655,23,1028,178346789,64
DEQ,785088947379834,23,1028,177508715,64
DEQ,785088947383163,23,1028,176621126,63
DEQ,785088947383718,23,1028,175719609,62
DEQ,785088947402730,23,1028,174835443,64
STATS,785088947410499,65,68308,14647,14582,0,0,0
DEQ,785088947489897,23,1028,174018391,64
DEQ,785088947493240,23,1028,173135359,63
DEQ,785088947514601,23,1028,172279216,64
DEQ,785088947617304,23,1028,171473228,64
DEQ,785088947620397,23,1028,170479170,63
DEQ,785088947622418,23,1028,169603246,62
DEQ,785088947719126,23,1028,168705285,64
DEQ,785088947728809,23,1028,167723879,63
DEQ,785088947730375,23,1028,166739562,62
DEQ,785088947813600,23,1028,165845982,64
DEQ,785088947816500,23,1028,164861334,63
DEQ,785088947878381,23,1028,163979480,62
DEQ,785088947881285,23,1028,163088031,61
DEQ,785088947947145,23,1028,162253143,60
DEQ,785088947953305,23,1028,161354574,59
DEQ,785088947954765,23,1028,160442730,58
DEQ,785088948026113,23,1028,159613337,57
DEQ,785088948028939,23,1028,158729207,56
DEQ,785088948095331,23,1028,157915498,55
DEQ,785088948098182,23,1028,156969825,54
DEQ,785088948103451,23,1028,155983080,53
DEQ,785088948216277,23,1028,155094543,52
DEQ,785088948219095,23,1028,154108120,51
DEQ,785088948219540,23,1028,153118022,50
DEQ,785088948239612,23,1028,152145873,50
DEQ,785088948277952,23,1028,151191535,49
DEQ,785088948318024,23,1028,150242034,48
DEQ,785088948357948,23,1028,149282348,47
DEQ,785088948402994,23,1028,148331252,46
DEQ,785088948437647,23,1028,147374695,45
DEQ,785088948438790,23,1028,146375723,44
DEQ,785088948481198,23,1028,145416617,43
DEQ,785088948517843,23,1028,144462969,42
DEQ,785088948559016,23,1028,143512989,41
DEQ,785088948601248,23,1028,142559655,40
DEQ,785088948638158,23,1028,141596696,39
DEQ,785088948639455,23,1028,140602778,38
DEQ,785088948712161,23,1028,2053494,37
DEQ,785088948745387,23,1028,2082527,36
DEQ,785088948788169,23,1028,2123064,35
DEQ,785088948825534,23,1028,2158320,34
DEQ,785088948865444,23,1400,2184618,33
DEQ,785088948905501,23,1400,2092729,34
DEQ,785088948949927,23,1400,2124385,33
DEQ,785088948985217,23,1400,2157434,34
DEQ,785088949025740,23,1028,2108551,33
DEQ,785088949065454,23,1028,2134913,32
DEQ,785088949066612,23,1028,2133852,31
DEQ,785088949137120,23,1028,2200041,31
DEQ,785088949171470,23,1028,2132442,30
DEQ,785088949215348,23,1028,2168473,29
DEQ,785088949251276,23,1028,2202025,28
DEQ,785088949298998,23,1028,2246114,27
DEQ,785088949331477,23,1028,2166030,26
DEQ,785088949332712,23,1028,2153263,25
DEQ,785088949381251,23,1028,2199506,24
DEQ,785088949414405,23,1028,2227647,23
DEQ,785088949458208,23,1028,2176938,22
DEQ,785088949498906,23,1028,2202455,21
DEQ,785088949534415,23,1028,2235590,20
DEQ,785088949535583,23,1028,2232241,19
DEQ,785088949578067,23,1028,2191701,18
DEQ,785088949614485,23,1028,2223594,17
DEQ,785088949659884,23,1028,2266676,16
DEQ,785088949694399,23,1028,2289825,15
DEQ,785088949695648,23,1028,2199780,14
DEQ,785088949763125,23,1028,2262692,13
DEQ,785088949796511,23,1028,2279498,12
DEQ,785088949840285,23,1028,2216664,11
DEQ,785088949876296,23,1028,2248135,10
DEQ,785088949924030,23,1028,2293476,9
DEQ,785088949956435,23,1028,2225023,8
DEQ,785088949957611,23,1028,2222379,7
DEQ,785088949998126,23,1028,2260825,7
DEQ,785088950038745,23,1028,1810392,6
DEQ,785088950081241,23,1400,1211736,5
DEQ,785088950116424,23,1400,1244737,6
DEQ,785088950157836,23,1400,1205710,5
DEQ,785088950202211,23,1400,1248110,6
DEQ,785088950236378,23,1028,1130495,5
DEQ,785088950277954,23,1028,307308,4
DEQ,785088950323195,23,1400,239874,3
DEQ,785088950356256,23,1400,270782,4
DEQ,785088950396434,23,1400,236482,3
DEQ,785088950438869,23,1400,276907,4
DEQ,785088950476688,23,1400,151346,3
DEQ,785088950516169,23,1400,188926,4
DEQ,785088950556209,23,1400,157803,3
DEQ,785088950599682,23,1400,199357,4
DEQ,785088950637687,23,1400,152589,3
DEQ,785088950676401,23,1400,189267,4
DEQ,785088950720073,23,1400,161819,3
DEQ,785088950756211,23,1400,196049,4
DEQ,785088950796262,23,1400,156566,3
DEQ,785088950836323,23,1400,194712,5
DEQ,785088950880813,23,1400,158577,4
DEQ,785088950920586,23,1400,196671,5
DEQ,785089146653419,23,1400,195854982,64
DEQ,785089146656142,23,1400,195855700,63
DEQ,785089146656636,23,1028,195829338,62
DEQ,785089146658980,23,1400,195776029,61
DEQ,785089146693721,23,1400,195808757,64
DEQ,785089146799266,23,1028,195077724,64
DEQ,785089146810665,23,1028,194175743,63
DEQ,785089146811196,23,1028,193274276,62
DEQ,785089146813238,23,1028,192377020,61
DEQ,785089146837040,23,1028,191501707,64
DEQ,785089146948547,23,1028,190741394,64
DEQ,785089146951884,23,1028,189812977,63
DEQ,785089146969643,23,1028,188840038,64
DEQ,785089147087477,23,1028,187985208,64
DEQ,785089147090202,23,1028,186994744,63
DEQ,785089147090603,23,1028,186014760,62
DEQ,785089147190512,23,1028,185229713,64
DEQ,785089147193206,23,1028,184267272,63
DEQ,785089147193592,23,1028,183369709,62
DEQ,785089147277602,23,1028,182563637,64
DEQ,785089147280188,23,1028,181673332,63
DEQ,785089147281871,23,1028,180784177,62
DEQ,785089147380621,23,1028,179993042,64
DEQ,785089147383316,23,1028,179117014,63
DEQ,785089147385034,23,1028,178248157,62
DEQ,785089147464345,23,1028,177325258,64
DEQ,785089147467230,23,1028,176328849,63
DEQ,785089147486974,23,1028,175341651,64
DEQ,785089147565678,23,1028,174426739,64
DEQ,785089147568429,23,1028,173481438,63
DEQ,785089147570158,23,1028,172481057,62
DEQ,785089147651441,23,1028,171557190,64
DEQ,785089147654284,23,1028,170557054,63
DEQ,785089147743887,23,1028,169767718,64
DEQ,785089147746942,23,1028,168786575,63
DEQ,785089147747605,23,1028,167871827,62
DEQ,785089147769058,23,1028,166994284,64
DEQ,785089147842566,23,1028,166164581,63
DEQ,785089147845308,23,1028,165261225,62
DEQ,785089147857115,23,1028,164368928,61
DEQ,785089147928038,23,1028,163535044,60
DEQ,785089147930835,23,1028,162647448,59
DEQ,785089148012911,23,1028,161851677,58
DEQ,785089148015690,23,1028,160879023,57
DEQ,785089148016130,23,1028,159879195,56
DEQ,785089148104198,23,1028,158963171,55
DEQ,785089148107528,23,1028,157965616,54
DEQ,785089148116342,23,1028,156980259,53
DEQ,785089148221162,23,1028,156088285,52
DEQ,785089148224344,23,1028,155095856,51
DEQ,785089148225988,23,1028,154164100,50
DEQ,785089148259813,23,1028,153210826,50
DEQ,785089148298917,23,1028,152254399,49
DEQ,785089148300150,23,1028,151259900,48
DEQ,785089148343324,23,1028,150376919,47
DEQ,785089148378958,23,1028,149423086,46
DEQ,785089148380177,23,1028,148431234,45
DEQ,785089148421991,23,1028,147559404,44
DEQ,785089148459050,23,1028,146696731,43
DEQ,785089148460239,23,1028,145795466,42
DEQ,785089148502387,23,1028,144932195,41
DEQ,785089148538754,23,1028,144066805,40
DEQ,785089148580029,23,1028,143221589,39
DEQ,785089148626113,23,1028,142389955,38
DEQ,785089148658075,23,1028,141528123,37
DEQ,785089148698748,23,1028,2039119,36
DEQ,785089148738660,23,1028,2069045,35
DEQ,785089148739891,23,1028,2067874,34
DEQ,785089148788833,23,1028,2114632,33
DEQ,785089148822277,23,1400,2125266,32
DEQ,785089148862330,23,1400,2048326,33
DEQ,785089148906782,23,1400,2086371,32
DEQ,785089148942346,23,1400,2119789,33
DEQ,785089148943528,23,1028,2119001,32
DEQ,785089149010115,23,1028,2172344,31
DEQ,785089149043379,23,1028,2088903,30
DEQ,785089149087271,23,1028,2127905,29
DEQ,785089149123379,23,1028,2152019,29
DEQ,785089149163065,23,1028,2070277,28
DEQ,785089149164243,23,1028,2067297,27
DEQ,785089149207090,23,1028,2107968,26
DEQ,785089149243386,23,1028,2047431,25
DEQ,785089149285106,23,1028,2085082,24
DEQ,785089149329290,23,1028,2126951,23
DEQ,785089149330534,23,1028,2047626,22
DEQ,785089149389134,23,1028,2102416,21
DEQ,785089149422594,23,1028,2133714,20
DEQ,785089149467269,23,1028,2081098,19
DEQ,785089149502505,23,1028,2112266,18
DEQ,785089149545916,23,1028,2153505,17
DEQ,785089149582432,23,1028,2112953,16
DEQ,785089149623929,23,1028,2139593,15
DEQ,785089149662251,23,1028,2173868,14
DEQ,785089149663487,23,1028,2091322,13
DEQ,785089149702098,23,1028,2125892,12
DEQ,785089149742479,23,1028,2164090,11
DEQ,785089149784997,23,1028,2128403,10
DEQ,785089149822557,23,1028,2161734,9
DEQ,785089149823801,23,1028,2073540,8
DEQ,785089149889115,23,1028,2124715,7
DEQ,785089149922583,23,1028,2156052,6
DEQ,785089149969025,23,1028,1733564,5
DEQ,785089150003503,23,1400,1177300,5
DEQ,785089150046868,23,1400,1218533,6
DEQ,785089150089329,23,1400,1180241,5
DEQ,785089150127039,23,1400,1215873,6
DEQ,785089150163284,23,1028,1051404,5
DEQ,785089150202340,23,1028,227165,4
DEQ,785089150203583,23,1400,197774,3
DEQ,785089150244397,23,1400,236800,4
DEQ,785089150290170,23,1400,198914,3
DEQ,785089150325964,23,1400,232799,4
DEQ,785089150370172,23,1400,165180,3
DEQ,785089346651110,23,1400,196444130,64
DEQ,785089346653792,23,1400,196361496,63
DEQ,785089346654211,23,1400,196360000,62
DEQ,785089346687360,23,1400,196315115,64
DEQ,785089346792363,23,1400,196418216,64
DEQ,785089346810740,23,1028,195944774,63
DEQ,785089346811306,23,1028,195041377,62
DEQ,785089346813724,23,1028,194142567,61
DEQ,785089346934673,23,1028,193362563,64
DEQ,785089346941584,23,1028,192469890,63
DEQ,785089346942071,23,1028,191570812,62
DEQ,785089346943803,23,1028,190688024,61
DEQ,785089347040043,23,1028,189925231,64
DEQ,785089347043685,23,1028,188939633,63
DEQ,785089347044188,23,1028,187941922,62
DEQ,785089347064284,23,1028,186965658,64
DEQ,785089347134666,23,1028,186102313,64
DEQ,785089347137407,23,1028,185110456,63
DEQ,785089347152754,23,1028,184134299,64
DEQ,785089347238814,23,1028,183231665,64
DEQ,785089347241430,23,1028,182233020,63
DEQ,785089347243111,23,1028,181274584,62
DEQ,785089347325575,23,1028,180353465,64
DEQ,785089347328397,23,1028,179369194,63
DEQ,785089347328885,23,84,178469573,62
DEQ,785089347421788,23,1028,178548503,64
DEQ,785089347424416,23,1028,177653485,63
DEQ,785089347426120,23,1028,176763785,62
DEQ,785089347505666,23,1028,175955023,64
DEQ,785089347508474,23,1028,175064962,63
DEQ,785089347527592,23,1028,174224748,64
DEQ,785089347609641,23,1028,173432656,64
DEQ,785089347615889,23,1028,172502952,63
DEQ,785089347618560,23,1028,171532954,62
DEQ,785089347703148,23,1028,170635694,64
DEQ,785089347705888,23,1028,169754798,63
DEQ,785089347782916,23,1028,168837673,64
DEQ,785089347785633,23,1028,167925915,63
DEQ,785089347798133,23,1028,167040122,64
DEQ,785089347871212,23,1028,166210689,63
DEQ,785089347885090,23,1028,165321740,62
DEQ,785089347966660,23,1028,164503257,61
DEQ,785089347969558,23,1028,163557683,60
DEQ,785089347981221,23,1028,162693457,59
DEQ,785089348059193,23,1028,161890006,58
DEQ,785089348072985,23,1028,160941369,57
DEQ,785089348157572,23,1028,160021767,56
DEQ,785089348160300,23,1028,159022228,55
DEQ,785089348162267,23,1028,158141242,54
DEQ,785089348234724,23,1028,157216258,53
DEQ,785089348237574,23,1028,156219799,52
DEQ,785089348312410,23,1028,155299316,51
DEQ,785089348315183,23,1028,154297922,50
DEQ,785089348315613,23,1028,153301667,49
DEQ,785089348334765,23,1028,152361802,49
DEQ,785089348367316,23,1028,151403414,48
DEQ,785089348416219,23,1028,150466315,47
DEQ,785089348449437,23,1028,149586494,46
DEQ,785089348489588,23,1028,148724029,45
DEQ,785089348534074,23,1028,147865479,44
DEQ,785089348575422,23,1028,147003947,43
DEQ,785089348609415,23,1028,146136106,42
DEQ,785089348657380,23,1028,145269982,41
DEQ,785089348657931,23,1028,144384632,40
DEQ,785089348689209,23,1028,143538316,39
DEQ,785089348736930,23,1028,2080635,38
DEQ,785089348769263,23,1028,2102375,37
DEQ,785089348770454,23,1028,2101293,36
DEQ,785089348809792,23,1400,2119366,35
DEQ,785089348852911,23,1400,2038382,36
DEQ,785089348912882,23,1028,2093365,35
DEQ,785089348946376,23,1400,2122584,34
DEQ,785089348986438,23,1400,2160508,35
DEQ,785089349034027,23,1028,2089054,34
DEQ,785089349067420,23,1028,2118507,33
DEQ,785089349110937,23,1028,2159721,32
DEQ,785089349149111,23,1028,2195698,31
DEQ,785089349187454,23,1028,2140380,30
DEQ,785089349188641,23,1028,2129144,29
DEQ,785089349229858,23,1028,2168160,29
DEQ,785089349267306,23,1028,2202244,28
DEQ,785089349308015,23,1028,2168370,27
DEQ,785089349350600,23,1028,2206853,26
DEQ,785089349387626,23,1028,2234208,25
DEQ,785089349388809,23,1028,2144665,24
DEQ,785089349435067,23,1028,2187037,23
DEQ,785089349468366,23,1028,2218204,22
DEQ,785089349514146,23,1028,2182587,21
DEQ,785089349548236,23,1028,2206234,20
DEQ,785089349549500,23,1028,2205590,19
DEQ,785089349623823,23,1028,2196124,18
DEQ,785089349657398,23,1028,2225694,17
DEQ,785089349697350,23,1028,2263863,16
DEQ,785089349698508,23,1028,2187874,15
DEQ,785089349759906,23,1028,2245078,14
DEQ,785089349793592,23,1028,2263780,13
DEQ,785089349838008,23,1028,2217351,12
DEQ,785089349878818,23,1028,2254167,11
DEQ,785089349913295,23,1028,2286245,10
DEQ,785089349914459,23,1028,2206403,9
DEQ,785089349957942,23,1028,2245656,8
DEQ,785089349993467,23,1028,2205742,7
DEQ,785089350038030,23,1028,2242594,6
DEQ,785089350073508,23,1028,1748806,6
DEQ,785089350113449,23,1400,1299648,5
DEQ,785089350156019,23,1400,1340115,6
DEQ,785089350196991,23,1400,1248386,5
DEQ,785089350236990,23,1400,1286337,6
DEQ,785089350285131,23,1028,1084348,5
DEQ,785089350318712,23,1028,260739,4
DEQ,785089350359027,23,1400,243441,3
DEQ,785089350398764,23,1400,281427,4
DEQ,785089350438584,23,1400,239599,3
DEQ,785089350478742,23,1400,277816,4
DEQ,785089350526338,23,1400,164881,3
DEQ,785089350566363,23,1400,202976,4
DEQ,785089350606222,23,1400,165454,3
DEQ,785089350652931,23,1400,210188,4
DEQ,785089350692509,23,1400,164079,3
DEQ,785089350734118,23,1400,203466,4
DEQ,785089350774018,23,1400,165465,3
DEQ,785089350814058,23,1400,203611,4
DEQ,785089350854108,23,1400,159480,3
DEQ,785089350901105,23,1400,204407,4
DEQ,785089350941366,23,1400,165289,4
DEQ,785089350981254,23,1400,203257,5
DEQ,785089351028137,23,1400,171945,4
DEQ,785089546655983,23,1400,195797844,64
DEQ,785089546658973,23,1028,195730376,63
DEQ,785089546659592,23,1400,195716205,62
DEQ,785089546662368,23,1400,195717072,61
DEQ,785089546684228,23,1400,195654031,64
DEQ,785089546784319,23,1400,195752197,64
DEQ,785089546785405,23,1028,194969834,63
DEQ,785089546799487,23,1028,194083919,64
DEQ,785089546885059,23,1028,193267351,64
DEQ,785089546887865,23,1028,192371396,63
DEQ,785089546888410,23,1028,191473607,62
DEQ,785089546916601,23,1028,190629914,64
DEQ,785089546987469,23,1028,189841725,64
DEQ,785089546990270,23,1028,188876098,63
DEQ,785089547009976,23,1028,187917669,64
DEQ,785089547119070,23,1028,187030271,64
DEQ,785089547122192,23,1028,186037972,63
DEQ,785089547122808,23,1028,185047739,62
DEQ,785089547212469,23,1028,184137027,64
DEQ,785089547215434,23,1028,183148544,63
DEQ,785089547215867,23,1028,182159061,62
DEQ,785089547238136,23,1028,181277652,64
DEQ,785089547311457,23,1028,180361036,64
DEQ,785089547314281,23,1028,179449758,63
DEQ,785089547326780,23,1028,178567829,64
DEQ,785089547407428,23,1028,177738097,64
DEQ,785089547410344,23,1028,176836053,63
DEQ,785089547412251,23,1028,175936312,62
DEQ,785089547487551,23,1028,175075032,64
DEQ,785089547490368,23,1028,174202094,63
DEQ,785089547505170,23,1028,173339066,64
DEQ,785089547595339,23,1028,172460378,64
DEQ,785089547598172,23,1028,171466444,63
DEQ,785089547598739,23,1028,170465775,62
DEQ,785089547701267,23,1028,169685686,64
DEQ,785089547703912,23,1028,168714841,63
DEQ,785089547705958,23,1028,167745484,62
DEQ,785089547816552,23,1028,166894566,64
DEQ,785089547819351,23,1028,165999930,63
DEQ,785089547819775,23,1028,165109845,62
DEQ,785089547901525,23,1028,164302558,61
DEQ,785089547904350,23,1028,163412618,60
DEQ,785089547989759,23,1028,162605393,59
DEQ,785089547992408,23,1028,161727872,58
DEQ,785089547993924,23,1028,160852298,57
DEQ,785089548083865,23,1028,159946479,56
DEQ,785089548086664,23,1028,158947961,55
DEQ,785089548094544,23,1028,157951757,54
DEQ,785089548204289,23,1028,157066548,53
DEQ,785089548207117,23,1028,156073248,52
DEQ,785089548207584,23,1028,155079171,51
DEQ,785089548294232,23,1028,154157648,50
DEQ,785089548297086,23,1028,153154339,49
DEQ,785089548297602,23,1028,152156251,48
DEQ,785089548335065,23,1028,151197947,48
DEQ,785089548369028,23,1028,150232168,47
DEQ,785089548413084,23,1028,149269495,46
DEQ,785089548449058,23,1028,148299754,45
DEQ,785089548488795,23,1028,147351399,44
DEQ,785089548529804,23,1028,146389939,43
DEQ,785089548576150,23,1028,145439181,42
DEQ,785089548608917,23,1028,144474107,41
DEQ,785089548653925,23,1028,143519230,40
DEQ,785089548688970,23,1028,142565864,39
DEQ,785089548690238,23,1028,141571199,38
DEQ,785089548730130,23,1028,2066890,37
DEQ,785089548768855,23,1028,2100574,36
DEQ,785089548809066,23,1028,2138467,35
DEQ,785089548810343,23,1028,2137692,34
DEQ,785089548859118,23,1400,2172103,33
DEQ,785089548899066,23,1400,2111801,34
DEQ,785089548939113,23,1400,2143016,33
DEQ,785089548978993,23,1400,2177015,34
DEQ,785089549025155,23,1028,2134107,33
DEQ,785089549060429,23,1028,2165118,32
DEQ,785089549099027,23,1028,2201620,31
DEQ,785089549146123,23,1028,2228885,30
DEQ,785089549178636,23,1028,2186203,29
DEQ,785089549179998,23,1028,2183454,28
DEQ,785089549231167,23,1028,2219949,28
DEQ,785089549267600,23,1028,2141834,27
DEQ,785089549307744,23,1028,2177275,26
DEQ,785089549348355,23,1028,2215520,25
DEQ,785089549387625,23,1028,2169279,24
DEQ,785089549427760,23,1028,2195387,23
DEQ,785089549428930,23,1028,2194399,22
DEQ,785089549479963,23,1028,2241202,21
DEQ,785089549517802,23,1028,2201375,20
DEQ,785089549558860,23,1028,2234670,19
DEQ,785089549601332,23,1028,2273978,18
DEQ,785089549602475,23,1028,2188605,17
DEQ,785089549643034,23,1028,2225186,16
DEQ,785089549677683,23,1028,2257617,15
DEQ,785089549721144,23,1028,2228519,14
DEQ,785089549763001,23,1028,2266385,13
DEQ,785089549797434,23,1028,2290562,12
DEQ,785089549798681,23,1028,2197485,11
DEQ,785089549842149,23,1028,2230664,10
DEQ,785089549877733,23,1028,2264064,9
DEQ,785089549918904,23,1028,2211082,8
DEQ,785089549957711,23,1028,2245780,7
DEQ,785089549958862,23,1028,2244810,6
DEQ,785089550007094,23,1028,1700687,5
DEQ,785089550040510,23,1400,1177431,5
DEQ,785089550080510,23,1400,1215293,6
DEQ,785089550143249,23,1400,1201413,5
DEQ,785089550183380,23,1400,1239422,6
DEQ,785089550226048,23,1028,1040032,5
DEQ,785089550263323,23,1028,253677,4
DEQ,785089550303973,23,1400,261239,3
DEQ,785089550347166,23,1400,302512,4
DEQ,785089550390038,23,1400,244809,3
DEQ,785089550425517,23,1400,278372,4
DEQ,785089550463641,23,1400,157579,3
DEQ,785089550503668,23,1400,195605,4
DEQ,785089550546279,23,1400,153839,3
DEQ,785089550594009,23,1400,199393,4
DEQ,785089550625726,23,1400,159716,3
DEQ,785089550665678,23,1400,197675,4
DEQ,785089550705676,23,1400,157303,3
DEQ,785089550752972,23,1400,202590,4
DEQ,785089550785803,23,1400,157985,3
DEQ,785089550825643,23,1400,195909,4
DEQ,785089550866654,23,1400,158778,3
DEQ,785089550906429,23,1400,196654,3
DEQ,785089550945582,23,1400,157652,4
DEQ,785089746648181,23,1400,195858357,64
DEQ,785089746651118,23,1028,195778353,63
DEQ,785089746651636,23,1400,195743073,62
DEQ,785089746666318,23,1400,195755803,64
DEQ,785089746746612,23,1400,195799062,64
DEQ,785089746747429,23,1400,195797884,63
DEQ,785089746763203,23,1028,195002133,64
DEQ,785089746847534,23,1028,194184533,64
DEQ,785089746853761,23,1028,193284603,63
DEQ,785089746855410,23,1028,192378814,62
DEQ,785089746951641,23,1028,191575026,64
DEQ,785089746954366,23,1028,190705995,63
DEQ,785089746974474,23,1028,189843759,64
DEQ,785089747069386,23,1028,188928737,64
DEQ,785089747072173,23,1028,187941838,63
DEQ,785089747072624,23,1028,186947794,62
DEQ,785089747095679,23,1028,185975722,64
DEQ,785089747174246,23,1028,185056001,64
DEQ,785089747177118,23,1028,184069725,63
DEQ,785089747179180,23,1028,183136905,62
DEQ,785089747276393,23,1028,182242773,64
DEQ,785089747279118,23,1028,181252746,63
DEQ,785089747280966,23,1028,180358677,62
DEQ,785089747365339,23,1028,179440430,64
DEQ,785089747368415,23,1028,178449246,63
DEQ,785089747380829,23,1028,177551141,64
DEQ,785089747455628,23,1028,176726799,64
DEQ,785089747458435,23,1028,175824311,63
DEQ,785089747481162,23,1028,174943180,64
DEQ,785089747562536,23,1028,174107690,64
DEQ,785089747565340,23,1028,173207394,63
DEQ,785089747565846,23,1028,172320571,62
DEQ,785089747679922,23,1028,171543872,64
DEQ,785089747682653,23,1028,170553702,63
DEQ,785089747684594,23,1028,169557798,62
DEQ,785089747785922,23,1028,168666895,64
DEQ,785089747788643,23,1028,167673110,63
DEQ,785089747789103,23,1028,166736950,62
DEQ,785089747801200,23,1028,165754362,63
DEQ,785089747876514,23,1028,164829545,62
DEQ,785089747958401,23,1028,163916749,61
DEQ,785089747961229,23,1028,162920972,60
DEQ,785089747961694,23,1028,161988769,59
DEQ,785089748051933,23,1028,161088007,58
DEQ,785089748054547,23,1028,160107479,57
DEQ,785089748058865,23,1028,159214876,56
DEQ,785089748105021,23,1028,158370955,55
DEQ,785089748142626,23,1028,157520661,54
DEQ,785089748183431,23,1028,156670944,53
DEQ,785089748225828,23,1028,155811510,52
DEQ,785089748262895,23,1028,154968801,51
DEQ,785089748264109,23,1028,154092346,50
DEQ,785089748302655,23,1028,153190794,50
DEQ,785089748350536,23,1028,152252802,49
DEQ,785089748382220,23,1028,151283479,48
DEQ,785089748422875,23,1028,150326031,47
DEQ,785089748462977,23,1028,149366389,46
DEQ,785089748464238,23,1028,148366395,45
DEQ,785089748507536,23,1028,147409456,44
DEQ,785089748542842,23,1028,146434025,43
DEQ,785089748586751,23,1028,145479471,42
DEQ,785089748627389,23,1028,144518769,41
DEQ,785089748662867,23,1028,143551989,40
DEQ,785089748664045,23,1028,142550383,39
DEQ,785089748706636,23,1028,141593916,38
DEQ,785089748742753,23,1028,2085633,37
DEQ,785089748785427,23,1028,2123988,36
DEQ,785089748822791,23,1028,2159183,35
DEQ,785089748824056,23,1400,2150699,34
DEQ,785089748909710,23,1400,2160612,35
DEQ,785089748957275,23,1028,2203839,34
DEQ,785089748989878,23,1400,2222609,33
DEQ,785089749034620,23,1400,2178560,34
DEQ,785089749069797,23,1028,2209601,33
DEQ,785089749071021,23,1028,2208636,32
DEQ,785089749135676,23,1028,2179180,31
DEQ,785089749175572,23,1028,2203620,31
DEQ,785089749213772,23,1028,2238765,30
DEQ,785089749247351,23,1028,2172446,29
DEQ,785089749287841,23,1028,2196986,28
DEQ,785089749327860,23,1028,2234832,27
DEQ,785089749329074,23,1028,2232735,26
DEQ,785089749386004,23,1028,2205687,25
DEQ,785089749408053,23,1028,2223544,24
DEQ,785089749448023,23,1028,2261043,23
DEQ,785089749449473,23,1028,2167363,22
DEQ,785089749514973,23,1028,2228588,21
DEQ,785089749550101,23,1028,2261512,20
DEQ,785089749592659,23,1028,2222020,19
DEQ,785089749626851,23,1028,2248680,18
DEQ,785089749628067,23,1028,2245776,17
DEQ,785089749673253,23,1028,2212590,16
DEQ,785089749706749,23,1028,2234494,15
DEQ,785089749707919,23,1028,2225203,14
DEQ,785089749783390,23,1028,2215097,13
DEQ,785089749817893,23,1028,2237633,12
DEQ,785089749862262,23,1028,2279734,11
DEQ,785089749899317,23,1028,2212857,10
DEQ,785089749937870,23,1028,2247203,9
DEQ,785089749939057,23,1028,2246191,8
DEQ,785089749983406,23,1028,2192090,7
DEQ,785089750017887,23,1028,2222571,7
DEQ,785089750060219,23,1028,1790615,6
DEQ,785089750100459,23,1400,1272827,5
DEQ,785089750138068,23,1400,1308168,6
DEQ,785089750177928,23,1400,1185947,5
DEQ,785089750221468,23,1400,1227460,6
DEQ,785089750264064,23,1028,1117124,5
DEQ,785089750297840,23,1028,289718,4
DEQ,785089750299086,23,1400,196078,3
DEQ,785089750359419,23,1400,254312,4
DEQ,785089750399303,23,1400,219309,3
DEQ,785089750439294,23,1400,257502,4
DEQ,785089750480208,23,1400,179676,3
DEQ,785089750519135,23,1400,216821,4
DEQ,785089750559388,23,1400,157944,3
DEQ,785089750602823,23,1400,199469,4
DEQ,785089750638803,23,1400,156549,3
DEQ,785089750682313,23,1400,198281,4
DEQ,785089750722750,23,1400,161202,3
DEQ,785089750759426,23,1400,195971,4
DEQ,785089750806946,23,1400,166108,3
DEQ,785089750844983,23,1400,202242,4
DEQ,785089750879466,23,1400,154559,4
DEQ,785089750919455,23,1400,192589,5
DEQ,785089946647701,23,1400,195838490,64
DEQ,785089946650635,23,1400,195839536,63
DEQ,785089946651219,23,1028,195786992,62
DEQ,785089946670764,23,1400,195789264,64
DEQ,785089946743563,23,1400,195860367,64
DEQ,785089946744577,23,1028,194988160,63
DEQ,785089946828157,23,1028,194168849,64
DEQ,785089946830745,23,1028,193269670,63
DEQ,785089946832694,23,1028,192372369,62
DEQ,785089946930822,23,1028,191570917,64
DEQ,785089946933365,23,1028,190701896,63
DEQ,785089946935046,23,1028,189844146,62
DEQ,785089947025723,23,1028,188942301,64
DEQ,785089947028274,23,1028,187956297,63
DEQ,785089947029923,23,1028,186962620,62
DEQ,785089947110955,23,1028,186050011,64
DEQ,785089947113832,23,1028,185053725,63
DEQ,785089947129844,23,1028,184074227,64
DEQ,785089947229690,23,1028,183179375,64
DEQ,785089947232789,23,1028,182183105,63
DEQ,785089947245746,23,1028,181280206,64
DEQ,785089947335380,23,1028,180363470,64
DEQ,785089947338251,23,1028,179375862,63
DEQ,785089947350654,23,1028,178474488,64
DEQ,785089947442794,23,1028,177671936,64
DEQ,785089947445566,23,1028,176772502,63
STATS,785089947451147,63,66252,15260,15197,0,0,0
DEQ,785089947447245,23,1028,175873600,62
DEQ,785089947561344,23,1028,175083026,64
DEQ,785089947563989,23,1028,174183821,63
DEQ,785089947565961,23,1028,173299862,62
DEQ,785089947652038,23,1028,172508341,64
DEQ,785089947654834,23,1028,171517163,63
DEQ,785089947655390,23,1028,170526195,62
DEQ,785089947735895,23,1028,169618336,64
DEQ,785089947738654,23,1028,168617026,63
DEQ,785089947754372,23,1028,167641593,64
DEQ,785089947856502,23,1028,166746705,64
DEQ,785089947859169,23,1028,165753704,63
DEQ,785089947862953,23,1028,164765947,62
DEQ,785089947864850,23,1028,163771690,61
DEQ,785089947943383,23,1028,162857452,60
DEQ,785089947957486,23,1028,161936310,59
DEQ,785089948028976,23,1028,161010567,58
DEQ,785089948036080,23,1028,160020143,57
DEQ,785089948118551,23,1028,159101237,56
DEQ,785089948121444,23,1028,158103423,55
DEQ,785089948121860,23,1028,157116104,54
DEQ,785089948208112,23,1028,156216102,53
DEQ,785089948210970,23,1028,155217013,52
DEQ,785089948222614,23,1028,154232489,51
DEQ,785089948312675,23,1028,153327378,50
DEQ,785089948315534,23,1028,152367591,49
DEQ,785089948318937,23,1028,151400287,48
DEQ,785089948357515,23,1028,150470125,48
DEQ,785089948392993,23,1028,149610426,47
DEQ,785089948433786,23,1028,148761950,46
DEQ,785089948474420,23,1028,147913410,45
DEQ,785089948513174,23,1028,147063405,44
DEQ,785089948552992,23,1028,146200506,43
DEQ,785089948554210,23,1028,145326154,42
DEQ,785089948605137,23,1028,144489943,41
DEQ,785089948642780,23,1028,143557252,40
DEQ,785089948683862,23,1028,142610606,39
DEQ,785089948725936,23,1028,141638938,38
DEQ,785089948763035,23,1028,140675838,37
DEQ,785089948764259,23,1028,2110718,36
DEQ,785089948838181,23,1028,2176539,35
DEQ,785089948871541,23,1028,2207631,34
DEQ,785089948915069,23,1400,2242141,33
DEQ,785089948955462,23,1400,2209033,34
DEQ,785089948998914,23,1028,2248167,33
DEQ,785089949035507,23,1400,2200349,32
DEQ,785089949077323,23,1400,2238205,33
DEQ,785089949124186,23,1028,2282758,32
DEQ,785089949157763,23,1028,2221654,31
DEQ,785089949203434,23,1028,2263262,31
DEQ,785089949237700,23,1028,2295464,30
DEQ,785089949238949,23,1028,2207970,29
DEQ,785089949292159,23,1028,2257435,28
DEQ,785089949325533,23,1028,2288722,27
DEQ,785089949365323,23,1028,2249139,26
DEQ,785089949405610,23,1028,2285375,25
DEQ,785089949406781,23,1028,2275220,24
DEQ,785089949480244,23,1028,2244999,23
DEQ,785089949517872,23,1028,2274727,22
DEQ,785089949558896,23,1028,2311819,21
DEQ,785089949600959,23,1028,2257091,20
DEQ,785089949638064,23,1028,2290109,19
DEQ,785089949639359,23,1028,2287169,18
DEQ,785089949686054,23,1028,2237126,17
DEQ,785089949719456,23,1028,2266405,16
DEQ,785089949764047,23,1028,2308950,15
DEQ,785089949799476,23,1028,2231669,14
DEQ,785089949800631,23,1028,2228883,13
DEQ,785089949874091,23,1028,2300227,12
DEQ,785089949907885,23,1028,2250076,11
DEQ,785089949951396,23,1028,2289592,10
DEQ,785089949952578,23,1028,2288433,9
DEQ,785089950010115,23,1028,2269001,8
DEQ,785089950043548,23,1028,2298327,7
DEQ,785089950089317,23,1028,2334304,7
DEQ,785089950123516,23,1028,1796590,6
DEQ,785089950166951,23,1400,1247601,5
DEQ,785089950209205,23,1400,1287672,6
DEQ,785089950243251,23,1400,1205419,5
DEQ,785089950283241,23,1400,1243400,6
DEQ,785089950323911,23,1028,1125969,5
DEQ,785089950363598,23,1028,303223,4
DEQ,785089950405268,23,1400,236170,3
DEQ,785089950443688,23,1400,272552,4
DEQ,785089950484441,23,1400,239114,3
DEQ,785090146655579,23,1400,196408246,64
DEQ,785090146658781,23,1400,196251429,63
DEQ,785090146659498,23,1400,196250230,62
DEQ,785090146751997,23,1400,196265452,64
DEQ,785090146752913,23,1400,196264403,63
DEQ,785090146867775,23,1028,195913185,64
DEQ,785090146870469,23,1028,195012356,63
DEQ,785090146871129,23,1028,194101032,62
DEQ,785090146906684,23,1028,193235530,64
DEQ,785090147003136,23,1028,192432112,64
DEQ,785090147006227,23,1028,191534749,63
DEQ,785090147006874,23,1028,190635120,62
DEQ,785090147028316,23,1028,189784844,64
DEQ,785090147102859,23,1028,188979025,64
DEQ,785090147105586,23,1028,187989152,63
DEQ,785090147118034,23,1028,187008802,64
DEQ,785090147190452,23,1028,186083165,64
DEQ,785090147193359,23,1028,185202571,63
DEQ,785090147206310,23,1028,184229955,64
DEQ,785090147277735,23,1028,183315108,64
DEQ,785090147290087,23,1028,182414370,64
DEQ,785090147364325,23,1028,181594180,64
DEQ,785090147366989,23,1028,180693187,63
DEQ,785090147387236,23,1028,179813080,64
DEQ,785090147455777,23,1028,178980132,64
DEQ,785090147458700,23,1028,178083709,63
DEQ,785090147537664,23,1028,177276745,64
DEQ,785090147540429,23,1028,176396652,63
DEQ,785090147559801,23,1028,175420696,64
DEQ,785090147632535,23,1028,174504034,64
DEQ,785090147640319,23,1028,173512587,63
DEQ,785090147723074,23,1028,172601487,64
DEQ,785090147725915,23,1028,171671641,63
DEQ,785090147738750,23,1028,170688927,64
DEQ,785090147819267,23,1028,169777337,64
DEQ,785090147822086,23,1028,168783155,63
DEQ,785090147822584,23,1028,167870195,62
DEQ,785090147941053,23,1028,166987584,64
DEQ,785090147944357,23,1028,166079266,63
DEQ,785090147944982,23,1028,165180270,62
DEQ,785090148024602,23,1028,164356158,61
DEQ,785090148027375,23,1028,163458287,60
DEQ,785090148108448,23,1028,162634568,59
DEQ,785090148114613,23,1028,161736082,58
DEQ,785090148117143,23,1028,160851578,57
DEQ,785090148209579,23,1028,160072756,56
DEQ,785090148212378,23,1028,159078199,55
DEQ,785090148220782,23,1028,158085850,54
DEQ,785090148318040,23,1028,157184606,53
DEQ,785090148320857,23,1028,156198213,52
DEQ,785090148322621,23,1028,155197796,51
DEQ,785090148422292,23,1028,154302493,50
DEQ,785090148425093,23,1028,153308963,49
DEQ,785090148442646,23,1028,152338483,49
DEQ,785090148480250,23,1028,151374978,48
DEQ,785090148517980,23,1028,150420393,47
DEQ,785090148558165,23,1028,149462778,46
DEQ,785090148601086,23,1028,148504215,45
DEQ,785090148638335,23,1028,147545889,44
DEQ,785090148639508,23,1028,146553323,43
DEQ,785090148713337,23,1028,145636793,42
DEQ,785090148746504,23,1028,144681621,41
DEQ,785090148789270,23,1028,143731703,40
DEQ,785090148826700,23,1028,142774601,39
DEQ,785090148866191,23,1028,141819322,38
DEQ,785090148906763,23,1028,2244494,37
DEQ,785090148908016,23,1028,2237748,36
DEQ,785090148980191,23,1028,2307381,35
DEQ,785090149018003,23,1400,2261063,34
DEQ,785090149058207,23,1400,2297075,35
DEQ,785090149104592,23,1028,2231108,34
DEQ,785090149138111,23,1400,2236238,33
DEQ,785090149178105,23,1400,2274127,34
DEQ,785090149223416,23,1028,2316014,33
DEQ,785090149264195,23,1028,2254653,32
DEQ,785090149298121,23,1028,2274453,31
DEQ,785090149300403,23,1028,2274596,30
DEQ,785090149339398,23,1028,2310554,30
DEQ,785090149381426,23,1028,2273650,29
DEQ,785090149418080,23,1028,2302669,28
DEQ,785090149460558,23,1028,2341844,27
DEQ,785090149501331,23,1028,2305717,26
DEQ,785090149538317,23,1028,2334987,25
DEQ,785090149539601,23,1028,2332693,24
DEQ,785090149580599,23,1028,2295094,23
DEQ,785090149618142,23,1028,2327541,22
DEQ,785090149660439,23,1028,2291285,21
DEQ,785090149704915,23,1028,2320432,20
DEQ,785090149706077,23,1028,2318330,19
DEQ,785090149764636,23,1028,2303759,18
DEQ,785090149798151,23,1028,2326190,17
DEQ,785090149842826,23,1028,2299917,16
DEQ,785090149883494,23,1028,2336609,15
DEQ,785090149917680,23,1028,2355569,14
DEQ,785090149918835,23,1028,2276663,13
DEQ,785090149980411,23,1028,2334131,12
DEQ,785090150017759,23,1028,2289509,11
DEQ,785090150058862,23,1028,2326473,10
DEQ,785090150098918,23,1028,2358815,9
DEQ,785090150137890,23,1028,2312944,8
DEQ,785090150178191,23,1028,2341988,8
DEQ,785090150179481,23,1028,2341139,7
DEQ,785090150230141,23,1028,1792077,6
DEQ,785090150268140,23,1400,1245969,5
DEQ,785090150308666,23,1400,1284218,6
DEQ,785090150350683,23,1400,1210242,5
DEQ,785090150388203,23,1400,1246154,6
DEQ,785090150437861,23,1028,1127503,5
DEQ,785090150439213,23,1028,271023,4
DEQ,785090150474867,23,1400,204486,3
DEQ,785090150514563,23,1400,242203,4
DEQ,785090150554400,23,1400,201419,3
DEQ,785090150602847,23,1400,247763,4
DEQ,785090150634645,23,1400,157243,3
DEQ,785090150681476,23,1400,201914,4
DEQ,785090150719712,23,1400,163171,3
DEQ,785090150754668,23,1400,196075,4
DEQ,785090150794185,23,1400,157397,3
DEQ,785090150834465,23,1400,195723,4
DEQ,785090150874548,23,1400,152643,3
DEQ,785090150921324,23,1400,197453,4
DEQ,785090150954579,23,1400,158283,3
DEQ,785090151004109,23,1400,205807,4
DEQ,785090151034631,23,1400,157969,4
DEQ,785090151074272,23,1400,195690,5
DEQ,785090151114612,23,1400,157909,4
DEQ,785090151154718,23,1400,196112,5
DEQ,785090151155920,23,1028,143148,4
DEQ,785090346649967,23,1400,195613304,8
DEQ,785090346653481,23,1400,195614752,7
DEQ,785090346654168,23,1400,195537648,6
DEQ,785090346679824,23,1400,195561324,9
DEQ,785090346801415,23,1028,194901283,8
DEQ,785090346817202,23,1028,194015763,7
DEQ,785090346817767,23,1028,193116934,6
DEQ,785090346924224,23,1028,192325169,5
DEQ,785090346927391,23,84,178794799,4
DEQ,785090346927886,23,1400,262676,3
DEQ,785090346928378,23,1400,259046,2
DEQ,785090346984830,23,1400,310756,3
DEQ,785090347094438,23,1400,417913,4
DEQ,785090347100604,23,1400,165150,3
DEQ,785090347102062,23,1400,162189,2
DEQ,785090347194950,23,1400,208667,3
DEQ,785090347201184,23,1400,212724,2
DEQ,785090347236669,23,1400,130732,3
DEQ,785090347314947,23,1400,205057,4
DEQ,785090347317604,23,1400,111796,3
DEQ,785090347433195,23,1400,221311,4
DEQ,785090347435933,23,1400,196699,3
DEQ,785090347452125,23,1400,210531,4
DEQ,785090347530684,23,1400,208034,3
DEQ,785090347552654,23,1400,220790,4
DEQ,785090347600116,23,1400,155943,3
DEQ,785090347647635,23,1400,199560,4
DEQ,785090347679822,23,1400,137216,3
DEQ,785090347723263,23,1400,176271,4
DEQ,785090347764349,23,1400,161405,3
DEQ,785090347803326,23,1400,198236,4
DEQ,785090347859811,23,1400,177656,3
DEQ,785090347906825,23,1400,222602,4
DEQ,785090347939638,23,1400,172671,3
DEQ,785090347979480,23,1400,210346,4
DEQ,785090348089975,23,1400,227681,3
DEQ,785090348099916,23,1400,235508,2
DEQ,785090348102225,23,1400,160257,1
DEQ,785090348181917,23,1400,237887,4
DEQ,785090348184789,23,1400,78624,3
DEQ,785090348270388,23,1400,160279,4
DEQ,785090348273147,23,1400,158159,3
DEQ,785090348349393,23,1400,232453,4
DEQ,785090348352148,23,1400,162582,3
DEQ,785090348436807,23,1400,243395,4
DEQ,785090348439616,23,1400,161769,3
DEQ,785090348456004,23,1400,174296,4
DEQ,785090348535806,23,1400,178958,3
DEQ,785090348554546,23,1400,193770,4
DEQ,785090348609688,23,1400,165356,3
DEQ,785090348649325,23,1400,201084,4
DEQ,785090348689357,23,1400,146702,3
DEQ,785090348729283,23,1400,182726,4
DEQ,785090348776424,23,1400,164494,3
DEQ,785090348824144,23,1400,210155,4
DEQ,785090348856838,23,1400,165447,3
DEQ,785090348903547,23,1400,210178,4
DEQ,785090348942790,23,1400,164132,3
DEQ,785090348984633,23,1400,203944,4
DEQ,785090349064839,23,1400,205912,3
DEQ,785090349067662,23,1400,206808,2
DEQ,785090349141774,23,1400,196840,3
DEQ,785090349160389,23,1400,213562,4
DEQ,785090349240973,23,1400,168484,3
DEQ,785090349248201,23,1400,171830,2
DEQ,785090349335410,23,1400,183268,3
DEQ,785090349338207,23,1400,182125,2
DEQ,785090349414813,23,1400,161924,3
DEQ,785090349417627,23,1400,160883,2
DEQ,785090349499455,23,1400,156468,3
DEQ,785090349502215,23,1400,155379,2
DEQ,785090349538787,23,1400,116362,3
DEQ,785090349579058,23,1400,146001,4
DEQ,785090349638561,23,1400,131550,3
DEQ,785090349685974,23,1400,175122,4
DEQ,785090349725799,23,1400,185433,3
DEQ,785090349759061,23,1400,216787,4
DEQ,785090349798784,23,1400,158232,3
DEQ,785090349846877,23,1400,204390,4
DEQ,785090349878754,23,1400,150942,3
DEQ,785090349918455,23,1400,188540,4
DEQ,785090349959019,23,1400,157717,3
DEQ,785090349999055,23,1400,195807,4
DEQ,785090350083646,23,1400,202759,3
DEQ,785090350114948,23,1400,232119,4
DEQ,785090350187291,23,1400,226214,3
DEQ,785090350190168,23,1400,227066,2
DEQ,785090350264707,23,1400,174131,3
DEQ,785090350267607,23,1400,167561,2
DEQ,785090350350930,23,1400,155963,3
DEQ,785090350353797,23,1400,155012,2
DEQ,785090350374819,23,1400,102407,3
DEQ,785090546659999,23,1400,196379074,4
DEQ,785090546663735,23,1400,196305111,3
DEQ,785090546664486,23,1400,196294071,2
DEQ,785090546667456,23,1400,196290406,1
DEQ,785090546697138,23,1400,196318431,4
DEQ,785090546809241,23,1400,135047,3
DEQ,785090546811860,23,1400,133242,2
DEQ,785090546813367,23,1400,128517,1
DEQ,785090546853929,23,1400,166951,4
DEQ,785090546948489,23,1400,120490,3
DEQ,785090546956063,23,1400,123683,2
DEQ,785090546976520,23,1400,138098,3
DEQ,785090547068121,23,1400,227538,4
DEQ,785090547070929,23,1400,109842,3
DEQ,785090547166715,23,1400,200713,4
DEQ,785090547173243,23,1400,194874,3
DEQ,785090547191566,23,1400,211178,4
DEQ,785090547267055,23,1400,191281,3
DEQ,785090547285864,23,1400,206117,4
DEQ,785090547394930,23,1400,216293,3
DEQ,785090547398036,23,1400,210628,2
DEQ,785090547423854,23,1400,149964,3
DEQ,785090547497247,23,1400,216099,4
DEQ,785090547568450,23,1400,164852,3
DEQ,785090547571237,23,1400,151627,2
DEQ,785090547662276,23,1400,236875,3
DEQ,785090547665134,23,1400,237836,2
DEQ,785090547739434,23,1400,163360,3
DEQ,785090547758348,23,1400,178292,4
DEQ,785090547835807,23,1400,165768,3
DEQ,785090547838530,23,1400,164642,2
DEQ,785090547839952,23,1400,93496,1
DEQ,785090547924550,23,1400,170652,4
DEQ,785090547927392,23,1400,83464,3
DEQ,785090547951520,23,1400,97098,4
DEQ,785090548070087,23,1400,210916,3
DEQ,785090548076393,23,1400,215161,2
DEQ,785090548077825,23,1400,145430,1
DEQ,785090548226166,23,1400,289830,4
DEQ,785090548228929,23,1400,147138,3
DEQ,785090548250525,23,1400,164740,4
DEQ,785090548348700,23,1400,257752,3
DEQ,785090548351518,23,1400,256710,2
DEQ,785090548351985,23,1400,118369,1
DEQ,785090548382811,23,1400,136624,4
DEQ,785090548452348,23,1400,95671,3
DEQ,785090548455425,23,1400,84480,2
DEQ,785090548471895,23,1400,96150,3
DEQ,785090548538882,23,1400,161164,4
DEQ,785090548546949,23,1400,83145,3
DEQ,785090548635401,23,1400,167763,4
DEQ,785090548638289,23,1400,164981,3
DEQ,785090548715170,23,1400,240061,4
DEQ,785090548725877,23,1400,174442,3
DEQ,785090548805344,23,1400,250042,4
DEQ,785090548808250,23,1400,165195,3
DEQ,785090548879291,23,1400,232285,4
DEQ,785090548882145,23,1400,151955,3
DEQ,785090548899085,23,1400,164966,4
DEQ,785090548985248,23,1400,172182,3
DEQ,785090549003684,23,1400,186783,4
DEQ,785090549090215,23,1400,203085,3
DEQ,785090549093576,23,1400,202643,2
DEQ,785090549123460,23,1400,127650,3
DEQ,785090549203018,23,1400,203367,4
DEQ,785090549205904,23,1400,106817,3
DEQ,785090549283537,23,1400,177040,4
DEQ,785090549286372,23,1400,159164,3
DEQ,785090549361831,23,1400,232313,4
DEQ,785090549364685,23,1400,153924,3
DEQ,785090549443470,23,1400,223930,4
DEQ,785090549446348,23,1400,155163,3
DEQ,785090549524562,23,1400,229507,4
DEQ,785090549527617,23,1400,158195,3
DEQ,785090549564851,23,1400,191306,4
DEQ,785090549604624,23,1400,153401,3
DEQ,785090549652039,23,1400,191623,4
DEQ,785090549692248,23,1400,159822,3
DEQ,785090549732457,23,1400,190022,4
DEQ,785090549772378,23,1400,165560,3
DEQ,785090549815996,23,1400,207144,4
DEQ,785090549852361,23,1400,158077,3
DEQ,785090549895911,23,1400,199602,4
DEQ,785090549932134,23,1400,157658,3
DEQ,785090549975606,23,1400,199586,2
DEQ,785090550014266,23,1400,159965,1
DEQ,785090550052507,23,1400,196347,0
DEQ,785090565877827,23,1400,91261,3
DEQ,785090565880559,23,1400,85322,2
DEQ,785090565966336,23,1400,166889,1
DEQ,785090566053799,23,1400,252166,0
DEQ,785090575995800,23,1400,59805,1
DEQ,785090576048486,23,1400,103207,0
DEQ,785090581995887,23,1400,56094,3
DEQ,785090582046726,23,1400,97644,4
DEQ,785090582086260,23,1400,132912,3
DEQ,785090582133525,23,1400,178074,2
DEQ,785090582173837,23,1400,174123,1
DEQ,785090582217312,23,1400,213708,0
DEQ,785090746650279,23,1400,151313886,3
DEQ,785090746653201,23,1400,151308750,2
DEQ,785090746657342,23,1400,151307196,1
DEQ,785090746659299,23,1400,151306673,0
DEQ,785090746764115,23,1400,99735,3
DEQ,785090746765065,23,1400,89482,2
DEQ,785090746782596,23,1400,102186,3
DEQ,785090746912440,23,1400,229673,4
DEQ,785090746915250,23,1400,145086,3
DEQ,785090746915727,23,1400,137601,2
DEQ,785090746991671,23,1400,205520,3
DEQ,785090747010280,23,1400,222113,4
DEQ,785090747087164,23,1400,166472,3
DEQ,785090747090026,23,1400,165423,2
DEQ,785090747183213,23,1400,181161,3
DEQ,785090747186014,23,1400,180066,2
DEQ,785090747202705,23,1400,107949,3
DEQ,785090747287257,23,1400,183774,4
DEQ,785090747290267,23,1400,99396,3
DEQ,785090747377557,23,1400,182810,4
DEQ,785090747380619,23,1400,176372,3
DEQ,785090747468481,23,1400,262277,4
DEQ,785090747476493,23,1400,181461,3
DEQ,785090747568326,23,1400,269320,4
DEQ,785090747571445,23,1400,185432,3
DEQ,785090747650839,23,1400,260790,4
DEQ,785090747653732,23,1400,172457,3
DEQ,785090747731286,23,1400,245969,2
DEQ,785090747734322,23,1400,157636,1
DEQ,785090747821302,23,1400,235840,1
DEQ,785090747824157,23,1400,85224,0
DEQ,785090775421868,23,1400,116279,2
DEQ,785090775424709,23,1400,110634,1
DEQ,785090775506483,23,1400,187955,0
DEQ,785090785986025,23,1400,51229,1
DEQ,785090786084477,23,1400,140811,0
DEQ,785090795428020,23,1400,94710,3
DEQ,785090795436681,23,1400,95176,2
DEQ,785090795441319,23,1400,94555,1
DEQ,785090795510623,23,1400,161703,2
DEQ,785090795549996,23,1400,95907,1
DEQ,785090795609373,23,1400,146498,0
DEQ,785090800104765,23,1400,103002,3
DEQ,785090800112875,23,1400,104225,2
DEQ,785090800118569,23,1400,105252,1
DEQ,785090800226253,23,1400,210706,0
DEQ,785090806047198,23,1400,120673,2
DEQ,785090806051283,23,1400,115224,1
DEQ,785090806078120,23,1400,137750,0
DEQ,785090898558000,23,1400,115419,2
DEQ,785090898562829,23,1400,113469,1
DEQ,785090898577967,23,1400,123486,0
DEQ,785090904044152,23,1400,109878,2
DEQ,785090904048320,23,1400,105616,1
DEQ,785090904065697,23,1400,119108,0
DEQ,785090953565445,23,1400,127363,2
DEQ,785090953570243,23,1400,124901,1
DEQ,785090953585403,23,1400,135263,0
STATS,785090953601975,0,0,15658,15658,0,0,0
DEQ,785090958050413,23,1400,118436,2
DEQ,785090958054981,23,1400,115667,1
DEQ,785090958070296,23,1400,123475,0
DEQ,785090963986395,23,1400,55124,2
DEQ,785090964121141,23,1400,181618,1
DEQ,785090964125032,23,1400,181376,0
DEQ,785090970069165,23,1400,130027,1
DEQ,785090970073893,23,1400,127206,0
DEQ,785090976056741,23,1400,116084,3
DEQ,785090976060769,23,1400,110781,2
DEQ,785090976087581,23,1400,133052,1
DEQ,785090976188837,23,1400,232050,0
DEQ,785090976307091,23,1400,106619,1
DEQ,785090976311699,23,1400,103640,0
DEQ,785090988543108,23,1400,88154,3
DEQ,785090988547045,23,1400,83038,2
DEQ,785090988556882,23,1400,88652,1
DEQ,785090988667150,23,1400,196883,0
DEQ,785090994057496,23,1400,114498,3
DEQ,785090994065502,23,1400,113883,2
DEQ,785090994168063,23,1400,210832,1
DEQ,785090994171898,23,1400,212695,0
DEQ,785090994291413,23,1400,111099,3
DEQ,785090994295245,23,1400,107524,2
DEQ,785090994319007,23,1400,126845,1
DEQ,785090994360904,23,1400,166647,0
DEQ,785091008548989,23,1400,97299,3
DEQ,785091008552990,23,1400,92157,2
DEQ,785091008561171,23,1400,96328,1
DEQ,785091008685506,23,1400,218626,0
DEQ,785091019999361,23,1400,56311,3
DEQ,785091020126353,23,1400,176875,2
DEQ,785091020130297,23,1400,175168,1
DEQ,785091020147326,23,1400,190110,0
DEQ,785091020264528,23,1400,111897,1
DEQ,785091020268616,23,1400,108095,0
DEQ,785091026048453,23,1400,112867,4
DEQ,785091026052376,23,1400,108876,3
DEQ,785091026066351,23,1400,118903,2
DEQ,785091026199298,23,1400,246632,2
DEQ,785091026203070,23,1400,248270,1
DEQ,785091026207533,23,1400,137583,0
DEQ,785091031998515,23,1400,81902,2
DEQ,785091032002521,23,1400,77163,1
DEQ,785091032024125,23,1400,94277,0
DEQ,785091038050850,23,1400,119903,2
DEQ,785091038054841,23,1400,114943,1
DEQ,785091038072014,23,1400,128088,0
DEQ,785091044033422,23,1400,100119,4
DEQ,785091044037344,23,1400,95669,3
DEQ,785091044061087,23,1400,115034,2
DEQ,785091044161453,23,1400,210276,1
DEQ,785091044165331,23,1400,212143,0
DEQ,785091044285541,23,1400,112520,0
DEQ,785091050045038,23,1400,114046,2
DEQ,785091050048966,23,1400,109280,1
DEQ,785091050068511,23,1400,124755,0
DEQ,785091056014834,23,1400,94712,4
DEQ,785091056040272,23,1400,106677,3
DEQ,785091056159236,23,1400,223459,2
DEQ,785091056163795,23,1400,223091,1
DEQ,785091056169120,23,1400,226270,0
DEQ,785091056271371,23,1400,97701,0
DEQ,785091068567417,23,1400,89177,2
DEQ,785091068571539,23,1400,85044,1
DEQ,785091068581738,23,1400,90964,0
DEQ,785091080037398,23,1400,102111,4
DEQ,785091080041557,23,1400,96810,3
DEQ,785091080062438,23,1400,113304,2
DEQ,785091080183298,23,1400,228462,4
DEQ,785091080187051,23,1400,230114,3
DEQ,785091080191542,23,1400,124826,2
DEQ,785091080293092,23,1400,219420,1
DEQ,785091080296968,23,1400,221136,0
DEQ,785091080413980,23,1400,108811,3
DEQ,785091080417846,23,1400,105318,2
DEQ,785091080441897,23,1400,124981,1
DEQ,785091080544673,23,1400,225755,0
DEQ,785091093575662,23,1400,90827,3
DEQ,785091093579638,23,1400,85080,2
DEQ,785091093604719,23,1400,104565,1
DEQ,785091093654548,23,1400,152295,0
DEQ,785091093707192,23,1400,46744,1
DEQ,785091093746944,23,1400,74324,0
DEQ,785091098047505,23,1400,119964,3
DEQ,785091098051405,23,1400,114119,2
DEQ,785091098056231,23,1400,112372,1
DEQ,785091098173872,23,1400,227663,0
DEQ,785091098234872,23,1400,49392,1
DEQ,785091098281838,23,1400,88890,0
DEQ,785091103980534,23,1400,53911,1
DEQ,785091104076092,23,1400,141038,0
DEQ,785091113602004,23,1400,99837,3
DEQ,785091113606006,23,1400,94627,2
DEQ,785091113611711,23,1400,96214,1
DEQ,785091113664675,23,1400,146987,0
DEQ,785091118045982,23,1400,113433,1
DEQ,785091118049982,23,1400,108934,0
DEQ,785091124040091,23,1400,104272,3
DEQ,785091124044132,23,1400,99010,2
DEQ,785091124067300,23,1400,118023,1
DEQ,785091124167226,23,1400,215786,0
DEQ,785091124293137,23,1400,114281,1
DEQ,785091124297040,23,1400,110696,0
DEQ,785091133589900,23,1400,88349,3
DEQ,785091133593901,23,1400,83410,2
DEQ,785091133610722,23,1400,95724,1
DEQ,785091133718972,23,1400,201659,0
DEQ,785091138060681,23,1400,117163,3
DEQ,785091138065199,23,1400,114336,2
DEQ,785091138081063,23,1400,123029,1
DEQ,785091138123665,23,1400,162648,2
DEQ,785091138221498,23,1400,135354,1
DEQ,785091138225394,23,1400,126503,0
DEQ,785091143980191,23,1400,56380,1
DEQ,785091144028690,23,1400,95294,0
DEQ,785091153612502,23,1400,94863,3
DEQ,785091153616967,23,1400,94233,2
DEQ,785091153623159,23,1400,95460,1
DEQ,785091153667495,23,1400,137128,2
DEQ,785091153706777,23,1400,76150,1
DEQ,785091153766610,23,1400,131445,0
DEQ,785091158037458,23,1400,112963,3
DEQ,785091158041314,23,1400,107662,2
DEQ,785091158068018,23,1400,129703,1
DEQ,785091158185573,23,1400,244780,0
DEQ,785091164032632,23,1400,97183,3
DEQ,785091164036579,23,1400,92182,2
DEQ,785091164058959,23,1400,109173,1
DEQ,785091164167215,23,1400,215047,0
DEQ,785091164298268,23,1400,119629,1
DEQ,785091164302154,23,1400,116017,0
DEQ,785091168159947,23,84,23056,0
DEQ,785091175419074,23,1400,91839,3
DEQ,785091175422968,23,1400,87046,2
DEQ,785091175432684,23,1400,91282,1
DEQ,785091175539100,23,1400,195573,2
DEQ,785091175543018,23,1400,106155,1
DEQ,785091175567020,23,1400,126158,0
DEQ,785091180047749,23,1400,123609,1
DEQ,785091180051713,23,1400,117960,0
DEQ,785091195436014,23,1400,102576,3
DEQ,785091195439851,23,1400,97692,2
DEQ,785091195444354,23,1400,98181,1
DEQ,785091195576435,23,1400,228147,0
DEQ,785091200042585,23,1400,108919,3
DEQ,785091200046790,23,1400,105269,2
DEQ,785091200070378,23,1400,123367,1
DEQ,785091200178971,23,1400,229937,0
DEQ,785091200301722,23,1400,111339,1
DEQ,785091200309323,23,1400,111441,0
DEQ,785091205980239,23,1400,55638,1
DEQ,785091206029137,23,1400,95358,0
DEQ,785091215440807,23,1400,99917,3
DEQ,785091215445399,23,1400,96226,2
DEQ,785091215479759,23,1400,125362,1
DEQ,785091215585594,23,1400,228514,0
DEQ,785091215638022,23,1400,42170,1
DEQ,785091215690462,23,1400,87082,0
DEQ,785091220044314,23,1400,117580,3
DEQ,785091220048152,23,1400,112661,2
DEQ,785091220065768,23,1400,126155,1
DEQ,785091220197504,23,1400,255610,0
DEQ,785091226036815,23,1400,103580,3
DEQ,785091226040754,23,1400,98763,2
DEQ,785091226064332,23,1400,117024,1
DEQ,785091226174001,23,1400,224466,0
DEQ,785091226297304,23,1400,112012,1
DEQ,785091226301189,23,1400,108490,0
DEQ,785091238668255,23,1400,106027,4
DEQ,785091238672745,23,1400,102724,3
DEQ,785091238692797,23,1400,117949,2
DEQ,785091238801813,23,1400,219837,2
DEQ,785091238805932,23,1400,221402,1
DEQ,785091238822971,23,1400,125712,0
DEQ,785091244042004,23,1400,99684,4
DEQ,785091244045975,23,1400,94883,3
DEQ,785091244054189,23,1400,98925,2
DEQ,785091244182125,23,1400,221683,1
DEQ,785091244185955,23,1400,223501,0
DEQ,785091244302320,23,1400,108631,0
DEQ,785091250043163,23,1400,110595,2
DEQ,785091250047146,23,1400,105849,1
DEQ,785091250069842,23,1400,124184,0
DEQ,785091256035945,23,1400,111254,2
DEQ,785091256039937,23,1400,106568,1
DEQ,785091256057857,23,1400,120146,0
DEQ,785091262041835,23,1400,108211,4
DEQ,785091262045821,23,1400,103355,3
DEQ,785091262068606,23,1400,121870,2
DEQ,785091262166594,23,1400,214902,1
DEQ,785091262170464,23,1400,216690,0
DEQ,785091262298971,23,1400,120740,0
DEQ,785091273668329,23,1400,115310,2
DEQ,785091273672803,23,1400,112913,1
DEQ,785091273690425,23,1400,125999,0
DEQ,785091278063106,23,1400,124700,4
DEQ,785091278067014,23,1400,120216,3
DEQ,785091278084344,23,1400,133104,2
DEQ,785091278183961,23,1400,227628,2
DEQ,785091278186923,23,1400,228269,1
DEQ,785091278269111,23,1400,180850,0
DEQ,785091288672810,23,1400,94476,4
DEQ,785091288679860,23,1400,88247,3
DEQ,785091288796790,23,1400,202988,2
DEQ,785091288797734,23,1400,199067,1
DEQ,785091288820076,23,1400,219389,1
DEQ,785091288915653,23,1400,113599,0
DEQ,785091294048672,23,1400,105779,3
DEQ,785091294051462,23,1400,99501,2
DEQ,785091294143584,23,1400,186420,3
DEQ,785091294144584,23,1400,185425,2
DEQ,785091294218759,23,1400,162213,1
DEQ,785091294221537,23,1400,161045,0
DEQ,785091308700469,23,1400,108743,1
DEQ,785091308703593,23,1400,104030,0
DEQ,785091320049248,23,1400,103112,3
DEQ,785091320051974,23,1400,97449,2
DEQ,785091320140801,23,1400,181995,3
DEQ,785091320141693,23,1400,180745,2
DEQ,785091320243796,23,1400,186862,3
DEQ,785091320246654,23,1400,185858,2
DEQ,785091320263653,23,1400,116864,3
DEQ,785091320366640,23,1400,215957,4
DEQ,785091320369455,23,1400,118137,3
DEQ,785091320381347,23,1400,126087,2
DEQ,785091320524116,23,1400,258985,1
DEQ,785091320526883,23,1400,259698,0
DEQ,785091326032785,23,1400,107146,3
DEQ,785091326035544,23,1400,101020,2
DEQ,785091326129463,23,1400,190878,1
DEQ,785091326130425,23,1400,189838,0
DEQ,785091333675615,23,1400,98493,1
DEQ,785091333678371,23,1400,92382,0
DEQ,785091338042684,23,1400,109431,3
DEQ,785091338045412,23,1400,102976,2
DEQ,785091338135988,23,1400,189638,3
DEQ,785091338136874,23,1400,188256,2
DEQ,785091338210799,23,1400,160623,1
DEQ,785091338213626,23,1400,159600,0
DEQ,785091343986587,23,1400,55582,3
DEQ,785091344098033,23,1400,157830,2
DEQ,785091344099003,23,1400,152570,1
DEQ,785091344179892,23,1400,231422,0
DEQ,785091353700631,23,1400,94888,3
DEQ,785091353706957,23,1400,92191,2
DEQ,785091353708515,23,1400,88236,1
DEQ,785091353791817,23,1400,169385,2
DEQ,785091353792746,23,1400,80364,1
DEQ,785091353871253,23,1400,154897,0
DEQ,785091358040704,23,1400,105615,2
DEQ,785091358043463,23,1400,95615,1
DEQ,785091358125834,23,1400,175907,0
DEQ,785091364042693,23,1400,106570,3
DEQ,785091364045431,23,1400,100730,2
DEQ,785091364134305,23,1400,183022,3
DEQ,785091364135154,23,1400,181806,2
DEQ,785091364195079,23,1400,144912,1
DEQ,785091364197884,23,1400,143840,0
DEQ,785091370046805,23,1400,118272,1
DEQ,785091370049587,23,1400,111277,0
DEQ,785091376059397,23,1400,118663,3
DEQ,785091376062148,23,1400,112978,2
DEQ,785091376157665,23,1400,204538,3
DEQ,785091376158649,23,1400,203549,2
DEQ,785091376160198,23,1400,93066,1
DEQ,785091376269077,23,1400,197971,0
DEQ,785091398723329,23,1400,89483,3
DEQ,785091398726132,23,1400,83087,2
DEQ,785091398751434,23,1400,103783,3
DEQ,785091398851573,23,1400,201782,2
DEQ,785091398854430,23,1400,123280,1
DEQ,785091398862424,23,1400,115787,0
DEQ,785091404055265,23,1400,117102,3
DEQ,785091404058020,23,1400,111335,2
DEQ,785091404078092,23,1400,127326,3
DEQ,785091404193444,23,1400,240631,2
DEQ,785091404196312,23,1400,133399,1
DEQ,785091404196817,23,1400,130017,0
DEQ,785091410057287,23,1400,118876,3
DEQ,785091410060070,23,1400,113540,2
DEQ,785091410154942,23,1400,202163,1
DEQ,785091410155998,23,1400,200759,0
DEQ,785091416050428,23,1400,120753,1
DEQ,785091416053233,23,1400,115831,0
DEQ,785091423724237,23,1400,90616,3
DEQ,785091423727098,23,1400,84310,2
DEQ,785091423750871,23,1400,103589,3
DEQ,785091423841882,23,1400,192146,2
DEQ,785091423842869,23,1400,110854,1
DEQ,785091423940741,23,1400,194478,0
DEQ,785091428055275,23,1400,114310,3
DEQ,785091428058017,23,1400,109673,2
DEQ,785091428141869,23,1400,189410,3
DEQ,785091428142759,23,1400,187057,2
DEQ,785091428266648,23,1400,203620,1
DEQ,785091428269453,23,1400,202502,0
DEQ,785091433986634,23,1400,56843,3
DEQ,785091434090704,23,1400,151801,2
DEQ,785091434091630,23,1400,148527,1
DEQ,785091434184116,23,1400,239026,0
DEQ,785091439982054,23,1400,96907,3
DEQ,785091439984930,23,1400,90568,2
DEQ,785091440001446,23,1400,100928,3
DEQ,785091440093344,23,1400,190801,2
DEQ,785091440095056,23,1400,104968,1
DEQ,785091440099705,23,1400,102183,0
DEQ,785091446043197,23,1400,118884,2
DEQ,785091446045943,23,1400,112220,1
DEQ,785091446140932,23,1400,203034,0
DEQ,785091452041257,23,1400,106007,3
DEQ,785091452044003,23,1400,99473,2
DEQ,785091452126869,23,1400,176632,3
DEQ,785091452127773,23,1400,175464,2
DEQ,785091452200405,23,1400,151460,1
DEQ,785091452203237,23,1400,150272,0
DEQ,785091458045272,23,1400,113414,2
DEQ,785091458048027,23,1400,107097,1
DEQ,785091458139196,23,1400,194321,0
DEQ,785091464046987,23,1400,118914,2
DEQ,785091464049807,23,1400,112764,1
DEQ,785091641716768,23,1400,177775626,2
DEQ,785091641719938,23,1400,168172967,1
DEQ,785091641720538,23,1400,168164779,0
DEQ,785091641821122,23,1400,95413,4
DEQ,785091641822072,23,1400,84655,3
DEQ,785091641935847,23,1400,195987,4
DEQ,785091641938681,23,1400,195638,3
DEQ,785091641939165,23,1400,194091,2
DEQ,785091642025671,23,1400,198608,3
DEQ,785091642028367,23,1400,197203,2
DEQ,785091642044576,23,1400,100389,3
DEQ,785091642112535,23,1400,164465,4
DEQ,785091642191727,23,1400,155204,3
DEQ,785091642210433,23,1400,170222,4
DEQ,785091642320960,23,1400,274884,3
DEQ,785091642327099,23,1400,278908,2
DEQ,785091642328646,23,1400,126644,1
DEQ,785091642447570,23,1400,241623,4
DEQ,785091642450173,23,1400,117647,3
DEQ,785091642451646,23,1400,115226,2
DEQ,785091642555992,23,1400,214172,3
DEQ,785091642559025,23,1400,214969,2
DEQ,785091642576040,23,1400,120205,3
DEQ,785091642664842,23,1400,200351,4
DEQ,785091642667716,23,1400,99839,3
DEQ,785091642684000,23,1400,112381,4
DEQ,785091642774008,23,1400,195364,3
DEQ,785091642776889,23,1400,196165,2
DEQ,785091642857369,23,1400,184918,3
DEQ,785091642876349,23,1400,200066,4
DEQ,785091642959529,23,1400,177794,3
DEQ,785091642962351,23,1400,169897,2
DEQ,785091643039182,23,1400,174828,3
DEQ,785091643120822,23,1400,252517,4
DEQ,785091643123427,23,1400,156352,3
DEQ,785091643219391,23,1400,243909,4
DEQ,785091643222187,23,1400,175976,3
DEQ,785091643238338,23,1400,188233,4
DEQ,785091643323501,23,1400,184638,3
DEQ,785091643326388,23,1400,184878,2
DEQ,785091643352535,23,1400,125563,3
DEQ,785091643441646,23,1400,210816,4
DEQ,785091643444556,23,1400,113350,3
DEQ,785091643526318,23,1400,184763,4
DEQ,785091643529180,23,1400,173903,3
DEQ,785091643605841,23,1400,248563,4
DEQ,785091643608675,23,1400,159235,3
DEQ,785091643681014,23,1400,219454,4
DEQ,785091643683854,23,1400,149821,3
DEQ,785091643759300,23,1400,216683,4
DEQ,785091643762182,23,1400,148695,3
DEQ,785091643842698,23,1400,225339,4
DEQ,785091643845610,23,1400,156972,3
DEQ,785091643923453,23,1400,230982,4
DEQ,785091643937888,23,1400,170790,3
DEQ,785091644017567,23,1400,246633,4
DEQ,785091644031984,23,1400,181537,3
DEQ,785091644113586,23,1400,251923,4
DEQ,785091644117123,23,1400,174017,3
DEQ,785091644193143,23,1400,245982,4
DEQ,785091644195927,23,1400,159768,3
DEQ,785091644280943,23,1400,240863,4
DEQ,785091644283720,23,1400,162385,3
DEQ,785091644365655,23,1400,240413,4
DEQ,785091644371942,23,1400,171193,3
DEQ,785091644374339,23,1400,162515,2
DEQ,785091644461620,23,1400,173124,3
DEQ,785091644485603,23,1400,193242,4
DEQ,785091644565120,23,1400,186694,3
DEQ,785091644567896,23,1400,185652,2
DEQ,785091644645138,23,1400,176492,3
DEQ,785091644647923,23,1400,166349,2
DEQ,785091644726197,23,1400,153294,3
DEQ,785091644729727,23,1400,152864,2
DEQ,785091644806718,23,1400,153855,3
DEQ,785091644809557,23,1400,152821,2
DEQ,785091644893334,23,1400,158843,3
DEQ,785091644896206,23,1400,157815,2
DEQ,785091644968448,23,1400,153845,3
DEQ,785091644971259,23,1400,149701,2
DEQ,785091645052694,23,1400,151452,3
DEQ,785091645055600,23,1400,150512,2
DEQ,785091645127638,23,1400,151389,3
DEQ,785091645130462,23,1400,144496,2
DEQ,785091645202398,23,1400,141720,3
DEQ,785091645205254,23,1400,140710,2
DEQ,785091645294018,23,1400,158456,3
DEQ,785091645296955,23,1400,157498,2
DEQ,785091645382380,23,1400,172146,3
DEQ,785091645385258,23,1400,166141,2
DEQ,785091645469838,23,1400,167901,3
DEQ,785091645472676,23,1400,162546,2
DEQ,785091645556875,23,1400,166638,3
DEQ,785091645559723,23,1400,159633,2
DEQ,785091645645147,23,1400,167511,3
DEQ,785091645648003,23,1400,160900,2
DEQ,785091645728465,23,1400,163781,3
DEQ,785091645732120,23,1400,158031,2
DEQ,785091645805996,23,1400,153043,3
DEQ,785091645808845,23,1400,151972,2
DEQ,785091645885182,23,1400,148610,3
DEQ,785091645888004,23,1400,147563,2
DEQ,785091645959180,23,1400,145318,3
DEQ,785091645962012,23,1400,144270,2
DEQ,785091646044420,23,1400,151399,3
DEQ,785091646047314,23,1400,150406,2
DEQ,785091841709479,23,1400,195742531,3
DEQ,785091841712542,23,1400,195737376,2
DEQ,785091841713084,23,1400,195660671,1
DEQ,785091841744339,23,1400,195681077,4
DEQ,785091841775689,23,1400,56518,3
DEQ,785091841815456,23,1400,84667,4
DEQ,785091841855571,23,1400,116380,3
DEQ,785091841902477,23,1400,161099,4
DEQ,785091841949856,23,1400,172636,3
DEQ,785091841982785,23,1400,203627,4
DEQ,785091842095770,23,1400,237882,3
DEQ,785091842098505,23,1400,238444,2
DEQ,785091842098995,23,1400,146972,1
DEQ,785091842122455,23,1400,168312,4
DEQ,785091842225276,23,1400,121189,3
DEQ,785091842228550,23,1400,120495,2
DEQ,785091842229106,23,1400,115495,1
DEQ,785091842256389,23,1400,140676,4
DEQ,785091842326624,23,1400,91858,3
DEQ,785091842329409,23,1400,83098,2
DEQ,785091842345755,23,1400,94367,3
DEQ,785091842421299,23,1400,167850,4
DEQ,785091842424124,23,1400,86460,3
DEQ,785091842440594,23,1400,98984,4
DEQ,785091842517640,23,1400,170414,3
DEQ,785091842520716,23,1400,171489,2
DEQ,785091842537856,23,1400,105534,3
DEQ,785091842607641,23,1400,171440,4
DEQ,785091842670728,23,1400,141468,3
DEQ,785091842673626,23,1400,140517,2
DEQ,785091842752738,23,1400,212396,3
DEQ,785091842755699,23,1400,213307,2
DEQ,785091842829417,23,1400,151046,3
DEQ,785091842832317,23,1400,143253,2
DEQ,785091842915304,23,1400,154845,3
DEQ,785091842918102,23,1400,153679,2
DEQ,785091843001164,23,1400,163970,3
DEQ,785091843004599,23,1400,158544,2
DEQ,785091843080790,23,1400,157699,3
DEQ,785091843084057,23,1400,157095,2
DEQ,785091843189444,23,1400,181023,3
DEQ,785091843192328,23,1400,180026,2
DEQ,785091843273590,23,1400,184729,3
DEQ,785091843276395,23,1400,179194,2
DEQ,785091843301226,23,1400,104169,3
DEQ,785091843375595,23,1400,174606,4
DEQ,785091843451028,23,1400,169908,3
DEQ,785091843453892,23,1400,156998,2
DEQ,785091843532769,23,1400,229204,3
DEQ,785091843535684,23,1400,230500,2
DEQ,785091843607740,23,1400,148953,3
DEQ,785091843610604,23,1400,147979,2
DEQ,785091843696075,23,1400,155613,3
DEQ,785091843698896,23,1400,154601,2
DEQ,785091843774446,23,1400,158866,3
DEQ,785091843777346,23,1400,157709,2
DEQ,785091843859993,23,1400,156293,3
DEQ,785091843866202,23,1400,158650,2
DEQ,785091843950342,23,1400,168329,3
DEQ,785091843953212,23,1400,160883,2
DEQ,785091844034744,23,1400,158916,3
DEQ,785091844037646,23,1400,159258,2
DEQ,785091844053802,23,1400,95706,3
DEQ,785091844153215,23,1400,191252,4
DEQ,785091844159431,23,1400,113707,3
DEQ,785091844160840,23,1400,111370,2
DEQ,785091844245013,23,1400,189712,3
DEQ,785091844263521,23,1400,206212,4
DEQ,785091844366923,23,1400,202109,3
DEQ,785091844369734,23,1400,200943,2
DEQ,785091844386856,23,1400,135060,3
DEQ,785091844457732,23,1400,201984,4
DEQ,785091844460568,23,1400,85891,3
DEQ,785091844489195,23,1400,106948,4
DEQ,785091844572007,23,1400,183337,3
DEQ,785091844574846,23,1400,184249,2
DEQ,785091844602195,23,1400,137008,3
DEQ,785091844695142,23,1400,220723,4
DEQ,785092041677035,23,1400,197097439,3
DEQ,785092041680895,23,1400,197089400,2
DEQ,785092041681547,23,1400,197076880,1
DEQ,785092041687248,23,1400,197080588,0
STATS,785092041800520,4,5600,16171,16167,0,0,0
DEQ,785092041803722,23,1400,109844,3
DEQ,785092041806664,23,1400,103032,2
DEQ,785092041837399,23,1400,128059,3
DEQ,785092041950912,23,1400,239372,4
DEQ,785092041954192,23,1400,129158,3
DEQ,785092042050806,23,1400,218264,4
DEQ,785092042053621,23,1400,213543,3
DEQ,785092042071069,23,1400,228767,4
DEQ,785092042207864,23,1400,247817,3
DEQ,785092042210429,23,1400,245916,2
DEQ,785092042211980,23,1400,153383,1
DEQ,785092042303595,23,1400,241015,4
DEQ,785092042306385,23,1400,90489,3
DEQ,785092042399323,23,1400,173761,4
DEQ,785092042402504,23,1400,171888,3
DEQ,785092042419588,23,1400,186963,4
DEQ,785092042487849,23,1400,176493,3
DEQ,785092042506056,23,1400,190825,4
DEQ,785092042611134,23,1400,200084,3
DEQ,785092042630476,23,1400,215549,4
DEQ,785092042709420,23,1400,214612,3
DEQ,785092042712201,23,1400,210503,2
DEQ,785092042713816,23,1400,91969,1
DEQ,785092042797870,23,1400,172205,4
DEQ,785092042800672,23,1400,82252,3
DEQ,785092042887031,23,1400,160506,4
DEQ,785092042889815,23,1400,158485,3
DEQ,785092042913372,23,1400,180091,4
DEQ,785092043001751,23,1400,196147,3
DEQ,785092043004556,23,1400,195015,2
DEQ,785092043093228,23,1400,198287,3
DEQ,785092043095985,23,1400,187014,2
DEQ,785092043113313,23,1400,103833,3
DEQ,785092043216224,23,1400,202792,4
DEQ,785092043219080,23,1400,118207,3
DEQ,785092043306401,23,1400,201585,4
DEQ,785092043309318,23,1400,194185,3
DEQ,785092043387872,23,1400,270783,4
DEQ,785092043390781,23,1400,166625,3
DEQ,785092043407942,23,1400,175523,4
DEQ,785092043487368,23,1400,173169,3
DEQ,785092043506209,23,1400,188147,4
DEQ,785092043581187,23,1400,181545,3
DEQ,785092043584208,23,1400,180707,2
DEQ,785092043670382,23,1400,172483,3
DEQ,785092043673260,23,1400,171485,2
DEQ,785092043747780,23,1400,158699,3
DEQ,785092043750616,23,1400,150350,2
DEQ,785092043825291,23,1400,147163,3
DEQ,785092043828167,23,1400,146174,2
DEQ,785092043912897,23,1400,157390,3
DEQ,785092043915812,23,1400,156444,2
DEQ,785092043993764,23,1400,160927,3
DEQ,785092043996654,23,1400,153475,2
DEQ,785092044082940,23,1400,161702,3
DEQ,785092044085751,23,1400,160668,2
DEQ,785092044181872,23,1400,180196,3
DEQ,785092044184789,23,1400,171619,2
DEQ,785092044256982,23,1400,166576,3
DEQ,785092044259880,23,1400,160765,2
DEQ,785092044345920,23,1400,156336,3
DEQ,785092044349162,23,1400,155724,2
DEQ,785092044432927,23,1400,167921,3
DEQ,785092044435842,23,1400,159621,2
DEQ,785092044538712,23,1400,184638,3
DEQ,785092044541503,23,1400,178353,2
DEQ,785092044620406,23,1400,179616,3
DEQ,785092044623312,23,1400,173159,2
DEQ,785092044647287,23,1400,100867,3
DEQ,785092044724921,23,1400,174605,4
DEQ,785092044739667,23,1400,111482,3
DEQ,785092044821193,23,1400,189180,4
DEQ,785092044824036,23,1400,173221,3
DEQ,785092044907935,23,1400,254901,4
DEQ,785092044910771,23,1400,165639,3
DEQ,785092044934224,23,1400,184898,4
DEQ,785092045015511,23,1400,186581,3
DEQ,785092045018429,23,1400,182703,2
DEQ,785092045042736,23,1400,126780,3
DEQ,785092045119736,23,1400,199870,4
DEQ,785092045180679,23,1400,157232,3
DEQ,785092045199415,23,1400,172069,4
DEQ,785092241662822,23,1400,196616682,4
DEQ,785092241665968,23,1400,196617869,3
DEQ,785092241666788,23,1400,196475566,2
DEQ,785092241668932,23,1400,196473723,1
DEQ,785092241669507,23,84,73327060,0
DEQ,785092241778244,23,1400,103597,3
DEQ,785092241779197,23,1400,97242,2
DEQ,785092241884037,23,1400,196847,3
DEQ,785092241886993,23,1400,197671,2
DEQ,785092241887466,23,1400,102761,1
DEQ,785092241932226,23,1400,143422,4
DEQ,785092242022565,23,1400,129749,3
DEQ,785092242025632,23,1400,108339,2
DEQ,785092242027545,23,1400,105150,1
DEQ,785092242065870,23,1400,141362,4
DEQ,785092242165014,23,1400,132532,3
DEQ,785092242167808,23,1400,123816,2
DEQ,785092242184139,23,1400,135047,3
DEQ,785092242262791,23,1400,211537,4
DEQ,785092242265565,23,1400,89347,3
DEQ,785092242351861,23,1400,171895,4
DEQ,785092242362651,23,1400,176446,3
DEQ,785092242475566,23,1400,287337,4
DEQ,785092242478375,23,1400,207782,3
DEQ,785092242495256,23,1400,220803,4
DEQ,785092242575463,23,1400,208851,3
DEQ,785092242578358,23,1400,207887,2
DEQ,785092242666026,23,1400,179015,3
DEQ,785092242669022,23,1400,177774,2
DEQ,785092242746859,23,1400,163630,3
DEQ,785092242749747,23,1400,155812,2
DEQ,785092242823736,23,1400,149622,3
DEQ,785092242826595,23,1400,141740,2
DEQ,785092242914256,23,1400,159390,3
DEQ,785092242917159,23,1400,158458,2
DEQ,785092243001348,23,1400,169914,3
DEQ,785092243004411,23,1400,161396,2
DEQ,785092243089032,23,1400,166731,3
DEQ,785092243091830,23,1400,158935,2
DEQ,785092243174807,23,1400,165276,3
DEQ,785092243177685,23,1400,164270,2
DEQ,785092243259247,23,1400,162520,3
DEQ,785092243262217,23,1400,161665,2
DEQ,785092243338740,23,1400,155940,3
DEQ,785092243362996,23,1400,176285,4
DEQ,785092243451326,23,1400,183834,3
DEQ,785092243454155,23,1400,178099,2
DEQ,785092243538784,23,1400,193294,3
DEQ,785092243541619,23,1400,186649,2
DEQ,785092243619236,23,1400,159993,3
DEQ,785092243621952,23,1400,152869,2
DEQ,785092243708873,23,1400,162204,3
DEQ,785092243711779,23,1400,161143,2
DEQ,785092243739557,23,1400,112764,3
DEQ,785092243815933,23,1400,185214,4
DEQ,785092243818831,23,1400,102045,3
DEQ,785092243892468,23,1400,167431,4
DEQ,785092243981571,23,1400,238466,3
DEQ,785092243988392,23,1400,243117,2
DEQ,785092244009580,23,1400,186040,3
DEQ,785092244105001,23,1400,277493,4
DEQ,785092244107932,23,1400,106275,3
DEQ,785092244184572,23,1400,180245,4
DEQ,785092244187445,23,1400,175646,3
DEQ,785092244209041,23,1400,195036,4
DEQ,785092244309672,23,1400,196952,3
DEQ,785092244312445,23,1400,195735,2
DEQ,785092244337292,23,1400,145061,3
DEQ,785092244429202,23,1400,224617,4
DEQ,785092244431780,23,1400,114391,3
DEQ,785092244433156,23,1400,100440,2
DEQ,785092244549033,23,1400,210250,3
DEQ,785092244552223,23,1400,211413,2
DEQ,785092244577054,23,1400,139755,3
DEQ,785092244646564,23,1400,205329,4
DEQ,785092244649474,23,1400,92391,3
DEQ,785092244750017,23,1400,177203,4
DEQ,785092244752946,23,1400,173581,3
DEQ,785092244830508,23,1400,249365,4
DEQ,785092441679531,23,1400,197024946,3
DEQ,785092441682417,23,1400,197018175,2
DEQ,785092441683033,23,1400,196925273,1
DEQ,785092441685245,23,1400,196923581,0
DEQ,785092441801260,23,1400,109968,3
DEQ,785092441802186,23,1400,103212,2
DEQ,785092441909046,23,1400,205101,3
DEQ,785092441911914,23,1400,205883,2
DEQ,785092441912425,23,1400,105005,1
DEQ,785092441952565,23,1400,140743,4
DEQ,785092442027549,23,1400,110141,3
DEQ,785092442030220,23,1400,97848,2
DEQ,785092442031856,23,1400,84896,1
DEQ,785092442117329,23,1400,168171,4
DEQ,785092442120142,23,1400,84423,3
DEQ,785092442144341,23,1400,104719,4
DEQ,785092442237255,23,1400,192204,3
DEQ,785092442240119,23,1400,193088,2
DEQ,785092442240609,23,1400,115584,1
DEQ,785092442265573,23,1400,136761,4
DEQ,785092442362876,23,1400,117362,3
DEQ,785092442365630,23,1400,116192,2
DEQ,785092442443848,23,1400,189924,3
DEQ,785092442462809,23,1400,206920,4
DEQ,785092442537924,23,1400,167367,3
DEQ,785092442556367,23,1400,176031,4
DEQ,785092442641792,23,1400,187451,3
DEQ,785092442644615,23,1400,186331,2
DEQ,785092442661132,23,1400,116241,3
DEQ,785092442730817,23,1400,182049,4
DEQ,785092442738146,23,1400,85060,3
DEQ,785092442824777,23,1400,167854,4
DEQ,785092442827490,23,1400,163920,3
DEQ,785092442913861,23,1400,248249,4
DEQ,785092442916588,23,1400,173302,3
DEQ,785092442993051,23,1400,245901,4
DEQ,785092442996173,23,1400,163302,3
DEQ,785092443094525,23,1400,250330,4
DEQ,785092443097942,23,1400,176531,3
DEQ,785092443116565,23,1400,191219,4
DEQ,785092443200531,23,1400,199327,3
DEQ,785092443203488,23,1400,198414,2
DEQ,785092443283837,23,1400,180072,3
DEQ,785092443302880,23,1400,191463,4
DEQ,785092443394789,23,1400,186429,3
DEQ,785092443397656,23,1400,179581,2
DEQ,785092443481807,23,1400,190979,3
DEQ,785092443484627,23,1400,189940,2
DEQ,785092443561826,23,1400,159314,3
DEQ,785092443564693,23,1400,158364,2
DEQ,785092443611616,23,1400,122205,3
DEQ,785092443663593,23,1400,170347,4
DEQ,785092443703864,23,1400,134403,3
DEQ,785092443743792,23,1400,165801,4
DEQ,785092443789619,23,1400,175395,3
DEQ,785092443829051,23,1400,212701,4
DEQ,785092443888047,23,1400,182798,3
DEQ,785092443936385,23,1400,229177,4
DEQ,785092443974609,23,1400,182863,3
DEQ,785092444008077,23,1400,214398,4
DEQ,785092444048170,23,1400,158008,3
DEQ,785092444096899,23,1400,204812,4
DEQ,785092444128203,23,1400,151503,3
DEQ,785092444169467,23,1400,190822,4
DEQ,785092444207881,23,1400,156770,3
DEQ,785092444254435,23,1400,201199,4
DEQ,785092444288196,23,1400,157636,3
DEQ,785092444328199,23,1400,195522,4
DEQ,785092444367910,23,1400,158093,3
DEQ,785092444411859,23,1400,200096,4
DEQ,785092444448117,23,1400,157767,3
DEQ,785092444488185,23,1400,195820,4
DEQ,785092444532700,23,1400,162623,3
DEQ,785092444568222,23,1400,196210,4
DEQ,785092444607963,23,1400,157764,3
DEQ,785092444648192,23,1400,196168,4
DEQ,785092444688087,23,1400,153284,3
DEQ,785092444728170,23,1400,191384,4
DEQ,785092444773455,23,1400,163279,3
DEQ,785092444808022,23,1400,196138,4
DEQ,785092444851268,23,1400,161133,3
DEQ,785092444888160,23,1400,196110,4
DEQ,785092444928166,23,1400,152575,3
DEQ,785092444971825,23,1400,194335,4
DEQ,785092445007999,23,1400,154682,3
DEQ,785092445048381,23,1400,193049,4
DEQ,785092445091085,23,1400,160715,3
DEQ,785092445128231,23,1400,195881,4
DEQ,785092445171740,23,1400,161669,3
DEQ,785092641685696,23,1400,196673655,4
DEQ,785092641688980,23,1400,196595371,3
DEQ,785092641689769,23,1400,196594091,2
DEQ,785092641691770,23,1400,196517984,1
DEQ,785092641785872,23,1400,196610180,4
DEQ,785092641786823,23,1400,89655,3
DEQ,785092641858146,23,1400,156626,4
DEQ,785092641860367,23,1400,152842,3
DEQ,785092641897816,23,1400,188257,4
DEQ,785092642005263,23,1400,213655,3
DEQ,785092642008420,23,1400,198885,2
DEQ,785092642025701,23,1400,163104,3
DEQ,785092642104612,23,1400,240156,4
DEQ,785092642108072,23,1400,90522,3
DEQ,785092642187071,23,1400,165650,4
DEQ,785092642189935,23,1400,162322,3
DEQ,785092642278813,23,1400,249231,4
DEQ,785092642289805,23,1400,177178,3
DEQ,785092642372349,23,1400,255426,4
DEQ,785092642462488,23,1400,267851,3
DEQ,785092642465498,23,1400,261760,2
DEQ,785092642486387,23,1400,192514,3
DEQ,785092642573994,23,1400,276068,4
DEQ,785092642576890,23,1400,106012,3
DEQ,785092642668185,23,1400,189533,4
DEQ,785092642671026,23,1400,181869,3
DEQ,785092642747467,23,1400,256242,4
DEQ,785092642751115,23,1400,169099,3
DEQ,785092642830592,23,1400,239863,4
DEQ,785092642833443,23,1400,157340,3
DEQ,785092642931559,23,1400,251522,4
DEQ,785092642934340,23,1400,177724,3
DEQ,785092643016333,23,1400,255698,4
DEQ,785092643019099,23,1400,180456,3
DEQ,785092643104716,23,1400,258093,4
DEQ,785092643105590,23,1400,166234,3
DEQ,785092643122204,23,1400,179015,4
DEQ,785092643226436,23,1400,202365,3
DEQ,785092643227375,23,1400,193829,2
DEQ,785092643250569,23,1400,140177,3
DEQ,785092643353568,23,1400,239075,4
DEQ,785092643354476,23,1400,121990,3
DEQ,785092643377527,23,1400,131272,4
DEQ,785092643463261,23,1400,211070,3
DEQ,785092643464119,23,1400,210055,2
DEQ,785092643487769,23,1400,128546,3
DEQ,785092643579860,23,1400,206839,4
DEQ,785092643580734,23,1400,111491,3
DEQ,785092643669875,23,1400,186623,4
DEQ,785092643670799,23,1400,181390,3
DEQ,785092643751564,23,1400,260181,4
DEQ,785092643752411,23,1400,166815,3
DEQ,785092643777719,23,1400,188196,4
DEQ,785092643883277,23,1400,207359,3
DEQ,785092643884201,23,1400,204439,2
DEQ,785092643884713,23,1400,127283,1
DEQ,785092643906856,23,1400,133498,4
DEQ,785092644009665,23,1400,119893,3
DEQ,785092644010562,23,1400,117173,2
DEQ,785092644011031,23,1400,113484,1
DEQ,785092644041187,23,1400,141695,4
DEQ,785092644131934,23,1400,115812,3
DEQ,785092644132832,23,1400,101810,2
DEQ,785092644216783,23,1400,180894,3
DEQ,785092644217595,23,1400,179301,2
DEQ,785092644297291,23,1400,159542,3
DEQ,785092644298205,23,1400,156618,2
DEQ,785092644380738,23,1400,158092,3
DEQ,785092644381685,23,1400,155169,2
DEQ,785092644463214,23,1400,160105,3
DEQ,785092644464095,23,1400,157159,2
DEQ,785092644567432,23,1400,180605,3
DEQ,785092644568332,23,1400,177648,2
DEQ,785092644585293,23,1400,116090,3
DEQ,785092644688108,23,1400,215046,4
DEQ,785092644689021,23,1400,115776,3
DEQ,785092644706392,23,1400,129065,4
DEQ,785092644805634,23,1400,218767,3
DEQ,785092841719065,23,1400,197130202,4
DEQ,785092841722301,23,1400,197028050,3
DEQ,785092841722819,23,1400,197024722,2
DEQ,785092841741722,23,1400,196930876,3
DEQ,785092841829452,23,1400,197007017,4
DEQ,785092841830402,23,1400,101223,3
DEQ,785092841875721,23,1400,139331,4
DEQ,785092841963068,23,1400,219680,3
DEQ,785092841966333,23,1400,221000,2
DEQ,785092842059954,23,1400,223949,3
DEQ,785092842062756,23,1400,215108,2
DEQ,785092842150635,23,1400,178408,3
DEQ,785092842153346,23,1400,174825,2
DEQ,785092842241499,23,1400,173851,3
DEQ,785092842244370,23,1400,168875,2
DEQ,785092842326630,23,1400,168251,3
DEQ,785092842329536,23,1400,162091,2
DEQ,785092842422244,23,1400,172784,3
DEQ,785092842425130,23,1400,171703,2
DEQ,785092842441934,23,1400,107162,3
DEQ,785092842514920,23,1400,171370,4
DEQ,785092842529363,23,1400,99088,3
DEQ,785092842614460,23,1400,180293,4
DEQ,785092842618141,23,1400,173661,3
DEQ,785092842704945,23,1400,258524,4
DEQ,785092842707732,23,1400,173078,3
DEQ,785092842791640,23,1400,253004,4
DEQ,785092842794462,23,1400,171066,3
DEQ,785092842911668,23,1400,284437,4
DEQ,785092842914500,23,1400,201655,3
DEQ,785092842991453,23,1400,269739,4
DEQ,785092842994264,23,1400,194721,3
DEQ,785092843068886,23,1400,261251,4
DEQ,785092843071780,23,1400,152003,3
DEQ,785092843147430,23,1400,223696,4
DEQ,785092843214122,23,1400,215225,3
DEQ,785092843217011,23,1400,214225,2
DEQ,785092843291312,23,1400,214272,3
DEQ,785092843294176,23,1400,208495,2
DEQ,785092843375858,23,1400,153746,3
DEQ,785092843378756,23,1400,152660,2
DEQ,785092843402506,23,1400,103179,3
DEQ,785092843525445,23,1400,216638,4
DEQ,785092843543125,23,1400,158996,3
DEQ,785092843584453,23,1400,196463,4
DEQ,785092843624702,23,1400,218713,3
DEQ,785092843671188,23,1400,263012,4
DEQ,785092843710576,23,1400,162957,3
DEQ,785092843750882,23,1400,199492,4
DEQ,785092843813542,23,1400,186719,3
DEQ,785092843853672,23,1400,224903,4
DEQ,785092843893363,23,1400,180642,3
DEQ,785092843933387,23,1400,218690,4
DEQ,785092843976931,23,1400,161224,3
DEQ,785092844018324,23,1400,200691,4
DEQ,785092844087505,23,1400,192017,3
DEQ,785092844090391,23,1400,192894,2
DEQ,785092844174358,23,1400,195284,3
DEQ,785092844177447,23,1400,196441,2
DEQ,785092844251536,23,1400,156046,3
DEQ,785092844270523,23,1400,166954,4
DEQ,785092844369960,23,1400,187333,3
DEQ,785092844372855,23,1400,186289,2
DEQ,785092844452949,23,1400,194228,3
DEQ,785092844455739,23,1400,189553,2
DEQ,785092844532474,23,1400,154768,3
DEQ,785092844535298,23,1400,153724,2
DEQ,785092844609966,23,1400,148918,3
DEQ,785092844612689,23,1400,143082,2
DEQ,785092844629722,23,1400,89366,3
DEQ,785092844712222,23,1400,167873,4
DEQ,785092844780424,23,1400,159282,3
DEQ,785092844783257,23,1400,158105,2
DEQ,785092844864899,23,1400,233681,3
DEQ,785093041674492,23,1400,197041359,4
DEQ,785093041678967,23,1400,196890634,3
DEQ,785093041679536,23,1400,196887254,2
DEQ,785093041704341,23,1400,196832273,3
DEQ,785093041781113,23,1400,196899514,4
DEQ,785093041782137,23,1400,88277,3
STATS,785093041822926,5,7000,16580,16575,0,0,0
DEQ,785093041890845,23,1400,192454,4
DEQ,785093041893869,23,1400,187712,3
DEQ,785093041894463,23,1400,186128,2
DEQ,785093041912225,23,1400,124688,3
DEQ,785093042043594,23,1400,252213,4
DEQ,785093042046375,23,1400,142945,3
DEQ,785093042125844,23,1400,218292,4
DEQ,785093042140791,23,1400,226752,3
DEQ,785093042230109,23,1400,314079,4
DEQ,785093042232904,23,1400,181226,3
DEQ,785093042314089,23,1400,258502,4
DEQ,785093042317027,23,1400,171535,3
DEQ,785093042399509,23,1400,249992,4
DEQ,785093042402509,23,1400,164584,3
DEQ,785093042482933,23,1400,241099,4
DEQ,785093042485779,23,1400,163987,3
DEQ,785093042503263,23,1400,177529,4
DEQ,785093042577238,23,1400,169527,3
DEQ,785093042605100,23,1400,193523,4
DEQ,785093042686694,23,1400,195752,3
DEQ,785093042689554,23,1400,191202,2
DEQ,785093042713914,23,1400,129485,3
DEQ,785093042795966,23,1400,202305,4
DEQ,785093042798805,23,1400,104129,3
DEQ,785093042815580,23,1400,106169,4
DEQ,785093042955786,23,1400,239665,3
DEQ,785093042958392,23,1400,240247,2
DEQ,785093042959940,23,1400,152468,1
DEQ,785093043046749,23,1400,235496,4
DEQ,785093043049499,23,1400,85569,3
DEQ,785093043111547,23,1400,137873,4
DEQ,785093043151204,23,1400,171917,3
DEQ,785093043191378,23,1400,210024,4
DEQ,785093043231084,23,1400,171608,3
DEQ,785093043271329,23,1400,207766,4
DEQ,785093043310784,23,1400,157034,3
DEQ,785093043351460,23,1400,195573,4
DEQ,785093043391472,23,1400,158258,3
DEQ,785093043431360,23,1400,196206,4
DEQ,785093043471267,23,1400,158406,3
DEQ,785093043511396,23,1400,196626,4
DEQ,785093043551540,23,1400,157832,3
DEQ,785093043593418,23,1400,197725,4
DEQ,785093043631522,23,1400,158083,3
DEQ,785093043673088,23,1400,197744,4
DEQ,785093043711443,23,1400,157651,3
DEQ,785093043751490,23,1400,195708,4
DEQ,785093043791491,23,1400,157744,3
DEQ,785093043871252,23,1400,235518,4
DEQ,785093043911526,23,1400,198118,3
DEQ,785093043957281,23,1400,241879,4
DEQ,785093043991478,23,1400,197662,3
DEQ,785093044039032,23,1400,243315,4
DEQ,785093044071329,23,1400,157594,3
DEQ,785093044111428,23,1400,195655,4
DEQ,785093044151334,23,1400,157888,3
DEQ,785093044191076,23,1400,195618,4
DEQ,785093044231505,23,1400,158011,3
DEQ,785093044272936,23,1400,197466,4
DEQ,785093044318454,23,1400,164963,3
DEQ,785093044355585,23,1400,200161,4
DEQ,785093044404136,23,1400,170536,3
DEQ,785093241658156,23,1400,197422628,5
DEQ,785093241661263,23,1400,197340553,4
DEQ,785093241661916,23,1400,197339315,3
DEQ,785093241664309,23,1400,197258017,2
DEQ,785093241754982,23,1400,197346779,5
DEQ,785093241755824,23,84,73619280,4
DEQ,785093241756298,23,1400,86882,3
DEQ,785093241780856,23,1400,107001,4
DEQ,785093241875204,23,1400,195282,3
DEQ,785093241877808,23,1400,195693,2
DEQ,785093241879399,23,1400,117809,1
DEQ,785093241923858,23,1400,147372,4
DEQ,785093242015662,23,1400,132487,3
DEQ,785093242018435,23,1400,131352,2
DEQ,785093242101571,23,1400,209775,3
DEQ,785093242104405,23,1400,210647,2
DEQ,785093242181902,23,1400,158596,3
DEQ,785093242184666,23,1400,157310,2
DEQ,785093242266624,23,1400,157417,3
DEQ,785093242269358,23,1400,156241,2
DEQ,785093242358222,23,1400,168702,3
DEQ,785093242361019,23,1400,167611,2
DEQ,785093242377830,23,1400,103658,3
DEQ,785093242462471,23,1400,178704,4
DEQ,785093242530594,23,1400,164686,3
DEQ,785093242533436,23,1400,160363,2
DEQ,785093242613736,23,1400,234344,3
DEQ,785093242617298,23,1400,235885,2
DEQ,785093242691729,23,1400,153559,3
DEQ,785093242694548,23,1400,152538,2
DEQ,785093242767661,23,1400,145845,3
DEQ,785093242786714,23,1400,160992,4
DEQ,785093242863726,23,1400,164377,3
DEQ,785093242882539,23,1400,179336,4
DEQ,785093242966085,23,1400,191581,3
DEQ,785093242968886,23,1400,186993,2
DEQ,785093243044946,23,1400,170399,3
DEQ,785093243047732,23,1400,169357,2
DEQ,785093243083974,23,1400,110291,3
DEQ,785093243123700,23,1400,146119,4
DEQ,785093243163520,23,1400,106777,3
DEQ,785093243203433,23,1400,142579,4
DEQ,785093243243353,23,1400,157729,3
DEQ,785093243283621,23,1400,195949,4
DEQ,785093243323596,23,1400,158668,3
DEQ,785093243363599,23,1400,196662,4
DEQ,785093243408433,23,1400,162881,3
DEQ,785093243443601,23,1400,196295,4
DEQ,785093243483432,23,1400,157533,3
DEQ,785093243523632,23,1400,195755,4
DEQ,785093243563456,23,1400,152905,3
DEQ,785093243603635,23,1400,191123,4
DEQ,785093243643392,23,1400,157899,3
DEQ,785093243691350,23,1400,204204,4
DEQ,785093243729631,23,1400,163973,3
DEQ,785093243763575,23,1400,195936,4
DEQ,785093243808390,23,1400,162740,3
DEQ,785093243847843,23,1400,200329,4
DEQ,785093243888957,23,1400,157301,3
DEQ,785093243928918,23,1400,195275,4
DEQ,785093243975745,23,1400,164956,3
DEQ,785093244010867,23,1400,198095,4
DEQ,785093244049043,23,1400,157889,3
DEQ,785093244096823,23,1400,203767,4
DEQ,785093244129159,23,1400,151281,3
DEQ,785093244169486,23,1400,189679,4
DEQ,785093244212735,23,1400,161641,3
DEQ,785093244254594,23,1400,201171,4
DEQ,785093244289161,23,1400,157955,3
DEQ,785093244335605,23,1400,202294,4
DEQ,785093244369123,23,1400,154348,3
DEQ,785093244413692,23,1400,196929,4
DEQ,785093244449122,23,1400,157678,3
DEQ,785093244489179,23,1400,195686,4
DEQ,785093244533585,23,1400,162027,3
DEQ,785093244568963,23,1400,195558,4
DEQ,785093244612516,23,1400,161310,3
DEQ,785093441657931,23,1400,197204892,4
DEQ,785093441661089,23,1400,197125137,3
DEQ,785093441661730,23,1400,197123780,2
DEQ,785093441663655,23,1400,197049016,1
DEQ,785093441682640,23,1400,197066090,2
DEQ,785093441781555,23,1400,111998,3
DEQ,785093441782457,23,1400,108776,2
DEQ,785093441783933,23,1400,99989,1
DEQ,785093441887980,23,1400,202028,4
DEQ,785093441890791,23,1400,102999,3
DEQ,785093441922918,23,1400,131207,4
DEQ,785093442000311,23,1400,203803,3
DEQ,785093442031662,23,1400,233142,4
DEQ,785093442137561,23,1400,241970,3
DEQ,785093442140327,23,1400,240785,2
DEQ,785093442157414,23,1400,150244,3
DEQ,785093442268214,23,1400,257161,4
DEQ,785093442271303,23,1400,126031,3
DEQ,785093442289464,23,1400,136505,4
DEQ,785093442369304,23,1400,210250,3
DEQ,785093442376648,23,1400,215662,2
DEQ,785093442457978,23,1400,177629,3
DEQ,785093442490217,23,1400,205515,4
DEQ,785093442582614,23,1400,201526,3
DEQ,785093442585698,23,1400,200291,2
DEQ,785093442678394,23,1400,213548,3
DEQ,785093442681356,23,1400,207064,2
DEQ,785093442767076,23,1400,176188,3
DEQ,785093442769958,23,1400,170702,2
DEQ,785093442844466,23,1400,157910,3
DEQ,785093442847280,23,1400,156673,2
DEQ,785093442938032,23,1400,163180,3
DEQ,785093442940899,23,1400,162218,2
DEQ,785093443018373,23,1400,166278,3
DEQ,785093443054623,23,1400,192306,4
DEQ,785093443140010,23,1400,194260,3
DEQ,785093443146237,23,1400,196615,2
DEQ,785093443170859,23,1400,129643,3
DEQ,785093443265153,23,1400,219568,4
DEQ,785093443267993,23,1400,117046,3
DEQ,785093443355122,23,1400,189109,4
DEQ,785093443357976,23,1400,185647,3
DEQ,785093443445123,23,1400,271158,4
DEQ,785093443447921,23,1400,175084,3
DEQ,785093443530222,23,1400,253510,4
DEQ,785093443533070,23,1400,170304,3
DEQ,785093443613488,23,1400,246780,4
DEQ,785093443617043,23,1400,164320,3
DEQ,785093443696112,23,1400,239490,4
DEQ,785093443698995,23,1400,161014,3
DEQ,785093443775047,23,1400,233190,4
DEQ,785093443777845,23,1400,156111,3
DEQ,785093443794347,23,1400,168734,4
DEQ,785093443873065,23,1400,169213,3
DEQ,785093443891434,23,1400,183727,4
DEQ,785093443986708,23,1400,200512,3
DEQ,785093443990285,23,1400,200155,2
DEQ,785093444110176,23,1400,230342,3
DEQ,785093444113460,23,1400,229725,2
DEQ,785093444136405,23,1400,142160,3
DEQ,785093444218189,23,1400,220365,4
DEQ,785093444228934,23,1400,109802,3
DEQ,785093444332073,23,1400,200788,4
DEQ,785093444334885,23,1400,196698,3
DEQ,785093444417859,23,1400,277512,4
DEQ,785093444420731,23,1400,188090,3
DEQ,785093641662376,23,1400,197425854,4
DEQ,785093641674693,23,1400,197334817,3
DEQ,785093641675346,23,1400,197326915,2
DEQ,785093641677597,23,1400,197252127,1
DEQ,785093641772452,23,1400,197338057,4
DEQ,785093641773297,23,1400,90250,3
DEQ,785093641799463,23,1400,112245,4
DEQ,785093641881757,23,1400,188756,3
DEQ,785093641885087,23,1400,189889,2
DEQ,785093641904051,23,1400,125811,3
DEQ,785093642034983,23,1400,252758,4
DEQ,785093642045782,23,1400,154952,3
DEQ,785093642123160,23,1400,228002,4
DEQ,785093642125966,23,1400,219349,3
DEQ,785093642212924,23,1400,304488,4
DEQ,785093642215714,23,1400,166313,3
DEQ,785093642298775,23,1400,245419,4
DEQ,785093642301635,23,1400,170850,3
DEQ,785093642372567,23,1400,238227,4
DEQ,785093642375423,23,1400,154900,3
DEQ,785093642392745,23,1400,168274,4
DEQ,785093642481449,23,1400,175144,3
DEQ,785093642488586,23,1400,178437,2
DEQ,785093642566304,23,1400,186061,3
DEQ,785093642569122,23,1400,184998,2
DEQ,785093642662154,23,1400,168799,3
DEQ,785093642664966,23,1400,167746,2
DEQ,785093642750260,23,1400,176231,3
DEQ,785093642753048,23,1400,175200,2
DEQ,785093642775180,23,1400,105448,3
DEQ,785093642863605,23,1400,189992,4
DEQ,785093642866386,23,1400,108607,3
DEQ,785093642946312,23,1400,175783,4
DEQ,785093642949143,23,1400,172108,3
DEQ,785093643036192,23,1400,257493,4
DEQ,785093643038990,23,1400,167858,3
DEQ,785093643055019,23,1400,180017,4
DEQ,785093643137271,23,1400,183362,3
DEQ,785093643159522,23,1400,195654,4
DEQ,785093643242515,23,1400,195322,3
DEQ,785093643261082,23,1400,209983,4
DEQ,785093643340412,23,1400,196158,3
DEQ,785093643343259,23,1400,195084,2
DEQ,785093643432102,23,1400,179198,3
DEQ,785093643434825,23,1400,177976,2
DEQ,785093643458265,23,1400,109813,3
DEQ,785093643541196,23,1400,184293,4
DEQ,785093643555963,23,1400,116203,3
DEQ,785093643655833,23,1400,202120,4
DEQ,785093643658523,23,1400,197990,3
DEQ,785093643738888,23,1400,276336,4
DEQ,785093643742536,23,1400,182243,3
DEQ,785093643816951,23,1400,252721,4
DEQ,785093643819751,23,1400,156399,3
DEQ,785093643891979,23,1400,224749,4
DEQ,785093643906795,23,1400,160051,3
DEQ,785093643986308,23,1400,235719,4
DEQ,785093643989755,23,1400,165183,3
DEQ,785093644075408,23,1400,246895,4
DEQ,785093644078186,23,1400,166260,3
DEQ,785093644164238,23,1400,248350,4
DEQ,785093644171388,23,1400,177393,3
DEQ,785093644250431,23,1400,252621,4
DEQ,785093644253498,23,1400,170178,3
DEQ,785093644335368,23,1400,242368,4
DEQ,785093644338177,23,1400,162555,3
DEQ,785093644425486,23,1400,245987,4
DEQ,785093644428320,23,1400,170056,3
DEQ,785093644524554,23,1400,262387,4
DEQ,785093644527461,23,1400,184414,3
DEQ,785093644606971,23,1400,254924,4
DEQ,785093644609824,23,1400,176744,3
DEQ,785093644694626,23,1400,252466,4
DEQ,785093644697443,23,1400,165115,3
DEQ,785093644729984,23,1400,193760,4
DEQ,785093644807534,23,1400,192544,3
DEQ,785093644810427,23,1400,191538,2
DEQ,785093644882915,23,1400,180611,3
DEQ,785093644885774,23,1400,171677,2
DEQ,785093644902207,23,1400,86922,3
DEQ,785093644997235,23,1400,178014,4
DEQ,785093645000810,23,1400,110139,3
DEQ,785093645096213,23,1400,201585,4
DEQ,785093645098955,23,1400,194508,3
DEQ,785093645180446,23,1400,274196,4
DEQ,785093645183296,23,1400,177498,3
DEQ,785093645266889,23,1400,257210,4
DEQ,785093645269789,23,1400,166034,3
DEQ,785093645354538,23,1400,242426,4
DEQ,785093645357400,23,1400,169355,3
DEQ,785093645373999,23,1400,182092,4
DEQ,785093645448431,23,1400,173827,3
DEQ,785093645455443,23,1400,171314,2
DEQ,785093645527831,23,1400,165584,3
DEQ,785093645546926,23,1400,180750,4
DEQ,785093645618792,23,1400,158549,3
DEQ,785093645621697,23,1400,157636,2
DEQ,785093645638357,23,1400,100017,3
DEQ,785093645709590,23,1400,167382,4
DEQ,785093645712519,23,1400,82295,3
DEQ,785093841650895,23,1400,196016780,4
DEQ,785093841653794,23,1400,196013084,3
DEQ,785093841654275,23,1400,196011618,2
DEQ,785093841659366,23,1400,195941902,1
DEQ,785093841751032,23,1400,196024811,4
DEQ,785093841751881,23,1400,87297,3
DEQ,785093841776812,23,1400,108115,4
DEQ,785093841858785,23,1400,184518,3
DEQ,785093841861549,23,1400,185416,2
DEQ,785093841877620,23,1400,120767,3
DEQ,785093841990580,23,1400,218257,4
DEQ,785093841993347,23,1400,127058,3
DEQ,785093842010578,23,1400,137238,4
DEQ,785093842109286,23,1400,229982,3
DEQ,785093842112076,23,1400,228531,2
DEQ,785093842129387,23,1400,131281,3
DEQ,785093842213036,23,1400,207590,4
DEQ,785093842215851,23,1400,99048,3
DEQ,785093842301776,23,1400,177084,4
DEQ,785093842308813,23,1400,177879,3
DEQ,785093842391810,23,1400,258891,4
DEQ,785093842394681,23,1400,174058,3
DEQ,785093842410734,23,1400,181372,4
DEQ,785093842481093,23,1400,167976,3
DEQ,785093842488234,23,1400,171210,2
DEQ,785093842575326,23,1400,172590,3
DEQ,785093842578172,23,1400,171547,2
DEQ,785093842651414,23,1400,158444,3
DEQ,785093842654233,23,1400,157369,2
DEQ,785093842670224,23,1400,87151,3
DEQ,785093842762143,23,1400,175186,4
DEQ,785093842764929,23,1400,105860,3
DEQ,785093842846184,23,1400,183098,4
DEQ,785093842848967,23,1400,176615,3
DEQ,785093842932125,23,1400,257845,4
DEQ,785093842934967,23,1400,165156,3
DEQ,785093843020586,23,1400,246902,4
DEQ,785093843023383,23,1400,169701,3
DEQ,785093843107169,23,1400,244694,4
DEQ,785093843110016,23,1400,170369,3
DEQ,785093843182176,23,1400,232767,4
DEQ,785093843185023,23,1400,156918,3
DEQ,785093843269606,23,1400,237648,4
DEQ,785093843272455,23,1400,157765,3
DEQ,785093843350979,23,1400,232354,4
DEQ,785093843354168,23,1400,164339,3
DEQ,785093843429336,23,1400,235554,4
DEQ,785093843432381,23,1400,154919,3
DEQ,785093843532198,23,1400,250907,4
DEQ,785093843534890,23,1400,175980,3
DEQ,785093843559141,23,1400,196290,4
DEQ,785093843645142,23,1400,207987,3
DEQ,785093843651193,23,1400,205813,2
DEQ,785093843652659,23,1400,113033,1
DEQ,785093843737765,23,1400,194245,4
DEQ,785093843741282,23,1400,84766,3
DEQ,785093843817215,23,1400,156803,4
DEQ,785093843820055,23,1400,154292,3
DEQ,785093843899275,23,1400,231481,4
DEQ,785093843902080,23,1400,156342,3
DEQ,785093843986054,23,1400,236388,4
DEQ,785093843988838,23,1400,163803,3
DEQ,785093844075353,23,1400,243307,4
DEQ,785093844078215,23,1400,171181,3
DEQ,785093844161129,23,1400,242710,4
DEQ,785093844163977,23,1400,170171,3
DEQ,785093844244756,23,1400,239276,4
DEQ,785093844247651,23,1400,164328,3
DEQ,785093844321373,23,1400,234170,4
DEQ,785093844324325,23,1400,155439,3
DEQ,785093844397207,23,1400,224446,4
DEQ,785093844400070,23,1400,147300,3
DEQ,785093844485418,23,1400,228823,4
DEQ,785093844488237,23,1400,159072,3
DEQ,785093844574040,23,1400,240849,4
DEQ,785093844576892,23,1400,171834,3
DEQ,785093844661032,23,1400,244680,4
DEQ,785093844663817,23,1400,170690,3
DEQ,785093844745984,23,1400,241638,4
DEQ,785093844748789,23,1400,167086,3
DEQ,785093844835096,23,1400,243828,4
DEQ,785093844837953,23,1400,169287,3
DEQ,785093844913067,23,1400,234771,4
DEQ,785093844915889,23,1400,162310,3
DEQ,785093844991396,23,1400,226120,4
DEQ,785093844994219,23,1400,151471,3
DEQ,785093845018609,23,1400,171988,4
DEQ,785094041651207,23,1400,196730307,3
DEQ,785094041654181,23,1400,196726314,2
DEQ,785094041658400,23,1400,196659376,1
DEQ,785094041660179,23,1400,196657214,0
DEQ,785094041780021,23,1400,113967,3
DEQ,785094041780937,23,1400,104530,2
DEQ,785094041782481,23,1400,100801,1
DEQ,785094041897941,23,1400,214133,4
DEQ,785094041900474,23,1400,113731,3
DEQ,785094041902681,23,1400,111886,2
STATS,785094041947432,4,5600,16981,16977,0,0,0
DEQ,785094041987295,23,1400,190204,3
DEQ,785094041990126,23,1400,190690,2
DEQ,785094042074115,23,1400,163957,3
DEQ,785094042076978,23,1400,158662,2
DEQ,785094042155279,23,1400,160230,3
DEQ,785094042158086,23,1400,153752,2
DEQ,785094042253954,23,1400,172070,3
DEQ,785094042256754,23,1400,170926,2
DEQ,785094042257249,23,1400,94451,1
DEQ,785094042279998,23,1400,113308,4
DEQ,785094042357136,23,1400,95123,3
DEQ,785094042364354,23,1400,98438,2
DEQ,785094042448233,23,1400,173723,3
DEQ,785094042451188,23,1400,174584,2
DEQ,785094042525359,23,1400,156956,3
DEQ,785094042528156,23,1400,155762,2
DEQ,785094042606486,23,1400,150207,3
DEQ,785094042609357,23,1400,149127,2
DEQ,785094042688652,23,1400,155490,3
DEQ,785094042691517,23,1400,154498,2
DEQ,785094042768013,23,1400,153683,3
DEQ,785094042770826,23,1400,152576,2
DEQ,785094042862965,23,1400,166622,3
DEQ,785094042866056,23,1400,165786,2
DEQ,785094042892895,23,1400,116599,3
DEQ,785094042979887,23,1400,195824,4
DEQ,785094042987552,23,1400,116277,3
DEQ,785094043072333,23,1400,196897,4
DEQ,785094043075113,23,1400,178796,3
DEQ,785094043150381,23,1400,251772,4
DEQ,785094043153105,23,1400,160882,3
DEQ,785094043232642,23,1400,236545,4
DEQ,785094043235472,23,1400,155586,3
DEQ,785094043323987,23,1400,240175,4
DEQ,785094043326770,23,1400,168609,3
DEQ,785094043422872,23,1400,260755,4
DEQ,785094043425697,23,1400,185026,3
DEQ,785094043442670,23,1400,198101,4
DEQ,785094043517799,23,1400,186317,3
DEQ,785094043536779,23,1400,201391,4
DEQ,785094043622029,23,1400,191287,3
DEQ,785094043624907,23,1400,190183,2
DEQ,785094043698086,23,1400,173146,3
DEQ,785094043731640,23,1400,202822,4
DEQ,785094043812424,23,1400,182511,3
DEQ,785094043815133,23,1400,181331,2
DEQ,785094043816809,23,1400,111606,1
DEQ,785094043911573,23,1400,195578,4
DEQ,785094043914437,23,1400,92513,3
DEQ,785094043934507,23,1400,108809,4
DEQ,785094044024707,23,1400,193923,3
DEQ,785094044027487,23,1400,194714,2
DEQ,785094044113678,23,1400,194143,3
DEQ,785094044116516,23,1400,193423,2
DEQ,785094044203124,23,1400,170701,3
DEQ,785094044206093,23,1400,162036,2
DEQ,785094044285705,23,1400,164291,3
DEQ,785094044288539,23,1400,158461,2
DEQ,785094044312124,23,1400,101115,3
DEQ,785094044391473,23,1400,176492,4
DEQ,785094044394313,23,1400,101037,3
DEQ,785094044410758,23,1400,106562,4
DEQ,785094044486419,23,1400,172709,3
DEQ,785094044505191,23,1400,189672,4
DEQ,785094044581471,23,1400,178529,3
DEQ,785094044584280,23,1400,177792,2
DEQ,785094044672330,23,1400,175441,3
DEQ,785094044675205,23,1400,174379,2
DEQ,785094044695093,23,1400,105897,3
DEQ,785094044801494,23,1400,208432,4
DEQ,785094044804355,23,1400,124373,3
DEQ,785094044824350,23,1400,140501,4
DEQ,785094044925706,23,1400,227681,3
DEQ,785094044928658,23,1400,228881,2
DEQ,785094044953951,23,1400,144412,3
DEQ,785094045029803,23,1400,216413,4
DEQ,785094045032558,23,1400,98746,3
DEQ,785094045128610,23,1400,179023,4
DEQ,785094241681060,23,1400,196724583,4
DEQ,785094241687810,23,1400,196729563,3
DEQ,785094241688301,23,1400,196650776,2
DEQ,785094241689998,23,1400,196643974,1
DEQ,785094241811295,23,84,73597400,4
DEQ,785094241812216,23,1400,117535,3
DEQ,785094241816737,23,1400,111336,2
DEQ,785094241852127,23,1400,142058,3
DEQ,785094241887929,23,1400,175603,4
DEQ,785094242007694,23,1400,180767,3
DEQ,785094242010511,23,1400,164081,2
DEQ,785094242033293,23,1400,177356,3
DEQ,785094242132532,23,1400,274414,4
DEQ,785094242135295,23,1400,120047,3
DEQ,785094242135777,23,1400,106954,2
DEQ,785094242155765,23,1400,120982,3
DEQ,785094242249924,23,1400,213229,4
DEQ,785094242253390,23,1400,112801,3
DEQ,785094242331382,23,1400,186837,4
DEQ,785094242334160,23,1400,176614,3
DEQ,785094242420555,23,1400,261016,4
DEQ,785094242423391,23,1400,165789,3
DEQ,785094242506325,23,1400,244836,4
DEQ,785094242509119,23,1400,170219,3
DEQ,785094242587506,23,1400,239265,4
DEQ,785094242590385,23,1400,162152,3
DEQ,785094242667646,23,1400,228461,4
DEQ,785094242670499,23,1400,156654,3
DEQ,785094242749881,23,1400,229057,4
DEQ,785094242753415,23,1400,158015,3
DEQ,785094242826616,23,1400,227329,4
DEQ,785094242829438,23,1400,154084,3
DEQ,785094242923155,23,1400,239009,4
DEQ,785094242926059,23,1400,168292,3
DEQ,785094242948952,23,1400,187367,4
DEQ,785094243046397,23,1400,212044,3
DEQ,785094243049165,23,1400,204982,2
DEQ,785094243122965,23,1400,191988,3
DEQ,785094243125757,23,1400,181152,2
DEQ,785094243204674,23,1400,150822,3
DEQ,785094243207440,23,1400,149738,2
DEQ,785094243294048,23,1400,163589,3
DEQ,785094243296839,23,1400,162534,2
DEQ,785094243380694,23,1400,168349,3
DEQ,785094243383569,23,1400,162649,2
DEQ,785094243404820,23,1400,103232,3
DEQ,785094243488312,23,1400,176400,4
DEQ,785094243491182,23,1400,102860,3
DEQ,785094243507601,23,1400,107141,4
DEQ,785094243589980,23,1400,182820,3
DEQ,785094243592802,23,1400,183748,2
DEQ,785094243670732,23,1400,171223,3
DEQ,785094243673620,23,1400,170237,2
DEQ,785094243754971,23,1400,157454,3
DEQ,785094243757672,23,1400,150919,2
DEQ,785094243782003,23,1400,103486,3
DEQ,785094243868255,23,1400,185893,4
DEQ,785094243874433,23,1400,112020,3
DEQ,785094243875911,23,1400,98448,2
DEQ,785094243954544,23,1400,171117,3
DEQ,785094243957239,23,1400,171972,2
DEQ,785094244039802,23,1400,159982,3
DEQ,785094244042517,23,1400,158787,2
DEQ,785094244078071,23,1400,116160,3
DEQ,785094244118007,23,1400,147255,4
DEQ,785094244163043,23,1400,111508,3
DEQ,785094244202766,23,1400,147049,4
DEQ,785094244242879,23,1400,163087,3
DEQ,785094244282934,23,1400,201127,4
DEQ,785094244330045,23,1400,165693,3
DEQ,785094244362564,23,1400,196190,4
DEQ,785094244403124,23,1400,157863,3
DEQ,785094244442505,23,1400,195281,4
DEQ,785094244486923,23,1400,154844,3
DEQ,785094244534176,23,1400,200192,4
DEQ,785094244566939,23,1400,161634,3
DEQ,785094244607006,23,1400,199717,4
DEQ,785094244653041,23,1400,164004,3
DEQ,785094244695334,23,1400,204387,4
DEQ,785094244732261,23,1400,163251,3
DEQ,785094244766985,23,1400,195986,4
DEQ,785094244809893,23,1400,154848,3
DEQ,785094244850279,23,1400,193322,4
DEQ,785094244886898,23,1400,152404,3
DEQ,785094244928293,23,1400,191874,4
DEQ,785094244966917,23,1400,154962,3
DEQ,785094245006612,23,1400,192715,4
DEQ,785094245046912,23,1400,157831,3
DEQ,785094245087018,23,1400,196026,4
DEQ,785094245088264,23,1400,119244,3
DEQ,785094441655329,23,1400,196684386,4
DEQ,785094441658423,23,1400,196609557,3
DEQ,785094441659005,23,1400,196608144,2
DEQ,785094441681468,23,1400,196591763,3
DEQ,785094441796507,23,1400,196704829,4
DEQ,785094441799341,23,1400,133504,3
DEQ,785094441799848,23,1400,123753,2
DEQ,785094441828843,23,1400,145766,3
DEQ,785094441933420,23,1400,248516,4
DEQ,785094441936188,23,1400,116768,3
DEQ,785094441952604,23,1400,128804,4
DEQ,785094442064351,23,1400,233682,3
DEQ,785094442067354,23,1400,234540,2
DEQ,785094442084244,23,1400,143363,3
DEQ,785094442186490,23,1400,238472,4
DEQ,785094442189809,23,1400,113929,3
DEQ,785094442208179,23,1400,128538,4
DEQ,785094442288389,23,1400,202569,3
DEQ,785094442291124,23,1400,203227,2
DEQ,785094442416689,23,1400,221877,3
DEQ,785094442419468,23,1400,220547,2
DEQ,785094442510428,23,1400,214467,3
DEQ,785094442513336,23,1400,208597,2
DEQ,785094442529721,23,1400,105525,3
DEQ,785094442612438,23,1400,184276,4
DEQ,785094442687409,23,1400,169332,3
DEQ,785094442690249,23,1400,168206,2
DEQ,785094442765768,23,1400,233438,3
DEQ,785094442784650,23,1400,250355,4
DEQ,785094442883434,23,1400,188306,3
DEQ,785094442886119,23,1400,187105,2
DEQ,785094442886534,23,1400,113939,1
DEQ,785094442915043,23,1400,134921,4
DEQ,785094442990776,23,1400,99461,3
DEQ,785094442993574,23,1400,88683,2
DEQ,785094443093883,23,1400,184418,3
DEQ,785094443096679,23,1400,185220,2
DEQ,785094443189595,23,1400,191394,3
DEQ,785094443192283,23,1400,184767,2
DEQ,785094443197292,23,1400,95842,1
DEQ,785094443293392,23,1400,181891,4
DEQ,785094443296282,23,1400,95109,3
DEQ,785094443374153,23,1400,169129,4
DEQ,785094443377087,23,1400,167083,3
DEQ,785094443455874,23,1400,243924,4
DEQ,785094443458707,23,1400,157365,3
DEQ,785094443540044,23,1400,234800,4
DEQ,785094443542862,23,1400,160904,3
DEQ,785094443578482,23,1400,192550,4
DEQ,785094443622462,23,1400,158865,3
DEQ,785094443672967,23,1400,200617,4
DEQ,785094443720825,23,1400,172833,3
DEQ,785094443752630,23,1400,200719,4
DEQ,785094443792927,23,1400,168140,3
DEQ,785094443832582,23,1400,205790,4
DEQ,785094443872408,23,1400,149642,3
DEQ,785094443912850,23,1400,188140,4
DEQ,785094443952822,23,1400,157736,3
DEQ,785094443992886,23,1400,195840,4
DEQ,785094444099284,23,1400,224788,3
DEQ,785094444102779,23,1400,226296,2
DEQ,785094444122850,23,1400,167868,3
DEQ,785094444214891,23,1400,258243,4
DEQ,785094444217700,23,1400,105193,3
DEQ,785094444239183,23,1400,121935,4
DEQ,785094444321447,23,1400,195629,3
DEQ,785094444324234,23,1400,196226,2
DEQ,785094444403398,23,1400,180965,3
DEQ,785094444406177,23,1400,174950,2
DEQ,785094444497892,23,1400,168833,3
DEQ,785094444516857,23,1400,183920,4
DEQ,785094444621151,23,1400,210360,3
DEQ,785094444623954,23,1400,201839,2
DEQ,785094444647566,23,1400,142823,3
DEQ,785094444724181,23,1400,215469,4
DEQ,785094444727059,23,1400,98286,3
DEQ,785094641661197,23,1400,197018330,4
DEQ,785094641664361,23,1400,197015396,3
DEQ,785094641665148,23,1400,197014472,2
DEQ,785094641667037,23,1400,196935244,1
DEQ,785094641699699,23,1400,196958558,4
DEQ,785094641790082,23,1400,116712,3
DEQ,785094641792789,23,1400,111556,2
DEQ,785094641793297,23,1400,106152,1
DEQ,785094641830778,23,1400,141516,4
DEQ,785094641916508,23,1400,107285,3
DEQ,785094641923055,23,1400,106294,2
DEQ,785094641945171,23,1400,122605,3
DEQ,785094642028021,23,1400,201942,4
DEQ,785094642030778,23,1400,103049,3
DEQ,785094642116006,23,1400,175244,4
DEQ,785094642118767,23,1400,172175,3
DEQ,785094642208382,23,1400,259884,4
DEQ,785094642211193,23,1400,175588,3
DEQ,785094642240489,23,1400,200972,4
DEQ,785094642338569,23,1400,215093,3
DEQ,785094642341359,23,1400,213926,2
DEQ,785094642341831,23,1400,125852,1
DEQ,785094642431907,23,1400,206746,4
DEQ,785094642434770,23,1400,87835,3
DEQ,785094642536034,23,1400,180991,4
DEQ,785094642538919,23,1400,179408,3
DEQ,785094642563093,23,1400,201609,4
DEQ,785094642646842,23,1400,207226,3
DEQ,785094642649635,23,1400,201498,2
DEQ,785094642672989,23,1400,129164,3
DEQ,785094642745915,23,1400,198321,4
DEQ,785094642753037,23,1400,98542,3
DEQ,785094642835118,23,1400,176892,4
DEQ,785094642837835,23,1400,161504,3
DEQ,785094642922660,23,1400,244228,4
DEQ,785094642925467,23,1400,167347,3
DEQ,785094642948136,23,1400,186061,4
DEQ,785094643036599,23,1400,193947,3
DEQ,785094643039308,23,1400,187343,2
DEQ,785094643123270,23,1400,192973,3
DEQ,785094643126102,23,1400,182722,2
DEQ,785094643206031,23,1400,161905,3
DEQ,785094643208871,23,1400,155978,2
DEQ,785094643295631,23,1400,164795,3
DEQ,785094643298501,23,1400,163823,2
DEQ,785094643385976,23,1400,172171,3
DEQ,785094643388636,23,1400,165782,2
DEQ,785094643469995,23,1400,166547,3
DEQ,785094643472855,23,1400,158973,2
DEQ,785094643548062,23,1400,154576,3
DEQ,785094643550872,23,1400,153369,2
DEQ,785094643634671,23,1400,157024,3
DEQ,785094643637532,23,1400,151657,2
DEQ,785094643721559,23,1400,165810,3
DEQ,785094643724417,23,1400,159632,2
DEQ,785094643808644,23,1400,166294,3
DEQ,785094643811328,23,1400,159514,2
DEQ,785094643895030,23,1400,165373,3
DEQ,785094643897807,23,1400,159065,2
DEQ,785094643974158,23,1400,147338,3
DEQ,785094643993580,23,1400,164067,4
DEQ,785094644074192,23,1400,171100,3
DEQ,785094644076713,23,1400,165963,2
DEQ,785094644078386,23,1400,97144,1
DEQ,785094644165619,23,1400,176913,4
DEQ,785094644168384,23,1400,86167,3
DEQ,785094644244834,23,1400,158693,4
DEQ,785094644336672,23,1400,245172,3
DEQ,785094644339532,23,1400,245962,2
DEQ,785094644361103,23,1400,187780,3
DEQ,785094644440008,23,1400,262775,4
DEQ,785094644442906,23,1400,98355,3
DEQ,785094644519995,23,1400,163505,4
DEQ,785094644522877,23,1400,160146,3
DEQ,785094644599176,23,1400,234466,4
DEQ,785094644602039,23,1400,154133,3
DEQ,785094644675288,23,1400,223513,4
DEQ,785094644678114,23,1400,150286,3
DEQ,785094644750180,23,1400,218479,4
DEQ,785094644753043,23,1400,145899,3
DEQ,785094644830141,23,1400,219091,4
DEQ,785094644832967,23,1400,149476,3
DEQ,785094644915172,23,1400,227833,4
DEQ,785094644918047,23,1400,159987,3
DEQ,785094644989811,23,1400,227836,4
DEQ,785094644992712,23,1400,154646,3
DEQ,785094645066792,23,1400,220217,4
DEQ,785094645069647,23,1400,146509,3
DEQ,785094645147686,23,1400,220529,4
DEQ,785094645150548,23,1400,152811,3
DEQ,785094645240681,23,1400,238910,4
DEQ,785094645243611,23,1400,168827,3
DEQ,785094645332319,23,1400,253636,4
DEQ,785094645335253,23,1400,179707,3
DEQ,785094645413308,23,1400,245758,4
DEQ,785094645416186,23,1400,167483,3
DEQ,785094645438251,23,1400,185555,4
DEQ,785094645539386,23,1400,198926,3
DEQ,785094645541973,23,1400,193479,2
DEQ,785094645543465,23,1400,122199,1
DEQ,785094841652730,23,1400,196219489,4
DEQ,785094841664251,23,1400,196116867,3
DEQ,785094841664910,23,1400,196113614,2
DEQ,785094841667041,23,1400,196110474,1
DEQ,785094841698687,23,1400,196140175,4
DEQ,785094841752464,23,1400,80195,3
DEQ,785094841808683,23,1400,132326,4
DEQ,785094841838019,23,1400,155317,3
DEQ,785094841881243,23,1400,196473,4
DEQ,785094841921790,23,1400,167986,3
DEQ,785094841967664,23,1400,211783,4
DEQ,785094842008427,23,1400,156593,3
DEQ,785094842041667,23,1400,185451,4
DEQ,785094842082290,23,1400,159288,3
DEQ,785094842136156,23,1400,211147,4
DEQ,785094842175996,23,1400,166092,3
DEQ,785094842222742,23,1400,210897,4
DEQ,785094842263670,23,1400,180037,3
DEQ,785094842303979,23,1400,218363,4
DEQ,785094842350462,23,1400,173079,3
DEQ,785094842384008,23,1400,204715,4
DEQ,785094842423842,23,1400,158416,3
DEQ,785094842471750,23,1400,204407,4
DEQ,785094842504028,23,1400,151498,3
DEQ,785094842545481,23,1400,191044,4
DEQ,785094842588766,23,1400,162876,3
DEQ,785094842630323,23,1400,202342,4
DEQ,785094842663986,23,1400,157963,3
DEQ,785094842710316,23,1400,202403,4
DEQ,785094842744022,23,1400,153186,3
DEQ,785094842789348,23,1400,196597,4
DEQ,785094842824043,23,1400,157942,3
DEQ,785094842864074,23,1400,196065,4
DEQ,785094842909333,23,1400,163275,3
DEQ,785094842943991,23,1400,195880,4
DEQ,785094842984541,23,1400,158396,3
DEQ,785094843023908,23,1400,195779,4
DEQ,785094843071565,23,1400,160200,3
DEQ,785094843127497,23,1400,214172,4
DEQ,785094843175185,23,1400,188545,3
DEQ,785094843207545,23,1400,218917,4
DEQ,785094843247570,23,1400,173859,3
DEQ,785094843288948,23,1400,213232,4
DEQ,785094843331373,23,1400,154206,3
DEQ,785094843367554,23,1400,188456,4
DEQ,785094843407640,23,1400,157788,3
DEQ,785094843451943,23,1400,200156,4
DEQ,785094843487209,23,1400,153698,3
DEQ,785094843527689,23,1400,192154,4
DEQ,785094843528835,23,1400,119188,3
DEQ,785094843578126,23,1400,166690,4
DEQ,785094843622602,23,1400,133331,3
DEQ,785094843673445,23,1400,182140,4
DEQ,785094843712586,23,1400,182473,3
DEQ,785094843761071,23,1400,229409,4
DEQ,785094843806898,23,1400,182237,3
DEQ,785094843847311,23,1400,220651,4
DEQ,785094843881600,23,1400,166839,3
DEQ,785094843924080,23,1400,207460,4
DEQ,785094843961583,23,1400,152600,3
DEQ,785094844002487,23,1400,191590,4
DEQ,785094844041553,23,1400,157854,3
DEQ,785094844112963,23,1400,227655,4
DEQ,785094844165023,23,1400,201267,3
DEQ,785094844205086,23,1400,239351,4
DEQ,785094844265372,23,1400,221739,3
DEQ,785094844305325,23,1400,259586,4
DEQ,785094844352206,23,1400,185047,3
DEQ,785094844385511,23,1400,216440,4
DEQ,785094844425445,23,1400,157858,3
DEQ,785094844473203,23,1400,203611,4
DEQ,785094844505254,23,1400,150948,3
DEQ,785094844545595,23,1400,189289,4
DEQ,785094844585507,23,1400,157994,3
DEQ,785094844636217,23,1400,206770,4
DEQ,785094844681891,23,1400,174592,3
DEQ,785094844723991,23,1400,214715,4
DEQ,785094844756159,23,1400,168552,3
DEQ,785094844804219,23,1400,214720,4
DEQ,785094844836527,23,1400,152411,3
DEQ,785094844876531,23,1400,190414,4
DEQ,785094844923963,23,1400,165701,3
DEQ,785094844963632,23,1400,203454,4
DEQ,785094845010993,23,1400,172019,3
DEQ,785094845057262,23,1400,216366,4
DEQ,785095041655348,23,1400,196729228,3
DEQ,785095041658670,23,1400,196730621,2
DEQ,785095041659206,23,1400,196646018,1
DEQ,785095041661407,23,1400,196646312,0
DEQ,785095041709001,23,1400,41209,3
DEQ,785095041748776,23,1400,73375,4
DEQ,785095041799362,23,1400,118007,3
DEQ,785095041838857,23,1400,155417,4
DEQ,785095041922264,23,1400,211609,3
DEQ,785095041958925,23,1400,246318,4
STATS,785095041965738,4,5600,17420,17416,0,0,0
DEQ,785095041998898,23,1400,196971,3
DEQ,785095042048290,23,1400,244208,4
DEQ,785095042087782,23,1400,163280,3
DEQ,785095042136014,23,1400,209558,4
DEQ,785095042175988,23,1400,172582,3
DEQ,785095042223077,23,1400,217544,4
DEQ,785095042264188,23,1400,175074,3
DEQ,785095042304107,23,1400,213106,4
DEQ,785095042347696,23,1400,169591,3
DEQ,785095042384440,23,1400,204337,4
DEQ,785095042424859,23,1400,158470,3
DEQ,785095042470991,23,1400,202704,4
DEQ,785095042504410,23,1400,154568,3
DEQ,785095042544229,23,1400,192384,4
DEQ,785095042584285,23,1400,157097,3
DEQ,785095042631059,23,1400,201962,4
DEQ,785095042664677,23,1400,158098,3
DEQ,785095042704329,23,1400,195794,4
DEQ,785095042744280,23,1400,157892,3
DEQ,785095042784391,23,1400,196080,4
DEQ,785095042827993,23,1400,161076,3
DEQ,785095042864262,23,1400,195291,4
DEQ,785095042904279,23,1400,157681,3
DEQ,785095042944350,23,1400,195849,4
DEQ,785095042987195,23,1400,156999,3
DEQ,785095043027185,23,1400,195075,4
DEQ,785095043066961,23,1400,160550,3
DEQ,785095043108144,23,1400,199695,4
DEQ,785095043146934,23,1400,157510,3
DEQ,785095043187139,23,1400,195806,4
DEQ,785095043230536,23,1400,161409,3
DEQ,785095043266689,23,1400,195654,4
DEQ,785095043312256,23,1400,163228,3
DEQ,785095043352609,23,1400,201608,4
DEQ,785095043399903,23,1400,167265,3
DEQ,785095043432693,23,1400,198041,4
DEQ,785095043476045,23,1400,161661,3
DEQ,785095043512631,23,1400,196334,4
DEQ,785095043552612,23,1400,150490,3
DEQ,785095043597309,23,1400,193201,4
DEQ,785095043632656,23,1400,154434,3
DEQ,785095043674134,23,1400,193945,4
DEQ,785095043716308,23,1400,161677,3
DEQ,785095043752636,23,1400,196152,4
DEQ,785095043797343,23,1400,162535,3
DEQ,785095043834101,23,1400,197234,4
DEQ,785095043872650,23,1400,154194,3
DEQ,785095043914851,23,1400,194487,4
DEQ,785095043957219,23,1400,157322,3
DEQ,785095043992576,23,1400,190637,4
DEQ,785095044040563,23,1400,165685,3
DEQ,785095044080375,23,1400,203534,4
DEQ,785095044120600,23,1400,161230,3
DEQ,785095044160369,23,1400,199074,4
DEQ,785095044203066,23,1400,160064,3
DEQ,785095044240071,23,1400,194947,4
DEQ,785095044280240,23,1400,157291,3
DEQ,785095044320414,23,1400,195433,4
DEQ,785095044360269,23,1400,154966,3
DEQ,785095044400429,23,1400,193212,4
DEQ,785095044443004,23,1400,160514,3
DEQ,785095044480434,23,1400,195981,4
DEQ,785095044521990,23,1400,159492,3
DEQ,785095044560199,23,1400,195670,4
DEQ,785095044603606,23,1400,158492,3
DEQ,785095044640430,23,1400,193406,4
DEQ,785095044684635,23,1400,160425,3
DEQ,785095044723733,23,1400,197513,4
DEQ,785095044760358,23,1400,154499,3
DEQ,785095044801325,23,1400,193509,4
DEQ,785095044840450,23,1400,153685,3
DEQ,785095044880097,23,1400,191419,4
DEQ,785095044924309,23,1400,161540,3
DEQ,785095044963712,23,1400,198980,4
DEQ,785095045011469,23,1400,168764,3
DEQ,785095045058745,23,1400,214112,4
DEQ,785095045098252,23,1400,171737,3
DEQ,785095045131249,23,1400,202812,4
DEQ,785095045171528,23,1400,157825,3
DEQ,785095045211664,23,1400,196012,4
DEQ,785095241623258,23,1400,196522977,4
DEQ,785095241627691,23,1400,196525504,3
DEQ,785095241628298,23,1400,196454645,2
DEQ,785095241675358,23,1400,196499502,1
DEQ,785095241708279,23,84,73438526,4
DEQ,785095241741855,23,1400,56142,3
DEQ,785095241782422,23,1400,88876,4
DEQ,785095241822636,23,1400,119602,3
DEQ,785095241862708,23,1400,157520,4
DEQ,785095241902489,23,1400,158844,3
DEQ,785095241942428,23,1400,196520,4
DEQ,785095241988232,23,1400,163956,3
DEQ,785095242024169,23,1400,197745,4
DEQ,785095242063641,23,1400,159499,3
DEQ,785095242112834,23,1400,206503,4
DEQ,785095242159931,23,1400,170024,3
DEQ,785095242192326,23,1400,200367,4
DEQ,785095242232300,23,1400,167142,3
DEQ,785095242277683,23,1400,210533,4
DEQ,785095242320057,23,1400,157647,3
DEQ,785095242357144,23,1400,192657,4
DEQ,785095242392299,23,1400,157524,3
DEQ,785095242434919,23,1400,198073,4
DEQ,785095242475725,23,1400,153081,3
DEQ,785095242512390,23,1400,187683,4
DEQ,785095242553748,23,1400,158911,3
DEQ,785095242592433,23,1400,195528,4
DEQ,785095242632341,23,1400,153810,3
DEQ,785095242672388,23,1400,191772,4
DEQ,785095242717010,23,1400,160641,3
DEQ,785095242755782,23,1400,197379,4
DEQ,785095242792294,23,1400,157447,3
DEQ,785095242835682,23,1400,198794,4
DEQ,785095242872324,23,1400,152771,3
DEQ,785095242913725,23,1400,192076,4
DEQ,785095242955200,23,1400,160261,3
DEQ,785095242992400,23,1400,195398,4
DEQ,785095243035041,23,1400,160254,3
DEQ,785095243072419,23,1400,195599,4
DEQ,785095243112087,23,1400,154284,3
DEQ,785095243152760,23,1400,192914,4
DEQ,785095243192285,23,1400,154605,3
DEQ,785095243232371,23,1400,192557,4
DEQ,785095243272365,23,1400,157998,3
DEQ,785095243317598,23,1400,201163,4
DEQ,785095243352463,23,1400,157715,3
DEQ,785095243396534,23,1400,199739,4
DEQ,785095243438940,23,1400,163975,3
DEQ,785095243475913,23,1400,198964,4
DEQ,785095243517806,23,1400,162819,3
DEQ,785095243552179,23,1400,195444,4
DEQ,785095243598794,23,1400,157255,3
DEQ,785095243632131,23,1400,188560,4
DEQ,785095243679865,23,1400,159531,3
DEQ,785095243727873,23,1400,205355,4
DEQ,785095243767680,23,1400,166344,3
DEQ,785095243807705,23,1400,204336,4
DEQ,785095243855728,23,1400,173333,3
DEQ,785095243887900,23,1400,203471,4
DEQ,785095243933687,23,1400,163367,3
DEQ,785095243967945,23,1400,195612,4
DEQ,785095244007748,23,1400,149503,3
DEQ,785095244047473,23,1400,187125,4
DEQ,785095244087902,23,1400,151798,3
DEQ,785095244127920,23,1400,189767,4
DEQ,785095244167907,23,1400,157614,3
DEQ,785095244238369,23,1400,226038,4
DEQ,785095244284595,23,1400,194307,3
DEQ,785095244339404,23,1400,246966,4
DEQ,785095244379140,23,1400,208681,3
DEQ,785095244419077,23,1400,246578,4
DEQ,785095244459141,23,1400,171984,3
DEQ,785095244511490,23,1400,222302,4
DEQ,785095244557181,23,1400,175589,3
DEQ,785095244598586,23,1400,215072,4
DEQ,785095244639319,23,1400,177557,3
DEQ,785095244685177,23,1400,221354,4
DEQ,785095244727595,23,1400,167816,3
DEQ,785095244759902,23,1400,198075,4
DEQ,785095244799885,23,1400,158057,3
DEQ,785095244845732,23,1400,201887,4
DEQ,785095244879838,23,1400,149586,3
DEQ,785095244919896,23,1400,187594,4
DEQ,785095244959863,23,1400,157440,3
DEQ,785095245009390,23,1400,204938,4
DEQ,785095245049139,23,1400,166844,3
DEQ,785095245089606,23,1400,205192,4
DEQ,785095245131185,23,1400,168777,3
DEQ,785095245172493,23,1400,208095,4
DEQ,785095441656248,23,1400,196604331,3
DEQ,785095441659202,23,1400,196605058,2
DEQ,785095441659648,23,1400,196525990,1
DEQ,785095441688371,23,1400,196552616,4
DEQ,785095441765594,23,1400,99938,3
DEQ,785095441766465,23,1400,89062,2
DEQ,785095441862642,23,1400,180149,3
DEQ,785095441865995,23,1400,181380,2
DEQ,785095441888031,23,1400,116661,3
DEQ,785095441977539,23,1400,202023,4
DEQ,785095441981104,23,1400,109458,3
DEQ,785095442001027,23,1400,118346,4
DEQ,785095442089616,23,1400,198540,3
DEQ,785095442092419,23,1400,199158,2
DEQ,785095442183158,23,1400,195736,3
DEQ,785095442186021,23,1400,194041,2
DEQ,785095442283159,23,1400,185788,3
DEQ,785095442286046,23,1400,184818,2
DEQ,785095442303342,23,1400,112390,3
DEQ,785095442376318,23,1400,181488,4
DEQ,785095442446474,23,1400,155498,3
DEQ,785095442449337,23,1400,150416,2
DEQ,785095442530528,23,1400,224623,3
DEQ,785095442533393,23,1400,225385,2
DEQ,785095442609405,23,1400,154905,3
DEQ,785095442612288,23,1400,153921,2
DEQ,785095442689758,23,1400,151398,3
DEQ,785095442692595,23,1400,146016,2
DEQ,785095442766458,23,1400,149165,3
DEQ,785095442769355,23,1400,148215,2
DEQ,785095442848847,23,1400,151443,3
DEQ,785095442867637,23,1400,166338,4
DEQ,785095442951344,23,1400,177114,3
DEQ,785095442954089,23,1400,169512,2
DEQ,785095442955752,23,1400,99845,1
DEQ,785095443043773,23,1400,180697,4
DEQ,785095443046640,23,1400,86236,3
DEQ,785095443128926,23,1400,156391,4
DEQ,785095443131874,23,1400,154689,3
DEQ,785095443155557,23,1400,176340,4
DEQ,785095443231366,23,1400,179322,3
DEQ,785095443234185,23,1400,170658,2
DEQ,785095443250937,23,1400,113904,3
DEQ,785095443333900,23,1400,182664,4
DEQ,785095443337084,23,1400,97780,3
DEQ,785095443423110,23,1400,179932,4
DEQ,785095443426019,23,1400,172686,3
DEQ,785095443523933,23,1400,268811,4
DEQ,785095443526796,23,1400,184508,3
DEQ,785095443607902,23,1400,254455,4
DEQ,785095443610804,23,1400,179767,3
DEQ,785095443683123,23,1400,243643,4
DEQ,785095443686013,23,1400,154029,3
DEQ,785095443763089,23,1400,227203,4
DEQ,785095443765964,23,1400,150017,3
DEQ,785095443853060,23,1400,232733,4
DEQ,785095443855915,23,1400,165055,3
DEQ,785095443876868,23,1400,182173,4
DEQ,785095443962975,23,1400,191737,3
DEQ,785095443965860,23,1400,182588,2
DEQ,785095443990287,23,1400,129094,3
DEQ,785095444077120,23,1400,204694,4
DEQ,785095444080447,23,1400,109575,3
DEQ,785095444177760,23,1400,198505,4
DEQ,785095444180667,23,1400,187730,3
DEQ,785095444197721,23,1400,203057,4
DEQ,785095444271876,23,1400,185480,3
DEQ,785095444290962,23,1400,192695,4
DEQ,785095444370667,23,1400,185085,3
DEQ,785095444373544,23,1400,184042,2
DEQ,785095444390206,23,1400,111205,3
DEQ,785095444462260,23,1400,179405,4
DEQ,785095444465109,23,1400,82905,3
DEQ,785095444544867,23,1400,158847,4
DEQ,785095444547771,23,1400,155069,3
DEQ,785095444629785,23,1400,235028,4
DEQ,785095444632664,23,1400,162366,3
DEQ,785095641647856,23,1400,197168701,4
DEQ,785095641651438,23,1400,197098553,3
DEQ,785095641655215,23,1400,197091131,2
DEQ,785095641657106,23,1400,197019574,1
DEQ,785095641749633,23,1400,197101468,4
DEQ,785095641750609,23,1400,87970,3
DEQ,785095641752144,23,1400,85110,2
DEQ,785095641857451,23,1400,184405,3
DEQ,785095641860282,23,1400,184842,2
DEQ,785095641952961,23,1400,196828,3
DEQ,785095641956290,23,1400,196143,2
DEQ,785095641995120,23,1400,129900,3
DEQ,785095642074060,23,1400,204859,4
DEQ,785095642076838,23,1400,111668,3
DEQ,785095642114245,23,1400,140336,4
DEQ,785095642189906,23,1400,192136,3
DEQ,785095642192687,23,1400,192568,2
DEQ,785095642288808,23,1400,207177,3
DEQ,785095642292099,23,1400,199261,2
DEQ,785095642313097,23,1400,115450,3
DEQ,785095642425515,23,1400,223917,4
DEQ,785095642428296,23,1400,130460,3
DEQ,785095642444932,23,1400,139402,4
DEQ,785095642559618,23,1400,245007,3
DEQ,785095642566112,23,1400,249545,2
DEQ,785095642583550,23,1400,150405,3
DEQ,785095642694435,23,1400,257333,4
DEQ,785095642697319,23,1400,126141,3
DEQ,785095642713846,23,1400,134749,4
DEQ,785095642779008,23,1400,192924,3
DEQ,785095642797998,23,1400,209956,4
DEQ,785095642894555,23,1400,188891,3
DEQ,785095642897632,23,1400,187993,2
DEQ,785095642971544,23,1400,185588,3
DEQ,785095642974346,23,1400,181023,2
DEQ,785095643057376,23,1400,154213,3
DEQ,785095643060173,23,1400,152711,2
DEQ,785095643084830,23,1400,105614,3
DEQ,785095643163995,23,1400,177712,4
DEQ,785095643174839,23,1400,109736,3
DEQ,785095643251973,23,1400,171704,4
DEQ,785095643324064,23,1400,237635,3
DEQ,785095643326920,23,1400,238583,2
DEQ,785095643409516,23,1400,230052,3
DEQ,785095643412364,23,1400,228945,2
DEQ,785095643489023,23,1400,157045,3
DEQ,785095643491904,23,1400,156030,2
DEQ,785095643529581,23,1400,112448,3
DEQ,785095643579181,23,1400,158130,4
DEQ,785095643622974,23,1400,126169,3
DEQ,785095643663058,23,1400,156507,4
DEQ,785095643738279,23,1400,206232,3
DEQ,785095643790086,23,1400,256108,4
DEQ,785095643837559,23,1400,212497,3
DEQ,785095643870234,23,1400,243179,4
DEQ,785095643916971,23,1400,176556,3
DEQ,785095643964541,23,1400,222206,4
DEQ,785095643997025,23,1400,157299,3
DEQ,785095644078514,23,1400,236801,4
DEQ,785095644081383,23,1400,162402,3
DEQ,785095644165708,23,1400,244765,4
DEQ,785095644168625,23,1400,169512,3
DEQ,785095644192746,23,1400,189610,4
DEQ,785095644268926,23,1400,182535,3
DEQ,785095644287902,23,1400,197615,4
DEQ,785095644360196,23,1400,186767,3
DEQ,785095644363055,23,1400,185710,2
DEQ,785095644379866,23,1400,100301,3
DEQ,785095644452204,23,1400,168712,4
DEQ,785095644455100,23,1400,87086,3
DEQ,785095644538206,23,1400,162776,4
DEQ,785095644541049,23,1400,158877,3
DEQ,785095644613962,23,1400,229781,4
DEQ,785095644616814,23,1400,156822,3
DEQ,785095644688266,23,1400,217976,4
DEQ,785095644691147,23,1400,145345,3
DEQ,785095644767944,23,1400,218216,4
DEQ,785095644770866,23,1400,149193,3
DEQ,785095644854764,23,1400,229115,4
DEQ,785095644857651,23,1400,161673,3
DEQ,785095644874393,23,1400,174520,4
DEQ,785095644955000,23,1400,179206,3
DEQ,785095644957790,23,1400,172650,2
DEQ,785095645034828,23,1400,171994,3
DEQ,785095645053238,23,1400,186516,4
DEQ,785095645153160,23,1400,190575,3
DEQ,785095645155776,23,1400,184625,2
DEQ,785095645157277,23,1400,115643,1
DEQ,785095645246381,23,1400,197703,4
DEQ,785095841652066,23,1400,196490989,3
DEQ,785095841655099,23,1400,196490177,2
DEQ,785095841659230,23,1400,196489189,1
DEQ,785095841661144,23,1400,196489042,0
DEQ,785095841756912,23,1400,90396,3
DEQ,785095841757854,23,1400,80326,2
DEQ,785095841783332,23,1400,100529,3
DEQ,785095841903055,23,1400,218166,4
DEQ,785095841906290,23,1400,143234,3
DEQ,785095841943408,23,1400,176328,4
DEQ,785095842018649,23,1400,219518,3
DEQ,785095842021390,23,1400,212869,2
DEQ,785095842038835,23,1400,123305,3
DEQ,785095842113224,23,1400,183530,4
DEQ,785095842116877,23,1400,87051,3
DEQ,785095842201427,23,1400,167847,4
DEQ,785095842204263,23,1400,163756,3
DEQ,785095842290021,23,1400,247425,4
DEQ,785095842296366,23,1400,175081,3
DEQ,785095842298039,23,1400,172823,2
DEQ,785095842378417,23,1400,169327,3
DEQ,785095842381297,23,1400,168249,2
DEQ,785095842459191,23,1400,157094,3
DEQ,785095842462108,23,1400,156178,2
DEQ,785095842555577,23,1400,169208,3
DEQ,785095842558715,23,1400,168478,2
DEQ,785095842584221,23,1400,117031,3
DEQ,785095842665227,23,1400,189840,4
DEQ,785095842734922,23,1400,170752,3
DEQ,785095842738044,23,1400,169842,2
DEQ,785095842756883,23,1400,168728,3
DEQ,785095842844972,23,1400,254472,4
DEQ,785095842855815,23,1400,112213,3
DEQ,785095842960013,23,1400,207695,4
DEQ,785095842962839,23,1400,203480,3
DEQ,785095843088817,23,1400,327459,4
DEQ,785095843091669,23,1400,232001,3
DEQ,785095843113790,23,1400,250238,4
DEQ,785095843218362,23,1400,250332,3
DEQ,785095843221138,23,1400,244819,2
DEQ,785095843243434,23,1400,147103,3
DEQ,785095843316618,23,1400,211425,4
DEQ,785095843319495,23,1400,93472,3
DEQ,785095843420006,23,1400,181506,4
DEQ,785095843422873,23,1400,177872,3
DEQ,785095843500240,23,1400,253549,4
DEQ,785095843503903,23,1400,179360,3
DEQ,785095843578327,23,1400,245154,4
DEQ,785095843581178,23,1400,153454,3
DEQ,785095843672502,23,1400,240933,4
DEQ,785095843675373,23,1400,166048,3
DEQ,785095843700133,23,1400,186889,4
DEQ,785095843774051,23,1400,187709,3
DEQ,785095843776957,23,1400,181814,2
DEQ,785095843858245,23,1400,177981,3
DEQ,785095843861165,23,1400,165501,2
DEQ,785095843951519,23,1400,169735,3
DEQ,785095843954293,23,1400,165640,2
DEQ,785095844033378,23,1400,164446,3
DEQ,785095844036115,23,1400,163236,2
DEQ,785095844111621,23,1400,148777,3
DEQ,785095844114430,23,1400,145566,2
DEQ,785095844130923,23,1400,89581,3
DEQ,785095844205635,23,1400,160276,4
DEQ,785095844208436,23,1400,85654,3
DEQ,785095844289992,23,1400,163327,4
DEQ,785095844292791,23,1400,160365,3
DEQ,785095844377549,23,1400,243185,4
DEQ,785095844380422,23,1400,167165,3
DEQ,785095844453322,23,1400,231398,4
DEQ,785095844456243,23,1400,158714,3
DEQ,785095844550000,23,1400,242120,4
DEQ,785095844552918,23,1400,167765,3
DEQ,785095844574658,23,1400,185606,4
DEQ,785095844647511,23,1400,186385,3
DEQ,785095844650350,23,1400,180551,2
DEQ,785095844749973,23,1400,192230,3
DEQ,785095844752889,23,1400,182622,2
DEQ,785095844825772,23,1400,170425,3
DEQ,785095844828692,23,1400,162949,2
DEQ,785095844947496,23,1400,189756,3
DEQ,785095844950143,23,1400,188551,2
DEQ,785095844951649,23,1400,118131,1
DEQ,785095845059681,23,1400,214946,4
DEQ,785095845062368,23,1400,106881,3
DEQ,785095845079627,23,1400,120298,4
DEQ,785095845176722,23,1400,211953,3
DEQ,785095845179591,23,1400,212836,2
DEQ,785095845201908,23,1400,134732,3
DEQ,785095845331648,23,1400,257010,4
DEQ,785095845334263,23,1400,149947,3
DEQ,785095845335770,23,1400,144517,2
DEQ,785095845426693,23,1400,222236,3
DEQ,785095845429569,23,1400,223243,2
DEQ,785095845449284,23,1400,109571,3
DEQ,785095845582480,23,1400,238976,4
DEQ,785095845585071,23,1400,150598,3
DEQ,785095845586559,23,1400,148257,2
DEQ,785096041652443,23,1400,196200570,3
DEQ,785096041659276,23,1400,196205593,2
DEQ,785096041659782,23,1400,196069260,1
DEQ,785096041661818,23,1400,196062153,0
DEQ,785096041756194,23,1400,87816,3
DEQ,785096041757056,23,1400,79889,2
DEQ,785096041785573,23,1400,102742,3
DEQ,785096041816907,23,1400,132053,4
DEQ,785096041899147,23,1400,137141,3
DEQ,785096041902419,23,1400,124286,2
DEQ,785096041931924,23,1400,125543,3
STATS,785096041966794,5,7000,17865,17860,0,0,0
DEQ,785096042011809,23,1400,199166,4
DEQ,785096042014539,23,1400,106523,3
DEQ,785096042091776,23,1400,179405,4
DEQ,785096042156895,23,1400,222495,3
DEQ,785096042159694,23,1400,223131,2
DEQ,785096042239996,23,1400,220476,3
DEQ,785096042243546,23,1400,220020,2
DEQ,785096042318410,23,1400,153787,3
DEQ,785096042321276,23,1400,152781,2
DEQ,785096042394171,23,1400,146070,3
DEQ,785096042413109,23,1400,160930,4
DEQ,785096042499078,23,1400,172837,3
DEQ,785096042502759,23,1400,172517,2
DEQ,785096042606746,23,1400,205463,3
DEQ,785096042609552,23,1400,200721,2
DEQ,785096042685975,23,1400,178418,3
DEQ,785096042688748,23,1400,177254,2
DEQ,785096042770112,23,1400,155388,3
DEQ,785096042772805,23,1400,153916,2
DEQ,785096042796652,23,1400,103124,3
DEQ,785096042871858,23,1400,174358,4
DEQ,785096042943082,23,1400,165398,3
DEQ,785096042945990,23,1400,153839,2
DEQ,785096043017556,23,1400,219280,3
DEQ,785096043036647,23,1400,236725,4
DEQ,785096043115301,23,1400,164379,3
DEQ,785096043134225,23,1400,179366,4
DEQ,785096043210905,23,1400,186277,3
DEQ,785096043242415,23,1400,210226,4
DEQ,785096043325900,23,1400,200003,3
DEQ,785096043328782,23,1400,199022,2
DEQ,785096043366007,23,1400,148011,3
DEQ,785096043465680,23,1400,238489,4
DEQ,785096043471918,23,1400,126038,3
DEQ,785096043473592,23,1400,120037,2
DEQ,785096043511459,23,1400,142332,3
DEQ,785096043595922,23,1400,224576,4
DEQ,785096043598798,23,1400,121308,3
DEQ,785096043676131,23,1400,191989,4
DEQ,785096043678941,23,1400,163367,3
DEQ,785096043770711,23,1400,252787,4
DEQ,785096043773504,23,1400,169511,3
DEQ,785096043856461,23,1400,248595,4
DEQ,785096043859400,23,1400,175337,3
DEQ,785096043934329,23,1400,246347,4
DEQ,785096043937150,23,1400,158548,3
DEQ,785096043960775,23,1400,178129,4
DEQ,785096044034218,23,1400,169791,3
DEQ,785096044054248,23,1400,186001,4
DEQ,785096044132630,23,1400,190486,3
DEQ,785096044135384,23,1400,179249,2
DEQ,785096044152073,23,1400,110597,3
DEQ,785096044230679,23,1400,181378,4
DEQ,785096044233589,23,1400,89873,3
DEQ,785096044310840,23,1400,163112,4
DEQ,785096044313713,23,1400,159997,3
DEQ,785096044400483,23,1400,244786,4
DEQ,785096044403359,23,1400,164758,3
DEQ,785096044486673,23,1400,244179,4
DEQ,785096044489494,23,1400,170744,3
DEQ,785096044580218,23,1400,254648,4
DEQ,785096044583026,23,1400,174480,3
DEQ,785096044659225,23,1400,240226,4
DEQ,785096044662100,23,1400,167531,3
DEQ,785096044686591,23,1400,184929,4
DEQ,785096044767699,23,1400,179608,3
DEQ,785096044770549,23,1400,178495,2
DEQ,785096241658266,23,1400,196990775,4
DEQ,785096241661184,23,1400,196989784,3
DEQ,785096241661759,23,1400,196886293,2
DEQ,785096241662210,23,1400,196878198,1
DEQ,785096241662653,23,84,73401342,0
DEQ,785096241712288,23,1400,42134,3
DEQ,785096241751219,23,1400,73597,4
DEQ,785096241799047,23,1400,116347,3
DEQ,785096241838573,23,1400,153781,4
DEQ,785096241887004,23,1400,173177,3
DEQ,785096241927119,23,1400,211084,4
DEQ,785096241974762,23,1400,173273,3
DEQ,785096242009995,23,1400,206464,4
DEQ,785096242106498,23,1400,216907,3
DEQ,785096242109428,23,1400,217804,2
DEQ,785096242131754,23,1400,154846,3
DEQ,785096242241399,23,1400,262438,4
DEQ,785096242244054,23,1400,128853,3
DEQ,785096242245966,23,1400,119394,2
DEQ,785096242329159,23,1400,195552,3
DEQ,785096242331852,23,1400,196412,2
DEQ,785096242356511,23,1400,105849,3
DEQ,785096242440284,23,1400,185407,4
DEQ,785096242443160,23,1400,106178,3
DEQ,785096242529649,23,1400,188678,4
DEQ,785096242532768,23,1400,173697,3
DEQ,785096242615369,23,1400,254250,4
DEQ,785096242618442,23,1400,170118,3
DEQ,785096242636114,23,1400,183882,4
DEQ,785096242706153,23,1400,167854,3
DEQ,785096242709208,23,1400,166792,2
DEQ,785096242789877,23,1400,162256,3
DEQ,785096242808966,23,1400,177323,4
DEQ,785096242890174,23,1400,175505,3
DEQ,785096242893001,23,1400,170717,2
DEQ,785096242978055,23,1400,177693,3
DEQ,785096242980998,23,1400,176786,2
DEQ,785096243068068,23,1400,169885,3
DEQ,785096243070841,23,1400,168814,2
DEQ,785096243087932,23,1400,101804,3
DEQ,785096243164008,23,1400,173982,4
DEQ,785096243238785,23,1400,162820,3
DEQ,785096243242380,23,1400,162577,2
DEQ,785096243324387,23,1400,234818,3
DEQ,785096243327273,23,1400,235658,2
DEQ,785096243404336,23,1400,157449,3
DEQ,785096243407293,23,1400,156480,2
DEQ,785096243490066,23,1400,157717,3
DEQ,785096243493718,23,1400,157471,2
DEQ,785096243577267,23,1400,164621,3
DEQ,785096243579976,23,1400,163394,2
DEQ,785096243655121,23,1400,156414,3
DEQ,785096243674191,23,1400,171541,4
DEQ,785096243774759,23,1400,189713,3
DEQ,785096243777542,23,1400,188671,2
DEQ,785096243811309,23,1400,149068,3
DEQ,785096243910662,23,1400,241183,4
DEQ,785096243913422,23,1400,130816,3
DEQ,785096243918127,23,1400,131617,2
DEQ,785096244019898,23,1400,205726,3
DEQ,785096244022690,23,1400,206144,2
DEQ,785096244105164,23,1400,177735,3
DEQ,785096244123930,23,1400,186305,4
DEQ,785096244204696,23,1400,177082,3
DEQ,785096244207506,23,1400,170955,2
DEQ,785096244295236,23,1400,183088,3
DEQ,785096244298131,23,1400,178872,2
DEQ,785096244378469,23,1400,165825,3
DEQ,785096244381308,23,1400,159747,2
DEQ,785096244458171,23,1400,155091,3
DEQ,785096244461026,23,1400,148448,2
DEQ,785096244568610,23,1400,182441,3
DEQ,785096244571303,23,1400,181225,2
DEQ,785096244658591,23,1400,192685,3
DEQ,785096244659523,23,1400,184968,2
DEQ,785096244735789,23,1400,159761,3
DEQ,785096244738596,23,1400,158694,2
DEQ,785096244755921,23,1400,91629,3
DEQ,785096244833895,23,1400,165661,4
DEQ,785096244841015,23,1400,97433,3
DEQ,785096244925529,23,1400,174519,4
DEQ,785096244928413,23,1400,170121,3
DEQ,785096245001388,23,1400,241109,4
DEQ,785096245072589,23,1400,226146,3
DEQ,785096245075340,23,1400,219675,2
DEQ,785096245165567,23,1400,232235,3
DEQ,785096245168328,23,1400,231176,2
DEQ,785096441638392,23,1400,196558302,3
DEQ,785096441641567,23,1400,196557598,2
DEQ,785096441642186,23,1400,196469016,1
DEQ,785096441644374,23,1400,196467338,0
DEQ,785096441744991,23,1400,94363,3
DEQ,785096441763274,23,1400,105062,4
DEQ,785096441859465,23,1400,196161,3
DEQ,785096441886119,23,1400,220745,4
DEQ,785096441964899,23,1400,214213,3
DEQ,785096441989920,23,1400,234977,4
DEQ,785096442068731,23,1400,191284,3
DEQ,785096442071521,23,1400,191237,2
DEQ,785096442150846,23,1400,179011,3
DEQ,785096442153710,23,1400,168796,2
DEQ,785096442236905,23,1400,160404,3
DEQ,785096442239788,23,1400,152542,2
DEQ,785096442312432,23,1400,153927,3
DEQ,785096442315258,23,1400,146044,2
DEQ,785096442405795,23,1400,161313,3
DEQ,785096442424826,23,1400,176429,4
DEQ,785096442509913,23,1400,189788,3
DEQ,785096442512791,23,1400,183648,2
DEQ,785096442528711,23,1400,116025,3
DEQ,785096442597676,23,1400,181196,4
DEQ,785096442604758,23,1400,83749,3
DEQ,785096442691820,23,1400,167284,4
DEQ,785096442694721,23,1400,163633,3
DEQ,785096442767789,23,1400,234737,4
DEQ,785096442782477,23,1400,172394,3
DEQ,785096442863276,23,1400,249324,4
DEQ,785096442866780,23,1400,167286,3
DEQ,785096442951666,23,1400,248257,4
DEQ,785096442954572,23,1400,166830,3
DEQ,785096443033621,23,1400,242002,4
DEQ,785096443048169,23,1400,176999,3
DEQ,785096443125061,23,1400,250058,4
DEQ,785096443127933,23,1400,168554,3
DEQ,785096443204520,23,1400,241204,4
DEQ,785096443207398,23,1400,154077,3
DEQ,785096443289488,23,1400,232177,4
DEQ,785096443292388,23,1400,159464,3
DEQ,785096443366902,23,1400,230153,4
DEQ,785096443370383,23,1400,158243,3
DEQ,785096443442830,23,1400,222068,4
DEQ,785096443445754,23,1400,148515,3
DEQ,785096443535503,23,1400,234303,4
DEQ,785096443538355,23,1400,163037,3
DEQ,785096443615150,23,1400,235987,4
DEQ,785096443618026,23,1400,167589,3
DEQ,785096443697585,23,1400,240205,4
DEQ,785096443700492,23,1400,157359,3
DEQ,785096443786397,23,1400,233682,4
DEQ,785096443789263,23,1400,166352,3
DEQ,785096443862551,23,1400,235758,4
DEQ,785096443865498,23,1400,160143,3
DEQ,785096443947764,23,1400,234105,4
DEQ,785096443958478,23,1400,164369,3
DEQ,785096444051672,23,1400,253674,4
DEQ,785096444059504,23,1400,189057,3
DEQ,785096444158688,23,1400,276046,4
DEQ,785096444161938,23,1400,198954,3
DEQ,785096444163772,23,1400,196920,2
DEQ,785096444256765,23,1400,191343,3
DEQ,785096444263640,23,1400,193873,2
DEQ,785096444269298,23,1400,100425,1
DEQ,785096444387284,23,1400,214269,4
DEQ,785096444390183,23,1400,116907,3
DEQ,785096444406741,23,1400,129703,4
DEQ,785096444499524,23,1400,217007,3
DEQ,785096444503048,23,1400,217002,2
DEQ,785096444578704,23,1400,183681,3
DEQ,785096444581607,23,1400,182710,2
DEQ,785096444663688,23,1400,156255,3
DEQ,785096444666571,23,1400,155295,2
DEQ,785096444740206,23,1400,153683,3
DEQ,785096444743086,23,1400,147568,2
DEQ,785096444822537,23,1400,151152,3
DEQ,785096444825361,23,1400,149654,2
DEQ,785096444906094,23,1400,158215,3
DEQ,785096641667640,23,1400,196915867,4
DEQ,785096641671067,23,1400,196840872,3
DEQ,785096641671692,23,1400,196833238,2
DEQ,785096641674124,23,1400,196761213,1
DEQ,785096641765671,23,1400,196843188,4
DEQ,785096641767469,23,1400,87186,3
DEQ,785096641875564,23,1400,191179,4
DEQ,785096641878377,23,1400,188051,3
DEQ,785096641914297,23,1400,221924,4
DEQ,785096642022094,23,1400,250197,3
DEQ,785096642024982,23,1400,249106,2
DEQ,785096642026767,23,1400,143541,1
DEQ,785096642114913,23,1400,218008,4
DEQ,785096642117939,23,1400,86437,3
DEQ,785096642206304,23,1400,170555,4
DEQ,785096642209009,23,1400,167796,3
DEQ,785096642287147,23,1400,243785,4
DEQ,785096642289952,23,1400,166979,3
DEQ,785096642314441,23,1400,183112,4
DEQ,785096642418793,23,1400,204963,3
DEQ,785096642421532,23,1400,203841,2
DEQ,785096642444474,23,1400,149849,3
DEQ,785096642521248,23,1400,211335,4
DEQ,785096642535822,23,1400,109536,3
DEQ,785096642616165,23,1400,176286,4
DEQ,785096642618992,23,1400,173120,3
DEQ,785096642695494,23,1400,247816,4
DEQ,785096642698298,23,1400,157329,3
DEQ,785096642777231,23,1400,232183,4
DEQ,785096642780186,23,1400,156239,3
DEQ,785096642797211,23,1400,169381,4
DEQ,785096642884624,23,1400,181522,3
DEQ,785096642887363,23,1400,180133,2
DEQ,785096642910516,23,1400,121914,3
DEQ,785096643000510,23,1400,208030,4
DEQ,785096643003277,23,1400,111157,3
DEQ,785096643023792,23,1400,124670,4
DEQ,785096643123001,23,1400,210900,3
DEQ,785096643125764,23,1400,211690,2
DEQ,785096643149663,23,1400,141635,3
DEQ,785096643251197,23,1400,239284,4
DEQ,785096643253970,23,1400,123442,3
DEQ,785096643330530,23,1400,185606,4
DEQ,785096643333464,23,1400,182389,3
DEQ,785096643425193,23,1400,272350,4
DEQ,785096643428065,23,1400,169297,3
DEQ,785096643445085,23,1400,182265,4
DEQ,785096643548799,23,1400,210522,3
DEQ,785096643551709,23,1400,204262,2
DEQ,785096643575175,23,1400,142270,3
DEQ,785096643648811,23,1400,212061,4
DEQ,785096643651699,23,1400,95206,3
DEQ,785096643750877,23,1400,179908,4
DEQ,785096643753741,23,1400,176075,3
DEQ,785096643827904,23,1400,248138,4
DEQ,785096643830778,23,1400,174371,3
DEQ,785096643913811,23,1400,247445,4
DEQ,785096643916706,23,1400,158154,3
DEQ,785096643991011,23,1400,228487,4
DEQ,785096643993876,23,1400,158257,3
DEQ,785096644076280,23,1400,231994,4
DEQ,785096644079077,23,1400,157509,3
DEQ,785096644152834,23,1400,227469,4
DEQ,785096644155600,23,1400,156817,3
DEQ,785096644245764,23,1400,242978,4
DEQ,785096644316934,23,1400,233001,3
DEQ,785096644319740,23,1400,231941,2
DEQ,785096644405930,23,1400,245587,3
DEQ,785096644408841,23,1400,238723,2
DEQ,785096644487987,23,1400,163406,3
DEQ,785096644490854,23,1400,162343,2
DEQ,785096644507191,23,1400,93486,3
DEQ,785096644575359,23,1400,157710,4
DEQ,785096644666356,23,1400,167168,3
DEQ,785096644669748,23,1400,166714,2
DEQ,785096644688981,23,1400,179549,3
DEQ,785096644781893,23,1400,270546,4
DEQ,785096644786060,23,1400,110469,3
DEQ,785096644866928,23,1400,183039,4
DEQ,785096644870503,23,1400,178812,3
DEQ,785096644947396,23,1400,253563,4
DEQ,785096644950211,23,1400,155975,3
DEQ,785096645037048,23,1400,238977,4
DEQ,785096645039800,23,1400,164504,3
DEQ,785096645062691,23,1400,183469,4
DEQ,785096645165452,23,1400,210323,3
DEQ,785096645168203,23,1400,204249,2
DEQ,785096645191556,23,1400,146906,3
DEQ,785096645283617,23,1400,232109,4
DEQ,785096645286410,23,1400,113183,3
DEQ,785096645303114,23,1400,116657,4
DEQ,785096645391286,23,1400,198264,3
DEQ,785096645394049,23,1400,199216,2
DEQ,785096645414000,23,1400,122802,3
DEQ,785096645498390,23,1400,203224,4
DEQ,785096645505538,23,1400,106626,3
DEQ,785096645578698,23,1400,175866,4
DEQ,785096645581606,23,1400,165940,3
DEQ,785096841660450,23,1400,196242822,5
DEQ,785096841663830,23,1400,196153100,4
DEQ,785096841664493,23,1400,196149788,3
DEQ,785096841666575,23,1400,196079991,2
DEQ,785096841685156,23,1400,196090390,3
DEQ,785096841685821,23,53,163870431,2
DEQ,785096841781588,23,1400,109788,3
DEQ,785096841782580,23,1400,106229,2
DEQ,785096841887406,23,1400,200350,3
DEQ,785096841890223,23,1400,201152,2
DEQ,785096841890722,23,1400,103097,1
DEQ,785096841930369,23,1400,138531,4
DEQ,785096842002499,23,1400,106878,3
DEQ,785096842005590,23,1400,95448,2
DEQ,785096842029446,23,1400,104170,3
DEQ,785096842116684,23,1400,189360,4
DEQ,785096842119726,23,1400,108413,3
DEQ,785096842146553,23,1400,122023,4
DEQ,785096842258952,23,1400,228024,3
DEQ,785096842262101,23,1400,229518,2
DEQ,785096842262670,23,1400,137392,1
DEQ,785096842289228,23,1400,147727,4
DEQ,785096842370590,23,1400,101964,3
DEQ,785096842373411,23,1400,94083,2
DEQ,785096842460598,23,1400,176285,3
DEQ,785096842463373,23,1400,177037,2
DEQ,785096842546602,23,1400,168438,3
DEQ,785096842549500,23,1400,162628,2
DEQ,785096842620482,23,1400,152282,3
DEQ,785096842627430,23,1400,150589,2
DEQ,785096842701338,23,1400,147031,3
DEQ,785096842704176,23,1400,146039,2
DEQ,785096842794654,23,1400,163265,3
DEQ,785096842797533,23,1400,162390,2
DEQ,785096842883914,23,1400,174996,3
DEQ,785096842886717,23,1400,168961,2
DEQ,785096842972465,23,1400,170222,3
DEQ,785096842975334,23,1400,169132,2
DEQ,785096843059571,23,1400,167996,3
DEQ,785096843062443,23,1400,159657,2
DEQ,785096843147169,23,1400,167010,3
DEQ,785096843150030,23,1400,160311,2
DEQ,785096843231908,23,1400,164517,3
DEQ,785096843235431,23,1400,158677,2
DEQ,785096843311421,23,1400,156553,3
DEQ,785096843314258,23,1400,155433,2
DEQ,785096843400351,23,1400,160689,3
DEQ,785096843403159,23,1400,159661,2
DEQ,785096843490338,23,1400,171219,3
DEQ,785096843493195,23,1400,164485,2
DEQ,785096843570209,23,1400,162167,3
DEQ,785096843573094,23,1400,153426,2
DEQ,785096843649329,23,1400,151379,3
DEQ,785096843668655,23,1400,161877,4
DEQ,785096843751351,23,1400,173360,3
DEQ,785096843754240,23,1400,167492,2
DEQ,785096843829337,23,1400,173061,3
DEQ,785096843866136,23,1400,206023,4
DEQ,785096843944435,23,1400,185381,3
DEQ,785096843947346,23,1400,184432,2
DEQ,785096844021815,23,1400,174491,3
DEQ,785096844040265,23,1400,183621,4
DEQ,785096844119630,23,1400,167249,3
DEQ,785096844126666,23,1400,169960,2
DEQ,785096844211244,23,1400,179064,3
DEQ,785096844241958,23,1400,205907,4
DEQ,785096844325596,23,1400,194890,3
DEQ,785096844328476,23,1400,193880,2
DEQ,785096844410971,23,1400,192672,3
DEQ,785096844429874,23,1400,202388,4
DEQ,785096844562371,23,1400,229034,3
DEQ,785096844564949,23,1400,219458,2
DEQ,785096844566504,23,1400,144768,1
DEQ,785096844648050,23,1400,222416,4
DEQ,785096844650856,23,1400,80271,3
DEQ,785096844674594,23,1400,100145,4
DEQ,785096844746444,23,1400,166610,3
DEQ,785096844749410,23,1400,167595,2
DEQ,785096844771386,23,1400,115406,3
DEQ,785096844849755,23,1400,179548,4
DEQ,785096844852867,23,1400,98453,3
DEQ,785096844932179,23,1400,165232,4
DEQ,785096844943097,23,1400,169370,3
DEQ,785096845021095,23,1400,245597,4
DEQ,785096845031775,23,1400,173693,3
DEQ,785096845129710,23,1400,262314,4
DEQ,785096845133936,23,1400,186081,3
DEQ,785097041673437,23,1400,196721652,5
DEQ,785097041676405,23,1400,196640952,4
DEQ,785097041677131,23,1400,196637791,3
DEQ,785097041680085,23,1400,196536972,2
DEQ,785097041707284,23,1400,196556835,5
DEQ,785097041707823,23,53,122702752,4
DEQ,785097041810746,23,1400,125543,3
DEQ,785097041813660,23,1400,121617,2
DEQ,785097041836534,23,1400,138956,1
DEQ,785097041888560,23,1400,188832,4
DEQ,785097041965907,23,1400,117444,3
DEQ,785097041968690,23,1400,116682,2
STATS,785097042018276,4,5600,18294,18290,0,0,0
DEQ,785097042048214,23,1400,190765,3
DEQ,785097042071235,23,1400,198564,4
DEQ,785097042144547,23,1400,171222,3
DEQ,785097042147381,23,1400,165405,2
DEQ,785097042163501,23,1400,100818,3
DEQ,785097042241930,23,1400,175275,4
DEQ,785097042244774,23,1400,89190,3
DEQ,785097042322164,23,1400,162606,4
DEQ,785097042324960,23,1400,160025,3
DEQ,785097042405407,23,1400,238441,4
DEQ,785097042416192,23,1400,166677,3
DEQ,785097042498821,23,1400,245370,4
DEQ,785097042569987,23,1400,240283,3
DEQ,785097042572852,23,1400,239294,2
DEQ,785097042656002,23,1400,235319,3
DEQ,785097042658857,23,1400,234176,2
DEQ,785097042742133,23,1400,164059,3
DEQ,785097042745056,23,1400,163163,2
DEQ,785097042833691,23,1400,170026,3
DEQ,785097042836500,23,1400,168862,2
DEQ,785097042919092,23,1400,169176,3
DEQ,785097042921966,23,1400,168105,2
DEQ,785097042997956,23,1400,156721,3
DEQ,785097043016653,23,1400,166293,4
DEQ,785097043112846,23,1400,186243,3
DEQ,785097043115897,23,1400,185361,2
DEQ,785097043202329,23,1400,197516,3
DEQ,785097043220865,23,1400,212141,4
DEQ,785097043290694,23,1400,169923,3
DEQ,785097043293548,23,1400,161275,2
DEQ,785097043398507,23,1400,185782,3
DEQ,785097043401395,23,1400,184810,2
DEQ,785097043483882,23,1400,185525,3
DEQ,785097043486770,23,1400,179477,2
DEQ,785097043562361,23,1400,156095,3
DEQ,785097043565294,23,1400,155115,2
DEQ,785097043666560,23,1400,174776,3
DEQ,785097043669332,23,1400,173727,2
DEQ,785097043749002,23,1400,178946,3
DEQ,785097043751804,23,1400,172547,2
DEQ,785097043774573,23,1400,100474,3
DEQ,785097043870734,23,1400,192742,4
DEQ,785097043873573,23,1400,117089,3
DEQ,785097043896910,23,1400,136551,4
DEQ,785097043971042,23,1400,194233,3
DEQ,785097043973892,23,1400,194911,2
DEQ,785097043990252,23,1400,111914,3
DEQ,785097044074032,23,1400,181268,4
DEQ,785097044076843,23,1400,98306,3
DEQ,785097044164574,23,1400,182224,4
DEQ,785097044167468,23,1400,175694,3
DEQ,785097044250795,23,1400,257015,4
DEQ,785097044254420,23,1400,172769,3
DEQ,785097044331256,23,1400,238071,4
DEQ,785097044334158,23,1400,161893,3
DEQ,785097044419490,23,1400,235383,4
DEQ,785097044422305,23,1400,163047,3
DEQ,785097044508698,23,1400,245583,4
DEQ,785097044511584,23,1400,172567,3
DEQ,785097044604037,23,1400,255974,4
DEQ,785097044606930,23,1400,179770,3
DEQ,785097044677825,23,1400,238779,4
DEQ,785097044680718,23,1400,164271,3
DEQ,785097044766157,23,1400,238085,4
DEQ,785097044769053,23,1400,157341,3
DEQ,785097044855438,23,1400,239882,4
DEQ,785097044858368,23,1400,172810,3
DEQ,785097044874242,23,1400,179187,4
DEQ,785097044958003,23,1400,184021,3
DEQ,785097241663044,23,1400,196878050,6
DEQ,785097241665926,23,1400,196802803,5
DEQ,785097241666591,23,1400,196799583,4
DEQ,785097241668598,23,1400,196703693,3
DEQ,785097241763685,23,1400,196789497,6
DEQ,785097241764542,23,53,83638743,5
DEQ,785097241765052,23,84,74005435,4
DEQ,785097241853790,23,1400,180620,3
DEQ,785097241856767,23,1400,179407,2
DEQ,785097241877710,23,1400,194448,3
DEQ,785097241976767,23,1400,291359,4
DEQ,785097241979947,23,1400,117845,3
DEQ,785097242060805,23,1400,194473,4
DEQ,785097242063662,23,1400,184078,3
DEQ,785097242086098,23,1400,204795,4
DEQ,785097242180845,23,1400,195553,3
DEQ,785097242183601,23,1400,194030,2
DEQ,785097242207153,23,1400,138845,3
DEQ,785097242326782,23,1400,251584,4
DEQ,785097242329472,23,1400,141020,3
DEQ,785097242330903,23,1400,138512,2
DEQ,785097242442071,23,1400,232718,3
DEQ,785097242448225,23,1400,236838,2
DEQ,785097242449671,23,1400,114783,1
DEQ,785097242549131,23,1400,210366,4
DEQ,785097242552052,23,1400,98462,3
DEQ,785097242575012,23,1400,117596,4
DEQ,785097242678292,23,1400,216158,3
DEQ,785097242681136,23,1400,216960,2
DEQ,785097242705929,23,1400,149099,3
DEQ,785097242778188,23,1400,217466,4
DEQ,785097242781042,23,1400,95104,3
DEQ,785097242876335,23,1400,175148,4
DEQ,785097242879282,23,1400,170857,3
DEQ,785097242953995,23,1400,243588,4
DEQ,785097242956902,23,1400,170964,3
DEQ,785097243063353,23,1400,268704,4
DEQ,785097243066067,23,1400,182053,3
DEQ,785097243147406,23,1400,259525,4
DEQ,785097243150230,23,1400,188599,3
DEQ,785097243170855,23,1400,200255,4
DEQ,785097243248175,23,1400,177391,3
DEQ,785097243266644,23,1400,191891,4
DEQ,785097243360431,23,1400,205519,3
DEQ,785097243363369,23,1400,199803,2
DEQ,785097243386297,23,1400,131371,3
DEQ,785097243470782,23,1400,211955,4
DEQ,785097243473672,23,1400,105451,3
DEQ,785097243545712,23,1400,163555,4
DEQ,785097243548567,23,1400,159996,3
DEQ,785097243629128,23,1400,238890,4
DEQ,785097243631956,23,1400,153476,3
DEQ,785097243656746,23,1400,174418,4
DEQ,785097243732501,23,1400,179157,3
DEQ,785097243735338,23,1400,171718,2
DEQ,785097243751713,23,1400,115012,3
DEQ,785097243837486,23,1400,185294,4
DEQ,785097243840266,23,1400,100207,3
DEQ,785097243915780,23,1400,171829,4
DEQ,785097243918575,23,1400,164579,3
DEQ,785097243998115,23,1400,242310,4
DEQ,785097244001066,23,1400,156006,3
DEQ,785097244022617,23,1400,173648,4
DEQ,785097244099656,23,1400,176455,3
DEQ,785097244102522,23,1400,175413,2
DEQ,785097244177864,23,1400,171412,3
DEQ,785097244180757,23,1400,162660,2
DEQ,785097244251157,23,1400,143835,3
DEQ,785097244254035,23,1400,142873,2
DEQ,785097244329771,23,1400,144222,3
DEQ,785097244332618,23,1400,143186,2
DEQ,785097244419926,23,1400,161018,3
DEQ,785097244422771,23,1400,159968,2
DEQ,785097244511228,23,1400,173851,3
DEQ,785097244514161,23,1400,167543,2
DEQ,785097244597421,23,1400,169935,3
DEQ,785097244600311,23,1400,162600,2
DEQ,785097244676498,23,1400,157563,3
DEQ,785097244695078,23,1400,167335,4
DEQ,785097244824803,23,1400,219718,3
DEQ,785097441635548,23,1400,197020789,4
DEQ,785097441639318,23,1400,196956044,3
DEQ,785097441639980,23,1400,196952603,2
DEQ,785097441641702,23,1400,196809903,1
DEQ,785097441756705,23,1400,196915774,4
DEQ,785097441759991,23,1400,113271,3
DEQ,785097441761949,23,1400,111219,2
DEQ,785097441854249,23,1400,197109,3
DEQ,785097441857222,23,1400,198064,2
DEQ,785097441936092,23,1400,169266,3
DEQ,785097441939013,23,1400,167946,2
DEQ,785097442010733,23,1400,148400,3
DEQ,785097442013598,23,1400,147468,2
DEQ,785097442104167,23,1400,160166,3
DEQ,785097442106935,23,1400,159087,2
DEQ,785097442184275,23,1400,165723,3
DEQ,785097442187163,23,1400,159433,2
DEQ,785097442260681,23,1400,148995,3
DEQ,785097442263532,23,1400,147969,2
DEQ,785097442347432,23,1400,155513,3
DEQ,785097442350424,23,1400,154639,2
DEQ,785097442433534,23,1400,165246,3
DEQ,785097442436404,23,1400,158739,2
DEQ,785097442531341,23,1400,176137,3
DEQ,785097442550649,23,1400,186954,4
DEQ,785097442635173,23,1400,193980,3
DEQ,785097442637999,23,1400,187297,2
DEQ,785097442654238,23,1400,115772,3
DEQ,785097442732344,23,1400,190033,4
DEQ,785097442740098,23,1400,93802,3
DEQ,785097442817583,23,1400,167390,4
DEQ,785097442820505,23,1400,163861,3
DEQ,785097442900536,23,1400,241775,4
DEQ,785097442903443,23,1400,158846,3
DEQ,785097442984120,23,1400,235701,4
DEQ,785097442987021,23,1400,161827,3
DEQ,785097443064707,23,1400,235717,4
DEQ,785097443067582,23,1400,159214,3
DEQ,785097443153583,23,1400,233978,4
DEQ,785097443156660,23,1400,164466,3
DEQ,785097443240509,23,1400,244437,4
DEQ,785097443318878,23,1400,246567,3
DEQ,785097443321725,23,1400,245520,2
DEQ,785097443394147,23,1400,232386,3
DEQ,785097443412593,23,1400,243130,4
DEQ,785097443486554,23,1400,160061,3
DEQ,785097443489347,23,1400,158975,2
DEQ,785097443505604,23,1400,101175,3
DEQ,785097443579226,23,1400,170888,4
DEQ,785097443582116,23,1400,87963,3
DEQ,785097443664242,23,1400,162757,4
DEQ,785097443667032,23,1400,158895,3
DEQ,785097443740167,23,1400,230108,4
DEQ,785097443743094,23,1400,156143,3
DEQ,785097443815194,23,1400,219798,4
DEQ,785097443818069,23,1400,146093,3
DEQ,785097443911082,23,1400,235235,4
DEQ,785097443914002,23,1400,165973,3
DEQ,785097443992546,23,1400,240694,4
DEQ,785097443995497,23,1400,172696,3
DEQ,785097444099788,23,1400,265433,4
DEQ,785097444103083,23,1400,184246,3
DEQ,785097444191054,23,1400,262739,4
DEQ,785097444194311,23,1400,193839,3
DEQ,785097444210201,23,1400,205871,4
DEQ,785097444290873,23,1400,182190,3
DEQ,785097444309708,23,1400,196701,4
DEQ,785097444393819,23,1400,194742,3
DEQ,785097444396741,23,1400,193856,2
DEQ,785097444413266,23,1400,115360,3
DEQ,785097444492152,23,1400,190425,4
DEQ,785097444495743,23,1400,90696,3
DEQ,785097444570905,23,1400,162006,4
DEQ,785097444573748,23,1400,158105,3
DEQ,785097444648429,23,1400,230831,4
DEQ,785097444651299,23,1400,150530,3
DEQ,785097444730009,23,1400,225396,4
DEQ,785097444733534,23,1400,155062,3
DEQ,785097444810059,23,1400,227669,4
DEQ,785097444813219,23,1400,156934,3
DEQ,785097444893713,23,1400,233548,4
DEQ,785097444896601,23,1400,158157,3
DEQ,785097444980668,23,1400,238303,4
DEQ,785097444983896,23,1400,165868,3
DEQ,785097445000679,23,1400,175758,4
DEQ,785097445090073,23,1400,188704,3
DEQ,785097445092968,23,1400,182673,2
DEQ,785097445185094,23,1400,196316,3
DEQ,785097445187963,23,1400,195230,2
DEQ,785097445258140,23,1400,160292,3
DEQ,785097445261004,23,1400,154761,2
DEQ,785097445277718,23,1400,84732,3
DEQ,785097445364107,23,1400,167311,4
DEQ,785097445374866,23,1400,108833,3
DEQ,785097445455475,23,1400,185605,4
DEQ,785097445458364,23,1400,178256,3
DEQ,785097445540893,23,1400,258740,4
DEQ,785097445543784,23,1400,164283,3
DEQ,785097445578046,23,1400,194680,4
DEQ,785097641632544,23,1400,196169092,6
DEQ,785097641635736,23,1400,196163665,5
DEQ,785097641636281,23,1400,196087583,4
DEQ,785097641638175,23,1400,196085536,3
DEQ,785097641638677,23,52,36235270,2
DEQ,785097641724691,23,56,36167961,1
DEQ,785097641725550,23,364,36156869,0
DEQ,785097902268347,23,364,146521,0
STATS,785098102849526,0,0,18546,18546,0,0,0
DEQ,785098167203684,23,84,22215,0
DEQ,785098488167885,23,52,83258,2
DEQ,785098488197672,23,53,59796,1
DEQ,785098488217940,23,52,58447,0
DEQ,785098523911620,23,52,23829,0
STATS,785099125294040,0,0,18551,18551,0,0,0
DEQ,785099167794511,23,84,24839,0
DEQ,785100169560715,23,84,30172,0
STATS,785100169586473,0,0,18553,18553,0,0,0
DEQ,785101170963406,23,84,28304,0
STATS,785101170987371,0,0,18554,18554,0,0,0
DEQ,785102172169055,23,84,28995,0
STATS,785102172193550,0,0,18555,18555,0,0,0
DEQ,785103173799469,23,84,27922,0
STATS,785103173823435,0,0,18556,18556,0,0,0
DEQ,785104175662973,23,84,29041,0
STATS,785104175684957,0,0,18557,18557,0,0,0
DEQ,785105177607281,23,84,28259,0
STATS,785105177666737,0,0,18558,18558,0,0,0
DEQ,785106179542685,23,84,27885,0
STATS,785106179655785,0,0,18559,18559,0,0,0
DEQ,785107181409161,23,84,31263,0
STATS,785107181544194,0,0,18560,18560,0,0,0
DEQ,785108182837715,23,84,31586,0
STATS,785108182980139,0,0,18561,18561,0,0,0
DEQ,785109184726395,23,84,28409,0
STATS,785109184872525,0,0,18562,18562,0,0,0
STATS,785109786221977,0,0,18562,18562,0,0,0
