ts_mono_s,tb_new_bytes,tb_retx_bytes,num_new_tb,num_retx_tb
785783.863036,59363932,3422157,56208,3102
785783.863070,59363932,3422157,56208,3102
785783.863090,59363932,3422157,56208,3102
785783.863108,59363932,3422157,56208,3102
785783.863136,59363932,3422157,56208,3102
785783.863154,59363932,3422157,56208,3102
785783.863167,59363932,3422157,56208,3102
785783.863179,59363932,3422157,56208,3102
785783.863200,59363932,3422157,56208,3102
785783.863213,59363932,3422157,56208,3102
785783.863228,59363932,3422157,56208,3102
785783.863240,59363932,3422157,56208,3102
785783.863263,59363932,3422157,56208,3102
785783.863275,59363932,3422157,56208,3102
785783.863287,59363932,3422157,56208,3102
785783.863299,59363932,3422157,56208,3102
785783.863320,59363932,3422157,56208,3102
785783.863332,59363932,3422157,56208,3102
785783.863344,59363932,3422157,56208,3102
785783.863356,59364476,3422157,56209,3102
785783.863378,59364476,3422157,56209,3102
785783.863390,59364476,3422157,56209,3102
785783.863402,59364476,3422157,56209,3102
785783.863414,59364476,3422157,56209,3102
785783.863436,59364476,3422157,56209,3102
785783.863448,59364476,3422157,56209,3102
785783.863461,59364476,3422157,56209,3102
785783.863473,59364476,3422157,56209,3102
785783.863495,59364476,3422157,56209,3102
785783.863507,59364476,3422157,56209,3102
785783.863519,59364476,3422157,56209,3102
785783.863531,59364476,3422157,56209,3102
785783.863553,59364476,3422157,56209,3102
785783.863565,59364476,3422157,56209,3102
785783.863577,59364476,3422157,56209,3102
785783.863590,59364476,3422157,56209,3102
785783.863612,59364476,3422157,56209,3102
785783.863624,59364476,3422157,56209,3102
785783.863637,59364476,3422157,56209,3102
785783.863650,59364476,3422157,56209,3102
785783.863672,59364476,3422157,56209,3102
785783.863685,59364476,3422157,56209,3102
785783.863697,59364476,3422157,56209,3102
785783.863709,59364476,3422157,56209,3102
785783.863732,59364476,3422157,56209,3102
785783.863744,59364476,3422157,56209,3102
785783.863756,59364476,3422157,56209,3102
785783.863769,59364476,3422157,56209,3102
785783.863791,59364476,3422157,56209,3102
785783.863802,59364476,3422157,56209,3102
785783.863815,59364476,3422157,56209,3102
785783.863828,59365020,3422157,56210,3102
785783.863850,59365020,3422157,56210,3102
785783.863862,59365020,3422157,56210,3102
785783.863874,59365020,3422157,56210,3102
785783.863887,59365020,3422157,56210,3102
785783.863909,59365020,3422157,56210,3102
785783.863921,59365020,3422157,56210,3102
785783.863933,59365020,3422157,56210,3102
785783.863945,59365020,3422157,56210,3102
785783.863968,59365020,3422157,56210,3102
785783.863982,59365020,3422157,56210,3102
785783.863995,59365020,3422157,56210,3102
785783.864009,59365020,3422157,56210,3102
785783.864033,59365020,3422157,56210,3102
785783.864048,59365020,3422157,56210,3102
785783.864062,59365020,3422157,56210,3102
785783.864077,59365020,3422157,56210,3102
785783.864102,59365020,3422157,56210,3102
785783.864118,59365020,3422157,56210,3102
785783.864132,59365020,3422157,56210,3102
785783.864146,59365020,3422157,56210,3102
785783.864170,59365020,3422157,56210,3102
785783.864182,59365020,3422157,56210,3102
785783.864195,59365020,3422157,56210,3102
785783.864206,59365020,3422157,56210,3102
785783.864228,59365020,3422157,56210,3102
785783.864240,59365020,3422157,56210,3102
785783.864252,59365020,3422157,56210,3102
785783.864264,59365020,3422157,56210,3102
785783.864287,59365020,3422157,56210,3102
785783.864299,59365020,3422157,56210,3102
785783.864311,59365020,3422157,56210,3102
785783.864323,59365020,3422157,56210,3102
785783.864344,59365020,3422157,56210,3102
785783.864357,59365020,3422157,56210,3102
785783.864370,59365020,3422157,56210,3102
785783.864382,59365020,3422157,56210,3102
785783.864405,59365020,3422157,56210,3102
785783.864417,59365020,3422157,56210,3102
785783.864429,59365020,3422157,56210,3102
785783.864441,59365020,3422157,56210,3102
785783.864462,59365020,3422157,56210,3102
785783.864474,59365020,3422157,56210,3102
785783.864486,59365020,3422157,56210,3102
785783.864499,59365020,3422157,56210,3102
785783.864521,59365020,3422157,56210,3102
785783.864533,59365020,3422157,56210,3102
785783.864545,59365020,3422157,56210,3102
785783.864557,59365020,3422157,56210,3102
785783.864580,59365020,3422157,56210,3102
785783.864592,59365020,3422157,56210,3102
785783.864605,59365020,3422157,56210,3102
785783.864617,59365020,3422157,56210,3102
785783.864638,59365020,3422157,56210,3102
785783.864650,59365020,3422157,56210,3102
785783.864662,59365020,3422157,56210,3102
785783.864674,59365020,3422157,56210,3102
785783.864696,59365020,3422157,56210,3102
785783.864708,59365020,3422157,56210,3102
785783.864720,59365020,3422157,56210,3102
785783.864732,59365020,3422157,56210,3102
785783.864754,59365020,3422157,56210,3102
785783.864766,59365020,3422157,56210,3102
785783.864778,59365020,3422157,56210,3102
785783.864790,59365020,3422157,56210,3102
785783.864811,59365020,3422157,56210,3102
785783.864823,59365020,3422157,56210,3102
785783.864835,59365020,3422157,56210,3102
785783.864847,59365020,3422157,56210,3102
785783.864870,59365020,3422157,56210,3102
785783.864882,59365020,3422157,56210,3102
785783.864894,59365020,3422157,56210,3102
785783.864906,59365020,3422157,56210,3102
785783.864926,59365020,3422157,56210,3102
785783.864938,59365020,3422157,56210,3102
785783.864951,59365020,3422157,56210,3102
785783.864963,59365564,3422157,56211,3102
785783.864985,59365564,3422157,56211,3102
785783.864997,59365564,3422157,56211,3102
785783.865015,59365564,3422157,56211,3102
785783.865029,59365564,3422157,56211,3102
785783.865054,59365564,3422157,56211,3102
785783.865068,59365564,3422157,56211,3102
785783.865082,59365564,3422157,56211,3102
785783.865096,59365564,3422157,56211,3102
785783.865121,59365564,3422157,56211,3102
785783.865137,59365564,3422157,56211,3102
785783.865150,59365564,3422157,56211,3102
785783.865163,59365564,3422157,56211,3102
785783.865185,59365564,3422157,56211,3102
785783.865197,59365564,3422157,56211,3102
785783.865209,59365564,3422157,56211,3102
785783.865221,59365564,3422157,56211,3102
785783.865243,59365564,3422157,56211,3102
785783.865254,59365564,3422157,56211,3102
785783.865266,59365564,3422157,56211,3102
785783.865280,59365564,3422157,56211,3102
785783.865302,59365564,3422157,56211,3102
785783.865315,59365564,3422157,56211,3102
785783.865328,59365564,3422157,56211,3102
785783.865340,59365564,3422157,56211,3102
785783.865361,59365564,3422157,56211,3102
785783.865373,59365564,3422157,56211,3102
785783.865385,59365564,3422157,56211,3102
785783.865397,59365564,3422157,56211,3102
785783.865418,59365564,3422157,56211,3102
785783.865430,59365564,3422157,56211,3102
785783.865443,59365564,3422157,56211,3102
785783.865455,59365564,3422157,56211,3102
785783.865476,59365564,3422157,56211,3102
785783.865488,59365564,3422157,56211,3102
785783.865500,59365564,3422157,56211,3102
785783.865513,59365564,3422157,56211,3102
785783.865534,59365564,3422157,56211,3102
785783.865546,59365564,3422157,56211,3102
785783.865559,59365564,3422157,56211,3102
785783.865571,59365564,3422157,56211,3102
785783.865593,59365564,3422157,56211,3102
785783.865605,59365564,3422157,56211,3102
785783.865617,59365564,3422157,56211,3102
785783.865628,59365564,3422157,56211,3102
785783.865649,59365564,3422157,56211,3102
785783.865661,59365564,3422157,56211,3102
785783.865673,59365564,3422157,56211,3102
785783.865684,59365564,3422157,56211,3102
785783.865707,59365564,3422157,56211,3102
785783.865719,59365564,3422157,56211,3102
785783.865731,59365564,3422157,56211,3102
785783.865743,59365564,3422157,56211,3102
785783.865764,59365564,3422157,56211,3102
785783.865776,59365564,3422157,56211,3102
785783.865788,59365564,3422157,56211,3102
785783.865800,59365564,3422157,56211,3102
785783.865821,59365564,3422157,56211,3102
785783.865833,59365564,3422157,56211,3102
785783.865845,59365564,3422157,56211,3102
785783.865857,59365564,3422157,56211,3102
785783.865880,59365564,3422157,56211,3102
785783.865892,59365564,3422157,56211,3102
785783.865904,59365564,3422157,56211,3102
785783.865916,59365564,3422157,56211,3102
785783.865938,59365564,3422157,56211,3102
785783.865950,59365564,3422157,56211,3102
785783.865962,59365564,3422157,56211,3102
785783.865974,59365564,3422157,56211,3102
785783.865997,59365564,3422157,56211,3102
785783.866012,59365564,3422157,56211,3102
785783.866024,59365564,3422157,56211,3102
785783.866036,59365564,3422157,56211,3102
785783.866057,59365564,3422157,56211,3102
785783.866069,59365564,3422157,56211,3102
785783.866082,59365564,3422157,56211,3102
785783.866094,59365564,3422157,56211,3102
785783.866115,59365564,3422157,56211,3102
785783.866127,59365564,3422157,56211,3102
785783.866139,59365564,3422157,56211,3102
785783.866151,59365564,3422157,56211,3102
785783.866174,59365564,3422157,56211,3102
785783.866186,59365564,3422157,56211,3102
785783.866198,59365564,3422157,56211,3102
785783.866210,59365564,3422157,56211,3102
785783.866231,59365564,3422157,56211,3102
785783.866243,59365564,3422157,56211,3102
785783.866257,59365564,3422157,56211,3102
785783.866269,59365564,3422157,56211,3102
785783.866291,59365564,3422157,56211,3102
785783.866304,59365564,3422157,56211,3102
785783.866316,59365564,3422157,56211,3102
785783.866328,59366108,3422157,56212,3102
785783.866349,59366108,3422157,56212,3102
785783.866361,59366108,3422157,56212,3102
785783.866373,59366108,3422157,56212,3102
785783.866385,59366108,3422157,56212,3102
785783.866406,59366108,3422157,56212,3102
785783.866418,59366108,3422157,56212,3102
785783.866430,59366108,3422157,56212,3102
785783.866442,59366108,3422157,56212,3102
785783.866464,59366108,3422157,56212,3102
785783.866476,59366108,3422157,56212,3102
785783.866487,59366108,3422157,56212,3102
785783.866499,59366652,3422157,56213,3102
785783.866520,59366652,3422157,56213,3102
785783.866532,59366652,3422157,56213,3102
785783.866544,59366652,3422157,56213,3102
785783.866556,59366652,3422157,56213,3102
785783.866578,59366652,3422157,56213,3102
785783.866590,59366652,3422157,56213,3102
785783.866602,59366652,3422157,56213,3102
785783.866614,59366652,3422157,56213,3102
785783.866637,59366652,3422157,56213,3102
785783.866649,59366652,3422157,56213,3102
785783.866660,59366652,3422157,56213,3102
785783.866672,59366652,3422157,56213,3102
785783.866693,59366652,3422157,56213,3102
785783.866705,59366652,3422157,56213,3102
785783.866718,59366652,3422157,56213,3102
785783.866730,59366652,3422157,56213,3102
785783.866752,59366652,3422157,56213,3102
785783.866764,59366652,3422157,56213,3102
785783.866776,59366652,3422157,56213,3102
785783.866788,59366652,3422157,56213,3102
785783.866809,59366652,3422157,56213,3102
785783.866821,59366652,3422157,56213,3102
785783.866833,59366652,3422157,56213,3102
785783.866844,59367196,3422157,56214,3102
785783.866866,59367196,3422157,56214,3102
785783.866878,59367196,3422157,56214,3102
785783.866890,59367196,3422157,56214,3102
785783.866902,59367196,3422157,56214,3102
785783.866923,59367196,3422157,56214,3102
785783.866935,59367196,3422157,56214,3102
785783.866947,59367196,3422157,56214,3102
785783.866958,59367196,3422157,56214,3102
785783.866979,59367196,3422157,56214,3102
785783.866994,59367196,3422157,56214,3102
785783.867007,59367196,3422157,56214,3102
785783.867019,59367196,3422157,56214,3102
785783.867040,59367196,3422157,56214,3102
785783.867052,59367196,3422157,56214,3102
785783.867064,59367196,3422157,56214,3102
785783.867076,59367196,3422157,56214,3102
785783.867096,59367196,3422157,56214,3102
785783.867108,59367196,3422157,56214,3102
785783.867120,59367196,3422157,56214,3102
785783.867132,59367196,3422157,56214,3102
785783.867153,59367196,3422157,56214,3102
785783.867165,59367196,3422157,56214,3102
785783.867177,59367196,3422157,56214,3102
785783.867189,59367196,3422157,56214,3102
785783.867210,59367196,3422157,56214,3102
785783.867222,59367196,3422157,56214,3102
785783.867234,59367196,3422157,56214,3102
785783.867245,59367196,3422157,56214,3102
785783.867267,59367196,3422157,56214,3102
785783.867279,59367196,3422157,56214,3102
785783.867291,59367196,3422157,56214,3102
785783.867303,59367196,3422157,56214,3102
785783.867324,59367196,3422157,56214,3102
785783.867337,59367196,3422157,56214,3102
785783.867350,59367196,3422157,56214,3102
785783.867362,59367740,3422157,56215,3102
785783.867383,59367740,3422157,56215,3102
785783.867395,59367740,3422157,56215,3102
785783.867406,59367740,3422157,56215,3102
785783.867418,59368284,3422157,56216,3102
785783.867440,59368284,3422157,56216,3102
785783.867453,59368284,3422157,56216,3102
785783.867465,59368284,3422157,56216,3102
785783.867478,59368284,3422157,56216,3102
785783.867499,59368284,3422157,56216,3102
785783.867511,59368284,3422157,56216,3102
785783.867523,59368284,3422157,56216,3102
785783.867535,59368828,3422157,56217,3102
785783.867557,59368828,3422157,56217,3102
785783.867569,59368828,3422157,56217,3102
785783.867581,59368828,3422157,56217,3102
785783.867593,59368828,3422157,56217,3102
785783.867614,59368828,3422157,56217,3102
785783.867626,59368828,3422157,56217,3102
785783.867648,59665852,3422157,56763,3102
785783.867659,59665852,3422157,56763,3102
785783.867671,59665852,3422157,56763,3102
785783.867693,59665852,3422157,56763,3102
785783.867705,59665852,3422157,56763,3102
785783.867717,59665852,3422157,56763,3102
785783.867730,59665852,3422157,56763,3102
785783.867751,59665852,3422157,56763,3102
785783.867764,59665852,3422157,56763,3102
785783.867776,59665852,3422157,56763,3102
785783.867788,59665852,3422157,56763,3102
785783.867810,59665852,3422157,56763,3102
785783.867823,59665852,3422157,56763,3102
785783.867834,59665852,3422157,56763,3102
785783.867847,59665852,3422157,56763,3102
785783.867867,59665852,3422157,56763,3102
785783.867880,59665852,3422157,56763,3102
785783.867892,59665852,3422157,56763,3102
785783.867904,59665852,3422157,56763,3102
785783.867924,59665852,3422157,56763,3102
785783.867937,59665852,3422157,56763,3102
785783.867949,59665852,3422157,56763,3102
785783.867960,59665852,3422157,56763,3102
785783.867982,59665852,3422157,56763,3102
785783.867995,59665852,3422157,56763,3102
785783.868008,59665852,3422157,56763,3102
785783.868021,59665852,3422157,56763,3102
785783.868045,59665852,3422157,56763,3102
785783.868060,59665852,3422157,56763,3102
785783.868074,59665852,3422157,56763,3102
785783.868089,59665852,3422157,56763,3102
785783.868115,59665852,3422157,56763,3102
785783.868131,59665852,3422157,56763,3102
785783.868149,59665852,3422157,56763,3102
785783.868161,59665852,3422157,56763,3102
785783.868182,59665852,3422157,56763,3102
785783.868194,59665852,3422157,56763,3102
785783.868206,59665852,3422157,56763,3102
785783.868219,59665852,3422157,56763,3102
785783.868239,59665852,3422157,56763,3102
785783.868253,59665852,3422157,56763,3102
785783.868267,59665852,3422157,56763,3102
785783.868279,59665852,3422157,56763,3102
785783.868300,59665852,3422157,56763,3102
785783.868312,59665852,3422157,56763,3102
785783.868324,59665852,3422157,56763,3102
785783.868337,59665852,3422157,56763,3102
785783.868358,59665852,3422157,56763,3102
785783.868371,59665852,3422157,56763,3102
785783.868383,59665852,3422157,56763,3102
785783.868396,59665852,3422157,56763,3102
785783.868417,59665852,3422157,56763,3102
785783.868430,59665852,3422157,56763,3102
785783.868442,59665852,3422157,56763,3102
785783.868454,59665852,3422157,56763,3102
785783.868475,59665852,3422157,56763,3102
785783.868488,59665852,3422157,56763,3102
785783.868500,59665852,3422157,56763,3102
785783.868512,59665852,3422157,56763,3102
785783.868534,59665852,3422157,56763,3102
785783.868547,59665852,3422157,56763,3102
785783.868559,59665852,3422157,56763,3102
785783.868571,59665852,3422157,56763,3102
785783.868592,59665852,3422157,56763,3102
785783.868604,59665852,3422157,56763,3102
785783.868616,59665852,3422157,56763,3102
785783.868628,59665852,3422157,56763,3102
785783.868649,59665852,3422157,56763,3102
785783.868663,59665852,3422157,56763,3102
785783.868675,59665852,3422157,56763,3102
785783.868687,59665852,3422157,56763,3102
785783.868708,59665852,3422157,56763,3102
785783.868721,59665852,3422157,56763,3102
785783.868732,59665852,3422157,56763,3102
785783.868745,59665852,3422157,56763,3102
785783.868766,59665852,3422157,56763,3102
785783.868778,59665852,3422157,56763,3102
785783.868790,59665852,3422157,56763,3102
785783.868802,59665852,3422157,56763,3102
785783.868824,59665852,3422157,56763,3102
785783.868837,59665852,3422157,56763,3102
785783.868849,59665852,3422157,56763,3102
785783.868862,59665852,3422157,56763,3102
785783.868884,59665852,3422157,56763,3102
785783.868896,59665852,3422157,56763,3102
785783.868908,59665852,3422157,56763,3102
785783.868920,59665852,3422157,56763,3102
785783.868943,59665852,3422157,56763,3102
785783.868955,59665852,3422157,56763,3102
785783.868967,59665852,3422157,56763,3102
785783.868980,59665852,3422157,56763,3102
785783.869012,59665852,3422157,56763,3102
785783.869025,59665852,3422157,56763,3102
785783.869037,59665852,3422157,56763,3102
785783.869048,59665852,3422157,56763,3102
785783.869069,59665852,3422157,56763,3102
785783.869082,59665852,3422157,56763,3102
785783.869095,59665852,3422157,56763,3102
785783.869107,59665852,3422157,56763,3102
785783.869128,59665852,3422157,56763,3102
785783.869140,59665852,3422157,56763,3102
785783.869152,59665852,3422157,56763,3102
785783.869164,59665852,3422157,56763,3102
785783.869186,59665852,3422157,56763,3102
785783.869198,59665852,3422157,56763,3102
785783.869210,59665852,3422157,56763,3102
785783.869222,59665852,3422157,56763,3102
785783.869244,59665852,3422157,56763,3102
785783.869257,59665852,3422157,56763,3102
785783.869269,59665852,3422157,56763,3102
785783.869281,59665852,3422157,56763,3102
785783.869302,59665852,3422157,56763,3102
785783.869315,59665852,3422157,56763,3102
785783.869327,59665852,3422157,56763,3102
785783.869339,59665852,3422157,56763,3102
785783.869361,59665852,3422157,56763,3102
785783.869373,59665852,3422157,56763,3102
785783.869385,59665852,3422157,56763,3102
785783.869398,59665852,3422157,56763,3102
785783.869418,59665852,3422157,56763,3102
785783.869431,59665852,3422157,56763,3102
785783.869443,59665852,3422157,56763,3102
785783.869455,59665852,3422157,56763,3102
785783.869475,59665852,3422157,56763,3102
785783.869488,59665852,3422157,56763,3102
785783.869500,59665852,3422157,56763,3102
785783.869513,59665852,3422157,56763,3102
785783.869533,59665852,3422157,56763,3102
785783.869546,59665852,3422157,56763,3102
785783.869558,59665852,3422157,56763,3102
785783.869570,59665852,3422157,56763,3102
785783.869590,59665852,3422157,56763,3102
785783.869603,59665852,3422157,56763,3102
785783.869615,59665852,3422157,56763,3102
785783.869628,59665852,3422157,56763,3102
785783.869650,59665852,3422157,56763,3102
785783.869663,59665852,3422157,56763,3102
785783.869675,59665852,3422157,56763,3102
785783.869687,59665852,3422157,56763,3102
785783.869708,59665852,3422157,56763,3102
785783.869721,59665852,3422157,56763,3102
785783.869732,59665852,3422157,56763,3102
785783.869745,59665852,3422157,56763,3102
785783.869767,59665852,3422157,56763,3102
785783.869780,59665852,3422157,56763,3102
785783.869791,59665852,3422157,56763,3102
785783.869804,59665852,3422157,56763,3102
785783.869825,59665852,3422157,56763,3102
785783.869838,59665852,3422157,56763,3102
785783.869849,59665852,3422157,56763,3102
785783.869862,59665852,3422157,56763,3102
785783.869882,59665852,3422157,56763,3102
785783.869895,59665852,3422157,56763,3102
785783.869907,59665852,3422157,56763,3102
785783.869919,59665852,3422157,56763,3102
785783.869941,59665852,3422157,56763,3102
785783.869954,59665852,3422157,56763,3102
785783.869966,59665852,3422157,56763,3102
785783.869978,59665852,3422157,56763,3102
785783.870002,59665852,3422157,56763,3102
785783.870015,59665852,3422157,56763,3102
785783.870027,59665852,3422157,56763,3102
785783.870039,59665852,3422157,56763,3102
785783.870061,59665852,3422157,56763,3102
785783.870074,59665852,3422157,56763,3102
785783.870123,59665852,3422157,56763,3102
785783.870137,59665852,3422157,56763,3102
785783.870159,59665852,3422157,56763,3102
785783.870172,59665852,3422157,56763,3102
785783.870184,59665852,3422157,56763,3102
785783.870197,59665852,3422157,56763,3102
785783.870219,59665852,3422157,56763,3102
785783.870233,59665852,3422157,56763,3102
785783.870245,59665852,3422157,56763,3102
785783.870257,59665852,3422157,56763,3102
785783.870279,59665852,3422157,56763,3102
785783.870292,59665852,3422157,56763,3102
785783.870305,59665852,3422157,56763,3102
785783.870318,59665852,3422157,56763,3102
785783.870340,59665852,3422157,56763,3102
785783.870353,59665852,3422157,56763,3102
785783.870366,59665852,3422157,56763,3102
785783.870379,59665852,3422157,56763,3102
785783.870401,59665852,3422157,56763,3102
785783.870417,59665852,3422157,56763,3102
785783.870430,59665852,3422157,56763,3102
785783.870443,59665852,3422157,56763,3102
785783.870465,59665852,3422157,56763,3102
785783.870478,59665852,3422157,56763,3102
785783.870491,59665852,3422157,56763,3102
785783.870504,59665852,3422157,56763,3102
785783.870527,59665852,3422157,56763,3102
785783.870540,59665852,3422157,56763,3102
785783.870553,59665852,3422157,56763,3102
785783.870565,59665852,3422157,56763,3102
785783.870586,59665852,3422157,56763,3102
785783.870599,59665852,3422157,56763,3102
785783.870611,59665852,3422157,56763,3102
785783.870623,59665852,3422157,56763,3102
785783.870644,59665852,3422157,56763,3102
785783.870657,59665852,3422157,56763,3102
785783.870669,59665852,3422157,56763,3102
785783.870682,59665852,3422157,56763,3102
785783.870703,59665852,3422157,56763,3102
785783.870716,59665852,3422157,56763,3102
785783.870727,59665852,3422157,56763,3102
785783.870739,59665852,3422157,56763,3102
785783.870760,59665852,3422157,56763,3102
785783.870773,59665852,3422157,56763,3102
785783.870785,59665852,3422157,56763,3102
785783.870799,59665852,3422157,56763,3102
785783.870821,59665852,3422157,56763,3102
785783.870834,59665852,3422157,56763,3102
785783.870846,59665852,3422157,56763,3102
785783.870858,59665852,3422157,56763,3102
785783.870879,59665852,3422157,56763,3102
785783.870892,59665852,3422157,56763,3102
785783.870904,59665852,3422157,56763,3102
785783.870916,59665852,3422157,56763,3102
785783.870938,59665852,3422157,56763,3102
785783.870951,59665852,3422157,56763,3102
785783.870963,59665852,3422157,56763,3102
785783.870975,59665852,3422157,56763,3102
785783.870995,59665852,3422157,56763,3102
785783.871010,59665852,3422157,56763,3102
785783.871022,59665852,3422157,56763,3102
785783.871037,59665852,3422157,56763,3102
785783.871062,59665852,3422157,56763,3102
785783.871077,59665852,3422157,56763,3102
785783.871092,59665852,3422157,56763,3102
785783.871106,59665852,3422157,56763,3102
785783.871131,59665852,3422157,56763,3102
785783.871147,59665852,3422157,56763,3102
785783.871159,59665852,3422157,56763,3102
785783.871171,59665852,3422157,56763,3102
785783.871192,59665852,3422157,56763,3102
785783.871206,59665852,3422157,56763,3102
785783.871218,59665852,3422157,56763,3102
785783.871230,59665852,3422157,56763,3102
785783.871252,59665852,3422157,56763,3102
785783.871265,59665852,3422157,56763,3102
785783.871277,59665852,3422157,56763,3102
785783.871289,59665852,3422157,56763,3102
785783.871309,59665852,3422157,56763,3102
785783.871322,59665852,3422157,56763,3102
785783.871335,59665852,3422157,56763,3102
785783.871347,59665852,3422157,56763,3102
785783.871369,59665852,3422157,56763,3102
785783.871382,59665852,3422157,56763,3102
785783.871394,59665852,3422157,56763,3102
785783.871406,59665852,3422157,56763,3102
785783.871427,59665852,3422157,56763,3102
785783.871440,59665852,3422157,56763,3102
785783.871452,59665852,3422157,56763,3102
785783.871464,59665852,3422157,56763,3102
785783.871485,59665852,3422157,56763,3102
785783.871498,59665852,3422157,56763,3102
785783.871510,59665852,3422157,56763,3102
785783.871522,59665852,3422157,56763,3102
785783.871543,59665852,3422157,56763,3102
785783.871556,59665852,3422157,56763,3102
785783.871569,59665852,3422157,56763,3102
785783.871581,59665852,3422157,56763,3102
785783.871602,59665852,3422157,56763,3102
785783.871615,59665852,3422157,56763,3102
785783.871627,59665852,3422157,56763,3102
785783.871639,59665852,3422157,56763,3102
785783.871661,59665852,3422157,56763,3102
785783.871674,59665852,3422157,56763,3102
785783.871685,59665852,3422157,56763,3102
785783.871697,59665852,3422157,56763,3102
785783.871718,59665852,3422157,56763,3102
785783.871731,59665852,3422157,56763,3102
785783.871743,59665852,3422157,56763,3102
785783.871755,59665852,3422157,56763,3102
785783.871777,59665852,3422157,56763,3102
785783.871790,59665852,3422157,56763,3102
785783.871802,59665852,3422157,56763,3102
785783.871814,59665852,3422157,56763,3102
785783.871835,59665852,3422157,56763,3102
785783.871848,59665852,3422157,56763,3102
785783.871860,59665852,3422157,56763,3102
785783.871872,59665852,3422157,56763,3102
785783.871894,59665852,3422157,56763,3102
785783.871907,59665852,3422157,56763,3102
785783.871919,59665852,3422157,56763,3102
785783.871932,59665852,3422157,56763,3102
785783.871954,59665852,3422157,56763,3102
785783.871966,59665852,3422157,56763,3102
785783.871978,59665852,3422157,56763,3102
785783.871990,59665852,3422157,56763,3102
785783.872012,59665852,3422157,56763,3102
785783.872027,59665852,3422157,56763,3102
785783.872042,59665852,3422157,56763,3102
785783.872057,59665852,3422157,56763,3102
785783.872086,59665852,3422157,56763,3102
785783.872102,59665852,3422157,56763,3102
785783.872117,59665852,3422157,56763,3102
785783.872133,59665852,3422157,56763,3102
785783.872160,59665852,3422157,56763,3102
785783.872172,59665852,3422157,56763,3102
785783.872184,59665852,3422157,56763,3102
785783.872196,59665852,3422157,56763,3102
785783.872217,59665852,3422157,56763,3102
785783.872231,59665852,3422157,56763,3102
785783.872242,59665852,3422157,56763,3102
785783.872255,59665852,3422157,56763,3102
785783.872276,59665852,3422157,56763,3102
785783.872288,59665852,3422157,56763,3102
785783.872300,59665852,3422157,56763,3102
785783.872312,59665852,3422157,56763,3102
785783.872333,59665852,3422157,56763,3102
785783.872347,59665852,3422157,56763,3102
785783.872358,59665852,3422157,56763,3102
785783.872371,59665852,3422157,56763,3102
785783.872392,59665852,3422157,56763,3102
785783.872405,59665852,3422157,56763,3102
785783.872417,59665852,3422157,56763,3102
785783.872429,59665852,3422157,56763,3102
785783.872450,59665852,3422157,56763,3102
785783.872463,59665852,3422157,56763,3102
785783.872475,59665852,3422157,56763,3102
785783.872487,59665852,3422157,56763,3102
785783.872508,59665852,3422157,56763,3102
785783.872521,59665852,3422157,56763,3102
785783.872533,59665852,3422157,56763,3102
785783.872545,59665852,3422157,56763,3102
785783.872566,59665852,3422157,56763,3102
785783.872578,59665852,3422157,56763,3102
785783.872590,59665852,3422157,56763,3102
785783.872602,59665852,3422157,56763,3102
785783.872623,59665852,3422157,56763,3102
785783.872635,59665852,3422157,56763,3102
785783.872648,59665852,3422157,56763,3102
785783.872660,59665852,3422157,56763,3102
785783.872681,59665852,3422157,56763,3102
785783.872694,59665852,3422157,56763,3102
785783.872705,59665852,3422157,56763,3102
785783.872719,59665852,3422157,56763,3102
785783.872740,59665852,3422157,56763,3102
785783.872752,59665852,3422157,56763,3102
785783.872764,59665852,3422157,56763,3102
785783.872776,59665852,3422157,56763,3102
785783.872798,59665852,3422157,56763,3102
785783.872811,59665852,3422157,56763,3102
785783.872823,59665852,3422157,56763,3102
785783.872836,59665852,3422157,56763,3102
785783.872857,59665852,3422157,56763,3102
785783.872870,59665852,3422157,56763,3102
785783.872882,59665852,3422157,56763,3102
785783.872894,59665852,3422157,56763,3102
785783.872915,59665852,3422157,56763,3102
785783.872928,59665852,3422157,56763,3102
785783.872940,59665852,3422157,56763,3102
785783.872952,59665852,3422157,56763,3102
785783.872974,59665852,3422157,56763,3102
785783.872986,59665852,3422157,56763,3102
785783.872998,59665852,3422157,56763,3102
785783.873012,59665852,3422157,56763,3102
785783.873034,59665852,3422157,56763,3102
785783.873046,59665852,3422157,56763,3102
785783.873058,59665852,3422157,56763,3102
785783.873070,59665852,3422157,56763,3102
785783.873092,59665852,3422157,56763,3102
785783.873105,59665852,3422157,56763,3102
785783.873118,59665852,3422157,56763,3102
785783.873130,59665852,3422157,56763,3102
785783.873150,59665852,3422157,56763,3102
785783.873163,59665852,3422157,56763,3102
785783.873175,59665852,3422157,56763,3102
785783.873187,59665852,3422157,56763,3102
785783.873208,59665852,3422157,56763,3102
785783.873221,59665852,3422157,56763,3102
785783.873233,59665852,3422157,56763,3102
785783.873245,59665852,3422157,56763,3102
785783.873266,59665852,3422157,56763,3102
785783.873279,59665852,3422157,56763,3102
785783.873291,59665852,3422157,56763,3102
785783.873303,59665852,3422157,56763,3102
785783.873325,59665852,3422157,56763,3102
785783.873337,59665852,3422157,56763,3102
785783.873350,59665852,3422157,56763,3102
785783.873362,59665852,3422157,56763,3102
785783.873382,59665852,3422157,56763,3102
785783.873395,59665852,3422157,56763,3102
785783.873407,59665852,3422157,56763,3102
785783.873419,59665852,3422157,56763,3102
785783.873440,59665852,3422157,56763,3102
785783.873454,59665852,3422157,56763,3102
785783.873466,59665852,3422157,56763,3102
785783.873478,59665852,3422157,56763,3102
785783.873500,59665852,3422157,56763,3102
785783.873513,59665852,3422157,56763,3102
785783.873525,59665852,3422157,56763,3102
785783.873536,59665852,3422157,56763,3102
785783.873558,59665852,3422157,56763,3102
785783.873570,59665852,3422157,56763,3102
785783.873583,59665852,3422157,56763,3102
785783.873595,59665852,3422157,56763,3102
785783.873617,59665852,3422157,56763,3102
785783.873629,59665852,3422157,56763,3102
785783.873642,59665852,3422157,56763,3102
785783.873654,59665852,3422157,56763,3102
785783.873675,59665852,3422157,56763,3102
785783.873687,59665852,3422157,56763,3102
785783.873699,59665852,3422157,56763,3102
785783.873711,59665852,3422157,56763,3102
785783.873731,59665852,3422157,56763,3102
785783.873745,59665852,3422157,56763,3102
785783.873757,59665852,3422157,56763,3102
785783.873769,59665852,3422157,56763,3102
785783.873790,59665852,3422157,56763,3102
785783.873803,59665852,3422157,56763,3102
785783.873815,59665852,3422157,56763,3102
785783.873829,59665852,3422157,56763,3102
785783.873850,59665852,3422157,56763,3102
785783.873863,59665852,3422157,56763,3102
785783.873875,59665852,3422157,56763,3102
785783.873887,59665852,3422157,56763,3102
785783.873909,59665852,3422157,56763,3102
785783.873923,59665852,3422157,56763,3102
785783.873937,59665852,3422157,56763,3102
785783.873950,59665852,3422157,56763,3102
785783.873973,59665852,3422157,56763,3102
785783.873986,59665852,3422157,56763,3102
785783.873999,59665852,3422157,56763,3102
785783.874014,59665852,3422157,56763,3102
785783.874038,59665852,3422157,56763,3102
785783.874051,59665852,3422157,56763,3102
785783.874064,59665852,3422157,56763,3102
785783.874077,59665852,3422157,56763,3102
785783.874099,59665852,3422157,56763,3102
785783.874113,59665852,3422157,56763,3102
785783.874127,59665852,3422157,56763,3102
785783.874139,59665852,3422157,56763,3102
785783.874162,59665852,3422157,56763,3102
785783.874177,59665852,3422157,56763,3102
785783.874190,59665852,3422157,56763,3102
785783.874203,59665852,3422157,56763,3102
785783.874225,59665852,3422157,56763,3102
785783.874241,59665852,3422157,56763,3102
785783.874254,59665852,3422157,56763,3102
785783.874266,59665852,3422157,56763,3102
785783.874287,59665852,3422157,56763,3102
785783.874300,59665852,3422157,56763,3102
785783.874312,59665852,3422157,56763,3102
785783.874324,59665852,3422157,56763,3102
785783.874346,59665852,3422157,56763,3102
785783.874359,59665852,3422157,56763,3102
785783.874372,59665852,3422157,56763,3102
785783.874384,59665852,3422157,56763,3102
785783.874405,59665852,3422157,56763,3102
785783.874418,59665852,3422157,56763,3102
785783.874430,59665852,3422157,56763,3102
785783.874442,59665852,3422157,56763,3102
785783.874465,59665852,3422157,56763,3102
785783.874478,59665852,3422157,56763,3102
785783.874490,59665852,3422157,56763,3102
785783.874502,59665852,3422157,56763,3102
785783.874523,59665852,3422157,56763,3102
785783.874535,59665852,3422157,56763,3102
785783.874547,59665852,3422157,56763,3102
785783.874559,59665852,3422157,56763,3102
785783.874580,59665852,3422157,56763,3102
785783.874592,59665852,3422157,56763,3102
785783.874606,59665852,3422157,56763,3102
785783.874619,59665852,3422157,56763,3102
785783.874639,59665852,3422157,56763,3102
785783.874652,59665852,3422157,56763,3102
785783.874664,59665852,3422157,56763,3102
785783.874676,59665852,3422157,56763,3102
785783.874697,59665852,3422157,56763,3102
785783.874710,59665852,3422157,56763,3102
785783.874722,59665852,3422157,56763,3102
785783.874734,59665852,3422157,56763,3102
785783.874755,59665852,3422157,56763,3102
785783.874768,59665852,3422157,56763,3102
785783.874780,59665852,3422157,56763,3102
785783.874792,59665852,3422157,56763,3102
785783.874813,59665852,3422157,56763,3102
785783.874825,59665852,3422157,56763,3102
785783.874837,59665852,3422157,56763,3102
785783.874849,59665852,3422157,56763,3102
785783.874871,59665852,3422157,56763,3102
785783.874884,59665852,3422157,56763,3102
785783.874896,59665852,3422157,56763,3102
785783.874908,59665852,3422157,56763,3102
785783.874929,59665852,3422157,56763,3102
785783.874942,59665852,3422157,56763,3102
785783.874954,59665852,3422157,56763,3102
785783.874966,59665852,3422157,56763,3102
785783.874987,59665852,3422157,56763,3102
785783.875000,59665852,3422157,56763,3102
785783.875013,59665852,3422157,56763,3102
785783.875026,59665852,3422157,56763,3102
785783.875047,59665852,3422157,56763,3102
785783.875059,59665852,3422157,56763,3102
785783.875071,59665852,3422157,56763,3102
785783.875083,59665852,3422157,56763,3102
785783.875105,59665852,3422157,56763,3102
785783.875118,59665852,3422157,56763,3102
785783.875129,59665852,3422157,56763,3102
785783.875142,59665852,3422157,56763,3102
785783.875163,59665852,3422157,56763,3102
785783.875176,59665852,3422157,56763,3102
785783.875188,59665852,3422157,56763,3102
785783.875199,59665852,3422157,56763,3102
785783.875220,59665852,3422157,56763,3102
785783.875233,59665852,3422157,56763,3102
785783.875244,59665852,3422157,56763,3102
785783.875257,59665852,3422157,56763,3102
785783.875278,59665852,3422157,56763,3102
785783.875291,59665852,3422157,56763,3102
785783.875303,59665852,3422157,56763,3102
785783.875315,59665852,3422157,56763,3102
785783.875336,59665852,3422157,56763,3102
785783.875349,59665852,3422157,56763,3102
785783.875361,59665852,3422157,56763,3102
785783.875373,59665852,3422157,56763,3102
785783.875394,59665852,3422157,56763,3102
785783.875407,59665852,3422157,56763,3102
785783.875419,59665852,3422157,56763,3102
785783.875431,59665852,3422157,56763,3102
785783.875453,59665852,3422157,56763,3102
785783.875466,59665852,3422157,56763,3102
785783.875478,59665852,3422157,56763,3102
785783.875489,59665852,3422157,56763,3102
785783.875510,59665852,3422157,56763,3102
785783.875523,59665852,3422157,56763,3102
785783.875535,59665852,3422157,56763,3102
785783.875547,59665852,3422157,56763,3102
785783.875569,59665852,3422157,56763,3102
785783.875582,59665852,3422157,56763,3102
785783.875594,59665852,3422157,56763,3102
785783.875606,59665852,3422157,56763,3102
785783.875627,59665852,3422157,56763,3102
785783.875640,59665852,3422157,56763,3102
785783.875652,59665852,3422157,56763,3102
785783.875664,59665852,3422157,56763,3102
785783.875686,59665852,3422157,56763,3102
785783.875699,59665852,3422157,56763,3102
785783.875711,59665852,3422157,56763,3102
785783.875725,59665852,3422157,56763,3102
785783.875746,59665852,3422157,56763,3102
785783.875759,59665852,3422157,56763,3102
785783.875771,59665852,3422157,56763,3102
785783.875783,59665852,3422157,56763,3102
785783.875804,59665852,3422157,56763,3102
785783.875817,59665852,3422157,56763,3102
785783.875829,59665852,3422157,56763,3102
785783.875842,59665852,3422157,56763,3102
785783.875864,59665852,3422157,56763,3102
785783.875877,59665852,3422157,56763,3102
785783.875889,59665852,3422157,56763,3102
785783.875901,59665852,3422157,56763,3102
785783.875922,59665852,3422157,56763,3102
785783.875934,59665852,3422157,56763,3102
785783.875946,59665852,3422157,56763,3102
785783.875958,59665852,3422157,56763,3102
785783.875980,59665852,3422157,56763,3102
785783.875992,59665852,3422157,56763,3102
785783.876005,59665852,3422157,56763,3102
785783.876017,59665852,3422157,56763,3102
785783.876039,59665852,3422157,56763,3102
785783.876051,59665852,3422157,56763,3102
785783.876063,59665852,3422157,56763,3102
785783.876075,59665852,3422157,56763,3102
785783.876098,59665852,3422157,56763,3102
785783.876110,59665852,3422157,56763,3102
785783.876123,59665852,3422157,56763,3102
785783.876135,59665852,3422157,56763,3102
785783.876156,59665852,3422157,56763,3102
785783.876168,59665852,3422157,56763,3102
785783.876180,59665852,3422157,56763,3102
785783.876192,59665852,3422157,56763,3102
785783.876212,59665852,3422157,56763,3102
785783.876225,59665852,3422157,56763,3102
785783.876237,59665852,3422157,56763,3102
785783.876249,59665852,3422157,56763,3102
785783.876270,59665852,3422157,56763,3102
785783.876283,59665852,3422157,56763,3102
785783.876295,59665852,3422157,56763,3102
785783.876307,59665852,3422157,56763,3102
785783.876328,59665852,3422157,56763,3102
785783.876341,59665852,3422157,56763,3102
785783.876353,59665852,3422157,56763,3102
785783.876365,59666396,3422157,56764,3102
785783.876388,59666396,3422157,56764,3102
785783.876401,59666396,3422157,56764,3102
785783.876412,59666396,3422157,56764,3102
785783.876425,59666396,3422157,56764,3102
785783.876446,59666396,3422157,56764,3102
785783.876459,59666396,3422157,56764,3102
785783.876471,59666396,3422157,56764,3102
785783.876484,59666396,3422157,56764,3102
785783.876505,59666396,3422157,56764,3102
785783.876517,59666396,3422157,56764,3102
785783.876530,59666396,3422157,56764,3102
785783.876542,59666396,3422157,56764,3102
785783.876563,59666396,3422157,56764,3102
785783.876576,59666396,3422157,56764,3102
785783.876589,59666396,3422157,56764,3102
785783.876601,59666396,3422157,56764,3102
785783.876623,59666396,3422157,56764,3102
785783.876635,59666396,3422157,56764,3102
785783.876647,59666396,3422157,56764,3102
785783.876659,59666396,3422157,56764,3102
785783.876681,59666396,3422157,56764,3102
785783.876693,59666396,3422157,56764,3102
785783.876705,59666396,3422157,56764,3102
785783.876717,59666396,3422157,56764,3102
785783.876738,59666396,3422157,56764,3102
785783.876750,59666396,3422157,56764,3102
785783.876762,59666396,3422157,56764,3102
785783.876774,59666396,3422157,56764,3102
785783.876796,59666396,3422157,56764,3102
785783.876808,59666396,3422157,56764,3102
785783.876820,59666396,3422157,56764,3102
785783.876834,59666396,3422157,56764,3102
785783.876854,59666396,3422157,56764,3102
785783.876867,59666396,3422157,56764,3102
785783.876879,59666396,3422157,56764,3102
785783.876891,59666396,3422157,56764,3102
785783.876912,59666396,3422157,56764,3102
785783.876925,59666396,3422157,56764,3102
785783.876937,59666396,3422157,56764,3102
785783.876949,59666396,3422157,56764,3102
785783.876971,59666396,3422157,56764,3102
785783.876983,59666396,3422157,56764,3102
785783.876995,59666396,3422157,56764,3102
785783.877008,59666396,3422157,56764,3102
785783.877029,59666396,3422157,56764,3102
785783.877042,59666396,3422157,56764,3102
785783.877054,59666396,3422157,56764,3102
785783.877066,59666396,3422157,56764,3102
785783.877087,59666396,3422157,56764,3102
785783.877100,59666396,3422157,56764,3102
785783.877112,59666396,3422157,56764,3102
785783.877124,59666396,3422157,56764,3102
785783.877145,59666396,3422157,56764,3102
785783.877158,59666396,3422157,56764,3102
785783.877170,59666396,3422157,56764,3102
785783.877181,59666396,3422157,56764,3102
785783.877203,59666396,3422157,56764,3102
785783.877217,59666396,3422157,56764,3102
785783.877229,59666396,3422157,56764,3102
785783.877241,59666396,3422157,56764,3102
785783.877262,59666396,3422157,56764,3102
785783.877275,59666396,3422157,56764,3102
785783.877287,59666396,3422157,56764,3102
785783.877299,59666396,3422157,56764,3102
785783.877320,59666396,3422157,56764,3102
785783.877333,59666396,3422157,56764,3102
785783.877346,59666396,3422157,56764,3102
785783.877358,59666396,3422157,56764,3102
785783.877380,59666396,3422157,56764,3102
785783.877393,59666396,3422157,56764,3102
785783.877405,59666396,3422157,56764,3102
785783.877417,59666396,3422157,56764,3102
785783.877438,59666396,3422157,56764,3102
785783.877450,59666396,3422157,56764,3102
785783.877463,59666396,3422157,56764,3102
785783.877475,59666396,3422157,56764,3102
785783.877497,59666396,3422157,56764,3102
785783.877510,59666396,3422157,56764,3102
785783.877522,59666396,3422157,56764,3102
785783.877534,59666396,3422157,56764,3102
785783.877554,59666396,3422157,56764,3102
785783.877567,59666396,3422157,56764,3102
785783.877593,59666396,3422157,56764,3102
785783.877605,59666396,3422157,56764,3102
785783.877626,59666396,3422157,56764,3102
785783.877640,59666396,3422157,56764,3102
785783.877653,59666396,3422157,56764,3102
785783.877665,59666396,3422157,56764,3102
785783.877686,59666396,3422157,56764,3102
785783.877699,59666396,3422157,56764,3102
785783.877711,59666396,3422157,56764,3102
785783.877723,59666396,3422157,56764,3102
785783.877744,59666396,3422157,56764,3102
785783.877757,59666396,3422157,56764,3102
785783.877769,59666396,3422157,56764,3102
785783.877781,59666396,3422157,56764,3102
785783.877803,59666396,3422157,56764,3102
785783.877815,59666396,3422157,56764,3102
785783.877827,59666396,3422157,56764,3102
785783.877839,59666396,3422157,56764,3102
785783.877860,59666396,3422157,56764,3102
785783.877873,59666396,3422157,56764,3102
785783.877885,59666396,3422157,56764,3102
785783.877897,59666396,3422157,56764,3102
785783.877918,59666396,3422157,56764,3102
785783.877931,59666396,3422157,56764,3102
785783.877943,59666396,3422157,56764,3102
785783.877956,59666396,3422157,56764,3102
785783.877977,59666396,3422157,56764,3102
785783.877990,59666396,3422157,56764,3102
785783.878004,59666396,3422157,56764,3102
785783.878016,59666396,3422157,56764,3102
785783.878041,59666396,3422157,56764,3102
785783.878057,59666396,3422157,56764,3102
785783.878071,59666396,3422157,56764,3102
785783.878085,59666396,3422157,56764,3102
785783.878112,59666396,3422157,56764,3102
785783.878127,59666396,3422157,56764,3102
785783.878142,59666396,3422157,56764,3102
785783.878154,59666396,3422157,56764,3102
785783.878175,59666396,3422157,56764,3102
785783.878187,59666396,3422157,56764,3102
785783.878199,59666396,3422157,56764,3102
785783.878212,59666396,3422157,56764,3102
785783.878233,59666396,3422157,56764,3102
785783.878246,59666396,3422157,56764,3102
785783.878261,59666396,3422157,56764,3102
785783.878276,59666396,3422157,56764,3102
785783.878297,59666396,3422157,56764,3102
785783.878311,59666396,3422157,56764,3102
785783.878323,59666396,3422157,56764,3102
785783.878335,59666396,3422157,56764,3102
785783.878358,59666396,3422157,56764,3102
785783.878371,59666396,3422157,56764,3102
785783.878382,59666396,3422157,56764,3102
785783.878394,59666396,3422157,56764,3102
785783.878415,59666396,3422157,56764,3102
785783.878427,59666396,3422157,56764,3102
785783.878438,59666396,3422157,56764,3102
785783.878450,59666396,3422157,56764,3102
785783.878471,59666396,3422157,56764,3102
785783.878483,59666396,3422157,56764,3102
785783.878495,59666396,3422157,56764,3102
785783.878507,59666396,3422157,56764,3102
785783.878528,59666396,3422157,56764,3102
785783.878540,59666396,3422157,56764,3102
785783.878552,59666396,3422157,56764,3102
785783.878564,59666396,3422157,56764,3102
785783.878584,59666396,3422157,56764,3102
785783.878596,59666396,3422157,56764,3102
785783.878608,59666396,3422157,56764,3102
785783.878620,59666396,3422157,56764,3102
785783.878641,59666396,3422157,56764,3102
785783.878654,59666396,3422157,56764,3102
785783.878665,59666396,3422157,56764,3102
785783.878677,59666396,3422157,56764,3102
785783.878697,59666396,3422157,56764,3102
785783.878711,59666396,3422157,56764,3102
785783.878723,59666396,3422157,56764,3102
785783.878735,59666396,3422157,56764,3102
785783.878756,59666396,3422157,56764,3102
785783.878769,59666396,3422157,56764,3102
785783.878781,59666396,3422157,56764,3102
785783.878793,59666396,3422157,56764,3102
785783.878813,59666396,3422157,56764,3102
785783.878826,59666396,3422157,56764,3102
785783.878838,59666396,3422157,56764,3102
785783.878851,59666396,3422157,56764,3102
785783.878872,59666396,3422157,56764,3102
785783.878884,59666396,3422157,56764,3102
785783.878897,59666396,3422157,56764,3102
785783.878909,59666396,3422157,56764,3102
785783.878930,59666396,3422157,56764,3102
785783.878942,59666396,3422157,56764,3102
785783.878954,59666396,3422157,56764,3102
785783.878966,59666396,3422157,56764,3102
785783.878987,59666396,3422157,56764,3102
785783.879000,59666396,3422157,56764,3102
785783.879013,59666396,3422157,56764,3102
785783.879026,59666396,3422157,56764,3102
785783.879052,59666396,3422157,56764,3102
785783.879067,59666396,3422157,56764,3102
785783.879081,59666396,3422157,56764,3102
785783.879097,59666396,3422157,56764,3102
785783.879122,59666396,3422157,56764,3102
785783.879137,59666396,3422157,56764,3102
785783.879150,59666396,3422157,56764,3102
785783.879164,59666396,3422157,56764,3102
785783.879186,59666396,3422157,56764,3102
785783.879198,59666396,3422157,56764,3102
785783.879210,59666396,3422157,56764,3102
785783.879222,59666396,3422157,56764,3102
785783.879243,59666396,3422157,56764,3102
785783.879256,59666396,3422157,56764,3102
785783.879267,59666396,3422157,56764,3102
785783.879279,59666396,3422157,56764,3102
785783.879299,59666396,3422157,56764,3102
785783.879312,59666396,3422157,56764,3102
785783.879323,59666396,3422157,56764,3102
785783.879335,59666396,3422157,56764,3102
785783.879357,59666396,3422157,56764,3102
785783.879369,59666396,3422157,56764,3102
785783.879381,59666396,3422157,56764,3102
785783.879393,59666396,3422157,56764,3102
785783.879416,59666396,3422157,56764,3102
785783.879428,59666396,3422157,56764,3102
785783.879440,59666396,3422157,56764,3102
785783.879452,59666396,3422157,56764,3102
785783.879475,59666396,3422157,56764,3102
785783.879487,59666396,3422157,56764,3102
785783.879499,59666396,3422157,56764,3102
785783.879511,59666396,3422157,56764,3102
785783.879532,59666396,3422157,56764,3102
785783.879545,59666396,3422157,56764,3102
785783.879556,59666396,3422157,56764,3102
785783.879568,59666396,3422157,56764,3102
785783.879588,59666396,3422157,56764,3102
785783.879602,59666396,3422157,56764,3102
785783.879615,59666396,3422157,56764,3102
785783.879627,59666396,3422157,56764,3102
785783.879648,59666396,3422157,56764,3102
785783.879661,59666396,3422157,56764,3102
785783.879673,59666396,3422157,56764,3102
785783.879685,59666396,3422157,56764,3102
785783.879705,59666396,3422157,56764,3102
785783.879718,59666396,3422157,56764,3102
785783.879729,59666396,3422157,56764,3102
785783.879741,59666396,3422157,56764,3102
785783.879763,59666396,3422157,56764,3102
785783.879775,59666396,3422157,56764,3102
785783.879787,59666396,3422157,56764,3102
785783.879799,59666396,3422157,56764,3102
785783.879819,59666396,3422157,56764,3102
785783.879831,59666396,3422157,56764,3102
785783.879844,59666396,3422157,56764,3102
785783.879856,59666396,3422157,56764,3102
785783.879877,59666396,3422157,56764,3102
785783.879890,59666396,3422157,56764,3102
785783.879901,59666396,3422157,56764,3102
785783.879913,59666396,3422157,56764,3102
785783.879934,59666396,3422157,56764,3102
785783.879946,59666396,3422157,56764,3102
785783.879958,59666396,3422157,56764,3102
785783.879969,59666396,3422157,56764,3102
785783.879990,59666396,3422157,56764,3102
785783.880004,59666396,3422157,56764,3102
785783.880016,59666396,3422157,56764,3102
785783.880029,59666396,3422157,56764,3102
785783.880055,59666396,3422157,56764,3102
785783.880070,59666396,3422157,56764,3102
785783.880086,59666396,3422157,56764,3102
785783.880101,59666396,3422157,56764,3102
785783.880127,59666396,3422157,56764,3102
785783.880143,59666396,3422157,56764,3102
785783.880157,59666396,3422157,56764,3102
785783.880171,59666396,3422157,56764,3102
785783.880197,59666396,3422157,56764,3102
785783.880212,59666396,3422157,56764,3102
785783.880226,59666396,3422157,56764,3102
785783.880241,59666396,3422157,56764,3102
785783.880266,59666396,3422157,56764,3102
785783.880280,59666396,3422157,56764,3102
785783.880294,59666396,3422157,56764,3102
785783.880308,59666396,3422157,56764,3102
785783.880333,59666396,3422157,56764,3102
785783.880348,59666396,3422157,56764,3102
785783.880362,59666396,3422157,56764,3102
785783.880376,59666396,3422157,56764,3102
785783.880400,59666396,3422157,56764,3102
785783.880415,59666396,3422157,56764,3102
785783.880430,59666396,3422157,56764,3102
785783.880444,59666396,3422157,56764,3102
785783.880469,59666396,3422157,56764,3102
785783.880484,59666396,3422157,56764,3102
785783.880518,59666396,3422157,56764,3102
785783.880533,59666396,3422157,56764,3102
785783.880558,59666396,3422157,56764,3102
785783.880573,59666396,3422157,56764,3102
785783.880588,59666396,3422157,56764,3102
785783.880603,59666396,3422157,56764,3102
785783.880629,59666396,3422157,56764,3102
785783.880644,59666396,3422157,56764,3102
785783.880659,59666396,3422157,56764,3102
785783.880674,59666396,3422157,56764,3102
785783.880701,59666396,3422157,56764,3102
785783.880720,59666396,3422157,56764,3102
785783.880735,59666396,3422157,56764,3102
785783.880749,59666396,3422157,56764,3102
785783.880775,59666396,3422157,56764,3102
785783.880791,59666396,3422157,56764,3102
785783.880805,59666396,3422157,56764,3102
785783.880820,59666396,3422157,56764,3102
785783.880847,59666396,3422157,56764,3102
785783.880863,59666396,3422157,56764,3102
785783.880877,59666396,3422157,56764,3102
785783.880892,59666396,3422157,56764,3102
785783.880917,59666396,3422157,56764,3102
785783.880933,59666396,3422157,56764,3102
785783.880948,59666396,3422157,56764,3102
785783.880962,59666396,3422157,56764,3102
785783.880988,59666396,3422157,56764,3102
785783.881006,59666396,3422157,56764,3102
785783.881020,59666396,3422157,56764,3102
785783.881036,59666396,3422157,56764,3102
785783.881063,59666396,3422157,56764,3102
785783.881078,59666396,3422157,56764,3102
785783.881090,59666396,3422157,56764,3102
785783.881102,59666396,3422157,56764,3102
785783.881122,59666396,3422157,56764,3102
785783.881134,59666396,3422157,56764,3102
785783.881147,59666396,3422157,56764,3102
785783.881158,59666396,3422157,56764,3102
785783.881180,59666396,3422157,56764,3102
785783.881193,59666396,3422157,56764,3102
785783.881204,59666396,3422157,56764,3102
785783.881216,59666396,3422157,56764,3102
785783.881237,59666396,3422157,56764,3102
785783.881250,59666396,3422157,56764,3102
785783.881261,59666396,3422157,56764,3102
785783.881273,59666396,3422157,56764,3102
785783.881294,59666396,3422157,56764,3102
785783.881308,59666396,3422157,56764,3102
785783.881319,59666396,3422157,56764,3102
785783.881331,59666396,3422157,56764,3102
785783.881351,59666396,3422157,56764,3102
785783.881364,59666396,3422157,56764,3102
785783.881375,59666396,3422157,56764,3102
785783.881387,59666396,3422157,56764,3102
785783.881407,59666396,3422157,56764,3102
785783.881420,59666396,3422157,56764,3102
785783.881431,59666396,3422157,56764,3102
785783.881443,59666396,3422157,56764,3102
785783.881465,59666396,3422157,56764,3102
785783.881477,59666396,3422157,56764,3102
785783.881489,59666396,3422157,56764,3102
785783.881501,59666396,3422157,56764,3102
785783.881522,59666396,3422157,56764,3102
785783.881535,59666396,3422157,56764,3102
785783.881546,59666396,3422157,56764,3102
785783.881558,59666396,3422157,56764,3102
785783.881579,59666396,3422157,56764,3102
785783.881592,59666396,3422157,56764,3102
785783.881603,59666396,3422157,56764,3102
785783.881615,59666396,3422157,56764,3102
785783.881636,59666396,3422157,56764,3102
785783.881648,59666396,3422157,56764,3102
785783.881660,59666396,3422157,56764,3102
785783.881672,59666396,3422157,56764,3102
785783.881692,59666396,3422157,56764,3102
785783.881706,59666396,3422157,56764,3102
785783.881717,59666396,3422157,56764,3102
785783.881729,59666396,3422157,56764,3102
785783.881749,59666396,3422157,56764,3102
785783.881762,59666396,3422157,56764,3102
785783.881774,59666396,3422157,56764,3102
785783.881785,59666396,3422157,56764,3102
785783.881806,59666396,3422157,56764,3102
785783.881818,59666396,3422157,56764,3102
785783.881830,59666396,3422157,56764,3102
785783.881841,59666396,3422157,56764,3102
785783.881863,59666396,3422157,56764,3102
785783.881877,59666396,3422157,56764,3102
785783.881889,59666396,3422157,56764,3102
785783.881901,59666396,3422157,56764,3102
785783.881922,59666396,3422157,56764,3102
785783.881934,59666396,3422157,56764,3102
785783.881946,59666396,3422157,56764,3102
785783.881958,59666396,3422157,56764,3102
785783.881979,59666396,3422157,56764,3102
785783.881992,59666396,3422157,56764,3102
785783.882005,59666396,3422157,56764,3102
785783.882017,59666396,3422157,56764,3102
785783.882043,59666396,3422157,56764,3102
785783.882058,59666396,3422157,56764,3102
785783.882073,59666396,3422157,56764,3102
785783.882087,59666396,3422157,56764,3102
785783.882113,59666396,3422157,56764,3102
785783.882129,59666396,3422157,56764,3102
785783.882145,59666396,3422157,56764,3102
785783.882156,59666396,3422157,56764,3102
785783.882177,59666396,3422157,56764,3102
785783.882189,59666396,3422157,56764,3102
785783.882201,59666396,3422157,56764,3102
785783.882212,59666396,3422157,56764,3102
785783.882233,59666396,3422157,56764,3102
785783.882246,59666396,3422157,56764,3102
785783.882257,59666396,3422157,56764,3102
785783.882270,59666396,3422157,56764,3102
785783.882292,59666396,3422157,56764,3102
785783.882304,59666396,3422157,56764,3102
785783.882316,59666396,3422157,56764,3102
785783.882328,59666396,3422157,56764,3102
785783.882348,59666396,3422157,56764,3102
785783.882361,59666396,3422157,56764,3102
785783.882372,59666396,3422157,56764,3102
785783.882384,59666396,3422157,56764,3102
785783.882405,59666396,3422157,56764,3102
785783.882418,59666396,3422157,56764,3102
785783.882429,59666396,3422157,56764,3102
785783.882441,59666396,3422157,56764,3102
785783.882462,59666396,3422157,56764,3102
785783.882474,59666396,3422157,56764,3102
785783.882486,59666396,3422157,56764,3102
785783.882498,59666396,3422157,56764,3102
785783.882519,59666396,3422157,56764,3102
785783.882531,59666396,3422157,56764,3102
785783.882543,59666396,3422157,56764,3102
785783.882556,59666396,3422157,56764,3102
785783.882576,59666396,3422157,56764,3102
785783.882589,59666396,3422157,56764,3102
785783.882601,59666396,3422157,56764,3102
785783.882613,59666396,3422157,56764,3102
785783.882634,59666396,3422157,56764,3102
785783.882647,59666396,3422157,56764,3102
785783.882659,59666396,3422157,56764,3102
785783.882671,59666396,3422157,56764,3102
785783.882692,59666396,3422157,56764,3102
785783.882705,59666396,3422157,56764,3102
785783.882717,59666396,3422157,56764,3102
785783.882729,59666396,3422157,56764,3102
785783.882750,59666396,3422157,56764,3102
785783.882763,59666396,3422157,56764,3102
785783.882776,59666396,3422157,56764,3102
785783.882788,59666396,3422157,56764,3102
785783.882810,59666396,3422157,56764,3102
785783.882823,59666396,3422157,56764,3102
785783.882834,59666396,3422157,56764,3102
785783.882847,59666396,3422157,56764,3102
785783.882867,59666396,3422157,56764,3102
785783.882880,59666396,3422157,56764,3102
785783.882892,59666396,3422157,56764,3102
785783.882904,59666396,3422157,56764,3102
785783.882924,59666396,3422157,56764,3102
785783.882937,59666396,3422157,56764,3102
785783.882949,59666396,3422157,56764,3102
785783.882960,59666396,3422157,56764,3102
785783.882982,59666396,3422157,56764,3102
785783.882995,59666396,3422157,56764,3102
785783.883009,59666396,3422157,56764,3102
785783.883021,59666396,3422157,56764,3102
785783.883046,59666396,3422157,56764,3102
785783.883062,59666396,3422157,56764,3102
785783.883077,59666396,3422157,56764,3102
785783.883092,59666396,3422157,56764,3102
785783.883118,59666396,3422157,56764,3102
785783.883134,59666396,3422157,56764,3102
785783.883148,59666396,3422157,56764,3102
785783.883160,59666396,3422157,56764,3102
785783.883181,59666396,3422157,56764,3102
785783.883193,59666396,3422157,56764,3102
785783.883205,59666396,3422157,56764,3102
785783.883216,59666396,3422157,56764,3102
785783.883237,59666396,3422157,56764,3102
785783.883250,59666396,3422157,56764,3102
785783.883261,59666396,3422157,56764,3102
785783.883273,59666396,3422157,56764,3102
785783.883294,59666396,3422157,56764,3102
785783.883306,59666396,3422157,56764,3102
785783.883318,59666396,3422157,56764,3102
785783.883330,59666396,3422157,56764,3102
785783.883350,59666396,3422157,56764,3102
785783.883363,59666396,3422157,56764,3102
785783.883375,59666396,3422157,56764,3102
785783.883388,59666396,3422157,56764,3102
785783.883410,59666396,3422157,56764,3102
785783.883423,59666396,3422157,56764,3102
785783.883435,59666396,3422157,56764,3102
785783.883447,59666396,3422157,56764,3102
785783.883467,59666396,3422157,56764,3102
785783.883480,59666396,3422157,56764,3102
785783.883492,59666396,3422157,56764,3102
785783.883504,59666396,3422157,56764,3102
785783.883525,59666396,3422157,56764,3102
785783.883538,59666396,3422157,56764,3102
785783.883551,59666396,3422157,56764,3102
785783.883563,59666396,3422157,56764,3102
785783.883584,59666396,3422157,56764,3102
785783.883597,59666396,3422157,56764,3102
785783.883609,59666396,3422157,56764,3102
785783.883621,59666396,3422157,56764,3102
785783.883642,59666396,3422157,56764,3102
785783.883655,59666396,3422157,56764,3102
785783.883667,59666396,3422157,56764,3102
785783.883679,59666396,3422157,56764,3102
785783.883699,59666396,3422157,56764,3102
785783.883711,59666396,3422157,56764,3102
785783.883723,59666396,3422157,56764,3102
785783.883735,59666396,3422157,56764,3102
785783.883755,59666396,3422157,56764,3102
785783.883769,59666396,3422157,56764,3102
785783.883780,59666396,3422157,56764,3102
785783.883792,59666396,3422157,56764,3102
785783.883813,59666396,3422157,56764,3102
785783.883826,59666396,3422157,56764,3102
785783.883837,59666396,3422157,56764,3102
785783.883849,59666396,3422157,56764,3102
785783.883869,59666396,3422157,56764,3102
785783.883882,59666396,3422157,56764,3102
785783.883894,59666396,3422157,56764,3102
785783.883905,59666396,3422157,56764,3102
785783.883927,59666396,3422157,56764,3102
785783.883939,59666396,3422157,56764,3102
785783.883951,59666396,3422157,56764,3102
785783.883962,59666396,3422157,56764,3102
785783.883983,59666396,3422157,56764,3102
785783.883996,59666396,3422157,56764,3102
785783.884008,59666396,3422157,56764,3102
785783.884020,59666396,3422157,56764,3102
785783.884059,59666396,3422157,56764,3102
785783.884075,59666396,3422157,56764,3102
785783.884091,59666396,3422157,56764,3102
785783.884106,59666396,3422157,56764,3102
785783.884132,59666396,3422157,56764,3102
785783.884148,59666396,3422157,56764,3102
785783.884163,59666396,3422157,56764,3102
785783.884174,59666396,3422157,56764,3102
785783.884195,59666396,3422157,56764,3102
785783.884207,59666396,3422157,56764,3102
785783.884219,59666396,3422157,56764,3102
785783.884231,59666396,3422157,56764,3102
785783.884253,59666396,3422157,56764,3102
785783.884265,59666396,3422157,56764,3102
785783.884277,59666396,3422157,56764,3102
785783.884289,59666396,3422157,56764,3102
785783.884311,59666396,3422157,56764,3102
785783.884324,59666396,3422157,56764,3102
785783.884335,59666396,3422157,56764,3102
785783.884347,59666396,3422157,56764,3102
785783.884369,59666396,3422157,56764,3102
785783.884382,59666396,3422157,56764,3102
785783.884393,59666396,3422157,56764,3102
785783.884405,59666396,3422157,56764,3102
785783.884425,59666396,3422157,56764,3102
785783.884438,59666396,3422157,56764,3102
785783.884449,59666396,3422157,56764,3102
785783.884461,59666396,3422157,56764,3102
785783.884481,59666396,3422157,56764,3102
785783.884494,59666396,3422157,56764,3102
785783.884505,59666396,3422157,56764,3102
785783.884517,59666396,3422157,56764,3102
785783.884539,59666396,3422157,56764,3102
785783.884552,59666396,3422157,56764,3102
785783.884564,59666396,3422157,56764,3102
785783.884576,59666396,3422157,56764,3102
785783.884596,59666396,3422157,56764,3102
785783.884609,59666396,3422157,56764,3102
785783.884621,59666396,3422157,56764,3102
785783.884632,59666396,3422157,56764,3102
785783.884654,59666396,3422157,56764,3102
785783.884666,59666396,3422157,56764,3102
785783.884678,59666396,3422157,56764,3102
785783.884690,59666396,3422157,56764,3102
785783.884710,59666396,3422157,56764,3102
785783.884723,59666396,3422157,56764,3102
785783.884734,59666396,3422157,56764,3102
785783.884746,59666396,3422157,56764,3102
785783.884768,59666396,3422157,56764,3102
785783.884780,59666396,3422157,56764,3102
785783.884792,59666396,3422157,56764,3102
785783.884803,59666396,3422157,56764,3102
785783.884824,59666396,3422157,56764,3102
785783.884837,59666396,3422157,56764,3102
785783.884848,59666396,3422157,56764,3102
785783.884860,59666396,3422157,56764,3102
785783.884881,59666396,3422157,56764,3102
785783.884894,59666396,3422157,56764,3102
785783.884906,59666396,3422157,56764,3102
785783.884918,59666396,3422157,56764,3102
785783.884940,59666396,3422157,56764,3102
785783.884953,59666396,3422157,56764,3102
785783.884964,59666396,3422157,56764,3102
785783.884975,59666396,3422157,56764,3102
785783.884996,59666396,3422157,56764,3102
785783.885009,59666396,3422157,56764,3102
785783.885021,59666396,3422157,56764,3102
785783.885039,59666396,3422157,56764,3102
785783.885066,59666396,3422157,56764,3102
785783.885082,59666396,3422157,56764,3102
785783.885097,59666396,3422157,56764,3102
785783.885111,59666396,3422157,56764,3102
785783.885138,59666396,3422157,56764,3102
785783.885154,59666396,3422157,56764,3102
785783.885166,59666396,3422157,56764,3102
785783.885177,59666396,3422157,56764,3102
785783.885198,59666396,3422157,56764,3102
785783.885211,59666396,3422157,56764,3102
785783.885223,59666396,3422157,56764,3102
785783.885235,59666396,3422157,56764,3102
785783.885255,59666396,3422157,56764,3102
785783.885268,59666396,3422157,56764,3102
785783.885279,59666396,3422157,56764,3102
785783.885292,59666396,3422157,56764,3102
785783.885313,59666396,3422157,56764,3102
785783.885325,59666396,3422157,56764,3102
785783.885337,59666396,3422157,56764,3102
785783.885349,59666396,3422157,56764,3102
785783.885371,59666396,3422157,56764,3102
785783.885384,59666396,3422157,56764,3102
785783.885395,59666396,3422157,56764,3102
785783.885407,59666396,3422157,56764,3102
785783.885428,59666396,3422157,56764,3102
785783.885440,59666396,3422157,56764,3102
785783.885452,59666396,3422157,56764,3102
785783.885464,59666396,3422157,56764,3102
785783.885485,59666396,3422157,56764,3102
785783.885498,59666396,3422157,56764,3102
785783.885510,59666396,3422157,56764,3102
785783.885522,59666396,3422157,56764,3102
785783.885542,59666396,3422157,56764,3102
785783.885555,59666396,3422157,56764,3102
785783.885566,59666396,3422157,56764,3102
785783.885578,59666396,3422157,56764,3102
785783.885598,59666396,3422157,56764,3102
785783.885611,59666396,3422157,56764,3102
785783.885624,59666396,3422157,56764,3102
785783.885636,59666396,3422157,56764,3102
785783.885658,59666396,3422157,56764,3102
785783.885671,59666396,3422157,56764,3102
785783.885682,59666396,3422157,56764,3102
785783.885694,59666396,3422157,56764,3102
785783.885715,59666396,3422157,56764,3102
785783.885727,59666396,3422157,56764,3102
785783.885738,59666396,3422157,56764,3102
785783.885750,59666396,3422157,56764,3102
785783.885772,59666396,3422157,56764,3102
785783.885784,59666396,3422157,56764,3102
785783.885797,59666396,3422157,56764,3102
785783.885810,59666396,3422157,56764,3102
785783.885831,59666396,3422157,56764,3102
785783.885844,59666396,3422157,56764,3102
785783.885856,59666396,3422157,56764,3102
785783.885868,59666396,3422157,56764,3102
785783.885889,59666396,3422157,56764,3102
785783.885902,59666396,3422157,56764,3102
785783.885914,59666396,3422157,56764,3102
785783.885927,59666396,3422157,56764,3102
785783.885947,59666396,3422157,56764,3102
785783.885960,59666396,3422157,56764,3102
785783.885972,59666396,3422157,56764,3102
785783.885984,59666396,3422157,56764,3102
785783.886006,59666396,3422157,56764,3102
785783.886019,59666396,3422157,56764,3102
785783.886043,59666396,3422157,56764,3102
785783.886059,59666396,3422157,56764,3102
785783.886085,59666396,3422157,56764,3102
785783.886101,59666396,3422157,56764,3102
785783.886115,59666396,3422157,56764,3102
785783.886130,59666396,3422157,56764,3102
785783.886156,59666396,3422157,56764,3102
785783.886169,59666396,3422157,56764,3102
785783.886181,59666396,3422157,56764,3102
785783.886193,59666396,3422157,56764,3102
785783.886214,59666396,3422157,56764,3102
785783.886227,59666396,3422157,56764,3102
785783.886239,59666396,3422157,56764,3102
785783.886250,59666396,3422157,56764,3102
785783.886271,59666396,3422157,56764,3102
785783.886284,59666396,3422157,56764,3102
785783.886295,59666396,3422157,56764,3102
785783.886307,59666396,3422157,56764,3102
785783.886328,59666396,3422157,56764,3102
785783.886341,59666396,3422157,56764,3102
785783.886352,59666396,3422157,56764,3102
785783.886364,59666396,3422157,56764,3102
785783.886385,59666396,3422157,56764,3102
785783.886397,59666396,3422157,56764,3102
785783.886409,59666396,3422157,56764,3102
785783.886421,59666396,3422157,56764,3102
785783.886442,59666396,3422157,56764,3102
785783.886454,59666396,3422157,56764,3102
785783.886466,59666396,3422157,56764,3102
785783.886478,59666396,3422157,56764,3102
785783.886499,59666396,3422157,56764,3102
785783.886512,59666396,3422157,56764,3102
785783.886524,59666396,3422157,56764,3102
785783.886536,59666396,3422157,56764,3102
785783.886556,59666396,3422157,56764,3102
785783.886569,59666396,3422157,56764,3102
785783.886582,59666396,3422157,56764,3102
785783.886594,59666396,3422157,56764,3102
785783.886616,59666396,3422157,56764,3102
785783.886629,59666396,3422157,56764,3102
785783.886641,59666396,3422157,56764,3102
785783.886653,59666396,3422157,56764,3102
785783.886673,59666396,3422157,56764,3102
785783.886686,59666396,3422157,56764,3102
785783.886697,59666396,3422157,56764,3102
785783.886709,59666396,3422157,56764,3102
785783.886730,59666396,3422157,56764,3102
785783.886743,59666396,3422157,56764,3102
785783.886755,59666396,3422157,56764,3102
785783.886767,59666396,3422157,56764,3102
785783.886788,59666396,3422157,56764,3102
785783.886801,59666396,3422157,56764,3102
785783.886813,59666396,3422157,56764,3102
785783.886825,59666396,3422157,56764,3102
785783.886845,59666396,3422157,56764,3102
785783.886857,59666396,3422157,56764,3102
785783.886869,59666396,3422157,56764,3102
785783.886881,59666396,3422157,56764,3102
785783.886902,59666396,3422157,56764,3102
785783.886915,59666396,3422157,56764,3102
785783.886927,59666396,3422157,56764,3102
785783.886938,59666396,3422157,56764,3102
785783.886959,59666396,3422157,56764,3102
785783.886972,59666396,3422157,56764,3102
785783.886984,59666396,3422157,56764,3102
785783.886996,59666396,3422157,56764,3102
785783.887019,59666396,3422157,56764,3102
785783.887035,59666396,3422157,56764,3102
785783.887048,59666396,3422157,56764,3102
785783.887062,59666396,3422157,56764,3102
785783.887086,59666396,3422157,56764,3102
785783.887101,59666396,3422157,56764,3102
785783.887114,59666396,3422157,56764,3102
785783.887128,59666396,3422157,56764,3102
785783.887150,59666396,3422157,56764,3102
785783.887163,59666396,3422157,56764,3102
785783.887176,59666396,3422157,56764,3102
785783.887188,59666396,3422157,56764,3102
785783.887208,59666396,3422157,56764,3102
785783.887221,59666396,3422157,56764,3102
785783.887232,59666396,3422157,56764,3102
785783.887244,59666396,3422157,56764,3102
785783.887264,59666396,3422157,56764,3102
785783.887277,59666396,3422157,56764,3102
785783.887288,59666396,3422157,56764,3102
785783.887300,59666396,3422157,56764,3102
785783.887322,59666396,3422157,56764,3102
785783.887335,59666396,3422157,56764,3102
785783.887347,59666396,3422157,56764,3102
785783.887358,59666396,3422157,56764,3102
785783.887379,59666396,3422157,56764,3102
785783.887391,59666396,3422157,56764,3102
785783.887403,59666396,3422157,56764,3102
785783.887415,59666396,3422157,56764,3102
785783.887436,59666396,3422157,56764,3102
785783.887449,59666396,3422157,56764,3102
785783.887460,59666396,3422157,56764,3102
785783.887473,59666396,3422157,56764,3102
785783.887493,59666396,3422157,56764,3102
785783.887506,59666396,3422157,56764,3102
785783.887517,59666396,3422157,56764,3102
785783.887529,59666396,3422157,56764,3102
785783.887550,59666396,3422157,56764,3102
785783.887563,59666396,3422157,56764,3102
785783.887575,59666396,3422157,56764,3102
785783.887587,59666396,3422157,56764,3102
785783.887607,59666396,3422157,56764,3102
785783.887619,59666396,3422157,56764,3102
785783.887631,59666396,3422157,56764,3102
785783.887642,59666396,3422157,56764,3102
785783.887663,59666396,3422157,56764,3102
785783.887675,59666396,3422157,56764,3102
785783.887686,59666396,3422157,56764,3102
785783.887697,59666396,3422157,56764,3102
785783.887719,59666396,3422157,56764,3102
785783.887731,59666396,3422157,56764,3102
785783.887743,59666396,3422157,56764,3102
785783.887754,59666396,3422157,56764,3102
785783.887775,59666396,3422157,56764,3102
785783.887788,59666396,3422157,56764,3102
785783.887799,59666396,3422157,56764,3102
785783.887811,59666396,3422157,56764,3102
785783.887832,59666396,3422157,56764,3102
785783.887844,59666396,3422157,56764,3102
785783.887856,59666396,3422157,56764,3102
785783.887868,59666396,3422157,56764,3102
785783.887888,59666396,3422157,56764,3102
785783.887901,59666396,3422157,56764,3102
785783.887913,59666396,3422157,56764,3102
785783.887925,59666396,3422157,56764,3102
785783.887945,59666396,3422157,56764,3102
785783.887958,59666396,3422157,56764,3102
785783.887970,59666396,3422157,56764,3102
785783.887982,59666396,3422157,56764,3102
785783.888004,59666396,3422157,56764,3102
785783.888016,59666396,3422157,56764,3102
785783.888030,59666396,3422157,56764,3102
785783.888046,59666396,3422157,56764,3102
785783.888070,59666396,3422157,56764,3102
785783.888085,59666396,3422157,56764,3102
785783.888099,59666396,3422157,56764,3102
785783.888114,59666396,3422157,56764,3102
785783.888139,59666396,3422157,56764,3102
785783.888154,59666396,3422157,56764,3102
785783.888165,59666396,3422157,56764,3102
785783.888177,59666396,3422157,56764,3102
785783.888197,59666396,3422157,56764,3102
785783.888210,59666396,3422157,56764,3102
785783.888222,59666396,3422157,56764,3102
785783.888233,59666396,3422157,56764,3102
785783.888255,59666396,3422157,56764,3102
785783.888267,59666396,3422157,56764,3102
785783.888279,59666396,3422157,56764,3102
785783.888291,59666396,3422157,56764,3102
785783.888312,59666396,3422157,56764,3102
785783.888324,59666396,3422157,56764,3102
785783.888336,59666396,3422157,56764,3102
785783.888348,59666396,3422157,56764,3102
785783.888368,59666396,3422157,56764,3102
785783.888381,59666396,3422157,56764,3102
785783.888392,59666396,3422157,56764,3102
785783.888404,59666396,3422157,56764,3102
785783.888426,59666396,3422157,56764,3102
785783.888438,59666396,3422157,56764,3102
785783.888450,59666396,3422157,56764,3102
785783.888462,59666396,3422157,56764,3102
785783.888482,59666396,3422157,56764,3102
785783.888495,59666396,3422157,56764,3102
785783.888507,59666396,3422157,56764,3102
785783.888518,59666396,3422157,56764,3102
785783.888540,59666396,3422157,56764,3102
785783.888553,59666396,3422157,56764,3102
785783.888564,59666396,3422157,56764,3102
785783.888576,59666396,3422157,56764,3102
785783.888597,59666396,3422157,56764,3102
785783.888609,59666396,3422157,56764,3102
785783.888621,59666396,3422157,56764,3102
785783.888633,59666396,3422157,56764,3102
785783.888656,59666396,3422157,56764,3102
785783.888669,59666396,3422157,56764,3102
785783.888681,59666396,3422157,56764,3102
785783.888693,59666396,3422157,56764,3102
785783.888714,59666396,3422157,56764,3102
785783.888727,59666396,3422157,56764,3102
785783.888740,59666396,3422157,56764,3102
785783.888753,59666396,3422157,56764,3102
785783.888775,59666396,3422157,56764,3102
785783.888788,59666396,3422157,56764,3102
785783.888802,59666396,3422157,56764,3102
785783.888814,59666396,3422157,56764,3102
785783.888836,59666396,3422157,56764,3102
785783.888850,59666396,3422157,56764,3102
785783.888861,59666396,3422157,56764,3102
785783.888873,59666396,3422157,56764,3102
785783.888893,59666396,3422157,56764,3102
785783.888906,59666396,3422157,56764,3102
785783.888918,59666396,3422157,56764,3102
785783.888930,59666396,3422157,56764,3102
785783.888951,59666396,3422157,56764,3102
785783.888964,59666396,3422157,56764,3102
785783.888975,59666396,3422157,56764,3102
785783.888987,59666396,3422157,56764,3102
785783.889009,59666396,3422157,56764,3102
785783.889024,59666396,3422157,56764,3102
785783.889039,59666396,3422157,56764,3102
785783.889053,59666396,3422157,56764,3102
785783.889077,59666396,3422157,56764,3102
785783.889092,59666396,3422157,56764,3102
785783.889107,59666396,3422157,56764,3102
785783.889121,59666396,3422157,56764,3102
785783.889146,59666396,3422157,56764,3102
785783.889159,59666396,3422157,56764,3102
785783.889170,59666396,3422157,56764,3102
785783.889182,59666396,3422157,56764,3102
785783.889203,59666396,3422157,56764,3102
785783.889215,59666396,3422157,56764,3102
785783.889227,59666396,3422157,56764,3102
785783.889238,59666396,3422157,56764,3102
785783.889260,59666396,3422157,56764,3102
785783.889272,59666396,3422157,56764,3102
785783.889283,59666396,3422157,56764,3102
785783.889295,59666396,3422157,56764,3102
785783.889315,59666396,3422157,56764,3102
785783.889328,59666396,3422157,56764,3102
785783.889339,59666396,3422157,56764,3102
785783.889351,59666396,3422157,56764,3102
785783.889372,59666396,3422157,56764,3102
785783.889385,59666396,3422157,56764,3102
785783.889396,59666396,3422157,56764,3102
785783.889409,59666396,3422157,56764,3102
785783.889430,59666396,3422157,56764,3102
785783.889443,59666396,3422157,56764,3102
785783.889455,59666396,3422157,56764,3102
785783.889466,59666396,3422157,56764,3102
785783.889487,59666396,3422157,56764,3102
785783.889500,59666396,3422157,56764,3102
785783.889511,59666396,3422157,56764,3102
785783.889524,59666396,3422157,56764,3102
785783.889545,59666396,3422157,56764,3102
785783.889557,59666396,3422157,56764,3102
785783.889570,59666396,3422157,56764,3102
785783.889581,59666396,3422157,56764,3102
785783.889602,59666396,3422157,56764,3102
785783.889615,59666396,3422157,56764,3102
785783.889626,59666396,3422157,56764,3102
785783.889638,59666396,3422157,56764,3102
785783.889660,59666396,3422157,56764,3102
785783.889672,59666396,3422157,56764,3102
785783.889684,59666396,3422157,56764,3102
785783.889696,59666396,3422157,56764,3102
785783.889716,59666396,3422157,56764,3102
785783.889729,59666396,3422157,56764,3102
785783.889740,59666396,3422157,56764,3102
785783.889752,59666396,3422157,56764,3102
785783.889773,59666396,3422157,56764,3102
785783.889787,59666396,3422157,56764,3102
785783.889798,59666396,3422157,56764,3102
785783.889810,59666396,3422157,56764,3102
785783.889831,59666396,3422157,56764,3102
785783.889843,59666396,3422157,56764,3102
785783.889855,59666396,3422157,56764,3102
785783.889867,59666396,3422157,56764,3102
785783.889888,59666396,3422157,56764,3102
785783.889900,59666396,3422157,56764,3102
785783.889912,59666396,3422157,56764,3102
785783.889924,59666396,3422157,56764,3102
785783.889945,59666396,3422157,56764,3102
785783.889958,59666396,3422157,56764,3102
785783.889969,59666396,3422157,56764,3102
785783.889981,59666396,3422157,56764,3102
785783.890003,59666396,3422157,56764,3102
785783.890015,59666396,3422157,56764,3102
785783.890027,59666396,3422157,56764,3102
785783.890038,59666396,3422157,56764,3102
785783.890060,59666396,3422157,56764,3102
785783.890073,59666396,3422157,56764,3102
785783.890084,59666396,3422157,56764,3102
785783.890096,59666396,3422157,56764,3102
785783.890117,59666396,3422157,56764,3102
785783.890129,59666396,3422157,56764,3102
785783.890142,59666396,3422157,56764,3102
785783.890154,59666396,3422157,56764,3102
785783.890174,59666396,3422157,56764,3102
785783.890188,59666396,3422157,56764,3102
785783.890200,59666396,3422157,56764,3102
785783.890211,59666396,3422157,56764,3102
785783.890232,59666396,3422157,56764,3102
785783.890245,59666396,3422157,56764,3102
785783.890256,59666396,3422157,56764,3102
785783.890268,59666396,3422157,56764,3102
785783.890290,59666396,3422157,56764,3102
785783.890303,59666396,3422157,56764,3102
785783.890315,59666396,3422157,56764,3102
785783.890327,59666396,3422157,56764,3102
785783.890348,59666396,3422157,56764,3102
785783.890360,59666396,3422157,56764,3102
785783.890372,59666396,3422157,56764,3102
785783.890384,59666396,3422157,56764,3102
785783.890404,59666396,3422157,56764,3102
785783.890417,59666396,3422157,56764,3102
785783.890428,59666396,3422157,56764,3102
785783.890440,59666396,3422157,56764,3102
785783.890462,59666396,3422157,56764,3102
785783.890475,59666396,3422157,56764,3102
785783.890486,59666396,3422157,56764,3102
785783.890498,59666396,3422157,56764,3102
785783.890519,59666396,3422157,56764,3102
785783.890532,59666396,3422157,56764,3102
785783.890543,59666396,3422157,56764,3102
785783.890555,59666396,3422157,56764,3102
785783.890575,59666396,3422157,56764,3102
785783.890588,59666396,3422157,56764,3102
785783.890600,59666396,3422157,56764,3102
785783.890612,59666396,3422157,56764,3102
785783.890633,59666396,3422157,56764,3102
785783.890646,59666396,3422157,56764,3102
785783.890657,59666396,3422157,56764,3102
785783.890669,59666396,3422157,56764,3102
785783.890689,59666396,3422157,56764,3102
785783.890702,59666396,3422157,56764,3102
785783.890713,59666396,3422157,56764,3102
785783.890725,59666396,3422157,56764,3102
785783.890746,59666396,3422157,56764,3102
785783.890759,59666396,3422157,56764,3102
785783.890770,59666396,3422157,56764,3102
785783.890782,59666396,3422157,56764,3102
785783.890803,59666396,3422157,56764,3102
785783.890815,59666396,3422157,56764,3102
785783.890845,59666396,3422157,56764,3102
785783.890857,59666396,3422157,56764,3102
785783.890879,59666396,3422157,56764,3102
785783.890893,59666396,3422157,56764,3102
785783.890904,59666396,3422157,56764,3102
785783.890916,59666396,3422157,56764,3102
785783.890937,59666396,3422157,56764,3102
785783.890949,59666396,3422157,56764,3102
785783.890961,59666396,3422157,56764,3102
785783.890972,59666396,3422157,56764,3102
785783.890993,59666396,3422157,56764,3102
785783.891011,59666396,3422157,56764,3102
785783.891023,59666396,3422157,56764,3102
785783.891036,59666396,3422157,56764,3102
785783.891057,59666396,3422157,56764,3102
785783.891069,59666396,3422157,56764,3102
785783.891081,59666396,3422157,56764,3102
785783.891093,59666396,3422157,56764,3102
785783.891113,59666396,3422157,56764,3102
785783.891125,59666396,3422157,56764,3102
785783.891137,59666396,3422157,56764,3102
785783.891149,59666396,3422157,56764,3102
785783.891170,59666396,3422157,56764,3102
785783.891183,59666396,3422157,56764,3102
785783.891194,59666396,3422157,56764,3102
785783.891206,59666396,3422157,56764,3102
785783.891226,59666396,3422157,56764,3102
785783.891239,59666396,3422157,56764,3102
785783.891250,59666396,3422157,56764,3102
785783.891263,59666396,3422157,56764,3102
785783.891285,59666396,3422157,56764,3102
785783.891297,59666396,3422157,56764,3102
785783.891309,59666396,3422157,56764,3102
785783.891321,59666396,3422157,56764,3102
785783.891341,59666396,3422157,56764,3102
785783.891354,59666396,3422157,56764,3102
785783.891366,59666396,3422157,56764,3102
785783.891377,59666396,3422157,56764,3102
785783.891397,59666396,3422157,56764,3102
785783.891410,59666396,3422157,56764,3102
785783.891421,59666396,3422157,56764,3102
785783.891434,59666396,3422157,56764,3102
785783.891455,59666396,3422157,56764,3102
785783.891467,59666396,3422157,56764,3102
785783.891479,59666396,3422157,56764,3102
785783.891490,59666396,3422157,56764,3102
785783.891511,59666396,3422157,56764,3102
785783.891523,59666396,3422157,56764,3102
785783.891535,59666396,3422157,56764,3102
785783.891546,59666396,3422157,56764,3102
785783.891568,59666396,3422157,56764,3102
785783.891581,59666396,3422157,56764,3102
785783.891592,59666396,3422157,56764,3102
785783.891604,59666396,3422157,56764,3102
785783.891626,59666396,3422157,56764,3102
785783.891639,59666396,3422157,56764,3102
785783.891650,59666396,3422157,56764,3102
785783.891662,59666396,3422157,56764,3102
785783.891683,59666396,3422157,56764,3102
785783.891695,59666396,3422157,56764,3102
785783.891707,59666396,3422157,56764,3102
785783.891719,59666396,3422157,56764,3102
785783.891739,59666396,3422157,56764,3102
785783.891752,59666396,3422157,56764,3102
785783.891766,59666396,3422157,56764,3102
785783.891778,59666396,3422157,56764,3102
785783.891798,59666396,3422157,56764,3102
785783.891811,59666396,3422157,56764,3102
785783.891823,59666396,3422157,56764,3102
785783.891834,59666396,3422157,56764,3102
785783.891856,59666396,3422157,56764,3102
785783.891869,59666396,3422157,56764,3102
785783.891880,59666396,3422157,56764,3102
785783.891892,59666396,3422157,56764,3102
785783.891912,59666396,3422157,56764,3102
785783.891924,59666396,3422157,56764,3102
785783.891936,59666396,3422157,56764,3102
785783.891947,59666396,3422157,56764,3102
785783.891969,59666396,3422157,56764,3102
785783.891982,59666396,3422157,56764,3102
785783.891994,59666396,3422157,56764,3102
785783.892007,59666396,3422157,56764,3102
785783.892028,59666396,3422157,56764,3102
785783.892040,59666396,3422157,56764,3102
785783.892051,59666396,3422157,56764,3102
785783.892063,59666396,3422157,56764,3102
785783.892083,59666396,3422157,56764,3102
785783.892097,59666396,3422157,56764,3102
785783.892108,59666396,3422157,56764,3102
785783.892120,59666396,3422157,56764,3102
785783.892140,59666396,3422157,56764,3102
785783.892153,59666396,3422157,56764,3102
785783.892164,59666396,3422157,56764,3102
785783.892176,59666396,3422157,56764,3102
785783.892197,59666396,3422157,56764,3102
785783.892209,59666396,3422157,56764,3102
785783.892221,59666396,3422157,56764,3102
785783.892232,59666396,3422157,56764,3102
785783.892254,59666396,3422157,56764,3102
785783.892266,59666396,3422157,56764,3102
785783.892278,59666396,3422157,56764,3102
785783.892290,59666396,3422157,56764,3102
785783.892311,59666396,3422157,56764,3102
785783.892323,59666396,3422157,56764,3102
785783.892335,59666396,3422157,56764,3102
785783.892347,59666396,3422157,56764,3102
785783.892369,59666396,3422157,56764,3102
785783.892382,59666396,3422157,56764,3102
785783.892393,59666396,3422157,56764,3102
785783.892405,59666940,3422157,56765,3102
785783.892427,59666940,3422157,56765,3102
785783.892439,59666940,3422157,56765,3102
785783.892451,59666940,3422157,56765,3102
785783.892462,59666940,3422157,56765,3102
785783.892483,59666940,3422157,56765,3102
785783.892496,59666940,3422157,56765,3102
785783.892509,59666940,3422157,56765,3102
785783.892521,59666940,3422157,56765,3102
785783.892542,59666940,3422157,56765,3102
785783.892555,59666940,3422157,56765,3102
785783.892566,59666940,3422157,56765,3102
785783.892578,59666940,3422157,56765,3102
785783.892599,59666940,3422157,56765,3102
785783.892612,59666940,3422157,56765,3102
785783.892623,59666940,3422157,56765,3102
785783.892636,59666940,3422157,56765,3102
785783.892658,59666940,3422157,56765,3102
785783.892672,59666940,3422157,56765,3102
785783.892684,59666940,3422157,56765,3102
785783.892696,59666940,3422157,56765,3102
785783.892718,59666940,3422157,56765,3102
785783.892732,59666940,3422157,56765,3102
785783.892744,59666940,3422157,56765,3102
785783.892756,59666940,3422157,56765,3102
785783.892779,59666940,3422157,56765,3102
785783.892791,59666940,3422157,56765,3102
785783.892803,59666940,3422157,56765,3102
785783.892815,59666940,3422157,56765,3102
785783.892836,59666940,3422157,56765,3102
785783.892849,59666940,3422157,56765,3102
785783.892861,59666940,3422157,56765,3102
785783.892874,59666940,3422157,56765,3102
785783.892894,59666940,3422157,56765,3102
785783.892906,59666940,3422157,56765,3102
785783.892920,59666940,3422157,56765,3102
785783.892931,59666940,3422157,56765,3102
785783.892952,59666940,3422157,56765,3102
785783.892964,59666940,3422157,56765,3102
785783.892976,59666940,3422157,56765,3102
785783.892988,59666940,3422157,56765,3102
785783.893010,59666940,3422157,56765,3102
785783.893024,59666940,3422157,56765,3102
785783.893038,59666940,3422157,56765,3102
785783.893052,59666940,3422157,56765,3102
785783.893077,59666940,3422157,56765,3102
785783.893092,59666940,3422157,56765,3102
785783.893107,59666940,3422157,56765,3102
785783.893121,59666940,3422157,56765,3102
785783.893146,59666940,3422157,56765,3102
785783.893159,59666940,3422157,56765,3102
785783.893170,59666940,3422157,56765,3102
785783.893182,59666940,3422157,56765,3102
785783.893203,59666940,3422157,56765,3102
785783.893216,59666940,3422157,56765,3102
785783.893227,59666940,3422157,56765,3102
785783.893239,59666940,3422157,56765,3102
785783.893260,59666940,3422157,56765,3102
785783.893273,59666940,3422157,56765,3102
785783.893284,59666940,3422157,56765,3102
785783.893296,59666940,3422157,56765,3102
785783.893316,59666940,3422157,56765,3102
785783.893329,59666940,3422157,56765,3102
785783.893340,59666940,3422157,56765,3102
785783.893353,59666940,3422157,56765,3102
785783.893374,59666940,3422157,56765,3102
785783.893386,59666940,3422157,56765,3102
785783.893398,59666940,3422157,56765,3102
785783.893410,59666940,3422157,56765,3102
785783.893430,59666940,3422157,56765,3102
785783.893443,59666940,3422157,56765,3102
785783.893454,59666940,3422157,56765,3102
785783.893466,59666940,3422157,56765,3102
785783.893489,59666940,3422157,56765,3102
785783.893501,59666940,3422157,56765,3102
785783.893513,59666940,3422157,56765,3102
785783.893524,59666940,3422157,56765,3102
785783.893545,59666940,3422157,56765,3102
785783.893558,59666940,3422157,56765,3102
785783.893569,59666940,3422157,56765,3102
785783.893581,59666940,3422157,56765,3102
785783.893603,59666940,3422157,56765,3102
785783.893615,59666940,3422157,56765,3102
785783.893627,59666940,3422157,56765,3102
785783.893638,59666940,3422157,56765,3102
785783.893659,59666940,3422157,56765,3102
785783.893671,59666940,3422157,56765,3102
785783.893683,59666940,3422157,56765,3102
785783.893695,59666940,3422157,56765,3102
785783.893715,59666940,3422157,56765,3102
785783.893728,59666940,3422157,56765,3102
785783.893739,59666940,3422157,56765,3102
785783.893751,59666940,3422157,56765,3102
785783.893773,59666940,3422157,56765,3102
785783.893785,59666940,3422157,56765,3102
785783.893797,59666940,3422157,56765,3102
785783.893809,59666940,3422157,56765,3102
785783.893829,59666940,3422157,56765,3102
785783.893843,59666940,3422157,56765,3102
785783.893854,59666940,3422157,56765,3102
785783.893866,59667484,3422157,56766,3102
785783.893888,59667484,3422157,56766,3102
785783.893901,59667484,3422157,56766,3102
785783.893912,59667484,3422157,56766,3102
785783.893924,59667484,3422157,56766,3102
785783.893945,59667484,3422157,56766,3102
785783.893957,59667484,3422157,56766,3102
785783.893969,59667484,3422157,56766,3102
785783.893982,59667484,3422157,56766,3102
785783.894015,59667484,3422157,56766,3102
785783.894038,59667484,3422157,56766,3102
785783.894052,59667484,3422157,56766,3102
785783.894067,59667484,3422157,56766,3102
785783.894092,59667484,3422157,56766,3102
785783.894108,59667484,3422157,56766,3102
785783.894123,59667484,3422157,56766,3102
785783.894137,59667484,3422157,56766,3102
785783.894167,59667484,3422157,56766,3102
785783.894181,59667484,3422157,56766,3102
785783.894195,59667484,3422157,56766,3102
785783.894209,59667484,3422157,56766,3102
785783.894235,59667484,3422157,56766,3102
785783.894249,59667484,3422157,56766,3102
785783.894260,59667484,3422157,56766,3102
785783.894273,59667484,3422157,56766,3102
785783.894293,59667484,3422157,56766,3102
785783.894306,59667484,3422157,56766,3102
785783.894318,59667484,3422157,56766,3102
785783.894329,59667484,3422157,56766,3102
785783.894351,59667484,3422157,56766,3102
785783.894364,59667484,3422157,56766,3102
785783.894375,59667484,3422157,56766,3102
785783.894387,59667484,3422157,56766,3102
785783.894408,59667484,3422157,56766,3102
785783.894420,59667484,3422157,56766,3102
785783.894432,59667484,3422157,56766,3102
785783.894444,59667484,3422157,56766,3102
785783.894464,59667484,3422157,56766,3102
785783.894478,59667484,3422157,56766,3102
785783.894489,59667484,3422157,56766,3102
785783.894501,59667484,3422157,56766,3102
785783.894521,59667484,3422157,56766,3102
785783.894534,59667484,3422157,56766,3102
785783.894546,59667484,3422157,56766,3102
785783.894558,59667484,3422157,56766,3102
785783.894578,59667484,3422157,56766,3102
785783.894591,59667484,3422157,56766,3102
785783.894602,59667484,3422157,56766,3102
785783.894614,59667484,3422157,56766,3102
785783.894637,59667484,3422157,56766,3102
785783.894649,59667484,3422157,56766,3102
785783.894661,59667484,3422157,56766,3102
785783.894673,59667484,3422157,56766,3102
785783.894693,59667484,3422157,56766,3102
785783.894706,59667484,3422157,56766,3102
785783.894718,59667484,3422157,56766,3102
785783.894730,59667484,3422157,56766,3102
785783.894751,59667484,3422157,56766,3102
785783.894764,59667484,3422157,56766,3102
785783.894776,59667484,3422157,56766,3102
785783.894788,59667484,3422157,56766,3102
785783.894808,59667484,3422157,56766,3102
785783.894821,59667484,3422157,56766,3102
785783.894832,59667484,3422157,56766,3102
785783.894844,59667484,3422157,56766,3102
785783.894864,59667484,3422157,56766,3102
785783.894877,59667484,3422157,56766,3102
785783.894889,59667484,3422157,56766,3102
785783.894901,59667484,3422157,56766,3102
785783.894921,59667484,3422157,56766,3102
785783.894934,59667484,3422157,56766,3102
785783.894945,59667484,3422157,56766,3102
785783.894957,59667484,3422157,56766,3102
785783.894977,59667484,3422157,56766,3102
785783.894990,59667484,3422157,56766,3102
785783.895004,59667484,3422157,56766,3102
785783.895016,59667484,3422157,56766,3102
785783.895054,59667484,3422157,56766,3102
785783.895070,59667484,3422157,56766,3102
785783.895085,59667484,3422157,56766,3102
785783.895099,59667484,3422157,56766,3102
785783.895125,59667484,3422157,56766,3102
785783.895142,59667484,3422157,56766,3102
785783.895156,59667484,3422157,56766,3102
785783.895168,59667484,3422157,56766,3102
785783.895189,59667484,3422157,56766,3102
785783.895202,59667484,3422157,56766,3102
785783.895214,59667484,3422157,56766,3102
785783.895225,59667484,3422157,56766,3102
785783.895246,59667484,3422157,56766,3102
785783.895258,59667484,3422157,56766,3102
785783.895270,59667484,3422157,56766,3102
785783.895281,59667484,3422157,56766,3102
785783.895302,59667484,3422157,56766,3102
785783.895314,59667484,3422157,56766,3102
785783.895326,59667484,3422157,56766,3102
785783.895339,59667484,3422157,56766,3102
785783.895359,59667484,3422157,56766,3102
785783.895372,59667484,3422157,56766,3102
785783.895383,59667484,3422157,56766,3102
785783.895397,59667484,3422157,56766,3102
785783.895418,59667484,3422157,56766,3102
785783.895430,59667484,3422157,56766,3102
785783.895442,59667484,3422157,56766,3102
785783.895453,59667484,3422157,56766,3102
785783.895475,59667484,3422157,56766,3102
785783.895488,59667484,3422157,56766,3102
785783.895500,59667484,3422157,56766,3102
785783.895511,59667484,3422157,56766,3102
785783.895532,59667484,3422157,56766,3102
785783.895545,59667484,3422157,56766,3102
785783.895557,59667484,3422157,56766,3102
785783.895569,59667484,3422157,56766,3102
785783.895590,59667484,3422157,56766,3102
785783.895603,59667484,3422157,56766,3102
785783.895615,59667484,3422157,56766,3102
785783.895627,59667484,3422157,56766,3102
785783.895647,59667484,3422157,56766,3102
785783.895660,59667484,3422157,56766,3102
785783.895671,59667484,3422157,56766,3102
785783.895683,59667484,3422157,56766,3102
785783.895703,59667484,3422157,56766,3102
785783.895715,59667484,3422157,56766,3102
785783.895727,59667484,3422157,56766,3102
785783.895739,59667484,3422157,56766,3102
785783.895760,59667484,3422157,56766,3102
785783.895774,59667484,3422157,56766,3102
785783.895785,59667484,3422157,56766,3102
785783.895797,59667484,3422157,56766,3102
785783.895818,59667484,3422157,56766,3102
785783.895830,59667484,3422157,56766,3102
785783.895842,59667484,3422157,56766,3102
785783.895853,59667484,3422157,56766,3102
785783.895875,59667484,3422157,56766,3102
785783.895887,59667484,3422157,56766,3102
785783.895899,59667484,3422157,56766,3102
785783.895910,59667484,3422157,56766,3102
785783.895930,59667484,3422157,56766,3102
785783.895943,59667484,3422157,56766,3102
785783.895954,59667484,3422157,56766,3102
785783.895966,59667484,3422157,56766,3102
785783.895987,59667484,3422157,56766,3102
785783.896000,59667484,3422157,56766,3102
785783.896013,59667484,3422157,56766,3102
785783.896026,59667484,3422157,56766,3102
785783.896051,59667484,3422157,56766,3102
785783.896066,59667484,3422157,56766,3102
785783.896080,59667484,3422157,56766,3102
785783.896093,59667484,3422157,56766,3102
785783.896118,59667484,3422157,56766,3102
785783.896133,59667484,3422157,56766,3102
785783.896151,59667484,3422157,56766,3102
785783.896163,59667484,3422157,56766,3102
785783.896185,59667484,3422157,56766,3102
785783.896197,59667484,3422157,56766,3102
785783.896209,59667484,3422157,56766,3102
785783.896220,59667484,3422157,56766,3102
785783.896241,59667484,3422157,56766,3102
785783.896254,59667484,3422157,56766,3102
785783.896265,59667484,3422157,56766,3102
785783.896277,59667484,3422157,56766,3102
785783.896299,59667484,3422157,56766,3102
785783.896312,59667484,3422157,56766,3102
785783.896323,59667484,3422157,56766,3102
785783.896335,59667484,3422157,56766,3102
785783.896356,59667484,3422157,56766,3102
785783.896368,59667484,3422157,56766,3102
785783.896380,59667484,3422157,56766,3102
785783.896391,59667484,3422157,56766,3102
785783.896412,59667484,3422157,56766,3102
785783.896426,59667484,3422157,56766,3102
785783.896437,59667484,3422157,56766,3102
785783.896449,59667484,3422157,56766,3102
785783.896470,59667484,3422157,56766,3102
785783.896482,59667484,3422157,56766,3102
785783.896494,59667484,3422157,56766,3102
785783.896505,59667484,3422157,56766,3102
785783.896527,59667484,3422157,56766,3102
785783.896539,59667484,3422157,56766,3102
785783.896551,59667484,3422157,56766,3102
785783.896563,59667484,3422157,56766,3102
785783.896585,59667484,3422157,56766,3102
785783.896597,59667484,3422157,56766,3102
785783.896609,59667484,3422157,56766,3102
785783.896621,59667484,3422157,56766,3102
785783.896641,59667484,3422157,56766,3102
785783.896654,59667484,3422157,56766,3102
785783.896665,59667484,3422157,56766,3102
785783.896677,59667484,3422157,56766,3102
785783.896698,59667484,3422157,56766,3102
785783.896711,59667484,3422157,56766,3102
785783.896722,59667484,3422157,56766,3102
785783.896734,59667484,3422157,56766,3102
785783.896755,59667484,3422157,56766,3102
785783.896767,59667484,3422157,56766,3102
785783.896778,59667484,3422157,56766,3102
785783.896790,59667484,3422157,56766,3102
785783.896812,59667484,3422157,56766,3102
785783.896824,59667484,3422157,56766,3102
785783.896837,59667484,3422157,56766,3102
785783.896848,59667484,3422157,56766,3102
785783.896869,59667484,3422157,56766,3102
785783.896882,59667484,3422157,56766,3102
785783.896894,59667484,3422157,56766,3102
785783.896906,59667484,3422157,56766,3102
785783.896926,59667484,3422157,56766,3102
785783.896939,59667484,3422157,56766,3102
785783.896950,59667484,3422157,56766,3102
785783.896962,59667484,3422157,56766,3102
785783.896984,59667484,3422157,56766,3102
785783.896997,59667484,3422157,56766,3102
785783.897010,59667484,3422157,56766,3102
785783.897024,59667484,3422157,56766,3102
785783.897048,59667484,3422157,56766,3102
785783.897063,59667484,3422157,56766,3102
785783.897078,59667484,3422157,56766,3102
785783.897091,59667484,3422157,56766,3102
785783.897117,59667484,3422157,56766,3102
785783.897132,59667484,3422157,56766,3102
785783.897147,59667484,3422157,56766,3102
785783.897159,59667484,3422157,56766,3102
785783.897180,59667484,3422157,56766,3102
785783.897193,59667484,3422157,56766,3102
785783.897206,59667484,3422157,56766,3102
785783.897218,59667484,3422157,56766,3102
785783.897239,59667484,3422157,56766,3102
785783.897252,59667484,3422157,56766,3102
785783.897264,59667484,3422157,56766,3102
785783.897279,59667484,3422157,56766,3102
785783.897300,59667484,3422157,56766,3102
785783.897313,59667484,3422157,56766,3102
785783.897326,59667484,3422157,56766,3102
785783.897338,59667484,3422157,56766,3102
785783.897359,59667484,3422157,56766,3102
785783.897373,59667484,3422157,56766,3102
785783.897384,59667484,3422157,56766,3102
785783.897396,59667484,3422157,56766,3102
785783.897418,59667484,3422157,56766,3102
785783.897430,59667484,3422157,56766,3102
785783.897441,59667484,3422157,56766,3102
785783.897453,59667484,3422157,56766,3102
785783.897474,59667484,3422157,56766,3102
785783.897487,59667484,3422157,56766,3102
785783.897498,59667484,3422157,56766,3102
785783.897510,59667484,3422157,56766,3102
785783.897531,59667484,3422157,56766,3102
785783.897544,59667484,3422157,56766,3102
785783.897556,59667484,3422157,56766,3102
785783.897568,59667484,3422157,56766,3102
785783.897588,59667484,3422157,56766,3102
785783.897601,59667484,3422157,56766,3102
785783.897612,59667484,3422157,56766,3102
785783.897624,59667484,3422157,56766,3102
785783.897646,59667484,3422157,56766,3102
785783.897658,59667484,3422157,56766,3102
785783.897670,59667484,3422157,56766,3102
785783.897681,59667484,3422157,56766,3102
785783.897703,59667484,3422157,56766,3102
785783.897715,59667484,3422157,56766,3102
785783.897727,59667484,3422157,56766,3102
785783.897738,59667484,3422157,56766,3102
785783.897759,59667484,3422157,56766,3102
785783.897771,59667484,3422157,56766,3102
785783.897784,59667484,3422157,56766,3102
785783.897796,59667484,3422157,56766,3102
785783.897817,59667484,3422157,56766,3102
785783.897830,59667484,3422157,56766,3102
785783.897841,59667484,3422157,56766,3102
785783.897853,59667484,3422157,56766,3102
785783.897874,59667484,3422157,56766,3102
785783.897886,59667484,3422157,56766,3102
785783.897898,59667484,3422157,56766,3102
785783.897909,59667484,3422157,56766,3102
785783.897930,59667484,3422157,56766,3102
785783.897943,59667484,3422157,56766,3102
785783.897954,59667484,3422157,56766,3102
785783.897966,59667484,3422157,56766,3102
785783.897987,59667484,3422157,56766,3102
785783.898000,59667484,3422157,56766,3102
785783.898014,59667484,3422157,56766,3102
785783.898026,59667484,3422157,56766,3102
785783.898046,59667484,3422157,56766,3102
785783.898058,59667484,3422157,56766,3102
785783.898070,59667484,3422157,56766,3102
785783.898082,59667484,3422157,56766,3102
785783.898103,59667484,3422157,56766,3102
785783.898116,59667484,3422157,56766,3102
785783.898128,59667484,3422157,56766,3102
785783.898140,59667484,3422157,56766,3102
785783.898160,59667484,3422157,56766,3102
785783.898173,59667484,3422157,56766,3102
785783.898184,59667484,3422157,56766,3102
785783.898196,59667484,3422157,56766,3102
785783.898218,59667484,3422157,56766,3102
785783.898230,59667484,3422157,56766,3102
785783.898242,59667484,3422157,56766,3102
785783.898253,59667484,3422157,56766,3102
785783.898274,59667484,3422157,56766,3102
785783.898286,59667484,3422157,56766,3102
785783.898298,59667484,3422157,56766,3102
785783.898309,59667484,3422157,56766,3102
785783.898330,59667484,3422157,56766,3102
785783.898343,59667484,3422157,56766,3102
785783.898356,59667484,3422157,56766,3102
785783.898368,59667484,3422157,56766,3102
785783.898389,59667484,3422157,56766,3102
785783.898401,59667484,3422157,56766,3102
785783.898413,59667484,3422157,56766,3102
785783.898425,59667484,3422157,56766,3102
785783.898445,59667484,3422157,56766,3102
785783.898458,59667484,3422157,56766,3102
785783.898469,59667484,3422157,56766,3102
785783.898481,59667484,3422157,56766,3102
785783.898503,59667484,3422157,56766,3102
785783.898516,59667484,3422157,56766,3102
785783.898529,59667484,3422157,56766,3102
785783.898541,59667484,3422157,56766,3102
785783.898562,59667484,3422157,56766,3102
785783.898575,59667484,3422157,56766,3102
785783.898586,59667484,3422157,56766,3102
785783.898598,59667484,3422157,56766,3102
785783.898620,59667484,3422157,56766,3102
785783.898632,59667484,3422157,56766,3102
785783.898643,59667484,3422157,56766,3102
785783.898655,59668028,3422157,56767,3102
785783.898676,59668028,3422157,56767,3102
785783.898689,59668028,3422157,56767,3102
785783.898700,59668028,3422157,56767,3102
785783.898712,59668028,3422157,56767,3102
785783.898732,59668028,3422157,56767,3102
785783.898747,59668028,3422157,56767,3102
785783.898759,59668028,3422157,56767,3102
785783.898771,59668028,3422157,56767,3102
785783.898791,59668028,3422157,56767,3102
785783.898804,59668028,3422157,56767,3102
785783.898815,59668028,3422157,56767,3102
785783.898827,59668028,3422157,56767,3102
785783.898847,59668028,3422157,56767,3102
785783.898860,59668028,3422157,56767,3102
785783.898872,59668028,3422157,56767,3102
785783.898883,59668028,3422157,56767,3102
785783.898905,59668028,3422157,56767,3102
785783.898918,59668028,3422157,56767,3102
785783.898929,59668028,3422157,56767,3102
785783.898942,59668028,3422157,56767,3102
785783.898963,59668028,3422157,56767,3102
785783.898975,59668028,3422157,56767,3102
785783.898987,59668028,3422157,56767,3102
785783.898998,59668028,3422157,56767,3102
785783.899022,59668028,3422157,56767,3102
785783.899037,59668028,3422157,56767,3102
785783.899051,59668028,3422157,56767,3102
785783.899065,59668028,3422157,56767,3102
785783.899090,59668028,3422157,56767,3102
785783.899105,59668028,3422157,56767,3102
785783.899120,59668028,3422157,56767,3102
785783.899134,59668028,3422157,56767,3102
785783.899156,59668028,3422157,56767,3102
785783.899169,59668028,3422157,56767,3102
785783.899180,59668028,3422157,56767,3102
785783.899193,59668028,3422157,56767,3102
785783.899214,59668028,3422157,56767,3102
785783.899226,59668028,3422157,56767,3102
785783.899238,59668028,3422157,56767,3102
785783.899250,59668028,3422157,56767,3102
785783.899272,59668028,3422157,56767,3102
785783.899285,59668028,3422157,56767,3102
785783.899296,59668028,3422157,56767,3102
785783.899308,59668028,3422157,56767,3102
785783.899330,59668028,3422157,56767,3102
785783.899342,59668028,3422157,56767,3102
785783.899354,59668028,3422157,56767,3102
785783.899365,59668028,3422157,56767,3102
785783.899386,59668028,3422157,56767,3102
785783.899399,59668028,3422157,56767,3102
785783.899410,59668028,3422157,56767,3102
785783.899422,59668028,3422157,56767,3102
785783.899443,59668028,3422157,56767,3102
785783.899456,59668028,3422157,56767,3102
785783.899467,59668028,3422157,56767,3102
785783.899479,59668028,3422157,56767,3102
785783.899501,59668028,3422157,56767,3102
785783.899513,59668028,3422157,56767,3102
785783.899525,59668028,3422157,56767,3102
785783.899537,59668028,3422157,56767,3102
785783.899558,59668028,3422157,56767,3102
785783.899570,59668028,3422157,56767,3102
785783.899582,59668028,3422157,56767,3102
785783.899594,59668028,3422157,56767,3102
785783.899615,59668028,3422157,56767,3102
785783.899628,59668028,3422157,56767,3102
785783.899639,59668028,3422157,56767,3102
785783.899651,59668028,3422157,56767,3102
785783.899671,59668028,3422157,56767,3102
785783.899684,59668028,3422157,56767,3102
785783.899695,59668028,3422157,56767,3102
785783.899707,59668028,3422157,56767,3102
785783.899729,59668028,3422157,56767,3102
785783.899741,59668028,3422157,56767,3102
785783.899753,59668028,3422157,56767,3102
785783.899764,59668028,3422157,56767,3102
785783.899785,59668028,3422157,56767,3102
785783.899797,59668028,3422157,56767,3102
785783.899808,59668028,3422157,56767,3102
785783.899820,59668028,3422157,56767,3102
785783.899840,59668028,3422157,56767,3102
785783.899855,59668028,3422157,56767,3102
785783.899867,59668028,3422157,56767,3102
785783.899879,59668028,3422157,56767,3102
785783.899899,59668028,3422157,56767,3102
785783.899912,59668028,3422157,56767,3102
785783.899923,59668028,3422157,56767,3102
785783.899935,59668028,3422157,56767,3102
785783.899955,59668028,3422157,56767,3102
785783.899968,59668028,3422157,56767,3102
785783.899979,59668028,3422157,56767,3102
785783.899992,59668028,3422157,56767,3102
785783.900015,59668028,3422157,56767,3102
785783.900028,59668028,3422157,56767,3102
785783.900040,59668028,3422157,56767,3102
785783.900051,59668028,3422157,56767,3102
785783.900075,59668028,3422157,56767,3102
785783.900091,59668028,3422157,56767,3102
785783.900105,59668028,3422157,56767,3102
785783.900119,59668028,3422157,56767,3102
785783.900145,59668028,3422157,56767,3102
785783.900159,59668028,3422157,56767,3102
785783.900173,59668028,3422157,56767,3102
785783.900187,59668028,3422157,56767,3102
785783.900212,59668028,3422157,56767,3102
785783.900227,59668028,3422157,56767,3102
785783.900241,59668028,3422157,56767,3102
785783.900257,59668028,3422157,56767,3102
785783.900282,59668028,3422157,56767,3102
785783.900299,59668028,3422157,56767,3102
785783.900313,59668028,3422157,56767,3102
785783.900328,59668028,3422157,56767,3102
785783.900352,59668028,3422157,56767,3102
785783.900368,59668028,3422157,56767,3102
785783.900381,59668028,3422157,56767,3102
785783.900396,59668028,3422157,56767,3102
785783.900420,59668028,3422157,56767,3102
785783.900435,59668028,3422157,56767,3102
785783.900449,59668028,3422157,56767,3102
785783.900464,59668028,3422157,56767,3102
785783.900489,59668028,3422157,56767,3102
785783.900505,59668028,3422157,56767,3102
785783.900519,59668028,3422157,56767,3102
785783.900533,59668028,3422157,56767,3102
785783.900557,59668028,3422157,56767,3102
785783.900569,59668028,3422157,56767,3102
785783.900581,59668028,3422157,56767,3102
785783.900593,59668028,3422157,56767,3102
785783.900614,59668028,3422157,56767,3102
785783.900627,59668028,3422157,56767,3102
785783.900638,59668028,3422157,56767,3102
785783.900650,59668028,3422157,56767,3102
785783.900672,59668028,3422157,56767,3102
785783.900684,59668028,3422157,56767,3102
785783.900696,59668028,3422157,56767,3102
785783.900707,59668028,3422157,56767,3102
785783.900728,59668028,3422157,56767,3102
785783.900740,59668028,3422157,56767,3102
785783.900753,59668028,3422157,56767,3102
785783.900765,59668028,3422157,56767,3102
785783.900786,59668028,3422157,56767,3102
785783.900798,59668028,3422157,56767,3102
785783.900810,59668028,3422157,56767,3102
785783.900822,59668028,3422157,56767,3102
785783.900843,59668028,3422157,56767,3102
785783.900856,59668028,3422157,56767,3102
785783.900867,59668028,3422157,56767,3102
785783.900879,59668028,3422157,56767,3102
785783.900901,59668028,3422157,56767,3102
785783.900913,59668028,3422157,56767,3102
785783.900924,59668028,3422157,56767,3102
785783.900936,59668028,3422157,56767,3102
785783.900957,59668028,3422157,56767,3102
785783.900969,59668028,3422157,56767,3102
785783.900981,59668028,3422157,56767,3102
785783.900992,59668028,3422157,56767,3102
785783.901015,59668028,3422157,56767,3102
785783.901028,59668028,3422157,56767,3102
785783.901040,59668028,3422157,56767,3102
785783.901052,59668028,3422157,56767,3102
785783.901072,59668028,3422157,56767,3102
785783.901085,59668028,3422157,56767,3102
785783.901478,59668028,3422157,56767,3102
785783.901497,59668028,3422157,56767,3102
785783.901521,59668028,3422157,56767,3102
785783.901535,59668028,3422157,56767,3102
785783.901547,59668028,3422157,56767,3102
785783.901562,59668028,3422157,56767,3102
785783.901583,59668028,3422157,56767,3102
785783.901596,59668028,3422157,56767,3102
785783.901608,59668028,3422157,56767,3102
785783.901620,59668028,3422157,56767,3102
785783.901641,59668028,3422157,56767,3102
785783.901654,59668028,3422157,56767,3102
785783.901665,59668028,3422157,56767,3102
785783.901677,59668028,3422157,56767,3102
785783.901699,59668028,3422157,56767,3102
785783.901712,59668028,3422157,56767,3102
785783.901723,59668028,3422157,56767,3102
785783.901735,59668028,3422157,56767,3102
785783.901756,59668028,3422157,56767,3102
785783.901768,59668028,3422157,56767,3102
785783.901780,59668028,3422157,56767,3102
785783.901795,59668028,3422157,56767,3102
785783.901817,59668028,3422157,56767,3102
785783.901830,59668028,3422157,56767,3102
785783.901841,59668028,3422157,56767,3102
785783.901853,59668028,3422157,56767,3102
785783.901874,59668028,3422157,56767,3102
785783.901886,59668028,3422157,56767,3102
785783.901898,59668028,3422157,56767,3102
785783.901910,59668028,3422157,56767,3102
785783.901930,59668028,3422157,56767,3102
785783.901943,59668028,3422157,56767,3102
785783.901956,59668028,3422157,56767,3102
785783.901968,59668028,3422157,56767,3102
785783.901990,59668028,3422157,56767,3102
785783.902006,59668028,3422157,56767,3102
785783.902017,59668028,3422157,56767,3102
785783.902030,59668028,3422157,56767,3102
785783.902050,59668028,3422157,56767,3102
785783.902063,59668028,3422157,56767,3102
785783.902075,59668028,3422157,56767,3102
785783.902087,59668028,3422157,56767,3102
785783.902108,59668028,3422157,56767,3102
785783.902121,59668028,3422157,56767,3102
785783.902133,59668028,3422157,56767,3102
785783.902144,59668028,3422157,56767,3102
785783.902165,59668028,3422157,56767,3102
785783.902178,59668028,3422157,56767,3102
785783.902190,59668028,3422157,56767,3102
785783.902202,59668028,3422157,56767,3102
785783.902223,59668028,3422157,56767,3102
785783.902236,59668028,3422157,56767,3102
785783.902248,59668028,3422157,56767,3102
785783.902260,59668028,3422157,56767,3102
785783.902281,59668028,3422157,56767,3102
785783.902294,59668028,3422157,56767,3102
785783.902305,59668028,3422157,56767,3102
785783.902317,59668028,3422157,56767,3102
785783.902337,59668028,3422157,56767,3102
785783.902350,59668028,3422157,56767,3102
785783.902362,59668028,3422157,56767,3102
785783.902374,59668028,3422157,56767,3102
785783.902395,59668028,3422157,56767,3102
785783.902408,59668028,3422157,56767,3102
785783.902420,59668028,3422157,56767,3102
785783.902432,59668028,3422157,56767,3102
785783.902453,59668028,3422157,56767,3102
785783.902465,59668028,3422157,56767,3102
785783.902477,59668028,3422157,56767,3102
785783.902489,59668028,3422157,56767,3102
785783.902511,59668028,3422157,56767,3102
785783.902523,59668028,3422157,56767,3102
785783.902536,59668028,3422157,56767,3102
785783.902548,59668028,3422157,56767,3102
785783.902568,59668028,3422157,56767,3102
785783.902581,59668028,3422157,56767,3102
785783.902593,59668028,3422157,56767,3102
785783.902604,59668028,3422157,56767,3102
785783.902625,59668028,3422157,56767,3102
785783.902638,59668028,3422157,56767,3102
785783.902651,59668028,3422157,56767,3102
785783.902665,59668028,3422157,56767,3102
785783.902691,59668028,3422157,56767,3102
785783.902706,59668028,3422157,56767,3102
785783.902720,59668028,3422157,56767,3102
785783.902733,59668028,3422157,56767,3102
785783.902758,59668028,3422157,56767,3102
785783.902773,59668028,3422157,56767,3102
785783.902786,59668028,3422157,56767,3102
785783.902801,59668028,3422157,56767,3102
785783.902823,59668028,3422157,56767,3102
785783.902835,59668028,3422157,56767,3102
785783.902846,59668028,3422157,56767,3102
785783.902858,59668028,3422157,56767,3102
785783.902879,59668028,3422157,56767,3102
785783.902891,59668028,3422157,56767,3102
785783.902903,59668028,3422157,56767,3102
785783.902915,59668028,3422157,56767,3102
785783.902939,59668028,3422157,56767,3102
785783.902952,59668028,3422157,56767,3102
785783.902964,59668028,3422157,56767,3102
785783.902975,59668028,3422157,56767,3102
785783.902996,59668028,3422157,56767,3102
785783.903010,59668028,3422157,56767,3102
785783.903022,59668028,3422157,56767,3102
785783.903036,59668028,3422157,56767,3102
785783.903060,59668028,3422157,56767,3102
785783.903076,59668028,3422157,56767,3102
785783.903090,59668028,3422157,56767,3102
785783.903105,59668028,3422157,56767,3102
785783.903129,59668028,3422157,56767,3102
785783.903145,59668028,3422157,56767,3102
785783.903156,59668028,3422157,56767,3102
785783.903168,59668028,3422157,56767,3102
785783.903188,59668028,3422157,56767,3102
785783.903201,59668028,3422157,56767,3102
785783.903212,59668028,3422157,56767,3102
785783.903224,59668028,3422157,56767,3102
785783.903246,59668028,3422157,56767,3102
785783.903258,59668028,3422157,56767,3102
785783.903270,59668028,3422157,56767,3102
785783.903281,59668028,3422157,56767,3102
785783.903302,59668028,3422157,56767,3102
785783.903315,59668028,3422157,56767,3102
785783.903327,59668028,3422157,56767,3102
785783.903338,59668028,3422157,56767,3102
785783.903360,59668028,3422157,56767,3102
785783.903373,59668028,3422157,56767,3102
785783.903384,59668028,3422157,56767,3102
785783.903396,59668028,3422157,56767,3102
785783.903417,59668028,3422157,56767,3102
785783.903430,59668028,3422157,56767,3102
785783.903441,59668028,3422157,56767,3102
785783.903454,59668028,3422157,56767,3102
785783.903475,59668028,3422157,56767,3102
785783.903487,59668028,3422157,56767,3102
785783.903499,59668028,3422157,56767,3102
785783.903511,59668028,3422157,56767,3102
785783.903533,59668028,3422157,56767,3102
785783.903545,59668028,3422157,56767,3102
785783.903557,59668028,3422157,56767,3102
785783.903569,59668028,3422157,56767,3102
785783.903590,59668028,3422157,56767,3102
785783.903602,59668028,3422157,56767,3102
785783.903614,59668028,3422157,56767,3102
785783.903626,59668028,3422157,56767,3102
785783.903648,59668028,3422157,56767,3102
785783.903661,59668028,3422157,56767,3102
785783.903672,59668028,3422157,56767,3102
785783.903685,59668028,3422157,56767,3102
785783.903706,59668028,3422157,56767,3102
785783.903719,59668028,3422157,56767,3102
785783.903730,59668028,3422157,56767,3102
785783.903741,59668028,3422157,56767,3102
785783.903762,59668028,3422157,56767,3102
785783.903775,59668028,3422157,56767,3102
785783.903787,59668028,3422157,56767,3102
785783.903799,59668028,3422157,56767,3102
785783.903819,59668028,3422157,56767,3102
785783.903832,59668028,3422157,56767,3102
785783.903843,59668028,3422157,56767,3102
785783.903855,59668028,3422157,56767,3102
785783.903875,59668028,3422157,56767,3102
785783.903888,59668028,3422157,56767,3102
785783.903900,59668028,3422157,56767,3102
785783.903911,59668028,3422157,56767,3102
785783.903933,59668028,3422157,56767,3102
785783.903945,59668028,3422157,56767,3102
785783.903957,59668028,3422157,56767,3102
785783.903969,59668028,3422157,56767,3102
785783.903989,59668028,3422157,56767,3102
785783.904004,59668028,3422157,56767,3102
785783.904016,59668028,3422157,56767,3102
785783.904029,59668028,3422157,56767,3102
785783.904055,59668028,3422157,56767,3102
785783.904071,59668028,3422157,56767,3102
785783.904084,59668028,3422157,56767,3102
785783.904098,59668028,3422157,56767,3102
785783.904123,59668028,3422157,56767,3102
785783.904138,59668028,3422157,56767,3102
785783.904156,59668028,3422157,56767,3102
785783.904168,59668028,3422157,56767,3102
785783.904188,59668028,3422157,56767,3102
785783.904202,59668028,3422157,56767,3102
785783.904214,59668028,3422157,56767,3102
785783.904226,59668028,3422157,56767,3102
785783.904246,59668028,3422157,56767,3102
785783.904259,59668028,3422157,56767,3102
785783.904271,59668028,3422157,56767,3102
785783.904282,59668028,3422157,56767,3102
785783.904303,59668028,3422157,56767,3102
785783.904316,59668028,3422157,56767,3102
785783.904327,59668028,3422157,56767,3102
785783.904339,59668028,3422157,56767,3102
785783.904360,59668028,3422157,56767,3102
785783.904373,59668028,3422157,56767,3102
785783.904384,59668028,3422157,56767,3102
785783.904396,59668028,3422157,56767,3102
785783.904417,59668028,3422157,56767,3102
785783.904429,59668028,3422157,56767,3102
785783.904442,59668028,3422157,56767,3102
785783.904454,59668028,3422157,56767,3102
785783.904475,59668028,3422157,56767,3102
785783.904488,59668028,3422157,56767,3102
785783.904500,59668028,3422157,56767,3102
785783.904511,59668028,3422157,56767,3102
785783.904532,59668028,3422157,56767,3102
785783.904544,59668028,3422157,56767,3102
785783.904555,59668028,3422157,56767,3102
785783.904567,59668028,3422157,56767,3102
785783.904588,59668028,3422157,56767,3102
785783.904600,59668028,3422157,56767,3102
785783.904613,59668028,3422157,56767,3102
785783.904625,59668028,3422157,56767,3102
785783.904646,59668028,3422157,56767,3102
785783.904658,59668028,3422157,56767,3102
785783.904669,59668028,3422157,56767,3102
785783.904681,59668028,3422157,56767,3102
785783.904702,59668028,3422157,56767,3102
785783.904714,59668028,3422157,56767,3102
785783.904726,59668028,3422157,56767,3102
785783.904737,59668028,3422157,56767,3102
785783.904759,59668028,3422157,56767,3102
785783.904772,59668028,3422157,56767,3102
785783.904783,59668028,3422157,56767,3102
785783.904797,59668028,3422157,56767,3102
785783.904818,59668028,3422157,56767,3102
785783.904831,59668028,3422157,56767,3102
785783.904842,59668028,3422157,56767,3102
785783.904854,59668028,3422157,56767,3102
785783.904875,59668028,3422157,56767,3102
785783.904888,59668028,3422157,56767,3102
785783.904900,59668028,3422157,56767,3102
785783.904911,59668028,3422157,56767,3102
785783.904932,59668028,3422157,56767,3102
785783.904945,59668028,3422157,56767,3102
785783.904957,59668028,3422157,56767,3102
785783.904969,59668028,3422157,56767,3102
785783.904990,59668028,3422157,56767,3102
785783.905004,59668028,3422157,56767,3102
785783.905015,59668028,3422157,56767,3102
785783.905028,59668028,3422157,56767,3102
785783.905049,59668028,3422157,56767,3102
785783.905062,59668028,3422157,56767,3102
785783.905073,59668028,3422157,56767,3102
785783.905085,59668028,3422157,56767,3102
785783.905106,59668028,3422157,56767,3102
785783.905118,59668028,3422157,56767,3102
785783.905130,59668028,3422157,56767,3102
785783.905141,59668028,3422157,56767,3102
785783.905163,59668028,3422157,56767,3102
785783.905176,59668028,3422157,56767,3102
785783.905188,59668028,3422157,56767,3102
785783.905199,59668028,3422157,56767,3102
785783.905220,59668028,3422157,56767,3102
785783.905233,59668028,3422157,56767,3102
785783.905245,59668028,3422157,56767,3102
785783.905256,59668028,3422157,56767,3102
785783.905278,59668028,3422157,56767,3102
785783.905290,59668028,3422157,56767,3102
785783.905302,59668028,3422157,56767,3102
785783.905313,59668028,3422157,56767,3102
785783.905334,59668028,3422157,56767,3102
785783.905346,59668028,3422157,56767,3102
785783.905358,59668028,3422157,56767,3102
785783.905370,59668028,3422157,56767,3102
785783.905390,59668028,3422157,56767,3102
785783.905403,59668028,3422157,56767,3102
785783.905415,59668028,3422157,56767,3102
785783.905426,59668028,3422157,56767,3102
785783.905448,59668028,3422157,56767,3102
785783.905460,59668028,3422157,56767,3102
785783.905472,59668028,3422157,56767,3102
785783.905483,59668028,3422157,56767,3102
785783.905504,59668028,3422157,56767,3102
785783.905516,59668028,3422157,56767,3102
785783.905529,59668028,3422157,56767,3102
785783.905541,59668028,3422157,56767,3102
785783.905563,59668028,3422157,56767,3102
785783.905575,59668028,3422157,56767,3102
785783.905586,59668028,3422157,56767,3102
785783.905598,59668028,3422157,56767,3102
785783.905619,59668028,3422157,56767,3102
785783.905631,59668028,3422157,56767,3102
785783.905643,59668028,3422157,56767,3102
785783.905654,59668028,3422157,56767,3102
785783.905675,59668028,3422157,56767,3102
785783.905689,59668028,3422157,56767,3102
785783.905700,59668028,3422157,56767,3102
785783.905712,59668028,3422157,56767,3102
785783.905733,59668028,3422157,56767,3102
785783.905746,59668028,3422157,56767,3102
785783.905757,59668028,3422157,56767,3102
785783.905769,59668028,3422157,56767,3102
785783.905789,59668028,3422157,56767,3102
785783.905802,59668028,3422157,56767,3102
785783.905813,59668028,3422157,56767,3102
785783.905825,59668028,3422157,56767,3102
785783.905847,59668028,3422157,56767,3102
785783.905860,59668028,3422157,56767,3102
785783.905871,59668028,3422157,56767,3102
785783.905883,59668028,3422157,56767,3102
785783.905905,59668028,3422157,56767,3102
785783.905917,59668028,3422157,56767,3102
785783.905929,59668028,3422157,56767,3102
785783.905941,59668028,3422157,56767,3102
785783.905962,59668028,3422157,56767,3102
785783.905975,59668028,3422157,56767,3102
785783.905986,59668028,3422157,56767,3102
785783.905998,59668028,3422157,56767,3102
785783.906020,59668028,3422157,56767,3102
785783.906035,59668028,3422157,56767,3102
785783.906048,59668028,3422157,56767,3102
785783.906062,59668028,3422157,56767,3102
785783.906086,59668028,3422157,56767,3102
785783.906101,59668028,3422157,56767,3102
785783.906115,59668028,3422157,56767,3102
785783.906130,59668028,3422157,56767,3102
785783.906153,59668028,3422157,56767,3102
785783.906165,59668028,3422157,56767,3102
785783.906177,59668028,3422157,56767,3102
785783.906188,59668028,3422157,56767,3102
785783.906211,59668028,3422157,56767,3102
785783.906223,59668028,3422157,56767,3102
785783.906235,59668028,3422157,56767,3102
785783.906247,59668028,3422157,56767,3102
785783.906268,59668028,3422157,56767,3102
785783.906282,59668028,3422157,56767,3102
785783.906294,59668028,3422157,56767,3102
785783.906305,59668028,3422157,56767,3102
785783.906326,59668028,3422157,56767,3102
785783.906339,59668028,3422157,56767,3102
785783.906350,59668028,3422157,56767,3102
785783.906362,59668028,3422157,56767,3102
785783.906384,59668028,3422157,56767,3102
785783.906396,59668028,3422157,56767,3102
785783.906408,59668028,3422157,56767,3102
785783.906422,59668028,3422157,56767,3102
785783.906442,59668028,3422157,56767,3102
785783.906454,59668028,3422157,56767,3102
785783.906466,59668028,3422157,56767,3102
785783.906478,59668028,3422157,56767,3102
785783.906498,59668028,3422157,56767,3102
785783.906511,59668028,3422157,56767,3102
785783.906522,59668028,3422157,56767,3102
785783.906535,59668028,3422157,56767,3102
785783.906556,59668028,3422157,56767,3102
785783.906568,59668028,3422157,56767,3102
785783.906580,59668028,3422157,56767,3102
785783.906592,59668028,3422157,56767,3102
785783.906612,59668028,3422157,56767,3102
785783.906625,59668028,3422157,56767,3102
785783.906636,59668028,3422157,56767,3102
785783.906649,59668028,3422157,56767,3102
785783.906670,59668028,3422157,56767,3102
785783.906683,59668028,3422157,56767,3102
785783.906695,59668028,3422157,56767,3102
785783.906707,59668028,3422157,56767,3102
785783.906727,59668028,3422157,56767,3102
785783.906740,59668028,3422157,56767,3102
785783.906751,59668028,3422157,56767,3102
785783.906763,59668028,3422157,56767,3102
785783.906785,59668028,3422157,56767,3102
785783.906797,59668028,3422157,56767,3102
785783.906809,59668028,3422157,56767,3102
785783.906820,59668028,3422157,56767,3102
785783.906841,59668028,3422157,56767,3102
785783.906854,59668028,3422157,56767,3102
785783.906865,59668028,3422157,56767,3102
785783.906877,59668028,3422157,56767,3102
785783.906897,59668028,3422157,56767,3102
785783.906910,59668028,3422157,56767,3102
785783.906922,59668028,3422157,56767,3102
785783.906934,59668028,3422157,56767,3102
785783.906956,59668028,3422157,56767,3102
785783.906968,59668028,3422157,56767,3102
785783.906980,59668028,3422157,56767,3102
785783.906992,59668028,3422157,56767,3102
785783.907015,59668028,3422157,56767,3102
785783.907028,59668028,3422157,56767,3102
785783.907040,59668028,3422157,56767,3102
785783.907051,59668028,3422157,56767,3102
785783.907073,59668028,3422157,56767,3102
785783.907086,59668028,3422157,56767,3102
785783.907097,59668028,3422157,56767,3102
785783.907109,59668028,3422157,56767,3102
785783.907130,59668028,3422157,56767,3102
785783.907142,59668028,3422157,56767,3102
785783.907155,59668028,3422157,56767,3102
785783.907167,59668028,3422157,56767,3102
785783.907187,59668028,3422157,56767,3102
785783.907201,59668028,3422157,56767,3102
785783.907212,59668028,3422157,56767,3102
785783.907224,59668028,3422157,56767,3102
785783.907244,59668028,3422157,56767,3102
785783.907257,59668028,3422157,56767,3102
785783.907268,59668028,3422157,56767,3102
785783.907280,59668028,3422157,56767,3102
785783.907301,59668028,3422157,56767,3102
785783.907313,59668028,3422157,56767,3102
785783.907324,59668028,3422157,56767,3102
785783.907336,59668028,3422157,56767,3102
785783.907358,59668028,3422157,56767,3102
785783.907371,59668028,3422157,56767,3102
785783.907383,59668028,3422157,56767,3102
785783.907395,59668028,3422157,56767,3102
785783.907415,59668028,3422157,56767,3102
785783.907428,59668028,3422157,56767,3102
785783.907439,59668028,3422157,56767,3102
785783.907451,59668028,3422157,56767,3102
785783.907473,59668028,3422157,56767,3102
785783.907486,59668028,3422157,56767,3102
785783.907497,59668028,3422157,56767,3102
785783.907509,59668028,3422157,56767,3102
785783.907530,59668028,3422157,56767,3102
785783.907542,59668028,3422157,56767,3102
785783.907554,59668028,3422157,56767,3102
785783.907565,59668028,3422157,56767,3102
785783.907586,59668028,3422157,56767,3102
785783.907599,59668028,3422157,56767,3102
785783.907611,59668028,3422157,56767,3102
785783.907622,59668028,3422157,56767,3102
785783.907643,59668028,3422157,56767,3102
785783.907655,59668028,3422157,56767,3102
785783.907667,59668028,3422157,56767,3102
785783.907679,59668028,3422157,56767,3102
785783.907699,59668028,3422157,56767,3102
785783.907712,59668028,3422157,56767,3102
785783.907724,59668028,3422157,56767,3102
785783.907737,59668028,3422157,56767,3102
785783.907759,59668028,3422157,56767,3102
785783.907771,59668028,3422157,56767,3102
785783.907783,59668028,3422157,56767,3102
785783.907794,59668028,3422157,56767,3102
785783.907815,59668028,3422157,56767,3102
785783.907827,59668028,3422157,56767,3102
785783.907839,59668028,3422157,56767,3102
785783.907851,59668028,3422157,56767,3102
785783.907874,59668028,3422157,56767,3102
785783.907887,59668028,3422157,56767,3102
785783.907901,59668028,3422157,56767,3102
785783.907913,59668028,3422157,56767,3102
785783.907935,59668028,3422157,56767,3102
785783.907948,59668028,3422157,56767,3102
785783.907960,59668028,3422157,56767,3102
785783.907973,59668028,3422157,56767,3102
785783.907995,59668028,3422157,56767,3102
785783.908009,59668028,3422157,56767,3102
785783.908023,59668028,3422157,56767,3102
785783.908036,59668028,3422157,56767,3102
785783.908058,59668028,3422157,56767,3102
785783.908072,59668028,3422157,56767,3102
785783.908084,59668028,3422157,56767,3102
785783.908097,59668028,3422157,56767,3102
785783.908117,59668028,3422157,56767,3102
785783.908131,59668028,3422157,56767,3102
785783.908143,59668028,3422157,56767,3102
785783.908156,59668028,3422157,56767,3102
785783.908178,59668028,3422157,56767,3102
785783.908190,59668028,3422157,56767,3102
785783.908202,59668028,3422157,56767,3102
785783.908214,59668028,3422157,56767,3102
785783.908235,59668028,3422157,56767,3102
785783.908247,59668028,3422157,56767,3102
785783.908259,59668028,3422157,56767,3102
785783.908270,59668028,3422157,56767,3102
785783.908292,59668028,3422157,56767,3102
785783.908305,59668028,3422157,56767,3102
785783.908316,59668028,3422157,56767,3102
785783.908328,59668028,3422157,56767,3102
785783.908348,59668028,3422157,56767,3102
785783.908360,59668028,3422157,56767,3102
785783.908372,59668028,3422157,56767,3102
785783.908383,59668028,3422157,56767,3102
785783.908404,59668028,3422157,56767,3102
785783.908416,59668028,3422157,56767,3102
785783.908428,59668028,3422157,56767,3102
785783.908440,59668028,3422157,56767,3102
785783.908461,59668028,3422157,56767,3102
785783.908474,59668028,3422157,56767,3102
785783.908486,59668028,3422157,56767,3102
785783.908498,59668028,3422157,56767,3102
785783.908519,59668028,3422157,56767,3102
785783.908531,59668028,3422157,56767,3102
785783.908543,59668028,3422157,56767,3102
785783.908555,59668028,3422157,56767,3102
785783.908577,59668028,3422157,56767,3102
785783.908589,59668028,3422157,56767,3102
785783.908600,59668028,3422157,56767,3102
785783.908612,59668028,3422157,56767,3102
785783.908634,59668028,3422157,56767,3102
785783.908646,59668028,3422157,56767,3102
785783.908658,59668028,3422157,56767,3102
785783.908670,59668028,3422157,56767,3102
785783.908692,59668028,3422157,56767,3102
785783.908704,59668028,3422157,56767,3102
785783.908716,59668028,3422157,56767,3102
785783.908728,59668028,3422157,56767,3102
785783.908749,59668028,3422157,56767,3102
785783.908761,59668028,3422157,56767,3102
785783.908772,59668028,3422157,56767,3102
785783.908784,59668028,3422157,56767,3102
785783.908804,59668028,3422157,56767,3102
785783.908817,59668028,3422157,56767,3102
785783.908828,59668028,3422157,56767,3102
785783.908840,59668028,3422157,56767,3102
785783.908863,59668028,3422157,56767,3102
785783.908875,59668028,3422157,56767,3102
785783.908886,59668028,3422157,56767,3102
785783.908898,59668028,3422157,56767,3102
785783.908919,59668028,3422157,56767,3102
785783.908931,59668028,3422157,56767,3102
785783.908942,59668028,3422157,56767,3102
785783.908954,59668028,3422157,56767,3102
785783.908976,59668028,3422157,56767,3102
785783.908989,59668028,3422157,56767,3102
785783.909001,59668028,3422157,56767,3102
785783.909013,59668028,3422157,56767,3102
785783.909033,59668028,3422157,56767,3102
785783.909046,59668028,3422157,56767,3102
785783.909058,59668028,3422157,56767,3102
785783.909070,59668028,3422157,56767,3102
785783.909090,59668028,3422157,56767,3102
785783.909103,59668028,3422157,56767,3102
785783.909115,59668028,3422157,56767,3102
785783.909127,59668028,3422157,56767,3102
785783.909148,59668028,3422157,56767,3102
785783.909161,59668028,3422157,56767,3102
785783.909172,59668028,3422157,56767,3102
785783.909184,59668028,3422157,56767,3102
785783.909205,59668028,3422157,56767,3102
785783.909218,59668028,3422157,56767,3102
785783.909230,59668028,3422157,56767,3102
785783.909241,59668028,3422157,56767,3102
785783.909263,59668028,3422157,56767,3102
785783.909276,59668028,3422157,56767,3102
785783.909288,59668028,3422157,56767,3102
785783.909299,59668028,3422157,56767,3102
785783.909321,59668028,3422157,56767,3102
785783.909333,59668028,3422157,56767,3102
785783.909344,59668028,3422157,56767,3102
785783.909357,59668028,3422157,56767,3102
785783.909378,59668028,3422157,56767,3102
785783.909391,59668028,3422157,56767,3102
785783.909403,59668028,3422157,56767,3102
785783.909414,59668028,3422157,56767,3102
785783.909435,59668028,3422157,56767,3102
785783.909448,59668028,3422157,56767,3102
785783.909459,59668028,3422157,56767,3102
785783.909471,59668028,3422157,56767,3102
785783.909491,59668028,3422157,56767,3102
785783.909504,59668028,3422157,56767,3102
785783.909516,59668028,3422157,56767,3102
785783.909528,59668028,3422157,56767,3102
785783.909549,59668028,3422157,56767,3102
785783.909561,59668028,3422157,56767,3102
785783.909573,59668028,3422157,56767,3102
785783.909586,59668028,3422157,56767,3102
785783.909607,59668028,3422157,56767,3102
785783.909619,59668028,3422157,56767,3102
785783.909631,59668028,3422157,56767,3102
785783.909643,59668028,3422157,56767,3102
785783.909664,59668028,3422157,56767,3102
785783.909677,59668028,3422157,56767,3102
785783.909689,59668028,3422157,56767,3102
785783.909700,59668028,3422157,56767,3102
785783.909720,59668028,3422157,56767,3102
785783.909733,59668028,3422157,56767,3102
785783.909744,59668028,3422157,56767,3102
785783.909756,59668028,3422157,56767,3102
785783.909778,59668028,3422157,56767,3102
785783.909790,59668028,3422157,56767,3102
785783.909802,59668028,3422157,56767,3102
785783.909813,59668028,3422157,56767,3102
785783.909834,59668028,3422157,56767,3102
785783.909847,59668028,3422157,56767,3102
785783.909858,59668028,3422157,56767,3102
785783.909870,59668028,3422157,56767,3102
785783.909890,59668028,3422157,56767,3102
785783.909902,59668028,3422157,56767,3102
785783.909914,59668028,3422157,56767,3102
785783.909926,59668028,3422157,56767,3102
785783.909948,59668028,3422157,56767,3102
785783.909961,59668028,3422157,56767,3102
785783.909972,59668028,3422157,56767,3102
785783.909983,59668028,3422157,56767,3102
785783.910005,59668028,3422157,56767,3102
785783.910018,59668028,3422157,56767,3102
785783.910032,59668028,3422157,56767,3102
785783.910046,59668028,3422157,56767,3102
785783.910071,59668028,3422157,56767,3102
785783.910086,59668028,3422157,56767,3102
785783.910103,59668028,3422157,56767,3102
785783.910117,59668028,3422157,56767,3102
785783.910144,59668028,3422157,56767,3102
785783.910157,59668028,3422157,56767,3102
785783.910168,59668028,3422157,56767,3102
785783.910180,59668028,3422157,56767,3102
785783.910201,59668028,3422157,56767,3102
785783.910214,59668028,3422157,56767,3102
785783.910225,59668028,3422157,56767,3102
785783.910237,59668028,3422157,56767,3102
785783.910258,59668028,3422157,56767,3102
785783.910270,59668028,3422157,56767,3102
785783.910282,59668028,3422157,56767,3102
785783.910294,59668028,3422157,56767,3102
785783.910314,59668028,3422157,56767,3102
785783.910326,59668028,3422157,56767,3102
785783.910339,59668028,3422157,56767,3102
785783.910351,59668028,3422157,56767,3102
785783.910372,59668028,3422157,56767,3102
785783.910385,59668028,3422157,56767,3102
785783.910397,59668028,3422157,56767,3102
785783.910408,59668028,3422157,56767,3102
785783.910429,59668028,3422157,56767,3102
785783.910442,59668028,3422157,56767,3102
785783.910453,59668028,3422157,56767,3102
785783.910465,59668028,3422157,56767,3102
785783.910486,59668028,3422157,56767,3102
785783.910499,59668028,3422157,56767,3102
785783.910510,59668028,3422157,56767,3102
785783.910522,59668028,3422157,56767,3102
785783.910542,59668028,3422157,56767,3102
785783.910555,59668028,3422157,56767,3102
785783.910566,59668028,3422157,56767,3102
785783.910578,59668028,3422157,56767,3102
785783.910599,59668028,3422157,56767,3102
785783.910613,59668028,3422157,56767,3102
785783.910624,59668028,3422157,56767,3102
785783.910636,59668028,3422157,56767,3102
785783.910657,59668028,3422157,56767,3102
785783.910670,59668028,3422157,56767,3102
785783.910681,59668028,3422157,56767,3102
785783.910694,59668028,3422157,56767,3102
785783.910715,59668028,3422157,56767,3102
785783.910727,59668028,3422157,56767,3102
785783.910739,59668028,3422157,56767,3102
785783.910750,59668028,3422157,56767,3102
785783.910772,59668028,3422157,56767,3102
785783.910784,59668028,3422157,56767,3102
785783.910796,59668028,3422157,56767,3102
785783.910808,59668028,3422157,56767,3102
785783.910828,59668028,3422157,56767,3102
785783.910840,59668028,3422157,56767,3102
785783.910853,59668028,3422157,56767,3102
785783.910865,59668028,3422157,56767,3102
785783.910887,59668028,3422157,56767,3102
785783.910899,59668028,3422157,56767,3102
785783.910911,59668028,3422157,56767,3102
785783.910923,59668028,3422157,56767,3102
785783.910943,59668028,3422157,56767,3102
785783.910956,59668028,3422157,56767,3102
785783.910967,59668028,3422157,56767,3102
785783.910979,59668028,3422157,56767,3102
785783.911000,59668028,3422157,56767,3102
785783.911015,59668028,3422157,56767,3102
785783.911027,59668028,3422157,56767,3102
785783.911039,59668028,3422157,56767,3102
785783.911059,59668028,3422157,56767,3102
785783.911073,59668028,3422157,56767,3102
785783.911085,59668028,3422157,56767,3102
785783.911097,59668028,3422157,56767,3102
785783.911117,59668028,3422157,56767,3102
785783.911130,59668028,3422157,56767,3102
785783.911141,59668028,3422157,56767,3102
785783.911153,59668028,3422157,56767,3102
785783.911175,59668028,3422157,56767,3102
785783.911187,59668028,3422157,56767,3102
785783.911199,59668028,3422157,56767,3102
785783.911211,59668028,3422157,56767,3102
785783.911231,59668028,3422157,56767,3102
785783.911244,59668028,3422157,56767,3102
785783.911255,59668028,3422157,56767,3102
785783.911266,59668028,3422157,56767,3102
785783.911288,59668028,3422157,56767,3102
785783.911301,59668028,3422157,56767,3102
785783.911312,59668028,3422157,56767,3102
785783.911324,59668028,3422157,56767,3102
785783.911344,59668028,3422157,56767,3102
785783.911357,59668028,3422157,56767,3102
785783.911368,59668028,3422157,56767,3102
785783.911379,59668028,3422157,56767,3102
785783.911400,59668028,3422157,56767,3102
785783.911413,59668028,3422157,56767,3102
785783.911427,59668028,3422157,56767,3102
785783.911439,59668028,3422157,56767,3102
785783.911460,59668028,3422157,56767,3102
785783.911473,59668028,3422157,56767,3102
785783.911484,59668028,3422157,56767,3102
785783.911496,59668028,3422157,56767,3102
785783.911517,59668028,3422157,56767,3102
785783.911529,59668028,3422157,56767,3102
785783.911541,59668028,3422157,56767,3102
785783.911552,59668028,3422157,56767,3102
785783.911575,59668028,3422157,56767,3102
785783.911587,59668028,3422157,56767,3102
785783.911618,59668028,3422157,56767,3102
785783.911630,59668028,3422157,56767,3102
785783.911651,59668028,3422157,56767,3102
785783.911663,59668028,3422157,56767,3102
785783.911675,59668028,3422157,56767,3102
785783.911686,59668028,3422157,56767,3102
785783.911708,59668028,3422157,56767,3102
785783.911721,59668028,3422157,56767,3102
785783.911732,59668028,3422157,56767,3102
785783.911744,59668028,3422157,56767,3102
785783.911765,59668028,3422157,56767,3102
785783.911779,59668028,3422157,56767,3102
785783.911791,59668028,3422157,56767,3102
785783.911804,59668028,3422157,56767,3102
785783.911827,59668028,3422157,56767,3102
785783.911840,59668028,3422157,56767,3102
785783.911852,59668028,3422157,56767,3102
785783.911866,59668028,3422157,56767,3102
785783.911888,59668028,3422157,56767,3102
785783.911901,59668028,3422157,56767,3102
785783.911914,59668028,3422157,56767,3102
785783.911926,59668028,3422157,56767,3102
785783.911948,59668028,3422157,56767,3102
785783.911961,59668028,3422157,56767,3102
785783.911973,59668028,3422157,56767,3102
785783.911985,59668028,3422157,56767,3102
785783.912009,59668028,3422157,56767,3102
785783.912022,59668028,3422157,56767,3102
785783.912036,59668028,3422157,56767,3102
785783.912050,59668028,3422157,56767,3102
785783.912074,59668028,3422157,56767,3102
785783.912089,59668028,3422157,56767,3102
785783.912103,59668028,3422157,56767,3102
785783.912116,59668028,3422157,56767,3102
785783.912142,59668028,3422157,56767,3102
785783.912157,59668028,3422157,56767,3102
785783.912168,59668028,3422157,56767,3102
785783.912180,59668028,3422157,56767,3102
785783.912200,59668028,3422157,56767,3102
785783.912214,59668028,3422157,56767,3102
785783.912225,59668028,3422157,56767,3102
785783.912237,59668028,3422157,56767,3102
785783.912258,59668028,3422157,56767,3102
785783.912270,59668028,3422157,56767,3102
785783.912282,59668028,3422157,56767,3102
785783.912293,59668028,3422157,56767,3102
785783.912315,59668028,3422157,56767,3102
785783.912327,59668028,3422157,56767,3102
785783.912339,59668028,3422157,56767,3102
785783.912352,59668028,3422157,56767,3102
785783.912372,59668028,3422157,56767,3102
785783.912385,59668028,3422157,56767,3102
785783.912396,59668028,3422157,56767,3102
785783.912408,59668028,3422157,56767,3102
785783.912429,59668028,3422157,56767,3102
785783.912442,59668028,3422157,56767,3102
785783.912453,59668028,3422157,56767,3102
785783.912465,59668028,3422157,56767,3102
785783.912486,59668028,3422157,56767,3102
785783.912498,59668028,3422157,56767,3102
785783.912509,59668028,3422157,56767,3102
785783.912521,59668028,3422157,56767,3102
785783.912542,59668028,3422157,56767,3102
785783.912555,59668028,3422157,56767,3102
785783.912567,59668028,3422157,56767,3102
785783.912580,59668028,3422157,56767,3102
785783.912600,59668028,3422157,56767,3102
785783.912613,59668028,3422157,56767,3102
785783.912625,59668028,3422157,56767,3102
785783.912636,59668028,3422157,56767,3102
785783.912657,59668028,3422157,56767,3102
785783.912669,59668028,3422157,56767,3102
785783.912681,59668028,3422157,56767,3102
785783.912692,59668028,3422157,56767,3102
785783.912714,59668028,3422157,56767,3102
785783.912726,59668028,3422157,56767,3102
785783.912738,59668028,3422157,56767,3102
785783.912749,59668028,3422157,56767,3102
785783.912770,59668028,3422157,56767,3102
785783.912783,59668028,3422157,56767,3102
785783.912794,59668028,3422157,56767,3102
785783.912806,59668028,3422157,56767,3102
785783.912827,59668028,3422157,56767,3102
785783.912839,59668028,3422157,56767,3102
785783.912851,59668028,3422157,56767,3102
785783.912863,59668028,3422157,56767,3102
785783.912883,59668028,3422157,56767,3102
785783.912896,59668028,3422157,56767,3102
785783.912907,59668028,3422157,56767,3102
785783.912919,59668028,3422157,56767,3102
785783.912940,59668028,3422157,56767,3102
785783.912953,59668028,3422157,56767,3102
785783.912966,59668028,3422157,56767,3102
785783.912978,59668028,3422157,56767,3102
785783.912998,59668028,3422157,56767,3102
785783.913018,59668028,3422157,56767,3102
785783.913029,59668028,3422157,56767,3102
785783.913041,59668028,3422157,56767,3102
785783.913062,59668028,3422157,56767,3102
785783.913074,59668028,3422157,56767,3102
785783.913087,59668028,3422157,56767,3102
785783.913098,59668028,3422157,56767,3102
785783.913120,59668028,3422157,56767,3102
785783.913133,59668028,3422157,56767,3102
785783.913144,59668028,3422157,56767,3102
785783.913156,59668028,3422157,56767,3102
785783.913176,59668028,3422157,56767,3102
785783.913189,59668028,3422157,56767,3102
785783.913200,59668028,3422157,56767,3102
785783.913211,59668028,3422157,56767,3102
785783.913233,59668028,3422157,56767,3102
785783.913246,59668028,3422157,56767,3102
785783.913257,59668028,3422157,56767,3102
785783.913269,59668028,3422157,56767,3102
785783.913289,59668028,3422157,56767,3102
785783.913302,59668028,3422157,56767,3102
785783.913314,59668028,3422157,56767,3102
785783.913326,59668028,3422157,56767,3102
785783.913346,59668028,3422157,56767,3102
785783.913359,59668028,3422157,56767,3102
785783.913370,59668028,3422157,56767,3102
785783.913383,59668028,3422157,56767,3102
785783.913404,59668028,3422157,56767,3102
785783.913416,59668028,3422157,56767,3102
785783.913427,59668028,3422157,56767,3102
785783.913439,59668028,3422157,56767,3102
785783.913459,59668028,3422157,56767,3102
785783.913472,59668028,3422157,56767,3102
785783.913484,59668028,3422157,56767,3102
785783.913495,59668028,3422157,56767,3102
785783.913516,59668028,3422157,56767,3102
785783.913529,59668028,3422157,56767,3102
785783.913541,59668028,3422157,56767,3102
785783.913552,59668028,3422157,56767,3102
785783.913572,59668028,3422157,56767,3102
785783.913585,59668028,3422157,56767,3102
785783.913596,59668028,3422157,56767,3102
785783.913608,59668028,3422157,56767,3102
785783.913629,59668028,3422157,56767,3102
785783.913642,59668028,3422157,56767,3102
785783.913654,59668028,3422157,56767,3102
785783.913667,59668028,3422157,56767,3102
785783.913688,59668028,3422157,56767,3102
785783.913700,59668028,3422157,56767,3102
785783.913712,59668028,3422157,56767,3102
785783.913723,59668028,3422157,56767,3102
785783.913744,59668028,3422157,56767,3102
785783.913756,59668028,3422157,56767,3102
785783.913768,59668028,3422157,56767,3102
785783.913779,59668028,3422157,56767,3102
785783.913800,59668028,3422157,56767,3102
785783.913813,59668028,3422157,56767,3102
785783.913826,59668028,3422157,56767,3102
785783.913838,59668028,3422157,56767,3102
785783.913859,59668028,3422157,56767,3102
785783.913871,59668028,3422157,56767,3102
785783.913883,59668028,3422157,56767,3102
785783.913895,59668028,3422157,56767,3102
785783.913917,59668028,3422157,56767,3102
785783.913929,59668028,3422157,56767,3102
785783.913941,59668028,3422157,56767,3102
785783.913953,59668028,3422157,56767,3102
785783.913973,59668028,3422157,56767,3102
785783.913986,59668028,3422157,56767,3102
785783.913997,59668028,3422157,56767,3102
785783.914010,59668028,3422157,56767,3102
785783.914031,59668028,3422157,56767,3102
785783.914045,59668028,3422157,56767,3102
785783.914056,59668028,3422157,56767,3102
785783.914068,59668028,3422157,56767,3102
785783.914089,59668028,3422157,56767,3102
785783.914102,59668028,3422157,56767,3102
785783.914114,59668028,3422157,56767,3102
785783.914125,59668028,3422157,56767,3102
785783.914146,59668028,3422157,56767,3102
785783.914158,59668028,3422157,56767,3102
785783.914170,59668028,3422157,56767,3102
785783.914181,59668028,3422157,56767,3102
785783.914203,59668028,3422157,56767,3102
785783.914215,59668028,3422157,56767,3102
785783.914227,59668028,3422157,56767,3102
785783.914238,59668028,3422157,56767,3102
785783.914259,59668028,3422157,56767,3102
785783.914271,59668028,3422157,56767,3102
785783.914282,59668028,3422157,56767,3102
785783.914294,59668028,3422157,56767,3102
785783.914316,59668028,3422157,56767,3102
785783.914328,59668028,3422157,56767,3102
785783.914340,59668028,3422157,56767,3102
785783.914352,59668028,3422157,56767,3102
785783.914373,59668028,3422157,56767,3102
785783.914385,59668028,3422157,56767,3102
785783.914398,59668028,3422157,56767,3102
785783.914410,59668028,3422157,56767,3102
785783.914431,59668028,3422157,56767,3102
785783.914445,59668028,3422157,56767,3102
785783.914456,59668028,3422157,56767,3102
785783.914468,59668028,3422157,56767,3102
785783.914488,59668028,3422157,56767,3102
785783.914500,59668028,3422157,56767,3102
785783.914512,59668028,3422157,56767,3102
785783.914524,59668028,3422157,56767,3102
785783.914545,59668028,3422157,56767,3102
785783.914558,59668028,3422157,56767,3102
785783.914570,59668028,3422157,56767,3102
785783.914581,59668028,3422157,56767,3102
785783.914602,59668028,3422157,56767,3102
785783.914615,59668028,3422157,56767,3102
785783.914626,59668028,3422157,56767,3102
785783.914638,59668028,3422157,56767,3102
785783.914659,59668028,3422157,56767,3102
785783.914672,59668028,3422157,56767,3102
785783.914683,59668028,3422157,56767,3102
785783.914695,59668028,3422157,56767,3102
785783.914716,59668028,3422157,56767,3102
785783.914728,59668028,3422157,56767,3102
785783.914740,59668028,3422157,56767,3102
785783.914751,59668028,3422157,56767,3102
785783.914773,59668028,3422157,56767,3102
785783.914786,59668028,3422157,56767,3102
785783.914797,59668028,3422157,56767,3102
785783.914809,59668028,3422157,56767,3102
785783.914830,59668028,3422157,56767,3102
785783.914843,59668028,3422157,56767,3102
785783.914855,59668028,3422157,56767,3102
785783.914866,59668028,3422157,56767,3102
785783.914887,59668028,3422157,56767,3102
785783.914899,59668028,3422157,56767,3102
785783.914911,59668028,3422157,56767,3102
785783.914922,59668028,3422157,56767,3102
785783.914943,59668028,3422157,56767,3102
785783.914955,59668028,3422157,56767,3102
785783.914966,59668028,3422157,56767,3102
785783.914978,59668028,3422157,56767,3102
785783.914999,59668028,3422157,56767,3102
785783.915013,59668028,3422157,56767,3102
785783.915025,59668028,3422157,56767,3102
785783.915037,59668028,3422157,56767,3102
785783.915058,59668028,3422157,56767,3102
785783.915070,59668028,3422157,56767,3102
785783.915082,59668028,3422157,56767,3102
785783.915094,59668028,3422157,56767,3102
785783.915115,59668028,3422157,56767,3102
785783.915129,59668028,3422157,56767,3102
785783.915141,59668028,3422157,56767,3102
785783.915154,59668028,3422157,56767,3102
785783.915174,59668028,3422157,56767,3102
785783.915187,59668028,3422157,56767,3102
785783.915198,59668028,3422157,56767,3102
785783.915210,59668028,3422157,56767,3102
785783.915230,59668028,3422157,56767,3102
785783.915243,59668028,3422157,56767,3102
785783.915255,59668028,3422157,56767,3102
785783.915269,59668028,3422157,56767,3102
785783.915289,59668028,3422157,56767,3102
785783.915302,59668028,3422157,56767,3102
785783.915313,59668028,3422157,56767,3102
785783.915325,59668028,3422157,56767,3102
785783.915346,59668028,3422157,56767,3102
785783.915358,59668028,3422157,56767,3102
785783.915370,59668028,3422157,56767,3102
785783.915381,59668028,3422157,56767,3102
785783.915403,59668028,3422157,56767,3102
785783.915415,59668028,3422157,56767,3102
785783.915426,59668028,3422157,56767,3102
785783.915438,59668028,3422157,56767,3102
785783.915458,59668028,3422157,56767,3102
785783.915470,59668028,3422157,56767,3102
785783.915482,59668028,3422157,56767,3102
785783.915494,59668028,3422157,56767,3102
785783.915516,59668028,3422157,56767,3102
785783.915529,59668028,3422157,56767,3102
785783.915540,59668028,3422157,56767,3102
785783.915552,59668028,3422157,56767,3102
785783.915572,59668028,3422157,56767,3102
785783.915585,59668028,3422157,56767,3102
785783.915596,59668028,3422157,56767,3102
785783.915608,59668028,3422157,56767,3102
785783.915628,59668028,3422157,56767,3102
785783.915641,59668028,3422157,56767,3102
785783.915653,59668028,3422157,56767,3102
785783.915664,59668028,3422157,56767,3102
785783.915686,59668028,3422157,56767,3102
785783.915698,59668028,3422157,56767,3102
785783.915710,59668028,3422157,56767,3102
785783.915722,59668028,3422157,56767,3102
785783.915742,59668028,3422157,56767,3102
785783.915755,59668028,3422157,56767,3102
785783.915767,59668028,3422157,56767,3102
785783.915778,59668028,3422157,56767,3102
785783.915800,59668028,3422157,56767,3102
785783.915813,59668028,3422157,56767,3102
785783.915825,59668028,3422157,56767,3102
785783.915836,59668028,3422157,56767,3102
785783.915858,59668028,3422157,56767,3102
785783.915871,59668028,3422157,56767,3102
785783.915883,59668028,3422157,56767,3102
785783.915895,59668028,3422157,56767,3102
785783.915916,59668028,3422157,56767,3102
785783.915931,59668028,3422157,56767,3102
785783.915943,59668028,3422157,56767,3102
785783.915956,59668028,3422157,56767,3102
785783.915977,59668028,3422157,56767,3102
785783.915991,59668028,3422157,56767,3102
785783.916005,59668028,3422157,56767,3102
785783.916018,59668028,3422157,56767,3102
785783.916040,59668028,3422157,56767,3102
785783.916053,59668028,3422157,56767,3102
785783.916065,59668028,3422157,56767,3102
785783.916078,59668028,3422157,56767,3102
785783.916101,59668028,3422157,56767,3102
785783.916115,59668028,3422157,56767,3102
785783.916127,59668028,3422157,56767,3102
785783.916139,59668028,3422157,56767,3102
785783.916159,59668028,3422157,56767,3102
785783.916171,59668028,3422157,56767,3102
785783.916183,59668028,3422157,56767,3102
785783.916195,59668028,3422157,56767,3102
785783.916217,59668028,3422157,56767,3102
785783.916229,59668028,3422157,56767,3102
785783.916241,59668028,3422157,56767,3102
785783.916253,59668028,3422157,56767,3102
785783.916274,59668028,3422157,56767,3102
785783.916286,59668028,3422157,56767,3102
785783.916297,59668028,3422157,56767,3102
785783.916309,59668028,3422157,56767,3102
785783.916330,59668028,3422157,56767,3102
785783.916343,59668028,3422157,56767,3102
785783.916355,59668028,3422157,56767,3102
785783.916366,59668028,3422157,56767,3102
785783.916387,59668028,3422157,56767,3102
785783.916399,59668028,3422157,56767,3102
785783.916411,59668028,3422157,56767,3102
785783.916422,59668028,3422157,56767,3102
785783.916443,59668028,3422157,56767,3102
785783.916455,59668028,3422157,56767,3102
785783.916466,59668028,3422157,56767,3102
785783.916478,59668028,3422157,56767,3102
785783.916499,59668028,3422157,56767,3102
785783.916512,59668028,3422157,56767,3102
785783.916524,59668028,3422157,56767,3102
785783.916535,59668028,3422157,56767,3102
785783.916556,59668028,3422157,56767,3102
785783.916568,59668028,3422157,56767,3102
785783.916580,59668028,3422157,56767,3102
785783.916593,59668028,3422157,56767,3102
785783.916615,59668028,3422157,56767,3102
785783.916627,59668028,3422157,56767,3102
785783.916639,59668028,3422157,56767,3102
785783.916651,59668028,3422157,56767,3102
785783.916672,59668028,3422157,56767,3102
785783.916684,59668028,3422157,56767,3102
785783.916696,59668028,3422157,56767,3102
785783.916708,59668028,3422157,56767,3102
785783.916728,59668028,3422157,56767,3102
785783.916741,59668028,3422157,56767,3102
785783.916755,59668028,3422157,56767,3102
785783.916767,59668028,3422157,56767,3102
785783.916788,59668028,3422157,56767,3102
785783.916801,59668028,3422157,56767,3102
785783.916812,59668028,3422157,56767,3102
785783.916824,59668028,3422157,56767,3102
785783.916844,59668028,3422157,56767,3102
785783.916856,59668028,3422157,56767,3102
785783.916868,59668028,3422157,56767,3102
785783.916880,59668028,3422157,56767,3102
785783.916916,59668028,3422157,56767,3102
785783.916931,59668028,3422157,56767,3102
785783.916944,59668028,3422157,56767,3102
785783.916958,59668028,3422157,56767,3102
785783.916983,59668028,3422157,56767,3102
785783.916999,59668028,3422157,56767,3102
785783.917014,59668028,3422157,56767,3102
785783.917028,59668028,3422157,56767,3102
785783.917059,59668028,3422157,56767,3102
785783.917076,59668028,3422157,56767,3102
785783.917090,59668028,3422157,56767,3102
785783.917104,59668028,3422157,56767,3102
785783.917128,59668028,3422157,56767,3102
785783.917143,59668028,3422157,56767,3102
785783.917157,59668028,3422157,56767,3102
785783.917169,59668028,3422157,56767,3102
785783.917189,59668028,3422157,56767,3102
785783.917202,59668028,3422157,56767,3102
785783.917214,59668028,3422157,56767,3102
785783.917226,59668028,3422157,56767,3102
785783.917246,59668028,3422157,56767,3102
785783.917259,59668028,3422157,56767,3102
785783.917271,59668028,3422157,56767,3102
785783.917282,59668028,3422157,56767,3102
785783.917303,59668028,3422157,56767,3102
785783.917315,59668028,3422157,56767,3102
785783.917327,59668028,3422157,56767,3102
785783.917338,59668028,3422157,56767,3102
785783.917360,59668028,3422157,56767,3102
785783.917372,59668028,3422157,56767,3102
785783.917386,59668028,3422157,56767,3102
785783.917398,59668028,3422157,56767,3102
785783.917419,59668028,3422157,56767,3102
785783.917431,59668028,3422157,56767,3102
785783.917443,59668028,3422157,56767,3102
785783.917454,59668028,3422157,56767,3102
785783.917476,59668028,3422157,56767,3102
785783.917488,59668028,3422157,56767,3102
785783.917500,59668028,3422157,56767,3102
785783.917512,59668028,3422157,56767,3102
785783.917533,59668028,3422157,56767,3102
785783.917546,59668028,3422157,56767,3102
785783.917558,59668028,3422157,56767,3102
785783.917570,59668028,3422157,56767,3102
785783.917590,59668028,3422157,56767,3102
785783.917602,59668028,3422157,56767,3102
785783.917614,59668028,3422157,56767,3102
785783.917625,59668028,3422157,56767,3102
785783.917647,59668028,3422157,56767,3102
785783.917659,59668028,3422157,56767,3102
785783.917671,59668028,3422157,56767,3102
785783.917683,59668028,3422157,56767,3102
785783.917703,59668028,3422157,56767,3102
785783.917716,59668028,3422157,56767,3102
785783.917727,59668028,3422157,56767,3102
785783.917739,59668028,3422157,56767,3102
785783.917762,59668028,3422157,56767,3102
785783.917774,59668028,3422157,56767,3102
785783.917786,59668028,3422157,56767,3102
785783.917798,59668028,3422157,56767,3102
785783.917818,59668028,3422157,56767,3102
785783.917831,59668028,3422157,56767,3102
785783.917842,59668028,3422157,56767,3102
785783.917854,59668028,3422157,56767,3102
785783.917874,59668028,3422157,56767,3102
785783.917887,59668028,3422157,56767,3102
785783.917899,59668028,3422157,56767,3102
785783.917911,59668028,3422157,56767,3102
785783.917931,59668028,3422157,56767,3102
785783.917944,59668028,3422157,56767,3102
785783.917956,59668028,3422157,56767,3102
785783.917967,59668028,3422157,56767,3102
785783.917988,59668028,3422157,56767,3102
785783.918002,59668028,3422157,56767,3102
785783.918014,59668028,3422157,56767,3102
785783.918027,59668028,3422157,56767,3102
785783.918053,59668028,3422157,56767,3102
785783.918068,59668028,3422157,56767,3102
785783.918082,59668028,3422157,56767,3102
785783.918096,59668028,3422157,56767,3102
785783.918120,59668028,3422157,56767,3102
785783.918138,59668028,3422157,56767,3102
785783.918149,59668028,3422157,56767,3102
785783.918161,59668028,3422157,56767,3102
785783.918183,59668028,3422157,56767,3102
785783.918195,59668028,3422157,56767,3102
785783.918207,59668028,3422157,56767,3102
785783.918218,59668028,3422157,56767,3102
785783.918239,59668028,3422157,56767,3102
785783.918252,59668028,3422157,56767,3102
785783.918263,59668028,3422157,56767,3102
785783.918276,59668028,3422157,56767,3102
785783.918297,59668028,3422157,56767,3102
785783.918309,59668028,3422157,56767,3102
785783.918321,59668028,3422157,56767,3102
785783.918333,59668028,3422157,56767,3102
785783.918354,59668028,3422157,56767,3102
785783.918366,59668028,3422157,56767,3102
785783.918377,59668028,3422157,56767,3102
785783.918389,59668028,3422157,56767,3102
785783.918410,59668028,3422157,56767,3102
785783.918422,59668028,3422157,56767,3102
785783.918433,59668028,3422157,56767,3102
785783.918445,59668028,3422157,56767,3102
785783.918467,59668028,3422157,56767,3102
785783.918480,59668028,3422157,56767,3102
785783.918491,59668028,3422157,56767,3102
785783.918504,59668028,3422157,56767,3102
785783.918525,59668028,3422157,56767,3102
785783.918537,59668028,3422157,56767,3102
785783.918549,59668028,3422157,56767,3102
785783.918560,59668028,3422157,56767,3102
785783.918582,59668028,3422157,56767,3102
785783.918595,59668028,3422157,56767,3102
785783.918606,59668028,3422157,56767,3102
785783.918618,59668028,3422157,56767,3102
785783.918639,59668028,3422157,56767,3102
785783.918651,59668028,3422157,56767,3102
785783.918663,59668028,3422157,56767,3102
785783.918675,59668028,3422157,56767,3102
785783.918695,59668028,3422157,56767,3102
785783.918707,59668028,3422157,56767,3102
785783.918719,59668028,3422157,56767,3102
785783.918731,59668028,3422157,56767,3102
785783.918752,59668028,3422157,56767,3102
785783.918765,59668028,3422157,56767,3102
785783.918776,59668028,3422157,56767,3102
785783.918788,59668028,3422157,56767,3102
785783.918809,59668028,3422157,56767,3102
785783.918821,59668028,3422157,56767,3102
785783.918833,59668028,3422157,56767,3102
785783.918845,59668028,3422157,56767,3102
785783.918867,59668028,3422157,56767,3102
785783.918879,59668028,3422157,56767,3102
785783.918891,59668028,3422157,56767,3102
785783.918902,59668028,3422157,56767,3102
785783.918923,59668028,3422157,56767,3102
785783.918935,59668028,3422157,56767,3102
785783.918947,59668028,3422157,56767,3102
785783.918959,59668028,3422157,56767,3102
785783.918980,59668028,3422157,56767,3102
785783.918993,59668028,3422157,56767,3102
785783.919007,59668028,3422157,56767,3102
785783.919019,59668028,3422157,56767,3102
785783.919040,59668028,3422157,56767,3102
785783.919052,59668028,3422157,56767,3102
785783.919064,59668028,3422157,56767,3102
785783.919076,59668028,3422157,56767,3102
785783.919096,59668028,3422157,56767,3102
785783.919109,59668028,3422157,56767,3102
785783.919120,59668028,3422157,56767,3102
785783.919132,59668028,3422157,56767,3102
785783.919153,59668028,3422157,56767,3102
785783.919166,59668028,3422157,56767,3102
785783.919177,59668028,3422157,56767,3102
785783.919188,59668028,3422157,56767,3102
785783.919209,59668028,3422157,56767,3102
785783.919222,59668028,3422157,56767,3102
785783.919234,59668028,3422157,56767,3102
785783.919246,59668028,3422157,56767,3102
785783.919267,59668028,3422157,56767,3102
785783.919280,59668028,3422157,56767,3102
785783.919292,59668028,3422157,56767,3102
785783.919304,59668028,3422157,56767,3102
785783.919324,59668028,3422157,56767,3102
785783.919336,59668028,3422157,56767,3102
785783.919348,59668028,3422157,56767,3102
785783.919360,59668028,3422157,56767,3102
785783.919380,59668028,3422157,56767,3102
785783.919394,59668028,3422157,56767,3102
785783.919406,59668028,3422157,56767,3102
785783.919417,59668028,3422157,56767,3102
785783.919438,59668028,3422157,56767,3102
785783.919451,59668028,3422157,56767,3102
785783.919462,59668028,3422157,56767,3102
785783.919474,59668028,3422157,56767,3102
785783.919494,59668028,3422157,56767,3102
785783.919507,59668028,3422157,56767,3102
785783.919520,59668028,3422157,56767,3102
785783.919532,59668028,3422157,56767,3102
785783.919555,59668028,3422157,56767,3102
785783.919568,59668028,3422157,56767,3102
785783.919580,59668028,3422157,56767,3102
785783.919593,59668028,3422157,56767,3102
785783.919615,59668028,3422157,56767,3102
785783.919628,59668028,3422157,56767,3102
785783.919641,59668028,3422157,56767,3102
785783.919653,59668028,3422157,56767,3102
785783.919675,59668028,3422157,56767,3102
785783.919688,59668028,3422157,56767,3102
785783.919701,59668028,3422157,56767,3102
785783.919713,59668028,3422157,56767,3102
785783.919735,59668028,3422157,56767,3102
785783.919748,59668028,3422157,56767,3102
785783.919761,59668028,3422157,56767,3102
785783.919774,59668028,3422157,56767,3102
785783.919796,59668028,3422157,56767,3102
785783.919810,59668028,3422157,56767,3102
785783.919822,59668028,3422157,56767,3102
785783.919833,59668028,3422157,56767,3102
785783.919854,59668028,3422157,56767,3102
785783.919866,59668028,3422157,56767,3102
785783.919878,59668028,3422157,56767,3102
785783.919890,59668028,3422157,56767,3102
785783.919910,59668028,3422157,56767,3102
785783.919923,59668028,3422157,56767,3102
785783.919934,59668028,3422157,56767,3102
785783.919946,59668028,3422157,56767,3102
785783.919968,59668028,3422157,56767,3102
785783.919981,59668028,3422157,56767,3102
785783.919993,59668028,3422157,56767,3102
785783.920006,59668028,3422157,56767,3102
785783.920028,59668028,3422157,56767,3102
785783.920043,59668028,3422157,56767,3102
785783.920056,59668028,3422157,56767,3102
785783.920070,59668028,3422157,56767,3102
785783.920096,59668028,3422157,56767,3102
785783.920111,59668028,3422157,56767,3102
785783.920125,59668028,3422157,56767,3102
785783.920138,59668028,3422157,56767,3102
785783.920162,59668028,3422157,56767,3102
785783.920174,59668028,3422157,56767,3102
785783.920186,59668028,3422157,56767,3102
785783.920197,59668028,3422157,56767,3102
785783.920218,59668028,3422157,56767,3102
785783.920231,59668028,3422157,56767,3102
785783.920243,59668028,3422157,56767,3102
785783.920256,59668028,3422157,56767,3102
785783.920276,59668028,3422157,56767,3102
785783.920289,59668028,3422157,56767,3102
785783.920301,59668028,3422157,56767,3102
785783.920312,59668028,3422157,56767,3102
785783.920333,59668028,3422157,56767,3102
785783.920346,59668028,3422157,56767,3102
785783.920359,59668028,3422157,56767,3102
785783.920370,59668028,3422157,56767,3102
785783.920392,59668028,3422157,56767,3102
785783.920405,59668028,3422157,56767,3102
785783.920416,59668028,3422157,56767,3102
785783.920427,59668028,3422157,56767,3102
785783.920448,59668028,3422157,56767,3102
785783.920461,59668028,3422157,56767,3102
785783.920472,59668028,3422157,56767,3102
785783.920484,59668028,3422157,56767,3102
785783.920506,59668028,3422157,56767,3102
785783.920519,59668028,3422157,56767,3102
785783.920530,59668028,3422157,56767,3102
785783.920542,59668028,3422157,56767,3102
785783.920563,59668028,3422157,56767,3102
785783.920575,59668028,3422157,56767,3102
785783.920586,59668028,3422157,56767,3102
785783.920598,59668028,3422157,56767,3102
785783.920619,59668028,3422157,56767,3102
785783.920631,59668028,3422157,56767,3102
785783.920643,59668028,3422157,56767,3102
785783.920655,59668028,3422157,56767,3102
785783.920676,59668028,3422157,56767,3102
785783.920689,59668028,3422157,56767,3102
785783.920700,59668028,3422157,56767,3102
785783.920712,59668028,3422157,56767,3102
785783.920734,59668028,3422157,56767,3102
785783.920746,59668028,3422157,56767,3102
785783.920758,59668028,3422157,56767,3102
785783.920770,59668028,3422157,56767,3102
785783.920791,59668028,3422157,56767,3102
785783.920804,59668028,3422157,56767,3102
785783.920815,59668028,3422157,56767,3102
785783.920827,59668028,3422157,56767,3102
785783.920847,59668028,3422157,56767,3102
785783.920860,59668028,3422157,56767,3102
785783.920872,59668028,3422157,56767,3102
785783.920883,59668028,3422157,56767,3102
785783.920905,59668028,3422157,56767,3102
785783.920917,59668028,3422157,56767,3102
785783.920929,59668028,3422157,56767,3102
785783.920940,59668028,3422157,56767,3102
785783.920961,59668028,3422157,56767,3102
785783.920973,59668028,3422157,56767,3102
785783.920985,59668028,3422157,56767,3102
785783.920996,59668028,3422157,56767,3102
785783.921017,59668028,3422157,56767,3102
785783.921032,59668028,3422157,56767,3102
785783.921046,59668028,3422157,56767,3102
785783.921060,59668028,3422157,56767,3102
785783.921085,59668028,3422157,56767,3102
785783.921103,59668028,3422157,56767,3102
785783.921117,59668028,3422157,56767,3102
785783.921131,59668028,3422157,56767,3102
785783.921154,59668028,3422157,56767,3102
785783.921167,59668028,3422157,56767,3102
785783.921178,59668028,3422157,56767,3102
785783.921190,59668028,3422157,56767,3102
785783.921211,59668028,3422157,56767,3102
785783.921224,59668028,3422157,56767,3102
785783.921236,59668028,3422157,56767,3102
785783.921249,59668028,3422157,56767,3102
785783.921269,59668028,3422157,56767,3102
785783.921282,59668028,3422157,56767,3102
785783.921293,59668028,3422157,56767,3102
785783.921305,59668028,3422157,56767,3102
785783.921326,59668028,3422157,56767,3102
785783.921339,59668028,3422157,56767,3102
785783.921351,59668028,3422157,56767,3102
785783.921362,59668028,3422157,56767,3102
785783.921383,59668028,3422157,56767,3102
785783.921395,59668028,3422157,56767,3102
785783.921407,59668028,3422157,56767,3102
785783.921418,59668028,3422157,56767,3102
785783.921439,59668028,3422157,56767,3102
785783.921451,59668028,3422157,56767,3102
785783.921463,59668028,3422157,56767,3102
785783.921475,59668028,3422157,56767,3102
785783.921497,59668028,3422157,56767,3102
785783.921509,59668028,3422157,56767,3102
785783.921521,59668028,3422157,56767,3102
785783.921533,59668028,3422157,56767,3102
785783.921553,59668028,3422157,56767,3102
785783.921566,59668028,3422157,56767,3102
785783.921577,59668028,3422157,56767,3102
785783.921589,59668028,3422157,56767,3102
785783.921611,59668028,3422157,56767,3102
785783.921624,59668028,3422157,56767,3102
785783.921635,59668028,3422157,56767,3102
785783.921647,59668572,3422157,56768,3102
785783.921669,59668572,3422157,56768,3102
785783.921681,59668572,3422157,56768,3102
785783.921693,59668572,3422157,56768,3102
785783.921705,59668572,3422157,56768,3102
785783.921725,59668572,3422157,56768,3102
785783.921739,59668572,3422157,56768,3102
785783.921767,59668572,3422157,56768,3102
785783.921779,59668572,3422157,56768,3102
785783.921800,59668572,3422157,56768,3102
785783.921813,59668572,3422157,56768,3102
785783.921824,59668572,3422157,56768,3102
785783.921836,59668572,3422157,56768,3102
785783.921857,59668572,3422157,56768,3102
785783.921870,59668572,3422157,56768,3102
785783.921881,59668572,3422157,56768,3102
785783.921893,59668572,3422157,56768,3102
785783.921915,59668572,3422157,56768,3102
785783.921927,59668572,3422157,56768,3102
785783.921939,59668572,3422157,56768,3102
785783.921950,59668572,3422157,56768,3102
785783.921971,59668572,3422157,56768,3102
785783.921983,59668572,3422157,56768,3102
785783.921996,59668572,3422157,56768,3102
785783.922009,59668572,3422157,56768,3102
785783.922031,59668572,3422157,56768,3102
785783.922043,59668572,3422157,56768,3102
785783.922055,59668572,3422157,56768,3102
785783.922067,59668572,3422157,56768,3102
785783.922087,59668572,3422157,56768,3102
785783.922100,59668572,3422157,56768,3102
785783.922112,59668572,3422157,56768,3102
785783.922123,59668572,3422157,56768,3102
785783.922144,59668572,3422157,56768,3102
785783.922157,59668572,3422157,56768,3102
785783.922169,59668572,3422157,56768,3102
785783.922181,59668572,3422157,56768,3102
785783.922201,59668572,3422157,56768,3102
785783.922214,59668572,3422157,56768,3102
785783.922226,59668572,3422157,56768,3102
785783.922237,59668572,3422157,56768,3102
785783.922258,59668572,3422157,56768,3102
785783.922271,59668572,3422157,56768,3102
785783.922282,59668572,3422157,56768,3102
785783.922294,59668572,3422157,56768,3102
785783.922316,59668572,3422157,56768,3102
785783.922328,59668572,3422157,56768,3102
785783.922340,59668572,3422157,56768,3102
785783.922352,59668572,3422157,56768,3102
785783.922372,59668572,3422157,56768,3102
785783.922384,59668572,3422157,56768,3102
785783.922396,59668572,3422157,56768,3102
785783.922407,59668572,3422157,56768,3102
785783.922429,59668572,3422157,56768,3102
785783.922441,59668572,3422157,56768,3102
785783.922453,59668572,3422157,56768,3102
785783.922465,59668572,3422157,56768,3102
785783.922485,59668572,3422157,56768,3102
785783.922498,59668572,3422157,56768,3102
785783.922510,59668572,3422157,56768,3102
785783.922522,59668572,3422157,56768,3102
785783.922542,59668572,3422157,56768,3102
785783.922555,59668572,3422157,56768,3102
785783.922566,59668572,3422157,56768,3102
785783.922580,59668572,3422157,56768,3102
785783.922601,59668572,3422157,56768,3102
785783.922613,59668572,3422157,56768,3102
785783.922625,59668572,3422157,56768,3102
785783.922637,59668572,3422157,56768,3102
785783.922658,59668572,3422157,56768,3102
785783.922670,59668572,3422157,56768,3102
785783.922682,59668572,3422157,56768,3102
785783.922693,59668572,3422157,56768,3102
785783.922715,59668572,3422157,56768,3102
785783.922727,59668572,3422157,56768,3102
785783.922740,59668572,3422157,56768,3102
785783.922752,59668572,3422157,56768,3102
785783.922772,59668572,3422157,56768,3102
785783.922785,59668572,3422157,56768,3102
785783.922796,59668572,3422157,56768,3102
785783.922808,59668572,3422157,56768,3102
785783.922830,59668572,3422157,56768,3102
785783.922842,59668572,3422157,56768,3102
785783.922854,59668572,3422157,56768,3102
785783.922865,59668572,3422157,56768,3102
785783.922886,59668572,3422157,56768,3102
785783.922899,59668572,3422157,56768,3102
785783.922911,59668572,3422157,56768,3102
785783.922922,59668572,3422157,56768,3102
785783.922943,59668572,3422157,56768,3102
785783.922956,59668572,3422157,56768,3102
785783.922968,59668572,3422157,56768,3102
785783.922979,59668572,3422157,56768,3102
785783.923002,59668572,3422157,56768,3102
785783.923015,59668572,3422157,56768,3102
785783.923027,59668572,3422157,56768,3102
785783.923038,59668572,3422157,56768,3102
785783.923059,59668572,3422157,56768,3102
785783.923072,59668572,3422157,56768,3102
785783.923083,59668572,3422157,56768,3102
785783.923095,59668572,3422157,56768,3102
785783.923117,59668572,3422157,56768,3102
785783.923130,59668572,3422157,56768,3102
785783.923141,59668572,3422157,56768,3102
785783.923153,59668572,3422157,56768,3102
785783.923174,59668572,3422157,56768,3102
785783.923186,59668572,3422157,56768,3102
785783.923197,59668572,3422157,56768,3102
785783.923209,59668572,3422157,56768,3102
785783.923230,59668572,3422157,56768,3102
785783.923244,59668572,3422157,56768,3102
785783.923256,59668572,3422157,56768,3102
785783.923268,59668572,3422157,56768,3102
785783.923288,59668572,3422157,56768,3102
785783.923301,59668572,3422157,56768,3102
785783.923313,59668572,3422157,56768,3102
785783.923325,59668572,3422157,56768,3102
785783.923345,59668572,3422157,56768,3102
785783.923358,59668572,3422157,56768,3102
785783.923369,59668572,3422157,56768,3102
785783.923381,59668572,3422157,56768,3102
785783.923403,59668572,3422157,56768,3102
785783.923416,59668572,3422157,56768,3102
785783.923427,59668572,3422157,56768,3102
785783.923439,59668572,3422157,56768,3102
785783.923460,59668572,3422157,56768,3102
785783.923473,59668572,3422157,56768,3102
785783.923484,59668572,3422157,56768,3102
785783.923496,59668572,3422157,56768,3102
785783.923518,59668572,3422157,56768,3102
785783.923530,59668572,3422157,56768,3102
785783.923541,59668572,3422157,56768,3102
785783.923553,59668572,3422157,56768,3102
785783.923573,59668572,3422157,56768,3102
785783.923586,59668572,3422157,56768,3102
785783.923597,59668572,3422157,56768,3102
785783.923609,59668572,3422157,56768,3102
785783.923630,59668572,3422157,56768,3102
785783.923643,59668572,3422157,56768,3102
785783.923655,59668572,3422157,56768,3102
785783.923667,59668572,3422157,56768,3102
785783.923689,59668572,3422157,56768,3102
785783.923701,59668572,3422157,56768,3102
785783.923713,59668572,3422157,56768,3102
785783.923725,59668572,3422157,56768,3102
785783.923745,59668572,3422157,56768,3102
785783.923758,59668572,3422157,56768,3102
785783.923769,59668572,3422157,56768,3102
785783.923781,59668572,3422157,56768,3102
785783.923803,59668572,3422157,56768,3102
785783.923816,59668572,3422157,56768,3102
785783.923827,59668572,3422157,56768,3102
785783.923839,59668572,3422157,56768,3102
785783.923860,59668572,3422157,56768,3102
785783.923873,59668572,3422157,56768,3102
785783.923884,59668572,3422157,56768,3102
785783.923896,59668572,3422157,56768,3102
785783.923918,59668572,3422157,56768,3102
785783.923930,59668572,3422157,56768,3102
785783.923942,59668572,3422157,56768,3102
785783.923953,59668572,3422157,56768,3102
785783.923974,59668572,3422157,56768,3102
785783.923986,59668572,3422157,56768,3102
785783.923998,59668572,3422157,56768,3102
785783.924010,59668572,3422157,56768,3102
785783.924031,59668572,3422157,56768,3102
785783.924044,59668572,3422157,56768,3102
785783.924057,59668572,3422157,56768,3102
785783.924069,59668572,3422157,56768,3102
785783.924089,59668572,3422157,56768,3102
785783.924101,59668572,3422157,56768,3102
785783.924113,59668572,3422157,56768,3102
785783.924124,59668572,3422157,56768,3102
785783.924145,59668572,3422157,56768,3102
785783.924157,59668572,3422157,56768,3102
785783.924169,59668572,3422157,56768,3102
785783.924181,59668572,3422157,56768,3102
785783.924205,59668572,3422157,56768,3102
785783.924217,59668572,3422157,56768,3102
785783.924229,59668572,3422157,56768,3102
785783.924241,59668572,3422157,56768,3102
785783.924262,59668572,3422157,56768,3102
785783.924274,59668572,3422157,56768,3102
785783.924286,59668572,3422157,56768,3102
785783.924297,59668572,3422157,56768,3102
785783.924319,59668572,3422157,56768,3102
785783.924331,59668572,3422157,56768,3102
785783.924343,59668572,3422157,56768,3102
785783.924355,59668572,3422157,56768,3102
785783.924375,59668572,3422157,56768,3102
785783.924388,59668572,3422157,56768,3102
785783.924400,59668572,3422157,56768,3102
785783.924413,59668572,3422157,56768,3102
785783.924434,59668572,3422157,56768,3102
785783.924447,59668572,3422157,56768,3102
785783.924458,59668572,3422157,56768,3102
785783.924471,59668572,3422157,56768,3102
785783.924491,59668572,3422157,56768,3102
785783.924504,59668572,3422157,56768,3102
785783.924516,59668572,3422157,56768,3102
785783.924527,59668572,3422157,56768,3102
785783.924548,59668572,3422157,56768,3102
785783.924561,59668572,3422157,56768,3102
785783.924573,59668572,3422157,56768,3102
785783.924585,59668572,3422157,56768,3102
785783.924607,59668572,3422157,56768,3102
785783.924620,59668572,3422157,56768,3102
785783.924632,59668572,3422157,56768,3102
785783.924644,59668572,3422157,56768,3102
785783.924666,59668572,3422157,56768,3102
785783.924678,59668572,3422157,56768,3102
785783.924690,59668572,3422157,56768,3102
785783.924703,59668572,3422157,56768,3102
785783.924725,59668572,3422157,56768,3102
785783.924738,59668572,3422157,56768,3102
785783.924750,59668572,3422157,56768,3102
785783.924763,59668572,3422157,56768,3102
785783.924785,59668572,3422157,56768,3102
785783.924798,59668572,3422157,56768,3102
785783.924810,59668572,3422157,56768,3102
785783.924822,59668572,3422157,56768,3102
785783.924842,59668572,3422157,56768,3102
785783.924855,59668572,3422157,56768,3102
785783.924867,59668572,3422157,56768,3102
785783.924878,59668572,3422157,56768,3102
785783.924900,59668572,3422157,56768,3102
785783.924912,59668572,3422157,56768,3102
785783.924925,59668572,3422157,56768,3102
785783.924936,59668572,3422157,56768,3102
785783.924957,59668572,3422157,56768,3102
785783.924969,59668572,3422157,56768,3102
785783.924981,59668572,3422157,56768,3102
785783.924993,59668572,3422157,56768,3102
785783.925016,59668572,3422157,56768,3102
785783.925028,59668572,3422157,56768,3102
785783.925040,59668572,3422157,56768,3102
785783.925052,59668572,3422157,56768,3102
785783.925072,59668572,3422157,56768,3102
785783.925085,59668572,3422157,56768,3102
785783.925097,59668572,3422157,56768,3102
785783.925109,59668572,3422157,56768,3102
785783.925130,59668572,3422157,56768,3102
785783.925143,59668572,3422157,56768,3102
785783.925155,59668572,3422157,56768,3102
785783.925167,59668572,3422157,56768,3102
785783.925188,59668572,3422157,56768,3102
785783.925200,59668572,3422157,56768,3102
785783.925211,59668572,3422157,56768,3102
785783.925223,59668572,3422157,56768,3102
785783.925244,59668572,3422157,56768,3102
785783.925257,59668572,3422157,56768,3102
785783.925268,59668572,3422157,56768,3102
785783.925280,59668572,3422157,56768,3102
785783.925301,59668572,3422157,56768,3102
785783.925314,59668572,3422157,56768,3102
785783.925325,59668572,3422157,56768,3102
785783.925337,59668572,3422157,56768,3102
785783.925357,59668572,3422157,56768,3102
785783.925370,59668572,3422157,56768,3102
785783.925381,59668572,3422157,56768,3102
785783.925393,59668572,3422157,56768,3102
785783.925415,59668572,3422157,56768,3102
785783.925427,59668572,3422157,56768,3102
785783.925439,59668572,3422157,56768,3102
785783.925451,59668572,3422157,56768,3102
785783.925471,59668572,3422157,56768,3102
785783.925484,59668572,3422157,56768,3102
785783.925496,59668572,3422157,56768,3102
785783.925508,59668572,3422157,56768,3102
785783.925529,59668572,3422157,56768,3102
785783.925542,59668572,3422157,56768,3102
785783.925554,59668572,3422157,56768,3102
785783.925566,59668572,3422157,56768,3102
785783.925586,59668572,3422157,56768,3102
785783.925599,59668572,3422157,56768,3102
785783.925610,59668572,3422157,56768,3102
785783.925622,59668572,3422157,56768,3102
785783.925643,59668572,3422157,56768,3102
785783.925656,59668572,3422157,56768,3102
785783.925668,59668572,3422157,56768,3102
785783.925680,59668572,3422157,56768,3102
785783.925702,59668572,3422157,56768,3102
785783.925715,59668572,3422157,56768,3102
785783.925727,59668572,3422157,56768,3102
785783.925739,59668572,3422157,56768,3102
785783.925759,59668572,3422157,56768,3102
785783.925772,59668572,3422157,56768,3102
785783.925784,59668572,3422157,56768,3102
785783.925796,59668572,3422157,56768,3102
785783.925817,59668572,3422157,56768,3102
785783.925830,59668572,3422157,56768,3102
785783.925842,59668572,3422157,56768,3102
785783.925853,59668572,3422157,56768,3102
785783.925874,59668572,3422157,56768,3102
785783.925887,59668572,3422157,56768,3102
785783.925899,59668572,3422157,56768,3102
785783.925911,59668572,3422157,56768,3102
785783.925932,59668572,3422157,56768,3102
785783.925944,59668572,3422157,56768,3102
785783.925956,59668572,3422157,56768,3102
785783.925969,59668572,3422157,56768,3102
785783.925989,59668572,3422157,56768,3102
785783.926003,59668572,3422157,56768,3102
785783.926015,59668572,3422157,56768,3102
785783.926027,59668572,3422157,56768,3102
785783.926048,59668572,3422157,56768,3102
785783.926060,59668572,3422157,56768,3102
785783.926072,59668572,3422157,56768,3102
785783.926083,59668572,3422157,56768,3102
785783.926105,59668572,3422157,56768,3102
785783.926118,59668572,3422157,56768,3102
785783.926129,59668572,3422157,56768,3102
785783.926141,59668572,3422157,56768,3102
785783.926162,59668572,3422157,56768,3102
785783.926174,59668572,3422157,56768,3102
785783.926186,59668572,3422157,56768,3102
785783.926198,59668572,3422157,56768,3102
785783.926219,59668572,3422157,56768,3102
785783.926232,59668572,3422157,56768,3102
785783.926245,59668572,3422157,56768,3102
785783.926257,59668572,3422157,56768,3102
785783.926277,59668572,3422157,56768,3102
785783.926290,59668572,3422157,56768,3102
785783.926301,59668572,3422157,56768,3102
785783.926313,59668572,3422157,56768,3102
785783.926333,59668572,3422157,56768,3102
785783.926346,59668572,3422157,56768,3102
785783.926357,59668572,3422157,56768,3102
785783.926369,59668572,3422157,56768,3102
785783.926392,59668572,3422157,56768,3102
785783.926404,59668572,3422157,56768,3102
785783.926416,59668572,3422157,56768,3102
785783.926428,59668572,3422157,56768,3102
785783.926448,59668572,3422157,56768,3102
785783.926461,59668572,3422157,56768,3102
785783.926472,59668572,3422157,56768,3102
785783.926484,59668572,3422157,56768,3102
785783.926506,59668572,3422157,56768,3102
785783.926518,59668572,3422157,56768,3102
785783.926530,59668572,3422157,56768,3102
785783.926542,59668572,3422157,56768,3102
785783.926563,59668572,3422157,56768,3102
785783.926575,59668572,3422157,56768,3102
785783.926587,59668572,3422157,56768,3102
785783.926598,59668572,3422157,56768,3102
785783.926619,59668572,3422157,56768,3102
785783.926633,59668572,3422157,56768,3102
785783.926644,59668572,3422157,56768,3102
785783.926657,59668572,3422157,56768,3102
785783.926677,59668572,3422157,56768,3102
785783.926689,59668572,3422157,56768,3102
785783.926701,59668572,3422157,56768,3102
785783.926713,59668572,3422157,56768,3102
785783.926733,59668572,3422157,56768,3102
785783.926746,59668572,3422157,56768,3102
785783.926758,59668572,3422157,56768,3102
785783.926769,59668572,3422157,56768,3102
785783.926791,59668572,3422157,56768,3102
785783.926803,59668572,3422157,56768,3102
785783.926815,59668572,3422157,56768,3102
785783.926827,59668572,3422157,56768,3102
785783.926848,59668572,3422157,56768,3102
785783.926861,59668572,3422157,56768,3102
785783.926874,59668572,3422157,56768,3102
785783.926887,59668572,3422157,56768,3102
785783.926910,59668572,3422157,56768,3102
785783.926923,59668572,3422157,56768,3102
785783.926936,59668572,3422157,56768,3102
785783.926949,59668572,3422157,56768,3102
785783.926971,59668572,3422157,56768,3102
785783.926986,59668572,3422157,56768,3102
785783.926998,59668572,3422157,56768,3102
785783.927012,59668572,3422157,56768,3102
785783.927033,59668572,3422157,56768,3102
785783.927047,59668572,3422157,56768,3102
785783.927059,59668572,3422157,56768,3102
785783.927071,59668572,3422157,56768,3102
785783.927091,59668572,3422157,56768,3102
785783.927104,59668572,3422157,56768,3102
785783.927115,59668572,3422157,56768,3102
785783.927128,59668572,3422157,56768,3102
785783.927148,59668572,3422157,56768,3102
785783.927161,59668572,3422157,56768,3102
785783.927173,59668572,3422157,56768,3102
785783.927185,59668572,3422157,56768,3102
785783.927206,59668572,3422157,56768,3102
785783.927219,59668572,3422157,56768,3102
785783.927231,59668572,3422157,56768,3102
785783.927242,59668572,3422157,56768,3102
785783.927263,59668572,3422157,56768,3102
785783.927276,59668572,3422157,56768,3102
785783.927287,59668572,3422157,56768,3102
785783.927299,59668572,3422157,56768,3102
785783.927321,59668572,3422157,56768,3102
785783.927333,59668572,3422157,56768,3102
785783.927345,59668572,3422157,56768,3102
785783.927358,59668572,3422157,56768,3102
785783.927379,59668572,3422157,56768,3102
785783.927391,59668572,3422157,56768,3102
785783.927403,59668572,3422157,56768,3102
785783.927415,59668572,3422157,56768,3102
785783.927435,59668572,3422157,56768,3102
785783.927448,59668572,3422157,56768,3102
785783.927460,59668572,3422157,56768,3102
785783.927472,59668572,3422157,56768,3102
785783.927493,59668572,3422157,56768,3102
785783.927505,59668572,3422157,56768,3102
785783.927517,59668572,3422157,56768,3102
785783.927529,59668572,3422157,56768,3102
785783.927549,59668572,3422157,56768,3102
785783.927562,59668572,3422157,56768,3102
785783.927573,59668572,3422157,56768,3102
785783.927585,59668572,3422157,56768,3102
785783.927607,59668572,3422157,56768,3102
785783.927619,59668572,3422157,56768,3102
785783.927631,59668572,3422157,56768,3102
785783.927643,59668572,3422157,56768,3102
785783.927663,59668572,3422157,56768,3102
785783.927676,59668572,3422157,56768,3102
785783.927687,59668572,3422157,56768,3102
785783.927699,59668572,3422157,56768,3102
785783.927721,59668572,3422157,56768,3102
785783.927734,59668572,3422157,56768,3102
785783.927745,59668572,3422157,56768,3102
785783.927757,59668572,3422157,56768,3102
785783.927777,59668572,3422157,56768,3102
785783.927790,59668572,3422157,56768,3102
785783.927802,59668572,3422157,56768,3102
785783.927813,59668572,3422157,56768,3102
785783.927834,59668572,3422157,56768,3102
785783.927846,59668572,3422157,56768,3102
785783.927859,59668572,3422157,56768,3102
785783.927872,59668572,3422157,56768,3102
785783.927893,59668572,3422157,56768,3102
785783.927905,59668572,3422157,56768,3102
785783.927917,59668572,3422157,56768,3102
785783.927929,59668572,3422157,56768,3102
785783.927949,59668572,3422157,56768,3102
785783.927961,59668572,3422157,56768,3102
785783.927973,59668572,3422157,56768,3102
785783.927984,59668572,3422157,56768,3102
785783.928007,59668572,3422157,56768,3102
785783.928020,59668572,3422157,56768,3102
785783.928034,59668572,3422157,56768,3102
785783.928048,59668572,3422157,56768,3102
785783.928072,59668572,3422157,56768,3102
785783.928087,59668572,3422157,56768,3102
785783.928103,59668572,3422157,56768,3102
785783.928117,59668572,3422157,56768,3102
785783.928142,59668572,3422157,56768,3102
785783.928157,59668572,3422157,56768,3102
785783.928168,59668572,3422157,56768,3102
785783.928180,59668572,3422157,56768,3102
785783.928201,59668572,3422157,56768,3102
785783.928214,59668572,3422157,56768,3102
785783.928225,59668572,3422157,56768,3102
785783.928236,59668572,3422157,56768,3102
785783.928257,59668572,3422157,56768,3102
785783.928269,59668572,3422157,56768,3102
785783.928281,59668572,3422157,56768,3102
785783.928292,59668572,3422157,56768,3102
785783.928314,59668572,3422157,56768,3102
785783.928326,59668572,3422157,56768,3102
785783.928338,59668572,3422157,56768,3102
785783.928350,59668572,3422157,56768,3102
785783.928370,59668572,3422157,56768,3102
785783.928383,59668572,3422157,56768,3102
785783.928394,59668572,3422157,56768,3102
785783.928406,59668572,3422157,56768,3102
785783.928428,59668572,3422157,56768,3102
785783.928440,59668572,3422157,56768,3102
785783.928452,59668572,3422157,56768,3102
785783.928465,59668572,3422157,56768,3102
785783.928486,59668572,3422157,56768,3102
785783.928498,59668572,3422157,56768,3102
785783.928510,59668572,3422157,56768,3102
785783.928522,59668572,3422157,56768,3102
785783.928542,59668572,3422157,56768,3102
785783.928556,59668572,3422157,56768,3102
785783.928568,59668572,3422157,56768,3102
785783.928579,59668572,3422157,56768,3102
785783.928600,59668572,3422157,56768,3102
785783.928613,59668572,3422157,56768,3102
785783.928626,59668572,3422157,56768,3102
785783.928638,59668572,3422157,56768,3102
785783.928659,59668572,3422157,56768,3102
785783.928671,59668572,3422157,56768,3102
785783.928683,59668572,3422157,56768,3102
785783.928695,59668572,3422157,56768,3102
785783.928717,59668572,3422157,56768,3102
785783.928729,59668572,3422157,56768,3102
785783.928741,59668572,3422157,56768,3102
785783.928753,59668572,3422157,56768,3102
785783.928773,59668572,3422157,56768,3102
785783.928786,59668572,3422157,56768,3102
785783.928797,59668572,3422157,56768,3102
785783.928809,59668572,3422157,56768,3102
785783.928831,59668572,3422157,56768,3102
785783.928844,59668572,3422157,56768,3102
785783.928856,59668572,3422157,56768,3102
785783.928867,59668572,3422157,56768,3102
785783.928888,59668572,3422157,56768,3102
785783.928901,59668572,3422157,56768,3102
785783.928913,59668572,3422157,56768,3102
785783.928924,59668572,3422157,56768,3102
785783.928945,59668572,3422157,56768,3102
785783.928957,59668572,3422157,56768,3102
785783.928970,59668572,3422157,56768,3102
785783.928982,59668572,3422157,56768,3102
785783.929003,59668572,3422157,56768,3102
785783.929016,59668572,3422157,56768,3102
785783.929028,59668572,3422157,56768,3102
785783.929040,59668572,3422157,56768,3102
785783.929060,59668572,3422157,56768,3102
785783.929073,59668572,3422157,56768,3102
785783.929084,59668572,3422157,56768,3102
785783.929096,59668572,3422157,56768,3102
785783.929118,59668572,3422157,56768,3102
785783.929130,59668572,3422157,56768,3102
785783.929142,59668572,3422157,56768,3102
785783.929153,59668572,3422157,56768,3102
785783.929174,59668572,3422157,56768,3102
785783.929186,59668572,3422157,56768,3102
785783.929199,59668572,3422157,56768,3102
785783.929211,59668572,3422157,56768,3102
785783.929233,59668572,3422157,56768,3102
785783.929246,59668572,3422157,56768,3102
785783.929257,59668572,3422157,56768,3102
785783.929269,59668572,3422157,56768,3102
785783.929290,59668572,3422157,56768,3102
785783.929302,59668572,3422157,56768,3102
785783.929314,59668572,3422157,56768,3102
785783.929325,59668572,3422157,56768,3102
785783.929347,59668572,3422157,56768,3102
785783.929359,59668572,3422157,56768,3102
785783.929371,59668572,3422157,56768,3102
785783.929384,59668572,3422157,56768,3102
785783.929404,59668572,3422157,56768,3102
785783.929417,59668572,3422157,56768,3102
785783.929429,59668572,3422157,56768,3102
785783.929441,59668572,3422157,56768,3102
785783.929462,59668572,3422157,56768,3102
785783.929474,59668572,3422157,56768,3102
785783.929486,59668572,3422157,56768,3102
785783.929498,59668572,3422157,56768,3102
785783.929519,59668572,3422157,56768,3102
785783.929531,59668572,3422157,56768,3102
785783.929543,59668572,3422157,56768,3102
785783.929555,59668572,3422157,56768,3102
785783.929576,59668572,3422157,56768,3102
785783.929589,59668572,3422157,56768,3102
785783.929601,59668572,3422157,56768,3102
785783.929612,59668572,3422157,56768,3102
785783.929634,59668572,3422157,56768,3102
785783.929646,59668572,3422157,56768,3102
785783.929658,59668572,3422157,56768,3102
785783.929670,59668572,3422157,56768,3102
785783.929690,59668572,3422157,56768,3102
785783.929703,59668572,3422157,56768,3102
785783.929715,59668572,3422157,56768,3102
785783.929727,59668572,3422157,56768,3102
785783.929747,59668572,3422157,56768,3102
785783.929760,59668572,3422157,56768,3102
785783.929771,59668572,3422157,56768,3102
785783.929783,59668572,3422157,56768,3102
785783.929804,59668572,3422157,56768,3102
785783.929816,59668572,3422157,56768,3102
785783.929828,59668572,3422157,56768,3102
785783.929840,59668572,3422157,56768,3102
785783.929860,59668572,3422157,56768,3102
785783.929872,59668572,3422157,56768,3102
785783.929884,59668572,3422157,56768,3102
785783.929895,59668572,3422157,56768,3102
785783.929917,59668572,3422157,56768,3102
785783.929931,59668572,3422157,56768,3102
785783.929943,59668572,3422157,56768,3102
785783.929955,59668572,3422157,56768,3102
785783.929975,59668572,3422157,56768,3102
785783.929988,59668572,3422157,56768,3102
785783.930000,59668572,3422157,56768,3102
785783.930012,59668572,3422157,56768,3102
785783.930034,59668572,3422157,56768,3102
785783.930046,59668572,3422157,56768,3102
785783.930057,59668572,3422157,56768,3102
785783.930070,59668572,3422157,56768,3102
785783.930091,59668572,3422157,56768,3102
785783.930103,59668572,3422157,56768,3102
785783.930115,59668572,3422157,56768,3102
785783.930126,59668572,3422157,56768,3102
785783.930147,59668572,3422157,56768,3102
785783.930160,59668572,3422157,56768,3102
785783.930171,59668572,3422157,56768,3102
785783.930183,59668572,3422157,56768,3102
785783.930204,59668572,3422157,56768,3102
785783.930217,59668572,3422157,56768,3102
785783.930228,59668572,3422157,56768,3102
785783.930240,59668572,3422157,56768,3102
785783.930260,59668572,3422157,56768,3102
785783.930273,59668572,3422157,56768,3102
785783.930285,59668572,3422157,56768,3102
785783.930297,59668572,3422157,56768,3102
785783.930319,59668572,3422157,56768,3102
785783.930332,59668572,3422157,56768,3102
785783.930344,59668572,3422157,56768,3102
785783.930355,59668572,3422157,56768,3102
785783.930375,59668572,3422157,56768,3102
785783.930388,59668572,3422157,56768,3102
785783.930400,59668572,3422157,56768,3102
785783.930411,59669116,3422157,56769,3102
785783.930432,59669116,3422157,56769,3102
785783.930445,59669116,3422157,56769,3102
785783.930457,59669116,3422157,56769,3102
785783.930469,59669116,3422157,56769,3102
785783.930489,59669116,3422157,56769,3102
785783.930501,59669116,3422157,56769,3102
785783.930513,59669116,3422157,56769,3102
785783.930525,59669116,3422157,56769,3102
785783.930545,59669116,3422157,56769,3102
785783.930557,59669116,3422157,56769,3102
785783.930569,59669116,3422157,56769,3102
785783.930581,59669116,3422157,56769,3102
785783.930604,59669116,3422157,56769,3102
785783.930617,59669116,3422157,56769,3102
785783.930629,59669116,3422157,56769,3102
785783.930641,59669116,3422157,56769,3102
785783.930663,59669116,3422157,56769,3102
785783.930677,59669116,3422157,56769,3102
785783.930688,59669116,3422157,56769,3102
785783.930701,59669116,3422157,56769,3102
785783.930723,59669116,3422157,56769,3102
785783.930736,59669116,3422157,56769,3102
785783.930748,59669116,3422157,56769,3102
785783.930760,59669116,3422157,56769,3102
785783.930782,59669116,3422157,56769,3102
785783.930795,59669116,3422157,56769,3102
785783.930808,59669116,3422157,56769,3102
785783.930820,59669116,3422157,56769,3102
785783.930841,59669116,3422157,56769,3102
785783.930854,59669116,3422157,56769,3102
785783.930866,59669116,3422157,56769,3102
785783.930878,59669116,3422157,56769,3102
785783.930898,59669116,3422157,56769,3102
785783.930911,59669116,3422157,56769,3102
785783.930922,59669116,3422157,56769,3102
785783.930934,59669116,3422157,56769,3102
785783.930955,59669116,3422157,56769,3102
785783.930967,59669116,3422157,56769,3102
785783.930979,59669116,3422157,56769,3102
785783.930991,59669116,3422157,56769,3102
785783.931013,59669116,3422157,56769,3102
785783.931026,59669116,3422157,56769,3102
785783.931039,59669116,3422157,56769,3102
785783.931050,59669116,3422157,56769,3102
785783.931071,59669116,3422157,56769,3102
785783.931084,59669116,3422157,56769,3102
785783.931095,59669116,3422157,56769,3102
785783.931107,59669116,3422157,56769,3102
785783.931128,59669116,3422157,56769,3102
785783.931141,59669116,3422157,56769,3102
785783.931153,59669116,3422157,56769,3102
785783.931165,59669116,3422157,56769,3102
785783.931185,59669116,3422157,56769,3102
785783.931198,59669116,3422157,56769,3102
785783.931209,59669116,3422157,56769,3102
785783.931221,59669116,3422157,56769,3102
785783.931241,59669116,3422157,56769,3102
785783.931254,59669116,3422157,56769,3102
785783.931266,59669116,3422157,56769,3102
785783.931278,59669116,3422157,56769,3102
785783.931298,59669116,3422157,56769,3102
785783.931311,59669116,3422157,56769,3102
785783.931323,59669116,3422157,56769,3102
785783.931334,59669116,3422157,56769,3102
785783.931355,59669116,3422157,56769,3102
785783.931368,59669116,3422157,56769,3102
785783.931379,59669116,3422157,56769,3102
785783.931392,59669116,3422157,56769,3102
785783.931414,59669116,3422157,56769,3102
785783.931426,59669116,3422157,56769,3102
785783.931438,59669116,3422157,56769,3102
785783.931449,59669116,3422157,56769,3102
785783.931470,59669116,3422157,56769,3102
785783.931482,59669116,3422157,56769,3102
785783.931494,59669116,3422157,56769,3102
785783.931506,59669116,3422157,56769,3102
785783.931527,59669116,3422157,56769,3102
785783.931540,59669116,3422157,56769,3102
785783.931552,59669116,3422157,56769,3102
785783.931564,59669116,3422157,56769,3102
785783.931584,59669116,3422157,56769,3102
785783.931597,59669116,3422157,56769,3102
785783.931609,59669116,3422157,56769,3102
785783.931621,59669116,3422157,56769,3102
785783.931642,59669116,3422157,56769,3102
785783.931654,59669116,3422157,56769,3102
785783.931666,59669116,3422157,56769,3102
785783.931679,59669116,3422157,56769,3102
785783.931701,59669116,3422157,56769,3102
785783.931714,59669116,3422157,56769,3102
785783.931726,59669116,3422157,56769,3102
785783.931738,59669116,3422157,56769,3102
785783.931758,59669116,3422157,56769,3102
785783.931772,59669116,3422157,56769,3102
785783.931799,59669116,3422157,56769,3102
785783.931811,59669116,3422157,56769,3102
785783.931832,59669116,3422157,56769,3102
785783.931845,59669116,3422157,56769,3102
785783.931856,59669116,3422157,56769,3102
785783.931868,59669116,3422157,56769,3102
785783.931889,59669116,3422157,56769,3102
785783.931901,59669116,3422157,56769,3102
785783.931912,59669116,3422157,56769,3102
785783.931924,59669116,3422157,56769,3102
785783.931945,59669116,3422157,56769,3102
785783.931958,59669116,3422157,56769,3102
785783.931970,59669116,3422157,56769,3102
785783.931982,59669116,3422157,56769,3102
785783.932003,59669116,3422157,56769,3102
785783.932016,59669116,3422157,56769,3102
785783.932028,59669116,3422157,56769,3102
785783.932040,59669116,3422157,56769,3102
785783.932060,59669116,3422157,56769,3102
785783.932073,59669116,3422157,56769,3102
785783.932085,59669116,3422157,56769,3102
785783.932097,59669116,3422157,56769,3102
785783.932118,59669116,3422157,56769,3102
785783.932131,59669116,3422157,56769,3102
785783.932144,59669116,3422157,56769,3102
785783.932156,59669116,3422157,56769,3102
785783.932176,59669116,3422157,56769,3102
785783.932189,59669116,3422157,56769,3102
785783.932200,59669116,3422157,56769,3102
785783.932212,59669116,3422157,56769,3102
785783.932233,59669116,3422157,56769,3102
785783.932245,59669116,3422157,56769,3102
785783.932257,59669116,3422157,56769,3102
785783.932269,59669116,3422157,56769,3102
785783.932291,59669116,3422157,56769,3102
785783.932303,59669116,3422157,56769,3102
785783.932314,59669116,3422157,56769,3102
785783.932326,59669116,3422157,56769,3102
785783.932347,59669116,3422157,56769,3102
785783.932360,59669116,3422157,56769,3102
785783.932372,59669116,3422157,56769,3102
785783.932383,59669116,3422157,56769,3102
785783.932404,59669116,3422157,56769,3102
785783.932417,59669116,3422157,56769,3102
785783.932429,59669116,3422157,56769,3102
785783.932441,59669116,3422157,56769,3102
785783.932461,59669116,3422157,56769,3102
785783.932474,59669116,3422157,56769,3102
785783.932486,59669116,3422157,56769,3102
785783.932497,59669116,3422157,56769,3102
785783.932520,59669116,3422157,56769,3102
785783.932533,59669116,3422157,56769,3102
785783.932544,59669116,3422157,56769,3102
785783.932556,59669116,3422157,56769,3102
785783.932576,59669116,3422157,56769,3102
785783.932589,59669116,3422157,56769,3102
785783.932600,59669116,3422157,56769,3102
785783.932612,59669116,3422157,56769,3102
785783.932634,59669116,3422157,56769,3102
785783.932646,59669116,3422157,56769,3102
785783.932658,59669116,3422157,56769,3102
785783.932670,59669116,3422157,56769,3102
785783.932690,59669116,3422157,56769,3102
785783.932703,59669116,3422157,56769,3102
785783.932714,59669116,3422157,56769,3102
785783.932726,59669116,3422157,56769,3102
785783.932746,59669116,3422157,56769,3102
785783.932759,59669116,3422157,56769,3102
785783.932772,59669116,3422157,56769,3102
785783.932784,59669116,3422157,56769,3102
785783.932804,59669116,3422157,56769,3102
785783.932817,59669116,3422157,56769,3102
785783.932828,59669116,3422157,56769,3102
785783.932840,59669116,3422157,56769,3102
785783.932861,59669116,3422157,56769,3102
785783.932875,59669116,3422157,56769,3102
785783.932886,59669116,3422157,56769,3102
785783.932898,59669116,3422157,56769,3102
785783.932920,59669116,3422157,56769,3102
785783.932932,59669116,3422157,56769,3102
785783.932944,59669116,3422157,56769,3102
785783.932956,59669116,3422157,56769,3102
785783.932976,59669116,3422157,56769,3102
785783.932989,59669116,3422157,56769,3102
785783.933002,59669116,3422157,56769,3102
785783.933015,59669116,3422157,56769,3102
785783.933036,59669116,3422157,56769,3102
785783.933049,59669116,3422157,56769,3102
785783.933061,59669116,3422157,56769,3102
785783.933072,59669116,3422157,56769,3102
785783.933093,59669116,3422157,56769,3102
785783.933107,59669116,3422157,56769,3102
785783.933120,59669116,3422157,56769,3102
785783.933135,59669116,3422157,56769,3102
785783.933159,59669116,3422157,56769,3102
785783.933175,59669116,3422157,56769,3102
785783.933187,59669116,3422157,56769,3102
785783.933200,59669116,3422157,56769,3102
785783.933221,59669116,3422157,56769,3102
785783.933233,59669116,3422157,56769,3102
785783.933245,59669116,3422157,56769,3102
785783.933258,59669116,3422157,56769,3102
785783.933278,59669116,3422157,56769,3102
785783.933291,59669116,3422157,56769,3102
785783.933302,59669116,3422157,56769,3102
785783.933314,59669116,3422157,56769,3102
785783.933336,59669116,3422157,56769,3102
785783.933348,59669116,3422157,56769,3102
785783.933360,59669116,3422157,56769,3102
785783.933371,59669116,3422157,56769,3102
785783.933392,59669116,3422157,56769,3102
785783.933404,59669116,3422157,56769,3102
785783.933416,59669116,3422157,56769,3102
785783.933428,59669116,3422157,56769,3102
785783.933450,59669116,3422157,56769,3102
785783.933463,59669116,3422157,56769,3102
785783.933475,59669116,3422157,56769,3102
785783.933487,59669116,3422157,56769,3102
785783.933507,59669116,3422157,56769,3102
785783.933521,59669116,3422157,56769,3102
785783.933533,59669116,3422157,56769,3102
785783.933545,59669116,3422157,56769,3102
785783.933565,59669116,3422157,56769,3102
785783.933578,59669116,3422157,56769,3102
785783.933589,59669116,3422157,56769,3102
785783.933601,59669116,3422157,56769,3102
785783.933624,59669116,3422157,56769,3102
785783.933636,59669116,3422157,56769,3102
785783.933648,59669116,3422157,56769,3102
785783.933659,59669116,3422157,56769,3102
785783.933680,59669116,3422157,56769,3102
785783.933693,59669116,3422157,56769,3102
785783.933704,59669116,3422157,56769,3102
785783.933716,59669116,3422157,56769,3102
785783.933738,59669116,3422157,56769,3102
785783.933750,59669116,3422157,56769,3102
785783.933763,59669116,3422157,56769,3102
785783.933774,59669116,3422157,56769,3102
785783.933795,59669116,3422157,56769,3102
785783.933808,59669116,3422157,56769,3102
785783.933819,59669116,3422157,56769,3102
785783.933831,59669116,3422157,56769,3102
785783.933851,59669116,3422157,56769,3102
785783.933865,59669116,3422157,56769,3102
785783.933876,59669116,3422157,56769,3102
785783.933888,59669116,3422157,56769,3102
785783.933908,59669116,3422157,56769,3102
785783.933920,59669116,3422157,56769,3102
785783.933932,59669116,3422157,56769,3102
785783.933944,59669116,3422157,56769,3102
785783.933964,59669116,3422157,56769,3102
785783.933977,59669116,3422157,56769,3102
785783.933989,59669116,3422157,56769,3102
785783.934002,59669116,3422157,56769,3102
785783.934024,59669116,3422157,56769,3102
785783.934039,59669116,3422157,56769,3102
785783.934053,59669116,3422157,56769,3102
785783.934068,59669116,3422157,56769,3102
785783.934093,59669116,3422157,56769,3102
785783.934108,59669116,3422157,56769,3102
785783.934123,59669116,3422157,56769,3102
785783.934137,59669116,3422157,56769,3102
785783.934164,59669116,3422157,56769,3102
785783.934179,59669116,3422157,56769,3102
785783.934191,59669116,3422157,56769,3102
785783.934202,59669116,3422157,56769,3102
785783.934223,59669116,3422157,56769,3102
785783.934237,59669116,3422157,56769,3102
785783.934249,59669116,3422157,56769,3102
785783.934262,59669116,3422157,56769,3102
785783.934282,59669116,3422157,56769,3102
785783.934296,59669116,3422157,56769,3102
785783.934308,59669116,3422157,56769,3102
785783.934320,59669116,3422157,56769,3102
785783.934340,59669116,3422157,56769,3102
785783.934354,59669116,3422157,56769,3102
785783.934367,59669116,3422157,56769,3102
785783.934383,59669116,3422157,56769,3102
785783.934404,59669116,3422157,56769,3102
785783.934416,59669116,3422157,56769,3102
785783.934428,59669116,3422157,56769,3102
785783.934440,59669116,3422157,56769,3102
785783.934461,59669116,3422157,56769,3102
785783.934474,59669116,3422157,56769,3102
785783.934485,59669116,3422157,56769,3102
785783.934497,59669116,3422157,56769,3102
785783.934517,59669116,3422157,56769,3102
785783.934530,59669116,3422157,56769,3102
785783.934543,59669116,3422157,56769,3102
785783.934555,59669116,3422157,56769,3102
785783.934577,59669116,3422157,56769,3102
785783.934589,59669116,3422157,56769,3102
785783.934601,59669116,3422157,56769,3102
785783.934613,59669116,3422157,56769,3102
785783.934633,59669116,3422157,56769,3102
785783.934645,59669116,3422157,56769,3102
785783.934657,59669116,3422157,56769,3102
785783.934669,59669116,3422157,56769,3102
785783.934689,59669116,3422157,56769,3102
785783.934701,59669116,3422157,56769,3102
785783.934714,59669116,3422157,56769,3102
785783.934725,59669116,3422157,56769,3102
785783.934746,59669116,3422157,56769,3102
785783.934759,59669116,3422157,56769,3102
785783.934771,59669116,3422157,56769,3102
785783.934783,59669116,3422157,56769,3102
785783.934804,59669116,3422157,56769,3102
785783.934817,59669116,3422157,56769,3102
785783.934829,59669116,3422157,56769,3102
785783.934840,59669116,3422157,56769,3102
785783.934861,59669116,3422157,56769,3102
785783.934874,59669116,3422157,56769,3102
785783.934886,59669116,3422157,56769,3102
785783.934897,59669116,3422157,56769,3102
785783.934918,59669116,3422157,56769,3102
785783.934930,59669116,3422157,56769,3102
785783.934942,59669116,3422157,56769,3102
785783.934954,59669116,3422157,56769,3102
785783.934975,59669116,3422157,56769,3102
785783.934988,59669116,3422157,56769,3102
785783.935000,59669116,3422157,56769,3102
785783.935013,59669116,3422157,56769,3102
785783.935036,59669116,3422157,56769,3102
785783.935051,59669116,3422157,56769,3102
785783.935065,59669116,3422157,56769,3102
785783.935079,59669116,3422157,56769,3102
785783.935103,59669116,3422157,56769,3102
785783.935118,59669116,3422157,56769,3102
785783.935136,59669116,3422157,56769,3102
785783.935148,59669116,3422157,56769,3102
785783.935169,59669116,3422157,56769,3102
785783.935182,59669116,3422157,56769,3102
785783.935193,59669116,3422157,56769,3102
785783.935205,59669116,3422157,56769,3102
785783.935225,59669116,3422157,56769,3102
785783.935238,59669116,3422157,56769,3102
785783.935249,59669116,3422157,56769,3102
785783.935261,59669116,3422157,56769,3102
785783.935285,59669116,3422157,56769,3102
785783.935297,59669116,3422157,56769,3102
785783.935309,59669116,3422157,56769,3102
785783.935321,59669116,3422157,56769,3102
785783.935341,59669116,3422157,56769,3102
785783.935353,59669116,3422157,56769,3102
785783.935365,59669116,3422157,56769,3102
785783.935377,59669116,3422157,56769,3102
785783.935398,59669116,3422157,56769,3102
785783.935411,59669116,3422157,56769,3102
785783.935422,59669116,3422157,56769,3102
785783.935434,59669116,3422157,56769,3102
785783.935455,59669116,3422157,56769,3102
785783.935467,59669116,3422157,56769,3102
785783.935479,59669116,3422157,56769,3102
785783.935490,59669116,3422157,56769,3102
785783.935511,59669116,3422157,56769,3102
785783.935524,59669116,3422157,56769,3102
785783.935536,59669116,3422157,56769,3102
785783.935549,59669116,3422157,56769,3102
785783.935569,59669116,3422157,56769,3102
785783.935582,59669116,3422157,56769,3102
785783.935593,59669116,3422157,56769,3102
785783.935605,59669116,3422157,56769,3102
785783.935626,59669116,3422157,56769,3102
785783.935639,59669116,3422157,56769,3102
785783.935650,59669116,3422157,56769,3102
785783.935662,59669116,3422157,56769,3102
785783.935684,59669116,3422157,56769,3102
785783.935697,59669116,3422157,56769,3102
785783.935708,59669116,3422157,56769,3102
785783.935720,59669116,3422157,56769,3102
785783.935740,59669116,3422157,56769,3102
785783.935753,59669116,3422157,56769,3102
785783.935765,59669116,3422157,56769,3102
785783.935776,59669116,3422157,56769,3102
785783.935798,59669116,3422157,56769,3102
785783.935810,59669116,3422157,56769,3102
785783.935822,59669116,3422157,56769,3102
785783.935834,59669116,3422157,56769,3102
785783.935855,59669116,3422157,56769,3102
785783.935868,59669116,3422157,56769,3102
785783.935880,59669116,3422157,56769,3102
785783.935892,59669116,3422157,56769,3102
785783.935913,59669116,3422157,56769,3102
785783.935925,59669116,3422157,56769,3102
785783.935936,59669116,3422157,56769,3102
785783.935948,59669116,3422157,56769,3102
785783.935970,59669116,3422157,56769,3102
785783.935982,59669116,3422157,56769,3102
785783.935994,59669116,3422157,56769,3102
785783.936008,59669116,3422157,56769,3102
785783.936030,59669116,3422157,56769,3102
785783.936046,59669116,3422157,56769,3102
785783.936061,59669116,3422157,56769,3102
785783.936076,59669116,3422157,56769,3102
785783.936104,59669116,3422157,56769,3102
785783.936120,59669116,3422157,56769,3102
785783.936135,59669116,3422157,56769,3102
785783.936150,59669116,3422157,56769,3102
785783.936173,59669116,3422157,56769,3102
785783.936186,59669116,3422157,56769,3102
785783.936197,59669116,3422157,56769,3102
785783.936209,59669116,3422157,56769,3102
785783.936231,59669116,3422157,56769,3102
785783.936244,59669116,3422157,56769,3102
785783.936255,59669116,3422157,56769,3102
785783.936268,59669116,3422157,56769,3102
785783.936289,59669116,3422157,56769,3102
785783.936301,59669116,3422157,56769,3102
785783.936313,59669116,3422157,56769,3102
785783.936325,59669116,3422157,56769,3102
785783.936346,59669116,3422157,56769,3102
785783.936358,59669116,3422157,56769,3102
785783.936369,59669116,3422157,56769,3102
785783.936381,59669116,3422157,56769,3102
785783.936403,59669116,3422157,56769,3102
785783.936415,59669116,3422157,56769,3102
785783.936427,59669116,3422157,56769,3102
785783.936439,59669116,3422157,56769,3102
785783.936459,59669116,3422157,56769,3102
785783.936472,59669116,3422157,56769,3102
785783.936484,59669116,3422157,56769,3102
785783.936495,59669116,3422157,56769,3102
785783.936517,59669116,3422157,56769,3102
785783.936530,59669116,3422157,56769,3102
785783.936541,59669116,3422157,56769,3102
785783.936553,59669116,3422157,56769,3102
785783.936574,59669116,3422157,56769,3102
785783.936587,59669116,3422157,56769,3102
785783.936598,59669116,3422157,56769,3102
785783.936610,59669116,3422157,56769,3102
785783.936632,59669116,3422157,56769,3102
785783.936646,59669116,3422157,56769,3102
785783.936657,59669116,3422157,56769,3102
785783.936669,59669116,3422157,56769,3102
785783.936690,59669116,3422157,56769,3102
785783.936702,59669116,3422157,56769,3102
785783.936713,59669116,3422157,56769,3102
785783.936725,59669116,3422157,56769,3102
785783.936745,59669116,3422157,56769,3102
785783.936758,59669116,3422157,56769,3102
785783.936770,59669116,3422157,56769,3102
785783.936782,59669116,3422157,56769,3102
785783.936804,59669116,3422157,56769,3102
785783.936816,59669116,3422157,56769,3102
785783.936828,59669116,3422157,56769,3102
785783.936840,59669116,3422157,56769,3102
785783.936860,59669116,3422157,56769,3102
785783.936873,59669116,3422157,56769,3102
785783.936884,59669116,3422157,56769,3102
785783.936896,59669116,3422157,56769,3102
785783.936917,59669116,3422157,56769,3102
785783.936930,59669116,3422157,56769,3102
785783.936942,59669116,3422157,56769,3102
785783.936953,59669116,3422157,56769,3102
785783.936974,59669116,3422157,56769,3102
785783.936986,59669116,3422157,56769,3102
785783.936999,59669116,3422157,56769,3102
785783.937012,59669116,3422157,56769,3102
785783.937034,59669116,3422157,56769,3102
785783.937048,59669116,3422157,56769,3102
785783.937063,59669116,3422157,56769,3102
785783.937077,59669116,3422157,56769,3102
785783.937101,59669116,3422157,56769,3102
785783.937116,59669116,3422157,56769,3102
785783.937130,59669116,3422157,56769,3102
785783.937144,59669116,3422157,56769,3102
785783.937166,59669116,3422157,56769,3102
785783.937179,59669116,3422157,56769,3102
785783.937191,59669116,3422157,56769,3102
785783.937202,59669116,3422157,56769,3102
785783.937224,59669116,3422157,56769,3102
785783.937237,59669116,3422157,56769,3102
785783.937248,59669116,3422157,56769,3102
785783.937260,59669116,3422157,56769,3102
785783.937281,59669116,3422157,56769,3102
785783.937293,59669116,3422157,56769,3102
785783.937305,59669116,3422157,56769,3102
785783.937317,59669116,3422157,56769,3102
785783.937338,59669116,3422157,56769,3102
785783.937351,59669116,3422157,56769,3102
785783.937363,59669116,3422157,56769,3102
785783.937376,59669116,3422157,56769,3102
785783.937396,59669116,3422157,56769,3102
785783.937409,59669116,3422157,56769,3102
785783.937420,59669116,3422157,56769,3102
785783.937432,59669116,3422157,56769,3102
785783.937452,59669116,3422157,56769,3102
785783.937465,59669116,3422157,56769,3102
785783.937477,59669116,3422157,56769,3102
785783.937490,59669116,3422157,56769,3102
785783.937511,59669116,3422157,56769,3102
785783.937523,59669116,3422157,56769,3102
785783.937536,59669116,3422157,56769,3102
785783.937548,59669116,3422157,56769,3102
785783.937569,59669116,3422157,56769,3102
785783.937581,59669116,3422157,56769,3102
785783.937593,59669116,3422157,56769,3102
785783.937605,59669116,3422157,56769,3102
785783.937627,59669116,3422157,56769,3102
785783.937639,59669116,3422157,56769,3102
785783.937650,59669116,3422157,56769,3102
785783.937662,59669116,3422157,56769,3102
785783.937683,59669116,3422157,56769,3102
785783.937696,59669116,3422157,56769,3102
785783.937707,59669116,3422157,56769,3102
785783.937719,59669116,3422157,56769,3102
785783.937740,59669116,3422157,56769,3102
785783.937754,59669116,3422157,56769,3102
785783.937766,59669116,3422157,56769,3102
785783.937777,59669116,3422157,56769,3102
785783.937798,59669116,3422157,56769,3102
785783.937810,59669116,3422157,56769,3102
785783.937822,59669116,3422157,56769,3102
785783.937834,59669116,3422157,56769,3102
785783.937854,59669116,3422157,56769,3102
785783.937867,59669116,3422157,56769,3102
785783.937879,59669116,3422157,56769,3102
785783.937890,59669116,3422157,56769,3102
785783.937912,59669116,3422157,56769,3102
785783.937924,59669116,3422157,56769,3102
785783.937936,59669116,3422157,56769,3102
785783.937947,59669116,3422157,56769,3102
785783.937968,59669116,3422157,56769,3102
785783.937980,59669116,3422157,56769,3102
785783.937992,59669116,3422157,56769,3102
785783.938012,59669116,3422157,56769,3102
785783.938049,59669116,3422157,56769,3102
785783.938065,59669116,3422157,56769,3102
785783.938080,59669116,3422157,56769,3102
785783.938095,59669116,3422157,56769,3102
785783.938121,59669116,3422157,56769,3102
785783.938136,59669116,3422157,56769,3102
785783.938153,59669116,3422157,56769,3102
785783.938164,59669116,3422157,56769,3102
785783.938185,59669116,3422157,56769,3102
785783.938198,59669116,3422157,56769,3102
785783.938210,59669116,3422157,56769,3102
785783.938221,59669116,3422157,56769,3102
785783.938242,59669116,3422157,56769,3102
785783.938255,59669116,3422157,56769,3102
785783.938266,59669116,3422157,56769,3102
785783.938278,59669116,3422157,56769,3102
785783.938299,59669116,3422157,56769,3102
785783.938312,59669116,3422157,56769,3102
785783.938323,59669116,3422157,56769,3102
785783.938335,59669116,3422157,56769,3102
785783.938357,59669116,3422157,56769,3102
785783.938369,59669116,3422157,56769,3102
785783.938381,59669116,3422157,56769,3102
785783.938392,59669116,3422157,56769,3102
785783.938413,59669116,3422157,56769,3102
785783.938426,59669116,3422157,56769,3102
785783.938437,59669116,3422157,56769,3102
785783.938449,59669116,3422157,56769,3102
785783.938470,59669116,3422157,56769,3102
785783.938483,59669116,3422157,56769,3102
785783.938494,59669116,3422157,56769,3102
785783.938506,59669116,3422157,56769,3102
785783.938528,59669116,3422157,56769,3102
785783.938540,59669116,3422157,56769,3102
785783.938551,59669116,3422157,56769,3102
785783.938563,59669116,3422157,56769,3102
785783.938583,59669116,3422157,56769,3102
785783.938597,59669116,3422157,56769,3102
785783.938609,59669116,3422157,56769,3102
785783.938621,59669116,3422157,56769,3102
785783.938641,59669116,3422157,56769,3102
785783.938653,59669116,3422157,56769,3102
785783.938665,59669116,3422157,56769,3102
785783.938677,59669116,3422157,56769,3102
785783.938697,59669116,3422157,56769,3102
785783.938709,59669116,3422157,56769,3102
785783.938721,59669116,3422157,56769,3102
785783.938733,59669116,3422157,56769,3102
785783.938755,59669116,3422157,56769,3102
785783.938767,59669116,3422157,56769,3102
785783.938779,59669116,3422157,56769,3102
785783.938791,59669116,3422157,56769,3102
785783.938812,59669116,3422157,56769,3102
785783.938824,59669116,3422157,56769,3102
785783.938836,59669116,3422157,56769,3102
785783.938847,59669116,3422157,56769,3102
785783.938869,59669116,3422157,56769,3102
785783.938883,59669116,3422157,56769,3102
785783.938895,59669116,3422157,56769,3102
785783.938907,59669116,3422157,56769,3102
785783.938927,59669116,3422157,56769,3102
785783.938940,59669116,3422157,56769,3102
785783.938952,59669116,3422157,56769,3102
785783.938963,59669116,3422157,56769,3102
785783.938984,59669116,3422157,56769,3102
785783.938997,59669116,3422157,56769,3102
785783.939011,59669116,3422157,56769,3102
785783.939037,59669116,3422157,56769,3102
785783.939062,59669116,3422157,56769,3102
785783.939077,59669116,3422157,56769,3102
785783.939091,59669116,3422157,56769,3102
785783.939105,59669116,3422157,56769,3102
785783.939130,59669116,3422157,56769,3102
785783.939144,59669116,3422157,56769,3102
785783.939157,59669116,3422157,56769,3102
785783.939169,59669116,3422157,56769,3102
785783.939190,59669116,3422157,56769,3102
785783.939203,59669116,3422157,56769,3102
785783.939214,59669116,3422157,56769,3102
785783.939226,59669116,3422157,56769,3102
785783.939246,59669116,3422157,56769,3102
785783.939259,59669116,3422157,56769,3102
785783.939271,59669116,3422157,56769,3102
785783.939284,59669116,3422157,56769,3102
785783.939305,59669116,3422157,56769,3102
785783.939318,59669116,3422157,56769,3102
785783.939329,59669116,3422157,56769,3102
785783.939341,59669116,3422157,56769,3102
785783.939362,59669116,3422157,56769,3102
785783.939375,59669116,3422157,56769,3102
785783.939386,59669116,3422157,56769,3102
785783.939398,59669116,3422157,56769,3102
785783.939419,59669116,3422157,56769,3102
785783.939431,59669116,3422157,56769,3102
785783.939443,59669116,3422157,56769,3102
785783.939455,59669116,3422157,56769,3102
785783.939476,59669116,3422157,56769,3102
785783.939488,59669116,3422157,56769,3102
785783.939500,59669116,3422157,56769,3102
785783.939512,59669116,3422157,56769,3102
785783.939533,59669116,3422157,56769,3102
785783.939545,59669116,3422157,56769,3102
785783.939557,59669116,3422157,56769,3102
785783.939568,59669116,3422157,56769,3102
785783.939590,59669116,3422157,56769,3102
785783.939602,59669116,3422157,56769,3102
785783.939613,59669116,3422157,56769,3102
785783.939625,59669116,3422157,56769,3102
785783.939647,59669116,3422157,56769,3102
785783.939659,59669116,3422157,56769,3102
785783.939671,59669116,3422157,56769,3102
785783.939682,59669116,3422157,56769,3102
785783.939704,59669116,3422157,56769,3102
785783.939716,59669116,3422157,56769,3102
785783.939728,59669116,3422157,56769,3102
785783.939740,59669116,3422157,56769,3102
785783.939760,59669116,3422157,56769,3102
785783.939773,59669116,3422157,56769,3102
785783.939785,59669116,3422157,56769,3102
785783.939797,59669116,3422157,56769,3102
785783.939818,59669116,3422157,56769,3102
785783.939830,59669116,3422157,56769,3102
785783.939842,59669116,3422157,56769,3102
785783.939854,59669116,3422157,56769,3102
785783.939875,59669116,3422157,56769,3102
785783.939887,59669116,3422157,56769,3102
785783.939899,59669116,3422157,56769,3102
785783.939911,59669116,3422157,56769,3102
785783.939931,59669116,3422157,56769,3102
785783.939944,59669116,3422157,56769,3102
785783.939955,59669116,3422157,56769,3102
785783.939967,59669116,3422157,56769,3102
785783.939988,59669116,3422157,56769,3102
785783.940003,59669116,3422157,56769,3102
785783.940015,59669116,3422157,56769,3102
785783.940028,59669116,3422157,56769,3102
785783.940053,59669116,3422157,56769,3102
785783.940068,59669116,3422157,56769,3102
785783.940081,59669116,3422157,56769,3102
785783.940096,59669116,3422157,56769,3102
785783.940120,59669116,3422157,56769,3102
785783.940136,59669116,3422157,56769,3102
785783.940150,59669116,3422157,56769,3102
785783.940162,59669116,3422157,56769,3102
785783.940183,59669116,3422157,56769,3102
785783.940195,59669116,3422157,56769,3102
785783.940207,59669116,3422157,56769,3102
785783.940218,59669116,3422157,56769,3102
785783.940239,59669116,3422157,56769,3102
785783.940251,59669116,3422157,56769,3102
785783.940263,59669116,3422157,56769,3102
785783.940275,59669116,3422157,56769,3102
785783.940298,59669116,3422157,56769,3102
785783.940311,59669116,3422157,56769,3102
785783.940322,59669116,3422157,56769,3102
785783.940334,59669116,3422157,56769,3102
785783.940355,59669116,3422157,56769,3102
785783.940367,59669116,3422157,56769,3102
785783.940379,59669116,3422157,56769,3102
785783.940392,59669116,3422157,56769,3102
785783.940414,59669116,3422157,56769,3102
785783.940426,59669116,3422157,56769,3102
785783.940438,59669116,3422157,56769,3102
785783.940449,59669116,3422157,56769,3102
785783.940470,59669116,3422157,56769,3102
785783.940482,59669116,3422157,56769,3102
785783.940494,59669116,3422157,56769,3102
785783.940505,59669116,3422157,56769,3102
785783.940525,59669116,3422157,56769,3102
785783.940538,59669116,3422157,56769,3102
785783.940551,59669116,3422157,56769,3102
785783.940563,59669116,3422157,56769,3102
785783.940584,59669116,3422157,56769,3102
785783.940597,59669116,3422157,56769,3102
785783.940608,59669116,3422157,56769,3102
785783.940620,59669116,3422157,56769,3102
785783.940641,59669116,3422157,56769,3102
785783.940653,59669116,3422157,56769,3102
785783.940665,59669116,3422157,56769,3102
785783.940677,59669116,3422157,56769,3102
785783.940699,59669116,3422157,56769,3102
785783.940711,59669116,3422157,56769,3102
785783.940723,59669116,3422157,56769,3102
785783.940735,59669116,3422157,56769,3102
785783.940755,59669116,3422157,56769,3102
785783.940769,59669116,3422157,56769,3102
785783.940781,59669116,3422157,56769,3102
785783.940792,59669116,3422157,56769,3102
785783.940814,59669116,3422157,56769,3102
785783.940827,59669116,3422157,56769,3102
785783.940839,59669116,3422157,56769,3102
785783.940850,59669116,3422157,56769,3102
785783.940871,59669116,3422157,56769,3102
785783.940883,59669116,3422157,56769,3102
785783.940895,59669116,3422157,56769,3102
785783.940906,59669116,3422157,56769,3102
785783.940927,59669116,3422157,56769,3102
785783.940939,59669116,3422157,56769,3102
785783.940951,59669116,3422157,56769,3102
785783.940963,59669116,3422157,56769,3102
785783.940984,59669116,3422157,56769,3102
785783.940997,59669116,3422157,56769,3102
785783.941009,59669116,3422157,56769,3102
785783.941021,59669116,3422157,56769,3102
785783.941042,59669116,3422157,56769,3102
785783.941054,59669116,3422157,56769,3102
785783.941066,59669116,3422157,56769,3102
785783.941078,59669116,3422157,56769,3102
785783.941099,59669116,3422157,56769,3102
785783.941112,59669116,3422157,56769,3102
785783.941125,59669116,3422157,56769,3102
785783.941136,59669116,3422157,56769,3102
785783.941157,59669116,3422157,56769,3102
785783.941170,59669116,3422157,56769,3102
785783.941181,59669116,3422157,56769,3102
785783.941194,59669116,3422157,56769,3102
785783.941216,59669116,3422157,56769,3102
785783.941228,59669116,3422157,56769,3102
785783.941239,59669116,3422157,56769,3102
785783.941251,59669116,3422157,56769,3102
785783.941273,59669116,3422157,56769,3102
785783.941286,59669116,3422157,56769,3102
785783.941300,59669116,3422157,56769,3102
785783.941313,59669116,3422157,56769,3102
785783.941338,59669116,3422157,56769,3102
785783.941352,59669116,3422157,56769,3102
785783.941366,59669116,3422157,56769,3102
785783.941380,59669116,3422157,56769,3102
785783.941405,59669116,3422157,56769,3102
785783.941421,59669116,3422157,56769,3102
785783.941434,59669116,3422157,56769,3102
785783.941448,59669116,3422157,56769,3102
785783.941471,59669116,3422157,56769,3102
785783.941483,59669116,3422157,56769,3102
785783.941495,59669116,3422157,56769,3102
785783.941507,59669116,3422157,56769,3102
785783.941530,59669116,3422157,56769,3102
785783.941542,59669116,3422157,56769,3102
785783.941553,59669116,3422157,56769,3102
785783.941565,59669116,3422157,56769,3102
785783.941586,59669116,3422157,56769,3102
785783.941598,59669116,3422157,56769,3102
785783.941610,59669116,3422157,56769,3102
785783.941621,59669116,3422157,56769,3102
785783.941642,59669116,3422157,56769,3102
785783.941655,59669116,3422157,56769,3102
785783.941667,59669116,3422157,56769,3102
785783.941679,59669116,3422157,56769,3102
785783.941699,59669116,3422157,56769,3102
785783.941712,59669116,3422157,56769,3102
785783.941723,59669116,3422157,56769,3102
785783.941735,59669116,3422157,56769,3102
785783.941756,59669116,3422157,56769,3102
785783.941768,59669116,3422157,56769,3102
785783.941780,59669116,3422157,56769,3102
785783.941791,59669116,3422157,56769,3102
785783.941813,59669116,3422157,56769,3102
785783.941825,59669116,3422157,56769,3102
785783.941837,59669116,3422157,56769,3102
785783.941849,59669116,3422157,56769,3102
785783.941870,59669116,3422157,56769,3102
785783.941884,59669116,3422157,56769,3102
785783.941895,59669116,3422157,56769,3102
785783.941907,59669116,3422157,56769,3102
785783.941928,59669116,3422157,56769,3102
785783.941941,59669116,3422157,56769,3102
785783.941953,59669116,3422157,56769,3102
785783.941964,59669116,3422157,56769,3102
785783.941985,59669116,3422157,56769,3102
785783.941998,59669116,3422157,56769,3102
785783.942026,59669116,3422157,56769,3102
785783.942044,59669116,3422157,56769,3102
785783.942069,59669116,3422157,56769,3102
785783.942084,59669116,3422157,56769,3102
785783.942099,59669116,3422157,56769,3102
785783.942113,59669116,3422157,56769,3102
785783.942137,59669116,3422157,56769,3102
785783.942151,59669116,3422157,56769,3102
785783.942163,59669116,3422157,56769,3102
785783.942174,59669116,3422157,56769,3102
785783.942195,59669116,3422157,56769,3102
785783.942208,59669116,3422157,56769,3102
785783.942219,59669116,3422157,56769,3102
785783.942231,59669116,3422157,56769,3102
785783.942253,59669116,3422157,56769,3102
785783.942265,59669116,3422157,56769,3102
785783.942276,59669116,3422157,56769,3102
785783.942294,59669116,3422157,56769,3102
785783.942315,59669116,3422157,56769,3102
785783.942327,59669116,3422157,56769,3102
785783.942339,59669116,3422157,56769,3102
785783.942351,59669116,3422157,56769,3102
785783.942373,59669116,3422157,56769,3102
785783.942386,59669116,3422157,56769,3102
785783.942398,59669116,3422157,56769,3102
785783.942410,59669116,3422157,56769,3102
785783.942431,59669116,3422157,56769,3102
785783.942444,59669116,3422157,56769,3102
785783.942456,59669116,3422157,56769,3102
785783.942468,59669116,3422157,56769,3102
785783.942489,59669116,3422157,56769,3102
785783.942502,59669116,3422157,56769,3102
785783.942514,59669116,3422157,56769,3102
785783.942526,59669116,3422157,56769,3102
785783.942547,59669116,3422157,56769,3102
785783.942560,59669116,3422157,56769,3102
785783.942571,59669116,3422157,56769,3102
785783.942583,59669116,3422157,56769,3102
785783.942604,59669116,3422157,56769,3102
785783.942616,59669116,3422157,56769,3102
785783.942628,59669116,3422157,56769,3102
785783.942640,59669116,3422157,56769,3102
785783.942663,59669116,3422157,56769,3102
785783.942676,59669116,3422157,56769,3102
785783.942687,59669116,3422157,56769,3102
785783.942699,59669116,3422157,56769,3102
785783.942720,59669116,3422157,56769,3102
785783.942733,59669116,3422157,56769,3102
785783.942744,59669116,3422157,56769,3102
785783.942756,59669116,3422157,56769,3102
785783.942778,59669116,3422157,56769,3102
785783.942790,59669116,3422157,56769,3102
785783.942803,59669116,3422157,56769,3102
785783.942815,59669116,3422157,56769,3102
785783.942835,59669116,3422157,56769,3102
785783.942848,59669116,3422157,56769,3102
785783.942860,59669116,3422157,56769,3102
785783.942872,59669116,3422157,56769,3102
785783.942892,59669116,3422157,56769,3102
785783.942905,59669116,3422157,56769,3102
785783.942916,59669116,3422157,56769,3102
785783.942929,59669116,3422157,56769,3102
785783.942950,59669116,3422157,56769,3102
785783.942962,59669116,3422157,56769,3102
785783.942973,59669116,3422157,56769,3102
785783.942984,59669116,3422157,56769,3102
785783.943006,59669116,3422157,56769,3102
785783.943019,59669116,3422157,56769,3102
785783.943042,59669116,3422157,56769,3102
785783.943055,59669116,3422157,56769,3102
785783.943081,59669116,3422157,56769,3102
785783.943096,59669116,3422157,56769,3102
785783.943110,59669116,3422157,56769,3102
785783.943123,59669116,3422157,56769,3102
785783.943148,59669116,3422157,56769,3102
785783.943160,59669116,3422157,56769,3102
785783.943172,59669116,3422157,56769,3102
785783.943183,59669116,3422157,56769,3102
785783.943205,59669116,3422157,56769,3102
785783.943217,59669116,3422157,56769,3102
785783.943228,59669116,3422157,56769,3102
785783.943240,59669116,3422157,56769,3102
785783.943261,59669116,3422157,56769,3102
785783.943273,59669116,3422157,56769,3102
785783.943284,59669116,3422157,56769,3102
785783.943296,59669116,3422157,56769,3102
785783.943316,59669116,3422157,56769,3102
785783.943328,59669116,3422157,56769,3102
785783.943340,59669116,3422157,56769,3102
785783.943351,59669116,3422157,56769,3102
785783.943373,59669116,3422157,56769,3102
785783.943385,59669116,3422157,56769,3102
785783.943397,59669116,3422157,56769,3102
785783.943409,59669116,3422157,56769,3102
785783.943430,59669116,3422157,56769,3102
785783.943442,59669116,3422157,56769,3102
785783.943454,59669116,3422157,56769,3102
785783.943466,59669116,3422157,56769,3102
785783.943487,59669116,3422157,56769,3102
785783.943500,59669116,3422157,56769,3102
785783.943511,59669116,3422157,56769,3102
785783.943523,59669116,3422157,56769,3102
785783.943544,59669116,3422157,56769,3102
785783.943556,59669116,3422157,56769,3102
785783.943569,59669116,3422157,56769,3102
785783.943580,59669116,3422157,56769,3102
785783.943601,59669116,3422157,56769,3102
785783.943615,59669116,3422157,56769,3102
785783.943627,59669116,3422157,56769,3102
785783.943638,59669116,3422157,56769,3102
785783.943659,59669116,3422157,56769,3102
785783.943672,59669116,3422157,56769,3102
785783.943683,59669116,3422157,56769,3102
785783.943695,59669116,3422157,56769,3102
785783.943716,59669116,3422157,56769,3102
785783.943728,59669116,3422157,56769,3102
785783.943740,59669116,3422157,56769,3102
785783.943751,59669116,3422157,56769,3102
785783.943773,59669116,3422157,56769,3102
785783.943787,59669116,3422157,56769,3102
785783.943798,59669116,3422157,56769,3102
785783.943810,59669116,3422157,56769,3102
785783.943831,59669116,3422157,56769,3102
785783.943843,59669116,3422157,56769,3102
785783.943855,59669116,3422157,56769,3102
785783.943867,59669116,3422157,56769,3102
785783.943889,59669116,3422157,56769,3102
785783.943901,59669116,3422157,56769,3102
785783.943913,59669116,3422157,56769,3102
785783.943924,59669116,3422157,56769,3102
785783.943945,59669116,3422157,56769,3102
785783.943958,59669116,3422157,56769,3102
785783.943969,59669116,3422157,56769,3102
785783.943981,59669116,3422157,56769,3102
785783.944002,59669116,3422157,56769,3102
785783.944015,59669116,3422157,56769,3102
785783.944028,59669116,3422157,56769,3102
785783.944040,59669116,3422157,56769,3102
785783.944060,59669116,3422157,56769,3102
785783.944073,59669116,3422157,56769,3102
785783.944085,59669116,3422157,56769,3102
785783.944096,59669116,3422157,56769,3102
785783.944117,59669116,3422157,56769,3102
785783.944129,59669116,3422157,56769,3102
785783.944142,59669116,3422157,56769,3102
785783.944154,59669116,3422157,56769,3102
785783.944175,59669116,3422157,56769,3102
785783.944187,59669116,3422157,56769,3102
785783.944199,59669116,3422157,56769,3102
785783.944211,59669116,3422157,56769,3102
785783.944231,59669116,3422157,56769,3102
785783.944244,59669116,3422157,56769,3102
785783.944256,59669116,3422157,56769,3102
785783.944267,59669116,3422157,56769,3102
785783.944290,59669116,3422157,56769,3102
785783.944303,59669116,3422157,56769,3102
785783.944314,59669116,3422157,56769,3102
785783.944326,59669116,3422157,56769,3102
785783.944346,59669116,3422157,56769,3102
785783.944359,59669116,3422157,56769,3102
785783.944371,59669116,3422157,56769,3102
785783.944382,59669116,3422157,56769,3102
785783.944403,59669116,3422157,56769,3102
785783.944415,59669116,3422157,56769,3102
785783.944427,59669116,3422157,56769,3102
785783.944439,59669116,3422157,56769,3102
785783.944460,59669116,3422157,56769,3102
785783.944473,59669116,3422157,56769,3102
785783.944484,59669116,3422157,56769,3102
785783.944496,59669116,3422157,56769,3102
785783.944517,59669116,3422157,56769,3102
785783.944530,59669116,3422157,56769,3102
785783.944541,59669116,3422157,56769,3102
785783.944553,59669116,3422157,56769,3102
785783.944575,59669116,3422157,56769,3102
785783.944587,59669116,3422157,56769,3102
785783.944598,59669116,3422157,56769,3102
785783.944610,59669116,3422157,56769,3102
785783.944631,59669116,3422157,56769,3102
785783.944643,59669116,3422157,56769,3102
785783.944654,59669116,3422157,56769,3102
785783.944666,59669116,3422157,56769,3102
785783.944687,59669116,3422157,56769,3102
785783.944700,59669116,3422157,56769,3102
785783.944712,59669116,3422157,56769,3102
785783.944724,59669116,3422157,56769,3102
785783.944744,59669116,3422157,56769,3102
785783.944757,59669116,3422157,56769,3102
785783.944769,59669116,3422157,56769,3102
785783.944780,59669116,3422157,56769,3102
785783.944800,59669116,3422157,56769,3102
785783.944813,59669116,3422157,56769,3102
785783.944824,59669116,3422157,56769,3102
785783.944836,59669116,3422157,56769,3102
785783.944858,59669116,3422157,56769,3102
785783.944871,59669116,3422157,56769,3102
785783.944883,59669116,3422157,56769,3102
785783.944894,59669116,3422157,56769,3102
785783.944915,59669116,3422157,56769,3102
785783.944927,59669116,3422157,56769,3102
785783.944939,59669116,3422157,56769,3102
785783.944950,59669116,3422157,56769,3102
785783.944972,59669116,3422157,56769,3102
785783.944985,59669116,3422157,56769,3102
785783.944996,59669116,3422157,56769,3102
785783.945010,59669116,3422157,56769,3102
785783.945031,59669116,3422157,56769,3102
785783.945043,59669116,3422157,56769,3102
785783.945055,59669116,3422157,56769,3102
785783.945067,59669116,3422157,56769,3102
785783.945087,59669116,3422157,56769,3102
785783.945100,59669116,3422157,56769,3102
785783.945112,59669116,3422157,56769,3102
785783.945124,59669116,3422157,56769,3102
785783.945145,59669116,3422157,56769,3102
785783.945157,59669116,3422157,56769,3102
785783.945169,59669116,3422157,56769,3102
785783.945181,59669116,3422157,56769,3102
785783.945201,59669116,3422157,56769,3102
785783.945213,59669116,3422157,56769,3102
785783.945225,59669116,3422157,56769,3102
785783.945238,59669116,3422157,56769,3102
785783.945259,59669116,3422157,56769,3102
785783.945272,59669116,3422157,56769,3102
785783.945283,59669116,3422157,56769,3102
785783.945295,59669116,3422157,56769,3102
785783.945316,59669116,3422157,56769,3102
785783.945329,59669116,3422157,56769,3102
785783.945340,59669116,3422157,56769,3102
785783.945352,59669116,3422157,56769,3102
785783.945373,59669116,3422157,56769,3102
785783.945386,59669116,3422157,56769,3102
785783.945398,59669116,3422157,56769,3102
785783.945409,59669116,3422157,56769,3102
785783.945430,59669116,3422157,56769,3102
785783.945442,59669116,3422157,56769,3102
785783.945454,59669116,3422157,56769,3102
785783.945466,59669116,3422157,56769,3102
785783.945486,59669116,3422157,56769,3102
785783.945499,59669116,3422157,56769,3102
785783.945511,59669116,3422157,56769,3102
785783.945523,59669116,3422157,56769,3102
785783.945544,59669116,3422157,56769,3102
785783.945556,59669116,3422157,56769,3102
785783.945568,59669116,3422157,56769,3102
785783.945579,59669116,3422157,56769,3102
785783.945601,59669116,3422157,56769,3102
785783.945613,59669116,3422157,56769,3102
785783.945625,59669116,3422157,56769,3102
785783.945637,59669116,3422157,56769,3102
785783.945658,59669116,3422157,56769,3102
785783.945671,59669116,3422157,56769,3102
785783.945682,59669116,3422157,56769,3102
785783.945694,59669116,3422157,56769,3102
785783.945715,59669116,3422157,56769,3102
785783.945727,59669116,3422157,56769,3102
785783.945740,59669116,3422157,56769,3102
785783.945752,59669116,3422157,56769,3102
785783.945773,59669116,3422157,56769,3102
785783.945786,59669116,3422157,56769,3102
785783.945798,59669116,3422157,56769,3102
785783.945810,59669116,3422157,56769,3102
785783.945830,59669116,3422157,56769,3102
785783.945843,59669116,3422157,56769,3102
785783.945854,59669116,3422157,56769,3102
785783.945866,59669116,3422157,56769,3102
785783.945886,59669116,3422157,56769,3102
785783.945899,59669116,3422157,56769,3102
785783.945911,59669116,3422157,56769,3102
785783.945923,59669116,3422157,56769,3102
785783.945944,59669116,3422157,56769,3102
785783.945957,59669116,3422157,56769,3102
785783.945969,59669116,3422157,56769,3102
785783.945981,59669116,3422157,56769,3102
785783.946003,59669116,3422157,56769,3102
785783.946015,59669116,3422157,56769,3102
785783.946027,59669116,3422157,56769,3102
785783.946038,59669116,3422157,56769,3102
785783.946060,59669116,3422157,56769,3102
785783.946072,59669116,3422157,56769,3102
785783.946084,59669116,3422157,56769,3102
785783.946096,59669116,3422157,56769,3102
785783.946116,59669116,3422157,56769,3102
785783.946128,59669116,3422157,56769,3102
785783.946139,59669116,3422157,56769,3102
785783.946151,59669116,3422157,56769,3102
785783.946172,59669116,3422157,56769,3102
785783.946185,59669116,3422157,56769,3102
785783.946196,59669116,3422157,56769,3102
785783.946208,59669116,3422157,56769,3102
785783.946229,59669116,3422157,56769,3102
785783.946241,59669116,3422157,56769,3102
785783.946253,59669116,3422157,56769,3102
785783.946265,59669116,3422157,56769,3102
785783.946285,59669116,3422157,56769,3102
785783.946298,59669116,3422157,56769,3102
785783.946309,59669116,3422157,56769,3102
785783.946324,59669116,3422157,56769,3102
785783.946345,59669116,3422157,56769,3102
785783.946357,59669116,3422157,56769,3102
785783.946369,59669116,3422157,56769,3102
785783.946380,59669116,3422157,56769,3102
785783.946401,59669116,3422157,56769,3102
785783.946413,59669116,3422157,56769,3102
785783.946424,59669116,3422157,56769,3102
785783.946436,59669116,3422157,56769,3102
785783.946458,59669116,3422157,56769,3102
785783.946470,59669116,3422157,56769,3102
785783.946483,59669116,3422157,56769,3102
785783.946495,59669116,3422157,56769,3102
785783.946515,59669116,3422157,56769,3102
785783.946528,59669116,3422157,56769,3102
785783.946540,59669116,3422157,56769,3102
785783.946552,59669116,3422157,56769,3102
785783.946574,59669116,3422157,56769,3102
785783.946586,59669116,3422157,56769,3102
785783.946598,59669116,3422157,56769,3102
785783.946610,59669116,3422157,56769,3102
785783.946630,59669116,3422157,56769,3102
785783.946643,59669116,3422157,56769,3102
785783.946655,59669116,3422157,56769,3102
785783.946666,59669116,3422157,56769,3102
785783.946687,59669116,3422157,56769,3102
785783.946701,59669116,3422157,56769,3102
785783.946712,59669116,3422157,56769,3102
785783.946724,59669116,3422157,56769,3102
785783.946745,59669116,3422157,56769,3102
785783.946758,59669116,3422157,56769,3102
785783.946769,59669116,3422157,56769,3102
785783.946781,59669116,3422157,56769,3102
785783.946802,59669116,3422157,56769,3102
785783.946814,59669116,3422157,56769,3102
785783.946826,59669116,3422157,56769,3102
785783.946838,59669116,3422157,56769,3102
785783.946859,59669116,3422157,56769,3102
785783.946871,59669116,3422157,56769,3102
785783.946882,59669116,3422157,56769,3102
785783.946894,59669116,3422157,56769,3102
785783.946914,59669116,3422157,56769,3102
785783.946927,59669116,3422157,56769,3102
785783.946938,59669116,3422157,56769,3102
785783.946950,59669116,3422157,56769,3102
785783.946970,59669116,3422157,56769,3102
785783.946984,59669116,3422157,56769,3102
785783.946995,59669116,3422157,56769,3102
785783.947008,59669116,3422157,56769,3102
785783.947028,59669116,3422157,56769,3102
785783.947040,59669116,3422157,56769,3102
785783.947053,59669116,3422157,56769,3102
785783.947065,59669116,3422157,56769,3102
785783.947085,59669116,3422157,56769,3102
785783.947098,59669116,3422157,56769,3102
785783.947109,59669116,3422157,56769,3102
785783.947121,59669116,3422157,56769,3102
785783.947143,59669116,3422157,56769,3102
785783.947155,59669116,3422157,56769,3102
785783.947167,59669116,3422157,56769,3102
785783.947178,59669116,3422157,56769,3102
785783.947200,59669116,3422157,56769,3102
785783.947212,59669116,3422157,56769,3102
785783.947224,59669116,3422157,56769,3102
785783.947235,59669116,3422157,56769,3102
785783.947257,59669116,3422157,56769,3102
785783.947270,59669116,3422157,56769,3102
785783.947281,59669116,3422157,56769,3102
785783.947293,59669116,3422157,56769,3102
785783.947313,59669116,3422157,56769,3102
785783.947325,59669116,3422157,56769,3102
785783.947337,59669116,3422157,56769,3102
785783.947348,59669116,3422157,56769,3102
785783.947369,59669116,3422157,56769,3102
785783.947381,59669116,3422157,56769,3102
785783.947394,59669116,3422157,56769,3102
785783.947405,59669116,3422157,56769,3102
785783.947427,59669116,3422157,56769,3102
785783.947440,59669116,3422157,56769,3102
785783.947451,59669116,3422157,56769,3102
785783.947463,59669116,3422157,56769,3102
785783.947484,59669116,3422157,56769,3102
785783.947497,59669116,3422157,56769,3102
785783.947508,59669116,3422157,56769,3102
785783.947520,59669116,3422157,56769,3102
785783.947541,59669116,3422157,56769,3102
785783.947554,59669116,3422157,56769,3102
785783.947565,59669116,3422157,56769,3102
785783.947577,59669116,3422157,56769,3102
785783.947597,59669116,3422157,56769,3102
785783.947610,59669116,3422157,56769,3102
785783.947621,59669116,3422157,56769,3102
785783.947633,59669116,3422157,56769,3102
785783.947654,59669116,3422157,56769,3102
785783.947667,59669116,3422157,56769,3102
785783.947678,59669116,3422157,56769,3102
785783.947690,59669116,3422157,56769,3102
785783.947710,59669116,3422157,56769,3102
785783.947723,59669116,3422157,56769,3102
785783.947735,59669116,3422157,56769,3102
785783.947747,59669116,3422157,56769,3102
785783.947767,59669116,3422157,56769,3102
785783.947781,59669116,3422157,56769,3102
785783.947792,59669116,3422157,56769,3102
785783.947804,59669116,3422157,56769,3102
785783.947825,59669116,3422157,56769,3102
785783.947838,59669116,3422157,56769,3102
785783.947849,59669116,3422157,56769,3102
785783.947861,59669116,3422157,56769,3102
785783.947881,59669116,3422157,56769,3102
785783.947893,59669116,3422157,56769,3102
785783.947905,59669116,3422157,56769,3102
785783.947917,59669116,3422157,56769,3102
785783.947939,59669116,3422157,56769,3102
785783.947952,59669116,3422157,56769,3102
785783.947963,59669116,3422157,56769,3102
785783.947975,59669116,3422157,56769,3102
785783.947995,59669116,3422157,56769,3102
785783.948009,59669116,3422157,56769,3102
785783.948021,59669116,3422157,56769,3102
785783.948032,59669116,3422157,56769,3102
785783.948054,59669116,3422157,56769,3102
785783.948067,59669116,3422157,56769,3102
785783.948078,59669116,3422157,56769,3102
785783.948090,59669116,3422157,56769,3102
785783.948110,59669116,3422157,56769,3102
785783.948122,59669116,3422157,56769,3102
785783.948134,59669116,3422157,56769,3102
785783.948146,59669116,3422157,56769,3102
785783.948167,59669116,3422157,56769,3102
785783.948180,59669116,3422157,56769,3102
785783.948192,59669116,3422157,56769,3102
785783.948204,59669116,3422157,56769,3102
785783.948225,59669116,3422157,56769,3102
785783.948238,59669116,3422157,56769,3102
785783.948249,59669116,3422157,56769,3102
785783.948261,59669116,3422157,56769,3102
785783.948282,59669116,3422157,56769,3102
785783.948294,59669116,3422157,56769,3102
785783.948306,59669116,3422157,56769,3102
785783.948317,59669116,3422157,56769,3102
785783.948339,59669116,3422157,56769,3102
785783.948352,59669116,3422157,56769,3102
785783.948363,59669116,3422157,56769,3102
785783.948375,59669116,3422157,56769,3102
785783.948396,59669116,3422157,56769,3102
785783.948408,59669116,3422157,56769,3102
785783.948420,59669116,3422157,56769,3102
785783.948431,59669116,3422157,56769,3102
785783.948452,59669116,3422157,56769,3102
785783.948466,59669116,3422157,56769,3102
785783.948477,59669116,3422157,56769,3102
785783.948489,59669116,3422157,56769,3102
785783.948510,59669116,3422157,56769,3102
785783.948523,59669116,3422157,56769,3102
785783.948535,59669116,3422157,56769,3102
785783.948546,59669116,3422157,56769,3102
785783.948566,59669116,3422157,56769,3102
785783.948579,59669116,3422157,56769,3102
785783.948590,59669116,3422157,56769,3102
785783.948602,59669116,3422157,56769,3102
785783.948624,59669116,3422157,56769,3102
785783.948636,59669116,3422157,56769,3102
785783.948649,59669116,3422157,56769,3102
785783.948661,59669116,3422157,56769,3102
785783.948682,59669116,3422157,56769,3102
785783.948694,59669116,3422157,56769,3102
785783.948706,59669116,3422157,56769,3102
785783.948718,59669116,3422157,56769,3102
785783.948739,59669116,3422157,56769,3102
785783.948752,59669116,3422157,56769,3102
785783.948763,59669116,3422157,56769,3102
785783.948775,59669116,3422157,56769,3102
785783.948796,59669116,3422157,56769,3102
785783.948808,59669116,3422157,56769,3102
785783.948820,59669116,3422157,56769,3102
785783.948832,59669116,3422157,56769,3102
785783.948852,59669116,3422157,56769,3102
785783.948866,59669116,3422157,56769,3102
785783.948878,59669116,3422157,56769,3102
785783.948890,59669116,3422157,56769,3102
785783.948911,59669116,3422157,56769,3102
785783.948924,59669116,3422157,56769,3102
785783.948935,59669116,3422157,56769,3102
785783.948947,59669116,3422157,56769,3102
785783.948968,59669116,3422157,56769,3102
785783.948980,59669116,3422157,56769,3102
785783.948992,59669116,3422157,56769,3102
785783.949004,59669116,3422157,56769,3102
785783.949026,59669116,3422157,56769,3102
785783.949039,59669116,3422157,56769,3102
785783.949050,59669116,3422157,56769,3102
785783.949062,59669116,3422157,56769,3102
785783.949083,59669116,3422157,56769,3102
785783.949095,59669116,3422157,56769,3102
785783.949106,59669116,3422157,56769,3102
785783.949118,59669116,3422157,56769,3102
785783.949140,59669116,3422157,56769,3102
785783.949152,59669116,3422157,56769,3102
785783.949164,59669116,3422157,56769,3102
785783.949176,59669116,3422157,56769,3102
785783.949196,59669116,3422157,56769,3102
785783.949208,59669116,3422157,56769,3102
785783.949220,59669116,3422157,56769,3102
785783.949232,59669116,3422157,56769,3102
785783.949253,59669116,3422157,56769,3102
785783.949265,59669116,3422157,56769,3102
785783.949277,59669116,3422157,56769,3102
785783.949290,59669116,3422157,56769,3102
785783.949310,59669116,3422157,56769,3102
785783.949323,59669116,3422157,56769,3102
785783.949334,59669116,3422157,56769,3102
785783.949346,59669116,3422157,56769,3102
785783.949366,59669116,3422157,56769,3102
785783.949378,59669116,3422157,56769,3102
785783.949391,59669116,3422157,56769,3102
785783.949403,59669116,3422157,56769,3102
785783.949425,59669116,3422157,56769,3102
785783.949438,59669116,3422157,56769,3102
785783.949449,59669116,3422157,56769,3102
785783.949461,59669116,3422157,56769,3102
785783.949481,59669116,3422157,56769,3102
785783.949494,59669116,3422157,56769,3102
785783.949505,59669116,3422157,56769,3102
785783.949517,59669116,3422157,56769,3102
785783.949538,59669116,3422157,56769,3102
785783.949551,59669116,3422157,56769,3102
785783.949562,59669116,3422157,56769,3102
785783.949574,59669116,3422157,56769,3102
785783.949595,59669116,3422157,56769,3102
785783.949608,59669116,3422157,56769,3102
785783.949620,59669116,3422157,56769,3102
785783.949632,59669116,3422157,56769,3102
785783.949652,59669116,3422157,56769,3102
785783.949665,59669116,3422157,56769,3102
785783.949676,59669116,3422157,56769,3102
785783.949689,59669116,3422157,56769,3102
785783.949710,59669116,3422157,56769,3102
785783.949723,59669116,3422157,56769,3102
785783.949734,59669116,3422157,56769,3102
785783.949746,59669116,3422157,56769,3102
785783.949766,59669116,3422157,56769,3102
785783.949779,59669116,3422157,56769,3102
785783.949790,59669116,3422157,56769,3102
785783.949802,59669116,3422157,56769,3102
785783.949825,59669116,3422157,56769,3102
785783.949838,59669116,3422157,56769,3102
785783.949849,59669116,3422157,56769,3102
785783.949862,59669116,3422157,56769,3102
785783.949882,59669116,3422157,56769,3102
785783.949895,59669116,3422157,56769,3102
785783.949907,59669116,3422157,56769,3102
785783.949918,59669116,3422157,56769,3102
785783.949940,59669116,3422157,56769,3102
785783.949953,59669116,3422157,56769,3102
785783.949965,59669116,3422157,56769,3102
785783.949977,59669116,3422157,56769,3102
785783.949997,59669116,3422157,56769,3102
785783.950011,59669116,3422157,56769,3102
785783.950022,59669116,3422157,56769,3102
785783.950034,59669116,3422157,56769,3102
785783.950054,59669116,3422157,56769,3102
785783.950067,59669116,3422157,56769,3102
785783.950078,59669116,3422157,56769,3102
785783.950090,59669116,3422157,56769,3102
785783.950113,59669116,3422157,56769,3102
785783.950125,59669116,3422157,56769,3102
785783.950137,59669116,3422157,56769,3102
785783.950148,59669116,3422157,56769,3102
785783.950169,59669116,3422157,56769,3102
785783.950181,59669116,3422157,56769,3102
785783.950193,59669116,3422157,56769,3102
785783.950204,59669116,3422157,56769,3102
785783.950226,59669116,3422157,56769,3102
785783.950239,59669116,3422157,56769,3102
785783.950250,59669116,3422157,56769,3102
785783.950262,59669116,3422157,56769,3102
785783.950282,59669116,3422157,56769,3102
785783.950294,59669116,3422157,56769,3102
785783.950306,59669116,3422157,56769,3102
785783.950318,59669116,3422157,56769,3102
785783.950339,59669116,3422157,56769,3102
785783.950353,59669116,3422157,56769,3102
785783.950364,59669116,3422157,56769,3102
785783.950376,59669116,3422157,56769,3102
785783.950396,59669116,3422157,56769,3102
785783.950408,59669116,3422157,56769,3102
785783.950419,59669116,3422157,56769,3102
785783.950431,59669116,3422157,56769,3102
785783.950451,59669116,3422157,56769,3102
785783.950464,59669116,3422157,56769,3102
785783.950475,59669116,3422157,56769,3102
785783.950487,59669116,3422157,56769,3102
785783.950508,59669116,3422157,56769,3102
785783.950520,59669116,3422157,56769,3102
785783.950532,59669116,3422157,56769,3102
785783.950544,59669116,3422157,56769,3102
785783.950564,59669116,3422157,56769,3102
785783.950577,59669116,3422157,56769,3102
785783.950589,59669116,3422157,56769,3102
785783.950600,59669116,3422157,56769,3102
785783.950622,59669116,3422157,56769,3102
785783.950635,59669116,3422157,56769,3102
785783.950646,59669116,3422157,56769,3102
785783.950658,59669116,3422157,56769,3102
785783.950679,59669116,3422157,56769,3102
785783.950693,59669116,3422157,56769,3102
785783.950705,59669116,3422157,56769,3102
785783.950717,59669116,3422157,56769,3102
785783.950738,59669116,3422157,56769,3102
785783.950751,59669116,3422157,56769,3102
785783.950763,59669116,3422157,56769,3102
785783.950775,59669116,3422157,56769,3102
785783.950796,59669116,3422157,56769,3102
785783.950809,59669116,3422157,56769,3102
785783.950820,59669116,3422157,56769,3102
785783.950833,59669116,3422157,56769,3102
785783.950854,59669116,3422157,56769,3102
785783.950866,59669116,3422157,56769,3102
785783.950878,59669116,3422157,56769,3102
785783.950889,59669116,3422157,56769,3102
785783.950911,59669116,3422157,56769,3102
785783.950924,59669116,3422157,56769,3102
785783.950935,59669116,3422157,56769,3102
785783.950947,59669116,3422157,56769,3102
785783.950967,59669116,3422157,56769,3102
785783.950980,59669116,3422157,56769,3102
785783.950991,59669116,3422157,56769,3102
785783.951004,59669116,3422157,56769,3102
785783.951026,59669116,3422157,56769,3102
785783.951038,59669116,3422157,56769,3102
785783.951049,59669116,3422157,56769,3102
785783.951062,59669116,3422157,56769,3102
785783.951083,59669116,3422157,56769,3102
785783.951095,59669116,3422157,56769,3102
785783.951107,59669116,3422157,56769,3102
785783.951118,59669116,3422157,56769,3102
785783.951139,59669116,3422157,56769,3102
785783.951151,59669116,3422157,56769,3102
785783.951163,59669116,3422157,56769,3102
785783.951176,59669116,3422157,56769,3102
785783.951196,59669116,3422157,56769,3102
785783.951209,59669116,3422157,56769,3102
785783.951220,59669116,3422157,56769,3102
785783.951232,59669116,3422157,56769,3102
785783.951252,59669116,3422157,56769,3102
785783.951265,59669116,3422157,56769,3102
785783.951276,59669116,3422157,56769,3102
785783.951288,59669116,3422157,56769,3102
785783.951309,59669116,3422157,56769,3102
785783.951322,59669116,3422157,56769,3102
785783.951334,59669116,3422157,56769,3102
785783.951346,59669116,3422157,56769,3102
785783.951366,59669116,3422157,56769,3102
785783.951378,59669116,3422157,56769,3102
785783.951390,59669116,3422157,56769,3102
785783.951401,59669116,3422157,56769,3102
785783.951423,59669116,3422157,56769,3102
785783.951436,59669116,3422157,56769,3102
785783.951448,59669116,3422157,56769,3102
785783.951459,59669116,3422157,56769,3102
785783.951480,59669116,3422157,56769,3102
785783.951492,59669116,3422157,56769,3102
785783.951504,59669116,3422157,56769,3102
785783.951516,59669116,3422157,56769,3102
785783.951536,59669116,3422157,56769,3102
785783.951549,59669116,3422157,56769,3102
785783.951561,59669116,3422157,56769,3102
785783.951573,59669116,3422157,56769,3102
785783.951594,59669116,3422157,56769,3102
785783.951607,59669116,3422157,56769,3102
785783.951619,59669116,3422157,56769,3102
785783.951630,59669116,3422157,56769,3102
785783.951651,59669116,3422157,56769,3102
785783.951663,59669116,3422157,56769,3102
785783.951674,59669116,3422157,56769,3102
785783.951686,59669116,3422157,56769,3102
785783.951708,59669116,3422157,56769,3102
785783.951720,59669116,3422157,56769,3102
785783.951732,59669116,3422157,56769,3102
785783.951743,59669116,3422157,56769,3102
785783.951764,59669116,3422157,56769,3102
785783.951777,59669116,3422157,56769,3102
785783.951789,59669116,3422157,56769,3102
785783.951801,59669116,3422157,56769,3102
785783.951822,59669116,3422157,56769,3102
785783.951834,59669116,3422157,56769,3102
785783.951846,59669116,3422157,56769,3102
785783.951858,59669116,3422157,56769,3102
785783.951879,59669116,3422157,56769,3102
785783.951891,59669116,3422157,56769,3102
785783.951902,59669116,3422157,56769,3102
785783.951914,59669116,3422157,56769,3102
785783.951935,59669116,3422157,56769,3102
785783.951947,59669116,3422157,56769,3102
785783.951959,59669116,3422157,56769,3102
785783.951971,59669116,3422157,56769,3102
785783.951992,59669116,3422157,56769,3102
785783.952006,59669116,3422157,56769,3102
785783.952030,59669116,3422157,56769,3102
785783.952042,59669116,3422157,56769,3102
785783.952063,59669116,3422157,56769,3102
785783.952075,59669116,3422157,56769,3102
785783.952087,59669116,3422157,56769,3102
785783.952099,59669116,3422157,56769,3102
785783.952120,59669116,3422157,56769,3102
785783.952133,59669116,3422157,56769,3102
785783.952144,59669116,3422157,56769,3102
785783.952157,59669116,3422157,56769,3102
785783.952178,59669116,3422157,56769,3102
785783.952190,59669116,3422157,56769,3102
785783.952202,59669116,3422157,56769,3102
785783.952214,59669116,3422157,56769,3102
785783.952234,59669116,3422157,56769,3102
785783.952248,59669116,3422157,56769,3102
785783.952260,59669116,3422157,56769,3102
785783.952271,59669116,3422157,56769,3102
785783.952292,59669116,3422157,56769,3102
785783.952304,59669116,3422157,56769,3102
785783.952317,59669116,3422157,56769,3102
785783.952328,59669116,3422157,56769,3102
785783.952349,59669116,3422157,56769,3102
785783.952362,59669116,3422157,56769,3102
785783.952373,59669116,3422157,56769,3102
785783.952385,59669116,3422157,56769,3102
785783.952406,59669116,3422157,56769,3102
785783.952419,59669116,3422157,56769,3102
785783.952431,59669116,3422157,56769,3102
785783.952443,59669116,3422157,56769,3102
785783.952463,59669116,3422157,56769,3102
785783.952476,59669116,3422157,56769,3102
785783.952487,59669116,3422157,56769,3102
785783.952499,59669116,3422157,56769,3102
785783.952521,59669116,3422157,56769,3102
785783.952534,59669116,3422157,56769,3102
785783.952545,59669116,3422157,56769,3102
785783.952557,59669116,3422157,56769,3102
785783.952578,59669116,3422157,56769,3102
785783.952590,59669116,3422157,56769,3102
785783.952602,59669116,3422157,56769,3102
785783.952614,59669116,3422157,56769,3102
785783.952634,59669116,3422157,56769,3102
785783.952646,59669116,3422157,56769,3102
785783.952659,59669116,3422157,56769,3102
785783.952671,59669116,3422157,56769,3102
785783.952691,59669116,3422157,56769,3102
785783.952704,59669116,3422157,56769,3102
785783.952715,59669116,3422157,56769,3102
785783.952727,59669116,3422157,56769,3102
785783.952747,59669116,3422157,56769,3102
785783.952760,59669116,3422157,56769,3102
785783.952771,59669116,3422157,56769,3102
785783.952783,59669660,3422157,56770,3102
785783.952806,59669660,3422157,56770,3102
785783.952818,59669660,3422157,56770,3102
785783.952830,59669660,3422157,56770,3102
785783.952841,59669660,3422157,56770,3102
785783.952862,59669660,3422157,56770,3102
785783.952874,59669660,3422157,56770,3102
785783.952886,59669660,3422157,56770,3102
785783.952899,59669660,3422157,56770,3102
785783.952920,59669660,3422157,56770,3102
785783.952933,59669660,3422157,56770,3102
785783.952944,59669660,3422157,56770,3102
785783.952956,59669660,3422157,56770,3102
785783.952977,59669660,3422157,56770,3102
785783.952990,59669660,3422157,56770,3102
785783.953002,59669660,3422157,56770,3102
785783.953014,59669660,3422157,56770,3102
785783.953035,59669660,3422157,56770,3102
785783.953048,59669660,3422157,56770,3102
785783.953060,59669660,3422157,56770,3102
785783.953072,59669660,3422157,56770,3102
785783.953092,59669660,3422157,56770,3102
785783.953105,59669660,3422157,56770,3102
785783.953116,59669660,3422157,56770,3102
785783.953128,59669660,3422157,56770,3102
785783.953149,59669660,3422157,56770,3102
785783.953161,59669660,3422157,56770,3102
785783.953173,59669660,3422157,56770,3102
785783.953184,59669660,3422157,56770,3102
785783.953206,59669660,3422157,56770,3102
785783.953218,59669660,3422157,56770,3102
785783.953230,59669660,3422157,56770,3102
785783.953241,59669660,3422157,56770,3102
785783.953264,59669660,3422157,56770,3102
785783.953277,59669660,3422157,56770,3102
785783.953288,59669660,3422157,56770,3102
785783.953299,59669660,3422157,56770,3102
785783.953321,59669660,3422157,56770,3102
785783.953333,59669660,3422157,56770,3102
785783.953345,59669660,3422157,56770,3102
785783.953356,59669660,3422157,56770,3102
785783.953377,59669660,3422157,56770,3102
785783.953389,59669660,3422157,56770,3102
785783.953401,59669660,3422157,56770,3102
785783.953413,59669660,3422157,56770,3102
785783.953434,59669660,3422157,56770,3102
785783.953447,59669660,3422157,56770,3102
785783.953458,59669660,3422157,56770,3102
785783.953471,59669660,3422157,56770,3102
785783.953491,59669660,3422157,56770,3102
785783.953504,59669660,3422157,56770,3102
785783.953515,59669660,3422157,56770,3102
785783.953527,59669660,3422157,56770,3102
785783.953548,59669660,3422157,56770,3102
785783.953560,59669660,3422157,56770,3102
785783.953571,59669660,3422157,56770,3102
785783.953583,59669660,3422157,56770,3102
785783.953605,59669660,3422157,56770,3102
785783.953618,59669660,3422157,56770,3102
785783.953630,59669660,3422157,56770,3102
785783.953641,59669660,3422157,56770,3102
785783.953662,59669660,3422157,56770,3102
785783.953674,59669660,3422157,56770,3102
785783.953686,59669660,3422157,56770,3102
785783.953697,59669660,3422157,56770,3102
785783.953719,59669660,3422157,56770,3102
785783.953732,59669660,3422157,56770,3102
785783.953743,59669660,3422157,56770,3102
785783.953756,59669660,3422157,56770,3102
785783.953777,59669660,3422157,56770,3102
785783.953789,59669660,3422157,56770,3102
785783.953800,59669660,3422157,56770,3102
785783.953812,59669660,3422157,56770,3102
785783.953833,59669660,3422157,56770,3102
785783.953845,59669660,3422157,56770,3102
785783.953857,59669660,3422157,56770,3102
785783.953868,59669660,3422157,56770,3102
785783.953890,59669660,3422157,56770,3102
785783.953902,59669660,3422157,56770,3102
785783.953914,59669660,3422157,56770,3102
785783.953925,59669660,3422157,56770,3102
785783.953946,59669660,3422157,56770,3102
785783.953958,59669660,3422157,56770,3102
785783.953970,59669660,3422157,56770,3102
785783.953983,59669660,3422157,56770,3102
785783.954006,59669660,3422157,56770,3102
785783.954018,59669660,3422157,56770,3102
785783.954030,59669660,3422157,56770,3102
785783.954042,59669660,3422157,56770,3102
785783.954063,59669660,3422157,56770,3102
785783.954075,59669660,3422157,56770,3102
785783.954087,59669660,3422157,56770,3102
785783.954098,59669660,3422157,56770,3102
785783.954119,59669660,3422157,56770,3102
785783.954133,59669660,3422157,56770,3102
785783.954144,59669660,3422157,56770,3102
785783.954156,59669660,3422157,56770,3102
785783.954177,59669660,3422157,56770,3102
785783.954189,59669660,3422157,56770,3102
785783.954201,59669660,3422157,56770,3102
785783.954213,59669660,3422157,56770,3102
785783.954233,59669660,3422157,56770,3102
785783.954246,59669660,3422157,56770,3102
785783.954257,59669660,3422157,56770,3102
785783.954269,59669660,3422157,56770,3102
785783.954291,59669660,3422157,56770,3102
785783.954303,59669660,3422157,56770,3102
785783.954315,59669660,3422157,56770,3102
785783.954327,59669660,3422157,56770,3102
785783.954348,59669660,3422157,56770,3102
785783.954361,59669660,3422157,56770,3102
785783.954372,59669660,3422157,56770,3102
785783.954384,59669660,3422157,56770,3102
785783.954406,59669660,3422157,56770,3102
785783.954418,59669660,3422157,56770,3102
785783.954430,59669660,3422157,56770,3102
785783.954442,59669660,3422157,56770,3102
785783.954462,59669660,3422157,56770,3102
785783.954475,59669660,3422157,56770,3102
785783.954487,59669660,3422157,56770,3102
785783.954499,59669660,3422157,56770,3102
785783.954519,59669660,3422157,56770,3102
785783.954532,59669660,3422157,56770,3102
785783.954544,59669660,3422157,56770,3102
785783.954556,59669660,3422157,56770,3102
785783.954577,59669660,3422157,56770,3102
785783.954589,59669660,3422157,56770,3102
785783.954601,59669660,3422157,56770,3102
785783.954612,59669660,3422157,56770,3102
785783.954632,59669660,3422157,56770,3102
785783.954645,59669660,3422157,56770,3102
785783.954657,59669660,3422157,56770,3102
785783.954668,59669660,3422157,56770,3102
785783.954690,59669660,3422157,56770,3102
785783.954702,59669660,3422157,56770,3102
785783.954715,59669660,3422157,56770,3102
785783.954727,59669660,3422157,56770,3102
785783.954748,59669660,3422157,56770,3102
785783.954760,59669660,3422157,56770,3102
785783.954772,59669660,3422157,56770,3102
785783.954784,59669660,3422157,56770,3102
785783.954806,59669660,3422157,56770,3102
785783.954818,59669660,3422157,56770,3102
785783.954830,59669660,3422157,56770,3102
785783.954841,59669660,3422157,56770,3102
785783.954862,59669660,3422157,56770,3102
785783.954875,59669660,3422157,56770,3102
785783.954887,59669660,3422157,56770,3102
785783.954898,59669660,3422157,56770,3102
785783.954919,59669660,3422157,56770,3102
785783.954931,59669660,3422157,56770,3102
785783.954942,59669660,3422157,56770,3102
785783.954955,59669660,3422157,56770,3102
785783.954976,59669660,3422157,56770,3102
785783.954988,59669660,3422157,56770,3102
785783.955000,59669660,3422157,56770,3102
785783.955012,59669660,3422157,56770,3102
785783.955033,59669660,3422157,56770,3102
785783.955045,59669660,3422157,56770,3102
785783.955057,59669660,3422157,56770,3102
785783.955070,59669660,3422157,56770,3102
785783.955092,59669660,3422157,56770,3102
785783.955105,59669660,3422157,56770,3102
785783.955117,59669660,3422157,56770,3102
785783.955129,59669660,3422157,56770,3102
785783.955149,59669660,3422157,56770,3102
785783.955162,59669660,3422157,56770,3102
785783.955174,59669660,3422157,56770,3102
785783.955185,59669660,3422157,56770,3102
785783.955207,59669660,3422157,56770,3102
785783.955219,59669660,3422157,56770,3102
785783.955232,59669660,3422157,56770,3102
785783.955244,59669660,3422157,56770,3102
785783.955265,59669660,3422157,56770,3102
785783.955278,59669660,3422157,56770,3102
785783.955290,59669660,3422157,56770,3102
785783.955302,59669660,3422157,56770,3102
785783.955322,59669660,3422157,56770,3102
785783.955335,59669660,3422157,56770,3102
785783.955347,59669660,3422157,56770,3102
785783.955358,59669660,3422157,56770,3102
785783.955380,59669660,3422157,56770,3102
785783.955392,59669660,3422157,56770,3102
785783.955404,59669660,3422157,56770,3102
785783.955415,59669660,3422157,56770,3102
785783.955436,59669660,3422157,56770,3102
785783.955450,59669660,3422157,56770,3102
785783.955461,59669660,3422157,56770,3102
785783.955473,59669660,3422157,56770,3102
785783.955495,59669660,3422157,56770,3102
785783.955508,59669660,3422157,56770,3102
785783.955520,59669660,3422157,56770,3102
785783.955532,59669660,3422157,56770,3102
785783.955552,59669660,3422157,56770,3102
785783.955565,59669660,3422157,56770,3102
785783.955577,59669660,3422157,56770,3102
785783.955589,59669660,3422157,56770,3102
785783.955610,59669660,3422157,56770,3102
785783.955623,59669660,3422157,56770,3102
785783.955634,59669660,3422157,56770,3102
785783.955646,59669660,3422157,56770,3102
785783.955667,59669660,3422157,56770,3102
785783.955679,59669660,3422157,56770,3102
785783.955691,59669660,3422157,56770,3102
785783.955703,59669660,3422157,56770,3102
785783.955724,59669660,3422157,56770,3102
785783.955736,59669660,3422157,56770,3102
785783.955747,59669660,3422157,56770,3102
785783.955759,59669660,3422157,56770,3102
785783.955781,59669660,3422157,56770,3102
785783.955794,59669660,3422157,56770,3102
785783.955806,59669660,3422157,56770,3102
785783.955818,59669660,3422157,56770,3102
785783.955838,59669660,3422157,56770,3102
785783.955851,59669660,3422157,56770,3102
785783.955862,59669660,3422157,56770,3102
785783.955874,59669660,3422157,56770,3102
785783.955895,59669660,3422157,56770,3102
785783.955908,59669660,3422157,56770,3102
785783.955920,59669660,3422157,56770,3102
785783.955931,59669660,3422157,56770,3102
785783.955953,59669660,3422157,56770,3102
785783.955965,59669660,3422157,56770,3102
785783.955977,59669660,3422157,56770,3102
785783.955989,59669660,3422157,56770,3102
785783.956010,59669660,3422157,56770,3102
785783.956024,59669660,3422157,56770,3102
785783.956035,59669660,3422157,56770,3102
785783.956047,59669660,3422157,56770,3102
785783.956068,59669660,3422157,56770,3102
785783.956081,59669660,3422157,56770,3102
785783.956092,59669660,3422157,56770,3102
785783.956104,59669660,3422157,56770,3102
785783.956125,59669660,3422157,56770,3102
785783.956137,59669660,3422157,56770,3102
785783.956149,59669660,3422157,56770,3102
785783.956161,59669660,3422157,56770,3102
785783.956183,59669660,3422157,56770,3102
785783.956196,59669660,3422157,56770,3102
785783.956207,59669660,3422157,56770,3102
785783.956219,59669660,3422157,56770,3102
785783.956240,59669660,3422157,56770,3102
785783.956252,59669660,3422157,56770,3102
785783.956264,59669660,3422157,56770,3102
785783.956275,59669660,3422157,56770,3102
785783.956297,59669660,3422157,56770,3102
785783.956309,59669660,3422157,56770,3102
785783.956321,59669660,3422157,56770,3102
785783.956332,59669660,3422157,56770,3102
785783.956353,59669660,3422157,56770,3102
785783.956366,59669660,3422157,56770,3102
785783.956377,59669660,3422157,56770,3102
785783.956389,59669660,3422157,56770,3102
785783.956410,59669660,3422157,56770,3102
785783.956422,59669660,3422157,56770,3102
785783.956435,59669660,3422157,56770,3102
785783.956447,59669660,3422157,56770,3102
785783.956467,59669660,3422157,56770,3102
785783.956480,59669660,3422157,56770,3102
785783.956492,59669660,3422157,56770,3102
785783.956503,59669660,3422157,56770,3102
785783.956524,59669660,3422157,56770,3102
785783.956537,59669660,3422157,56770,3102
785783.956549,59669660,3422157,56770,3102
785783.956560,59669660,3422157,56770,3102
785783.956582,59669660,3422157,56770,3102
785783.956594,59669660,3422157,56770,3102
785783.956606,59669660,3422157,56770,3102
785783.956617,59669660,3422157,56770,3102
785783.956638,59669660,3422157,56770,3102
785783.956650,59669660,3422157,56770,3102
785783.956662,59669660,3422157,56770,3102
785783.956675,59669660,3422157,56770,3102
785783.956696,59669660,3422157,56770,3102
785783.956709,59669660,3422157,56770,3102
785783.956721,59669660,3422157,56770,3102
785783.956732,59669660,3422157,56770,3102
785783.956753,59669660,3422157,56770,3102
785783.956765,59669660,3422157,56770,3102
785783.956777,59669660,3422157,56770,3102
785783.956788,59669660,3422157,56770,3102
785783.956809,59669660,3422157,56770,3102
785783.956821,59669660,3422157,56770,3102
785783.956833,59669660,3422157,56770,3102
785783.956845,59669660,3422157,56770,3102
785783.956865,59669660,3422157,56770,3102
785783.956878,59669660,3422157,56770,3102
785783.956889,59669660,3422157,56770,3102
785783.956903,59669660,3422157,56770,3102
785783.956924,59669660,3422157,56770,3102
785783.956937,59669660,3422157,56770,3102
785783.956948,59669660,3422157,56770,3102
785783.956960,59669660,3422157,56770,3102
785783.956982,59669660,3422157,56770,3102
785783.956995,59669660,3422157,56770,3102
785783.957007,59669660,3422157,56770,3102
785783.957019,59669660,3422157,56770,3102
785783.957039,59669660,3422157,56770,3102
785783.957052,59669660,3422157,56770,3102
785783.957063,59669660,3422157,56770,3102
785783.957075,59669660,3422157,56770,3102
785783.957097,59669660,3422157,56770,3102
785783.957109,59669660,3422157,56770,3102
785783.957120,59669660,3422157,56770,3102
785783.957132,59669660,3422157,56770,3102
785783.957152,59669660,3422157,56770,3102
785783.957165,59669660,3422157,56770,3102
785783.957176,59669660,3422157,56770,3102
785783.957188,59669660,3422157,56770,3102
785783.957209,59669660,3422157,56770,3102
785783.957221,59669660,3422157,56770,3102
785783.957233,59669660,3422157,56770,3102
785783.957245,59669660,3422157,56770,3102
785783.957267,59669660,3422157,56770,3102
785783.957280,59669660,3422157,56770,3102
785783.957291,59669660,3422157,56770,3102
785783.957303,59669660,3422157,56770,3102
785783.957324,59669660,3422157,56770,3102
785783.957336,59669660,3422157,56770,3102
785783.957348,59669660,3422157,56770,3102
785783.957360,59669660,3422157,56770,3102
785783.957382,59669660,3422157,56770,3102
785783.957394,59669660,3422157,56770,3102
785783.957407,59669660,3422157,56770,3102
785783.957419,59669660,3422157,56770,3102
785783.957440,59669660,3422157,56770,3102
785783.957453,59669660,3422157,56770,3102
785783.957464,59669660,3422157,56770,3102
785783.957478,59669660,3422157,56770,3102
785783.957500,59669660,3422157,56770,3102
785783.957515,59669660,3422157,56770,3102
785783.957527,59669660,3422157,56770,3102
785783.957539,59669660,3422157,56770,3102
785783.957561,59669660,3422157,56770,3102
785783.957576,59669660,3422157,56770,3102
785783.957589,59669660,3422157,56770,3102
785783.957603,59669660,3422157,56770,3102
785783.957628,59669660,3422157,56770,3102
785783.957642,59669660,3422157,56770,3102
785783.957657,59669660,3422157,56770,3102
785783.957671,59669660,3422157,56770,3102
785783.957697,59669660,3422157,56770,3102
785783.957712,59669660,3422157,56770,3102
785783.957726,59669660,3422157,56770,3102
785783.957738,59669660,3422157,56770,3102
785783.957763,59669660,3422157,56770,3102
785783.957777,59669660,3422157,56770,3102
785783.957791,59669660,3422157,56770,3102
785783.957806,59669660,3422157,56770,3102
785783.957834,59669660,3422157,56770,3102
785783.957849,59669660,3422157,56770,3102
785783.957862,59669660,3422157,56770,3102
785783.957876,59669660,3422157,56770,3102
785783.957901,59669660,3422157,56770,3102
785783.957916,59669660,3422157,56770,3102
785783.957931,59669660,3422157,56770,3102
785783.957946,59669660,3422157,56770,3102
785783.957972,59669660,3422157,56770,3102
785783.957989,59669660,3422157,56770,3102
785783.958006,59669660,3422157,56770,3102
785783.958022,59669660,3422157,56770,3102
785783.958046,59669660,3422157,56770,3102
785783.958062,59669660,3422157,56770,3102
785783.958073,59669660,3422157,56770,3102
785783.958086,59669660,3422157,56770,3102
785783.958107,59669660,3422157,56770,3102
785783.958119,59669660,3422157,56770,3102
785783.958131,59669660,3422157,56770,3102
785783.958142,59669660,3422157,56770,3102
785783.958164,59669660,3422157,56770,3102
785783.958176,59669660,3422157,56770,3102
785783.958188,59669660,3422157,56770,3102
785783.958200,59669660,3422157,56770,3102
785783.958220,59669660,3422157,56770,3102
785783.958233,59669660,3422157,56770,3102
785783.958245,59669660,3422157,56770,3102
785783.958257,59669660,3422157,56770,3102
785783.958279,59669660,3422157,56770,3102
785783.958292,59669660,3422157,56770,3102
785783.958303,59669660,3422157,56770,3102
785783.958315,59669660,3422157,56770,3102
785783.958335,59669660,3422157,56770,3102
785783.958348,59669660,3422157,56770,3102
785783.958360,59669660,3422157,56770,3102
785783.958372,59669660,3422157,56770,3102
785783.958392,59669660,3422157,56770,3102
785783.958405,59669660,3422157,56770,3102
785783.958417,59669660,3422157,56770,3102
785783.958429,59669660,3422157,56770,3102
785783.958449,59669660,3422157,56770,3102
785783.958463,59669660,3422157,56770,3102
785783.958474,59669660,3422157,56770,3102
785783.958486,59669660,3422157,56770,3102
785783.958507,59669660,3422157,56770,3102
785783.958520,59669660,3422157,56770,3102
785783.958531,59669660,3422157,56770,3102
785783.958543,59669660,3422157,56770,3102
785783.958564,59669660,3422157,56770,3102
785783.958577,59669660,3422157,56770,3102
785783.958589,59669660,3422157,56770,3102
785783.958600,59669660,3422157,56770,3102
785783.958621,59669660,3422157,56770,3102
785783.958633,59669660,3422157,56770,3102
785783.958645,59669660,3422157,56770,3102
785783.958657,59669660,3422157,56770,3102
785783.958678,59669660,3422157,56770,3102
785783.958691,59669660,3422157,56770,3102
785783.958702,59669660,3422157,56770,3102
785783.958714,59669660,3422157,56770,3102
785783.958735,59669660,3422157,56770,3102
785783.958747,59669660,3422157,56770,3102
785783.958759,59669660,3422157,56770,3102
785783.958771,59669660,3422157,56770,3102
785783.958791,59669660,3422157,56770,3102
785783.958803,59669660,3422157,56770,3102
785783.958816,59669660,3422157,56770,3102
785783.958829,59669660,3422157,56770,3102
785783.958850,59669660,3422157,56770,3102
785783.958863,59669660,3422157,56770,3102
785783.958874,59669660,3422157,56770,3102
785783.958885,59669660,3422157,56770,3102
785783.958906,59669660,3422157,56770,3102
785783.958918,59669660,3422157,56770,3102
785783.958930,59669660,3422157,56770,3102
785783.958941,59669660,3422157,56770,3102
785783.958964,59669660,3422157,56770,3102
785783.958977,59669660,3422157,56770,3102
785783.958988,59669660,3422157,56770,3102
785783.959000,59669660,3422157,56770,3102
785783.959021,59669660,3422157,56770,3102
785783.959034,59669660,3422157,56770,3102
785783.959045,59669660,3422157,56770,3102
785783.959057,59669660,3422157,56770,3102
785783.959078,59669660,3422157,56770,3102
785783.959091,59669660,3422157,56770,3102
785783.959102,59669660,3422157,56770,3102
785783.959114,59669660,3422157,56770,3102
785783.959134,59669660,3422157,56770,3102
785783.959147,59669660,3422157,56770,3102
785783.959158,59669660,3422157,56770,3102
785783.959170,59669660,3422157,56770,3102
785783.959192,59669660,3422157,56770,3102
785783.959205,59669660,3422157,56770,3102
785783.959216,59669660,3422157,56770,3102
785783.959228,59669660,3422157,56770,3102
785783.959250,59669660,3422157,56770,3102
785783.959263,59669660,3422157,56770,3102
785783.959274,59669660,3422157,56770,3102
785783.959286,59669660,3422157,56770,3102
785783.959306,59669660,3422157,56770,3102
785783.959319,59669660,3422157,56770,3102
785783.959331,59669660,3422157,56770,3102
785783.959343,59669660,3422157,56770,3102
785783.959364,59669660,3422157,56770,3102
785783.959377,59669660,3422157,56770,3102
785783.959388,59669660,3422157,56770,3102
785783.959400,59669660,3422157,56770,3102
785783.959421,59669660,3422157,56770,3102
785783.959433,59669660,3422157,56770,3102
785783.959445,59669660,3422157,56770,3102
785783.959456,59669660,3422157,56770,3102
785783.959476,59669660,3422157,56770,3102
785783.959490,59669660,3422157,56770,3102
785783.959501,59669660,3422157,56770,3102
785783.959513,59669660,3422157,56770,3102
785783.959533,59669660,3422157,56770,3102
785783.959547,59669660,3422157,56770,3102
785783.959559,59669660,3422157,56770,3102
785783.959571,59669660,3422157,56770,3102
785783.959591,59669660,3422157,56770,3102
785783.959604,59669660,3422157,56770,3102
785783.959615,59669660,3422157,56770,3102
785783.959627,59669660,3422157,56770,3102
785783.959649,59669660,3422157,56770,3102
785783.959662,59669660,3422157,56770,3102
785783.959673,59669660,3422157,56770,3102
785783.959686,59669660,3422157,56770,3102
785783.959706,59669660,3422157,56770,3102
785783.959719,59669660,3422157,56770,3102
785783.959731,59669660,3422157,56770,3102
785783.959742,59669660,3422157,56770,3102
785783.959764,59669660,3422157,56770,3102
785783.959777,59669660,3422157,56770,3102
785783.959788,59669660,3422157,56770,3102
785783.959800,59669660,3422157,56770,3102
785783.959821,59669660,3422157,56770,3102
785783.959833,59669660,3422157,56770,3102
785783.959845,59669660,3422157,56770,3102
785783.959856,59669660,3422157,56770,3102
785783.959877,59669660,3422157,56770,3102
785783.959889,59669660,3422157,56770,3102
785783.959901,59669660,3422157,56770,3102
785783.959914,59669660,3422157,56770,3102
785783.959935,59669660,3422157,56770,3102
785783.959948,59669660,3422157,56770,3102
785783.959959,59669660,3422157,56770,3102
785783.959971,59669660,3422157,56770,3102
785783.959991,59669660,3422157,56770,3102
785783.960005,59669660,3422157,56770,3102
785783.960016,59669660,3422157,56770,3102
785783.960028,59669660,3422157,56770,3102
785783.960049,59669660,3422157,56770,3102
785783.960062,59669660,3422157,56770,3102
785783.960074,59669660,3422157,56770,3102
785783.960086,59669660,3422157,56770,3102
785783.960107,59669660,3422157,56770,3102
785783.960119,59669660,3422157,56770,3102
785783.960131,59669660,3422157,56770,3102
785783.960142,59669660,3422157,56770,3102
785783.960164,59669660,3422157,56770,3102
785783.960176,59669660,3422157,56770,3102
785783.960188,59669660,3422157,56770,3102
785783.960200,59669660,3422157,56770,3102
785783.960220,59669660,3422157,56770,3102
785783.960232,59669660,3422157,56770,3102
785783.960244,59669660,3422157,56770,3102
785783.960256,59669660,3422157,56770,3102
785783.960277,59669660,3422157,56770,3102
785783.960290,59669660,3422157,56770,3102
785783.960302,59669660,3422157,56770,3102
785783.960314,59669660,3422157,56770,3102
785783.960335,59669660,3422157,56770,3102
785783.960348,59669660,3422157,56770,3102
785783.960359,59669660,3422157,56770,3102
785783.960371,59669660,3422157,56770,3102
785783.960391,59669660,3422157,56770,3102
785783.960403,59669660,3422157,56770,3102
785783.960416,59669660,3422157,56770,3102
785783.960428,59669660,3422157,56770,3102
785783.960449,59669660,3422157,56770,3102
785783.960462,59669660,3422157,56770,3102
785783.960474,59669660,3422157,56770,3102
785783.960486,59669660,3422157,56770,3102
785783.960509,59669660,3422157,56770,3102
785783.960522,59669660,3422157,56770,3102
785783.960533,59669660,3422157,56770,3102
785783.960545,59669660,3422157,56770,3102
785783.960567,59669660,3422157,56770,3102
785783.960579,59669660,3422157,56770,3102
785783.960590,59669660,3422157,56770,3102
785783.960602,59669660,3422157,56770,3102
785783.960623,59669660,3422157,56770,3102
785783.960635,59669660,3422157,56770,3102
785783.960648,59669660,3422157,56770,3102
785783.960660,59669660,3422157,56770,3102
785783.960680,59669660,3422157,56770,3102
785783.960693,59669660,3422157,56770,3102
785783.960705,59669660,3422157,56770,3102
785783.960717,59669660,3422157,56770,3102
785783.960739,59669660,3422157,56770,3102
785783.960751,59669660,3422157,56770,3102
785783.960762,59669660,3422157,56770,3102
785783.960774,59669660,3422157,56770,3102
785783.960794,59669660,3422157,56770,3102
785783.960807,59669660,3422157,56770,3102
785783.960818,59669660,3422157,56770,3102
785783.960830,59669660,3422157,56770,3102
785783.960851,59669660,3422157,56770,3102
785783.960864,59669660,3422157,56770,3102
785783.960875,59669660,3422157,56770,3102
785783.960888,59669660,3422157,56770,3102
785783.960908,59669660,3422157,56770,3102
785783.960921,59669660,3422157,56770,3102
785783.960932,59669660,3422157,56770,3102
785783.960944,59669660,3422157,56770,3102
785783.960964,59669660,3422157,56770,3102
785783.960977,59669660,3422157,56770,3102
785783.960989,59669660,3422157,56770,3102
785783.961002,59669660,3422157,56770,3102
785783.961023,59669660,3422157,56770,3102
785783.961036,59669660,3422157,56770,3102
785783.961047,59669660,3422157,56770,3102
785783.961059,59669660,3422157,56770,3102
785783.961080,59669660,3422157,56770,3102
785783.961092,59669660,3422157,56770,3102
785783.961104,59669660,3422157,56770,3102
785783.961116,59669660,3422157,56770,3102
785783.961137,59669660,3422157,56770,3102
785783.961150,59669660,3422157,56770,3102
785783.961163,59669660,3422157,56770,3102
785783.961175,59669660,3422157,56770,3102
785783.961195,59669660,3422157,56770,3102
785783.961208,59669660,3422157,56770,3102
785783.961220,59669660,3422157,56770,3102
785783.961231,59669660,3422157,56770,3102
785783.961253,59669660,3422157,56770,3102
785783.961266,59669660,3422157,56770,3102
785783.961277,59669660,3422157,56770,3102
785783.961289,59669660,3422157,56770,3102
785783.961309,59669660,3422157,56770,3102
785783.961321,59669660,3422157,56770,3102
785783.961333,59669660,3422157,56770,3102
785783.961344,59669660,3422157,56770,3102
785783.961364,59669660,3422157,56770,3102
785783.961379,59669660,3422157,56770,3102
785783.961391,59669660,3422157,56770,3102
785783.961402,59669660,3422157,56770,3102
785783.961423,59669660,3422157,56770,3102
785783.961435,59669660,3422157,56770,3102
785783.961447,59669660,3422157,56770,3102
785783.961458,59669660,3422157,56770,3102
785783.961479,59669660,3422157,56770,3102
785783.961492,59669660,3422157,56770,3102
785783.961503,59669660,3422157,56770,3102
785783.961515,59669660,3422157,56770,3102
785783.961536,59669660,3422157,56770,3102
785783.961549,59669660,3422157,56770,3102
785783.961560,59669660,3422157,56770,3102
785783.961573,59669660,3422157,56770,3102
785783.961593,59669660,3422157,56770,3102
785783.961606,59669660,3422157,56770,3102
785783.961618,59669660,3422157,56770,3102
785783.961629,59669660,3422157,56770,3102
785783.961652,59669660,3422157,56770,3102
785783.961664,59669660,3422157,56770,3102
785783.961676,59669660,3422157,56770,3102
785783.961688,59669660,3422157,56770,3102
785783.961709,59669660,3422157,56770,3102
785783.961721,59669660,3422157,56770,3102
785783.961734,59669660,3422157,56770,3102
785783.961746,59670204,3422157,56771,3102
785783.961768,59670204,3422157,56771,3102
785783.961780,59670204,3422157,56771,3102
785783.961793,59670204,3422157,56771,3102
785783.961805,59670204,3422157,56771,3102
785783.961825,59670204,3422157,56771,3102
785783.961838,59670204,3422157,56771,3102
785783.961849,59670204,3422157,56771,3102
785783.961861,59670204,3422157,56771,3102
785783.961882,59670204,3422157,56771,3102
785783.961896,59670204,3422157,56771,3102
785783.961907,59670204,3422157,56771,3102
785783.961919,59670204,3422157,56771,3102
785783.961940,59670204,3422157,56771,3102
785783.961953,59670204,3422157,56771,3102
785783.961964,59670204,3422157,56771,3102
785783.961976,59670204,3422157,56771,3102
785783.961997,59670204,3422157,56771,3102
785783.962011,59670204,3422157,56771,3102
785783.962023,59670204,3422157,56771,3102
785783.962034,59670204,3422157,56771,3102
785783.962056,59670204,3422157,56771,3102
785783.962069,59670204,3422157,56771,3102
785783.962095,59670204,3422157,56771,3102
785783.962107,59670204,3422157,56771,3102
785783.962128,59670204,3422157,56771,3102
785783.962141,59670204,3422157,56771,3102
785783.962153,59670204,3422157,56771,3102
785783.962164,59670204,3422157,56771,3102
785783.962185,59670204,3422157,56771,3102
785783.962198,59670204,3422157,56771,3102
785783.962210,59670204,3422157,56771,3102
785783.962222,59670204,3422157,56771,3102
785783.962242,59670204,3422157,56771,3102
785783.962255,59670204,3422157,56771,3102
785783.962266,59670204,3422157,56771,3102
785783.962278,59670204,3422157,56771,3102
785783.962298,59670204,3422157,56771,3102
785783.962311,59670204,3422157,56771,3102
785783.962322,59670204,3422157,56771,3102
785783.962334,59670204,3422157,56771,3102
785783.962355,59670204,3422157,56771,3102
785783.962368,59670204,3422157,56771,3102
785783.962380,59670204,3422157,56771,3102
785783.962391,59670204,3422157,56771,3102
785783.962412,59670204,3422157,56771,3102
785783.962425,59670204,3422157,56771,3102
785783.962436,59670204,3422157,56771,3102
785783.962448,59670204,3422157,56771,3102
785783.962470,59670204,3422157,56771,3102
785783.962483,59670204,3422157,56771,3102
785783.962495,59670204,3422157,56771,3102
785783.962507,59670204,3422157,56771,3102
785783.962528,59670204,3422157,56771,3102
785783.962540,59670204,3422157,56771,3102
785783.962552,59670204,3422157,56771,3102
785783.962563,59670204,3422157,56771,3102
785783.962584,59670204,3422157,56771,3102
785783.962596,59670204,3422157,56771,3102
785783.962608,59670204,3422157,56771,3102
785783.962621,59670204,3422157,56771,3102
785783.962642,59670204,3422157,56771,3102
785783.962654,59670204,3422157,56771,3102
785783.962666,59670204,3422157,56771,3102
785783.962678,59670204,3422157,56771,3102
785783.962698,59670204,3422157,56771,3102
785783.962710,59670204,3422157,56771,3102
785783.962722,59670204,3422157,56771,3102
785783.962733,59670204,3422157,56771,3102
785783.962755,59670204,3422157,56771,3102
785783.962768,59670204,3422157,56771,3102
785783.962780,59670204,3422157,56771,3102
785783.962792,59670204,3422157,56771,3102
785783.962812,59670204,3422157,56771,3102
785783.962825,59670204,3422157,56771,3102
785783.962837,59670204,3422157,56771,3102
785783.962849,59670204,3422157,56771,3102
785783.962871,59670204,3422157,56771,3102
785783.962884,59670204,3422157,56771,3102
785783.962895,59670204,3422157,56771,3102
785783.962907,59670204,3422157,56771,3102
785783.962928,59670204,3422157,56771,3102
785783.962940,59670204,3422157,56771,3102
785783.962952,59670204,3422157,56771,3102
785783.962963,59670204,3422157,56771,3102
785783.962984,59670204,3422157,56771,3102
785783.962996,59670204,3422157,56771,3102
785783.963008,59670204,3422157,56771,3102
785783.963020,59670204,3422157,56771,3102
785783.963042,59670204,3422157,56771,3102
785783.963054,59670204,3422157,56771,3102
785783.963066,59670204,3422157,56771,3102
785783.963077,59670204,3422157,56771,3102
785783.963097,59670204,3422157,56771,3102
785783.963110,59670204,3422157,56771,3102
785783.963122,59670204,3422157,56771,3102
785783.963134,59670204,3422157,56771,3102
785783.963155,59670204,3422157,56771,3102
785783.963167,59670204,3422157,56771,3102
785783.963179,59670204,3422157,56771,3102
785783.963191,59670204,3422157,56771,3102
785783.963212,59670204,3422157,56771,3102
785783.963225,59670204,3422157,56771,3102
785783.963236,59670204,3422157,56771,3102
785783.963248,59670204,3422157,56771,3102
785783.963268,59670204,3422157,56771,3102
785783.963281,59670204,3422157,56771,3102
785783.963293,59670204,3422157,56771,3102
785783.963305,59670204,3422157,56771,3102
785783.963326,59670204,3422157,56771,3102
785783.963338,59670204,3422157,56771,3102
785783.963351,59670204,3422157,56771,3102
785783.963362,59670204,3422157,56771,3102
785783.963383,59670204,3422157,56771,3102
785783.963396,59670204,3422157,56771,3102
785783.963408,59670204,3422157,56771,3102
785783.963420,59670204,3422157,56771,3102
785783.963442,59670204,3422157,56771,3102
785783.963454,59670204,3422157,56771,3102
785783.963466,59670204,3422157,56771,3102
785783.963477,59670204,3422157,56771,3102
785783.963497,59670204,3422157,56771,3102
785783.963510,59670204,3422157,56771,3102
785783.963521,59670204,3422157,56771,3102
785783.963533,59670204,3422157,56771,3102
785783.963555,59670204,3422157,56771,3102
785783.963567,59670204,3422157,56771,3102
785783.963580,59670204,3422157,56771,3102
785783.963592,59670204,3422157,56771,3102
785783.963612,59670204,3422157,56771,3102
785783.963625,59670204,3422157,56771,3102
785783.963637,59670204,3422157,56771,3102
785783.963648,59670204,3422157,56771,3102
785783.963669,59670204,3422157,56771,3102
785783.963682,59670204,3422157,56771,3102
785783.963694,59670204,3422157,56771,3102
785783.963705,59670204,3422157,56771,3102
785783.963726,59670204,3422157,56771,3102
785783.963738,59670204,3422157,56771,3102
785783.963750,59670204,3422157,56771,3102
785783.963762,59670204,3422157,56771,3102
785783.963782,59670204,3422157,56771,3102
785783.963795,59670204,3422157,56771,3102
785783.963806,59670204,3422157,56771,3102
785783.963818,59670204,3422157,56771,3102
785783.963840,59670204,3422157,56771,3102
785783.963852,59670204,3422157,56771,3102
785783.963864,59670204,3422157,56771,3102
785783.963875,59670204,3422157,56771,3102
785783.963896,59670204,3422157,56771,3102
785783.963908,59670204,3422157,56771,3102
785783.963920,59670204,3422157,56771,3102
785783.963933,59670204,3422157,56771,3102
785783.963955,59670204,3422157,56771,3102
785783.963968,59670204,3422157,56771,3102
785783.963980,59670204,3422157,56771,3102
785783.963991,59670204,3422157,56771,3102
785783.964013,59670204,3422157,56771,3102
785783.964026,59670204,3422157,56771,3102
785783.964037,59670204,3422157,56771,3102
785783.964049,59670204,3422157,56771,3102
785783.964070,59670204,3422157,56771,3102
785783.964082,59670204,3422157,56771,3102
785783.964096,59670204,3422157,56771,3102
785783.964108,59670204,3422157,56771,3102
785783.964129,59670204,3422157,56771,3102
785783.964141,59670204,3422157,56771,3102
785783.964153,59670204,3422157,56771,3102
785783.964164,59670204,3422157,56771,3102
785783.964185,59670204,3422157,56771,3102
785783.964197,59670204,3422157,56771,3102
785783.964209,59670204,3422157,56771,3102
785783.964220,59670204,3422157,56771,3102
785783.964242,59670204,3422157,56771,3102
785783.964254,59670204,3422157,56771,3102
785783.964266,59670204,3422157,56771,3102
785783.964277,59670204,3422157,56771,3102
785783.964298,59670204,3422157,56771,3102
785783.964311,59670204,3422157,56771,3102
785783.964323,59670204,3422157,56771,3102
785783.964335,59670204,3422157,56771,3102
785783.964357,59670204,3422157,56771,3102
785783.964369,59670204,3422157,56771,3102
785783.964381,59670204,3422157,56771,3102
785783.964394,59670204,3422157,56771,3102
785783.964414,59670204,3422157,56771,3102
785783.964427,59670204,3422157,56771,3102
785783.964438,59670204,3422157,56771,3102
785783.964450,59670204,3422157,56771,3102
785783.964471,59670204,3422157,56771,3102
785783.964483,59670204,3422157,56771,3102
785783.964495,59670204,3422157,56771,3102
785783.964507,59670204,3422157,56771,3102
785783.964528,59670204,3422157,56771,3102
785783.964540,59670204,3422157,56771,3102
785783.964552,59670204,3422157,56771,3102
785783.964564,59670204,3422157,56771,3102
785783.964585,59670204,3422157,56771,3102
785783.964597,59670204,3422157,56771,3102
785783.964608,59670204,3422157,56771,3102
785783.964620,59670204,3422157,56771,3102
785783.964641,59670204,3422157,56771,3102
785783.964654,59670204,3422157,56771,3102
785783.964667,59670204,3422157,56771,3102
785783.964678,59670204,3422157,56771,3102
785783.964698,59670204,3422157,56771,3102
785783.964711,59670204,3422157,56771,3102
785783.964723,59670204,3422157,56771,3102
785783.964735,59670204,3422157,56771,3102
785783.964756,59670204,3422157,56771,3102
785783.964768,59670204,3422157,56771,3102
785783.964780,59670204,3422157,56771,3102
785783.964791,59670204,3422157,56771,3102
785783.964813,59670204,3422157,56771,3102
785783.964825,59670204,3422157,56771,3102
785783.964837,59670204,3422157,56771,3102
785783.964848,59670204,3422157,56771,3102
785783.964869,59670204,3422157,56771,3102
785783.964881,59670204,3422157,56771,3102
785783.964892,59670204,3422157,56771,3102
785783.964904,59670204,3422157,56771,3102
785783.964926,59670204,3422157,56771,3102
785783.964939,59670204,3422157,56771,3102
785783.964950,59670204,3422157,56771,3102
785783.964962,59670204,3422157,56771,3102
785783.964983,59670204,3422157,56771,3102
785783.964995,59670204,3422157,56771,3102
785783.965008,59670204,3422157,56771,3102
785783.965020,59670204,3422157,56771,3102
785783.965042,59670204,3422157,56771,3102
785783.965055,59670204,3422157,56771,3102
785783.965067,59670204,3422157,56771,3102
785783.965079,59670204,3422157,56771,3102
785783.965099,59670204,3422157,56771,3102
785783.965112,59670204,3422157,56771,3102
785783.965123,59670204,3422157,56771,3102
785783.965135,59670204,3422157,56771,3102
785783.965156,59670204,3422157,56771,3102
785783.965169,59670204,3422157,56771,3102
785783.965181,59670204,3422157,56771,3102
785783.965192,59670204,3422157,56771,3102
785783.965213,59670204,3422157,56771,3102
785783.965226,59670204,3422157,56771,3102
785783.965238,59670204,3422157,56771,3102
785783.965250,59670204,3422157,56771,3102
785783.965270,59670204,3422157,56771,3102
785783.965283,59670204,3422157,56771,3102
785783.965295,59670204,3422157,56771,3102
785783.965306,59670204,3422157,56771,3102
785783.965328,59670204,3422157,56771,3102
785783.965340,59670204,3422157,56771,3102
785783.965352,59670204,3422157,56771,3102
785783.965363,59670204,3422157,56771,3102
785783.965384,59670204,3422157,56771,3102
785783.965397,59670204,3422157,56771,3102
785783.965409,59670204,3422157,56771,3102
785783.965421,59670204,3422157,56771,3102
785783.965442,59670204,3422157,56771,3102
785783.965455,59670204,3422157,56771,3102
785783.965466,59670204,3422157,56771,3102
785783.965478,59670204,3422157,56771,3102
785783.965499,59670204,3422157,56771,3102
785783.965511,59670204,3422157,56771,3102
785783.965523,59670204,3422157,56771,3102
785783.965536,59670204,3422157,56771,3102
785783.965556,59670204,3422157,56771,3102
785783.965570,59670204,3422157,56771,3102
785783.965582,59670204,3422157,56771,3102
785783.965594,59670204,3422157,56771,3102
785783.965614,59670204,3422157,56771,3102
785783.965627,59670204,3422157,56771,3102
785783.965638,59670204,3422157,56771,3102
785783.965650,59670204,3422157,56771,3102
785783.965671,59670204,3422157,56771,3102
785783.965683,59670204,3422157,56771,3102
785783.965694,59670204,3422157,56771,3102
785783.965706,59670204,3422157,56771,3102
785783.965728,59670204,3422157,56771,3102
785783.965740,59670204,3422157,56771,3102
785783.965751,59670204,3422157,56771,3102
785783.965764,59670204,3422157,56771,3102
785783.965785,59670204,3422157,56771,3102
785783.965798,59670204,3422157,56771,3102
785783.965809,59670204,3422157,56771,3102
785783.965821,59670204,3422157,56771,3102
785783.965842,59670204,3422157,56771,3102
785783.965855,59670204,3422157,56771,3102
785783.965866,59670204,3422157,56771,3102
785783.965878,59670204,3422157,56771,3102
785783.965899,59670204,3422157,56771,3102
785783.965911,59670204,3422157,56771,3102
785783.965923,59670204,3422157,56771,3102
785783.965935,59670204,3422157,56771,3102
785783.965955,59670204,3422157,56771,3102
785783.965969,59670204,3422157,56771,3102
785783.965980,59670204,3422157,56771,3102
785783.965992,59670204,3422157,56771,3102
785783.966013,59670204,3422157,56771,3102
785783.966026,59670204,3422157,56771,3102
785783.966038,59670204,3422157,56771,3102
785783.966049,59670204,3422157,56771,3102
785783.966070,59670204,3422157,56771,3102
785783.966083,59670204,3422157,56771,3102
785783.966094,59670204,3422157,56771,3102
785783.966106,59670204,3422157,56771,3102
785783.966129,59670204,3422157,56771,3102
785783.966141,59670204,3422157,56771,3102
785783.966153,59670204,3422157,56771,3102
785783.966165,59670204,3422157,56771,3102
785783.966185,59670204,3422157,56771,3102
785783.966198,59670204,3422157,56771,3102
785783.966210,59670204,3422157,56771,3102
785783.966222,59670204,3422157,56771,3102
785783.966243,59670204,3422157,56771,3102
785783.966256,59670204,3422157,56771,3102
785783.966268,59670204,3422157,56771,3102
785783.966280,59670204,3422157,56771,3102
785783.966301,59670204,3422157,56771,3102
785783.966313,59670204,3422157,56771,3102
785783.966325,59670204,3422157,56771,3102
785783.966337,59670204,3422157,56771,3102
785783.966357,59670204,3422157,56771,3102
785783.966370,59670204,3422157,56771,3102
785783.966382,59670204,3422157,56771,3102
785783.966394,59670204,3422157,56771,3102
785783.966414,59670204,3422157,56771,3102
785783.966427,59670204,3422157,56771,3102
785783.966438,59670204,3422157,56771,3102
785783.966450,59670204,3422157,56771,3102
785783.966470,59670204,3422157,56771,3102
785783.966483,59670204,3422157,56771,3102
785783.966495,59670204,3422157,56771,3102
785783.966507,59670204,3422157,56771,3102
785783.966528,59670204,3422157,56771,3102
785783.966541,59670204,3422157,56771,3102
785783.966552,59670204,3422157,56771,3102
785783.966564,59670204,3422157,56771,3102
785783.966585,59670204,3422157,56771,3102
785783.966597,59670204,3422157,56771,3102
785783.966609,59670204,3422157,56771,3102
785783.966621,59670204,3422157,56771,3102
785783.966643,59670204,3422157,56771,3102
785783.966655,59670204,3422157,56771,3102
785783.966667,59670204,3422157,56771,3102
785783.966678,59670204,3422157,56771,3102
785783.966699,59670204,3422157,56771,3102
785783.966712,59670204,3422157,56771,3102
785783.966723,59670204,3422157,56771,3102
785783.966735,59670204,3422157,56771,3102
785783.966756,59670204,3422157,56771,3102
785783.966768,59670204,3422157,56771,3102
785783.966780,59670204,3422157,56771,3102
785783.966792,59670204,3422157,56771,3102
785783.966813,59670204,3422157,56771,3102
785783.966826,59670204,3422157,56771,3102
785783.966838,59670204,3422157,56771,3102
785783.966851,59670204,3422157,56771,3102
785783.966872,59670204,3422157,56771,3102
785783.966885,59670204,3422157,56771,3102
785783.966896,59670204,3422157,56771,3102
785783.966908,59670204,3422157,56771,3102
785783.966930,59670204,3422157,56771,3102
785783.966942,59670204,3422157,56771,3102
785783.966954,59670204,3422157,56771,3102
785783.966966,59670204,3422157,56771,3102
785783.966987,59670204,3422157,56771,3102
785783.966999,59670204,3422157,56771,3102
785783.967013,59670204,3422157,56771,3102
785783.967024,59670204,3422157,56771,3102
785783.967046,59670204,3422157,56771,3102
785783.967059,59670204,3422157,56771,3102
785783.967070,59670204,3422157,56771,3102
785783.967082,59670204,3422157,56771,3102
785783.967103,59670204,3422157,56771,3102
785783.967116,59670204,3422157,56771,3102
785783.967127,59670204,3422157,56771,3102
785783.967139,59670204,3422157,56771,3102
785783.967159,59670204,3422157,56771,3102
785783.967172,59670204,3422157,56771,3102
785783.967183,59670204,3422157,56771,3102
785783.967195,59670204,3422157,56771,3102
785783.967216,59670204,3422157,56771,3102
785783.967230,59670204,3422157,56771,3102
785783.967242,59670204,3422157,56771,3102
785783.967253,59670204,3422157,56771,3102
785783.967274,59670204,3422157,56771,3102
785783.967287,59670204,3422157,56771,3102
785783.967299,59670204,3422157,56771,3102
785783.967310,59670204,3422157,56771,3102
785783.967332,59670204,3422157,56771,3102
785783.967344,59670204,3422157,56771,3102
785783.967356,59670204,3422157,56771,3102
785783.967367,59670204,3422157,56771,3102
785783.967388,59670204,3422157,56771,3102
785783.967400,59670204,3422157,56771,3102
785783.967412,59670204,3422157,56771,3102
785783.967424,59670204,3422157,56771,3102
785783.967444,59670204,3422157,56771,3102
785783.967457,59670204,3422157,56771,3102
785783.967469,59670204,3422157,56771,3102
785783.967481,59670204,3422157,56771,3102
785783.967501,59670204,3422157,56771,3102
785783.967514,59670204,3422157,56771,3102
785783.967525,59670204,3422157,56771,3102
785783.967537,59670204,3422157,56771,3102
785783.967557,59670204,3422157,56771,3102
785783.967570,59670204,3422157,56771,3102
785783.967583,59670204,3422157,56771,3102
785783.967595,59670204,3422157,56771,3102
785783.967617,59670204,3422157,56771,3102
785783.967630,59670204,3422157,56771,3102
785783.967641,59670204,3422157,56771,3102
785783.967653,59670204,3422157,56771,3102
785783.967673,59670204,3422157,56771,3102
785783.967686,59670204,3422157,56771,3102
785783.967697,59670204,3422157,56771,3102
785783.967709,59670204,3422157,56771,3102
785783.967731,59670204,3422157,56771,3102
785783.967744,59670204,3422157,56771,3102
785783.967756,59670204,3422157,56771,3102
785783.967767,59670204,3422157,56771,3102
785783.967788,59670204,3422157,56771,3102
785783.967801,59670204,3422157,56771,3102
785783.967812,59670204,3422157,56771,3102
785783.967824,59670204,3422157,56771,3102
785783.967844,59670204,3422157,56771,3102
785783.967858,59670204,3422157,56771,3102
785783.967870,59670204,3422157,56771,3102
785783.967881,59670204,3422157,56771,3102
785783.967902,59670204,3422157,56771,3102
785783.967914,59670204,3422157,56771,3102
785783.967926,59670204,3422157,56771,3102
785783.967937,59670204,3422157,56771,3102
785783.967959,59670204,3422157,56771,3102
785783.967971,59670204,3422157,56771,3102
785783.967982,59670204,3422157,56771,3102
785783.967994,59670204,3422157,56771,3102
785783.968017,59670204,3422157,56771,3102
785783.968030,59670204,3422157,56771,3102
785783.968041,59670204,3422157,56771,3102
785783.968053,59670204,3422157,56771,3102
785783.968073,59670204,3422157,56771,3102
785783.968086,59670204,3422157,56771,3102
785783.968097,59670204,3422157,56771,3102
785783.968109,59670204,3422157,56771,3102
785783.968131,59670204,3422157,56771,3102
785783.968144,59670204,3422157,56771,3102
785783.968155,59670204,3422157,56771,3102
785783.968167,59670204,3422157,56771,3102
785783.968187,59670204,3422157,56771,3102
785783.968200,59670204,3422157,56771,3102
785783.968211,59670204,3422157,56771,3102
785783.968223,59670204,3422157,56771,3102
785783.968243,59670204,3422157,56771,3102
785783.968255,59670204,3422157,56771,3102
785783.968268,59670204,3422157,56771,3102
785783.968279,59670204,3422157,56771,3102
785783.968300,59670204,3422157,56771,3102
785783.968313,59670204,3422157,56771,3102
785783.968325,59670204,3422157,56771,3102
785783.968337,59670204,3422157,56771,3102
785783.968358,59670204,3422157,56771,3102
785783.968370,59670204,3422157,56771,3102
785783.968382,59670204,3422157,56771,3102
785783.968394,59670204,3422157,56771,3102
785783.968415,59670204,3422157,56771,3102
785783.968428,59670204,3422157,56771,3102
785783.968440,59670204,3422157,56771,3102
785783.968453,59670204,3422157,56771,3102
785783.968473,59670204,3422157,56771,3102
785783.968487,59670204,3422157,56771,3102
785783.968498,59670204,3422157,56771,3102
785783.968510,59670204,3422157,56771,3102
785783.968532,59670204,3422157,56771,3102
785783.968544,59670204,3422157,56771,3102
785783.968555,59670204,3422157,56771,3102
785783.968567,59670204,3422157,56771,3102
785783.968588,59670204,3422157,56771,3102
785783.968600,59670204,3422157,56771,3102
785783.968612,59670204,3422157,56771,3102
785783.968624,59670204,3422157,56771,3102
785783.968644,59670204,3422157,56771,3102
785783.968657,59670204,3422157,56771,3102
785783.968668,59670204,3422157,56771,3102
785783.968682,59670204,3422157,56771,3102
785783.968703,59670204,3422157,56771,3102
785783.968715,59670204,3422157,56771,3102
785783.968727,59670204,3422157,56771,3102
785783.968739,59670748,3422157,56772,3102
785783.968760,59670748,3422157,56772,3102
785783.968772,59670748,3422157,56772,3102
785783.968783,59670748,3422157,56772,3102
785783.968795,59670748,3422157,56772,3102
785783.968817,59670748,3422157,56772,3102
785783.968829,59670748,3422157,56772,3102
785783.968841,59670748,3422157,56772,3102
785783.968853,59670748,3422157,56772,3102
785783.968873,59670748,3422157,56772,3102
785783.968886,59670748,3422157,56772,3102
785783.968897,59670748,3422157,56772,3102
785783.968909,59670748,3422157,56772,3102
785783.968930,59670748,3422157,56772,3102
785783.968943,59670748,3422157,56772,3102
785783.968955,59670748,3422157,56772,3102
785783.968967,59670748,3422157,56772,3102
785783.968987,59670748,3422157,56772,3102
785783.969000,59670748,3422157,56772,3102
785783.969012,59670748,3422157,56772,3102
785783.969024,59670748,3422157,56772,3102
785783.969045,59670748,3422157,56772,3102
785783.969058,59670748,3422157,56772,3102
785783.969070,59670748,3422157,56772,3102
785783.969082,59670748,3422157,56772,3102
785783.969103,59670748,3422157,56772,3102
785783.969115,59670748,3422157,56772,3102
785783.969127,59670748,3422157,56772,3102
785783.969139,59670748,3422157,56772,3102
785783.969159,59670748,3422157,56772,3102
785783.969172,59670748,3422157,56772,3102
785783.969184,59670748,3422157,56772,3102
785783.969196,59670748,3422157,56772,3102
785783.969218,59670748,3422157,56772,3102
785783.969230,59670748,3422157,56772,3102
785783.969242,59670748,3422157,56772,3102
785783.969253,59670748,3422157,56772,3102
785783.969274,59670748,3422157,56772,3102
785783.969287,59670748,3422157,56772,3102
785783.969298,59670748,3422157,56772,3102
785783.969310,59670748,3422157,56772,3102
785783.969331,59670748,3422157,56772,3102
785783.969343,59670748,3422157,56772,3102
785783.969355,59670748,3422157,56772,3102
785783.969367,59670748,3422157,56772,3102
785783.969387,59670748,3422157,56772,3102
785783.969399,59670748,3422157,56772,3102
785783.969412,59670748,3422157,56772,3102
785783.969423,59670748,3422157,56772,3102
785783.969444,59670748,3422157,56772,3102
785783.969456,59670748,3422157,56772,3102
785783.969467,59670748,3422157,56772,3102
785783.969479,59670748,3422157,56772,3102
785783.969501,59670748,3422157,56772,3102
785783.969513,59670748,3422157,56772,3102
785783.969525,59670748,3422157,56772,3102
785783.969537,59670748,3422157,56772,3102
785783.969557,59670748,3422157,56772,3102
785783.969570,59670748,3422157,56772,3102
785783.969581,59670748,3422157,56772,3102
785783.969593,59670748,3422157,56772,3102
