# type,ts_ns,ifindex,len,dwell_ns,inflight
# STATS,ts_ns,inflight_pkts,inflight_bytes,enq_total,deq_total,miss,insert_fail,rb_lost
DEQ,667649127145741,20,84,147818,0
DEQ,667650129057742,20,84,136254,0
STATS,667650129200919,0,0,2,2,0,0,0
DEQ,667651130621255,20,84,39895,0
STATS,667651130646167,0,0,3,3,0,0,0
DEQ,667652132640875,20,84,22354,0
STATS,667652132750074,0,0,4,4,0,0,0
DEQ,667653134553968,20,84,19804,0
STATS,667653134658961,0,0,5,5,0,0,0
DEQ,667654135962782,20,84,27834,0
STATS,667654136096088,0,0,6,6,0,0,0
DEQ,667655137863879,20,84,20445,0
STATS,667655137998623,0,0,7,7,0,0,0
DEQ,667656139791070,20,84,23518,0
STATS,667656139902421,0,0,8,8,0,0,0
DEQ,667656919290024,20,1028,136962,0
DEQ,667656920089240,20,1028,16819,0
DEQ,667656921009731,20,1028,25543,0
DEQ,667656921907362,20,1028,27378,0
DEQ,667656922827328,20,1028,35089,0
DEQ,667656923811186,20,1028,116708,0
DEQ,667656924711529,20,1028,116790,0
DEQ,667656925613662,20,1028,116792,0
DEQ,667656926427933,20,1028,29448,0
DEQ,667656927289186,20,1028,18215,0
DEQ,667656928159926,20,1028,27682,0
DEQ,667656929150721,20,1028,87670,0
DEQ,667656930020955,20,1028,26825,0
DEQ,667656930946952,20,1028,21098,0
DEQ,667656931854477,20,1028,32462,0
DEQ,667656932922645,20,1028,198487,0
DEQ,667656933660789,20,1028,32550,0
DEQ,667656934667674,20,1028,121061,0
DEQ,667656935484685,20,1028,36175,0
DEQ,667656936388450,20,1028,34274,0
DEQ,667656937247384,20,1028,19162,0
DEQ,667656938115665,20,1028,18659,0
DEQ,667656939019798,20,1028,33018,0
DEQ,667656939934371,20,1028,29905,0
DEQ,667656940847725,20,1028,30096,0
DEQ,667656941765158,20,1028,34304,0
DEQ,667656942661764,20,1028,29177,0
DEQ,667656943576892,20,1028,32378,0
DEQ,667656944490843,20,1028,30160,0
DEQ,667656945387741,20,1028,19916,0
DEQ,667656946275209,20,1028,26663,0
DEQ,667656947164564,20,1028,29422,0
DEQ,667656948159030,20,1028,27904,0
DEQ,667656949151206,20,1028,88155,0
DEQ,667656950012580,20,1028,16121,0
DEQ,667656951015314,20,1028,18769,0
DEQ,667656952282011,20,1028,272699,0
DEQ,667656952953432,20,1028,24282,0
DEQ,667656953862432,20,1028,32095,0
DEQ,667656954769384,20,1028,34401,0
DEQ,667656955752695,20,1028,116425,0
DEQ,667656956602528,20,1028,37426,0
DEQ,667656957582644,20,1028,115596,0
DEQ,667656958484694,20,1028,116742,0
DEQ,667656959255998,20,1028,14277,0
DEQ,667656960121561,20,1028,18501,0
DEQ,667656961026757,20,1028,34520,0
DEQ,667656961951768,20,1028,35037,0
DEQ,667656962848049,20,1028,29234,0
DEQ,667656963762007,20,1028,29420,0
DEQ,667656964665606,20,1028,31896,0
DEQ,667656965581222,20,1028,29989,0
DEQ,667656966498935,20,1028,29414,0
DEQ,667656967545866,20,1028,163305,0
DEQ,667656968291216,20,1028,20484,0
DEQ,667656969244714,20,1028,108280,0
DEQ,667656970076926,20,1028,33089,0
DEQ,667656971061469,20,1028,118815,0
DEQ,667656971874221,20,1028,29473,0
DEQ,667656972788739,20,1028,30122,0
DEQ,667656973704567,20,1028,31199,0
DEQ,667656974716369,20,1028,119999,0
DEQ,667656975530674,20,1028,30703,0
DEQ,667656976447552,20,1028,30639,0
DEQ,667656977361136,20,1028,30216,0
DEQ,667656978332865,20,1028,96949,0
DEQ,667656979133386,20,1028,17277,0
DEQ,667656980213247,20,1028,97986,0
DEQ,667656981191922,20,1028,139361,0
DEQ,667656982008925,20,1028,21350,0
DEQ,667656982932662,20,1028,32120,0
DEQ,667656983838430,20,1028,27838,0
DEQ,667656984754162,20,1028,29961,0
DEQ,667656985761926,20,1028,119236,0
DEQ,667656986581545,20,1028,35640,0
DEQ,667656987484474,20,1028,37241,0
DEQ,667656988386071,20,1028,37690,0
DEQ,667656989237171,20,1028,14422,0
DEQ,667656990106353,20,1028,22138,0
DEQ,667656991009406,20,1028,36169,0
DEQ,667656991926701,20,1028,31888,0
DEQ,667656992847428,20,1028,34347,0
DEQ,667656993830086,20,1028,115792,0
DEQ,667656994647059,20,1028,32155,0
DEQ,667656995560633,20,1028,30149,0
DEQ,667656996568406,20,1028,119935,0
DEQ,667656997480395,20,1028,118799,0
DEQ,667656998250847,20,1028,14541,0
DEQ,667656999206139,20,1028,108449,0
DEQ,667657000023917,20,1028,38087,0
DEQ,667657000940758,20,1028,31941,0
DEQ,667657001857143,20,1028,30755,0
DEQ,667657002777875,20,1028,29783,0
DEQ,667657003680696,20,1028,31042,0
DEQ,667657004593748,20,1028,29585,0
DEQ,667657005593505,20,1028,117002,0
DEQ,667657006412636,20,1028,35382,0
DEQ,667657007267089,20,1028,15472,0
DEQ,667657008130913,20,1028,19280,0
DEQ,667657009051553,20,1028,18409,0
DEQ,667657009956166,20,1028,29254,0
DEQ,667657010964432,20,1028,118085,0
DEQ,667657011781138,20,1028,32239,0
DEQ,667657012684579,20,1028,34624,0
DEQ,667657013580919,20,1028,30145,0
DEQ,667657014501379,20,1028,33612,0
DEQ,667657015401063,20,1028,32655,0
DEQ,667657016367182,20,1028,95378,0
DEQ,667657017169932,20,1028,17479,0
DEQ,667657018170631,20,1028,28917,0
DEQ,667657019089541,20,1028,19426,0
DEQ,667657020085180,20,1028,19460,0
DEQ,667657021079615,20,1028,18718,0
DEQ,667657022363438,20,1028,308687,0
DEQ,667657023007507,20,1028,15999,0
DEQ,667657023947261,20,1028,35678,0
DEQ,667657024849019,20,1028,32997,0
DEQ,667657025796344,20,1028,104844,0
DEQ,667657026616180,20,1028,34938,0
DEQ,667657027601416,20,1028,118050,0
DEQ,667657028502453,20,1028,117589,0
DEQ,667657029298432,20,1028,15157,0
DEQ,667657030332713,20,1028,187906,0
DEQ,667657031066034,20,1028,28881,0
DEQ,667657031968753,20,1028,29356,0
DEQ,667657032970246,20,1028,117892,0
DEQ,667657033790455,20,1028,32506,0
DEQ,667657034689235,20,1028,30426,0
DEQ,667657035607128,20,1028,34244,0
DEQ,667657036506812,20,1028,33446,0
DEQ,667657037519118,20,1028,144502,0
DEQ,667657038305937,20,1028,21082,0
DEQ,667657039166559,20,1028,14684,0
DEQ,667657040090579,20,1028,33906,0
DEQ,667657040988592,20,1028,32857,0
DEQ,667657041990458,20,1028,117613,0
DEQ,667657042821852,20,1028,46808,0
DEQ,667657043712188,20,1028,35359,0
DEQ,667657044612013,20,1028,33558,0
DEQ,667657045515035,20,1028,35360,0
DEQ,667657046577891,20,1028,196437,0
DEQ,667657047315177,20,1028,33297,0
DEQ,667657048251388,20,1028,107554,0
DEQ,667657049066894,20,1028,30104,0
DEQ,667657049986787,20,1028,35713,0
DEQ,667657050883629,20,1028,31019,0
DEQ,667657051801806,20,1028,33400,0
DEQ,667657052705218,20,1028,36272,0
DEQ,667657053600711,20,1028,31010,0
DEQ,667657054514266,20,1028,30172,0
DEQ,667657055438785,20,1028,37049,0
DEQ,667657056339127,20,1028,27857,0
DEQ,667657057568289,20,1028,385790,0
DEQ,667657058097286,20,1028,20798,0
DEQ,667657059017164,20,1028,29100,0
DEQ,667657059922627,20,1028,31706,0
DEQ,667657060827727,20,1028,33387,0
DEQ,667657061726126,20,1028,30287,0
DEQ,667657062729270,20,1028,117062,0
DEQ,667657063549351,20,1028,36038,0
DEQ,667657064694771,20,1028,280323,0
DEQ,667657065371776,20,1028,30193,0
DEQ,667657066252367,20,1028,21684,0
DEQ,667657067200641,20,1028,108616,0
DEQ,667657068097061,20,1028,116352,0
DEQ,667657068878450,20,1028,25161,0
DEQ,667657069858199,20,1028,115887,0
DEQ,667657070677565,20,1028,33250,0
DEQ,667657071741847,20,1028,196425,0
DEQ,667657072484473,20,1028,38441,0
DEQ,667657073381842,20,1028,33347,0
DEQ,667657074254641,20,1028,14307,0
DEQ,667657075116122,20,1028,14597,0
DEQ,667657076107964,20,1028,116787,0
DEQ,667657076947733,20,1028,31556,0
DEQ,667657077864585,20,1028,33891,0
DEQ,667657078766014,20,1028,33966,0
DEQ,667657079749431,20,1028,116580,0
DEQ,667657080565644,20,1028,32116,0
DEQ,667657081483641,20,1028,29404,0
DEQ,667657082389401,20,1028,33354,0
DEQ,667657083284418,20,1028,20194,0
DEQ,667657084276547,20,1028,143955,0
DEQ,667657085182848,20,1028,110796,0
DEQ,667657086011772,20,1028,27340,0
DEQ,667657087084708,20,1028,198256,0
DEQ,667657087824659,20,1028,35342,0
DEQ,667657088723392,20,1028,32892,0
DEQ,667657089627218,20,1028,35249,0
DEQ,667657090539788,20,1028,47090,0
DEQ,667657091424704,20,1028,31158,0
DEQ,667657092402642,20,1028,112042,0
DEQ,667657093178824,20,1028,18837,0
DEQ,667657094069060,20,1028,25324,0
DEQ,667657094983997,20,1028,37422,0
DEQ,667657095882813,20,1028,33616,0
DEQ,667657096868162,20,1028,118105,0
DEQ,667657097680927,20,1028,29869,0
DEQ,667657098603040,20,1028,34408,0
DEQ,667657099587913,20,1028,118414,0
DEQ,667657100403932,20,1028,32979,0
DEQ,667657101279616,20,1028,17775,0
DEQ,667657102258797,20,1028,135420,0
DEQ,667657103076191,20,1028,17811,0
DEQ,667657103997286,20,1028,28271,0
DEQ,667657104901137,20,1028,27133,0
DEQ,667657105817494,20,1028,25979,0
DEQ,667657107143261,20,1028,440716,0
STATS,667657207493221,0,0,216,216,0,0,0
DEQ,667657245137601,20,1028,7014849,93
DEQ,667657252170444,20,1028,14038498,92
DEQ,667657259165378,20,1028,21031514,91
DEQ,667657266162338,20,84,28026160,90
DEQ,667657273163113,20,1028,35024686,89
DEQ,667657280172799,20,1028,42031776,88
DEQ,667657287162489,20,1028,49018946,87
DEQ,667657294157965,20,1028,56011647,86
DEQ,667657301166485,20,1028,63017957,85
DEQ,667657308160095,20,1028,70009399,84
DEQ,667657315159711,20,1028,77006868,83
DEQ,667657322171762,20,1028,84016686,82
DEQ,667657329167027,20,1028,91009688,81
DEQ,667657336167374,20,1028,98007816,80
DEQ,667657343175926,20,1028,105014111,79
DEQ,667657350165207,20,1028,112001159,78
DEQ,667657357165951,20,1028,118999693,77
DEQ,667657364164669,20,1028,125996271,76
DEQ,667657371163366,20,1028,132992895,75
DEQ,667657378160341,20,1028,139987818,74
DEQ,667657385161261,20,1028,146986607,73
DEQ,667657392167973,20,1028,153991194,72
DEQ,667657399167525,20,1028,160988354,71
DEQ,667657406147185,20,1028,167965590,70
DEQ,667657413160937,20,1028,174977077,69
DEQ,667657420164627,20,1028,181978719,68
DEQ,667657427162527,20,1028,188974483,67
DEQ,667657434160348,20,1028,195970043,66
DEQ,667657441153749,20,1028,202961295,65
DEQ,667657448158778,20,1028,209964233,64
DEQ,667657455162550,20,1028,216965656,63
DEQ,667657462160444,20,1028,223961375,62
DEQ,667657469162542,20,1028,230961429,61
DEQ,667657476166974,20,1028,237963788,60
DEQ,667657483164418,20,1028,244958963,59
DEQ,667657490169325,20,1028,251961784,58
DEQ,667657497173244,20,1028,258963231,57
DEQ,667657504169764,20,1028,265957608,56
DEQ,667657511164814,20,1028,272950486,55
DEQ,667657518194570,20,1028,279978120,54
DEQ,667657525161430,20,1028,286942857,53
DEQ,667657532160466,20,1028,293939816,52
DEQ,667657539173665,20,1028,300949640,51
DEQ,667657546175681,20,1028,307949419,50
DEQ,667657553175830,20,1028,314947502,49
DEQ,667657560164673,20,1028,321934293,48
DEQ,667657567164203,20,1028,328931441,47
DEQ,667657574166153,20,1028,335931264,46
DEQ,667657581129103,20,1028,342892072,45
DEQ,667657588034545,20,1028,349795436,44
DEQ,667657595181737,20,1028,356940466,43
DEQ,667657602138002,20,1028,363894589,42
DEQ,667657609035692,20,1028,370790184,41
DEQ,667657616183118,20,1028,377935566,40
DEQ,667657623035569,20,1028,384785881,39
DEQ,667657630161701,20,1028,391909850,38
DEQ,667657637173935,20,1028,398920018,37
DEQ,667657644166874,20,1028,405910663,90
DEQ,667657651161086,20,1028,412902719,89
DEQ,667657658150204,20,1028,419889765,88
DEQ,667657665165029,20,1028,426901938,87
DEQ,667657672156220,20,1028,433891080,86
DEQ,667657679163368,20,1028,440896092,85
DEQ,667657686162111,20,1028,447891814,84
DEQ,667657693160821,20,1028,454888296,83
DEQ,667657700155447,20,1028,461880665,82
DEQ,667657707151771,20,1028,468874823,81
DEQ,667657714166152,20,1028,475887139,80
DEQ,667657721161087,20,1028,482880022,79
DEQ,667657728158765,20,1028,489875645,78
DEQ,667657735159300,20,1028,496873972,77
DEQ,667657742155426,20,1028,503867953,76
DEQ,667657749161624,20,1028,510872123,75
DEQ,667657756165498,20,1028,517873817,74
DEQ,667657763163366,20,1028,524869538,73
DEQ,667657770168962,20,1028,531872933,72
DEQ,667657777168366,20,1028,538870302,71
DEQ,667657784167194,20,1028,545867103,70
DEQ,667657791175799,20,1028,552873651,69
DEQ,667657798159085,20,1028,559854778,68
DEQ,667657805163219,20,1028,566856804,67
DEQ,667657812158791,20,1028,573850307,66
DEQ,667657819164986,20,1028,580854467,65
DEQ,667657826160511,20,1028,587847906,64
DEQ,667657833159224,20,1028,594844004,63
DEQ,667657840165551,20,1028,601848252,62
DEQ,667657847164086,20,1028,608844269,61
DEQ,667657854148794,20,1028,615826933,60
DEQ,667657861160848,20,1028,622836955,59
DEQ,667657868164738,20,1028,629838791,58
DEQ,667657875163469,20,1028,636835450,57
DEQ,667657882168806,20,1028,643838736,56
DEQ,667657889167734,20,1028,650835140,55
DEQ,667657896168860,20,1028,657834220,54
DEQ,667657903175193,20,1028,265053879,53
DEQ,667657910144849,20,1028,272014507,52
DEQ,667657917166574,20,1028,279033400,51
DEQ,667657924172812,20,1028,286036816,50
DEQ,667657931161490,20,1028,293022837,49
DEQ,667657938169131,20,1028,300027740,48
DEQ,667657945174740,20,1028,307030926,47
DEQ,667657952162101,20,1028,314015698,46
DEQ,667657959176225,20,1028,321027389,45
DEQ,667657966120051,20,1028,327968605,44
DEQ,667657973035673,20,1028,334881521,43
DEQ,667657980188184,20,1028,342030758,42
DEQ,667657987035980,20,1028,348875624,41
DEQ,667657994185421,20,1028,356022029,40
DEQ,667658001035810,20,1028,362869682,39
DEQ,667658008173413,20,1028,370004586,38
DEQ,667658015167099,20,1028,376995488,37
DEQ,667658022167799,20,1028,383993636,36
DEQ,667658029170973,20,1028,390994030,35
DEQ,667658036162890,20,1028,397983356,34
DEQ,667658043176074,20,1028,404994135,87
DEQ,667658050162044,20,1028,411977529,86
DEQ,667658057168188,20,1028,418981012,85
DEQ,667658064174765,20,1028,425985233,84
DEQ,667658071152676,20,1028,432960650,83
DEQ,667658078160468,20,1028,439965790,82
DEQ,667658085161794,20,1028,446964795,81
DEQ,667658092166255,20,1028,453966712,80
DEQ,667658099165148,20,1028,460962918,79
DEQ,667658106154662,20,1028,467950192,78
DEQ,667658113160580,20,1028,474952203,77
DEQ,667658120164611,20,1028,481953509,76
DEQ,667658127159192,20,1028,488945721,75
DEQ,667658134158854,20,1028,495943124,74
DEQ,667658141161680,20,1028,502943678,73
DEQ,667658148157917,20,1028,509937244,72
DEQ,667658155161747,20,1028,516938625,71
DEQ,667658162159641,20,1028,523933954,70
DEQ,667658169165071,20,1028,530936821,69
DEQ,667658176166671,20,1028,537936033,68
DEQ,667658183161618,20,1028,544927980,67
DEQ,667658190160351,20,1028,551924209,66
DEQ,667658197158376,20,1028,558919656,65
DEQ,667658204164678,20,1028,565923290,64
DEQ,667658211160841,20,1028,572917013,63
STATS,667658211289991,63,64764,418,355,0,0,0
DEQ,667658218154630,20,1028,579908115,62
DEQ,667658225155865,20,1028,586906598,61
DEQ,667658232158773,20,1028,593907039,60
DEQ,667658239174935,20,1028,600920642,59
DEQ,667658246162876,20,1028,607905913,58
DEQ,667658253153271,20,1028,614893643,57
DEQ,667658260158733,20,1028,621896808,56
DEQ,667658267155902,20,1028,628891382,55
DEQ,667658274158803,20,1028,635891801,54
DEQ,667658281160886,20,1028,243049121,53
DEQ,667658288165432,20,1028,250044953,52
DEQ,667658295168035,20,1028,257045358,51
DEQ,667658302143698,20,1028,264018706,51
DEQ,667658309170305,20,1028,271043004,50
DEQ,667658316162584,20,1028,278033154,49
DEQ,667658323160647,20,1028,285029014,48
DEQ,667658330162191,20,1028,292028563,47
DEQ,667658337182997,20,1028,299046256,46
DEQ,667658344132956,20,1028,305993993,45
DEQ,667658351035681,20,1028,312894735,44
DEQ,667658358119034,20,1028,319976088,43
DEQ,667658365185075,20,1028,327039941,42
DEQ,667658372130730,20,1028,333983539,41
DEQ,667658379035413,20,1028,340886086,40
DEQ,667658386162095,20,1028,348010543,39
DEQ,667658393173212,20,1028,355019579,38
DEQ,667658400161856,20,1028,362006236,37
DEQ,667658407167410,20,1028,369009782,36
DEQ,667658414162515,20,1028,376002810,35
DEQ,667658421166706,20,1028,383004756,34
DEQ,667658428167057,20,1028,390003109,33
DEQ,667658435164318,20,1028,396998377,86
DEQ,667658442167045,20,1028,403999135,85
DEQ,667658449168994,20,1028,410998995,84
DEQ,667658456156979,20,1028,417984907,83
DEQ,667658463161715,20,1028,424987546,82
DEQ,667658470160456,20,1028,431984309,81
DEQ,667658477160846,20,1028,438982548,80
DEQ,667658484156271,20,1028,445976000,79
DEQ,667658491161670,20,1028,452979326,78
DEQ,667658498158769,20,1028,459974192,77
DEQ,667658505159123,20,1028,466972479,76
DEQ,667658512160546,20,1028,473971736,75
DEQ,667658519166698,20,1028,480975887,74
DEQ,667658526168642,20,1028,487975836,73
DEQ,667658533160101,20,1028,494965231,72
DEQ,667658540156377,20,1028,501959377,71
DEQ,667658547160963,20,1028,508961794,70
DEQ,667658554164712,20,1028,515963397,69
DEQ,667658561165008,20,1028,522961722,68
DEQ,667658568158843,20,1028,529953494,67
DEQ,667658575163490,20,1028,536956158,66
DEQ,667658582161929,20,1028,543952427,65
DEQ,667658589164075,20,1028,550952447,64
DEQ,667658596160398,20,1028,557946521,63
DEQ,667658603151615,20,1028,564935690,62
DEQ,667658610164657,20,1028,571946627,61
DEQ,667658617165014,20,1028,578944805,60
DEQ,667658624158810,20,1028,585936628,59
DEQ,667658631159134,20,1028,592934939,58
DEQ,667658638153761,20,1028,599927605,57
DEQ,667658645160757,20,1028,606932636,56
DEQ,667658652159599,20,1028,613929514,55
DEQ,667658659161655,20,84,357067810,54
DEQ,667658666158694,20,1028,236037158,53
DEQ,667658673152518,20,1028,243021948,52
DEQ,667658680158025,20,1028,250024825,51
DEQ,667658687160816,20,1028,257024845,50
DEQ,667658694148007,20,1028,264009261,49
DEQ,667658701164899,20,1028,271023511,48
DEQ,667658708155318,20,1028,278011239,47
DEQ,667658715138428,20,1028,284991886,46
DEQ,667658722180212,20,1028,292030400,45
DEQ,667658729037347,20,1028,298885090,44
DEQ,667658736177035,20,1028,306022009,43
DEQ,667658743035948,20,1028,312878179,42
DEQ,667658750205664,20,1028,320044950,41
DEQ,667658757035766,20,1028,326872240,40
DEQ,667658764187903,20,1028,334022066,39
DEQ,667658771163354,20,1028,340994898,38
DEQ,667658778162481,20,1028,347991414,37
DEQ,667658785168248,20,1028,354994804,36
DEQ,667658792163837,20,1028,361987797,35
DEQ,667658799166372,20,1028,368987665,34
DEQ,667658806161499,20,1028,375980171,33
DEQ,667658813166381,20,1028,382982206,32
DEQ,667658820168725,20,1028,389981988,31
DEQ,667658827165001,20,1028,396975642,84
DEQ,667658834147106,20,1028,403955253,83
DEQ,667658841159216,20,1028,410964603,82
DEQ,667658848167143,20,1028,417969691,81
DEQ,667658855164045,20,1028,424963902,80
DEQ,667658862161875,20,1028,431958821,79
DEQ,667658869167332,20,1028,438961476,78
DEQ,667658876157962,20,1028,445949762,77
DEQ,667658883158298,20,1028,452947507,76
DEQ,667658890160768,20,1028,459947384,75
DEQ,667658897164984,20,1028,466949264,74
DEQ,667658904167067,20,1028,473948605,73
DEQ,667658911161079,20,1028,480939846,72
DEQ,667658918159808,20,1028,487935737,71
DEQ,667658925163383,20,1028,494936625,70
DEQ,667658932166377,20,1028,501936880,69
DEQ,667658939155869,20,1028,508923704,68
DEQ,667658946091319,20,1028,515856500,67
DEQ,667658953035381,20,1028,522798053,66
DEQ,667658960035110,20,1028,529795103,65
DEQ,667658967034679,20,1028,536792136,64
DEQ,667658974034124,20,1028,543789139,63
DEQ,667658981167248,20,1028,550919194,62
DEQ,667658988167215,20,1028,557916906,61
DEQ,667658995161011,20,1028,564907936,60
DEQ,667659002099818,20,1028,571844160,59
DEQ,667659009154563,20,1028,578896388,58
DEQ,667659016168046,20,1028,585907247,57
DEQ,667659023163442,20,1028,592900218,56
DEQ,667659030153650,20,1028,599887640,55
DEQ,667659037157509,20,1028,606888962,54
DEQ,667659044157950,20,1028,222033233,53
DEQ,667659051166028,20,1028,229032443,52
DEQ,667659058161415,20,1028,236025538,51
DEQ,667659065165051,20,1028,243026985,50
DEQ,667659072144857,20,1028,250004227,49
DEQ,667659079159717,20,1028,257017058,48
DEQ,667659086035191,20,1028,263890447,47
DEQ,667659093153258,20,1028,271006495,46
DEQ,667659100184590,20,1028,278035776,45
DEQ,667659107112621,20,1028,284961671,44
DEQ,667659114036163,20,1028,291883148,43
DEQ,667659121186703,20,1028,299031630,42
DEQ,667659128035034,20,1028,305877700,41
DEQ,667659135178434,20,1028,313018619,40
DEQ,667659142034737,20,1028,319872807,39
DEQ,667659149173727,20,1028,327009814,38
DEQ,667659156157126,20,1028,333991147,37
DEQ,667659163160351,20,1028,340992303,36
DEQ,667659170164692,20,1028,347994643,35
DEQ,667659177165956,20,1028,354993654,34
DEQ,667659184164659,20,1028,361990071,33
DEQ,667659191166781,20,1028,368990009,32
DEQ,667659198163658,20,1028,375984857,31
DEQ,667659205153215,20,1028,382972240,30
DEQ,667659212157171,20,1028,389973995,29
STATS,667659212289073,29,29812,527,498,0,0,0
DEQ,667659219154129,20,1028,396968885,82
DEQ,667659226158814,20,1028,403971458,81
DEQ,667659233161810,20,1028,410972355,80
DEQ,667659240161400,20,1028,417968660,79
DEQ,667659247167490,20,1028,424972658,78
DEQ,667659254163663,20,1028,431966822,77
DEQ,667659261161566,20,1028,438962732,76
DEQ,667659268163360,20,1028,445962417,75
DEQ,667659275171749,20,1028,452968796,74
DEQ,667659282158872,20,1028,459953895,73
DEQ,667659289159285,20,1028,466952309,72
DEQ,667659296161371,20,1028,473952409,71
DEQ,667659303160919,20,1028,480949502,70
DEQ,667659310141359,20,1028,487927874,69
DEQ,667659317160937,20,1028,494945419,68
DEQ,667659324164733,20,1028,501947160,67
DEQ,667659331162521,20,1028,508942879,66
DEQ,667659338161297,20,1028,515939322,65
DEQ,667659345165814,20,1028,522941863,64
DEQ,667659352164776,20,1028,529938849,64
DEQ,667659359163384,20,1028,536935466,63
DEQ,667659366163885,20,1028,543933858,62
DEQ,667659373161650,20,1028,550929625,61
DEQ,667659380164727,20,1028,557930713,60
DEQ,667659387164154,20,1028,564928156,59
DEQ,667659394175090,20,1028,571937113,58
DEQ,667659401176293,20,1028,578936297,57
DEQ,667659408175197,20,1028,585933106,56
DEQ,667659415166628,20,1028,592922445,55
DEQ,667659422162366,20,1028,208035912,54
DEQ,667659429160910,20,1028,215023612,53
DEQ,667659436164609,20,1028,222024811,52
DEQ,667659443159228,20,1028,229016436,51
DEQ,667659450161344,20,1028,236016242,50
DEQ,667659457160841,20,1028,243013413,49
DEQ,667659464164506,20,1028,250014741,48
DEQ,667659471162499,20,1028,257010472,47
DEQ,667659478135491,20,1028,263981265,52
DEQ,667659485123388,20,1028,270966830,52
DEQ,667659492176116,20,1028,278017292,51
DEQ,667659499125047,20,1028,284963924,50
DEQ,667659506034579,20,1028,291871242,49
DEQ,667659513190630,20,1028,299024963,48
DEQ,667659520034534,20,1028,305866206,47
DEQ,667659527167376,20,1028,312996925,46
DEQ,667659534175025,20,1028,320002220,45
DEQ,667659541165216,20,1028,326990345,44
DEQ,667659548166547,20,1028,333989416,43
DEQ,667659555161238,20,1028,340981995,42
DEQ,667659562162837,20,1028,347981424,41
DEQ,667659569154642,20,1028,354971177,40
DEQ,667659576168169,20,1028,361982386,39
DEQ,667659583167660,20,1028,368979325,38
DEQ,667659590140991,20,1028,375950248,37
DEQ,667659597164914,20,1028,382971923,36
DEQ,667659604160693,20,1028,389965582,35
DEQ,667659611159800,20,1028,396962523,81
DEQ,667659618158979,20,1028,403959491,80
DEQ,667659625164517,20,1028,410962903,79
DEQ,667659632163794,20,1028,417959945,78
DEQ,667659639159303,20,1028,424953273,77
DEQ,667659646163780,20,1028,431955590,76
DEQ,667659653159199,20,1028,438948249,75
DEQ,667659660156209,20,1028,445942925,74
DEQ,667659667154102,20,1028,452938525,73
DEQ,667659674152976,20,1028,459935074,72
DEQ,667659681151579,20,1028,466931510,71
DEQ,667659688159131,20,1028,473936920,70
DEQ,667659695161649,20,1028,480937280,69
DEQ,667659702167877,20,1028,487941287,68
DEQ,667659709159141,20,1028,494930050,67
DEQ,667659716164632,20,1028,501933368,66
DEQ,667659723164129,20,1028,508930802,65
DEQ,667659730161220,20,1028,515925688,64
DEQ,667659737165077,20,1028,522927206,63
DEQ,667659744164540,20,1028,529924526,62
DEQ,667659751164898,20,1028,536922494,61
DEQ,667659758162653,20,1028,543918057,60
DEQ,667659765163900,20,1028,550916868,59
DEQ,667659772168145,20,1028,557919002,58
DEQ,667659779164508,20,1028,564913191,57
DEQ,667659786160687,20,1028,571907285,56
DEQ,667659793166340,20,1028,578910528,55
DEQ,667659800166739,20,84,450041652,54
DEQ,667659807158418,20,1028,329046522,53
DEQ,667659814167348,20,1028,336045640,52
DEQ,667659821158174,20,1028,343035556,51
DEQ,667659828166868,20,1028,350043449,50
DEQ,667659835165264,20,1028,357041129,49
DEQ,667659842163830,20,1028,364029417,48
DEQ,667659849166682,20,1028,371030255,47
DEQ,667659856157141,20,1028,250031812,46
DEQ,667659863134903,20,1028,257000474,45
DEQ,667659870034924,20,1028,263898176,44
DEQ,667659877186267,20,1028,271046994,66
DEQ,667659884091238,20,1028,277949631,65
DEQ,667659891120193,20,1028,284976414,64
DEQ,667659898172496,20,1028,292026482,63
DEQ,667659905131602,20,1028,298983180,62
DEQ,667659912161318,20,1028,306010488,61
DEQ,667659919162574,20,1028,313009525,60
DEQ,667659926156397,20,1028,320000844,59
DEQ,667659933164973,20,1028,327007217,58
DEQ,667659940166320,20,1028,334006323,57
DEQ,667659947162484,20,1028,340998529,56
DEQ,667659954160448,20,1028,347993306,55
DEQ,667659961156614,20,1028,354987393,54
DEQ,667659968160399,20,1028,361989115,53
DEQ,667659975161590,20,1028,368988293,52
DEQ,667659982160296,20,1028,375984817,51
DEQ,667659989159105,20,1028,382981544,50
DEQ,667659996164571,20,1028,389984913,49
DEQ,667660003109794,20,1028,396928035,48
DEQ,667660010164610,20,1028,403980629,78
DEQ,667660017156664,20,1028,410970539,77
DEQ,667660024158775,20,1028,417970531,76
DEQ,667660031161676,20,1028,424971090,75
DEQ,667660038156262,20,1028,431963371,74
DEQ,667660045159111,20,1028,438964042,73
DEQ,667660052164556,20,1028,445966440,72
DEQ,667660059172492,20,1028,452972092,71
DEQ,667660066164527,20,1028,459961902,70
DEQ,667660073158193,20,1028,466953188,69
DEQ,667660080158790,20,1028,473951630,68
DEQ,667660087168996,20,1028,480959628,67
DEQ,667660094156214,20,1028,487943973,66
DEQ,667660101160082,20,1028,494945449,65
DEQ,667660108154597,20,1028,501937691,64
DEQ,667660115151445,20,1028,508932373,63
DEQ,667660122160368,20,1028,515938954,62
DEQ,667660129164867,20,1028,522941340,61
DEQ,667660136160844,20,1028,529934988,60
DEQ,667660143163362,20,1028,536935284,59
DEQ,667660150163838,20,1028,543932873,58
DEQ,667660157158356,20,1028,550925243,57
DEQ,667660164157927,20,1028,557922470,56
DEQ,667660171164147,20,1028,564926512,55
DEQ,667660178160453,20,1028,571920748,54
DEQ,667660185158301,20,1028,315062932,53
DEQ,667660192160440,20,1028,322056228,52
DEQ,667660199164727,20,1028,329042716,51
DEQ,667660206166900,20,1028,336042705,50
DEQ,667660213165336,20,1028,343038994,49
STATS,667660213299822,49,50372,690,641,0,0,0
DEQ,667660220163021,20,1028,350034410,48
DEQ,667660227167675,20,1028,357036365,47
DEQ,667660234168329,20,1028,364034496,46
DEQ,667660241185902,20,1028,371049725,45
DEQ,667660248085416,20,1028,377947057,44
DEQ,667660255123602,20,1028,384982958,43
DEQ,667660262186790,20,1028,392043987,42
DEQ,667660269035903,20,1028,398890912,41
DEQ,667660276188430,20,1028,406041296,85
DEQ,667660283035400,20,1028,412885963,84
DEQ,667660290163677,20,1028,419517975,83
DEQ,667660297155496,20,1028,425590602,82
DEQ,667660304166713,20,1028,431692925,81
DEQ,667660311163115,20,1028,437789560,80
DEQ,667660318182959,20,1028,443935054,79
DEQ,667660325163748,20,1028,450025968,78
DEQ,667660332168084,20,1028,456031349,77
DEQ,667660339167620,20,1028,462076550,76
DEQ,667660346159646,20,1028,340036342,75
DEQ,667660353166668,20,1028,347034305,74
DEQ,667660360163741,20,1028,354028859,73
DEQ,667660367166892,20,1028,361029686,72
DEQ,667660374155014,20,1028,368015589,71
DEQ,667660381161529,20,1028,375019935,70
DEQ,667660388160858,20,1028,382016792,69
DEQ,667660395165353,20,1028,389019041,68
DEQ,667660402163728,20,1028,396015075,67
DEQ,667660409157537,20,1028,403006547,75
DEQ,667660416162776,20,1028,410009450,74
DEQ,667660423165464,20,1028,417009325,73
DEQ,667660430175758,20,1028,424017127,72
DEQ,667660437161669,20,1028,431000647,71
DEQ,667660444155211,20,1028,437991777,70
DEQ,667660451162142,20,1028,444996519,69
DEQ,667660458166787,20,1028,451998141,68
DEQ,667660465163148,20,1028,458992219,67
DEQ,667660472153714,20,1028,465980394,66
DEQ,667660479168294,20,1028,472992627,65
DEQ,667660486152004,20,1028,479974151,64
DEQ,667660493165668,20,1028,486985661,63
DEQ,667660500164595,20,1028,493982289,62
DEQ,667660507163623,20,1028,500978883,61
DEQ,667660514158654,20,1028,507971732,60
DEQ,667660521165805,20,1028,514976634,59
DEQ,667660528165438,20,1028,521974133,58
DEQ,667660535163265,20,1028,528969361,57
DEQ,667660542142092,20,1028,535946027,56
DEQ,667660549159120,20,1028,542960658,55
DEQ,667660556151342,20,1028,549949876,54
DEQ,667660563157519,20,1028,293049038,53
DEQ,667660570160573,20,1028,300042508,52
DEQ,667660577164889,20,1028,307044602,51
DEQ,667660584158836,20,1028,314035544,50
DEQ,667660591159162,20,1028,321033710,49
DEQ,667660598165407,20,1028,328037850,48
DEQ,667660605158340,20,1028,335028590,47
DEQ,667660612159593,20,1028,342027766,46
DEQ,667660619037127,20,1028,348903304,45
DEQ,667660626182503,20,1028,356046575,44
DEQ,667660633035451,20,1028,362897239,43
DEQ,667660640174554,20,1028,370034020,42
DEQ,667660647035439,20,1028,376892842,41
DEQ,667660654181404,20,1028,384036503,40
DEQ,667660661035812,20,1028,390888635,39
DEQ,667660668159143,20,1028,398009969,38
DEQ,667660675170307,20,1028,405019088,91
DEQ,667660682158139,20,1028,412004685,90
DEQ,667660689155476,20,1028,418999929,89
DEQ,667660696167955,20,1028,426010415,88
DEQ,667660703172965,20,1028,433013398,87
DEQ,667660710174815,20,1028,440013154,86
DEQ,667660717175820,20,1028,447012137,85
DEQ,667660724173840,20,1028,454008029,84
DEQ,667660731169174,20,1028,461001020,83
DEQ,667660738164091,20,1028,467993801,82
DEQ,667660745166571,20,1028,474994225,81
DEQ,667660752158733,20,1028,481984311,80
DEQ,667660759160825,20,1028,488984227,79
DEQ,667660766160495,20,1028,495981855,78
DEQ,667660773164861,20,1028,502984096,77
DEQ,667660780165451,20,1028,509982617,76
DEQ,667660787148267,20,1028,516963339,75
DEQ,667660794154586,20,1028,523967630,74
DEQ,667660801158621,20,1028,530969681,73
DEQ,667660808159002,20,1028,537968063,72
DEQ,667660815162463,20,1028,544969279,71
DEQ,667660822148974,20,1028,551953380,70
DEQ,667660829161592,20,1028,558495661,69
DEQ,667660836159500,20,1028,564580347,68
DEQ,667660843165674,20,1028,570684709,67
DEQ,667660850158492,20,1028,576776917,66
DEQ,667660857164827,20,1028,582877150,65
DEQ,667660864161899,20,1028,588993482,64
DEQ,667660871164205,20,1028,595072684,63
DEQ,667660878164311,20,1028,472048713,62
DEQ,667660885154501,20,1028,479030419,61
DEQ,667660892163792,20,1028,486036887,60
DEQ,667660899156603,20,1028,493027577,59
DEQ,667660906164499,20,1028,500033447,58
DEQ,667660913161757,20,1028,507028499,57
DEQ,667660920160225,20,1028,514024696,56
DEQ,667660927160768,20,1028,521023237,55
DEQ,667660934151767,20,1028,528012091,54
DEQ,667660941161556,20,1028,271033203,53
DEQ,667660948160298,20,1028,278022999,52
DEQ,667660955159905,20,1028,285020345,51
DEQ,667660962158702,20,1028,292016787,50
DEQ,667660969157394,20,1028,299013377,49
DEQ,667660976157033,20,1028,306010682,48
DEQ,667660983159174,20,1028,313010698,47
DEQ,667660990162059,20,1028,320011382,46
DEQ,667660997114805,20,1028,326961786,45
DEQ,667661004034713,20,1028,333879453,44
DEQ,667661011160270,20,1028,341002880,43
DEQ,667661018034508,20,1028,347874686,42
DEQ,667661025189019,20,1028,355026974,41
DEQ,667661032034793,20,1028,361870593,40
DEQ,667661039182477,20,1028,369016081,39
DEQ,667661046034850,20,1028,375866292,38
DEQ,667661053165662,20,1028,382994936,37
DEQ,667661060137052,20,1028,389964089,36
DEQ,667661067167254,20,1028,396992165,89
DEQ,667661074147889,20,1028,403970587,88
DEQ,667661081167544,20,1028,410988089,87
DEQ,667661088173607,20,1028,417991489,86
DEQ,667661095174833,20,1028,424990465,85
DEQ,667661102165786,20,1028,431979142,84
DEQ,667661109170043,20,1028,438981011,83
DEQ,667661116168508,20,1028,445977416,82
DEQ,667661123166755,20,1028,452973202,81
DEQ,667661130162571,20,1028,459966863,80
DEQ,667661137169827,20,1028,466971970,79
DEQ,667661144170681,20,1028,473970584,78
DEQ,667661151168306,20,1028,480965938,77
DEQ,667661158163624,20,1028,487958909,76
DEQ,667661165162529,20,1028,494955697,75
DEQ,667661172157772,20,1028,501948484,74
DEQ,667661179159934,20,1028,508948585,73
DEQ,667661186161238,20,1028,515947624,72
DEQ,667661193171653,20,1028,522955736,71
DEQ,667661200158675,20,1028,529940680,70
DEQ,667661207156606,20,1028,536936447,69
DEQ,667661214156142,20,1028,543933808,68
STATS,667661214285634,68,69904,852,784,0,0,0
DEQ,667661221164968,20,1028,550940511,67
DEQ,667661228157892,20,1028,557931312,66
DEQ,667661235163201,20,1028,564934380,65
DEQ,667661242160379,20,1028,571929455,64
DEQ,667661249154065,20,1028,578920952,63
DEQ,667661256160461,20,1028,585925119,62
DEQ,667661263161610,20,1028,592924098,61
DEQ,667661270151537,20,1028,599911949,60
DEQ,667661277165626,20,1028,606924031,59
DEQ,667661284155483,20,1028,613911689,58
DEQ,667661291175896,20,1028,620929699,57
DEQ,667661298168413,20,1028,627920231,56
DEQ,667661305170942,20,1028,634920533,55
DEQ,667661312164856,20,1028,641912127,54
DEQ,667661319161476,20,1028,257035987,53
DEQ,667661326143836,20,1028,264008795,53
DEQ,667661333163281,20,1028,271025611,52
DEQ,667661340158746,20,1028,278018262,51
DEQ,667661347162543,20,1028,285019823,50
DEQ,667661354167003,20,1028,292022096,49
DEQ,667661361166573,20,1028,299019425,48
DEQ,667661368154573,20,1028,306005251,47
DEQ,667661375035898,20,1028,312884196,46
DEQ,667661382185879,20,1028,320031860,45
DEQ,667661389035377,20,1028,326878939,44
DEQ,667661396184567,20,1028,334025820,43
DEQ,667661403035281,20,1028,340874325,42
DEQ,667661410175445,20,1028,348012241,41
DEQ,667661417035370,20,1028,354869889,40
DEQ,667661424158912,20,1028,361991124,39
DEQ,667661431172975,20,1028,369002640,38
DEQ,667661438163949,20,1028,375991287,37
DEQ,667661445162644,20,1028,382987710,36
DEQ,667661452163686,20,1028,389986425,35
DEQ,667661459163214,20,1028,396983678,88
DEQ,667661466168144,20,1028,403986301,87
DEQ,667661473158210,20,1028,410974177,86
DEQ,667661480160306,20,1028,417974168,85
DEQ,667661487162406,20,1028,424973797,84
DEQ,667661494162048,20,1028,431971122,83
DEQ,667661501158264,20,1028,438965028,82
DEQ,667661508157016,20,1028,445961525,81
DEQ,667661515161596,20,1028,452963803,80
DEQ,667661522159791,20,1028,459959720,79
DEQ,667661529151398,20,1028,466949073,78
DEQ,667661536165356,20,1028,473960441,77
DEQ,667661543161652,20,1028,480954409,76
DEQ,667661550158522,20,1028,487948604,75
DEQ,667661557164755,20,1028,494952357,74
DEQ,667661564165281,20,1028,501950772,73
DEQ,667661571161491,20,1028,508944533,72
DEQ,667661578160272,20,1028,515941111,71
DEQ,667661585168417,20,1028,522946971,70
DEQ,667661592176957,20,1028,529953301,69
DEQ,667661599169038,20,1028,536943092,68
DEQ,667661606164443,20,1028,543936410,67
DEQ,667661613160995,20,1028,550930676,66
DEQ,667661620159383,20,1028,557926616,65
DEQ,667661627160705,20,1028,564925474,64
DEQ,667661634167015,20,1028,571929538,63
DEQ,667661641160896,20,1028,578921059,62
DEQ,667661648164495,20,1028,585922476,61
DEQ,667661655160547,20,1028,592916174,60
DEQ,667661662171194,20,1028,599924601,59
DEQ,667661669153966,20,1028,606905221,58
DEQ,667661676152791,20,1028,613901919,57
DEQ,667661683159947,20,1028,620906627,56
DEQ,667661690160236,20,1028,627904473,55
DEQ,667661697152468,20,84,371059785,54
DEQ,667661704158993,20,1028,250043806,53
DEQ,667661711161611,20,1028,257037880,52
DEQ,667661718159727,20,1028,264033096,51
DEQ,667661725165479,20,1028,271036630,50
DEQ,667661732170148,20,1028,278039201,49
DEQ,667661739157972,20,1028,285024924,48
DEQ,667661746163493,20,1028,292028405,47
DEQ,667661753168513,20,1028,299031277,46
DEQ,667661760122932,20,1028,305983699,45
DEQ,667661767194150,20,1028,313052831,44
DEQ,667661774118542,20,1028,319975144,43
DEQ,667661781035447,20,1028,326890050,42
DEQ,667661788186858,20,1028,334039354,41
DEQ,667661795036124,20,1028,340886597,40
DEQ,667661802183647,20,1028,348032108,39
DEQ,667661809167182,20,1028,355013644,38
DEQ,667661816167921,20,1028,362012399,37
DEQ,667661823161518,20,1028,369003823,36
DEQ,667661830161470,20,1028,376001706,35
DEQ,667661837159111,20,1028,382997309,34
DEQ,667661844160375,20,1028,389996593,33
DEQ,667661851161572,20,1028,396995794,86
DEQ,667661858160422,20,1028,403992649,85
DEQ,667661865160892,20,1028,410991139,84
DEQ,667661872147452,20,1028,417975559,83
DEQ,667661879168193,20,1028,424994290,82
DEQ,667661886160355,20,1028,431984304,81
DEQ,667661893165740,20,1028,438987694,80
DEQ,667661900153696,20,1028,445973664,79
DEQ,667661907159894,20,1028,452977694,78
DEQ,667661914157874,20,1028,459973601,77
DEQ,667661921168157,20,1028,466981809,76
DEQ,667661928170499,20,1028,473982156,75
DEQ,667661935164170,20,1028,480973855,74
DEQ,667661942156161,20,1028,487963594,73
DEQ,667661949157434,20,1028,494962795,72
DEQ,667661956160126,20,1028,501963384,71
DEQ,667661963154839,20,1028,508955764,70
DEQ,667661970164770,20,1028,515963689,69
DEQ,667661977160857,20,1028,522957592,68
DEQ,667661984158971,20,1028,529953643,67
DEQ,667661991161561,20,1028,536954230,66
DEQ,667661998158742,20,1028,543949384,65
DEQ,667662005150488,20,1028,550939134,64
DEQ,667662012160310,20,1028,557946354,63
DEQ,667662019159162,20,1028,564943120,62
DEQ,667662026164529,20,1028,571946490,61
DEQ,667662033168097,20,1028,578948052,60
DEQ,667662040173363,20,1028,585951311,59
DEQ,667662047165581,20,1028,592941560,58
DEQ,667662054165829,20,1028,599939819,57
DEQ,667662061160069,20,1028,606932052,56
DEQ,667662068151332,20,1028,613921308,55
DEQ,667662075162980,20,1028,620930868,54
DEQ,667662082148749,20,1028,236013649,53
DEQ,667662089159490,20,1028,243018453,52
DEQ,667662096158784,20,1028,250015469,51
DEQ,667662103154279,20,1028,257008826,50
DEQ,667662110180491,20,1028,264032759,49
DEQ,667662117160016,20,1028,271008064,48
DEQ,667662124152041,20,1028,277983765,47
DEQ,667662131041292,20,1028,284870789,46
DEQ,667662138107753,20,1028,291935018,45
DEQ,667662145119922,20,1028,298945037,44
DEQ,667662152187075,20,1028,306009572,43
DEQ,667662159139250,20,1028,312955304,42
DEQ,667662166034394,20,1028,319848318,41
DEQ,667662173182735,20,1028,326994813,40
DEQ,667662180034780,20,1028,333844876,39
DEQ,667662187165772,20,1028,340973983,38
DEQ,667662194162729,20,1028,347968960,37
DEQ,667662201170660,20,1028,354974740,36
DEQ,667662208168925,20,1028,361971000,35
DEQ,667662215176641,20,1028,368976861,34
STATS,667662215200540,34,34952,961,927,0,0,0
DEQ,667662222158263,20,1028,375956553,33
DEQ,667662229164498,20,1028,382960546,32
DEQ,667662236162761,20,1028,389956636,31
DEQ,667662243166529,20,1028,396958295,84
DEQ,667662250163208,20,1028,403952603,83
DEQ,667662257160564,20,1028,410947743,82
DEQ,667662264164973,20,1028,417949862,81
DEQ,667662271158911,20,1028,424941454,80
DEQ,667662278150993,20,1028,431931415,79
DEQ,667662285152996,20,1028,438931228,78
DEQ,667662292165183,20,1028,445941299,77
DEQ,667662299153861,20,1028,452927845,76
DEQ,667662306155933,20,1028,459927639,75
DEQ,667662313164712,20,1028,466934301,74
DEQ,667662320173418,20,1028,473940885,73
DEQ,667662327164803,20,1028,480930177,72
DEQ,667662334163878,20,1028,487927049,71
DEQ,667662341169238,20,1028,494930308,70
DEQ,667662348162215,20,1028,501921084,69
DEQ,667662355169148,20,1028,508925392,68
DEQ,667662362163602,20,1028,515917664,67
DEQ,667662369173824,20,1028,522925758,66
DEQ,667662376163407,20,1028,529913217,66
DEQ,667662383165749,20,1028,536913654,65
DEQ,667662390164520,20,1028,543910523,64
DEQ,667662397161863,20,1028,550906011,63
DEQ,667662404161201,20,1028,557903472,62
DEQ,667662411164685,20,1028,564904849,61
DEQ,667662418163411,20,1028,571901507,60
DEQ,667662425162642,20,1028,578898561,59
DEQ,667662432157472,20,1028,585887252,58
DEQ,667662439161003,20,1028,592888792,57
DEQ,667662446160904,20,1028,599886623,56
DEQ,667662453159817,20,1028,606883386,55
DEQ,667662460141229,20,1028,222017571,54
DEQ,667662467160600,20,1028,229026889,53
DEQ,667662474158548,20,1028,236021477,52
DEQ,667662481156993,20,1028,243017441,51
DEQ,667662488160866,20,1028,250019008,50
DEQ,667662495160320,20,1028,257016212,49
DEQ,667662502171740,20,1028,264025287,48
DEQ,667662509158620,20,1028,271009809,47
DEQ,667662516127414,20,1028,277976217,46
DEQ,667662523137797,20,1028,284984177,45
DEQ,667662530191604,20,1028,292035734,44
DEQ,667662537147848,20,1028,298989582,43
DEQ,667662544139897,20,1028,305979406,42
DEQ,667662551189543,20,1028,313026509,41
DEQ,667662558136590,20,1028,319971208,40
DEQ,667662565156183,20,1028,326988592,39
DEQ,667662572164093,20,1028,333994240,38
DEQ,667662579163665,20,1028,340991516,37
DEQ,667662586154401,20,1028,347979836,36
DEQ,667662593165256,20,1028,354988318,35
DEQ,667662600159871,20,1028,361980691,34
DEQ,667662607160303,20,1028,368978915,33
DEQ,667662614158303,20,1028,375974828,32
DEQ,667662621162717,20,1028,382976713,31
DEQ,667662628158240,20,1028,389970085,30
DEQ,667662635161084,20,1028,396970804,83
DEQ,667662642166504,20,1028,403973995,82
DEQ,667662649171689,20,1028,410976808,81
DEQ,667662656168787,20,1028,417971445,80
DEQ,667662663163529,20,1028,424963966,79
DEQ,667662670163226,20,1028,431961088,78
DEQ,667662677165155,20,1028,438960572,77
DEQ,667662684166237,20,1028,445958166,76
DEQ,667662691168697,20,1028,452958468,75
DEQ,667662698167639,20,1028,459955061,74
DEQ,667662705156368,20,1028,466941602,73
DEQ,667662712171927,20,1028,473954351,72
DEQ,667662719163766,20,1028,480943657,71
DEQ,667662726164114,20,1028,487941825,70
DEQ,667662733165745,20,1028,494941013,69
DEQ,667662740157251,20,1028,501930386,68
DEQ,667662747159274,20,1028,508930037,67
DEQ,667662754157944,20,1028,515926339,66
DEQ,667662761158382,20,1028,522924609,65
DEQ,667662768153067,20,1028,529917106,64
DEQ,667662775162536,20,1028,536924375,63
DEQ,667662782148808,20,1028,543908114,62
DEQ,667662789159974,20,1028,550917007,61
DEQ,667662796159706,20,1028,557914469,60
DEQ,667662803152538,20,1028,564904985,59
DEQ,667662810163903,20,1028,571914228,58
DEQ,667662817164260,20,1028,578912376,57
DEQ,667662824159638,20,1028,585905651,56
DEQ,667662831160169,20,1028,592903966,55
DEQ,667662838158094,20,84,464035348,54
DEQ,667662845160024,20,1028,215052833,53
DEQ,667662852161096,20,1028,222040239,52
DEQ,667662859161756,20,1028,229038611,51
DEQ,667662866163476,20,1028,236038103,50
DEQ,667662873158470,20,1028,243030921,49
DEQ,667662880170600,20,1028,250040833,48
DEQ,667662887165857,20,1028,257034014,47
DEQ,667662894185902,20,1028,264051912,46
DEQ,667662901185553,20,1028,271049407,45
DEQ,667662908172197,20,1028,278033889,44
DEQ,667662915139105,20,1028,284998725,43
DEQ,667662922142911,20,1028,292000381,42
DEQ,667662929153239,20,1028,299008559,41
DEQ,667662936139565,20,1028,305992701,40
DEQ,667662943152413,20,1028,313003440,39
DEQ,667662950156193,20,1028,320005089,38
DEQ,667662957167455,20,1028,327013970,37
DEQ,667662964156228,20,1028,334000506,36
DEQ,667662971159073,20,1028,341001319,35
DEQ,667662978159513,20,1028,347999690,34
DEQ,667662985159135,20,1028,354997168,33
DEQ,667662992159375,20,1028,361995277,32
DEQ,667662999163175,20,1028,368996941,31
DEQ,667663006160338,20,1028,375991948,30
DEQ,667663013164528,20,1028,382994074,29
DEQ,667663020165983,20,1028,389993468,28
DEQ,667663027163295,20,1028,396988645,81
DEQ,667663034157590,20,1028,403980787,80
DEQ,667663041152190,20,1028,410972938,79
DEQ,667663048157749,20,1028,417975940,78
DEQ,667663055160623,20,1028,424976545,77
DEQ,667663062143695,20,1028,431957556,76
DEQ,667663069036015,20,1028,438847735,75
DEQ,667663076155268,20,1028,445964857,74
DEQ,667663083159936,20,1028,452967475,73
DEQ,667663090165068,20,1028,459970190,72
DEQ,667663097168345,20,1028,466971417,71
DEQ,667663104166991,20,1028,473967927,70
DEQ,667663111164715,20,1028,480963596,69
DEQ,667663118158731,20,1028,487955528,68
DEQ,667663125181129,20,1028,494975787,67
DEQ,667663132160534,20,1028,501953163,66
DEQ,667663139166687,20,1028,508957167,65
DEQ,667663146175518,20,1028,515963830,64
DEQ,667663153167300,20,1028,522953477,63
DEQ,667663160164798,20,1028,529948932,62
DEQ,667663167164903,20,1028,536946846,61
DEQ,667663174165808,20,1028,543945624,60
DEQ,667663181168148,20,1028,550945834,59
DEQ,667663188167037,20,1028,557942513,58
DEQ,667663195163668,20,1028,564937028,57
DEQ,667663202158220,20,1028,571929545,56
DEQ,667663209166659,20,1028,578935630,55
DEQ,667663216166842,20,1028,585933571,54
STATS,667663216190984,54,55512,1124,1070,0,0,0
DEQ,667663223174592,20,1028,201066467,53
DEQ,667663230154834,20,1028,208032132,52
DEQ,667663237163647,20,1028,215038683,51
DEQ,667663244159580,20,1028,222032434,50
DEQ,667663251158819,20,1028,229029476,49
DEQ,667663258157608,20,1028,236025427,48
DEQ,667663265160516,20,1028,243026183,47
DEQ,667663272159150,20,1028,250022689,46
DEQ,667663279167124,20,1028,257028529,45
DEQ,667663286154831,20,1028,264014109,59
DEQ,667663293155335,20,1028,271012481,58
DEQ,667663300162511,20,1028,278017464,57
DEQ,667663307154571,20,1028,285007379,56
DEQ,667663314155855,20,1028,292006441,55
DEQ,667663321149558,20,1028,298998080,54
DEQ,667663328155085,20,1028,306001542,53
DEQ,667663335163043,20,1028,313007373,52
DEQ,667663342162349,20,1028,320004624,51
DEQ,667663349164390,20,1028,327004496,50
DEQ,667663356160063,20,1028,333998016,49
DEQ,667663363161882,20,1028,340997683,48
DEQ,667663370168097,20,1028,348001634,47
DEQ,667663377167370,20,1028,354998528,46
DEQ,667663384166417,20,1028,361995525,45
DEQ,667663391166025,20,1028,368993063,44
DEQ,667663398157157,20,1028,375982121,43
DEQ,667663405161949,20,1028,382984649,42
DEQ,667663412165734,20,1028,389986275,41
DEQ,667663419164621,20,1028,396982914,80
DEQ,667663426153511,20,1028,403969650,79
DEQ,667663433159541,20,1028,410973516,78
DEQ,667663440159129,20,1028,417971050,77
DEQ,667663447161055,20,1028,424970854,76
DEQ,667663454159897,20,1028,431967651,75
DEQ,667663461159433,20,1028,438965119,74
DEQ,667663468158175,20,1028,445961869,73
DEQ,667663475162674,20,1028,452964344,72
DEQ,667663482157426,20,1028,459956936,71
DEQ,667663489156864,20,1028,466954318,70
DEQ,667663496159260,20,1028,473954646,69
DEQ,667663503175220,20,1028,480968627,68
DEQ,667663510159765,20,1028,487951185,67
DEQ,667663517165221,20,1028,494954579,66
DEQ,667663524158120,20,1028,501945137,65
DEQ,667663531157739,20,1028,508942640,64
DEQ,667663538157304,20,1028,515940190,63
DEQ,667663545156800,20,1028,522937373,62
DEQ,667663552157237,20,1028,529935708,61
DEQ,667663559166014,20,1028,536942283,60
DEQ,667663566162350,20,1028,543936450,59
DEQ,667663573159364,20,1028,550931313,58
DEQ,667663580158108,20,1028,557927986,57
DEQ,667663587158475,20,1028,564926274,56
DEQ,667663594163080,20,1028,571928828,55
DEQ,667663601157656,20,1028,315086185,54
DEQ,667663608163037,20,1028,322087936,53
DEQ,667663615161779,20,1028,329085712,52
DEQ,667663622159738,20,1028,336082870,51
DEQ,667663629163422,20,1028,343085687,50
DEQ,667663636157915,20,1028,350079405,49
DEQ,667663643162590,20,1028,357083335,48
DEQ,667663650158075,20,1028,364078069,47
DEQ,667663657176789,20,1028,371095827,46
DEQ,667663664164623,20,1028,378082784,45
DEQ,667663671142548,20,1028,385059814,44
DEQ,667663678179674,20,1028,392096165,73
DEQ,667663685184965,20,1028,399100593,72
DEQ,667663692133028,20,1028,406047907,71
DEQ,667663699139164,20,1028,413053213,70
DEQ,667663706140469,20,1028,292034003,69
DEQ,667663713163303,20,1028,299041844,68
DEQ,667663720157087,20,1028,306033319,67
DEQ,667663727180568,20,84,313054603,66
DEQ,667663734160486,20,1028,320032345,65
DEQ,667663741159192,20,1028,327028970,64
DEQ,667663748167128,20,1028,334034555,63
DEQ,667663755159147,20,1028,341024481,62
DEQ,667663762157149,20,1028,348020384,61
DEQ,667663769158318,20,1028,355019452,60
DEQ,667663776162909,20,1028,362021889,59
DEQ,667663783161664,20,1028,369018544,58
DEQ,667663790163598,20,1028,376018378,57
DEQ,667663797163303,20,1028,383015828,56
DEQ,667663804162933,20,1028,390013477,55
DEQ,667663811167303,20,1028,397015711,78
DEQ,667663818162742,20,1028,404009022,77
DEQ,667663825158183,20,1028,411002314,76
DEQ,667663832157099,20,1028,417999136,75
DEQ,667663839172976,20,1028,425013018,74
DEQ,667663846162476,20,1028,432000509,73
DEQ,667663853168381,20,1028,439004426,72
DEQ,667663860165185,20,1028,445999006,71
DEQ,667663867161606,20,1028,452993246,70
DEQ,667663874154143,20,1028,459983540,69
DEQ,667663881157660,20,1028,466984911,68
DEQ,667663888167179,20,1028,473992201,67
DEQ,667663895158957,20,1028,480981690,66
DEQ,667663902165347,20,1028,487985994,65
DEQ,667663909158193,20,1028,494976779,64
DEQ,667663916156406,20,1028,501972946,63
DEQ,667663923157335,20,1028,508971746,62
DEQ,667663930145195,20,1028,515957426,61
DEQ,667663937163998,20,1028,522974088,60
DEQ,667663944158627,20,1028,529966752,59
DEQ,667663951158922,20,1028,536964950,58
DEQ,667663958158634,20,1028,543962526,57
DEQ,667663965159826,20,1028,550961615,56
DEQ,667663972146327,20,1028,557945946,55
DEQ,667663979158184,20,1028,564955749,54
DEQ,667663986156932,20,1028,308084332,53
DEQ,667663993164742,20,1028,315088627,52
DEQ,667664000158498,20,1028,322081421,51
DEQ,667664007163079,20,1028,329085107,50
DEQ,667664014161083,20,1028,336082194,49
DEQ,667664021167434,20,1028,343087043,48
DEQ,667664028160210,20,1028,350078565,47
DEQ,667664035161947,20,1028,357079292,46
DEQ,667664042168366,20,1028,364084867,45
DEQ,667664049156478,20,1028,371072184,44
DEQ,667664056143531,20,1028,378058324,43
DEQ,667664063166327,20,1028,385080164,42
DEQ,667664070108160,20,1028,392021077,78
DEQ,667664077124669,20,1028,399036779,77
DEQ,667664084138725,20,1028,406050207,76
DEQ,667664091162317,20,1028,413072984,75
DEQ,667664098158440,20,1028,420068427,74
DEQ,667664105162980,20,1028,427072224,73
DEQ,667664112152572,20,1028,434061039,72
DEQ,667664119157211,20,1028,441064996,71
DEQ,667664126153321,20,1028,448060313,70
DEQ,667664133169168,20,1028,455075335,69
DEQ,667664140153374,20,1028,462058833,68
DEQ,667664147158704,20,1028,469063454,67
DEQ,667664154169168,20,1028,476073170,66
DEQ,667664161162884,20,1028,483066223,65
DEQ,667664168156684,20,1028,490059288,64
DEQ,667664175163758,20,1028,497065703,63
DEQ,667664182158295,20,1028,504059518,62
DEQ,667664189165595,20,1028,511066186,61
DEQ,667664196154543,20,1028,390045579,60
DEQ,667664203170310,20,1028,397044194,76
DEQ,667664210165868,20,1028,404037541,75
DEQ,667664217154346,20,1028,411023915,74
STATS,667664217173554,74,76072,1287,1213,0,0,0
DEQ,667664224164114,20,1028,418031627,73
DEQ,667664231151972,20,1028,425017375,72
DEQ,667664238156567,20,1028,432019879,71
DEQ,667664245163252,20,1028,439024481,70
DEQ,667664252162000,20,1028,446021128,69
DEQ,667664259165291,20,1028,453022003,68
DEQ,667664266158321,20,1028,460013048,67
DEQ,667664273162823,20,1028,467015382,66
DEQ,667664280154123,20,1028,474004673,65
DEQ,667664287158819,20,1028,481007250,64
DEQ,667664294158238,20,1028,488004296,63
DEQ,667664301159546,20,1028,495003485,62
DEQ,667664308156555,20,1028,501998508,61
DEQ,667664315157778,20,1028,508997548,60
DEQ,667664322156971,20,1028,515994599,59
DEQ,667664329156156,20,1028,522991721,58
DEQ,667664336151015,20,1028,529984398,57
DEQ,667664343158596,20,1028,536989977,56
DEQ,667664350154835,20,1028,543984123,55
DEQ,667664357169278,20,1028,550996597,54
DEQ,667664364178467,20,1028,294115344,53
DEQ,667664371159448,20,1028,301092529,52
DEQ,667664378162377,20,1028,308094359,51
DEQ,667664385159365,20,1028,315090535,50
DEQ,667664392158159,20,1028,322088468,49
DEQ,667664399158498,20,1028,329088032,48
DEQ,667664406158126,20,1028,336086842,47
DEQ,667664413156925,20,1028,343084758,46
DEQ,667664420176543,20,1028,350103578,45
DEQ,667664427184251,20,1028,357110501,44
DEQ,667664434128106,20,1028,364053470,43
DEQ,667664441135144,20,1028,371059775,42
DEQ,667664448182273,20,1028,378106173,41
DEQ,667664455149267,20,1028,385072385,40
DEQ,667664462125381,20,1028,392047654,92
DEQ,667664469156837,20,1028,399078328,91
DEQ,667664476174652,20,1028,406095371,90
DEQ,667664483163430,20,1028,413083412,89
DEQ,667664490162286,20,1028,420081570,88
DEQ,667664497156729,20,1028,427075145,87
DEQ,667664504156439,20,1028,434074066,86
DEQ,667664511160914,20,1028,441077297,85
DEQ,667664518161655,20,1028,448077279,84
DEQ,667664525149241,20,1028,455063997,83
DEQ,667664532144663,20,1028,462058744,82
DEQ,667664539159280,20,1028,469072575,81
DEQ,667664546157236,20,1028,476069783,80
DEQ,667664553150363,20,1028,483062251,79
DEQ,667664560162218,20,1028,490073385,78
DEQ,667664567156742,20,1028,497067182,77
DEQ,667664574159668,20,1028,504069276,76
DEQ,667664581159994,20,1028,511068919,75
DEQ,667664588158321,20,1028,518066498,74
DEQ,667664595163947,20,1028,525071279,75
DEQ,667664602161216,20,1028,532067829,74
DEQ,667664609160817,20,1028,539066641,73
DEQ,667664616165004,20,1028,546070113,72
DEQ,667664623174006,20,1028,425066007,71
DEQ,667664630160162,20,1028,432039255,70
DEQ,667664637155684,20,1028,439032516,69
DEQ,667664644158785,20,1028,446033510,68
DEQ,667664651150872,20,1028,453023489,67
DEQ,667664658162871,20,1028,460033358,66
DEQ,667664665150013,20,1028,467018510,65
DEQ,667664672156238,20,1028,474022740,64
DEQ,667664679169732,20,1028,481034172,63
DEQ,667664686159588,20,1028,488021961,62
DEQ,667664693158418,20,1028,495018678,61
DEQ,667664700155491,20,1028,502013660,60
DEQ,667664707158258,20,1028,509014092,59
DEQ,667664714156151,20,1028,516009733,58
DEQ,667664721154862,20,1028,523006233,57
DEQ,667664728157840,20,1028,530007200,56
DEQ,667664735163251,20,1028,537010533,55
DEQ,667664742155836,20,84,280092219,54
DEQ,667664749163182,20,1028,287096093,53
DEQ,667664756160744,20,1028,294092778,52
DEQ,667664763158060,20,1028,301089288,51
DEQ,667664770161983,20,1028,308092432,50
DEQ,667664777159084,20,1028,315088741,49
DEQ,667664784156196,20,1028,322085161,48
DEQ,667664791158206,20,1028,329086417,47
DEQ,667664798156095,20,1028,336083534,46
DEQ,667664805143197,20,1028,343069910,45
DEQ,667664812184285,20,1028,350110335,44
DEQ,667664819142325,20,1028,357067649,43
DEQ,667664826150994,20,1028,364075577,42
DEQ,667664833144912,20,1028,371068752,41
DEQ,667664840136838,20,1028,378059932,40
DEQ,667664847146414,20,1028,385068777,39
DEQ,667664854153662,20,1028,392075178,92
DEQ,667664861156655,20,1028,399077231,91
DEQ,667664868148744,20,1028,406068591,90
DEQ,667664875156540,20,1028,413075726,89
DEQ,667664882165112,20,1028,420083457,88
DEQ,667664889160437,20,1028,427078047,87
DEQ,667664896149853,20,1028,434066687,86
DEQ,667664903163539,20,1028,441079693,85
DEQ,667664910161742,20,1028,448077060,84
DEQ,667664917158788,20,1028,455073362,83
DEQ,667664924155876,20,1028,462069731,82
DEQ,667664931157943,20,1028,469070971,81
DEQ,667664938158450,20,1028,476070741,80
DEQ,667664945156479,20,1028,483067882,79
DEQ,667664952155941,20,1028,490066502,78
DEQ,667664959156223,20,1028,497065841,77
DEQ,667664966150896,20,1028,504059773,76
DEQ,667664973158794,20,1028,511066851,75
DEQ,667664980155871,20,1028,518063210,74
DEQ,667664987156298,20,1028,525062837,73
DEQ,667664994161709,20,1028,532067227,72
DEQ,667665001173522,20,1028,539078253,71
DEQ,667665008157253,20,1028,546061249,70
DEQ,667665015168032,20,1028,553071241,69
DEQ,667665022167465,20,1028,560069967,68
DEQ,667665029163400,20,1028,567065113,67
DEQ,667665036162721,20,1028,574063669,66
DEQ,667665043157041,20,1028,581057320,65
DEQ,667665050157482,20,1028,588057089,64
DEQ,667665057157886,20,1028,595051085,63
DEQ,667665064157482,20,1028,602048746,62
DEQ,667665071143717,20,1028,609032815,61
DEQ,667665078155882,20,1028,616042912,60
DEQ,667665085160366,20,1028,623045259,59
DEQ,667665092161552,20,1028,630044393,58
DEQ,667665099157890,20,1028,637038520,57
DEQ,667665106158404,20,1028,644036910,56
DEQ,667665113162165,20,1028,523052180,55
DEQ,667665120161616,20,1028,530030879,54
DEQ,667665127157982,20,1028,273079069,53
DEQ,667665134160787,20,1028,280078089,52
DEQ,667665141156635,20,1028,287072856,51
DEQ,667665148172546,20,1028,294087772,50
DEQ,667665155172619,20,1028,301087042,49
DEQ,667665162160922,20,1028,308074533,48
DEQ,667665169165235,20,1028,315078029,47
DEQ,667665176156055,20,1028,322068059,46
DEQ,667665183116095,20,1028,329027348,45
DEQ,667665190032617,20,1028,335943115,44
DEQ,667665197180700,20,1028,343090457,43
DEQ,667665204031567,20,1028,349940480,42
DEQ,667665211183473,20,1028,357091607,41
DEQ,667665218099221,20,1028,364006603,40
STATS,667665218234712,40,41120,1396,1356,0,0,0
DEQ,667665225121699,20,1028,371028371,39
DEQ,667665232161666,20,1028,378067329,38
DEQ,667665239163236,20,1028,385068234,37
DEQ,667665246147233,20,1028,392051568,55
DEQ,667665253161247,20,1028,399064858,55
DEQ,667665260156849,20,1028,406059703,54
DEQ,667665267154544,20,1028,413056655,53
DEQ,667665274151492,20,1028,420052935,52
DEQ,667665281157772,20,1028,427058514,51
DEQ,667665288152391,20,1028,434052284,50
DEQ,667665295157763,20,1028,441056902,49
DEQ,667665302157353,20,1028,448055677,48
DEQ,667665309157563,20,1028,455055130,47
DEQ,667665316155706,20,1028,462052529,46
DEQ,667665323160156,20,1028,469056283,45
DEQ,667665330152311,20,1028,476047671,44
DEQ,667665337150221,20,1028,483044824,43
DEQ,667665344158090,20,1028,490047546,42
DEQ,667665351157631,20,1028,497045351,41
DEQ,667665358157298,20,1028,504043423,40
DEQ,667665365156819,20,1028,511041246,39
DEQ,667665372161538,20,1028,518044061,38
DEQ,667665379157686,20,1028,525038485,70
DEQ,667665386158053,20,1028,532037083,69
DEQ,667665393158492,20,1028,539035723,68
DEQ,667665400157299,20,1028,546032762,67
DEQ,667665407162022,20,1028,553035628,66
DEQ,667665414155593,20,1028,560027293,65
DEQ,667665421158487,20,1028,567028391,64
DEQ,667665428157256,20,1028,574025335,63
DEQ,667665435148356,20,1028,581014646,62
DEQ,667665442155516,20,1028,588019926,61
DEQ,667665449164166,20,1028,595026809,60
DEQ,667665456155514,20,1028,602016383,59
DEQ,667665463153364,20,1028,609012310,58
DEQ,667665470157071,20,1028,616014216,57
DEQ,667665477159392,20,1028,623014788,56
DEQ,667665484161339,20,1028,630014827,55
DEQ,667665491154972,20,1028,637006646,54
DEQ,667665498155432,20,1028,644005295,53
DEQ,667665505170829,20,1028,259052809,52
DEQ,667665512170904,20,1028,266048386,51
DEQ,667665519162136,20,1028,273038670,50
DEQ,667665526154553,20,1028,280030291,49
DEQ,667665533155053,20,1028,287029607,48
DEQ,667665540161280,20,1028,294034736,47
DEQ,667665547158515,20,1028,301031124,46
DEQ,667665554031523,20,1028,307903374,45
DEQ,667665561202530,20,1028,315073658,44
DEQ,667665568031210,20,1028,321901522,43
DEQ,667665575182931,20,1028,329052516,42
DEQ,667665582033100,20,1028,335901998,41
DEQ,667665589191700,20,1028,343059848,40
DEQ,667665596030994,20,1028,349898222,39
DEQ,667665603173717,20,1028,357040191,38
DEQ,667665610164304,20,1028,364029976,37
DEQ,667665617170399,20,1028,371035287,36
DEQ,667665624160945,20,1028,378025052,35
DEQ,667665631159424,20,1028,385013014,34
DEQ,667665638151483,20,1028,392002948,54
DEQ,667665645172311,20,1028,271045976,54
DEQ,667665652171168,20,1028,278036142,53
DEQ,667665659168116,20,1028,285029645,52
DEQ,667665666152981,20,1028,292011682,51
DEQ,667665673158256,20,1028,299014158,50
DEQ,667665680155369,20,1028,306008869,49
DEQ,667665687160637,20,1028,313011401,48
DEQ,667665694155280,20,1028,320003245,47
DEQ,667665701155553,20,1028,327000835,46
DEQ,667665708155990,20,1028,333998889,45
DEQ,667665715158112,20,1028,340998372,44
DEQ,667665722151136,20,1028,347988614,43
DEQ,667665729161523,20,1028,354996133,42
DEQ,667665736152818,20,1028,361984209,41
DEQ,667665743155518,20,1028,368984219,40
DEQ,667665750175490,20,1028,376001835,39
DEQ,667665757157141,20,1028,382980711,38
DEQ,667665764160753,20,1028,389981806,37
DEQ,667665771157152,20,1028,396975781,67
DEQ,667665778165767,20,1028,403981756,66
DEQ,667665785157013,20,1028,410970276,65
DEQ,667665792160916,20,1028,417971659,64
DEQ,667665799157060,20,1028,424965416,63
DEQ,667665806165391,20,1028,431971459,62
DEQ,667665813158003,20,1028,438961705,61
DEQ,667665820156801,20,1028,445958024,60
DEQ,667665827154678,20,1028,452953270,59
DEQ,667665834154262,20,1028,459950305,58
DEQ,667665841162203,20,1028,466955745,57
DEQ,667665848145973,20,1028,473936753,56
DEQ,667665855155452,20,1028,480943747,55
DEQ,667665862155102,20,1028,487940642,54
DEQ,667665869153783,20,1028,494936596,53
DEQ,667665876154306,20,1028,238032467,52
DEQ,667665883157896,20,1028,245031921,51
DEQ,667665890155093,20,1028,252028129,50
DEQ,667665897157183,20,1028,259029475,49
DEQ,667665904161719,20,1028,266032959,48
DEQ,667665911164579,20,1028,273035027,47
DEQ,667665918152822,20,1028,280022601,46
DEQ,667665925182636,20,1028,287051743,45
DEQ,667665932130893,20,1028,293999355,44
DEQ,667665939081360,20,1028,300949162,43
DEQ,667665946184352,20,1028,308051476,42
DEQ,667665953031688,20,1028,314898100,41
DEQ,667665960180643,20,1028,322046320,40
DEQ,667665967031593,20,1028,328896624,39
DEQ,667665974158792,20,1028,336023169,38
DEQ,667665981169865,20,1028,343033577,37
DEQ,667665988156399,20,1028,350019223,36
DEQ,667665995170138,20,1028,357032244,35
DEQ,667666002151618,20,1028,364012911,34
DEQ,667666009070705,20,1028,370931166,33
DEQ,667666016160910,20,1028,378010169,32
DEQ,667666023155376,20,1028,385002497,31
DEQ,667666030135661,20,1028,264012840,84
DEQ,667666037156998,20,1028,271025445,83
DEQ,667666044153298,20,1028,278018893,82
DEQ,667666051161204,20,1028,285024118,81
DEQ,667666058151661,20,1028,292011779,80
DEQ,667666065164334,20,1028,299022108,79
DEQ,667666072144176,20,1028,305999371,78
DEQ,667666079158818,20,1028,313011427,77
DEQ,667666086162514,20,1028,320012550,76
DEQ,667666093156207,20,1028,327003772,75
DEQ,667666100160733,20,1028,334005623,74
DEQ,667666107162045,20,1028,341004566,73
DEQ,667666114155877,20,1028,347995793,72
DEQ,667666121077237,20,1028,354914490,71
DEQ,667666128167550,20,1028,362001410,70
DEQ,667666135159395,20,1028,368990517,69
DEQ,667666142158974,20,1028,375987789,68
DEQ,667666149164947,20,1028,382991086,67
DEQ,667666156172184,20,1028,389995689,66
DEQ,667666163162990,20,1028,396983696,65
DEQ,667666170154250,20,1028,403972559,64
DEQ,667666177161057,20,1028,410976762,63
DEQ,667666184160658,20,1028,417973971,62
DEQ,667666191157784,20,1028,424968776,61
DEQ,667666198154868,20,1028,431963575,60
DEQ,667666205161905,20,1028,438968268,59
DEQ,667666212154763,20,1028,445958885,58
DEQ,667666219156882,20,1028,452958722,57
STATS,667666219288906,57,58596,1556,1499,0,0,0
DEQ,667666226155083,20,1028,459954337,56
DEQ,667666233154451,20,1028,466950921,55
DEQ,667666240160683,20,1028,473954349,54
DEQ,667666247156787,20,1028,217119887,53
DEQ,667666254159688,20,1028,224095073,52
DEQ,667666261160832,20,1028,231095259,51
DEQ,667666268160938,20,1028,238094567,50
DEQ,667666275144333,20,1028,245076507,49
DEQ,667666282160502,20,1028,252091875,48
DEQ,667666289163147,20,1028,259093705,47
DEQ,667666296158978,20,1028,266088729,46
DEQ,667666303173469,20,1028,273102464,45
DEQ,667666310124678,20,1028,280052837,44
DEQ,667666317031445,20,1028,286958480,43
DEQ,667666324179668,20,1028,294105977,42
DEQ,667666331031451,20,1028,300956937,41
DEQ,667666338182236,20,1028,308106735,40
DEQ,667666345094990,20,1028,315018571,39
DEQ,667666352162283,20,1028,322084918,38
DEQ,667666359155080,20,1028,329076867,37
DEQ,667666366161616,20,1028,336082567,36
DEQ,667666373155881,20,1028,343075856,35
DEQ,667666380149592,20,1028,350068814,34
DEQ,667666387154284,20,1028,357072731,33
DEQ,667666394154680,20,1028,364072166,32
DEQ,667666401150816,20,1028,371067577,31
DEQ,667666408162403,20,1028,378078431,30
DEQ,667666415158394,20,1028,385073604,29
DEQ,667666422141487,20,1028,392055889,76
DEQ,667666429175033,20,1028,399088374,76
DEQ,667666436153251,20,1028,406065771,75
DEQ,667666443155703,20,1028,413067493,74
DEQ,667666450161154,20,1028,420072165,73
DEQ,667666457161622,20,1028,427071801,72
DEQ,667666464156390,20,1028,434065691,71
DEQ,667666471168045,20,1028,441076635,70
DEQ,667666478165515,20,1028,448072627,69
DEQ,667666485170812,20,1028,455076094,68
DEQ,667666492156123,20,1028,462059775,67
DEQ,667666499158391,20,1028,469060249,66
DEQ,667666506173417,20,1028,476073445,65
DEQ,667666513158872,20,1028,483057506,64
DEQ,667666520165470,20,1028,490062780,63
DEQ,667666527156749,20,1028,497053045,62
DEQ,667666534144472,20,1028,504040012,61
DEQ,667666541147471,20,1028,511042359,60
DEQ,667666548150376,20,1028,518044491,59
DEQ,667666555159780,20,1028,525053056,63
DEQ,667666562155851,20,1028,532048367,62
DEQ,667666569156228,20,1028,539047859,61
DEQ,667666576171221,20,1028,546062137,60
DEQ,667666583162662,20,1028,553052891,59
DEQ,667666590159171,20,1028,560048749,58
DEQ,667666597161485,20,1028,567050354,57
DEQ,667666604154010,20,1028,574042038,56
DEQ,667666611164796,20,1028,581052096,55
DEQ,667666618162680,20,1028,588048582,54
DEQ,667666625155584,20,1028,203065072,53
DEQ,667666632164871,20,1028,210070184,52
DEQ,667666639159879,20,1028,217064409,51
DEQ,667666646160885,20,84,224064608,50
DEQ,667666653160638,20,1028,231063456,49
DEQ,667666660150971,20,1028,238052998,48
DEQ,667666667158895,20,1028,245059918,47
DEQ,667666674154420,20,1028,252054561,46
DEQ,667666681130572,20,1028,259029980,45
DEQ,667666688029515,20,1028,265928183,59
DEQ,667666695190927,20,1028,273088672,58
DEQ,667666702031284,20,1028,279928370,57
DEQ,667666709177914,20,1028,287073842,56
DEQ,667666716030251,20,1028,293925429,55
DEQ,667666723173930,20,1028,301068147,54
DEQ,667666730152708,20,1028,308046053,53
DEQ,667666737151624,20,1028,315044198,52
DEQ,667666744160063,20,1028,322051937,51
DEQ,667666751162997,20,1028,329054166,50
DEQ,667666758176594,20,1028,336067118,49
DEQ,667666765170285,20,1028,343060062,48
DEQ,667666772163639,20,1028,350052682,47
DEQ,667666779158830,20,1028,357047182,46
DEQ,667666786154241,20,1028,364041938,45
DEQ,667666793160430,20,1028,371047480,44
DEQ,667666800150186,20,1028,378036503,43
DEQ,667666807167789,20,1028,385053280,42
DEQ,667666814140913,20,1028,392025676,80
DEQ,667666821162104,20,1028,399046202,79
DEQ,667666828163363,20,1028,406046819,78
DEQ,667666835159616,20,1028,413042310,77
DEQ,667666842154982,20,1028,420036946,76
DEQ,667666849156262,20,1028,427037490,75
DEQ,667666856155938,20,1028,434036542,74
DEQ,667666863158721,20,1028,441038665,73
DEQ,667666870159450,20,1028,448038732,72
DEQ,667666877147123,20,1028,455024703,71
DEQ,667666884155834,20,1028,462032736,70
DEQ,667666891157141,20,1028,469033364,69
DEQ,667666898147857,20,1028,476023275,68
DEQ,667666905160349,20,1028,483035059,67
DEQ,667666912149924,20,1028,490023907,66
DEQ,667666919158781,20,1028,497032042,65
DEQ,667666926154224,20,1028,504026540,64
DEQ,667666933156101,20,1028,511027437,63
DEQ,667666940161632,20,1028,518032200,62
DEQ,667666947136900,20,1028,525006388,61
DEQ,667666954153992,20,1028,532013279,60
DEQ,667666961156986,20,1028,539014379,59
DEQ,667666968159798,20,1028,418037110,58
DEQ,667666975156850,20,1028,425025792,57
DEQ,667666982156517,20,1028,432023188,56
DEQ,667666989152727,20,1028,439017157,55
DEQ,667666996154833,20,1028,446017116,54
DEQ,667667003155282,20,1028,317061120,53
DEQ,667667010151455,20,1028,324048789,52
DEQ,667667017171461,20,1028,331066567,51
DEQ,667667024157233,20,1028,338049620,50
DEQ,667667031168744,20,1028,345059024,49
DEQ,667667038162308,20,1028,352049493,48
DEQ,667667045156896,20,1028,359041924,47
DEQ,667667052154193,20,1028,366037047,46
DEQ,667667059113644,20,1028,372994406,45
DEQ,667667066030061,20,1028,379908548,44
DEQ,667667073140852,20,1028,387017188,43
DEQ,667667080092344,20,1028,393966544,72
DEQ,667667087174380,20,1028,401046212,71
DEQ,667667094091334,20,1028,407224285,70
DEQ,667667101119775,20,1028,413347870,69
DEQ,667667108163240,20,1028,294069961,68
DEQ,667667115159512,20,1028,301062393,67
DEQ,667667122153798,20,1028,308055844,66
DEQ,667667129151028,20,1028,315052343,65
DEQ,667667136153867,20,1028,322054324,64
DEQ,667667143151017,20,1028,329050730,63
DEQ,667667150155956,20,1028,336054992,62
DEQ,667667157146770,20,1028,343045148,61
DEQ,667667164154733,20,1028,350052396,60
DEQ,667667171153406,20,1028,357050437,59
DEQ,667667178159747,20,1028,364055912,58
DEQ,667667185150934,20,1028,371046428,57
DEQ,667667192148796,20,1028,378043598,56
DEQ,667667199156686,20,1028,385050738,55
DEQ,667667206136319,20,1028,392029629,78
DEQ,667667213159241,20,1028,399051863,77
DEQ,667667220152017,20,1028,406043999,76
STATS,667667220287247,76,78128,1718,1642,0,0,0
DEQ,667667227154194,20,1028,413045458,75
DEQ,667667234158633,20,1028,420049239,74
DEQ,667667241158374,20,1028,427048324,73
DEQ,667667248152125,20,1028,434041411,72
DEQ,667667255162420,20,1028,441051037,71
DEQ,667667262150390,20,1028,448038284,70
DEQ,667667269153651,20,1028,455040431,69
DEQ,667667276159923,20,1028,462045575,68
DEQ,667667283154529,20,1028,469039518,67
DEQ,667667290158467,20,1028,476042794,66
DEQ,667667297172757,20,1028,483056245,65
DEQ,667667304159024,20,1028,490041836,64
DEQ,667667311153312,20,1028,497035474,63
DEQ,667667318154774,20,1028,504036014,62
DEQ,667667325161739,20,1028,511042286,61
DEQ,667667332157970,20,1028,518037790,60
DEQ,667667339159574,20,1028,525038528,59
DEQ,667667346154524,20,1028,532032801,58
DEQ,667667353158792,20,1028,539036391,57
DEQ,667667360158496,20,1028,546035366,56
DEQ,667667367154021,20,1028,553030049,55
DEQ,667667374158545,20,1028,560033891,54
DEQ,667667381155764,20,1028,303065999,53
DEQ,667667388152036,20,1028,310053755,52
DEQ,667667395169930,20,1028,317069534,51
DEQ,667667402155244,20,1028,324052811,50
DEQ,667667409164055,20,1028,331059522,49
DEQ,667667416149443,20,1028,338042826,48
DEQ,667667423153928,20,1028,345045181,47
DEQ,667667430158577,20,1028,352047751,46
DEQ,667667437112572,20,1028,358999762,45
DEQ,667667444029675,20,1028,365914870,44
DEQ,667667451157303,20,1028,373040392,43
DEQ,667667458031036,20,1028,379912099,42
DEQ,667667465179847,20,1028,387058931,41
DEQ,667667472144271,20,1028,394021366,86
DEQ,667667479090724,20,1028,400965543,85
DEQ,667667486161506,20,1028,408034132,84
DEQ,667667493168180,20,1028,415038717,83
DEQ,667667500155878,20,1028,422024363,82
DEQ,667667507154213,20,1028,429020633,81
DEQ,667667514158256,20,1028,436022699,80
DEQ,667667521149456,20,1028,443011925,79
DEQ,667667528168031,20,1028,450028448,78
DEQ,667667535164663,20,1028,457022693,77
DEQ,667667542091523,20,1028,463947522,76
DEQ,667667549161965,20,1028,471015803,75
DEQ,667667556153472,20,1028,478005289,74
DEQ,667667563154887,20,1028,485004708,73
DEQ,667667570153547,20,1028,492001348,72
DEQ,667667577152969,20,1028,498715427,71
DEQ,667667584159162,20,1028,504820384,70
DEQ,667667591156388,20,1028,385064928,69
DEQ,667667598149306,20,1028,392053972,77
DEQ,667667605167375,20,1028,399071178,76
DEQ,667667612153350,20,1028,406056340,75
DEQ,667667619155516,20,1028,413057802,74
DEQ,667667626159304,20,1028,420060809,73
DEQ,667667633153842,20,1028,427054615,72
DEQ,667667640159259,20,1028,434059340,71
DEQ,667667647158861,20,1028,441058260,70
DEQ,667667654156744,20,1028,448055465,69
DEQ,667667661158866,20,1028,455056927,68
DEQ,667667668153322,20,1028,462050123,67
DEQ,667667675146238,20,1028,469041699,66
DEQ,667667682155081,20,1028,476049834,65
DEQ,667667689156584,20,1028,483050563,64
DEQ,667667696155091,20,1028,490048304,63
DEQ,667667703155313,20,1028,497047807,62
DEQ,667667710153379,20,1028,504045182,61
DEQ,667667717158666,20,1028,511049828,60
DEQ,667667724160862,20,1028,518051357,59
DEQ,667667731158034,20,1028,525047732,58
DEQ,667667738160038,20,1028,532049000,57
DEQ,667667745153670,20,1028,539041869,56
DEQ,667667752155823,20,1028,546043305,55
DEQ,667667759155177,20,84,289008872,54
DEQ,667667766158312,20,1028,296003735,53
DEQ,667667773147915,20,1028,302991156,52
DEQ,667667780150037,20,1028,309991074,51
DEQ,667667787165621,20,1028,317004545,50
DEQ,667667794162262,20,1028,323998668,49
DEQ,667667801155336,20,1028,330989575,48
DEQ,667667808154967,20,1028,337987031,47
DEQ,667667815168705,20,1028,344998696,46
DEQ,667667822117523,20,1028,351945410,45
DEQ,667667829030638,20,1028,358856450,44
DEQ,667667836196889,20,1028,366020591,43
DEQ,667667843030385,20,1028,372852062,42
DEQ,667667850175719,20,1028,379995376,41
DEQ,667667857030025,20,1028,386847663,40
DEQ,667667864194816,20,1028,394010025,92
DEQ,667667871156801,20,1028,400970006,91
DEQ,667667878165162,20,1028,407976303,90
DEQ,667667885163513,20,1028,414972590,89
DEQ,667667892162027,20,1028,421969043,88
DEQ,667667899155190,20,1028,428959653,87
DEQ,667667906159049,20,1028,435961389,86
DEQ,667667913159376,20,1028,442959530,85
DEQ,667667920153207,20,1028,449951213,84
DEQ,667667927160253,20,1028,456956203,83
DEQ,667667934156533,20,1028,463949481,82
DEQ,667667941157520,20,1028,470948395,81
DEQ,667667948155654,20,1028,477944527,80
DEQ,667667955154317,20,1028,484941060,79
DEQ,667667962154839,20,1028,491939613,78
DEQ,667667969155237,20,1028,498938020,77
DEQ,667667976149752,20,1028,505930530,76
DEQ,667667983153430,20,1028,512932156,75
DEQ,667667990161151,20,1028,519937759,75
DEQ,667667997154264,20,1028,526928750,74
DEQ,667668004162044,20,1028,533934539,73
DEQ,667668011133624,20,1028,540904125,72
DEQ,667668018152516,20,1028,547920962,71
DEQ,667668025159290,20,1028,554925685,70
DEQ,667668032148900,20,1028,561912264,69
DEQ,667668039159648,20,1028,568920918,68
DEQ,667668046153116,20,1028,575912048,67
DEQ,667668053152584,20,1028,582909444,66
DEQ,667668060152272,20,1028,589907022,65
DEQ,667668067155921,20,1028,596113544,64
DEQ,667668074150671,20,1028,602097420,63
DEQ,667668081155085,20,1028,483034855,62
DEQ,667668088153106,20,1028,490028908,61
DEQ,667668095157612,20,1028,497032526,60
DEQ,667668102152869,20,1028,504027086,59
DEQ,667668109150899,20,1028,511024332,58
DEQ,667668116147144,20,1028,518019855,57
DEQ,667668123154187,20,1028,525026119,56
DEQ,667668130158888,20,1028,532029976,55
DEQ,667668137169968,20,1028,539040335,54
DEQ,667668144161784,20,1028,281999578,53
DEQ,667668151169792,20,1028,289002868,52
DEQ,667668158167871,20,1028,295999077,51
DEQ,667668165158122,20,1028,302987462,50
DEQ,667668172156289,20,1028,309983802,49
DEQ,667668179161009,20,1028,316986580,48
DEQ,667668186161864,20,1028,323985579,47
DEQ,667668193158203,20,1028,330980276,46
DEQ,667668200152929,20,1028,337972927,45
DEQ,667668207155260,20,1028,344973155,44
DEQ,667668214146427,20,1028,351962305,43
DEQ,667668221136573,20,1028,358950376,42
STATS,667668221157347,42,43176,1827,1785,0,0,0
DEQ,667668228148797,20,1028,365960550,41
DEQ,667668235124127,20,1028,372933880,40
DEQ,667668242133517,20,1028,379941204,39
DEQ,667668249146469,20,1028,386952083,38
DEQ,667668256158819,20,1028,393962344,91
DEQ,667668263154936,20,1028,400956362,90
DEQ,667668270157022,20,1028,407956478,89
DEQ,667668277162350,20,1028,414959572,88
DEQ,667668284161043,20,1028,421956257,87
DEQ,667668291154869,20,1028,428947901,86
DEQ,667668298158619,20,1028,435949579,85
DEQ,667668305159076,20,1028,442948062,84
DEQ,667668312152741,20,1028,449939661,83
DEQ,667668319153138,20,1028,456938026,82
DEQ,667668326154441,20,1028,463937274,81
DEQ,667668333145740,20,1028,470926515,80
DEQ,667668340146949,20,1028,477925731,79
DEQ,667668347155651,20,1028,484932442,78
DEQ,667668354154527,20,1028,491929226,77
DEQ,667668361163008,20,1028,498935471,76
DEQ,667668368162646,20,1028,505933379,75
DEQ,667668375160486,20,1028,512929440,74
DEQ,667668382162717,20,1028,519929687,73
DEQ,667668389170540,20,1028,526935483,72
DEQ,667668396161928,20,1028,533925004,71
DEQ,667668403148115,20,1028,540909071,70
DEQ,667668410148525,20,1028,547907393,69
DEQ,667668417158932,20,1028,554915834,68
DEQ,667668424158527,20,1028,561913373,67
DEQ,667668431154677,20,1028,568907524,66
DEQ,667668438096034,20,1028,575846877,65
DEQ,667668445153915,20,1028,582902738,64
DEQ,667668452154361,20,1028,589901216,63
DEQ,667668459156290,20,1028,596901138,62
DEQ,667668466149977,20,1028,603892548,61
DEQ,667668473158919,20,1028,610899396,60
DEQ,667668480159298,20,1028,617897798,59
DEQ,667668487158788,20,1028,624895303,58
DEQ,667668494157665,20,1028,631892140,57
DEQ,667668501156368,20,1028,638025154,56
DEQ,667668508152633,20,1028,644065884,55
DEQ,667668515164734,20,1028,525062819,55
DEQ,667668522157660,20,1028,268030829,54
DEQ,667668529168067,20,1028,275031890,53
DEQ,667668536161649,20,1028,282022637,52
DEQ,667668543157847,20,1028,289016610,51
DEQ,667668550154098,20,1028,296010715,50
DEQ,667668557152054,20,1028,303006505,49
DEQ,667668564146678,20,1028,309999044,48
DEQ,667668571153703,20,1028,317003960,47
DEQ,667668578135874,20,1028,323983760,46
DEQ,667668585149586,20,1028,330995290,45
DEQ,667668592147887,20,1028,337991430,44
DEQ,667668599134509,20,1028,344975976,43
DEQ,667668606144190,20,1028,351983342,42
DEQ,667668613130391,20,1028,358967390,41
DEQ,667668620131741,20,1028,365966324,40
DEQ,667668627154552,20,1028,372987131,39
DEQ,667668634160760,20,1028,379991197,38
DEQ,667668641162800,20,1028,386990723,37
DEQ,667668648160755,20,1028,393986589,90
DEQ,667668655169051,20,1028,400992814,89
DEQ,667668662154785,20,1028,407976546,88
DEQ,667668669159423,20,1028,414978996,87
DEQ,667668676153985,20,1028,421971436,86
DEQ,667668683153573,20,1028,428968909,85
DEQ,667668690152355,20,1028,435965560,84
DEQ,667668697152878,20,1028,442964006,83
DEQ,667668704152412,20,1028,449961295,82
DEQ,667668711152786,20,1028,456959505,81
DEQ,667668718161643,20,1028,463966304,80
DEQ,667668725157004,20,1028,470959536,79
DEQ,667668732158268,20,1028,477958619,78
DEQ,667668739157790,20,1028,484955985,77
DEQ,667668746158211,20,1028,491954335,76
DEQ,667668753152782,20,1028,498946789,75
DEQ,667668760137568,20,1028,505929487,74
DEQ,667668767157802,20,1028,512947736,73
DEQ,667668774154047,20,1028,519941899,72
DEQ,667668781154377,20,1028,526940089,71
DEQ,667668788155429,20,1028,533938980,70
DEQ,667668795161743,20,1028,540943008,69
DEQ,667668802157191,20,1028,547935827,68
DEQ,667668809154490,20,1028,554931068,67
DEQ,667668816163532,20,1028,561938048,66
DEQ,667668823158310,20,1028,568930615,65
DEQ,667668830158491,20,1028,575928744,64
DEQ,667668837157657,20,1028,582925909,63
DEQ,667668844154368,20,1028,589920563,62
DEQ,667668851160076,20,1028,596924213,61
DEQ,667668858170972,20,1028,603932944,60
DEQ,667668865150212,20,1028,610910098,59
DEQ,667668872158052,20,1028,617915844,58
DEQ,667668879158408,20,1028,624914068,57
DEQ,667668886149743,20,1028,631903132,56
DEQ,667668893150992,20,1028,638902231,55
DEQ,667668900150574,20,84,390043454,54
DEQ,667668907154351,20,1028,261035124,53
DEQ,667668914158109,20,1028,268030329,52
DEQ,667668921160204,20,1028,275030126,51
DEQ,667668928152194,20,1028,282019738,50
DEQ,667668935154333,20,1028,289019676,49
DEQ,667668942152237,20,1028,296015386,48
DEQ,667668949151764,20,1028,303012708,47
DEQ,667668956161426,20,1028,310020199,46
DEQ,667668963152572,20,1028,317009164,45
DEQ,667668970151350,20,1028,324005748,44
DEQ,667668977132584,20,1028,330984871,43
DEQ,667668984142928,20,1028,337993058,42
DEQ,667668991154706,20,1028,345002708,41
DEQ,667668998116201,20,1028,351961920,40
DEQ,667669005129905,20,1028,358973555,39
DEQ,667669012157893,20,1028,365999089,38
DEQ,667669019161643,20,1028,373000725,37
DEQ,667669026142114,20,1028,379979115,36
DEQ,667669033150785,20,1028,386985594,35
DEQ,667669040152213,20,1028,393984860,88
DEQ,667669047155876,20,1028,400986412,87
DEQ,667669054152121,20,1028,407980515,86
DEQ,667669061155853,20,1028,414982191,85
DEQ,667669068141421,20,1028,421965630,84
DEQ,667669075153513,20,1028,428975706,83
DEQ,667669082153876,20,1028,435974019,82
DEQ,667669089146614,20,1028,442964406,81
DEQ,667669096152122,20,1028,449967862,80
DEQ,667669103154256,20,1028,456967853,79
DEQ,667669110162485,20,1028,463974011,78
DEQ,667669117170454,20,1028,470980023,77
DEQ,667669124162457,20,1028,477969613,76
DEQ,667669131155879,20,1028,484960897,75
DEQ,667669138156874,20,1028,491959731,74
DEQ,667669145158217,20,1028,498958941,73
DEQ,667669152152018,20,1028,505950574,72
DEQ,667669159150724,20,1028,512947195,71
DEQ,667669166136157,20,1028,519930572,70
DEQ,667669173158258,20,1028,526950554,69
DEQ,667669180159543,20,1028,533949744,68
DEQ,667669187154061,20,1028,540942023,67
DEQ,667669194157896,20,1028,547943665,66
DEQ,667669201158198,20,1028,554941858,65
DEQ,667669208150568,20,1028,561932165,64
DEQ,667669215158183,20,1028,568937712,63
DEQ,667669222156001,20,1028,575933553,62
STATS,667669222175322,62,63736,1990,1928,0,0,0
DEQ,667669229156398,20,1028,582931782,61
DEQ,667669236155045,20,1028,589928364,60
DEQ,667669243160750,20,1028,596931968,59
DEQ,667669250156900,20,1028,603925980,58
DEQ,667669257161356,20,1028,610928374,57
DEQ,667669264160718,20,1028,617925752,56
DEQ,667669271163054,20,1028,624925956,55
DEQ,667669278148546,20,1028,631909420,54
DEQ,667669285155604,20,1028,247042924,53
DEQ,667669292151999,20,1028,254030802,52
DEQ,667669299157256,20,1028,261033858,51
DEQ,667669306153515,20,1028,268028023,50
DEQ,667669313158001,20,1028,275030392,49
DEQ,667669320154325,20,1028,282024627,48
DEQ,667669327152167,20,1028,289020372,47
DEQ,667669334153500,20,1028,296019669,46
DEQ,667669341153700,20,1028,303017537,45
DEQ,667669348144561,20,1028,310006382,44
DEQ,667669355132958,20,1028,316992731,43
DEQ,667669362143417,20,1028,324000938,42
DEQ,667669369136500,20,1028,330992026,41
DEQ,667669376132643,20,1028,337986058,40
DEQ,667669383153997,20,1028,345005222,39
DEQ,667669390144625,20,1028,351993811,38
DEQ,667669397162520,20,1028,359009704,37
DEQ,667669404157370,20,1028,366002451,36
DEQ,667669411154196,20,1028,372997173,35
DEQ,667669418156821,20,1028,379997748,34
DEQ,667669425156980,20,1028,386995837,33
DEQ,667669432154126,20,1028,393990893,86
DEQ,667669439154533,20,1028,400989222,85
DEQ,667669446150029,20,1028,407982656,84
DEQ,667669453154517,20,1028,414985096,83
DEQ,667669460151538,20,1028,421980022,82
DEQ,667669467155459,20,1028,428981866,81
DEQ,667669474157641,20,1028,435981981,80
DEQ,667669481153951,20,1028,442976151,79
DEQ,667669488148323,20,1028,449968458,78
DEQ,667669495150444,20,1028,456968590,77
DEQ,667669502155920,20,1028,463972017,76
DEQ,667669509159544,20,1028,470973545,75
DEQ,667669516151586,20,1028,477963508,74
DEQ,667669523140225,20,1028,484950057,73
DEQ,667669530150802,20,1028,491958650,72
DEQ,667669537157890,20,1028,498963591,71
DEQ,667669544151655,20,1028,505955183,70
DEQ,667669551155337,20,1028,512956773,69
DEQ,667669558145703,20,1028,519945131,69
DEQ,667669565152008,20,1028,526949431,68
DEQ,667669572153279,20,1028,533948734,67
DEQ,667669579152835,20,1028,540946243,66
DEQ,667669586150878,20,1028,547942086,65
DEQ,667669593144409,20,1028,554933527,64
DEQ,667669600157726,20,1028,561944787,63
DEQ,667669607149545,20,1028,568934533,62
DEQ,667669614154932,20,1028,575937826,61
DEQ,667669621151171,20,1028,582932093,60
DEQ,667669628157439,20,1028,589936241,59
DEQ,667669635156083,20,1028,596932817,58
DEQ,667669642153218,20,1028,603927849,57
DEQ,667669649156896,20,1028,610929333,56
DEQ,667669656161357,20,1028,617930456,55
DEQ,667669663157054,20,1028,233044354,54
DEQ,667669670141542,20,1028,240020270,53
DEQ,667669677154394,20,1028,247030917,52
DEQ,667669684156977,20,1028,254031388,51
DEQ,667669691156099,20,1028,261028505,50
DEQ,667669698153950,20,1028,268024058,49
DEQ,667669705151872,20,1028,275019640,48
DEQ,667669712157320,20,1028,282022938,47
DEQ,667669719155435,20,1028,289018980,46
DEQ,667669726140662,20,1028,296002100,45
DEQ,667669733128536,20,1028,302987896,44
DEQ,667669740128152,20,1028,309985536,43
DEQ,667669747146816,20,1028,317002090,42
DEQ,667669754139077,20,1028,323992245,41
DEQ,667669761132705,20,1028,330983804,40
DEQ,667669768151490,20,1028,338000508,39
DEQ,667669775151809,20,1028,344998784,38
DEQ,667669782160612,20,1028,352005500,37
DEQ,667669789152766,20,1028,358995525,36
DEQ,667669796158094,20,1028,365998751,35
DEQ,667669803151824,20,1028,372990448,34
DEQ,667669810158818,20,1028,379995321,33
DEQ,667669817160490,20,1028,386994986,32
DEQ,667669824166651,20,1028,393999128,85
DEQ,667669831158410,20,1028,400988928,84
DEQ,667669838151410,20,1028,407980005,83
DEQ,667669845144200,20,1028,414970605,82
DEQ,667669852144155,20,1028,421968446,81
DEQ,667669859155877,20,1028,428977986,80
DEQ,667669866152925,20,1028,435972989,79
DEQ,667669873153470,20,1028,442971487,78
DEQ,667669880153009,20,1028,449969038,77
DEQ,667669887157495,20,1028,456971438,76
DEQ,667669894151327,20,1028,463963191,75
DEQ,667669901151267,20,1028,470960885,74
DEQ,667669908151352,20,1028,477958968,73
DEQ,667669915150835,20,1028,484956246,72
DEQ,667669922148856,20,1028,491952194,71
DEQ,667669929159199,20,1028,498960370,70
DEQ,667669936152917,20,1028,505951896,69
DEQ,667669943159330,20,1028,512956344,68
DEQ,667669950148772,20,1028,519943791,67
DEQ,667669957158247,20,1028,526951278,66
DEQ,667669964156175,20,1028,533946974,65
DEQ,667669971155224,20,1028,540943918,64
DEQ,667669978146196,20,1028,547932908,63
DEQ,667669985145033,20,1028,554929730,62
DEQ,667669992152852,20,1028,561935501,61
DEQ,667669999153223,20,1028,568933732,60
DEQ,667670006140416,20,1028,575918950,59
DEQ,667670013144065,20,1028,582920525,58
DEQ,667670020151274,20,1028,589925599,57
DEQ,667670027149203,20,1028,596921451,56
DEQ,667670034152734,20,1028,603923004,55
DEQ,667670041152361,20,84,483084619,54
DEQ,667670048151160,20,1028,226031461,53
DEQ,667670055151524,20,1028,233022584,52
DEQ,667670062150379,20,1028,240018730,51
DEQ,667670069152535,20,1028,247018272,50
DEQ,667670076148840,20,1028,254011820,49
DEQ,667670083150713,20,1028,261010868,48
DEQ,667670090168046,20,1028,268025144,47
DEQ,667670097153901,20,1028,275008235,46
DEQ,667670104151308,20,1028,282003222,45
DEQ,667670111122353,20,1028,288971796,44
DEQ,667670118136948,20,1028,295983799,43
DEQ,667670125153991,20,1028,302998370,42
DEQ,667670132118535,20,1028,309960590,41
DEQ,667670139134021,20,1028,316973370,40
DEQ,667670146137689,20,1028,323974673,39
DEQ,667670153152158,20,1028,330986626,38
DEQ,667670160151026,20,1028,337982727,37
DEQ,667670167153221,20,1028,344982481,36
DEQ,667670174152821,20,1028,351979341,35
DEQ,667670181159898,20,1028,358983684,34
DEQ,667670188091673,20,1028,365912703,33
DEQ,667670195154743,20,1028,372973169,32
DEQ,667670202153461,20,1028,379969211,31
DEQ,667670209162205,20,1028,386975361,30
DEQ,667670216154960,20,1028,393965412,83
DEQ,667670223154525,20,1028,400962054,82
STATS,667670223173653,82,84296,2153,2071,0,0,0
DEQ,667670230150933,20,1028,407956190,81
DEQ,667670237151380,20,1028,414953969,80
DEQ,667670244145083,20,1028,421945150,79
DEQ,667670251143774,20,1028,428941543,78
DEQ,667670258151117,20,1028,435946295,77
DEQ,667670265145347,20,1028,442937707,76
DEQ,667670272153003,20,1028,449942919,75
DEQ,667670279151359,20,1028,456938653,74
DEQ,667670286155923,20,1028,463940285,73
DEQ,667670293160411,20,1028,470942115,72
DEQ,667670300156970,20,1028,477936440,71
DEQ,667670307152114,20,1028,484928915,70
DEQ,667670314156726,20,1028,491931168,69
DEQ,667670321145457,20,1028,498917444,68
DEQ,667670328153478,20,1028,505922856,67
DEQ,667670335161209,20,1028,512927809,66
DEQ,667670342150509,20,1028,519914753,65
DEQ,667670349168108,20,1028,526929844,64
DEQ,667670356160181,20,1028,533919404,63
DEQ,667670363153476,20,1028,540910368,62
DEQ,667670370160535,20,1028,547915081,61
DEQ,667670377156501,20,1028,554908640,60
DEQ,667670384162590,20,1028,561912186,59
DEQ,667670391156357,20,1028,568903548,58
DEQ,667670398156924,20,1028,575901360,57
DEQ,667670405166298,20,1028,582908037,56
DEQ,667670412154481,20,1028,589893427,55
DEQ,667670419156074,20,1028,596892564,54
DEQ,667670426166953,20,1028,212059061,53
DEQ,667670433160943,20,1028,219029202,52
DEQ,667670440159187,20,1028,226024526,51
DEQ,667670447156042,20,1028,233018513,50
DEQ,667670454156790,20,1028,240016333,49
DEQ,667670461169644,20,1028,247026721,48
DEQ,667670468159845,20,1028,254014488,47
DEQ,667670475166828,20,1028,261018811,46
DEQ,667670482154516,20,1028,268003443,45
DEQ,667670489153818,20,1028,274999812,44
DEQ,667670496140872,20,1028,281984338,43
DEQ,667670503131129,20,1028,288971880,42
DEQ,667670510149135,20,1028,295987239,41
DEQ,667670517130385,20,1028,302965788,40
DEQ,667670524130617,20,1028,309963624,39
DEQ,667670531154965,20,1028,316985341,38
DEQ,667670538160226,20,1028,323987784,37
DEQ,667670545156925,20,1028,330981970,36
DEQ,667670552152587,20,1028,337975221,35
DEQ,667670559157039,20,1028,344977154,34
DEQ,667670566153985,20,1028,351971705,33
DEQ,667670573154413,20,1028,358969559,32
DEQ,667670580156587,20,1028,365969168,31
DEQ,667670587153584,20,1028,372963869,30
DEQ,667670594149166,20,1028,379956997,29
DEQ,667670601156898,20,1028,386962087,28
DEQ,667670608147366,20,1028,393950008,81
DEQ,667670615155352,20,1028,400955333,80
DEQ,667670622148959,20,1028,407946324,79
DEQ,667670629155039,20,1028,414949713,78
DEQ,667670636151471,20,1028,421943692,77
DEQ,667670643153513,20,1028,428943200,76
DEQ,667670650153099,20,1028,435940028,75
DEQ,667670657148218,20,1028,442932575,74
DEQ,667670664151498,20,1028,449933214,73
DEQ,667670671174329,20,1028,456953597,72
DEQ,667670678166315,20,1028,463943251,71
DEQ,667670685156911,20,1028,470931404,70
DEQ,667670692159767,20,1028,477932098,69
DEQ,667670699167471,20,1028,484937044,68
DEQ,667670706160212,20,1028,491927359,67
DEQ,667670713156743,20,1028,498921387,66
DEQ,667670720150527,20,1028,505912782,65
DEQ,667670727153399,20,1028,512912800,64
DEQ,667670734152361,20,1028,519909203,63
DEQ,667670741150970,20,1028,526905447,62
DEQ,667670748146368,20,1028,533898354,61
DEQ,667670755152507,20,1028,540902108,60
DEQ,667670762152444,20,1028,547899492,59
DEQ,667670769145827,20,1028,554890262,58
DEQ,667670776152114,20,1028,561894237,57
DEQ,667670783154190,20,1028,568893697,56
DEQ,667670790146330,20,1028,575883209,55
DEQ,667670797156555,20,1028,582891054,54
DEQ,667670804156319,20,1028,198051623,53
DEQ,667670811156697,20,1028,205038181,52
DEQ,667670818153503,20,1028,212032809,51
DEQ,667670825158847,20,1028,219035111,50
DEQ,667670832158749,20,1028,226032876,49
DEQ,667670839157204,20,1028,233029232,48
DEQ,667670846149703,20,1028,240019605,47
DEQ,667670853153099,20,1028,247020897,46
DEQ,667670860150396,20,1028,254016123,45
DEQ,667670867134194,20,1028,260997850,59
DEQ,667670874132802,20,1028,267994163,58
DEQ,667670881111736,20,1028,274971089,57
DEQ,667670888026559,20,1028,281883829,56
DEQ,667670895171653,20,1028,289026698,55
DEQ,667670902026190,20,1028,295879092,54
DEQ,667670909155387,20,1028,303006191,53
DEQ,667670916153268,20,1028,310001851,52
DEQ,667670923156541,20,1028,317003032,51
DEQ,667670930161364,20,1028,324005775,50
DEQ,667670937156644,20,1028,330998974,49
DEQ,667670944151940,20,1028,337992057,48
DEQ,667670951163047,20,1028,345000955,47
DEQ,667670958147936,20,1028,351983778,46
DEQ,667670965156633,20,1028,358990394,45
DEQ,667670972150312,20,1028,365982103,44
DEQ,667670979155672,20,1028,372985329,43
DEQ,667670986156166,20,1028,379983707,42
DEQ,667670993148135,20,1028,386973604,41
DEQ,667671000151955,20,1028,393975295,79
DEQ,667671007153132,20,1028,400974412,78
DEQ,667671014152053,20,1028,407971259,77
DEQ,667671021144712,20,1028,414961828,76
DEQ,667671028147519,20,1028,421962558,75
DEQ,667671035139678,20,1028,428952670,74
DEQ,667671042170866,20,1028,435981796,73
DEQ,667671049148681,20,1028,442957462,72
DEQ,667671056164865,20,1028,449971633,71
DEQ,667671063156930,20,1028,456961644,70
DEQ,667671070138670,20,1028,463941318,69
DEQ,667671077147443,20,1028,470948026,68
DEQ,667671084159969,20,1028,477958527,67
DEQ,667671091149131,20,1028,484945711,66
DEQ,667671098155103,20,1028,491949642,65
DEQ,667671105155082,20,1028,498947413,64
DEQ,667671112159242,20,1028,505949403,63
DEQ,667671119156302,20,1028,512944342,62
DEQ,667671126142066,20,1028,519928068,61
DEQ,667671133156321,20,1028,526940340,60
DEQ,667671140158452,20,1028,533940381,59
DEQ,667671147165180,20,1028,540944952,58
DEQ,667671154158333,20,1028,547935944,57
DEQ,667671161167477,20,1028,554943061,56
DEQ,667671168151893,20,1028,561925373,55
DEQ,667671175166880,20,1028,568938295,54
DEQ,667671182155865,20,1028,320051279,53
DEQ,667671189053901,20,1028,326931947,52
DEQ,667671196158456,20,1028,334034064,51
DEQ,667671203159314,20,1028,341032777,50
DEQ,667671210158729,20,1028,348030035,49
DEQ,667671217157936,20,1028,355027110,48
DEQ,667671224155834,20,1028,362023010,47
STATS,667671224175074,47,48316,2261,2214,0,0,0
DEQ,667671231153857,20,1028,369018952,46
DEQ,667671238133695,20,1028,375996704,45
DEQ,667671245118794,20,1028,382979709,44
DEQ,667671252130057,20,1028,389143571,43
DEQ,667671259142958,20,1028,395169365,72
DEQ,667671266167546,20,1028,401207165,71
DEQ,667671273147248,20,1028,407189396,70
DEQ,667671280131700,20,1028,413250770,69
DEQ,667671287152060,20,1028,289030770,68
DEQ,667671294154139,20,1028,296024155,67
DEQ,667671301152072,20,1028,303019892,66
DEQ,667671308144966,20,1028,310010514,65
DEQ,667671315152132,20,1028,317015562,64
DEQ,667671322167612,20,1028,324028940,63
DEQ,667671329148138,20,1028,331007267,62
DEQ,667671336154143,20,1028,338011174,61
DEQ,667671343157260,20,1028,345012110,60
DEQ,667671350155017,20,1028,352007755,59
DEQ,667671357151915,20,1028,359002567,58
DEQ,667671364155839,20,1028,366004420,57
DEQ,667671371154463,20,1028,373000837,56
DEQ,667671378155778,20,1028,379999929,55
DEQ,667671385160354,20,1028,387002414,54
DEQ,667671392149967,20,1028,393989978,77
DEQ,667671399150157,20,1028,400988178,76
DEQ,667671406158155,20,1028,407994103,75
DEQ,667671413151976,20,1028,414985851,74
DEQ,667671420155716,20,1028,421987497,73
DEQ,667671427150318,20,1028,428979993,72
DEQ,667671434152448,20,1028,435979942,71
DEQ,667671441155921,20,1028,442981402,70
DEQ,667671448151556,20,1028,449974958,69
DEQ,667671455152775,20,1028,456974104,68
DEQ,667671462116311,20,1028,463935557,67
DEQ,667671469154322,20,1028,470971497,66
DEQ,667671476154745,20,1028,477969821,65
DEQ,667671483156978,20,1028,484969959,64
DEQ,667671490165036,20,1028,491976028,63
DEQ,667671497154956,20,1028,498963935,62
DEQ,667671504159023,20,1028,505965791,61
DEQ,667671511185253,20,1028,512989922,60
DEQ,667671518156273,20,1028,519958872,60
DEQ,667671525157168,20,1028,526957614,59
DEQ,667671532145604,20,1028,533943905,58
DEQ,667671539155801,20,1028,540951997,57
DEQ,667671546145920,20,1028,547940101,56
DEQ,667671553160454,20,1028,554952623,55
DEQ,667671560158434,20,1028,306014384,54
DEQ,667671567153378,20,1028,312995402,53
DEQ,667671574163502,20,1028,320003239,52
DEQ,667671581173390,20,1028,327011027,51
DEQ,667671588155424,20,1028,333990867,50
DEQ,667671595153704,20,1028,340987050,49
DEQ,667671602158786,20,1028,347990015,48
DEQ,667671609154342,20,1028,354983502,47
DEQ,667671616152557,20,1028,361979624,46
DEQ,667671623154631,20,1028,368979456,45
DEQ,667671630130526,20,1028,375953241,44
DEQ,667671637135123,20,1028,382955815,43
DEQ,667671644156519,20,1028,389975107,42
DEQ,667671651190437,20,1028,397006956,85
DEQ,667671658141263,20,1028,403955700,84
DEQ,667671665159256,20,1028,410971580,83
DEQ,667671672149620,20,1028,417959897,82
DEQ,667671679163325,20,1028,424971535,81
DEQ,667671686149721,20,1028,431955847,80
DEQ,667671693153153,20,1028,438957195,79
DEQ,667671700155551,20,1028,445957598,78
DEQ,667671707158511,20,1028,452958241,77
DEQ,667671714155438,20,1028,459952958,76
DEQ,667671721148323,20,1028,466943652,75
DEQ,667671728149651,20,1028,473942929,74
DEQ,667671735152800,20,1028,480097184,73
DEQ,667671742147328,20,1028,486091051,72
DEQ,667671749142470,20,1028,492089459,71
DEQ,667671756155393,20,1028,498103873,70
DEQ,667671763154337,20,1028,504113149,69
DEQ,667671770149535,20,1028,380036127,68
DEQ,667671777158187,20,1028,387036107,67
DEQ,667671784156288,20,1028,394031985,76
DEQ,667671791151709,20,1028,401025317,75
DEQ,667671798149625,20,1028,408021102,74
DEQ,667671805154143,20,1028,415023388,73
DEQ,667671812157065,20,1028,422024194,72
DEQ,667671819152349,20,1028,429017187,71
DEQ,667671826155452,20,1028,436018103,70
DEQ,667671833151843,20,1028,443012316,69
DEQ,667671840155435,20,1028,450013596,68
DEQ,667671847153211,20,1028,457009282,67
DEQ,667671854157903,20,1028,464011983,66
DEQ,667671861158901,20,1028,471010924,65
DEQ,667671868151139,20,1028,478000929,64
DEQ,667671875153100,20,1028,485000780,63
DEQ,667671882158223,20,1028,492003790,62
DEQ,667671889162160,20,1028,499005645,61
DEQ,667671896158445,20,1028,505999951,60
DEQ,667671903165452,20,1028,513004784,59
DEQ,667671910155185,20,1028,519992374,58
DEQ,667671917153273,20,1028,526988465,57
DEQ,667671924154240,20,1028,533987287,56
DEQ,667671931151892,20,1028,540982939,55
DEQ,667671938165161,20,84,420099302,54
DEQ,667671945117416,20,1028,299008708,53
DEQ,667671952124600,20,1028,305996567,52
DEQ,667671959112590,20,1028,312982250,51
DEQ,667671966144824,20,1028,320012052,50
DEQ,667671973115792,20,1028,326980921,49
DEQ,667671980161452,20,1028,334024387,48
DEQ,667671987149102,20,1028,341009827,47
DEQ,667671994156971,20,1028,348015234,46
DEQ,667672001169802,20,1028,355025924,45
DEQ,667672008142978,20,1028,361996970,44
DEQ,667672015138894,20,1028,368990555,43
DEQ,667672022139678,20,1028,375988921,42
DEQ,667672029142745,20,1028,382989887,41
DEQ,667672036026666,20,1028,389871702,40
DEQ,667672043080858,20,1028,396923343,90
DEQ,667672050154211,20,1028,403994447,89
DEQ,667672057151092,20,1028,410989161,88
DEQ,667672064154628,20,1028,417990563,87
DEQ,667672071145836,20,1028,424979488,86
DEQ,667672078152733,20,1028,431984330,85
DEQ,667672085166785,20,1028,438996238,84
DEQ,667672092161028,20,1028,445988139,83
DEQ,667672099156676,20,1028,452981591,82
DEQ,667672106164484,20,1028,459987318,81
DEQ,667672113142929,20,1028,466963615,80
DEQ,667672120150919,20,1028,473969450,79
DEQ,667672127153869,20,1028,480970301,78
DEQ,667672134152647,20,1028,487966937,77
DEQ,667672141151325,20,1028,494963570,76
DEQ,667672148150209,20,1028,501960400,75
DEQ,667672155154538,20,1028,508962683,74
DEQ,667672162149245,20,1028,515955215,73
DEQ,667672169129579,20,1028,522933264,72
DEQ,667672176154932,20,1028,529956556,74
DEQ,667672183152153,20,1028,536951537,73
DEQ,667672190150926,20,1028,543948116,72
DEQ,667672197152093,20,1028,550946914,71
DEQ,667672204145896,20,1028,557938576,70
DEQ,667672211154549,20,1028,564945105,69
DEQ,667672218145187,20,1028,571147228,68
DEQ,667672225164803,20,1028,577164977,67
STATS,667672225303367,67,68876,2424,2357,0,0,0
DEQ,667672232154902,20,1028,583158685,66
DEQ,667672239147215,20,1028,589140105,65
DEQ,667672246149171,20,1028,595149453,64
DEQ,667672253150394,20,1028,471029396,63
DEQ,667672260141611,20,1028,478012186,62
DEQ,667672267149457,20,1028,485017869,61
DEQ,667672274150788,20,1028,492016868,60
DEQ,667672281155186,20,1028,499019139,59
DEQ,667672288150747,20,1028,506012518,58
DEQ,667672295151513,20,1028,513011138,57
DEQ,667672302144322,20,1028,520001928,56
DEQ,667672309148575,20,1028,527003854,55
DEQ,667672316146928,20,1028,533999901,54
DEQ,667672323155324,20,1028,285139094,53
DEQ,667672330144865,20,1028,292092426,52
DEQ,667672337156876,20,1028,299089579,51
DEQ,667672344154827,20,1028,306085177,50
DEQ,667672351159816,20,1028,313087849,49
DEQ,667672358150682,20,1028,320076456,48
DEQ,667672365151089,20,1028,327074567,47
DEQ,667672372149806,20,1028,334071042,46
DEQ,667672379124309,20,1028,341043176,45
DEQ,667672386024997,20,1028,347941579,44
DEQ,667672393173198,20,1028,355087027,43
DEQ,667672400137288,20,1028,362048783,42
DEQ,667672407025696,20,1028,368934871,41
DEQ,667672414089168,20,1028,375995903,40
DEQ,667672421104287,20,1028,383008720,39
DEQ,667672428155555,20,1028,390057697,38
DEQ,667672435148561,20,1028,397048596,91
DEQ,667672442154777,20,1028,404052218,90
DEQ,667672449150162,20,1028,411044992,89
DEQ,667672456154923,20,1028,418047533,88
DEQ,667672463129201,20,1028,425019429,87
DEQ,667672470135944,20,1028,432023863,86
DEQ,667672477133692,20,1028,439019234,85
DEQ,667672484043210,20,1028,445926497,84
DEQ,667672491154610,20,1028,453035285,83
DEQ,667672498156966,20,1028,460035229,82
DEQ,667672505157563,20,1028,467033476,81
DEQ,667672512155233,20,1028,474028909,80
DEQ,667672519154335,20,1028,481025817,79
DEQ,667672526151220,20,1028,488020394,78
DEQ,667672533162384,20,1028,495029289,77
DEQ,667672540157001,20,1028,502021313,76
DEQ,667672547148449,20,1028,509010194,75
DEQ,667672554149814,20,1028,516009235,74
DEQ,667672561149351,20,1028,523006349,73
DEQ,667672568150551,20,1028,530005413,73
DEQ,667672575150900,20,1028,537003466,72
DEQ,667672582148855,20,1028,543999143,71
DEQ,667672589149339,20,1028,550997316,70
DEQ,667672596154724,20,1028,558000422,69
DEQ,667672603146021,20,1028,564989470,68
DEQ,667672610149814,20,1028,571990880,67
DEQ,667672617150194,20,1028,578988786,66
DEQ,667672624147172,20,1028,585983370,65
DEQ,667672631154212,20,1028,592988082,64
DEQ,667672638153091,20,1028,599984506,63
DEQ,667672645147463,20,1028,606869792,62
DEQ,667672652154794,20,1028,613000796,61
DEQ,667672659154044,20,1028,619015315,60
DEQ,667672666153739,20,1028,625014928,59
DEQ,667672673141525,20,1028,631001361,58
DEQ,667672680154580,20,1028,506038860,57
DEQ,667672687151112,20,1028,513026943,56
DEQ,667672694150491,20,1028,520024049,55
DEQ,667672701150863,20,1028,271027393,54
DEQ,667672708150521,20,1028,278017032,53
DEQ,667672715149912,20,1028,285013758,52
DEQ,667672722154376,20,1028,292015762,51
DEQ,667672729149134,20,1028,299007690,50
DEQ,667672736158936,20,1028,306014720,49
DEQ,667672743155722,20,1028,313008713,48
DEQ,667672750148855,20,1028,319999209,47
DEQ,667672757130893,20,1028,326978914,46
DEQ,667672764024578,20,1028,333869746,45
DEQ,667672771081781,20,1028,340924223,44
DEQ,667672778138869,20,1028,347978641,43
DEQ,667672785025258,20,1028,354862365,42
DEQ,667672792167097,20,1028,362001528,41
DEQ,667672799119495,20,1028,368951264,40
DEQ,667672806157228,20,1028,375986309,39
DEQ,667672813150533,20,1028,382977186,38
DEQ,667672820153978,20,1028,389977895,37
DEQ,667672827151609,20,1028,396972951,90
DEQ,667672834153803,20,1028,403972303,89
DEQ,667672841159235,20,1028,410975495,88
DEQ,667672848156818,20,1028,417970094,87
DEQ,667672855135805,20,1028,424946363,86
DEQ,667672862157125,20,1028,431965026,85
DEQ,667672869152547,20,1028,438958064,84
DEQ,667672876143400,20,1028,445946456,83
DEQ,667672883156464,20,1028,452957027,82
DEQ,667672890145997,20,1028,459944169,81
DEQ,667672897154148,20,1028,466949735,80
DEQ,667672904147935,20,1028,473940844,79
DEQ,667672911154696,20,1028,480945297,78
DEQ,667672918139401,20,1028,487927329,77
DEQ,667672925152428,20,1028,494937633,76
DEQ,667672932147748,20,1028,501929119,75
DEQ,667672939149732,20,1028,508928320,74
DEQ,667672946142573,20,1028,515918470,73
DEQ,667672953151428,20,1028,522924654,72
DEQ,667672960139316,20,1028,529910176,71
DEQ,667672967158314,20,1028,536926382,70
DEQ,667672974148472,20,1028,543913736,69
DEQ,667672981148750,20,1028,550911382,68
DEQ,667672988136102,20,1028,557896090,67
DEQ,667672995142859,20,1028,564900305,66
DEQ,667673002151191,20,1028,571905593,65
DEQ,667673009157268,20,1028,578908943,64
DEQ,667673016146805,20,1028,585896044,63
DEQ,667673023154611,20,1028,592901086,62
DEQ,667673030150966,20,1028,599894010,61
DEQ,667673037155377,20,1028,606895563,60
DEQ,667673044163877,20,1028,613901303,59
DEQ,667673051154916,20,1028,620889655,58
DEQ,667673058161038,20,1028,627893231,57
DEQ,667673065149656,20,1028,634879401,56
DEQ,667673072144216,20,1028,641871462,55
DEQ,667673079146134,20,84,513027037,54
DEQ,667673086145227,20,1028,264025913,53
DEQ,667673093142927,20,1028,271014560,52
DEQ,667673100147554,20,1028,278016740,51
DEQ,667673107150460,20,1028,285017405,50
DEQ,667673114146678,20,1028,292011496,49
DEQ,667673121154498,20,1028,299017034,48
DEQ,667673128154155,20,1028,306014510,47
DEQ,667673135142869,20,1028,313001100,46
DEQ,667673142115256,20,1028,319971412,45
DEQ,667673149025120,20,1028,326879187,44
DEQ,667673156180911,20,1028,334032373,43
DEQ,667673163025042,20,1028,340874414,42
DEQ,667673170171189,20,1028,348018451,41
DEQ,667673177025174,20,1028,354870177,40
DEQ,667673184165674,20,1028,362008495,39
DEQ,667673191156762,20,1028,368997561,38
DEQ,667673198154926,20,1028,375993174,37
DEQ,667673205155334,20,1028,382991492,36
DEQ,667673212152428,20,1028,389986335,35
DEQ,667673219155124,20,1028,396986412,88
DEQ,667673226153572,20,1028,403982754,87
STATS,667673226289285,87,89436,2587,2500,0,0,0
DEQ,667673233170997,20,1028,410998071,86
DEQ,667673240152814,20,1028,417977875,85
DEQ,667673247155467,20,1028,424976683,84
DEQ,667673254154300,20,1028,431973324,83
DEQ,667673261156169,20,1028,438973168,82
DEQ,667673268157668,20,1028,445972545,81
DEQ,667673275162968,20,1028,452975699,80
DEQ,667673282167742,20,1028,459978422,79
DEQ,667673289148530,20,1028,466957195,78
DEQ,667673296164731,20,1028,473971253,77
DEQ,667673303153573,20,1028,480958073,76
DEQ,667673310155370,20,1028,487957840,75
DEQ,667673317152750,20,1028,494953139,74
DEQ,667673324147279,20,1028,501945684,73
DEQ,667673331147684,20,1028,508943479,72
DEQ,667673338155599,20,1028,515949328,71
DEQ,667673345150186,20,1028,522941933,70
DEQ,667673352154077,20,1028,529943570,69
DEQ,667673359153398,20,1028,536940653,68
DEQ,667673366153022,20,1028,543938214,67
DEQ,667673373148564,20,1028,550931685,66
DEQ,667673380149721,20,1028,557930774,65
DEQ,667673387148410,20,1028,564927280,64
DEQ,667673394153952,20,1028,571930211,63
DEQ,667673401148398,20,1028,578922400,62
DEQ,667673408148044,20,1028,585919937,61
DEQ,667673415148466,20,1028,592918317,60
DEQ,667673422151261,20,1028,599919123,59
DEQ,667673429148462,20,1028,606914236,58
DEQ,667673436147989,20,1028,613911617,57
DEQ,667673443153463,20,1028,620914897,56
DEQ,667673450157126,20,1028,627916392,55
DEQ,667673457143128,20,1028,634900330,54
DEQ,667673464160075,20,1028,250039854,53
DEQ,667673471154895,20,1028,257025293,52
DEQ,667673478147294,20,1028,264014808,51
DEQ,667673485151894,20,1028,271016817,50
DEQ,667673492148808,20,1028,278011010,49
DEQ,667673499152569,20,1028,285012163,48
DEQ,667673506150482,20,1028,292007426,47
DEQ,667673513150886,20,1028,299005097,46
DEQ,667673520114645,20,1028,305966207,45
DEQ,667673527026577,20,1028,312875569,44
DEQ,667673534171544,20,1028,320017729,43
DEQ,667673541087082,20,1028,326929887,42
DEQ,667673548172188,20,1028,334012280,41
DEQ,667673555144085,20,1028,340981055,40
DEQ,667673562095536,20,1028,347929694,39
DEQ,667673569157049,20,1028,354988440,38
DEQ,667673576148812,20,1028,361977541,37
DEQ,667673583156402,20,1028,368982694,36
DEQ,667673590152502,20,1028,375976405,35
DEQ,667673597149095,20,1028,382970578,34
DEQ,667673604153741,20,1028,389972606,33
DEQ,667673611151566,20,1028,396967688,87
DEQ,667673618147889,20,1028,403961388,86
DEQ,667673625148292,20,1028,410959506,85
DEQ,667673632149516,20,1028,417958040,84
DEQ,667673639144874,20,1028,424950406,83
DEQ,667673646147961,20,1028,431950869,82
DEQ,667673653150607,20,1028,438951122,81
DEQ,667673660144640,20,1028,445942693,80
DEQ,667673667143162,20,1028,452938784,79
DEQ,667673674149243,20,1028,459942094,78
DEQ,667673681147342,20,1028,466937663,77
DEQ,667673688154340,20,1028,473942151,76
DEQ,667673695149808,20,1028,480935311,75
DEQ,667673702149434,20,1028,487932429,74
DEQ,667673709147383,20,1028,494927709,73
DEQ,667673716148904,20,1028,501926560,72
DEQ,667673723152464,20,1028,508927321,71
DEQ,667673730153865,20,1028,515925976,70
DEQ,667673737157180,20,1028,522926585,69
DEQ,667673744138488,20,1028,529905252,68
DEQ,667673751129273,20,1028,536893503,67
DEQ,667673758128580,20,1028,543890198,66
DEQ,667673765148048,20,1028,550906763,65
DEQ,667673772154332,20,1028,557910489,64
DEQ,667673779148890,20,1028,564902293,63
DEQ,667673786150086,20,1028,571900891,62
DEQ,667673793147164,20,1028,578895403,61
DEQ,667673800149374,20,1028,585895292,60
DEQ,667673807152155,20,1028,592895465,59
DEQ,667673814141166,20,1028,599881761,58
DEQ,667673821151140,20,1028,606889001,57
DEQ,667673828145962,20,1028,613881060,56
DEQ,667673835146317,20,1028,620878935,55
DEQ,667673842149269,20,1028,236032420,54
DEQ,667673849155374,20,1028,243029488,53
DEQ,667673856147803,20,1028,250019047,52
DEQ,667673863160760,20,84,257029161,51
DEQ,667673870131043,20,1028,263996672,50
DEQ,667673877144128,20,1028,271007073,49
DEQ,667673884159372,20,1028,278019492,48
DEQ,667673891146193,20,1028,285003243,47
DEQ,667673898137528,20,1028,291991816,46
DEQ,667673905136362,20,1028,298987942,45
DEQ,667673912142615,20,1028,305991647,44
DEQ,667673919151457,20,1028,312997943,43
DEQ,667673926131642,20,1028,319975580,42
DEQ,667673933142419,20,1028,326984260,41
DEQ,667673940115831,20,1028,333955262,40
DEQ,667673947121678,20,1028,340958595,39
DEQ,667673954149131,20,1028,347983328,38
DEQ,667673961147800,20,1028,354979496,37
DEQ,667673968153391,20,1028,361982805,36
DEQ,667673975153815,20,1028,368980601,35
DEQ,667673982147604,20,1028,375971731,34
DEQ,667673989148663,20,1028,382970220,33
DEQ,667673996156632,20,1028,389975564,32
DEQ,667674003155277,20,1028,396971575,85
DEQ,667674010148459,20,1028,403962342,84
DEQ,667674017148599,20,1028,410960062,83
DEQ,667674024149118,20,1028,417957886,82
DEQ,667674031150334,20,1028,424956591,81
DEQ,667674038147437,20,1028,431951175,80
DEQ,667674045154477,20,1028,438955544,79
DEQ,667674052153289,20,1028,445951707,78
DEQ,667674059150259,20,1028,452945992,77
DEQ,667674066147394,20,1028,459940480,76
DEQ,667674073128898,20,1028,466919448,75
DEQ,667674080129121,20,1028,473917386,74
DEQ,667674087149519,20,1028,480934725,73
DEQ,667674094153218,20,1028,487935603,72
DEQ,667674101147749,20,1028,494927503,71
DEQ,667674108144416,20,1028,501921533,70
DEQ,667674115155202,20,1028,508929853,69
DEQ,667674122156996,20,1028,515928017,68
DEQ,667674129151655,20,1028,522920248,67
DEQ,667674136148973,20,1028,529915012,66
DEQ,667674143149390,20,1028,536912770,65
DEQ,667674150145085,20,1028,543905628,64
DEQ,667674157146922,20,1028,550905249,63
DEQ,667674164153122,20,1028,557909066,62
DEQ,667674171147715,20,1028,564900919,61
DEQ,667674178149778,20,1028,571900501,60
DEQ,667674185148422,20,1028,578896551,59
DEQ,667674192152949,20,1028,585898726,58
DEQ,667674199161174,20,1028,592904228,57
DEQ,667674206156415,20,1028,599896851,56
DEQ,667674213147673,20,1028,606885556,55
DEQ,667674220156388,20,1028,613891247,54
DEQ,667674227152805,20,1028,229041411,53
STATS,667674227172324,53,54484,2696,2643,0,0,0
DEQ,667674234147222,20,1028,236022500,52
DEQ,667674241148466,20,1028,243021456,51
DEQ,667674248148875,20,1028,250019728,50
DEQ,667674255152531,20,1028,257021372,49
DEQ,667674262135535,20,1028,264002216,48
DEQ,667674269141773,20,1028,271006377,47
DEQ,667674276156305,20,1028,278018874,46
DEQ,667674283142616,20,1028,285003090,45
DEQ,667674290133189,20,1028,291991610,44
DEQ,667674297121083,20,1028,298977405,43
DEQ,667674304133819,20,1028,305987906,42
DEQ,667674311145188,20,1028,312997225,41
DEQ,667674318138778,20,1028,319988736,40
DEQ,667674325145857,20,1028,326993726,39
DEQ,667674332147146,20,1028,333993044,38
DEQ,667674339147565,20,1028,340991252,37
DEQ,667674346142992,20,1028,347984667,36
DEQ,667674353146743,20,1028,354986420,35
DEQ,667674360148849,20,1028,361986398,34
DEQ,667674367087774,20,1028,368923315,33
DEQ,667674374151590,20,1028,375985113,32
DEQ,667674381149245,20,1028,382980760,31
DEQ,667674388152357,20,1028,389981784,30
DEQ,667674395154861,20,1028,396982141,83
DEQ,667674402156145,20,1028,403981357,82
DEQ,667674409144418,20,1028,410967628,81
DEQ,667674416157502,20,1028,417978715,80
DEQ,667674423161585,20,1028,424980632,79
DEQ,667674430146511,20,1028,431963543,78
DEQ,667674437149871,20,1028,438964903,77
DEQ,667674444152627,20,1028,445965671,76
DEQ,667674451158074,20,1028,452969132,75
DEQ,667674458157301,20,1028,459966376,74
DEQ,667674465158446,20,1028,466965527,73
DEQ,667674472156423,20,1028,473961527,72
DEQ,667674479159623,20,1028,480962686,71
DEQ,667674486151796,20,1028,487952792,70
DEQ,667674493154264,20,1028,494953262,69
DEQ,667674500143730,20,1028,501940719,68
DEQ,667674507154057,20,1028,508948971,67
DEQ,667674514146948,20,1028,515939811,66
DEQ,667674521153195,20,1028,522944027,65
DEQ,667674528148578,20,1028,529937418,64
DEQ,667674535149032,20,1028,536935830,63
DEQ,667674542147030,20,1028,543931760,62
DEQ,667674549146518,20,1028,550929188,61
DEQ,667674556145581,20,1028,557926138,60
DEQ,667674563150947,20,1028,564929352,59
DEQ,667674570154523,20,1028,571930709,58
DEQ,667674577153249,20,1028,578927374,57
DEQ,667674584143699,20,1028,585915624,56
DEQ,667674591150646,20,1028,592920433,55
DEQ,667674598148581,20,1028,599916212,54
DEQ,667674605149044,20,1028,215039425,53
DEQ,667674612157717,20,1028,222027877,52
DEQ,667674619148495,20,1028,229015678,51
DEQ,667674626155955,20,1028,236020248,50
DEQ,667674633164172,20,1028,243025699,49
DEQ,667674640156360,20,1028,250015416,48
DEQ,667674647153010,20,1028,257009406,47
DEQ,667674654172419,20,1028,264026082,47
DEQ,667674661126302,20,1028,270977116,46
DEQ,667674668149367,20,1028,277997510,45
DEQ,667674675118827,20,1028,284964297,44
DEQ,667674682129373,20,1028,291971999,43
DEQ,667674689146305,20,1028,298986301,42
DEQ,667674696176691,20,1028,306013929,41
DEQ,667674703130489,20,1028,312964935,40
DEQ,667674710139458,20,1028,319971631,39
DEQ,667674717153666,20,1028,326983152,38
DEQ,667674724145954,20,1028,333972763,37
DEQ,667674731149616,20,1028,340973995,36
DEQ,667674738152377,20,1028,347974010,35
DEQ,667674745147121,20,1028,354965928,34
DEQ,667674752148286,20,1028,361964251,33
DEQ,667674759148805,20,1028,368962008,32
DEQ,667674766146810,20,1028,375957556,31
DEQ,667674773149682,20,1028,382957922,30
DEQ,667674780149133,20,1028,389954732,29
DEQ,667674787159532,20,1028,396962708,82
DEQ,667674794148083,20,1028,403948376,81
DEQ,667674801150360,20,1028,410948040,80
DEQ,667674808152287,20,1028,417947385,79
DEQ,667674815154834,20,1028,424947423,78
DEQ,667674822155663,20,1028,431945843,77
DEQ,667674829155217,20,1028,438943023,76
DEQ,667674836150323,20,1028,445935562,75
DEQ,667674843153246,20,1028,452935539,74
DEQ,667674850146093,20,1028,459925674,73
DEQ,667674857152912,20,1028,466930110,72
DEQ,667674864152490,20,1028,473927287,71
DEQ,667674871147022,20,1028,480918843,70
DEQ,667674878151679,20,1028,487921044,69
DEQ,667674885157012,20,1028,494923801,68
DEQ,667674892148380,20,1028,501912609,67
DEQ,667674899146206,20,1028,508907631,66
DEQ,667674906148533,20,1028,515907336,65
DEQ,667674913152938,20,1028,522909422,64
DEQ,667674920152516,20,1028,529906378,63
DEQ,667674927147145,20,1028,536898261,62
DEQ,667674934146685,20,1028,543895253,61
DEQ,667674941151109,20,1028,550896924,60
DEQ,667674948129348,20,1028,557872418,59
DEQ,667674955148518,20,1028,564889024,58
DEQ,667674962149075,20,1028,571887314,57
DEQ,667674969152039,20,1028,578887386,56
DEQ,667674976159464,20,1028,585892004,55
DEQ,667674983148514,20,84,329081736,54
DEQ,667674990152043,20,1028,208043068,53
DEQ,667674997150546,20,1028,215032928,52
DEQ,667675004150900,20,1028,222030920,51
DEQ,667675011155370,20,1028,229033216,50
DEQ,667675018159071,20,1028,236034803,49
DEQ,667675025162417,20,1028,243035807,48
DEQ,667675032145377,20,1028,250016737,47
DEQ,667675039152063,20,1028,257021329,46
DEQ,667675046137312,20,1028,264004427,53
DEQ,667675053139174,20,1028,271004090,52
DEQ,667675060113074,20,1028,277975771,51
DEQ,667675067124415,20,1028,284984910,50
DEQ,667675074152041,20,1028,292009967,49
DEQ,667675081153516,20,1028,299009336,48
DEQ,667675088140518,20,1028,305994280,47
DEQ,667675095155949,20,1028,313007614,46
DEQ,667675102148087,20,1028,319997488,45
DEQ,667675109148449,20,1028,326995872,44
DEQ,667675116152122,20,1028,333997479,43
DEQ,667675123146013,20,1028,340989307,42
DEQ,667675130148144,20,1028,347989392,41
DEQ,667675137155936,20,1028,354995010,40
DEQ,667675144158914,20,1028,361995719,39
DEQ,667675151153944,20,1028,368988693,38
DEQ,667675158131624,20,1028,375964266,37
DEQ,667675165152451,20,1028,382983065,36
DEQ,667675172146335,20,1028,389974833,35
DEQ,667675179148724,20,1028,396975179,80
DEQ,667675186148065,20,1028,403972452,79
DEQ,667675193147699,20,1028,410969987,78
DEQ,667675200152170,20,1028,417972277,77
DEQ,667675207146654,20,1028,424964748,76
DEQ,667675214149606,20,1028,431965708,75
DEQ,667675221148361,20,1028,438962409,74
DEQ,667675228159650,20,1028,445971716,73
STATS,667675228181347,73,75044,2859,2786,0,0,0
DEQ,667675235159956,20,1028,452969985,72
DEQ,667675242140450,20,1028,459948446,71
DEQ,667675249148300,20,1028,466954168,70
DEQ,667675256146333,20,1028,473950071,69
DEQ,667675263153251,20,1028,480955016,68
DEQ,667675270152981,20,1028,487952760,67
DEQ,667675277154531,20,1028,494952216,66
DEQ,667675284149617,20,1028,501945318,65
DEQ,667675291160121,20,1028,508953827,64
DEQ,667675298150987,20,1028,515942716,63
DEQ,667675305145101,20,1028,522934575,62
DEQ,667675312146963,20,1028,529934313,61
DEQ,667675319158739,20,1028,536943869,60
DEQ,667675326140603,20,1028,543923678,59
DEQ,667675333158336,20,1028,550939354,58
DEQ,667675340161834,20,1028,557940735,57
DEQ,667675347152533,20,1028,564929300,56
DEQ,667675354154278,20,1028,571929078,55
DEQ,667675361144710,20,1028,578917506,54
DEQ,667675368155475,20,1028,322096533,53
DEQ,667675375154329,20,1028,329091895,52
DEQ,667675382150072,20,1028,336086675,51
DEQ,667675389152324,20,1028,343088059,50
DEQ,667675396144576,20,1028,350079473,49
DEQ,667675403146601,20,1028,357080483,48
DEQ,667675410142290,20,1028,364075294,47
DEQ,667675417144986,20,1028,371071658,46
DEQ,667675424122772,20,1028,250013499,45
DEQ,667675431168991,20,1028,257046674,44
DEQ,667675438103057,20,1028,263978363,65
DEQ,667675445121507,20,1028,270994698,64
DEQ,667675452169388,20,1028,278040228,63
DEQ,667675459129975,20,1028,284998740,62
DEQ,667675466118040,20,1028,291984726,61
DEQ,667675473145640,20,1028,299010250,60
DEQ,667675480147771,20,1028,306010280,59
DEQ,667675487158861,20,1028,313019136,58
DEQ,667675494153663,20,1028,320011816,57
DEQ,667675501148341,20,1028,327004371,56
DEQ,667675508145001,20,1028,333998925,55
DEQ,667675515150360,20,1028,341002103,54
DEQ,667675522146023,20,1028,347995572,53
DEQ,667675529152623,20,1028,355000097,52
DEQ,667675536147681,20,1028,361993043,51
DEQ,667675543150584,20,1028,368993712,50
DEQ,667675550146011,20,1028,375986815,49
DEQ,667675557143851,20,1028,382982458,48
DEQ,667675564148800,20,1028,389985207,47
DEQ,667675571149576,20,1028,396983910,78
DEQ,667675578151780,20,1028,403984053,77
DEQ,667675585152151,20,1028,410982438,76
DEQ,667675592151730,20,1028,417979856,75
DEQ,667675599146241,20,1028,424972312,74
DEQ,667675606146909,20,1028,431970977,73
DEQ,667675613149571,20,1028,438971583,72
DEQ,667675620146840,20,1028,445966805,71
DEQ,667675627145504,20,1028,452963312,70
DEQ,667675634147590,20,1028,459963377,69
DEQ,667675641138945,20,1028,466952684,68
DEQ,667675648145919,20,1028,473957530,67
DEQ,667675655146327,20,1028,480955848,66
DEQ,667675662145902,20,1028,487953366,65
DEQ,667675669147928,20,1028,494953236,64
DEQ,667675676151741,20,1028,501954886,63
DEQ,667675683146575,20,1028,508947637,62
DEQ,667675690145892,20,1028,515944881,61
DEQ,667675697146213,20,1028,522943207,60
DEQ,667675704147595,20,1028,529942545,60
DEQ,667675711154603,20,1028,536947476,59
DEQ,667675718149145,20,1028,543940025,58
DEQ,667675725153713,20,1028,550942541,57
DEQ,667675732149876,20,1028,557936632,56
DEQ,667675739143882,20,1028,564928664,55
DEQ,667675746150815,20,1028,308091962,54
DEQ,667675753133132,20,1028,315069680,53
DEQ,667675760145771,20,1028,322081249,52
DEQ,667675767147755,20,1028,329082269,51
DEQ,667675774145735,20,1028,336079311,50
DEQ,667675781147244,20,1028,343079691,49
DEQ,667675788144166,20,1028,350075634,48
DEQ,667675795150997,20,1028,357081289,47
DEQ,667675802143427,20,1028,364072772,46
DEQ,667675809112051,20,1028,371040500,45
DEQ,667675816121851,20,1028,378049423,44
DEQ,667675823142834,20,1028,385069327,43
DEQ,667675830074514,20,1028,392000027,79
DEQ,667675837130290,20,1028,399054926,78
DEQ,667675844138063,20,1028,406056895,77
DEQ,667675851138938,20,1028,413055777,76
DEQ,667675858158431,20,1028,420073348,75
DEQ,667675865155201,20,1028,427067939,74
DEQ,667675872146838,20,1028,434057323,73
DEQ,667675879149425,20,1028,441053792,72
DEQ,667675886153944,20,1028,448056279,71
DEQ,667675893153530,20,1028,455053843,70
DEQ,667675900148945,20,1028,334042533,69
DEQ,667675907162011,20,1028,341040758,68
DEQ,667675914146471,20,1028,348022958,67
DEQ,667675921142695,20,1028,355016812,66
DEQ,667675928148222,20,1028,362020223,65
DEQ,667675935143159,20,1028,369013063,64
DEQ,667675942149717,20,1028,376017523,63
DEQ,667675949146834,20,1028,383012579,62
DEQ,667675956148183,20,1028,390011807,61
DEQ,667675963140909,20,1028,397002463,77
DEQ,667675970147122,20,1028,404006574,76
DEQ,667675977151755,20,1028,411009239,75
DEQ,667675984142192,20,1028,417997606,74
DEQ,667675991139918,20,1028,424993258,73
DEQ,667675998147359,20,1028,431998636,72
DEQ,667676005151882,20,1028,439000981,71
DEQ,667676012147266,20,1028,445994169,70
DEQ,667676019154187,20,1028,452999058,69
DEQ,667676026145164,20,1028,459987825,68
DEQ,667676033153683,20,1028,466994274,67
DEQ,667676040151212,20,1028,473989670,66
DEQ,667676047153513,20,1028,480989871,65
DEQ,667676054152537,20,1028,487986871,64
DEQ,667676061148362,20,1028,494980537,63
DEQ,667676068147494,20,1028,501977703,62
DEQ,667676075134755,20,1028,508962909,61
DEQ,667676082143200,20,1028,515969394,60
DEQ,667676089150036,20,1028,522974100,59
DEQ,667676096150309,20,1028,529972328,58
DEQ,667676103154854,20,1028,536974874,57
DEQ,667676110150339,20,1028,543968293,56
DEQ,667676117150971,20,1028,550966852,55
DEQ,667676124149493,20,84,422038961,54
DEQ,667676131130427,20,1028,301099700,53
DEQ,667676138154830,20,1028,308120177,52
DEQ,667676145151592,20,1028,315116141,51
DEQ,667676152162980,20,1028,322126736,50
DEQ,667676159135749,20,1028,329098652,49
DEQ,667676166145465,20,1028,336107565,48
DEQ,667676173138294,20,1028,343099561,47
DEQ,667676180146258,20,1028,350106855,46
DEQ,667676187119974,20,1028,357079810,45
DEQ,667676194137072,20,1028,364096158,44
DEQ,667676201138282,20,1028,371096365,43
DEQ,667676208123602,20,1028,378080822,42
DEQ,667676215141540,20,1028,385097957,41
DEQ,667676222111547,20,1028,392067315,84
DEQ,667676229126548,20,1028,399081510,83
STATS,667676229147934,83,85324,3012,2929,0,0,0
DEQ,667676236139253,20,1028,406093473,82
DEQ,667676243150721,20,1028,413104286,81
DEQ,667676250145409,20,1028,420097941,80
DEQ,667676257151590,20,1028,427103289,79
DEQ,667676264151013,20,1028,434101907,78
DEQ,667676271147412,20,1028,441097428,77
DEQ,667676278151390,20,1028,448100585,76
DEQ,667676285129645,20,1028,455078089,75
DEQ,667676292149170,20,1028,462096865,74
DEQ,667676299155278,20,1028,469102162,73
DEQ,667676306155020,20,1028,476101105,72
DEQ,667676313146895,20,1028,483092151,71
DEQ,667676320154023,20,1028,490098433,70
DEQ,667676327152335,20,1028,497096037,69
DEQ,667676334146398,20,1028,504089347,68
DEQ,667676341147218,20,1028,511089271,67
DEQ,667676348145266,20,1028,518086405,66
DEQ,667676355151473,20,1028,525091719,75
DEQ,667676362151087,20,1028,532090421,74
DEQ,667676369151422,20,1028,539089720,73
DEQ,667676376085898,20,1028,546022934,72
DEQ,667676383147289,20,1028,553083158,71
DEQ,667676390148613,20,1028,432040423,70
DEQ,667676397146455,20,1028,439022448,69
DEQ,667676404144399,20,1028,446017882,68
DEQ,667676411144779,20,1028,453016064,67
DEQ,667676418146856,20,1028,460015930,66
DEQ,667676425151388,20,1028,467018293,65
DEQ,667676432139655,20,1028,474004407,64
DEQ,667676439145622,20,1028,481008152,63
DEQ,667676446149994,20,1028,488010220,62
DEQ,667676453143305,20,1028,495001292,61
DEQ,667676460159748,20,1028,502015669,60
DEQ,667676467157097,20,1028,509010648,59
DEQ,667676474145609,20,1028,515997027,58
DEQ,667676481150336,20,1028,522999654,57
DEQ,667676488149944,20,1028,529997216,56
DEQ,667676495150147,20,1028,536994995,55
DEQ,667676502152413,20,1028,543995184,54
DEQ,667676509143090,20,1028,287075032,53
DEQ,667676516149300,20,1028,294077549,52
DEQ,667676523151992,20,1028,301079281,51
DEQ,667676530154860,20,1028,308081351,50
DEQ,667676537146894,20,1028,315072211,49
DEQ,667676544149411,20,1028,322073879,48
DEQ,667676551151138,20,1028,329074770,47
DEQ,667676558140813,20,1028,336063627,46
DEQ,667676565118816,20,1028,343040806,45
DEQ,667676572144427,20,1028,350065686,44
DEQ,667676579131392,20,1028,357051605,43
DEQ,667676586122560,20,1028,364041897,42
DEQ,667676593153971,20,1028,371072614,41
DEQ,667676600152751,20,1028,378070653,40
DEQ,667676607126399,20,1028,385043567,39
DEQ,667676614170230,20,1028,392086371,92
DEQ,667676621139629,20,1028,399055118,91
DEQ,667676628145035,20,1028,406059790,90
DEQ,667676635144537,20,1028,413058464,89
DEQ,667676642150747,20,1028,420064019,88
DEQ,667676649146228,20,1028,427058635,87
DEQ,667676656144865,20,1028,434056534,86
DEQ,667676663147844,20,1028,441058880,85
DEQ,667676670144914,20,1028,448055235,84
DEQ,667676677145322,20,1028,455054993,83
DEQ,667676684143213,20,1028,462052141,82
DEQ,667676691146967,20,1028,469055126,81
DEQ,667676698145072,20,1028,476052464,80
DEQ,667676705146181,20,1028,483052836,79
DEQ,667676712143194,20,1028,490049212,78
DEQ,667676719146963,20,1028,497052226,77
DEQ,667676726146389,20,1028,504050953,76
DEQ,667676733160365,20,1028,511064274,75
DEQ,667676740152866,20,1028,518055920,74
DEQ,667676747149352,20,1028,525051655,74
DEQ,667676754146576,20,1028,532048085,73
DEQ,667676761151374,20,1028,539052034,72
DEQ,667676768143232,20,1028,546043147,71
DEQ,667676775151099,20,1028,553050342,70
DEQ,667676782151747,20,1028,560050243,69
DEQ,667676789144510,20,1028,567042242,68
DEQ,667676796150687,20,1028,574047560,67
DEQ,667676803148731,20,1028,581044865,66
DEQ,667676810144853,20,1028,588040303,65
DEQ,667676817146858,20,1028,467037831,64
DEQ,667676824139783,20,1028,474014191,63
DEQ,667676831150015,20,1028,481022089,62
DEQ,667676838146404,20,1028,488016408,61
DEQ,667676845148583,20,1028,495016365,60
DEQ,667676852153859,20,1028,502019516,59
DEQ,667676859156044,20,1028,509019580,58
DEQ,667676866155524,20,1028,516016959,57
DEQ,667676873160159,20,1028,523019463,56
DEQ,667676880160120,20,1028,530017264,55
DEQ,667676887134840,20,1028,273065695,54
DEQ,667676894148599,20,1028,280075800,53
DEQ,667676901153477,20,1028,287079639,52
DEQ,667676908153061,20,1028,294078311,51
DEQ,667676915149333,20,1028,301073738,50
DEQ,667676922146767,20,1028,308070413,49
DEQ,667676929150963,20,1028,315073782,48
DEQ,667676936152247,20,1028,322074268,47
DEQ,667676943125052,20,1028,329046307,46
DEQ,667676950179649,20,1028,336100218,45
DEQ,667676957123432,20,1028,343043216,44
DEQ,667676964121543,20,1028,350040309,43
DEQ,667676971140063,20,1028,357057477,42
DEQ,667676978123039,20,1028,364039695,41
DEQ,667676985121032,20,1028,371036986,40
DEQ,667676992150978,20,1028,378066026,39
DEQ,667676999150700,20,1028,385060380,38
DEQ,667677006124473,20,1028,392032289,91
DEQ,667677013142849,20,1028,399048571,90
DEQ,667677020153735,20,1028,406057451,89
DEQ,667677027150819,20,1028,413052493,88
DEQ,667677034153617,20,1028,420053179,87
DEQ,667677041156641,20,1028,427054103,86
DEQ,667677048150340,20,1028,434045802,85
DEQ,667677055148384,20,1028,441041839,84
DEQ,667677062157927,20,1028,448049223,83
DEQ,667677069115082,20,1028,455004315,82
DEQ,667677076146312,20,1028,462033440,81
DEQ,667677083144192,20,1028,469029242,80
DEQ,667677090145424,20,1028,476028378,79
DEQ,667677097150705,20,1028,483031467,78
DEQ,667677104146209,20,1028,490024979,77
DEQ,667677111146569,20,1028,497023267,76
DEQ,667677118146187,20,1028,504020792,75
DEQ,667677125149842,20,1028,511022411,74
DEQ,667677132151199,20,1028,518021708,73
DEQ,667677139145746,20,1028,525014255,72
DEQ,667677146151247,20,1028,532017591,71
DEQ,667677153148845,20,1028,539013162,70
DEQ,667677160156148,20,1028,546018402,69
DEQ,667677167150774,20,1028,553010858,68
DEQ,667677174147037,20,1028,560005088,67
DEQ,667677181144091,20,1028,567000145,66
DEQ,667677188151214,20,1028,574005277,65
DEQ,667677195149979,20,1028,581002062,64
DEQ,667677202150306,20,1028,588000322,63
DEQ,667677209143929,20,1028,594991974,62
DEQ,667677216150328,20,1028,601996294,61
DEQ,667677223146507,20,1028,608990458,60
DEQ,667677230144390,20,1028,615986183,59
STATS,667677230163812,59,59708,3131,3072,0,0,0
DEQ,667677237147305,20,1028,622986741,58
DEQ,667677244144748,20,1028,629982097,57
DEQ,667677251146856,20,1028,636982061,56
DEQ,667677258146950,20,1028,643980094,55
DEQ,667677265154777,20,84,523048894,54
DEQ,667677272151089,20,1028,266102042,53
DEQ,667677279146362,20,1028,273093850,52
DEQ,667677286156531,20,1028,280103095,51
DEQ,667677293154637,20,1028,287100333,50
DEQ,667677300142592,20,1028,294087503,49
DEQ,667677307151444,20,1028,301095643,48
DEQ,667677314154077,20,1028,308097392,47
DEQ,667677321153517,20,1028,315095813,46
DEQ,667677328127639,20,1028,322068937,45
DEQ,667677335148251,20,1028,329088767,44
DEQ,667677342122670,20,1028,336062397,43
DEQ,667677349122243,20,1028,343061152,42
DEQ,667677356141015,20,1028,350079114,41
DEQ,667677363128016,20,1028,357065309,40
DEQ,667677370120106,20,1028,364056401,39
DEQ,667677377148578,20,1028,371084110,38
DEQ,667677384144731,20,1028,378079528,37
DEQ,667677391161058,20,1028,385094978,36
DEQ,667677398201445,20,1028,392134513,89
DEQ,667677405150062,20,1028,399082388,88
DEQ,667677412141651,20,1028,406073205,87
DEQ,667677419154229,20,1028,413085023,86
DEQ,667677426153102,20,1028,420083205,85
DEQ,667677433152648,20,1028,427081941,84
DEQ,667677440147856,20,1028,434076462,83
DEQ,667677447150351,20,1028,441078150,82
DEQ,667677454149829,20,1028,448076860,81
DEQ,667677461142213,20,1028,455068533,80
DEQ,667677468133354,20,1028,462058910,79
DEQ,667677475145355,20,1028,469070177,78
DEQ,667677482145819,20,1028,476069893,77
DEQ,667677489153880,20,1028,483077160,76
DEQ,667677496144195,20,1028,490066695,75
DEQ,667677503147131,20,1028,497068760,74
DEQ,667677510145162,20,1028,504066068,73
DEQ,667677517127870,20,1028,511043406,72
DEQ,667677524152470,20,1028,518066178,71
DEQ,667677531145330,20,1028,525057243,70
DEQ,667677538152232,20,1028,532062095,69
DEQ,667677545145185,20,1028,539052897,68
DEQ,667677552166847,20,1028,546072481,67
DEQ,667677559146232,20,1028,553049801,66
DEQ,667677566142504,20,1028,560043928,65
DEQ,667677573141156,20,1028,567040567,64
DEQ,667677580150854,20,1028,574048234,63
DEQ,667677587137011,20,1028,581032172,62
DEQ,667677594151638,20,1028,588044745,61
DEQ,667677601146157,20,1028,595037018,60
DEQ,667677608149894,20,1028,602038770,59
DEQ,667677615124504,20,1028,609011411,58
DEQ,667677622148245,20,1028,616033183,57
DEQ,667677629146112,20,1028,623029075,56
DEQ,667677636145889,20,1028,630026866,55
DEQ,667677643142676,20,1028,637021664,54
DEQ,667677650144037,20,1028,252080623,53
DEQ,667677657150177,20,1028,259082391,52
DEQ,667677664153223,20,1028,266083698,52
DEQ,667677671150201,20,1028,273079123,51
DEQ,667677678147589,20,1028,280075102,50
DEQ,667677685161766,20,1028,287087736,49
DEQ,667677692145441,20,1028,294069807,48
DEQ,667677699151571,20,1028,301074404,47
DEQ,667677706130408,20,1028,308051985,46
DEQ,667677713145523,20,1028,315065577,45
DEQ,667677720121400,20,1028,322035171,44
DEQ,667677727123526,20,1028,329034996,43
DEQ,667677734141447,20,1028,336050095,42
DEQ,667677741111301,20,1028,343017184,41
DEQ,667677748117280,20,1028,350020754,40
DEQ,667677755144499,20,1028,357045428,39
DEQ,667677762143965,20,1028,364042021,38
DEQ,667677769150252,20,1028,371045585,37
DEQ,667677776149743,20,1028,378042610,36
DEQ,667677783126782,20,1028,385017056,35
DEQ,667677790124485,20,1028,392012070,88
DEQ,667677797145058,20,1028,399029705,87
DEQ,667677804141246,20,1028,406023445,86
DEQ,667677811130393,20,1028,413010006,85
DEQ,667677818143834,20,1028,420020638,84
DEQ,667677825145908,20,1028,427020340,83
DEQ,667677832145573,20,1028,434017342,82
DEQ,667677839154709,20,1028,441023827,81
DEQ,667677846089144,20,1028,447955571,80
DEQ,667677853152581,20,1028,455016557,79
DEQ,667677860160282,20,1028,462021636,78
DEQ,667677867149750,20,1028,469008395,77
DEQ,667677874154620,20,1028,476010889,76
DEQ,667677881149054,20,1028,483002890,75
DEQ,667677888148666,20,1028,489999811,74
DEQ,667677895151218,20,1028,496999693,73
DEQ,667677902147727,20,1028,503993768,72
DEQ,667677909148553,20,1028,510992004,71
DEQ,667677916148460,20,1028,517989251,70
DEQ,667677923149844,20,1028,524988274,69
DEQ,667677930146200,20,1028,531981994,68
DEQ,667677937159074,20,1028,538992070,67
DEQ,667677944148114,20,1028,545978623,66
DEQ,667677951151791,20,1028,552979535,65
DEQ,667677958150586,20,1028,559975779,64
DEQ,667677965141946,20,1028,566964508,63
DEQ,667677972145719,20,1028,573966081,62
DEQ,667677979150726,20,1028,580968415,61
DEQ,667677986140984,20,1028,587956177,60
DEQ,667677993152471,20,1028,594965266,59
DEQ,667678000149637,20,1028,601960063,58
DEQ,667678007149066,20,1028,608957135,57
DEQ,667678014152519,20,1028,615958037,56
DEQ,667678021144151,20,1028,622946832,55
DEQ,667678028150521,20,84,366043750,54
DEQ,667678035144297,20,1028,245097407,53
DEQ,667678042145414,20,1028,252094754,52
DEQ,667678049149911,20,1028,259098232,51
DEQ,667678056143682,20,1028,266091185,50
DEQ,667678063151524,20,1028,273098212,49
DEQ,667678070134750,20,1028,280080621,48
DEQ,667678077145721,20,1028,287090689,47
DEQ,667678084149510,20,1028,294093759,46
DEQ,667678091120798,20,1028,301064251,45
DEQ,667678098131964,20,1028,308074612,44
DEQ,667678105129112,20,1028,315070995,43
DEQ,667678112121125,20,1028,322062205,42
DEQ,667678119170613,20,1028,329110909,41
DEQ,667678126130566,20,1028,336070090,40
DEQ,667678133117320,20,1028,343055999,39
DEQ,667678140138199,20,1028,350076115,38
DEQ,667678147150160,20,1028,357087378,37
DEQ,667678154153838,20,1028,364090298,36
DEQ,667678161147914,20,1028,371083325,35
DEQ,667678168147755,20,1028,378082396,34
DEQ,667678175150791,20,1028,385084667,33
DEQ,667678182197639,20,1028,392130855,86
DEQ,667678189146561,20,1028,399079026,85
DEQ,667678196148838,20,1028,406080528,84
DEQ,667678203148225,20,1028,413079125,83
DEQ,667678210153602,20,1028,420083799,82
DEQ,667678217161124,20,1028,427090519,81
DEQ,667678224153376,20,1028,434082091,80
DEQ,667678231147305,20,1028,441075237,79
STATS,667678231168635,79,81212,3294,3215,0,0,0
DEQ,667678238154944,20,1028,448082171,78
DEQ,667678245138203,20,1028,455064582,77
DEQ,667678252138444,20,1028,462064043,76
DEQ,667678259145502,20,1028,469070100,75
DEQ,667678266143604,20,1028,476067450,74
DEQ,667678273151703,20,1028,483074613,73
DEQ,667678280149134,20,1028,490070982,72
DEQ,667678287147968,20,1028,497064326,71
DEQ,667678294144446,20,1028,504058842,70
DEQ,667678301142970,20,1028,511055398,69
DEQ,667678308141724,20,1028,518051787,68
DEQ,667678315146405,20,1028,525054302,67
DEQ,667678322150941,20,1028,532056695,66
DEQ,667678329152893,20,1028,539056654,65
DEQ,667678336155017,20,1028,546056540,64
DEQ,667678343151451,20,1028,553050764,63
DEQ,667678350149386,20,1028,560046625,62
DEQ,667678357151395,20,1028,567046578,61
DEQ,667678364158450,20,1028,574050256,60
DEQ,667678371155954,20,1028,581045579,59
DEQ,667678378152609,20,1028,588040117,58
DEQ,667678385085234,20,1028,594970670,57
DEQ,667678392161905,20,1028,602045263,56
DEQ,667678399145437,20,1028,609026720,55
DEQ,667678406126942,20,1028,616006078,54
DEQ,667678413144724,20,1028,231086140,53
DEQ,667678420145655,20,1028,238082526,52
DEQ,667678427145386,20,1028,245080576,51
DEQ,667678434139079,20,1028,252072679,50
DEQ,667678441151173,20,1028,259083148,49
DEQ,667678448143305,20,1028,266073529,48
DEQ,667678455143678,20,1028,273072270,47
DEQ,667678462141653,20,1028,280068461,46
DEQ,667678469165298,20,1028,287090479,45
DEQ,667678476136122,20,1028,294059782,44
DEQ,667678483118666,20,1028,301040986,43
DEQ,667678490125036,20,1028,308040315,42
DEQ,667678497121181,20,1028,315033732,41
DEQ,667678504124901,20,1028,322034813,40
DEQ,667678511153652,20,1028,329060769,39
DEQ,667678518147420,20,1028,336051935,38
DEQ,667678525146749,20,1028,343048485,37
DEQ,667678532137720,20,1028,350036901,36
DEQ,667678539148317,20,1028,357045171,35
DEQ,667678546152903,20,1028,364047052,34
DEQ,667678553146886,20,1028,371038234,33
DEQ,667678560152632,20,1028,378041352,32
DEQ,667678567154452,20,1028,385040532,31
DEQ,667678574197488,20,1028,392080898,84
DEQ,667678581148443,20,1028,399029259,83
DEQ,667678588149148,20,1028,406027513,82
DEQ,667678595144477,20,1028,413020165,81
DEQ,667678602143230,20,1028,420016192,80
DEQ,667678609149403,20,1028,427019617,79
DEQ,667678616144872,20,1028,434012651,78
DEQ,667678623143568,20,1028,441008808,77
DEQ,667678630140639,20,1028,448002972,76
DEQ,667678637150954,20,1028,455010579,75
DEQ,667678644137232,20,1028,461994397,74
DEQ,667678651144154,20,1028,468998630,73
DEQ,667678658143151,20,1028,475994955,72
DEQ,667678665145087,20,1028,482994154,71
DEQ,667678672142238,20,1028,489988843,70
DEQ,667678679125914,20,1028,496969831,69
DEQ,667678686144594,20,1028,503985744,68
DEQ,667678693138334,20,1028,510976993,67
DEQ,667678700148836,20,1028,517985040,66
DEQ,667678707149295,20,1028,524982893,66
DEQ,667678714143832,20,1028,531974691,65
DEQ,667678721145742,20,1028,538974277,64
DEQ,667678728144663,20,1028,545970679,63
DEQ,667678735143748,20,1028,552967345,62
DEQ,667678742143201,20,1028,559964105,61
DEQ,667678749144175,20,1028,566962455,60
DEQ,667678756141352,20,1028,573957501,59
DEQ,667678763144983,20,1028,580958619,58
DEQ,667678770125553,20,1028,587936839,57
DEQ,667678777136701,20,1028,594945671,56
DEQ,667678784148691,20,1028,601954997,55
DEQ,667678791145875,20,1028,217084221,54
DEQ,667678798146246,20,1028,224080330,53
DEQ,667678805146679,20,1028,231079202,52
DEQ,667678812142987,20,1028,238074016,51
DEQ,667678819149161,20,1028,245078775,50
DEQ,667678826148573,20,1028,252076582,49
DEQ,667678833153228,20,1028,259079644,48
DEQ,667678840151619,20,1028,266076434,47
DEQ,667678847159994,20,1028,273083570,46
DEQ,667678854109541,20,1028,280031475,45
DEQ,667678861123272,20,1028,287037938,44
DEQ,667678868148772,20,1028,294060914,43
DEQ,667678875119132,20,1028,301028563,42
DEQ,667678882126263,20,1028,308033112,41
DEQ,667678889149044,20,1028,315053522,40
DEQ,667678896133938,20,1028,322035869,39
DEQ,667678903144915,20,1028,329044380,38
DEQ,667678910145514,20,1028,336042351,37
DEQ,667678917145081,20,1028,343039339,36
DEQ,667678924144503,20,1028,350036386,35
DEQ,667678931144081,20,1028,357033506,34
DEQ,667678938149478,20,1028,364036456,33
DEQ,667678945126523,20,1028,371010849,32
DEQ,667678952140339,20,1028,378022011,31
DEQ,667678959141586,20,1028,385020735,30
DEQ,667678966150597,20,1028,392027244,83
DEQ,667678973144818,20,1028,399018974,82
DEQ,667678980151877,20,1028,406023524,81
DEQ,667678987146451,20,1028,413015642,80
DEQ,667678994145204,20,1028,420011869,79
DEQ,667679001147074,20,1028,427011158,78
DEQ,667679008144377,20,1028,434005863,77
DEQ,667679015149913,20,1028,441009138,76
DEQ,667679022144462,20,1028,448000987,75
DEQ,667679029143982,20,1028,454998011,74
DEQ,667679036142090,20,1028,461993669,73
DEQ,667679043146402,20,1028,468995782,72
DEQ,667679050142729,20,1028,475989711,71
DEQ,667679057143040,20,1028,482987474,70
DEQ,667679064141099,20,1028,489983045,69
DEQ,667679071137926,20,1028,496977295,68
DEQ,667679078138064,20,1028,503974840,67
DEQ,667679085084928,20,1028,510919136,66
DEQ,667679092142883,20,1028,517974841,65
DEQ,667679099125723,20,1028,524955174,64
DEQ,667679106086961,20,1028,531913879,63
DEQ,667679113151629,20,1028,538976005,62
DEQ,667679120114069,20,1028,545935882,61
DEQ,667679127037190,20,1028,552856576,60
DEQ,667679134139644,20,1028,559956507,59
DEQ,667679141123511,20,1028,566938133,58
DEQ,667679148151953,20,1028,573963897,57
DEQ,667679155141571,20,1028,580950724,56
DEQ,667679162135214,20,1028,587941710,55
DEQ,667679169114293,20,84,467007298,54
DEQ,667679176141080,20,1028,210081847,53
DEQ,667679183128171,20,1028,217065312,52
DEQ,667679190138875,20,1028,224075084,51
DEQ,667679197142313,20,1028,231077693,50
DEQ,667679204148428,20,1028,238082953,49
DEQ,667679211141467,20,1028,245075192,48
DEQ,667679218138074,20,1028,252071052,47
DEQ,667679225150659,20,1028,259082797,46
DEQ,667679232143612,20,1028,266074783,53
STATS,667679232166644,53,54484,3411,3358,0,0,0
DEQ,667679239170515,20,1028,273100881,52
DEQ,667679246123674,20,1028,280053077,51
DEQ,667679253118077,20,1028,287046632,50
DEQ,667679260142771,20,1028,294070555,49
DEQ,667679267122132,20,1028,301049211,48
DEQ,667679274119322,20,1028,308045520,47
DEQ,667679281146948,20,1028,315072344,46
DEQ,667679288146723,20,1028,322071416,45
DEQ,667679295138195,20,1028,329062240,44
DEQ,667679302144364,20,1028,336067701,43
DEQ,667679309143842,20,1028,343066366,42
DEQ,667679316141779,20,1028,350063545,41
DEQ,667679323143101,20,1028,357064055,40
DEQ,667679330138511,20,1028,364058483,39
DEQ,667679337143928,20,1028,371058464,38
DEQ,667679344144330,20,1028,378056973,37
DEQ,667679351139648,20,1028,385050544,36
DEQ,667679358137873,20,1028,392046699,81
DEQ,667679365143795,20,1028,399050537,80
DEQ,667679372136668,20,1028,406041424,79
DEQ,667679379144970,20,1028,413047643,78
DEQ,667679386148373,20,1028,420048931,77
DEQ,667679393137924,20,1028,427036358,76
DEQ,667679400148440,20,1028,434044824,75
DEQ,667679407158467,20,1028,441052631,74
DEQ,667679414151965,20,1028,448043974,73
DEQ,667679421147434,20,1028,455037489,72
DEQ,667679428157243,20,1028,462045170,71
DEQ,667679435160521,20,1028,469046461,70
DEQ,667679442151954,20,1028,476035811,69
DEQ,667679449151858,20,1028,483033722,68
DEQ,667679456137465,20,1028,490017340,67
DEQ,667679463103311,20,1028,496981155,66
DEQ,667679470140626,20,1028,504016479,65
DEQ,667679477128135,20,1028,511001985,64
DEQ,667679484139856,20,1028,518011637,63
DEQ,667679491150600,20,1028,525020303,62
DEQ,667679498146038,20,1028,532013580,61
DEQ,667679505137571,20,1028,539002989,60
DEQ,667679512139666,20,1028,546002932,59
DEQ,667679519150946,20,1028,553012132,58
DEQ,667679526134288,20,1028,559993416,57
DEQ,667679533150540,20,1028,567007624,56
DEQ,667679540135089,20,1028,573990170,55
DEQ,667679547144614,20,1028,580997689,54
DEQ,667679554140020,20,1028,324045424,53
DEQ,667679561148599,20,1028,331044250,52
DEQ,667679568137468,20,1028,338030833,51
DEQ,667679575142775,20,1028,345033818,50
DEQ,667679582147468,20,1028,352036023,49
DEQ,667679589147997,20,1028,359034370,48
DEQ,667679596145285,20,1028,365089434,47
DEQ,667679603142913,20,1028,371095396,46
DEQ,667679610125899,20,1028,252069713,45
DEQ,667679617111429,20,1028,259051511,44
DEQ,667679624121729,20,1028,266060573,66
DEQ,667679631137520,20,1028,273075388,65
DEQ,667679638128375,20,1028,280065326,64
DEQ,667679645129455,20,1028,287065573,63
DEQ,667679652157439,20,1028,294092483,62
DEQ,667679659128844,20,1028,301062917,61
DEQ,667679666150586,20,1028,308083840,60
DEQ,667679673142450,20,1028,315074897,59
DEQ,667679680145556,20,1028,322077145,58
DEQ,667679687161414,20,1028,329092124,57
DEQ,667679694150568,20,1028,336080321,56
DEQ,667679701146272,20,1028,343075295,55
DEQ,667679708147585,20,1028,350075807,54
DEQ,667679715149479,20,1028,357076881,53
DEQ,667679722146830,20,1028,364073438,52
DEQ,667679729141881,20,1028,371067634,51
DEQ,667679736150011,20,1028,378075031,50
DEQ,667679743145373,20,1028,385069522,49
DEQ,667679750085267,20,1028,392008564,79
DEQ,667679757144499,20,1028,399062421,78
DEQ,667679764143192,20,1028,406059291,77
DEQ,667679771142808,20,1028,413057089,76
DEQ,667679778149793,20,1028,420061920,75
DEQ,667679785148633,20,1028,427058740,74
DEQ,667679792142254,20,1028,434050182,73
DEQ,667679799151069,20,1028,441056789,72
DEQ,667679806144796,20,1028,448048394,71
DEQ,667679813138463,20,1028,455039862,70
DEQ,667679820137359,20,1028,462036674,69
DEQ,667679827138155,20,1028,469035327,68
DEQ,667679834145680,20,1028,476040530,67
DEQ,667679841145372,20,1028,483038019,66
DEQ,667679848155014,20,1028,490045518,65
DEQ,667679855158581,20,1028,497046592,64
DEQ,667679862147438,20,1028,504033235,63
DEQ,667679869146865,20,1028,511030543,62
DEQ,667679876149914,20,1028,518031532,61
DEQ,667679883146378,20,1028,525025853,60
DEQ,667679890143976,20,1028,532021340,59
DEQ,667679897142712,20,1028,539018031,58
DEQ,667679904140649,20,1028,546013730,57
DEQ,667679911138596,20,1028,553009553,56
DEQ,667679918146501,20,1028,560014324,55
DEQ,667679925142704,20,1028,567008395,54
DEQ,667679932148950,20,1028,310038489,53
DEQ,667679939146074,20,1028,317020057,52
DEQ,667679946148133,20,1028,324019773,51
DEQ,667679953150103,20,1028,331019468,50
DEQ,667679960138764,20,1028,338005253,49
DEQ,667679967149296,20,1028,345013491,48
DEQ,667679974142293,20,1028,352004218,47
DEQ,667679981141857,20,1028,359001478,46
DEQ,667679988116434,20,1028,365973840,45
DEQ,667679995146911,20,1028,373001752,44
DEQ,667680002121207,20,1028,379973842,43
DEQ,667680009132679,20,1028,386983219,42
DEQ,667680016132434,20,1028,393980604,78
DEQ,667680023120268,20,1028,400966298,77
DEQ,667680030133055,20,1028,407976927,76
DEQ,667680037143528,20,1028,414985224,75
DEQ,667680044134769,20,1028,421974195,74
DEQ,667680051149254,20,1028,428986570,73
DEQ,667680058141394,20,1028,435976637,72
DEQ,667680065150143,20,1028,442983319,71
DEQ,667680072081920,20,1028,449913027,70
DEQ,667680079144288,20,1028,456022975,69
DEQ,667680086148960,20,1028,462063647,68
DEQ,667680093150851,20,1028,343102844,67
DEQ,667680100143762,20,1028,350092199,66
DEQ,667680107150734,20,1028,357098197,65
DEQ,667680114146730,20,1028,364092212,64
DEQ,667680121145953,20,1028,371090529,63
DEQ,667680128139745,20,1028,378083471,62
DEQ,667680135146702,20,1028,385089574,61
DEQ,667680142137111,20,1028,392079238,77
DEQ,667680149152553,20,1028,399093912,76
DEQ,667680156129040,20,1028,406069553,75
DEQ,667680163141783,20,1028,413081453,74
DEQ,667680170151340,20,1028,420090159,73
DEQ,667680177141691,20,1028,427079635,72
DEQ,667680184149789,20,1028,434086898,71
DEQ,667680191147673,20,1028,441083958,70
DEQ,667680198145454,20,1028,448080685,69
DEQ,667680205146646,20,1028,455081100,68
DEQ,667680212142126,20,1028,462075686,67
DEQ,667680219129337,20,1028,469062168,66
DEQ,667680226142119,20,1028,476074038,65
DEQ,667680233148404,20,1028,483079618,64
STATS,667680233168629,64,65792,3565,3501,0,0,0
DEQ,667680240145936,20,1028,490076357,63
DEQ,667680247152875,20,1028,497082558,62
DEQ,667680254149517,20,1028,504078425,61
DEQ,667680261147731,20,1028,511075838,60
DEQ,667680268137192,20,1028,518064572,59
DEQ,667680275136760,20,1028,525062941,58
DEQ,667680282124794,20,1028,532049992,57
DEQ,667680289142573,20,1028,539066931,56
DEQ,667680296142467,20,1028,546065968,55
DEQ,667680303146669,20,1028,553064791,54
DEQ,667680310143785,20,1028,296050902,53
DEQ,667680317150887,20,1028,303048542,52
DEQ,667680324144610,20,1028,310039777,51
DEQ,667680331148325,20,1028,317041271,50
DEQ,667680338137914,20,1028,324028551,49
DEQ,667680345149135,20,1028,331037480,48
DEQ,667680352147817,20,1028,338033880,47
DEQ,667680359145898,20,1028,345029446,46
DEQ,667680366123747,20,1028,352004987,45
DEQ,667680373145891,20,1028,359024850,44
DEQ,667680380125701,20,1028,366002390,43
DEQ,667680387131407,20,1028,373005894,42
DEQ,667680394165498,20,1028,380035926,41
DEQ,667680401129899,20,1028,386997186,40
DEQ,667680408119628,20,1028,393984839,91
DEQ,667680415126198,20,1028,400989373,90
DEQ,667680422142139,20,1028,408003252,89
DEQ,667680429145875,20,1028,415004888,88
DEQ,667680436136322,20,1028,421993027,87
DEQ,667680443140838,20,1028,428995472,86
DEQ,667680450142947,20,1028,435995506,85
DEQ,667680457149982,20,1028,443000468,84
DEQ,667680464147928,20,1028,449996204,83
DEQ,667680471148387,20,1028,456994586,82
DEQ,667680478134667,20,1028,463978732,81
DEQ,667680485143711,20,1028,470985722,80
DEQ,667680492137872,20,1028,477977910,79
DEQ,667680499146643,20,1028,484984614,78
DEQ,667680506143743,20,1028,491979741,77
DEQ,667680513148217,20,1028,498982032,76
DEQ,667680520143768,20,1028,505975420,75
DEQ,667680527140759,20,1028,512970212,74
DEQ,667680534130264,20,1028,519957477,75
DEQ,667680541144093,20,1028,526969140,74
DEQ,667680548140599,20,1028,533963334,73
DEQ,667680555150755,20,1028,540691912,72
DEQ,667680562144576,20,1028,546786208,71
DEQ,667680569137408,20,1028,427091088,70
DEQ,667680576147873,20,1028,434098021,69
DEQ,667680583138200,20,1028,441087347,68
DEQ,667680590158621,20,1028,448106861,67
DEQ,667680597145586,20,1028,455092691,66
DEQ,667680604146872,20,1028,462092788,65
DEQ,667680611148249,20,1028,469093228,64
DEQ,667680618142011,20,1028,476085948,63
DEQ,667680625149065,20,1028,483092092,62
DEQ,667680632142082,20,1028,490084267,61
DEQ,667680639144978,20,1028,497086279,60
DEQ,667680646143596,20,1028,504084018,59
DEQ,667680653139889,20,1028,511079228,58
DEQ,667680660130425,20,1028,518069027,57
DEQ,667680667141478,20,1028,525079154,56
DEQ,667680674144536,20,1028,532081339,55
DEQ,667680681144903,20,1028,539080776,54
DEQ,667680688147852,20,1028,282046441,53
DEQ,667680695142408,20,1028,289032348,52
DEQ,667680702138004,20,1028,296025668,51
DEQ,667680709142445,20,1028,303027929,50
DEQ,667680716146520,20,1028,310029889,49
DEQ,667680723146413,20,1028,317027630,48
DEQ,667680730146911,20,1028,324026053,47
DEQ,667680737152127,20,1028,331029146,46
DEQ,667680744142214,20,1028,338017159,45
DEQ,667680751118212,20,1028,344991086,44
DEQ,667680758132783,20,1028,352003154,43
DEQ,667680765134862,20,1028,359003206,42
DEQ,667680772105342,20,1028,365955516,41
DEQ,667680779125857,20,1028,372973830,40
DEQ,667680786143128,20,1028,379988918,39
DEQ,667680793148976,20,1028,386992580,38
DEQ,667680800132760,20,1028,393974169,92
DEQ,667680807143943,20,1028,400983177,91
DEQ,667680814143706,20,1028,407977362,90
DEQ,667680821146450,20,1028,414978076,89
DEQ,667680828141213,20,1028,421970758,88
DEQ,667680835147348,20,1028,428974831,87
DEQ,667680842147679,20,1028,435973094,86
DEQ,667680849149779,20,1028,442973137,85
DEQ,667680856122110,20,1028,449943497,84
DEQ,667680863123375,20,1028,456942743,83
DEQ,667680870149048,20,1028,463966424,82
DEQ,667680877147980,20,1028,470963275,81
DEQ,667680884151241,20,1028,477964451,80
DEQ,667680891150917,20,1028,484961937,79
DEQ,667680898136063,20,1028,491945063,78
DEQ,667680905129021,20,1028,498935970,77
DEQ,667680912144400,20,1028,505949371,76
DEQ,667680919149726,20,1028,512952730,75
DEQ,667680926140370,20,1028,519941387,74
DEQ,667680933145537,20,1028,526944141,73
DEQ,667680940155174,20,1028,533951768,72
DEQ,667680947137274,20,1028,540931854,71
DEQ,667680954150233,20,1028,547942760,70
DEQ,667680961148123,20,1028,554938607,69
DEQ,667680968143564,20,1028,561931964,68
DEQ,667680975149796,20,1028,568936124,67
DEQ,667680982140824,20,1028,575924978,66
DEQ,667680989142220,20,1028,582924394,65
DEQ,667680996147672,20,1028,589927769,64
DEQ,667681003146400,20,1028,596924386,63
DEQ,667681010143523,20,1028,603919444,62
DEQ,667681017157726,20,1028,610931583,61
DEQ,667681024137596,20,1028,617909383,60
DEQ,667681031143976,20,1028,624913798,59
DEQ,667681038143554,20,1028,631040892,58
DEQ,667681045139736,20,1028,637059594,57
DEQ,667681052147682,20,1028,518094291,56
DEQ,667681059143818,20,1028,525086696,55
DEQ,667681066147580,20,84,268030883,54
DEQ,667681073140495,20,1028,275015113,53
DEQ,667681080137729,20,1028,282010111,52
DEQ,667681087143929,20,1028,289014248,51
DEQ,667681094145971,20,1028,296014189,50
DEQ,667681101148754,20,1028,303014949,49
DEQ,667681108147695,20,1028,310011628,48
DEQ,667681115148825,20,1028,317010667,47
DEQ,667681122141879,20,1028,324001550,46
DEQ,667681129117640,20,1028,330975200,45
DEQ,667681136148648,20,1028,338004092,44
DEQ,667681143131283,20,1028,344984639,43
DEQ,667681150132649,20,1028,351983921,42
DEQ,667681157134531,20,1028,358983722,41
DEQ,667681164114326,20,1028,365961445,40
DEQ,667681171140598,20,1028,372985617,39
DEQ,667681178143680,20,1028,379986627,38
DEQ,667681185153871,20,1028,386994754,37
DEQ,667681192131126,20,1028,393969937,90
DEQ,667681199141521,20,1028,400978143,89
DEQ,667681206141914,20,1028,407976475,88
DEQ,667681213142167,20,1028,414974563,87
DEQ,667681220147492,20,1028,421977820,86
DEQ,667681227157951,20,1028,428986209,85
DEQ,667681234140936,20,1028,435967131,84
STATS,667681234160711,84,86352,3728,3644,0,0,0
DEQ,667681241153875,20,1028,442977889,83
DEQ,667681248153293,20,1028,449975148,82
DEQ,667681255151271,20,1028,456971065,81
DEQ,667681262141820,20,1028,463959625,80
DEQ,667681269144662,20,1028,470960469,79
DEQ,667681276142735,20,1028,477956358,78
DEQ,667681283143830,20,1028,484955477,77
DEQ,667681290141554,20,1028,491951043,76
DEQ,667681297147950,20,1028,498955311,75
DEQ,667681304140017,20,1028,505945177,74
DEQ,667681311145634,20,1028,512948669,73
DEQ,667681318130883,20,1028,519931703,72
DEQ,667681325147066,20,1028,526945903,71
DEQ,667681332147402,20,1028,533944260,70
DEQ,667681339134593,20,1028,540929376,69
DEQ,667681346141477,20,1028,547934165,68
DEQ,667681353135452,20,1028,554926174,67
DEQ,667681360147574,20,1028,561936207,66
DEQ,667681367143832,20,1028,568930376,65
DEQ,667681374143167,20,1028,575927639,64
DEQ,667681381144610,20,1028,582927114,63
DEQ,667681388130090,20,1028,589910508,62
DEQ,667681395148705,20,1028,596926999,61
DEQ,667681402082880,20,1028,603859103,60
DEQ,667681409147756,20,1028,610921984,59
DEQ,667681416137539,20,1028,617909690,58
DEQ,667681423145345,20,1028,624915530,57
DEQ,667681430138309,20,1028,631906504,56
DEQ,667681437146133,20,1028,638912239,55
DEQ,667681444147561,20,1028,645911704,54
DEQ,667681451136222,20,1028,261021758,53
DEQ,667681458143203,20,1028,268018850,52
DEQ,667681465147791,20,1028,275021208,51
DEQ,667681472147613,20,1028,282018898,50
DEQ,667681479136195,20,1028,289005333,49
DEQ,667681486138136,20,1028,296005261,48
DEQ,667681493146205,20,1028,303011245,47
DEQ,667681500141678,20,1028,310004608,46
DEQ,667681507115468,20,1028,316976304,45
DEQ,667681514135800,20,1028,323994542,44
DEQ,667681521119841,20,1028,330976445,43
DEQ,667681528118281,20,1028,337972796,42
DEQ,667681535075374,20,1028,344927803,41
DEQ,667681542072890,20,1028,351923248,40
DEQ,667681549116073,20,1028,358964374,39
DEQ,667681556144218,20,1028,365990121,38
DEQ,667681563139828,20,1028,372983625,37
DEQ,667681570142026,20,1028,379983768,36
DEQ,667681577154962,20,1028,386994502,35
DEQ,667681584145185,20,1028,393982657,88
DEQ,667681591149414,20,1028,400984907,87
DEQ,667681598149120,20,1028,407982638,86
DEQ,667681605151715,20,1028,414983188,85
DEQ,667681612147368,20,1028,421976777,84
DEQ,667681619149451,20,1028,428976769,83
DEQ,667681626157314,20,1028,435982638,82
DEQ,667681633142206,20,1028,442965457,81
DEQ,667681640146388,20,1028,449967610,80
DEQ,667681647152923,20,1028,456971945,79
DEQ,667681654141547,20,1028,463958491,78
DEQ,667681661150813,20,1028,470965686,77
DEQ,667681668147331,20,1028,477960228,76
DEQ,667681675151065,20,1028,484961841,75
DEQ,667681682143201,20,1028,491951912,74
DEQ,667681689134444,20,1028,498940988,73
DEQ,667681696141563,20,1028,505946015,72
DEQ,667681703146997,20,1028,512949491,71
DEQ,667681710135953,20,1028,519936454,70
DEQ,667681717143685,20,1028,526942192,69
DEQ,667681724141457,20,1028,533937777,68
DEQ,667681731146923,20,1028,540941270,67
DEQ,667681738140720,20,1028,547932944,66
DEQ,667681745143826,20,1028,554934070,65
DEQ,667681752141589,20,1028,561929859,64
DEQ,667681759148617,20,1028,568934740,63
DEQ,667681766141607,20,1028,575925661,62
DEQ,667681773146955,20,1028,582928899,61
DEQ,667681780147366,20,1028,589927241,60
DEQ,667681787143629,20,1028,596921349,59
DEQ,667681794141852,20,1028,603917471,58
DEQ,667681801146355,20,1028,610919914,57
DEQ,667681808145982,20,1028,617917550,56
DEQ,667681815137416,20,1028,624906906,55
DEQ,667681822151799,20,1028,631919286,54
DEQ,667681829145214,20,1028,247035817,53
DEQ,667681836146049,20,1028,254022004,52
DEQ,667681843159027,20,1028,261032776,52
DEQ,667681850142329,20,1028,268013685,51
DEQ,667681857142759,20,1028,274995524,50
DEQ,667681864143185,20,1028,281993710,49
DEQ,667681871145152,20,1028,288993468,48
DEQ,667681878140993,20,1028,295987184,47
DEQ,667681885151896,20,1028,302995891,46
DEQ,667681892129514,20,1028,309970865,45
DEQ,667681899115076,20,1028,316954221,44
DEQ,667681906133123,20,1028,323966398,43
DEQ,667681913118568,20,1028,330949647,42
DEQ,667681920118102,20,1028,337947043,41
DEQ,667681927150296,20,1028,344977216,40
DEQ,667681934157385,20,1028,351982178,39
DEQ,667681941144012,20,1028,358966712,38
DEQ,667681948144739,20,1028,365965263,37
DEQ,667681955159901,20,1028,372978377,36
DEQ,667681962146233,20,1028,379962667,35
DEQ,667681969150869,20,1028,386965139,34
DEQ,667681976130964,20,1028,393943189,87
DEQ,667681983144319,20,1028,400954559,86
DEQ,667681990143019,20,1028,407951142,85
DEQ,667681997145881,20,1028,414951990,84
DEQ,667682004143104,20,1028,421947130,83
DEQ,667682011127080,20,1028,428929017,82
DEQ,667682018137169,20,1028,435937008,81
DEQ,667682025135131,20,1028,442932901,80
DEQ,667682032137242,20,1028,449932929,79
DEQ,667682039146758,20,1028,456940449,78
DEQ,667682046147934,20,1028,463939584,77
DEQ,667682053153302,20,1028,470942860,76
DEQ,667682060142089,20,1028,477929528,75
DEQ,667682067143366,20,1028,484928840,74
DEQ,667682074125806,20,1028,491909143,73
DEQ,667682081141686,20,1028,498922999,72
DEQ,667682088153121,20,1028,505932280,71
DEQ,667682095161182,20,1028,512938197,70
DEQ,667682102132349,20,1028,519907188,69
DEQ,667682109148449,20,1028,526921101,68
DEQ,667682116156368,20,1028,533926942,67
DEQ,667682123147801,20,1028,540916247,66
DEQ,667682130143847,20,1028,547910140,65
DEQ,667682137137982,20,1028,554902203,64
DEQ,667682144152834,20,1028,561914718,63
DEQ,667682151141655,20,1028,568901226,62
DEQ,667682158147121,20,1028,575904539,61
DEQ,667682165148351,20,1028,582903762,60
DEQ,667682172147100,20,1028,589900383,59
DEQ,667682179144984,20,1028,596895621,58
DEQ,667682186142970,20,1028,603891024,57
DEQ,667682193143256,20,1028,610889112,56
DEQ,667682200147070,20,1028,617890440,55
DEQ,667682207124691,20,84,369018646,54
DEQ,667682214144659,20,1028,240022406,53
DEQ,667682221145812,20,1028,247014528,52
DEQ,667682228139621,20,1028,254005729,51
DEQ,667682235144171,20,1028,261007605,50
STATS,667682235163290,50,51400,3837,3787,0,0,0
DEQ,667682242136979,20,1028,267997804,49
DEQ,667682249156300,20,1028,275014744,48
DEQ,667682256139354,20,1028,281994991,47
DEQ,667682263145827,20,1028,288999008,46
DEQ,667682270120492,20,1028,295971214,45
DEQ,667682277143386,20,1028,302991743,44
DEQ,667682284117064,20,1028,309962737,43
DEQ,667682291131848,20,1028,316974757,42
DEQ,667682298140681,20,1028,323981191,41
DEQ,667682305119043,20,1028,330956816,40
DEQ,667682312116186,20,1028,337951327,39
DEQ,667682319145761,20,1028,344978214,38
DEQ,667682326133950,20,1028,351964042,37
DEQ,667682333148109,20,1028,358975724,36
DEQ,667682340142977,20,1028,365967504,35
DEQ,667682347148364,20,1028,372970254,34
DEQ,667682354146307,20,1028,379966008,33
DEQ,667682361136587,20,1028,386953661,32
DEQ,667682368149278,20,1028,393963928,85
DEQ,667682375159317,20,1028,400971506,84
DEQ,667682382148500,20,1028,407957997,83
DEQ,667682389144705,20,1028,414951751,82
DEQ,667682396142684,20,1028,421947205,81
DEQ,667682403147071,20,1028,428948991,80
DEQ,667682410150332,20,1028,435949812,79
DEQ,667682417139050,20,1028,442936175,78
DEQ,667682424151069,20,1028,449945877,77
DEQ,667682431143337,20,1028,456936009,76
DEQ,667682438141236,20,1028,463930371,75
DEQ,667682445135743,20,1028,470922300,74
DEQ,667682452135425,20,1028,477919538,73
DEQ,667682459140718,20,1028,484922183,72
DEQ,667682466141179,20,1028,491920210,71
DEQ,667682473149927,20,1028,498926658,70
DEQ,667682480139586,20,1028,505914130,69
DEQ,667682487144101,20,1028,512916260,68
DEQ,667682494142815,20,1028,519912731,67
DEQ,667682501145768,20,1028,526913421,66
DEQ,667682508147854,20,1028,533913079,65
DEQ,667682515137417,20,1028,540899976,64
DEQ,667682522142895,20,1028,547903343,63
DEQ,667682529148237,20,1028,554906261,62
DEQ,667682536126013,20,1028,561881395,61
DEQ,667682543143245,20,1028,568896284,60
DEQ,667682550141153,20,1028,575891821,59
DEQ,667682557145835,20,1028,582894014,58
DEQ,667682564140229,20,1028,589886003,57
DEQ,667682571143210,20,1028,596886495,56
DEQ,667682578143657,20,1028,603884696,55
DEQ,667682585142458,20,1028,610881091,54
DEQ,667682592137115,20,1028,226016479,53
DEQ,667682599145727,20,1028,233015930,52
DEQ,667682606141202,20,1028,240008706,51
DEQ,667682613149789,20,1028,247014742,50
DEQ,667682620154507,20,1028,254017021,49
DEQ,667682627141366,20,1028,261001538,48
DEQ,667682634142868,20,1028,268000623,47
DEQ,667682641154000,20,1028,275009261,46
DEQ,667682648126062,20,1028,281978527,45
DEQ,667682655180699,20,1028,289030612,44
DEQ,667682662132937,20,1028,295980131,43
DEQ,667682669114005,20,1028,302958861,42
DEQ,667682676140270,20,1028,309982629,41
DEQ,667682683120650,20,1028,316960589,40
DEQ,667682690119447,20,1028,323956687,39
DEQ,667682697133395,20,1028,330967864,38
DEQ,667682704152636,20,1028,337984407,37
DEQ,667682711148841,20,1028,344977814,36
DEQ,667682718147326,20,1028,351973807,35
DEQ,667682725154880,20,1028,358978968,34
DEQ,667682732149690,20,1028,365971171,33
DEQ,667682739147803,20,1028,372966441,32
DEQ,667682746144270,20,1028,379960538,31
DEQ,667682753150415,20,1028,386964187,30
DEQ,667682760145716,20,1028,393957095,83
DEQ,667682767143090,20,1028,400951893,82
DEQ,667682774155473,20,1028,407961490,81
DEQ,667682781147165,20,1028,414950475,80
DEQ,667682788157582,20,1028,421958196,79
DEQ,667682795144531,20,1028,428942882,78
DEQ,667682802145369,20,1028,435941308,77
DEQ,667682809139619,20,1028,442933142,76
DEQ,667682816153506,20,1028,449944573,75
DEQ,667682823146787,20,1028,456935417,74
DEQ,667682830134512,20,1028,463920724,73
DEQ,667682837144503,20,1028,470928040,72
DEQ,667682844145306,20,1028,477926391,71
DEQ,667682851143187,20,1028,484921738,70
DEQ,667682858142676,20,1028,491918654,69
DEQ,667682865148901,20,1028,498922227,68
DEQ,667682872142743,20,1028,505913846,67
DEQ,667682879125981,20,1028,512894447,66
DEQ,667682886131894,20,1028,519897925,66
DEQ,667682893135553,20,1028,526898878,65
DEQ,667682900142695,20,1028,533903446,64
DEQ,667682907148523,20,1028,540906783,63
DEQ,667682914150973,20,1028,547906958,62
DEQ,667682921136742,20,1028,554890316,61
DEQ,667682928142817,20,1028,561894129,60
DEQ,667682935123874,20,1028,568872120,59
DEQ,667682942141402,20,1028,575887005,58
DEQ,667682949075628,20,1028,582818443,57
DEQ,667682956153072,20,1028,589893482,56
DEQ,667682963142801,20,1028,596880628,55
DEQ,667682970145728,20,1028,212035014,54
DEQ,667682977145134,20,1028,219015465,53
DEQ,667682984132737,20,1028,226000473,52
DEQ,667682991148112,20,1028,233013031,51
DEQ,667682998142688,20,1028,240004839,50
DEQ,667683005145574,20,1028,247005323,49
DEQ,667683012141877,20,1028,253999142,48
DEQ,667683019149001,20,1028,261003761,47
DEQ,667683026116067,20,1028,267968264,46
DEQ,667683033139792,20,1028,274989282,45
DEQ,667683040119259,20,1028,281966096,44
DEQ,667683047126739,20,1028,288970885,43
DEQ,667683054140175,20,1028,295981994,42
DEQ,667683061117226,20,1028,302956570,41
DEQ,667683068127614,20,1028,309964314,40
DEQ,667683075125820,20,1028,316959952,39
DEQ,667683082139655,20,1028,323971251,38
DEQ,667683089158284,20,1028,330987275,37
DEQ,667683096146110,20,1028,337972789,36
DEQ,667683103149820,20,1028,344973748,35
DEQ,667683110137784,20,1028,351959138,34
DEQ,667683117147863,20,1028,358966961,33
DEQ,667683124146472,20,1028,365963146,32
DEQ,667683131140011,20,1028,372953887,31
DEQ,667683138149361,20,1028,379960823,30
DEQ,667683145147274,20,1028,386956101,29
DEQ,667683152139532,20,1028,393945572,82
DEQ,667683159143057,20,1028,400946513,81
DEQ,667683166124406,20,1028,407925298,80
DEQ,667683173135545,20,1028,414933904,79
DEQ,667683180146773,20,1028,421942766,78
DEQ,667683187142914,20,1028,428936346,77
DEQ,667683194140786,20,1028,435931639,76
DEQ,667683201147815,20,1028,442935929,75
DEQ,667683208146577,20,1028,449932383,74
DEQ,667683215148355,20,1028,456931520,73
DEQ,667683222151907,20,1028,463932688,72
DEQ,667683229146869,20,1028,470925057,71
DEQ,667683236157425,20,1028,477933027,70
STATS,667683236184758,70,71016,4000,3930,0,0,0
DEQ,667683243143424,20,1028,484916472,69
DEQ,667683250146939,20,1028,491917604,68
DEQ,667683257139565,20,1028,498907652,67
DEQ,667683264139285,20,1028,505904883,66
DEQ,667683271147043,20,1028,512909996,65
DEQ,667683278134155,20,1028,519894656,64
DEQ,667683285140515,20,1028,526898733,63
DEQ,667683292146788,20,1028,533902600,62
DEQ,667683299143644,20,1028,540896740,61
DEQ,667683306142599,20,1028,547893315,60
DEQ,667683313147897,20,1028,554895878,59
DEQ,667683320142454,20,1028,561887761,58
DEQ,667683327143032,20,1028,568885801,57
DEQ,667683334142607,20,1028,575882747,56
DEQ,667683341147142,20,1028,582884548,55
DEQ,667683348135020,20,84,462086795,54
DEQ,667683355142149,20,1028,205102682,53
DEQ,667683362157540,20,1028,212109450,52
DEQ,667683369156564,20,1028,219106241,51
DEQ,667683376160329,20,1028,226107610,50
DEQ,667683383150712,20,1028,233095798,49
DEQ,667683390140867,20,1028,240083782,48
DEQ,667683397148289,20,1028,247089146,47
DEQ,667683404148884,20,1028,254087585,46
DEQ,667683411077466,20,1028,261013722,52
DEQ,667683418141725,20,1028,268075904,51
DEQ,667683425157309,20,1028,275089409,50
DEQ,667683432123562,20,1028,282053328,49
DEQ,667683439164499,20,1028,289092118,48
DEQ,667683446171772,20,1028,296097169,47
DEQ,667683453127168,20,1028,303050563,46
DEQ,667683460154597,20,1028,310075858,45
DEQ,667683467146117,20,1028,317065223,44
DEQ,667683474152467,20,1028,324069384,43
DEQ,667683481130044,20,1028,331044964,42
DEQ,667683488140860,20,1028,338053721,41
DEQ,667683495143860,20,1028,345054739,40
DEQ,667683502138207,20,1028,352046697,39
DEQ,667683509141111,20,1028,359047519,38
DEQ,667683516143223,20,1028,366047641,37
DEQ,667683523141901,20,1028,373044207,36
DEQ,667683530146568,20,1028,380046881,35
DEQ,667683537146943,20,1028,387045276,34
DEQ,667683544142456,20,1028,394038709,80
DEQ,667683551148520,20,1028,401042678,79
DEQ,667683558146679,20,1028,408038719,78
DEQ,667683565146139,20,1028,415035924,77
DEQ,667683572135326,20,1028,422023107,76
DEQ,667683579140981,20,1028,429026596,75
DEQ,667683586138151,20,1028,436021703,74
DEQ,667683593143838,20,1028,443025329,73
DEQ,667683600149927,20,1028,450029435,72
DEQ,667683607145268,20,1028,457022463,71
DEQ,667683614146339,20,1028,464021415,70
DEQ,667683621142510,20,1028,471015367,69
DEQ,667683628138181,20,1028,478009072,68
DEQ,667683635146669,20,1028,485015124,67
DEQ,667683642143849,20,1028,492010195,66
DEQ,667683649139816,20,1028,499004013,65
DEQ,667683656148648,20,1028,506010788,64
DEQ,667683663151237,20,1028,513011242,63
DEQ,667683670085112,20,1028,519942952,62
DEQ,667683677145610,20,1028,527001354,61
DEQ,667683684157086,20,1028,534010702,60
DEQ,667683691148128,20,1028,540999686,59
DEQ,667683698144779,20,1028,547994212,58
DEQ,667683705146003,20,1028,554993427,57
DEQ,667683712142058,20,1028,561987207,56
DEQ,667683719147361,20,1028,568990468,55
DEQ,667683726150482,20,1028,575991459,54
DEQ,667683733142410,20,1028,327024163,53
DEQ,667683740142096,20,1028,334009505,52
DEQ,667683747147467,20,1028,341007959,51
DEQ,667683754149587,20,1028,347012324,50
DEQ,667683761151281,20,1028,353026196,49
DEQ,667683768149264,20,1028,359025310,48
DEQ,667683775148667,20,1028,365025190,47
DEQ,667683782016858,20,1028,239900385,46
DEQ,667683789140180,20,1028,247015291,45
DEQ,667683796141391,20,1028,254014281,44
DEQ,667683803116012,20,1028,260986825,43
DEQ,667683810121701,20,1028,267990421,72
DEQ,667683817114411,20,1028,274980947,71
DEQ,667683824171613,20,1028,282035988,70
DEQ,667683831131808,20,1028,288993830,69
DEQ,667683838145721,20,1028,296005551,68
DEQ,667683845150435,20,1028,303008142,67
DEQ,667683852141500,20,1028,309997049,66
DEQ,667683859145505,20,1028,316998999,65
DEQ,667683866143474,20,1028,323994810,64
DEQ,667683873138589,20,1028,330987776,63
DEQ,667683880153084,20,1028,338000253,62
DEQ,667683887147333,20,1028,344992232,61
DEQ,667683894146274,20,1028,351988981,60
DEQ,667683901144321,20,1028,358984996,59
DEQ,667683908138929,20,1028,365977593,58
DEQ,667683915140036,20,1028,372976499,57
DEQ,667683922140551,20,1028,379974767,56
DEQ,667683929135844,20,1028,386967940,55
DEQ,667683936146325,20,1028,393976416,54
DEQ,667683943123406,20,1028,400951474,78
DEQ,667683950147086,20,1028,407973077,77
DEQ,667683957142540,20,1028,414966563,76
DEQ,667683964134746,20,1028,421956766,75
DEQ,667683971140846,20,1028,428960805,74
DEQ,667683978146349,20,1028,435964233,73
DEQ,667683985149221,20,1028,442965062,72
DEQ,667683992142141,20,1028,449955818,71
DEQ,667683999142369,20,1028,456953744,70
DEQ,667684006124654,20,1028,463934037,69
DEQ,667684013142634,20,1028,470949966,68
DEQ,667684020158762,20,1028,477964021,67
DEQ,667684027148045,20,1028,484951173,66
DEQ,667684034150319,20,1028,491951338,65
DEQ,667684041149554,20,1028,498948591,64
DEQ,667684048145693,20,1028,505942757,63
DEQ,667684055132879,20,1028,512927805,62
DEQ,667684062142947,20,1028,519935773,61
DEQ,667684069125806,20,1028,526916438,60
DEQ,667684076139648,20,1028,533928218,59
DEQ,667684083142443,20,1028,540928921,58
DEQ,667684090136276,20,1028,547920683,57
DEQ,667684097146718,20,1028,554929079,56
DEQ,667684104140862,20,1028,561921143,55
DEQ,667684111148457,20,1028,305024569,54
DEQ,667684118140448,20,1028,312007942,53
DEQ,667684125133370,20,1028,318998665,52
DEQ,667684132133825,20,84,325996993,51
DEQ,667684139141820,20,1028,333002729,50
DEQ,667684146134601,20,1028,339993176,49
DEQ,667684153081215,20,1028,346937610,48
DEQ,667684160147959,20,1028,354002333,47
DEQ,667684167146884,20,1028,360999240,46
DEQ,667684174107160,20,1028,367957377,45
DEQ,667684181124260,20,1028,374972391,44
DEQ,667684188141452,20,1028,381987513,43
DEQ,667684195114230,20,1028,388958225,42
DEQ,667684202117129,20,1028,395958934,41
DEQ,667684209153423,20,1028,402993119,85
DEQ,667684216168804,20,1028,410006510,84
DEQ,667684223154557,20,1028,416990174,83
DEQ,667684230151407,20,1028,423984993,82
DEQ,667684237144619,20,1028,430975674,81
STATS,667684237282609,81,83268,4154,4073,0,0,0
DEQ,667684244141812,20,1028,437970821,80
DEQ,667684251144404,20,1028,444971412,79
DEQ,667684258148575,20,1028,451973577,78
DEQ,667684265148328,20,1028,458971320,77
DEQ,667684272140604,20,1028,465961635,76
DEQ,667684279143427,20,1028,472962488,75
DEQ,667684286140431,20,1028,479957525,74
DEQ,667684293148471,20,1028,486956141,73
DEQ,667684300141993,20,1028,493005476,72
DEQ,667684307139126,20,1028,499001511,71
DEQ,667684314140504,20,1028,505006619,70
DEQ,667684321142474,20,1028,379022852,69
DEQ,667684328146292,20,1028,386017484,68
DEQ,667684335143344,20,1028,393011890,67
DEQ,667684342139265,20,1028,400005326,67
DEQ,667684349144069,20,1028,407007365,67
DEQ,667684356146146,20,1028,414006501,66
DEQ,667684363143243,20,1028,421000801,65
DEQ,667684370146532,20,1028,428001248,64
DEQ,667684377159223,20,1028,435011527,63
DEQ,667684384149274,20,1028,441998888,62
DEQ,667684391147893,20,1028,448994733,61
DEQ,667684398140192,20,1028,455984420,60
DEQ,667684405148240,20,1028,462990205,59
DEQ,667684412146173,20,1028,469985593,58
DEQ,667684419139794,20,1028,476976854,57
DEQ,667684426140296,20,1028,483974885,56
DEQ,667684433148210,20,1028,490979974,55
DEQ,667684440138785,20,1028,497967630,54
DEQ,667684447143319,20,1028,504969507,53
DEQ,667684454140385,20,1028,511964150,52
DEQ,667684461134763,20,1028,518956119,51
DEQ,667684468142820,20,1028,525961498,50
DEQ,667684475141643,20,1028,532958000,55
DEQ,667684482120302,20,1028,539933833,54
DEQ,667684489146422,20,1028,546956668,53
DEQ,667684496142373,20,1028,289979349,52
DEQ,667684503162744,20,1028,296991000,51
DEQ,667684510145937,20,1028,303971969,50
DEQ,667684517153360,20,1028,310977018,49
DEQ,667684524145636,20,1028,317966577,48
DEQ,667684531140629,20,1028,324959400,47
DEQ,667684538135782,20,1028,331952450,46
DEQ,667684545115570,20,1028,338930199,45
DEQ,667684552175339,20,1028,345987884,44
DEQ,667684559124343,20,1028,352934809,43
DEQ,667684566133443,20,1028,359941735,42
DEQ,667684573142688,20,1028,366948924,41
DEQ,667684580116143,20,1028,373920231,40
DEQ,667684587113951,20,1028,380916033,39
DEQ,667684594125481,20,1028,387925487,38
DEQ,667684601145046,20,1028,394943036,37
DEQ,667684608148324,20,1028,401944330,90
DEQ,667684615142397,20,1028,408936363,89
DEQ,667684622140503,20,1028,415932436,88
DEQ,667684629146188,20,1028,422936059,87
DEQ,667684636155307,20,1028,429943183,86
DEQ,667684643146529,20,1028,436931796,85
DEQ,667684650149486,20,1028,443932612,84
DEQ,667684657147434,20,1028,450928491,83
DEQ,667684664138570,20,1028,457917462,82
DEQ,667684671150647,20,1028,464927555,81
DEQ,667684678140223,20,1028,471915051,80
DEQ,667684685134829,20,1028,478907678,79
DEQ,667684692146028,20,1028,485916832,78
DEQ,667684699140597,20,1028,492909284,77
DEQ,667684706141928,20,1028,499908418,76
DEQ,667684713134867,20,1028,506899389,75
DEQ,667684720147716,20,1028,513910240,74
DEQ,667684727146453,20,1028,520906933,73
DEQ,667684734139666,20,1028,527898153,72
DEQ,667684741143181,20,1028,534899544,71
DEQ,667684748138614,20,1028,541891772,70
DEQ,667684755142252,20,1028,548893228,69
DEQ,667684762140178,20,1028,555889007,68
DEQ,667684769140609,20,1028,562887429,67
DEQ,667684776152563,20,1028,569897403,66
DEQ,667684783140568,20,1028,576883411,65
DEQ,667684790140236,20,1028,583085521,64
DEQ,667684797142481,20,1028,589091884,63
DEQ,667684804153468,20,1028,595109649,62
DEQ,667684811142219,20,1028,469006427,61
DEQ,667684818137755,20,1028,475997030,60
DEQ,667684825142392,20,1028,355019035,59
DEQ,667684832145964,20,1028,362013647,58
DEQ,667684839147567,20,1028,369012656,57
DEQ,667684846140175,20,1028,376002827,56
DEQ,667684853141740,20,1028,383002182,55
DEQ,667684860146283,20,1028,390004114,54
DEQ,667684867139755,20,1028,261021048,54
DEQ,667684874145846,20,1028,268018259,53
DEQ,667684881147998,20,1028,275017766,52
DEQ,667684888151309,20,1028,282018151,51
DEQ,667684895146189,20,1028,289010010,50
DEQ,667684902141876,20,1028,296002917,49
DEQ,667684909145306,20,1028,303003861,48
DEQ,667684916128802,20,1028,309984594,47
DEQ,667684923114759,20,1028,316968062,46
DEQ,667684930133508,20,1028,323984363,45
DEQ,667684937120586,20,1028,330969096,44
DEQ,667684944124411,20,1028,337970347,43
DEQ,667684951117176,20,1028,344960453,42
DEQ,667684958130194,20,1028,351971101,41
DEQ,667684965115447,20,1028,358953825,40
DEQ,667684972145921,20,1028,365981986,39
DEQ,667684979148947,20,1028,372982518,38
DEQ,667684986140103,20,1028,379971339,37
DEQ,667684993139187,20,1028,386967633,36
DEQ,667685000146738,20,1028,393972738,89
DEQ,667685007151960,20,1028,400975448,88
DEQ,667685014154186,20,1028,407975316,87
DEQ,667685021144542,20,1028,414963131,86
DEQ,667685028136589,20,1028,421952649,85
DEQ,667685035144668,20,1028,428958417,84
DEQ,667685042146063,20,1028,435957502,83
DEQ,667685049152227,20,1028,442961313,82
DEQ,667685056149643,20,1028,449956493,81
DEQ,667685063145939,20,1028,456950495,80
DEQ,667685070122023,20,1028,463923994,79
DEQ,667685077138383,20,1028,470937984,78
DEQ,667685084142818,20,1028,477940021,77
DEQ,667685091151065,20,1028,484945737,76
DEQ,667685098148898,20,1028,491941250,75
DEQ,667685105157207,20,1028,498946950,74
DEQ,667685112156478,20,1028,505943443,73
DEQ,667685119148019,20,1028,512931961,72
DEQ,667685126137329,20,1028,519918894,71
DEQ,667685133135091,20,1028,526914144,70
DEQ,667685140148792,20,1028,533925388,69
DEQ,667685147143558,20,1028,540917947,68
DEQ,667685154151020,20,1028,547923093,67
DEQ,667685161162736,20,1028,554932531,66
DEQ,667685168148406,20,1028,561915683,65
DEQ,667685175146285,20,1028,568910914,64
DEQ,667685182145987,20,1028,575908155,63
DEQ,667685189156105,20,1028,582915449,62
DEQ,667685196143128,20,1028,589900204,61
DEQ,667685203147441,20,1028,596902156,60
DEQ,667685210144212,20,1028,603896667,59
DEQ,667685217143604,20,1028,610893772,58
DEQ,667685224140008,20,1028,617887861,57
DEQ,667685231147883,20,1028,624893535,56
DEQ,667685238142501,20,1028,631885335,55
STATS,667685238161658,55,55596,4271,4216,0,0,0
DEQ,667685245139589,20,84,383019221,54
DEQ,667685252136620,20,1028,254017403,53
DEQ,667685259142083,20,1028,261014373,52
DEQ,667685266147450,20,1028,268017450,51
DEQ,667685273146208,20,1028,275014161,50
DEQ,667685280145810,20,1028,282011554,49
DEQ,667685287142175,20,1028,289005787,48
DEQ,667685294140008,20,1028,296000922,47
DEQ,667685301150167,20,1028,303008899,46
DEQ,667685308128945,20,1028,309985609,45
DEQ,667685315174600,20,1028,317029012,44
DEQ,667685322121784,20,1028,323974114,43
DEQ,667685329118825,20,1028,330969149,42
DEQ,667685336132440,20,1028,337980634,41
DEQ,667685343120381,20,1028,344966569,40
DEQ,667685350115791,20,1028,351959929,39
DEQ,667685357136157,20,1028,358978265,38
DEQ,667685364148202,20,1028,365988220,37
DEQ,667685371141921,20,1028,372979910,36
DEQ,667685378145806,20,1028,379981776,35
DEQ,667685385137009,20,1028,386971013,34
DEQ,667685392145771,20,1028,393977714,87
DEQ,667685399147745,20,1028,400977532,86
DEQ,667685406141553,20,1028,407969276,85
DEQ,667685413140324,20,1028,414966015,84
DEQ,667685420081699,20,1028,421905118,83
DEQ,667685427142030,20,1028,428963230,82
DEQ,667685434145729,20,1028,435964590,81
DEQ,667685441149208,20,1028,442965945,80
DEQ,667685448149095,20,1028,449963853,79
DEQ,667685455140292,20,1028,456953060,78
DEQ,667685462138440,20,1028,463949097,77
DEQ,667685469139517,20,1028,470948207,76
DEQ,667685476139975,20,1028,477946663,75
DEQ,667685483144464,20,1028,484949157,74
DEQ,667685490148257,20,1028,491950943,73
DEQ,667685497145936,20,1028,498946543,72
DEQ,667685504139978,20,1028,505938606,71
DEQ,667685511140209,20,1028,512936657,70
DEQ,667685518141581,20,1028,519936046,69
DEQ,667685525140425,20,1028,526932913,68
DEQ,667685532102843,20,1028,533893172,67
DEQ,667685539122937,20,1028,540911286,66
DEQ,667685546121570,20,1028,547907837,65
DEQ,667685553146931,20,1028,554930877,64
DEQ,667685560155570,20,1028,561937567,63
DEQ,667685567146881,20,1028,568926858,62
DEQ,667685574145706,20,1028,575923724,61
DEQ,667685581144397,20,1028,582920429,60
DEQ,667685588146375,20,1028,589920410,59
DEQ,667685595145230,20,1028,596917276,58
DEQ,667685602141538,20,1028,603911405,57
DEQ,667685609146073,20,1028,610913920,56
DEQ,667685616147368,20,1028,617913163,55
DEQ,667685623147609,20,1028,624911325,54
DEQ,667685630142299,20,1028,240026211,53
DEQ,667685637141043,20,1028,247016362,52
DEQ,667685644138244,20,1028,254011363,51
DEQ,667685651142743,20,1028,261013766,50
DEQ,667685658141507,20,1028,268010434,49
DEQ,667685665154688,20,1028,275021400,48
DEQ,667685672140593,20,1028,282005254,47
DEQ,667685679143177,20,1028,289005736,46
DEQ,667685686143926,20,1028,296004406,45
DEQ,667685693112731,20,1028,302971179,44
DEQ,667685700117466,20,1028,309973924,43
DEQ,667685707142662,20,1028,316997119,42
DEQ,667685714115662,20,1028,323968004,41
DEQ,667685721116884,20,1028,330967210,40
DEQ,667685728139086,20,1028,337987400,39
DEQ,667685735133761,20,1028,344980077,38
DEQ,667685742147142,20,1028,351991271,37
DEQ,667685749147272,20,1028,358989348,36
DEQ,667685756138266,20,1028,365978331,35
DEQ,667685763145474,20,1028,372983507,34
DEQ,667685770144675,20,1028,379980732,33
DEQ,667685777152527,20,1028,386986252,32
DEQ,667685784122333,20,1028,393954042,85
DEQ,667685791145970,20,1028,400975671,84
DEQ,667685798142207,20,1028,407969882,83
DEQ,667685805140962,20,1028,414966608,82
DEQ,667685812139645,20,1028,421963276,81
DEQ,667685819141789,20,1028,428963334,80
DEQ,667685826141311,20,1028,435960813,79
DEQ,667685833140214,20,1028,442957716,78
DEQ,667685840147233,20,1028,449962525,77
DEQ,667685847129557,20,1028,456942838,76
DEQ,667685854143048,20,1028,463954356,75
DEQ,667685861146820,20,1028,470956056,74
DEQ,667685868145613,20,1028,477952762,73
DEQ,667685875147867,20,1028,484952913,72
DEQ,667685882148749,20,1028,491951401,71
DEQ,667685889138952,20,1028,498939638,70
DEQ,667685896124105,20,1028,505922616,69
DEQ,667685903141616,20,1028,512938051,68
DEQ,667685910129581,20,1028,519923937,68
DEQ,667685917141708,20,1028,526933961,67
DEQ,667685924138814,20,1028,533928995,66
DEQ,667685931145913,20,1028,540933983,65
DEQ,667685938140479,20,1028,547926545,64
DEQ,667685945134232,20,1028,554918301,63
DEQ,667685952141344,20,1028,561923301,62
DEQ,667685959143384,20,1028,568923258,61
DEQ,667685966139713,20,1028,575917608,60
DEQ,667685973143142,20,1028,582918896,59
DEQ,667685980140401,20,1028,589914173,58
DEQ,667685987143226,20,1028,596915016,57
DEQ,667685994120562,20,1028,603890220,56
DEQ,667686001139985,20,1028,610907670,55
DEQ,667686008123201,20,1028,226114385,54
DEQ,667686015140190,20,1028,233122554,53
DEQ,667686022139637,20,1028,240119691,52
DEQ,667686029139337,20,1028,247117288,51
DEQ,667686036132000,20,1028,254107846,50
DEQ,667686043139177,20,1028,261112858,49
DEQ,667686050139673,20,1028,268111038,48
DEQ,667686057149232,20,1028,275118303,47
DEQ,667686064122147,20,1028,282089188,46
DEQ,667686071135169,20,1028,289100126,45
DEQ,667686078131865,20,1028,296094753,44
DEQ,667686085119199,20,1028,303080090,43
DEQ,667686092114654,20,1028,310073477,42
DEQ,667686099132730,20,1028,317089520,41
DEQ,667686106116257,20,1028,324070982,40
DEQ,667686113128608,20,1028,331081290,39
DEQ,667686120148085,20,1028,338098257,38
DEQ,667686127147311,20,1028,345095370,37
DEQ,667686134140563,20,1028,352086440,36
DEQ,667686141142749,20,1028,359086640,35
DEQ,667686148138637,20,1028,366080472,34
DEQ,667686155145594,20,1028,373085464,33
DEQ,667686162137391,20,1028,380075087,32
DEQ,667686169124033,20,1028,387059638,31
DEQ,667686176145372,20,1028,394078770,84
DEQ,667686183124912,20,1028,401056327,83
DEQ,667686190129507,20,1028,408058573,82
DEQ,667686197148379,20,1028,415075236,81
DEQ,667686204146259,20,1028,422071049,80
DEQ,667686211136660,20,1028,429059349,79
DEQ,667686218135346,20,1028,436055989,78
DEQ,667686225137515,20,1028,443056079,77
DEQ,667686232146225,20,1028,450062725,76
DEQ,667686239146568,20,1028,457061034,75
STATS,667686239166105,75,76156,4434,4359,0,0,0
DEQ,667686246141323,20,1028,464053642,74
DEQ,667686253146607,20,1028,471056676,73
DEQ,667686260141236,20,1028,478049248,72
DEQ,667686267146520,20,1028,485052429,71
DEQ,667686274139284,20,1028,492043212,70
DEQ,667686281144158,20,1028,499046107,69
DEQ,667686288146275,20,1028,506045996,68
DEQ,667686295124865,20,1028,513022532,67
DEQ,667686302146182,20,1028,520041870,66
DEQ,667686309144086,20,1028,527037686,65
DEQ,667686316137801,20,1028,534029404,64
DEQ,667686323149850,20,1028,541039470,63
DEQ,667686330145450,20,1028,548033107,62
DEQ,667686337141558,20,1028,555027232,61
DEQ,667686344139508,20,1028,562023097,60
DEQ,667686351141582,20,1028,569023093,59
DEQ,667686358141431,20,1028,576020858,58
DEQ,667686365143160,20,1028,583020555,57
DEQ,667686372138621,20,1028,590013888,56
DEQ,667686379138190,20,1028,597011292,55
DEQ,667686386137393,20,84,476088323,54
DEQ,667686393144540,20,1028,219030757,53
DEQ,667686400145135,20,1028,226022897,52
DEQ,667686407155595,20,1028,233030887,51
DEQ,667686414144474,20,1028,240017543,50
DEQ,667686421141170,20,1028,247012030,49
DEQ,667686428145183,20,1028,254013883,48
DEQ,667686435138085,20,1028,261004604,47
DEQ,667686442150858,20,1028,268015201,46
DEQ,667686449117188,20,1028,274979377,45
DEQ,667686456179632,20,1028,282039673,44
DEQ,667686463118125,20,1028,288976022,43
DEQ,667686470111930,20,1028,295967702,42
DEQ,667686477132570,20,1028,302986181,41
DEQ,667686484116946,20,1028,309968438,40
DEQ,667686491116441,20,1028,316965725,39
DEQ,667686498123884,20,1028,323971153,38
DEQ,667686505139749,20,1028,330984936,37
DEQ,667686512139424,20,1028,337982315,36
DEQ,667686519139849,20,1028,344980714,35
DEQ,667686526140156,20,1028,351978827,34
DEQ,667686533142360,20,1028,358978923,33
DEQ,667686540136382,20,1028,365970870,32
DEQ,667686547140680,20,1028,372972999,31
DEQ,667686554139491,20,1028,379969861,30
DEQ,667686561156318,20,1028,386984629,29
DEQ,667686568143730,20,1028,393969977,82
DEQ,667686575148478,20,1028,400972722,81
DEQ,667686582147744,20,1028,407969915,80
DEQ,667686589148403,20,1028,414968555,79
DEQ,667686596144013,20,1028,421962092,78
DEQ,667686603138925,20,1028,428954917,77
DEQ,667686610141178,20,1028,435955160,76
DEQ,667686617146506,20,1028,442958353,75
DEQ,667686624148573,20,1028,449958335,74
DEQ,667686631141490,20,1028,456949167,73
DEQ,667686638140949,20,1028,463946510,72
DEQ,667686645141561,20,1028,470945031,71
DEQ,667686652145440,20,1028,477946840,70
DEQ,667686659144026,20,1028,484943458,69
DEQ,667686666139629,20,1028,491936974,68
DEQ,667686673147353,20,1028,498942710,67
DEQ,667686680139403,20,1028,505932728,66
DEQ,667686687123417,20,1028,512914562,65
DEQ,667686694138044,20,1028,519927214,64
DEQ,667686701140603,20,1028,526927802,63
DEQ,667686708141074,20,1028,533926198,62
DEQ,667686715150110,20,1028,540933094,61
DEQ,667686722146090,20,1028,547927028,60
DEQ,667686729138862,20,1028,554917765,59
DEQ,667686736145220,20,1028,561922132,58
DEQ,667686743147471,20,1028,568922389,57
DEQ,667686750140967,20,1028,575913814,56
DEQ,667686757143900,20,1028,582914819,55
DEQ,667686764138550,20,1028,589907388,54
DEQ,667686771143310,20,1028,205023595,53
DEQ,667686778133528,20,1028,212004621,52
DEQ,667686785122169,20,1028,218990531,51
DEQ,667686792137931,20,1028,226003689,50
DEQ,667686799142370,20,1028,233005461,49
DEQ,667686806138290,20,1028,239998606,48
DEQ,667686813143722,20,1028,247001079,47
DEQ,667686820157300,20,1028,254012100,46
DEQ,667686827116292,20,1028,260968495,53
DEQ,667686834141364,20,1028,267990747,52
DEQ,667686841123244,20,1028,274969798,51
DEQ,667686848115044,20,1028,281959119,50
DEQ,667686855132131,20,1028,288973129,49
DEQ,667686862117556,20,1028,295956146,48
DEQ,667686869114617,20,1028,302950470,47
DEQ,667686876141009,20,1028,309974095,46
DEQ,667686883144623,20,1028,316975424,45
DEQ,667686890140915,20,1028,323969005,44
DEQ,667686897147223,20,1028,330972839,43
DEQ,667686904145248,20,1028,337968383,42
DEQ,667686911143025,20,1028,344963815,41
DEQ,667686918139226,20,1028,351957526,40
DEQ,667686925144614,20,1028,358960361,39
DEQ,667686932146747,20,1028,365959938,38
DEQ,667686939133805,20,1028,372944364,37
DEQ,667686946124427,20,1028,379932265,36
DEQ,667686953133117,20,1028,386938424,35
DEQ,667686960143675,20,1028,393946264,80
DEQ,667686967145997,20,1028,400945949,79
DEQ,667686974147295,20,1028,407944731,78
DEQ,667686981146552,20,1028,414941399,77
DEQ,667686988151641,20,1028,421943728,76
DEQ,667686995142130,20,1028,428931706,75
DEQ,667687002140890,20,1028,435927848,74
DEQ,667687009145515,20,1028,442929917,73
DEQ,667687016145050,20,1028,449926573,72
DEQ,667687023153011,20,1028,456932075,71
DEQ,667687030121732,20,1028,463898224,70
DEQ,667687037140490,20,1028,470914567,69
DEQ,667687044135695,20,1028,477907397,68
DEQ,667687051143008,20,1028,484911994,67
DEQ,667687058139106,20,1028,491905375,66
DEQ,667687065137938,20,1028,498901529,65
DEQ,667687072134439,20,1028,505895517,64
DEQ,667687079143755,20,1028,512902236,63
DEQ,667687086131735,20,1028,519887766,62
DEQ,667687093144157,20,1028,526897498,61
DEQ,667687100147475,20,1028,533898187,60
DEQ,667687107152876,20,1028,540900905,59
DEQ,667687114134908,20,1028,547880551,58
DEQ,667687121140390,20,1028,554883494,57
DEQ,667687128133295,20,1028,561873693,56
DEQ,667687135145538,20,1028,568883433,55
DEQ,667687142144206,20,1028,575879624,54
DEQ,667687149132140,20,1028,327021676,53
DEQ,667687156140038,20,1028,334015822,52
DEQ,667687163145392,20,1028,341014449,51
DEQ,667687170129919,20,1028,347000699,50
DEQ,667687177140411,20,1028,353020485,49
DEQ,667687184145774,20,1028,359031326,48
DEQ,667687191141157,20,1028,365029480,47
DEQ,667687198140750,20,1028,371060716,46
DEQ,667687205134984,20,1028,247010253,45
DEQ,667687212141096,20,1028,254007183,44
DEQ,667687219107946,20,1028,260971226,65
DEQ,667687226121780,20,1028,267981272,64
DEQ,667687233142898,20,1028,274999210,63
DEQ,667687240134254,20,1028,281987838,62
STATS,667687240154395,62,63736,4564,4502,0,0,0
DEQ,667687247131172,20,1028,288981997,61
DEQ,667687254144437,20,1028,295992492,60
DEQ,667687261140923,20,1028,302986234,59
DEQ,667687268140090,20,1028,309982983,58
DEQ,667687275143684,20,1028,316983830,57
DEQ,667687282133201,20,1028,323970737,56
DEQ,667687289134483,20,1028,330969560,55
DEQ,667687296144959,20,1028,337977616,54
DEQ,667687303142815,20,1028,344973115,53
DEQ,667687310139102,20,1028,351966660,52
DEQ,667687317140292,20,1028,358965349,51
DEQ,667687324139032,20,1028,365961678,50
DEQ,667687331146373,20,1028,372966658,49
DEQ,667687338141650,20,1028,379959328,48
DEQ,667687345146327,20,1028,386961308,47
DEQ,667687352136460,20,1028,393949211,78
DEQ,667687359142751,20,1028,400953120,77
DEQ,667687366145028,20,1028,407953211,76
DEQ,667687373151478,20,1028,414957035,75
DEQ,667687380140294,20,1028,421943397,74
DEQ,667687387141076,20,1028,428941429,73
DEQ,667687394148801,20,1028,435946674,72
DEQ,667687401144766,20,1028,442940197,71
DEQ,667687408147701,20,1028,449940877,70
DEQ,667687415144060,20,1028,456934937,69
DEQ,667687422146311,20,1028,463934940,68
DEQ,667687429081293,20,1028,470867496,67
DEQ,667687436143485,20,1028,477927213,66
DEQ,667687443144475,20,1028,484925769,65
DEQ,667687450137812,20,1028,491916688,64
DEQ,667687457137729,20,1028,498914143,63
DEQ,667687464148235,20,1028,505922030,62
DEQ,667687471142746,20,1028,512914125,61
DEQ,667687478138471,20,1028,519907235,60
DEQ,667687485141904,20,1028,526908121,59
DEQ,667687492144894,20,1028,533908662,58
DEQ,667687499144395,20,1028,540905600,57
DEQ,667687506147278,20,1028,547905838,56
DEQ,667687513132138,20,1028,554888227,55
DEQ,667687520138981,20,1028,561892492,54
DEQ,667687527141063,20,1028,313036927,53
DEQ,667687534138992,20,1028,320010824,52
DEQ,667687541138569,20,1028,327007966,51
DEQ,667687548145597,20,1028,334012863,50
DEQ,667687555162087,20,1028,341027244,49
DEQ,667687562144759,20,1028,348007831,48
DEQ,667687569138166,20,1028,354999237,47
DEQ,667687576140652,20,1028,361999617,46
DEQ,667687583122644,20,1028,368979612,45
DEQ,667687590108980,20,1028,375963898,44
DEQ,667687597116807,20,1028,382969676,43
DEQ,667687604115651,20,1028,389966435,42
DEQ,667687611134249,20,1028,396982926,78
DEQ,667687618115539,20,1028,403962147,77
DEQ,667687625125334,20,1028,410969809,76
DEQ,667687632140737,20,1028,417983225,75
DEQ,667687639137780,20,1028,424978062,74
DEQ,667687646143942,20,1028,431178188,73
DEQ,667687653140864,20,1028,437173639,72
DEQ,667687660126415,20,1028,443243088,71
DEQ,667687667142696,20,1028,449357792,70
DEQ,667687674138948,20,1028,455449945,69
DEQ,667687681147801,20,1028,331035612,68
DEQ,667687688138922,20,1028,338018232,67
DEQ,667687695140948,20,1028,345018067,66
DEQ,667687702143791,20,1028,352018804,65
DEQ,667687709147106,20,1028,359019965,64
DEQ,667687716134790,20,1028,366005545,63
DEQ,667687723146010,20,1028,373014580,62
DEQ,667687730134769,20,1028,380001169,61
DEQ,667687737138489,20,1028,387002750,60
DEQ,667687744145509,20,1028,394007580,76
DEQ,667687751135964,20,1028,400995974,75
DEQ,667687758140596,20,1028,407998456,74
DEQ,667687765145996,20,1028,415001700,73
DEQ,667687772141757,20,1028,421995311,72
DEQ,667687779131691,20,1028,428983112,71
DEQ,667687786143300,20,1028,435992603,70
DEQ,667687793148721,20,1028,442995415,69
DEQ,667687800148035,20,1028,449992563,68
DEQ,667687807141112,20,1028,456983556,67
DEQ,667687814144196,20,1028,463984561,66
DEQ,667687821146492,20,1028,470984686,65
DEQ,667687828143437,20,1028,477979477,64
DEQ,667687835148508,20,1028,484982481,63
DEQ,667687842143874,20,1028,491975707,62
DEQ,667687849149792,20,1028,498979486,61
DEQ,667687856147504,20,1028,505974967,60
DEQ,667687863156805,20,1028,512982211,59
DEQ,667687870146025,20,1028,519969443,58
DEQ,667687877144495,20,1028,526965674,57
DEQ,667687884140232,20,1028,533959411,56
DEQ,667687891147916,20,1028,540964911,55
DEQ,667687898139040,20,1028,547953971,54
DEQ,667687905148123,20,1028,299032228,53
DEQ,667687912153318,20,1028,306028722,52
DEQ,667687919144676,20,1028,313017812,51
DEQ,667687926138431,20,1028,320009370,50
DEQ,667687933146337,20,1028,327015141,49
DEQ,667687940138016,20,1028,334004658,48
DEQ,667687947140103,20,1028,341004670,47
DEQ,667687954141343,20,1028,348003804,46
DEQ,667687961113536,20,1028,354973983,45
DEQ,667687968069641,20,1028,361928014,44
DEQ,667687975122722,20,1028,368979037,43
DEQ,667687982144603,20,1028,375998849,42
DEQ,667687989136541,20,1028,382988669,41
DEQ,667687996117945,20,1028,389967982,40
DEQ,667688003103938,20,1028,396951760,92
DEQ,667688010087400,20,1028,403933128,91
DEQ,667688017142436,20,1028,410986181,90
DEQ,667688024147127,20,1028,417988801,89
DEQ,667688031140637,20,1028,424980220,88
DEQ,667688038147382,20,1028,431984893,87
DEQ,667688045134165,20,1028,438969585,86
DEQ,667688052132965,20,1028,445966309,85
DEQ,667688059138328,20,1028,452969269,84
DEQ,667688066144702,20,1028,459973421,83
DEQ,667688073135463,20,1028,466962184,82
DEQ,667688080121526,20,1028,473946179,81
DEQ,667688087122500,20,1028,480944976,80
DEQ,667688094135399,20,1028,487955572,79
DEQ,667688101140764,20,1028,494958744,78
DEQ,667688108137055,20,1028,501952615,77
DEQ,667688115140777,20,1028,508954183,76
DEQ,667688122145307,20,1028,515956626,75
DEQ,667688129134370,20,1028,522107787,74
DEQ,667688136147227,20,1028,528121199,75
DEQ,667688143157049,20,1028,534126819,74
DEQ,667688150154292,20,1028,540127224,73
DEQ,667688157146051,20,1028,546120800,72
DEQ,667688164134641,20,1028,422022490,71
DEQ,667688171139970,20,1028,429019350,70
DEQ,667688178144521,20,1028,436021649,69
DEQ,667688185149069,20,1028,443024089,68
DEQ,667688192141595,20,1028,450014505,67
DEQ,667688199139113,20,1028,457009923,66
DEQ,667688206140472,20,1028,464008993,65
DEQ,667688213141610,20,1028,471007935,64
DEQ,667688220144567,20,1028,478008502,63
DEQ,667688227139201,20,1028,485000980,62
DEQ,667688234140367,20,1028,491999926,61
DEQ,667688241122060,20,1028,498979467,60
STATS,667688241142786,60,60736,4705,4645,0,0,0
DEQ,667688248133957,20,1028,505989217,59
DEQ,667688255134717,20,1028,512987830,58
DEQ,667688262137102,20,1028,519988067,57
DEQ,667688269139201,20,1028,526987883,56
DEQ,667688276139775,20,1028,533986328,55
DEQ,667688283141056,20,84,285018081,54
DEQ,667688290121311,20,1028,291984866,53
DEQ,667688297132421,20,1028,298993568,52
DEQ,667688304140381,20,1028,305999351,51
DEQ,667688311139066,20,1028,312995885,50
DEQ,667688318137047,20,1028,319991764,49
DEQ,667688325138252,20,1028,326990813,48
DEQ,667688332136175,20,1028,333986457,47
DEQ,667688339141542,20,1028,340989615,46
DEQ,667688346116999,20,1028,347962839,45
DEQ,667688353133275,20,1028,354976852,44
DEQ,667688360117885,20,1028,361959283,43
DEQ,667688367115803,20,1028,368955048,42
DEQ,667688374132911,20,1028,375970081,41
DEQ,667688381119054,20,1028,382954085,40
DEQ,667688388111974,20,1028,389944886,39
DEQ,667688395146199,20,1028,396977109,92
DEQ,667688402147557,20,1028,403976369,91
DEQ,667688409133234,20,1028,410959970,90
DEQ,667688416146849,20,1028,417971510,89
DEQ,667688423144055,20,1028,424966778,88
DEQ,667688430143551,20,1028,431964207,87
DEQ,667688437141542,20,1028,438960028,86
DEQ,667688444147012,20,1028,445963486,85
DEQ,667688451139102,20,1028,452952908,84
DEQ,667688458138651,20,1028,459950380,83
DEQ,667688465138384,20,1028,466948037,82
DEQ,667688472145468,20,1028,473952809,81
DEQ,667688479140667,20,1028,480945693,80
DEQ,667688486140276,20,1028,487943105,79
DEQ,667688493137264,20,1028,494937887,78
DEQ,667688500137741,20,1028,501936276,77
DEQ,667688507138976,20,1028,508935505,76
DEQ,667688514146220,20,1028,515940701,75
DEQ,667688521138045,20,1028,522930561,74
DEQ,667688528150320,20,1028,529940774,73
DEQ,667688535144964,20,1028,536933316,72
DEQ,667688542144414,20,1028,543930806,71
DEQ,667688549142222,20,1028,550926479,70
DEQ,667688556144406,20,1028,557926297,69
DEQ,667688563139810,20,1028,564919700,68
DEQ,667688570137717,20,1028,571915639,67
DEQ,667688577144813,20,1028,578920393,66
DEQ,667688584127913,20,1028,585901502,65
DEQ,667688591131689,20,1028,592903145,64
DEQ,667688598141918,20,1028,599911362,63
DEQ,667688605138093,20,1028,606905496,62
DEQ,667688612144677,20,1028,613910119,61
DEQ,667688619139795,20,1028,620106663,60
DEQ,667688626144319,20,1028,626102765,59
DEQ,667688633144735,20,1028,632099219,58
DEQ,667688640144275,20,1028,638145076,57
DEQ,667688647140756,20,1028,644261071,56
DEQ,667688654127535,20,1028,520011728,55
DEQ,667688661145148,20,1028,527020574,54
DEQ,667688668140524,20,1028,278014049,53
DEQ,667688675139716,20,1028,284997203,52
DEQ,667688682146765,20,1028,292001970,51
DEQ,667688689138029,20,1028,298991111,50
DEQ,667688696138540,20,1028,305989169,49
DEQ,667688703143998,20,1028,312992537,48
DEQ,667688710140020,20,1028,319986451,47
DEQ,667688717139699,20,1028,326983801,46
DEQ,667688724110055,20,1028,333952092,45
DEQ,667688731133135,20,1028,340972848,44
DEQ,667688738115434,20,1028,347952993,43
DEQ,667688745123859,20,1028,354959369,42
DEQ,667688752135130,20,1028,361968507,41
DEQ,667688759117223,20,1028,368948557,40
DEQ,667688766123186,20,1028,375952380,39
DEQ,667688773140528,20,1028,382967654,38
DEQ,667688780148233,20,1028,389973252,37
DEQ,667688787142028,20,1028,396964973,90
DEQ,667688794155717,20,1028,403976516,89
DEQ,667688801145635,20,1028,410964443,88
DEQ,667688808144316,20,1028,417960935,87
DEQ,667688815142326,20,1028,424956921,86
DEQ,667688822135880,20,1028,431948406,85
DEQ,667688829133013,20,1028,438943478,84
DEQ,667688836145133,20,1028,445953532,83
DEQ,667688843140477,20,1028,452946869,82
DEQ,667688850140883,20,1028,459945264,81
DEQ,667688857138791,20,1028,466941046,80
DEQ,667688864140446,20,1028,473940650,79
DEQ,667688871135281,20,1028,480933509,78
DEQ,667688878140981,20,1028,487937123,77
DEQ,667688885137974,20,1028,494932059,76
DEQ,667688892124264,20,1028,501916099,75
DEQ,667688899142166,20,1028,508932020,74
DEQ,667688906144316,20,1028,515932189,73
DEQ,667688913137211,20,1028,522922914,72
DEQ,667688920140060,20,1028,529923629,72
DEQ,667688927139123,20,1028,536920644,71
DEQ,667688934149359,20,1028,543928801,70
DEQ,667688941139702,20,1028,550916990,69
DEQ,667688948144270,20,1028,557919414,68
DEQ,667688955015692,20,1028,564788766,67
DEQ,667688962015074,20,1028,571786086,66
DEQ,667688969014707,20,1028,578783605,65
DEQ,667688976017180,20,1028,585783985,64
DEQ,667688983026165,20,1028,592790912,63
DEQ,667688990143615,20,1028,599906361,62
DEQ,667688997140535,20,1028,606901225,61
DEQ,667689004140300,20,1028,613898855,60
DEQ,667689011138106,20,1028,620894586,59
DEQ,667689018144382,20,1028,627898552,58
DEQ,667689025140592,20,1028,634892624,57
DEQ,667689032138440,20,1028,641888413,56
DEQ,667689039136302,20,1028,648884030,55
DEQ,667689046140455,20,1028,264031123,54
DEQ,667689053144663,20,1028,271017493,53
DEQ,667689060144327,20,1028,278014806,52
DEQ,667689067138951,20,1028,285007296,51
DEQ,667689074119036,20,1028,291985167,50
DEQ,667689081124964,20,1028,298988889,49
DEQ,667689088138381,20,1028,306000179,48
DEQ,667689095133019,20,1028,312992676,47
DEQ,667689102122428,20,1028,319979898,46
DEQ,667689109104739,20,1028,326960179,45
DEQ,667689116140247,20,1028,333993335,44
DEQ,667689123113943,20,1028,340964589,43
DEQ,667689130140172,20,1028,347988526,42
DEQ,667689137118794,20,1028,354964887,41
DEQ,667689144115030,20,1028,361958733,40
DEQ,667689151141277,20,1028,368982772,39
DEQ,667689158144004,20,1028,375982996,38
DEQ,667689165161038,20,1028,382997737,37
DEQ,667689172144179,20,1028,389978711,36
DEQ,667689179131147,20,1028,396963544,89
DEQ,667689186138174,20,1028,403968306,88
DEQ,667689193121305,20,1028,410949301,87
DEQ,667689200140221,20,1028,417966075,86
DEQ,667689207146206,20,1028,424969735,85
DEQ,667689214140016,20,1028,431961339,84
DEQ,667689221134578,20,1028,438953717,83
DEQ,667689228144249,20,1028,445961145,82
DEQ,667689235135371,20,1028,452950049,81
DEQ,667689242135874,20,1028,459948579,80
STATS,667689242158467,80,81296,4868,4788,0,0,0
DEQ,667689249144564,20,1028,466955241,79
DEQ,667689256140007,20,1028,473948586,78
DEQ,667689263146179,20,1028,480952646,77
DEQ,667689270142421,20,1028,487946767,76
DEQ,667689277138650,20,1028,494940691,75
DEQ,667689284136678,20,1028,501936504,74
DEQ,667689291138706,20,1028,508936531,73
DEQ,667689298138215,20,1028,515933863,72
DEQ,667689305134511,20,1028,522927840,71
DEQ,667689312138291,20,1028,529929260,70
DEQ,667689319141214,20,1028,536930003,69
DEQ,667689326139411,20,1028,543926051,68
DEQ,667689333138714,20,1028,550923030,67
DEQ,667689340137439,20,1028,557919493,66
DEQ,667689347143786,20,1028,564923823,65
DEQ,667689354140193,20,1028,571917906,64
DEQ,667689361141202,20,1028,578916689,63
DEQ,667689368144992,20,1028,585918292,62
DEQ,667689375138618,20,1028,592909763,61
DEQ,667689382139931,20,1028,599909111,60
DEQ,667689389144254,20,1028,606911226,59
DEQ,667689396140071,20,1028,613904985,58
DEQ,667689403143519,20,1028,620906431,57
DEQ,667689410139390,20,1028,627900270,56
DEQ,667689417137034,20,1028,634895786,55
DEQ,667689424137778,20,84,505998078,54
DEQ,667689431147529,20,1028,257037322,53
DEQ,667689438138212,20,1028,264012082,52
DEQ,667689445138617,20,1028,271010249,51
DEQ,667689452138237,20,1028,278007658,50
DEQ,667689459133432,20,1028,285000693,49
DEQ,667689466139851,20,1028,292004914,48
DEQ,667689473144420,20,1028,299007330,47
DEQ,667689480143986,20,1028,306004528,46
DEQ,667689487116836,20,1028,312975085,45
DEQ,667689494130640,20,1028,319986729,44
DEQ,667689501115309,20,1028,326969328,43
DEQ,667689508118100,20,1028,333969839,42
DEQ,667689515132699,20,1028,340982127,41
DEQ,667689522116513,20,1028,347963789,40
DEQ,667689529111831,20,1028,354956978,39
DEQ,667689536143998,20,1028,361986988,38
DEQ,667689543137520,20,1028,368978453,37
DEQ,667689550138164,20,1028,375976916,36
DEQ,667689557143468,20,1028,382980067,35
DEQ,667689564140052,20,1028,389974554,34
DEQ,667689571142714,20,1028,396975056,87
DEQ,667689578139817,20,1028,403970030,86
DEQ,667689585144227,20,1028,410972332,85
DEQ,667689592144025,20,1028,417970006,84
DEQ,667689599145220,20,1028,424969101,83
DEQ,667689606142987,20,1028,431964829,82
DEQ,667689613139313,20,1028,438959110,81
DEQ,667689620132314,20,1028,445949998,80
DEQ,667689627141749,20,1028,452957174,79
DEQ,667689634134138,20,1028,459947408,78
DEQ,667689641144409,20,1028,466955484,77
DEQ,667689648139290,20,1028,473947915,76
DEQ,667689655146231,20,1028,480952656,75
DEQ,667689662137829,20,1028,487942132,74
DEQ,667689669142816,20,1028,494944755,73
DEQ,667689676139539,20,1028,501939391,72
DEQ,667689683135119,20,1028,508932892,71
DEQ,667689690143095,20,1028,515938787,70
DEQ,667689697150976,20,1028,522944602,69
DEQ,667689704139970,20,1028,529931502,68
DEQ,667689711145861,20,1028,536935216,67
DEQ,667689718128889,20,1028,543916169,66
DEQ,667689725140885,20,1028,550925870,65
DEQ,667689732144789,20,1028,557927710,64
DEQ,667689739141771,20,1028,564922560,63
DEQ,667689746143926,20,1028,571922607,62
DEQ,667689753144109,20,1028,578920635,61
DEQ,667689760143805,20,1028,585918028,60
DEQ,667689767140067,20,1028,592912122,59
DEQ,667689774140516,20,1028,599910375,58
DEQ,667689781134164,20,1028,606901865,57
DEQ,667689788138043,20,1028,613903697,56
DEQ,667689795139150,20,1028,620902660,55
DEQ,667689802137984,20,1028,627899329,54
DEQ,667689809137529,20,1028,243028130,53
DEQ,667689816144772,20,1028,250025992,52
DEQ,667689823138294,20,1028,257017328,51
DEQ,667689830128797,20,1028,264005618,50
DEQ,667689837155103,20,1028,271029853,49
DEQ,667689844132468,20,1028,278005060,48
DEQ,667689851137564,20,1028,285007754,47
DEQ,667689858143801,20,1028,292011788,46
DEQ,667689865117610,20,1028,298983414,45
DEQ,667689872137974,20,1028,306001419,44
DEQ,667689879126565,20,1028,312987858,43
DEQ,667689886142087,20,1028,320001184,42
DEQ,667689893131685,20,1028,326988633,41
DEQ,667689900113007,20,1028,333967625,40
DEQ,667689907113372,20,1028,340965889,39
DEQ,667689914120452,20,1028,347970794,38
DEQ,667689921136738,20,1028,354985073,37
DEQ,667689928137885,20,1028,361984138,36
DEQ,667689935138375,20,1028,368982539,35
DEQ,667689942138209,20,1028,375980277,34
DEQ,667689949142218,20,1028,382982212,33
DEQ,667689956146742,20,1028,389984681,32
DEQ,667689963143711,20,1028,396979559,86
DEQ,667689970126150,20,1028,403959924,85
DEQ,667689977134893,20,1028,410966665,84
DEQ,667689984140468,20,1028,417970155,83
DEQ,667689991138364,20,1028,424965974,82
DEQ,667689998137995,20,1028,431963494,81
DEQ,667690005121847,20,1028,438945208,80
DEQ,667690012143742,20,1028,445965025,79
DEQ,667690019145792,20,1028,452965013,78
DEQ,667690026137947,20,1028,459954982,77
DEQ,667690033144179,20,1028,466959091,76
DEQ,667690040140464,20,1028,473953168,75
DEQ,667690047144978,20,1028,480955637,74
DEQ,667690054139602,20,1028,487948269,73
DEQ,667690061143182,20,1028,494949737,72
DEQ,667690068137210,20,1028,501941804,71
DEQ,667690075135059,20,1028,508937617,70
DEQ,667690082140326,20,1028,515940729,69
DEQ,667690089144106,20,1028,522942426,68
DEQ,667690096144644,20,1028,529940901,67
DEQ,667690103141686,20,1028,536935989,66
DEQ,667690110139646,20,1028,543931834,65
DEQ,667690117140706,20,1028,550930887,64
DEQ,667690124143707,20,1028,557931794,63
DEQ,667690131146592,20,1028,564932697,62
DEQ,667690138143669,20,1028,571927730,61
DEQ,667690145148231,20,1028,578930309,60
DEQ,667690152139540,20,1028,585919529,59
DEQ,667690159144074,20,1028,592921789,58
DEQ,667690166137849,20,1028,599913547,57
DEQ,667690173146618,20,1028,606920239,56
DEQ,667690180136179,20,1028,613907677,55
DEQ,667690187148052,20,1028,229040558,54
DEQ,667690194146676,20,1028,236016538,53
DEQ,667690201148260,20,1028,243015359,52
DEQ,667690208138065,20,84,250002377,51
DEQ,667690215140638,20,1028,257002020,50
DEQ,667690222135336,20,1028,263993912,49
DEQ,667690229138237,20,1028,270994077,48
DEQ,667690236145296,20,1028,277998651,47
DEQ,667690243143991,20,1028,284994902,46
STATS,667690243163144,46,47288,4977,4931,0,0,0
DEQ,667690250116123,20,1028,291964284,45
DEQ,667690257134936,20,1028,298980505,44
DEQ,667690264103571,20,1028,305946645,43
DEQ,667690271121198,20,1028,312961483,42
DEQ,667690278131976,20,1028,319969492,41
DEQ,667690285014498,20,1028,326849274,40
DEQ,667690292070014,20,1028,333902374,39
DEQ,667690299144766,20,1028,340974427,38
DEQ,667690306142162,20,1028,347969331,37
DEQ,667690313143972,20,1028,354968570,36
DEQ,667690320146112,20,1028,361968015,35
DEQ,667690327144894,20,1028,368964127,34
DEQ,667690334142921,20,1028,375959473,33
DEQ,667690341141474,20,1028,382955749,32
DEQ,667690348135270,20,1028,389946950,31
DEQ,667690355142386,20,1028,396951434,84
DEQ,667690362144694,20,1028,403950845,83
DEQ,667690369144099,20,1028,410947620,82
DEQ,667690376143523,20,1028,417944405,81
DEQ,667690383145644,20,1028,424943817,80
DEQ,667690390137188,20,1028,431932806,79
DEQ,667690397141480,20,1028,438934574,78
DEQ,667690404140253,20,1028,445930705,77
DEQ,667690411142265,20,1028,452930394,76
DEQ,667690418139465,20,1028,459924978,75
DEQ,667690425139904,20,1028,466922742,74
DEQ,667690432144561,20,1028,473924716,73
DEQ,667690439134731,20,1028,480912428,72
DEQ,667690446141913,20,1028,487917079,71
DEQ,667690453142259,20,1028,494914554,70
DEQ,667690460154212,20,1028,501923843,69
DEQ,667690467144809,20,1028,508912106,68
DEQ,667690474143598,20,1028,515908391,67
DEQ,667690481142873,20,1028,522905011,66
DEQ,667690488147153,20,1028,529906517,65
DEQ,667690495169791,20,1028,536926472,64
DEQ,667690502145395,20,1028,543899415,63
DEQ,667690509144469,20,1028,550895774,62
DEQ,667690516146645,20,1028,557895626,61
DEQ,667690523143089,20,1028,564889455,60
DEQ,667690530141215,20,1028,571884871,59
DEQ,667690537146988,20,1028,578888152,58
DEQ,667690544135180,20,1028,585873724,57
DEQ,667690551146397,20,1028,592882179,56
DEQ,667690558137679,20,1028,599871160,55
DEQ,667690565139737,20,1028,606870737,54
DEQ,667690572138613,20,1028,222026999,53
DEQ,667690579143943,20,1028,229023678,52
DEQ,667690586139358,20,1028,236016723,51
DEQ,667690593134810,20,1028,243010060,50
DEQ,667690600132637,20,1028,250005720,49
DEQ,667690607139729,20,1028,257010705,48
DEQ,667690614137862,20,1028,264006846,47
DEQ,667690621142180,20,1028,271009018,46
DEQ,667690628120183,20,1028,277984720,45
DEQ,667690635014547,20,1028,284876968,44
DEQ,667690642068113,20,1028,291928395,43
DEQ,667690649112306,20,1028,298970402,42
DEQ,667690656013396,20,1028,305869437,41
DEQ,667690663160621,20,1028,313014574,40
DEQ,667690670013378,20,1028,319865333,39
DEQ,667690677143235,20,1028,326993129,38
DEQ,667690684136385,20,1028,333984174,37
DEQ,667690691141316,20,1028,340986725,36
DEQ,667690698133680,20,1028,347977019,35
DEQ,667690705138986,20,1028,354980264,34
DEQ,667690712139270,20,1028,361978439,33
DEQ,667690719139999,20,1028,368977092,32
DEQ,667690726142607,20,1028,375977632,31
DEQ,667690733138746,20,1028,382971715,30
DEQ,667690740139255,20,1028,389970231,29
DEQ,667690747139656,20,1028,396968638,82
DEQ,667690754139247,20,1028,403966169,81
DEQ,667690761137947,20,1028,410962696,80
DEQ,667690768145859,20,1028,417968532,79
DEQ,667690775132855,20,1028,424953202,78
DEQ,667690782137563,20,1028,431955835,77
DEQ,667690789141984,20,1028,438958273,76
DEQ,667690796121622,20,1028,445935928,75
DEQ,667690803139461,20,1028,452951708,74
DEQ,667690810155150,20,1028,459965312,73
DEQ,667690817140703,20,1028,466948908,72
DEQ,667690824136289,20,1028,473942276,71
DEQ,667690831155311,20,1028,480959303,70
DEQ,667690838136832,20,1028,487938843,69
DEQ,667690845146238,20,1028,494946177,68
DEQ,667690852139149,20,1028,501937075,67
DEQ,667690859143465,20,1028,508939248,66
DEQ,667690866129186,20,1028,515922914,65
DEQ,667690873139562,20,1028,522931258,64
DEQ,667690880143307,20,1028,529932555,63
DEQ,667690887139527,20,1028,536926645,62
DEQ,667690894140033,20,1028,543925110,61
DEQ,667690901138650,20,1028,550921533,60
DEQ,667690908133110,20,1028,557913851,59
DEQ,667690915142034,20,1028,564920649,58
DEQ,667690922137471,20,1028,571914031,57
DEQ,667690929143837,20,1028,578918278,56
DEQ,667690936134888,20,1028,585907264,55
DEQ,667690943140404,20,1028,592910815,54
DEQ,667690950122805,20,1028,208005407,53
DEQ,667690957130449,20,1028,215003639,52
DEQ,667690964143628,20,1028,222013933,51
DEQ,667690971148649,20,1028,229016329,50
DEQ,667690978146784,20,1028,236011801,49
DEQ,667690985133541,20,1028,242995541,48
DEQ,667690992143494,20,1028,250002756,47
DEQ,667690999134617,20,1028,256991323,46
DEQ,667691006140037,20,1028,263994187,48
DEQ,667691013069723,20,1028,270920779,48
DEQ,667691020161679,20,1028,278010053,47
DEQ,667691027126550,20,1028,284972372,46
DEQ,667691034014135,20,1028,291857355,45
DEQ,667691041078228,20,1028,298918866,44
DEQ,667691048096753,20,1028,305934814,43
DEQ,667691055141226,20,1028,312976576,42
DEQ,667691062145034,20,1028,319977688,41
DEQ,667691069120393,20,1028,326950686,40
DEQ,667691076134064,20,1028,333961595,39
DEQ,667691083138678,20,1028,340963773,38
DEQ,667691090139045,20,1028,347961684,37
DEQ,667691097118638,20,1028,354938608,36
DEQ,667691104139138,20,1028,361956760,35
DEQ,667691111135193,20,1028,368949688,34
DEQ,667691118139851,20,1028,375951828,33
DEQ,667691125031183,20,1028,382840425,32
DEQ,667691132135792,20,1028,389942359,31
DEQ,667691139139386,20,1028,396943721,80
DEQ,667691146139319,20,1028,403940883,79
DEQ,667691153137095,20,1028,410936101,78
DEQ,667691160146251,20,1028,417943007,77
DEQ,667691167147187,20,1028,424941332,76
DEQ,667691174140175,20,1028,431931888,75
DEQ,667691181139706,20,1028,438929016,74
DEQ,667691188146849,20,1028,445933722,73
DEQ,667691195139254,20,1028,452923918,72
DEQ,667691202142524,20,1028,459924918,71
DEQ,667691209146050,20,1028,466926289,70
DEQ,667691216137418,20,1028,473915560,69
DEQ,667691223132958,20,1028,480908446,68
DEQ,667691230137405,20,1028,487910182,67
DEQ,667691237141202,20,1028,494911271,66
DEQ,667691244139234,20,1028,501906978,65
STATS,667691244271690,65,65876,5139,5074,0,0,0
DEQ,667691251138612,20,1028,508903498,64
DEQ,667691258143489,20,1028,515905575,63
DEQ,667691265134410,20,1028,522893925,62
DEQ,667691272144041,20,1028,529901266,61
DEQ,667691279139595,20,1028,536894275,60
DEQ,667691286139137,20,1028,543890896,59
DEQ,667691293140225,20,1028,550889388,58
DEQ,667691300143115,20,1028,557889726,57
DEQ,667691307138521,20,1028,564882607,56
DEQ,667691314143154,20,1028,571884968,55
DEQ,667691321130298,20,1028,578869371,54
DEQ,667691328128426,20,84,322014449,53
DEQ,667691335119520,20,1028,328992708,52
DEQ,667691342142872,20,1028,336004260,51
DEQ,667691349144503,20,1028,343003604,50
DEQ,667691356147337,20,1028,222016595,49
DEQ,667691363142194,20,1028,229002608,48
DEQ,667691370155669,20,1028,236013584,47
DEQ,667691377138646,20,1028,242994344,46
DEQ,667691384118278,20,1028,249971341,45
DEQ,667691391014308,20,1028,256863946,44
DEQ,667691398149992,20,1028,263996307,44
DEQ,667691405014140,20,1028,270858248,43
DEQ,667691412163895,20,1028,278005905,42
DEQ,667691419014041,20,1028,284854041,41
DEQ,667691426069835,20,1028,291907628,40
DEQ,667691433131272,20,1028,298966907,39
DEQ,667691440138829,20,1028,305972276,38
DEQ,667691447080826,20,1028,312912118,37
DEQ,667691454135649,20,1028,319964587,36
DEQ,667691461139389,20,1028,326966046,35
DEQ,667691468135564,20,1028,333960029,34
DEQ,667691475151028,20,1028,340973374,33
DEQ,667691482131755,20,1028,347952077,32
DEQ,667691489131859,20,1028,354949650,31
DEQ,667691496138953,20,1028,361954756,30
DEQ,667691503139326,20,1028,368953136,29
DEQ,667691510133115,20,1028,375944874,28
DEQ,667691517137716,20,1028,382947288,27
DEQ,667691524135608,20,1028,389943092,26
DEQ,667691531138503,20,1028,396943863,78
DEQ,667691538147625,20,1028,403950908,77
DEQ,667691545146762,20,1028,410948037,76
DEQ,667691552143142,20,1028,417942425,75
DEQ,667691559146801,20,1028,424943994,74
DEQ,667691566137307,20,1028,431932415,73
DEQ,667691573143244,20,1028,438935662,72
DEQ,667691580140448,20,1028,445930739,71
DEQ,667691587138955,20,1028,452927229,70
DEQ,667691594146042,20,1028,459932300,69
DEQ,667691601152571,20,1028,466936602,68
DEQ,667691608146687,20,1028,473928588,67
DEQ,667691615128108,20,1028,480907883,66
DEQ,667691622147934,20,1028,487925635,65
DEQ,667691629151699,20,1028,494912736,64
DEQ,667691636135579,20,1028,501894386,63
DEQ,667691643142439,20,1028,508899020,62
DEQ,667691650146038,20,1028,515900438,61
DEQ,667691657147212,20,1028,522899463,60
DEQ,667691664145377,20,1028,529895413,59
DEQ,667691671139509,20,1028,536887305,58
DEQ,667691678130468,20,1028,543875943,57
DEQ,667691685140024,20,1028,550878959,56
DEQ,667691692143023,20,1028,557879855,55
DEQ,667691699138459,20,1028,564873057,54
DEQ,667691706139687,20,1028,307991174,53
DEQ,667691713143215,20,1028,187023455,52
DEQ,667691720134738,20,1028,194006540,51
DEQ,667691727141746,20,1028,201011048,50
DEQ,667691734127095,20,1028,207993944,49
DEQ,667691741138396,20,1028,215002807,48
DEQ,667691748139652,20,1028,222001890,47
DEQ,667691755142472,20,1028,229002725,46
DEQ,667691762103055,20,1028,235961236,45
DEQ,667691769014510,20,1028,242870533,44
DEQ,667691776068988,20,1028,249923013,43
DEQ,667691783130203,20,1028,256981648,42
DEQ,667691790012937,20,1028,263862182,41
DEQ,667691797069551,20,1028,270916761,84
DEQ,667691804129677,20,1028,277974899,83
DEQ,667691811139685,20,1028,284982830,82
DEQ,667691818139856,20,1028,291980934,81
DEQ,667691825145985,20,1028,298985069,80
DEQ,667691832146487,20,1028,305983573,79
DEQ,667691839139507,20,1028,312974484,78
DEQ,667691846137134,20,1028,319970106,77
DEQ,667691853141595,20,1028,326972550,76
DEQ,667691860144613,20,1028,333973546,75
DEQ,667691867135006,20,1028,340961787,74
DEQ,667691874139597,20,1028,347964412,73
DEQ,667691881131609,20,1028,354954425,72
DEQ,667691888142907,20,1028,361963676,71
DEQ,667691895139198,20,1028,368957961,70
DEQ,667691902137081,20,1028,375953841,69
DEQ,667691909136628,20,1028,382951379,68
DEQ,667691916145346,20,1028,389958105,67
DEQ,667691923131617,20,1028,396942251,66
DEQ,667691930144584,20,1028,403953079,75
DEQ,667691937144150,20,1028,410950489,74
DEQ,667691944132058,20,1028,417936247,73
DEQ,667691951139158,20,1028,424941260,72
DEQ,667691958136217,20,1028,431936330,71
DEQ,667691965143148,20,1028,438941199,70
DEQ,667691972145378,20,1028,445941451,69
DEQ,667691979141609,20,1028,452935632,68
DEQ,667691986137060,20,1028,459929092,67
DEQ,667691993130927,20,1028,466920948,66
DEQ,667692000138699,20,1028,473926273,65
DEQ,667692007143334,20,1028,480928834,64
DEQ,667692014138745,20,1028,487922012,63
DEQ,667692021138356,20,1028,494919506,62
DEQ,667692028117956,20,1028,501897053,61
DEQ,667692035141173,20,1028,508918166,60
DEQ,667692042142843,20,1028,515917731,59
DEQ,667692049137429,20,1028,522910210,58
DEQ,667692056145393,20,1028,529916108,57
DEQ,667692063132357,20,1028,536900880,57
DEQ,667692070143901,20,1028,543910393,56
DEQ,667692077143144,20,1028,550907607,55
DEQ,667692084145381,20,1028,294037034,54
DEQ,667692091143230,20,1028,301025925,53
DEQ,667692098136770,20,1028,308001666,52
DEQ,667692105142653,20,1028,315005357,51
DEQ,667692112152897,20,1028,322013346,50
DEQ,667692119138890,20,1028,328997099,49
DEQ,667692126132055,20,1028,335988096,48
DEQ,667692133137364,20,1028,342991096,47
DEQ,667692140112847,20,1028,349964099,46
DEQ,667692147013701,20,1028,356862283,45
DEQ,667692154015856,20,1028,363862137,44
DEQ,667692161069574,20,1028,370913241,43
DEQ,667692168158832,20,1028,378000359,42
DEQ,667692175118247,20,1028,384957511,41
DEQ,667692182135575,20,1028,391972506,40
DEQ,667692189152397,20,1028,398987182,39
DEQ,667692196153439,20,1028,405986113,92
DEQ,667692203145609,20,1028,412976085,91
DEQ,667692210147297,20,1028,419975675,90
DEQ,667692217135048,20,1028,426961239,89
DEQ,667692224146434,20,1028,433970447,88
DEQ,667692231142497,20,1028,440964284,87
DEQ,667692238141406,20,1028,447961088,86
DEQ,667692245140508,20,1028,454958050,85
STATS,667692245281174,85,86436,5302,5217,0,0,0
DEQ,667692252148770,20,1028,461964012,84
DEQ,667692259139353,20,1028,468952501,83
DEQ,667692266137931,20,1028,475948923,82
DEQ,667692273155585,20,1028,482964437,81
DEQ,667692280146317,20,1028,489953008,80
DEQ,667692287146602,20,1028,496951188,79
DEQ,667692294151038,20,1028,503953434,78
DEQ,667692301141342,20,1028,510941623,77
DEQ,667692308142773,20,1028,517940905,76
DEQ,667692315141561,20,1028,524937604,75
DEQ,667692322144425,20,1028,531938285,74
DEQ,667692329135651,20,1028,538925983,73
DEQ,667692336138561,20,1028,545926691,72
DEQ,667692343143878,20,1028,552369097,71
DEQ,667692350132663,20,1028,558445122,70
DEQ,667692357143035,20,1028,564550103,69
DEQ,667692364130906,20,1028,570618001,68
DEQ,667692371139678,20,1028,576720776,67
DEQ,667692378136850,20,1028,582829527,66
DEQ,667692385137153,20,1028,588949598,65
DEQ,667692392133467,20,1028,466019957,64
DEQ,667692399143105,20,1028,473016692,63
DEQ,667692406138723,20,1028,480010111,62
DEQ,667692413142175,20,1028,487011385,61
DEQ,667692420149602,20,1028,494016810,60
DEQ,667692427144776,20,1028,501009907,59
DEQ,667692434141934,20,1028,508004926,58
DEQ,667692441146303,20,1028,515007199,57
DEQ,667692448148215,20,1028,522007034,56
DEQ,667692455142460,20,1028,528999195,55
DEQ,667692462129560,20,84,400010296,54
DEQ,667692469143959,20,1028,279018977,53
DEQ,667692476130838,20,1028,285997305,52
DEQ,667692483141491,20,1028,293005764,51
DEQ,667692490138525,20,1028,300000602,50
DEQ,667692497130606,20,1028,306990584,49
DEQ,667692504136840,20,1028,313994627,48
DEQ,667692511151498,20,1028,321007286,47
DEQ,667692518138553,20,1028,327991882,46
DEQ,667692525111300,20,1028,334962518,45
DEQ,667692532076002,20,1028,341925148,44
DEQ,667692539070338,20,1028,348917378,43
DEQ,667692546127662,20,1028,355972684,42
DEQ,667692553103856,20,1028,362946783,41
DEQ,667692560025006,20,1028,369865821,40
DEQ,667692567165921,20,1028,377004758,39
DEQ,667692574140682,20,1028,383977535,38
DEQ,667692581149693,20,1028,390984527,37
DEQ,667692588135830,20,1028,397968462,36
DEQ,667692595143302,20,1028,404973917,89
DEQ,667692602145938,20,1028,411974480,88
DEQ,667692609141251,20,1028,418967079,87
DEQ,667692616148068,20,1028,425971804,86
DEQ,667692623134211,20,1028,432955988,85
DEQ,667692630139065,20,1028,439958719,84
DEQ,667692637136809,20,1028,446954465,83
DEQ,667692644135115,20,1028,453950358,82
DEQ,667692651140540,20,1028,460953690,81
DEQ,667692658142618,20,1028,467953773,80
DEQ,667692665127955,20,1028,474937109,79
DEQ,667692672142507,20,1028,481949547,78
DEQ,667692679137247,20,1028,488942267,77
DEQ,667692686139237,20,1028,495942270,76
DEQ,667692693129654,20,1028,502930703,75
DEQ,667692700165161,20,1028,509964190,74
DEQ,667692707140462,20,1028,516937400,73
DEQ,667692714142599,20,1028,523937284,72
DEQ,667692721132193,20,1028,530924720,71
DEQ,667692728138573,20,1028,537928844,70
DEQ,667692735138825,20,1028,544926957,69
DEQ,667692742136758,20,1028,551922796,68
DEQ,667692749136327,20,1028,558920308,67
DEQ,667692756152748,20,1028,565934604,66
DEQ,667692763145388,20,1028,572925229,65
DEQ,667692770139232,20,1028,579917149,64
DEQ,667692777140497,20,1028,586916418,63
DEQ,667692784128375,20,1028,593902227,62
DEQ,667692791138793,20,1028,600910563,61
DEQ,667692798136690,20,1028,607906373,60
DEQ,667692805131252,20,1028,614898796,59
DEQ,667692812150091,20,1028,621915638,58
DEQ,667692819143624,20,1028,628907102,57
DEQ,667692826138338,20,1028,635899750,56
DEQ,667692833142878,20,1028,642902144,55
DEQ,667692840136673,20,1028,649893945,54
DEQ,667692847143012,20,1028,257036627,53
DEQ,667692854138222,20,1028,264006314,52
DEQ,667692861136991,20,1028,271002411,51
DEQ,667692868118901,20,1028,277982034,50
DEQ,667692875136622,20,1028,284997037,49
DEQ,667692882129858,20,1028,291987475,48
DEQ,667692889146834,20,1028,299001797,47
DEQ,667692896145509,20,1028,305997909,46
DEQ,667692903132283,20,1028,312982107,45
DEQ,667692910098960,20,1028,319945973,44
DEQ,667692917123242,20,1028,326967669,43
DEQ,667692924105809,20,1028,333947585,42
DEQ,667692931131188,20,1028,340970374,41
DEQ,667692938117551,20,1028,347953997,40
DEQ,667692945119753,20,1028,354953352,39
DEQ,667692952143230,20,1028,361974228,38
DEQ,667692959136190,20,1028,368964659,37
DEQ,667692966138157,20,1028,375963891,36
DEQ,667692973141173,20,1028,382964181,35
DEQ,667692980143321,20,1028,389963664,34
DEQ,667692987135388,20,1028,396953115,87
DEQ,667692994138264,20,1028,403953256,86
DEQ,667693001138981,20,1028,410951104,85
DEQ,667693008138267,20,1028,417947550,84
DEQ,667693015131732,20,1028,424938344,83
DEQ,667693022141470,20,1028,431945571,82
DEQ,667693029147052,20,1028,438948521,81
DEQ,667693036141457,20,1028,445940270,80
DEQ,667693043145420,20,1028,452941741,79
DEQ,667693050151287,20,1028,459945106,78
DEQ,667693057133846,20,1028,466924994,77
DEQ,667693064146141,20,1028,473934980,76
DEQ,667693071120500,20,1028,480906244,75
DEQ,667693078136752,20,1028,487920505,74
DEQ,667693085138487,20,1028,494920175,73
DEQ,667693092137436,20,1028,501917148,72
DEQ,667693099137837,20,1028,508915380,71
DEQ,667693106137348,20,1028,515912569,70
DEQ,667693113131877,20,1028,522905038,69
DEQ,667693120143268,20,1028,529914276,69
DEQ,667693127131938,20,1028,536900766,68
DEQ,667693134136588,20,1028,543903388,67
DEQ,667693141139372,20,1028,550904215,66
DEQ,667693148125544,20,1028,557888211,65
DEQ,667693155138635,20,1028,564899169,64
DEQ,667693162130770,20,1028,571889320,63
DEQ,667693169042569,20,1028,578799061,62
DEQ,667693176138211,20,1028,585892516,61
DEQ,667693183144211,20,1028,592896445,60
DEQ,667693190152901,20,1028,599903100,59
DEQ,667693197133648,20,1028,606881766,58
DEQ,667693204145427,20,1028,613891424,57
DEQ,667693211134734,20,1028,620878743,56
DEQ,667693218145854,20,1028,627887827,55
DEQ,667693225142098,20,1028,243033853,54
DEQ,667693232152916,20,1028,250031316,53
DEQ,667693239144037,20,1028,257020246,52
DEQ,667693246134876,20,1028,264008905,51
STATS,667693246154175,51,51484,5411,5360,0,0,0
DEQ,667693253142058,20,1028,271013970,50
DEQ,667693260139038,20,1028,278008773,49
DEQ,667693267142758,20,1028,285010395,48
DEQ,667693274142334,20,1028,292007795,47
DEQ,667693281152726,20,1028,299016097,46
DEQ,667693288012487,20,1028,305873760,45
DEQ,667693295154448,20,1028,313013619,44
DEQ,667693302014030,20,1028,319871205,43
DEQ,667693309153519,20,1028,327008628,42
DEQ,667693316069467,20,1028,333922482,41
DEQ,667693323161942,20,1028,341012927,40
DEQ,667693330136668,20,1028,347985416,39
DEQ,667693337142933,20,1028,354989507,38
DEQ,667693344137954,20,1028,361982090,37
DEQ,667693351132630,20,1028,368974778,36
DEQ,667693358139416,20,1028,375979548,35
DEQ,667693365145914,20,1028,382983950,34
DEQ,667693372145373,20,1028,389981094,33
DEQ,667693379142686,20,1028,396976306,86
DEQ,667693386141116,20,1028,403972665,85
DEQ,667693393136168,20,1028,410965649,84
DEQ,667693400149370,20,1028,417976803,83
DEQ,667693407136837,20,1028,424962187,82
DEQ,667693414138135,20,1028,431961326,81
DEQ,667693421136003,20,1028,438957186,80
DEQ,667693428132282,20,1028,445951323,79
DEQ,667693435136765,20,1028,452953826,78
DEQ,667693442136408,20,1028,459951294,77
DEQ,667693449137604,20,1028,466950162,76
DEQ,667693456080827,20,1028,473891318,75
DEQ,667693463138794,20,1028,480947130,74
DEQ,667693470136395,20,1028,487942695,73
DEQ,667693477142672,20,1028,494946860,72
DEQ,667693484130486,20,1028,501932525,71
DEQ,667693491140944,20,1028,508940893,70
DEQ,667693498136211,20,1028,515934053,69
DEQ,667693505136726,20,1028,522932454,68
DEQ,667693512138081,20,1028,529931666,67
DEQ,667693519141480,20,1028,536932908,66
DEQ,667693526144007,20,1028,543933459,65
DEQ,667693533134758,20,1028,550922059,64
DEQ,667693540125846,20,1028,557910929,63
DEQ,667693547139269,20,1028,564922220,62
DEQ,667693554138040,20,1028,571918844,61
DEQ,667693561142623,20,1028,578921112,60
DEQ,667693568142075,20,1028,585918383,59
DEQ,667693575145073,20,1028,592919322,58
DEQ,667693582139740,20,1028,599911959,57
DEQ,667693589140898,20,1028,606910872,56
DEQ,667693596131392,20,1028,613899116,55
DEQ,667693603142585,20,84,485030260,54
DEQ,667693610142190,20,1028,236033881,53
DEQ,667693617136630,20,1028,243005012,52
DEQ,667693624142188,20,1028,250007919,51
DEQ,667693631133485,20,1028,256996738,50
DEQ,667693638127348,20,1028,263987941,49
DEQ,667693645146676,20,1028,271004043,48
DEQ,667693652130476,20,1028,277985046,47
DEQ,667693659138246,20,1028,284990093,46
DEQ,667693666118758,20,1028,291967806,45
DEQ,667693673130203,20,1028,298976784,44
DEQ,667693680117971,20,1028,305961854,43
DEQ,667693687114297,20,1028,312955403,42
DEQ,667693694102105,20,1028,319940357,41
DEQ,667693701114215,20,1028,326949638,40
DEQ,667693708107057,20,1028,333939951,39
DEQ,667693715141695,20,1028,340971832,38
DEQ,667693722143087,20,1028,347970679,37
DEQ,667693729147581,20,1028,354972739,36
DEQ,667693736142194,20,1028,361964586,35
DEQ,667693743139995,20,1028,368959828,34
DEQ,667693750134568,20,1028,375951646,33
DEQ,667693757140800,20,1028,382955085,32
DEQ,667693764137945,20,1028,389949777,31
DEQ,667693771147447,20,1028,396956584,84
DEQ,667693778137999,20,1028,403944445,83
DEQ,667693785135823,20,1028,410939060,82
DEQ,667693792143671,20,1028,417944469,81
DEQ,667693799142386,20,1028,424940762,80
DEQ,667693806145290,20,1028,431941003,79
DEQ,667693813140939,20,1028,438933909,78
DEQ,667693820134567,20,1028,445924909,77
DEQ,667693827130597,20,1028,452918422,76
DEQ,667693834136223,20,1028,459921379,75
DEQ,667693841137391,20,1028,466920135,74
DEQ,667693848119480,20,1028,473899678,73
DEQ,667693855137258,20,1028,480914841,72
DEQ,667693862140291,20,1028,487915453,71
DEQ,667693869135692,20,1028,494908264,70
DEQ,667693876138562,20,1028,501908580,69
DEQ,667693883128090,20,1028,508895885,68
DEQ,667693890146093,20,1028,515911124,67
DEQ,667693897139709,20,1028,522902073,66
DEQ,667693904144826,20,1028,529904536,65
DEQ,667693911128882,20,1028,536886270,64
DEQ,667693918144403,20,1028,543899200,63
DEQ,667693925143652,20,1028,550895548,62
DEQ,667693932133633,20,1028,557882912,61
DEQ,667693939141098,20,1028,564887882,60
DEQ,667693946125209,20,1028,571869266,59
DEQ,667693953142512,20,1028,578883965,58
DEQ,667693960142005,20,1028,585880811,57
DEQ,667693967134056,20,1028,592870213,56
DEQ,667693974139566,20,1028,599872956,55
DEQ,667693981140713,20,1028,606871473,54
DEQ,667693988131183,20,1028,222020332,53
DEQ,667693995144921,20,1028,229025614,52
DEQ,667694002137628,20,1028,236016073,51
DEQ,667694009119177,20,1028,242995475,50
DEQ,667694016141990,20,1028,250016258,49
DEQ,667694023139937,20,1028,257012107,48
DEQ,667694030133754,20,1028,264003812,47
DEQ,667694037131527,20,1028,270999238,46
DEQ,667694044116243,20,1028,277981814,45
DEQ,667694051121723,20,1028,284985222,44
DEQ,667694058106896,20,1028,291968323,43
DEQ,667694065014106,20,1028,298873569,42
DEQ,667694072012023,20,1028,305869124,41
DEQ,667694079170038,20,1028,313025071,40
DEQ,667694086030830,20,1028,319883857,39
DEQ,667694093143104,20,1028,326994065,38
DEQ,667694100145075,20,1028,333994028,37
DEQ,667694107146555,20,1028,340993418,36
DEQ,667694114145353,20,1028,347990160,35
DEQ,667694121146656,20,1028,354989422,34
DEQ,667694128136710,20,1028,361977388,33
DEQ,667694135142323,20,1028,368980909,32
DEQ,667694142136163,20,1028,375972785,31
DEQ,667694149144927,20,1028,382979554,30
DEQ,667694156138058,20,1028,389970553,29
DEQ,667694163138052,20,1028,396968452,82
DEQ,667694170050928,20,1028,403879235,81
DEQ,667694177083734,20,1028,410909978,80
DEQ,667694184095642,20,1028,417919762,79
DEQ,667694191160313,20,1028,424982288,78
DEQ,667694198149788,20,1028,431969686,77
DEQ,667694205159572,20,1028,438977420,76
DEQ,667694212144876,20,1028,445960567,75
DEQ,667694219143728,20,1028,452957380,74
DEQ,667694226138274,20,1028,459949862,73
DEQ,667694233137870,20,1028,466947472,72
DEQ,667694240143382,20,1028,473950933,71
DEQ,667694247138796,20,1028,480944298,70
STATS,667694247158296,70,71960,5573,5503,0,0,0
DEQ,667694254145205,20,1028,487948543,69
DEQ,667694261128949,20,1028,494930236,68
DEQ,667694268132741,20,1028,501932049,67
DEQ,667694275141423,20,1028,508938540,66
DEQ,667694282136016,20,1028,515931057,65
DEQ,667694289143844,20,1028,522936884,64
DEQ,667694296136044,20,1028,529927072,63
DEQ,667694303136388,20,1028,536925363,62
DEQ,667694310140141,20,1028,543927200,61
DEQ,667694317136437,20,1028,550921450,60
DEQ,667694324134369,20,1028,557917411,59
DEQ,667694331141951,20,1028,564922919,58
DEQ,667694338145006,20,1028,571923903,57
DEQ,667694345147066,20,1028,578923783,56
DEQ,667694352134918,20,1028,585909547,55
DEQ,667694359130832,20,1028,592903352,54
DEQ,667694366139676,20,1028,208033269,53
DEQ,667694373140360,20,1028,215008486,52
DEQ,667694380144129,20,1028,222009705,51
DEQ,667694387153400,20,1028,229016532,50
DEQ,667694394145307,20,1028,236005814,49
DEQ,667694401138033,20,1028,242996155,48
DEQ,667694408135966,20,1028,249991713,47
DEQ,667694415138769,20,1028,256992108,46
DEQ,667694422138313,20,1028,263989338,53
DEQ,667694429137113,20,1028,270985937,52
DEQ,667694436111830,20,1028,277958224,51
DEQ,667694443118791,20,1028,284963042,50
DEQ,667694450125981,20,1028,291967996,49
DEQ,667694457159631,20,1028,298999312,48
DEQ,667694464126874,20,1028,305964423,47
DEQ,667694471138861,20,1028,312974260,46
DEQ,667694478141717,20,1028,319974870,45
DEQ,667694485137996,20,1028,326968917,44
DEQ,667694492136647,20,1028,333965330,43
DEQ,667694499142144,20,1028,340968558,42
DEQ,667694506142837,20,1028,347966974,41
DEQ,667694513140611,20,1028,354962498,40
DEQ,667694520141468,20,1028,361961105,39
DEQ,667694527141697,20,1028,368959043,38
DEQ,667694534128457,20,1028,375943639,37
DEQ,667694541129060,20,1028,382941895,36
DEQ,667694548134196,20,1028,389944837,35
DEQ,667694555138998,20,1028,396947512,80
DEQ,667694562132624,20,1028,403938724,79
DEQ,667694569146377,20,1028,410950288,78
DEQ,667694576141554,20,1028,417943244,77
DEQ,667694583141305,20,1028,424940867,76
DEQ,667694590139366,20,1028,431936925,75
DEQ,667694597137190,20,1028,438932458,74
DEQ,667694604143464,20,1028,445936555,73
DEQ,667694611135288,20,1028,452926239,72
DEQ,667694618137657,20,1028,459926541,71
DEQ,667694625137150,20,1028,466923766,70
DEQ,667694632141796,20,1028,473926073,69
DEQ,667694639128784,20,1028,480910728,68
DEQ,667694646140019,20,1028,487919696,67
DEQ,667694653147034,20,1028,494924414,66
DEQ,667694660125052,20,1028,501900443,65
DEQ,667694667145432,20,1028,508918553,64
DEQ,667694674130069,20,1028,515901055,63
DEQ,667694681132250,20,1028,522900868,62
DEQ,667694688137658,20,1028,529904121,61
DEQ,667694695137889,20,1028,536902150,60
DEQ,667694702140903,20,1028,543903127,59
DEQ,667694709139522,20,1028,550899696,58
DEQ,667694716135940,20,1028,557893994,57
DEQ,667694723135371,20,1028,564891340,56
DEQ,667694730143450,20,1028,571897376,55
DEQ,667694737135409,20,1028,578886931,54
DEQ,667694744135879,20,1028,322089914,53
DEQ,667694751138003,20,1028,329088449,52
DEQ,667694758138323,20,1028,336087742,51
DEQ,667694765135377,20,1028,343083991,50
DEQ,667694772135011,20,1028,350082694,49
DEQ,667694779142150,20,1028,357089060,48
DEQ,667694786131640,20,1028,364077723,47
DEQ,667694793135508,20,1028,371076839,46
DEQ,667694800123669,20,1028,250012035,45
DEQ,667694807138710,20,1028,257009191,44
DEQ,667694814075995,20,1028,263944285,65
DEQ,667694821140326,20,1028,271006500,64
DEQ,667694828142369,20,1028,278006432,63
DEQ,667694835121168,20,1028,284983170,62
DEQ,667694842119129,20,1028,291979053,61
DEQ,667694849119400,20,1028,298977255,60
DEQ,667694856141607,20,1028,305997314,59
DEQ,667694863141009,20,1028,312994626,58
DEQ,667694870124234,20,1028,319975729,57
DEQ,667694877137968,20,1028,326987386,56
DEQ,667694884129873,20,1028,333977207,55
DEQ,667694891140618,20,1028,340985616,54
DEQ,667694898154465,20,1028,347997368,53
DEQ,667694905139008,20,1028,354979768,52
DEQ,667694912137430,20,1028,361976031,51
DEQ,667694919137790,20,1028,368974237,50
DEQ,667694926143976,20,1028,375978400,49
DEQ,667694933141885,20,1028,382974287,48
DEQ,667694940134061,20,1028,389963976,47
DEQ,667694947119731,20,1028,396947539,78
DEQ,667694954135067,20,1028,403960784,77
DEQ,667694961136138,20,1028,410959803,76
DEQ,667694968138150,20,1028,417959849,75
DEQ,667694975132704,20,1028,424952327,74
DEQ,667694982132460,20,1028,431949888,73
DEQ,667694989138621,20,1028,438953756,72
DEQ,667694996150713,20,1028,445963740,71
DEQ,667695003138280,20,1028,452949307,70
DEQ,667695010135114,20,1028,459944122,69
DEQ,667695017145042,20,1028,466951967,68
DEQ,667695024144750,20,1028,473949610,67
DEQ,667695031142840,20,1028,480945698,66
DEQ,667695038140796,20,1028,487941573,65
DEQ,667695045146144,20,1028,494944946,64
DEQ,667695052136549,20,1028,501933303,63
DEQ,667695059141849,20,1028,508936543,62
DEQ,667695066126745,20,1028,515919327,61
DEQ,667695073126251,20,1028,522916782,60
DEQ,667695080137509,20,1028,529925987,60
DEQ,667695087138595,20,1028,536924921,59
DEQ,667695094142402,20,1028,543926757,58
DEQ,667695101134440,20,1028,550916844,57
DEQ,667695108133253,20,1028,557913467,56
DEQ,667695115136070,20,1028,564914309,55
DEQ,667695122131533,20,1028,308086634,54
DEQ,667695129145396,20,1028,315096997,53
DEQ,667695136147266,20,1028,322097832,52
DEQ,667695143143033,20,1028,329092696,51
DEQ,667695150141063,20,1028,336089887,50
DEQ,667695157141892,20,1028,343089876,49
DEQ,667695164152424,20,1028,350099566,48
DEQ,667695171141288,20,1028,357087315,47
DEQ,667695178114227,20,1028,364059420,46
DEQ,667695185118114,20,1028,371062164,45
DEQ,667695192112362,20,1028,378055402,44
DEQ,667695199165999,20,1028,385108128,43
DEQ,667695206089273,20,1028,392030570,79
DEQ,667695213142685,20,1028,399083105,78
DEQ,667695220011625,20,1028,405951296,77
DEQ,667695227143245,20,1028,413082161,76
DEQ,667695234131410,20,1028,420069594,75
DEQ,667695241141857,20,1028,427079283,74
DEQ,667695248138215,20,1028,434074932,73
STATS,667695248157497,73,74100,5719,5646,0,0,0
DEQ,667695255138491,20,1028,441069538,72
DEQ,667695262130514,20,1028,448059581,71
DEQ,667695269136806,20,1028,455064249,70
DEQ,667695276136438,20,1028,334023543,69
DEQ,667695283145292,20,1028,341018799,68
DEQ,667695290137218,20,1028,348008456,67
DEQ,667695297136075,20,1028,355004873,66
DEQ,667695304141484,20,1028,362008188,65
DEQ,667695311143488,20,1028,369008048,64
DEQ,667695318143912,20,1028,376006324,63
DEQ,667695325136803,20,1028,382997075,62
DEQ,667695332144739,20,1028,390002894,61
DEQ,667695339137464,20,1028,396993499,77
DEQ,667695346135251,20,1028,403989156,76
DEQ,667695353144004,20,1028,410995588,75
DEQ,667695360150028,20,1028,417999501,74
DEQ,667695367142205,20,1028,424989430,73
DEQ,667695374158066,20,1028,432003114,72
DEQ,667695381143683,20,1028,438986597,71
DEQ,667695388144379,20,1028,445985100,70
DEQ,667695395137289,20,1028,452975935,69
DEQ,667695402140056,20,1028,459976674,68
DEQ,667695409145029,20,1028,466979516,67
DEQ,667695416143868,20,1028,473976194,66
DEQ,667695423142425,20,1028,480972682,65
DEQ,667695430141897,20,1028,487970174,64
DEQ,667695437141148,20,1028,494967192,63
DEQ,667695444157695,20,1028,501981568,62
DEQ,667695451140434,20,1028,508962288,61
DEQ,667695458150767,20,1028,515970554,60
DEQ,667695465077385,20,1028,522895198,59
DEQ,667695472144474,20,1028,529960311,58
DEQ,667695479142410,20,1028,536956179,57
DEQ,667695486135501,20,1028,543947092,56
DEQ,667695493135863,20,1028,550945442,55
DEQ,667695500144606,20,84,422139463,54
DEQ,667695507130143,20,1028,301125503,53
DEQ,667695514136371,20,1028,308123906,52
DEQ,667695521133339,20,1028,315118867,51
DEQ,667695528138045,20,1028,322121826,50
DEQ,667695535137623,20,1028,329119295,49
DEQ,667695542137191,20,1028,336116777,48
DEQ,667695549135202,20,1028,343112729,47
DEQ,667695556131320,20,1028,350106572,46
DEQ,667695563113465,20,1028,357086385,45
DEQ,667695570131332,20,1028,364102146,44
DEQ,667695577113461,20,1028,371082188,43
DEQ,667695584116418,20,1028,378082915,42
DEQ,667695591151009,20,1028,385115345,41
DEQ,667695598116149,20,1028,392078209,84
DEQ,667695605122002,20,1028,399082050,83
DEQ,667695612143392,20,1028,406101349,82
DEQ,667695619146676,20,1028,413102598,81
DEQ,667695626144589,20,1028,420098498,80
DEQ,667695633138812,20,1028,427090600,79
DEQ,667695640145406,20,1028,434095169,78
DEQ,667695647143534,20,1028,441091201,77
DEQ,667695654143213,20,1028,448088807,76
DEQ,667695661139197,20,1028,455082685,75
DEQ,667695668141295,20,1028,462082600,74
DEQ,667695675136606,20,1028,469075744,73
DEQ,667695682135457,20,1028,476072352,72
DEQ,667695689125854,20,1028,483060630,71
DEQ,667695696137069,20,1028,490069830,70
DEQ,667695703131662,20,1028,497062263,69
DEQ,667695710137140,20,1028,504065681,68
DEQ,667695717145729,20,1028,511072241,67
DEQ,667695724135458,20,1028,518059984,66
DEQ,667695731137427,20,1028,525059959,75
DEQ,667695738137027,20,1028,532057569,74
DEQ,667695745136523,20,1028,539054710,73
DEQ,667695752131983,20,1028,546048105,72
DEQ,667695759152483,20,1028,553066549,71
DEQ,667695766132961,20,1028,432022897,70
DEQ,667695773137114,20,1028,439012467,69
DEQ,667695780140991,20,1028,446014166,68
DEQ,667695787153084,20,1028,453024146,67
DEQ,667695794151360,20,1028,460019992,66
DEQ,667695801139054,20,1028,467005542,65
DEQ,667695808132100,20,1028,473996514,64
DEQ,667695815139303,20,1028,481001515,63
DEQ,667695822135415,20,1028,487995391,62
DEQ,667695829139007,20,1028,494996868,61
DEQ,667695836133723,20,1028,501989587,60
DEQ,667695843137461,20,1028,508991223,59
DEQ,667695850137888,20,1028,515989526,58
DEQ,667695857141437,20,1028,522990976,57
DEQ,667695864135339,20,1028,529982819,56
DEQ,667695871139157,20,1028,536984545,55
DEQ,667695878132918,20,1028,543976309,54
DEQ,667695885136098,20,1028,287066057,53
DEQ,667695892135406,20,1028,294061928,52
DEQ,667695899135734,20,1028,301061354,51
DEQ,667695906135312,20,1028,308059999,50
DEQ,667695913138966,20,1028,315062790,49
DEQ,667695920144169,20,1028,322067197,48
DEQ,667695927142784,20,1028,329064963,47
DEQ,667695934141012,20,1028,336062362,46
DEQ,667695941165117,20,1028,343085703,45
DEQ,667695948102025,20,1028,350021880,44
DEQ,667695955118195,20,1028,357037107,43
DEQ,667695962140167,20,1028,364058255,42
DEQ,667695969125106,20,1028,371042435,41
DEQ,667695976126374,20,1028,378042967,40
DEQ,667695983139863,20,1028,385055664,39
DEQ,667695990163801,20,1028,392078829,92
DEQ,667695997143657,20,1028,399057922,91
DEQ,667696004141021,20,1028,406054654,90
DEQ,667696011137743,20,1028,413050638,89
DEQ,667696018135305,20,1028,420047485,88
DEQ,667696025143240,20,1028,427054639,87
DEQ,667696032132802,20,1028,434043515,86
DEQ,667696039132332,20,1028,441042034,85
DEQ,667696046140321,20,1028,448049343,84
DEQ,667696053137513,20,1028,455045827,83
DEQ,667696060133641,20,1028,462041007,82
DEQ,667696067139091,20,1028,469045797,81
DEQ,667696074152776,20,1028,476058726,80
DEQ,667696081135295,20,1028,483040467,79
DEQ,667696088140603,20,1028,490044993,78
DEQ,667696095124018,20,1028,497027673,77
DEQ,667696102114880,20,1028,504017847,76
DEQ,667696109134060,20,1028,511036288,75
DEQ,667696116132410,20,1028,518033891,74
DEQ,667696123141253,20,1028,525041928,74
DEQ,667696130130395,20,1028,532030311,73
DEQ,667696137134790,20,1028,539033961,72
DEQ,667696144073993,20,1028,545972513,71
DEQ,667696151140968,20,1028,553038724,70
DEQ,667696158135513,20,1028,560032605,69
DEQ,667696165142694,20,1028,567039118,68
DEQ,667696172133881,20,1028,574029647,67
DEQ,667696179142387,20,1028,581037421,66
DEQ,667696186144294,20,1028,588038603,65
DEQ,667696193149085,20,1028,467039317,64
DEQ,667696200144371,20,1028,474020182,63
DEQ,667696207143388,20,1028,481016847,62
DEQ,667696214146464,20,1028,488017669,61
DEQ,667696221143406,20,1028,495012415,60
DEQ,667696228139851,20,1028,502006650,59
DEQ,667696235142467,20,1028,509006886,58
DEQ,667696242144626,20,1028,516006691,57
DEQ,667696249141339,20,1028,523001215,56
STATS,667696249166121,56,56624,5845,5789,0,0,0
DEQ,667696256144497,20,1028,530002161,55
DEQ,667696263140135,20,1028,273090765,54
DEQ,667696270140226,20,1028,280086717,53
DEQ,667696277077059,20,1028,287021997,52
DEQ,667696284143302,20,1028,294086893,51
DEQ,667696291142223,20,1028,301084529,50
DEQ,667696298140119,20,1028,308081278,49
DEQ,667696305137619,20,1028,315077635,48
DEQ,667696312141191,20,1028,322079987,47
DEQ,667696319120801,20,1028,329058456,46
DEQ,667696326105508,20,1028,336042124,45
DEQ,667696333110081,20,1028,343045581,44
DEQ,667696340110548,20,1028,350044775,43
DEQ,667696347107601,20,1028,357040279,42
DEQ,667696354114669,20,1028,364046083,41
DEQ,667696361109202,20,1028,371034725,40
DEQ,667696368116309,20,1028,378039825,39
DEQ,667696375135769,20,1028,385056839,38
DEQ,667696382152288,20,1028,392071160,91
DEQ,667696389134918,20,1028,399051597,90
DEQ,667696396134557,20,1028,406048992,89
DEQ,667696403141589,20,1028,413053895,88
DEQ,667696410135366,20,1028,420045523,87
DEQ,667696417137606,20,1028,427045713,86
DEQ,667696424147164,20,1028,434052726,85
DEQ,667696431153322,20,1028,441056798,84
DEQ,667696438133020,20,1028,448034302,83
DEQ,667696445135059,20,1028,455034200,82
DEQ,667696452030687,20,1028,461927601,81
DEQ,667696459138081,20,1028,469032772,80
DEQ,667696466118281,20,1028,476010747,79
DEQ,667696473138433,20,1028,483028810,78
DEQ,667696480134843,20,1028,490022955,77
DEQ,667696487137601,20,1028,497023598,76
DEQ,667696494138088,20,1028,504021887,75
DEQ,667696501116752,20,1028,510998349,74
DEQ,667696508147445,20,1028,518026959,73
DEQ,667696515130947,20,1028,525008256,72
DEQ,667696522137202,20,1028,532012374,71
DEQ,667696529141685,20,1028,539014634,70
DEQ,667696536142172,20,1028,546012815,69
DEQ,667696543131772,20,1028,553000190,68
DEQ,667696550140597,20,1028,560006870,67
DEQ,667696557128570,20,1028,566992747,66
DEQ,667696564137170,20,1028,573999123,65
DEQ,667696571139185,20,1028,580999042,64
DEQ,667696578141432,20,1028,587999127,63
DEQ,667696585141790,20,1028,594997278,62
DEQ,667696592137432,20,1028,601990687,61
DEQ,667696599117715,20,1028,608968800,60
DEQ,667696606140008,20,1028,615988813,59
DEQ,667696613140009,20,1028,622986697,58
DEQ,667696620137312,20,1028,629981474,57
DEQ,667696627139117,20,1028,636981155,56
DEQ,667696634144301,20,1028,643984121,55
DEQ,667696641138557,20,84,523096732,54
DEQ,667696648145233,20,1028,266095145,53
DEQ,667696655150716,20,1028,273096596,52
DEQ,667696662141411,20,1028,280086251,51
DEQ,667696669148163,20,1028,287092052,50
DEQ,667696676145533,20,1028,294088379,49
DEQ,667696683140794,20,1028,301082767,48
DEQ,667696690134768,20,1028,308075841,47
DEQ,667696697146481,20,1028,315086707,46
DEQ,667696704125294,20,1028,322064705,45
DEQ,667696711111856,20,1028,329050142,44
DEQ,667696718113066,20,1028,336050118,43
DEQ,667696725110976,20,1028,343047233,42
DEQ,667696732132198,20,1028,350067656,41
DEQ,667696739113509,20,1028,357048138,40
DEQ,667696746117168,20,1028,364050922,39
DEQ,667696753134347,20,1028,371067208,38
DEQ,667696760137572,20,1028,378069377,37
DEQ,667696767137558,20,1028,385068460,36
DEQ,667696774125668,20,1028,392050959,89
DEQ,667696781139419,20,1028,399062804,88
DEQ,667696788133926,20,1028,406055371,87
DEQ,667696795136815,20,1028,413056150,86
DEQ,667696802141431,20,1028,420058629,85
DEQ,667696809125999,20,1028,427040868,84
DEQ,667696816141348,20,1028,434053915,83
DEQ,667696823143932,20,1028,441054434,82
DEQ,667696830142020,20,1028,448050464,81
DEQ,667696837145865,20,1028,455052246,80
DEQ,667696844140381,20,1028,462044719,79
DEQ,667696851135294,20,1028,469037499,78
DEQ,667696858141057,20,1028,476041146,77
DEQ,667696865145151,20,1028,483043089,76
DEQ,667696872139726,20,1028,490035425,75
DEQ,667696879137653,20,1028,497031306,74
DEQ,667696886141205,20,1028,504032813,73
DEQ,667696893137570,20,1028,511027065,72
DEQ,667696900138588,20,1028,518026048,71
DEQ,667696907142014,20,1028,525027346,70
DEQ,667696914144939,20,1028,532028115,69
DEQ,667696921139347,20,1028,539020207,68
DEQ,667696928142270,20,1028,546021090,67
DEQ,667696935139330,20,1028,553016081,66
DEQ,667696942138167,20,1028,560012896,65
DEQ,667696949136051,20,1028,567008744,64
DEQ,667696956129691,20,1028,574000319,63
DEQ,667696963142658,20,1028,581011128,62
DEQ,667696970135610,20,1028,588001882,61
DEQ,667696977142050,20,1028,595006188,60
DEQ,667696984141464,20,1028,602003394,59
DEQ,667696991138554,20,1028,608998348,58
DEQ,667696998144802,20,1028,616002558,57
DEQ,667697005136804,20,1028,622992324,56
DEQ,667697012137301,20,1028,629990672,55
DEQ,667697019140208,20,1028,636991522,54
DEQ,667697026135622,20,1028,252095987,53
DEQ,667697033136873,20,1028,259092796,52
DEQ,667697040131343,20,1028,266085996,51
DEQ,667697047127103,20,1028,273080817,50
DEQ,667697054149698,20,1028,280102094,49
DEQ,667697061135180,20,1028,287086709,48
DEQ,667697068141673,20,1028,294092421,47
DEQ,667697075128651,20,1028,301078588,46
DEQ,667697082118967,20,1028,308068050,45
DEQ,667697089134653,20,1028,315082982,44
DEQ,667697096119003,20,1028,322066512,43
DEQ,667697103125057,20,1028,329071775,42
DEQ,667697110103998,20,1028,336049919,41
DEQ,667697117128766,20,1028,343073889,40
DEQ,667697124118550,20,1028,350062714,39
DEQ,667697131122038,20,1028,357065362,38
DEQ,667697138138425,20,1028,364080915,37
DEQ,667697145151254,20,1028,371092908,36
DEQ,667697152141536,20,1028,378082420,35
DEQ,667697159139361,20,1028,385079417,34
DEQ,667697166125593,20,1028,392064703,88
DEQ,667697173137008,20,1028,399075264,87
DEQ,667697180133811,20,1028,406071218,86
DEQ,667697187128516,20,1028,413065017,85
DEQ,667697194135685,20,1028,420070829,84
DEQ,667697201138598,20,1028,427073018,83
DEQ,667697208141563,20,1028,434075119,82
DEQ,667697215143864,20,1028,441076484,81
DEQ,667697222140664,20,1028,448072464,80
DEQ,667697229141032,20,1028,455071951,79
DEQ,667697236141524,20,1028,462071676,78
DEQ,667697243141132,20,1028,469065901,77
DEQ,667697250137603,20,1028,476060410,76
STATS,667697250160164,76,77184,6008,5932,0,0,0
DEQ,667697257137036,20,1028,483058110,75
DEQ,667697264147016,20,1028,490065922,74
DEQ,667697271137615,20,1028,497054372,73
DEQ,667697278129471,20,1028,504044160,72
DEQ,667697285140010,20,1028,511052643,71
DEQ,667697292144611,20,1028,518055074,70
DEQ,667697299145177,20,1028,525053486,69
DEQ,667697306140529,20,1028,532046754,68
DEQ,667697313133499,20,1028,539037486,67
DEQ,667697320141086,20,1028,546042794,66
DEQ,667697327144521,20,1028,553044032,65
DEQ,667697334126213,20,1028,560023480,64
DEQ,667697341140315,20,1028,567035482,63
DEQ,667697348139356,20,1028,574032278,62
DEQ,667697355137791,20,1028,581028587,61
DEQ,667697362144359,20,1028,588033039,60
DEQ,667697369145086,20,1028,595031584,59
DEQ,667697376137253,20,1028,602021583,58
DEQ,667697383138590,20,1028,609020775,57
DEQ,667697390139879,20,1028,616019924,56
DEQ,667697397138739,20,1028,623016666,55
DEQ,667697404141564,20,1028,238100572,54
DEQ,667697411119485,20,1028,245074921,53
DEQ,667697418141560,20,1028,252095783,52
DEQ,667697425141947,20,84,259095204,51
DEQ,667697432135809,20,1028,266087940,50
DEQ,667697439141951,20,1028,273093125,49
DEQ,667697446141524,20,1028,280091661,48
DEQ,667697453137823,20,1028,287087148,47
DEQ,667697460141516,20,1028,294089958,46
DEQ,667697467109556,20,1028,301057151,45
DEQ,667697474168257,20,1028,308115026,44
DEQ,667697481118042,20,1028,315064007,43
DEQ,667697488124692,20,1028,322069816,42
DEQ,667697495170342,20,1028,329114616,41
DEQ,667697502120186,20,1028,336063423,40
DEQ,667697509120946,20,1028,343063422,39
DEQ,667697516120785,20,1028,350062589,38
DEQ,667697523128630,20,1028,357069683,37
DEQ,667697530143181,20,1028,364083473,36
DEQ,667697537135288,20,1028,371074815,35
DEQ,667697544137255,20,1028,378076090,34
DEQ,667697551137830,20,1028,385075809,33
DEQ,667697558122924,20,1028,392060226,86
DEQ,667697565140612,20,1028,399077205,85
DEQ,667697572130790,20,1028,406066224,84
DEQ,667697579137005,20,1028,413071633,83
DEQ,667697586135795,20,1028,420069743,82
DEQ,667697593118899,20,1028,427051875,81
DEQ,667697600126599,20,1028,434058709,80
DEQ,667697607136129,20,1028,441067507,79
DEQ,667697614137503,20,1028,448068050,78
DEQ,667697621137741,20,1028,455062824,77
DEQ,667697628135797,20,1028,462059082,76
DEQ,667697635142019,20,1028,469063471,75
DEQ,667697642136678,20,1028,476055987,74
DEQ,667697649134462,20,1028,483051704,73
DEQ,667697656141645,20,1028,490056830,72
DEQ,667697663143514,20,1028,497056716,71
DEQ,667697670137481,20,1028,504048536,70
DEQ,667697677137805,20,1028,511046767,69
DEQ,667697684135030,20,1028,518041927,68
DEQ,667697691144934,20,1028,525049760,67
DEQ,667697698140683,20,1028,532043444,66
DEQ,667697705145196,20,1028,539045946,65
DEQ,667697712134781,20,1028,546033578,64
DEQ,667697719148589,20,1028,553045237,63
DEQ,667697726117614,20,1028,560012278,62
DEQ,667697733140385,20,1028,567032991,61
DEQ,667697740144796,20,1028,574035136,60
DEQ,667697747143196,20,1028,581031537,59
DEQ,667697754144299,20,1028,588030595,58
DEQ,667697761144674,20,1028,595028842,57
DEQ,667697768144910,20,1028,602027073,56
DEQ,667697775139432,20,1028,609019618,55
DEQ,667697782012078,20,1028,615890132,54
DEQ,667697789143107,20,1028,231102918,53
DEQ,667697796141000,20,1028,238097187,52
DEQ,667697803145115,20,1028,245100353,51
DEQ,667697810142566,20,1028,252096891,50
DEQ,667697817144552,20,1028,259098146,49
DEQ,667697824135891,20,1028,266088282,48
DEQ,667697831142108,20,1028,273093709,47
DEQ,667697838137534,20,1028,280088241,46
DEQ,667697845139561,20,1028,287089472,45
DEQ,667697852011942,20,1028,293961064,44
DEQ,667697859165262,20,1028,301113622,43
DEQ,667697866012105,20,1028,307959809,42
DEQ,667697873077372,20,1028,315024258,41
DEQ,667697880117611,20,1028,322063724,40
DEQ,667697887017115,20,1028,328962372,39
DEQ,667697894147797,20,1028,336092084,38
DEQ,667697901142576,20,1028,343086014,37
DEQ,667697908130877,20,1028,350073409,36
DEQ,667697915138751,20,1028,357080458,35
DEQ,667697922130868,20,1028,364071854,34
DEQ,667697929135464,20,1028,371075605,33
DEQ,667697936138429,20,1028,378077911,32
DEQ,667697943137958,20,1028,385076617,31
DEQ,667697950138728,20,1028,392076476,31
DEQ,667697957138675,20,1028,399075617,30
DEQ,667697964128479,20,1028,406064114,29
DEQ,667697971140340,20,1028,413075126,28
DEQ,667697978135957,20,1028,420070009,27
DEQ,667697985135337,20,1028,427068371,26
DEQ,667697992135894,20,1028,434067938,25
DEQ,667697999136354,20,1028,441067583,24
DEQ,667698006121435,20,1028,448051883,23
DEQ,667698013123017,20,1028,455052605,22
DEQ,667698020130074,20,1028,462053256,21
DEQ,667698027143058,20,1028,469064181,20
DEQ,667698034151420,20,1028,476070417,19
DEQ,667698041141508,20,1028,483058077,18
DEQ,667698048145312,20,1028,490059707,17
DEQ,667698055139726,20,1028,497051964,16
DEQ,667698062147391,20,1028,504057581,15
DEQ,667698069016524,20,1028,510924733,14
DEQ,667698076128378,20,1028,518034552,13
DEQ,667698083128807,20,1028,525032908,65
DEQ,667698090131796,20,1028,532033668,64
DEQ,667698097138076,20,1028,539037947,63
DEQ,667698104137585,20,1028,546035310,62
DEQ,667698111138055,20,1028,553033718,61
DEQ,667698118137699,20,1028,560031080,60
DEQ,667698125137214,20,1028,567028412,59
DEQ,667698132138410,20,1028,574027473,58
DEQ,667698139148989,20,1028,581035988,57
DEQ,667698146141920,20,1028,588026853,56
DEQ,667698153138901,20,1028,595021736,55
DEQ,667698160135880,20,1028,602016648,54
DEQ,667698167139387,20,1028,217005401,53
DEQ,667698174135840,20,1028,96027960,52
DEQ,667698181135010,20,1028,103010172,51
DEQ,667698188136706,20,1028,110008995,50
DEQ,667698195136373,20,1028,117006179,49
DEQ,667698202136048,20,1028,124003198,48
DEQ,667698209135473,20,1028,131000162,47
DEQ,667698216141749,20,1028,138003673,47
DEQ,667698223120573,20,1028,144980020,46
DEQ,667698230157104,20,1028,152014041,45
DEQ,667698237129102,20,1028,158983483,44
DEQ,667698244117711,20,1028,165969469,43
DEQ,667698251176434,20,1028,173025618,42
STATS,667698251197801,42,42232,6117,6075,0,0,0
DEQ,667698258120408,20,1028,179966722,41
DEQ,667698265126269,20,1028,186970147,40
DEQ,667698272137667,20,1028,193979101,39
DEQ,667698279138909,20,1028,200977787,38
DEQ,667698286136057,20,1028,207971376,37
DEQ,667698293137248,20,1028,214969868,36
DEQ,667698300133481,20,1028,221963622,35
DEQ,667698307146387,20,1028,228973927,34
DEQ,667698314137969,20,1028,235963056,33
DEQ,667698321142262,20,1028,242964697,32
DEQ,667698328141909,20,1028,249961561,31
DEQ,667698335116372,20,1028,256933247,30
DEQ,667698342147210,20,1028,263961383,83
DEQ,667698349137333,20,1028,270949174,82
DEQ,667698356137790,20,1028,277947110,81
DEQ,667698363136461,20,1028,284943316,80
DEQ,667698370136037,20,1028,291940264,79
DEQ,667698377162369,20,1028,298964035,78
DEQ,667698384146853,20,1028,305945608,77
DEQ,667698391128839,20,1028,312924775,76
DEQ,667698398137821,20,1028,319930468,75
DEQ,667698405134835,20,1028,326924766,74
DEQ,667698412133551,20,1028,333921125,73
DEQ,667698419136494,20,1028,340921627,72
DEQ,667698426147586,20,1028,347930484,71
DEQ,667698433145606,20,1028,354926149,70
DEQ,667698440136106,20,1028,361914355,69
DEQ,667698447138200,20,1028,368913964,68
DEQ,667698454137767,20,1028,375910632,67
DEQ,667698461140040,20,1028,382910449,66
DEQ,667698468136986,20,1028,389904975,65
DEQ,667698475141344,20,1028,396906792,64
DEQ,667698482087343,20,1028,403850533,63
DEQ,667698489141043,20,1028,410901500,62
DEQ,667698496146835,20,1028,417904734,61
DEQ,667698503147227,20,1028,424902367,60
DEQ,667698510124856,20,1028,431877708,59
DEQ,667698517149234,20,1028,438899516,58
DEQ,667698524138092,20,1028,445885866,57
DEQ,667698531143308,20,1028,452888397,56
DEQ,667698538125263,20,1028,459867935,55
DEQ,667698545137032,20,84,331017268,54
DEQ,667698552136295,20,1028,210085252,53
DEQ,667698559139801,20,1028,217085148,52
DEQ,667698566142895,20,1028,224087298,51
DEQ,667698573143197,20,1028,231086507,50
DEQ,667698580136128,20,1028,238078574,49
DEQ,667698587137278,20,1028,245078921,48
DEQ,667698594136154,20,1028,252076920,47
DEQ,667698601138161,20,1028,259077993,46
DEQ,667698608107725,20,1028,266046777,53
DEQ,667698615129954,20,1028,273068145,52
DEQ,667698622115339,20,1028,280052232,51
DEQ,667698629111559,20,1028,287047720,50
DEQ,667698636158603,20,1028,294093919,49
DEQ,667698643119889,20,1028,301054447,48
DEQ,667698650116900,20,1028,308050711,47
DEQ,667698657118409,20,1028,315051537,46
DEQ,667698664145570,20,1028,322077854,45
DEQ,667698671160620,20,1028,329092208,44
DEQ,667698678141618,20,1028,336072393,43
DEQ,667698685142277,20,1028,343072345,42
DEQ,667698692144496,20,1028,350069212,41
DEQ,667698699142313,20,1028,357065124,40
DEQ,667698706142066,20,1028,364063067,39
DEQ,667698713129277,20,1028,371048282,38
DEQ,667698720142003,20,1028,378059026,37
DEQ,667698727134072,20,1028,385048999,36
DEQ,667698734102231,20,1028,392015152,81
DEQ,667698741144880,20,1028,399055658,80
DEQ,667698748128740,20,1028,406037447,79
DEQ,667698755136500,20,1028,413042751,78
DEQ,667698762136318,20,1028,420040091,77
DEQ,667698769137459,20,1028,427039154,76
DEQ,667698776141952,20,1028,434041607,75
DEQ,667698783138296,20,1028,441035864,74
DEQ,667698790141051,20,1028,448036493,73
DEQ,667698797139913,20,1028,455033237,72
DEQ,667698804130331,20,1028,462021536,71
DEQ,667698811141607,20,1028,469030546,70
DEQ,667698818137875,20,1028,476024743,69
DEQ,667698825145830,20,1028,483030586,68
DEQ,667698832145437,20,1028,490028121,67
DEQ,667698839135211,20,1028,497015894,66
DEQ,667698846140925,20,1028,504019605,65
DEQ,667698853154987,20,1028,511031653,64
DEQ,667698860145840,20,1028,518020429,63
DEQ,667698867141625,20,1028,525014206,62
DEQ,667698874140462,20,1028,532010978,61
DEQ,667698881152746,20,1028,539021238,60
DEQ,667698888136244,20,1028,546002751,59
DEQ,667698895138249,20,1028,553002674,58
DEQ,667698902133746,20,1028,559996107,57
DEQ,667698909142649,20,1028,567003026,56
DEQ,667698916142088,20,1028,574000371,55
DEQ,667698923138215,20,1028,580994386,54
DEQ,667698930142074,20,1028,324048454,53
DEQ,667698937134150,20,1028,331031950,52
DEQ,667698944137924,20,1028,338033541,51
DEQ,667698951121054,20,1028,345014434,50
DEQ,667698958137883,20,1028,352029126,49
DEQ,667698965145226,20,1028,359034385,48
DEQ,667698972134134,20,1028,365046540,47
DEQ,667698979140819,20,1028,371078017,46
DEQ,667698986112092,20,1028,252071770,45
DEQ,667698993179958,20,1028,259135945,44
DEQ,667699000116454,20,1028,266071420,65
DEQ,667699007114892,20,1028,273068990,64
DEQ,667699014102916,20,1028,280056163,63
DEQ,667699021116709,20,1028,287068896,62
DEQ,667699028111176,20,1028,294062580,61
DEQ,667699035130989,20,1028,301081618,60
DEQ,667699042137939,20,1028,308087777,59
DEQ,667699049137512,20,1028,315086595,58
DEQ,667699056146227,20,1028,322094510,57
DEQ,667699063140825,20,1028,329088341,56
DEQ,667699070120762,20,1028,336067385,55
DEQ,667699077129151,20,1028,343074953,54
DEQ,667699084138032,20,1028,350083058,53
STATS,667699084159618,53,54484,6247,6194,0,0,0
