# type,ts_ns,ifindex,len,dwell_ns,inflight
# STATS,ts_ns,inflight_pkts,inflight_bytes,enq_total,deq_total,miss,insert_fail,rb_lost
DEQ,669032136622486,21,84,143105,0
STATS,669032938419868,0,0,1,1,0,0,0
DEQ,669033138531551,21,84,139685,0
STATS,669033940356546,0,0,2,2,0,0,0
DEQ,669034140439370,21,84,132912,0
STATS,669034942015092,0,0,3,3,0,0,0
DEQ,669035142332257,21,84,118680,0
STATS,669035944084067,0,0,4,4,0,0,0
DEQ,669036144233222,21,84,102044,0
STATS,669036946049103,0,0,5,5,0,0,0
DEQ,669037145278546,21,84,146001,0
STATS,669037947061788,0,0,6,6,0,0,0
DEQ,669038146584219,21,84,132949,0
STATS,669038948282352,0,0,7,7,0,0,0
DEQ,669039148447554,21,84,102244,0
DEQ,669039755326085,21,1028,27726,0
DEQ,669039756282047,21,1028,85464,0
DEQ,669039757095855,21,1028,17413,0
DEQ,669039758116118,21,1028,121569,0
DEQ,669039759031723,21,1028,111086,0
DEQ,669039759850863,21,1028,19134,0
DEQ,669039760757007,21,1028,28885,0
DEQ,669039761672850,21,1028,32148,0
DEQ,669039762818125,21,1028,276098,0
DEQ,669039763475733,21,1028,32754,0
DEQ,669039764719343,21,1028,358265,0
DEQ,669039765315953,21,1028,30593,0
DEQ,669039766187480,21,1028,15234,0
DEQ,669039767066278,21,1028,30356,0
DEQ,669039768056352,21,1028,118321,0
DEQ,669039768955611,21,1028,116147,0
DEQ,669039769773252,21,1028,32605,0
DEQ,669039770756333,21,1028,116322,0
DEQ,669039771573421,21,1028,32968,0
DEQ,669039772477069,21,1028,31790,0
DEQ,669039773376700,21,1028,30454,0
DEQ,669039774268623,21,1028,20924,0
DEQ,669039775129321,21,1028,18062,0
DEQ,669039776039694,21,1028,22823,0
DEQ,669039777031236,21,1028,116757,0
DEQ,669039777849387,21,1028,33740,0
DEQ,669039778745353,21,1028,29547,0
DEQ,669039779665330,21,1028,31335,0
DEQ,669039780566541,21,1028,32181,0
DEQ,669039781482155,21,1028,32899,0
DEQ,669039782530057,21,1028,193098,0
DEQ,669039783321204,21,1028,108543,0
DEQ,669039784092993,21,1028,18392,0
DEQ,669039785402982,21,1028,438335,0
DEQ,669039925349122,21,1028,7230117,92
DEQ,669039932359363,21,1028,14230706,91
DEQ,669039939340580,21,1028,21209366,90
DEQ,669039946347066,21,1028,28213182,89
DEQ,669039953345622,21,1028,35209010,88
STATS,669039953483165,88,90464,135,47,0,0,0
DEQ,669039960339072,21,1028,42199613,87
DEQ,669039967349681,21,1028,49207338,86
DEQ,669039974339533,21,1028,56194688,85
DEQ,669039981355748,21,1028,63208155,84
DEQ,669039988346531,21,1028,70196507,83
DEQ,669039995348581,21,1028,77195888,82
DEQ,669040002336506,21,1028,84181572,81
DEQ,669040009342746,21,1028,91184881,80
DEQ,669040016343348,21,1028,98182723,79
DEQ,669040023346253,21,1028,105182657,78
DEQ,669040030341832,21,1028,112175661,77
DEQ,669040037343290,21,1028,119173073,76
DEQ,669040044345063,21,1028,126172159,75
DEQ,669040051337037,21,1028,133160942,74
DEQ,669040058341777,21,1028,140163199,73
DEQ,669040065239425,21,1028,147058494,72
DEQ,669040072339710,21,1028,154156190,71
DEQ,669040079348659,21,1028,161162496,70
DEQ,669040086352078,21,1028,168163004,69
DEQ,669040093355347,21,1028,175163796,68
DEQ,669040100345302,21,1028,182151155,67
DEQ,669040107346187,21,1028,189149373,66
DEQ,669040114338022,21,1028,196138409,65
DEQ,669040121365028,21,1028,203162871,64
DEQ,669040128337700,21,1028,210133080,63
DEQ,669040135359553,21,1028,217152437,62
DEQ,669040142341805,21,1028,224131939,61
DEQ,669040149339520,21,1028,231127368,60
DEQ,669040156330900,21,1028,238116555,59
DEQ,669040163343822,21,1028,245126816,58
DEQ,669040170353476,21,1028,252134076,57
DEQ,669040177346291,21,1028,259124351,56
DEQ,669040184348466,21,1028,266124093,55
DEQ,669040191344669,21,1028,273117924,55
DEQ,669040198345903,21,1028,280116166,54
DEQ,669040205341424,21,1028,287109364,53
DEQ,669040212343483,21,1028,294108815,52
DEQ,669040219343742,21,1028,301106503,51
DEQ,669040226351680,21,1028,308112115,50
DEQ,669040233346020,21,1028,315104318,49
DEQ,669040240349556,21,1028,322105737,48
DEQ,669040247347386,21,1028,329101436,47
DEQ,669040254243327,21,1028,335995249,46
DEQ,669040261219454,21,1028,342968481,45
DEQ,669040268247509,21,1028,349994407,44
DEQ,669040275221695,21,1028,356966540,43
DEQ,669040282255989,21,1028,363998758,42
DEQ,669040289219272,21,1028,370959976,41
DEQ,669040296238722,21,1028,377977359,40
DEQ,669040303349648,21,1028,385086197,39
DEQ,669040310349298,21,1028,392083686,38
DEQ,669040317356378,21,1028,399088577,37
DEQ,669040324343308,21,1028,406073356,90
DEQ,669040331348915,21,1028,413076800,89
DEQ,669040338341767,21,1028,420067595,88
DEQ,669040345342984,21,1028,427066227,87
DEQ,669040352327567,21,1028,434048670,86
DEQ,669040359347522,21,1028,441066564,85
DEQ,669040366338269,21,1028,448055266,84
DEQ,669040373349897,21,1028,455064663,83
DEQ,669040380345565,21,1028,462058261,82
DEQ,669040387351608,21,1028,469062247,81
DEQ,669040394346800,21,1028,476055394,80
DEQ,669040401347988,21,1028,483054445,79
DEQ,669040408352161,21,1028,490056510,78
DEQ,669040415361530,21,1028,497063584,77
DEQ,669040422363490,21,1028,504063498,76
DEQ,669040429350893,21,1028,511048798,75
DEQ,669040436346846,21,1028,518042684,74
DEQ,669040443347203,21,1028,525040910,73
DEQ,669040450341745,21,1028,532033288,72
DEQ,669040457336587,21,1028,539026071,71
DEQ,669040464345076,21,1028,546032516,70
DEQ,669040471339741,21,1028,553025143,69
DEQ,669040478343524,21,1028,560026767,68
DEQ,669040485349626,21,1028,567029922,67
DEQ,669040492345135,21,1028,574022813,66
DEQ,669040499338905,21,1028,581014400,65
DEQ,669040506341778,21,1028,588015132,64
DEQ,669040513346333,21,1028,595017622,63
DEQ,669040520340111,21,1028,602009331,62
DEQ,669040527339753,21,1028,609006904,61
DEQ,669040534345984,21,1028,616011106,60
DEQ,669040541343825,21,1028,623006973,59
DEQ,669040548347086,21,1028,630008169,58
DEQ,669040555351280,21,1028,637010376,57
DEQ,669040562339422,21,1028,643996294,56
DEQ,669040569358946,21,1028,651013680,55
DEQ,669040576344837,21,84,386218957,54
DEQ,669040583359463,21,1028,265306605,53
DEQ,669040590349330,21,1028,272276833,52
DEQ,669040597344744,21,1028,279269463,51
DEQ,669040604337674,21,1028,286260007,50
DEQ,669040611348011,21,1028,293267753,49
DEQ,669040618341872,21,1028,300259016,48
DEQ,669040625350454,21,1028,307265213,47
DEQ,669040632335940,21,1028,314248096,46
DEQ,669040639245519,21,1028,321153637,45
DEQ,669040646221483,21,1028,328127245,44
DEQ,669040653254338,21,1028,335157593,43
DEQ,669040660292026,21,1028,342193202,42
DEQ,669040667252336,21,1028,349150903,41
DEQ,669040674270283,21,1028,356166407,40
DEQ,669040681249423,21,1028,363143392,39
DEQ,669040688346360,21,1028,370238077,38
DEQ,669040695346863,21,1028,377236073,37
DEQ,669040702354363,21,1028,384240771,36
DEQ,669040709347137,21,1028,391230364,35
DEQ,669040716343258,21,1028,398223676,34
DEQ,669040723344667,21,1028,405222454,87
DEQ,669040730350966,21,1028,412226557,86
DEQ,669040737342845,21,1028,419215858,85
DEQ,669040744336748,21,1028,426207327,84
DEQ,669040751342968,21,1028,433210912,83
DEQ,669040758350702,21,1028,440216100,82
DEQ,669040765345491,21,1028,447208380,81
DEQ,669040772337561,21,1028,454198184,80
DEQ,669040779349691,21,1028,461208111,79
DEQ,669040786346786,21,1028,468201976,78
DEQ,669040793343908,21,1028,475196408,77
DEQ,669040800340094,21,1028,482190088,76
DEQ,669040807343210,21,1028,489190563,75
DEQ,669040814341657,21,1028,496186561,74
DEQ,669040821341726,21,1028,503184159,73
DEQ,669040828337613,21,1028,510177582,72
DEQ,669040835342181,21,1028,517180055,71
DEQ,669040842344299,21,1028,524179731,70
DEQ,669040849344636,21,1028,531177702,69
DEQ,669040856337503,21,1028,538168235,68
DEQ,669040863341327,21,1028,545169743,67
DEQ,669040870349275,21,1028,552175068,66
DEQ,669040877346580,21,1028,559169855,65
DEQ,669040884348673,21,1028,566169524,64
DEQ,669040891340303,21,1028,573158721,63
DEQ,669040898350574,21,1028,580166750,62
DEQ,669040905348760,21,1028,587162464,61
DEQ,669040912349985,21,1028,594160915,60
DEQ,669040919345059,21,1028,601153715,59
DEQ,669040926347043,21,1028,608153308,58
DEQ,669040933356281,21,1028,615159475,57
DEQ,669040940345024,21,1028,622145652,56
DEQ,669040947342193,21,1028,629140520,55
DEQ,669040954343464,21,1028,636139358,54
STATS,669040954471324,54,55512,244,190,0,0,0
DEQ,669040961341421,21,1028,243222149,53
DEQ,669040968344373,21,1028,250216406,52
DEQ,669040975350514,21,1028,257220406,51
DEQ,669040982330422,21,1028,264198161,50
DEQ,669040989346354,21,1028,271212055,49
DEQ,669040996346669,21,1028,278210339,48
DEQ,669041003343857,21,1028,285205413,47
DEQ,669041010341728,21,1028,292201288,46
DEQ,669041017243570,21,1028,299101091,45
DEQ,669041024218793,21,1028,306074300,44
DEQ,669041031330469,21,1028,313183987,43
DEQ,669041038249999,21,1028,320101526,42
DEQ,669041045247284,21,1028,327096836,41
DEQ,669041052218631,21,1028,334066172,40
DEQ,669041059337174,21,1028,341182730,39
DEQ,669041066250395,21,1028,348093941,38
DEQ,669041073337684,21,1028,355179150,37
DEQ,669041080341689,21,1028,362179804,36
DEQ,669041087358640,21,1028,369194766,35
DEQ,669041094349056,21,1028,376183057,34
DEQ,669041101347321,21,1028,383179160,33
DEQ,669041108345928,21,1028,390175761,32
DEQ,669041115360266,21,1028,397187881,85
DEQ,669041122346839,21,1028,404172317,84
DEQ,669041129349133,21,1028,411172609,83
DEQ,669041136335934,21,1028,418157395,82
DEQ,669041143336358,21,1028,425155799,81
DEQ,669041150346435,21,1028,432163816,80
DEQ,669041157349707,21,1028,439165068,79
DEQ,669041164344307,21,1028,446157591,78
DEQ,669041171338046,21,1028,453149354,77
DEQ,669041178348449,21,1028,460157627,76
DEQ,669041185347243,21,1028,467154338,75
DEQ,669041192343715,21,1028,474148730,74
DEQ,669041199343901,21,1028,481146919,73
DEQ,669041206349227,21,1028,488150145,72
DEQ,669041213343877,21,1028,495142837,71
DEQ,669041220345592,21,1028,502142556,70
DEQ,669041227351148,21,1028,509145579,69
DEQ,669041234352041,21,1028,516144375,68
DEQ,669041241351199,21,1028,523141538,67
DEQ,669041248347773,21,1028,530136100,67
DEQ,669041255346808,21,1028,537133136,66
DEQ,669041262351309,21,1028,544135645,65
DEQ,669041269348486,21,1028,551130859,64
DEQ,669041276350920,21,1028,558131312,63
DEQ,669041283366399,21,1028,565144781,62
DEQ,669041290345043,21,1028,572121341,61
DEQ,669041297359532,21,1028,579133868,60
DEQ,669041304352460,21,1028,586124745,59
DEQ,669041311348065,21,1028,593118361,58
DEQ,669041318350400,21,1028,600118684,57
DEQ,669041325341863,21,1028,607108066,56
DEQ,669041332344644,21,1028,614108704,55
DEQ,669041339347223,21,1028,229227325,54
DEQ,669041346347501,21,1028,236219110,53
DEQ,669041353358725,21,1028,243228034,52
DEQ,669041360337409,21,1028,250204541,51
DEQ,669041367349613,21,1028,257214658,50
DEQ,669041374337603,21,1028,264199492,49
DEQ,669041381343849,21,1028,271203620,48
DEQ,669041388341801,21,1028,278199554,47
DEQ,669041395345496,21,1028,285201158,46
DEQ,669041402334295,21,1028,292187880,45
DEQ,669041409337183,21,1028,299188733,44
DEQ,669041416325206,21,1028,306174731,43
DEQ,669041423343202,21,1028,313190740,42
DEQ,669041430337601,21,1028,320183074,41
DEQ,669041437343872,21,1028,327187260,40
DEQ,669041444349657,21,1028,334191129,39
DEQ,669041451348065,21,1028,341187483,38
DEQ,669041458341833,21,1028,348178720,37
DEQ,669041465355532,21,1028,355190314,36
DEQ,669041472341836,21,1028,362174623,35
DEQ,669041479345472,21,1028,369175895,34
DEQ,669041486343475,21,1028,376171706,33
DEQ,669041493340636,21,1028,383166751,32
DEQ,669041500348502,21,1028,390172458,31
DEQ,669041507343754,21,1028,397165638,84
DEQ,669041514344360,21,1028,404164277,83
DEQ,669041521338849,21,1028,411156196,82
DEQ,669041528346846,21,1028,418162133,81
DEQ,669041535346432,21,1028,425159725,80
DEQ,669041542345911,21,1028,432157213,79
DEQ,669041549343853,21,1028,439153119,78
DEQ,669041556347647,21,1028,446154915,77
DEQ,669041563342195,21,1028,453147494,76
DEQ,669041570341861,21,1028,460145188,75
DEQ,669041577346223,21,1028,467147492,74
DEQ,669041584341794,21,1028,474141087,73
DEQ,669041591346722,21,1028,481143929,72
DEQ,669041598346803,21,1028,488141835,71
DEQ,669041605346962,21,1028,495139995,70
DEQ,669041612345585,21,1028,502136457,69
DEQ,669041619351969,21,1028,509140787,68
DEQ,669041626336829,21,1028,516123599,67
DEQ,669041633339290,21,1028,523123878,66
DEQ,669041640348447,21,1028,530130877,65
DEQ,669041647348892,21,1028,537129267,64
DEQ,669041654345114,21,1028,544123410,63
DEQ,669041661344969,21,1028,551121245,62
DEQ,669041668348413,21,1028,558122271,61
DEQ,669041675348712,21,1028,565120521,60
DEQ,669041682350690,21,1028,572120441,59
DEQ,669041689348414,21,1028,579116181,58
DEQ,669041696348455,21,1028,586114214,57
DEQ,669041703344865,21,1028,593108494,56
DEQ,669041710355823,21,1028,600117392,55
DEQ,669041717356244,21,84,471231643,54
DEQ,669041724355062,21,1028,222232729,53
DEQ,669041731347393,21,1028,229216468,52
DEQ,669041738351658,21,1028,236218555,51
DEQ,669041745345437,21,1028,243210016,50
DEQ,669041752358477,21,1028,250220945,49
DEQ,669041759285439,21,1028,257145744,48
DEQ,669041766350888,21,1028,264209062,47
DEQ,669041773355469,21,1028,271211575,46
DEQ,669041780356920,21,1028,278210977,45
DEQ,669041787312394,21,1028,285164298,44
DEQ,669041794341739,21,1028,292191651,43
DEQ,669041801336422,21,1028,299183848,42
DEQ,669041808345204,21,1028,306190566,41
DEQ,669041815321514,21,1028,313164173,40
DEQ,669041822335194,21,1028,320175689,39
DEQ,669041829353915,21,1028,327192348,38
DEQ,669041836336031,21,1028,334172323,37
DEQ,669041843346428,21,1028,341180555,36
DEQ,669041850341753,21,1028,348173754,35
DEQ,669041857338141,21,1028,355167913,34
DEQ,669041864346034,21,1028,362173593,33
DEQ,669041871342252,21,1028,369167751,32
DEQ,669041878299388,21,1028,376122831,31
DEQ,669041885310693,21,1028,383132095,30
DEQ,669041892346001,21,1028,390165152,29
DEQ,669041899343843,21,1028,397160826,82
DEQ,669041906341871,21,1028,404156829,81
DEQ,669041913344715,21,1028,411157623,80
DEQ,669041920336872,21,1028,418147728,79
DEQ,669041927355475,21,1028,425164192,78
DEQ,669041934343534,21,1028,432150197,77
DEQ,669041941343928,21,1028,439148448,76
DEQ,669041948312779,21,1028,446114880,75
DEQ,669041955318673,21,1028,453118643,74
STATS,669041955452227,74,76072,407,333,0,0,0
DEQ,669041962322308,21,1028,460119991,73
DEQ,669041969317147,21,1028,467112714,72
DEQ,669041976314019,21,1028,474107559,71
DEQ,669041983344057,21,1028,481135538,70
DEQ,669041990342250,21,1028,488131674,69
DEQ,669041997340582,21,1028,495127979,68
DEQ,669042004341961,21,1028,502127299,67
DEQ,669042011342541,21,1028,509125703,66
DEQ,669042018341989,21,1028,516123007,65
DEQ,669042025349923,21,1028,523128917,64
DEQ,669042032312953,21,1028,530089927,63
DEQ,669042039349763,21,1028,537124624,62
DEQ,669042046349276,21,1028,544121992,61
DEQ,669042053342315,21,1028,551112960,60
DEQ,669042060285414,21,1028,558054009,59
DEQ,669042067333992,21,1028,565100417,58
DEQ,669042074328559,21,1028,572092846,57
DEQ,669042081349959,21,1028,579112145,56
DEQ,669042088340371,21,1028,586100483,55
DEQ,669042095364342,21,1028,593122460,54
DEQ,669042102347956,21,1028,208221528,53
DEQ,669042109350614,21,1028,215215425,52
DEQ,669042116347410,21,1028,222209966,51
DEQ,669042123347367,21,1028,229207768,50
DEQ,669042130350836,21,1028,236208880,49
DEQ,669042137349668,21,1028,243205345,48
DEQ,669042144346205,21,1028,250199654,47
DEQ,669042151348797,21,1028,257200040,46
DEQ,669042158349652,21,1028,264198633,53
DEQ,669042165335634,21,1028,271182345,52
DEQ,669042172338620,21,1028,278183125,51
DEQ,669042179339975,21,1028,285182387,50
DEQ,669042186336957,21,1028,292177338,49
DEQ,669042193339035,21,1028,299177403,48
DEQ,669042200337962,21,1028,306174058,47
DEQ,669042207349196,21,1028,313183039,46
DEQ,669042214341803,21,1028,320173537,45
DEQ,669042221349426,21,1028,327179081,44
DEQ,669042228347929,21,1028,334175481,43
DEQ,669042235353426,21,1028,341178916,42
DEQ,669042242348098,21,1028,348171465,41
DEQ,669042249348228,21,1028,355169484,40
DEQ,669042256345261,21,1028,362164451,39
DEQ,669042263342394,21,1028,369159269,38
DEQ,669042270347107,21,1028,376161745,37
DEQ,669042277343272,21,1028,383155878,36
DEQ,669042284341828,21,1028,390152273,35
DEQ,669042291344088,21,1028,397152272,81
DEQ,669042298341926,21,1028,404147774,80
DEQ,669042305343225,21,1028,411146985,79
DEQ,669042312343637,21,1028,418145227,78
DEQ,669042319344069,21,1028,425143649,77
DEQ,669042326311076,21,1028,432108530,76
DEQ,669042333342361,21,1028,439137584,75
DEQ,669042340343650,21,1028,446136862,74
DEQ,669042347344002,21,1028,453135019,73
DEQ,669042354351235,21,1028,460140165,72
DEQ,669042361343443,21,1028,467130270,71
DEQ,669042368350922,21,1028,474134633,70
DEQ,669042375359573,21,1028,481141137,69
DEQ,669042382350952,21,1028,488130506,68
DEQ,669042389339458,21,1028,495117032,67
DEQ,669042396337635,21,1028,502113168,66
DEQ,669042403353074,21,1028,509126473,65
DEQ,669042410346870,21,1028,516118150,64
DEQ,669042417347440,21,1028,523116567,63
DEQ,669042424348890,21,1028,530115908,62
DEQ,669042431345446,21,1028,537110301,61
DEQ,669042438346666,21,1028,544109404,60
DEQ,669042445345784,21,1028,551106514,59
DEQ,669042452338598,21,1028,558097343,58
DEQ,669042459344011,21,1028,565100613,57
DEQ,669042466343605,21,1028,572098090,56
DEQ,669042473344339,21,1028,579096799,55
DEQ,669042480342802,21,1028,322231261,54
DEQ,669042487342286,21,1028,329220194,53
DEQ,669042494341960,21,1028,336217891,52
DEQ,669042501345624,21,1028,343219117,51
DEQ,669042508337179,21,1028,350208382,50
DEQ,669042515350581,21,1028,357219186,49
DEQ,669042522341856,21,1028,364208193,48
DEQ,669042529348899,21,1028,371212956,47
DEQ,669042536342725,21,1028,250236885,46
DEQ,669042543343134,21,1028,257215140,45
DEQ,669042550331833,21,1028,264200970,66
DEQ,669042557372267,21,84,271238786,65
DEQ,669042564348642,21,1028,278212451,64
DEQ,669042571343503,21,1028,285204744,63
DEQ,669042578333575,21,1028,292192078,62
DEQ,669042585348139,21,1028,299203888,61
DEQ,669042592334403,21,1028,306187362,60
DEQ,669042599343938,21,1028,313194124,59
DEQ,669042606341823,21,1028,320189719,58
DEQ,669042613341710,21,1028,327186864,57
DEQ,669042620341964,21,1028,334184500,56
DEQ,669042627344099,21,1028,341184258,55
DEQ,669042634343549,21,1028,348180771,54
DEQ,669042641343076,21,1028,355177818,53
DEQ,669042648341047,21,1028,362172909,52
DEQ,669042655344825,21,1028,369174265,51
DEQ,669042662341797,21,1028,376168870,50
DEQ,669042669346283,21,1028,383170648,49
DEQ,669042676341855,21,1028,390163647,48
DEQ,669042683344789,21,1028,397164028,78
DEQ,669042690285779,21,1028,404102486,77
DEQ,669042697345258,21,1028,411159655,76
DEQ,669042704348442,21,1028,418160255,75
DEQ,669042711350216,21,1028,425159323,74
DEQ,669042718351916,21,1028,432158564,73
DEQ,669042725344809,21,1028,439148811,72
DEQ,669042732343437,21,1028,446144959,71
DEQ,669042739345592,21,1028,453144313,70
DEQ,669042746343604,21,1028,460139037,69
DEQ,669042753348909,21,1028,467141502,68
DEQ,669042760345209,21,1028,474135200,67
DEQ,669042767342986,21,1028,481130672,66
DEQ,669042774232301,21,1028,488017662,65
DEQ,669042781343169,21,1028,495125718,64
DEQ,669042788341851,21,1028,502121808,63
DEQ,669042795343950,21,1028,509121325,62
DEQ,669042802346951,21,1028,516121471,61
DEQ,669042809344842,21,1028,523116675,60
DEQ,669042816336124,21,1028,530105496,59
DEQ,669042823342231,21,1028,537108578,58
DEQ,669042830343501,21,1028,544107226,57
DEQ,669042837346201,21,1028,551107240,56
DEQ,669042844348623,21,1028,558107354,55
DEQ,669042851348717,21,1028,565104882,54
DEQ,669042858351471,21,1028,572105256,53
DEQ,669042865350130,21,1028,315238651,52
DEQ,669042872341062,21,1028,322220362,51
DEQ,669042879349731,21,1028,329226918,50
DEQ,669042886349417,21,1028,336224190,49
DEQ,669042893346458,21,1028,343218974,48
DEQ,669042900343518,21,1028,350212441,47
DEQ,669042907345571,21,1028,357212417,46
DEQ,669042914344436,21,1028,364209097,45
DEQ,669042921336574,21,1028,371199185,44
DEQ,669042928337750,21,1028,378197989,43
DEQ,669042935310719,21,1028,385168730,42
DEQ,669042942311074,21,1028,392150569,78
DEQ,669042949340571,21,1028,399177812,77
DEQ,669042956341890,21,1028,406176812,76
STATS,669042956475294,76,78128,552,476,0,0,0
DEQ,669042963344180,21,1028,413176923,75
DEQ,669042970341966,21,1028,420172348,74
DEQ,669042977338442,21,1028,427166639,73
DEQ,669042984336090,21,1028,434162101,72
DEQ,669042991347726,21,1028,441171481,71
DEQ,669042998347613,21,1028,448168977,70
DEQ,669043005348748,21,1028,455167584,69
DEQ,669043012352252,21,1028,462168576,68
DEQ,669043019345979,21,1028,341224530,67
DEQ,669043026336963,21,1028,348206893,66
DEQ,669043033343124,21,1028,355210849,65
DEQ,669043040340923,21,1028,362206475,64
DEQ,669043047343077,21,1028,369205485,63
DEQ,669043054336910,21,1028,376197210,62
DEQ,669043061284421,21,1028,383142647,61
DEQ,669043068342056,21,1028,390198192,60
DEQ,669043075344090,21,1028,397198166,76
DEQ,669043082341883,21,1028,404193672,75
DEQ,669043089339018,21,1028,411188565,74
DEQ,669043096341163,21,1028,418188700,73
DEQ,669043103344722,21,1028,425189912,72
DEQ,669043110358487,21,1028,432201581,71
DEQ,669043117350655,21,1028,439191139,70
DEQ,669043124346106,21,1028,446183807,69
DEQ,669043131345651,21,1028,453180788,68
DEQ,669043138341926,21,1028,460174730,67
DEQ,669043145338086,21,1028,467168227,66
DEQ,669043152344704,21,1028,474172360,65
DEQ,669043159355745,21,1028,481181087,64
DEQ,669043166346453,21,1028,488169181,63
DEQ,669043173333125,21,1028,495153055,62
DEQ,669043180348598,21,1028,502166091,61
DEQ,669043187342350,21,1028,509157431,60
DEQ,669043194344448,21,1028,516156382,59
DEQ,669043201338148,21,1028,523147391,58
DEQ,669043208341056,21,1028,530147907,57
DEQ,669043215334636,21,1028,537138875,56
DEQ,669043222331340,21,1028,544132849,55
DEQ,669043229349916,21,1028,551148955,54
DEQ,669043236361432,21,1028,294250179,53
DEQ,669043243351301,21,1028,301231494,52
DEQ,669043250346714,21,1028,308224705,51
DEQ,669043257340957,21,1028,315217223,50
DEQ,669043264351877,21,1028,322226155,49
DEQ,669043271358990,21,1028,329231131,48
DEQ,669043278350917,21,1028,336221011,47
DEQ,669043285345896,21,1028,343214011,46
DEQ,669043292332758,21,1028,350198731,45
DEQ,669043299338146,21,1028,357201956,44
DEQ,669043306326827,21,1028,364188273,43
DEQ,669043313346537,21,1028,371205782,42
DEQ,669043320335279,21,1028,378192380,41
DEQ,669043327335787,21,1028,385190799,40
DEQ,669043334322741,21,1028,392174270,92
DEQ,669043341343192,21,1028,399178119,91
DEQ,669043348353410,21,1028,406186093,90
DEQ,669043355343855,21,1028,413174317,89
DEQ,669043362343615,21,1028,420171445,88
DEQ,669043369342329,21,1028,427167889,87
DEQ,669043376348531,21,1028,434170161,86
DEQ,669043383345643,21,1028,441163858,85
DEQ,669043390343642,21,1028,448159725,84
DEQ,669043397343074,21,1028,455157174,83
DEQ,669043404347723,21,1028,462159748,82
DEQ,669043411352555,21,1028,469162433,81
DEQ,669043418346858,21,1028,476154708,80
DEQ,669043425353070,21,1028,483158953,79
DEQ,669043432348556,21,1028,490152476,78
DEQ,669043439349721,21,1028,497151660,77
DEQ,669043446348300,21,1028,504148150,76
DEQ,669043453349011,21,1028,511146708,75
DEQ,669043460341231,21,1028,518116457,74
DEQ,669043467349085,21,1028,525123363,75
DEQ,669043474346141,21,1028,532119574,74
DEQ,669043481346287,21,1028,539119082,73
DEQ,669043488348595,21,1028,546120591,72
DEQ,669043495342456,21,1028,425232401,71
DEQ,669043502341973,21,1028,432207883,70
DEQ,669043509344893,21,1028,439208186,69
DEQ,669043516344545,21,1028,446205104,68
DEQ,669043523342658,21,1028,453200683,67
DEQ,669043530341925,21,1028,460197230,66
DEQ,669043537349802,21,1028,467202587,65
DEQ,669043544343653,21,1028,474193634,64
DEQ,669043551343150,21,1028,481190545,63
DEQ,669043558349490,21,1028,488194177,62
DEQ,669043565338164,21,1028,495180184,61
DEQ,669043572336106,21,1028,502175651,60
DEQ,669043579344093,21,1028,509181041,59
DEQ,669043586337831,21,1028,516171461,58
DEQ,669043593343142,21,1028,523173842,57
DEQ,669043600339473,21,1028,530167030,56
DEQ,669043607347444,21,1028,537171260,55
DEQ,669043614346168,21,84,280234769,54
DEQ,669043621349149,21,1028,287229207,53
DEQ,669043628351409,21,1028,294229247,52
DEQ,669043635344038,21,1028,301219982,51
DEQ,669043642343577,21,1028,308217297,50
DEQ,669043649349962,21,1028,315221528,49
DEQ,669043656348690,21,1028,322218200,48
DEQ,669043663285006,21,1028,329152441,47
DEQ,669043670337853,21,1028,336203228,46
DEQ,669043677334662,21,1028,343198005,45
DEQ,669043684331837,21,1028,350193149,44
DEQ,669043691278740,21,1028,357137998,43
DEQ,669043698343564,21,1028,364200867,42
DEQ,669043705343102,21,1028,371198351,41
DEQ,669043712331895,21,1028,378184921,40
DEQ,669043719334817,21,1028,385185796,39
DEQ,669043726337627,21,1028,392186616,92
DEQ,669043733356839,21,1028,399203734,91
DEQ,669043740346115,21,1028,406191024,90
DEQ,669043747358843,21,1028,413201465,89
DEQ,669043754347030,21,1028,420187572,88
DEQ,669043761343193,21,1028,427181752,87
DEQ,669043768346112,21,1028,434182664,86
DEQ,669043775343463,21,1028,441177915,85
DEQ,669043782341919,21,1028,448174362,84
DEQ,669043789338560,21,1028,455168890,83
DEQ,669043796351049,21,1028,462179279,82
DEQ,669043803344785,21,1028,469170654,81
DEQ,669043810341849,21,1028,476165637,80
DEQ,669043817344210,21,1028,483165923,79
DEQ,669043824349478,21,1028,490169024,78
DEQ,669043831342398,21,1028,497159557,77
DEQ,669043838341901,21,1028,504157069,76
DEQ,669043845341486,21,1028,511154447,75
DEQ,669043852347673,21,1028,518158664,74
DEQ,669043859342327,21,1028,525151350,73
DEQ,669043866341817,21,1028,532148659,72
DEQ,669043873354602,21,1028,539159246,71
DEQ,669043880339674,21,1028,546121629,70
DEQ,669043887348930,21,1028,553130236,69
DEQ,669043894351087,21,1028,560131174,68
DEQ,669043901352573,21,1028,567131971,67
DEQ,669043908347014,21,1028,574125671,66
DEQ,669043915344912,21,1028,581118296,65
DEQ,669043922344667,21,1028,588117245,64
DEQ,669043929346583,21,1028,595118378,63
DEQ,669043936345343,21,1028,602116510,62
DEQ,669043943341517,21,1028,609112012,61
DEQ,669043950349515,21,1028,616119388,60
DEQ,669043957344089,21,1028,623113240,59
STATS,669043957473841,59,60652,678,619,0,0,0
DEQ,669043964338635,21,1028,630107148,58
DEQ,669043971343948,21,1028,637111705,57
DEQ,669043978328640,21,1028,644095679,56
DEQ,669043985344099,21,1028,523231606,55
DEQ,669043992340284,21,1028,530219358,54
DEQ,669043999344875,21,1028,273228324,53
DEQ,669044006342235,21,1028,280217395,52
DEQ,669044013339031,21,1028,287211954,51
DEQ,669044020343642,21,1028,294214446,50
DEQ,669044027351446,21,1028,301220254,49
DEQ,669044034351028,21,1028,308217838,48
DEQ,669044041349711,21,1028,315214504,47
DEQ,669044048349264,21,1028,322211922,46
DEQ,669044055344873,21,1028,329205561,45
DEQ,669044062221461,21,1028,336080153,44
DEQ,669044069247075,21,1028,343103596,43
DEQ,669044076218927,21,1028,350073214,42
DEQ,669044083254558,21,1028,357106762,41
DEQ,669044090272739,21,1028,364122913,40
DEQ,669044097219774,21,1028,371067886,39
DEQ,669044104344638,21,1028,378190682,38
DEQ,669044111346923,21,1028,385190960,37
DEQ,669044118334242,21,1028,392176191,90
DEQ,669044125349594,21,1028,399189518,89
DEQ,669044132347851,21,1028,406185583,88
DEQ,669044139351084,21,1028,413186860,87
DEQ,669044146351956,21,1028,420185666,86
DEQ,669044153284911,21,1028,427116647,85
DEQ,669044160338378,21,1028,434168093,84
DEQ,669044167345287,21,1028,441173023,83
DEQ,669044174340938,21,1028,448166656,82
DEQ,669044181345687,21,1028,455169422,81
DEQ,669044188347782,21,1028,462169543,80
DEQ,669044195342333,21,1028,469161971,79
DEQ,669044202347809,21,1028,476165372,78
DEQ,669044209339904,21,1028,483155446,77
DEQ,669044216347862,21,1028,490161347,76
DEQ,669044223349762,21,1028,497161254,75
DEQ,669044230343640,21,1028,504151807,74
DEQ,669044237344760,21,1028,511150913,73
DEQ,669044244345452,21,1028,518149552,72
DEQ,669044251348235,21,1028,525150200,72
DEQ,669044258343517,21,1028,532143439,71
DEQ,669044265341535,21,1028,539139477,70
DEQ,669044272343646,21,1028,546139528,69
DEQ,669044279341560,21,1028,553135272,68
DEQ,669044286342129,21,1028,560113297,67
DEQ,669044293351818,21,1028,567122121,66
DEQ,669044300345542,21,1028,574115101,65
DEQ,669044307354496,21,1028,581123317,64
DEQ,669044314344959,21,1028,588113143,63
DEQ,669044321340699,21,1028,595103474,62
DEQ,669044328340607,21,1028,602102730,61
DEQ,669044335346543,21,1028,609107947,60
DEQ,669044342346114,21,1028,616106770,59
DEQ,669044349348550,21,1028,623108575,58
DEQ,669044356344543,21,1028,630103604,57
DEQ,669044363338176,21,1028,637095497,56
DEQ,669044370349467,21,1028,644106040,55
DEQ,669044377344038,21,1028,259229892,54
DEQ,669044384350339,21,1028,266227696,53
DEQ,669044391345901,21,1028,273221083,52
DEQ,669044398336218,21,1028,280209185,51
DEQ,669044405340935,21,1028,287211737,50
DEQ,669044412255179,21,1028,294123931,49
DEQ,669044419357864,21,1028,301224407,48
DEQ,669044426346925,21,1028,308211477,47
DEQ,669044433243754,21,1028,315106225,46
DEQ,669044440222459,21,1028,322082941,45
DEQ,669044447252534,21,1028,329110905,44
DEQ,669044454271304,21,1028,336127670,43
DEQ,669044461253006,21,1028,343107409,42
DEQ,669044468281143,21,1028,350133539,41
DEQ,669044475251956,21,1028,357101948,40
DEQ,669044482336505,21,1028,364184504,39
DEQ,669044489342275,21,1028,371188168,38
DEQ,669044496343586,21,1028,378187338,37
DEQ,669044503350050,21,1028,385191672,36
DEQ,669044510320339,21,1028,392158212,89
DEQ,669044517353363,21,1028,399189047,88
DEQ,669044524345434,21,1028,406179071,87
DEQ,669044531342398,21,1028,413173244,86
DEQ,669044538346197,21,1028,420174864,85
DEQ,669044545336637,21,1028,427163176,84
DEQ,669044552342206,21,1028,434166674,83
DEQ,669044559351603,21,1028,441174011,82
DEQ,669044566334563,21,1028,448154746,81
DEQ,669044573344917,21,1028,455163041,80
DEQ,669044580341938,21,1028,462158033,79
DEQ,669044587344148,21,1028,469158246,78
DEQ,669044594336884,21,1028,476148925,77
DEQ,669044601340815,21,1028,483150543,76
DEQ,669044608347008,21,1028,490154793,75
DEQ,669044615346363,21,1028,497152036,74
DEQ,669044622350897,21,1028,504154410,73
DEQ,669044629348927,21,1028,511129785,72
DEQ,669044636357035,21,1028,518137237,71
DEQ,669044643351493,21,1028,525130966,70
DEQ,669044650351125,21,1028,532129847,69
DEQ,669044657358767,21,1028,539136384,68
DEQ,669044664344178,21,1028,546116787,67
DEQ,669044671350076,21,1028,553121999,66
DEQ,669044678343666,21,1028,560114897,65
DEQ,669044685344097,21,1028,567114637,64
DEQ,669044692284611,21,1028,574054502,63
DEQ,669044699344850,21,1028,581114041,62
DEQ,669044706352113,21,1028,588120655,61
DEQ,669044713337305,21,1028,595105203,60
DEQ,669044720338718,21,1028,602105875,59
DEQ,669044727342317,21,1028,609108747,58
DEQ,669044734343911,21,1028,616109687,57
DEQ,669044741344111,21,1028,623109209,56
DEQ,669044748342107,21,1028,630106462,55
DEQ,669044755342434,21,84,509207029,54
DEQ,669044762351153,21,1028,252228552,53
DEQ,669044769341637,21,1028,259214138,52
DEQ,669044776341184,21,1028,266211577,51
DEQ,669044783358748,21,1028,273225974,50
DEQ,669044790351573,21,1028,280216215,49
DEQ,669044797341647,21,1028,287204067,48
DEQ,669044804342023,21,1028,294201290,47
DEQ,669044811342332,21,1028,301199109,46
DEQ,669044818240884,21,1028,308095158,45
DEQ,669044825279065,21,1028,315131307,44
DEQ,669044832241914,21,1028,322091987,43
DEQ,669044839272569,21,1028,329120491,42
DEQ,669044846241841,21,1028,336087482,41
DEQ,669044853246898,21,1028,343090123,40
DEQ,669044860245289,21,1028,350086369,39
DEQ,669044867347434,21,1028,357186248,38
DEQ,669044874341999,21,1028,364178459,37
DEQ,669044881345184,21,1028,371179474,36
DEQ,669044888346283,21,1028,378178091,35
DEQ,669044895355426,21,1028,385185168,34
DEQ,669044902324400,21,1028,392152150,87
DEQ,669044909348041,21,1028,399173692,86
DEQ,669044916357305,21,1028,406180888,85
DEQ,669044923341022,21,1028,413162408,84
DEQ,669044930351068,21,1028,420170404,83
DEQ,669044937341584,21,1028,427158817,82
DEQ,669044944345366,21,1028,434160472,81
DEQ,669044951342395,21,1028,441155070,80
DEQ,669044958352852,21,1028,448163253,79
STATS,669044958474496,79,81212,841,762,0,0,0
DEQ,669044965349946,21,1028,455158048,78
DEQ,669044972343769,21,1028,462149571,77
DEQ,669044979346469,21,1028,469149793,76
DEQ,669044986342252,21,1028,476143351,75
DEQ,669044993345699,21,1028,483144496,74
DEQ,669045000336289,21,1028,490111307,73
DEQ,669045007344833,21,1028,497119088,72
DEQ,669045014332831,21,1028,504106421,71
DEQ,669045021344854,21,1028,511117705,70
DEQ,669045028343663,21,1028,518115744,69
DEQ,669045035350719,21,1028,525117424,68
DEQ,669045042346988,21,1028,532112944,67
DEQ,669045049348482,21,1028,539113726,66
DEQ,669045056358450,21,1028,546123042,65
DEQ,669045063353553,21,1028,553117401,64
DEQ,669045070355423,21,1028,560118079,63
DEQ,669045077339934,21,1028,567101962,62
DEQ,669045084352195,21,1028,574113390,61
DEQ,669045091350976,21,1028,581111216,60
DEQ,669045098361871,21,1028,588121465,59
DEQ,669045105344185,21,1028,595102861,58
DEQ,669045112290319,21,1028,602048359,57
DEQ,669045119361553,21,1028,609118919,56
DEQ,669045126348670,21,1028,616105353,55
DEQ,669045133342654,21,1028,623098668,54
DEQ,669045140351067,21,1028,238231631,53
DEQ,669045147351623,21,1028,245225048,52
DEQ,669045154353195,21,1028,252224401,51
DEQ,669045161350066,21,1028,259218909,50
DEQ,669045168350011,21,1028,266216341,49
DEQ,669045175344442,21,1028,273208320,48
DEQ,669045182338415,21,1028,280200065,47
DEQ,669045189354557,21,1028,287213762,46
DEQ,669045196246973,21,1028,294104098,45
DEQ,669045203219740,21,1028,301074864,44
DEQ,669045210249945,21,1028,308103013,43
DEQ,669045217219756,21,1028,315070486,42
DEQ,669045224248860,21,1028,322097109,41
DEQ,669045231219633,21,1028,329065734,40
DEQ,669045238264695,21,1028,336108295,39
DEQ,669045245344602,21,1028,343185756,38
DEQ,669045252350668,21,1028,350189750,37
DEQ,669045259345579,21,1028,357182480,36
DEQ,669045266331830,21,1028,364166463,35
DEQ,669045273342419,21,1028,371174869,34
DEQ,669045280337870,21,1028,378168174,33
DEQ,669045287345012,21,1028,385173233,32
DEQ,669045294321934,21,1028,392148047,85
DEQ,669045301344812,21,1028,399168868,84
DEQ,669045308341969,21,1028,406164008,83
DEQ,669045315344986,21,1028,413164899,82
DEQ,669045322347705,21,1028,420165435,81
DEQ,669045329338224,21,1028,427153637,80
DEQ,669045336351183,21,1028,434164489,79
DEQ,669045343338177,21,1028,441149200,78
DEQ,669045350351183,21,1028,448159812,77
DEQ,669045357345871,21,1028,455152104,76
DEQ,669045364342067,21,1028,462145664,75
DEQ,669045371347346,21,1028,469128232,74
DEQ,669045378340188,21,1028,476120222,73
DEQ,669045385344510,21,1028,483123738,72
DEQ,669045392345031,21,1028,490123497,71
DEQ,669045399345839,21,1028,497123553,70
DEQ,669045406348000,21,1028,504120787,69
DEQ,669045413348816,21,1028,511120838,68
DEQ,669045420346963,21,1028,518118299,67
DEQ,669045427351494,21,1028,525122203,66
DEQ,669045434353528,21,1028,532123386,65
DEQ,669045441344447,21,1028,539113621,64
DEQ,669045448343562,21,1028,546112102,63
DEQ,669045455348160,21,1028,553115988,62
DEQ,669045462340359,21,1028,560107520,61
DEQ,669045469341083,21,1028,567107603,60
DEQ,669045476352147,21,1028,574117938,59
DEQ,669045483355000,21,1028,581120126,58
DEQ,669045490351046,21,1028,588115494,57
DEQ,669045497347543,21,1028,595111345,56
DEQ,669045504352484,21,1028,602115486,55
DEQ,669045511348117,21,1028,609110383,54
DEQ,669045518348663,21,1028,224220174,53
DEQ,669045525356406,21,1028,231222208,52
DEQ,669045532344022,21,1028,238207384,51
DEQ,669045539347803,21,1028,245207933,50
DEQ,669045546341101,21,1028,252198942,49
DEQ,669045553365624,21,1028,259221177,48
DEQ,669045560342537,21,1028,266195983,47
DEQ,669045567288940,21,1028,273140318,46
DEQ,669045574250259,21,1028,280099546,45
DEQ,669045581220218,21,1028,287067502,44
DEQ,669045588240915,21,1028,294086116,43
DEQ,669045595219559,21,1028,301062247,42
DEQ,669045602250217,21,1028,308090673,41
DEQ,669045609222032,21,1028,315060393,40
DEQ,669045616250223,21,1028,322086580,39
DEQ,669045623358717,21,1028,329192993,38
DEQ,669045630338179,21,1028,336170406,37
DEQ,669045637348813,21,1028,343178911,36
DEQ,669045644346035,21,1028,350174167,35
DEQ,669045651346644,21,1028,357172787,34
DEQ,669045658353672,21,1028,364177755,33
DEQ,669045665344995,21,1028,371167101,32
DEQ,669045672344586,21,1028,378164434,31
DEQ,669045679343253,21,1028,385161037,30
DEQ,669045686315336,21,1028,392130837,83
DEQ,669045693284390,21,1028,399097731,82
DEQ,669045700342135,21,1028,406153480,81
DEQ,669045707344106,21,1028,413153452,80
DEQ,669045714345519,21,1028,420152793,79
DEQ,669045721348197,21,1028,427153012,78
DEQ,669045728340435,21,1028,434142961,77
DEQ,669045735345870,21,1028,441146366,76
DEQ,669045742335387,21,1028,448133677,75
DEQ,669045749344998,21,1028,455120601,74
DEQ,669045756342009,21,1028,462116809,73
DEQ,669045763344848,21,1028,469118890,72
DEQ,669045770350887,21,1028,476124127,71
DEQ,669045777348179,21,1028,483120680,70
DEQ,669045784352426,21,1028,490119885,69
DEQ,669045791346518,21,1028,497113061,68
DEQ,669045798350935,21,1028,504116701,67
DEQ,669045805347616,21,1028,511112552,66
DEQ,669045812354944,21,1028,518119223,65
DEQ,669045819346407,21,1028,525110020,64
DEQ,669045826354023,21,1028,532116892,63
DEQ,669045833347186,21,1028,539109326,62
DEQ,669045840346912,21,1028,546108355,61
DEQ,669045847319723,21,1028,553080494,60
DEQ,669045854294848,21,1028,560054879,59
DEQ,669045861288316,21,1028,567046692,58
DEQ,669045868311224,21,1028,574068927,57
DEQ,669045875351912,21,1028,581108583,56
DEQ,669045882347975,21,1028,588103899,55
DEQ,669045889351135,21,1028,595106345,54
DEQ,669045896343202,21,1028,210215440,53
DEQ,669045903356449,21,1028,217223128,52
DEQ,669045910350200,21,1028,224214573,51
DEQ,669045917343901,21,1028,231206179,50
DEQ,669045924319821,21,1028,238180049,49
DEQ,669045931346589,21,1028,245204735,48
DEQ,669045938343736,21,1028,252199803,47
DEQ,669045945338620,21,1028,259192541,46
DEQ,669045952241611,21,1028,266093518,53
DEQ,669045959221074,21,1028,273070953,52
STATS,669045959356070,52,53456,957,905,0,0,0
DEQ,669045966252255,21,1028,280100137,51
DEQ,669045973219569,21,1028,287065464,50
DEQ,669045980218749,21,1028,294062641,49
DEQ,669045987239054,21,1028,301080821,48
DEQ,669045994241893,21,1028,308081558,47
DEQ,669046001343608,21,1028,315181208,46
DEQ,669046008348329,21,1028,322182563,45
DEQ,669046015344437,21,1028,329176577,44
DEQ,669046022347443,21,1028,336177544,43
DEQ,669046029348103,21,1028,343176188,42
DEQ,669046036346821,21,1028,350172891,41
DEQ,669046043347702,21,1028,357171714,40
DEQ,669046050343551,21,1028,364165421,39
DEQ,669046057346496,21,1028,371166347,38
DEQ,669046064335957,21,1028,378153819,37
DEQ,669046071344924,21,1028,385160732,36
DEQ,669046078321907,21,1028,392135667,81
DEQ,669046085345741,21,1028,399157514,80
DEQ,669046092342201,21,1028,406151979,79
DEQ,669046099349483,21,1028,413156833,78
DEQ,669046106337922,21,1028,420143143,77
DEQ,669046113336621,21,1028,427139562,76
DEQ,669046120337817,21,1028,434118684,75
DEQ,669046127349967,21,1028,441130033,74
DEQ,669046134347016,21,1028,448126260,73
DEQ,669046141337270,21,1028,455115789,72
DEQ,669046148348944,21,1028,462126701,71
DEQ,669046155351496,21,1028,469124310,70
DEQ,669046162336110,21,1028,476108291,69
DEQ,669046169345795,21,1028,483117303,68
DEQ,669046176344616,21,1028,490115362,67
DEQ,669046183342549,21,1028,497112526,66
DEQ,669046190342186,21,1028,504111536,65
DEQ,669046197344873,21,1028,511113552,64
DEQ,669046204343737,21,1028,518111784,63
DEQ,669046211345006,21,1028,525112392,62
DEQ,669046218342207,21,1028,532108863,61
DEQ,669046225350025,21,1028,539115947,60
DEQ,669046232343799,21,1028,546109027,59
DEQ,669046239345004,21,1028,553109489,58
DEQ,669046246350331,21,1028,560114130,57
DEQ,669046253341521,21,1028,567104693,56
DEQ,669046260344710,21,1028,574107226,55
DEQ,669046267342609,21,1028,581104438,54
DEQ,669046274345352,21,1028,324234426,53
DEQ,669046281359222,21,1028,331239716,52
DEQ,669046288348844,21,1028,338227131,51
DEQ,669046295350587,21,1028,345226736,50
DEQ,669046302338466,21,1028,352211941,49
DEQ,669046309359415,21,1028,359230866,48
DEQ,669046316338182,21,1028,365253484,47
DEQ,669046323352590,21,1028,371273789,46
DEQ,669046330243735,21,1028,252133128,45
DEQ,669046337220201,21,1028,259093623,44
DEQ,669046344252464,21,1028,266123540,67
DEQ,669046351253198,21,1028,273122082,66
DEQ,669046358261211,21,1028,280127776,65
DEQ,669046365219799,21,1028,287084145,64
DEQ,669046372337452,21,1028,294199681,63
DEQ,669046379347697,21,1028,301207551,62
DEQ,669046386351748,21,1028,308209417,61
DEQ,669046393340192,21,1028,315195611,60
DEQ,669046400350476,21,1028,322203539,59
DEQ,669046407352477,21,1028,329203277,58
DEQ,669046414351051,21,1028,336199856,57
DEQ,669046421349202,21,1028,343195847,56
DEQ,669046428345829,21,1028,350190470,55
DEQ,669046435348035,21,1028,357190007,54
DEQ,669046442347810,21,1028,364187496,53
DEQ,669046449344902,21,1028,371182430,52
DEQ,669046456350160,21,1028,378185608,51
DEQ,669046463355414,21,1028,385188835,50
DEQ,669046470333015,21,1028,392164401,80
DEQ,669046477338240,21,1028,399167484,79
DEQ,669046484344868,21,1028,406171873,78
DEQ,669046491344146,21,1028,413168987,77
DEQ,669046498332917,21,1028,420155334,76
DEQ,669046505345841,21,1028,427166179,75
DEQ,669046512336286,21,1028,434154450,74
DEQ,669046519348316,21,1028,441164456,73
DEQ,669046526343999,21,1028,448158048,72
DEQ,669046533350012,21,1028,455161913,71
DEQ,669046540338136,21,1028,462147885,70
DEQ,669046547342539,21,1028,469150101,69
DEQ,669046554342102,21,1028,476125851,68
DEQ,669046561348315,21,1028,483131120,67
DEQ,669046568343043,21,1028,490125129,66
DEQ,669046575342526,21,1028,497119648,65
DEQ,669046582371530,21,1028,504147668,64
DEQ,669046589350571,21,1028,511125911,63
DEQ,669046596339070,21,1028,518113705,62
DEQ,669046603347927,21,1028,525121822,61
DEQ,669046610345401,21,1028,532118567,60
DEQ,669046617352927,21,1028,539125314,59
DEQ,669046624346778,21,1028,546118451,58
DEQ,669046631343560,21,1028,553114577,57
DEQ,669046638336574,21,1028,560106934,56
DEQ,669046645339005,21,1028,567108720,55
DEQ,669046652337185,21,84,310225196,54
DEQ,669046659345046,21,1028,317224043,53
DEQ,669046666343877,21,1028,324220770,52
DEQ,669046673346627,21,1028,331220860,51
DEQ,669046680342512,21,1028,338214562,50
DEQ,669046687344978,21,1028,345214646,49
DEQ,669046694284501,21,1028,352151925,48
DEQ,669046701341759,21,1028,359207090,47
DEQ,669046708347138,21,1028,366210108,46
DEQ,669046715254243,21,1028,373115098,45
DEQ,669046722219235,21,1028,380062367,44
DEQ,669046729251091,21,1028,387091705,43
DEQ,669046736247978,21,1028,394086358,72
DEQ,669046743282092,21,1028,401118246,71
DEQ,669046750249719,21,1028,408083744,70
DEQ,669046757283557,21,1028,415115436,69
DEQ,669046764347412,21,1028,422174784,68
DEQ,669046771351370,21,1028,429175495,67
DEQ,669046778346723,21,1028,436168826,66
DEQ,669046785339590,21,1028,443159668,65
DEQ,669046792337976,21,1028,450155928,64
DEQ,669046799344129,21,1028,457160055,63
DEQ,669046806238369,21,1028,463125304,62
DEQ,669046813340750,21,1028,469223315,61
DEQ,669046820336261,21,1028,350208845,60
DEQ,669046827344181,21,1028,357210999,59
DEQ,669046834342102,21,1028,364206666,58
DEQ,669046841344998,21,1028,371207335,57
DEQ,669046848341279,21,1028,378201549,56
DEQ,669046855343380,21,1028,385201042,55
DEQ,669046862334483,21,1028,392189744,78
DEQ,669046869345172,21,1028,399198203,77
DEQ,669046876334601,21,1028,406184224,76
DEQ,669046883349025,21,1028,413196472,75
DEQ,669046890342158,21,1028,420187411,74
DEQ,669046897337555,21,1028,427180778,73
DEQ,669046904342189,21,1028,434183428,72
DEQ,669046911359487,21,1028,441198510,71
DEQ,669046918356706,21,1028,448193670,70
DEQ,669046925354515,21,1028,455189364,69
DEQ,669046932344012,21,1028,462176797,68
DEQ,669046939342630,21,1028,469173373,67
DEQ,669046946359711,21,1028,476188470,66
DEQ,669046953344104,21,1028,483170872,65
DEQ,669046960342978,21,1028,490167712,64
STATS,669046960464600,64,65792,1112,1048,0,0,0
DEQ,669046967349990,21,1028,497172616,63
DEQ,669046974344608,21,1028,504165241,62
DEQ,669046981345031,21,1028,511163548,61
DEQ,669046988346367,21,1028,518162911,60
DEQ,669046995342468,21,1028,525156973,59
DEQ,669047002342152,21,1028,532154589,58
DEQ,669047009340875,21,1028,539150989,57
DEQ,669047016346303,21,1028,546154277,56
DEQ,669047023356162,21,1028,553161934,55
DEQ,669047030338790,21,1028,560142537,54
DEQ,669047037355067,21,1028,303209647,53
DEQ,669047044354485,21,1028,310199976,52
DEQ,669047051342526,21,1028,317185772,51
DEQ,669047058342150,21,1028,324183292,50
DEQ,669047065345885,21,1028,331184793,49
DEQ,669047072344068,21,1028,338180741,48
DEQ,669047079341664,21,1028,345176179,47
DEQ,669047086344671,21,1028,352177150,46
DEQ,669047093245509,21,1028,359075712,45
DEQ,669047100219592,21,1028,366047231,44
DEQ,669047107249270,21,1028,373074771,43
DEQ,669047114221395,21,1028,380044729,42
DEQ,669047121255933,21,1028,387077142,41
DEQ,669047128219016,21,1028,394038131,85
DEQ,669047135217928,21,1028,401035058,84
DEQ,669047142347487,21,1028,408162658,83
DEQ,669047149348388,21,1028,415161448,82
DEQ,669047156342133,21,1028,422152066,81
DEQ,669047163348378,21,1028,429156199,80
DEQ,669047170280065,21,1028,436085763,79
DEQ,669047177345844,21,1028,443149410,78
DEQ,669047184348882,21,1028,450150271,77
DEQ,669047191350098,21,1028,457149416,76
DEQ,669047198343788,21,1028,464140874,75
DEQ,669047205346768,21,1028,471141583,74
DEQ,669047212330424,21,1028,478123113,73
DEQ,669047219346182,21,1028,485136555,72
DEQ,669047226336497,21,1028,492124715,71
DEQ,669047233349905,21,1028,498308400,70
DEQ,669047240344628,21,1028,504303239,69
DEQ,669047247348343,21,1028,385228069,68
DEQ,669047254330487,21,1028,392203863,76
DEQ,669047261345282,21,1028,399216389,75
DEQ,669047268344552,21,1028,406213409,74
DEQ,669047275352577,21,1028,413219262,73
DEQ,669047282343264,21,1028,420207684,72
DEQ,669047289345919,21,1028,427208255,71
DEQ,669047296342148,21,1028,434202273,70
DEQ,669047303345082,21,1028,441203193,69
DEQ,669047310343675,21,1028,448199803,68
DEQ,669047317345101,21,1028,455198051,67
DEQ,669047324343791,21,1028,462194553,66
DEQ,669047331342594,21,1028,469191238,65
DEQ,669047338343885,21,1028,476190453,64
DEQ,669047345350141,21,1028,483194643,63
DEQ,669047352341329,21,1028,490183846,62
DEQ,669047359344240,21,1028,497184764,61
DEQ,669047366343726,21,1028,504182139,60
DEQ,669047373352397,21,1028,511188527,59
DEQ,669047380344877,21,1028,518178932,58
DEQ,669047387366486,21,1028,525198472,58
DEQ,669047394351893,21,1028,532181890,57
DEQ,669047401340447,21,1028,539168430,56
DEQ,669047408337950,21,1028,546163917,55
DEQ,669047415343416,21,1028,289240561,54
DEQ,669047422343803,21,1028,296232265,53
DEQ,669047429354169,21,1028,303240530,52
DEQ,669047436343871,21,1028,310228184,51
DEQ,669047443345040,21,1028,317227216,50
DEQ,669047450345517,21,1028,324225663,49
DEQ,669047457345032,21,1028,331223080,48
DEQ,669047464338825,21,1028,338213934,47
DEQ,669047471219586,21,1028,345092704,46
DEQ,669047478251451,21,1028,352122558,45
DEQ,669047485220017,21,1028,359089120,44
DEQ,669047492251995,21,1028,366119110,43
DEQ,669047499219749,21,1028,373084865,42
DEQ,669047506252860,21,1028,380115792,41
DEQ,669047513219816,21,1028,387080737,40
DEQ,669047520340044,21,1028,394198775,93
DEQ,669047527355567,21,1028,401212242,92
DEQ,669047534351174,21,1028,408205642,91
DEQ,669047541348914,21,1028,415201217,90
DEQ,669047548345304,21,1028,422195589,89
DEQ,669047555353375,21,1028,429201654,88
DEQ,669047562351528,21,1028,436197742,87
DEQ,669047569366368,21,1028,443210506,86
DEQ,669047576347143,21,1028,450189187,85
DEQ,669047583350635,21,1028,457190683,84
DEQ,669047590337582,21,1028,464175633,83
DEQ,669047597349019,21,1028,471184856,82
DEQ,669047604342077,21,1028,478175715,81
DEQ,669047611345015,21,1028,485176179,80
DEQ,669047618343896,21,1028,492173066,79
DEQ,669047625342678,21,1028,499169780,78
DEQ,669047632347915,21,1028,506172624,77
DEQ,669047639343437,21,1028,513166138,76
DEQ,669047646349598,21,1028,520170224,75
DEQ,669047653345086,21,1028,527163720,74
DEQ,669047660349606,21,1028,534166258,73
DEQ,669047667342583,21,1028,541157255,72
DEQ,669047674342133,21,1028,548154687,71
DEQ,669047681337610,21,1028,555148158,70
DEQ,669047688347929,21,1028,562156467,69
DEQ,669047695287207,21,1028,569093683,68
DEQ,669047702317896,21,1028,576122289,67
DEQ,669047709348526,21,1028,583150908,66
DEQ,669047716350088,21,1028,589818766,65
DEQ,669047723342460,21,1028,595899163,64
DEQ,669047730351248,21,1028,476223924,63
DEQ,669047737340707,21,1028,483207630,62
DEQ,669047744349673,21,1028,490214360,61
DEQ,669047751348121,21,1028,497210689,60
DEQ,669047758346056,21,1028,504206397,59
DEQ,669047765346741,21,1028,511204924,58
DEQ,669047772303053,21,1028,518158533,57
DEQ,669047779342584,21,1028,525196022,56
DEQ,669047786334721,21,1028,532186136,55
DEQ,669047793346778,21,84,411215604,54
DEQ,669047800342979,21,1028,282218651,53
DEQ,669047807345181,21,1028,289211880,52
DEQ,669047814342189,21,1028,296206596,51
DEQ,669047821349270,21,1028,303211499,50
DEQ,669047828342284,21,1028,310202219,49
DEQ,669047835344259,21,1028,317202069,48
DEQ,669047842343825,21,1028,324199283,47
DEQ,669047849342706,21,1028,331195977,46
DEQ,669047856250459,21,1028,338101594,45
DEQ,669047863280419,21,1028,345128899,44
DEQ,669047870249338,21,1028,352095580,43
DEQ,669047877287976,21,1028,359132085,42
DEQ,669047884242138,21,1028,366084104,41
DEQ,669047891246474,21,1028,373086359,40
DEQ,669047898218844,21,1028,380056646,39
DEQ,669047905347123,21,1028,387182747,38
DEQ,669047912348395,21,1028,394181674,91
DEQ,669047919346476,21,1028,401177191,90
DEQ,669047926350706,21,1028,408179341,89
DEQ,669047933349885,21,1028,415176258,88
DEQ,669047940348298,21,1028,422172529,87
DEQ,669047947352249,21,1028,429174318,86
DEQ,669047954348315,21,1028,436168319,85
DEQ,669047961348182,21,1028,443165985,84
STATS,669047961482523,84,86352,1275,1191,0,0,0
DEQ,669047968347026,21,1028,450162678,83
DEQ,669047975339258,21,1028,457152856,82
DEQ,669047982342181,21,1028,464153522,81
DEQ,669047989345122,21,1028,471154314,80
DEQ,669047996346448,21,1028,478153473,79
DEQ,669048003336701,21,1028,485141608,78
DEQ,669048010333816,21,1028,492136702,77
DEQ,669048017345955,21,1028,499146863,76
DEQ,669048024345533,21,1028,506144328,75
DEQ,669048031352608,21,1028,513149272,74
DEQ,669048038349679,21,1028,520144089,73
DEQ,669048045345145,21,1028,527137307,72
DEQ,669048052344828,21,1028,534134971,71
DEQ,669048059342592,21,1028,541130323,70
DEQ,669048066333211,21,1028,548118759,69
DEQ,669048073345077,21,1028,555128408,68
DEQ,669048080349781,21,1028,562130893,67
DEQ,669048087344257,21,1028,569123221,66
DEQ,669048094342570,21,1028,576119485,65
DEQ,669048101342544,21,1028,583117271,64
DEQ,669048108335543,21,1028,590108246,63
DEQ,669048115345964,21,1028,597116349,62
DEQ,669048122346590,21,1028,604114827,61
DEQ,669048129344329,21,1028,611110417,60
DEQ,669048136352094,21,1028,618116003,59
DEQ,669048143340189,21,1028,625102126,58
DEQ,669048150343877,21,1028,632103639,57
DEQ,669048157343852,21,1028,639101503,56
DEQ,669048164344810,21,1028,646099415,55
DEQ,669048171345112,21,1028,653097465,54
DEQ,669048178346156,21,1028,268211244,53
DEQ,669048185339258,21,1028,275191869,52
DEQ,669048192350453,21,1028,282200894,51
DEQ,669048199346607,21,1028,289194864,50
DEQ,669048206338885,21,1028,296184952,49
DEQ,669048213349939,21,1028,303193719,48
DEQ,669048220346409,21,1028,310188142,47
DEQ,669048227348386,21,1028,317187899,46
DEQ,669048234243609,21,1028,324081003,45
DEQ,669048241219977,21,1028,331055053,44
DEQ,669048248241408,21,1028,338074397,43
DEQ,669048255219758,21,1028,345050659,42
DEQ,669048262246679,21,1028,352075222,41
DEQ,669048269219519,21,1028,359045952,40
DEQ,669048276354668,21,1028,366178766,39
DEQ,669048283345921,21,1028,373167805,38
DEQ,669048290342250,21,1028,380161892,37
DEQ,669048297350078,21,1028,387167632,36
DEQ,669048304341418,21,1028,394156837,89
DEQ,669048311346781,21,1028,401160126,88
DEQ,669048318345557,21,1028,408156424,87
DEQ,669048325350890,21,1028,415159627,86
DEQ,669048332354744,21,1028,422160996,85
DEQ,669048339345901,21,1028,429149968,84
DEQ,669048346342237,21,1028,436144046,83
DEQ,669048353336776,21,1028,443136140,82
DEQ,669048360342267,21,1028,450139424,81
DEQ,669048367341838,21,1028,457136975,80
DEQ,669048374336485,21,1028,464129399,79
DEQ,669048381344310,21,1028,471135067,78
DEQ,669048388348996,21,1028,478137196,77
DEQ,669048395351622,21,1028,485137741,76
DEQ,669048402345658,21,1028,492129656,75
DEQ,669048409365114,21,1028,499146855,74
DEQ,669048416349551,21,1028,506129060,73
DEQ,669048423351246,21,1028,513128688,72
DEQ,669048430349082,21,1028,520124454,72
DEQ,669048437348196,21,1028,527121410,71
DEQ,669048444338903,21,1028,534109755,70
DEQ,669048451351520,21,1028,541119943,69
DEQ,669048458351978,21,1028,548118278,68
DEQ,669048465346736,21,1028,555110906,67
DEQ,669048472343068,21,1028,562105107,66
DEQ,669048479344139,21,1028,569103958,65
DEQ,669048486344055,21,1028,576101729,64
DEQ,669048493346791,21,1028,583102263,63
DEQ,669048500343902,21,1028,590097346,62
DEQ,669048507345221,21,1028,597096690,61
DEQ,669048514342539,21,1028,604091721,60
DEQ,669048521343452,21,1028,611090520,59
DEQ,669048528349731,21,1028,618094819,58
DEQ,669048535343355,21,1028,625086308,57
DEQ,669048542342305,21,1028,632083266,56
DEQ,669048549356764,21,1028,639095491,55
DEQ,669048556343868,21,1028,254233108,54
DEQ,669048563342626,21,1028,261210948,53
DEQ,669048570348277,21,1028,268214446,52
DEQ,669048577341647,21,1028,275205602,51
DEQ,669048584345327,21,1028,282207018,50
DEQ,669048591359636,21,1028,289218937,49
DEQ,669048598345158,21,1028,296201552,48
DEQ,669048605349231,21,1028,303203200,47
DEQ,669048612242196,21,1028,310093956,46
DEQ,669048619221713,21,1028,317071363,45
DEQ,669048626251405,21,1028,324098883,44
DEQ,669048633220265,21,1028,331065621,43
DEQ,669048640254690,21,1028,338097920,42
DEQ,669048647281868,21,1028,345122892,41
DEQ,669048654256336,21,1028,352095103,40
DEQ,669048661346504,21,1028,359183087,39
DEQ,669048668351133,21,1028,366184368,38
DEQ,669048675346768,21,1028,373177851,37
DEQ,669048682345728,21,1028,380174736,36
DEQ,669048689336819,21,1028,387163599,35
DEQ,669048696283497,21,1028,394108147,88
DEQ,669048703343453,21,1028,401165894,87
DEQ,669048710349608,21,1028,408169564,86
DEQ,669048717346002,21,1028,415163701,85
DEQ,669048724348068,21,1028,422163627,84
DEQ,669048731344336,21,1028,429157846,83
DEQ,669048738347273,21,1028,436158581,82
DEQ,669048745344178,21,1028,443153210,81
DEQ,669048752341433,21,1028,450148267,80
DEQ,669048759350118,21,1028,457154903,79
DEQ,669048766338153,21,1028,464140731,78
DEQ,669048773350135,21,1028,471150499,77
DEQ,669048780349739,21,1028,478147907,76
DEQ,669048787352542,21,1028,485148680,75
DEQ,669048794336396,21,1028,492130512,74
DEQ,669048801345098,21,1028,499137050,73
DEQ,669048808345543,21,1028,506135382,72
DEQ,669048815346773,21,1028,513133982,71
DEQ,669048822336367,21,1028,520121481,70
DEQ,669048829350339,21,1028,527133499,69
DEQ,669048836343984,21,1028,534125030,68
DEQ,669048843345188,21,1028,541124260,67
DEQ,669048850347280,21,1028,548124168,66
DEQ,669048857342661,21,1028,555117416,65
DEQ,669048864342435,21,1028,562115084,64
DEQ,669048871342665,21,1028,569113308,63
DEQ,669048878345606,21,1028,576114060,62
DEQ,669048885345950,21,1028,583112291,61
DEQ,669048892343835,21,1028,590108007,60
DEQ,669048899342560,21,1028,597104557,59
DEQ,669048906345592,21,1028,604105488,58
DEQ,669048913348205,21,1028,611105814,57
DEQ,669048920347307,21,1028,618102846,56
DEQ,669048927342606,21,1028,625096132,55
DEQ,669048934349685,21,84,504222379,54
DEQ,669048941353492,21,1028,247232445,53
DEQ,669048948342286,21,1028,254212123,52
DEQ,669048955344336,21,1028,261211860,51
DEQ,669048962345679,21,1028,268210216,50
STATS,669048962472743,50,51400,1384,1334,0,0,0
DEQ,669048969338556,21,1028,275200961,49
DEQ,669048976348820,21,1028,282209050,48
DEQ,669048983350154,21,1028,289208311,47
DEQ,669048990346489,21,1028,296202628,46
DEQ,669048997254028,21,1028,303108094,45
DEQ,669049004219102,21,1028,310070996,44
DEQ,669049011246058,21,1028,317095717,43
DEQ,669049018219437,21,1028,324067006,42
DEQ,669049025250505,21,1028,331095797,41
DEQ,669049032248994,21,1028,338091996,40
DEQ,669049039273528,21,1028,345114236,39
DEQ,669049046351194,21,1028,352189752,38
DEQ,669049053342210,21,1028,359178647,37
DEQ,669049060341324,21,1028,366175668,36
DEQ,669049067336254,21,1028,373168321,35
DEQ,669049074289827,21,1028,380119665,34
DEQ,669049081342661,21,1028,387170444,33
DEQ,669049088340531,21,1028,394166026,86
DEQ,669049095340202,21,1028,401163563,85
DEQ,669049102342285,21,1028,408163407,84
DEQ,669049109345148,21,1028,415164002,83
DEQ,669049116342224,21,1028,422158711,82
DEQ,669049123350943,21,1028,429165175,81
DEQ,669049130343876,21,1028,436155891,80
DEQ,669049137344128,21,1028,443153814,79
DEQ,669049144344671,21,1028,450152150,78
DEQ,669049151340182,21,1028,457145470,77
DEQ,669049158349734,21,1028,464152851,76
DEQ,669049165343807,21,1028,471144832,75
DEQ,669049172358667,21,1028,478157551,74
DEQ,669049179286183,21,1028,485082877,73
DEQ,669049186346912,21,1028,492141455,72
DEQ,669049193348951,21,1028,499141451,71
DEQ,669049200353054,21,1028,506143383,70
DEQ,669049207345955,21,1028,513133907,69
DEQ,669049214353023,21,1028,520138743,68
DEQ,669049221343146,21,1028,527126855,67
DEQ,669049228351056,21,1028,534132458,66
DEQ,669049235346363,21,1028,541125549,65
DEQ,669049242348012,21,1028,548124948,64
DEQ,669049249338608,21,1028,555113302,63
DEQ,669049256340511,21,1028,562112675,62
DEQ,669049263350238,21,1028,569120112,61
DEQ,669049270342328,21,1028,576110091,60
DEQ,669049277342611,21,1028,583107123,59
DEQ,669049284342334,21,1028,590104559,58
DEQ,669049291336001,21,1028,597096238,57
DEQ,669049298345615,21,1028,604103724,56
DEQ,669049305337647,21,1028,611093529,55
DEQ,669049312344132,21,1028,618097738,54
DEQ,669049319349324,21,1028,233227519,53
DEQ,669049326343175,21,1028,240212494,52
DEQ,669049333340177,21,1028,247207224,51
DEQ,669049340342333,21,1028,254207114,50
DEQ,669049347342644,21,1028,261204760,49
DEQ,669049354342305,21,1028,268202257,48
DEQ,669049361355179,21,1028,275212928,47
DEQ,669049368341747,21,1028,282197310,46
DEQ,669049375219792,21,1028,289073129,45
DEQ,669049382248291,21,1028,296099597,44
DEQ,669049389220280,21,1028,303069464,43
DEQ,669049396247479,21,1028,310094347,42
DEQ,669049403219942,21,1028,317064758,41
DEQ,669049410250449,21,1028,324092906,40
DEQ,669049417219901,21,1028,331060231,39
DEQ,669049424348835,21,1028,338186863,38
DEQ,669049431348477,21,1028,345184476,37
DEQ,669049438342415,21,1028,352176247,36
DEQ,669049445355612,21,1028,359187429,35
DEQ,669049452347605,21,1028,366177259,34
DEQ,669049459354296,21,1028,373181800,33
DEQ,669049466347812,21,1028,380173221,32
DEQ,669049473344334,21,1028,387167602,31
DEQ,669049480343021,21,1028,394164157,85
DEQ,669049487350266,21,1028,401169411,84
DEQ,669049494339043,21,1028,408155974,83
DEQ,669049501350082,21,1028,415164387,82
DEQ,669049508342315,21,1028,422154457,81
DEQ,669049515344223,21,1028,429154135,80
DEQ,669049522348931,21,1028,436156614,79
DEQ,669049529344366,21,1028,443149972,78
DEQ,669049536343976,21,1028,450147443,77
DEQ,669049543345055,21,1028,457146410,76
DEQ,669049550342306,21,1028,464141475,75
DEQ,669049557344496,21,1028,471141596,74
DEQ,669049564342185,21,1028,478136914,73
DEQ,669049571342654,21,1028,485135253,72
DEQ,669049578346397,21,1028,492136893,71
DEQ,669049585355311,21,1028,499143758,70
DEQ,669049592335472,21,1028,506121870,69
DEQ,669049599339341,21,1028,513123673,68
DEQ,669049606334695,21,1028,520116922,67
DEQ,669049613337002,21,1028,527117239,66
DEQ,669049620344786,21,1028,534122788,65
DEQ,669049627350169,21,1028,541126054,64
DEQ,669049634342377,21,1028,548115927,63
DEQ,669049641344346,21,1028,555114332,62
DEQ,669049648345636,21,1028,562113267,61
DEQ,669049655350175,21,1028,569115624,60
DEQ,669049662338954,21,1028,576102411,59
DEQ,669049669350148,21,1028,583111388,58
DEQ,669049676302212,21,1028,590061479,57
DEQ,669049683344966,21,1028,597102217,56
DEQ,669049690344799,21,1028,604099942,55
DEQ,669049697288816,21,84,219149759,54
DEQ,669049704349764,21,1028,226201933,53
DEQ,669049711340689,21,1028,233190452,52
DEQ,669049718351985,21,1028,240199618,51
DEQ,669049725355370,21,1028,247200439,50
DEQ,669049732351059,21,1028,254193909,49
DEQ,669049739351733,21,1028,261192330,48
DEQ,669049746347980,21,1028,268186380,47
DEQ,669049753344553,21,1028,275180722,46
DEQ,669049760256155,21,1028,282090259,45
DEQ,669049767221039,21,1028,289052835,44
DEQ,669049774243125,21,1028,296072678,43
DEQ,669049781219837,21,1028,303047110,42
DEQ,669049788241265,21,1028,310065079,41
DEQ,669049795223750,21,1028,317045431,40
DEQ,669049802249741,21,1028,324069393,39
DEQ,669049809351660,21,1028,331169315,38
DEQ,669049816339786,21,1028,338155259,37
DEQ,669049823346419,21,1028,345159771,36
DEQ,669049830346668,21,1028,352157826,35
DEQ,669049837352019,21,1028,359161146,34
DEQ,669049844340378,21,1028,366147447,33
DEQ,669049851348497,21,1028,373153396,32
DEQ,669049858351314,21,1028,380154037,31
DEQ,669049865340925,21,1028,387141336,30
DEQ,669049872348238,21,1028,394146534,83
DEQ,669049879348186,21,1028,401144413,82
DEQ,669049886348286,21,1028,408142409,81
DEQ,669049893354076,21,1028,415146045,80
DEQ,669049900341233,21,1028,422130986,79
DEQ,669049907340201,21,1028,429127853,78
DEQ,669049914348917,21,1028,436134419,77
DEQ,669049921342978,21,1028,443126267,76
DEQ,669049928347336,21,1028,450128611,75
DEQ,669049935342675,21,1028,457121403,74
DEQ,669049942302224,21,1028,464078858,73
DEQ,669049949342735,21,1028,471117303,72
DEQ,669049956345627,21,1028,478118163,71
DEQ,669049963337028,21,1028,485107325,70
STATS,669049963465489,70,71960,1547,1477,0,0,0
DEQ,669049970342564,21,1028,492110909,69
DEQ,669049977341879,21,1028,499108124,68
DEQ,669049984345682,21,1028,506109780,67
DEQ,669049991343505,21,1028,513105449,66
DEQ,669049998342297,21,1028,520102062,65
DEQ,669050005373599,21,1028,527131319,64
DEQ,669050012348922,21,1028,534104646,63
DEQ,669050019345956,21,1028,541099476,62
DEQ,669050026343961,21,1028,548095221,61
DEQ,669050033349635,21,1028,555098818,60
DEQ,669050040348852,21,1028,562096042,59
DEQ,669050047347396,21,1028,569092352,58
DEQ,669050054348182,21,1028,576091133,57
DEQ,669050061343606,21,1028,583084537,56
DEQ,669050068342348,21,1028,590080881,55
DEQ,669050075349407,21,1028,597085945,54
DEQ,669050082348099,21,1028,212221150,53
DEQ,669050089346025,21,1028,219210219,52
DEQ,669050096342399,21,1028,226204253,51
DEQ,669050103356008,21,1028,233215604,50
DEQ,669050110348232,21,1028,240205691,49
DEQ,669050117341007,21,1028,247196409,48
DEQ,669050124344838,21,1028,254198135,47
DEQ,669050131351929,21,1028,261202910,46
DEQ,669050138230265,21,1028,268079103,45
DEQ,669050145221276,21,1028,275068001,44
DEQ,669050152257085,21,1028,282101685,43
DEQ,669050159221282,21,1028,289063858,42
DEQ,669050166257243,21,1028,296097628,41
DEQ,669050173220010,21,1028,303058372,40
DEQ,669050180319091,21,1028,310155200,39
DEQ,669050187349384,21,1028,317183410,38
DEQ,669050194347327,21,1028,324179143,37
DEQ,669050201337750,21,1028,331167437,36
DEQ,669050208346538,21,1028,338174058,35
DEQ,669050215342488,21,1028,345167883,34
DEQ,669050222344823,21,1028,352168066,33
DEQ,669050229337831,21,1028,359157334,32
DEQ,669050236345114,21,1028,366162543,31
DEQ,669050243342842,21,1028,373158061,30
DEQ,669050250342343,21,1028,380155387,29
DEQ,669050257356102,21,1028,387167007,28
DEQ,669050264341525,21,1028,394150394,81
DEQ,669050271351931,21,1028,401158811,80
DEQ,669050278344019,21,1028,408148810,79
DEQ,669050285346037,21,1028,415148741,78
DEQ,669050292346261,21,1028,422146981,77
DEQ,669050299351763,21,1028,429150352,76
DEQ,669050306346848,21,1028,436143253,75
DEQ,669050313359737,21,1028,443154024,74
DEQ,669050320350532,21,1028,450142743,73
DEQ,669050327348760,21,1028,457138899,72
DEQ,669050334344642,21,1028,464132728,71
DEQ,669050341349008,21,1028,471135030,70
DEQ,669050348371972,21,1028,478155944,69
DEQ,669050355345900,21,1028,485127767,68
DEQ,669050362337872,21,1028,492117718,67
DEQ,669050369340503,21,1028,499118235,66
DEQ,669050376345649,21,1028,506120531,65
DEQ,669050383351163,21,1028,513123971,64
DEQ,669050390369990,21,1028,520140627,64
DEQ,669050397343561,21,1028,527111952,63
DEQ,669050404338182,21,1028,534104386,62
DEQ,669050411349378,21,1028,541113388,61
DEQ,669050418349777,21,1028,548111630,60
DEQ,669050425350324,21,1028,555110197,59
DEQ,669050432344820,21,1028,562102192,58
DEQ,669050439346040,21,1028,569101241,57
DEQ,669050446342235,21,1028,576095285,56
DEQ,669050453337550,21,1028,583088598,55
DEQ,669050460342183,21,1028,198214671,54
DEQ,669050467343115,21,1028,205206538,53
DEQ,669050474345644,21,1028,212206811,52
DEQ,669050481360198,21,1028,219219225,51
DEQ,669050488344164,21,1028,226200988,50
DEQ,669050495340169,21,1028,233194909,49
DEQ,669050502349844,21,1028,240202569,48
DEQ,669050509342682,21,1028,247193370,47
DEQ,669050516337357,21,1028,254185919,46
DEQ,669050523336819,21,1028,261182372,60
DEQ,669050530332444,21,1028,268175913,59
DEQ,669050537315298,21,1028,275156621,58
DEQ,669050544356691,21,1028,282195820,57
DEQ,669050551331760,21,1028,289168719,56
DEQ,669050558344101,21,1028,296178929,55
DEQ,669050565345206,21,1028,303177922,54
DEQ,669050572344000,21,1028,310174666,53
DEQ,669050579344347,21,1028,317172916,52
DEQ,669050586349877,21,1028,324176340,51
DEQ,669050593348479,21,1028,331172758,50
DEQ,669050600349217,21,1028,338171481,49
DEQ,669050607348313,21,1028,345168410,48
DEQ,669050614340460,21,1028,352158477,47
DEQ,669050621343629,21,1028,359159354,46
DEQ,669050628349021,21,1028,366162515,45
DEQ,669050635342894,21,1028,373154198,44
DEQ,669050642344068,21,1028,380153129,43
DEQ,669050649338643,21,1028,387145526,42
DEQ,669050656348207,21,1028,394152648,80
DEQ,669050663348572,21,1028,401150818,79
DEQ,669050670329158,21,1028,408128915,78
DEQ,669050677338464,21,1028,415136209,77
DEQ,669050684342419,21,1028,422137912,76
DEQ,669050691346101,21,1028,429139450,75
DEQ,669050698283712,21,1028,436074926,74
DEQ,669050705356045,21,1028,443145088,73
DEQ,669050712341556,21,1028,450128588,72
DEQ,669050719345245,21,1028,457130145,71
DEQ,669050726342361,21,1028,464125121,70
DEQ,669050733351998,21,1028,471132569,69
DEQ,669050740343967,21,1028,478122370,68
DEQ,669050747347197,21,1028,485123449,67
DEQ,669050754344013,21,1028,492118206,66
DEQ,669050761344345,21,1028,499116487,65
DEQ,669050768342365,21,1028,506112340,64
DEQ,669050775348540,21,1028,513116417,63
DEQ,669050782336556,21,1028,520102418,62
DEQ,669050789339391,21,1028,527103135,61
DEQ,669050796342389,21,1028,534103959,60
DEQ,669050803346056,21,1028,541105380,59
DEQ,669050810345523,21,1028,548102635,58
DEQ,669050817344366,21,1028,555099400,57
DEQ,669050824345728,21,1028,562098641,56
DEQ,669050831338938,21,1028,569089723,55
DEQ,669050838318010,21,84,448190594,54
DEQ,669050845356946,21,1028,327253196,53
DEQ,669050852337382,21,1028,334224370,52
DEQ,669050859344387,21,1028,341228622,51
DEQ,669050866342439,21,1028,348224427,50
DEQ,669050873344421,21,1028,355224165,49
DEQ,669050880340680,21,1028,362218163,48
DEQ,669050887344572,21,1028,369219755,47
DEQ,669050894342304,21,1028,376215271,46
DEQ,669050901348553,21,1028,383219306,45
DEQ,669050908335817,21,1028,390204170,44
DEQ,669050915342865,21,1028,396254347,65
DEQ,669050922256520,21,1028,402173373,64
DEQ,669050929342984,21,1028,408262435,63
DEQ,669050936350621,21,1028,414269402,62
DEQ,669050943341940,21,1028,420257033,61
DEQ,669050950355383,21,1028,296236265,60
DEQ,669050957350287,21,1028,303222598,59
DEQ,669050964344144,21,1028,310214176,58
STATS,669050964471442,58,59624,1678,1620,0,0,0
DEQ,669050971342834,21,1028,317210742,57
DEQ,669050978284962,21,1028,324150634,56
DEQ,669050985344329,21,1028,331207928,55
DEQ,669050992344049,21,1028,338205576,54
DEQ,669050999342791,21,1028,345201969,53
DEQ,669051006344071,21,1028,352201175,52
DEQ,669051013355237,21,1028,359210206,51
DEQ,669051020346565,21,1028,366199416,50
DEQ,669051027342792,21,1028,373193321,49
DEQ,669051034344959,21,1028,380193375,48
DEQ,669051041344392,21,1028,387190744,47
DEQ,669051048352427,21,1028,394196665,78
DEQ,669051055350317,21,1028,401192309,77
DEQ,669051062299232,21,1028,408139118,76
DEQ,669051069348824,21,1028,415186313,75
DEQ,669051076352011,21,1028,422187426,74
DEQ,669051083351967,21,1028,429185314,73
DEQ,669051090354567,21,1028,436185917,72
DEQ,669051097347302,21,1028,443176611,71
DEQ,669051104349970,21,1028,450177123,70
DEQ,669051111349678,21,1028,457174739,69
DEQ,669051118332297,21,1028,464155204,68
DEQ,669051125344458,21,1028,471165305,67
DEQ,669051132342326,21,1028,478161099,66
DEQ,669051139345349,21,1028,485162101,65
DEQ,669051146278115,21,1028,492092794,64
DEQ,669051153346052,21,1028,499158742,63
DEQ,669051160340704,21,1028,506151342,62
DEQ,669051167350233,21,1028,513158816,61
DEQ,669051174339028,21,1028,520145628,60
DEQ,669051181345381,21,1028,527149899,59
DEQ,669051188342390,21,1028,534144834,58
DEQ,669051195352287,21,1028,541152595,57
DEQ,669051202342421,21,1028,548140738,56
DEQ,669051209335248,21,1028,555131478,55
DEQ,669051216337306,21,1028,562131406,54
DEQ,669051223351841,21,1028,313232497,53
DEQ,669051230342399,21,1028,320214334,52
DEQ,669051237345341,21,1028,327214746,51
DEQ,669051244348193,21,1028,334214988,50
DEQ,669051251342718,21,1028,341207263,49
DEQ,669051258347188,21,1028,348209637,48
DEQ,669051265337682,21,1028,355198021,47
DEQ,669051272340727,21,1028,362198989,46
DEQ,669051279370142,21,1028,369226149,45
DEQ,669051286310031,21,1028,376163766,44
DEQ,669051293348478,21,1028,383199523,43
DEQ,669051300329869,21,1028,390178701,42
DEQ,669051307310859,21,1028,397157588,79
DEQ,669051314350589,21,1028,404195136,78
DEQ,669051321336982,21,1028,411179393,77
DEQ,669051328341426,21,1028,418181783,76
DEQ,669051335344664,21,1028,425182985,75
DEQ,669051342351522,21,1028,431346015,74
DEQ,669051349343778,21,1028,437336752,73
DEQ,669051356344880,21,1028,443333279,72
DEQ,669051363331984,21,1028,449313905,71
DEQ,669051370344030,21,1028,455317347,70
DEQ,669051377346090,21,1028,331221507,69
DEQ,669051384344015,21,1028,338210418,68
DEQ,669051391344515,21,1028,345208611,67
DEQ,669051398342410,21,1028,352204431,66
DEQ,669051405345357,21,1028,359205128,65
DEQ,669051412344099,21,1028,366201755,64
DEQ,669051419348725,21,1028,373204153,63
DEQ,669051426342695,21,1028,380195455,62
DEQ,669051433344470,21,1028,387194952,61
DEQ,669051440340764,21,1028,394188977,77
DEQ,669051447338571,21,1028,401184725,76
DEQ,669051454337401,21,1028,408181410,75
DEQ,669051461349781,21,1028,415191669,74
DEQ,669051468344270,21,1028,422184171,73
DEQ,669051475254476,21,1028,429092288,72
DEQ,669051482363103,21,1028,436198742,71
DEQ,669051489343922,21,1028,443177421,70
DEQ,669051496331988,21,1028,450162280,69
DEQ,669051503350530,21,1028,457178717,68
DEQ,669051510342499,21,1028,464168476,67
DEQ,669051517344700,21,1028,471168623,66
DEQ,669051524343206,21,1028,478165097,65
DEQ,669051531344404,21,1028,485164144,64
DEQ,669051538342569,21,1028,492160000,63
DEQ,669051545350474,21,1028,499165630,62
DEQ,669051552347431,21,1028,506160092,61
DEQ,669051559348584,21,1028,513159119,60
DEQ,669051566335806,21,1028,520144320,59
DEQ,669051573340437,21,1028,527146588,58
DEQ,669051580257809,21,1028,534061675,57
DEQ,669051587342790,21,1028,541144327,56
DEQ,669051594342474,21,1028,548141997,55
DEQ,669051601343682,21,1028,299313752,54
DEQ,669051608335715,21,1028,306295177,53
DEQ,669051615355996,21,1028,313313303,52
DEQ,669051622341669,21,1028,320296939,51
DEQ,669051629342427,21,1028,327295637,50
DEQ,669051636351793,21,1028,334302971,49
DEQ,669051643351962,21,1028,341299857,48
DEQ,669051650351801,21,1028,348297529,47
DEQ,669051657342347,21,1028,355285861,46
DEQ,669051664343420,21,1028,362284827,45
DEQ,669051671357106,21,1028,369296513,44
DEQ,669051678349221,21,1028,376286541,43
DEQ,669051685342216,21,1028,383277392,42
DEQ,669051692335619,21,1028,390268799,41
DEQ,669051699280140,21,1028,397211213,91
DEQ,669051706348754,21,1028,404277697,90
DEQ,669051713347279,21,1028,411274216,89
DEQ,669051720349551,21,1028,418274387,88
DEQ,669051727344321,21,1028,425267114,87
DEQ,669051734246345,21,1028,432167136,86
DEQ,669051741344448,21,1028,439263267,85
DEQ,669051748342477,21,1028,446259122,84
DEQ,669051755342886,21,1028,453257519,83
DEQ,669051762345760,21,1028,460258042,82
DEQ,669051769341962,21,1028,467252242,81
DEQ,669051776341738,21,1028,474250024,80
DEQ,669051783356859,21,1028,481263107,79
DEQ,669051790342479,21,1028,488246318,78
DEQ,669051797345517,21,1028,495247308,77
DEQ,669051804347499,21,1028,502247264,76
DEQ,669051811350421,21,1028,509248052,75
DEQ,669051818337541,21,1028,516233098,74
DEQ,669051825341168,21,1028,522542553,73
DEQ,669051832343301,21,1028,528638670,75
DEQ,669051839345993,21,1028,534735852,74
DEQ,669051846338640,21,1028,540823369,73
DEQ,669051853345414,21,1028,546928127,72
DEQ,669051860346375,21,1028,553043712,71
DEQ,669051867338302,21,1028,429210707,70
DEQ,669051874351739,21,1028,436215041,69
DEQ,669051881347565,21,1028,443208577,68
DEQ,669051888349586,21,84,450208450,67
DEQ,669051895345269,21,1028,457201878,66
DEQ,669051902350011,21,1028,464204406,65
DEQ,669051909350504,21,1028,471202551,64
DEQ,669051916342578,21,1028,478192336,63
DEQ,669051923347992,21,1028,485195557,62
DEQ,669051930349849,21,1028,492195262,61
DEQ,669051937344494,21,1028,499187775,60
DEQ,669051944345101,21,1028,506186345,59
DEQ,669051951344406,21,1028,513183422,58
DEQ,669051958329083,21,1028,520165956,57
DEQ,669051965343465,21,1028,527178274,56
STATS,669051965477270,56,57568,1819,1763,0,0,0
DEQ,669051972342441,21,1028,534175100,55
DEQ,669051979342864,21,1028,541172965,54
DEQ,669051986342238,21,1028,292185995,53
DEQ,669051993343644,21,1028,299177026,52
DEQ,669052000345759,21,1028,306176807,51
DEQ,669052007340328,21,1028,313169133,50
DEQ,669052014342414,21,1028,320168933,49
DEQ,669052021344452,21,1028,327168755,48
DEQ,669052028344993,21,1028,334167046,47
DEQ,669052035345282,21,1028,341165149,46
DEQ,669052042335741,21,1028,348153439,45
DEQ,669052049339382,21,1028,355154928,44
DEQ,669052056339032,21,1028,362152417,43
DEQ,669052063319575,21,1028,369130639,42
DEQ,669052070338284,21,1028,376147149,41
DEQ,669052077311612,21,1028,383118315,40
DEQ,669052084332474,21,1028,390137062,39
DEQ,669052091349706,21,1028,397152206,92
DEQ,669052098344949,21,1028,404144629,91
DEQ,669052105346153,21,1028,411143609,90
DEQ,669052112348461,21,1028,418143852,89
DEQ,669052119350115,21,1028,425143269,88
DEQ,669052126347366,21,1028,432137907,87
DEQ,669052133352220,21,1028,439140507,86
DEQ,669052140342455,21,1028,446128508,85
DEQ,669052147342802,21,1028,453126700,84
DEQ,669052154344939,21,1028,460126733,83
DEQ,669052161350357,21,1028,467129961,82
DEQ,669052168342330,21,1028,474119738,81
DEQ,669052175344490,21,1028,481119794,80
DEQ,669052182351565,21,1028,488124713,79
DEQ,669052189357838,21,1028,495128815,78
DEQ,669052196343322,21,1028,502112117,77
DEQ,669052203352900,21,1028,509119548,76
DEQ,669052210342410,21,1028,516107021,75
DEQ,669052217356101,21,1028,523118675,74
DEQ,669052224340008,21,1028,530100333,73
DEQ,669052231344504,21,1028,537102774,72
DEQ,669052238336625,21,1028,544092722,71
DEQ,669052245350724,21,1028,551104171,70
DEQ,669052252339766,21,1028,558091000,69
DEQ,669052259353167,21,1028,565102223,68
DEQ,669052266359007,21,1028,572105782,67
DEQ,669052273347648,21,1028,579092260,66
DEQ,669052280339455,21,1028,586081969,65
DEQ,669052287342937,21,1028,593083104,64
DEQ,669052294342554,21,1028,600080344,63
DEQ,669052301343588,21,1028,607079198,62
DEQ,669052308353258,21,1028,613289025,61
DEQ,669052315356103,21,1028,619295288,60
DEQ,669052322344982,21,1028,625284643,59
DEQ,669052329343612,21,1028,631279286,58
DEQ,669052336346738,21,1028,637283522,57
DEQ,669052343356143,21,1028,513240501,56
DEQ,669052350342470,21,1028,520218224,55
DEQ,669052357352319,21,1028,527225859,54
DEQ,669052364342398,21,1028,278229206,53
DEQ,669052371342905,21,1028,285220957,52
DEQ,669052378345015,21,1028,292220841,51
DEQ,669052385349298,21,1028,299222987,50
DEQ,669052392349494,21,1028,306221096,49
DEQ,669052399345511,21,1028,313214525,48
DEQ,669052406356569,21,1028,320223421,47
DEQ,669052413340358,21,1028,327205142,46
DEQ,669052420340375,21,1028,334202756,45
DEQ,669052427349889,21,1028,341210182,44
DEQ,669052434354462,21,1028,348212691,43
DEQ,669052441317849,21,1028,355173983,42
DEQ,669052448348231,21,1028,362202297,41
DEQ,669052455337519,21,1028,369189543,40
DEQ,669052462343454,21,1028,376193362,39
DEQ,669052469350137,21,1028,383197955,38
DEQ,669052476348494,21,1028,390194233,37
DEQ,669052483352216,21,1028,397195437,90
DEQ,669052490335491,21,1028,404176509,89
DEQ,669052497347798,21,1028,411186744,88
DEQ,669052504346651,21,1028,418183544,87
DEQ,669052511340305,21,1028,425174684,86
DEQ,669052518344907,21,1028,432176613,85
DEQ,669052525342873,21,1028,439172413,84
DEQ,669052532330718,21,1028,446158021,83
DEQ,669052539337875,21,1028,453163124,82
DEQ,669052546348976,21,1028,460172009,81
DEQ,669052553342871,21,1028,467163794,80
DEQ,669052560345753,21,1028,474164522,79
DEQ,669052567344472,21,1028,481161098,78
DEQ,669052574350793,21,1028,488165043,77
DEQ,669052581340363,21,1028,495152444,76
DEQ,669052588352728,21,1028,502162794,75
DEQ,669052595351930,21,1028,509158490,74
DEQ,669052602347852,21,1028,516152188,73
DEQ,669052609349701,21,1028,523152018,72
DEQ,669052616264076,21,1028,530064248,71
DEQ,669052623267632,21,1028,537065788,70
DEQ,669052630354384,21,1028,544150477,69
DEQ,669052637349307,21,1028,551143351,68
DEQ,669052644348292,21,1028,558140331,67
DEQ,669052651346391,21,1028,565136449,66
DEQ,669052658342450,21,1028,572130480,65
DEQ,669052665339480,21,1028,579125452,64
DEQ,669052672342505,21,1028,586126263,63
DEQ,669052679343692,21,1028,593125318,62
DEQ,669052686339120,21,1028,600118280,61
DEQ,669052693350356,21,1028,607126914,60
DEQ,669052700349802,21,1028,614124304,59
DEQ,669052707344535,21,1028,621117060,58
DEQ,669052714346619,21,1028,628116982,57
DEQ,669052721343699,21,1028,635111905,56
DEQ,669052728344965,21,1028,642111166,55
DEQ,669052735343671,21,1028,649107637,54
DEQ,669052742353265,21,1028,264225909,53
DEQ,669052749345356,21,1028,271208965,52
DEQ,669052756344075,21,1028,278205462,51
DEQ,669052763349406,21,1028,285207592,50
DEQ,669052770344108,21,1028,292199931,49
DEQ,669052777350406,21,1028,299204009,48
DEQ,669052784340016,21,1028,306191396,47
DEQ,669052791341174,21,1028,313190442,46
DEQ,669052798338339,21,1028,320185584,45
DEQ,669052805342919,21,1028,327188151,44
DEQ,669052812336924,21,1028,334179920,43
DEQ,669052819321264,21,1028,341161768,42
DEQ,669052826345627,21,1028,348183985,41
DEQ,669052833341889,21,1028,355177982,40
DEQ,669052840333269,21,1028,362166029,39
DEQ,669052847350347,21,1028,369181019,38
DEQ,669052854349990,21,1028,376178518,37
DEQ,669052861345404,21,1028,383171784,36
DEQ,669052868337451,21,1028,390161558,35
DEQ,669052875346211,21,1028,397168295,88
DEQ,669052882284613,21,1028,404104551,87
DEQ,669052889343680,21,1028,411161508,86
DEQ,669052896340719,21,1028,418156501,85
DEQ,669052903346998,21,1028,425160666,84
DEQ,669052910344187,21,1028,432155830,83
DEQ,669052917345393,21,1028,439154687,82
DEQ,669052924342489,21,1028,446149564,81
DEQ,669052931344578,21,1028,453149591,80
DEQ,669052938337520,21,1028,460140402,79
DEQ,669052945350374,21,1028,467151181,78
DEQ,669052952344999,21,1028,474143678,77
DEQ,669052959341364,21,1028,481137901,76
DEQ,669052966348277,21,1028,488142664,75
STATS,669052966484014,75,77100,1981,1906,0,0,0
DEQ,669052973351213,21,1028,495143543,74
DEQ,669052980345842,21,1028,502135628,73
DEQ,669052987348466,21,1028,509135628,72
DEQ,669052994348398,21,1028,516133301,71
DEQ,669053001358939,21,1028,523141755,70
DEQ,669053008344314,21,1028,530124987,69
DEQ,669053015360436,21,1028,537138958,68
DEQ,669053022340778,21,1028,544117241,67
DEQ,669053029352878,21,1028,551127217,66
DEQ,669053036335778,21,1028,558107917,65
DEQ,669053043346210,21,1028,565116064,64
DEQ,669053050338325,21,1028,572106104,63
DEQ,669053057340362,21,1028,579105977,62
DEQ,669053064339152,21,1028,586102633,61
DEQ,669053071350373,21,1028,593111846,60
DEQ,669053078342499,21,1028,600101816,59
DEQ,669053085346109,21,1028,607103174,58
DEQ,669053092343273,21,1028,614098269,57
DEQ,669053099344426,21,1028,621097293,56
DEQ,669053106352154,21,1028,628102721,55
DEQ,669053113355148,21,1028,635103494,54
DEQ,669053120345807,21,1028,250220540,53
DEQ,669053127344569,21,1028,257210481,52
DEQ,669053134348299,21,1028,264211103,51
DEQ,669053141345359,21,1028,271205943,50
DEQ,669053148343328,21,1028,278201702,49
DEQ,669053155342949,21,1028,285198900,48
DEQ,669053162342462,21,1028,292196172,47
DEQ,669053169350442,21,1028,299201949,46
DEQ,669053176342301,21,1028,306191627,45
DEQ,669053183339560,21,1028,313186698,44
DEQ,669053190322639,21,1028,320167628,43
DEQ,669053197337948,21,1028,327180765,42
DEQ,669053204333352,21,1028,334174087,41
DEQ,669053211337309,21,1028,341175909,40
DEQ,669053218337572,21,1028,348174096,39
DEQ,669053225342885,21,1028,355177039,38
DEQ,669053232346586,21,1028,362178523,37
DEQ,669053239354073,21,1028,369183792,36
DEQ,669053246351417,21,1028,376179048,35
DEQ,669053253348088,21,1028,383173492,34
DEQ,669053260346476,21,1028,390169773,33
DEQ,669053267348999,21,1028,397170086,86
DEQ,669053274347249,21,1028,404166078,85
DEQ,669053281347637,21,1028,411164079,84
DEQ,669053288348064,21,1028,418162302,83
DEQ,669053295349639,21,1028,425161598,82
DEQ,669053302352987,21,1028,432162799,81
DEQ,669053309349444,21,1028,439156962,80
DEQ,669053316342469,21,1028,446147849,79
DEQ,669053323351245,21,1028,453154497,78
DEQ,669053330344125,21,1028,460145199,77
DEQ,669053337350422,21,1028,467149333,76
DEQ,669053344343348,21,1028,474140081,75
DEQ,669053351343700,21,1028,481138118,74
DEQ,669053358342437,21,1028,488134565,73
DEQ,669053365359591,21,1028,495149527,72
DEQ,669053372336710,21,1028,502124423,71
DEQ,669053379345371,21,1028,509130830,70
DEQ,669053386338383,21,1028,516121490,69
DEQ,669053393343735,21,1028,523124579,68
DEQ,669053400294382,21,1028,530073061,67
DEQ,669053407345582,21,1028,537122130,66
DEQ,669053414338773,21,1028,544113224,65
DEQ,669053421349309,21,1028,551121609,64
DEQ,669053428353109,21,1028,558123214,63
DEQ,669053435348830,21,1028,565116685,62
DEQ,669053442348598,21,1028,572114218,61
DEQ,669053449346854,21,1028,579110276,60
DEQ,669053456350092,21,1028,586111470,59
DEQ,669053463350345,21,1028,593109504,58
DEQ,669053470324271,21,1028,600081162,57
DEQ,669053477345462,21,1028,607100259,56
DEQ,669053484302542,21,1028,614055209,55
DEQ,669053491346232,21,1028,621096758,54
DEQ,669053498342445,21,1028,236217138,53
DEQ,669053505347035,21,1028,243212806,52
DEQ,669053512340082,21,1028,250203693,51
DEQ,669053519352884,21,1028,257214333,50
DEQ,669053526325916,21,1028,264185208,50
DEQ,669053533344659,21,1028,271201227,49
DEQ,669053540342474,21,1028,278196855,48
DEQ,669053547358568,21,1028,285210737,47
DEQ,669053554343402,21,1028,292193218,46
DEQ,669053561364177,21,1028,299211765,45
DEQ,669053568336369,21,1028,306180799,44
DEQ,669053575312954,21,1028,313155211,43
DEQ,669053582339766,21,1028,320179741,42
DEQ,669053589347558,21,1028,327185198,41
DEQ,669053596351016,21,1028,334186553,40
DEQ,669053603352641,21,1028,341186066,39
DEQ,669053610352447,21,1028,348183728,38
DEQ,669053617347006,21,1028,355176235,37
DEQ,669053624337594,21,1028,362164645,36
DEQ,669053631347007,21,1028,369171939,35
DEQ,669053638342507,21,1028,376165296,34
DEQ,669053645347167,21,1028,383167846,33
DEQ,669053652342478,21,1028,390161097,32
DEQ,669053659342875,21,1028,397159486,85
DEQ,669053666342559,21,1028,404156991,84
DEQ,669053673352097,21,1028,411164363,83
DEQ,669053680340838,21,1028,418150962,82
DEQ,669053687343044,21,1028,425151074,81
DEQ,669053694351733,21,1028,432157568,80
DEQ,669053701347076,21,1028,439150782,79
DEQ,669053708344895,21,1028,446146444,78
DEQ,669053715343002,21,1028,453142443,77
DEQ,669053722347222,21,1028,460144564,76
DEQ,669053729346325,21,1028,467141437,75
DEQ,669053736348995,21,1028,474142109,74
DEQ,669053743360055,21,1028,481151121,73
DEQ,669053750338840,21,1028,488127845,72
DEQ,669053757347527,21,1028,495134466,71
DEQ,669053764348955,21,1028,502133676,70
DEQ,669053771352291,21,1028,509134918,69
DEQ,669053778346648,21,1028,516127266,68
DEQ,669053785343451,21,1028,523121993,67
DEQ,669053792347470,21,1028,530123472,66
DEQ,669053799348543,21,1028,537122422,65
DEQ,669053806339533,21,1028,544111128,64
DEQ,669053813355795,21,1028,551125257,63
DEQ,669053820348750,21,1028,558116063,62
DEQ,669053827347849,21,1028,565112988,61
DEQ,669053834351595,21,1028,572114686,60
DEQ,669053841345671,21,1028,579106578,59
DEQ,669053848345444,21,1028,586104293,58
DEQ,669053855350680,21,1028,593107539,57
DEQ,669053862340887,21,1028,600095628,56
DEQ,669053869348590,21,1028,607101319,55
DEQ,669053876352344,21,84,350229764,54
DEQ,669053883354521,21,1028,229234864,53
DEQ,669053890338122,21,1028,236209505,52
DEQ,669053897347038,21,1028,243216200,51
DEQ,669053904352381,21,1028,250219260,50
DEQ,669053911340315,21,1028,257205175,49
DEQ,669053918337918,21,1028,264200550,48
DEQ,669053925340480,21,1028,271200931,47
DEQ,669053932352738,21,1028,278210986,46
DEQ,669053939338581,21,1028,285194709,45
DEQ,669053946344267,21,1028,292198173,44
DEQ,669053953246854,21,1028,299098579,43
DEQ,669053960313540,21,1028,306162957,42
DEQ,669053967346233,21,1028,313193493,41
STATS,669053967485184,41,42148,2090,2049,0,0,0
DEQ,669053974240440,21,1028,320085385,40
DEQ,669053981343575,21,1028,327186271,39
DEQ,669053988342562,21,1028,334183158,38
DEQ,669053995349049,21,1028,341187556,37
DEQ,669054002342432,21,1028,348178958,36
DEQ,669054009250180,21,1028,355084646,35
DEQ,669054016343124,21,1028,362174972,34
DEQ,669054023345810,21,1028,369175517,33
DEQ,669054030348261,21,1028,376174661,32
DEQ,669054037350562,21,1028,383174707,31
DEQ,669054044352262,21,1028,390174295,30
DEQ,669054051349625,21,1028,397169670,83
DEQ,669054058352416,21,1028,404170304,82
DEQ,669054065217602,21,1028,411033503,81
DEQ,669054072350652,21,1028,418164476,80
DEQ,669054079363407,21,1028,425175168,79
DEQ,669054086243511,21,1028,432053253,78
DEQ,669054093345487,21,1028,439152998,77
DEQ,669054100254388,21,1028,446059889,76
DEQ,669054107358329,21,1028,453161778,75
DEQ,669054114346918,21,1028,460148253,74
DEQ,669054121359547,21,1028,467158714,73
DEQ,669054128260615,21,1028,474057797,72
DEQ,669054135222181,21,1028,481017015,71
DEQ,669054142344099,21,1028,488136810,70
DEQ,669054149346619,21,1028,495137290,69
DEQ,669054156322253,21,1028,502110905,68
DEQ,669054163348744,21,1028,509135171,67
DEQ,669054170352225,21,1028,516136520,66
DEQ,669054177349933,21,1028,523131450,65
DEQ,669054184346688,21,1028,530125973,64
DEQ,669054191347246,21,1028,537124377,63
DEQ,669054198346987,21,1028,544121966,62
DEQ,669054205352301,21,1028,551125191,61
DEQ,669054212342773,21,1028,558113659,60
DEQ,669054219345671,21,1028,565114583,59
DEQ,669054226349479,21,1028,572116320,58
DEQ,669054233344945,21,1028,579109719,57
DEQ,669054240343872,21,1028,586106440,56
DEQ,669054247348908,21,1028,593109323,55
DEQ,669054254356668,21,1028,600114964,54
DEQ,669054261346275,21,1028,215224947,53
DEQ,669054268345324,21,1028,222215097,52
DEQ,669054275343097,21,1028,229210572,51
DEQ,669054282332818,21,1028,236198130,50
DEQ,669054289347971,21,1028,243211247,49
DEQ,669054296350216,21,1028,250211425,48
DEQ,669054303358610,21,1028,257217678,47
DEQ,669054310331929,21,1028,264188810,46
DEQ,669054317347220,21,1028,271201999,45
DEQ,669054324327682,21,1028,278178832,44
DEQ,669054331312308,21,1028,285161257,43
DEQ,669054338345241,21,1028,292192087,42
DEQ,669054345377359,21,1028,299222035,41
DEQ,669054352338542,21,1028,306181012,40
DEQ,669054359339390,21,1028,313179812,39
DEQ,669054366344334,21,1028,320182633,38
DEQ,669054373347192,21,1028,327183311,37
DEQ,669054380342682,21,1028,334176658,36
DEQ,669054387221191,21,1028,341052961,35
DEQ,669054394217948,21,1028,348047672,34
DEQ,669054401351392,21,1028,355178917,33
DEQ,669054408347838,21,1028,362173277,32
DEQ,669054415347993,21,1028,369171308,31
DEQ,669054422345856,21,1028,376167132,30
DEQ,669054429324137,21,1028,383143205,29
DEQ,669054436351028,21,1028,390167963,28
DEQ,669054443348096,21,1028,397163010,81
DEQ,669054450342603,21,1028,404155322,80
DEQ,669054457342299,21,1028,411153008,79
DEQ,669054464340230,21,1028,418148929,78
DEQ,669054471347365,21,1028,425153458,77
DEQ,669054478343078,21,1028,432147095,76
DEQ,669054485338990,21,1028,439140927,75
DEQ,669054492346121,21,1028,446145964,74
DEQ,669054499349168,21,1028,453146728,73
DEQ,669054506338726,21,1028,460134178,72
DEQ,669054513345655,21,1028,467138989,71
DEQ,669054520351430,21,1028,474142667,70
DEQ,669054527354698,21,1028,481143840,69
DEQ,669054534351617,21,1028,488138675,68
DEQ,669054541348319,21,1028,495133308,67
DEQ,669054548345970,21,1028,502129037,66
DEQ,669054555352148,21,1028,509133169,65
DEQ,669054562342940,21,1028,516121923,64
DEQ,669054569343260,21,1028,523120068,63
DEQ,669054576344529,21,1028,530119144,63
DEQ,669054583345620,21,1028,537118028,62
DEQ,669054590346023,21,1028,544116297,61
DEQ,669054597347370,21,1028,551115497,60
DEQ,669054604347862,21,1028,558113843,59
DEQ,669054611344691,21,1028,565108657,58
DEQ,669054618345126,21,1028,572106299,57
DEQ,669054625349821,21,1028,579108738,56
DEQ,669054632346995,21,1028,586103746,55
DEQ,669054639343141,21,1028,201225378,54
DEQ,669054646347783,21,1028,208219651,53
DEQ,669054653349885,21,1028,215219368,52
DEQ,669054660355186,21,1028,222222314,51
DEQ,669054667335693,21,1028,229200578,50
DEQ,669054674352663,21,1028,236215321,49
DEQ,669054681350216,21,1028,243210733,48
DEQ,669054688344731,21,1028,250203059,47
DEQ,669054695337442,21,1028,257193331,46
DEQ,669054702276679,21,1028,264130411,60
DEQ,669054709338124,21,1028,271189623,59
DEQ,669054716350523,21,1028,278199843,58
DEQ,669054723335012,21,1028,285182192,57
DEQ,669054730331981,21,1028,292176912,56
DEQ,669054737342559,21,1028,299185272,55
DEQ,669054744341821,21,1028,306182324,54
DEQ,669054751344476,21,1028,313182857,53
DEQ,669054758347135,21,1028,320183280,52
DEQ,669054765344068,21,1028,327176777,51
DEQ,669054772347542,21,1028,334177942,50
DEQ,669054779348533,21,1028,341176763,49
DEQ,669054786289728,21,1028,348115636,48
DEQ,669054793346592,21,1028,355170447,47
DEQ,669054800348003,21,1028,362169371,46
DEQ,669054807343967,21,1028,369162201,45
DEQ,669054814342891,21,1028,376158996,44
DEQ,669054821346549,21,1028,383160595,43
DEQ,669054828345394,21,1028,390157244,42
DEQ,669054835336536,21,1028,397146323,80
DEQ,669054842342874,21,1028,404150538,79
DEQ,669054849343195,21,1028,411148346,78
DEQ,669054856351973,21,1028,418154985,77
DEQ,669054863345689,21,1028,425146555,76
DEQ,669054870233524,21,1028,432032245,75
DEQ,669054877345788,21,1028,439142447,74
DEQ,669054884350304,21,1028,446144677,73
DEQ,669054891349935,21,1028,453142115,72
DEQ,669054898344525,21,1028,460134515,71
DEQ,669054905349940,21,1028,467137696,70
DEQ,669054912344541,21,1028,474129869,69
DEQ,669054919347030,21,1028,481130045,68
DEQ,669054926346007,21,1028,488126865,67
DEQ,669054933349140,21,1028,495127761,66
DEQ,669054940348294,21,1028,502124635,65
DEQ,669054947244937,21,1028,509018783,64
DEQ,669054954334942,21,1028,516106638,63
DEQ,669054961342451,21,1028,523111947,62
DEQ,669054968351633,21,1028,530118774,61
STATS,669054968487744,61,61764,2253,2192,0,0,0
DEQ,669054975360760,21,1028,537125460,60
DEQ,669054982340259,21,1028,544102763,59
DEQ,669054989363480,21,1028,551123889,58
DEQ,669054996348739,21,1028,558106917,57
DEQ,669055003347523,21,1028,565103639,56
DEQ,669055010342906,21,1028,572096847,55
DEQ,669055017345804,21,84,443223771,54
DEQ,669055024342941,21,1028,322177691,53
DEQ,669055031346632,21,1028,329173304,52
DEQ,669055038342771,21,1028,336168372,51
DEQ,669055045343675,21,1028,343168460,50
DEQ,669055052354513,21,1028,350173942,49
DEQ,669055059350005,21,1028,357168599,48
DEQ,669055066348732,21,1028,364166415,47
DEQ,669055073338298,21,1028,371155220,46
DEQ,669055080335779,21,1028,378151930,45
DEQ,669055087335012,21,1028,385150322,44
DEQ,669055094346427,21,1028,392160931,65
DEQ,669055101316718,21,1028,399130463,64
DEQ,669055108338238,21,1028,406151176,63
DEQ,669055115340902,21,1028,413153028,62
DEQ,669055122344573,21,1028,420155982,61
DEQ,669055129344321,21,1028,299224068,60
DEQ,669055136349090,21,1028,306220141,59
DEQ,669055143350051,21,1028,313218996,58
DEQ,669055150351728,21,1028,320218297,57
DEQ,669055157348353,21,1028,327212734,56
DEQ,669055164348686,21,1028,334210899,55
DEQ,669055171352389,21,1028,341212500,54
DEQ,669055178348090,21,1028,348206124,53
DEQ,669055185361153,21,1028,355217042,52
DEQ,669055192350537,21,1028,362204374,51
DEQ,669055199347493,21,1028,369198646,50
DEQ,669055206346791,21,1028,376195656,49
DEQ,669055213351068,21,1028,383197725,48
DEQ,669055220348468,21,1028,390192974,47
DEQ,669055227349197,21,1028,397191622,78
DEQ,669055234342946,21,1028,404183286,77
DEQ,669055241343396,21,1028,411181559,76
DEQ,669055248351213,21,1028,418186865,75
DEQ,669055255356794,21,1028,425190318,74
DEQ,669055262344675,21,1028,432175978,73
DEQ,669055269340858,21,1028,439169858,72
DEQ,669055276338740,21,1028,446165497,71
DEQ,669055283349239,21,1028,453173858,70
DEQ,669055290344677,21,1028,460167235,69
DEQ,669055297342533,21,1028,467163041,68
DEQ,669055304343905,21,1028,474162434,67
DEQ,669055311347399,21,1028,481163940,66
DEQ,669055318344535,21,1028,488158944,65
DEQ,669055325354254,21,1028,495166437,64
DEQ,669055332352932,21,1028,502163054,63
DEQ,669055339352449,21,1028,509160413,62
DEQ,669055346348192,21,1028,516154145,61
DEQ,669055353348392,21,1028,523152307,60
DEQ,669055360351090,21,1028,530152979,59
DEQ,669055367345095,21,1028,537144917,58
DEQ,669055374347247,21,1028,544145005,57
DEQ,669055381340895,21,1028,551136474,56
DEQ,669055388299769,21,1028,558093182,55
DEQ,669055395343529,21,1028,565134789,54
DEQ,669055402347198,21,1028,308224922,53
DEQ,669055409342706,21,1028,315214996,52
DEQ,669055416344909,21,1028,322215029,51
DEQ,669055423345976,21,1028,329213609,50
DEQ,669055430343025,21,1028,336208436,49
DEQ,669055437343486,21,1028,343206407,48
DEQ,669055444343141,21,1028,350203706,47
DEQ,669055451345108,21,1028,357203404,46
DEQ,669055458336403,21,1028,364192570,45
DEQ,669055465364290,21,1028,371218266,44
DEQ,669055472350431,21,1028,378202144,43
DEQ,669055479344611,21,1028,385194297,42
DEQ,669055486350681,21,1028,392198291,78
DEQ,669055493334291,21,1028,399179749,77
DEQ,669055500343079,21,1028,406186555,76
DEQ,669055507346000,21,1028,413187399,75
DEQ,669055514336478,21,1028,420175884,74
DEQ,669055521300009,21,1028,427137446,73
DEQ,669055528344803,21,1028,434180245,72
DEQ,669055535350091,21,1028,441183544,71
DEQ,669055542338930,21,1028,448170396,70
DEQ,669055549356959,21,1028,455186468,69
DEQ,669055556349897,21,1028,334223901,68
DEQ,669055563342762,21,1028,341207804,67
DEQ,669055570344972,21,1028,348207899,66
DEQ,669055577339268,21,1028,355199887,65
DEQ,669055584339811,21,1028,362197720,64
DEQ,669055591345983,21,1028,369201060,63
DEQ,669055598343148,21,1028,376195953,62
DEQ,669055605352677,21,1028,383203160,61
DEQ,669055612343101,21,1028,390191300,60
DEQ,669055619345112,21,1028,397191035,77
DEQ,669055626343172,21,1028,404186655,76
DEQ,669055633352651,21,1028,411193809,75
DEQ,669055640339353,21,1028,418178497,74
DEQ,669055647350987,21,1028,425187937,73
DEQ,669055654343095,21,1028,432177897,72
DEQ,669055661341035,21,1028,439172216,71
DEQ,669055668343273,21,1028,446172311,70
DEQ,669055675343551,21,1028,453170493,69
DEQ,669055682347355,21,1028,460172042,68
DEQ,669055689346694,21,1028,467169192,67
DEQ,669055696343523,21,1028,474163906,66
DEQ,669055703256918,21,1028,481075212,65
DEQ,669055710338891,21,1028,488154970,64
DEQ,669055717350835,21,1028,495164622,63
DEQ,669055724346012,21,1028,502157643,62
DEQ,669055731349406,21,1028,509158886,61
DEQ,669055738343154,21,1028,516150595,60
DEQ,669055745343025,21,1028,523148378,59
DEQ,669055752343839,21,1028,530147065,58
DEQ,669055759351049,21,1028,537152118,57
DEQ,669055766345785,21,1028,544144703,56
DEQ,669055773350994,21,1028,551147875,55
DEQ,669055780350657,21,1028,294247870,54
DEQ,669055787346851,21,1028,301235382,53
DEQ,669055794344817,21,1028,308231214,52
DEQ,669055801351165,21,1028,315235447,51
DEQ,669055808342310,21,1028,322223449,50
DEQ,669055815354999,21,1028,329233865,49
DEQ,669055822352810,21,1028,336229558,48
DEQ,669055829344581,21,1028,343219299,47
DEQ,669055836349965,21,1028,350222500,46
DEQ,669055843339163,21,1028,357209370,45
DEQ,669055850355306,21,1028,364223471,44
DEQ,669055857315440,21,1028,371181463,43
DEQ,669055864344834,21,1028,378208835,42
DEQ,669055871341087,21,1028,385202970,41
DEQ,669055878329832,21,1028,392189684,91
DEQ,669055885340252,21,1028,399198078,90
DEQ,669055892339045,21,1028,406194797,89
DEQ,669055899347729,21,1028,413201520,88
DEQ,669055906349062,21,1028,420200512,87
DEQ,669055913343678,21,1028,427193075,86
DEQ,669055920343119,21,1028,434190469,85
DEQ,669055927350358,21,1028,441195608,84
DEQ,669055934336565,21,1028,448179835,83
DEQ,669055941254818,21,1028,455096108,82
DEQ,669055948307631,21,1028,462146948,81
DEQ,669055955320211,21,1028,469156742,80
DEQ,669055962315928,21,1028,476150417,79
DEQ,669055969318537,21,1028,483150961,78
STATS,669055969434902,78,79240,2413,2335,0,0,0
DEQ,669055976300828,21,1028,490131252,77
DEQ,669055983347659,21,1028,497176000,76
DEQ,669055990338571,21,1028,504164906,75
DEQ,669055997341823,21,1028,511166090,74
DEQ,669056004353214,21,1028,518175456,73
DEQ,669056011356172,21,1028,525176335,75
DEQ,669056018349900,21,1028,532167986,74
DEQ,669056025348154,21,1028,539164162,73
DEQ,669056032350121,21,1028,546164167,72
DEQ,669056039356491,21,1028,425236093,71
DEQ,669056046341767,21,1028,432212330,70
DEQ,669056053356408,21,1028,439224890,69
DEQ,669056060357733,21,84,446224097,68
DEQ,669056067311340,21,1028,453175586,67
DEQ,669056074338411,21,1028,460200601,66
DEQ,669056081343765,21,1028,467203923,65
DEQ,669056088344290,21,1028,474202366,64
DEQ,669056095345473,21,1028,481201530,63
DEQ,669056102351026,21,1028,488204518,62
DEQ,669056109347038,21,1028,495198444,61
DEQ,669056116343456,21,1028,502192714,60
DEQ,669056123346419,21,1028,509193698,59
DEQ,669056130343465,21,1028,516188379,58
DEQ,669056137348316,21,1028,523191205,57
DEQ,669056144338724,21,1028,530179455,56
DEQ,669056151361004,21,1028,537199650,55
DEQ,669056158349845,21,1028,544186416,54
DEQ,669056165352240,21,1028,287228464,53
DEQ,669056172350251,21,1028,294221538,52
DEQ,669056179339305,21,1028,301208242,51
DEQ,669056186352346,21,1028,308219136,50
DEQ,669056193349274,21,1028,315214040,49
DEQ,669056200342968,21,1028,322205713,48
DEQ,669056207348595,21,1028,329209071,47
DEQ,669056214347161,21,1028,336205604,46
DEQ,669056221338626,21,1028,343194998,45
DEQ,669056228344593,21,1028,350198867,44
DEQ,669056235337107,21,1028,357189086,43
DEQ,669056242308541,21,1028,364158409,42
DEQ,669056249332200,21,1028,371179910,41
DEQ,669056256339809,21,1028,378185551,40
DEQ,669056263336250,21,1028,385180003,39
DEQ,669056270322677,21,1028,392164437,92
DEQ,669056277346205,21,1028,399185867,91
DEQ,669056284345183,21,1028,406182865,90
DEQ,669056291345534,21,1028,413181158,89
DEQ,669056298350404,21,1028,420184034,88
DEQ,669056305345573,21,1028,427177111,87
DEQ,669056312342642,21,1028,434172030,86
DEQ,669056319345519,21,1028,441172759,85
DEQ,669056326345500,21,1028,448170738,84
DEQ,669056333338903,21,1028,455162161,83
DEQ,669056340345158,21,1028,462166380,82
DEQ,669056347352198,21,1028,469171450,81
DEQ,669056354348128,21,1028,476165413,80
DEQ,669056361346443,21,1028,483161725,79
DEQ,669056368342204,21,1028,490155287,78
DEQ,669056375345458,21,1028,497156467,77
DEQ,669056382347740,21,1028,504156757,76
DEQ,669056389351670,21,1028,511158602,75
DEQ,669056396343453,21,1028,518148275,74
DEQ,669056403345632,21,1028,525148396,73
DEQ,669056410337610,21,1028,532138116,72
DEQ,669056417344797,21,1028,539123008,71
DEQ,669056424338467,21,1028,546115987,70
DEQ,669056431239478,21,1028,553016251,69
DEQ,669056438352627,21,1028,560128637,68
DEQ,669056445341427,21,1028,567116806,67
DEQ,669056452343490,21,1028,574113526,66
DEQ,669056459344177,21,1028,581113547,65
DEQ,669056466343538,21,1028,588112193,64
DEQ,669056473346383,21,1028,595114207,63
DEQ,669056480345182,21,1028,602112350,62
DEQ,669056487347334,21,1028,609113679,61
DEQ,669056494343590,21,1028,616109207,60
DEQ,669056501346419,21,1028,623111400,59
DEQ,669056508343413,21,1028,630107687,58
DEQ,669056515343939,21,1028,637107526,57
DEQ,669056522345090,21,1028,516219873,56
DEQ,669056529343849,21,1028,523206913,55
DEQ,669056536345344,21,1028,530206174,55
DEQ,669056543349037,21,1028,273224059,54
DEQ,669056550340510,21,1028,280209910,53
DEQ,669056557341666,21,1028,287208790,52
DEQ,669056564346373,21,1028,294211264,51
DEQ,669056571356797,21,1028,301219537,50
DEQ,669056578347811,21,1028,308208389,49
DEQ,669056585350240,21,1028,315208622,48
DEQ,669056592348794,21,1028,322205022,47
DEQ,669056599355179,21,1028,329209291,46
DEQ,669056606337002,21,1028,336188647,45
DEQ,669056613333146,21,1028,343182551,44
DEQ,669056620337214,21,1028,350184470,43
DEQ,669056627336555,21,1028,357181737,42
DEQ,669056634347774,21,1028,364190415,41
DEQ,669056641326574,21,1028,371166587,40
DEQ,669056648360340,21,1028,378198192,39
DEQ,669056655356470,21,1028,385192284,38
DEQ,669056662314359,21,1028,392147720,91
DEQ,669056669346391,21,1028,399177477,90
DEQ,669056676345961,21,1028,406174905,89
DEQ,669056683346450,21,1028,413173256,88
DEQ,669056690284722,21,1028,420109377,87
DEQ,669056697351288,21,1028,427173846,86
DEQ,669056704350498,21,1028,434170928,85
DEQ,669056711357268,21,1028,441175581,84
DEQ,669056718343495,21,1028,448159760,83
DEQ,669056725348163,21,1028,455162374,82
DEQ,669056732343432,21,1028,462155603,81
DEQ,669056739345602,21,1028,469155638,80
DEQ,669056746349436,21,1028,476157312,79
DEQ,669056753343909,21,1028,483149734,78
DEQ,669056760343749,21,1028,490147592,77
DEQ,669056767347790,21,1028,497149368,76
DEQ,669056774342642,21,1028,504141687,75
DEQ,669056781349004,21,1028,511125832,74
DEQ,669056788352007,21,1028,518127890,73
DEQ,669056795353745,21,1028,525128871,72
DEQ,669056802348627,21,1028,532123022,71
DEQ,669056809352871,21,1028,539126462,70
DEQ,669056816346645,21,1028,546115293,69
DEQ,669056823348671,21,1028,553116474,68
DEQ,669056830343052,21,1028,560110057,67
DEQ,669056837353338,21,1028,567119615,66
DEQ,669056844354411,21,1028,574119792,65
DEQ,669056851353485,21,1028,581118021,64
DEQ,669056858347206,21,1028,588111008,63
DEQ,669056865347191,21,1028,595110038,62
DEQ,669056872351442,21,1028,602113452,61
DEQ,669056879341858,21,1028,609103152,60
DEQ,669056886347276,21,1028,616107817,59
DEQ,669056893347929,21,1028,623107532,58
DEQ,669056900340012,21,1028,630098891,57
DEQ,669056907353201,21,1028,637111348,56
DEQ,669056914348704,21,1028,644106022,55
DEQ,669056921347852,21,84,387213523,54
DEQ,669056928345392,21,1028,266218899,53
DEQ,669056935344812,21,1028,273211255,52
DEQ,669056942343594,21,1028,280207729,51
DEQ,669056949340504,21,1028,287202436,50
DEQ,669056956351069,21,1028,294210762,49
DEQ,669056963345601,21,1028,301203104,48
DEQ,669056970343613,21,1028,308199102,47
STATS,669056970474570,47,48316,2525,2478,0,0,0
DEQ,669056977346493,21,1028,315199899,46
DEQ,669056984337759,21,1028,322189079,45
DEQ,669056991281124,21,1028,329130341,44
DEQ,669056998346147,21,1028,336193248,43
DEQ,669057005316527,21,1028,343161209,42
DEQ,669057012333607,21,1028,350176272,41
DEQ,669057019334987,21,1028,357175298,40
DEQ,669057026352058,21,1028,364189964,39
DEQ,669057033351604,21,1028,371187250,38
DEQ,669057040346141,21,1028,378179484,37
DEQ,669057047347729,21,1028,385179008,36
DEQ,669057054328028,21,1028,392157112,89
DEQ,669057061348453,21,1028,399175452,88
DEQ,669057068352450,21,1028,406177309,87
DEQ,669057075344005,21,1028,413166552,86
DEQ,669057082347723,21,1028,420167793,85
DEQ,669057089346553,21,1028,427164520,84
DEQ,669057096353654,21,1028,434169548,83
DEQ,669057103338163,21,1028,441151868,82
DEQ,669057110333634,21,1028,448145229,81
DEQ,669057117347387,21,1028,455156892,80
DEQ,669057124348647,21,1028,462155909,79
DEQ,669057131345784,21,1028,469150934,78
DEQ,669057138346285,21,1028,476149334,77
DEQ,669057145349052,21,1028,483149948,76
DEQ,669057152338715,21,1028,490117428,75
DEQ,669057159344066,21,1028,497122086,74
DEQ,669057166346481,21,1028,504123745,73
DEQ,669057173338206,21,1028,511114750,72
DEQ,669057180343674,21,1028,518119560,71
DEQ,669057187347451,21,1028,525118039,70
DEQ,669057194347294,21,1028,532117209,69
DEQ,669057201349408,21,1028,539118575,68
DEQ,669057208339133,21,1028,546107578,67
DEQ,669057215348087,21,1028,553115653,66
DEQ,669057222347385,21,1028,560114257,65
DEQ,669057229350526,21,1028,567116144,64
DEQ,669057236349960,21,1028,574114834,63
DEQ,669057243341902,21,1028,581106118,62
DEQ,669057250342642,21,1028,588106117,61
DEQ,669057257361400,21,1028,595123880,60
DEQ,669057264348878,21,1028,602110124,59
DEQ,669057271348625,21,1028,609109137,58
DEQ,669057278360139,21,1028,616119800,57
DEQ,669057285345882,21,1028,623104758,56
DEQ,669057292303856,21,1028,630061988,55
DEQ,669057299350023,21,1028,637107431,54
DEQ,669057306345417,21,1028,252219135,53
DEQ,669057313350100,21,1028,259218269,52
DEQ,669057320344651,21,1028,266210350,51
DEQ,669057327345061,21,1028,273208439,50
DEQ,669057334343831,21,1028,280204715,49
DEQ,669057341347516,21,1028,287206177,48
DEQ,669057348345523,21,1028,294202049,47
DEQ,669057355344207,21,1028,301198648,46
DEQ,669057362338876,21,1028,308191115,45
DEQ,669057369357741,21,1028,315207411,44
DEQ,669057376354069,21,1028,322200853,43
DEQ,669057383312877,21,1028,329157432,42
DEQ,669057390341313,21,1028,336183705,41
DEQ,669057397339155,21,1028,343179229,40
DEQ,669057404352255,21,1028,350190206,39
DEQ,669057411347145,21,1028,357183090,38
DEQ,669057418346353,21,1028,364180203,37
DEQ,669057425351792,21,1028,371183670,36
DEQ,669057432342965,21,1028,378172620,35
DEQ,669057439348338,21,1028,385175989,34
DEQ,669057446316320,21,1028,392141947,87
DEQ,669057453346124,21,1028,399169454,86
DEQ,669057460343858,21,1028,406164001,85
DEQ,669057467345933,21,1028,413163917,84
DEQ,669057474343797,21,1028,420159674,83
DEQ,669057481346495,21,1028,427160325,82
DEQ,669057488350524,21,1028,434162351,81
DEQ,669057495345075,21,1028,441154912,80
DEQ,669057502343781,21,1028,448151365,79
DEQ,669057509350760,21,1028,455156179,78
DEQ,669057516346305,21,1028,462149676,77
DEQ,669057523346812,21,1028,469147783,76
DEQ,669057530349508,21,1028,476127927,75
DEQ,669057537356616,21,1028,483134341,74
DEQ,669057544343084,21,1028,490120009,73
DEQ,669057551351780,21,1028,497127847,72
DEQ,669057558336345,21,1028,504111677,71
DEQ,669057565342541,21,1028,511112507,70
DEQ,669057572347250,21,1028,518116388,69
DEQ,669057579344988,21,1028,525113377,69
DEQ,669057586348017,21,1028,532115766,68
DEQ,669057593332570,21,1028,539099532,67
DEQ,669057600343094,21,1028,546109314,66
DEQ,669057607340027,21,1028,553105551,65
DEQ,669057614343903,21,1028,560108771,64
DEQ,669057621345130,21,1028,567109325,63
DEQ,669057628347898,21,1028,574111359,62
DEQ,669057635353200,21,1028,581115929,61
DEQ,669057642345540,21,1028,588107550,60
DEQ,669057649345118,21,1028,595106477,59
DEQ,669057656340472,21,1028,602101134,58
DEQ,669057663344198,21,1028,609104201,57
DEQ,669057670351460,21,1028,616110794,56
DEQ,669057677344239,21,1028,623102908,55
DEQ,669057684344700,21,1028,238223905,54
DEQ,669057691341189,21,1028,245212851,53
DEQ,669057698343960,21,1028,252213321,52
DEQ,669057705343399,21,1028,259210552,51
DEQ,669057712349723,21,1028,266214497,50
DEQ,669057719343469,21,1028,273206158,49
DEQ,669057726245352,21,1028,280105876,48
DEQ,669057733353465,21,1028,287211987,47
DEQ,669057740332208,21,1028,294188668,46
DEQ,669057747353651,21,1028,301208006,45
DEQ,669057754340626,21,1028,308192987,44
DEQ,669057761338718,21,1028,315189052,43
DEQ,669057768346377,21,1028,322194616,42
DEQ,669057775342550,21,1028,329188700,41
DEQ,669057782358074,21,1028,336202131,40
DEQ,669057789350830,21,1028,343192771,39
DEQ,669057796340781,21,1028,350180534,38
DEQ,669057803361996,21,1028,357199623,37
DEQ,669057810358449,21,1028,364194027,36
DEQ,669057817352472,21,1028,371185901,35
DEQ,669057824349271,21,1028,378180637,34
DEQ,669057831351573,21,1028,385180742,33
DEQ,669057838285143,21,1028,392112200,86
DEQ,669057845348220,21,1028,399173022,85
DEQ,669057852341000,21,1028,406163733,84
DEQ,669057859353980,21,1028,413174687,83
DEQ,669057866354714,21,1028,420173236,82
DEQ,669057873347838,21,1028,427164294,81
DEQ,669057880346913,21,1028,434161397,80
DEQ,669057887350505,21,1028,441162852,79
DEQ,669057894351568,21,1028,448161731,78
DEQ,669057901340600,21,1028,455148455,77
DEQ,669057908351524,21,1028,462156871,76
DEQ,669057915346063,21,1028,469149180,75
DEQ,669057922344002,21,1028,476123489,74
DEQ,669057929346012,21,1028,483124684,73
DEQ,669057936349055,21,1028,490126943,72
DEQ,669057943344355,21,1028,497121522,71
DEQ,669057950345729,21,1028,504122175,70
DEQ,669057957341073,21,1028,511112150,69
DEQ,669057964347349,21,1028,518117719,68
DEQ,669057971346095,21,1028,525115495,67
STATS,669057971478292,67,67932,2688,2621,0,0,0
DEQ,669057978355009,21,1028,532123650,66
DEQ,669057985345992,21,1028,539113714,65
DEQ,669057992342394,21,1028,546109280,64
DEQ,669057999348479,21,1028,553114699,63
DEQ,669058006240126,21,1028,560005576,62
DEQ,669058013352297,21,1028,567116972,61
DEQ,669058020353265,21,1028,574117185,60
DEQ,669058027369762,21,1028,581132923,59
DEQ,669058034352027,21,1028,588114538,58
DEQ,669058041346674,21,1028,595108415,57
DEQ,669058048356383,21,1028,602117343,56
DEQ,669058055348408,21,1028,609108686,55
DEQ,669058062288095,21,84,488160187,54
DEQ,669058069358542,21,1028,231242065,53
DEQ,669058076339040,21,1028,238214066,52
DEQ,669058083350154,21,1028,245223306,51
DEQ,669058090356812,21,1028,252227856,50
DEQ,669058097345318,21,1028,259214249,49
DEQ,669058104350729,21,1028,266217649,48
DEQ,669058111336940,21,1028,273201848,47
DEQ,669058118347497,21,1028,280210106,46
DEQ,669058125353839,21,1028,287213525,45
DEQ,669058132334074,21,1028,294191384,44
DEQ,669058139346175,21,1028,301201390,43
DEQ,669058146309754,21,1028,308162844,42
DEQ,669058153353651,21,1028,315204636,41
DEQ,669058160339794,21,1028,322188704,40
DEQ,669058167342949,21,1028,329189811,39
DEQ,669058174351655,21,1028,336196373,38
DEQ,669058181349459,21,1028,343192026,37
DEQ,669058188346646,21,1028,350187218,36
DEQ,669058195256317,21,1028,357094875,35
DEQ,669058202353244,21,1028,364189667,34
DEQ,669058209347071,21,1028,371181436,33
DEQ,669058216344152,21,1028,378176532,32
DEQ,669058223354555,21,1028,385184926,31
DEQ,669058230313354,21,1028,392141683,84
DEQ,669058237347002,21,1028,399173345,83
DEQ,669058244344128,21,1028,406168424,82
DEQ,669058251346123,21,1028,413164793,81
DEQ,669058258344155,21,1028,420161890,80
DEQ,669058265344557,21,1028,427161535,79
DEQ,669058272345106,21,1028,434161025,78
DEQ,669058279347091,21,1028,441157813,77
DEQ,669058286340854,21,1028,448150848,76
DEQ,669058293345415,21,1028,455154653,75
DEQ,669058300351703,21,1028,462160241,74
DEQ,669058307353455,21,1028,469161222,73
DEQ,669058314345833,21,1028,476152842,72
DEQ,669058321347958,21,1028,483154247,71
DEQ,669058328343403,21,1028,490148948,70
DEQ,669058335352078,21,1028,497156959,69
DEQ,669058342340003,21,1028,504143770,68
DEQ,669058349347916,21,1028,511151021,67
DEQ,669058356345857,21,1028,518148221,66
DEQ,669058363344591,21,1028,525146287,65
DEQ,669058370345698,21,1028,532146622,64
DEQ,669058377349148,21,1028,539149444,63
DEQ,669058384344143,21,1028,546143703,62
DEQ,669058391344571,21,1028,553143487,61
DEQ,669058398344184,21,1028,560142444,60
DEQ,669058405346841,21,1028,567144478,59
DEQ,669058412347520,21,1028,574144489,58
DEQ,669058419350503,21,1028,581146326,57
DEQ,669058426355062,21,1028,588150108,56
DEQ,669058433348097,21,1028,595142097,55
DEQ,669058440350160,21,1028,602143408,54
DEQ,669058447345751,21,1028,217220706,53
DEQ,669058454258077,21,1028,224126335,52
DEQ,669058461343735,21,1028,231209716,51
DEQ,669058468348442,21,1028,238212089,50
DEQ,669058475346289,21,1028,245207742,49
DEQ,669058482345991,21,1028,252205165,48
DEQ,669058489349117,21,1028,259206142,47
DEQ,669058496338313,21,1028,266193257,46
DEQ,669058503336519,21,1028,273189399,45
DEQ,669058510332771,21,1028,280183490,44
DEQ,669058517321359,21,1028,287169972,43
DEQ,669058524330885,21,1028,294177203,42
DEQ,669058531334629,21,1028,301178900,41
DEQ,669058538315103,21,1028,308157129,40
DEQ,669058545343838,21,1028,315183810,39
DEQ,669058552344250,21,1028,322182074,38
DEQ,669058559344645,21,1028,329180403,37
DEQ,669058566349762,21,1028,336181992,36
DEQ,669058573355216,21,1028,343185368,35
DEQ,669058580341315,21,1028,350169401,34
DEQ,669058587349427,21,1028,357175054,33
DEQ,669058594288210,21,1028,364111704,32
DEQ,669058601349597,21,1028,371170928,31
DEQ,669058608340099,21,1028,378159307,30
DEQ,669058615344679,21,1028,385161862,29
DEQ,669058622319174,21,1028,392134392,82
DEQ,669058629346253,21,1028,399159390,81
DEQ,669058636339194,21,1028,406150345,80
DEQ,669058643339608,21,1028,413148642,79
DEQ,669058650340095,21,1028,420146950,78
DEQ,669058657352138,21,1028,427156955,77
DEQ,669058664340997,21,1028,434143685,76
DEQ,669058671343809,21,1028,441122882,75
DEQ,669058678344267,21,1028,448122396,74
DEQ,669058685343843,21,1028,455121303,73
DEQ,669058692351765,21,1028,462124290,72
DEQ,669058699347164,21,1028,469118896,71
DEQ,669058706289520,21,1028,476060474,70
DEQ,669058713345554,21,1028,483115300,69
DEQ,669058720353130,21,1028,490122068,68
DEQ,669058727343246,21,1028,497111526,67
DEQ,669058734350742,21,1028,504118207,66
DEQ,669058741347576,21,1028,511114393,65
DEQ,669058748340139,21,1028,518106152,64
DEQ,669058755344757,21,1028,525110055,63
DEQ,669058762344306,21,1028,532108865,62
DEQ,669058769348872,21,1028,539112677,61
DEQ,669058776347668,21,1028,546110751,60
DEQ,669058783361488,21,1028,553123807,59
DEQ,669058790348481,21,1028,560109969,58
DEQ,669058797346425,21,1028,567107202,57
DEQ,669058804329998,21,1028,574090070,56
DEQ,669058811344812,21,1028,581104112,55
DEQ,669058818344331,21,1028,588102795,54
DEQ,669058825358070,21,1028,203230562,53
DEQ,669058832343568,21,1028,210210515,52
DEQ,669058839344870,21,1028,217209549,51
DEQ,669058846360620,21,1028,224221966,50
DEQ,669058853349701,21,1028,231208511,49
DEQ,669058860348092,21,1028,238204257,48
DEQ,669058867353792,21,1028,245207852,47
DEQ,669058874340623,21,1028,252192662,46
DEQ,669058881344891,21,1028,259194838,45
DEQ,669058888342790,21,1028,266190732,59
DEQ,669058895281713,21,1028,273127556,58
DEQ,669058902332028,21,1028,280175844,57
DEQ,669058909347653,21,1028,287189299,56
DEQ,669058916326922,21,1028,294166457,55
DEQ,669058923338861,21,1028,301176244,54
DEQ,669058930340156,21,1028,308175422,53
DEQ,669058937342209,21,1028,315175387,52
DEQ,669058944343575,21,1028,322174434,51
DEQ,669058951250016,21,1028,329078903,50
DEQ,669058958346242,21,1028,336173139,49
DEQ,669058965343141,21,1028,343168014,48
DEQ,669058972351121,21,1028,350173918,47
STATS,669058972480743,47,48316,2811,2764,0,0,0
DEQ,669058979340677,21,1028,357161305,46
DEQ,669058986344352,21,1028,364162842,45
DEQ,669058993351498,21,1028,371168028,44
DEQ,669059000338633,21,1028,378152851,43
DEQ,669059007346527,21,1028,385158379,42
DEQ,669059014324426,21,1028,392133953,80
DEQ,669059021348750,21,1028,399156136,79
DEQ,669059028353138,21,1028,406158476,78
DEQ,669059035344499,21,1028,413147764,77
DEQ,669059042348051,21,1028,420128243,76
DEQ,669059049362606,21,1028,427141876,75
DEQ,669059056347995,21,1028,434126491,74
DEQ,669059063323209,21,1028,441100941,73
DEQ,669059070354796,21,1028,448131800,72
DEQ,669059077343831,21,1028,455115976,71
DEQ,669059084348706,21,1028,462120087,70
DEQ,669059091344794,21,1028,469115237,69
DEQ,669059098346072,21,1028,476115800,68
DEQ,669059105347386,21,1028,483116380,67
DEQ,669059112349504,21,1028,490117848,66
DEQ,669059119344940,21,1028,497112511,65
DEQ,669059126344323,21,1028,504111134,64
DEQ,669059133347373,21,1028,511113533,63
DEQ,669059140346030,21,1028,518111545,62
DEQ,669059147349835,21,1028,525114486,61
DEQ,669059154349482,21,1028,532113396,60
DEQ,669059161347313,21,1028,539110505,59
DEQ,669059168353645,21,1028,546116118,58
DEQ,669059175361517,21,1028,553123339,57
DEQ,669059182355433,21,1028,560116598,56
DEQ,669059189352881,21,1028,567113119,55
DEQ,669059196320704,21,1028,574080176,54
DEQ,669059203354876,21,1028,317243242,53
DEQ,669059210350102,21,1028,324229885,52
DEQ,669059217348181,21,1028,331225839,51
DEQ,669059224353256,21,1028,338228819,50
DEQ,669059231346980,21,1028,345220517,49
DEQ,669059238353373,21,1028,352224429,48
DEQ,669059245354168,21,1028,359223076,47
DEQ,669059252348225,21,1028,366215042,46
DEQ,669059259356104,21,1028,373220910,45
DEQ,669059266372915,21,1028,380235706,44
DEQ,669059273345026,21,1028,387205579,43
DEQ,669059280315695,21,1028,394174088,71
DEQ,669059287342547,21,1028,401182626,70
DEQ,669059294335422,21,1028,407264875,69
DEQ,669059301340732,21,1028,413264115,68
DEQ,669059308346169,21,1028,294224111,67
DEQ,669059315344889,21,1028,301215954,66
DEQ,669059322347836,21,1028,308216586,65
DEQ,669059329343324,21,1028,315209457,64
DEQ,669059336348681,21,1028,322212539,63
DEQ,669059343344844,21,1028,329206521,62
DEQ,669059350304537,21,1028,336164011,61
DEQ,669059357349197,21,1028,343206594,60
DEQ,669059364346292,21,1028,350201609,59
DEQ,669059371363692,21,1028,357216990,58
DEQ,669059378354412,21,1028,364205584,57
DEQ,669059385347006,21,1028,371196024,56
DEQ,669059392349800,21,1028,378196720,55
DEQ,669059399344724,21,1028,385189628,54
DEQ,669059406334487,21,1028,392177394,78
DEQ,669059413359911,21,1028,399200692,77
DEQ,669059420350762,21,1028,406189337,76
DEQ,669059427349632,21,1028,413185766,75
DEQ,669059434350466,21,1028,420184601,74
DEQ,669059441352132,21,1028,427184199,73
DEQ,669059448350252,21,1028,434179978,72
DEQ,669059455344967,21,1028,441172539,71
DEQ,669059462353750,21,1028,448179334,70
DEQ,669059469352216,21,1028,455175707,69
DEQ,669059476348792,21,1028,462170250,68
DEQ,669059483339181,21,1028,469158628,67
DEQ,669059490348005,21,1028,476165459,66
DEQ,669059497333498,21,1028,483148601,65
DEQ,669059504346600,21,1028,490159526,64
DEQ,669059511346663,21,1028,497157467,63
DEQ,669059518346126,21,1028,504154845,62
DEQ,669059525340844,21,1028,511147553,61
DEQ,669059532357055,21,1028,518161520,60
DEQ,669059539346717,21,1028,525149032,59
DEQ,669059546344913,21,1028,532124970,58
DEQ,669059553352571,21,1028,539131934,57
DEQ,669059560349702,21,1028,546128239,56
DEQ,669059567345213,21,1028,553123055,55
DEQ,669059574349823,21,1028,560126992,54
DEQ,669059581360482,21,1028,303257500,53
DEQ,669059588286336,21,1028,310174737,52
DEQ,669059595350489,21,1028,317236761,51
DEQ,669059602342321,21,1028,324226013,50
DEQ,669059609363342,21,1028,331244794,49
DEQ,669059616352039,21,1028,338231354,48
DEQ,669059623363680,21,1028,345239755,47
DEQ,669059630350507,21,1028,352224563,46
DEQ,669059637344021,21,1028,359216080,45
DEQ,669059644327131,21,1028,366197154,44
DEQ,669059651313476,21,1028,373181508,43
DEQ,669059658346469,21,1028,380212367,42
DEQ,669059665340778,21,1028,387204709,41
DEQ,669059672347176,21,1028,394208999,85
DEQ,669059679342479,21,1028,401202313,84
DEQ,669059686340425,21,1028,408198189,83
DEQ,669059693346684,21,1028,415202306,82
DEQ,669059700346341,21,1028,422199868,81
DEQ,669059707288198,21,1028,429139751,80
DEQ,669059714351357,21,1028,436200783,79
DEQ,669059721345892,21,1028,443193230,78
DEQ,669059728345570,21,1028,450190917,77
DEQ,669059735350891,21,1028,457194158,76
DEQ,669059742347785,21,1028,464188936,75
DEQ,669059749350858,21,1028,471189987,74
DEQ,669059756297159,21,1028,478134289,73
DEQ,669059763346583,21,1028,485181728,72
DEQ,669059770349569,21,1028,491786440,71
DEQ,669059777349189,21,1028,497875229,70
DEQ,669059784347992,21,1028,378226458,69
DEQ,669059791351684,21,1028,385222586,68
DEQ,669059798325538,21,1028,392194146,77
DEQ,669059805355940,21,1028,399221892,76
DEQ,669059812344833,21,1028,406208572,75
DEQ,669059819348444,21,1028,413210063,74
DEQ,669059826338184,21,1028,420197733,73
DEQ,669059833343862,21,1028,427201270,72
DEQ,669059840348495,21,1028,434203652,71
DEQ,669059847350669,21,1028,441203809,70
DEQ,669059854354096,21,1028,448205254,69
DEQ,669059861342208,21,1028,455191244,68
DEQ,669059868349627,21,1028,462196668,67
DEQ,669059875351566,21,1028,469196454,66
DEQ,669059882348868,21,1028,476191683,65
DEQ,669059889353424,21,1028,483194223,64
DEQ,669059896352280,21,1028,490191049,63
DEQ,669059903346768,21,1028,497183408,62
DEQ,669059910286682,21,1028,504121317,61
DEQ,669059917346837,21,1028,511179399,60
DEQ,669059924346485,21,1028,518177042,59
DEQ,669059931352653,21,1028,525179929,58
DEQ,669059938346518,21,1028,532171596,57
DEQ,669059945348433,21,1028,539171424,56
DEQ,669059952351446,21,1028,546172431,55
DEQ,669059959347702,21,84,289212689,54
DEQ,669059966349792,21,1028,296205709,53
DEQ,669059973350121,21,1028,303203876,52
STATS,669059973484989,52,53456,2959,2907,0,0,0
DEQ,669059980349343,21,1028,310201047,51
DEQ,669059987351217,21,1028,317200898,50
DEQ,669059994346971,21,1028,324194360,49
DEQ,669060001348321,21,1028,331193593,48
DEQ,669060008343149,21,1028,338186406,47
DEQ,669060015346274,21,1028,345187443,46
DEQ,669060022340447,21,1028,352179576,45
DEQ,669060029334355,21,1028,359171292,44
DEQ,669060036316542,21,1028,366151371,43
DEQ,669060043331846,21,1028,373164700,42
DEQ,669060050338100,21,1028,380168946,41
DEQ,669060057336895,21,1028,387165742,40
DEQ,669060064344842,21,1028,394171322,90
DEQ,669060071346913,21,1028,401171409,89
DEQ,669060078348111,21,1028,408170114,88
DEQ,669060085346953,21,1028,415166738,87
DEQ,669060092348967,21,1028,422166678,86
DEQ,669060099350445,21,1028,429166097,85
DEQ,669060106351274,21,1028,436164944,84
DEQ,669060113349969,21,1028,443161634,83
DEQ,669060120350407,21,1028,450159896,82
DEQ,669060127350546,21,1028,457157868,81
DEQ,669060134351125,21,1028,464156380,80
DEQ,669060141352549,21,1028,471155807,79
DEQ,669060148345786,21,1028,478146877,78
DEQ,669060155345956,21,1028,485144895,77
DEQ,669060162346492,21,1028,492143345,76
DEQ,669060169345273,21,1028,499140164,75
DEQ,669060176348232,21,1028,506140980,74
DEQ,669060183349421,21,1028,513140189,73
DEQ,669060190333078,21,1028,520121607,75
DEQ,669060197346891,21,1028,527133296,74
DEQ,669060204344799,21,1028,534129211,73
DEQ,669060211355173,21,1028,541137443,72
DEQ,669060218344821,21,1028,548125019,71
DEQ,669060225346368,21,1028,555124574,70
DEQ,669060232348221,21,1028,562124451,69
DEQ,669060239346100,21,1028,569120343,68
DEQ,669060246345151,21,1028,576117391,67
DEQ,669060253340231,21,1028,583110410,66
DEQ,669060260361268,21,1028,589346513,65
DEQ,669060267340498,21,1028,595324694,64
DEQ,669060274354527,21,1028,476227343,63
DEQ,669060281361354,21,1028,483228337,62
DEQ,669060288347596,21,1028,490211757,61
DEQ,669060295352454,21,1028,497214497,60
DEQ,669060302350948,21,1028,504210818,59
DEQ,669060309350068,21,1028,511207850,58
DEQ,669060316354254,21,1028,518209983,57
DEQ,669060323349197,21,1028,525202836,56
DEQ,669060330350088,21,1028,532201721,55
DEQ,669060337348634,21,1028,539198229,54
DEQ,669060344351481,21,1028,282341144,53
DEQ,669060351349526,21,1028,289330952,52
DEQ,669060358349170,21,1028,296328483,51
DEQ,669060365360624,21,1028,303337822,50
DEQ,669060372354627,21,1028,310329743,49
DEQ,669060379345331,21,1028,317302533,48
DEQ,669060386345182,21,1028,324300263,47
DEQ,669060393354318,21,1028,331307283,46
DEQ,669060400336718,21,1028,338287484,45
DEQ,669060407344472,21,1028,345293126,44
DEQ,669060414334112,21,1028,352280695,43
DEQ,669060421335212,21,1028,359279694,42
DEQ,669060428346675,21,1028,366289038,41
DEQ,669060435337870,21,1028,373278039,40
DEQ,669060442350763,21,1028,380288497,39
DEQ,669060449348696,21,1028,387284240,38
DEQ,669060456344973,21,1028,394277930,91
DEQ,669060463348209,21,1028,401278897,90
DEQ,669060470344928,21,1028,408273428,89
DEQ,669060477346235,21,1028,415271038,88
DEQ,669060484349138,21,1028,422271820,87
DEQ,669060491354205,21,1028,429274707,86
DEQ,669060498350247,21,1028,436268587,85
DEQ,669060505350028,21,1028,443266262,84
DEQ,669060512348338,21,1028,450260162,83
DEQ,669060519344573,21,1028,457253280,82
DEQ,669060526345019,21,1028,464251614,81
DEQ,669060533341178,21,1028,471245707,80
DEQ,669060540344956,21,1028,478247528,79
DEQ,669060547345413,21,1028,485245940,78
DEQ,669060554344904,21,1028,492243001,77
DEQ,669060561345348,21,1028,499241198,76
DEQ,669060568344554,21,1028,506238309,75
DEQ,669060575346071,21,1028,513237651,74
DEQ,669060582340958,21,1028,520230445,73
DEQ,669060589261908,21,1028,527149312,72
DEQ,669060596344962,21,1028,534230417,71
DEQ,669060603360416,21,1028,541243898,70
DEQ,669060610346940,21,1028,548228439,69
DEQ,669060617354472,21,1028,555233999,68
DEQ,669060624348488,21,1028,562225515,67
DEQ,669060631351487,21,1028,569226464,66
DEQ,669060638350299,21,1028,576223299,65
DEQ,669060645353224,21,1028,583224248,64
DEQ,669060652354305,21,1028,590223268,63
DEQ,669060659356578,21,1028,597223473,62
DEQ,669060666364152,21,1028,604228905,61
DEQ,669060673350136,21,1028,611212909,60
DEQ,669060680350883,21,1028,618211700,59
DEQ,669060687349336,21,1028,624217229,58
DEQ,669060694316670,21,1028,630192760,57
DEQ,669060701346354,21,1028,511217482,56
DEQ,669060708286168,21,1028,518151855,55
DEQ,669060715347910,21,1028,525211278,55
DEQ,669060722348406,21,1028,268220358,54
DEQ,669060729352941,21,1028,275215982,53
DEQ,669060736343438,21,1028,282204288,52
DEQ,669060743342911,21,1028,289201525,51
DEQ,669060750346904,21,1028,296203354,50
DEQ,669060757347878,21,1028,303202074,49
DEQ,669060764347566,21,1028,310199417,48
DEQ,669060771349552,21,1028,317199304,47
DEQ,669060778337563,21,1028,324185121,46
DEQ,669060785337185,21,1028,331182628,45
DEQ,669060792339296,21,1028,338182631,44
DEQ,669060799285581,21,1028,345126848,43
DEQ,669060806356454,21,1028,352195718,42
DEQ,669060813348026,21,1028,359185277,41
DEQ,669060820350824,21,1028,366185926,40
DEQ,669060827347157,21,1028,373179996,39
DEQ,669060834348356,21,1028,380179181,38
DEQ,669060841358899,21,1028,387187662,37
DEQ,669060848350925,21,1028,394177555,90
DEQ,669060855345537,21,1028,401170135,89
DEQ,669060862341732,21,1028,408164301,88
DEQ,669060869345514,21,1028,415165868,87
DEQ,669060876340179,21,1028,422158479,86
DEQ,669060883345559,21,1028,429161577,85
DEQ,669060890352630,21,1028,436166473,84
DEQ,669060897347188,21,1028,443159008,83
DEQ,669060904341205,21,1028,450151036,82
DEQ,669060911340595,21,1028,457148432,81
DEQ,669060918345182,21,1028,464150848,80
DEQ,669060925349477,21,1028,471153115,79
DEQ,669060932350665,21,1028,478151870,78
DEQ,669060939350176,21,1028,485149162,77
DEQ,669060946351773,21,1028,492148530,76
DEQ,669060953358825,21,1028,499153561,75
DEQ,669060960342459,21,1028,506135018,74
DEQ,669060967354726,21,1028,513145230,73
DEQ,669060974349320,21,1028,520137700,72
STATS,669060974402067,72,73072,3122,3050,0,0,0
DEQ,669060981343946,21,1028,527130246,71
DEQ,669060988345257,21,1028,534129445,70
DEQ,669060995348927,21,1028,541130967,69
DEQ,669061002345250,21,1028,548124982,68
DEQ,669061009345533,21,1028,555123170,67
DEQ,669061016346812,21,1028,562122201,66
DEQ,669061023351668,21,1028,569124707,65
DEQ,669061030346858,21,1028,576117356,64
DEQ,669061037348965,21,1028,583117412,63
DEQ,669061044347677,21,1028,590114066,62
DEQ,669061051348098,21,1028,597112067,61
DEQ,669061058346795,21,1028,604108659,60
DEQ,669061065350577,21,1028,611110292,59
DEQ,669061072361519,21,1028,618119184,58
DEQ,669061079362147,21,1028,625117400,57
DEQ,669061086351164,21,1028,632104330,56
DEQ,669061093365085,21,1028,639116172,55
DEQ,669061100312726,21,84,390187608,54
DEQ,669061107350209,21,1028,261222362,53
DEQ,669061114347291,21,1028,268209376,52
DEQ,669061121347182,21,1028,275206944,51
DEQ,669061128341968,21,1028,282199432,50
DEQ,669061135344792,21,1028,289199977,49
DEQ,669061142305204,21,1028,296158195,48
DEQ,669061149353123,21,1028,303204036,47
DEQ,669061156345237,21,1028,310194003,46
DEQ,669061163331507,21,1028,317178099,45
DEQ,669061170351108,21,1028,324195630,44
DEQ,669061177343182,21,1028,331185559,43
DEQ,669061184349389,21,1028,338189621,42
DEQ,669061191321522,21,1028,345159684,41
DEQ,669061198345277,21,1028,352181264,40
DEQ,669061205335576,21,1028,359169557,39
DEQ,669061212333651,21,1028,366165475,38
DEQ,669061219345640,21,1028,373175412,37
DEQ,669061226356061,21,1028,380183692,36
DEQ,669061233353943,21,1028,387179505,35
DEQ,669061240343476,21,1028,394166906,88
DEQ,669061247348836,21,1028,401170100,87
DEQ,669061254347742,21,1028,408166897,86
DEQ,669061261344046,21,1028,415160386,85
DEQ,669061268289396,21,1028,422103721,84
DEQ,669061275345529,21,1028,429157764,83
DEQ,669061282345262,21,1028,436155465,82
DEQ,669061289351529,21,1028,443159581,81
DEQ,669061296337722,21,1028,450143536,80
DEQ,669061303288347,21,1028,457092021,79
DEQ,669061310351605,21,1028,464153024,78
DEQ,669061317350482,21,1028,471149880,77
DEQ,669061324347812,21,1028,478144902,76
DEQ,669061331347391,21,1028,485142111,75
DEQ,669061338346967,21,1028,492139304,74
DEQ,669061345345913,21,1028,499136019,73
DEQ,669061352345226,21,1028,506133201,72
DEQ,669061359359855,21,1028,513145553,71
DEQ,669061366352802,21,1028,520136355,70
DEQ,669061373358495,21,1028,527139893,69
DEQ,669061380346954,21,1028,534126311,68
DEQ,669061387345570,21,1028,541122946,67
DEQ,669061394345715,21,1028,548121125,66
DEQ,669061401348132,21,1028,555121409,65
DEQ,669061408351940,21,1028,562122786,64
DEQ,669061415340727,21,1028,569109362,63
DEQ,669061422342168,21,1028,576108783,62
DEQ,669061429346485,21,1028,583111084,61
DEQ,669061436347844,21,1028,590110398,60
DEQ,669061443347415,21,1028,597107737,59
DEQ,669061450347037,21,1028,604105308,58
DEQ,669061457349189,21,1028,611105437,57
DEQ,669061464352020,21,1028,618105958,56
DEQ,669061471346545,21,1028,625098392,55
DEQ,669061478356135,21,1028,632105999,54
DEQ,669061485342397,21,1028,247218146,53
DEQ,669061492340358,21,1028,254206907,52
DEQ,669061499345766,21,1028,261210043,51
DEQ,669061506347007,21,1028,268209104,50
DEQ,669061513346605,21,1028,275206544,49
DEQ,669061520346991,21,1028,282204853,48
DEQ,669061527345967,21,1028,289201738,47
DEQ,669061534348739,21,1028,296202506,46
DEQ,669061541351771,21,1028,303203338,45
DEQ,669061548345344,21,1028,310194717,44
DEQ,669061555362459,21,1028,317208935,43
DEQ,669061562316928,21,1028,324161156,42
DEQ,669061569344226,21,1028,331186350,41
DEQ,669061576337046,21,1028,338176698,40
DEQ,669061583352399,21,1028,345189970,39
DEQ,669061590345324,21,1028,352180708,38
DEQ,669061597347363,21,1028,359180455,37
DEQ,669061604347914,21,1028,366178872,36
DEQ,669061611345884,21,1028,373174762,35
DEQ,669061618351025,21,1028,380177675,34
DEQ,669061625349000,21,1028,387173330,33
DEQ,669061632342962,21,1028,394165255,86
DEQ,669061639352413,21,1028,401172366,85
DEQ,669061646345434,21,1028,408163341,84
DEQ,669061653353195,21,1028,415168958,83
DEQ,669061660345418,21,1028,422159163,82
DEQ,669061667349798,21,1028,429161290,81
DEQ,669061674349961,21,1028,436159320,80
DEQ,669061681351003,21,1028,443158329,79
DEQ,669061688349166,21,1028,450154341,78
DEQ,669061695348273,21,1028,457151296,77
DEQ,669061702347116,21,1028,464148119,76
DEQ,669061709289116,21,1028,471087935,75
DEQ,669061716352086,21,1028,478148857,74
DEQ,669061723349949,21,1028,485144490,73
DEQ,669061730345435,21,1028,492137930,72
DEQ,669061737346712,21,1028,499137075,71
DEQ,669061744348285,21,1028,506136368,70
DEQ,669061751348402,21,1028,513134457,69
DEQ,669061758337073,21,1028,520120986,69
DEQ,669061765348675,21,1028,527130598,68
DEQ,669061772345437,21,1028,534124829,67
DEQ,669061779347570,21,1028,541124727,66
DEQ,669061786347961,21,1028,548122772,65
DEQ,669061793347546,21,1028,555120306,64
DEQ,669061800347980,21,1028,562118635,63
DEQ,669061807348735,21,1028,569117341,62
DEQ,669061814347330,21,1028,576113967,61
DEQ,669061821350112,21,1028,583114609,60
DEQ,669061828347000,21,1028,590109423,59
DEQ,669061835350093,21,1028,597110498,58
DEQ,669061842345383,21,1028,604103535,57
DEQ,669061849349180,21,1028,611105331,56
DEQ,669061856344726,21,1028,618098580,55
DEQ,669061863352596,21,1028,233231584,54
DEQ,669061870345512,21,1028,240215407,53
DEQ,669061877349438,21,1028,247217125,52
DEQ,669061884349600,21,1028,254214993,51
DEQ,669061891348399,21,1028,261211659,50
DEQ,669061898345445,21,1028,268206541,49
DEQ,669061905340839,21,1028,275199871,48
DEQ,669061912343830,21,1028,282200814,47
DEQ,669061919348452,21,1028,289203259,46
DEQ,669061926339650,21,1028,296192322,45
DEQ,669061933341903,21,1028,303192345,44
DEQ,669061940309756,21,1028,310158051,43
DEQ,669061947354316,21,1028,317200570,42
DEQ,669061954337163,21,1028,324181351,41
DEQ,669061961325149,21,1028,331167310,40
DEQ,669061968348453,21,1028,338188596,39
DEQ,669061975357570,21,1028,345195621,38
STATS,669061975492894,38,38120,3231,3193,0,0,0
DEQ,669061982354932,21,1028,352190927,37
DEQ,669061989360825,21,1028,359194734,36
DEQ,669061996354698,21,1028,366186182,35
DEQ,669062003363189,21,1028,373192589,34
DEQ,669062010345475,21,1028,380172843,33
DEQ,669062017347651,21,1028,387173019,32
DEQ,669062024348193,21,1028,394171435,85
DEQ,669062031345914,21,1028,401166916,84
DEQ,669062038305572,21,1028,408124432,83
DEQ,669062045348419,21,1028,415165104,82
DEQ,669062052345668,21,1028,422160373,81
DEQ,669062059350993,21,1028,429163662,80
DEQ,669062066338908,21,1028,436149454,79
DEQ,669062073348568,21,1028,443156736,78
DEQ,669062080346417,21,1028,450152572,77
DEQ,669062087350097,21,1028,457153868,76
DEQ,669062094345476,21,1028,464147125,75
DEQ,669062101350181,21,1028,471149648,74
DEQ,669062108349962,21,1028,478147381,73
DEQ,669062115346759,21,1028,485142194,72
DEQ,669062122347337,21,1028,492140680,71
DEQ,669062129347598,21,1028,499138911,70
DEQ,669062136349964,21,1028,506139179,69
DEQ,669062143347688,21,1028,513134698,68
DEQ,669062150336475,21,1028,520121365,67
DEQ,669062157348562,21,1028,527131310,66
DEQ,669062164340646,21,1028,534121213,65
DEQ,669062171352735,21,1028,541131206,64
DEQ,669062178347283,21,1028,548123754,63
DEQ,669062185346919,21,1028,555121421,62
DEQ,669062192339755,21,1028,562112224,61
DEQ,669062199347703,21,1028,569118171,60
DEQ,669062206353161,21,1028,576121690,59
DEQ,669062213356128,21,1028,583122397,58
DEQ,669062220350563,21,1028,590114672,57
DEQ,669062227346800,21,1028,597108903,56
DEQ,669062234354302,21,1028,604114239,55
DEQ,669062241352973,21,84,483230747,54
DEQ,669062248347468,21,1028,226226298,53
DEQ,669062255352459,21,1028,233222235,52
DEQ,669062262349375,21,1028,240216480,51
DEQ,669062269354224,21,1028,247219043,50
DEQ,669062276350094,21,1028,254212771,49
DEQ,669062283351608,21,1028,261212236,48
DEQ,669062290354180,21,1028,268212479,47
DEQ,669062297350854,21,1028,275206991,46
DEQ,669062304317273,21,1028,282171262,45
DEQ,669062311313618,21,1028,289165501,44
DEQ,669062318340653,21,1028,296190333,43
DEQ,669062325338539,21,1028,303186168,42
DEQ,669062332345748,21,1028,310191381,41
DEQ,669062339314428,21,1028,317157641,40
DEQ,669062346349009,21,1028,324190173,39
DEQ,669062353348583,21,1028,331187595,38
DEQ,669062360337270,21,1028,338174069,37
DEQ,669062367352940,21,1028,345187735,36
DEQ,669062374339010,21,1028,352171518,35
DEQ,669062381347745,21,1028,359178046,34
DEQ,669062388349064,21,1028,366176968,33
DEQ,669062395350253,21,1028,373176063,32
DEQ,669062402345780,21,1028,380169344,31
DEQ,669062409346134,21,1028,387167501,30
DEQ,669062416339889,21,1028,394159090,83
DEQ,669062423348652,21,1028,401165686,82
DEQ,669062430350657,21,1028,408165612,81
DEQ,669062437352272,21,1028,415165048,80
DEQ,669062444354536,21,1028,422164027,79
DEQ,669062451352747,21,1028,429159457,78
DEQ,669062458354600,21,1028,436159102,77
DEQ,669062465358272,21,1028,443160720,76
DEQ,669062472352130,21,1028,450152573,75
DEQ,669062479350176,21,1028,457148397,74
DEQ,669062486303860,21,1028,464100021,73
DEQ,669062493350247,21,1028,471144339,72
DEQ,669062500349838,21,1028,478141868,71
DEQ,669062507347789,21,1028,485137864,70
DEQ,669062514339028,21,1028,492126979,69
DEQ,669062521353602,21,1028,499139552,68
DEQ,669062528349950,21,1028,506133885,67
DEQ,669062535352783,21,1028,513134718,66
DEQ,669062542355671,21,1028,520135582,65
DEQ,669062549353667,21,1028,527131599,64
DEQ,669062556350807,21,1028,534126654,63
DEQ,669062563333631,21,1028,541107459,62
DEQ,669062570361976,21,1028,548133710,61
DEQ,669062577345221,21,1028,555114849,60
DEQ,669062584345785,21,1028,562113396,59
DEQ,669062591346924,21,1028,569111680,58
DEQ,669062598346010,21,1028,576108564,57
DEQ,669062605347938,21,1028,583108331,56
DEQ,669062612339104,21,1028,590097214,55
DEQ,669062619346352,21,1028,597102375,54
DEQ,669062626345868,21,1028,212223220,53
DEQ,669062633359508,21,1028,219227905,52
DEQ,669062640350825,21,1028,226216945,51
DEQ,669062647353019,21,1028,233216888,50
DEQ,669062654350099,21,1028,240211770,49
DEQ,669062661347156,21,1028,247206690,48
DEQ,669062668347547,21,1028,254205024,47
DEQ,669062675348771,21,1028,261203565,46
DEQ,669062682347196,21,1028,268199770,45
DEQ,669062689344615,21,1028,275195129,44
DEQ,669062696351924,21,1028,282200311,43
DEQ,669062703290596,21,1028,289136978,42
DEQ,669062710287909,21,1028,296132159,41
DEQ,669062717335317,21,1028,303177501,40
DEQ,669062724338130,21,1028,310178225,39
DEQ,669062731350670,21,1028,317188695,38
DEQ,669062738345870,21,1028,324180613,37
DEQ,669062745340377,21,1028,331172784,36
DEQ,669062752349906,21,1028,338180178,35
DEQ,669062759347106,21,1028,345175326,34
DEQ,669062766334519,21,1028,352160616,33
DEQ,669062773353653,21,1028,359177660,32
DEQ,669062780342516,21,1028,366164397,31
DEQ,669062787348767,21,1028,373168502,30
DEQ,669062794345875,21,1028,380163631,29
DEQ,669062801345396,21,1028,387161083,28
DEQ,669062808346670,21,1028,394160305,82
DEQ,669062815348776,21,1028,401160210,81
DEQ,669062822345855,21,1028,408155140,80
DEQ,669062829363897,21,1028,415171087,79
DEQ,669062836354276,21,1028,422159289,78
DEQ,669062843347905,21,1028,429150728,77
DEQ,669062850345976,21,1028,436146655,76
DEQ,669062857347968,21,1028,443146605,75
DEQ,669062864354330,21,1028,450150767,74
DEQ,669062871362904,21,1028,457157202,73
DEQ,669062878349189,21,1028,464141292,72
DEQ,669062885223918,21,1028,471013513,71
DEQ,669062892346143,21,1028,478133641,70
DEQ,669062899355750,21,1028,485141214,69
DEQ,669062906345902,21,1028,492129299,68
DEQ,669062913347165,21,1028,499128345,67
DEQ,669062920342451,21,1028,506121541,66
DEQ,669062927345507,21,1028,513122534,65
DEQ,669062934341736,21,1028,520116629,64
DEQ,669062941237630,21,1028,527010540,63
DEQ,669062948328635,21,1028,534099464,62
DEQ,669062955363537,21,1028,541132251,61
DEQ,669062962357993,21,1028,548124509,60
DEQ,669062969348510,21,1028,555113012,59
DEQ,669062976348735,21,1028,562111104,58
STATS,669062976490966,58,58680,3394,3336,0,0,0
DEQ,669062983356307,21,1028,569116547,57
DEQ,669062990351251,21,1028,576109404,56
DEQ,669062997350520,21,1028,583106657,55
DEQ,669063004291512,21,1028,198130730,54
DEQ,669063011350761,21,1028,205180637,53
DEQ,669063018352154,21,1028,212179854,52
DEQ,669063025349715,21,84,219174960,51
DEQ,669063032349113,21,1028,226171618,50
DEQ,669063039344981,21,1028,233165223,49
DEQ,669063046349987,21,1028,240168019,48
DEQ,669063053352650,21,1028,247168619,47
DEQ,669063060345906,21,1028,254159661,46
DEQ,669063067346520,21,1028,261158223,53
DEQ,669063074360026,21,1028,268169434,52
DEQ,669063081344109,21,1028,275151410,51
DEQ,669063088345145,21,1028,282150323,50
DEQ,669063095340541,21,1028,289143437,49
DEQ,669063102335175,21,1028,296135685,48
DEQ,669063109340660,21,1028,303138848,47
DEQ,669063116346037,21,1028,310142028,46
DEQ,669063123348945,21,1028,317142771,45
DEQ,669063130364021,21,1028,324155647,44
DEQ,669063137363053,21,1028,331152606,43
DEQ,669063144356873,21,1028,338144243,42
DEQ,669063151352765,21,1028,345137975,41
DEQ,669063158358339,21,1028,352141385,40
DEQ,669063165345591,21,1028,359126551,39
DEQ,669063172347663,21,1028,366126512,38
DEQ,669063179349717,21,1028,373126577,37
DEQ,669063186346044,21,1028,380120760,36
DEQ,669063193353920,21,1028,387126510,35
DEQ,669063200346107,21,1028,394116625,80
DEQ,669063207346499,21,1028,401114994,79
DEQ,669063214352065,21,1028,408118497,78
DEQ,669063221339754,21,1028,415104105,77
DEQ,669063228348550,21,1028,422110522,76
DEQ,669063235355613,21,1028,429115470,75
DEQ,669063242348473,21,1028,436106250,74
DEQ,669063249349770,21,1028,443105478,73
DEQ,669063256349453,21,1028,450103026,72
DEQ,669063263350526,21,1028,457102066,71
DEQ,669063270344755,21,1028,464094128,70
DEQ,669063277345142,21,1028,471092445,69
DEQ,669063284340329,21,1028,478085517,68
DEQ,669063291235860,21,1028,484978619,67
DEQ,669063298346257,21,1028,492086687,66
DEQ,669063305340180,21,1028,499078587,65
DEQ,669063312349464,21,1028,506085861,64
DEQ,669063319354551,21,1028,513088749,63
DEQ,669063326354615,21,1028,520086770,62
DEQ,669063333344180,21,1028,527074318,61
DEQ,669063340341426,21,1028,534069434,60
DEQ,669063347365726,21,1028,541091555,59
DEQ,669063354354720,21,1028,548078429,58
DEQ,669063361348742,21,1028,555070282,57
DEQ,669063368343360,21,1028,562062652,56
DEQ,669063375352877,21,1028,569070094,55
DEQ,669063382355796,21,1028,576070850,54
DEQ,669063389350918,21,1028,326222468,53
DEQ,669063396354811,21,1028,333216026,52
DEQ,669063403351302,21,1028,340210052,51
DEQ,669063410353557,21,1028,347210114,50
DEQ,669063417358351,21,1028,353229638,49
DEQ,669063424349634,21,1028,359217507,48
DEQ,669063431353993,21,1028,365226415,47
DEQ,669063438350621,21,1028,371226918,46
DEQ,669063445345103,21,1028,247223742,45
DEQ,669063452336849,21,1028,254206706,44
DEQ,669063459313753,21,1028,261181400,65
DEQ,669063466341204,21,1028,268206400,64
DEQ,669063473333102,21,1028,275195410,63
DEQ,669063480346998,21,1028,282207127,62
DEQ,669063487318209,21,1028,289176230,61
DEQ,669063494341953,21,1028,296197778,60
DEQ,669063501355667,21,1028,303209256,59
DEQ,669063508346146,21,1028,310197515,58
DEQ,669063515346626,21,1028,317195758,57
DEQ,669063522350638,21,1028,324197739,56
DEQ,669063529348199,21,1028,331193251,55
DEQ,669063536351972,21,1028,338194960,54
DEQ,669063543349899,21,1028,345190241,53
DEQ,669063550356706,21,1028,352194684,52
DEQ,669063557351724,21,1028,359187404,51
DEQ,669063564354795,21,1028,366188383,50
DEQ,669063571363022,21,1028,373194492,49
DEQ,669063578341972,21,1028,380171384,48
DEQ,669063585346608,21,1028,387173948,47
DEQ,669063592348668,21,1028,394173862,78
DEQ,669063599349100,21,1028,401172030,77
DEQ,669063606346267,21,1028,408167123,76
DEQ,669063613354059,21,1028,415172839,75
DEQ,669063620346106,21,1028,422162714,74
DEQ,669063627349049,21,1028,429163591,73
DEQ,669063634347793,21,1028,436160305,72
DEQ,669063641349741,21,1028,443160150,71
DEQ,669063648350318,21,1028,450158580,70
DEQ,669063655347402,21,1028,457153353,69
DEQ,669063662350284,21,1028,464153936,68
DEQ,669063669359415,21,1028,471160849,67
DEQ,669063676350375,21,1028,478149577,66
DEQ,669063683346614,21,1028,485143733,65
DEQ,669063690356017,21,1028,492151068,64
DEQ,669063697347448,21,1028,499140422,63
DEQ,669063704351234,21,1028,506142196,62
DEQ,669063711290996,21,1028,513079733,61
DEQ,669063718332896,21,1028,520119178,61
DEQ,669063725346653,21,1028,527130927,60
DEQ,669063732346221,21,1028,534128031,59
DEQ,669063739348214,21,1028,541127862,58
DEQ,669063746354710,21,1028,548132071,57
DEQ,669063753346595,21,1028,555121755,56
DEQ,669063760350385,21,1028,562123373,55
DEQ,669063767347632,21,1028,313215590,54
DEQ,669063774347922,21,1028,320207126,53
DEQ,669063781346654,21,1028,327203211,52
DEQ,669063788346337,21,1028,334200642,51
DEQ,669063795348254,21,1028,341200494,50
DEQ,669063802363415,21,1028,348213549,49
DEQ,669063809354470,21,1028,355202475,48
DEQ,669063816352738,21,1028,362198612,47
DEQ,669063823341643,21,1028,369185449,46
DEQ,669063830339682,21,1028,376181448,45
DEQ,669063837323418,21,1028,383162767,44
DEQ,669063844346227,21,1028,390183408,43
DEQ,669063851335767,21,1028,397170796,79
DEQ,669063858336209,21,1028,404169005,78
DEQ,669063865348369,21,1028,411179104,77
DEQ,669063872346946,21,1028,418175354,76
DEQ,669063879348338,21,1028,425174631,75
DEQ,669063886353779,21,1028,431392137,74
DEQ,669063893354117,21,1028,437400314,73
DEQ,669063900342987,21,1028,443479058,72
DEQ,669063907346651,21,1028,449584403,71
DEQ,669063914247723,21,1028,455559730,70
DEQ,669063921345984,21,1028,331219606,69
DEQ,669063928354754,21,1028,338219399,68
DEQ,669063935348285,21,1028,345210764,67
DEQ,669063942353773,21,1028,352214149,66
DEQ,669063949354237,21,1028,359212587,65
DEQ,669063956342992,21,1028,366199156,64
DEQ,669063963349226,21,1028,373203032,63
DEQ,669063970346271,21,1028,380197847,62
DEQ,669063977342517,21,1028,387191980,61
STATS,669063977468707,61,61764,3540,3479,0,0,0
DEQ,669063984353021,21,1028,394198801,77
DEQ,669063991346690,21,1028,401190401,76
DEQ,669063998340469,21,1028,408182047,75
DEQ,669064005249597,21,1028,415089186,74
DEQ,669064012259475,21,1028,422097037,73
DEQ,669064019353231,21,1028,429188615,72
DEQ,669064026351489,21,1028,436184802,71
DEQ,669064033262132,21,1028,443093403,70
DEQ,669064040352813,21,1028,450182005,69
DEQ,669064047351391,21,1028,457178542,68
DEQ,669064054349656,21,1028,464174389,67
DEQ,669064061354700,21,1028,471177311,66
DEQ,669064068349112,21,1028,478169679,65
DEQ,669064075356383,21,1028,485174881,64
DEQ,669064082350059,21,1028,492166461,63
DEQ,669064089352983,21,1028,499167315,62
DEQ,669064096356048,21,1028,506168198,61
DEQ,669064103353900,21,1028,513163828,60
DEQ,669064110359089,21,1028,520166901,59
DEQ,669064117351410,21,1028,527157149,58
DEQ,669064124349752,21,1028,534153294,57
DEQ,669064131351249,21,1028,541151001,56
DEQ,669064138357905,21,1028,548155371,55
DEQ,669064145358674,21,84,427238103,54
DEQ,669064152337412,21,1028,306220043,53
DEQ,669064159346896,21,1028,313221023,52
DEQ,669064166348026,21,1028,320220002,51
DEQ,669064173348694,21,1028,327218636,50
DEQ,669064180342237,21,1028,334210151,49
DEQ,669064187346851,21,1028,341212692,48
DEQ,669064194346272,21,1028,348210068,47
DEQ,669064201347554,21,1028,355209337,46
DEQ,669064208337223,21,1028,362196905,45
DEQ,669064215345864,21,1028,369203480,44
DEQ,669064222333177,21,1028,376188797,43
DEQ,669064229351827,21,1028,383205419,42
DEQ,669064236341411,21,1028,390193026,41
DEQ,669064243346859,21,1028,397196423,84
DEQ,669064250336406,21,1028,404183963,83
DEQ,669064257354379,21,1028,411199947,82
DEQ,669064264345633,21,1028,418189103,81
DEQ,669064271353541,21,1028,425194550,80
DEQ,669064278353973,21,1028,432192984,79
DEQ,669064285355975,21,1028,439192980,78
DEQ,669064292348879,21,1028,446183923,77
DEQ,669064299356025,21,1028,453188966,76
DEQ,669064306349719,21,1028,460180671,75
DEQ,669064313347770,21,1028,467176767,74
DEQ,669064320348104,21,1028,474175142,73
DEQ,669064327349260,21,1028,481174130,72
DEQ,669064334349536,21,1028,488172235,71
DEQ,669064341353051,21,1028,495173665,70
DEQ,669064348349817,21,1028,502167168,69
DEQ,669064355354495,21,1028,509169847,68
DEQ,669064362349748,21,1028,516162952,67
DEQ,669064369341902,21,1028,523153042,66
DEQ,669064376351720,21,1028,529204492,75
DEQ,669064383354286,21,1028,535221207,74
DEQ,669064390351456,21,1028,541222532,73
DEQ,669064397352607,21,1028,547223034,72
DEQ,669064404308055,21,1028,553173296,71
DEQ,669064411356848,21,1028,429231154,70
DEQ,669064418349774,21,1028,436215239,69
DEQ,669064425346036,21,1028,443209317,68
DEQ,669064432350608,21,1028,450211611,67
DEQ,669064439353933,21,1028,457212787,66
DEQ,669064446350506,21,1028,464207274,65
DEQ,669064453345824,21,1028,471200378,64
DEQ,669064460350178,21,1028,478202722,63
DEQ,669064467359313,21,1028,485209714,62
DEQ,669064474344999,21,1028,492193366,61
DEQ,669064481357477,21,1028,499203787,60
DEQ,669064488354558,21,1028,506198684,59
DEQ,669064495353198,21,1028,513194970,58
DEQ,669064502337599,21,1028,520177259,57
DEQ,669064509258705,21,1028,527096293,56
DEQ,669064516320741,21,1028,534156246,55
DEQ,669064523346995,21,1028,541180400,54
DEQ,669064530346538,21,1028,292256263,53
DEQ,669064537352000,21,1028,299252447,52
DEQ,669064544348229,21,1028,306246525,51
DEQ,669064551356119,21,1028,313252253,50
DEQ,669064558353978,21,1028,320248043,49
DEQ,669064565351122,21,1028,327241809,48
DEQ,669064572348203,21,1028,334236717,47
DEQ,669064579341912,21,1028,341228137,46
DEQ,669064586348018,21,1028,348232243,45
DEQ,669064593346918,21,1028,355228800,44
DEQ,669064600343123,21,1028,362222418,43
DEQ,669064607284072,21,1028,369161205,42
DEQ,669064614333236,21,1028,376208281,41
DEQ,669064621333612,21,1028,383206522,40
DEQ,669064628345125,21,1028,390216043,39
DEQ,669064635355432,21,1028,397224281,92
DEQ,669064642355294,21,1028,404222047,91
DEQ,669064649343477,21,1028,411208105,90
DEQ,669064656349717,21,1028,418212283,89
DEQ,669064663347742,21,1028,425208252,88
DEQ,669064670325109,21,1028,432183491,87
DEQ,669064677350369,21,1028,439206587,86
DEQ,669064684346408,21,1028,446200478,85
DEQ,669064691346895,21,1028,453198871,84
DEQ,669064698353329,21,1028,460202902,83
DEQ,669064705342719,21,1028,467190149,82
DEQ,669064712287892,21,1028,474132883,81
DEQ,669064719350500,21,1028,481193338,80
DEQ,669064726251978,21,1028,488092568,79
DEQ,669064733349466,21,1028,495187927,78
DEQ,669064740346643,21,1028,502183039,77
DEQ,669064747341165,21,1028,509174994,76
DEQ,669064754339094,21,1028,516170930,75
DEQ,669064761343615,21,1028,523173405,74
DEQ,669064768339952,21,1028,530167454,74
DEQ,669064775355868,21,1028,537181227,73
DEQ,669064782346591,21,1028,544169883,72
DEQ,669064789346970,21,1028,551168127,71
DEQ,669064796349557,21,1028,558168686,70
DEQ,669064803346990,21,1028,564269191,69
DEQ,669064810353246,21,1028,570275724,68
DEQ,669064817340364,21,1028,576262962,67
DEQ,669064824339152,21,1028,582257332,66
DEQ,669064831346203,21,1028,588257284,65
DEQ,669064838346590,21,1028,464227610,64
DEQ,669064845348715,21,1028,471221010,63
DEQ,669064852346543,21,1028,478216636,62
DEQ,669064859349494,21,1028,485217325,61
DEQ,669064866349008,21,1028,492214674,60
DEQ,669064873351167,21,1028,499214686,59
DEQ,669064880343994,21,1028,506205501,58
DEQ,669064887347849,21,1028,513207065,57
DEQ,669064894276475,21,1028,520131858,56
DEQ,669064901356263,21,1028,527209296,55
DEQ,669064908281133,21,1028,278157073,54
DEQ,669064915356805,21,1028,285223833,53
DEQ,669064922346602,21,1028,292211427,52
DEQ,669064929350385,21,1028,299213062,51
DEQ,669064936348289,21,1028,306208813,50
DEQ,669064943353595,21,1028,313211988,49
DEQ,669064950347486,21,1028,320203257,48
DEQ,669064957353768,21,1028,327207475,47
DEQ,669064964342438,21,1028,334194140,46
DEQ,669064971375708,21,1028,341225242,45
DEQ,669064978342344,21,1028,348189804,44
STATS,669064978477435,44,44288,3666,3622,0,0,0
DEQ,669064985319579,21,1028,355165021,43
DEQ,669064992342548,21,1028,362186001,42
DEQ,669064999347270,21,1028,369188654,41
DEQ,669065006324245,21,1028,376163557,40
DEQ,669065013347848,21,1028,383185085,39
DEQ,669065020353438,21,1028,390188603,38
DEQ,669065027363708,21,1028,397196877,91
DEQ,669065034348570,21,1028,404179778,90
DEQ,669065041354531,21,1028,411182770,89
DEQ,669065048338300,21,1028,418164174,88
DEQ,669065055348732,21,1028,425172601,87
DEQ,669065062271678,21,1028,432093539,86
DEQ,669065069354518,21,1028,439174371,85
DEQ,669065076349245,21,1028,446167130,84
DEQ,669065083342893,21,1028,453158785,83
DEQ,669065090354223,21,1028,460168096,82
DEQ,669065097350399,21,1028,467162300,81
DEQ,669065104365811,21,1028,474175629,80
DEQ,669065111348934,21,1028,481156751,79
DEQ,669065118343339,21,1028,488149027,78
DEQ,669065125351338,21,1028,495155043,77
DEQ,669065132355501,21,1028,502157143,76
DEQ,669065139353232,21,1028,509152853,75
DEQ,669065146343620,21,1028,516141256,74
DEQ,669065153352777,21,1028,523148438,73
DEQ,669065160352081,21,1028,530145792,72
DEQ,669065167354619,21,1028,537146270,71
DEQ,669065174346549,21,1028,544136061,70
DEQ,669065181347976,21,1028,551135424,69
DEQ,669065188352582,21,1028,558137532,68
DEQ,669065195347128,21,1028,565130003,67
DEQ,669065202350084,21,1028,572130990,66
DEQ,669065209346317,21,1028,579125254,65
DEQ,669065216344948,21,1028,586121918,64
DEQ,669065223354640,21,1028,593129113,63
DEQ,669065230337569,21,1028,600110047,62
DEQ,669065237351376,21,1028,607121780,61
DEQ,669065244348471,21,1028,614116788,60
DEQ,669065251347081,21,1028,621113335,59
DEQ,669065258350096,21,1028,628114281,58
DEQ,669065265348013,21,1028,635110059,57
DEQ,669065272349312,21,1028,642109297,56
DEQ,669065279355873,21,1028,648351935,55
DEQ,669065286355392,21,84,520236983,54
DEQ,669065293356021,21,1028,271241271,53
DEQ,669065300342047,21,1028,278218645,52
DEQ,669065307350782,21,1028,285225145,51
DEQ,669065314346679,21,1028,292218948,50
DEQ,669065321349736,21,1028,299219895,49
DEQ,669065328351799,21,1028,306219871,48
DEQ,669065335346485,21,1028,313212379,47
DEQ,669065342348507,21,1028,320212320,46
DEQ,669065349343019,21,1028,327204792,45
DEQ,669065356337637,21,1028,334197282,44
DEQ,669065363339629,21,1028,341197227,43
DEQ,669065370317696,21,1028,348173324,42
DEQ,669065377343919,21,1028,355197407,41
DEQ,669065384337559,21,1028,362188894,40
DEQ,669065391353805,21,1028,369202753,39
DEQ,669065398348588,21,1028,376195074,38
DEQ,669065405357217,21,1028,383201563,37
DEQ,669065412341832,21,1028,390184094,36
DEQ,669065419352601,21,1028,397192760,89
DEQ,669065426352724,21,1028,404190895,88
DEQ,669065433354798,21,1028,411190830,87
DEQ,669065440347648,21,1028,418181524,86
DEQ,669065447354688,21,1028,425186381,85
DEQ,669065454348434,21,1028,432178150,84
DEQ,669065461352879,21,1028,439180524,83
DEQ,669065468351837,21,1028,446177513,82
DEQ,669065475347265,21,1028,453170964,81
DEQ,669065482349364,21,1028,460171021,80
DEQ,669065489349729,21,1028,467169358,79
DEQ,669065496346791,21,1028,474164447,78
DEQ,669065503354995,21,1028,481170580,77
DEQ,669065510351826,21,1028,488165428,76
DEQ,669065517349627,21,1028,495161146,75
DEQ,669065524335208,21,1028,502144670,74
DEQ,669065531347258,21,1028,509154620,73
DEQ,669065538348576,21,1028,516153857,72
DEQ,669065545358673,21,1028,523161896,71
DEQ,669065552348850,21,1028,530150017,70
DEQ,669065559352909,21,1028,537152106,69
DEQ,669065566344973,21,1028,544142137,68
DEQ,669065573362618,21,1028,551157710,67
DEQ,669065580348515,21,1028,558141518,66
DEQ,669065587353988,21,1028,565145027,65
DEQ,669065594347702,21,1028,572136610,64
DEQ,669065601347213,21,1028,579133669,63
DEQ,669065608346022,21,1028,586130442,62
DEQ,669065615348900,21,1028,593131190,61
DEQ,669065622340978,21,1028,600121231,60
DEQ,669065629354763,21,1028,607132967,59
DEQ,669065636339296,21,1028,614115376,58
DEQ,669065643347225,21,1028,621121260,57
DEQ,669065650349230,21,1028,628121213,56
DEQ,669065657348416,21,1028,635118324,55
DEQ,669065664352638,21,1028,642120474,54
DEQ,669065671344105,21,1028,257222059,53
DEQ,669065678354496,21,1028,264223509,52
DEQ,669065685351542,21,1028,271218215,51
DEQ,669065692348859,21,1028,278213329,50
DEQ,669065699363761,21,1028,285226073,49
DEQ,669065706353219,21,1028,292213454,48
DEQ,669065713290276,21,1028,299148388,47
DEQ,669065720348628,21,1028,306204470,46
DEQ,669065727351514,21,1028,313205157,45
DEQ,669065734340351,21,1028,320191890,44
DEQ,669065741339915,21,1028,327189456,43
DEQ,669065748326217,21,1028,334173615,42
DEQ,669065755339001,21,1028,341184273,41
DEQ,669065762343681,21,1028,348186788,40
DEQ,669065769345994,21,1028,355187065,39
DEQ,669065776349604,21,1028,362188495,38
DEQ,669065783347379,21,1028,369183981,37
DEQ,669065790348593,21,1028,376183043,36
DEQ,669065797342374,21,1028,383174667,35
DEQ,669065804352836,21,1028,390182950,34
DEQ,669065811343402,21,1028,397171281,87
DEQ,669065818352059,21,1028,404177709,86
DEQ,669065825352723,21,1028,411174894,85
DEQ,669065832351779,21,1028,418171839,84
DEQ,669065839362984,21,1028,425181038,83
DEQ,669065846363069,21,1028,432178969,82
DEQ,669065853353035,21,1028,439166889,81
DEQ,669065860350811,21,1028,446162627,80
DEQ,669065867353251,21,1028,453163027,79
DEQ,669065874357318,21,1028,460164752,78
DEQ,669065881347418,21,1028,467152747,77
DEQ,669065888347742,21,1028,474150914,76
DEQ,669065895344935,21,1028,481145929,75
DEQ,669065902341877,21,1028,488140801,74
DEQ,669065909349877,21,1028,495146812,73
DEQ,669065916350322,21,1028,502145221,72
DEQ,669065923342512,21,1028,509135134,71
DEQ,669065930348741,21,1028,516139084,70
DEQ,669065937348245,21,1028,523136305,69
DEQ,669065944350350,21,1028,530136284,68
DEQ,669065951364494,21,1028,537148266,67
DEQ,669065958352445,21,1028,544134032,66
DEQ,669065965351253,21,1028,551130715,65
DEQ,669065972349605,21,1028,558126320,64
DEQ,669065979356934,21,1028,565131420,63
STATS,669065979498218,63,64764,3828,3765,0,0,0
DEQ,669065986353395,21,1028,572125721,62
DEQ,669065993352772,21,1028,579123101,61
DEQ,669066000352259,21,1028,586120390,60
DEQ,669066007348919,21,1028,593115079,59
DEQ,669066014347045,21,1028,600111210,58
DEQ,669066021359928,21,1028,607122095,57
DEQ,669066028348762,21,1028,614108949,56
DEQ,669066035361112,21,1028,621119159,55
DEQ,669066042346965,21,1028,628102189,54
DEQ,669066049350812,21,1028,243219401,53
DEQ,669066056348669,21,1028,250208105,52
DEQ,669066063323370,21,1028,257180470,51
DEQ,669066070248532,21,1028,264102534,50
DEQ,669066077347426,21,1028,271199178,49
DEQ,669066084347186,21,1028,278196738,48
DEQ,669066091356352,21,1028,285203606,47
DEQ,669066098356130,21,1028,292201277,46
DEQ,669066105345234,21,1028,299188237,45
DEQ,669066112342101,21,1028,306183045,44
DEQ,669066119353370,21,1028,313190939,43
DEQ,669066126263718,21,1028,320099202,42
DEQ,669066133349175,21,1028,327182661,41
DEQ,669066140336952,21,1028,334168406,40
DEQ,669066147343337,21,1028,341172720,39
DEQ,669066154348806,21,1028,348175999,38
DEQ,669066161349185,21,1028,355174367,37
DEQ,669066168355432,21,1028,362178454,36
DEQ,669066175353315,21,1028,369174324,35
DEQ,669066182361283,21,1028,376180224,34
DEQ,669066189343352,21,1028,383160192,33
DEQ,669066196347095,21,1028,390161864,32
DEQ,669066203244570,21,1028,397057299,85
DEQ,669066210350884,21,1028,404161525,84
DEQ,669066217351852,21,1028,411160390,83
DEQ,669066224339605,21,1028,418146075,82
DEQ,669066231349202,21,1028,425153509,81
DEQ,669066238349611,21,1028,432151781,80
DEQ,669066245351048,21,1028,439151060,79
DEQ,669066252343873,21,1028,446141794,78
DEQ,669066259353325,21,1028,453149071,77
DEQ,669066266354629,21,1028,460147322,76
DEQ,669066273355113,21,1028,467145642,75
DEQ,669066280349492,21,1028,474137768,74
DEQ,669066287350873,21,1028,481137011,73
DEQ,669066294347178,21,1028,488131159,72
DEQ,669066301350878,21,1028,495132369,71
DEQ,669066308349175,21,1028,502128465,70
DEQ,669066315356284,21,1028,509133440,69
DEQ,669066322349697,21,1028,516124784,68
DEQ,669066329347495,21,1028,523120392,67
DEQ,669066336347214,21,1028,530117921,66
DEQ,669066343347492,21,1028,537116100,65
DEQ,669066350352999,21,1028,544119594,64
DEQ,669066357349058,21,1028,551113420,63
DEQ,669066364349654,21,1028,558111783,62
DEQ,669066371347553,21,1028,565107603,61
DEQ,669066378347158,21,1028,572104873,60
DEQ,669066385367557,21,1028,579122828,59
DEQ,669066392345651,21,1028,586098775,58
DEQ,669066399349328,21,1028,593100404,57
DEQ,669066406348878,21,1028,600097784,56
DEQ,669066413351737,21,1028,607098040,55
DEQ,669066420350512,21,1028,614094640,54
DEQ,669066427356729,21,1028,229232569,53
DEQ,669066434359498,21,1028,236226404,52
DEQ,669066441352266,21,1028,243216834,51
DEQ,669066448351578,21,1028,250214105,50
DEQ,669066455353977,21,1028,257214395,49
DEQ,669066462355991,21,1028,264214250,48
DEQ,669066469352363,21,1028,271208450,47
DEQ,669066476350893,21,1028,278204919,46
DEQ,669066483350809,21,1028,285202742,45
DEQ,669066490349335,21,1028,292198544,44
DEQ,669066497362285,21,1028,299209118,43
DEQ,669066504319063,21,1028,306163744,42
DEQ,669066511293190,21,1028,313135867,41
DEQ,669066518324792,21,1028,320165449,40
DEQ,669066525348174,21,1028,327186732,39
DEQ,669066532349109,21,1028,334185677,38
DEQ,669066539356643,21,1028,341191131,37
DEQ,669066546352100,21,1028,348184455,36
DEQ,669066553359907,21,1028,355190229,35
DEQ,669066560349155,21,1028,362177003,34
DEQ,669066567363686,21,1028,369189447,33
DEQ,669066574344385,21,1028,376168137,32
DEQ,669066581350489,21,1028,383172174,31
DEQ,669066588344657,21,1028,390164369,30
DEQ,669066595347010,21,1028,397164521,83
DEQ,669066602347300,21,1028,404162730,82
DEQ,669066609350083,21,1028,411163532,81
DEQ,669066616349876,21,1028,418161174,80
DEQ,669066623355178,21,1028,425164489,79
DEQ,669066630349831,21,1028,432157078,78
DEQ,669066637349348,21,1028,439154516,77
DEQ,669066644347342,21,1028,446150436,76
DEQ,669066651349484,21,1028,453150513,75
DEQ,669066658341409,21,1028,460140353,74
DEQ,669066665360987,21,1028,467157946,73
DEQ,669066672354821,21,1028,474149761,72
DEQ,669066679349425,21,1028,481142371,71
DEQ,669066686343975,21,1028,488134618,70
DEQ,669066693346019,21,1028,495134525,69
DEQ,669066700355500,21,1028,502141942,68
DEQ,669066707350218,21,1028,509134466,67
DEQ,669066714290726,21,1028,516073000,66
DEQ,669066721346751,21,1028,523126911,65
DEQ,669066728356475,21,1028,530134635,64
DEQ,669066735349284,21,1028,537125474,63
DEQ,669066742347319,21,1028,544121520,62
DEQ,669066749344368,21,1028,551116335,61
DEQ,669066756348972,21,1028,558118821,60
DEQ,669066763349349,21,1028,565117010,59
DEQ,669066770347572,21,1028,572113007,58
DEQ,669066777349342,21,1028,579112642,57
DEQ,669066784344950,21,1028,586106270,56
DEQ,669066791350158,21,1028,593109339,55
DEQ,669066798349849,21,1028,600106972,54
DEQ,669066805350228,21,1028,215225727,53
DEQ,669066812349878,21,1028,222216388,52
DEQ,669066819350212,21,1028,229214519,51
DEQ,669066826355988,21,1028,236218113,50
DEQ,669066833352324,21,1028,243212330,49
DEQ,669066840351503,21,1028,250208923,48
DEQ,669066847349260,21,1028,257204260,47
DEQ,669066854356537,21,1028,264209378,47
DEQ,669066861337757,21,1028,271188381,46
DEQ,669066868365724,21,1028,278214217,45
DEQ,669066875349484,21,1028,285195946,44
DEQ,669066882319039,21,1028,292163334,43
DEQ,669066889346155,21,1028,299188354,42
DEQ,669066896343278,21,1028,306183459,41
DEQ,669066903347850,21,1028,313186021,40
DEQ,669066910349062,21,1028,320185121,39
DEQ,669066917353636,21,1028,327187543,38
DEQ,669066924347398,21,1028,334179135,37
DEQ,669066931353931,21,1028,341183638,36
DEQ,669066938371144,21,1028,348198679,35
DEQ,669066945351898,21,1028,355177348,34
DEQ,669066952352069,21,1028,362175315,33
DEQ,669066959352960,21,1028,369174074,32
DEQ,669066966349058,21,1028,376168063,31
DEQ,669066973346310,21,1028,383163288,30
DEQ,669066980347659,21,1028,390162657,29
STATS,669066980477559,29,28868,3937,3908,0,0,0
DEQ,669066987356264,21,1028,397169037,82
DEQ,669066994343213,21,1028,404153919,81
DEQ,669067001353788,21,1028,411162473,80
DEQ,669067008355746,21,1028,418162408,79
DEQ,669067015348650,21,1028,425153171,78
DEQ,669067022350717,21,1028,432153213,77
DEQ,669067029351208,21,1028,439151655,76
DEQ,669067036347487,21,1028,446145908,75
DEQ,669067043361235,21,1028,453157577,74
DEQ,669067050347690,21,1028,460141762,73
DEQ,669067057359467,21,1028,467151369,72
DEQ,669067064349232,21,1028,474139085,71
DEQ,669067071338883,21,1028,481126624,70
DEQ,669067078338997,21,1028,488124387,69
DEQ,669067085353727,21,1028,495136983,68
DEQ,669067092349995,21,1028,502131003,67
DEQ,669067099354619,21,1028,509133389,66
DEQ,669067106350777,21,1028,516127270,65
DEQ,669067113317718,21,1028,523092074,64
DEQ,669067120348383,21,1028,530120462,63
DEQ,669067127349626,21,1028,537119532,62
DEQ,669067134349979,21,1028,544117593,61
DEQ,669067141348715,21,1028,551114229,60
DEQ,669067148343280,21,1028,558106651,59
DEQ,669067155363756,21,1028,565125038,58
DEQ,669067162291427,21,1028,572050687,57
DEQ,669067169344601,21,1028,579101631,56
DEQ,669067176348356,21,1028,586103294,55
DEQ,669067183360853,21,84,329234063,54
DEQ,669067190350540,21,1028,208219496,53
DEQ,669067197350830,21,1028,215210864,52
DEQ,669067204352149,21,1028,222210053,51
DEQ,669067211357549,21,1028,229213374,50
DEQ,669067218350667,21,1028,236204311,49
DEQ,669067225350455,21,1028,243201828,48
DEQ,669067232348329,21,1028,250197528,47
DEQ,669067239350437,21,1028,257197417,46
DEQ,669067246340901,21,1028,264185713,53
DEQ,669067253324708,21,1028,271167318,52
DEQ,669067260339211,21,1028,278179548,51
DEQ,669067267347901,21,1028,285186066,50
DEQ,669067274347584,21,1028,292183636,49
DEQ,669067281339683,21,1028,299173306,48
DEQ,669067288346776,21,1028,306178142,47
DEQ,669067295350442,21,1028,313179634,46
DEQ,669067302355079,21,1028,320181900,45
DEQ,669067309357169,21,1028,327181876,44
DEQ,669067316349166,21,1028,334171780,43
DEQ,669067323354675,21,1028,341175315,42
DEQ,669067330360284,21,1028,348178904,41
DEQ,669067337350471,21,1028,355166857,40
DEQ,669067344360928,21,1028,362175207,39
DEQ,669067351356318,21,1028,369168585,38
DEQ,669067358349260,21,1028,376159246,37
DEQ,669067365352219,21,1028,383160128,36
DEQ,669067372349972,21,1028,390155517,35
DEQ,669067379350527,21,1028,397153898,80
DEQ,669067386347924,21,1028,404148701,79
DEQ,669067393350471,21,1028,411148717,78
DEQ,669067400346714,21,1028,418142909,77
DEQ,669067407352137,21,1028,425146202,76
DEQ,669067414355054,21,1028,432146982,75
DEQ,669067421352210,21,1028,439141986,74
DEQ,669067428352693,21,1028,446139050,73
DEQ,669067435347888,21,1028,453131984,72
DEQ,669067442356007,21,1028,460137923,71
DEQ,669067449353997,21,1028,467133765,70
DEQ,669067456346785,21,1028,474124498,69
DEQ,669067463351424,21,1028,481127037,68
DEQ,669067470341722,21,1028,488115365,67
DEQ,669067477346379,21,1028,495118026,66
DEQ,669067484347659,21,1028,502116774,65
DEQ,669067491349689,21,1028,509116794,64
DEQ,669067498350171,21,1028,516115246,63
DEQ,669067505357146,21,1028,523120137,62
DEQ,669067512350125,21,1028,530111042,61
DEQ,669067519346639,21,1028,537105439,60
DEQ,669067526349178,21,1028,544105947,59
DEQ,669067533355548,21,1028,551110269,58
DEQ,669067540349301,21,1028,558102032,57
DEQ,669067547354130,21,1028,565104883,56
DEQ,669067554361129,21,1028,572109736,55
DEQ,669067561359974,21,1028,579106265,54
DEQ,669067568343801,21,1028,322196550,53
DEQ,669067575351729,21,1028,329195970,52
DEQ,669067582352232,21,1028,336194207,51
DEQ,669067589352440,21,1028,343192242,50
DEQ,669067596350811,21,1028,350188514,49
DEQ,669067603356858,21,1028,357192514,48
DEQ,669067610344777,21,1028,364178420,47
DEQ,669067617343655,21,1028,371175226,46
DEQ,669067624352729,21,1028,250222702,45
DEQ,669067631340201,21,1028,257200787,44
DEQ,669067638356338,21,1028,264214489,65
DEQ,669067645314065,21,1028,271170137,64
DEQ,669067652349627,21,1028,278203096,63
DEQ,669067659349092,21,1028,285200419,62
DEQ,669067666342550,21,1028,292191649,61
DEQ,669067673348905,21,1028,299195829,60
DEQ,669067680351034,21,1028,306195619,59
DEQ,669067687357210,21,1028,313199661,58
DEQ,669067694353515,21,1028,320193855,57
DEQ,669067701355608,21,1028,327193698,56
DEQ,669067708347782,21,1028,334183827,55
DEQ,669067715255928,21,1028,341089735,54
DEQ,669067722347716,21,1028,348179485,53
DEQ,669067729349782,21,1028,355179257,52
DEQ,669067736350251,21,1028,362177621,51
DEQ,669067743348128,21,1028,369173162,50
DEQ,669067750355188,21,1028,376178193,49
DEQ,669067757352265,21,1028,383173211,48
DEQ,669067764347725,21,1028,390166490,47
DEQ,669067771349707,21,1028,397166412,78
DEQ,669067778349551,21,1028,404164011,77
DEQ,669067785353491,21,1028,411165902,76
DEQ,669067792346466,21,1028,418156814,75
DEQ,669067799352769,21,1028,425160960,74
DEQ,669067806351607,21,1028,432157674,73
DEQ,669067813358870,21,1028,439162850,72
DEQ,669067820356902,21,1028,446158751,71
DEQ,669067827351112,21,1028,453150874,70
DEQ,669067834350686,21,1028,460148370,69
DEQ,669067841360475,21,1028,467155925,68
DEQ,669067848351620,21,1028,474144904,67
DEQ,669067855364386,21,1028,481155677,66
DEQ,669067862296996,21,1028,488086097,65
DEQ,669067869350475,21,1028,495137347,64
DEQ,669067876345856,21,1028,502130244,63
DEQ,669067883357047,21,1028,509139288,62
DEQ,669067890350977,21,1028,516131030,61
DEQ,669067897355676,21,1028,523133672,60
DEQ,669067904344440,21,1028,530120382,60
DEQ,669067911351517,21,1028,537125236,59
DEQ,669067918347723,21,1028,544119283,58
DEQ,669067925349894,21,1028,551119272,57
DEQ,669067932321035,21,1028,558088166,56
DEQ,669067939348222,21,1028,565113045,55
DEQ,669067946272114,21,1028,308138954,54
DEQ,669067953322418,21,1028,315183722,53
DEQ,669067960324350,21,1028,322183467,52
DEQ,669067967229421,21,1028,329086394,51
DEQ,669067974315945,21,1028,336170822,50
DEQ,669067981356822,21,1028,343209651,49
STATS,669067981382679,49,49428,4100,4051,0,0,0
DEQ,669067988351531,21,1028,350202410,48
DEQ,669067995346769,21,1028,357195550,47
DEQ,669068002356778,21,1028,364203550,46
DEQ,669068009344448,21,1028,371189128,45
DEQ,669068016348449,21,1028,378191134,44
DEQ,669068023244580,21,1028,385085195,43
DEQ,669068030336362,21,1028,392174737,79
DEQ,669068037324269,21,1028,399160562,78
DEQ,669068044337912,21,1028,406172118,77
DEQ,669068051349995,21,1028,413182180,76
DEQ,669068058337430,21,1028,420167433,75
DEQ,669068065350833,21,1028,427178747,74
DEQ,669068072342895,21,1028,434168804,73
DEQ,669068079349127,21,1028,441172767,72
DEQ,669068086351384,21,1028,448173061,71
DEQ,669068093358767,21,1028,455178455,70
DEQ,669068100355826,21,1028,334237121,69
DEQ,669068107357909,21,1028,341230418,68
DEQ,669068114351339,21,1028,348221701,67
DEQ,669068121349991,21,1028,355218245,66
DEQ,669068128346243,21,1028,362212119,65
DEQ,669068135350822,21,1028,369214540,64
DEQ,669068142350200,21,1028,376211771,63
DEQ,669068149360314,21,1028,383219824,62
DEQ,669068156349579,21,1028,390206948,61
DEQ,669068163350579,21,1028,397205765,77
DEQ,669068170349534,21,1028,404202549,76
DEQ,669068177351536,21,1028,411202396,75
DEQ,669068184354544,21,1028,418203360,74
DEQ,669068191343275,21,1028,425189896,73
DEQ,669068198349408,21,1028,432193923,72
DEQ,669068205354066,21,1028,439194820,71
DEQ,669068212347903,21,1028,446186523,70
DEQ,669068219357388,21,1028,453194002,69
DEQ,669068226344036,21,1028,460178625,68
DEQ,669068233353194,21,1028,467185807,67
DEQ,669068240351913,21,1028,474182494,66
DEQ,669068247356750,21,1028,481185270,65
DEQ,669068254352782,21,1028,488179182,64
DEQ,669068261359795,21,1028,495183928,63
DEQ,669068268353646,21,1028,502175738,62
DEQ,669068275351593,21,1028,509171327,61
DEQ,669068282349698,21,1028,516167293,60
DEQ,669068289347395,21,1028,523162834,59
DEQ,669068296354320,21,1028,530167525,58
DEQ,669068303353975,21,1028,537165090,57
DEQ,669068310364212,21,1028,544173256,56
DEQ,669068317356312,21,1028,551163129,55
DEQ,669068324357890,21,84,422234878,54
DEQ,669068331355885,21,1028,301263696,53
DEQ,669068338349739,21,1028,308246641,52
DEQ,669068345349254,21,1028,315243790,51
DEQ,669068352341289,21,1028,322231608,50
DEQ,669068359349264,21,1028,329237403,49
DEQ,669068366349606,21,1028,336235657,48
DEQ,669068373351628,21,1028,343235334,47
DEQ,669068380353029,21,1028,350234513,46
DEQ,669068387342591,21,1028,357221837,45
DEQ,669068394349706,21,1028,364226804,44
DEQ,669068401321823,21,1028,371196702,43
DEQ,669068408338826,21,1028,378211548,42
DEQ,669068415342594,21,1028,385213430,41
DEQ,669068422289636,21,1028,392158155,84
DEQ,669068429328469,21,1028,399194757,83
DEQ,669068436346228,21,1028,406210380,82
DEQ,669068443353491,21,1028,413215478,81
DEQ,669068450343591,21,1028,420203095,80
DEQ,669068457354588,21,1028,427211827,79
DEQ,669068464351030,21,1028,434206202,78
DEQ,669068471364946,21,1028,441217817,77
DEQ,669068478358629,21,1028,448209410,76
DEQ,669068485356322,21,1028,455204873,75
DEQ,669068492343034,21,1028,462189531,74
DEQ,669068499348313,21,1028,469192096,73
DEQ,669068506348904,21,1028,476190478,72
DEQ,669068513350083,21,1028,483189479,71
DEQ,669068520349664,21,1028,490187020,70
DEQ,669068527354313,21,1028,497189635,69
DEQ,669068534348067,21,1028,504181353,68
DEQ,669068541342475,21,1028,511173804,67
DEQ,669068548348080,21,1028,518177142,66
DEQ,669068555355067,21,1028,525181988,75
DEQ,669068562350564,21,1028,532175419,74
DEQ,669068569349384,21,1028,539171804,73
DEQ,669068576351258,21,1028,546171622,72
DEQ,669068583343393,21,1028,553161569,71
DEQ,669068590348103,21,1028,432237343,70
DEQ,669068597349339,21,1028,439225841,69
DEQ,669068604343203,21,1028,446217407,68
DEQ,669068611344268,21,1028,453216217,67
DEQ,669068618340566,21,1028,460210350,66
DEQ,669068625348592,21,1028,467216124,65
DEQ,669068632343106,21,1028,474208454,64
DEQ,669068639357589,21,1028,481220713,63
DEQ,669068646350559,21,1028,488211559,62
DEQ,669068653349990,21,1028,495208793,61
DEQ,669068660349704,21,1028,502206153,60
DEQ,669068667351731,21,1028,509206125,59
DEQ,669068674347951,21,1028,516200279,58
DEQ,669068681350916,21,1028,523201173,57
DEQ,669068688351460,21,1028,530199581,56
DEQ,669068695353651,21,1028,537199613,55
DEQ,669068702360494,21,1028,544203992,54
DEQ,669068709354375,21,1028,287235494,53
DEQ,669068716362530,21,1028,294235134,52
DEQ,669068723357360,21,1028,301227962,51
DEQ,669068730357846,21,1028,308220516,50
DEQ,669068737352224,21,1028,315213902,49
DEQ,669068744374742,21,1028,322235177,48
DEQ,669068751354395,21,1028,329213859,47
DEQ,669068758356655,21,1028,336215387,46
DEQ,669068765350103,21,1028,343207998,45
DEQ,669068772349757,21,1028,350206747,44
DEQ,669068779358538,21,1028,357214783,43
DEQ,669068786224777,21,1028,364080272,42
DEQ,669068793245012,21,1028,371099786,41
DEQ,669068800224798,21,1028,378078809,40
DEQ,669068807350940,21,1028,385204211,39
DEQ,669068814280766,21,1028,392133222,92
DEQ,669068821351873,21,1028,399203418,91
DEQ,669068828344435,21,1028,406195176,90
DEQ,669068835355219,21,1028,413205240,89
DEQ,669068842344407,21,1028,420193646,88
DEQ,669068849355948,21,1028,427204413,87
DEQ,669068856344599,21,1028,434192351,86
DEQ,669068863364838,21,1028,441211925,85
DEQ,669068870347651,21,1028,448193865,84
DEQ,669068877351696,21,1028,455197184,83
DEQ,669068884351493,21,1028,462196306,82
DEQ,669068891351884,21,1028,469196063,81
DEQ,669068898348142,21,1028,476191552,80
DEQ,669068905342737,21,1028,483185470,79
DEQ,669068912353034,21,1028,490194995,78
DEQ,669068919352765,21,1028,497194069,77
DEQ,669068926344035,21,1028,504184249,76
DEQ,669068933351037,21,1028,511190455,75
DEQ,669068940353097,21,1028,518191754,74
DEQ,669068947356036,21,1028,525194000,74
DEQ,669068954353160,21,1028,532190393,73
DEQ,669068961346502,21,1028,539182723,72
DEQ,669068968354652,21,1028,546189963,71
DEQ,669068975350668,21,1028,553185222,70
DEQ,669068982356738,21,1028,560190546,69
STATS,669068982380500,69,69988,4263,4194,0,0,0
DEQ,669068989360693,21,1028,567193631,68
DEQ,669068996356969,21,1028,574189208,67
DEQ,669069003353318,21,1028,581184783,66
DEQ,669069010357198,21,1028,588187937,65
DEQ,669069017337744,21,1028,467226270,64
DEQ,669069024346519,21,1028,474223001,63
DEQ,669069031347772,21,1028,481222090,62
DEQ,669069038355785,21,1028,488227985,61
DEQ,669069045350293,21,1028,495220396,60
DEQ,669069052349835,21,1028,502217813,59
DEQ,669069059348671,21,1028,509214579,58
DEQ,669069066349103,21,1028,516212940,57
DEQ,669069073345996,21,1028,523207744,56
DEQ,669069080344070,21,1028,530203653,55
DEQ,669069087354733,21,1028,273229296,54
DEQ,669069094357213,21,1028,280224559,53
DEQ,669069101349250,21,1028,287208487,52
DEQ,669069108344670,21,1028,294202884,51
DEQ,669069115371528,21,1028,301228697,50
DEQ,669069122357860,21,1028,308214031,49
DEQ,669069129356156,21,1028,315211478,48
DEQ,669069136353100,21,1028,322207590,47
DEQ,669069143343058,21,1028,329196807,46
DEQ,669069150348214,21,1028,336201164,45
DEQ,669069157338596,21,1028,343190743,44
DEQ,669069164322035,21,1028,350173359,43
DEQ,669069171351117,21,1028,357201613,42
DEQ,669069178352396,21,1028,364202097,41
DEQ,669069185329659,21,1028,371178561,40
DEQ,669069192343235,21,1028,378191337,39
DEQ,669069199343517,21,1028,385190473,38
DEQ,669069206280505,21,1028,392126582,91
DEQ,669069213351100,21,1028,399196406,90
DEQ,669069220350568,21,1028,406195033,89
DEQ,669069227348579,21,1028,413192257,88
DEQ,669069234348361,21,1028,420191102,87
DEQ,669069241348787,21,1028,427190417,86
DEQ,669069248350071,21,1028,434190806,85
DEQ,669069255360911,21,1028,441200226,84
DEQ,669069262357630,21,1028,448195199,83
DEQ,669069269345301,21,1028,455181595,82
DEQ,669069276358779,21,1028,462193811,81
DEQ,669069283350890,21,1028,469184829,80
DEQ,669069290353935,21,1028,476186834,79
DEQ,669069297350812,21,1028,483182638,78
DEQ,669069304290472,21,1028,490121262,77
DEQ,669069311355462,21,1028,497185074,76
DEQ,669069318345711,21,1028,504174182,75
DEQ,669069325354215,21,1028,511181666,74
DEQ,669069332354979,21,1028,518181557,73
DEQ,669069339245800,21,1028,525071269,72
DEQ,669069346351678,21,1028,532176097,71
DEQ,669069353352033,21,1028,539175538,70
DEQ,669069360348354,21,1028,546170876,69
DEQ,669069367352810,21,1028,553168816,68
DEQ,669069374350571,21,1028,560165717,67
DEQ,669069381356775,21,1028,567170681,66
DEQ,669069388348378,21,1028,574161205,65
DEQ,669069395356104,21,1028,581167905,64
DEQ,669069402353280,21,1028,588164039,63
DEQ,669069409349440,21,1028,595158895,62
DEQ,669069416350745,21,1028,602158958,61
DEQ,669069423352040,21,1028,609159187,60
DEQ,669069430355003,21,1028,616160971,59
DEQ,669069437361229,21,1028,623165963,58
DEQ,669069444350232,21,1028,630153824,57
DEQ,669069451348727,21,1028,637151164,56
DEQ,669069458348688,21,1028,644149984,55
DEQ,669069465348729,21,84,523236709,54
DEQ,669069472361717,21,1028,266238940,53
DEQ,669069479353060,21,1028,273221830,52
DEQ,669069486357813,21,1028,280218774,51
DEQ,669069493354209,21,1028,287213947,50
DEQ,669069500354210,21,1028,294212975,49
DEQ,669069507352328,21,1028,301209948,48
DEQ,669069514355035,21,1028,308211798,47
DEQ,669069521354605,21,1028,315210559,46
DEQ,669069528345878,21,1028,322201010,45
DEQ,669069535352988,21,1028,329207281,44
DEQ,669069542351741,21,1028,336205255,43
DEQ,669069549346260,21,1028,343198983,42
DEQ,669069556340105,21,1028,350191948,41
DEQ,669069563332159,21,1028,357183262,40
DEQ,669069570350143,21,1028,364200400,39
DEQ,669069577352947,21,1028,371202474,38
DEQ,669069584349299,21,1028,378198091,37
DEQ,669069591352156,21,1028,385200215,36
DEQ,669069598275183,21,1028,392122436,89
DEQ,669069605365190,21,1028,399211659,88
DEQ,669069612353340,21,1028,406199030,87
DEQ,669069619354701,21,1028,413199651,86
DEQ,669069626354397,21,1028,420198390,85
DEQ,669069633352716,21,1028,427195885,84
DEQ,669069640351591,21,1028,434194062,83
DEQ,669069647351942,21,1028,441193607,82
DEQ,669069654357113,21,1028,448197803,81
DEQ,669069661353594,21,1028,455193429,80
DEQ,669069668357969,21,1028,462197048,79
DEQ,669069675360784,21,1028,469198996,78
DEQ,669069682338287,21,1028,476175645,77
DEQ,669069689347984,21,1028,483184512,76
DEQ,669069696351662,21,1028,490187378,75
DEQ,669069703356374,21,1028,497191370,74
DEQ,669069710348605,21,1028,504182885,73
DEQ,669069717292722,21,1028,511126174,72
DEQ,669069724350080,21,1028,518182771,71
DEQ,669069731348831,21,1028,525180803,70
DEQ,669069738350143,21,1028,532181287,69
DEQ,669069745344641,21,1028,539175043,68
DEQ,669069752349327,21,1028,546178951,67
DEQ,669069759350565,21,1028,553179416,66
DEQ,669069766343466,21,1028,560171441,65
DEQ,669069773353770,21,1028,567181077,64
DEQ,669069780353005,21,1028,574179498,63
DEQ,669069787368568,21,1028,581194399,62
DEQ,669069794346618,21,1028,588171111,61
DEQ,669069801366204,21,1028,595189839,60
DEQ,669069808350516,21,1028,602168608,59
DEQ,669069815350749,21,1028,609168001,58
DEQ,669069822360356,21,1028,616176951,57
DEQ,669069829351912,21,1028,623167685,56
DEQ,669069836352869,21,1028,630167868,55
DEQ,669069843348920,21,1028,637163157,54
DEQ,669069850348530,21,1028,252229705,53
DEQ,669069857351348,21,1028,259223895,52
DEQ,669069864361828,21,1028,266232304,52
DEQ,669069871351376,21,1028,273213593,51
DEQ,669069878356075,21,1028,280217316,50
DEQ,669069885355548,21,1028,287215907,49
DEQ,669069892352638,21,1028,294212096,48
DEQ,669069899348998,21,1028,301207662,47
DEQ,669069906338538,21,1028,308196397,46
DEQ,669069913345567,21,1028,315202509,45
DEQ,669069920338488,21,1028,322194470,44
DEQ,669069927317310,21,1028,329172549,43
DEQ,669069934338523,21,1028,336192904,42
DEQ,669069941351396,21,1028,343205042,41
DEQ,669069948338478,21,1028,350191202,40
DEQ,669069955354737,21,1028,357206667,39
DEQ,669069962348545,21,1028,364199724,38
DEQ,669069969353055,21,1028,371203483,37
DEQ,669069976351040,21,1028,378200641,36
DEQ,669069983348024,21,1028,385196666,35
STATS,669069983368775,35,35036,4372,4337,0,0,0
DEQ,669069990277600,21,1028,392125490,88
DEQ,669069997349694,21,1028,399196851,87
DEQ,669070004348479,21,1028,406194854,86
DEQ,669070011348893,21,1028,413194517,85
DEQ,669070018354385,21,1028,420199184,84
DEQ,669070025351392,21,1028,427195358,83
DEQ,669070032350136,21,1028,434193365,82
DEQ,669070039351977,21,1028,441194519,81
DEQ,669070046344925,21,1028,448186639,80
DEQ,669070053355280,21,1028,455196077,79
DEQ,669070060353971,21,1028,462193997,78
DEQ,669070067357837,21,1028,469197228,77
DEQ,669070074345895,21,1028,476184509,76
DEQ,669070081362271,21,1028,483200113,75
DEQ,669070088357618,21,1028,490194622,74
DEQ,669070095349087,21,1028,497185266,73
DEQ,669070102350266,21,1028,504185561,72
DEQ,669070109351713,21,1028,511186305,71
DEQ,669070116353084,21,1028,518186952,70
DEQ,669070123345958,21,1028,525179118,69
DEQ,669070130348505,21,1028,532180908,68
DEQ,669070137349047,21,1028,539180617,67
DEQ,669070144350313,21,1028,546181113,66
DEQ,669070151352367,21,1028,553182375,65
DEQ,669070158351872,21,1028,560181137,64
DEQ,669070165356435,21,1028,567185071,63
DEQ,669070172359068,21,1028,574186968,62
DEQ,669070179355068,21,1028,581182243,61
DEQ,669070186355176,21,1028,588181600,60
DEQ,669070193353612,21,1028,595179333,59
DEQ,669070200347896,21,1028,602167764,58
DEQ,669070207354928,21,1028,609174100,57
DEQ,669070214357567,21,1028,616175920,56
DEQ,669070221352065,21,1028,623169700,55
DEQ,669070228337043,21,84,366220304,54
DEQ,669070235345042,21,1028,245224560,53
DEQ,669070242350411,21,1028,252221190,52
DEQ,669070249344034,21,1028,259212543,51
DEQ,669070256351110,21,1028,266212840,50
DEQ,669070263344955,21,1028,273205831,49
DEQ,669070270348735,21,1028,280208786,48
DEQ,669070277343250,21,1028,287202508,47
DEQ,669070284343656,21,1028,294202130,46
DEQ,669070291338211,21,1028,301195719,45
DEQ,669070298344504,21,1028,308201243,44
DEQ,669070305352407,21,1028,315208397,43
DEQ,669070312342924,21,1028,322198171,42
DEQ,669070319345791,21,1028,329200284,41
DEQ,669070326342006,21,1028,336195727,40
DEQ,669070333324182,21,1028,343176867,39
DEQ,669070340345950,21,1028,350197897,38
DEQ,669070347354653,21,1028,357205846,37
DEQ,669070354344812,21,1028,364195136,36
DEQ,669070361356559,21,1028,371206114,35
DEQ,669070368347015,21,1028,378195822,34
DEQ,669070375350784,21,1028,385198865,33
DEQ,669070382277041,21,1028,392124372,86
DEQ,669070389359925,21,1028,399206539,85
DEQ,669070396348728,21,1028,406194509,84
DEQ,669070403353267,21,1028,413198262,83
DEQ,669070410350536,21,1028,420194683,82
DEQ,669070417350313,21,1028,427193604,81
DEQ,669070424352066,21,1028,434194700,80
DEQ,669070431350769,21,1028,441192648,79
DEQ,669070438364977,21,1028,448206080,78
DEQ,669070445348665,21,1028,455188941,77
DEQ,669070452359108,21,1028,462198544,76
DEQ,669070459353753,21,1028,469192443,75
DEQ,669070466358140,21,1028,476196132,74
DEQ,669070473353701,21,1028,483190863,73
DEQ,669070480355691,21,1028,490192029,72
DEQ,669070487368619,21,1028,497204243,71
DEQ,669070494360949,21,1028,504195819,70
DEQ,669070501352965,21,1028,511187055,69
DEQ,669070508343788,21,1028,518176945,68
DEQ,669070515355722,21,1028,525188140,67
DEQ,669070522353965,21,1028,532185679,66
DEQ,669070529353589,21,1028,539184577,65
DEQ,669070536354310,21,1028,546184627,64
DEQ,669070543355209,21,1028,553184657,63
DEQ,669070550355452,21,1028,560184245,62
DEQ,669070557356622,21,1028,567184584,61
DEQ,669070564348874,21,1028,574176050,60
DEQ,669070571355005,21,1028,581181431,59
DEQ,669070578342961,21,1028,588168640,58
DEQ,669070585349173,21,1028,595169171,57
DEQ,669070592348044,21,1028,602167174,56
DEQ,669070599349203,21,1028,609167529,55
DEQ,669070606359636,21,1028,616177209,54
DEQ,669070613356640,21,1028,231236384,53
DEQ,669070620349611,21,1028,238220436,52
DEQ,669070627351698,21,1028,245220742,51
DEQ,669070634351292,21,1028,252212590,50
DEQ,669070641350994,21,1028,259211429,49
DEQ,669070648349746,21,1028,266209284,48
DEQ,669070655351730,21,1028,273210442,47
DEQ,669070662262083,21,1028,280119972,46
DEQ,669070669352707,21,1028,287209467,45
DEQ,669070676360583,21,1028,294216539,44
DEQ,669070683357048,21,1028,301212284,43
DEQ,669070690314691,21,1028,308169150,42
DEQ,669070697338380,21,1028,315192090,41
DEQ,669070704341348,21,1028,322194313,40
DEQ,669070711338413,21,1028,329190593,39
DEQ,669070718294656,21,1028,336146130,38
DEQ,669070725348320,21,1028,343199043,37
DEQ,669070732348899,21,1028,350198708,36
DEQ,669070739343424,21,1028,357192434,35
DEQ,669070746351158,21,1028,364199343,34
DEQ,669070753350311,21,1028,371197669,33
DEQ,669070760342184,21,1028,378188772,32
DEQ,669070767348342,21,1028,385194148,31
DEQ,669070774282988,21,1028,392127955,84
DEQ,669070781356685,21,1028,399200882,83
DEQ,669070788345453,21,1028,406188939,82
DEQ,669070795350905,21,1028,413193609,81
DEQ,669070802349005,21,1028,420190746,80
DEQ,669070809348296,21,1028,427189208,79
DEQ,669070816352142,21,1028,434192348,78
DEQ,669070823348399,21,1028,441187855,77
DEQ,669070830348852,21,1028,448187429,76
DEQ,669070837350082,21,1028,455187883,75
DEQ,669070844351411,21,1028,462188425,74
DEQ,669070851349331,21,1028,469185619,73
DEQ,669070858348846,21,1028,476184289,72
DEQ,669070865356805,21,1028,483191535,71
DEQ,669070872347262,21,1028,490181360,70
DEQ,669070879350120,21,1028,497183504,69
DEQ,669070886348932,21,1028,504181553,68
DEQ,669070893348460,21,1028,511180264,67
DEQ,669070900348872,21,1028,518179929,66
DEQ,669070907350919,21,1028,525181240,66
DEQ,669070914362652,21,1028,532192251,65
DEQ,669070921353009,21,1028,539181931,64
DEQ,669070928352641,21,1028,546180907,63
DEQ,669070935354743,21,1028,553182342,62
DEQ,669070942358124,21,1028,560184954,61
DEQ,669070949352324,21,1028,567178356,60
DEQ,669070956357914,21,1028,574183101,59
DEQ,669070963358500,21,1028,581178104,58
DEQ,669070970357707,21,1028,588176544,57
DEQ,669070977358111,21,1028,595176059,56
DEQ,669070984364296,21,1028,602181560,55
STATS,669070984386343,55,55596,4535,4480,0,0,0
DEQ,669070991357061,21,1028,217239805,54
DEQ,669070998359776,21,1028,224233716,53
DEQ,669071005348536,21,1028,231220285,52
DEQ,669071012344795,21,1028,238214600,51
DEQ,669071019355095,21,1028,245217022,50
DEQ,669071026354296,21,1028,252215402,49
DEQ,669071033351023,21,1028,259211083,48
DEQ,669071040363094,21,1028,266222324,47
DEQ,669071047351834,21,1028,273210308,46
DEQ,669071054342658,21,1028,280200396,45
DEQ,669071061319397,21,1028,287176377,44
DEQ,669071068226536,21,1028,294082712,43
DEQ,669071075226528,21,1028,301081955,42
DEQ,669071082269617,21,1028,308124314,41
DEQ,669071089323774,21,1028,315177733,40
DEQ,669071096288897,21,1028,322142092,39
DEQ,669071103352889,21,1028,329205437,38
DEQ,669071110356861,21,1028,336208673,37
DEQ,669071117348486,21,1028,343199493,36
DEQ,669071124343358,21,1028,350193504,35
DEQ,669071131329617,21,1028,357178905,34
DEQ,669071138254333,21,1028,364102878,33
DEQ,669071145352923,21,1028,371200689,32
DEQ,669071152338401,21,1028,378185418,31
DEQ,669071159291141,21,1028,385137421,30
DEQ,669071166272622,21,1028,392118132,82
DEQ,669071173357246,21,1028,399202010,81
DEQ,669071180352471,21,1028,406196496,80
DEQ,669071187356233,21,1028,413199618,79
DEQ,669071194353198,21,1028,420195862,78
DEQ,669071201348760,21,1028,427190646,77
DEQ,669071208345814,21,1028,434186968,76
DEQ,669071215356271,21,1028,441196758,75
DEQ,669071222346065,21,1028,448185809,74
DEQ,669071229355453,21,1028,455194454,73
DEQ,669071236345825,21,1028,462184047,72
DEQ,669071243349676,21,1028,469187076,71
DEQ,669071250351782,21,1028,476188409,70
DEQ,669071257355401,21,1028,483191242,69
DEQ,669071264350921,21,1028,490185973,68
DEQ,669071271292722,21,1028,497126962,67
DEQ,669071278351787,21,1028,504185271,66
DEQ,669071285349697,21,1028,511182348,65
DEQ,669071292355266,21,1028,518187219,64
DEQ,669071299361809,21,1028,525192921,63
DEQ,669071306355809,21,1028,532186203,62
DEQ,669071313353087,21,1028,539182723,61
DEQ,669071320351055,21,1028,546180046,60
DEQ,669071327357240,21,1028,553185249,59
DEQ,669071334363476,21,1028,560190806,58
DEQ,669071341350703,21,1028,567177361,57
DEQ,669071348351780,21,1028,574177641,56
DEQ,669071355359689,21,1028,581184845,55
DEQ,669071362351821,21,1028,588171181,54
DEQ,669071369355611,21,84,467248114,53
DEQ,669071376363320,21,1028,210241116,52
DEQ,669071383357213,21,1028,217225091,51
DEQ,669071390229468,21,1028,224089145,50
DEQ,669071397253277,21,1028,231111722,49
DEQ,669071404336053,21,1028,238193096,48
DEQ,669071411355831,21,1028,245211697,47
DEQ,669071418354229,21,1028,252208915,46
DEQ,669071425356710,21,1028,259210401,45
DEQ,669071432347268,21,1028,266200020,59
DEQ,669071439358116,21,1028,273209942,58
DEQ,669071446316815,21,1028,280167673,57
DEQ,669071453350959,21,1028,287200721,56
DEQ,669071460351396,21,1028,294200271,55
DEQ,669071467355193,21,1028,301202971,54
DEQ,669071474358378,21,1028,308205290,53
DEQ,669071481355099,21,1028,315200915,52
DEQ,669071488349851,21,1028,322194694,51
DEQ,669071495353201,21,1028,329197140,50
DEQ,669071502345368,21,1028,336188327,49
DEQ,669071509352411,21,1028,343194273,48
DEQ,669071516349559,21,1028,350190454,47
DEQ,669071523349699,21,1028,357189723,46
DEQ,669071530351403,21,1028,364190623,45
DEQ,669071537344963,21,1028,371183152,44
DEQ,669071544351291,21,1028,378188526,43
DEQ,669071551349335,21,1028,385185534,42
DEQ,669071558246689,21,1028,392081936,80
DEQ,669071565357350,21,1028,399191685,79
DEQ,669071572351982,21,1028,406185443,78
DEQ,669071579357312,21,1028,413190085,77
DEQ,669071586349739,21,1028,420181618,76
DEQ,669071593352523,21,1028,427183336,75
DEQ,669071600361138,21,1028,434191081,74
DEQ,669071607355700,21,1028,441184840,73
DEQ,669071614358759,21,1028,448186816,72
DEQ,669071621355989,21,1028,455183187,71
DEQ,669071628358483,21,1028,462184636,70
DEQ,669071635356446,21,1028,469181683,69
DEQ,669071642351341,21,1028,476175627,68
DEQ,669071649344222,21,1028,483167697,67
DEQ,669071656348026,21,1028,490165686,66
DEQ,669071663353419,21,1028,497170231,65
DEQ,669071670350018,21,1028,504165994,64
DEQ,669071677348475,21,1028,511163469,63
DEQ,669071684353738,21,1028,518167708,62
DEQ,669071691350118,21,1028,525163259,61
DEQ,669071698343788,21,1028,532156132,60
DEQ,669071705356841,21,1028,539168352,59
DEQ,669071712348811,21,1028,546159197,58
DEQ,669071719293061,21,1028,553102627,57
DEQ,669071726349720,21,1028,560158359,56
DEQ,669071733348420,21,1028,567156314,55
DEQ,669071740351302,21,1028,574158363,54
DEQ,669071747352342,21,1028,316200675,53
DEQ,669071754359328,21,1028,323198303,52
DEQ,669071761358316,21,1028,330194478,51
DEQ,669071768344833,21,1028,337178686,50
DEQ,669071775357955,21,1028,344189560,49
DEQ,669071782353526,21,1028,351182890,48
DEQ,669071789355131,21,1028,358182232,47
DEQ,669071796365433,21,1028,365190220,46
DEQ,669071803351012,21,1028,372173526,45
DEQ,669071810350761,21,1028,379171078,44
DEQ,669071817350371,21,1028,386168277,43
DEQ,669071824344043,21,1028,393159680,72
DEQ,669071831356704,21,1028,400170103,71
DEQ,669071838352311,21,1028,407163339,70
DEQ,669071845346943,21,1028,413305450,69
DEQ,669071852343994,21,1028,294226088,68
DEQ,669071859352745,21,1028,301226322,67
DEQ,669071866352289,21,1028,308223584,66
DEQ,669071873351086,21,1028,315220387,65
DEQ,669071880351568,21,1028,322212684,64
DEQ,669071887352809,21,1028,329213003,63
DEQ,669071894344026,21,1028,336203282,62
DEQ,669071901354567,21,1028,343212950,61
DEQ,669071908349917,21,1028,350207515,60
DEQ,669071915350289,21,1028,357206801,59
DEQ,669071922351681,21,1028,364207015,58
DEQ,669071929355999,21,1028,371210516,57
DEQ,669071936353969,21,1028,378207603,56
DEQ,669071943360008,21,1028,385212814,55
DEQ,669071950352979,21,1028,392204961,79
DEQ,669071957364062,21,1028,399215250,78
DEQ,669071964356313,21,1028,406206772,77
DEQ,669071971350399,21,1028,413200135,76
DEQ,669071978344933,21,1028,420193840,75
DEQ,669071985352037,21,1028,427200300,74
STATS,669071985476963,74,75128,4697,4623,0,0,0
DEQ,669071992351673,21,1028,434199128,73
DEQ,669071999352037,21,1028,441198679,72
DEQ,669072006349997,21,1028,448195940,71
DEQ,669072013342103,21,1028,455187103,70
DEQ,669072020350253,21,1028,462194453,69
DEQ,669072027355752,21,1028,469199104,68
DEQ,669072034350015,21,1028,476192651,67
DEQ,669072041359692,21,1028,483201561,66
DEQ,669072048358400,21,1028,490199338,65
DEQ,669072055353143,21,1028,497193249,64
DEQ,669072062267542,21,1028,504106816,63
DEQ,669072069342950,21,1028,511181272,62
DEQ,669072076346844,21,1028,518184392,61
DEQ,669072083360433,21,1028,525197234,60
DEQ,669072090356058,21,1028,532192027,59
DEQ,669072097357860,21,1028,539193040,58
DEQ,669072104358177,21,1028,546192465,57
DEQ,669072111359677,21,1028,553193139,56
DEQ,669072118358197,21,1028,560190850,55
DEQ,669072125361297,21,1028,303250237,54
DEQ,669072132351851,21,1028,310232006,53
DEQ,669072139352334,21,1028,317230212,52
DEQ,669072146350188,21,1028,324225794,51
DEQ,669072153293185,21,1028,331166527,50
DEQ,669072160354373,21,1028,338225379,49
DEQ,669072167354766,21,1028,345223545,48
DEQ,669072174357671,21,1028,352224195,47
DEQ,669072181344807,21,1028,359208151,46
DEQ,669072188345186,21,1028,366206367,45
DEQ,669072195350560,21,1028,373209687,44
DEQ,669072202352822,21,1028,380209814,43
DEQ,669072209342262,21,1028,387197109,42
DEQ,669072216347813,21,1028,394200510,85
DEQ,669072223345766,21,1028,401196320,84
DEQ,669072230359737,21,1028,408207915,83
DEQ,669072237357339,21,1028,415203385,82
DEQ,669072244343108,21,1028,422186957,81
DEQ,669072251349746,21,1028,429191515,80
DEQ,669072258352806,21,1028,436192349,79
DEQ,669072265355329,21,1028,443192722,78
DEQ,669072272259778,21,1028,450095037,77
DEQ,669072279355074,21,1028,457188192,76
DEQ,669072286345805,21,1028,464176873,75
DEQ,669072293354115,21,1028,471183154,74
DEQ,669072300356421,21,1028,478183472,73
DEQ,669072307353784,21,1028,485178820,72
DEQ,669072314353898,21,1028,491915593,71
DEQ,669072321352392,21,1028,498011399,70
DEQ,669072328351978,21,1028,504133167,69
DEQ,669072335352555,21,1028,385229841,68
DEQ,669072342356993,21,1028,392225387,77
DEQ,669072349358285,21,1028,399224371,76
DEQ,669072356354071,21,84,406218010,75
DEQ,669072363359926,21,1028,413221791,74
DEQ,669072370353065,21,1028,420212771,73
DEQ,669072377347491,21,1028,427205195,72
DEQ,669072384349611,21,1028,434205250,71
DEQ,669072391353461,21,1028,441207015,70
DEQ,669072398350405,21,1028,448201969,69
DEQ,669072405359809,21,1028,455209168,68
DEQ,669072412353801,21,1028,462201000,67
DEQ,669072419362035,21,1028,469207173,66
DEQ,669072426363209,21,1028,476206232,65
DEQ,669072433354193,21,1028,483195071,64
DEQ,669072440352845,21,1028,490191634,63
DEQ,669072447358281,21,1028,497195002,62
DEQ,669072454361318,21,1028,504195937,61
DEQ,669072461350078,21,1028,511182579,60
DEQ,669072468346267,21,1028,518176636,59
DEQ,669072475245496,21,1028,525073475,58
DEQ,669072482344804,21,1028,532170595,57
DEQ,669072489356554,21,1028,539178886,56
DEQ,669072496356213,21,1028,546176452,55
DEQ,669072503357418,21,1028,553175672,54
DEQ,669072510364933,21,1028,296239663,53
DEQ,669072517353021,21,1028,303218446,52
DEQ,669072524355151,21,1028,310218315,51
DEQ,669072531360434,21,1028,317221455,50
DEQ,669072538357513,21,1028,324216225,49
DEQ,669072545357780,21,1028,331214264,48
DEQ,669072552367187,21,1028,338221423,47
DEQ,669072559356618,21,1028,345208870,46
DEQ,669072566342217,21,1028,352192405,45
DEQ,669072573342685,21,1028,359190811,44
DEQ,669072580338936,21,1028,366185016,43
DEQ,669072587331099,21,1028,373175031,42
DEQ,669072594352281,21,1028,380194127,41
DEQ,669072601341880,21,1028,387181665,40
DEQ,669072608357339,21,1028,394194950,90
DEQ,669072615350142,21,1028,401185649,89
DEQ,669072622358182,21,1028,408191570,88
DEQ,669072629354419,21,1028,415185839,87
DEQ,669072636356596,21,1028,422185120,86
DEQ,669072643357041,21,1028,429183521,85
DEQ,669072650352244,21,1028,436176581,84
DEQ,669072657353638,21,1028,443175842,83
DEQ,669072664355180,21,1028,450175314,82
DEQ,669072671350523,21,1028,457168546,81
DEQ,669072678356894,21,1028,464172844,80
DEQ,669072685357886,21,1028,471171766,79
DEQ,669072692343897,21,1028,478155721,78
DEQ,669072699355790,21,1028,485165644,77
DEQ,669072706356165,21,1028,492163868,76
DEQ,669072713355357,21,1028,499161077,75
DEQ,669072720292705,21,1028,506096253,74
DEQ,669072727355410,21,1028,513156839,73
DEQ,669072734337489,21,1028,520136889,75
DEQ,669072741347066,21,1028,527144432,74
DEQ,669072748357596,21,1028,534152938,73
DEQ,669072755357938,21,1028,541151076,72
DEQ,669072762350881,21,1028,548141430,71
DEQ,669072769352910,21,1028,555141357,70
DEQ,669072776358332,21,1028,562144631,69
DEQ,669072783354608,21,1028,569138372,68
DEQ,669072790353416,21,1028,576135070,67
DEQ,669072797352954,21,1028,583132559,66
DEQ,669072804346726,21,1028,589326666,65
DEQ,669072811351571,21,1028,595324184,64
DEQ,669072818355540,21,1028,476227232,63
DEQ,669072825363842,21,1028,483228927,62
DEQ,669072832357569,21,1028,490220323,61
DEQ,669072839354611,21,1028,497215081,60
DEQ,669072846355995,21,1028,504214228,59
DEQ,669072853358960,21,1028,511215038,58
DEQ,669072860354677,21,1028,518208667,57
DEQ,669072867356547,21,1028,525208432,56
DEQ,669072874348960,21,1028,532198746,55
DEQ,669072881356076,21,1028,539203763,54
DEQ,669072888355071,21,1028,282234624,53
DEQ,669072895353337,21,1028,289220214,52
DEQ,669072902360700,21,1028,296225438,51
DEQ,669072909354720,21,1028,303217243,50
DEQ,669072916356629,21,1028,310216688,49
DEQ,669072923362653,21,1028,317220621,48
DEQ,669072930353797,21,1028,324209615,47
DEQ,669072937356875,21,1028,331210476,46
DEQ,669072944355020,21,1028,338205907,45
DEQ,669072951351588,21,1028,345200407,44
DEQ,669072958347809,21,1028,352194411,43
DEQ,669072965324132,21,1028,359168607,42
DEQ,669072972340190,21,1028,366182526,41
DEQ,669072979347282,21,1028,373187629,40
DEQ,669072986347069,21,1028,380185381,39
STATS,669072986481995,39,40092,4805,4766,0,0,0
DEQ,669072993353344,21,1028,387189528,38
DEQ,669073000358584,21,1028,394192384,92
DEQ,669073007354045,21,1028,401185710,91
DEQ,669073014346164,21,1028,408175859,90
DEQ,669073021347203,21,1028,415174825,89
DEQ,669073028352957,21,1028,422178511,88
DEQ,669073035351626,21,1028,429175114,87
DEQ,669073042352861,21,1028,436174392,86
DEQ,669073049355028,21,1028,443174590,85
DEQ,669073056353674,21,1028,450171247,84
DEQ,669073063357783,21,1028,457173358,83
DEQ,669073070371857,21,1028,464185296,82
DEQ,669073077358035,21,1028,471169444,81
DEQ,669073084362041,21,1028,478171466,80
DEQ,669073091356551,21,1028,485163807,79
DEQ,669073098348816,21,1028,492153919,78
DEQ,669073105353724,21,1028,499156782,77
DEQ,669073112355558,21,1028,506156551,76
DEQ,669073119342524,21,1028,513141502,75
DEQ,669073126295442,21,1028,520092430,74
DEQ,669073133347479,21,1028,527142506,73
DEQ,669073140352905,21,1028,534145801,72
DEQ,669073147357486,21,1028,541148244,71
DEQ,669073154351278,21,1028,548139701,70
DEQ,669073161351684,21,1028,555137966,69
DEQ,669073168352437,21,1028,562136672,68
DEQ,669073175349246,21,1028,569131339,67
DEQ,669073182358906,21,1028,576138935,66
DEQ,669073189363517,21,1028,583141564,65
DEQ,669073196360460,21,1028,590136445,64
DEQ,669073203353680,21,1028,597127527,63
DEQ,669073210351433,21,1028,604123190,62
DEQ,669073217358324,21,1028,611128038,61
DEQ,669073224354348,21,1028,618121709,60
DEQ,669073231356956,21,1028,624358611,59
DEQ,669073238362812,21,1028,630363263,58
DEQ,669073245354525,21,1028,511229740,57
DEQ,669073252356036,21,1028,518222355,56
DEQ,669073259360415,21,1028,525224381,55
DEQ,669073266349403,21,84,268220338,54
DEQ,669073273358573,21,1028,275215925,53
DEQ,669073280358480,21,1028,282213573,52
DEQ,669073287347768,21,1028,289200709,51
DEQ,669073294343913,21,1028,296194607,50
DEQ,669073301346923,21,1028,303195602,49
DEQ,669073308315689,21,1028,310162226,48
DEQ,669073315353576,21,1028,317198105,47
DEQ,669073322344821,21,1028,324187300,46
DEQ,669073329356204,21,1028,331196678,45
DEQ,669073336349072,21,1028,338187531,44
DEQ,669073343348272,21,1028,345184510,43
DEQ,669073350326681,21,1028,352160751,42
DEQ,669073357356144,21,1028,359188040,41
DEQ,669073364349114,21,1028,366178958,40
DEQ,669073371347704,21,1028,373175451,39
DEQ,669073378346562,21,1028,380172310,38
DEQ,669073385351112,21,1028,387174612,37
DEQ,669073392350041,21,1028,394171379,90
DEQ,669073399359579,21,1028,401178785,89
DEQ,669073406354833,21,1028,408171915,88
DEQ,669073413353683,21,1028,415168655,87
DEQ,669073420351641,21,1028,422164546,86
DEQ,669073427256995,21,1028,429067925,85
DEQ,669073434353279,21,1028,436162237,84
DEQ,669073441359488,21,1028,443166364,83
DEQ,669073448357504,21,1028,450162430,82
DEQ,669073455347033,21,1028,457149912,81
DEQ,669073462347488,21,1028,464148368,80
DEQ,669073469349400,21,1028,471148086,79
DEQ,669073476351664,21,1028,478148382,78
DEQ,669073483355387,21,1028,485150105,77
DEQ,669073490345816,21,1028,492138559,76
DEQ,669073497354617,21,1028,499145366,75
DEQ,669073504351619,21,1028,506140409,74
DEQ,669073511359528,21,1028,513146337,73
DEQ,669073518345890,21,1028,520130723,72
DEQ,669073525353857,21,1028,527136711,71
DEQ,669073532362319,21,1028,534143027,70
DEQ,669073539364678,21,1028,541143267,69
DEQ,669073546360744,21,1028,548137252,68
DEQ,669073553358606,21,1028,555133046,67
DEQ,669073560355113,21,1028,562127254,66
DEQ,669073567355715,21,1028,569125878,65
DEQ,669073574360498,21,1028,576128460,64
DEQ,669073581356335,21,1028,583122290,63
DEQ,669073588358802,21,1028,590122620,62
DEQ,669073595358888,21,1028,597120547,61
DEQ,669073602348141,21,1028,604107755,60
DEQ,669073609355367,21,1028,611112884,59
DEQ,669073616354279,21,1028,618109611,58
DEQ,669073623361101,21,1028,625114460,57
DEQ,669073630350586,21,1028,632101950,56
DEQ,669073637356785,21,1028,639106166,55
DEQ,669073644370316,21,1028,646117722,54
DEQ,669073651362074,21,1028,261241863,53
DEQ,669073658364823,21,1028,268236068,52
DEQ,669073665358929,21,1028,275227997,51
DEQ,669073672361048,21,1028,282228092,50
DEQ,669073679354849,21,1028,289219590,49
DEQ,669073686338573,21,1028,296201144,48
DEQ,669073693359764,21,1028,303220272,47
DEQ,669073700351834,21,1028,310210248,46
DEQ,669073707354026,21,1028,317210374,45
DEQ,669073714351968,21,1028,324206298,44
DEQ,669073721289235,21,1028,331141432,43
DEQ,669073728350406,21,1028,338200511,42
DEQ,669073735355650,21,1028,345203701,41
DEQ,669073742348149,21,1028,352194227,40
DEQ,669073749343074,21,1028,359187068,39
DEQ,669073756354525,21,1028,366196353,38
DEQ,669073763352393,21,1028,373191783,37
DEQ,669073770352176,21,1028,380189566,36
DEQ,669073777361569,21,1028,387196886,35
DEQ,669073784359386,21,1028,394192684,88
DEQ,669073791359809,21,1028,401190688,87
DEQ,669073798356782,21,1028,408185560,86
DEQ,669073805350759,21,1028,415177549,85
DEQ,669073812353655,21,1028,422178432,84
DEQ,669073819357357,21,1028,429180066,83
DEQ,669073826353683,21,1028,436173804,82
DEQ,669073833352439,21,1028,443170417,81
DEQ,669073840362290,21,1028,450178222,80
DEQ,669073847354929,21,1028,457168821,79
DEQ,669073854353710,21,1028,464165451,78
DEQ,669073861353307,21,1028,471163051,77
DEQ,669073868345449,21,1028,478153145,76
DEQ,669073875354115,21,1028,485159699,75
DEQ,669073882354639,21,1028,492158085,74
DEQ,669073889349853,21,1028,499151253,73
DEQ,669073896355290,21,1028,506154631,72
DEQ,669073903353801,21,1028,513150991,71
DEQ,669073910365179,21,1028,520160249,70
DEQ,669073917358786,21,1028,527151877,69
DEQ,669073924348320,21,1028,534139366,68
DEQ,669073931358098,21,1028,541147163,67
DEQ,669073938356997,21,1028,548143815,66
DEQ,669073945369667,21,1028,555154306,65
DEQ,669073952355230,21,1028,562137889,64
DEQ,669073959354926,21,1028,569135613,63
DEQ,669073966357943,21,1028,576136645,62
DEQ,669073973359143,21,1028,583135783,61
DEQ,669073980357766,21,1028,590132411,60
DEQ,669073987355999,21,1028,597128671,59
STATS,669073987483960,59,60652,4968,4909,0,0,0
DEQ,669073994354689,21,1028,604125397,58
DEQ,669074001353516,21,1028,611122266,57
DEQ,669074008352991,21,1028,618119694,56
DEQ,669074015354325,21,1028,625118947,55
DEQ,669074022354776,21,1028,632117318,54
DEQ,669074029319267,21,1028,247193189,53
DEQ,669074036356353,21,1028,254221505,52
DEQ,669074043356833,21,1028,261219820,52
DEQ,669074050306891,21,1028,268167633,51
DEQ,669074057346892,21,1028,275205535,50
DEQ,669074064347345,21,1028,282203900,49
DEQ,669074071362262,21,1028,289216683,48
DEQ,669074078354872,21,1028,296207030,47
DEQ,669074085366456,21,1028,303216489,46
DEQ,669074092345155,21,1028,310193178,45
DEQ,669074099363786,21,1028,317209720,44
DEQ,669074106335219,21,1028,324179017,43
DEQ,669074113347696,21,1028,331189439,42
DEQ,669074120354946,21,1028,338194643,41
DEQ,669074127339434,21,1028,345177067,40
DEQ,669074134345756,21,1028,352181407,39
DEQ,669074141347788,21,1028,359181480,38
DEQ,669074148354074,21,1028,366185790,37
DEQ,669074155356108,21,1028,373185755,36
DEQ,669074162352378,21,1028,380179956,35
DEQ,669074169360419,21,1028,387186045,34
DEQ,669074176348411,21,1028,394170906,87
DEQ,669074183353680,21,1028,401174189,86
DEQ,669074190352575,21,1028,408171008,85
DEQ,669074197350370,21,1028,415166792,84
DEQ,669074204355050,21,1028,422169242,83
DEQ,669074211352875,21,1028,429165076,82
DEQ,669074218352392,21,1028,436162536,81
DEQ,669074225352967,21,1028,443161057,80
DEQ,669074232352439,21,1028,450158351,79
DEQ,669074239354889,21,1028,457158746,78
DEQ,669074246357396,21,1028,464159196,77
DEQ,669074253362952,21,1028,471162743,76
DEQ,669074260354225,21,1028,478151745,75
DEQ,669074267354643,21,1028,485150090,74
DEQ,669074274352528,21,1028,492146016,73
DEQ,669074281360455,21,1028,499151663,72
DEQ,669074288360864,21,1028,506150001,71
DEQ,669074295357168,21,1028,513144221,70
DEQ,669074302352556,21,1028,520137631,69
DEQ,669074309350489,21,1028,527133576,68
DEQ,669074316262515,21,1028,534043617,67
DEQ,669074323359693,21,1028,541138212,66
DEQ,669074330353805,21,1028,548130365,65
DEQ,669074337245091,21,1028,555019689,64
DEQ,669074344347607,21,1028,562120157,63
DEQ,669074351360103,21,1028,569130614,62
DEQ,669074358362173,21,1028,576130726,61
DEQ,669074365233304,21,1028,582999649,60
DEQ,669074372229105,21,1028,589993339,59
DEQ,669074379229249,21,1028,596991418,58
DEQ,669074386238735,21,1028,603998858,57
DEQ,669074393331270,21,1028,611089375,56
DEQ,669074400323781,21,1028,618079900,55
DEQ,669074407322742,21,84,369195642,54
DEQ,669074414354765,21,1028,240242538,53
DEQ,669074421357493,21,1028,247236864,52
DEQ,669074428354842,21,1028,254232079,51
DEQ,669074435354930,21,1028,261230159,50
DEQ,669074442352775,21,1028,268225975,49
DEQ,669074449356616,21,1028,275227803,48
DEQ,669074456357973,21,1028,282227107,47
DEQ,669074463355805,21,1028,289222843,46
DEQ,669074470347496,21,1028,296211980,45
DEQ,669074477351650,21,1028,303213801,44
DEQ,669074484345396,21,1028,310205554,43
DEQ,669074491331938,21,1028,317190006,42
DEQ,669074498352959,21,1028,324207976,41
DEQ,669074505360858,21,1028,331213790,40
DEQ,669074512337787,21,1028,338188647,39
DEQ,669074519360721,21,1028,345209506,38
DEQ,669074526370232,21,1028,352216952,37
DEQ,669074533362860,21,1028,359207599,36
DEQ,669074540362152,21,1028,366204908,35
DEQ,669074547354934,21,1028,373195621,34
DEQ,669074554352934,21,1028,380191546,33
DEQ,669074561356698,21,1028,387193230,32
DEQ,669074568353040,21,1028,394187491,85
DEQ,669074575353206,21,1028,401185595,84
DEQ,669074582357144,21,1028,408187449,83
DEQ,669074589360009,21,1028,415188308,82
DEQ,669074596352997,21,1028,422179270,81
DEQ,669074603355024,21,1028,429179284,80
DEQ,669074610353095,21,1028,436175353,79
DEQ,669074617354201,21,1028,443174380,78
DEQ,669074624350709,21,1028,450168909,77
DEQ,669074631355042,21,1028,457171263,76
DEQ,669074638354686,21,1028,464168836,75
DEQ,669074645355835,21,1028,471167849,74
DEQ,669074652346388,21,1028,478156343,73
DEQ,669074659363376,21,1028,485171242,72
DEQ,669074666352186,21,1028,492158054,71
DEQ,669074673362851,21,1028,499166730,70
DEQ,669074680353851,21,1028,506155765,69
DEQ,669074687359662,21,1028,513159600,68
DEQ,669074694339814,21,1028,520137784,67
DEQ,669074701361000,21,1028,527156858,66
DEQ,669074708355892,21,1028,534149792,65
DEQ,669074715358622,21,1028,541150490,64
DEQ,669074722294203,21,1028,548083600,63
DEQ,669074729296399,21,1028,555083805,62
DEQ,669074736358180,21,1028,562143595,61
DEQ,669074743354397,21,1028,569137763,60
DEQ,669074750347318,21,1028,576128716,59
DEQ,669074757348579,21,1028,583127985,58
DEQ,669074764354845,21,1028,590132234,57
DEQ,669074771370207,21,1028,597145599,56
DEQ,669074778358032,21,1028,604130953,55
DEQ,669074785365868,21,1028,611136723,54
DEQ,669074792356839,21,1028,226230156,53
DEQ,669074799361980,21,1028,233224334,52
DEQ,669074806357763,21,1028,240217528,51
DEQ,669074813358244,21,1028,247215228,50
DEQ,669074820358278,21,1028,254212453,49
DEQ,669074827359382,21,1028,261210877,48
DEQ,669074834357098,21,1028,268205916,47
DEQ,669074841355903,21,1028,275201933,46
DEQ,669074848350894,21,1028,282194235,45
DEQ,669074855354744,21,1028,289195558,44
DEQ,669074862356855,21,1028,296194377,43
DEQ,669074869325157,21,1028,303159920,42
DEQ,669074876351873,21,1028,310184341,41
DEQ,669074883349636,21,1028,317179455,40
DEQ,669074890357523,21,1028,324184807,39
DEQ,669074897354513,21,1028,331179441,38
DEQ,669074904356578,21,1028,338178921,37
DEQ,669074911356872,21,1028,345176993,36
DEQ,669074918360727,21,1028,352178340,35
DEQ,669074925355376,21,1028,359170605,34
DEQ,669074932355008,21,1028,366167792,33
DEQ,669074939358112,21,1028,373168489,32
DEQ,669074946349170,21,1028,380155993,31
DEQ,669074953350426,21,1028,387154315,30
DEQ,669074960354130,21,1028,394155447,83
DEQ,669074967252225,21,1028,401051030,82
DEQ,669074974353503,21,1028,408149636,81
DEQ,669074981360177,21,1028,415153653,80
DEQ,669074988347873,21,1028,422138746,79
STATS,669074988476602,79,81212,5131,5052,0,0,0
DEQ,669074995356846,21,1028,429145141,78
DEQ,669075002358096,21,1028,436143868,77
DEQ,669075009365942,21,1028,443148896,76
DEQ,669075016359769,21,1028,450140028,75
DEQ,669075023373800,21,1028,457151718,74
DEQ,669075030295832,21,1028,464071223,73
DEQ,669075037356779,21,1028,471129647,72
DEQ,669075044356293,21,1028,478126773,71
DEQ,669075051364850,21,1028,485132778,70
DEQ,669075058357048,21,1028,492122587,69
DEQ,669075065357245,21,1028,499119570,68
DEQ,669075072351764,21,1028,506111343,67
DEQ,669075079349627,21,1028,513106448,66
DEQ,669075086340150,21,1028,520094391,66
DEQ,669075093356356,21,1028,527108119,65
DEQ,669075100356978,21,1028,534106308,64
DEQ,669075107358891,21,1028,541105682,63
DEQ,669075114353552,21,1028,548098173,62
DEQ,669075121357254,21,1028,555099279,61
DEQ,669075128352657,21,1028,562092010,60
DEQ,669075135356398,21,1028,569093316,59
DEQ,669075142341903,21,1028,576076430,58
DEQ,669075149364686,21,1028,583096915,57
DEQ,669075156366654,21,1028,590096103,56
DEQ,669075163364421,21,1028,597091401,55
DEQ,669075170359401,21,1028,212253058,54
DEQ,669075177362162,21,1028,219232119,53
DEQ,669075184356861,21,1028,226224247,52
DEQ,669075191356307,21,1028,233221026,51
DEQ,669075198357049,21,1028,240219151,50
DEQ,669075205356432,21,1028,247215780,49
DEQ,669075212355291,21,1028,254212220,48
DEQ,669075219354034,21,1028,261208222,47
DEQ,669075226347790,21,1028,268199180,46
DEQ,669075233347181,21,1028,275195890,45
DEQ,669075240319545,21,1028,282165495,44
DEQ,669075247360138,21,1028,289203351,43
DEQ,669075254345953,21,1028,296186788,42
DEQ,669075261364872,21,1028,303203111,41
DEQ,669075268359576,21,1028,310195395,40
DEQ,669075275349937,21,1028,317183125,39
DEQ,669075282353719,21,1028,324184323,38
DEQ,669075289354032,21,1028,331182094,37
DEQ,669075296356412,21,1028,338182051,36
DEQ,669075303364615,21,1028,345186081,35
DEQ,669075310347988,21,1028,352166681,34
DEQ,669075317375907,21,1028,359192030,33
DEQ,669075324353748,21,1028,366167351,32
DEQ,669075331321610,21,1028,373132521,31
DEQ,669075338356295,21,1028,380164760,30
DEQ,669075345352510,21,1028,387158617,29
DEQ,669075352350515,21,1028,394153973,82
DEQ,669075359356691,21,1028,401157683,81
DEQ,669075366353646,21,1028,408152009,80
DEQ,669075373361764,21,1028,415157605,79
DEQ,669075380358755,21,1028,422152305,78
DEQ,669075387354129,21,1028,429145128,77
DEQ,669075394353828,21,1028,436142114,76
DEQ,669075401358381,21,1028,443144001,75
DEQ,669075408358113,21,1028,450141288,74
DEQ,669075415353445,21,1028,457133731,73
DEQ,669075422349834,21,1028,464127593,72
DEQ,669075429370723,21,1028,471146009,71
DEQ,669075436358782,21,1028,478131672,70
DEQ,669075443359458,21,1028,485129651,69
DEQ,669075450353870,21,1028,492120640,68
DEQ,669075457356749,21,1028,499120817,67
DEQ,669075464358055,21,1028,506119394,66
DEQ,669075471356041,21,1028,513114847,65
DEQ,669075478348997,21,1028,520105135,64
DEQ,669075485355146,21,1028,527108546,63
DEQ,669075492353930,21,1028,534104638,62
DEQ,669075499358509,21,1028,541106600,61
DEQ,669075506357287,21,1028,548102598,60
DEQ,669075513356908,21,1028,555099665,59
DEQ,669075520352223,21,1028,562092219,58
DEQ,669075527357787,21,1028,569095154,57
DEQ,669075534360525,21,1028,576095129,56
DEQ,669075541356860,21,1028,583088725,55
DEQ,669075548355659,21,84,462231450,54
DEQ,669075555354171,21,1028,205221914,53
DEQ,669075562369932,21,1028,212228613,52
DEQ,669075569367077,21,1028,219222935,51
DEQ,669075576350394,21,1028,226203516,50
DEQ,669075583350174,21,1028,233200743,49
DEQ,669075590359445,21,1028,240207450,48
DEQ,669075597362503,21,1028,247207378,47
DEQ,669075604350874,21,1028,254192935,46
DEQ,669075611356414,21,1028,261195404,53
DEQ,669075618343295,21,1028,268179633,52
DEQ,669075625375804,21,1028,275209631,51
DEQ,669075632345011,21,1028,282176425,50
DEQ,669075639357894,21,1028,289186658,49
DEQ,669075646376093,21,1028,296202413,48
DEQ,669075653361118,21,1028,303185055,47
DEQ,669075660350511,21,1028,310171787,46
DEQ,669075667359282,21,1028,317178265,45
DEQ,669075674358262,21,1028,324174737,44
DEQ,669075681350315,21,1028,331164307,43
DEQ,669075688356582,21,1028,338168265,42
DEQ,669075695361162,21,1028,345170463,41
DEQ,669075702354152,21,1028,352160930,40
DEQ,669075709354500,21,1028,359158766,39
DEQ,669075716354210,21,1028,366156214,38
DEQ,669075723297925,21,1028,373097789,37
DEQ,669075730356705,21,1028,380153972,36
DEQ,669075737367947,21,1028,387162898,35
DEQ,669075744356805,21,1028,394148857,80
DEQ,669075751362011,21,1028,401151533,79
DEQ,669075758350894,21,1028,408137990,78
DEQ,669075765350432,21,1028,415135054,77
DEQ,669075772359993,21,1028,422142000,76
DEQ,669075779351387,21,1028,429130983,75
DEQ,669075786370060,21,1028,436147016,74
DEQ,669075793358453,21,1028,443132870,73
DEQ,669075800358558,21,1028,450130652,72
DEQ,669075807352921,21,1028,457122352,71
DEQ,669075814360783,21,1028,464127639,70
DEQ,669075821352025,21,1028,471116664,69
DEQ,669075828364076,21,1028,478126411,68
DEQ,669075835356350,21,1028,485116191,67
DEQ,669075842356786,21,1028,492114261,66
DEQ,669075849354734,21,1028,499109969,65
DEQ,669075856358474,21,1028,506111303,64
DEQ,669075863341369,21,1028,513091517,63
DEQ,669075870358710,21,1028,520106494,62
DEQ,669075877353154,21,1028,527098540,61
DEQ,669075884362743,21,1028,534105612,60
DEQ,669075891363096,21,1028,541103627,59
DEQ,669075898350982,21,1028,548089043,58
DEQ,669075905364031,21,1028,555099584,57
DEQ,669075912356931,21,1028,562089922,56
DEQ,669075919354756,21,1028,569085022,55
DEQ,669075926356095,21,1028,576083600,54
DEQ,669075933358153,21,1028,327242388,53
DEQ,669075940366308,21,1028,334242038,52
DEQ,669075947361382,21,1028,341140593,51
DEQ,669075954358784,21,1028,347217328,50
DEQ,669075961358184,21,1028,353227554,49
DEQ,669075968346075,21,1028,359217317,48
DEQ,669075975368152,21,1028,365244150,47
DEQ,669075982354410,21,1028,371235268,46
DEQ,669075989344849,21,1028,247216655,45
STATS,669075989481681,45,46260,5240,5195,0,0,0
DEQ,669075996359547,21,1028,254222458,44
DEQ,669076003356333,21,1028,261216532,65
DEQ,669076010350322,21,1028,268208273,64
DEQ,669076017333381,21,1028,275188800,63
DEQ,669076024343660,21,1028,282196603,62
DEQ,669076031352432,21,1028,289202541,61
DEQ,669076038354476,21,1028,296202159,60
DEQ,669076045357451,21,1028,303202522,59
DEQ,669076052362002,21,1028,310204872,58
DEQ,669076059365784,21,1028,317206248,57
DEQ,669076066366547,21,1028,324204803,56
DEQ,669076073358882,21,1028,331194444,55
DEQ,669076080353093,21,1028,338186112,54
DEQ,669076087363371,21,1028,345193985,53
DEQ,669076094363905,21,1028,352191911,52
DEQ,669076101354184,21,1028,359179148,51
DEQ,669076108347917,21,1028,366170270,50
DEQ,669076115350868,21,1028,373170534,49
DEQ,669076122354710,21,1028,380171960,48
DEQ,669076129239777,21,1028,387054375,47
DEQ,669076136265016,21,1028,394077053,78
DEQ,669076143301675,21,1028,401111033,77
DEQ,669076150357733,21,1028,408164631,76
DEQ,669076157361588,21,1028,415165945,75
DEQ,669076164359623,21,1028,422161271,74
DEQ,669076171359624,21,1028,429158926,73
DEQ,669076178353333,21,1028,436149764,72
DEQ,669076185363187,21,1028,443156971,71
DEQ,669076192368934,21,1028,450160361,70
DEQ,669076199356994,21,1028,457145973,69
DEQ,669076206362211,21,1028,464148861,68
DEQ,669076213362682,21,1028,471146794,67
DEQ,669076220356427,21,1028,478137815,66
DEQ,669076227355140,21,1028,485134172,65
DEQ,669076234354599,21,1028,492131242,64
DEQ,669076241355917,21,1028,499130030,63
DEQ,669076248350580,21,1028,506122369,62
DEQ,669076255331887,21,1028,513101127,61
DEQ,669076262358031,21,1028,520124801,60
DEQ,669076269364107,21,1028,527128534,59
DEQ,669076276360401,21,1028,534122483,58
DEQ,669076283359107,21,1028,541118739,57
DEQ,669076290358291,21,1028,548115380,56
DEQ,669076297363173,21,1028,555117583,55
DEQ,669076304356926,21,1028,562108993,54
DEQ,669076311359392,21,1028,313225715,53
DEQ,669076318255526,21,1028,320109406,52
DEQ,669076325355221,21,1028,327206747,51
DEQ,669076332355138,21,1028,334203761,50
DEQ,669076339357784,21,1028,341204375,49
DEQ,669076346356537,21,1028,348201101,48
DEQ,669076353362752,21,1028,355205228,47
DEQ,669076360360087,21,1028,362200478,46
DEQ,669076367349686,21,1028,369188007,45
DEQ,669076374350012,21,1028,376186262,44
DEQ,669076381336923,21,1028,383171117,43
DEQ,669076388343464,21,1028,390175606,42
DEQ,669076395358546,21,1028,397188550,78
DEQ,669076402347225,21,1028,404174729,77
DEQ,669076409348177,21,1028,411173665,76
DEQ,669076416356642,21,1028,418179223,75
DEQ,669076423356245,21,1028,425176707,74
DEQ,669076430355088,21,1028,431317548,73
DEQ,669076437373730,21,1028,437335785,72
DEQ,669076444366510,21,1028,443329493,71
DEQ,669076451363009,21,1028,449318564,70
DEQ,669076458355047,21,1028,455308552,69
DEQ,669076465356989,21,1028,331246925,68
DEQ,669076472355762,21,1028,338223326,67
DEQ,669076479354572,21,1028,345219861,66
DEQ,669076486350906,21,1028,352214038,65
DEQ,669076493357899,21,1028,359218648,64
DEQ,669076500355079,21,1028,366213718,63
DEQ,669076507252090,21,1028,373108145,62
DEQ,669076514254654,21,1028,380108636,61
DEQ,669076521352797,21,1028,387204789,60
DEQ,669076528357969,21,1028,394207700,76
DEQ,669076535355787,21,1028,401203459,75
DEQ,669076542351122,21,1028,408196713,74
DEQ,669076549370428,21,1028,415213890,73
DEQ,669076556361065,21,1028,422202467,72
DEQ,669076563366983,21,1028,429206142,71
DEQ,669076570355127,21,1028,436192095,70
DEQ,669076577357153,21,1028,443192128,69
DEQ,669076584350986,21,1028,450183914,68
DEQ,669076591358109,21,1028,457188913,67
DEQ,669076598350149,21,1028,464177824,66
DEQ,669076605348906,21,1028,471174492,65
DEQ,669076612355170,21,1028,478178732,64
DEQ,669076619358862,21,1028,485180337,63
DEQ,669076626358569,21,1028,492178121,62
DEQ,669076633356578,21,1028,499173970,61
DEQ,669076640354272,21,1028,506169618,60
DEQ,669076647355654,21,1028,513168955,59
DEQ,669076654346018,21,1028,520157229,58
DEQ,669076661354723,21,1028,527163822,57
DEQ,669076668358359,21,1028,534165383,56
DEQ,669076675360556,21,1028,541164997,55
DEQ,669076682350976,21,1028,548153263,54
DEQ,669076689360675,21,1028,299200466,53
DEQ,669076696373952,21,1028,306205184,52
DEQ,669076703351221,21,1028,313180286,51
DEQ,669076710353789,21,1028,320180695,50
DEQ,669076717360549,21,1028,327185374,49
DEQ,669076724298387,21,1028,334121222,48
DEQ,669076731361783,21,1028,341182511,47
DEQ,669076738362065,21,1028,348180725,46
DEQ,669076745358614,21,1028,355174093,45
DEQ,669076752354655,21,1028,362168122,44
DEQ,669076759369943,21,1028,369181287,43
DEQ,669076766322944,21,1028,376132301,42
DEQ,669076773345007,21,1028,383152374,41
DEQ,669076780345317,21,1028,390150687,40
DEQ,669076787334065,21,1028,397137382,90
DEQ,669076794356966,21,1028,404158222,89
DEQ,669076801358370,21,1028,411157562,88
DEQ,669076808355375,21,1028,418152494,87
DEQ,669076815363283,21,1028,425158343,86
DEQ,669076822332719,21,1028,432125752,85
DEQ,669076829370820,21,1028,439161890,84
DEQ,669076836350642,21,1028,446139626,83
DEQ,669076843356601,21,1028,453143528,82
DEQ,669076850357202,21,1028,460142125,81
DEQ,669076857360038,21,1028,467142908,80
DEQ,669076864354768,21,1028,474135532,79
DEQ,669076871369137,21,1028,481147907,78
DEQ,669076878364579,21,1028,488141186,77
DEQ,669076885363436,21,1028,495137981,76
DEQ,669076892358840,21,1028,502130908,75
DEQ,669076899357561,21,1028,509127231,74
DEQ,669076906357218,21,1028,516124823,73
DEQ,669076913358381,21,1028,522298183,72
DEQ,669076920357199,21,1028,528298554,74
DEQ,669076927356716,21,1028,534295031,73
DEQ,669076934298029,21,1028,540235439,72
DEQ,669076941359123,21,1028,546292445,71
DEQ,669076948357265,21,1028,422232061,70
DEQ,669076955358397,21,1028,429224089,69
DEQ,669076962358908,21,1028,436221722,68
DEQ,669076969346785,21,1028,443206831,67
DEQ,669076976358880,21,1028,450216211,66
DEQ,669076983357659,21,1028,457212451,65
DEQ,669076990357190,21,1028,464209193,64
STATS,669076990485759,64,65792,5402,5338,0,0,0
DEQ,669076997352259,21,1028,471201631,63
DEQ,669077004360397,21,1028,478207018,62
DEQ,669077011364085,21,1028,485208210,61
DEQ,669077018360583,21,1028,492202023,60
DEQ,669077025359442,21,1028,499198380,59
DEQ,669077032349046,21,1028,506185284,58
DEQ,669077039355651,21,1028,513189026,57
DEQ,669077046342402,21,1028,520173454,57
DEQ,669077053358549,21,1028,527186898,56
DEQ,669077060355605,21,1028,534180758,55
DEQ,669077067357725,21,1028,285233272,54
DEQ,669077074357426,21,1028,292223956,53
DEQ,669077081358624,21,1028,299223041,52
DEQ,669077088364333,21,1028,306226718,51
DEQ,669077095362712,21,1028,313222896,50
DEQ,669077102357365,21,1028,320215486,49
DEQ,669077109359416,21,1028,327215392,48
DEQ,669077116351600,21,1028,334205415,47
DEQ,669077123357811,21,1028,341209570,46
DEQ,669077130344863,21,1028,348194643,45
DEQ,669077137357811,21,1028,355205611,44
DEQ,669077144349231,21,1028,362194949,43
DEQ,669077151350109,21,1028,369193730,42
DEQ,669077158346619,21,1028,376188181,41
DEQ,669077165356233,21,1028,383195705,40
DEQ,669077172349957,21,1028,390187442,39
DEQ,669077179356216,21,1028,397191701,92
DEQ,669077186355870,21,1028,404189209,91
DEQ,669077193359499,21,1028,411190645,90
DEQ,669077200360760,21,1028,418189701,89
DEQ,669077207359483,21,1028,425186289,88
DEQ,669077214357591,21,1028,432182442,87
DEQ,669077221351192,21,1028,439173919,86
DEQ,669077228355961,21,1028,446176533,85
DEQ,669077235318846,21,1028,453137215,84
DEQ,669077242355903,21,1028,460172204,83
DEQ,669077249363238,21,1028,467177260,82
DEQ,669077256359687,21,1028,474171524,81
DEQ,669077263369279,21,1028,481179149,80
DEQ,669077270359851,21,1028,488167525,79
DEQ,669077277362975,21,1028,495168521,78
DEQ,669077284357871,21,1028,502161159,77
DEQ,669077291365402,21,1028,509166617,76
DEQ,669077298347189,21,1028,516146351,75
DEQ,669077305356298,21,1028,523153216,74
DEQ,669077312358402,21,1028,530153275,73
DEQ,669077319357054,21,1028,537149877,72
DEQ,669077326358434,21,1028,544149187,71
DEQ,669077333359705,21,1028,551148267,70
DEQ,669077340357460,21,1028,558143812,69
DEQ,669077347358838,21,1028,565143092,68
DEQ,669077354357709,21,1028,572139714,67
DEQ,669077361358050,21,1028,579137981,66
DEQ,669077368356828,21,1028,586134708,65
DEQ,669077375356418,21,1028,593132253,64
DEQ,669077382358518,21,1028,600132188,63
DEQ,669077389360600,21,1028,606445372,62
DEQ,669077396349390,21,1028,612443665,61
DEQ,669077403356289,21,1028,618539093,60
DEQ,669077410356066,21,1028,624628116,59
DEQ,669077417365941,21,1028,630734863,58
DEQ,669077424362935,21,1028,506239870,57
DEQ,669077431360291,21,1028,513228288,56
DEQ,669077438354585,21,1028,520220051,55
DEQ,669077445360201,21,84,399232416,54
DEQ,669077452341919,21,1028,278216356,53
DEQ,669077459360096,21,1028,285225982,52
DEQ,669077466361063,21,1028,292224483,51
DEQ,669077473353387,21,1028,299214676,50
DEQ,669077480358647,21,1028,306217747,49
DEQ,669077487354023,21,1028,313210945,48
DEQ,669077494357818,21,1028,320212660,47
DEQ,669077501358250,21,1028,327210996,46
DEQ,669077508362879,21,1028,334213539,45
DEQ,669077515347983,21,1028,341196339,44
DEQ,669077522357866,21,1028,348204175,43
DEQ,669077529329043,21,1028,355173220,42
DEQ,669077536355235,21,1028,362197189,41
DEQ,669077543355829,21,1028,369195640,40
DEQ,669077550356228,21,1028,376193934,39
DEQ,669077557355565,21,1028,383191241,38
DEQ,669077564370420,21,1028,390204048,37
DEQ,669077571372554,21,1028,397204213,90
DEQ,669077578362355,21,1028,404192022,89
DEQ,669077585360259,21,1028,411187867,88
DEQ,669077592361095,21,1028,418186692,87
DEQ,669077599368882,21,1028,425192402,86
DEQ,669077606370821,21,1028,432192297,85
DEQ,669077613371383,21,1028,439190876,84
DEQ,669077620360077,21,1028,446177484,83
DEQ,669077627365623,21,1028,453181037,82
DEQ,669077634365684,21,1028,460179012,81
DEQ,669077641366389,21,1028,467177650,80
DEQ,669077648359957,21,1028,474169243,79
DEQ,669077655365371,21,1028,481172665,78
DEQ,669077662365463,21,1028,488170762,77
DEQ,669077669377856,21,1028,495181191,76
DEQ,669077676349233,21,1028,502150491,75
DEQ,669077683361374,21,1028,509160483,74
DEQ,669077690361616,21,1028,516158587,73
DEQ,669077697364971,21,1028,523159874,72
DEQ,669077704353747,21,1028,530146275,71
DEQ,669077711365767,21,1028,537156223,70
DEQ,669077718357931,21,1028,544146201,69
DEQ,669077725300126,21,1028,551086426,68
DEQ,669077732359604,21,1028,558143967,67
DEQ,669077739359652,21,1028,565141973,66
DEQ,669077746359757,21,1028,572139978,65
DEQ,669077753357643,21,1028,579135792,64
DEQ,669077760360622,21,1028,586136710,63
DEQ,669077767360965,21,1028,593135085,62
DEQ,669077774359964,21,1028,600132039,61
DEQ,669077781358715,21,1028,607128774,60
DEQ,669077788352101,21,1028,614120193,59
DEQ,669077795365207,21,1028,621131329,58
DEQ,669077802356641,21,1028,628120714,57
DEQ,669077809358580,21,1028,635120660,56
DEQ,669077816364726,21,1028,642124703,55
DEQ,669077823364649,21,1028,649122525,54
DEQ,669077830366582,21,1028,264232331,53
DEQ,669077837356942,21,1028,271213941,52
DEQ,669077844362098,21,1028,278216908,51
DEQ,669077851362438,21,1028,285215169,50
DEQ,669077858359862,21,1028,292210516,49
DEQ,669077865351174,21,1028,299199743,48
DEQ,669077872361615,21,1028,306207541,47
DEQ,669077879364515,21,1028,313208350,46
DEQ,669077886346615,21,1028,320188419,45
DEQ,669077893351140,21,1028,327190792,44
DEQ,669077900346678,21,1028,334184312,43
DEQ,669077907377846,21,1028,341213446,42
DEQ,669077914349901,21,1028,348183475,41
DEQ,669077921354554,21,1028,355185871,40
DEQ,669077928345001,21,1028,362174270,39
DEQ,669077935266499,21,1028,369093658,38
DEQ,669077942360296,21,1028,376185320,37
DEQ,669077949375759,21,1028,383198696,36
DEQ,669077956360418,21,1028,390181339,35
DEQ,669077963363420,21,1028,397182307,88
DEQ,669077970360441,21,1028,404177273,87
DEQ,669077977362338,21,1028,411177062,86
DEQ,669077984363990,21,1028,418176249,85
DEQ,669077991373250,21,1028,425183431,84
STATS,669077991516737,84,86352,5565,5481,0,0,0
DEQ,669077998365601,21,1028,432173708,83
DEQ,669078005368154,21,1028,439174270,82
DEQ,669078012363107,21,1028,446167233,81
DEQ,669078019366394,21,1028,453168534,80
DEQ,669078026359583,21,1028,460159652,79
DEQ,669078033361209,21,1028,467158353,78
DEQ,669078040360056,21,1028,474155122,77
DEQ,669078047359746,21,1028,481152816,76
DEQ,669078054356893,21,1028,488147905,75
DEQ,669078061260144,21,1028,495049027,74
DEQ,669078068353058,21,1028,502139880,73
DEQ,669078075352927,21,1028,509137723,72
DEQ,669078082358490,21,1028,516141323,71
DEQ,669078089358932,21,1028,523139770,70
DEQ,669078096356025,21,1028,530134687,70
DEQ,669078103359072,21,1028,537135813,69
DEQ,669078110358504,21,1028,544133133,68
DEQ,669078117359681,21,1028,551132247,67
DEQ,669078124358564,21,1028,558129148,66
DEQ,669078131359797,21,1028,565128343,65
DEQ,669078138358549,21,1028,572125033,64
DEQ,669078145357373,21,1028,579121804,63
DEQ,669078152359627,21,1028,586122017,62
DEQ,669078159364746,21,1028,593125098,61
DEQ,669078166330333,21,1028,600088616,60
DEQ,669078173262087,21,1028,607018327,59
DEQ,669078180358497,21,1028,614112119,58
DEQ,669078187359708,21,1028,621111259,57
DEQ,669078194366311,21,1028,628115869,56
DEQ,669078201358068,21,1028,635105642,55
DEQ,669078208351200,21,1028,250226693,54
DEQ,669078215358217,21,1028,257225294,53
DEQ,669078222356048,21,1028,264220863,52
DEQ,669078229364825,21,1028,271227503,51
DEQ,669078236359453,21,1028,278220134,50
DEQ,669078243363568,21,1028,285222275,49
DEQ,669078250358840,21,1028,292215360,48
DEQ,669078257361537,21,1028,299216077,47
DEQ,669078264347850,21,1028,306200366,46
DEQ,669078271363254,21,1028,313213694,45
DEQ,669078278246867,21,1028,320095313,44
DEQ,669078285324067,21,1028,327170519,43
DEQ,669078292347133,21,1028,334191600,42
DEQ,669078299350762,21,1028,341193236,41
DEQ,669078306349630,21,1028,348190096,40
DEQ,669078313364739,21,1028,355203117,39
DEQ,669078320361749,21,1028,362197991,38
DEQ,669078327362738,21,1028,369195597,37
DEQ,669078334373336,21,1028,376204124,36
DEQ,669078341354557,21,1028,383183268,35
DEQ,669078348374326,21,1028,390201005,34
DEQ,669078355352793,21,1028,397177441,87
DEQ,669078362363317,21,1028,404185798,86
DEQ,669078369363911,21,1028,411184400,85
DEQ,669078376365189,21,1028,418183687,84
DEQ,669078383365543,21,1028,425182083,83
DEQ,669078390366459,21,1028,432181028,82
DEQ,669078397361496,21,1028,439174053,81
DEQ,669078404362640,21,1028,446173156,80
DEQ,669078411364904,21,1028,453173424,79
DEQ,669078418357078,21,1028,460163588,78
DEQ,669078425361727,21,1028,467166148,77
DEQ,669078432355914,21,1028,474158312,76
DEQ,669078439360925,21,1028,481161240,75
DEQ,669078446357316,21,1028,488155557,74
DEQ,669078453365094,21,1028,495161345,73
DEQ,669078460361314,21,1028,502155570,72
DEQ,669078467358931,21,1028,509151202,71
DEQ,669078474361350,21,1028,516150618,70
DEQ,669078481358684,21,1028,523145935,69
DEQ,669078488366336,21,1028,530151609,68
DEQ,669078495362456,21,1028,537145718,67
DEQ,669078502363813,21,1028,544144987,66
DEQ,669078509372307,21,1028,551151518,65
DEQ,669078516367412,21,1028,558144648,64
DEQ,669078523360865,21,1028,565136039,63
DEQ,669078530367544,21,1028,572140652,62
DEQ,669078537361158,21,1028,579132293,61
DEQ,669078544359818,21,1028,586129000,60
DEQ,669078551361377,21,1028,593128509,59
DEQ,669078558356852,21,1028,600122010,58
DEQ,669078565363542,21,1028,607126622,57
DEQ,669078572365924,21,1028,614126852,56
DEQ,669078579363632,21,1028,621122551,55
DEQ,669078586361588,21,84,492230874,54
DEQ,669078593363433,21,1028,243244506,53
DEQ,669078600360046,21,1028,250231865,52
DEQ,669078607362008,21,1028,257231295,51
DEQ,669078614346567,21,1028,264213588,50
DEQ,669078621364367,21,1028,271228491,49
DEQ,669078628363110,21,1028,278224545,48
DEQ,669078635360281,21,1028,285219000,47
DEQ,669078642360764,21,1028,292217224,46
DEQ,669078649350460,21,1028,299204324,45
DEQ,669078656349885,21,1028,306201278,44
DEQ,669078663362854,21,1028,313211865,43
DEQ,669078670330003,21,1028,320176760,42
DEQ,669078677347748,21,1028,327192285,41
DEQ,669078684345773,21,1028,334187817,40
DEQ,669078691357868,21,1028,341197685,39
DEQ,669078698359921,21,1028,348197157,38
DEQ,669078705358662,21,1028,355193536,37
DEQ,669078712358312,21,1028,362190687,36
DEQ,669078719354532,21,1028,369184314,35
DEQ,669078726307500,21,1028,376134965,34
DEQ,669078733359528,21,1028,383184499,33
DEQ,669078740361275,21,1028,390183896,32
DEQ,669078747364275,21,1028,397184724,85
DEQ,669078754360484,21,1028,404178450,84
DEQ,669078761365851,21,1028,411181569,83
DEQ,669078768353491,21,1028,418166528,82
DEQ,669078775357070,21,1028,425167458,81
DEQ,669078782362026,21,1028,432170240,80
DEQ,669078789355974,21,1028,439161628,79
DEQ,669078796357570,21,1028,446160765,78
DEQ,669078803359739,21,1028,453160476,77
DEQ,669078810359149,21,1028,460157252,76
DEQ,669078817361333,21,1028,467155988,75
DEQ,669078824356948,21,1028,474149107,74
DEQ,669078831353869,21,1028,481143535,73
DEQ,669078838234252,21,1028,488021203,72
DEQ,669078845360535,21,1028,495145014,71
DEQ,669078852367644,21,1028,502149835,70
DEQ,669078859374608,21,1028,509154345,69
DEQ,669078866366316,21,1028,516143409,68
DEQ,669078873374205,21,1028,523148359,67
DEQ,669078880362877,21,1028,530134722,66
DEQ,669078887362962,21,1028,537132425,65
DEQ,669078894362455,21,1028,544129756,64
DEQ,669078901360586,21,1028,551125254,63
DEQ,669078908361839,21,1028,558124139,62
DEQ,669078915354851,21,1028,565114549,61
DEQ,669078922362835,21,1028,572120131,60
DEQ,669078929371498,21,1028,579126386,59
DEQ,669078936357294,21,1028,586109854,58
DEQ,669078943353832,21,1028,593104067,57
DEQ,669078950326928,21,1028,600074630,56
DEQ,669078957359810,21,1028,607104921,55
DEQ,669078964357859,21,1028,614100400,54
DEQ,669078971360736,21,1028,229242780,53
DEQ,669078978358691,21,1028,236232324,52
DEQ,669078985358069,21,1028,243229596,51
DEQ,669078992361286,21,1028,250230792,50
STATS,669078992506774,50,51400,5674,5624,0,0,0
DEQ,669078999355981,21,1028,257223399,49
DEQ,669079006347766,21,1028,264213109,48
DEQ,669079013362404,21,1028,271225676,47
DEQ,669079020359533,21,1028,278220785,46
DEQ,669079027371619,21,1028,285230856,45
DEQ,669079034357939,21,1028,292215175,44
DEQ,669079041353239,21,1028,299208002,43
DEQ,669079048337905,21,1028,306190504,42
DEQ,669079055349041,21,1028,313199550,41
DEQ,669079062328718,21,1028,320177207,40
DEQ,669079069335044,21,1028,327181543,39
DEQ,669079076360284,21,1028,334204715,38
DEQ,669079083358398,21,1028,341200804,37
DEQ,669079090357842,21,1028,348197450,36
DEQ,669079097359066,21,1028,355196315,35
DEQ,669079104359524,21,1028,362194349,34
DEQ,669079111357559,21,1028,369190183,33
DEQ,669079118360562,21,1028,376190749,32
DEQ,669079125364710,21,1028,383192648,31
DEQ,669079132361432,21,1028,390187020,30
DEQ,669079139325958,21,1028,397149138,84
DEQ,669079146358021,21,1028,404178569,83
DEQ,669079153359279,21,1028,411177295,82
DEQ,669079160357166,21,1028,418172658,81
DEQ,669079167366205,21,1028,425179380,80
DEQ,669079174358026,21,1028,432168840,79
DEQ,669079181354207,21,1028,439162841,78
DEQ,669079188359683,21,1028,446166123,77
DEQ,669079195358534,21,1028,453162540,76
DEQ,669079202358008,21,1028,460159451,75
DEQ,669079209355937,21,1028,467155105,74
DEQ,669079216360634,21,1028,474157436,73
DEQ,669079223364222,21,1028,481158680,72
DEQ,669079230364764,21,1028,488156843,71
DEQ,669079237361018,21,1028,495150687,70
DEQ,669079244363091,21,1028,502150520,69
DEQ,669079251377317,21,1028,509162052,68
DEQ,669079258362037,21,1028,516144336,67
DEQ,669079265364998,21,1028,523145032,66
DEQ,669079272363724,21,1028,530141444,65
DEQ,669079279380689,21,1028,537156067,64
DEQ,669079286363241,21,1028,544136078,63
DEQ,669079293354306,21,1028,551124712,62
DEQ,669079300367255,21,1028,558135017,61
DEQ,669079307358573,21,1028,565123868,60
DEQ,669079314353834,21,1028,572116706,59
DEQ,669079321363103,21,1028,579123374,58
DEQ,669079328360700,21,1028,586118545,57
DEQ,669079335355195,21,1028,593110687,56
DEQ,669079342359859,21,1028,600112829,55
DEQ,669079349355212,21,1028,215227370,54
DEQ,669079356359749,21,1028,222222857,53
DEQ,669079363360286,21,1028,229220863,52
DEQ,669079370360741,21,84,236219132,51
DEQ,669079377364460,21,1028,243220285,50
DEQ,669079384360734,21,1028,250214102,49
DEQ,669079391357751,21,1028,257208634,48
DEQ,669079398357649,21,1028,264204628,47
DEQ,669079405365114,21,1028,271209591,46
DEQ,669079412355968,21,1028,278198091,45
DEQ,669079419366181,21,1028,285205895,44
DEQ,669079426368430,21,1028,292205708,43
DEQ,669079433361224,21,1028,299195885,42
DEQ,669079440349100,21,1028,306181361,41
DEQ,669079447356312,21,1028,313186076,40
DEQ,669079454353335,21,1028,320180704,39
DEQ,669079461359541,21,1028,327184555,38
DEQ,669079468360952,21,1028,334183378,37
DEQ,669079475368175,21,1028,341188134,36
DEQ,669079482360062,21,1028,348177698,35
DEQ,669079489358780,21,1028,355174134,34
DEQ,669079496359523,21,1028,362172850,33
DEQ,669079503365436,21,1028,369176462,32
DEQ,669079510309196,21,1028,376117739,31
DEQ,669079517361351,21,1028,383167531,30
DEQ,669079524301002,21,1028,390104832,29
DEQ,669079531360726,21,1028,397162097,82
DEQ,669079538362610,21,1028,404161199,81
DEQ,669079545368004,21,1028,411163360,80
DEQ,669079552359710,21,1028,418152917,79
DEQ,669079559362624,21,1028,425153443,78
DEQ,669079566355322,21,1028,432143892,77
DEQ,669079573366208,21,1028,439151781,76
DEQ,669079580355063,21,1028,446138145,75
DEQ,669079587364700,21,1028,453145506,74
DEQ,669079594364280,21,1028,460142647,73
DEQ,669079601357999,21,1028,467133752,72
DEQ,669079608358441,21,1028,474131846,71
DEQ,669079615358910,21,1028,481129920,70
DEQ,669079622350210,21,1028,488118845,69
DEQ,669079629366404,21,1028,495132744,68
DEQ,669079636361101,21,1028,502124988,67
DEQ,669079643358755,21,1028,509120469,66
DEQ,669079650358800,21,1028,516118313,65
DEQ,669079657359754,21,1028,523116944,64
DEQ,669079664363578,21,1028,530118425,63
DEQ,669079671360588,21,1028,537113199,62
DEQ,669079678358634,21,1028,544109101,61
DEQ,669079685362282,21,1028,551110413,60
DEQ,669079692356661,21,1028,558101871,59
DEQ,669079699364776,21,1028,565107600,58
DEQ,669079706362948,21,1028,572103666,57
DEQ,669079713363461,21,1028,579101964,56
DEQ,669079720353887,21,1028,586089807,55
DEQ,669079727382549,21,1028,593115832,54
DEQ,669079734360981,21,1028,208251231,53
DEQ,669079741361667,21,1028,215239511,52
DEQ,669079748361849,21,1028,222237541,51
DEQ,669079755360717,21,1028,229234288,50
DEQ,669079762367852,21,1028,236239053,49
DEQ,669079769360725,21,1028,243229759,48
DEQ,669079776359520,21,1028,250226539,47
DEQ,669079783363422,21,1028,257228415,46
DEQ,669079790358804,21,1028,264221804,53
DEQ,669079797350760,21,1028,271211174,52
DEQ,669079804341227,21,1028,278199553,51
DEQ,669079811332154,21,1028,285188484,50
DEQ,669079818358685,21,1028,292212885,49
DEQ,669079825349139,21,1028,299201204,48
DEQ,669079832350410,21,1028,306200485,47
DEQ,669079839366623,21,1028,313213586,46
DEQ,669079846358771,21,1028,320203722,45
DEQ,669079853356717,21,1028,327199620,44
DEQ,669079860362720,21,1028,334203552,43
DEQ,669079867364996,21,1028,341203854,42
DEQ,669079874365016,21,1028,348201878,41
DEQ,669079881355584,21,1028,355190321,40
DEQ,669079888358065,21,1028,362190767,39
DEQ,669079895365898,21,1028,369196421,38
DEQ,669079902365401,21,1028,376193731,37
DEQ,669079909362883,21,1028,383189241,36
DEQ,669079916358878,21,1028,390183128,35
DEQ,669079923360973,21,1028,397183165,80
DEQ,669079930368049,21,1028,404188241,79
DEQ,669079937361697,21,1028,411179724,78
DEQ,669079944356528,21,1028,418172415,77
DEQ,669079951355133,21,1028,425168861,76
DEQ,669079958328158,21,1028,432139659,75
DEQ,669079965366716,21,1028,439176157,74
DEQ,669079972364737,21,1028,446172078,73
DEQ,669079979365955,21,1028,453171326,72
DEQ,669079986363128,21,1028,460166015,71
DEQ,669079993360148,21,1028,467160935,70
STATS,669079993489537,70,71960,5837,5767,0,0,0
DEQ,669080000368107,21,1028,474166850,69
DEQ,669080007368511,21,1028,481165252,68
DEQ,669080014361518,21,1028,488156278,67
DEQ,669080021363403,21,1028,495156154,66
DEQ,669080028365338,21,1028,502156128,65
DEQ,669080035375492,21,1028,509164301,64
DEQ,669080042366671,21,1028,516153470,63
DEQ,669080049364982,21,1028,523149740,62
DEQ,669080056362088,21,1028,530144810,61
DEQ,669080063368643,21,1028,537149376,60
DEQ,669080070366524,21,1028,544145155,59
DEQ,669080077370244,21,1028,551146835,58
DEQ,669080084353215,21,1028,558127732,57
DEQ,669080091363648,21,1028,565136171,56
DEQ,669080098366459,21,1028,572136790,55
DEQ,669080105360265,21,1028,579128599,54
DEQ,669080112355765,21,1028,322260150,53
DEQ,669080119359524,21,1028,329255540,52
DEQ,669080126360993,21,1028,336254864,51
DEQ,669080133366832,21,1028,343257260,50
DEQ,669080140360781,21,1028,350249179,49
DEQ,669080147362358,21,1028,357248690,48
DEQ,669080154354944,21,1028,364239170,47
DEQ,669080161363670,21,1028,371245797,46
DEQ,669080168353443,21,1028,250219199,45
DEQ,669080175360406,21,1028,257217200,44
DEQ,669080182351607,21,1028,264205634,66
DEQ,669080189342060,21,1028,271193779,65
DEQ,669080196349147,21,1028,278198305,64
DEQ,669080203349648,21,1028,285196316,63
DEQ,669080210350806,21,1028,292195152,62
DEQ,669080217358693,21,1028,299200423,61
DEQ,669080224358527,21,1028,306197816,60
DEQ,669080231367115,21,1028,313203901,59
DEQ,669080238364313,21,1028,320198424,58
DEQ,669080245363623,21,1028,327195109,57
DEQ,669080252365678,21,1028,334194925,56
DEQ,669080259365502,21,1028,341192560,55
DEQ,669080266365525,21,1028,348190291,54
DEQ,669080273357430,21,1028,355179586,53
DEQ,669080280364431,21,1028,362184070,52
DEQ,669080287365012,21,1028,369182170,51
DEQ,669080294349422,21,1028,376164386,50
DEQ,669080301367204,21,1028,383179920,49
DEQ,669080308359347,21,1028,390169568,48
DEQ,669080315365713,21,1028,397173030,79
DEQ,669080322360903,21,1028,404165949,78
DEQ,669080329358084,21,1028,411160822,77
DEQ,669080336362689,21,1028,418162715,76
DEQ,669080343377234,21,1028,425174629,75
DEQ,669080350363335,21,1028,432158144,74
DEQ,669080357365402,21,1028,439157751,73
DEQ,669080364361879,21,1028,446151991,72
DEQ,669080371366407,21,1028,453154404,71
DEQ,669080378356076,21,1028,460141543,70
DEQ,669080385363129,21,1028,467145908,69
DEQ,669080392363564,21,1028,474143905,68
DEQ,669080399372281,21,1028,481150281,67
DEQ,669080406367775,21,1028,488142944,66
DEQ,669080413363466,21,1028,495135845,65
DEQ,669080420362218,21,1028,502132000,64
DEQ,669080427363440,21,1028,509130668,63
DEQ,669080434371299,21,1028,516135937,62
DEQ,669080441365575,21,1028,523128025,61
DEQ,669080448362900,21,1028,530122827,60
DEQ,669080455359855,21,1028,537117379,59
DEQ,669080462314670,21,1028,544070028,58
DEQ,669080469367305,21,1028,551120474,57
DEQ,669080476359524,21,1028,558110422,56
DEQ,669080483366496,21,1028,565115263,55
DEQ,669080490359484,21,84,308233438,54
DEQ,669080497360731,21,1028,315219687,53
DEQ,669080504362839,21,1028,322219486,52
DEQ,669080511250213,21,1028,329104667,51
DEQ,669080518371577,21,1028,336224003,50
DEQ,669080525366778,21,1028,343217191,49
DEQ,669080532363336,21,1028,350211705,48
DEQ,669080539363472,21,1028,357209796,47
DEQ,669080546365881,21,1028,364210198,46
DEQ,669080553356129,21,1028,371198354,45
DEQ,669080560360445,21,1028,378200483,44
DEQ,669080567377434,21,1028,385215455,43
DEQ,669080574359801,21,1028,392195832,71
DEQ,669080581364402,21,1028,399198194,70
DEQ,669080588348858,21,1028,406180585,69
DEQ,669080595350069,21,1028,413179795,68
DEQ,669080602364695,21,1028,420192355,67
DEQ,669080609367498,21,1028,427193096,66
DEQ,669080616360430,21,1028,434184045,65
DEQ,669080623366682,21,1028,441188184,64
DEQ,669080630362132,21,1028,448181646,63
DEQ,669080637360891,21,1028,455178423,62
DEQ,669080644364600,21,1028,462180089,61
DEQ,669080651360037,21,1028,341243371,60
DEQ,669080658359652,21,1028,348234589,59
DEQ,669080665360051,21,1028,355232883,58
DEQ,669080672365449,21,1028,362236242,57
DEQ,669080679369285,21,1028,369237706,56
DEQ,669080686362168,21,1028,376228132,55
DEQ,669080693361843,21,1028,383223642,54
DEQ,669080700364679,21,1028,390224293,53
DEQ,669080707354301,21,1028,397211804,77
DEQ,669080714362741,21,1028,404218170,76
DEQ,669080721367573,21,1028,411220520,75
DEQ,669080728352241,21,1028,418203188,74
DEQ,669080735361788,21,1028,425210667,73
DEQ,669080742302406,21,1028,432149041,72
DEQ,669080749364242,21,1028,439208910,71
DEQ,669080756361490,21,1028,446204148,70
DEQ,669080763365206,21,1028,453205790,69
DEQ,669080770359772,21,1028,460198340,68
DEQ,669080777360239,21,1028,467196840,67
DEQ,669080784355645,21,1028,474190244,66
DEQ,669080791366865,21,1028,481199406,65
DEQ,669080798367520,21,1028,488197827,64
DEQ,669080805361853,21,1028,495190125,63
DEQ,669080812361670,21,1028,502187951,62
DEQ,669080819361906,21,1028,509186216,61
DEQ,669080826362324,21,1028,516184661,60
DEQ,669080833363028,21,1028,523183136,59
DEQ,669080840367969,21,1028,530185332,58
DEQ,669080847366118,21,1028,537181147,57
DEQ,669080854340293,21,1028,544153073,56
DEQ,669080861368606,21,1028,551179210,55
DEQ,669080868355125,21,1028,558163533,54
DEQ,669080875364547,21,1028,301241260,53
DEQ,669080882359792,21,1028,308227936,52
DEQ,669080889367819,21,1028,315233709,51
DEQ,669080896362885,21,1028,322226566,50
DEQ,669080903361986,21,1028,329223667,49
DEQ,669080910354922,21,1028,336213821,48
DEQ,669080917361227,21,1028,343218155,47
DEQ,669080924361684,21,1028,350216530,46
DEQ,669080931362105,21,1028,357214895,45
DEQ,669080938363284,21,1028,364214014,44
DEQ,669080945342860,21,1028,371191565,43
DEQ,669080952333235,21,1028,378179918,42
DEQ,669080959346098,21,1028,385190792,41
DEQ,669080966324595,21,1028,392167257,40
DEQ,669080973345571,21,1028,399186291,91
DEQ,669080980333477,21,1028,406172112,90
DEQ,669080987363206,21,1028,413183565,89
DEQ,669080994362311,21,1028,420180578,88
STATS,669080994388192,88,90464,5998,5910,0,0,0
DEQ,669081001364161,21,1028,427180319,87
DEQ,669081008355489,21,1028,434169555,86
DEQ,669081015372663,21,1028,441184629,85
DEQ,669081022367659,21,1028,448177486,84
DEQ,669081029364692,21,1028,455172268,83
DEQ,669081036365918,21,1028,462171378,82
DEQ,669081043301822,21,1028,469105052,81
DEQ,669081050368740,21,1028,476169756,80
DEQ,669081057364430,21,1028,483162590,79
DEQ,669081064358821,21,1028,490154675,78
DEQ,669081071364471,21,1028,497158022,77
DEQ,669081078363111,21,1028,376240094,76
DEQ,669081085357764,21,1028,383226217,75
DEQ,669081092364437,21,1028,390230835,74
DEQ,669081099370451,21,1028,397234786,73
DEQ,669081106369509,21,1028,404231602,74
DEQ,669081113366554,21,1028,411226523,73
DEQ,669081120363721,21,1028,418221621,72
DEQ,669081127320101,21,1028,425175890,71
DEQ,669081134372664,21,1028,432226391,70
DEQ,669081141367020,21,1028,439218744,69
DEQ,669081148360260,21,1028,446210009,68
DEQ,669081155369143,21,1028,453216810,67
DEQ,669081162365297,21,1028,460211046,66
DEQ,669081169368197,21,1028,467211970,65
DEQ,669081176363782,21,1028,474205486,64
DEQ,669081183351517,21,1028,481191173,63
DEQ,669081190367769,21,1028,488205435,62
DEQ,669081197361615,21,1028,495197202,61
DEQ,669081204367196,21,1028,502199416,60
DEQ,669081211363282,21,1028,509193013,59
DEQ,669081218360400,21,1028,516187981,58
DEQ,669081225362347,21,1028,523187755,57
DEQ,669081232272573,21,1028,530095812,56
DEQ,669081239335133,21,1028,537156298,56
DEQ,669081246357756,21,1028,544176825,55
DEQ,669081253366266,21,1028,286362582,54
DEQ,669081260356282,21,1028,293339989,53
DEQ,669081267365268,21,1028,300346295,52
DEQ,669081274369682,21,1028,307348015,51
DEQ,669081281356472,21,1028,314332498,50
DEQ,669081288358758,21,1028,321332393,49
DEQ,669081295363223,21,1028,328334171,48
DEQ,669081302362319,21,1028,335330984,47
DEQ,669081309298349,21,1028,342264588,46
DEQ,669081316338935,21,1028,349290230,45
DEQ,669081323264139,21,1028,356209744,44
DEQ,669081330303006,21,1028,363246278,43
DEQ,669081337269057,21,1028,370209996,42
DEQ,669081344299799,21,1028,377238402,41
DEQ,669081351273974,21,1028,384208894,40
DEQ,669081358369179,21,1028,391301748,39
DEQ,669081365367276,21,1028,398297587,38
DEQ,669081372362162,21,1028,405290201,91
DEQ,669081379362934,21,1028,412288511,90
DEQ,669081386355572,21,1028,419278808,89
DEQ,669081393366745,21,1028,426287639,88
DEQ,669081400363089,21,1028,433281722,87
DEQ,669081407361015,21,1028,440277275,86
DEQ,669081414360412,21,1028,447274491,85
DEQ,669081421362617,21,1028,454270547,84
DEQ,669081428362994,21,1028,461268684,83
DEQ,669081435361058,21,1028,468261992,82
DEQ,669081442362304,21,1028,475261086,81
DEQ,669081449366059,21,1028,482262679,80
DEQ,669081456361459,21,1028,489255941,79
DEQ,669081463362735,21,1028,496254873,78
DEQ,669081470364672,21,1028,503254517,77
DEQ,669081477368563,21,1028,510256270,76
DEQ,669081484360651,21,1028,517246285,75
DEQ,669081491361013,21,1028,524244516,74
DEQ,669081498360703,21,1028,531242071,73
DEQ,669081505368837,21,1028,538247855,72
DEQ,669081512364009,21,1028,545240862,71
DEQ,669081519362838,21,1028,552237393,70
DEQ,669081526362409,21,1028,559234659,69
DEQ,669081533351969,21,1028,566221947,68
DEQ,669081540362398,21,1028,573229698,67
DEQ,669081547363679,21,1028,580228846,66
DEQ,669081554360799,21,1028,587223902,65
DEQ,669081561361298,21,1028,594222446,64
DEQ,669081568360723,21,1028,601219663,63
DEQ,669081575363831,21,1028,607372305,62
DEQ,669081582362403,21,1028,613392341,61
DEQ,669081589362269,21,1028,619415049,60
DEQ,669081596369610,21,1028,625521921,59
DEQ,669081603363642,21,1028,631625970,58
DEQ,669081610368608,21,1028,637741603,57
DEQ,669081617361237,21,1028,515246338,56
DEQ,669081624360625,21,1028,522224297,55
DEQ,669081631360559,21,84,393232445,54
DEQ,669081638350782,21,1028,272242427,53
DEQ,669081645356951,21,1028,279233051,52
DEQ,669081652356563,21,1028,286230412,51
DEQ,669081659362843,21,1028,293234436,50
DEQ,669081666362504,21,1028,300231943,49
DEQ,669081673361193,21,1028,307228471,48
DEQ,669081680359152,21,1028,314224280,47
DEQ,669081687361260,21,1028,321224306,46
DEQ,669081694270009,21,1028,328130896,45
DEQ,669081701238539,21,1028,335097233,44
DEQ,669081708273960,21,1028,342130492,43
DEQ,669081715302858,21,1028,349157271,42
DEQ,669081722268216,21,1028,356120509,41
DEQ,669081729294578,21,1028,363144731,40
DEQ,669081736273945,21,1028,370121904,39
DEQ,669081743365953,21,1028,377211788,38
DEQ,669081750345183,21,1028,384188891,37
DEQ,669081757368683,21,1028,391210245,36
DEQ,669081764362577,21,1028,398202077,35
DEQ,669081771363908,21,1028,405200989,88
DEQ,669081778362613,21,1028,412197572,87
DEQ,669081785363807,21,1028,419196633,86
DEQ,669081792362656,21,1028,426193343,85
DEQ,669081799368811,21,1028,433197171,84
DEQ,669081806367540,21,1028,440193840,83
DEQ,669081813363849,21,1028,447188041,82
DEQ,669081820364088,21,1028,454186182,81
DEQ,669081827364216,21,1028,461184272,80
DEQ,669081834356772,21,1028,468174776,79
DEQ,669081841364751,21,1028,475180575,78
DEQ,669081848356846,21,1028,482170644,77
DEQ,669081855360546,21,1028,489172306,76
DEQ,669081862362539,21,1028,496172239,75
DEQ,669081869362454,21,1028,503170151,74
DEQ,669081876373497,21,1028,510179123,73
DEQ,669081883370383,21,1028,517173956,72
DEQ,669081890367552,21,1028,524169069,71
DEQ,669081897371916,21,1028,531171419,70
DEQ,669081904351016,21,1028,538148471,69
DEQ,669081911361386,21,1028,545156666,68
DEQ,669081918366754,21,1028,552159934,67
STATS,669081918493443,67,68876,6109,6042,0,0,0
