# type,ts_ns,ifindex,len,dwell_ns,inflight
# STATS,ts_ns,inflight_pkts,inflight_bytes,enq_total,deq_total,miss,insert_fail,rb_lost
DEQ,669410751519433,22,84,144050,0
STATS,669411152563823,0,0,1,1,0,0,0
DEQ,669411753458881,22,84,143503,0
STATS,669412154431927,0,0,2,2,0,0,0
DEQ,669412755361128,22,84,144598,0
STATS,669413156400763,0,0,3,3,0,0,0
DEQ,669413757275880,22,84,135550,0
STATS,669414158303232,0,0,4,4,0,0,0
DEQ,669414758656652,22,84,138501,0
STATS,669415159692994,0,0,5,5,0,0,0
DEQ,669415760571746,22,84,134461,0
STATS,669416161470819,0,0,6,6,0,0,0
DEQ,669416762476042,22,84,138295,0
STATS,669417163353896,0,0,7,7,0,0,0
DEQ,669417763872415,22,84,126713,0
STATS,669418164825910,0,0,8,8,0,0,0
DEQ,669418765299201,22,84,140264,0
DEQ,669418936785288,22,1028,292249,0
DEQ,669418940747812,22,1028,111316,0
DEQ,669418944881365,22,1028,107249,0
DEQ,669418949098439,22,1028,126273,0
DEQ,669418953307091,22,1028,132461,0
DEQ,669418957505878,22,1028,130931,0
DEQ,669418961822257,22,1028,246582,0
DEQ,669418965900135,22,1028,129596,0
DEQ,669418970110515,22,1028,140575,0
DEQ,669418974418844,22,1028,241543,0
DEQ,669418978492552,22,1028,124145,0
DEQ,669418982685828,22,1028,123390,0
DEQ,669418987107033,22,1028,352162,0
DEQ,669418991067187,22,1028,126369,0
DEQ,669418995259228,22,1028,125164,0
DEQ,669418999448456,22,1028,126033,0
DEQ,669419003605107,22,1028,162557,0
DEQ,669419007753343,22,1028,125172,0
DEQ,669419011967607,22,1028,148906,0
DEQ,669419016148852,22,1028,136795,0
DEQ,669419020340872,22,1028,128602,0
DEQ,669419024541213,22,1028,133926,0
DEQ,669419028737631,22,1028,139722,0
DEQ,669419033035728,22,1028,248708,0
DEQ,669419037342064,22,1028,356538,0
DEQ,669419041302503,22,1028,125453,0
DEQ,669419045502326,22,1028,130904,0
DEQ,669419049686169,22,1028,127536,0
DEQ,669419053958680,22,1028,208969,0
DEQ,669419058198508,22,1028,255873,0
DEQ,669419062257089,22,1028,114770,0
DEQ,669419066351789,22,1028,126018,0
DEQ,669419070538604,22,1028,121841,0
DEQ,669419074743849,22,1028,138574,0
DEQ,669419078938690,22,1028,147159,0
DEQ,669419083221658,22,1028,237607,0
DEQ,669419087337231,22,1028,156396,0
DEQ,669419091492552,22,1028,122830,0
DEQ,669419095681161,22,1028,125935,0
DEQ,669419099878461,22,1028,134971,0
DEQ,669419104156814,22,1028,224205,0
DEQ,669419108370206,22,1028,242411,0
DEQ,669419112458559,22,1028,132184,0
DEQ,669419116651983,22,1028,129892,0
DEQ,669419120847870,22,1028,126736,0
DEQ,669419125052842,22,1028,127476,0
DEQ,669419129586015,22,1028,468559,0
DEQ,669419133441834,22,1028,131319,0
DEQ,669419137566437,22,1028,59803,0
DEQ,669419141818284,22,1028,124984,0
DEQ,669419146000514,22,1028,119512,0
DEQ,669419150210655,22,1028,129921,0
DEQ,669419154401765,22,1028,127480,0
DEQ,669419158583422,22,1028,120480,0
DEQ,669419162773302,22,1028,124635,0
DEQ,669419166960423,22,1028,120246,0
STATS,669419167015657,0,0,65,65,0,0,0
DEQ,669419171170083,22,1028,143381,0
DEQ,669419175363466,22,1028,142152,0
DEQ,669419179540298,22,1028,130027,0
DEQ,669419183727197,22,1028,126884,0
DEQ,669419187915388,22,1028,126840,0
DEQ,669419192236038,22,1028,253215,0
DEQ,669419196313084,22,1028,137319,0
DEQ,669419200504905,22,1028,143974,0
DEQ,669419204700586,22,1028,152192,0
DEQ,669419208884709,22,1028,136477,0
DEQ,669419213081916,22,1028,139490,0
DEQ,669419217395504,22,1028,249361,0
DEQ,669419221571109,22,1028,231562,0
DEQ,669419225657476,22,1028,129926,0
DEQ,669419229841972,22,1028,124634,0
DEQ,669419234041650,22,1028,130811,0
DEQ,669419238240113,22,1028,134586,0
DEQ,669419242420152,22,1028,127313,0
DEQ,669419246621574,22,1028,139409,0
DEQ,669419250808236,22,1028,136298,0
DEQ,669419254984764,22,1028,121693,0
DEQ,669419259201413,22,1028,144363,0
DEQ,669419263389622,22,1028,136144,0
DEQ,669419267572092,22,1028,130665,0
DEQ,669419271854334,22,1028,223914,0
DEQ,669419275958671,22,1028,133089,0
DEQ,669419280392758,22,1028,375574,0
DEQ,669419284344045,22,1028,128314,0
DEQ,669419288528111,22,1028,123281,0
DEQ,669419292732456,22,1028,132609,0
DEQ,669419297035761,22,1028,240140,0
DEQ,669419301133232,22,1028,141043,0
DEQ,669419305428499,22,1028,230827,0
DEQ,669419309525257,22,1028,128077,0
DEQ,669419313926536,22,1028,326594,0
DEQ,669419318045735,22,1028,249654,0
DEQ,669419322122591,22,1028,139483,0
DEQ,669419326316063,22,1028,142363,0
DEQ,669419330729444,22,1028,363462,0
DEQ,669419334701888,22,1028,146172,0
DEQ,669419338882214,22,1028,136466,0
DEQ,669419343184433,22,1028,249654,0
DEQ,669419347250277,22,1028,123105,0
DEQ,669419351447495,22,1028,129833,0
DEQ,669419355641195,22,1028,131228,0
DEQ,669419359836641,22,1028,131173,0
DEQ,669419364034341,22,1028,133567,0
DEQ,669419368220700,22,1028,130833,0
DEQ,669419372435466,22,1028,152623,0
DEQ,669419376606252,22,1028,134368,0
DEQ,669419380905353,22,1028,235370,0
DEQ,669419384988219,22,1028,130347,0
DEQ,669419389300625,22,1028,250085,0
DEQ,669419393489590,22,1028,239838,0
DEQ,669419397802873,22,1028,348444,0
DEQ,669419401798248,22,1028,143567,0
DEQ,669419405985676,22,1028,132759,0
DEQ,669419410187428,22,1028,138485,0
DEQ,669419414398715,22,1028,150481,0
DEQ,669419418575230,22,1028,132555,0
DEQ,669419422766871,22,1028,131397,0
DEQ,669419426966800,22,1028,132249,0
DEQ,669419431116183,22,1028,91377,0
DEQ,669419435162310,22,1028,54968,0
DEQ,669419439243052,22,1028,59169,0
DEQ,669419443418930,22,1028,147517,0
DEQ,669419447603105,22,1028,134488,0
DEQ,669419451802474,22,1028,138740,0
DEQ,669419455991754,22,1028,132938,0
DEQ,669419460198734,22,1028,143907,0
DEQ,669419464406841,22,1028,145239,0
DEQ,669419468469289,22,1028,129683,0
DEQ,669419472742706,22,1028,257766,0
DEQ,669419476741944,22,1028,117978,0
DEQ,669419480945892,22,1028,130097,0
DEQ,669419485153720,22,1028,132687,0
DEQ,669419489464960,22,1028,245114,0
DEQ,669419493787167,22,1028,368168,0
DEQ,669419497857682,22,1028,244370,0
DEQ,669419502344463,22,1028,536553,0
DEQ,669419506148558,22,1028,137786,0
DEQ,669419510276484,22,1028,130406,0
DEQ,669419514488657,22,1028,146665,0
DEQ,669419518681316,22,1028,147656,0
DEQ,669419522846827,22,1028,125543,0
DEQ,669419527047673,22,1028,132725,0
DEQ,669419531305296,22,1028,199304,0
DEQ,669419535429721,22,1028,129126,0
DEQ,669419539616209,22,1028,127257,0
DEQ,669419543809855,22,1028,132271,0
DEQ,669419547992048,22,1028,123890,0
DEQ,669419552184846,22,1028,129706,0
DEQ,669419556392068,22,1028,142346,0
DEQ,669419560572243,22,1028,135586,0
DEQ,669419564702835,22,1028,135215,0
DEQ,669419568911161,22,1028,143540,0
DEQ,669419573113037,22,1028,141429,0
DEQ,669419577309845,22,1028,141754,0
DEQ,669419581505259,22,1028,145060,0
DEQ,669419585676775,22,1028,126966,0
DEQ,669419589865970,22,1028,125531,0
DEQ,669419594070492,22,1028,141917,0
DEQ,669419598367030,22,1028,244939,0
DEQ,669419602458583,22,1028,138145,0
DEQ,669419606637523,22,1028,129209,0
DEQ,669419610839008,22,1028,134304,0
DEQ,669419615039121,22,1028,148090,0
DEQ,669419619212120,22,1028,129285,0
DEQ,669419623420808,22,1028,140701,0
DEQ,669419627617532,22,1028,146989,0
DEQ,669419631792231,22,1028,130920,0
DEQ,669419635997588,22,1028,148579,0
DEQ,669419640171940,22,1028,131515,0
DEQ,669419644589489,22,1028,361627,0
DEQ,669419648557205,22,1028,136030,0
DEQ,669419652870165,22,1028,246682,0
DEQ,669419657063431,22,1028,244683,0
DEQ,669419661153985,22,1028,138095,0
DEQ,669419665578226,22,1028,367704,0
DEQ,669419669540622,22,1028,138838,0
DEQ,669419673716303,22,1028,127734,0
DEQ,669419677924753,22,1028,147388,0
DEQ,669419682349506,22,1028,381348,0
DEQ,669419686304270,22,1028,139874,0
DEQ,669419690485474,22,1028,133673,0
DEQ,669419694676196,22,1028,130515,0
DEQ,669419699091465,22,1028,359430,0
DEQ,669419703062845,22,1028,143528,0
DEQ,669419707354708,22,1028,241951,0
DEQ,669419711451300,22,1028,133259,0
DEQ,669419715995797,22,1028,487609,0
DEQ,669419720036009,22,1028,340644,0
DEQ,669419724022736,22,1028,133488,0
DEQ,669419728327274,22,1028,246946,0
DEQ,669419732433333,22,1028,153317,0
DEQ,669419736719408,22,1028,237998,0
DEQ,669419740808452,22,1028,132745,0
DEQ,669419745123671,22,1028,246577,0
DEQ,669419749207934,22,1028,134503,0
DEQ,669419753258147,22,1028,20702,0
DEQ,669419757379838,22,1028,56885,0
DEQ,669419761561142,22,1028,101189,0
DEQ,669419765801693,22,1028,152345,0
DEQ,669419767203011,22,84,131348,0
DEQ,669419769918942,22,1028,133461,0
DEQ,669419774199433,22,1028,218115,0
DEQ,669419778338980,22,1028,149124,0
DEQ,669419782535095,22,1028,148830,0
DEQ,669419786718395,22,1028,140915,0
DEQ,669419791010268,22,1028,245274,0
DEQ,669419795210874,22,1028,256431,0
DEQ,669419799275455,22,1028,138772,0
DEQ,669419803826802,22,1028,497979,0
DEQ,669419807643772,22,1028,127080,0
DEQ,669419811839039,22,1028,126457,0
DEQ,669419816028406,22,1028,128438,0
DEQ,669419820344550,22,1028,241471,0
DEQ,669419824532904,22,1028,236281,0
DEQ,669419828631761,22,1028,147648,0
DEQ,669419832804807,22,1028,128461,0
DEQ,669419836999892,22,1028,136182,0
DEQ,669419841300808,22,1028,245894,0
DEQ,669419845384354,22,1028,131889,0
DEQ,669419849680205,22,1028,237622,0
DEQ,669419853762560,22,1028,131105,0
DEQ,669419857950650,22,1028,132288,0
DEQ,669419862267193,22,1028,244209,0
DEQ,669419866354422,22,1028,130779,0
DEQ,669419870552701,22,1028,136039,0
DEQ,669419874734856,22,1028,125298,0
DEQ,669419878947199,22,1028,141518,0
DEQ,669419883132778,22,1028,133048,0
DEQ,669419887443748,22,1028,242130,0
DEQ,669419891760832,22,1028,363714,0
DEQ,669419895734036,22,1028,141572,0
DEQ,669419899922975,22,1028,133456,0
DEQ,669419904385053,22,1028,391591,0
DEQ,669419908437250,22,1028,242297,0
DEQ,669419912519700,22,1028,131192,0
DEQ,669419916819115,22,1028,237816,0
DEQ,669419920921742,22,1028,146334,0
DEQ,669419925099277,22,1028,131461,0
DEQ,669419929301356,22,1028,133154,0
DEQ,669419933603718,22,1028,238063,0
DEQ,669419937692835,22,1028,134833,0
DEQ,669419941827093,22,1028,75990,0
DEQ,669419945975225,22,1028,27638,0
DEQ,669419950310574,22,1028,37422,0
DEQ,669419954666347,22,1028,276444,0
DEQ,669419958616316,22,1028,29223,0
DEQ,669419962732229,22,1028,28629,0
DEQ,669419966905288,22,1028,27952,0
DEQ,669419971067872,22,1028,18956,0
DEQ,669419975153542,22,1028,23315,0
DEQ,669419979467546,22,1028,140414,0
DEQ,669419983662775,22,1028,140756,0
DEQ,669419987855273,22,1028,126821,0
DEQ,669419992046746,22,1028,124707,0
DEQ,669419996243263,22,1028,133686,0
DEQ,669420000455746,22,1028,146760,0
DEQ,669420004649416,22,1028,142265,0
DEQ,669420008838870,22,1028,129165,0
DEQ,669420013045388,22,1028,135438,0
DEQ,669420017356704,22,1028,246144,0
DEQ,669420021446478,22,1028,131643,0
DEQ,669420025779516,22,1028,266474,0
DEQ,669420029841046,22,1028,131134,0
DEQ,669420034149164,22,1028,248747,0
DEQ,669420038238258,22,1028,144656,0
DEQ,669420042422850,22,1028,129736,0
DEQ,669420046621420,22,1028,139265,0
DEQ,669420050806215,22,1028,134447,0
DEQ,669420054936785,22,1028,137630,0
DEQ,669420059113670,22,1028,125735,0
DEQ,669420063284509,22,1028,145817,0
DEQ,669420068041118,22,1028,712824,0
STATS,669420168275454,0,0,281,281,0,0,0
DEQ,669420205040841,22,1028,6914850,31
DEQ,669420212045372,22,1028,13909692,30
DEQ,669420219035737,22,1028,20897555,29
DEQ,669420226032812,22,1028,27892600,28
DEQ,669420233045729,22,1028,34903022,27
DEQ,669420240054496,22,1028,41909645,26
DEQ,669420247043164,22,1028,48895730,25
DEQ,669420254042081,22,1028,55892407,24
DEQ,669420261041577,22,1028,62889645,23
DEQ,669420268039675,22,1028,69885483,22
DEQ,669420275039799,22,1028,76883428,21
DEQ,669420281916337,22,1028,83757206,20
DEQ,669420289041636,22,1028,90879369,19
DEQ,669420296041240,22,1028,97876583,18
DEQ,669420303045281,22,1028,104878393,17
DEQ,669420310042892,22,1028,111873724,16
DEQ,669420317043430,22,1028,118870834,15
DEQ,669420324042074,22,1028,125867057,14
DEQ,669420331019914,22,1028,132842755,13
DEQ,669420338042498,22,1028,139863291,44
DEQ,669420345055236,22,1028,146873779,43
DEQ,669420352036848,22,1028,153853032,42
DEQ,669420359052942,22,1028,160866651,41
DEQ,669420366041368,22,1028,167852913,40
DEQ,669420373054315,22,1028,174863626,39
DEQ,669420380043529,22,1028,181850463,38
DEQ,669420387045796,22,1028,188850579,37
DEQ,669420394036303,22,1028,195839007,36
DEQ,669420401041627,22,1028,202842172,35
DEQ,669420408042844,22,1028,209841178,34
DEQ,669420415024020,22,1028,216819969,33
DEQ,669420422044595,22,1028,220760353,32
DEQ,669420429045643,22,1028,94919764,31
DEQ,669420436027191,22,1028,101892455,30
DEQ,669420443036704,22,1028,108899616,29
DEQ,669420450039596,22,1028,115900321,28
DEQ,669420457040121,22,1028,122898510,27
DEQ,669420464048210,22,1028,129904324,26
DEQ,669420471041980,22,1028,136895742,57
DEQ,669420478038754,22,1028,143890256,56
DEQ,669420485041639,22,1028,150890803,55
DEQ,669420492041231,22,1028,157887745,54
DEQ,669420499039140,22,1028,164883062,53
DEQ,669420506041317,22,1028,171882990,52
DEQ,669420513039978,22,1028,178879398,51
DEQ,669420520035500,22,1028,185872644,50
DEQ,669420527040101,22,1028,192875011,49
DEQ,669420534041189,22,1028,199873716,48
DEQ,669420541032534,22,1028,206862819,47
DEQ,669420548039486,22,1028,213867052,46
DEQ,669420555049959,22,1028,220875291,45
DEQ,669420562031412,22,1028,227854550,44
DEQ,669420569036777,22,1028,234856541,43
DEQ,669420576039595,22,1028,241857193,42
DEQ,669420583042481,22,1028,248857922,41
DEQ,669420590043755,22,1028,255856948,40
DEQ,669420597045765,22,1028,262856578,39
DEQ,669420604041348,22,1028,269849811,70
DEQ,669420611046713,22,1028,276852879,69
DEQ,669420618040744,22,1028,283844254,68
DEQ,669420625041629,22,1028,290842944,67
DEQ,669420632042260,22,1028,297841413,66
DEQ,669420639044198,22,1028,304840950,65
DEQ,669420646043925,22,1028,310877898,64
DEQ,669420653041623,22,1028,182914599,63
DEQ,669420660032192,22,1028,189896234,62
DEQ,669420667045854,22,1028,196907604,61
DEQ,669420674045260,22,1028,203904792,60
DEQ,669420681040128,22,1028,210897407,59
DEQ,669420688039520,22,1028,217894560,58
DEQ,669420695038282,22,1028,224891137,57
DEQ,669420702048576,22,1028,231899272,56
DEQ,669420709047839,22,1028,238896420,55
DEQ,669420716031859,22,1028,245878136,54
DEQ,669420723041627,22,1028,252885546,53
DEQ,669420730038884,22,1028,259880403,52
DEQ,669420737019099,22,1028,266858302,83
DEQ,669420744041303,22,1028,273878232,82
DEQ,669420751043430,22,1028,280878168,81
DEQ,669420758008985,22,1028,287841463,80
DEQ,669420765046712,22,1028,294875500,79
DEQ,669420771980533,22,1028,301807059,78
DEQ,669420779020878,22,1028,308845250,77
DEQ,669420786039650,22,1028,315861779,76
DEQ,669420793040097,22,1028,322860146,75
DEQ,669420800032161,22,1028,329848858,74
DEQ,669420807044956,22,1028,336859318,73
DEQ,669420814043133,22,1028,343855343,72
DEQ,669420821063375,22,1028,350873247,71
DEQ,669420828038798,22,1028,357846600,70
DEQ,669420835043788,22,1028,364849373,69
DEQ,669420842026950,22,1028,371830331,68
DEQ,669420849044765,22,1028,378845530,67
DEQ,669420856047562,22,1028,385846313,66
DEQ,669420863047991,22,1028,392844539,65
DEQ,669420870045416,22,1028,399839720,64
DEQ,669420877047420,22,1028,278935019,88
DEQ,669420884055931,22,1028,285928964,87
DEQ,669420891047527,22,1028,292918179,86
DEQ,669420898047734,22,1028,299916171,85
DEQ,669420905046708,22,1028,306912963,84
DEQ,669420912041422,22,1028,313905279,83
DEQ,669420919039220,22,1028,320900978,82
DEQ,669420926045079,22,1028,327904621,81
DEQ,669420933039917,22,1028,334897209,80
DEQ,669420940044832,22,1028,341900006,79
DEQ,669420947040001,22,1028,348892819,78
DEQ,669420954034733,22,1028,355885330,77
DEQ,669420961027556,22,1028,362876008,76
DEQ,669420968043213,22,1028,369889612,75
DEQ,669420975040037,22,1028,376884349,74
DEQ,669420982044635,22,1028,383886600,73
DEQ,669420989046068,22,1028,390885916,72
DEQ,669420996053040,22,1028,397890705,71
DEQ,669421003042212,22,1028,404877740,70
DEQ,669421010042682,22,1028,411876066,69
DEQ,669421017049691,22,1028,418881084,68
DEQ,669421024047786,22,1028,425877146,67
DEQ,669421031045255,22,1028,432872553,66
DEQ,669421038046768,22,1028,439872064,65
DEQ,669421045044810,22,1028,446868093,64
DEQ,669421052036634,22,1028,453857927,63
DEQ,669421059035903,22,1028,460855052,62
DEQ,669421066048121,22,1028,467865271,61
DEQ,669421073030034,22,1028,474845187,60
DEQ,669421080032252,22,1028,481844873,59
DEQ,669421087035287,22,1028,488278507,58
DEQ,669421094041515,22,1028,491090291,57
DEQ,669421101040143,22,1028,366918213,56
DEQ,669421108033780,22,1028,373903071,55
DEQ,669421115049331,22,1028,380916165,54
DEQ,669421122039753,22,1028,387903341,53
DEQ,669421129040093,22,1028,394901593,52
DEQ,669421136041331,22,1028,401900436,51
DEQ,669421143033555,22,1028,408890468,50
DEQ,669421150046419,22,1028,415901236,49
DEQ,669421157057368,22,1028,422910196,48
DEQ,669421164058442,22,1028,429909271,47
DEQ,669421171041819,22,1028,436890549,46
STATS,669421171178707,46,46344,466,420,0,0,0
DEQ,669421178045685,22,1028,443892348,45
DEQ,669421185041854,22,1028,450886470,44
DEQ,669421192032389,22,1028,457875009,43
DEQ,669421199041846,22,1028,464882027,42
DEQ,669421206054580,22,1028,471892619,41
DEQ,669421213046078,22,1028,478881821,40
DEQ,669421220043235,22,1028,485876864,39
DEQ,669421227036740,22,1028,492868206,38
DEQ,669421234039800,22,1028,499868333,37
DEQ,669421241040289,22,1028,506866740,36
DEQ,669421248019813,22,1028,513844156,35
DEQ,669421255043041,22,1028,520865333,34
DEQ,669421262032373,22,1028,527852480,33
DEQ,669421269055288,22,1028,534872506,32
DEQ,669421276038951,22,1028,541853888,58
DEQ,669421283047144,22,1028,548859901,57
DEQ,669421290034843,22,1028,555845502,56
DEQ,669421297048050,22,1028,562856577,55
DEQ,669421304045354,22,1028,569851682,54
DEQ,669421311049364,22,1028,576853578,53
DEQ,669421318040119,22,1028,581068861,52
DEQ,669421325048319,22,1028,454903382,51
DEQ,669421332029207,22,1028,461875610,50
DEQ,669421339047483,22,1028,468891708,49
DEQ,669421346047498,22,84,475889261,48
DEQ,669421353059413,22,1028,482898994,47
DEQ,669421360062278,22,1028,489899745,46
DEQ,669421367044779,22,1028,496880164,45
DEQ,669421374029212,22,1028,503862464,44
DEQ,669421381040792,22,1028,510871856,43
DEQ,669421388042050,22,1028,517870878,42
DEQ,669421395043868,22,1028,524870570,41
DEQ,669421402042731,22,1028,531867318,40
DEQ,669421409059930,22,1028,538882428,71
DEQ,669421416020594,22,1028,545841019,70
DEQ,669421423044683,22,1028,552861521,69
DEQ,669421430040567,22,1028,559855298,68
DEQ,669421437031247,22,1028,566843910,67
DEQ,669421444050004,22,1028,573860669,66
DEQ,669421451049822,22,1028,580858461,65
DEQ,669421458040343,22,1028,587846918,64
DEQ,669421465048865,22,1028,594852789,63
DEQ,669421472043232,22,1028,601845008,62
DEQ,669421479041926,22,1028,608841570,61
DEQ,669421486043981,22,1028,615841514,60
DEQ,669421493038594,22,1028,622833501,59
DEQ,669421500037354,22,1028,229915187,58
DEQ,669421507041895,22,1028,236910353,57
DEQ,669421514039792,22,1028,243905993,56
DEQ,669421521031884,22,1028,250895696,55
DEQ,669421528041538,22,1028,257903202,54
DEQ,669421535046102,22,1028,264905671,53
DEQ,669421542027277,22,1028,271884634,52
DEQ,669421549041919,22,1028,278897176,84
DEQ,669421556037262,22,1028,285890228,83
DEQ,669421563021908,22,1028,292872820,82
DEQ,669421570033932,22,1028,299881960,81
DEQ,669421577046869,22,1028,306892655,80
DEQ,669421584039854,22,1028,313883335,79
DEQ,669421591044962,22,1028,320886238,78
DEQ,669421598036614,22,1028,327875617,77
DEQ,669421605035723,22,1028,334872221,76
DEQ,669421612046057,22,1028,341880323,75
DEQ,669421618978918,22,1028,348811017,74
DEQ,669421625974045,22,1028,355803932,73
DEQ,669421633046145,22,1028,362873958,72
DEQ,669421640039870,22,1028,369865442,71
DEQ,669421647044622,22,1028,376868114,70
DEQ,669421654041541,22,1028,383862796,69
DEQ,669421661046860,22,1028,390865997,68
DEQ,669421668049486,22,1028,397866443,67
DEQ,669421675055173,22,1028,404869981,66
DEQ,669421682047823,22,1028,408967804,86
DEQ,669421689054933,22,1028,282938709,85
DEQ,669421696047066,22,1028,289921751,84
DEQ,669421703046797,22,1028,296919338,83
DEQ,669421710047309,22,1028,303917742,82
DEQ,669421717040222,22,1028,310908569,81
DEQ,669421724043575,22,1028,317909911,80
DEQ,669421731041202,22,1028,324905259,79
DEQ,669421738041579,22,1028,331903491,78
DEQ,669421745036896,22,1028,338896670,77
DEQ,669421752043905,22,1028,345901656,76
DEQ,669421759047743,22,1028,352903298,75
DEQ,669421766043102,22,1028,359896491,74
DEQ,669421773046107,22,1028,366897494,73
DEQ,669421780039888,22,1028,373889136,72
DEQ,669421787040269,22,1028,380887203,71
DEQ,669421794047309,22,1028,387892005,70
DEQ,669421801041977,22,1028,394884421,69
DEQ,669421808039980,22,1028,401880311,68
DEQ,669421815036411,22,1028,408874493,68
DEQ,669421822044392,22,1028,415880254,67
DEQ,669421829042563,22,1028,422876242,66
DEQ,669421836026585,22,1028,429858085,65
DEQ,669421843031213,22,1028,436860482,64
DEQ,669421850040737,22,1028,443867662,63
DEQ,669421857048582,22,1028,450873117,62
DEQ,669421864041583,22,1028,457863837,61
DEQ,669421871046954,22,1028,464866938,60
DEQ,669421878039074,22,1028,471857050,59
DEQ,669421885046375,22,1028,478862102,58
DEQ,669421892045807,22,1028,485859459,57
DEQ,669421899041479,22,1028,492852738,56
DEQ,669421906045975,22,1028,498888425,55
DEQ,669421913038106,22,1028,370912803,54
DEQ,669421920053219,22,1028,377919095,53
DEQ,669421927041892,22,1028,384905257,52
DEQ,669421934039947,22,1028,391901027,51
DEQ,669421941039682,22,1028,398898464,50
DEQ,669421948041752,22,1028,405898422,49
DEQ,669421955051799,22,1028,412906286,48
DEQ,669421962042125,22,1028,419894380,47
DEQ,669421969041942,22,1028,426891862,46
DEQ,669421976043289,22,1028,433890973,45
DEQ,669421983041988,22,1028,440887505,44
DEQ,669421990043327,22,1028,447886570,43
DEQ,669421997039081,22,1028,454880277,42
DEQ,669422004035075,22,1028,461874001,41
DEQ,669422011023659,22,1028,468860506,40
DEQ,669422018038597,22,1028,475873351,39
DEQ,669422025020437,22,1028,482853111,38
DEQ,669422031918004,22,1028,489748510,37
DEQ,669422039031134,22,1028,496859617,36
DEQ,669422046035876,22,1028,503862307,35
DEQ,669422053046137,22,1028,510870493,34
DEQ,669422060042510,22,1028,517864787,33
DEQ,669422067009128,22,1028,524829343,32
DEQ,669422074040983,22,1028,531858968,31
DEQ,669422081042148,22,1028,538857675,59
DEQ,669422088036675,22,1028,545850056,58
DEQ,669422095044616,22,1028,552855778,57
DEQ,669422102043252,22,1028,559852399,56
DEQ,669422109038633,22,1028,566845643,55
DEQ,669422116038321,22,1028,573843041,54
DEQ,669422123040346,22,1028,580842742,53
DEQ,669422130016623,22,1028,587816820,52
DEQ,669422137041929,22,1028,591758807,51
DEQ,669422144036605,22,1028,465910636,50
DEQ,669422151042011,22,1028,472906759,49
DEQ,669422158040769,22,1028,479903245,48
DEQ,669422165041109,22,1028,486901447,47
DEQ,669422172027482,22,1028,493885533,46
STATS,669422172157897,46,46344,609,563,0,0,0
DEQ,669422179039568,22,1028,500895461,45
DEQ,669422186025809,22,1028,507879413,44
DEQ,669422193033355,22,1028,514883801,43
DEQ,669422200040442,22,1028,521888570,42
DEQ,669422207049471,22,1028,528895249,41
DEQ,669422214040818,22,1028,535884410,40
DEQ,669422221047591,22,1028,542888876,72
DEQ,669422228042345,22,1028,549881497,71
DEQ,669422235049264,22,1028,556886143,70
DEQ,669422242044484,22,1028,563879307,69
DEQ,669422249048509,22,1028,570881197,68
DEQ,669422256028485,22,1028,577859030,67
DEQ,669422263044104,22,1028,584872120,66
DEQ,669422270035933,22,1028,591861715,65
DEQ,669422277041471,22,1028,598864905,64
DEQ,669422284043117,22,1028,605864321,63
DEQ,669422291043698,22,84,476914938,62
DEQ,669422298042351,22,1028,219918992,61
DEQ,669422305048517,22,1028,226916304,60
DEQ,669422312052420,22,1028,233917883,59
DEQ,669422319040462,22,1028,240903394,58
DEQ,669422326045851,22,1028,247906524,57
DEQ,669422333046126,22,1028,254904664,56
DEQ,669422340025829,22,1028,261882270,55
DEQ,669422347050363,22,1028,268904592,54
DEQ,669422354045781,22,1028,275897843,85
DEQ,669422361036583,22,1028,282886633,84
DEQ,669422368041942,22,1028,289889776,83
DEQ,669422375037025,22,1028,296881925,82
DEQ,669422381979692,22,1028,303822444,81
DEQ,669422389032998,22,1028,310873720,80
DEQ,669422396041716,22,1028,317880277,79
DEQ,669422403040427,22,1028,324876899,78
DEQ,669422410031711,22,1028,331866129,77
DEQ,669422417036267,22,1028,338868605,76
DEQ,669422424040162,22,1028,345870229,75
DEQ,669422431046778,22,1028,352874850,74
DEQ,669422438047116,22,1028,359873173,73
DEQ,669422445022018,22,1028,366846071,72
DEQ,669422452047881,22,1028,373869874,71
DEQ,669422459048269,22,1028,380868264,70
DEQ,669422466054865,22,1028,387872831,69
DEQ,669422473048585,22,1028,394864339,68
DEQ,669422480041510,22,1028,401855162,67
DEQ,669422487041735,22,1028,408852952,85
DEQ,669422494043968,22,1028,414769369,84
DEQ,669422501044857,22,1028,286912843,83
DEQ,669422508045462,22,1028,293904984,82
DEQ,669422515042143,22,1028,300899491,81
DEQ,669422522036030,22,1028,307891080,80
DEQ,669422529042035,22,1028,314893765,79
DEQ,669422536039933,22,1028,321889544,78
DEQ,669422543043810,22,1028,328891340,77
DEQ,669422550032664,22,1028,335878166,76
DEQ,669422557047012,22,1028,342890428,75
DEQ,669422564043165,22,1028,349884492,74
DEQ,669422571053743,22,1028,356892991,73
DEQ,669422578041776,22,1028,363878934,72
DEQ,669422585042052,22,1028,370877140,71
DEQ,669422592039979,22,1028,377873041,70
DEQ,669422599042090,22,1028,384873165,69
DEQ,669422606041662,22,1028,391870735,68
DEQ,669422613046294,22,1028,398873381,67
DEQ,669422620040029,22,1028,405864989,66
DEQ,669422627060785,22,1028,412883681,65
DEQ,669422634043610,22,1028,419864530,64
DEQ,669422641048964,22,1028,426867867,63
DEQ,669422648044729,22,1028,433861603,62
DEQ,669422655043963,22,1028,440858688,61
DEQ,669422662045419,22,1028,447858163,60
DEQ,669422669049287,22,1028,454860034,59
DEQ,669422676049790,22,1028,461858007,58
DEQ,669422683040001,22,1028,468846163,57
DEQ,669422690051448,22,1028,475855613,56
DEQ,669422697051522,22,1028,482853582,55
DEQ,669422704046701,22,1028,489846766,54
DEQ,669422711045307,22,1028,496843370,53
DEQ,669422718043103,22,1028,503838301,52
DEQ,669422725050175,22,1028,507523619,51
DEQ,669422732045820,22,1028,381920351,50
DEQ,669422739042999,22,1028,388908531,49
DEQ,669422746030097,22,1028,395893422,48
DEQ,669422753046380,22,1028,402907548,47
DEQ,669422760042695,22,1028,409901788,46
DEQ,669422767040464,22,1028,416897306,45
DEQ,669422774040967,22,1028,423895658,44
DEQ,669422780982288,22,1028,430834765,43
DEQ,669422788035072,22,1028,437885315,42
DEQ,669422795046323,22,1028,444894452,41
DEQ,669422802039060,22,1028,451884955,40
DEQ,669422809046292,22,1028,458890047,39
DEQ,669422816043804,22,1028,465885388,38
DEQ,669422823021308,22,1028,472860717,37
DEQ,669422830038667,22,1028,479875344,36
DEQ,669422837042402,22,1028,486877027,35
DEQ,669422844032659,22,1028,493865094,34
DEQ,669422851049775,22,1028,500880149,33
DEQ,669422858048170,22,1028,507876418,32
DEQ,669422865036636,22,1028,514862484,31
DEQ,669422872034808,22,1028,521858467,30
DEQ,669422879045639,22,1028,528867136,29
DEQ,669422885915697,22,1028,535735213,28
DEQ,669422892965870,22,1028,542783144,59
DEQ,669422900029062,22,1028,549844060,58
DEQ,669422907036191,22,1028,556848763,57
DEQ,669422914045980,22,1028,563856416,56
DEQ,669422921042179,22,1028,570850413,55
DEQ,669422928040184,22,1028,577846302,54
DEQ,669422935036499,22,1028,584840468,53
DEQ,669422942041904,22,1028,591843639,52
DEQ,669422949051891,22,1028,597435104,51
DEQ,669422956045387,22,1028,469928264,50
DEQ,669422963042092,22,1028,476915415,49
DEQ,669422970032576,22,1028,483903506,48
DEQ,669422977049747,22,1028,490918386,47
DEQ,669422984041826,22,1028,497908084,46
DEQ,669422991037124,22,1028,504901129,45
DEQ,669422997980873,22,1028,511842624,44
DEQ,669423005039816,22,1028,518899275,43
DEQ,669423012038481,22,1028,525895651,42
DEQ,669423019042190,22,1028,532897066,41
DEQ,669423026045986,22,1028,539898605,72
DEQ,669423033037302,22,1028,546887748,71
DEQ,669423040043443,22,1028,553891382,70
DEQ,669423047026566,22,1028,560872315,69
DEQ,669423054036759,22,1028,567880335,68
DEQ,669423061034057,22,1028,574873682,67
DEQ,669423068040380,22,1028,581876640,66
DEQ,669423075034681,22,1028,588868859,65
DEQ,669423082042319,22,1028,595874367,64
DEQ,669423089040748,22,1028,203007940,63
DEQ,669423096032765,22,1028,209977372,62
DEQ,669423103040602,22,1028,216982798,61
DEQ,669423110044276,22,1028,223983046,60
DEQ,669423117043067,22,1028,230979635,59
DEQ,669423124043739,22,1028,237978128,58
DEQ,669423131046738,22,1028,244978816,57
DEQ,669423138041896,22,1028,251971770,56
DEQ,669423145048407,22,1028,258976067,55
DEQ,669423152040301,22,1028,265965726,54
DEQ,669423159031326,22,1028,272954580,85
DEQ,669423166043641,22,1028,279964620,84
DEQ,669423173036463,22,1028,286955114,83
STATS,669423173058747,83,85324,789,706,0,0,0
DEQ,669423180040555,22,1028,293956756,82
DEQ,669423187048069,22,1028,300961974,81
DEQ,669423194040110,22,1028,307951602,80
DEQ,669423201048744,22,1028,314957745,79
DEQ,669423208045405,22,1028,321952289,78
DEQ,669423215040713,22,1028,328945169,77
DEQ,669423222044434,22,1028,335946600,76
DEQ,669423229057109,22,1028,342956850,75
DEQ,669423236041911,22,1028,349939385,74
DEQ,669423243040593,22,1028,356935772,73
DEQ,669423250035299,22,1028,363928283,72
DEQ,669423257046743,22,1028,370937449,71
DEQ,669423264043609,22,1028,377932091,70
DEQ,669423271042352,22,1028,384928627,69
DEQ,669423278032735,22,1028,391916837,68
DEQ,669423285041516,22,1028,398923445,67
DEQ,669423292039457,22,1028,405919157,85
DEQ,669423299043158,22,1028,412920662,84
DEQ,669423306042961,22,1028,416125416,83
DEQ,669423313045327,22,1028,290916574,82
DEQ,669423320053597,22,1028,297915803,81
DEQ,669423327049821,22,1028,304909727,80
DEQ,669423334043873,22,1028,311901502,79
DEQ,669423341041457,22,1028,318896680,78
DEQ,669423348039331,22,1028,325892384,77
DEQ,669423355038057,22,1028,332888744,76
DEQ,669423362039398,22,1028,339887867,75
DEQ,669423369040681,22,1028,346886900,74
DEQ,669423376043569,22,1028,353887507,73
DEQ,669423383045676,22,1028,360887595,72
DEQ,669423390044608,22,1028,367884306,71
DEQ,669423397039815,22,1028,374877503,70
DEQ,669423404041107,22,1028,381876639,69
DEQ,669423411047272,22,1028,388880664,68
DEQ,669423418049470,22,1028,395880539,67
DEQ,669423425042392,22,1028,402871235,66
DEQ,669423432063348,22,1028,409889491,65
DEQ,669423439047062,22,1028,416871096,64
DEQ,669423446055469,22,1028,423877387,63
DEQ,669423453040790,22,1028,430860658,62
DEQ,669423460040205,22,1028,437857795,61
DEQ,669423467034867,22,1028,444849964,60
DEQ,669423474051938,22,1028,451864856,59
DEQ,669423481050674,22,1028,458861518,58
DEQ,669423488040390,22,1028,465848976,57
DEQ,669423495044300,22,1028,472850742,56
DEQ,669423502041863,22,1028,479846175,55
DEQ,669423509046566,22,1028,486848819,54
DEQ,669423516041138,22,1028,493839799,53
DEQ,669423523042415,22,1028,500838737,52
DEQ,669423530035119,22,1028,506076873,51
DEQ,669423537046489,22,1028,378923701,50
DEQ,669423544050122,22,1028,385918481,49
DEQ,669423551045476,22,1028,392911375,48
DEQ,669423557980988,22,1028,399844648,47
DEQ,669423565043200,22,1028,406904644,46
DEQ,669423572038552,22,1028,413896526,45
DEQ,669423579048138,22,1028,420903869,44
DEQ,669423586046039,22,1028,427899638,43
DEQ,669423593046556,22,1028,434898121,42
DEQ,669423600038601,22,1028,441887983,41
DEQ,669423607045417,22,1028,448892654,40
DEQ,669423614038651,22,1028,455883745,39
DEQ,669423621042291,22,1028,462885173,38
DEQ,669423628040818,22,1028,469881395,37
DEQ,669423635042426,22,1028,476880822,36
DEQ,669423642038587,22,1028,483874711,35
DEQ,669423649019841,22,1028,490853865,34
DEQ,669423656043032,22,1028,497874862,33
DEQ,669423663042372,22,1028,504872098,32
DEQ,669423670031797,22,1028,511858624,31
DEQ,669423677036575,22,1028,518861307,30
DEQ,669423684040348,22,1028,525862926,29
DEQ,669423691054853,22,1028,532875407,28
DEQ,669423698033622,22,1028,539852128,59
DEQ,669423705033131,22,1028,546849536,58
DEQ,669423712046988,22,1028,553861181,57
DEQ,669423719045742,22,1028,560857683,56
DEQ,669423726036980,22,1028,567846784,55
DEQ,669423733038256,22,1028,574845944,54
DEQ,669423740038755,22,1028,581844410,53
DEQ,669423747036509,22,1028,588840055,52
DEQ,669423754035382,22,1028,595836833,51
DEQ,669423761037431,22,1028,474911940,50
DEQ,669423768040354,22,1028,481906215,49
DEQ,669423775031565,22,1028,488895146,48
DEQ,669423781916033,22,1028,495777467,47
DEQ,669423788991907,22,1028,502851228,46
DEQ,669423796031586,22,1028,509888747,45
DEQ,669423803048766,22,1028,516903849,44
DEQ,669423810048180,22,1028,523901132,43
DEQ,669423817051342,22,1028,530902187,42
DEQ,669423824045846,22,1028,537894534,41
DEQ,669423831044536,22,1028,544891093,73
DEQ,669423838045099,22,1028,551889445,72
DEQ,669423845044781,22,1028,558886855,71
DEQ,669423852053873,22,1028,565893536,70
DEQ,669423859030940,22,1028,572868552,69
DEQ,669423866047869,22,1028,579883371,68
DEQ,669423873049025,22,1028,586882420,67
DEQ,669423880021973,22,1028,593853228,66
DEQ,669423887043239,22,1028,600872316,65
DEQ,669423894046361,22,1028,199940462,64
DEQ,669423901038258,22,1028,206915860,63
DEQ,669423908038626,22,1028,213913578,62
DEQ,669423915046532,22,1028,220919396,61
DEQ,669423922037800,22,1028,227908525,60
DEQ,669423929035763,22,1028,234904344,59
DEQ,669423936043742,22,1028,241910193,58
DEQ,669423943043337,22,1028,248907617,57
DEQ,669423950038634,22,1028,255900756,56
DEQ,669423957040698,22,1028,262900686,55
DEQ,669423964037950,22,1028,269895796,86
DEQ,669423971036505,22,1028,276892241,85
DEQ,669423978047140,22,1028,283900805,84
DEQ,669423985040626,22,1028,290891934,83
DEQ,669423992042043,22,1028,297891249,82
DEQ,669423999042407,22,1028,304889406,81
DEQ,669424006039504,22,1028,311884414,80
DEQ,669424013067349,22,1028,318910180,79
DEQ,669424020038745,22,1028,325879465,78
DEQ,669424027040761,22,1028,332879425,77
DEQ,669424034043169,22,1028,339879787,76
DEQ,669424041046649,22,1028,346881293,75
DEQ,669424048043694,22,1028,353876352,74
DEQ,669424055053233,22,1028,360883821,73
DEQ,669424062028823,22,1028,367857093,72
DEQ,669424069041696,22,1028,374867950,71
DEQ,669424076047072,22,1028,381871211,70
DEQ,669424083043327,22,1028,388865484,69
DEQ,669424090044184,22,1028,395864288,68
DEQ,669424097048642,22,1028,402866644,86
DEQ,669424104043813,22,1028,409859805,85
DEQ,669424111040945,22,1028,415987028,84
DEQ,669424118032888,22,1028,287917717,83
DEQ,669424125046632,22,1028,294913468,82
DEQ,669424132041965,22,1028,301906599,81
DEQ,669424139041859,22,1028,308904327,80
DEQ,669424146032936,22,84,315892839,79
DEQ,669424152981749,22,1028,322839051,78
DEQ,669424160042256,22,1028,329897527,77
DEQ,669424167050807,22,1028,336904153,76
DEQ,669424174041258,22,1028,343892666,75
STATS,669424174174079,75,77100,924,849,0,0,0
DEQ,669424181042464,22,1028,350891941,74
DEQ,669424188038776,22,1028,357886034,73
DEQ,669424195048382,22,1028,364893543,72
DEQ,669424202046876,22,1028,371889875,71
DEQ,669424209045629,22,1028,378886569,70
DEQ,669424216047090,22,1028,385885720,69
DEQ,669424223046067,22,1028,392882542,68
DEQ,669424230043188,22,1028,399877390,67
DEQ,669424237041744,22,1028,406873840,66
DEQ,669424244042998,22,1028,413872944,65
DEQ,669424251046662,22,1028,420874517,64
DEQ,669424258041287,22,1028,427867119,63
DEQ,669424265038386,22,1028,434862158,62
DEQ,669424272047021,22,1028,441868579,61
DEQ,669424279048328,22,1028,448867782,60
DEQ,669424286042928,22,1028,455860111,59
DEQ,669424293041575,22,1028,462856685,58
DEQ,669424300042131,22,1028,469855261,57
DEQ,669424307046600,22,1028,476857691,56
DEQ,669424314039421,22,1028,483848441,55
DEQ,669424321048204,22,1028,490854801,54
DEQ,669424328052607,22,1028,497857165,53
DEQ,669424335047268,22,1028,504849699,52
DEQ,669424342042780,22,1028,511843126,51
DEQ,669424349037533,22,1028,390905760,50
DEQ,669424356055359,22,1028,397915130,49
DEQ,669424363048786,22,1028,404906385,48
DEQ,669424370036957,22,1028,411892460,47
DEQ,669424377046677,22,1028,418900104,46
DEQ,669424384042193,22,1028,425893550,45
DEQ,669424391042443,22,1028,432891652,44
DEQ,669424398037908,22,1028,439885156,43
DEQ,669424405043359,22,1028,446888578,42
DEQ,669424412032914,22,1028,453875954,41
DEQ,669424419041530,22,1028,460882463,40
DEQ,669424426037888,22,1028,467876823,39
DEQ,669424433046653,22,1028,474883570,38
DEQ,669424440033132,22,1028,481867969,37
DEQ,669424447042437,22,1028,488875079,36
DEQ,669424454037979,22,1028,495868445,35
DEQ,669424461022654,22,1028,502851114,34
DEQ,669424468054717,22,1028,509881169,33
DEQ,669424475043524,22,1028,516867973,32
DEQ,669424482044711,22,1028,523867069,31
DEQ,669424489047650,22,1028,530867078,30
DEQ,669424496055138,22,1028,537872569,29
DEQ,669424503071897,22,1028,544887331,59
DEQ,669424510043361,22,1028,551856682,58
DEQ,669424517055156,22,1028,558866403,57
DEQ,669424524047378,22,1028,565856232,56
DEQ,669424531048193,22,1028,572854851,55
DEQ,669424538036768,22,1028,579841281,54
DEQ,669424545038800,22,1028,586841173,53
DEQ,669424552047488,22,1028,593847768,52
DEQ,669424559047561,22,1028,600410494,51
DEQ,669424566028763,22,1028,603188262,50
DEQ,669424573041856,22,1028,478919756,49
DEQ,669424580040447,22,1028,485909902,48
DEQ,669424587035118,22,1028,492902316,47
DEQ,669424594046363,22,1028,499911341,46
DEQ,669424601042585,22,1028,506905432,45
DEQ,669424608033091,22,1028,513893789,44
DEQ,669424615042458,22,1028,520901060,43
DEQ,669424622048810,22,1028,527905355,42
DEQ,669424629023359,22,1028,534877818,41
DEQ,669424636042280,22,1028,541894426,71
DEQ,669424643046745,22,1028,548896917,70
DEQ,669424650028777,22,1028,555875930,69
DEQ,669424657046812,22,1028,562891866,68
DEQ,669424664042196,22,1028,569885065,67
DEQ,669424671031704,22,1028,576871726,66
DEQ,669424678048849,22,1028,583886234,65
DEQ,669424685043492,22,1028,590878667,64
DEQ,669424692041353,22,1028,597873803,63
DEQ,669424699036746,22,1028,604866616,62
DEQ,669424706046193,22,1028,203919476,61
DEQ,669424713029133,22,1028,210893907,60
DEQ,669424720040340,22,1028,217902865,59
DEQ,669424727023351,22,1028,224883826,58
DEQ,669424734032965,22,1028,231891407,57
DEQ,669424741050836,22,1028,238907276,56
DEQ,669424748037985,22,1028,245892313,55
DEQ,669424755024218,22,1028,252876445,54
DEQ,669424762032167,22,1028,259882387,53
DEQ,669424769042649,22,1028,266890759,84
DEQ,669424776028957,22,1028,273874968,83
DEQ,669424783046795,22,1028,280890401,82
DEQ,669424790048192,22,1028,287889739,81
DEQ,669424797041455,22,1028,294880470,80
DEQ,669424804047230,22,1028,301884224,79
DEQ,669424811036729,22,1028,308871637,78
DEQ,669424818029706,22,1028,315862546,77
DEQ,669424825042577,22,1028,322873359,76
DEQ,669424831957317,22,1028,329786100,75
DEQ,669424839033343,22,1028,336860165,74
DEQ,669424846032963,22,1028,343857594,73
DEQ,669424853046765,22,1028,350869258,72
DEQ,669424860039664,22,1028,357859916,71
DEQ,669424867046804,22,1028,364865007,70
DEQ,669424874042194,22,1028,371858345,69
DEQ,669424881040953,22,1028,378854897,68
DEQ,669424888042288,22,1028,385854112,67
DEQ,669424895042615,22,1028,392852323,66
DEQ,669424902034696,22,1028,399842416,65
DEQ,669424909048916,22,1028,406854594,86
DEQ,669424916055675,22,1028,413179196,85
DEQ,669424923040127,22,1028,292919863,84
DEQ,669424930040573,22,1028,299911539,83
DEQ,669424937049042,22,1028,306917718,82
DEQ,669424944047134,22,1028,313913789,81
DEQ,669424951044274,22,1028,320908852,80
DEQ,669424958040861,22,1028,327903200,79
DEQ,669424965050687,22,1028,334911005,78
DEQ,669424972043586,22,1028,341901899,77
DEQ,669424979043803,22,1028,348899990,76
DEQ,669424986044243,22,1028,355898232,75
DEQ,669424993045783,22,1028,362897510,74
DEQ,669425000050289,22,1028,369899968,73
DEQ,669425007045570,22,1028,376893101,72
DEQ,669425014056564,22,1028,383901801,71
DEQ,669425021033568,22,1028,390876690,70
DEQ,669425028042356,22,1028,397883463,69
DEQ,669425035036830,22,1028,404875695,68
DEQ,669425042047242,22,1028,411884118,67
DEQ,669425049036909,22,1028,418871620,66
DEQ,669425056044206,22,1028,425876743,65
DEQ,669425063030227,22,1028,432860616,64
DEQ,669425070041536,22,1028,439869682,63
DEQ,669425077050202,22,1028,446876090,62
DEQ,669425084041482,22,1028,453865220,61
DEQ,669425091042684,22,1028,460864424,60
DEQ,669425098041394,22,1028,467861062,59
DEQ,669425105046912,22,1028,474864590,58
DEQ,669425112043112,22,1028,481858618,57
DEQ,669425119046035,22,1028,488859425,56
DEQ,669425126041521,22,1028,495852901,55
DEQ,669425133045002,22,1028,500349919,54
DEQ,669425140042070,22,1028,373921557,53
DEQ,669425147049031,22,1028,380920100,52
DEQ,669425154044411,22,1028,387913285,51
DEQ,669425161049241,22,1028,394916088,50
DEQ,669425168056095,22,1028,401920758,49
DEQ,669425175039469,22,1028,408902030,48
STATS,669425175171888,48,48400,1040,992,0,0,0
DEQ,669425182046167,22,1028,415906649,47
DEQ,669425189050158,22,1028,422908043,46
DEQ,669425196039800,22,1028,429895466,45
DEQ,669425203040997,22,1028,436894599,44
DEQ,669425210041648,22,1028,443893050,43
DEQ,669425217041053,22,1028,450889273,42
DEQ,669425224037079,22,1028,457883218,41
DEQ,669425231045476,22,1028,464889341,40
DEQ,669425238038185,22,1028,471879753,39
DEQ,669425245035982,22,1028,478875220,38
DEQ,669425252042446,22,1028,485879577,37
DEQ,669425259041118,22,1028,492876121,36
DEQ,669425266027283,22,1028,499860137,35
DEQ,669425273042780,22,1028,506873577,34
DEQ,669425280044029,22,1028,513872850,33
DEQ,669425287073560,22,1028,520900419,32
DEQ,669425294041464,22,1028,527866256,31
DEQ,669425301046807,22,1028,534869614,30
DEQ,669425308053997,22,1028,541874807,60
DEQ,669425315043599,22,1028,548862419,59
DEQ,669425322042283,22,1028,555859035,58
DEQ,669425329050186,22,1028,562864966,57
DEQ,669425336044812,22,1028,569857625,56
DEQ,669425343021865,22,1028,576832690,55
DEQ,669425350041564,22,1028,583850322,54
DEQ,669425357046852,22,1028,590224157,53
DEQ,669425364043208,22,1028,461914208,52
DEQ,669425371028586,22,1028,468891123,51
DEQ,669425378046574,22,1028,475906847,50
DEQ,669425385046788,22,84,482904711,49
DEQ,669425392033117,22,1028,489888879,48
DEQ,669425399043921,22,1028,496897527,47
DEQ,669425406039836,22,1028,503891354,46
DEQ,669425413050674,22,1028,510900108,45
DEQ,669425420045304,22,1028,517892656,44
DEQ,669425427043560,22,1028,524888774,43
DEQ,669425434037266,22,1028,531880503,42
DEQ,669425441047805,22,1028,538888971,72
DEQ,669425448049780,22,1028,545887824,71
DEQ,669425455033556,22,1028,552869358,70
DEQ,669425462040891,22,1028,559874576,69
DEQ,669425469040211,22,1028,566871843,68
DEQ,669425476027374,22,1028,573856995,67
DEQ,669425483046897,22,1028,580874021,66
DEQ,669425490049785,22,1028,587874835,65
DEQ,669425497038495,22,1028,594861362,64
DEQ,669425504040686,22,1028,601861510,63
DEQ,669425511045226,22,1028,608864038,62
DEQ,669425518033333,22,1028,215906240,61
DEQ,669425525039238,22,1028,222903270,60
DEQ,669425531979288,22,1028,229841172,59
DEQ,669425539031080,22,1028,236890900,58
DEQ,669425546039035,22,1028,243896535,57
DEQ,669425553031045,22,1028,250886407,56
DEQ,669425560023311,22,1028,257876607,55
DEQ,669425567041118,22,1028,264892386,54
DEQ,669425574048284,22,1028,271897415,53
DEQ,669425581041058,22,1028,278888057,86
DEQ,669425588037364,22,1028,285882385,85
DEQ,669425595041250,22,1028,292884283,84
DEQ,669425602040693,22,1028,299881710,83
DEQ,669425609043182,22,1028,306882204,82
DEQ,669425616042295,22,1028,313879263,81
DEQ,669425623042770,22,1028,320877691,80
DEQ,669425630042302,22,1028,327874898,79
DEQ,669425637043504,22,1028,334874013,78
DEQ,669425644043175,22,1028,341871627,77
DEQ,669425651046590,22,1028,348872836,76
DEQ,669425658041008,22,1028,355865262,75
DEQ,669425665047083,22,1028,362869362,74
DEQ,669425672040626,22,1028,369860513,73
DEQ,669425679021111,22,1028,376838987,72
DEQ,669425686037345,22,1028,383853085,71
DEQ,669425693040248,22,1028,390853926,70
DEQ,669425700041666,22,1028,397853361,69
DEQ,669425707042802,22,1028,404852344,68
DEQ,669425714039893,22,1028,411847389,84
DEQ,669425721046867,22,1028,417373551,83
DEQ,669425728040684,22,1028,420172713,82
DEQ,669425735042804,22,1028,296919202,81
DEQ,669425742041552,22,1028,303909473,80
DEQ,669425749041804,22,1028,310907636,79
DEQ,669425756039880,22,1028,317903514,78
DEQ,669425763049101,22,1028,324910633,77
DEQ,669425770044384,22,1028,331903960,76
DEQ,669425777052420,22,1028,338909899,75
DEQ,669425784042752,22,1028,345898232,74
DEQ,669425791030748,22,1028,352883102,73
DEQ,669425797988030,22,1028,359838359,72
DEQ,669425805055956,22,1028,366904216,71
DEQ,669425812042877,22,1028,373889033,70
DEQ,669425819049119,22,1028,380893168,69
DEQ,669425826036283,22,1028,387878268,68
DEQ,669425833063582,22,1028,394903571,67
DEQ,669425840044758,22,1028,401882490,66
DEQ,669425847030882,22,1028,408866563,65
DEQ,669425854044530,22,1028,415878234,64
DEQ,669425861037229,22,1028,422868940,63
DEQ,669425868042889,22,1028,429872523,62
DEQ,669425875045011,22,1028,436872528,61
DEQ,669425882056955,22,1028,443882408,60
DEQ,669425889049087,22,1028,450872328,59
DEQ,669425896041516,22,1028,457862590,58
DEQ,669425903047369,22,1028,464866133,57
DEQ,669425910040755,22,1028,471857464,56
DEQ,669425917007228,22,1028,478821726,55
DEQ,669425924045871,22,1028,485858141,54
DEQ,669425931047035,22,1028,492857090,53
DEQ,669425938041564,22,1028,499848520,52
DEQ,669425945047066,22,1028,506851923,51
DEQ,669425952043529,22,1028,377905575,50
DEQ,669425959041225,22,1028,384894962,49
DEQ,669425966041728,22,1028,391893250,48
DEQ,669425973048250,22,1028,398897648,47
DEQ,669425980044985,22,1028,405892190,47
DEQ,669425987040373,22,1028,412885359,46
DEQ,669425994040890,22,1028,419883664,45
DEQ,669426001042950,22,1028,426883646,44
DEQ,669426008028378,22,1028,433866792,43
DEQ,669426015046619,22,1028,440882954,42
DEQ,669426022033096,22,1028,447867382,41
DEQ,669426029042120,22,1028,454874312,40
DEQ,669426036040735,22,1028,461870735,39
DEQ,669426043021140,22,1028,468848969,38
DEQ,669426050034153,22,1028,475859732,37
DEQ,669426057043681,22,1028,482867161,36
DEQ,669426064033328,22,1028,489854732,35
DEQ,669426071039543,22,1028,496858897,34
DEQ,669426078043663,22,1028,503861017,33
DEQ,669426085041306,22,1028,510855824,32
DEQ,669426092040820,22,1028,517853240,31
DEQ,669426099037037,22,1028,524847076,30
DEQ,669426106037606,22,1028,531845518,29
DEQ,669426113041262,22,1028,538846960,60
DEQ,669426120040842,22,1028,545844373,59
DEQ,669426127041329,22,1028,552842730,58
DEQ,669426134050562,22,1028,559849941,57
DEQ,669426141042129,22,1028,566839213,56
DEQ,669426148022497,22,1028,573817487,55
DEQ,669426155040347,22,1028,580833197,54
DEQ,669426162038331,22,1028,587829118,53
DEQ,669426169048303,22,1028,594836932,52
DEQ,669426176042503,22,1028,600346747,51
STATS,669426176177039,51,51484,1186,1135,0,0,0
DEQ,669426183046276,22,1028,603151878,50
DEQ,669426190030101,22,1028,479911980,49
DEQ,669426197047183,22,1028,486920150,48
DEQ,669426204041655,22,1028,493911918,47
DEQ,669426211032987,22,1028,500900462,46
DEQ,669426218049224,22,1028,507913804,45
DEQ,669426225047149,22,1028,514908950,44
DEQ,669426232033362,22,1028,521892332,43
DEQ,669426239047088,22,1028,528903537,42
DEQ,669426246041687,22,1028,535895514,41
DEQ,669426253037380,22,1028,542888554,74
DEQ,669426260040931,22,1028,549889547,73
DEQ,669426267042075,22,1028,556888067,72
DEQ,669426274030906,22,1028,563874133,71
DEQ,669426281043764,22,1028,570884298,70
DEQ,669426288042555,22,1028,577880410,69
DEQ,669426295030531,22,1028,584865872,68
DEQ,669426302045044,22,1028,591877605,67
DEQ,669426309046963,22,84,334922312,66
DEQ,669426316036786,22,1028,205909237,65
DEQ,669426323037901,22,1028,212901196,64
DEQ,669426330047471,22,1028,219908446,63
DEQ,669426337037943,22,1028,226896683,62
DEQ,669426344035841,22,1028,233892289,61
DEQ,669426351043004,22,1028,240897121,60
DEQ,669426358033240,22,1028,247885047,59
DEQ,669426365046259,22,1028,254895155,58
DEQ,669426372057303,22,1028,261903799,57
DEQ,669426379035582,22,1028,268877622,56
DEQ,669426386042664,22,1028,275881227,86
DEQ,669426393043840,22,1028,282880081,85
DEQ,669426400022535,22,1028,289856517,84
DEQ,669426407043171,22,1028,296875021,83
DEQ,669426414045063,22,1028,303874883,82
DEQ,669426421040495,22,1028,310868350,81
DEQ,669426428040153,22,1028,317866000,80
DEQ,669426435042973,22,1028,324866625,79
DEQ,669426442028423,22,1028,331850074,78
DEQ,669426449042796,22,1028,338862393,77
DEQ,669426456048397,22,1028,345865825,76
DEQ,669426463045365,22,1028,352860808,75
DEQ,669426470040914,22,1028,359854232,74
DEQ,669426477041609,22,1028,366852944,73
DEQ,669426484046064,22,1028,373855412,72
DEQ,669426491047466,22,1028,380854680,71
DEQ,669426498037548,22,1028,387842754,70
DEQ,669426505046066,22,1028,394849297,69
DEQ,669426512063146,22,1028,401864262,68
DEQ,669426519033507,22,1028,408832435,83
DEQ,669426526042444,22,1028,415839261,82
DEQ,669426533051217,22,1028,422845841,81
DEQ,669426540054064,22,1028,293921570,80
DEQ,669426547038361,22,1028,300897313,79
DEQ,669426554057766,22,1028,307914599,78
DEQ,669426561048740,22,1028,314903451,77
DEQ,669426568040982,22,1028,321893685,76
DEQ,669426575037252,22,1028,328887826,75
DEQ,669426582040136,22,1028,335888472,74
DEQ,669426589041280,22,1028,342887446,73
DEQ,669426596042523,22,1028,349886584,72
DEQ,669426603041400,22,1028,356883333,71
DEQ,669426610033362,22,1028,363873042,70
DEQ,669426617042997,22,1028,370880506,69
DEQ,669426624043373,22,1028,377878773,68
DEQ,669426631044703,22,1028,384878135,67
DEQ,669426638045152,22,1028,391876554,66
DEQ,669426645043271,22,1028,398872532,65
DEQ,669426652041782,22,1028,405868888,64
DEQ,669426659042139,22,1028,412867249,63
DEQ,669426666040055,22,1028,419863193,62
DEQ,669426673047535,22,1028,426868655,61
DEQ,669426680048272,22,1028,433867431,60
DEQ,669426687047121,22,1028,440864221,59
DEQ,669426694041726,22,1028,447856774,58
DEQ,669426701042239,22,1028,454855214,57
DEQ,669426708038494,22,1028,461849483,56
DEQ,669426715041272,22,1028,468850283,55
DEQ,669426722040137,22,1028,475847173,54
DEQ,669426729047959,22,1028,482853009,53
DEQ,669426736044399,22,1028,489847323,52
DEQ,669426743045635,22,1028,496846341,51
DEQ,669426750042724,22,1028,503841212,50
DEQ,669426757047180,22,1028,510843545,49
DEQ,669426764042779,22,1028,515707703,48
DEQ,669426771043864,22,1028,518508590,47
DEQ,669426778040300,22,1028,395919798,46
DEQ,669426785039147,22,1028,402910056,47
DEQ,669426792050753,22,1028,409919373,46
DEQ,669426799077253,22,1028,416943772,45
DEQ,669426806041880,22,1028,423905980,44
DEQ,669426813043054,22,1028,430905052,43
DEQ,669426820033532,22,1028,437893530,42
DEQ,669426827053022,22,1028,444911019,41
DEQ,669426834041788,22,1028,451897795,40
DEQ,669426841050579,22,1028,458904442,39
DEQ,669426848044533,22,1028,465896271,38
DEQ,669426855025648,22,1028,472874347,37
DEQ,669426862048421,22,1028,479895058,36
DEQ,669426869050579,22,1028,486895168,35
DEQ,669426876042678,22,1028,493885194,34
DEQ,669426883047341,22,1028,500887676,33
DEQ,669426889956195,22,1028,507794505,32
DEQ,669426897048896,22,1028,514885149,31
DEQ,669426904035385,22,1028,521869584,30
DEQ,669426911040738,22,1028,528872870,29
DEQ,669426918048547,22,1028,535878617,28
DEQ,669426925042016,22,1028,542870001,61
DEQ,669426932045776,22,1028,549871588,60
DEQ,669426939050215,22,1028,556873964,59
DEQ,669426946035080,22,1028,563856747,58
DEQ,669426953031502,22,1028,570851040,57
DEQ,669426960041186,22,1028,577858134,56
DEQ,669426967038106,22,1028,584852892,55
DEQ,669426974042017,22,1028,591854666,54
DEQ,669426981049915,22,1028,598860174,53
DEQ,669426988030155,22,1028,605563905,52
DEQ,669426995041422,22,1028,476916200,51
DEQ,669427002041055,22,1028,483906857,50
DEQ,669427009032233,22,1028,490894482,49
DEQ,669427016045542,22,1028,497905457,48
DEQ,669427023039742,22,1028,504897349,47
DEQ,669427029980851,22,1028,511836146,46
DEQ,669427037056249,22,1028,518909348,45
DEQ,669427044038976,22,1028,525889876,44
DEQ,669427051045115,22,1028,532893745,43
DEQ,669427058062429,22,1028,539908783,73
DEQ,669427065025627,22,1028,546869732,72
DEQ,669427072045251,22,1028,553885582,71
DEQ,669427079040866,22,1028,560878071,70
DEQ,669427086046061,22,1028,567881306,69
DEQ,669427093043873,22,1028,574876955,68
DEQ,669427100018543,22,1028,581849635,67
DEQ,669427107037251,22,1028,325029848,66
DEQ,669427114042753,22,1028,331805732,65
DEQ,669427121033962,22,1028,202891438,64
DEQ,669427128045172,22,1028,209894204,63
DEQ,669427135044828,22,1028,216891655,62
DEQ,669427142024542,22,1028,223868557,61
DEQ,669427149040639,22,1028,230882465,60
DEQ,669427156040258,22,1028,237879995,59
DEQ,669427163035612,22,1028,244873171,58
DEQ,669427170040255,22,1028,251875676,57
DEQ,669427177049570,22,1028,258882884,56
STATS,669427177191318,56,57568,1334,1278,0,0,0
DEQ,669427184041122,22,1028,265872428,55
DEQ,669427191043470,22,1028,272872804,86
DEQ,669427198035310,22,1028,279862550,85
DEQ,669427205036690,22,1028,286861771,84
DEQ,669427212043697,22,1028,293866650,83
DEQ,669427219047438,22,1028,300868318,82
DEQ,669427226023813,22,1028,307841470,81
DEQ,669427233041639,22,1028,314857174,80
DEQ,669427240042623,22,1028,321856041,79
DEQ,669427247041462,22,1028,328852732,78
DEQ,669427254038608,22,1028,335847688,77
DEQ,669427261050566,22,1028,342857518,76
DEQ,669427268043734,22,1028,349848604,75
DEQ,669427275049008,22,1028,356851803,74
DEQ,669427281916565,22,1028,363717207,73
DEQ,669427289048210,22,1028,370846687,72
DEQ,669427296052608,22,1028,377848948,71
DEQ,669427303046792,22,1028,384841073,70
DEQ,669427310054349,22,1028,391846631,69
DEQ,669427317044687,22,1028,398834917,68
DEQ,669427324055466,22,1028,405843720,83
DEQ,669427331052820,22,1028,412839082,82
DEQ,669427338041628,22,1028,419825882,81
DEQ,669427345047366,22,1028,424749553,80
DEQ,669427352042712,22,1028,427547589,79
DEQ,669427359041413,22,1028,304953682,78
DEQ,669427366042784,22,1028,311946509,77
DEQ,669427373042179,22,1028,318943722,76
DEQ,669427380042058,22,1028,325941525,75
DEQ,669427387047255,22,1028,332944565,74
DEQ,669427394042682,22,1028,339937951,73
DEQ,669427401052332,22,1028,346945617,72
DEQ,669427408052681,22,1028,353943636,71
DEQ,669427415041468,22,1028,360930423,70
DEQ,669427422042767,22,1028,367929743,69
DEQ,669427429047368,22,1028,374932351,68
DEQ,669427436033668,22,1028,381916496,67
DEQ,669427443043136,22,1028,388923950,66
DEQ,669427450046904,22,1028,395925656,65
DEQ,669427457049454,22,1028,402926082,64
DEQ,669427464044933,22,1028,409919193,63
DEQ,669427471051282,22,1028,416923403,62
DEQ,669427478043507,22,1028,423913364,61
DEQ,669427485039861,22,1028,430907520,60
DEQ,669427492041991,22,1028,437907641,59
DEQ,669427499048977,22,1028,444912505,58
DEQ,669427506038624,22,1028,451900135,57
DEQ,669427513039076,22,1028,458898567,56
DEQ,669427520038579,22,1028,465896105,55
DEQ,669427527031388,22,1028,472886837,54
DEQ,669427534045976,22,1028,479899472,53
DEQ,669427541047384,22,1028,486898908,52
DEQ,669427548047807,22,1028,493897079,51
DEQ,669427555047411,22,1028,500894663,50
DEQ,669427562040264,22,1028,507885325,49
DEQ,669427569041508,22,1028,514884484,48
DEQ,669427576044490,22,1028,385921529,47
DEQ,669427583043265,22,1028,392911712,46
DEQ,669427590035285,22,1028,399901490,45
DEQ,669427597044178,22,1028,406908315,48
DEQ,669427604041955,22,1028,413904070,47
DEQ,669427611050025,22,1028,420910069,46
DEQ,669427618027792,22,1028,427885828,45
DEQ,669427625039276,22,1028,434895288,44
DEQ,669427632037052,22,1028,441890883,43
DEQ,669427639046527,22,1028,448898182,42
DEQ,669427646021143,22,1028,455870734,41
DEQ,669427653042381,22,1028,462889872,40
DEQ,669427660047852,22,1028,469893257,39
DEQ,669427667034035,22,1028,476877353,38
DEQ,669427674047054,22,1028,483888225,37
DEQ,669427681047523,22,1028,490886581,36
DEQ,669427688047183,22,1028,497883885,35
DEQ,669427695049747,22,1028,504883044,34
DEQ,669427702046141,22,1028,511877256,33
DEQ,669427709043209,22,1028,518872245,32
DEQ,669427716033639,22,1028,525860540,31
DEQ,669427723043235,22,1028,532867987,30
DEQ,669427730031141,22,1028,539853840,61
DEQ,669427737049440,22,1028,546870023,60
DEQ,669427744046754,22,1028,553865124,59
DEQ,669427751045056,22,1028,560861313,58
DEQ,669427758045902,22,1028,567860088,57
DEQ,669427765049655,22,1028,574861704,56
DEQ,669427772031635,22,1028,581841617,55
DEQ,669427779050295,22,1028,588858219,54
DEQ,669427786042555,22,1028,595848274,53
DEQ,669427793046285,22,1028,602849829,52
DEQ,669427800044425,22,1028,481926752,51
DEQ,669427806983183,22,1028,488857092,50
DEQ,669427814035200,22,1028,495906937,49
DEQ,669427821045679,22,1028,502915302,48
DEQ,669427828051614,22,1028,509919213,47
DEQ,669427835039511,22,1028,516905053,46
DEQ,669427842044507,22,1028,523906921,45
DEQ,669427849049376,22,1028,530909498,44
DEQ,669427856023580,22,1028,537881577,43
DEQ,669427863050680,22,1028,544906595,73
DEQ,669427870039377,22,1028,551893214,72
DEQ,669427877039144,22,1028,558890928,71
DEQ,669427884036153,22,1028,565885770,70
DEQ,669427891040719,22,1028,572888324,69
DEQ,669427898028727,22,1028,579874215,68
DEQ,669427905047458,22,1028,586890860,67
DEQ,669427912041353,22,1028,321910853,66
DEQ,669427919033312,22,1028,328894076,65
DEQ,669427926040374,22,1028,334488984,64
DEQ,669427933042407,22,1028,337292964,63
DEQ,669427940029760,22,1028,213906524,62
DEQ,669427947043328,22,1028,220911599,61
DEQ,669427954051997,22,1028,227918029,60
DEQ,669427961044165,22,1028,234908083,59
DEQ,669427967994806,22,1028,241856663,58
DEQ,669427975047061,22,1028,248906686,57
DEQ,669427982031374,22,1028,255888782,56
DEQ,669427989057472,22,1028,262912683,55
DEQ,669427996043723,22,1028,269896853,87
DEQ,669428003049047,22,1028,276899658,86
DEQ,669428010038844,22,1028,283887311,85
DEQ,669428017043537,22,1028,290889937,84
DEQ,669428024054540,22,1028,297898863,83
DEQ,669428031031623,22,1028,304873847,82
DEQ,669428038042088,22,1028,311882326,81
DEQ,669428045047461,22,1028,318885469,80
DEQ,669428052038768,22,1028,325874799,79
DEQ,669428059044146,22,1028,332878112,78
DEQ,669428066039577,22,1028,339871523,77
DEQ,669428073037843,22,1028,346867638,76
DEQ,669428079998462,22,1028,353825199,75
DEQ,669428087045014,22,1028,360869524,74
DEQ,669428093975369,22,1028,367797858,73
DEQ,669428101023517,22,1028,374843975,72
DEQ,669428107976040,22,1028,381794499,71
DEQ,669428115047706,22,1028,388864193,70
DEQ,669428121916821,22,1028,395731308,69
DEQ,669428129039373,22,1028,402851783,84
DEQ,669428136051280,22,1028,409861702,83
DEQ,669428143048766,22,1028,416857122,82
DEQ,669428150042084,22,1028,423848449,81
DEQ,669428157040276,22,1028,427271132,80
DEQ,669428164045384,22,1028,301916197,79
DEQ,669428171031549,22,1028,308896591,78
DEQ,669428178042745,22,1028,315905461,77
STATS,669428178066819,77,78212,1498,1421,0,0,0
DEQ,669428185041874,22,1028,322902417,76
DEQ,669428192054658,22,1028,329912964,75
DEQ,669428199041964,22,1028,336898086,74
DEQ,669428206039167,22,1028,343891838,73
DEQ,669428213049721,22,1028,350885935,72
DEQ,669428220039872,22,1028,357873846,71
DEQ,669428227051127,22,1028,364882949,70
DEQ,669428234042467,22,1028,371872053,69
DEQ,669428241040305,22,1028,378867738,68
DEQ,669428248043322,22,1028,385868604,67
DEQ,669428255041946,22,1028,392864996,66
DEQ,669428261982272,22,1028,399799782,65
DEQ,669428269047716,22,1028,406862997,64
DEQ,669428276045856,22,1028,413859264,63
DEQ,669428283051171,22,1028,420862662,62
DEQ,669428290051101,22,1028,427860756,61
DEQ,669428297049812,22,1028,434857464,60
DEQ,669428304045352,22,1028,441851159,59
DEQ,669428311026168,22,1028,448829106,58
DEQ,669428318040844,22,1028,455841687,57
DEQ,669428325047754,22,1028,462846490,56
DEQ,669428332042477,22,1028,469839098,55
DEQ,669428339042878,22,1028,476837385,54
DEQ,669428346042419,22,1028,483834774,53
DEQ,669428353043532,22,1028,490833770,52
DEQ,669428359976377,22,1028,497764525,51
DEQ,669428367044066,22,1028,504830025,50
DEQ,669428374030896,22,1028,511814744,49
DEQ,669428381054711,22,1028,390925918,48
DEQ,669428388051816,22,1028,397914693,47
DEQ,669428395050632,22,1028,404911128,46
DEQ,669428402056826,22,84,411915266,49
DEQ,669428409045689,22,1028,418902035,48
DEQ,669428416048800,22,1028,425903107,47
DEQ,669428423047108,22,1028,432899402,46
DEQ,669428430044364,22,1028,439894518,45
DEQ,669428437057969,22,1028,446906066,44
DEQ,669428444048757,22,1028,453894590,43
DEQ,669428451037464,22,1028,460881274,42
DEQ,669428458047129,22,1028,467888964,41
DEQ,669428465043377,22,1028,474883115,40
DEQ,669428472039770,22,1028,481877381,39
DEQ,669428479045708,22,1028,488881339,38
DEQ,669428486044616,22,1028,495878081,37
DEQ,669428493030601,22,1028,502862072,36
DEQ,669428500040494,22,1028,509869980,35
DEQ,669428507050120,22,1028,516877630,34
DEQ,669428514034706,22,1028,523859964,33
DEQ,669428521047734,22,1028,530870874,32
DEQ,669428528043134,22,1028,537864104,31
DEQ,669428535053594,22,1028,544871569,62
DEQ,669428542042406,22,1028,551858244,61
DEQ,669428549045203,22,1028,558859020,60
DEQ,669428556041400,22,1028,565852696,59
DEQ,669428563049831,22,1028,572859046,58
DEQ,669428570045601,22,1028,579852762,57
DEQ,669428577035642,22,1028,586840815,56
DEQ,669428584048638,22,1028,593851798,55
DEQ,669428591048971,22,1028,600850089,54
DEQ,669428598028300,22,1028,607827418,53
DEQ,669428605042264,22,1028,611372482,52
DEQ,669428612042870,22,1028,485927462,51
DEQ,669428619026625,22,1028,492899760,50
DEQ,669428626047282,22,1028,499917919,49
DEQ,669428633047685,22,1028,506915660,48
DEQ,669428640048863,22,1028,513914334,47
DEQ,669428647046777,22,1028,520909764,46
DEQ,669428654042992,22,1028,527903590,45
DEQ,669428661048420,22,1028,534906572,44
DEQ,669428668041520,22,1028,541897301,74
DEQ,669428675041951,22,1028,548895187,73
DEQ,669428682029929,22,1028,555880800,72
DEQ,669428689048096,22,1028,562896604,71
DEQ,669428696041477,22,1028,569887647,70
DEQ,669428703029909,22,1028,576869442,69
DEQ,669428710041628,22,1028,583876300,68
DEQ,669428717047800,22,1028,590880217,67
DEQ,669428724041393,22,1028,325933326,66
DEQ,669428731051241,22,1028,332920508,65
DEQ,669428738049590,22,1028,339916548,64
DEQ,669428745055970,22,1028,344246228,63
DEQ,669428752036515,22,1028,217924453,62
DEQ,669428759042791,22,1028,224914026,61
DEQ,669428766034438,22,1028,231903393,60
DEQ,669428773049387,22,1028,238916138,59
DEQ,669428780054888,22,1028,245919427,58
DEQ,669428787041891,22,1028,252904209,57
DEQ,669428794039720,22,1028,259899971,56
DEQ,669428801041258,22,1028,266899083,87
DEQ,669428808045930,22,1028,273901619,86
DEQ,669428815033628,22,1028,280887152,85
DEQ,669428822047128,22,1028,287898515,84
DEQ,669428829047787,22,1028,294896928,83
DEQ,669428836033102,22,1028,301880186,82
DEQ,669428843046085,22,1028,308890864,81
DEQ,669428850043135,22,1028,315885758,80
DEQ,669428857055324,22,1028,322895763,79
DEQ,669428864041669,22,1028,329879748,78
DEQ,669428871043740,22,1028,336879766,77
DEQ,669428878050730,22,1028,343884615,76
DEQ,669428885042881,22,1028,350874553,75
DEQ,669428892042600,22,1028,357872236,74
DEQ,669428899043575,22,1028,364870658,73
DEQ,669428906033315,22,1028,371858282,72
DEQ,669428913047936,22,1028,378870864,71
DEQ,669428920049196,22,1028,385870080,70
DEQ,669428927046200,22,1028,392864935,69
DEQ,669428933983124,22,1028,399799745,68
DEQ,669428941043801,22,1028,406858296,80
DEQ,669428948041769,22,1028,413854046,79
DEQ,669428955056086,22,1028,420866158,78
DEQ,669428962031793,22,1028,427839466,77
DEQ,669428969039713,22,1028,434253686,76
DEQ,669428976043375,22,1028,313933478,75
DEQ,669428983044705,22,1028,320926282,74
DEQ,669428990038621,22,1028,327917982,73
DEQ,669428997048372,22,1028,334925545,72
DEQ,669429004042669,22,1028,341917671,71
DEQ,669429011038023,22,1028,348910890,70
DEQ,669429018040175,22,1028,355910669,69
DEQ,669429025043874,22,1028,362912220,68
DEQ,669429031975152,22,1028,369841323,67
DEQ,669429039044782,22,1028,376908822,66
DEQ,669429046044359,22,1028,383906386,65
DEQ,669429053043031,22,1028,390902885,64
DEQ,669429060043641,22,1028,397901174,63
DEQ,669429067041607,22,1028,404897097,62
DEQ,669429074044039,22,1028,411897248,62
DEQ,669429081047129,22,1028,418898088,61
DEQ,669429088047323,22,1028,425896196,60
DEQ,669429095057579,22,1028,432904328,59
DEQ,669429102063615,22,1028,439908190,58
DEQ,669429109054146,22,1028,446896645,57
DEQ,669429116047324,22,1028,453887694,56
DEQ,669429123050726,22,1028,460888981,55
DEQ,669429130043274,22,1028,467879341,54
DEQ,669429137052920,22,1028,474886934,53
DEQ,669429144057879,22,1028,481889595,52
DEQ,669429151050378,22,1028,488879946,51
DEQ,669429158042619,22,1028,495870094,50
DEQ,669429165042771,22,1028,502868194,49
DEQ,669429172050236,22,1028,509873479,48
DEQ,669429179050266,22,1028,516871431,47
STATS,669429179073901,47,47372,1611,1564,0,0,0
DEQ,669429186052872,22,1028,521389427,46
DEQ,669429193042713,22,1028,394919511,45
DEQ,669429200047061,22,1028,401915092,44
DEQ,669429207031205,22,1028,408896990,50
DEQ,669429214051151,22,1028,415914761,49
DEQ,669429221043235,22,1028,422904663,48
DEQ,669429228034470,22,1028,429893728,47
DEQ,669429235038175,22,1028,436895048,46
DEQ,669429242041422,22,1028,443895956,45
DEQ,669429249042432,22,1028,450894804,44
DEQ,669429256045415,22,1028,457895605,43
DEQ,669429263038365,22,1028,464886373,42
DEQ,669429270042995,22,1028,471888876,41
DEQ,669429277035211,22,1028,478879039,40
DEQ,669429284025283,22,1028,485866959,39
DEQ,669429291040711,22,1028,492880253,38
DEQ,669429298051441,22,1028,499888846,37
DEQ,669429305035128,22,1028,506870210,36
DEQ,669429312048072,22,1028,513881058,35
DEQ,669429319042589,22,1028,520873580,34
DEQ,669429326012905,22,1028,527841763,33
DEQ,669429333043412,22,1028,534870207,32
DEQ,669429340043875,22,1028,541868400,63
DEQ,669429347076759,22,1028,548899134,62
DEQ,669429354048061,22,1028,555868409,61
DEQ,669429361030787,22,1028,562848660,60
DEQ,669429368034881,22,1028,569850721,59
DEQ,669429375044696,22,1028,576858297,58
DEQ,669429382043055,22,1028,583853775,57
DEQ,669429389042656,22,1028,590851297,56
DEQ,669429396036768,22,1028,597843325,55
DEQ,669429403048736,22,1028,604853255,54
DEQ,669429410037252,22,1028,611714886,53
DEQ,669429417054533,22,1028,483049569,52
DEQ,669429424045737,22,1028,490032923,51
DEQ,669429431037790,22,1028,497022777,50
DEQ,669429438043148,22,1028,504026024,49
DEQ,669429445048603,22,1028,511029397,48
DEQ,669429452034879,22,1028,518013593,47
DEQ,669429459036892,22,1028,525013546,46
DEQ,669429466042387,22,1028,532016896,45
DEQ,669429473031923,22,1028,539004371,76
DEQ,669429480044093,22,1028,546014321,75
DEQ,669429487044535,22,1028,553012628,74
DEQ,669429494036580,22,1028,560002385,73
DEQ,669429501043200,22,1028,567006883,72
DEQ,669429508041367,22,84,437931041,71
DEQ,669429515038628,22,1028,308926849,70
DEQ,669429522031533,22,1028,315902071,69
DEQ,669429529048625,22,1028,322916985,68
DEQ,669429536032043,22,1028,329898291,67
DEQ,669429543053439,22,1028,336917364,66
DEQ,669429550044407,22,1028,343906211,65
DEQ,669429557045666,22,1028,350905259,64
DEQ,669429564046298,22,1028,229941087,63
DEQ,669429571053286,22,1028,236928337,62
DEQ,669429578038650,22,1028,243911496,61
DEQ,669429585050514,22,1028,250921266,60
DEQ,669429592046939,22,1028,257914151,59
DEQ,669429599045990,22,1028,264896435,58
DEQ,669429605985012,22,1028,271833167,57
DEQ,669429613039361,22,1028,278885214,89
DEQ,669429620032324,22,1028,285876083,88
DEQ,669429627051161,22,1028,292892388,87
DEQ,669429634042904,22,1028,299881849,86
DEQ,669429641041412,22,1028,306874024,85
DEQ,669429648053945,22,1028,313884581,84
DEQ,669429655040759,22,1028,320869351,83
DEQ,669429662034585,22,1028,327861035,82
DEQ,669429669047189,22,1028,334871564,81
DEQ,669429676043797,22,1028,341866014,80
DEQ,669429683051415,22,1028,348871506,79
DEQ,669429690057222,22,1028,355875267,78
DEQ,669429697046738,22,1028,362862528,77
DEQ,669429704049627,22,1028,369863370,76
DEQ,669429711048441,22,1028,376860029,75
DEQ,669429718049530,22,1028,383858880,74
DEQ,669429725048935,22,1028,390856226,73
DEQ,669429732042440,22,1028,397847686,72
DEQ,669429739048821,22,1028,404851979,71
DEQ,669429746044239,22,1028,411845438,79
DEQ,669429753043733,22,1028,418842963,78
DEQ,669429760045123,22,1028,425842252,77
DEQ,669429767044525,22,1028,432839596,76
DEQ,669429774035280,22,1028,439704355,75
DEQ,669429781038147,22,1028,442520547,74
DEQ,669429788042615,22,1028,317927930,73
DEQ,669429795044959,22,1028,324922144,72
DEQ,669429802056462,22,1028,331931153,71
DEQ,669429809050318,22,1028,338922831,70
DEQ,669429815986237,22,1028,345856662,69
DEQ,669429823047733,22,1028,352916012,68
DEQ,669429830048178,22,1028,359914254,67
DEQ,669429837050996,22,1028,366914928,66
DEQ,669429844042798,22,1028,373904504,65
DEQ,669429851043280,22,1028,380902863,64
DEQ,669429858041189,22,1028,387898557,63
DEQ,669429865045143,22,1028,394900341,62
DEQ,669429872049696,22,1028,401902687,61
DEQ,669429879031170,22,1028,408882011,60
DEQ,669429886035309,22,1028,415884087,59
DEQ,669429893043285,22,1028,422889590,58
DEQ,669429900050397,22,1028,429894288,57
DEQ,669429907044315,22,1028,436885984,56
DEQ,669429914043817,22,1028,443883225,55
DEQ,669429921043173,22,1028,450880306,54
DEQ,669429928043042,22,1028,457878090,53
DEQ,669429935047521,22,1028,464880505,52
DEQ,669429942044547,22,1028,471875464,51
DEQ,669429949046947,22,1028,478875816,50
DEQ,669429956048990,22,1028,485875727,49
DEQ,669429963042995,22,1028,492867670,48
DEQ,669429970047312,22,1028,499869527,47
DEQ,669429977057935,22,1028,506877995,46
DEQ,669429984050954,22,1028,513868848,45
DEQ,669429991040997,22,1028,520856778,44
DEQ,669429998043857,22,1028,527857511,43
DEQ,669430005037988,22,1028,532671808,42
DEQ,669430012036146,22,1028,406031147,51
DEQ,669430019028220,22,1028,413015065,50
DEQ,669430026042264,22,1028,420026639,49
DEQ,669430033049459,22,1028,427031654,48
DEQ,669430040036336,22,1028,434016134,47
DEQ,669430047045056,22,1028,441022750,46
DEQ,669430054042178,22,1028,448017684,45
DEQ,669430061045135,22,1028,455018248,44
DEQ,669430068044257,22,1028,462015148,43
DEQ,669430075052133,22,1028,469020836,42
DEQ,669430082050720,22,1028,476017145,41
DEQ,669430089050271,22,1028,483014408,40
DEQ,669430096043106,22,1028,490004815,39
DEQ,669430103033299,22,1028,496992775,38
DEQ,669430110048083,22,1028,504005287,37
DEQ,669430117051400,22,1028,511006428,36
DEQ,669430124032462,22,1028,517985176,35
DEQ,669430131043357,22,1028,524993804,34
DEQ,669430138041432,22,1028,531989769,33
DEQ,669430145032176,22,1028,538978338,64
DEQ,669430152044748,22,1028,545988809,63
DEQ,669430159040974,22,1028,552982890,62
DEQ,669430166037307,22,1028,559976990,61
DEQ,669430173041931,22,1028,566979549,60
DEQ,669430180045574,22,1028,573980949,59
STATS,669430180066573,59,59708,1766,1707,0,0,0
DEQ,669430187039450,22,1028,580972480,58
DEQ,669430194042714,22,1028,587973540,57
DEQ,669430201052845,22,1028,594981668,56
DEQ,669430208047933,22,1028,601974612,55
DEQ,669430215047433,22,1028,608972070,54
DEQ,669430222043545,22,1028,615966131,53
DEQ,669430229041555,22,1028,622630441,52
DEQ,669430236048453,22,1028,625442374,51
DEQ,669430243057058,22,1028,500951010,50
DEQ,669430250044876,22,1028,507919074,49
DEQ,669430257039467,22,1028,514911376,48
DEQ,669430264041701,22,1028,521911506,47
DEQ,669430271043679,22,1028,528911367,46
DEQ,669430277985244,22,1028,535850466,45
DEQ,669430285040392,22,1028,542903513,77
DEQ,669430292040079,22,1028,549901129,76
DEQ,669430299043785,22,1028,556902732,75
DEQ,669430306031636,22,84,299922914,74
DEQ,669430313042947,22,1028,306912979,73
DEQ,669430320040027,22,1028,313907654,72
DEQ,669430327047795,22,1028,320913312,71
DEQ,669430334031414,22,1028,327894827,70
DEQ,669430341063922,22,1028,334925338,69
DEQ,669430348044264,22,1028,341903450,68
DEQ,669430355043079,22,1028,348900105,67
DEQ,669430362035939,22,1028,355574637,66
DEQ,669430369053680,22,1028,358395240,65
DEQ,669430376040582,22,1028,233915624,64
DEQ,669430383045457,22,1028,240912313,63
DEQ,669430390046737,22,1028,247911346,62
DEQ,669430397041761,22,1028,254904122,61
DEQ,669430404044408,22,1028,261904626,60
DEQ,669430411052162,22,1028,268910207,59
DEQ,669430418033738,22,1028,275889672,90
DEQ,669430425046357,22,1028,282900240,89
DEQ,669430432046649,22,1028,289898380,88
DEQ,669430439026728,22,1028,296876085,87
DEQ,669430446035868,22,1028,303883155,86
DEQ,669430453046342,22,1028,310891596,85
DEQ,669430460035895,22,1028,317878900,84
DEQ,669430467045157,22,1028,324886023,83
DEQ,669430474049237,22,1028,331887796,82
DEQ,669430481049765,22,1028,338886179,81
DEQ,669430488050182,22,1028,345884322,80
DEQ,669430495048957,22,1028,352880895,79
DEQ,669430502045213,22,1028,359875093,78
DEQ,669430509045039,22,1028,366872785,77
DEQ,669430516041016,22,1028,373866686,76
DEQ,669430523050642,22,1028,380874015,75
DEQ,669430530052099,22,1028,387873326,74
DEQ,669430537041452,22,1028,394860621,73
DEQ,669430544048747,22,1028,401865848,72
DEQ,669430551035131,22,1028,408850116,78
DEQ,669430558045196,22,1028,415858209,77
DEQ,669430565045874,22,1028,422856756,76
DEQ,669430572041056,22,1028,429849921,75
DEQ,669430579046460,22,1028,436853182,74
DEQ,669430586036901,22,1028,443841517,73
DEQ,669430593046324,22,1028,448388346,72
DEQ,669430600047791,22,1028,322042473,71
DEQ,669430607048941,22,1028,329035769,70
DEQ,669430614039490,22,1028,336023990,69
DEQ,669430621043158,22,1028,343025570,68
DEQ,669430628050722,22,1028,350031048,67
DEQ,669430635049935,22,1028,357028157,66
DEQ,669430642052851,22,1028,364029008,65
DEQ,669430649040739,22,1028,371014753,64
DEQ,669430656043651,22,1028,378015448,63
DEQ,669430663046591,22,1028,385016393,62
DEQ,669430670042856,22,1028,392010412,61
DEQ,669430677046944,22,1028,399012329,60
DEQ,669430684043892,22,1028,406007131,59
DEQ,669430691043937,22,1028,413005077,58
DEQ,669430698045954,22,1028,420004969,57
DEQ,669430705051897,22,1028,427008796,56
DEQ,669430712052904,22,1028,434007469,55
DEQ,669430719040670,22,1028,440993063,54
DEQ,669430726051195,22,1028,448001478,53
DEQ,669430733050750,22,1028,454998951,52
DEQ,669430740037883,22,1028,461983910,51
DEQ,669430747050070,22,1028,468993943,50
DEQ,669430754045578,22,1028,475987289,49
DEQ,669430761056671,22,1028,482996263,48
DEQ,669430768048857,22,1028,489986400,47
DEQ,669430775049985,22,1028,496985410,46
DEQ,669430781920328,22,1028,503853783,45
DEQ,669430789050112,22,1028,510981532,44
DEQ,669430796041435,22,1028,517970631,43
DEQ,669430803045854,22,1028,524972988,42
DEQ,669430810044672,22,1028,531969749,41
DEQ,669430817050958,22,1028,538319198,50
DEQ,669430824049334,22,1028,541121878,49
DEQ,669430831054889,22,1028,416949605,48
DEQ,669430838039954,22,1028,423920443,47
DEQ,669430845051722,22,1028,430929719,46
DEQ,669430852044060,22,1028,437919915,45
DEQ,669430859035618,22,1028,444909328,44
DEQ,669430866043906,22,1028,451915519,43
DEQ,669430873053776,22,1028,458923290,42
DEQ,669430880066480,22,1028,465933904,41
DEQ,669430887046905,22,1028,472912273,40
DEQ,669430894045540,22,1028,479908739,39
DEQ,669430901032723,22,1028,486893769,38
DEQ,669430908044756,22,1028,493903738,37
DEQ,669430915044503,22,1028,500901423,36
DEQ,669430922033256,22,1028,507887964,35
DEQ,669430929042730,22,1028,514895387,34
DEQ,669430936045701,22,1028,521896319,33
DEQ,669430943009928,22,1028,528858545,32
DEQ,669430950053092,22,1028,535899489,31
DEQ,669430957045203,22,1028,542889586,64
DEQ,669430963979285,22,1028,549821511,63
DEQ,669430971045722,22,1028,556885702,62
DEQ,669430978045299,22,1028,563883207,61
DEQ,669430985019741,22,1028,570855493,60
DEQ,669430992058713,22,1028,577892462,59
DEQ,669430999036005,22,1028,584867613,58
DEQ,669431006032606,22,1028,591862185,57
DEQ,669431013046647,22,1028,598874251,56
DEQ,669431020038225,22,1028,605863806,55
DEQ,669431027032317,22,1028,612855836,54
DEQ,669431034048522,22,1028,619870036,53
DEQ,669431041055585,22,1028,626875000,52
DEQ,669431048041682,22,1028,630978146,51
DEQ,669431055048578,22,1028,504924764,50
DEQ,669431061974186,22,1028,511841242,49
DEQ,669431069037460,22,1028,518902073,48
DEQ,669431076038239,22,1028,525900272,47
DEQ,669431083040263,22,1028,532900058,46
DEQ,669431090036219,22,1028,539893679,77
DEQ,669431097046088,22,1028,546901283,76
DEQ,669431104044140,22,1028,289923593,75
DEQ,669431111040399,22,1028,296911746,74
DEQ,669431118047186,22,1028,303916201,73
DEQ,669431125053993,22,1028,310920818,72
DEQ,669431132031739,22,1028,317896443,71
DEQ,669431139061046,22,1028,324923627,70
DEQ,669431146041995,22,1028,331902519,69
DEQ,669431153035598,22,1028,338893922,68
DEQ,669431160050886,22,1028,345907059,67
DEQ,669431167065714,22,1028,352919736,66
DEQ,669431174048990,22,1028,223905391,65
DEQ,669431181052926,22,1028,230900520,64
STATS,669431181192873,64,65792,1914,1850,0,0,0
DEQ,669431188045350,22,1028,237888474,63
DEQ,669431195030969,22,1028,244858326,62
DEQ,669431202046761,22,1028,251871876,61
DEQ,669431209052161,22,1028,258875063,60
DEQ,669431216045969,22,1028,265866513,59
DEQ,669431223045272,22,1028,272863517,89
DEQ,669431230045965,22,1028,279859643,88
DEQ,669431237050545,22,1028,286861022,87
DEQ,669431244042731,22,1028,293851216,86
DEQ,669431251046405,22,1028,300852701,85
DEQ,669431258041033,22,1028,307845258,84
DEQ,669431265033886,22,1028,314835973,83
DEQ,669431272050233,22,1028,321850323,82
DEQ,669431279051109,22,1028,328848493,81
DEQ,669431286045224,22,1028,335840411,80
DEQ,669431293048373,22,1028,342841453,79
DEQ,669431300050706,22,1028,349841726,78
DEQ,669431307058188,22,1028,356847092,77
DEQ,669431314045190,22,1028,363831935,76
DEQ,669431321044855,22,1028,370829216,75
DEQ,669431328051912,22,1028,377834094,74
DEQ,669431335051434,22,1028,384831453,73
DEQ,669431342042788,22,1028,391820414,72
DEQ,669431349045792,22,1028,398821311,71
DEQ,669431356036943,22,1028,405810470,78
DEQ,669431363039039,22,1028,412810590,77
DEQ,669431370044427,22,1028,419814005,76
DEQ,669431377046489,22,1028,426813963,75
DEQ,669431384049545,22,1028,433815036,74
DEQ,669431391047859,22,1028,440811274,73
DEQ,669431398045367,22,1028,447033771,72
DEQ,669431405059597,22,1028,449846020,71
DEQ,669431412061459,22,1028,325936204,70
DEQ,669431418983887,22,1028,332849456,69
DEQ,669431426050295,22,1028,339913557,68
DEQ,669431433044942,22,1028,346905157,67
DEQ,669431440044575,22,1028,353902661,66
DEQ,669431447049223,22,1028,360905096,65
DEQ,669431454047875,22,1028,367901620,64
DEQ,669431461050736,22,1028,374902057,63
DEQ,669431468045370,22,1028,381894562,62
DEQ,669431475040744,22,1028,388887753,61
DEQ,669431482050404,22,1028,395895300,60
DEQ,669431489046693,22,1028,402889094,59
DEQ,669431496049615,22,1028,409889618,58
DEQ,669431503047491,22,1028,416885410,57
DEQ,669431510037464,22,1028,423873187,56
DEQ,669431517054172,22,1028,430887790,55
DEQ,669431524046669,22,1028,437878271,54
DEQ,669431531053543,22,1028,444883070,53
DEQ,669431538052914,22,1028,451880455,52
DEQ,669431545053184,22,1028,458878658,51
DEQ,669431552049247,22,1028,465872660,50
DEQ,669431559052904,22,1028,472872859,49
DEQ,669431566048236,22,1028,479866146,48
DEQ,669431573049718,22,1028,486865454,47
DEQ,669431580057867,22,1028,493871495,46
DEQ,669431587054842,22,1028,500866459,45
DEQ,669431594049838,22,1028,507859446,44
DEQ,669431601047181,22,1028,514854661,43
DEQ,669431608046479,22,1028,521851433,42
DEQ,669431615050036,22,1028,528852914,41
DEQ,669431622055235,22,1028,535856034,40
DEQ,669431629051028,22,1028,539916486,51
DEQ,669431636045596,22,1028,413927040,50
DEQ,669431643020761,22,1028,420893617,49
DEQ,669431650043900,22,1028,427914598,48
DEQ,669431657045132,22,1028,434913626,47
DEQ,669431664037514,22,1028,441903841,46
DEQ,669431671047338,22,1028,448911581,45
DEQ,669431678038106,22,1028,455900297,44
DEQ,669431685060944,22,1028,462920975,43
DEQ,669431692043902,22,1028,469901916,42
DEQ,669431699054402,22,1028,476910421,41
DEQ,669431706041275,22,1028,483895304,40
DEQ,669431713062182,22,1028,490912826,39
DEQ,669431720037348,22,1028,497885931,38
DEQ,669431727030187,22,1028,504876666,37
DEQ,669431734043187,22,1028,511887665,36
DEQ,669431741047838,22,1028,518890304,35
DEQ,669431748037478,22,1028,525877923,34
DEQ,669431755046659,22,1028,532885003,33
DEQ,669431762043196,22,1028,539879470,64
DEQ,669431768986811,22,1028,546821088,63
DEQ,669431776049948,22,1028,553882055,62
DEQ,669431783042804,22,1028,560872915,61
DEQ,669431790049911,22,1028,567877999,60
DEQ,669431797043802,22,1028,574869818,59
DEQ,669431804044123,22,1028,581868157,58
DEQ,669431811006839,22,1028,588828874,57
DEQ,669431818044186,22,1028,595864046,56
DEQ,669431824988197,22,1028,602806084,55
DEQ,669431832051783,22,1028,609867532,54
DEQ,669431839049150,22,1028,616862203,53
DEQ,669431846048330,22,1028,623859264,52
DEQ,669431853005335,22,1028,502871829,51
DEQ,669431860047541,22,1028,509904958,50
DEQ,669431867052119,22,1028,516907414,49
DEQ,669431874031561,22,1028,523884863,48
DEQ,669431881056191,22,1028,530907440,47
DEQ,669431887978814,22,1028,537828058,46
DEQ,669431895055143,22,1028,544902370,77
DEQ,669431902044179,22,1028,551889385,76
DEQ,669431909045987,22,1028,286928889,75
DEQ,669431916039993,22,1028,293914251,74
DEQ,669431923046995,22,1028,300919067,73
DEQ,669431930058376,22,1028,307928417,72
DEQ,669431937049197,22,1028,314917097,71
DEQ,669431944050525,22,1028,321916332,70
DEQ,669431951054858,22,1028,328918652,69
DEQ,669431957979319,22,1028,335841031,68
DEQ,669431965060073,22,1028,342919742,67
DEQ,669431972045747,22,1028,349903415,66
DEQ,669431979043437,22,1028,356899078,65
DEQ,669431986044348,22,1028,359776601,64
DEQ,669431993047306,22,1028,234927477,63
DEQ,669432000042549,22,1028,241914147,62
DEQ,669432007047172,22,1028,248916417,61
DEQ,669432014044273,22,1028,255911374,60
DEQ,669432021034293,22,1028,262899376,59
DEQ,669432028049390,22,1028,269912418,90
DEQ,669432034986141,22,1028,276847151,89
DEQ,669432042047037,22,1028,283906037,88
DEQ,669432049051647,22,1028,290908667,87
DEQ,669432056046967,22,1028,297901772,86
DEQ,669432063047796,22,1028,304900551,85
DEQ,669432070049254,22,1028,311899588,84
DEQ,669432077048216,22,1028,318896483,83
DEQ,669432084048972,22,1028,325895181,82
DEQ,669432091048189,22,1028,332892389,81
DEQ,669432098045292,22,1028,339887185,80
DEQ,669432105051442,22,1028,346891134,79
DEQ,669432112045388,22,1028,353883100,78
DEQ,669432119049870,22,1028,360885619,77
DEQ,669432126044512,22,1028,367878185,76
DEQ,669432133053350,22,1028,374884943,75
DEQ,669432140044493,22,1028,381873925,74
DEQ,669432147038205,22,1028,388865637,73
DEQ,669432154034462,22,1028,395859856,72
DEQ,669432161045876,22,1028,402869142,79
DEQ,669432168045448,22,1028,409866704,78
DEQ,669432175047590,22,1028,416866855,77
DEQ,669432182058939,22,1028,423876129,76
STATS,669432182195368,76,77184,2069,1993,0,0,0
DEQ,669432189042297,22,1028,430857338,75
DEQ,669432196045346,22,1028,437857967,74
DEQ,669432203047416,22,1028,444857934,73
DEQ,669432210052385,22,1028,449705479,72
DEQ,669432217044991,22,1028,322917883,71
DEQ,669432224045790,22,1028,329908994,70
DEQ,669432231042550,22,1028,336887299,69
DEQ,669432238043916,22,1028,343886367,68
DEQ,669432245041687,22,1028,350881792,67
DEQ,669432252048750,22,1028,357886609,66
DEQ,669432259055110,22,1028,364890814,65
DEQ,669432266043039,22,1028,371876555,64
DEQ,669432273051768,22,1028,378879336,63
DEQ,669432280052270,22,1028,385877576,62
DEQ,669432287052657,22,1028,392875779,61
DEQ,669432294049055,22,1028,399869970,60
DEQ,669432301054007,22,1028,406872517,59
DEQ,669432308050227,22,1028,413866386,58
DEQ,669432315047748,22,1028,420861330,57
DEQ,669432322049559,22,1028,427860721,56
DEQ,669432329053890,22,1028,434862916,55
DEQ,669432336055335,22,1028,441862207,54
DEQ,669432343051749,22,1028,448856431,53
DEQ,669432350044729,22,1028,455847328,52
DEQ,669432357042583,22,1028,462842924,51
DEQ,669432364045551,22,1028,469843519,50
DEQ,669432371051807,22,1028,476847601,49
DEQ,669432378047278,22,1028,483840944,48
DEQ,669432385047485,22,1028,490838742,47
DEQ,669432392048839,22,1028,497837994,46
DEQ,669432399051026,22,1028,504838099,45
DEQ,669432406045558,22,1028,511830607,44
DEQ,669432413051871,22,1028,518834804,43
DEQ,669432420044482,22,1028,525825222,42
DEQ,669432427047064,22,1028,532825521,41
DEQ,669432434046411,22,1028,539764854,52
DEQ,669432441042027,22,1028,418915447,51
DEQ,669432448047384,22,1028,425911685,50
DEQ,669432455059914,22,1028,432921918,49
DEQ,669432462048653,22,84,439908450,48
DEQ,669432469024265,22,1028,446881487,47
DEQ,669432476053809,22,1028,453908823,46
DEQ,669432483050615,22,1028,460903462,45
DEQ,669432490038659,22,1028,467889230,44
DEQ,669432497053540,22,1028,474901956,43
DEQ,669432504045764,22,1028,481892049,42
DEQ,669432511066042,22,1028,488909093,41
DEQ,669432518044854,22,1028,495885725,40
DEQ,669432525051792,22,1028,502890431,39
DEQ,669432531961330,22,1028,509795970,38
DEQ,669432539058744,22,1028,516890247,37
DEQ,669432546043315,22,1028,523872723,36
DEQ,669432553013647,22,1028,530840898,35
DEQ,669432560048329,22,1028,537873595,34
DEQ,669432566991246,22,1028,544814513,65
DEQ,669432574033320,22,1028,551854502,64
DEQ,669432581052032,22,1028,558870890,63
DEQ,669432588054756,22,1028,565871537,62
DEQ,669432594949412,22,1028,572763961,61
DEQ,669432602039174,22,1028,579851638,60
DEQ,669432609047929,22,1028,586858310,59
DEQ,669432616028355,22,1028,593836504,58
DEQ,669432623047968,22,1028,600854004,57
DEQ,669432630049231,22,1028,607852968,56
DEQ,669432637006110,22,1028,614807611,55
DEQ,669432644050081,22,1028,621849572,54
DEQ,669432651052081,22,1028,628849432,53
DEQ,669432658033463,22,1028,633930094,52
DEQ,669432665046326,22,1028,506929738,51
DEQ,669432672049237,22,1028,513924274,50
DEQ,669432679007819,22,1028,520880696,49
DEQ,669432686044266,22,1028,527914992,48
DEQ,669432693053849,22,1028,534922411,47
DEQ,669432700041760,22,1028,541908334,78
DEQ,669432707054452,22,1028,548918906,77
DEQ,669432714047650,22,1028,555910034,76
DEQ,669432721037192,22,1028,290911803,75
DEQ,669432728047720,22,1028,297913750,74
DEQ,669432735059556,22,1028,304923034,73
DEQ,669432742040062,22,1028,311901244,72
DEQ,669432749048898,22,1028,318907655,71
DEQ,669432756045982,22,1028,325902604,70
DEQ,669432763047960,22,1028,332902599,69
DEQ,669432770046053,22,1028,339898361,68
DEQ,669432777048087,22,1028,346898379,67
DEQ,669432784041869,22,1028,353890177,66
DEQ,669432791049798,22,1028,360895853,65
DEQ,669432798044431,22,1028,366770953,64
DEQ,669432805041407,22,1028,238923360,63
DEQ,669432812067944,22,1028,245941373,62
DEQ,669432819052313,22,1028,252922900,61
DEQ,669432826040787,22,1028,259909241,60
DEQ,669432833052293,22,1028,266918727,90
DEQ,669432840048750,22,1028,273913004,89
DEQ,669432847038624,22,1028,280900500,88
DEQ,669432854038584,22,1028,287898432,87
DEQ,669432861046497,22,1028,294904294,86
DEQ,669432867987449,22,1028,301843103,85
DEQ,669432875053149,22,1028,308906750,84
DEQ,669432882047089,22,1028,315898683,83
DEQ,669432889060766,22,1028,322910341,82
DEQ,669432896051228,22,1028,329898805,81
DEQ,669432903048240,22,1028,336893665,80
DEQ,669432910051188,22,1028,343894598,79
DEQ,669432917041871,22,1028,350883222,78
DEQ,669432924061593,22,1028,357900869,77
DEQ,669432931050749,22,1028,364888010,76
DEQ,669432938053729,22,1028,371888683,75
DEQ,669432945061786,22,1028,378894677,74
DEQ,669432952050920,22,1028,385881806,73
DEQ,669432959062777,22,1028,392891670,72
DEQ,669432966048722,22,1028,399875589,71
DEQ,669432973045853,22,1028,406870579,76
DEQ,669432980047973,22,1028,413870655,75
DEQ,669432987052482,22,1028,420873170,74
DEQ,669432994052166,22,1028,427870736,73
DEQ,669433001046648,22,1028,434863072,72
DEQ,669433008055381,22,1028,441869822,71
DEQ,669433015046647,22,1028,448858961,70
DEQ,669433022049622,22,1028,455859965,69
DEQ,669433029047523,22,1028,334927560,68
DEQ,669433035953595,22,1028,341825102,67
DEQ,669433043056578,22,1028,348925608,66
DEQ,669433050048064,22,1028,355915048,65
DEQ,669433057051794,22,1028,362916759,64
DEQ,669433064043776,22,1028,369906555,63
DEQ,669433071051485,22,1028,376912023,62
DEQ,669433078048554,22,1028,383907079,61
DEQ,669433085049730,22,1028,390906251,60
DEQ,669433092040667,22,1028,397895029,59
DEQ,669433099049320,22,1028,404901626,58
DEQ,669433106048182,22,1028,411898334,58
DEQ,669433113052612,22,1028,418900438,57
DEQ,669433120046485,22,1028,425892244,56
DEQ,669433127050992,22,1028,432894742,55
DEQ,669433134045623,22,1028,439887297,54
DEQ,669433141048456,22,1028,446888079,53
DEQ,669433148044794,22,1028,453882351,52
DEQ,669433155046865,22,1028,460882303,51
DEQ,669433162031444,22,1028,467864740,50
DEQ,669433169031863,22,1028,474863073,49
DEQ,669433176053158,22,1028,481882240,48
DEQ,669433183056925,22,1028,488883970,47
STATS,669433183076742,47,47372,2183,2136,0,0,0
DEQ,669433190049922,22,1028,495874943,46
DEQ,669433197056939,22,1028,502879758,45
DEQ,669433204048547,22,1028,509869213,44
DEQ,669433211055887,22,1028,516874535,43
DEQ,669433218049850,22,1028,523866482,42
DEQ,669433225048561,22,1028,530863198,41
DEQ,669433232046506,22,1028,537859120,40
DEQ,669433239036519,22,1028,543762143,53
DEQ,669433246053368,22,1028,546583669,52
DEQ,669433253052852,22,1028,422937697,51
DEQ,669433260049900,22,1028,429926268,50
DEQ,669433267045549,22,1028,436919802,49
DEQ,669433274052451,22,1028,443924562,48
DEQ,669433281043678,22,1028,450913700,47
DEQ,669433288026724,22,1028,457894707,46
DEQ,669433295049731,22,1028,464915672,45
DEQ,669433302049160,22,1028,471913027,44
DEQ,669433309042540,22,1028,478904404,43
DEQ,669433316053032,22,1028,485912925,42
DEQ,669433323048274,22,1028,492906027,41
DEQ,669433330043473,22,1028,499899225,40
DEQ,669433337052853,22,1028,506906331,39
DEQ,669433344043336,22,1028,513894748,38
DEQ,669433351054561,22,1028,520903973,37
DEQ,669433358048438,22,1028,527895862,36
DEQ,669433365041749,22,1028,534887191,35
DEQ,669433372042565,22,1028,541885932,66
DEQ,669433379042974,22,1028,548884338,65
DEQ,669433386037532,22,1028,555876776,64
DEQ,669433393036311,22,1028,562873344,63
DEQ,669433400045888,22,1028,569880826,62
DEQ,669433407042899,22,1028,576875758,61
DEQ,669433414054502,22,1028,583884143,60
DEQ,669433421043482,22,1028,590871020,59
DEQ,669433428050636,22,1028,597876091,58
DEQ,669433435040533,22,1028,604864007,57
DEQ,669433442046719,22,1028,611868219,56
DEQ,669433449061363,22,1028,618880807,55
DEQ,669433456035206,22,1028,625852541,54
DEQ,669433463055603,22,1028,632870871,53
DEQ,669433470049566,22,1028,503904560,52
DEQ,669433477043919,22,1028,510890258,51
DEQ,669433484053250,22,1028,517897377,50
DEQ,669433491047215,22,1028,524889242,49
DEQ,669433498043307,22,1028,531883141,48
DEQ,669433505047238,22,1028,538884796,78
DEQ,669433512051038,22,84,409930579,77
DEQ,669433519045273,22,1028,280914501,76
DEQ,669433526051806,22,1028,287902160,75
DEQ,669433533048138,22,1028,294896297,74
DEQ,669433540034826,22,1028,301880873,73
DEQ,669433547063847,22,1028,308907781,72
DEQ,669433554060922,22,1028,315902694,71
DEQ,669433561050924,22,1028,322890597,70
DEQ,669433568060685,22,1028,329898270,69
DEQ,669433575059703,22,1028,336895189,68
DEQ,669433582063314,22,1028,343896682,67
DEQ,669433589056292,22,1028,350887588,66
DEQ,669433596059454,22,1028,357888705,65
DEQ,669433603051403,22,1028,364878573,64
DEQ,669433610047529,22,1028,371872650,63
DEQ,669433617055331,22,1028,250943488,62
DEQ,669433624054106,22,1028,257933854,61
DEQ,669433631051797,22,1028,264929334,60
DEQ,669433637989979,22,1028,271865424,59
DEQ,669433645055351,22,1028,278928681,92
DEQ,669433652055868,22,1028,285926674,91
DEQ,669433659054528,22,1028,292923160,90
DEQ,669433666047209,22,1028,299913706,89
DEQ,669433673061390,22,1028,306925812,88
DEQ,669433680047151,22,1028,313909450,87
DEQ,669433687054105,22,1028,320914370,86
DEQ,669433694050059,22,1028,327908252,85
DEQ,669433701055540,22,1028,334911667,84
DEQ,669433708058334,22,1028,341912370,83
DEQ,669433715059594,22,1028,348911575,82
DEQ,669433722047674,22,1028,355897673,81
DEQ,669433729048987,22,1028,362896916,80
DEQ,669433736043600,22,1028,369889563,79
DEQ,669433743047608,22,1028,376891518,78
DEQ,669433750047935,22,1028,383889669,77
DEQ,669433757053294,22,1028,390892936,76
DEQ,669433764047962,22,1028,397885464,75
DEQ,669433771049136,22,1028,404884656,74
DEQ,669433778048013,22,1028,411881477,75
DEQ,669433785053378,22,1028,418884729,74
DEQ,669433792050382,22,1028,425879742,73
DEQ,669433799049100,22,1028,432876405,72
DEQ,669433806048996,22,1028,439874304,71
DEQ,669433813055950,22,1028,446879242,70
DEQ,669433820054647,22,1028,453875762,69
DEQ,669433827048414,22,1028,459641598,68
DEQ,669433833988800,22,1028,462392554,67
DEQ,669433841046759,22,1028,338926639,66
DEQ,669433848048259,22,1028,345919998,65
DEQ,669433855054039,22,1028,352923367,64
DEQ,669433862044762,22,1028,359911972,63
DEQ,669433869053508,22,1028,366918567,62
DEQ,669433876048041,22,1028,373910773,61
DEQ,669433883053545,22,1028,380914131,60
DEQ,669433890037663,22,1028,387896012,59
DEQ,669433896989769,22,1028,394845644,58
DEQ,669433904048994,22,1028,401902602,57
DEQ,669433911036452,22,1028,408887882,56
DEQ,669433918061960,22,1028,415911338,55
DEQ,669433925040674,22,1028,422888076,54
DEQ,669433932048102,22,1028,429893311,53
DEQ,669433939049327,22,1028,436892387,52
DEQ,669433946040630,22,1028,443881623,51
DEQ,669433953065125,22,1028,450903918,50
DEQ,669433960052231,22,1028,457888893,49
DEQ,669433967055021,22,1028,464889608,48
DEQ,669433974052859,22,1028,471885335,47
DEQ,669433981058517,22,1028,478888871,46
DEQ,669433988049267,22,1028,485877481,45
DEQ,669433995044766,22,1028,492870525,44
DEQ,669434002049381,22,1028,499872995,43
DEQ,669434009055337,22,1028,506876860,42
DEQ,669434016036421,22,1028,513855799,41
DEQ,669434023055021,22,1028,520872261,40
DEQ,669434030058356,22,1028,527873492,39
DEQ,669434037046347,22,1028,534859433,38
DEQ,669434044027951,22,1028,541838725,53
DEQ,669434051048673,22,1028,548857093,52
DEQ,669434058053270,22,1028,420047903,51
DEQ,669434065080080,22,1028,427066151,50
DEQ,669434072049210,22,1028,434032918,49
DEQ,669434079047907,22,1028,441029262,48
DEQ,669434086038678,22,1028,448017827,47
DEQ,669434093066158,22,1028,455043204,46
DEQ,669434100042182,22,1028,462017241,45
DEQ,669434107045942,22,1028,469018852,44
DEQ,669434114055585,22,1028,476026324,43
DEQ,669434121051939,22,1028,483020551,42
DEQ,669434128048822,22,1028,490015314,41
DEQ,669434135057482,22,1028,497021715,40
DEQ,669434142053811,22,1028,504015687,39
DEQ,669434149043927,22,1028,511003551,38
DEQ,669434156041516,22,1028,517999022,37
DEQ,669434163051631,22,1028,525006875,36
DEQ,669434170036766,22,1028,531989837,35
DEQ,669434177047863,22,1028,538998844,66
DEQ,669434184049191,22,1028,545998088,65
STATS,669434184069554,65,65876,2344,2279,0,0,0
DEQ,669434191034512,22,1028,552981144,64
DEQ,669434198053511,22,1028,559997917,63
DEQ,669434205048313,22,1028,566990648,62
DEQ,669434212040030,22,1028,573980332,61
DEQ,669434219049647,22,1028,580987851,60
DEQ,669434226048354,22,1028,587984490,59
DEQ,669434233048201,22,1028,594982276,58
DEQ,669434240047637,22,1028,601979510,57
DEQ,669434247051274,22,1028,608981053,56
DEQ,669434254051062,22,1028,615978688,55
DEQ,669434261063097,22,1028,622988563,54
DEQ,669434268046842,22,1028,629970266,53
DEQ,669434275047976,22,1028,636969382,52
DEQ,669434281924101,22,1028,642287418,51
DEQ,669434289051949,22,1028,645222421,50
DEQ,669434296035654,22,1028,521929323,49
DEQ,669434303054196,22,1028,528934246,48
DEQ,669434309988471,22,1028,271878621,47
DEQ,669434317048239,22,1028,278924627,80
DEQ,669434324047714,22,1028,285921854,79
DEQ,669434331056089,22,1028,292928067,78
DEQ,669434338048337,22,1028,299918120,77
DEQ,669434345046759,22,1028,306914438,76
DEQ,669434352048700,22,1028,313914276,75
DEQ,669434359062783,22,1028,320926300,74
DEQ,669434366092331,22,1028,327953812,73
DEQ,669434373055946,22,1028,334915433,72
DEQ,669434380048615,22,1028,341906033,71
DEQ,669434387015616,22,1028,348870957,70
DEQ,669434394055765,22,1028,355909139,69
DEQ,669434401055365,22,1028,362906630,68
DEQ,669434408042748,22,1028,368221789,67
DEQ,669434415062978,22,1028,371072398,66
DEQ,669434422051669,22,1028,247932719,65
DEQ,669434429043108,22,1028,254916094,64
DEQ,669434436045174,22,1028,261915982,63
DEQ,669434443056465,22,84,268924898,62
DEQ,669434450058697,22,1028,275924975,92
DEQ,669434457053887,22,1028,282918044,91
DEQ,669434464048276,22,1028,289910294,90
DEQ,669434470990303,22,1028,296850200,89
DEQ,669434478043962,22,1028,303901791,88
DEQ,669434485051529,22,1028,310907288,87
DEQ,669434492051538,22,1028,317905098,86
DEQ,669434499060893,22,1028,324912393,85
DEQ,669434506053819,22,1028,331903182,84
DEQ,669434513049902,22,1028,338897215,83
DEQ,669434520049627,22,1028,345894866,82
DEQ,669434527055854,22,1028,352898984,81
DEQ,669434534040524,22,1028,359881699,80
DEQ,669434541050018,22,1028,366889096,79
DEQ,669434548049717,22,1028,373886749,78
DEQ,669434555054999,22,1028,380889921,77
DEQ,669434562053817,22,1028,387886630,76
DEQ,669434569054342,22,1028,394885159,75
DEQ,669434576048044,22,1028,401876797,74
DEQ,669434583047190,22,1028,408873916,73
DEQ,669434590048971,22,1028,415873721,72
DEQ,669434597049966,22,1028,422872657,71
DEQ,669434604053868,22,1028,429874395,70
DEQ,669434611053488,22,1028,436871955,69
DEQ,669434618049403,22,1028,443865901,68
DEQ,669434625056736,22,1028,450871131,67
DEQ,669434632063404,22,1028,457875817,66
DEQ,669434639055847,22,1028,464866294,65
DEQ,669434646049820,22,1028,336045172,64
DEQ,669434653052116,22,1028,343039892,63
DEQ,669434660050458,22,1028,350036054,62
DEQ,669434667047879,22,1028,357031304,61
DEQ,669434674048588,22,1028,364029901,60
DEQ,669434681056979,22,1028,371035991,59
DEQ,669434688053168,22,1028,378029870,58
DEQ,669434695045063,22,1028,385019540,57
DEQ,669434702047316,22,1028,392019414,56
DEQ,669434709046898,22,1028,399016522,55
DEQ,669434716051426,22,1028,406018910,54
DEQ,669434723054430,22,1028,413019786,53
DEQ,669434730050784,22,1028,420013947,52
DEQ,669434737048542,22,1028,427009489,51
DEQ,669434744050730,22,1028,434009604,50
DEQ,669434751050335,22,1028,441006917,49
DEQ,669434758052483,22,1028,448006807,48
DEQ,669434765047086,22,1028,454999196,47
DEQ,669434771977325,22,1028,461927294,46
DEQ,669434779044506,22,1028,468992299,45
DEQ,669434786059374,22,1028,476004933,44
DEQ,669434792996183,22,1028,482939414,43
DEQ,669434800055806,22,1028,489996990,42
DEQ,669434807048571,22,1028,496987554,41
DEQ,669434813944306,22,1028,503881182,40
DEQ,669434821054500,22,1028,510989077,39
DEQ,669434828051629,22,1028,517984073,38
DEQ,669434835005228,22,1028,524935438,37
DEQ,669434842049213,22,1028,531977351,36
DEQ,669434849050238,22,1028,538976369,54
DEQ,669434856008115,22,1028,545932174,53
DEQ,669434863053668,22,1028,552975569,52
DEQ,669434869982267,22,1028,558251614,51
DEQ,669434877048663,22,1028,561116234,50
DEQ,669434884052401,22,1028,437932376,49
DEQ,669434891051225,22,1028,444922653,48
DEQ,669434898056985,22,1028,451926320,47
DEQ,669434905052568,22,1028,458919884,46
DEQ,669434912052926,22,1028,465918094,45
DEQ,669434919048815,22,1028,472911894,44
DEQ,669434926055893,22,1028,479916968,43
DEQ,669434933054656,22,1028,486913640,42
DEQ,669434940043962,22,1028,493900931,41
DEQ,669434946985453,22,1028,500840340,40
DEQ,669434954052505,22,1028,507905323,39
DEQ,669434961033485,22,1028,514884269,38
DEQ,669434967989058,22,1028,521837772,37
DEQ,669434975040132,22,1028,528886807,36
DEQ,669434982046855,22,1028,535891360,35
DEQ,669434989099009,22,1028,542941501,68
DEQ,669434996052703,22,1028,549893222,67
DEQ,669435003053734,22,1028,556892247,66
DEQ,669435010009945,22,1028,563846226,65
DEQ,669435017058386,22,1028,570892673,64
DEQ,669435024060903,22,1028,577892893,63
DEQ,669435030925053,22,1028,584754991,62
DEQ,669435038054221,22,1028,591882148,61
DEQ,669435045063759,22,1028,598889685,60
DEQ,669435052029182,22,1028,605853028,59
DEQ,669435059054262,22,1028,612876136,58
DEQ,669435066045883,22,1028,619865788,57
DEQ,669435073031002,22,1028,626848673,56
DEQ,669435080047165,22,1028,633862845,55
DEQ,669435087031139,22,1028,640844746,54
DEQ,669435093924293,22,1028,647735451,53
DEQ,669435101055300,22,1028,254931009,52
DEQ,669435108043734,22,1028,261910657,51
DEQ,669435115049139,22,1028,268913709,50
DEQ,669435122047666,22,1028,275909839,80
DEQ,669435129050786,22,1028,282910782,79
DEQ,669435136041110,22,1028,289899001,78
DEQ,669435143052763,22,1028,296908533,77
DEQ,669435150043666,22,1028,303897409,76
DEQ,669435157053096,22,1028,310903723,75
DEQ,669435164053849,22,1028,317902414,74
DEQ,669435171057408,22,1028,324903972,73
DEQ,669435178045562,22,1028,331890063,72
DEQ,669435185052044,22,1028,338894524,71
STATS,669435185155020,71,72988,2493,2422,0,0,0
DEQ,669435192053269,22,1028,345893712,70
DEQ,669435199052550,22,1028,352890867,69
DEQ,669435205996405,22,1028,359832619,68
DEQ,669435213063023,22,1028,366897232,67
DEQ,669435220049014,22,1028,373881174,66
DEQ,669435226990831,22,1028,379680541,65
DEQ,669435234055366,22,1028,251909577,64
DEQ,669435241057637,22,1028,258903469,63
DEQ,669435247989105,22,1028,265832778,62
DEQ,669435255041717,22,1028,272883304,92
DEQ,669435262048843,22,1028,279888396,91
DEQ,669435269056340,22,1028,286893874,90
DEQ,669435276052906,22,1028,293888361,89
DEQ,669435283051772,22,1028,300884160,88
DEQ,669435290054667,22,1028,307885001,87
DEQ,669435297049497,22,1028,314877796,86
DEQ,669435304048931,22,1028,321875215,85
DEQ,669435311052560,22,1028,328876370,84
DEQ,669435318049767,22,1028,335871392,83
DEQ,669435325050042,22,1028,342869628,82
DEQ,669435332046341,22,1028,349863848,81
DEQ,669435339055095,22,1028,356870578,80
DEQ,669435346056441,22,1028,363869711,79
DEQ,669435353050929,22,1028,370862131,78
DEQ,669435360051406,22,1028,377860605,77
DEQ,669435367054710,22,1028,384861940,76
DEQ,669435374037725,22,1028,391842973,75
DEQ,669435381055891,22,1028,398859170,74
DEQ,669435388034973,22,1028,405836228,73
DEQ,669435395056072,22,1028,412855325,72
DEQ,669435402049254,22,1028,419846505,71
DEQ,669435409057519,22,1028,426852704,70
DEQ,669435416057738,22,1028,433850936,69
DEQ,669435423053816,22,1028,440845050,68
DEQ,669435430050902,22,1028,447840136,67
DEQ,669435437055271,22,1028,454842450,66
DEQ,669435444048960,22,1028,461834150,65
DEQ,669435451045246,22,1028,468828422,64
DEQ,669435458054789,22,1028,473251254,63
DEQ,669435465049292,22,1028,476074009,62
DEQ,669435472049088,22,1028,353924141,61
DEQ,669435479055251,22,1028,360920897,60
DEQ,669435486047320,22,1028,367910624,59
DEQ,669435493050309,22,1028,374910453,58
DEQ,669435500053295,22,1028,381911359,57
DEQ,669435507057961,22,1028,388913930,56
DEQ,669435514045824,22,1028,395899541,55
DEQ,669435521055340,22,1028,402906511,54
DEQ,669435528049169,22,1028,409898115,53
DEQ,669435535049297,22,1028,416895923,52
DEQ,669435542060086,22,1028,423904568,51
DEQ,669435549053482,22,1028,430895847,50
DEQ,669435556052257,22,1028,437892605,49
DEQ,669435563061044,22,1028,444899045,48
DEQ,669435570050519,22,1028,451886520,47
DEQ,669435577057725,22,1028,458891621,46
DEQ,669435584049786,22,1028,465881551,45
DEQ,669435591056974,22,1028,472886668,44
DEQ,669435598066383,22,1028,479894112,43
DEQ,669435605051946,22,1028,486877680,42
DEQ,669435612050909,22,1028,493874229,41
DEQ,669435618986976,22,1028,500808312,40
DEQ,669435626048464,22,1028,507867814,39
DEQ,669435633055413,22,1028,514872243,38
DEQ,669435639999892,22,1028,521814713,37
DEQ,669435647046232,22,1028,528858821,36
DEQ,669435654056852,22,1028,535867460,35
DEQ,669435661029589,22,1028,542838172,55
DEQ,669435668051943,22,1028,549858186,54
DEQ,669435675045457,22,1028,556849644,53
DEQ,669435682046063,22,1028,563401586,52
DEQ,669435689055528,22,1028,434930504,51
DEQ,669435696051007,22,1028,441917304,50
DEQ,669435703041299,22,1028,448905262,49
DEQ,669435710049552,22,1028,455911245,48
DEQ,669435717055555,22,1028,462914836,47
DEQ,669435724049181,22,1028,469906306,46
DEQ,669435731055534,22,1028,476910591,45
DEQ,669435738055191,22,1028,483907865,44
DEQ,669435745046463,22,1028,490896987,43
DEQ,669435752049377,22,1028,497897939,42
DEQ,669435759060857,22,1028,504907427,41
DEQ,669435766039213,22,1028,511883720,40
DEQ,669435772992829,22,1028,518835280,39
DEQ,669435780053123,22,1028,525893588,38
DEQ,669435787049269,22,1028,532887675,37
DEQ,669435794045911,22,1028,539882322,67
DEQ,669435801057918,22,1028,546892276,66
DEQ,669435808051549,22,1028,553883862,65
DEQ,669435815051390,22,1028,560881639,64
DEQ,669435822049437,22,1028,567877684,63
DEQ,669435829039620,22,1028,574865878,62
DEQ,669435836054431,22,1028,581878623,61
DEQ,669435842991128,22,1028,588813317,60
DEQ,669435850042003,22,1028,595862124,59
DEQ,669435857049853,22,1028,602867768,58
DEQ,669435864042544,22,1028,609858248,57
DEQ,669435871053309,22,1028,616866863,56
DEQ,669435878050266,22,1028,623861763,55
DEQ,669435885050742,22,1028,630860111,54
DEQ,669435892041817,22,1028,637849094,53
DEQ,669435899058220,22,1028,644863477,52
DEQ,669435906050335,22,1028,251895149,51
DEQ,669435913054964,22,1028,258891272,50
DEQ,669435920042042,22,1028,265876064,49
DEQ,669435927050410,22,1028,272881976,80
DEQ,669435934042916,22,1028,279872437,79
DEQ,669435941064935,22,1028,286892360,78
DEQ,669435948052892,22,1028,293878149,77
DEQ,669435955057506,22,1028,300880696,76
DEQ,669435962045613,22,1028,307866573,75
DEQ,669435969049911,22,1028,314868676,74
DEQ,669435976049871,22,1028,321866315,73
DEQ,669435983046680,22,1028,328860694,72
DEQ,669435989989889,22,1028,335801840,71
DEQ,669435997047463,22,1028,342857421,70
DEQ,669436003990325,22,1028,349798260,69
DEQ,669436011055782,22,1028,356861608,68
DEQ,669436018050474,22,1028,363854145,67
DEQ,669436025045281,22,1028,370846835,66
DEQ,669436031926358,22,1028,377725504,65
DEQ,669436039070232,22,1028,382526891,64
DEQ,669436046062076,22,1028,385322468,63
DEQ,669436053052590,22,1028,262927075,62
DEQ,669436060049662,22,1028,269915576,92
DEQ,669436067036380,22,1028,276900129,91
DEQ,669436073985605,22,1028,283847217,90
DEQ,669436081051784,22,1028,290911310,89
DEQ,669436088053249,22,1028,297910728,88
DEQ,669436095052174,22,1028,304907392,87
DEQ,669436102046014,22,1028,311899149,86
DEQ,669436109058407,22,1028,318909557,85
DEQ,669436116049996,22,1028,325899008,84
DEQ,669436123058961,22,1028,332905861,83
DEQ,669436130051445,22,1028,339895698,82
DEQ,669436137056086,22,1028,346898264,81
DEQ,669436144051475,22,1028,353891512,80
DEQ,669436151052004,22,1028,360889930,79
DEQ,669436158050679,22,1028,367886551,78
DEQ,669436165056004,22,1028,374889786,77
DEQ,669436172051514,22,1028,381883273,76
DEQ,669436179056884,22,1028,388886595,75
DEQ,669436186055781,22,1028,395883441,74
STATS,669436186187396,74,76072,2639,2565,0,0,0
DEQ,669436193050268,22,1028,402875794,74
DEQ,669436200051507,22,1028,409874985,73
DEQ,669436207035716,22,1028,416857225,72
DEQ,669436214047681,22,1028,423867140,71
DEQ,669436221051077,22,1028,430868539,70
DEQ,669436228054351,22,1028,437869767,69
DEQ,669436235049385,22,1028,444862815,68
DEQ,669436242056026,22,1028,451867397,67
DEQ,669436249057861,22,1028,458867197,66
DEQ,669436256050143,22,1028,465857379,65
DEQ,669436263052161,22,1028,472768352,64
DEQ,669436270049993,22,1028,343931109,63
DEQ,669436277059528,22,1028,350932116,62
DEQ,669436284060746,22,1028,357930999,61
DEQ,669436291058666,22,1028,364926441,60
DEQ,669436298057423,22,1028,371923143,59
DEQ,669436305056264,22,1028,378919979,58
DEQ,669436312053324,22,1028,385914685,57
DEQ,669436319042014,22,1028,392901308,56
DEQ,669436326049864,22,1028,399907008,55
DEQ,669436333060438,22,1028,406915503,54
DEQ,669436340057323,22,1028,413910328,53
DEQ,669436347054323,22,1028,420905160,52
DEQ,669436354052414,22,1028,427901125,51
DEQ,669436361058796,22,1028,434905212,50
DEQ,669436368054669,22,1028,441898952,49
DEQ,669436374995786,22,1028,448837980,48
DEQ,669436382055584,22,1028,455895786,47
DEQ,669436389050652,22,1028,462888877,46
DEQ,669436396056326,22,1028,469892461,45
DEQ,669436403056266,22,1028,476889520,44
DEQ,669436410051787,22,1028,483882439,43
DEQ,669436417056364,22,1028,490884860,42
DEQ,669436424042760,22,1028,497868971,41
DEQ,669436431052143,22,1028,504875739,40
DEQ,669436438051746,22,1028,511873034,39
DEQ,669436445035473,22,1028,518854218,38
DEQ,669436452053535,22,1028,525869550,37
DEQ,669436459058043,22,1028,532871290,36
DEQ,669436466035164,22,1028,539845703,56
DEQ,669436473052145,22,1028,546860431,55
DEQ,669436480052420,22,1028,553858139,54
DEQ,669436487053127,22,1028,560856460,53
DEQ,669436494054626,22,1028,439936926,52
DEQ,669436501064969,22,1028,446938807,51
DEQ,669436508050297,22,1028,453921925,50
DEQ,669436515055285,22,1028,460924404,49
DEQ,669436522061163,22,1028,467927970,48
DEQ,669436529051134,22,1028,474915566,47
DEQ,669436536050508,22,1028,481912672,46
DEQ,669436543055445,22,1028,488914335,45
DEQ,669436550044834,22,1028,495901396,44
DEQ,669436557055173,22,1028,502909353,43
DEQ,669436564053936,22,1028,509906060,42
DEQ,669436571054316,22,1028,516904129,41
DEQ,669436578054838,22,1028,523902576,40
DEQ,669436585055619,22,1028,530901300,39
DEQ,669436592046935,22,1028,537890537,38
DEQ,669436599051307,22,1028,544892788,68
DEQ,669436606048649,22,1028,551888001,67
DEQ,669436613048331,22,1028,558885665,66
DEQ,669436620054529,22,1028,565889884,65
DEQ,669436627046580,22,1028,572879944,64
DEQ,669436634041135,22,1028,579872488,63
DEQ,669436641052395,22,1028,586881750,62
DEQ,669436648052032,22,1028,593879350,61
DEQ,669436655041726,22,1028,600866550,60
DEQ,669436662056201,22,1028,607879033,59
DEQ,669436669056635,22,1028,614877424,58
DEQ,669436676042932,22,1028,621861661,57
DEQ,669436683046582,22,1028,628863342,56
DEQ,669436690052170,22,1028,635866942,55
DEQ,669436697049438,22,1028,642862085,54
DEQ,669436704055816,22,1028,649866397,53
DEQ,669436711055312,22,84,520939946,52
DEQ,669436718038313,22,1028,255922810,51
DEQ,669436725058845,22,1028,262934956,50
DEQ,669436732054061,22,1028,269927962,81
DEQ,669436739042744,22,1028,276914627,80
DEQ,669436746059635,22,1028,283929519,79
DEQ,669436753059286,22,1028,290927134,78
DEQ,669436760046448,22,1028,297912208,77
DEQ,669436767051269,22,1028,304914479,76
DEQ,669436774056353,22,1028,311917499,75
DEQ,669436781051745,22,1028,318910897,74
DEQ,669436788052960,22,1028,325910096,73
DEQ,669436795052671,22,1028,332907739,72
DEQ,669436802057682,22,1028,339909640,71
DEQ,669436809056795,22,1028,346906687,70
DEQ,669436816050357,22,1028,353898152,69
DEQ,669436823042283,22,1028,360888012,68
DEQ,669436830055343,22,1028,367899025,67
DEQ,669436837058789,22,1028,374900423,66
DEQ,669436844051464,22,1028,381891037,65
DEQ,669436851059144,22,1028,388896725,64
DEQ,669436858052478,22,1028,392118391,63
DEQ,669436865055473,22,1028,266934600,91
DEQ,669436872050683,22,1028,273921425,90
DEQ,669436879065689,22,1028,280934241,89
DEQ,669436886053937,22,1028,287920384,88
DEQ,669436893056860,22,1028,294921147,87
DEQ,669436900051429,22,1028,301913454,86
DEQ,669436907052642,22,1028,308912509,85
DEQ,669436914051438,22,1028,315909208,84
DEQ,669436921049824,22,1028,322905531,83
DEQ,669436928052415,22,1028,329906114,82
DEQ,669436935052786,22,1028,336904395,81
DEQ,669436942052351,22,1028,343901900,80
DEQ,669436949051910,22,1028,350899391,79
DEQ,669436956054219,22,1028,357898667,78
DEQ,669436963057788,22,1028,364899923,77
DEQ,669436970052434,22,1028,371892425,76
DEQ,669436977039281,22,1028,378877222,75
DEQ,669436984052452,22,1028,385888417,74
DEQ,669436991051189,22,1028,392885031,73
DEQ,669436998061516,22,1028,399893273,72
DEQ,669437005061164,22,1028,406890862,71
DEQ,669437012058625,22,1028,413886260,70
DEQ,669437019051186,22,1028,420876834,69
DEQ,669437026048248,22,1028,427871877,68
DEQ,669437033057148,22,1028,434878646,67
DEQ,669437040050808,22,1028,441870222,66
DEQ,669437047053663,22,1028,448871056,65
DEQ,669437054043289,22,1028,455858707,64
DEQ,669437061044451,22,1028,462857710,63
DEQ,669437068048893,22,1028,469860090,62
DEQ,669437075052322,22,1028,476861408,61
DEQ,669437082053309,22,1028,355933121,60
DEQ,669437089051247,22,1028,362922518,59
DEQ,669437096050877,22,1028,369920072,58
DEQ,669437103052916,22,1028,376919979,57
DEQ,669437110051470,22,1028,383916445,56
DEQ,669437117048268,22,1028,390911161,55
DEQ,669437124054746,22,1028,397915589,54
DEQ,669437131054678,22,1028,404913447,53
DEQ,669437138053994,22,1028,411910519,52
DEQ,669437145065203,22,1028,418919713,51
DEQ,669437152043324,22,1028,425895690,50
DEQ,669437159052958,22,1028,432903300,49
DEQ,669437166050152,22,1028,439898436,48
DEQ,669437173047171,22,1028,446893463,47
DEQ,669437180056730,22,1028,453900846,46
DEQ,669437187052162,22,1028,460893981,45
STATS,669437187071813,45,46260,2753,2708,0,0,0
DEQ,669437194053620,22,1028,467893269,44
DEQ,669437201063915,22,1028,474901586,43
DEQ,669437208059371,22,1028,481894988,42
DEQ,669437215053264,22,1028,488886904,41
DEQ,669437222029291,22,1028,495860904,40
DEQ,669437229051376,22,1028,502881009,39
DEQ,669437236054486,22,1028,509881934,38
DEQ,669437243090590,22,1028,516916061,37
DEQ,669437250057685,22,1028,523880947,36
DEQ,669437257057226,22,1028,530878533,35
DEQ,669437264044226,22,1028,537863533,34
DEQ,669437271041087,22,1028,544858419,56
DEQ,669437278050446,22,1028,551865627,55
DEQ,669437285044013,22,1028,558857232,54
DEQ,669437292054417,22,1028,565865552,53
DEQ,669437299057300,22,1028,569111646,52
DEQ,669437306056988,22,1028,443941783,51
DEQ,669437313051483,22,1028,450927858,50
DEQ,669437320051154,22,1028,457925343,49
DEQ,669437327043092,22,1028,464915152,48
DEQ,669437334061909,22,1028,471931928,47
DEQ,669437341059033,22,1028,478927018,46
DEQ,669437348039442,22,1028,485904981,45
DEQ,669437355051530,22,1028,492914956,44
DEQ,669437362049589,22,1028,499910892,43
DEQ,669437369049269,22,1028,506908567,42
DEQ,669437376057580,22,1028,513914888,41
DEQ,669437383058696,22,1028,520913968,40
DEQ,669437390051226,22,1028,527904481,39
DEQ,669437397047298,22,1028,534898354,38
DEQ,669437404055444,22,1028,541904393,69
DEQ,669437411034869,22,1028,548881722,68
DEQ,669437418051882,22,1028,555896633,67
DEQ,669437425058178,22,1028,562900686,66
DEQ,669437432043723,22,1028,569884121,65
DEQ,669437439056615,22,1028,576894982,64
DEQ,669437446051328,22,1028,583887667,63
DEQ,669437453044070,22,1028,590878091,62
DEQ,669437460050265,22,1028,597882214,61
DEQ,669437467057501,22,1028,604887434,60
DEQ,669437474065785,22,1028,611893734,59
DEQ,669437481056693,22,1028,618882625,58
DEQ,669437488057645,22,1028,625881501,57
DEQ,669437495036187,22,1028,632858004,56
DEQ,669437502052617,22,1028,639872447,55
DEQ,669437509057576,22,84,238944922,54
DEQ,669437516039632,22,1028,245910887,53
DEQ,669437523034672,22,1028,252903639,52
DEQ,669437530057108,22,1028,259923947,51
DEQ,669437537048958,22,1028,266913688,82
DEQ,669437544053030,22,1028,273915631,81
DEQ,669437551065955,22,1028,280926474,80
DEQ,669437558040171,22,1028,287898527,79
DEQ,669437565057597,22,1028,294913765,78
DEQ,669437572056364,22,1028,301910406,77
DEQ,669437579056178,22,1028,308907827,76
DEQ,669437586054461,22,1028,315904016,75
DEQ,669437593058943,22,1028,322906421,74
DEQ,669437600044373,22,1028,329889753,73
DEQ,669437607053392,22,1028,336896703,72
DEQ,669437614049754,22,1028,343890995,71
DEQ,669437621036395,22,1028,350875546,70
DEQ,669437628050431,22,1028,357887534,69
DEQ,669437635051831,22,1028,364886823,68
DEQ,669437642057740,22,1028,371890674,67
DEQ,669437649053625,22,1028,378884587,66
DEQ,669437656056429,22,1028,385885298,65
DEQ,669437663056757,22,1028,392883520,64
DEQ,669437669992837,22,1028,271876186,63
DEQ,669437677059294,22,1028,278933965,89
DEQ,669437684054780,22,1028,285927248,88
DEQ,669437691057605,22,1028,292927953,87
DEQ,669437698048849,22,1028,299917062,86
DEQ,669437705055431,22,1028,306921547,85
DEQ,669437712054094,22,1028,313918116,84
DEQ,669437719055312,22,1028,320917208,83
DEQ,669437726051529,22,1028,327911339,82
DEQ,669437733058005,22,1028,334915733,81
DEQ,669437740054085,22,1028,341909375,80
DEQ,669437747053649,22,1028,348906838,79
DEQ,669437754049091,22,1028,355900224,78
DEQ,669437761053994,22,1028,362903079,77
DEQ,669437768051591,22,1028,369898644,76
DEQ,669437775053752,22,1028,376898717,75
DEQ,669437781927902,22,1028,383770811,74
DEQ,669437789054462,22,1028,390895306,73
DEQ,669437796055742,22,1028,397894532,72
DEQ,669437803047798,22,1028,404884505,71
DEQ,669437810043288,22,1028,411877930,70
DEQ,669437817049033,22,1028,418881706,69
DEQ,669437824059122,22,1028,425889697,68
DEQ,669437831054951,22,1028,432883450,67
DEQ,669437838056501,22,1028,439883004,66
DEQ,669437845060320,22,1028,446884655,65
DEQ,669437851994363,22,1028,453816706,64
DEQ,669437859061771,22,1028,460882060,63
DEQ,669437866048605,22,1028,467866767,62
DEQ,669437873056474,22,1028,474872639,61
DEQ,669437880065558,22,1028,481879647,60
DEQ,669437887059194,22,1028,484922172,59
DEQ,669437894056465,22,1028,359935168,58
DEQ,669437901063512,22,1028,366934026,57
DEQ,669437908055334,22,1028,373923664,56
DEQ,669437915057904,22,1028,380924122,55
DEQ,669437922050026,22,1028,387914088,54
DEQ,669437929053857,22,1028,394915748,53
DEQ,669437936056751,22,1028,401916406,52
DEQ,669437943041813,22,1028,408899355,51
DEQ,669437949928110,22,1028,415783533,50
DEQ,669437956928772,22,1028,422781664,49
DEQ,669437963926966,22,1028,429777695,48
DEQ,669437970928769,22,1028,436777130,47
DEQ,669437977927058,22,1028,443773145,46
DEQ,669437984970409,22,1028,450814371,45
DEQ,669437992052111,22,1028,457893885,44
DEQ,669437999037390,22,1028,464876677,43
DEQ,669438006040936,22,1028,471877802,42
DEQ,669438013036262,22,1028,478870895,41
DEQ,669438020049734,22,1028,485882069,40
DEQ,669438027058995,22,1028,492889162,39
DEQ,669438034054549,22,1028,499882648,38
DEQ,669438041042447,22,1028,506868552,37
DEQ,669438048053827,22,1028,513877903,36
DEQ,669438055052436,22,1028,520874438,35
DEQ,669438062044697,22,1028,527864606,34
DEQ,669438069049952,22,1028,534867879,33
DEQ,669438076052034,22,1028,541867960,56
DEQ,669438083040093,22,1028,548853929,55
DEQ,669438090059813,22,1028,555871621,54
DEQ,669438097060309,22,1028,562870041,53
DEQ,669438104040811,22,1028,569848461,52
DEQ,669438111058756,22,1028,574849921,51
DEQ,669438118057510,22,1028,448053086,50
DEQ,669438125043474,22,1028,455030648,49
DEQ,669438132052696,22,1028,462037529,48
DEQ,669438139061533,22,1028,469044196,47
DEQ,669438146045388,22,1028,476025966,46
DEQ,669438153054204,22,1028,483032681,45
DEQ,669438160052119,22,1028,490028529,44
DEQ,669438167052893,22,1028,497027194,43
DEQ,669438174049643,22,1028,504021879,42
DEQ,669438181051702,22,1028,511021888,41
DEQ,669438188052149,22,1028,518020181,40
STATS,669438188187375,40,41120,2891,2851,0,0,0
DEQ,669438195052483,22,1028,525018448,39
DEQ,669438202058988,22,1028,532022958,38
DEQ,669438209052455,22,1028,539014428,70
DEQ,669438216053943,22,1028,546013748,69
DEQ,669438223056671,22,1028,553014382,68
DEQ,669438230055190,22,1028,560010837,67
DEQ,669438237038395,22,1028,566991896,66
DEQ,669438244062423,22,1028,574013866,65
DEQ,669438251055000,22,1028,581004437,64
DEQ,669438258031304,22,1028,587978678,63
DEQ,669438265059958,22,1028,595005342,62
DEQ,669438272056212,22,1028,601999484,61
DEQ,669438279091549,22,1028,609032683,60
DEQ,669438285995523,22,1028,615934529,59
DEQ,669438293046707,22,1028,622983576,58
DEQ,669438300057467,22,1028,629992269,57
DEQ,669438307054327,22,1028,236926808,56
DEQ,669438314057986,22,1028,243919457,55
DEQ,669438321048471,22,1028,250907448,54
DEQ,669438328052555,22,1028,257909251,53
DEQ,669438335054235,22,1028,264908788,52
DEQ,669438342058149,22,1028,271910446,51
DEQ,669438349060971,22,1028,278910899,83
DEQ,669438356055160,22,1028,285903039,82
DEQ,669438363050465,22,1028,292896062,81
DEQ,669438370061424,22,1028,299904814,80
DEQ,669438377054220,22,1028,306895460,79
DEQ,669438384044983,22,1028,313883886,78
DEQ,669438391063320,22,1028,320900042,77
DEQ,669438398048146,22,1028,327882581,76
DEQ,669438405051836,22,1028,334884202,75
DEQ,669438412055683,22,1028,341886005,74
DEQ,669438419054306,22,1028,348882350,73
DEQ,669438426061454,22,1028,355887293,72
DEQ,669438433052702,22,1028,362876465,71
DEQ,669438440054075,22,1028,369875643,70
DEQ,669438447054376,22,1028,376873885,69
DEQ,669438454054002,22,1028,383871190,68
DEQ,669438461061276,22,1028,390876281,67
DEQ,669438468066210,22,1028,394114868,66
DEQ,669438475060196,22,1028,268934472,65
DEQ,669438482049918,22,1028,275915593,90
DEQ,669438489066951,22,1028,282930440,89
DEQ,669438496049918,22,84,289911291,88
DEQ,669438503041002,22,1028,296900260,87
DEQ,669438510065719,22,1028,303922898,86
DEQ,669438517059550,22,1028,310914633,85
DEQ,669438524050770,22,1028,317903708,84
DEQ,669438531055559,22,1028,324905865,83
DEQ,669438538053235,22,1028,331900917,82
DEQ,669438545058676,22,1028,338904218,81
DEQ,669438552056639,22,1028,345900095,80
DEQ,669438559054590,22,1028,352895844,79
DEQ,669438566054150,22,1028,359893236,78
DEQ,669438573060294,22,1028,366897302,77
DEQ,669438580041357,22,1028,373874477,76
DEQ,669438587045308,22,1028,380876203,75
DEQ,669438594053342,22,1028,387882098,74
DEQ,669438601062079,22,1028,394888683,73
DEQ,669438608052423,22,1028,401876971,72
DEQ,669438615053467,22,1028,408875855,71
DEQ,669438622053364,22,1028,415873615,70
DEQ,669438629052971,22,1028,422871216,69
DEQ,669438636055016,22,1028,429871162,68
DEQ,669438643054562,22,1028,436868590,67
DEQ,669438650043442,22,1028,443855324,66
DEQ,669438657055441,22,1028,450865271,65
DEQ,669438664062592,22,1028,457870298,64
DEQ,669438671060722,22,1028,464866279,63
DEQ,669438678054199,22,1028,471857546,62
DEQ,669438685048815,22,1028,478850099,61
DEQ,669438692055857,22,1028,485855058,60
DEQ,669438699070367,22,1028,491354304,59
DEQ,669438706059737,22,1028,363910124,58
DEQ,669438713059922,22,1028,370901691,57
DEQ,669438720064835,22,1028,377902360,56
DEQ,669438727059177,22,1028,384894526,55
DEQ,669438734040132,22,1028,391872880,54
DEQ,669438741058906,22,1028,398889280,53
DEQ,669438748051918,22,1028,405880062,52
DEQ,669438755054706,22,1028,412880806,51
DEQ,669438762058524,22,1028,419882476,50
DEQ,669438769058935,22,1028,426880820,49
DEQ,669438776057715,22,1028,433877500,48
DEQ,669438783060045,22,1028,440877700,47
DEQ,669438790055178,22,1028,447870599,46
DEQ,669438797058971,22,1028,454872256,45
DEQ,669438804055203,22,1028,461866233,44
DEQ,669438811054781,22,1028,468863640,43
DEQ,669438818051808,22,1028,475858532,42
DEQ,669438825059244,22,1028,482863815,41
DEQ,669438832053498,22,1028,489855967,40
DEQ,669438839053440,22,1028,496853902,39
DEQ,669438846045254,22,1028,503843523,38
DEQ,669438853046846,22,1028,510842823,37
DEQ,669438860053629,22,1028,517847548,36
DEQ,669438867053378,22,1028,524845232,35
DEQ,669438874048705,22,1028,531838409,34
DEQ,669438881055382,22,1028,538843015,55
DEQ,669438888055385,22,1028,545840946,54
DEQ,669438895050735,22,1028,552833821,53
DEQ,669438902050362,22,1028,559831294,52
DEQ,669438909053222,22,1028,566832023,51
DEQ,669438916049508,22,1028,573826159,50
DEQ,669438923061418,22,1028,580835908,49
DEQ,669438930067394,22,1028,584117544,48
DEQ,669438937058100,22,1028,458939647,47
DEQ,669438944064551,22,1028,465937504,46
DEQ,669438951050686,22,1028,472920195,45
DEQ,669438958027437,22,1028,479894715,44
DEQ,669438965056803,22,1028,486921909,43
DEQ,669438972050650,22,1028,493913622,42
DEQ,669438978929365,22,1028,500790116,41
DEQ,669438986055950,22,1028,507914571,40
DEQ,669438993064370,22,1028,514920932,39
DEQ,669439000012148,22,1028,521866628,38
DEQ,669439007060795,22,1028,528913204,37
DEQ,669439014059688,22,1028,535910026,36
DEQ,669439021005617,22,1028,542853848,69
DEQ,669439028053188,22,1028,549899349,68
DEQ,669439035049321,22,1028,556893335,67
DEQ,669439042051957,22,1028,563893849,66
DEQ,669439049061264,22,1028,570901139,65
DEQ,669439056058911,22,1028,577896789,64
DEQ,669439063047618,22,1028,584883453,63
DEQ,669439070046009,22,1028,591879864,62
DEQ,669439077051715,22,1028,598883582,61
DEQ,669439084050077,22,1028,605879845,60
DEQ,669439091060929,22,1028,612888626,59
DEQ,669439098059775,22,1028,619885425,58
DEQ,669439105057935,22,1028,626881571,57
DEQ,669439111928850,22,1028,633750491,56
DEQ,669439119060622,22,1028,240947767,55
DEQ,669439126055523,22,1028,247928445,54
DEQ,669439132996217,22,1028,254866896,53
DEQ,669439140053924,22,1028,261922438,52
DEQ,669439147057502,22,1028,268923892,51
DEQ,669439153995550,22,1028,275859691,82
DEQ,669439161056891,22,1028,282918715,81
DEQ,669439168058536,22,1028,289918126,80
DEQ,669439175007681,22,1028,296864455,79
DEQ,669439182051549,22,1028,303905890,78
DEQ,669439189047704,22,1028,310898910,77
STATS,669439189188905,77,79156,3071,2994,0,0,0
DEQ,669439196015009,22,1028,317863827,76
DEQ,669439203053545,22,1028,324900163,75
DEQ,669439210053123,22,1028,331897533,74
DEQ,669439217017300,22,1028,338859462,73
DEQ,669439224023806,22,1028,345863793,72
DEQ,669439231059206,22,1028,352896917,71
DEQ,669439238038980,22,1028,359874380,70
DEQ,669439245050318,22,1028,366882325,69
DEQ,669439252061368,22,1028,373889950,68
DEQ,669439259049952,22,1028,380876534,67
DEQ,669439266067675,22,1028,387892165,66
DEQ,669439273063442,22,1028,258904736,65
DEQ,669439280067985,22,1028,265901014,64
DEQ,669439287050253,22,1028,272881081,90
DEQ,669439294066554,22,1028,279895342,89
DEQ,669439301062036,22,1028,286888815,88
DEQ,669439308041643,22,1028,293866415,87
DEQ,669439315044298,22,1028,300867027,86
DEQ,669439322046278,22,1028,307866547,85
DEQ,669439329059565,22,1028,314877743,84
DEQ,669439336056679,22,1028,321872864,83
DEQ,669439343055353,22,1028,328869379,82
DEQ,669439350053400,22,1028,335865339,81
DEQ,669439357055442,22,1028,342865294,80
DEQ,669439364059102,22,1028,349866978,79
DEQ,669439371051251,22,1028,356857154,78
DEQ,669439378059249,22,1028,363862996,77
DEQ,669439385050590,22,1028,370852277,76
DEQ,669439392053547,22,1028,377852839,75
DEQ,669439399060529,22,1028,384857654,74
DEQ,669439406054596,22,1028,391849499,73
DEQ,669439413061680,22,1028,398854321,72
DEQ,669439420063893,22,1028,405854198,71
DEQ,669439426989747,22,1028,412777945,70
DEQ,669439434058227,22,1028,419844395,69
DEQ,669439441058784,22,1028,426842839,68
DEQ,669439448055410,22,1028,433837492,67
DEQ,669439455057278,22,1028,440836269,66
DEQ,669439462056045,22,1028,447832895,65
DEQ,669439469053974,22,1028,454828846,64
DEQ,669439476057763,22,1028,461830551,63
DEQ,669439483045595,22,1028,468816392,62
DEQ,669439490060968,22,1028,475829754,61
DEQ,669439497059596,22,1028,480672179,60
DEQ,669439504053461,22,1028,483477371,59
DEQ,669439511055544,22,1028,360934436,58
DEQ,669439518055216,22,1028,367925650,57
DEQ,669439525055420,22,1028,374923725,56
DEQ,669439531982651,22,1028,381848949,55
DEQ,669439539055555,22,1028,388919820,54
DEQ,669439546053570,22,1028,395915783,53
DEQ,669439553054019,22,1028,402914090,52
DEQ,669439560066570,22,1028,409924654,51
DEQ,669439567060253,22,1028,416916341,50
DEQ,669439574000069,22,1028,423854152,49
DEQ,669439581057822,22,1028,430909861,48
DEQ,669439588058213,22,1028,437908256,47
DEQ,669439595054636,22,1028,444902525,46
DEQ,669439602056185,22,1028,451902098,45
DEQ,669439609053264,22,1028,458897131,44
DEQ,669439616058661,22,1028,465899985,43
DEQ,669439623056605,22,1028,472895646,42
DEQ,669439630057047,22,1028,479894011,41
DEQ,669439637064201,22,1028,486898945,40
DEQ,669439644052051,22,1028,493884820,39
DEQ,669439651054117,22,1028,500884887,38
DEQ,669439658042667,22,1028,507871466,37
DEQ,669439665055763,22,1028,514882593,36
DEQ,669439672056210,22,1028,521880990,35
DEQ,669439679041498,22,1028,528864304,34
DEQ,669439685994858,22,1028,535815644,33
DEQ,669439693052533,22,1028,542871187,56
DEQ,669439700053837,22,1028,549870477,55
DEQ,669439707063304,22,1028,556877823,54
DEQ,669439714057582,22,1028,563870108,53
DEQ,669439721052991,22,1028,570863545,52
DEQ,669439728060550,22,1028,574075604,51
DEQ,669439735057827,22,1028,448952005,50
DEQ,669439742049654,22,1028,455921315,49
DEQ,669439749056669,22,1028,462925999,48
DEQ,669439756053819,22,1028,469919807,47
DEQ,669439763055864,22,1028,476919290,46
DEQ,669439770054608,22,1028,483915910,45
DEQ,669439777060069,22,1028,490919253,44
DEQ,669439784049501,22,1028,497906334,43
DEQ,669439791055892,22,1028,504910368,42
DEQ,669439798053063,22,1028,511905234,41
DEQ,669439805049221,22,1028,518898974,40
DEQ,669439812054620,22,1028,525901999,39
DEQ,669439819055920,22,1028,532901088,38
DEQ,669439826043273,22,1028,539886228,69
DEQ,669439833064821,22,1028,546905271,68
DEQ,669439840059071,22,1028,553897388,67
DEQ,669439847058073,22,1028,560894166,66
DEQ,669439854051254,22,1028,567885224,65
DEQ,669439860995162,22,1028,574826738,64
DEQ,669439868043618,22,1028,581872648,63
DEQ,669439875057413,22,1028,588884140,62
DEQ,669439882061948,22,1028,595886347,61
DEQ,669439889044392,22,1028,602866596,60
DEQ,669439896053937,22,1028,609873949,59
DEQ,669439903058669,22,1028,616876429,58
DEQ,669439910043097,22,1028,623858734,57
DEQ,669439917049715,22,1028,630862979,56
DEQ,669439924055688,22,1028,238049046,55
DEQ,669439931054322,22,1028,245039281,54
DEQ,669439938052405,22,1028,252035103,53
DEQ,669439945055962,22,1028,259036495,52
DEQ,669439952046461,22,1028,266024899,51
DEQ,669439959062713,22,1028,273038851,81
DEQ,669439966053145,22,1028,280027102,80
DEQ,669439973050296,22,1028,287022207,79
DEQ,669439980058203,22,1028,294028123,78
DEQ,669439987060231,22,1028,301028100,77
DEQ,669439994069271,22,1028,308035070,76
DEQ,669440001064310,22,1028,315027979,75
DEQ,669440008059608,22,1028,322021068,74
DEQ,669440015060002,22,1028,329019307,73
DEQ,669440022060613,22,1028,336017831,72
DEQ,669440029062341,22,1028,343017485,71
DEQ,669440036057132,22,1028,350010141,70
DEQ,669440043058608,22,1028,357009648,69
DEQ,669440050051379,22,1028,364000358,68
DEQ,669440057068802,22,1028,371015688,67
DEQ,669440064043804,22,1028,377988595,66
DEQ,669440071066545,22,1028,385009277,65
DEQ,669440078060420,22,1028,390869846,64
DEQ,669440085058115,22,1028,393669322,63
DEQ,669440092069098,22,1028,269965244,90
DEQ,669440099060229,22,1028,276937631,89
DEQ,669440106053000,22,1028,283928155,88
DEQ,669440113055050,22,1028,290928031,87
DEQ,669440120059277,22,1028,297929894,86
DEQ,669440127062119,22,1028,304930551,85
DEQ,669440134055881,22,1028,311922242,84
DEQ,669440141060482,22,1028,318924547,83
DEQ,669440148059359,22,1028,325921375,82
DEQ,669440155060345,22,1028,332920276,81
DEQ,669440162045951,22,1028,339903801,80
DEQ,669440169060533,22,1028,346916405,79
DEQ,669440176056835,22,1028,353910436,78
DEQ,669440183064465,22,1028,360916062,77
DEQ,669440189994956,22,1028,367844558,76
STATS,669440190018620,76,78128,3213,3137,0,0,0
DEQ,669440197058773,22,1028,374906222,75
DEQ,669440204061441,22,1028,381906470,74
DEQ,669440211058435,22,1028,388901062,73
DEQ,669440218059286,22,1028,395899771,72
DEQ,669440225056350,22,1028,402894757,72
DEQ,669440232058482,22,1028,409894805,71
DEQ,669440239046039,22,1028,416880131,70
DEQ,669440246057065,22,1028,423889178,69
DEQ,669440253050641,22,1028,430880557,68
DEQ,669440260055216,22,1028,437882874,67
DEQ,669440267060583,22,1028,444886187,66
DEQ,669440274056920,22,1028,451880558,65
DEQ,669440281060731,22,1028,458882245,64
DEQ,669440288055978,22,1028,465875234,63
DEQ,669440295045168,22,1028,472862443,62
DEQ,669440301997424,22,1028,479812527,61
DEQ,669440309052863,22,1028,483526157,60
DEQ,669440316063129,22,1028,357951650,59
DEQ,669440323068551,22,1028,364943970,58
DEQ,669440330055595,22,1028,371928704,57
DEQ,669440337056565,22,1028,378927485,56
DEQ,669440344059456,22,1028,385927935,55
DEQ,669440351056783,22,1028,392923031,54
DEQ,669440358000005,22,1028,399864040,53
DEQ,669440365060697,22,1028,406922309,52
DEQ,669440372059783,22,1028,413919169,51
DEQ,669440379056553,22,1028,420913846,50
DEQ,669440386054492,22,1028,427909599,49
DEQ,669440393057463,22,1028,434910407,48
DEQ,669440400054576,22,1028,441905339,47
DEQ,669440407066500,22,1028,448915008,46
DEQ,669440414056220,22,1028,455902486,45
DEQ,669440421055689,22,1028,462899705,44
DEQ,669440428061155,22,1028,469901411,43
DEQ,669440435062335,22,1028,476899127,42
DEQ,669440442054730,22,1028,483889406,41
DEQ,669440449059906,22,1028,490892438,40
DEQ,669440456060190,22,1028,497890585,39
DEQ,669440463037468,22,1028,504865698,38
DEQ,669440470057288,22,1028,511883189,37
DEQ,669440477056485,22,1028,518880320,36
DEQ,669440484071044,22,1028,525892723,35
DEQ,669440491054166,22,1028,532873793,34
DEQ,669440498053892,22,1028,539871396,57
DEQ,669440505052647,22,1028,546867895,56
DEQ,669440512054627,22,1028,553867819,55
DEQ,669440519059306,22,1028,560870451,54
DEQ,669440526065494,22,1028,567874552,53
DEQ,669440533060813,22,1028,446934989,52
DEQ,669440540047689,22,1028,453912312,51
DEQ,669440547043406,22,1028,460905411,50
DEQ,669440554051184,22,1028,467910854,49
DEQ,669440561055186,22,1028,474912610,48
DEQ,669440568042237,22,1028,481897189,47
DEQ,669440575045952,22,1028,488898672,46
DEQ,669440582057201,22,1028,495907687,45
DEQ,669440589057439,22,1028,502905780,44
DEQ,669440596056737,22,1028,509902924,43
DEQ,669440603062460,22,1028,516906449,42
DEQ,669440610059425,22,1028,523901135,41
DEQ,669440617070119,22,1028,530909610,40
DEQ,669440624054793,22,1028,537892055,39
DEQ,669440631043830,22,1028,544878876,70
DEQ,669440638054753,22,1028,551885973,69
DEQ,669440645060779,22,1028,558888935,68
DEQ,669440652053139,22,1028,565879226,67
DEQ,669440659057670,22,1028,572881755,66
DEQ,669440666056405,22,1028,579878210,65
DEQ,669440673051936,22,1028,586871715,64
DEQ,669440680056615,22,1028,593874158,63
DEQ,669440687060213,22,1028,600875724,62
DEQ,669440694044017,22,1028,607857561,61
DEQ,669440701063732,22,1028,614875250,60
DEQ,669440708065079,22,1028,621874597,59
DEQ,669440715043596,22,1028,628850976,58
DEQ,669440722057980,22,1028,635863359,57
DEQ,669440729061180,22,84,506931848,56
DEQ,669440736044084,22,1028,241931071,55
DEQ,669440743057741,22,1028,248925729,54
DEQ,669440750063902,22,1028,255929518,53
DEQ,669440757056111,22,1028,262919541,52
DEQ,669440764059146,22,1028,269920458,82
DEQ,669440771054479,22,1028,276913678,81
DEQ,669440778039028,22,1028,283896081,80
DEQ,669440785043617,22,1028,290898635,79
DEQ,669440792062349,22,1028,297915303,78
DEQ,669440799050289,22,1028,304901158,77
DEQ,669440806053344,22,1028,311902133,76
DEQ,669440813052071,22,1028,318898774,75
DEQ,669440820043265,22,1028,325887901,74
DEQ,669440827055432,22,1028,332897956,73
DEQ,669440834071281,22,1028,339911511,72
DEQ,669440841063405,22,1028,346901562,71
DEQ,669440848069888,22,1028,353905679,70
DEQ,669440855062263,22,1028,360895896,69
DEQ,669440862052950,22,1028,367884448,68
DEQ,669440869057553,22,1028,374886971,67
DEQ,669440876057721,22,1028,381884788,66
DEQ,669440883057115,22,1028,388882111,65
DEQ,669440890060788,22,1028,395883596,64
DEQ,669440897057134,22,1028,400520973,89
DEQ,669440904060996,22,1028,273954628,88
DEQ,669440911057158,22,1028,280936529,87
DEQ,669440917995995,22,1028,287873227,86
DEQ,669440925056353,22,1028,294931388,85
DEQ,669440932047612,22,1028,301920533,84
DEQ,669440939056345,22,1028,308927171,83
DEQ,669440946049248,22,1028,315917955,82
DEQ,669440953057249,22,1028,322923893,81
DEQ,669440960055187,22,1028,329919524,80
DEQ,669440967060614,22,1028,336922829,79
DEQ,669440974057746,22,1028,343917799,78
DEQ,669440981056358,22,1028,350914364,77
DEQ,669440988062572,22,1028,357918596,76
DEQ,669440995054650,22,1028,364908523,75
DEQ,669441002059676,22,1028,371911462,74
DEQ,669441009063288,22,1028,378912834,73
DEQ,669441016051239,22,1028,385898580,72
DEQ,669441023062288,22,1028,392907361,71
DEQ,669441029998171,22,1028,399841165,70
DEQ,669441037061446,22,1028,406902337,69
DEQ,669441044054574,22,1028,413893346,68
DEQ,669441051055737,22,1028,420892537,67
DEQ,669441058054429,22,1028,427889127,66
DEQ,669441065051217,22,1028,434883913,65
DEQ,669441072055243,22,1028,441885878,64
DEQ,669441079058991,22,1028,448887419,63
DEQ,669441086054099,22,1028,455880488,62
DEQ,669441093067036,22,1028,462891341,61
DEQ,669441100062536,22,1028,469884597,60
DEQ,669441107071277,22,1028,476891230,59
DEQ,669441114058422,22,1028,483876283,58
DEQ,669441121055595,22,1028,490399461,57
DEQ,669441128058830,22,1028,369952182,56
DEQ,669441135055709,22,1028,376928551,55
DEQ,669441142057091,22,1028,383927733,54
DEQ,669441149050331,22,1028,390918870,53
DEQ,669441156058686,22,1028,397925014,52
DEQ,669441163056574,22,1028,404920799,51
DEQ,669441170054545,22,1028,411916691,50
DEQ,669441177058351,22,1028,418918361,49
DEQ,669441184060400,22,1028,425918405,48
DEQ,669441191057455,22,1028,432913359,47
STATS,669441191077851,47,48316,3327,3280,0,0,0
DEQ,669441198053140,22,1028,439906805,46
DEQ,669441205061722,22,1028,446913314,45
DEQ,669441212060295,22,1028,453909766,44
DEQ,669441219066179,22,1028,460913562,43
DEQ,669441226057682,22,1028,467902905,42
DEQ,669441233069345,22,1028,474912484,41
DEQ,669441240034541,22,1028,481875599,40
DEQ,669441247073057,22,1028,488912126,39
DEQ,669441254071256,22,1028,495908269,38
DEQ,669441261079462,22,1028,502914490,37
DEQ,669441268059387,22,1028,509892347,36
DEQ,669441275064809,22,1028,516895695,35
DEQ,669441281931429,22,1028,523760096,34
DEQ,669441289064105,22,1028,530890730,33
DEQ,669441296060438,22,1028,537884874,32
DEQ,669441303055950,22,1028,544878264,58
DEQ,669441310059621,22,1028,551879828,57
DEQ,669441317060458,22,1028,558878674,56
DEQ,669441324045196,22,1028,565861206,55
DEQ,669441331065717,22,1028,572879588,54
DEQ,669441338057386,22,1028,577473690,53
DEQ,669441345065879,22,1028,450947703,52
DEQ,669441352060300,22,1028,457934011,51
DEQ,669441359055402,22,1028,464926890,50
DEQ,669441366050718,22,1028,471920129,49
DEQ,669441373073171,22,1028,478940518,48
DEQ,669441380053434,22,1028,485918693,47
DEQ,669441387050690,22,1028,492913834,46
DEQ,669441394059430,22,1028,499920498,45
DEQ,669441401063611,22,1028,506922622,44
DEQ,669441408058079,22,1028,513915017,43
DEQ,669441415053617,22,1028,520908466,42
DEQ,669441421993329,22,1028,527846122,41
DEQ,669441429052860,22,1028,534903600,40
DEQ,669441436058956,22,1028,541907371,70
DEQ,669441443056084,22,1028,548902421,69
DEQ,669441450048069,22,1028,555892308,68
DEQ,669441457057793,22,1028,562899968,67
DEQ,669441464057399,22,1028,569897498,66
DEQ,669441471052806,22,1028,576890857,65
DEQ,669441478057443,22,1028,583893439,64
DEQ,669441485062055,22,1028,590895816,63
DEQ,669441492044115,22,1028,597875762,62
DEQ,669441499056959,22,1028,604886595,61
DEQ,669441506055863,22,1028,611883390,60
DEQ,669441513064896,22,1028,618890283,59
DEQ,669441520078207,22,1028,625901427,58
DEQ,669441527062145,22,1028,224952585,57
DEQ,669441534055756,22,1028,231923609,56
DEQ,669441541058549,22,1028,238924043,55
DEQ,669441548056045,22,84,245919239,54
DEQ,669441555046871,22,1028,252907353,53
DEQ,669441562052733,22,1028,259911035,52
DEQ,669441569060091,22,1028,266916250,83
DEQ,669441576053154,22,1028,273906818,82
DEQ,669441583060428,22,1028,280911904,81
DEQ,669441590054109,22,1028,287903292,80
DEQ,669441597044950,22,1028,294891818,79
DEQ,669441604058749,22,1028,301903430,78
DEQ,669441611062392,22,1028,308904840,77
DEQ,669441618047101,22,1028,315887333,76
DEQ,669441625061945,22,1028,322899939,75
DEQ,669441632055805,22,1028,329891541,74
DEQ,669441639048379,22,1028,336881950,73
DEQ,669441646056122,22,1028,343887567,72
DEQ,669441653062052,22,1028,350891143,71
DEQ,669441660055368,22,1028,357882054,70
DEQ,669441667052061,22,1028,364876083,69
DEQ,669441674061764,22,1028,371883631,68
DEQ,669441681062160,22,1028,378881801,67
DEQ,669441688048400,22,1028,385865915,66
DEQ,669441695053720,22,1028,392869118,65
DEQ,669441702054224,22,1028,399867268,64
DEQ,669441709062343,22,1028,406288799,87
DEQ,669441716063381,22,1028,285942304,86
DEQ,669441723056360,22,1028,292926756,85
DEQ,669441730061723,22,1028,299929927,84
DEQ,669441737062246,22,1028,306928377,83
DEQ,669441744056133,22,1028,313919833,82
DEQ,669441751053603,22,1028,320915116,81
DEQ,669441758057019,22,1028,327916351,80
DEQ,669441765058103,22,1028,334915426,79
DEQ,669441772066020,22,1028,341921332,78
DEQ,669441779062339,22,1028,348915632,77
DEQ,669441786061866,22,1028,355912950,76
DEQ,669441793065103,22,1028,362913821,75
DEQ,669441800061198,22,1028,369907894,74
DEQ,669441807064698,22,1028,376909323,73
DEQ,669441814057467,22,1028,383900089,72
DEQ,669441821061010,22,1028,390901522,71
DEQ,669441828060904,22,1028,397899281,70
DEQ,669441835073569,22,1028,404909932,69
DEQ,669441842069860,22,1028,411904190,68
DEQ,669441849060346,22,1028,418892611,67
DEQ,669441856062250,22,1028,425892346,66
DEQ,669441863056193,22,1028,432884298,65
DEQ,669441869997738,22,1028,439823878,64
DEQ,669441877063671,22,1028,446887795,63
DEQ,669441884061443,22,1028,453883591,62
DEQ,669441891061315,22,1028,460881337,61
DEQ,669441898059145,22,1028,467877206,60
DEQ,669441905070970,22,1028,474887061,59
DEQ,669441912066699,22,1028,481880814,58
DEQ,669441919064609,22,1028,488876707,57
DEQ,669441926061783,22,1028,493386885,56
DEQ,669441933060150,22,1028,366941676,55
DEQ,669441940060378,22,1028,373933016,54
DEQ,669441947062507,22,1028,380932981,53
DEQ,669441954056206,22,1028,387924573,52
DEQ,669441961059159,22,1028,394925421,51
DEQ,669441968060387,22,1028,401924523,50
DEQ,669441975047978,22,1028,408910025,49
DEQ,669441982055438,22,1028,415915356,48
DEQ,669441989059260,22,1028,422917094,47
DEQ,669441996059038,22,1028,429914474,46
DEQ,669442003058329,22,1028,436911763,45
DEQ,669442010051751,22,1028,443903115,44
DEQ,669442017058505,22,1028,450907713,43
DEQ,669442024063883,22,1028,457910869,42
DEQ,669442031059234,22,1028,464904235,41
DEQ,669442038054793,22,1028,471897687,40
DEQ,669442045064773,22,1028,478905537,39
DEQ,669442052063779,22,1028,485902381,38
DEQ,669442059055121,22,1028,492891730,37
DEQ,669442066057365,22,1028,499891958,36
DEQ,669442073066804,22,1028,506899385,35
DEQ,669442080048888,22,1028,513879403,34
DEQ,669442086998611,22,1028,520826542,33
DEQ,669442094059629,22,1028,527885533,32
DEQ,669442101055134,22,1028,534878823,31
DEQ,669442108054008,22,1028,541875640,57
DEQ,669442115062778,22,1028,548882261,56
DEQ,669442122046476,22,1028,555863979,55
DEQ,669442129062656,22,1028,562878155,54
DEQ,669442136058884,22,1028,569872394,53
DEQ,669442143064415,22,1028,576875931,52
DEQ,669442150058237,22,1028,583232267,51
DEQ,669442157051155,22,1028,454895287,50
DEQ,669442164052766,22,1028,461888303,49
DEQ,669442171063989,22,1028,468896186,48
DEQ,669442178058364,22,1028,475888179,47
DEQ,669442185064468,22,1028,482892192,46
DEQ,669442192061883,22,1028,489887606,45
STATS,669442192196245,45,46260,3468,3423,0,0,0
DEQ,669442199059308,22,1028,496882960,44
DEQ,669442206041564,22,1028,503863124,43
DEQ,669442213058613,22,1028,510878137,42
DEQ,669442220053448,22,1028,517870960,41
DEQ,669442227049465,22,1028,524864788,40
DEQ,669442234059026,22,1028,531872235,39
DEQ,669442241058661,22,1028,538869816,70
DEQ,669442248044103,22,1028,545853111,69
DEQ,669442255063703,22,1028,552870576,68
DEQ,669442262058198,22,1028,559863017,67
DEQ,669442269044959,22,1028,566847700,66
DEQ,669442276055709,22,1028,573856263,65
DEQ,669442283058627,22,1028,580857047,64
DEQ,669442290047093,22,1028,587843457,63
DEQ,669442297065198,22,1028,594859300,62
DEQ,669442304062941,22,1028,601854643,61
DEQ,669442311056335,22,1028,608845370,60
DEQ,669442318061664,22,1028,615848586,59
DEQ,669442325060857,22,1028,222939954,58
DEQ,669442332048607,22,1028,229919177,57
DEQ,669442339065318,22,1028,236933753,56
DEQ,669442346072917,22,1028,243939254,55
DEQ,669442353057445,22,1028,250921692,54
DEQ,669442360060539,22,1028,257922772,53
DEQ,669442367068038,22,1028,264928274,52
DEQ,669442374065891,22,1028,271924058,51
DEQ,669442381060843,22,1028,278917019,83
DEQ,669442388042996,22,1028,285897110,82
DEQ,669442395046765,22,1028,292898415,81
DEQ,669442402056052,22,1028,299905597,80
DEQ,669442409051389,22,1028,306898861,79
DEQ,669442416061789,22,1028,313907268,78
DEQ,669442423048528,22,1028,320891887,77
DEQ,669442430060144,22,1028,327901273,76
DEQ,669442437057651,22,1028,334896545,75
DEQ,669442444049373,22,1028,341886278,74
DEQ,669442451062942,22,1028,348897795,73
DEQ,669442458053352,22,1028,355885208,72
DEQ,669442465066365,22,1028,362896134,71
DEQ,669442472063424,22,1028,369891213,70
DEQ,669442479058894,22,1028,376884703,69
DEQ,669442486056962,22,1028,383880807,68
DEQ,669442493072859,22,1028,390894703,67
DEQ,669442500049386,22,1028,397869242,66
DEQ,669442507053090,22,1028,402238359,65
DEQ,669442514062759,22,1028,275939799,87
DEQ,669442521064811,22,1028,282933586,86
DEQ,669442528056962,22,1028,289923640,85
DEQ,669442535062316,22,1028,296926947,84
DEQ,669442542056972,22,1028,303919427,83
DEQ,669442549063073,22,1028,310923522,82
DEQ,669442556058624,22,1028,317917078,81
DEQ,669442563059852,22,1028,324916286,80
DEQ,669442570057655,22,1028,331911990,79
DEQ,669442577054074,22,1028,338906337,78
DEQ,669442584060312,22,1028,345910556,77
DEQ,669442591064843,22,1028,352913092,76
DEQ,669442598058558,22,1028,359904825,75
DEQ,669442605063190,22,1028,366907467,74
DEQ,669442612064633,22,1028,373906382,73
DEQ,669442619061120,22,1028,380900871,72
DEQ,669442626064755,22,1028,387902436,71
DEQ,669442633065365,22,1028,394901009,70
DEQ,669442640051161,22,1028,401884791,69
DEQ,669442647047807,22,1028,408879328,68
DEQ,669442654060348,22,1028,415889857,67
DEQ,669442661063073,22,1028,422890500,66
DEQ,669442668056264,22,1028,429881622,65
DEQ,669442675064128,22,1028,436887528,64
DEQ,669442682040789,22,1028,443861879,63
DEQ,669442689040785,22,1028,450859743,62
DEQ,669442696058719,22,1028,457875604,61
DEQ,669442703063279,22,1028,464878125,60
DEQ,669442710062933,22,1028,471875617,59
DEQ,669442717066703,22,1028,478877119,58
DEQ,669442724057924,22,1028,485866258,57
DEQ,669442731060050,22,1028,492187033,56
DEQ,669442738058023,22,1028,363895851,55
DEQ,669442745063338,22,1028,370892806,54
DEQ,669442752071109,22,1028,377898427,53
DEQ,669442759067757,22,1028,384891802,52
DEQ,669442766059552,22,1028,391881487,51
DEQ,669442773058389,22,1028,398878098,50
DEQ,669442780063467,22,1028,405881146,49
DEQ,669442787062025,22,1028,412877664,48
DEQ,669442794053739,22,1028,419867387,47
DEQ,669442801061697,22,1028,426873331,46
DEQ,669442808049678,22,1028,433858990,45
DEQ,669442815062577,22,1028,440869857,44
DEQ,669442822062183,22,1028,447867434,43
DEQ,669442829050111,22,1028,454853289,42
DEQ,669442836057188,22,1028,461858307,41
DEQ,669442843049223,22,1028,468848254,40
DEQ,669442850063118,22,1028,475860142,39
DEQ,669442857063604,22,1028,482858573,38
DEQ,669442864038751,22,1028,489831581,37
DEQ,669442871059451,22,1028,496850131,36
DEQ,669442878059890,22,1028,503848576,35
DEQ,669442885038525,22,1028,510825201,34
DEQ,669442892062286,22,1028,517846893,33
DEQ,669442899065211,22,1028,524847729,32
DEQ,669442906059818,22,1028,531840006,31
DEQ,669442913053558,22,1028,538831775,57
DEQ,669442920075492,22,1028,545851655,56
DEQ,669442927093298,22,1028,552867466,55
DEQ,669442934002646,22,1028,559774868,54
DEQ,669442941066693,22,1028,566836957,53
DEQ,669442948046134,22,1028,573814189,52
DEQ,669442955057369,22,1028,580823302,51
DEQ,669442962057475,22,1028,584897176,50
DEQ,669442969057780,22,1028,458932392,49
DEQ,669442976055798,22,1028,465921778,48
DEQ,669442983057863,22,1028,472921456,47
DEQ,669442990046493,22,1028,479907810,46
DEQ,669442997064605,22,1028,486923870,45
DEQ,669443004057510,22,1028,493914291,44
DEQ,669443011047841,22,1028,500902451,43
DEQ,669443018058333,22,1028,507910741,42
DEQ,669443025063629,22,1028,514913997,41
DEQ,669443032030930,22,1028,521879204,40
DEQ,669443039068793,22,1028,528915078,39
DEQ,669443046059154,22,1028,535903288,38
DEQ,669443053052489,22,1028,542894495,71
DEQ,669443060065369,22,1028,549905030,70
DEQ,669443067045958,22,1028,556883541,69
DEQ,669443074046608,22,1028,563881996,68
DEQ,669443081065721,22,1028,570899078,67
DEQ,669443088060867,22,1028,577892132,66
DEQ,669443095040949,22,1028,584870217,65
DEQ,669443102057485,22,1028,591884784,64
DEQ,669443109059633,22,1028,598884931,63
DEQ,669443116061470,22,1028,605884568,62
DEQ,669443123063824,22,1028,612884816,61
DEQ,669443130049230,22,1028,219889922,60
DEQ,669443137055152,22,1028,226887463,59
DEQ,669443144062601,22,1028,233892803,58
DEQ,669443151064688,22,1028,240892775,57
DEQ,669443157992274,22,1028,247817957,56
DEQ,669443165053885,22,1028,254877461,55
DEQ,669443172059478,22,1028,261880828,54
DEQ,669443178994631,22,1028,268813049,53
DEQ,669443186061366,22,1028,275877756,83
DEQ,669443193066380,22,1028,282880752,82
STATS,669443193203447,82,84296,3648,3566,0,0,0
DEQ,669443200058146,22,1028,289870435,81
DEQ,669443207067682,22,1028,296877725,80
DEQ,669443214061119,22,1028,303869017,79
DEQ,669443221066462,22,1028,310872368,78
DEQ,669443228054758,22,1028,317858671,77
DEQ,669443235061407,22,1028,324863148,76
DEQ,669443242063409,22,1028,331862982,75
DEQ,669443249054785,22,1028,338852300,74
DEQ,669443256062802,22,1028,345858260,73
DEQ,669443263061387,22,1028,352854785,72
DEQ,669443270061044,22,1028,359852363,71
DEQ,669443277057356,22,1028,366846635,70
DEQ,669443284057684,22,1028,373844979,69
DEQ,669443291058192,22,1028,380843433,68
DEQ,669443298059591,22,1028,387842795,67
DEQ,669443305059797,22,1028,394840998,66
DEQ,669443312057810,22,1028,401836436,65
DEQ,669443319058690,22,1028,272901369,88
DEQ,669443326056173,22,1028,279890396,87
DEQ,669443333058217,22,1028,286890217,86
DEQ,669443340060340,22,1028,293890284,85
DEQ,669443347066278,22,1028,300894229,84
DEQ,669443354054235,22,1028,307880187,83
DEQ,669443361073135,22,1028,314897069,82
DEQ,669443368062049,22,1028,321883979,81
DEQ,669443375056931,22,1028,328876828,80
DEQ,669443382068335,22,1028,335886241,79
DEQ,669443389038230,22,1028,342854128,78
DEQ,669443396061944,22,1028,349875789,77
DEQ,669443403062016,22,1028,356872727,76
DEQ,669443410057589,22,1028,363866206,75
DEQ,669443417066032,22,1028,370872645,74
DEQ,669443424064188,22,1028,377868735,73
DEQ,669443431065583,22,1028,384868121,72
DEQ,669443438063528,22,1028,391864071,71
DEQ,669443445065818,22,1028,398864353,70
DEQ,669443452065238,22,1028,405861758,69
DEQ,669443459056674,22,1028,412850566,68
DEQ,669443466063840,22,1028,419855739,67
DEQ,669443473067512,22,1028,426857342,66
DEQ,669443480057880,22,1028,433845723,65
DEQ,669443487065017,22,1028,440850874,64
DEQ,669443494050520,22,1028,447834380,63
DEQ,669443501059165,22,1028,454840942,62
DEQ,669443508050416,22,1028,461830166,61
DEQ,669443515056682,22,1028,468834431,60
DEQ,669443522048038,22,1028,475823751,59
DEQ,669443529047904,22,1028,482821562,58
DEQ,669443536071830,22,1028,489843476,57
DEQ,669443543063775,22,1028,494737628,56
DEQ,669443550059568,22,1028,497533084,55
DEQ,669443557069772,22,1028,374941244,54
DEQ,669443564072700,22,1028,381935557,53
DEQ,669443571065834,22,1028,388926499,52
DEQ,669443578060710,22,1028,395919326,51
DEQ,669443585050967,22,1028,402907545,50
DEQ,669443592059793,22,1028,409914205,49
DEQ,669443599060264,22,1028,416912600,48
DEQ,669443606063997,22,1028,423914325,47
DEQ,669443613064317,22,1028,430912651,46
DEQ,669443620056411,22,1028,437901686,45
DEQ,669443627060248,22,1028,444903514,44
DEQ,669443634055700,22,1028,451896909,43
DEQ,669443641058571,22,1028,458897411,42
DEQ,669443648059933,22,1028,465896756,41
DEQ,669443655063628,22,1028,472898475,40
DEQ,669443662056446,22,1028,479889216,39
DEQ,669443669059518,22,1028,486890302,38
DEQ,669443676060678,22,1028,493889391,37
DEQ,669443683059488,22,1028,500886141,36
DEQ,669443690000162,22,1028,507824724,35
DEQ,669443697058592,22,1028,514881099,34
DEQ,669443704074431,22,1028,521894814,33
DEQ,669443711047295,22,1028,528865540,32
DEQ,669443718050826,22,1028,535867087,31
DEQ,669443725064363,22,1028,542878577,59
DEQ,669443732083249,22,1028,549895399,58
DEQ,669443739060360,22,1028,556870446,57
DEQ,669443746060745,22,1028,563868785,56
DEQ,669443753050252,22,1028,570856163,55
DEQ,669443760060812,22,1028,577864695,54
DEQ,669443767062247,22,1028,584837397,53
DEQ,669443774044152,22,1028,455918232,52
DEQ,669443781057070,22,1028,462922594,51
DEQ,669443788057391,22,1028,469920623,50
DEQ,669443795050681,22,84,476911901,49
DEQ,669443802064137,22,1028,483922673,48
DEQ,669443809058692,22,1028,490915126,47
DEQ,669443816054924,22,1028,497909269,46
DEQ,669443823058559,22,1028,504910530,45
DEQ,669443830059419,22,1028,511909401,44
DEQ,669443837059820,22,1028,518907713,43
DEQ,669443844059927,22,1028,525905635,42
DEQ,669443851064633,22,1028,532908186,41
DEQ,669443858060078,22,1028,539901493,72
DEQ,669443865064595,22,1028,546903805,71
DEQ,669443872064360,22,1028,553901481,70
DEQ,669443878995929,22,1028,560830979,69
DEQ,669443886050920,22,1028,567883807,68
DEQ,669443893059730,22,1028,574890581,67
DEQ,669443900042456,22,1028,581871281,66
DEQ,669443907060565,22,1028,588887344,65
DEQ,669443914058422,22,1028,595883214,64
DEQ,669443921058833,22,1028,602881187,63
DEQ,669443928062602,22,1028,609882935,62
DEQ,669443935063551,22,1028,616881879,61
DEQ,669443942060192,22,1028,223907263,60
DEQ,669443949068117,22,1028,230906662,59
DEQ,669443956055995,22,1028,237892346,58
DEQ,669443963055370,22,1028,244889619,57
DEQ,669443970065582,22,1028,251897653,56
DEQ,669443977078607,22,1028,258908555,55
DEQ,669443984058975,22,1028,265886903,54
DEQ,669443990994449,22,1028,272820291,84
DEQ,669443998072818,22,1028,279896535,83
DEQ,669444005049246,22,1028,286870959,82
DEQ,669444012063764,22,1028,293883470,81
DEQ,669444019067078,22,1028,300884793,80
DEQ,669444026067097,22,1028,307882826,79
DEQ,669444033072754,22,1028,314886045,78
DEQ,669444040063347,22,1028,321874607,77
DEQ,669444047050698,22,1028,328859980,76
DEQ,669444054064603,22,1028,335871895,75
DEQ,669444061035208,22,1028,342840273,74
DEQ,669444068049319,22,1028,349852087,73
DEQ,669444075057958,22,1028,356858635,72
DEQ,669444082050290,22,1028,363849007,71
DEQ,669444089060734,22,1028,370857470,70
DEQ,669444096062808,22,1028,377857569,69
DEQ,669444103060611,22,1028,384853464,68
DEQ,669444110057709,22,1028,391848438,67
DEQ,669444117059939,22,1028,398848577,66
DEQ,669444124057876,22,1028,405844438,86
DEQ,669444131056020,22,1028,411741224,85
DEQ,669444138066191,22,1028,414550153,84
DEQ,669444145064956,22,1028,290943166,83
DEQ,669444152060486,22,1028,297929661,82
DEQ,669444159060590,22,1028,304927533,81
DEQ,669444166057827,22,1028,311922709,80
DEQ,669444173058437,22,1028,318921318,79
DEQ,669444179999618,22,1028,325860255,78
DEQ,669444187075582,22,1028,332934130,77
DEQ,669444194059598,22,1028,339916086,76
STATS,669444194194859,76,78128,3785,3709,0,0,0
DEQ,669444201059089,22,1028,346913380,75
DEQ,669444208063569,22,1028,353915811,74
DEQ,669444215059172,22,1028,360909393,73
DEQ,669444222060405,22,1028,367908486,72
DEQ,669444229059157,22,1028,374905157,71
DEQ,669444236064707,22,1028,381908680,70
DEQ,669444243069045,22,1028,388911016,69
DEQ,669444250060498,22,1028,395900438,68
DEQ,669444257059134,22,1028,402896948,67
DEQ,669444264060443,22,1028,409896294,66
DEQ,669444271070065,22,1028,416903824,65
DEQ,669444278062176,22,1028,423893945,64
DEQ,669444285056697,22,1028,430886318,63
DEQ,669444292018033,22,1028,437845661,62
DEQ,669444299060949,22,1028,444886578,61
DEQ,669444306064743,22,1028,451888232,60
DEQ,669444313065155,22,1028,458886648,59
DEQ,669444320068645,22,1028,465888165,58
DEQ,669444327058114,22,1028,472875629,57
DEQ,669444334059280,22,1028,479874786,56
DEQ,669444341066990,22,1028,486880369,55
DEQ,669444348060465,22,1028,493871702,54
DEQ,669444355065221,22,1028,500874337,53
DEQ,669444362064811,22,1028,504403316,52
DEQ,669444369067571,22,1028,378946260,51
DEQ,669444376058924,22,1028,385929231,50
DEQ,669444383061816,22,1028,392930015,49
DEQ,669444390048574,22,1028,399914682,48
DEQ,669444397060360,22,1028,406924461,48
DEQ,669444404062372,22,1028,413924373,47
DEQ,669444411059465,22,1028,420918350,46
DEQ,669444418057352,22,1028,427914005,45
DEQ,669444425065179,22,1028,434919733,44
DEQ,669444432068354,22,1028,441920882,43
DEQ,669444439063559,22,1028,448914005,42
DEQ,669444446053494,22,1028,455901911,41
DEQ,669444453060243,22,1028,462906645,40
DEQ,669444460046492,22,1028,469890894,39
DEQ,669444467042587,22,1028,476884999,38
DEQ,669444474059813,22,1028,483900124,37
DEQ,669444481066200,22,1028,490903633,36
DEQ,669444488059073,22,1028,497893758,35
DEQ,669444495067762,22,1028,504899772,34
DEQ,669444501999727,22,1028,511829037,33
DEQ,669444509004359,22,1028,518831204,32
DEQ,669444516058777,22,1028,525883047,31
DEQ,669444523061163,22,1028,532882591,30
DEQ,669444530060817,22,1028,539879566,60
DEQ,669444537059588,22,1028,546875747,59
DEQ,669444544059081,22,1028,553872655,58
DEQ,669444551063634,22,1028,560874446,57
DEQ,669444558059080,22,1028,567867248,56
DEQ,669444565072977,22,1028,574878807,55
DEQ,669444572059654,22,1028,581862870,54
DEQ,669444579059445,22,1028,588859935,53
DEQ,669444586059293,22,1028,467936864,52
DEQ,669444593051312,22,1028,474920267,51
DEQ,669444600059300,22,1028,481926156,50
DEQ,669444607049848,22,1028,488914537,49
DEQ,669444614047579,22,1028,495910256,48
DEQ,669444621059730,22,1028,502920317,47
DEQ,669444628064328,22,1028,509922880,46
DEQ,669444635050448,22,1028,516906459,45
DEQ,669444642065078,22,1028,523918969,44
DEQ,669444649056346,22,1028,530908150,43
DEQ,669444656047570,22,1028,537897383,42
DEQ,669444663051078,22,1028,544898698,72
DEQ,669444670057683,22,1028,551901966,71
DEQ,669444677052148,22,1028,558894300,70
DEQ,669444684080669,22,1028,565920792,69
DEQ,669444691070013,22,1028,572908049,68
DEQ,669444698054789,22,1028,579890826,67
DEQ,669444705067250,22,1028,586901301,66
DEQ,669444712061654,22,1028,593893646,65
DEQ,669444719061389,22,1028,600891402,64
DEQ,669444726060943,22,1028,607888891,63
DEQ,669444733065404,22,84,342933395,62
DEQ,669444740051857,22,1028,213948185,61
DEQ,669444747055570,22,1028,220926656,60
DEQ,669444754060271,22,1028,227929267,59
DEQ,669444761065572,22,1028,234932524,58
DEQ,669444768061028,22,1028,241925883,57
DEQ,669444775062214,22,1028,248924979,56
DEQ,669444781935298,22,1028,255796055,55
DEQ,669444788995213,22,1028,262853878,54
DEQ,669444796048062,22,1028,269904744,85
DEQ,669444803049039,22,1028,276903534,84
DEQ,669444810052762,22,1028,283905247,83
DEQ,669444817067185,22,1028,290917190,82
DEQ,669444824060535,22,1028,297908428,81
DEQ,669444831066158,22,1028,304912069,80
DEQ,669444838060919,22,1028,311904796,79
DEQ,669444845055871,22,1028,318897605,78
DEQ,669444852056952,22,1028,325896512,77
DEQ,669444859065708,22,1028,332903127,76
DEQ,669444866049914,22,1028,339885256,75
DEQ,669444873066065,22,1028,346899398,74
DEQ,669444880064765,22,1028,353896038,73
DEQ,669444887051866,22,1028,360881166,72
DEQ,669444894052585,22,1028,367879898,71
DEQ,669444901055813,22,1028,374881053,70
DEQ,669444908066133,22,1028,381889304,69
DEQ,669444915061657,22,1028,388882830,68
DEQ,669444922062149,22,1028,395881229,67
DEQ,669444929061618,22,1028,402878637,85
DEQ,669444936061280,22,1028,409876214,84
DEQ,669444943060299,22,1028,416873249,83
DEQ,669444950002072,22,1028,420184331,82
DEQ,669444957073967,22,1028,294946360,81
DEQ,669444964060748,22,1028,301924459,80
DEQ,669444971065922,22,1028,308927488,79
DEQ,669444978059522,22,1028,315918869,78
DEQ,669444985066606,22,1028,322923908,77
DEQ,669444992063264,22,1028,329918455,76
DEQ,669444999060056,22,1028,336913182,75
DEQ,669445006062116,22,1028,343912910,74
DEQ,669445013059091,22,1028,350907889,73
DEQ,669445020052217,22,1028,357899033,72
DEQ,669445027060142,22,1028,364904957,71
DEQ,669445034065457,22,1028,371908241,70
DEQ,669445041065857,22,1028,378906503,69
DEQ,669445048063201,22,1028,385901611,68
DEQ,669445055061811,22,1028,392898218,67
DEQ,669445061958600,22,1028,399792960,66
DEQ,669445069066509,22,1028,406898727,65
DEQ,669445075999677,22,1028,413829912,64
DEQ,669445082936525,22,1028,420764732,63
DEQ,669445090054788,22,1028,427880739,62
DEQ,669445097051583,22,1028,434875245,61
DEQ,669445104092351,22,1028,441913887,60
DEQ,669445110935986,22,1028,448755504,59
DEQ,669445118027246,22,1028,455844651,58
DEQ,669445124994046,22,1028,462809424,57
DEQ,669445132066910,22,1028,469880296,56
DEQ,669445139048891,22,1028,476860073,55
DEQ,669445146056600,22,1028,483865754,54
DEQ,669445153061887,22,1028,490868879,53
DEQ,669445160063895,22,1028,497868821,52
DEQ,669445167061983,22,1028,504864881,51
DEQ,669445174052370,22,1028,383940711,50
DEQ,669445181066007,22,1028,390935491,49
DEQ,669445188059080,22,1028,397926188,48
DEQ,669445195065955,22,1028,404931003,47
STATS,669445195192719,47,48316,3899,3852,0,0,0
DEQ,669445202059807,22,1028,411922847,46
DEQ,669445209060084,22,1028,418921008,45
DEQ,669445216063154,22,1028,425922098,44
DEQ,669445223040896,22,1028,432897782,43
DEQ,669445230058387,22,1028,439913265,42
DEQ,669445237066043,22,1028,446918923,41
DEQ,669445244067412,22,1028,453918123,40
DEQ,669445251059115,22,1028,460907508,39
DEQ,669445258061398,22,1028,467906731,38
DEQ,669445265086233,22,1028,474929562,37
DEQ,669445272064799,22,1028,481906109,36
DEQ,669445279058037,22,1028,488897203,35
DEQ,669445285996011,22,1028,495832898,34
DEQ,669445293068064,22,1028,502902896,33
DEQ,669445300056344,22,1028,509888622,32
DEQ,669445307061336,22,1028,516891522,31
DEQ,669445314058875,22,1028,523887082,30
DEQ,669445321065874,22,1028,530891986,29
DEQ,669445328060141,22,1028,537884238,28
DEQ,669445335062245,22,1028,544884298,60
DEQ,669445342059584,22,1028,551879647,59
DEQ,669445349059757,22,1028,558877807,58
DEQ,669445356066908,22,1028,565882875,57
DEQ,669445362993162,22,1028,572807137,56
DEQ,669445369995239,22,1028,579807245,55
DEQ,669445377074357,22,1028,586884369,54
DEQ,669445384060505,22,1028,593868525,53
DEQ,669445391065526,22,1028,597195987,52
DEQ,669445398060316,22,1028,471941832,51
DEQ,669445405068825,22,1028,478941924,50
DEQ,669445412054949,22,1028,485924774,49
DEQ,669445419059114,22,1028,492926907,48
DEQ,669445426052119,22,1028,499917809,47
DEQ,669445433050585,22,1028,506914206,46
DEQ,669445440065096,22,1028,513926745,45
DEQ,669445447065867,22,1028,520925512,44
DEQ,669445454052633,22,1028,527910259,43
DEQ,669445461061700,22,1028,534917030,42
DEQ,669445468060413,22,1028,541913747,73
DEQ,669445475052190,22,1028,548903518,72
DEQ,669445482053803,22,1028,555903113,71
DEQ,669445489066606,22,1028,562913924,70
DEQ,669445496048492,22,1028,569893743,69
DEQ,669445503060665,22,1028,576903831,68
DEQ,669445510060461,22,1028,583901465,67
DEQ,669445517042156,22,1028,590881019,66
DEQ,669445524074477,22,1028,597911329,65
DEQ,669445531069147,22,1028,196931981,64
DEQ,669445538062735,22,1028,203915309,63
DEQ,669445545057199,22,1028,210907042,62
DEQ,669445552066263,22,1028,217913743,61
DEQ,669445559069727,22,1028,224914767,60
DEQ,669445566063100,22,1028,231905886,59
DEQ,669445573063039,22,1028,238903666,58
DEQ,669445580060249,22,1028,245898715,57
DEQ,669445587070951,22,1028,252907255,56
DEQ,669445593999874,22,1028,259833828,55
DEQ,669445601059996,22,1028,266891761,86
DEQ,669445608063094,22,1028,273892804,85
DEQ,669445615066840,22,1028,280894476,84
DEQ,669445622065043,22,1028,287890562,83
DEQ,669445629067936,22,1028,294891253,82
DEQ,669445636062463,22,1028,301883692,81
DEQ,669445643064841,22,1028,308883705,80
DEQ,669445650068507,22,1028,315885126,79
DEQ,669445657066624,22,1028,322881105,78
DEQ,669445664064602,22,1028,329876461,77
DEQ,669445671062502,22,1028,336872261,76
DEQ,669445678003025,22,1028,343810651,75
DEQ,669445685060953,22,1028,350866385,74
DEQ,669445692062010,22,1028,357865227,73
DEQ,669445699061512,22,1028,364862698,72
DEQ,669445706060197,22,1028,371859247,71
DEQ,669445713062546,22,1028,378859510,70
DEQ,669445720062018,22,1028,385856765,69
DEQ,669445727063398,22,1028,392855832,68
DEQ,669445734057807,22,1028,399848038,67
DEQ,669445741060744,22,1028,406848814,85
DEQ,669445748055414,22,1028,413840936,84
DEQ,669445755063837,22,84,420844601,83
DEQ,669445762059296,22,1028,299943322,82
DEQ,669445769053958,22,1028,306928610,81
DEQ,669445776059356,22,1028,313931751,80
DEQ,669445783063040,22,1028,320933258,79
DEQ,669445790062903,22,1028,327931048,78
DEQ,669445797059827,22,1028,334925094,77
DEQ,669445804061145,22,1028,341923678,76
DEQ,669445811068114,22,1028,348928478,75
DEQ,669445818061127,22,1028,355919250,74
DEQ,669445825061789,22,1028,362917756,73
DEQ,669445832061010,22,1028,369914760,72
DEQ,669445839061424,22,1028,376913184,71
DEQ,669445846061017,22,1028,383910595,70
DEQ,669445853060317,22,1028,390907780,69
DEQ,669445860053529,22,1028,397898838,68
DEQ,669445867065610,22,1028,404908843,67
DEQ,669445874050177,22,1028,411891410,66
DEQ,669445881073801,22,1028,418913040,65
DEQ,669445888002058,22,1028,425839176,64
DEQ,669445895001461,22,1028,432836520,63
DEQ,669445902063880,22,1028,439896557,62
DEQ,669445909063967,22,1028,446894427,61
DEQ,669445916062683,22,1028,453891009,60
DEQ,669445923073759,22,1028,460900028,59
DEQ,669445930069682,22,1028,467893762,58
DEQ,669445937062838,22,1028,474884704,57
DEQ,669445944064910,22,1028,481884444,56
DEQ,669445951063052,22,1028,488880237,55
DEQ,669445958057692,22,1028,495872751,54
DEQ,669445965058756,22,1028,502871749,53
DEQ,669445972067600,22,1028,509878467,52
DEQ,669445979065639,22,1028,513382604,51
DEQ,669445986068475,22,1028,387952497,50
DEQ,669445993065534,22,1028,394940266,49
DEQ,669446000059426,22,1028,401931832,48
DEQ,669446007057612,22,1028,408927640,47
DEQ,669446014046562,22,1028,415914243,46
DEQ,669446021059758,22,1028,422925137,45
DEQ,669446028062812,22,1028,429925836,44
DEQ,669446035055514,22,1028,436916250,43
DEQ,669446042048452,22,1028,443906999,42
DEQ,669446049061364,22,1028,450917628,41
DEQ,669446056061004,22,1028,457914656,40
DEQ,669446062995069,22,1028,464844162,39
DEQ,669446070055989,22,1028,471901631,38
DEQ,669446077083844,22,1028,478927387,37
DEQ,669446084068455,22,1028,485909948,36
DEQ,669446091065446,22,1028,492904811,35
DEQ,669446098057645,22,1028,499894950,34
DEQ,669446105059567,22,1028,506894807,33
DEQ,669446112059315,22,1028,513892504,32
DEQ,669446119048905,22,1028,520880012,31
DEQ,669446126058315,22,1028,527886811,30
DEQ,669446133064751,22,1028,534890998,29
DEQ,669446140060710,22,1028,541884826,59
DEQ,669446147067007,22,1028,548888958,58
DEQ,669446154068139,22,1028,555887954,57
DEQ,669446161030425,22,1028,562848126,56
DEQ,669446168066581,22,1028,569882221,55
DEQ,669446175066486,22,1028,576879776,54
DEQ,669446182049563,22,1028,583860718,53
DEQ,669446189063517,22,1028,590872533,52
DEQ,669446196034280,22,1028,597840480,51
STATS,669446196170238,51,52428,4046,3995,0,0,0
DEQ,669446203056697,22,1028,603157369,50
DEQ,669446210061001,22,1028,475906288,49
DEQ,669446217077712,22,1028,482914505,48
DEQ,669446224059899,22,1028,489894606,47
DEQ,669446231044308,22,1028,496876805,46
DEQ,669446238075103,22,1028,503905458,45
DEQ,669446245044612,22,1028,510872946,44
DEQ,669446252062660,22,1028,517888790,43
DEQ,669446259059566,22,1028,524883409,42
DEQ,669446266056684,22,1028,531878406,41
DEQ,669446273061359,22,1028,538881070,71
DEQ,669446280055844,22,1028,545873492,70
DEQ,669446287061281,22,1028,552876741,69
DEQ,669446294058243,22,1028,559871657,68
DEQ,669446301067413,22,1028,566878673,67
DEQ,669446308051726,22,1028,573860905,66
DEQ,669446315068051,22,1028,580875102,65
DEQ,669446322061681,22,1028,587866617,64
DEQ,669446329058604,22,1028,594861081,63
DEQ,669446336049710,22,1028,601849987,62
DEQ,669446343065430,22,1028,208935831,61
DEQ,669446350060436,22,1028,215922071,60
DEQ,669446357063507,22,1028,222922961,59
DEQ,669446364061238,22,1028,229918401,58
DEQ,669446371056172,22,1028,236911202,57
DEQ,669446378060980,22,1028,243913604,56
DEQ,669446385056334,22,1028,250906751,55
DEQ,669446392041068,22,1028,257889341,54
DEQ,669446399059633,22,1028,264905754,53
DEQ,669446406062487,22,1028,271906225,52
DEQ,669446413049087,22,1028,278890574,85
DEQ,669446420060689,22,1028,285900079,84
DEQ,669446427068911,22,1028,292905945,83
DEQ,669446434056389,22,1028,299891354,82
DEQ,669446441061377,22,1028,306894214,81
DEQ,669446448059486,22,1028,313888927,80
DEQ,669446455048320,22,1028,320875624,79
DEQ,669446462060053,22,1028,327885261,78
DEQ,669446469069451,22,1028,334892567,77
DEQ,669446476055039,22,1028,341876173,76
DEQ,669446483067948,22,1028,348887094,75
DEQ,669446490063673,22,1028,355880780,74
DEQ,669446497048196,22,1028,362863168,73
DEQ,669446504066344,22,1028,369879329,72
DEQ,669446511064487,22,1028,376875482,71
DEQ,669446518058338,22,1028,383867354,70
DEQ,669446525065390,22,1028,390872386,69
DEQ,669446531956356,22,1028,397760727,68
DEQ,669446539059587,22,1028,404861806,67
DEQ,669446546065076,22,1028,410488138,85
DEQ,669446553061260,22,1028,413287049,84
DEQ,669446560059118,22,1028,289932679,83
DEQ,669446567063707,22,1028,296928971,82
DEQ,669446574053318,22,1028,303916389,81
DEQ,669446581065285,22,1028,310909891,80
DEQ,669446588060818,22,1028,317903172,79
DEQ,669446595059429,22,1028,324899593,78
DEQ,669446602058354,22,1028,331896225,77
DEQ,669446609067933,22,1028,338902932,76
DEQ,669446616061212,22,1028,345893993,75
DEQ,669446623062270,22,1028,352889252,74
DEQ,669446630063974,22,1028,359888666,73
DEQ,669446637068622,22,1028,366891222,72
DEQ,669446644064115,22,1028,373884628,71
DEQ,669446651055279,22,1028,380873795,70
DEQ,669446658059354,22,1028,387875868,69
DEQ,669446665056118,22,1028,394870648,68
DEQ,669446672060785,22,1028,401873334,67
DEQ,669446679049917,22,1028,408860411,66
DEQ,669446686059802,22,1028,415868257,65
DEQ,669446693059461,22,1028,422865864,64
DEQ,669446700064878,22,1028,429869194,63
DEQ,669446707061177,22,1028,436863517,62
DEQ,669446714056495,22,1028,443856779,61
DEQ,669446721061144,22,1028,450859363,60
DEQ,669446728061635,22,1028,457857843,59
DEQ,669446735062794,22,1028,464856804,58
DEQ,669446742063765,22,1028,471855696,57
DEQ,669446749067558,22,1028,478857530,56
DEQ,669446756063504,22,1028,485851433,55
DEQ,669446763063326,22,1028,492849274,54
DEQ,669446770053337,22,1028,499836951,53
DEQ,669446777065337,22,1028,370901468,52
DEQ,669446784060801,22,1028,377888477,51
DEQ,669446791067067,22,1028,384892033,50
DEQ,669446798046131,22,1028,391868192,49
DEQ,669446805059397,22,1028,398879339,48
DEQ,669446812059919,22,1028,405877543,47
DEQ,669446819065236,22,1028,412880768,46
DEQ,669446826059092,22,1028,419872412,45
DEQ,669446833059457,22,1028,426870643,44
DEQ,669446840060918,22,1028,433869957,43
DEQ,669446847066096,22,1028,440873007,42
DEQ,669446854060686,22,1028,447865527,41
DEQ,669446861059596,22,1028,454862360,40
DEQ,669446868064040,22,1028,461864685,39
DEQ,669446875059404,22,1028,468857938,38
DEQ,669446882037270,22,1028,475833671,37
DEQ,669446889073614,22,1028,482867964,36
DEQ,669446896074708,22,1028,489866999,35
DEQ,669446903064093,22,1028,496854385,34
DEQ,669446910061170,22,1028,503849453,33
DEQ,669446917071050,22,1028,510857374,32
DEQ,669446924056751,22,1028,517841048,31
DEQ,669446931073402,22,1028,524855598,30
DEQ,669446938075383,22,1028,531855580,29
DEQ,669446945049482,22,1028,538827693,59
DEQ,669446952058736,22,1028,545834886,58
DEQ,669446959050950,22,1028,552825130,57
DEQ,669446966046239,22,1028,559818310,56
DEQ,669446973063937,22,1028,566834052,55
DEQ,669446980064880,22,1028,573832955,54
DEQ,669446987057185,22,1028,580823262,53
DEQ,669446994066510,22,1028,587830563,52
DEQ,669447001065142,22,1028,593140561,51
DEQ,669447008047315,22,1028,595916948,50
DEQ,669447015061109,22,1028,472933966,49
DEQ,669447022059834,22,1028,479924276,48
DEQ,669447029046396,22,1028,486908176,47
DEQ,669447036064799,22,1028,493924535,46
DEQ,669447043065145,22,1028,500922871,45
DEQ,669447050046564,22,1028,507902306,44
DEQ,669447057065267,22,1028,514918991,43
DEQ,669447063993347,22,1028,521844605,42
DEQ,669447071048653,22,1028,528897919,41
DEQ,669447078069909,22,1028,535917103,40
DEQ,669447085054500,22,1028,542899608,72
DEQ,669447092044442,22,1028,549887539,71
DEQ,669447099065029,22,1028,556906094,70
DEQ,669447106064903,22,1028,563903976,69
DEQ,669447113048888,22,1028,570885986,68
DEQ,669447120058935,22,1028,577893990,67
DEQ,669447127059863,22,1028,584892564,66
DEQ,669447134051776,22,1028,591882357,65
DEQ,669447141061081,22,1028,598889659,64
DEQ,669447148057257,22,1028,205940133,63
DEQ,669447155050616,22,1028,212924899,62
DEQ,669447162058956,22,1028,219931140,61
DEQ,669447169065141,22,1028,226935067,60
DEQ,669447176062251,22,1028,233930107,59
DEQ,669447183065527,22,1028,240931358,58
DEQ,669447190060046,22,1028,247923891,57
DEQ,669447197060133,22,1028,254921847,56
STATS,669447197192675,56,57568,4194,4138,0,0,0
DEQ,669447204061417,22,1028,261921115,55
DEQ,669447211055929,22,1028,268913524,54
DEQ,669447218058073,22,1028,275913624,85
DEQ,669447225059323,22,1028,282912805,84
DEQ,669447232051893,22,1028,289903327,83
DEQ,669447239060932,22,1028,296910284,82
DEQ,669447246058095,22,1028,303905267,81
DEQ,669447253065956,22,1028,310911100,80
DEQ,669447260054764,22,1028,317897687,79
DEQ,669447267064976,22,1028,324905812,78
DEQ,669447274062521,22,1028,331900088,77
DEQ,669447281064020,22,1028,338899384,76
DEQ,669447288054801,22,1028,345888157,75
DEQ,669447295057436,22,1028,352888792,74
DEQ,669447302063564,22,1028,359892914,73
DEQ,669447309066407,22,1028,366893739,72
DEQ,669447316054700,22,1028,373879989,71
DEQ,669447323060925,22,1028,380884250,70
DEQ,669447330059739,22,1028,387881063,69
DEQ,669447337059265,22,1028,394878523,68
DEQ,669447344060488,22,1028,401877728,67
DEQ,669447351056521,22,1028,408871760,85
DEQ,669447358058819,22,1028,413335372,84
DEQ,669447365058393,22,1028,286920138,83
DEQ,669447372058862,22,1028,293912107,82
DEQ,669447379059201,22,1028,300910342,81
DEQ,669447386064795,22,1028,307913813,80
DEQ,669447393067688,22,1028,314914243,79
DEQ,669447400054979,22,1028,321898418,78
DEQ,669447407048058,22,1028,328889409,77
DEQ,669447414064766,22,1028,335904031,76
DEQ,669447421055867,22,1028,342892979,75
DEQ,669447428059399,22,1028,349894104,74
DEQ,669447435055889,22,1028,356888573,73
DEQ,669447442067963,22,1028,363898656,72
DEQ,669447449065096,22,1028,370893807,71
DEQ,669447456055542,22,1028,377882259,70
DEQ,669447463064163,22,1028,384888897,69
DEQ,669447470063827,22,1028,391886583,68
DEQ,669447477069174,22,1028,398889800,67
DEQ,669447484059623,22,1028,405878087,67
DEQ,669447491065025,22,1028,412881393,66
DEQ,669447498067065,22,1028,419881324,65
DEQ,669447505065038,22,1028,426877310,64
DEQ,669447512060498,22,1028,433870777,63
DEQ,669447519061801,22,1028,440870108,62
DEQ,669447526055365,22,1028,447861613,61
DEQ,669447533064908,22,1028,454869032,60
DEQ,669447540057957,22,1028,461859904,59
DEQ,669447547060807,22,1028,468860594,58
DEQ,669447554052127,22,1028,475849888,57
DEQ,669447561056755,22,1028,482852439,56
DEQ,669447568061225,22,1028,489854930,55
DEQ,669447575061988,22,1028,496853595,54
DEQ,669447582059681,22,1028,503395527,53
DEQ,669447589054181,22,1028,506195058,52
DEQ,669447596059561,22,1028,381934572,51
DEQ,669447603068319,22,1028,388934779,50
DEQ,669447610060482,22,1028,395924838,49
DEQ,669447617064855,22,1028,402927100,48
DEQ,669447624059190,22,1028,409919347,47
DEQ,669447631069603,22,1028,416927609,46
DEQ,669447638057386,22,1028,423912874,45
DEQ,669447645059929,22,1028,430913393,44
DEQ,669447652063177,22,1028,437914642,43
DEQ,669447659059147,22,1028,444908587,42
DEQ,669447666051194,22,1028,451898608,41
DEQ,669447673057358,22,1028,458902761,40
DEQ,669447680058786,22,1028,465902184,39
DEQ,669447687045537,22,1028,472886848,38
DEQ,669447694060414,22,1028,479899766,37
DEQ,669447701059925,22,1028,486897303,36
DEQ,669447708057902,22,1028,493893198,35
DEQ,669447715060777,22,1028,500893892,34
DEQ,669447722066169,22,1028,507897284,33
DEQ,669447729079908,22,1028,514909022,32
DEQ,669447736060482,22,1028,521887579,31
DEQ,669447743058946,22,1028,528883932,30
DEQ,669447750051180,22,1028,535874051,29
DEQ,669447757060813,22,1028,542881704,60
DEQ,669447764060352,22,1028,549879262,59
DEQ,669447771048282,22,1028,556865127,58
DEQ,669447778069506,22,1028,563884313,57
DEQ,669447785060981,22,1028,570873655,56
DEQ,669447792055337,22,1028,577865955,55
DEQ,669447799002847,22,1028,584811427,54
DEQ,669447806058692,22,1028,591865215,53
DEQ,669447813051624,22,1028,596210512,52
DEQ,669447820066117,22,1028,469946982,51
DEQ,669447827064866,22,1028,476937032,50
DEQ,669447834064550,22,1028,483934623,49
DEQ,669447841064941,22,1028,490932875,48
DEQ,669447848060286,22,1028,497925751,47
DEQ,669447855055762,22,1028,504919060,46
DEQ,669447862058653,22,1028,511919880,45
DEQ,669447869060749,22,1028,518919539,44
DEQ,669447876046969,22,1028,525902324,43
DEQ,669447883059176,22,1028,532912469,42
DEQ,669447890058651,22,1028,539909358,73
DEQ,669447896994783,22,1028,546843386,72
DEQ,669447904060392,22,1028,553906665,71
DEQ,669447911060670,22,1028,560904750,70
DEQ,669447918067857,22,1028,567909848,69
DEQ,669447925059832,22,1028,574899644,68
DEQ,669447932064451,22,1028,581901937,67
DEQ,669447939049819,22,1028,588885063,66
DEQ,669447946051970,22,1028,595885065,65
DEQ,669447953065538,22,84,474943824,64
DEQ,669447960046042,22,1028,209891917,63
DEQ,669447967063785,22,1028,216901290,62
DEQ,669447974074989,22,1028,223910227,61
DEQ,669447981060715,22,1028,230893778,60
DEQ,669447988059420,22,1028,237890387,59
DEQ,669447995063566,22,1028,244892445,58
DEQ,669448002059779,22,1028,251886599,57
DEQ,669448009060040,22,1028,258884791,56
DEQ,669448016071805,22,1028,265894481,55
DEQ,669448023062427,22,1028,272883108,86
DEQ,669448030075983,22,1028,279894655,85
DEQ,669448037065943,22,1028,286882583,84
DEQ,669448044055473,22,1028,293870101,83
DEQ,669448051067022,22,1028,300879679,82
DEQ,669448058074184,22,1028,307884837,81
DEQ,669448064994598,22,1028,314803211,80
DEQ,669448071998796,22,1028,321805194,79
DEQ,669448079066689,22,1028,328870964,78
DEQ,669448086059171,22,1028,335861362,77
DEQ,669448093000769,22,1028,342800987,76
DEQ,669448100020221,22,1028,349818469,75
DEQ,669448107055558,22,1028,356851758,74
DEQ,669448114064511,22,1028,363858586,73
DEQ,669448121049766,22,1028,370841793,72
DEQ,669448128063510,22,1028,377853527,71
DEQ,669448135069082,22,1028,384855957,70
DEQ,669448142058718,22,1028,391843503,69
DEQ,669448149058097,22,1028,398840701,68
DEQ,669448156066835,22,1028,405847395,84
DEQ,669448163058907,22,1028,412837020,83
DEQ,669448170065133,22,1028,419841235,82
DEQ,669448177060632,22,1028,423006373,81
DEQ,669448184066427,22,1028,297945956,80
DEQ,669448191065835,22,1028,304935567,79
DEQ,669448198055942,22,1028,311923434,78
STATS,669448198193901,78,80184,4359,4281,0,0,0
DEQ,669448205058993,22,1028,318924299,77
DEQ,669448212056862,22,1028,325920002,76
DEQ,669448219065522,22,1028,332926657,75
DEQ,669448226038849,22,1028,339897868,74
DEQ,669448233058715,22,1028,346915665,73
DEQ,669448240056116,22,1028,353910894,72
DEQ,669448247057015,22,1028,360909692,71
DEQ,669448254046463,22,1028,367896583,70
DEQ,669448261064841,22,1028,374912943,69
DEQ,669448268068606,22,1028,381914519,68
DEQ,669448275066320,22,1028,388910166,67
DEQ,669448282070185,22,1028,395912030,66
DEQ,669448289068495,22,1028,402907735,65
DEQ,669448296063595,22,1028,409900689,64
DEQ,669448303067426,22,1028,416902485,63
DEQ,669448310073826,22,1028,423906682,62
DEQ,669448317055050,22,1028,430885914,61
DEQ,669448324066333,22,1028,437895211,60
DEQ,669448331072479,22,1028,444899382,59
DEQ,669448338057341,22,1028,451882180,58
DEQ,669448345063417,22,1028,458884758,57
DEQ,669448352073361,22,1028,465892568,56
DEQ,669448359064971,22,1028,472882059,55
DEQ,669448366061519,22,1028,479876528,54
DEQ,669448373063226,22,1028,486876185,53
DEQ,669448380058890,22,1028,493869808,52
DEQ,669448387072306,22,1028,500881195,51
DEQ,669448394067244,22,1028,507874146,50
DEQ,669448401056727,22,1028,512855643,49
DEQ,669448408061305,22,1028,385927510,48
DEQ,669448415060745,22,1028,392918200,47
DEQ,669448422065734,22,1028,399919895,46
DEQ,669448429067759,22,1028,406919810,48
DEQ,669448436059893,22,1028,413909738,47
DEQ,669448443020023,22,1028,420867776,46
DEQ,669448450064241,22,1028,427909936,45
DEQ,669448457068859,22,1028,434912527,44
DEQ,669448463993179,22,1028,441834745,43
DEQ,669448471050164,22,1028,448889582,42
DEQ,669448478060153,22,1028,455897483,41
DEQ,669448485020462,22,1028,462855639,40
DEQ,669448492059192,22,1028,469892192,39
DEQ,669448499069605,22,1028,476900483,38
DEQ,669448506032494,22,1028,483861285,37
DEQ,669448513058935,22,1028,490885633,36
DEQ,669448520060120,22,1028,497884808,35
DEQ,669448526994431,22,1028,504816982,34
DEQ,669448534002334,22,1028,511822884,33
DEQ,669448541060394,22,1028,518878835,32
DEQ,669448548059234,22,1028,525875649,31
DEQ,669448555067413,22,1028,532881819,30
DEQ,669448562061804,22,1028,539874249,61
DEQ,669448569050635,22,1028,546861088,60
DEQ,669448576070268,22,1028,553878754,59
DEQ,669448583050902,22,1028,560857393,58
DEQ,669448590047495,22,1028,567851944,57
DEQ,669448597066288,22,1028,574868671,56
DEQ,669448604057508,22,1028,581857801,55
DEQ,669448611047079,22,1028,588845303,54
DEQ,669448618058300,22,1028,595854420,53
DEQ,669448625079992,22,1028,602680727,52
DEQ,669448632059355,22,1028,481938306,51
DEQ,669448638999591,22,1028,488869604,50
DEQ,669448646063752,22,1028,495931422,49
DEQ,669448653059771,22,1028,502924927,48
DEQ,669448660000208,22,1028,509863267,47
DEQ,669448667058868,22,1028,516919904,46
DEQ,669448674064139,22,1028,523923100,45
DEQ,669448681001287,22,1028,530858199,44
DEQ,669448688060261,22,1028,537915048,43
DEQ,669448695053339,22,1028,544906005,74
DEQ,669448702062325,22,1028,551913014,73
DEQ,669448709060993,22,1028,558909522,72
DEQ,669448716055658,22,1028,565902028,71
DEQ,669448723003576,22,1028,572847950,70
DEQ,669448730061218,22,1028,579903571,69
DEQ,669448737058357,22,1028,586898621,68
DEQ,669448743957537,22,1028,593795326,67
DEQ,669448751061208,22,84,328899178,66
DEQ,669448758054182,22,1028,335883654,65
DEQ,669448765018616,22,1028,338866897,64
DEQ,669448772061610,22,1028,213933430,63
DEQ,669448779054553,22,1028,220917803,62
DEQ,669448786018693,22,1028,227879743,61
DEQ,669448793064552,22,1028,234923538,60
DEQ,669448800058308,22,1028,241915173,59
DEQ,669448807049506,22,1028,248904189,58
DEQ,669448814058445,22,1028,255910809,57
DEQ,669448821072301,22,1028,262922557,56
DEQ,669448828057202,22,1028,269905391,87
DEQ,669448834994458,22,1028,276840484,86
DEQ,669448842059537,22,1028,283903424,85
DEQ,669448849055668,22,1028,290897505,84
DEQ,669448856059197,22,1028,297899059,83
DEQ,669448863065881,22,1028,304903731,82
DEQ,669448870058529,22,1028,311894300,81
DEQ,669448877066043,22,1028,318899833,80
DEQ,669448884061570,22,1028,325893044,79
DEQ,669448891053597,22,1028,332882919,78
DEQ,669448898057550,22,1028,339884826,77
DEQ,669448905064673,22,1028,346889945,76
DEQ,669448912058118,22,1028,353881427,75
DEQ,669448919043227,22,1028,360864402,74
DEQ,669448926060699,22,1028,367879857,73
DEQ,669448933064429,22,1028,374881539,72
DEQ,669448940058300,22,1028,381873352,71
DEQ,669448947065268,22,1028,388878328,70
DEQ,669448954059886,22,1028,395870962,69
DEQ,669448961060988,22,1028,402869043,82
DEQ,669448968062376,22,1028,409868389,81
DEQ,669448975062808,22,1028,416866806,80
DEQ,669448982056438,22,1028,423858426,79
DEQ,669448989064449,22,1028,428969275,78
DEQ,669448996058339,22,1028,301930662,77
DEQ,669449003055312,22,1028,308918650,76
DEQ,669449010059003,22,1028,315920033,75
DEQ,669449017061073,22,1028,322920043,74
DEQ,669449024063172,22,1028,329920017,73
DEQ,669449031058603,22,1028,336913458,72
DEQ,669449038059054,22,1028,343911896,71
DEQ,669449045056875,22,1028,350907632,70
DEQ,669449052057723,22,1028,357906490,69
DEQ,669449059060474,22,1028,364907222,68
DEQ,669449066005297,22,1028,371849949,67
DEQ,669449073072422,22,1028,378914910,66
DEQ,669449080065000,22,1028,385905417,65
DEQ,669449087062762,22,1028,392900926,64
DEQ,669449094058150,22,1028,399894254,63
DEQ,669449101058595,22,1028,406892720,62
DEQ,669449108057309,22,1028,413889413,61
DEQ,669449115049561,22,1028,420878756,60
DEQ,669449122065671,22,1028,427892775,59
DEQ,669449129064454,22,1028,434889485,58
DEQ,669449136059815,22,1028,441882769,57
DEQ,669449143062328,22,1028,448883269,56
DEQ,669449150053082,22,1028,455871954,55
DEQ,669449157057783,22,1028,462874553,54
DEQ,669449164057377,22,1028,469872080,53
DEQ,669449171066081,22,1028,476878625,52
DEQ,669449178066498,22,1028,483876807,51
DEQ,669449185062615,22,1028,490870887,50
DEQ,669449192058047,22,1028,497864213,49
DEQ,669449199065252,22,1028,504869461,48
STATS,669449199203583,48,49344,4472,4424,0,0,0
DEQ,669449206055573,22,1028,511857612,47
DEQ,669449213066172,22,1028,518866233,46
DEQ,669449220059805,22,1028,397938030,45
DEQ,669449227059359,22,1028,404929035,44
DEQ,669449234068880,22,1028,411936416,49
DEQ,669449241064654,22,1028,418930088,48
DEQ,669449248054818,22,1028,425918155,47
DEQ,669449254994162,22,1028,432855442,46
DEQ,669449262072690,22,1028,439931433,45
DEQ,669449269066078,22,1028,446922648,44
DEQ,669449275968410,22,1028,453822905,43
DEQ,669449282993633,22,1028,460846080,42
DEQ,669449290059690,22,1028,467910128,41
DEQ,669449297018748,22,1028,474867211,40
DEQ,669449304063261,22,1028,481909775,39
DEQ,669449311062087,22,1028,488906548,38
DEQ,669449318059149,22,1028,495901541,37
DEQ,669449325059388,22,1028,502899717,36
DEQ,669449332063232,22,1028,509901362,35
DEQ,669449339056480,22,1028,516892622,34
DEQ,669449346058506,22,1028,523892677,33
DEQ,669449353066572,22,1028,530898656,32
DEQ,669449360046038,22,1028,537875888,31
DEQ,669449367056054,22,1028,544883930,61
DEQ,669449374072201,22,1028,551898108,60
DEQ,669449381052568,22,1028,558876481,59
DEQ,669449388058177,22,1028,565880129,58
DEQ,669449395060056,22,1028,572878692,57
DEQ,669449401996213,22,1028,579812820,56
DEQ,669449409060090,22,1028,586874627,55
DEQ,669449416063765,22,1028,593876309,54
DEQ,669449423050617,22,1028,600860943,53
DEQ,669449430000252,22,1028,606708285,52
DEQ,669449437074287,22,1028,609585100,51
DEQ,669449444067144,22,1028,485938084,50
DEQ,669449451000266,22,1028,492862790,49
DEQ,669449458063930,22,1028,499924297,48
DEQ,669449465069653,22,1028,506927963,47
DEQ,669449472003366,22,1028,513859599,46
DEQ,669449479067765,22,1028,520921975,45
DEQ,669449486059126,22,1028,527911191,44
DEQ,669449493004347,22,1028,534854124,43
DEQ,669449500062185,22,1028,541909957,75
DEQ,669449507060075,22,1028,548905799,74
DEQ,669449513953310,22,1028,555796963,73
DEQ,669449521064231,22,1028,562905777,72
DEQ,669449528057996,22,1028,569897456,71
DEQ,669449535019162,22,1028,576856616,70
DEQ,669449542066299,22,1028,311938348,69
DEQ,669449549066230,22,1028,318929828,68
DEQ,669449556034248,22,1028,325895732,67
DEQ,669449563066314,22,1028,332925340,66
DEQ,669449570060733,22,1028,339917668,65
DEQ,669449577036258,22,1028,343050673,64
DEQ,669449584062685,22,1028,217936731,63
DEQ,669449591062930,22,1028,224928312,62
DEQ,669449598031866,22,1028,231895108,61
DEQ,669449605073517,22,1028,238934713,60
DEQ,669449612055191,22,1028,245914239,59
DEQ,669449619057278,22,1028,252914282,58
DEQ,669449626056659,22,1028,259911570,57
DEQ,669449633067915,22,1028,266920824,88
DEQ,669449640054233,22,1028,273904491,87
DEQ,669449647062988,22,1028,280911000,86
DEQ,669449654063726,22,1028,287909659,85
DEQ,669449661051792,22,1028,294895570,84
DEQ,669449668060147,22,1028,301901812,83
DEQ,669449675066512,22,1028,308906189,82
DEQ,669449682056848,22,1028,315894347,81
DEQ,669449689058363,22,1028,322893866,80
DEQ,669449696060286,22,1028,329893699,79
DEQ,669449703062495,22,1028,336893925,78
DEQ,669449710058789,22,1028,343888224,77
DEQ,669449717064834,22,1028,350892100,76
DEQ,669449724057918,22,1028,357882931,75
DEQ,669449731060032,22,1028,364882837,74
DEQ,669449738054583,22,1028,371875306,73
DEQ,669449745058313,22,1028,378876941,72
DEQ,669449752057967,22,1028,385874607,71
DEQ,669449759058209,22,1028,392872863,70
DEQ,669449766059621,22,1028,399872264,69
DEQ,669449773064183,22,1028,406874835,82
DEQ,669449780063669,22,1028,413872314,81
DEQ,669449787063247,22,1028,420869828,80
DEQ,669449794053537,22,1028,427858102,79
DEQ,669449801066712,22,1028,306940472,78
DEQ,669449808058600,22,1028,313923700,77
DEQ,669449815063246,22,1028,320926237,76
DEQ,669449822068514,22,84,327929483,75
DEQ,669449829059993,22,1028,334918629,74
DEQ,669449836061303,22,1028,341917723,73
DEQ,669449843059892,22,1028,348914118,72
DEQ,669449850052031,22,1028,355904260,71
DEQ,669449857065762,22,1028,362915843,70
DEQ,669449864057863,22,1028,369905945,69
DEQ,669449871059931,22,1028,376906041,68
DEQ,669449878060331,22,1028,383904434,67
DEQ,669449885064129,22,1028,390906186,66
DEQ,669449892057820,22,1028,397897791,65
DEQ,669449899059910,22,1028,404897833,64
DEQ,669449905998538,22,1028,411834251,63
DEQ,669449913055829,22,1028,418889393,62
DEQ,669449920057828,22,1028,425889419,61
DEQ,669449927062388,22,1028,432891991,60
DEQ,669449934067591,22,1028,439894970,59
DEQ,669449941067096,22,1028,446892318,58
DEQ,669449948060956,22,1028,453884102,57
DEQ,669449955054221,22,1028,460875307,56
DEQ,669449962061411,22,1028,467880377,55
DEQ,669449969060251,22,1028,474875899,54
DEQ,669449976059495,22,1028,481873111,53
DEQ,669449983064902,22,1028,488876520,52
DEQ,669449990058097,22,1028,495867716,51
DEQ,669449997064147,22,1028,502871422,50
DEQ,669450004016570,22,1028,509821774,49
DEQ,669450011065412,22,1028,516868581,48
DEQ,669450018057859,22,1028,523858736,47
DEQ,669450025058221,22,1028,527949515,46
DEQ,669450032058558,22,1028,401947695,45
DEQ,669450039046339,22,1028,408918685,48
DEQ,669450046069089,22,1028,415939282,47
DEQ,669450053069158,22,1028,422937269,46
DEQ,669450060057034,22,1028,429923099,45
DEQ,669450066934575,22,1028,436798472,44
DEQ,669450074060772,22,1028,443922655,43
DEQ,669450081061926,22,1028,450921717,42
DEQ,669450088017387,22,1028,457875111,41
DEQ,669450095066558,22,1028,464922287,40
DEQ,669450102065287,22,1028,471918965,39
DEQ,669450109057410,22,1028,478909136,38
DEQ,669450116045256,22,1028,485894989,37
DEQ,669450123059840,22,1028,492906458,36
DEQ,669450130044323,22,1028,499888964,35
DEQ,669450137066044,22,1028,506908601,34
DEQ,669450144064229,22,1028,513904811,33
DEQ,669450151062277,22,1028,520900856,32
DEQ,669450157999771,22,1028,527836330,31
DEQ,669450165065472,22,1028,534899885,30
DEQ,669450172060118,22,1028,541892527,61
DEQ,669450178998873,22,1028,548828797,60
DEQ,669450186061894,22,1028,555889805,59
DEQ,669450193064000,22,1028,562889914,58
DEQ,669450200000070,22,1028,569823873,57
STATS,669450200129782,57,58596,4624,4567,0,0,0
DEQ,669450207061469,22,1028,576883300,56
DEQ,669450214055118,22,1028,583874790,55
DEQ,669450221038705,22,1028,590856359,54
DEQ,669450228059407,22,1028,597875062,53
DEQ,669450235064007,22,1028,604877679,52
DEQ,669450242056860,22,1028,611868363,51
DEQ,669450249063941,22,1028,617962848,50
DEQ,669450256053558,22,1028,489892015,49
DEQ,669450263058618,22,1028,496888634,48
DEQ,669450270051882,22,1028,503879775,47
DEQ,669450277066188,22,1028,510891501,46
DEQ,669450284057106,22,1028,517880299,45
DEQ,669450291058708,22,1028,524879818,44
DEQ,669450297997796,22,1028,531816887,43
DEQ,669450305050385,22,1028,538867467,74
DEQ,669450312063149,22,1028,545878242,73
DEQ,669450319067337,22,1028,552880415,72
DEQ,669450326054611,22,1028,559865677,71
DEQ,669450333060837,22,1028,566869863,70
DEQ,669450340058795,22,1028,573865728,69
DEQ,669450347049974,22,1028,580854805,68
DEQ,669450354059705,22,1028,315932295,67
DEQ,669450361065975,22,1028,322929624,66
DEQ,669450368050189,22,1028,329911681,65
DEQ,669450375064760,22,1028,336924191,64
DEQ,669450382047351,22,1028,215919283,63
DEQ,669450389058963,22,1028,222922130,62
DEQ,669450396054902,22,1028,229915924,61
DEQ,669450403059834,22,1028,236918813,60
DEQ,669450410066896,22,1028,243923199,59
DEQ,669450417063987,22,1028,250918151,58
DEQ,669450424057694,22,1028,257909763,57
DEQ,669450431048904,22,1028,264898834,56
DEQ,669450438057539,22,1028,271905393,55
DEQ,669450445060514,22,1028,278906329,87
DEQ,669450452055908,22,1028,285899654,86
DEQ,669450459054797,22,1028,292896286,85
DEQ,669450466060577,22,1028,299900008,84
DEQ,669450473068112,22,1028,306905430,83
DEQ,669450480061562,22,1028,313896799,82
DEQ,669450487066183,22,1028,320899362,81
DEQ,669450494047492,22,1028,327878649,80
DEQ,669450501066242,22,1028,334895385,79
DEQ,669450508071942,22,1028,341899082,78
DEQ,669450515065748,22,1028,348890501,77
DEQ,669450522066006,22,1028,355888762,76
DEQ,669450529065958,22,1028,362886608,75
DEQ,669450536062810,22,1028,369881322,74
DEQ,669450543081139,22,1028,376897578,73
DEQ,669450550068833,22,1028,383883226,72
DEQ,669450557069578,22,1028,390881898,71
DEQ,669450564071544,22,1028,397881890,70
DEQ,669450571065830,22,1028,404873978,69
DEQ,669450578059744,22,1028,411865916,82
DEQ,669450585061651,22,1028,418865805,81
DEQ,669450592067200,22,1028,425331904,80
DEQ,669450599062786,22,1028,428120516,79
DEQ,669450606046224,22,1028,303925546,78
DEQ,669450613057858,22,1028,310928139,77
DEQ,669450620058393,22,1028,317926567,76
DEQ,669450627063766,22,1028,324929903,75
DEQ,669450634057589,22,1028,331921643,74
DEQ,669450641063781,22,1028,338925785,73
DEQ,669450648064145,22,1028,345924133,72
DEQ,669450655060395,22,1028,352917958,71
DEQ,669450662057588,22,1028,359913074,70
DEQ,669450669059088,22,1028,366912427,69
DEQ,669450676059209,22,1028,373910496,68
DEQ,669450683064644,22,1028,380913881,67
DEQ,669450690060038,22,1028,387907224,66
DEQ,669450697065548,22,1028,394910663,65
DEQ,669450704059185,22,1028,401902195,64
DEQ,669450711049517,22,1028,408890451,63
DEQ,669450718064253,22,1028,415903145,62
DEQ,669450725058758,22,1028,422895262,61
DEQ,669450732061907,22,1028,429896284,60
DEQ,669450739060817,22,1028,436893145,59
DEQ,669450746060740,22,1028,443891066,58
DEQ,669450753067383,22,1028,450895645,57
DEQ,669450760059151,22,1028,457885404,56
DEQ,669450767067142,22,1028,464891309,55
DEQ,669450774071467,22,1028,471893539,54
DEQ,669450781060792,22,1028,478880710,53
DEQ,669450788068114,22,1028,485886040,52
DEQ,669450795059664,22,1028,492875504,51
DEQ,669450802053437,22,1028,499867208,50
DEQ,669450809064496,22,1028,506875981,49
DEQ,669450816060166,22,1028,513867778,48
DEQ,669450823059621,22,1028,518385585,47
DEQ,669450830056715,22,1028,391901467,46
DEQ,669450837060351,22,1028,398896637,45
DEQ,669450844060830,22,1028,405894997,48
DEQ,669450851054567,22,1028,412886498,47
DEQ,669450858055854,22,1028,419885501,46
DEQ,669450865057895,22,1028,426885390,45
DEQ,669450872040870,22,1028,433866352,44
DEQ,669450879059565,22,1028,440882785,43
DEQ,669450886051536,22,1028,447872681,42
DEQ,669450893073555,22,1028,454892637,41
DEQ,669450900060664,22,1028,461877680,40
DEQ,669450907066256,22,1028,468881216,39
DEQ,669450914065457,22,1028,475878336,38
DEQ,669450921059580,22,1028,482870242,37
DEQ,669450928059134,22,1028,489867774,36
DEQ,669450935065530,22,1028,496872069,35
DEQ,669450942057518,22,1028,503860637,34
DEQ,669450949054970,22,1028,510856075,33
DEQ,669450956046183,22,1028,517845288,32
DEQ,669450963058708,22,1028,524855735,31
DEQ,669450970058490,22,1028,531853415,30
DEQ,669450977063664,22,1028,538856528,61
DEQ,669450984057502,22,1028,545848390,60
DEQ,669450991059411,22,1028,552848335,59
DEQ,669450998044919,22,1028,559831811,58
DEQ,669451005059987,22,1028,566844829,57
DEQ,669451012055274,22,1028,573838089,56
DEQ,669451019049493,22,1028,580830210,55
DEQ,669451026059689,22,1028,587838301,54
DEQ,669451033069024,22,1028,594845482,53
DEQ,669451040055869,22,1028,601830313,52
DEQ,669451047059589,22,1028,608363136,51
DEQ,669451054058970,22,1028,611162138,50
DEQ,669451060993510,22,1028,486867948,49
DEQ,669451067992646,22,1028,493858537,48
DEQ,669451075060359,22,1028,500923909,47
DEQ,669451082054100,22,1028,507914603,46
DEQ,669451089047749,22,1028,514906133,45
DEQ,669451096059079,22,1028,521915351,44
DEQ,669451103054411,22,1028,528907314,43
DEQ,669451109997699,22,1028,535848554,42
DEQ,669451117066227,22,1028,542915009,74
DEQ,669451124075857,22,1028,549922564,73
DEQ,669451131065869,22,1028,556910564,72
DEQ,669451138065508,22,1028,563908064,71
DEQ,669451145050714,22,1028,570891187,70
DEQ,669451152065519,22,1028,577903858,69
DEQ,669451159059472,22,1028,320938546,68
DEQ,669451166044556,22,1028,327918744,67
DEQ,669451173064483,22,1028,334605807,66
DEQ,669451180058189,22,1028,337404649,65
DEQ,669451187047490,22,1028,212925089,64
DEQ,669451194063184,22,1028,219932387,63
DEQ,669451201063659,22,1028,226930705,62
STATS,669451201196060,62,63736,4772,4710,0,0,0
DEQ,669451208059104,22,1028,233924063,61
DEQ,669451215055227,22,1028,240918035,60
DEQ,669451222060556,22,1028,247921295,59
DEQ,669451229058519,22,1028,254917288,58
DEQ,669451236061505,22,1028,261918242,57
DEQ,669451243057761,22,1028,268912547,56
DEQ,669451250062271,22,1028,275915082,87
DEQ,669451257063480,22,1028,282914300,86
DEQ,669451264053148,22,1028,289901419,85
DEQ,669451271058086,22,1028,296904342,84
DEQ,669451278056523,22,1028,303900784,83
DEQ,669451285063677,22,1028,310905300,82
DEQ,669451292062423,22,1028,317901911,81
DEQ,669451299000208,22,1028,324837342,80
DEQ,669451306063310,22,1028,331898294,79
DEQ,669451313058946,22,1028,338891896,78
DEQ,669451320069584,22,1028,345900539,77
DEQ,669451327067832,22,1028,352896721,76
DEQ,669451334057729,22,1028,359884543,75
DEQ,669451341074561,22,1028,366899383,74
DEQ,669451348062854,22,1028,373885673,73
DEQ,669451355068069,22,1028,380888909,72
DEQ,669451362064652,22,1028,387883476,71
DEQ,669451369060981,22,1028,394877786,70
DEQ,669451376058941,22,1028,401873766,69
DEQ,669451383048185,22,1028,408861020,82
DEQ,669451390061522,22,1028,415871949,81
DEQ,669451397059483,22,1028,422867769,80
DEQ,669451404056460,22,1028,427337309,79
DEQ,669451411049439,22,1028,300917374,78
DEQ,669451418067328,22,1028,307926254,77
DEQ,669451424995050,22,1028,314851596,76
DEQ,669451432058990,22,1028,321913306,75
DEQ,669451438993568,22,1028,328845808,74
DEQ,669451446059641,22,1028,335909677,73
DEQ,669451453058280,22,1028,342906199,72
DEQ,669451460054781,22,1028,349900620,71
DEQ,669451467055712,22,1028,356899469,70
DEQ,669451474078584,22,1028,363919850,69
DEQ,669451481059707,22,1028,370898829,68
DEQ,669451488064257,22,1028,377901237,67
DEQ,669451495065404,22,1028,384900314,66
DEQ,669451502058931,22,1028,391891873,65
DEQ,669451509067868,22,1028,398898716,64
DEQ,669451516063789,22,1028,405892543,64
DEQ,669451523065970,22,1028,412892716,63
DEQ,669451530071527,22,1028,419896213,62
DEQ,669451537066705,22,1028,426889168,61
DEQ,669451544061863,22,1028,433882314,60
DEQ,669451551065789,22,1028,440884176,59
DEQ,669451558063024,22,1028,447879329,58
DEQ,669451565058254,22,1028,454872488,57
DEQ,669451572057777,22,1028,461870039,56
DEQ,669451579061585,22,1028,468871645,55
DEQ,669451586065404,22,1028,475873353,54
DEQ,669451593063433,22,1028,482869316,53
DEQ,669451600063069,22,1028,489866916,52
DEQ,669451606998674,22,1028,496800470,51
DEQ,669451614056344,22,1028,503855967,50
DEQ,669451621059164,22,1028,510856654,49
DEQ,669451628057090,22,1028,517377160,48
DEQ,669451635063468,22,1028,520197280,47
DEQ,669451642063016,22,1028,395951403,46
DEQ,669451649059207,22,1028,402925270,49
DEQ,669451656062220,22,1028,409926135,48
DEQ,669451663049495,22,1028,416911376,47
DEQ,669451670063023,22,1028,423922582,46
DEQ,669451676993501,22,1028,430850988,45
DEQ,669451684060492,22,1028,437915974,44
DEQ,669451691061354,22,1028,444914741,43
DEQ,669451698034789,22,1028,451886065,42
DEQ,669451705066881,22,1028,458916167,41
DEQ,669451712058775,22,1028,465905610,40
DEQ,669451719016639,22,1028,472861390,39
DEQ,669451726059931,22,1028,479902494,38
DEQ,669451733058993,22,1028,486899431,37
DEQ,669451740036268,22,1028,493874561,36
DEQ,669451747062183,22,1028,500898399,35
DEQ,669451754061236,22,1028,507895112,34
DEQ,669451761047878,22,1028,514879663,33
DEQ,669451768075133,22,1028,521904866,32
DEQ,669451775063059,22,1028,528890761,31
DEQ,669451782043749,22,1028,535869370,30
DEQ,669451789064161,22,1028,542887750,62
DEQ,669451796057127,22,1028,549878592,61
DEQ,669451803045024,22,1028,556864400,60
DEQ,669451810056228,22,1028,563873542,59
DEQ,669451817072265,22,1028,570887457,58
DEQ,669451824046912,22,1028,577860130,57
DEQ,669451831067469,22,1028,584878613,56
DEQ,669451838059671,22,1028,591868780,55
DEQ,669451845038831,22,1028,598845735,54
DEQ,669451851998619,22,1028,605803356,53
DEQ,669451859059074,22,1028,610163860,52
DEQ,669451866060153,22,1028,483933329,51
DEQ,669451872999207,22,1028,490861995,50
DEQ,669451880062023,22,1028,497922354,49
DEQ,669451887062401,22,1028,504920506,48
DEQ,669451894005473,22,1028,511861530,47
DEQ,669451901065434,22,1028,518919318,46
DEQ,669451908039994,22,1028,525891542,45
DEQ,669451914961364,22,1028,532810857,44
DEQ,669451922065963,22,1028,539913388,75
DEQ,669451929066269,22,1028,546911353,74
DEQ,669451935996099,22,1028,553839112,73
DEQ,669451943065043,22,1028,560905939,72
DEQ,669451950055475,22,1028,567894266,71
DEQ,669451957013288,22,1028,574849947,70
DEQ,669451964051253,22,84,453925924,69
DEQ,669451971057651,22,1028,324941626,68
DEQ,669451978025397,22,1028,331900541,67
DEQ,669451985057446,22,1028,338930342,66
DEQ,669451992061851,22,1028,344435923,65
DEQ,669451999030580,22,1028,216886815,64
DEQ,669452005999747,22,1028,223847388,63
DEQ,669452013065669,22,1028,230911046,62
DEQ,669452020049508,22,1028,237892768,61
DEQ,669452027058269,22,1028,244899450,60
DEQ,669452034062918,22,1028,251902113,59
DEQ,669452041047378,22,1028,258884184,58
DEQ,669452048058748,22,1028,265893364,57
DEQ,669452055061312,22,1028,272892661,88
DEQ,669452061992734,22,1028,279821959,87
DEQ,669452068994870,22,1028,286822031,86
DEQ,669452076062538,22,1028,293887709,85
DEQ,669452083065944,22,1028,300889103,84
DEQ,669452089998030,22,1028,307819193,83
DEQ,669452097055467,22,1028,314874613,82
DEQ,669452104060479,22,1028,321877235,81
DEQ,669452111065612,22,1028,328880354,80
DEQ,669452118066219,22,1028,335878951,79
DEQ,669452125074702,22,1028,342885351,78
DEQ,669452132060948,22,1028,349869438,77
DEQ,669452139067945,22,1028,356874454,76
DEQ,669452146058652,22,1028,363863116,75
DEQ,669452152998884,22,1028,370801290,74
DEQ,669452160061920,22,1028,377862234,73
DEQ,669452167059921,22,1028,384858261,72
DEQ,669452174058008,22,1028,391854290,71
DEQ,669452181064836,22,1028,398859130,70
DEQ,669452188055331,22,1028,405847657,80
DEQ,669452195063147,22,1028,412853422,79
DEQ,669452202062818,22,1028,419850573,78
STATS,669452202201150,78,80184,4931,4853,0,0,0
DEQ,669452209048676,22,1028,426834330,77
DEQ,669452216063016,22,1028,433846694,76
DEQ,669452223063117,22,1028,437389304,75
DEQ,669452230057417,22,1028,311938565,74
DEQ,669452237065732,22,1028,318938275,73
DEQ,669452244063686,22,1028,325934091,72
DEQ,669452251064017,22,1028,332932237,71
DEQ,669452258056930,22,1028,339923077,70
DEQ,669452265063261,22,1028,346927406,69
DEQ,669452272066194,22,1028,353928265,68
DEQ,669452279063752,22,1028,360923842,67
DEQ,669452286061591,22,1028,367919601,66
DEQ,669452293057761,22,1028,374913718,65
DEQ,669452300056858,22,1028,381910689,64
DEQ,669452307062985,22,1028,388914743,63
DEQ,669452314057018,22,1028,395906691,62
DEQ,669452321059117,22,1028,402906630,61
DEQ,669452328059431,22,1028,409904961,60
DEQ,669452335059171,22,1028,416902324,59
DEQ,669452342057784,22,1028,423898797,58
DEQ,669452349059837,22,1028,430898827,57
DEQ,669452356058486,22,1028,437894965,56
DEQ,669452363064757,22,1028,444899068,55
DEQ,669452370047661,22,1028,451879942,54
DEQ,669452377058960,22,1028,458889226,53
DEQ,669452384061766,22,1028,465889941,52
DEQ,669452391046410,22,1028,472872565,51
DEQ,669452398059659,22,1028,479883813,50
DEQ,669452405071297,22,1028,486893345,49
DEQ,669452412072597,22,1028,493892663,48
DEQ,669452419060979,22,1028,500878913,47
DEQ,669452426052910,22,1028,507868671,46
DEQ,669452433079621,22,1028,514893308,45
DEQ,669452440059045,22,1028,521870711,44
DEQ,669452446985372,22,1028,527866383,43
DEQ,669452454063565,22,1028,399936767,42
DEQ,669452461066456,22,1028,406930873,50
DEQ,669452467968410,22,1028,413830482,49
DEQ,669452475064797,22,1028,420924670,48
DEQ,669452482062767,22,1028,427920378,47
DEQ,669452489014167,22,1028,434869682,46
DEQ,669452496060462,22,1028,441913965,45
DEQ,669452503055199,22,1028,448906681,44
DEQ,669452510038170,22,1028,455886549,43
DEQ,669452517067135,22,1028,462913375,42
DEQ,669452524056049,22,1028,469900201,41
DEQ,669452530933324,22,1028,476775419,40
DEQ,669452538058552,22,1028,483898614,39
DEQ,669452545063212,22,1028,490901058,38
DEQ,669452552045125,22,1028,497880954,37
DEQ,669452559055954,22,1028,504889715,36
DEQ,669452566063688,22,1028,511895264,35
DEQ,669452573052979,22,1028,518882525,34
DEQ,669452580063324,22,1028,525890867,33
DEQ,669452587057169,22,1028,532882664,32
DEQ,669452594044944,22,1028,539868375,64
DEQ,669452601058836,22,1028,546880273,63
DEQ,669452608056810,22,1028,553876131,62
DEQ,669452615049079,22,1028,560866427,61
DEQ,669452621997082,22,1028,567812346,60
DEQ,669452629065188,22,1028,574878338,59
DEQ,669452636054587,22,1028,581865736,58
DEQ,669452642998872,22,1028,588807979,57
DEQ,669452650054259,22,1028,595861410,56
DEQ,669452657057142,22,1028,602862220,55
DEQ,669452664002163,22,1028,609805128,54
DEQ,669452671060391,22,1028,616861238,53
DEQ,669452678061813,22,1028,495939571,52
DEQ,669452685072666,22,1028,502941601,51
DEQ,669452692062036,22,1028,509928850,50
DEQ,669452699060878,22,1028,516925624,49
DEQ,669452706030530,22,1028,523893192,48
DEQ,669452713065207,22,1028,530925777,47
DEQ,669452720061502,22,1028,537919899,46
DEQ,669452727044898,22,1028,544901204,77
DEQ,669452734061449,22,1028,551914405,76
DEQ,669452741057498,22,1028,558908180,75
DEQ,669452748058813,22,1028,565907171,74
DEQ,669452755064100,22,1028,300898083,73
DEQ,669452762056290,22,1028,307881765,72
DEQ,669452769047193,22,1028,314870541,71
DEQ,669452776061740,22,1028,321882662,70
DEQ,669452783059651,22,1028,328878556,69
DEQ,669452790055060,22,1028,335871809,68
DEQ,669452797062811,22,1028,342877482,67
DEQ,669452804062021,22,1028,348782606,66
DEQ,669452811061991,22,1028,351592688,65
DEQ,669452817997479,22,1028,227869755,64
DEQ,669452825058390,22,1028,234922022,63
DEQ,669452832078228,22,1028,241939617,62
DEQ,669452838997929,22,84,248857123,61
DEQ,669452846058625,22,1028,255915540,60
DEQ,669452852933956,22,1028,262788804,59
DEQ,669452859993564,22,1028,269846294,87
DEQ,669452866992628,22,1028,276843316,86
DEQ,669452874070782,22,1028,283919402,85
DEQ,669452881064451,22,1028,290910985,84
DEQ,669452888062707,22,1028,297907236,83
DEQ,669452894991630,22,1028,304834061,82
DEQ,669452902059640,22,1028,311899879,81
DEQ,669452909065137,22,1028,318903385,80
DEQ,669452916055382,22,1028,325891556,79
DEQ,669452923045050,22,1028,332879273,78
DEQ,669452930049892,22,1028,339882107,77
DEQ,669452937067535,22,1028,346897610,76
DEQ,669452944058337,22,1028,353886372,75
DEQ,669452951048480,22,1028,360874475,74
DEQ,669452958053262,22,1028,367877162,73
DEQ,669452965046497,22,1028,374868366,72
DEQ,669452972062571,22,1028,381882069,71
DEQ,669452979062969,22,1028,388880391,70
DEQ,669452986059271,22,1028,395874577,69
DEQ,669452993063263,22,1028,402876594,126
DEQ,669453000049900,22,1028,409861273,125
DEQ,669453007057407,22,1028,416866534,124
DEQ,669453013997419,22,1028,423804495,123
DEQ,669453021019700,22,1028,430824765,122
DEQ,669453028049209,22,1028,437851998,121
DEQ,669453035056823,22,1028,444857467,120
DEQ,669453042059388,22,1028,448703313,119
DEQ,669453049001926,22,1028,322883526,118
DEQ,669453056024983,22,1028,329897820,117
DEQ,669453062993909,22,1028,336864551,116
DEQ,669453069997068,22,1028,343865382,115
DEQ,669453077058812,22,1028,350924989,114
DEQ,669453084057506,22,1028,357921372,113
DEQ,669453091073619,22,1028,364934313,112
DEQ,669453098058982,22,1028,371917491,111
DEQ,669453105066030,22,1028,378922430,110
DEQ,669453112063266,22,1028,385917674,109
DEQ,669453119063896,22,1028,392916215,108
DEQ,669453126059137,22,1028,399909464,107
DEQ,669453133067140,22,1028,406915315,141
DEQ,669453140066918,22,1028,413913082,140
DEQ,669453147065106,22,1028,420909138,139
DEQ,669453154064744,22,1028,427906796,138
DEQ,669453161065288,22,1028,434905252,137
DEQ,669453168060425,22,1028,441898215,136
DEQ,669453175061117,22,1028,448896838,135
DEQ,669453182054407,22,1028,455888124,134
DEQ,669453189052906,22,1028,462884616,133
DEQ,669453196064974,22,1028,469894645,132
DEQ,669453203057103,22,1028,476884729,131
STATS,669453203198940,131,134668,5127,4996,0,0,0
DEQ,669453210049145,22,1028,483874685,130
DEQ,669453217058790,22,1028,490882353,129
DEQ,669453224058293,22,1028,497879710,128
DEQ,669453231064866,22,1028,504884257,127
DEQ,669453238059966,22,1028,511876539,126
DEQ,669453245062858,22,1028,518877419,125
DEQ,669453252054924,22,1028,525867414,124
DEQ,669453259056986,22,1028,532867327,123
DEQ,669453266062462,22,1028,539478477,122
DEQ,669453273053756,22,1028,419018653,121
DEQ,669453280054994,22,1028,426010397,120
DEQ,669453287060669,22,1028,433013381,119
DEQ,669453294058345,22,1028,440008806,118
DEQ,669453301057872,22,1028,447006084,117
DEQ,669453308060837,22,1028,454006656,116
DEQ,669453315058587,22,1028,461002372,115
DEQ,669453322054981,22,1028,467996544,114
DEQ,669453329058738,22,1028,474998153,113
DEQ,669453336056739,22,1028,481994070,112
DEQ,669453343061968,22,1028,488997092,111
DEQ,669453350063308,22,1028,495996201,110
DEQ,669453357056223,22,1028,502987043,109
DEQ,669453364056666,22,1028,509985423,108
DEQ,669453371062764,22,1028,516989563,107
DEQ,669453378063244,22,1028,523987999,106
DEQ,669453385053432,22,1028,530975818,105
DEQ,669453392056566,22,1028,537976683,104
DEQ,669453399057480,22,1028,544975595,103
DEQ,669453406059015,22,1028,551975137,102
DEQ,669453413078397,22,1028,558992403,101
DEQ,669453420062214,22,1028,565974179,100
DEQ,669453427052354,22,1028,572962046,99
DEQ,669453434052237,22,1028,579959668,98
DEQ,669453441058544,22,1028,586963751,97
DEQ,669453448058134,22,1028,593961288,96
DEQ,669453455052710,22,1028,600953260,95
DEQ,669453462044664,22,1028,607943096,94
DEQ,669453469052719,22,1028,614949113,93
DEQ,669453476044479,22,1028,485924374,92
DEQ,669453483063088,22,1028,492933047,91
DEQ,669453490056487,22,1028,499923353,90
DEQ,669453497045685,22,1028,506910280,89
DEQ,669453504063172,22,1028,513925291,88
DEQ,669453511062769,22,1028,520921571,87
DEQ,669453518057450,22,1028,527913926,86
DEQ,669453525070818,22,1028,534925122,85
DEQ,669453532005082,22,1028,541857234,85
DEQ,669453539062109,22,1028,548912144,84
DEQ,669453546061363,22,1028,555909239,83
DEQ,669453553055459,22,1028,562901186,82
DEQ,669453560063198,22,1028,569906835,81
DEQ,669453567058607,22,1028,576900117,80
DEQ,669453574063160,22,1028,583902615,79
DEQ,669453581064377,22,1028,590901734,78
DEQ,669453588058208,22,1028,597893411,77
DEQ,669453595052813,22,1028,604885376,76
DEQ,669453602063182,22,1028,611893601,75
DEQ,669453609063606,22,1028,618891843,74
DEQ,669453616056431,22,1028,625882204,73
DEQ,669453623060128,22,1028,632883859,72
DEQ,669453630060480,22,1028,639882060,71
DEQ,669453637064285,22,1028,646883541,70
DEQ,669453644055646,22,1028,653872615,69
DEQ,669453651058539,22,1028,660873401,68
DEQ,669453658062320,22,1028,667875122,67
DEQ,669453665071264,22,1028,674881925,66
DEQ,669453672067275,22,1028,681875790,65
DEQ,669453679059416,22,1028,688865865,64
DEQ,669453686059918,22,1028,695864276,63
DEQ,669453693062703,22,1028,702864904,62
DEQ,669453700057268,22,1028,709857265,61
DEQ,669453707058486,22,1028,716856347,60
DEQ,669453714051476,22,1028,723846660,59
DEQ,669453721062665,22,1028,730855781,58
DEQ,669453728054780,22,1028,737845763,57
DEQ,669453735058480,22,1028,744846473,56
DEQ,669453742056569,22,1028,751842488,55
DEQ,669453749051722,22,1028,758835589,54
DEQ,669453756051343,22,1028,765833055,53
DEQ,669453763055175,22,1028,772834754,52
DEQ,669453770057995,22,1028,779835490,51
DEQ,669453777062616,22,1028,786837978,50
DEQ,669453784060509,22,1028,793833728,49
DEQ,669453791053791,22,1028,800824911,48
DEQ,669453798057285,22,1028,807826325,47
DEQ,669453805047525,22,1028,814814506,50
DEQ,669453812057710,22,1028,821822544,49
DEQ,669453819005413,22,1028,828768047,48
DEQ,669453826072596,22,1028,835833240,47
DEQ,669453833059938,22,1028,842818501,46
DEQ,669453840056337,22,1028,849812740,45
DEQ,669453847060612,22,1028,856814977,44
DEQ,669453853997959,22,1028,863750170,43
DEQ,669453861045941,22,1028,870795713,42
DEQ,669453868046627,22,1028,877633133,41
DEQ,669453875070970,22,1028,882463174,40
DEQ,669453881997407,22,1028,755834496,39
DEQ,669453889033140,22,1028,762861202,38
DEQ,669453896044220,22,1028,769870019,37
DEQ,669453903059106,22,1028,776882651,36
DEQ,669453909996985,22,1028,783818136,35
DEQ,669453916972433,22,1028,790791341,34
DEQ,669453923990754,22,1028,797807482,33
DEQ,669453931053433,22,1028,804867949,32
DEQ,669453938051861,22,1028,811864253,92
DEQ,669453945061402,22,1028,818871730,91
DEQ,669453952062385,22,1028,825870592,90
DEQ,669453959061634,22,1028,832867679,89
DEQ,669453966070918,22,1028,839874898,88
DEQ,669453973054923,22,1028,846856260,87
DEQ,669453980061230,22,1028,853860503,86
DEQ,669453987066983,22,1028,860864236,85
DEQ,669453994063255,22,1028,867858443,84
DEQ,669454001064829,22,1028,874858052,83
DEQ,669454008060103,22,1028,881851348,82
DEQ,669454015062571,22,1028,888851665,81
DEQ,669454022072599,22,1028,895859631,80
DEQ,669454029059184,22,1028,902844155,79
DEQ,669454036066335,22,1028,909848865,78
DEQ,669454043061657,22,1028,916841961,77
DEQ,669454050047071,22,1028,923825226,76
DEQ,669454057056691,22,1028,930832878,75
DEQ,669454063989973,22,1028,937764132,74
DEQ,669454071046304,22,1028,944818380,75
DEQ,669454078056544,22,1028,951826554,74
DEQ,669454085062752,22,1028,958830772,73
DEQ,669454092054617,22,1028,965820448,72
DEQ,669454099063393,22,1028,972827068,71
DEQ,669454106062181,22,1028,979823845,70
DEQ,669454113054046,22,1028,986812564,69
DEQ,669454120061207,22,1028,993817594,68
DEQ,669454127056612,22,84,600923313,67
DEQ,669454134058778,22,1028,335913505,66
DEQ,669454141078688,22,1028,340936713,65
DEQ,669454148054163,22,1028,345831410,64
DEQ,669454155062440,22,1028,350644256,63
DEQ,669454162062062,22,1028,227937062,62
DEQ,669454169056631,22,1028,234922771,61
DEQ,669454176065403,22,1028,241929196,60
DEQ,669454183060828,22,1028,248922278,59
DEQ,669454190067047,22,1028,255926177,58
DEQ,669454197062554,22,1028,262919524,57
DEQ,669454204059908,22,1028,269914637,56
STATS,669454204195641,56,57568,5195,5139,0,0,0
DEQ,669454211065794,22,1028,276918344,55
DEQ,669454218053810,22,1028,283904046,54
DEQ,669454225062452,22,1028,290910263,53
DEQ,669454232065403,22,1028,297910838,52
DEQ,669454239058323,22,1028,304901498,51
DEQ,669454246057863,22,1028,311898920,50
DEQ,669454253062492,22,1028,318901456,49
DEQ,669454260058746,22,1028,325895459,48
DEQ,669454267065878,22,1028,332900484,47
DEQ,669454274070874,22,1028,339903239,46
DEQ,669454281063540,22,1028,346893859,45
DEQ,669454288058779,22,1028,353886962,44
DEQ,669454295060533,22,1028,360886610,43
DEQ,669454301996453,22,1028,367820471,42
DEQ,669454309067992,22,1028,374889333,41
DEQ,669454316057333,22,1028,381876520,40
DEQ,669454323059996,22,1028,388877058,39
DEQ,669454329997266,22,1028,395812056,38
DEQ,669454337038146,22,1028,402850762,67
DEQ,669454344054383,22,1028,409864812,66
DEQ,669454351062394,22,1028,416870753,65
DEQ,669454358061412,22,1028,423867769,64
DEQ,669454364998615,22,1028,430802883,63
DEQ,669454372040523,22,1028,437842607,62
DEQ,669454379049210,22,1028,444849185,61
DEQ,669454386064412,22,1028,451861971,60
DEQ,669454393001368,22,1028,458796633,59
DEQ,669454400016633,22,1028,465809525,58
DEQ,669454407060468,22,1028,472851332,57
DEQ,669454414052935,22,1028,479841645,56
DEQ,669454421064758,22,1028,486851484,55
DEQ,669454428063468,22,1028,493848129,54
DEQ,669454435063548,22,1028,500846228,53
DEQ,669454442057187,22,1028,507837877,52
DEQ,669454449070025,22,1028,514848743,51
DEQ,669454456061798,22,1028,521837213,50
DEQ,669454463056610,22,1028,528829894,49
DEQ,669454470064481,22,1028,535835743,48
DEQ,669454477063816,22,1028,542832998,84
DEQ,669454484054754,22,1028,549821887,83
DEQ,669454491063942,22,1028,556829016,82
DEQ,669454498059483,22,1028,563822578,81
DEQ,669454505061674,22,1028,570822698,80
DEQ,669454512063192,22,1028,577822294,79
DEQ,669454519071436,22,1028,584828458,78
DEQ,669454526058622,22,1028,591813660,77
DEQ,669454533074971,22,1028,598827945,76
DEQ,669454540060440,22,1028,605811425,75
DEQ,669454547070344,22,1028,612819185,74
DEQ,669454554059082,22,1028,619805934,73
DEQ,669454561060970,22,1028,626805726,72
DEQ,669454568061598,22,1028,633804286,71
DEQ,669454575070882,22,1028,640781014,70
DEQ,669454582053525,22,1028,645566357,69
DEQ,669454589050685,22,1028,518921194,68
DEQ,669454596056110,22,1028,525917579,67
DEQ,669454603055662,22,1028,268936252,66
DEQ,669454610063539,22,1028,275935392,66
DEQ,669454617066409,22,1028,282934870,65
DEQ,669454624056070,22,1028,289922480,64
DEQ,669454631059794,22,1028,296924188,63
DEQ,669454638063477,22,1028,303925807,62
DEQ,669454645057179,22,1028,310917506,61
DEQ,669454652050968,22,1028,317909282,60
DEQ,669454659062290,22,1028,324918508,59
DEQ,669454666056938,22,1028,331911127,58
DEQ,669454673062329,22,1028,338914529,57
DEQ,669454680057638,22,1028,345907744,56
DEQ,669454687060648,22,1028,352908763,55
DEQ,669454694057631,22,1028,359903752,54
DEQ,669454701064347,22,1028,366908385,53
DEQ,669454708056861,22,1028,373898912,52
DEQ,669454715062223,22,1028,380902312,51
DEQ,669454722048088,22,1028,387886169,50
DEQ,669454729065471,22,1028,394901422,49
DEQ,669454736055974,22,1028,401889859,48
DEQ,669454743046032,22,1028,408877893,47
DEQ,669454750008349,22,1028,415838132,46
DEQ,669454757049391,22,1028,422877167,45
DEQ,669454764060207,22,1028,429885417,44
DEQ,669454770999567,22,1028,436822679,43
DEQ,669454778015135,22,1028,443836242,42
DEQ,669454785056409,22,1028,450875496,41
DEQ,669454792061020,22,1028,457877966,40
DEQ,669454798997050,22,1028,464428120,39
DEQ,669454806049229,22,1028,469276317,38
DEQ,669454813045569,22,1028,342872582,37
DEQ,669454820051827,22,1028,349869904,36
DEQ,669454827056664,22,1028,356872458,35
DEQ,669454833996939,22,1028,363810277,34
DEQ,669454841031659,22,1028,370842886,33
DEQ,669454848046446,22,1028,377855589,32
DEQ,669454855056436,22,1028,384863293,31
DEQ,669454861997624,22,1028,391802308,30
DEQ,669454868997933,22,1028,398800184,29
DEQ,669454876053766,22,1028,405853703,90
DEQ,669454883060307,22,1028,412857593,89
DEQ,669454890054668,22,1028,419849786,88
DEQ,669454897066811,22,1028,426859632,87
DEQ,669454904061514,22,1028,433851132,86
DEQ,669454911063743,22,1028,440851183,85
DEQ,669454918077481,22,1028,447862807,84
DEQ,669454925061388,22,1028,454843931,83
DEQ,669454932060943,22,1028,461841376,82
DEQ,669454939061070,22,1028,468839429,81
DEQ,669454946044705,22,1028,475820788,80
DEQ,669454952932922,22,1028,482706874,79
DEQ,669454959932016,22,1028,489703776,78
DEQ,669454966932079,22,1028,496701722,77
DEQ,669454973930965,22,1028,503698426,76
DEQ,669454980935366,22,1028,510700664,75
DEQ,669454988058789,22,1028,517821888,74
DEQ,669454995058067,22,1028,524819119,73
DEQ,669455002059786,22,1028,531818847,72
DEQ,669455009060149,22,1028,538816993,76
DEQ,669455016062338,22,1028,545816959,75
DEQ,669455023046962,22,1028,552799401,74
DEQ,669455030061288,22,1028,559811567,73
DEQ,669455037062164,22,1028,566810428,72
DEQ,669455044057582,22,1028,573803683,71
DEQ,669455051058055,22,1028,580802084,70
DEQ,669455058049568,22,1028,587791437,69
DEQ,669455064993534,22,1028,594733326,68
DEQ,669455072063270,22,84,465936506,67
DEQ,669455079046393,22,1028,208910887,66
DEQ,669455086056756,22,1028,215916221,65
DEQ,669455093051300,22,1028,222908972,64
DEQ,669455100065994,22,1028,229921746,63
DEQ,669455107065444,22,1028,236919458,62
DEQ,669455114061723,22,1028,243913870,61
DEQ,669455121066739,22,1028,250916813,60
DEQ,669455128062911,22,1028,257910783,59
DEQ,669455135062324,22,1028,264908380,58
DEQ,669455142054985,22,1028,271886783,57
DEQ,669455149063369,22,1028,278893326,56
DEQ,669455156057262,22,1028,285885310,55
DEQ,669455163064221,22,1028,292890296,54
DEQ,669455170057839,22,1028,299882011,53
DEQ,669455177065377,22,1028,306887585,52
DEQ,669455184060743,22,1028,313881057,51
DEQ,669455191062763,22,1028,320880892,50
DEQ,669455198066441,22,1028,327882729,49
DEQ,669455205061369,22,1028,334875676,48
STATS,669455205197714,48,49344,5330,5282,0,0,0
DEQ,669455212058873,22,1028,341871278,47
DEQ,669455219065403,22,1028,348875972,46
DEQ,669455226014763,22,1028,355823508,45
DEQ,669455233043596,22,1028,362850366,44
DEQ,669455240057574,22,1028,369862388,43
DEQ,669455246998473,22,1028,376801371,42
DEQ,669455254017492,22,1028,383818533,41
DEQ,669455261048802,22,1028,390847869,40
DEQ,669455268055230,22,1028,397852494,39
DEQ,669455274997421,22,1028,404792785,38
DEQ,669455282068369,22,1028,411861936,67
DEQ,669455289053772,22,1028,418845368,66
DEQ,669455296044985,22,1028,425834508,65
DEQ,669455303064353,22,1028,432851858,64
DEQ,669455310004861,22,1028,439787843,63
DEQ,669455317039671,22,1028,446820066,62
DEQ,669455324042236,22,1028,453820421,61
DEQ,669455331062966,22,1028,460838982,60
DEQ,669455337998038,22,1028,467771743,59
DEQ,669455344993682,22,1028,474765156,58
DEQ,669455352061646,22,1028,481830996,57
DEQ,669455359064591,22,1028,488831678,56
DEQ,669455366056511,22,1028,495821484,55
DEQ,669455373064185,22,1028,502827023,54
DEQ,669455380060872,22,1028,509821579,53
DEQ,669455387065382,22,1028,516823988,52
DEQ,669455394057432,22,1028,523813807,51
DEQ,669455401047495,22,1028,530801555,50
DEQ,669455408042049,22,1028,537793894,49
DEQ,669455415042527,22,1028,544792187,85
DEQ,669455422063287,22,1028,551809695,84
DEQ,669455429055317,22,1028,558799489,83
DEQ,669455436055832,22,1028,565797849,82
DEQ,669455443057827,22,1028,572797730,81
DEQ,669455450062477,22,1028,579800244,80
DEQ,669455457057818,22,1028,586793471,79
DEQ,669455464052524,22,1028,593786056,78
DEQ,669455471061959,22,1028,600793383,77
DEQ,669455478059968,22,1028,607789170,76
DEQ,669455485052048,22,1028,614779145,75
DEQ,669455492058450,22,1028,621044939,74
DEQ,669455499063131,22,1028,625851119,73
DEQ,669455506054084,22,1028,630641935,72
DEQ,669455513058636,22,1028,506936799,71
DEQ,669455520055618,22,1028,513921783,70
DEQ,669455527078468,22,1028,520942318,69
DEQ,669455534059216,22,1028,527920719,68
DEQ,669455541064215,22,1028,534923447,67
DEQ,669455548060309,22,1028,269933006,66
DEQ,669455555065903,22,1028,276929558,65
DEQ,669455562059447,22,1028,283920732,64
DEQ,669455569064998,22,1028,290924177,63
DEQ,669455576053787,22,1028,297910736,62
DEQ,669455583064699,22,1028,304919009,61
DEQ,669455590056795,22,1028,311906908,60
DEQ,669455597056872,22,1028,318904856,59
DEQ,669455604053949,22,1028,325899905,58
DEQ,669455611057716,22,1028,332901631,57
DEQ,669455618061522,22,1028,339903331,56
DEQ,669455625053514,22,1028,346893249,55
DEQ,669455632059047,22,1028,353896688,54
DEQ,669455639045756,22,1028,360881279,53
DEQ,669455646063158,22,1028,367896686,52
DEQ,669455653050198,22,1028,374881725,51
DEQ,669455660057361,22,1028,381886902,50
DEQ,669455667061983,22,1028,388889500,49
DEQ,669455674061502,22,1028,395887038,48
DEQ,669455681057792,22,1028,402881233,48
DEQ,669455688057356,22,1028,409878637,47
DEQ,669455695059109,22,1028,416878385,46
DEQ,669455702063986,22,1028,423880824,45
DEQ,669455709070954,22,1028,430885742,44
DEQ,669455715997753,22,1028,437810327,43
DEQ,669455723055185,22,1028,444865778,42
DEQ,669455730053916,22,1028,451862524,41
DEQ,669455737055180,22,1028,458861272,40
DEQ,669455743996256,22,1028,464168697,39
DEQ,669455751036124,22,1028,469056697,38
DEQ,669455758050759,22,1028,343926203,37
DEQ,669455765056064,22,1028,350922929,36
DEQ,669455772057450,22,1028,357922068,35
DEQ,669455779053534,22,1028,364916080,34
DEQ,669455786046452,22,1028,371906762,33
DEQ,669455793047211,22,1028,378905295,32
DEQ,669455800056268,22,1028,385912251,31
DEQ,669455806997496,22,1028,392851437,30
DEQ,669455814040594,22,1028,399892485,29
DEQ,669455821055424,22,1028,406905335,90
DEQ,669455828057688,22,1028,413904383,89
DEQ,669455835064236,22,1028,420908853,88
DEQ,669455842058022,22,1028,427900535,87
DEQ,669455849060686,22,1028,434901206,86
DEQ,669455856059981,22,1028,441898482,85
DEQ,669455863063462,22,1028,448899526,84
DEQ,669455870058738,22,1028,455892624,83
DEQ,669455877053739,22,1028,462885573,82
DEQ,669455884062027,22,1028,469891672,81
DEQ,669455891066426,22,1028,476894058,80
DEQ,669455898060413,22,1028,483885139,79
DEQ,669455905065121,22,1028,490887770,78
DEQ,669455912055607,22,1028,497876058,77
DEQ,669455918933170,22,1028,504751482,76
DEQ,669455926059028,22,1028,511875022,75
DEQ,669455932998776,22,1028,518812504,74
DEQ,669455940064993,22,1028,525876617,73
DEQ,669455947052672,22,1028,532862142,72
DEQ,669455954053133,22,1028,539860518,76
DEQ,669455960932533,22,1028,546737805,75
DEQ,669455968059687,22,1028,553862939,74
DEQ,669455975062654,22,1028,560863696,73
DEQ,669455982048090,22,1028,567846986,72
DEQ,669455989071903,22,1028,574868595,71
DEQ,669455996060839,22,1028,581855389,70
DEQ,669456003064030,22,1028,588856271,69
DEQ,669456010056719,22,1028,595846816,68
DEQ,669456017054277,22,84,338935089,67
DEQ,669456024060571,22,1028,209919747,66
DEQ,669456031057635,22,1028,216907991,65
DEQ,669456038055600,22,1028,223903755,64
DEQ,669456045055067,22,1028,230900578,63
DEQ,669456052055532,22,1028,237898698,62
DEQ,669456059052445,22,1028,244893302,61
DEQ,669456065989912,22,1028,251828147,60
DEQ,669456073061708,22,1028,258897893,59
DEQ,669456080055334,22,1028,265889350,58
DEQ,669456087047321,22,1028,272879334,57
DEQ,669456094060980,22,1028,279890932,56
DEQ,669456101050742,22,1028,286878683,55
DEQ,669456108056343,22,1028,293882306,54
DEQ,669456115051728,22,1028,300875655,53
DEQ,669456122057176,22,1028,307878967,52
DEQ,669456129052876,22,1028,314872670,51
DEQ,669456136058921,22,1028,321876649,50
DEQ,669456143060838,22,1028,328876541,49
DEQ,669456150058965,22,1028,335872563,48
DEQ,669456157063348,22,1028,342874890,47
DEQ,669456164061325,22,1028,349870864,46
DEQ,669456171051637,22,1028,356859150,45
DEQ,669456178063570,22,1028,363869031,44
DEQ,669456185070249,22,1028,370873725,43
DEQ,669456191995638,22,1028,377796920,42
DEQ,669456199059508,22,1028,384858706,41
DEQ,669456206047329,22,1028,391844428,40
STATS,669456206178720,40,41120,5465,5425,0,0,0
DEQ,669456213056495,22,1028,398851586,39
DEQ,669456219993762,22,1028,405786555,64
DEQ,669456227033179,22,1028,412823951,63
DEQ,669456234043267,22,1028,419832040,62
DEQ,669456241070695,22,1028,426857029,61
DEQ,669456248060483,22,1028,433844821,60
DEQ,669456255000889,22,1028,440783194,59
DEQ,669456262049542,22,1028,447829863,58
DEQ,669456269044980,22,1028,454823305,57
DEQ,669456276051023,22,1028,461826862,56
DEQ,669456282997756,22,1028,468771592,55
DEQ,669456290030206,22,1028,475802043,54
DEQ,669456297059290,22,1028,482829046,53
DEQ,669456304059689,22,1028,489827449,52
DEQ,669456311059148,22,1028,496824919,51
DEQ,669456318041953,22,1028,503805604,50
DEQ,669456325061862,22,1028,510823338,49
DEQ,669456332053789,22,1028,517813240,48
DEQ,669456339055993,22,1028,524813474,47
DEQ,669456346062052,22,1028,531817523,46
DEQ,669456353057600,22,1028,538811096,86
DEQ,669456360055606,22,1028,545806999,85
DEQ,669456367054953,22,1028,552804376,84
DEQ,669456374055397,22,1028,559802879,83
DEQ,669456381061615,22,1028,566807073,82
DEQ,669456388056117,22,1028,573799591,81
DEQ,669456395061395,22,1028,580802809,80
DEQ,669456402061608,22,1028,587800945,79
DEQ,669456409061612,22,1028,594798877,78
DEQ,669456416058815,22,1028,601794017,77
DEQ,669456423057471,22,1028,608790470,76
DEQ,669456430059532,22,1028,615790224,75
DEQ,669456437054811,22,1028,621099424,74
DEQ,669456444060265,22,1028,625923867,73
DEQ,669456451057559,22,1028,630712309,72
DEQ,669456458062103,22,1028,507941010,71
DEQ,669456465058261,22,1028,514928144,70
DEQ,669456472055289,22,1028,521922756,69
DEQ,669456479057452,22,1028,528922602,68
DEQ,669456486057090,22,1028,535919979,67
DEQ,669456493060918,22,1028,278930503,66
DEQ,669456500056631,22,1028,285917247,65
DEQ,669456507054746,22,1028,292913185,64
DEQ,669456514070747,22,1028,299926923,63
DEQ,669456521054642,22,1028,306908708,62
DEQ,669456528060769,22,1028,313912461,61
DEQ,669456535056192,22,1028,320905531,60
DEQ,669456542056239,22,1028,327903256,59
DEQ,669456549063214,22,1028,334907719,58
DEQ,669456556055403,22,1028,341897777,57
DEQ,669456563063215,22,1028,348901979,56
DEQ,669456570048643,22,1028,355885044,55
DEQ,669456577061530,22,1028,362895681,54
DEQ,669456584052847,22,1028,369884667,53
DEQ,669456591057373,22,1028,376886580,52
DEQ,669456598047741,22,1028,383874849,51
DEQ,669456605061539,22,1028,390886506,50
DEQ,669456612054520,22,1028,397877424,49
DEQ,669456619044804,22,1028,404865694,48
DEQ,669456626061093,22,1028,411879719,48
DEQ,669456633063215,22,1028,418879724,47
DEQ,669456640029918,22,1028,425844165,46
DEQ,669456647059517,22,1028,432871434,45
DEQ,669456654059523,22,1028,439869165,44
DEQ,669456660997487,22,1028,445046209,43
DEQ,669456668044872,22,1028,449893881,42
DEQ,669456675047899,22,1028,324927317,41
DEQ,669456682057736,22,1028,331928400,40
DEQ,669456689055700,22,1028,338924218,39
DEQ,669456695996240,22,1028,345862711,38
DEQ,669456703051364,22,1028,352915745,37
DEQ,669456710058336,22,1028,359920704,36
DEQ,669456717063678,22,1028,366923958,35
DEQ,669456723996260,22,1028,373853394,34
DEQ,669456731030719,22,1028,380885784,33
DEQ,669456738053770,22,1028,387906696,32
DEQ,669456745075205,22,1028,394926038,31
DEQ,669456751999113,22,1028,401847963,30
DEQ,669456759075161,22,1028,408921940,88
DEQ,669456766064057,22,1028,415908844,87
DEQ,669456773060112,22,1028,422902907,86
DEQ,669456780069861,22,1028,429910672,85
DEQ,669456787052971,22,1028,436891456,84
DEQ,669456794059690,22,1028,443896015,83
DEQ,669456801061446,22,1028,450895068,82
DEQ,669456808052718,22,1028,457884128,81
DEQ,669456815055623,22,1028,464884989,80
DEQ,669456822059410,22,1028,471886534,79
DEQ,669456829061481,22,1028,478886473,78
DEQ,669456836056020,22,1028,485878804,77
DEQ,669456843055610,22,1028,492876172,76
DEQ,669456850048510,22,1028,499866943,75
DEQ,669456857058035,22,1028,506874279,74
DEQ,669456864055189,22,1028,513869378,73
DEQ,669456871055559,22,1028,520866957,72
DEQ,669456877997838,22,1028,527807166,71
DEQ,669456885061295,22,1028,534868298,70
DEQ,669456892056032,22,1028,541860926,77
DEQ,669456899057188,22,1028,548859793,76
DEQ,669456906055159,22,1028,555855701,75
DEQ,669456913074496,22,1028,562872660,74
DEQ,669456920044241,22,1028,569840195,73
DEQ,669456927060517,22,1028,576854300,72
DEQ,669456934055333,22,1028,583847097,71
DEQ,669456941050590,22,1028,590840086,70
DEQ,669456948059415,22,1028,597846691,69
DEQ,669456955055440,22,1028,604840657,68
DEQ,669456962043913,22,84,339925761,67
DEQ,669456969057217,22,1028,210938031,66
DEQ,669456976056811,22,1028,217928348,65
DEQ,669456983045291,22,1028,224914635,64
DEQ,669456990056662,22,1028,231923610,63
DEQ,669456997052235,22,1028,238916850,62
DEQ,669457004050098,22,1028,245912268,61
DEQ,669457011061439,22,1028,252921419,60
DEQ,669457018056308,22,1028,259912670,59
DEQ,669457025061554,22,1028,266914963,58
DEQ,669457032025874,22,1028,273877023,57
DEQ,669457039058836,22,1028,280907669,56
DEQ,669457046053532,22,1028,287900095,55
DEQ,669457053061357,22,1028,294905547,54
DEQ,669457060058382,22,1028,301900391,53
DEQ,669457066998985,22,1028,308838846,52
DEQ,669457074048471,22,1028,315886194,51
DEQ,669457081055611,22,1028,322890780,50
DEQ,669457088056814,22,1028,329889589,49
DEQ,669457095052078,22,1028,336882628,48
DEQ,669457102062729,22,1028,343890926,47
DEQ,669457109061347,22,1028,350887069,46
DEQ,669457116045832,22,1028,357869272,45
DEQ,669457123048821,22,1028,364870128,44
DEQ,669457130055820,22,1028,371874802,43
DEQ,669457137004832,22,1028,378821684,42
DEQ,669457144036789,22,1028,385851316,41
DEQ,669457151044581,22,1028,392856872,40
DEQ,669457158060897,22,1028,399870844,39
DEQ,669457164996159,22,1028,406803430,64
DEQ,669457172038446,22,1028,413843546,63
DEQ,669457179047157,22,1028,420849892,62
DEQ,669457186059984,22,1028,427860616,61
DEQ,669457193060188,22,1028,434858457,60
DEQ,669457199996447,22,1028,441792458,59
DEQ,669457207060454,22,1028,448854009,58
STATS,669457207197981,58,59624,5626,5568,0,0,0
DEQ,669457214058475,22,1028,455849893,57
DEQ,669457221074260,22,1028,462863427,56
DEQ,669457227997883,22,1028,469784799,55
DEQ,669457235015080,22,1028,476799729,54
DEQ,669457242050769,22,1028,483833277,53
DEQ,669457249062226,22,1028,490842477,52
DEQ,669457256055331,22,1028,497833479,51
DEQ,669457263057598,22,1028,504833619,50
DEQ,669457270058962,22,1028,511832675,49
DEQ,669457277069505,22,1028,518840967,48
DEQ,669457284058126,22,1028,525827148,47
DEQ,669457291061263,22,1028,532828119,46
DEQ,669457298060906,22,1028,539825685,86
DEQ,669457305055424,22,1028,546818036,85
DEQ,669457312056697,22,1028,553817040,84
DEQ,669457319061215,22,1028,560819406,83
DEQ,669457326055821,22,1028,567811841,82
DEQ,669457333054718,22,1028,574808607,81
DEQ,669457340056688,22,1028,581808276,80
DEQ,669457347055474,22,1028,588804811,79
DEQ,669457354056636,22,1028,595803439,78
DEQ,669457361057005,22,1028,602801697,77
DEQ,669457368056679,22,1028,609799277,76
DEQ,669457375064596,22,1028,616083412,75
DEQ,669457382055092,22,1028,495929089,74
DEQ,669457389057962,22,1028,502922636,73
DEQ,669457396059225,22,1028,509921628,72
DEQ,669457403055114,22,1028,516915226,71
DEQ,669457410055510,22,1028,523913402,70
DEQ,669457417063522,22,1028,530918966,69
DEQ,669457424072524,22,1028,537925758,68
DEQ,669457431059968,22,1028,544911018,67
DEQ,669457438052134,22,1028,279884165,66
DEQ,669457445069251,22,1028,286892736,65
DEQ,669457452055994,22,1028,293877248,64
DEQ,669457459063323,22,1028,300882330,63
DEQ,669457466058960,22,1028,307875877,62
DEQ,669457473055320,22,1028,314870166,61
DEQ,669457480054930,22,1028,321867764,60
DEQ,669457487060343,22,1028,328871165,59
DEQ,669457494073300,22,1028,335882015,58
DEQ,669457501063835,22,1028,342870364,57
DEQ,669457508049889,22,1028,349853228,56
DEQ,669457515057019,22,1028,356858295,55
DEQ,669457522047875,22,1028,363846649,54
DEQ,669457529061207,22,1028,370857946,53
DEQ,669457536060773,22,1028,377855528,52
DEQ,669457543058690,22,1028,384851433,51
DEQ,669457550056698,22,1028,391847425,50
DEQ,669457557056228,22,1028,398844903,49
DEQ,669457564053173,22,1028,405839658,48
DEQ,669457571066112,22,1028,412850539,47
DEQ,669457578055812,22,1028,419838171,46
DEQ,669457585062935,22,1028,426843197,45
DEQ,669457592070243,22,1028,433848501,44
DEQ,669457599060944,22,1028,440066510,43
DEQ,669457605992757,22,1028,444802873,42
DEQ,669457613056026,22,1028,449788402,41
DEQ,669457620056164,22,1028,325930182,40
DEQ,669457627063811,22,1028,332928786,39
DEQ,669457633995331,22,1028,339857919,38
DEQ,669457641030288,22,1028,346890501,37
DEQ,669457648058145,22,1028,353916090,36
DEQ,669457655057046,22,1028,360912839,35
DEQ,669457662058914,22,1028,367912421,34
DEQ,669457668999288,22,1028,374850640,33
DEQ,669457676063821,22,1028,381912938,32
DEQ,669457683052122,22,1028,388899127,31
DEQ,669457690054220,22,1028,395897601,30
DEQ,669457696996778,22,1028,402837876,84
DEQ,669457704027888,22,1028,409866816,83
DEQ,669457711060447,22,1028,416897028,82
DEQ,669457718068503,22,1028,423903008,81
DEQ,669457725064087,22,1028,430896369,80
DEQ,669457732058710,22,1028,437888746,79
DEQ,669457739068978,22,1028,444896752,78
DEQ,669457746051227,22,1028,451876840,77
DEQ,669457753061808,22,1028,458884720,76
DEQ,669457760058254,22,1028,465879103,75
DEQ,669457767061095,22,1028,472879544,74
DEQ,669457774052313,22,1028,479868507,73
DEQ,669457781061898,22,1028,486875800,72
DEQ,669457788056467,22,1028,493868087,71
DEQ,669457795056934,22,1028,500866448,70
DEQ,669457802053922,22,1028,507861301,69
DEQ,669457809053614,22,1028,514858956,68
DEQ,669457816056521,22,1028,521859720,67
DEQ,669457823057431,22,1028,528858109,78
DEQ,669457830053179,22,1028,535851457,77
DEQ,669457837063883,22,1028,542859536,76
DEQ,669457844064035,22,1028,549857401,75
DEQ,669457851056943,22,1028,556848070,74
DEQ,669457858060636,22,1028,563849512,73
DEQ,669457865066857,22,1028,570853435,72
DEQ,669457872061995,22,1028,577846219,71
DEQ,669457879060358,22,1028,584842329,70
DEQ,669457886058712,22,1028,591838347,69
DEQ,669457893071808,22,1028,598849448,68
DEQ,669457900059147,22,1028,605834638,67
DEQ,669457907058869,22,1028,212939041,66
DEQ,669457914054379,22,1028,219925866,65
DEQ,669457921058997,22,1028,226928286,64
DEQ,669457928060134,22,1028,233926425,63
DEQ,669457935059497,22,1028,240923746,62
DEQ,669457941998640,22,1028,247860791,61
DEQ,669457949069909,22,1028,254929939,60
DEQ,669457956061052,22,1028,261919062,59
DEQ,669457963062797,22,1028,268918700,58
DEQ,669457970062036,22,1028,275915944,57
DEQ,669457977062621,22,1028,282914093,56
DEQ,669457984057644,22,1028,289905882,55
DEQ,669457991058123,22,1028,296904277,54
DEQ,669457998058141,22,1028,303902135,53
DEQ,669458005041880,22,1028,310883764,52
DEQ,669458012054062,22,1028,317893695,51
DEQ,669458019061038,22,1028,324898519,50
DEQ,669458026057277,22,1028,331892614,49
DEQ,669458033055153,22,1028,338888324,48
DEQ,669458040054724,22,1028,345885754,47
DEQ,669458047065195,22,1028,352894102,46
DEQ,669458054033191,22,1028,359860134,45
DEQ,669458060972555,22,1028,366797245,44
DEQ,669458067988818,22,1028,373811358,43
DEQ,669458074952420,22,1028,380772620,42
DEQ,669458082041857,22,1028,387859467,41
DEQ,669458089069852,22,1028,394885330,60
DEQ,669458096050509,22,1028,401863699,59
DEQ,669458102998763,22,1028,408809734,58
DEQ,669458110032410,22,1028,415841157,57
DEQ,669458117055610,22,1028,422862167,56
DEQ,669458124060777,22,1028,429865015,55
DEQ,669458130998410,22,1028,436799957,54
DEQ,669458138035697,22,1028,443835012,53
DEQ,669458145055105,22,1028,450852176,52
DEQ,669458152057143,22,1028,457852054,51
DEQ,669458158995569,22,1028,464788157,50
DEQ,669458166059834,22,1028,471850155,49
DEQ,669458173043951,22,1028,478832070,48
DEQ,669458180065704,22,1028,485851599,47
DEQ,669458187063770,22,1028,492847446,46
DEQ,669458194056129,22,1028,499837529,45
DEQ,669458201055500,22,1028,506834833,44
DEQ,669458208056093,22,1028,513832897,43
STATS,669458208188141,43,44204,5754,5711,0,0,0
DEQ,669458215059036,22,1028,520833715,42
DEQ,669458222042215,22,1028,527814846,41
DEQ,669458229055187,22,1028,534825657,87
DEQ,669458236062193,22,1028,541830599,86
DEQ,669458243056558,22,1028,548822722,85
DEQ,669458250054729,22,1028,555818798,84
DEQ,669458257062511,22,1028,562824326,83
DEQ,669458264056304,22,1028,569815898,82
DEQ,669458271060037,22,1028,576817391,81
DEQ,669458278052820,22,1028,583807005,80
DEQ,669458285056633,22,1028,589912153,79
DEQ,669458292055416,22,1028,469929497,78
DEQ,669458299060784,22,1028,476925680,77
DEQ,669458306055607,22,1028,483918276,76
DEQ,669458313056740,22,1028,490917223,75
DEQ,669458320057970,22,1028,497914055,74
DEQ,669458327056651,22,1028,504910362,73
DEQ,669458334064134,22,1028,511915620,72
DEQ,669458341051753,22,1028,518900897,71
DEQ,669458348059438,22,1028,525906343,70
DEQ,669458355058985,22,1028,532903592,69
DEQ,669458362057228,22,1028,539899624,68
DEQ,669458369054128,22,1028,546894012,67
DEQ,669458376061987,22,1028,289938132,66
DEQ,669458383058455,22,1028,296925209,65
DEQ,669458390055493,22,1028,303919965,64
DEQ,669458397063403,22,1028,310925729,63
DEQ,669458404051040,22,1028,317911196,62
DEQ,669458411048869,22,1028,324906721,61
DEQ,669458418062700,22,1028,331918377,60
DEQ,669458425069133,22,1028,338922443,59
DEQ,669458432060858,22,1028,345911124,58
DEQ,669458439059671,22,1028,352907802,57
DEQ,669458446042971,22,1028,359888940,56
DEQ,669458453061683,22,1028,366905368,55
DEQ,669458460056277,22,1028,373897769,54
DEQ,669458467055009,22,1028,380894421,53
DEQ,669458474067918,22,1028,387905035,52
DEQ,669458481056710,22,1028,394891600,51
DEQ,669458488057935,22,1028,401890720,50
DEQ,669458495046303,22,1028,408876849,49
DEQ,669458502056319,22,1028,415884778,48
DEQ,669458509057410,22,1028,421127438,47
DEQ,669458516055523,22,1028,293912490,46
DEQ,669458523044181,22,1028,300892145,45
DEQ,669458530050947,22,1028,307896489,44
DEQ,669458537010998,22,1028,314854446,43
DEQ,669458544058509,22,1028,321899818,42
DEQ,669458551060740,22,1028,328899973,41
DEQ,669458558048793,22,1028,335885924,40
DEQ,669458565046742,22,1028,342881722,39
DEQ,669458572066919,22,1028,349899467,38
DEQ,669458579061096,22,1028,356891633,37
DEQ,669458586028717,22,1028,363857265,36
DEQ,669458593045774,22,1028,370872086,35
DEQ,669458600052354,22,1028,377876496,34
DEQ,669458607058185,22,1028,384880264,33
DEQ,669458614053700,22,1028,391873759,32
DEQ,669458621036532,22,1028,398854630,31
DEQ,669458628056927,22,1028,405873026,82
DEQ,669458635055349,22,1028,412869383,81
DEQ,669458642053992,22,1028,419865890,80
DEQ,669458649054971,22,1028,426864869,79
DEQ,669458656050255,22,1028,433858168,78
DEQ,669458663054948,22,1028,440860702,77
DEQ,669458670055306,22,1028,447858911,76
DEQ,669458677060667,22,1028,454862228,75
DEQ,669458684054577,22,1028,461854164,74
DEQ,669458691070022,22,1028,468867530,73
DEQ,669458698055063,22,1028,475850584,72
DEQ,669458705060689,22,1028,482854234,71
DEQ,669458712057790,22,1028,489849300,70
DEQ,669458719054910,22,1028,496844411,69
DEQ,669458725996133,22,1028,503783658,68
DEQ,669458733054025,22,1028,510838228,67
DEQ,669458740054745,22,1028,517836906,66
DEQ,669458747057743,22,1028,524837531,65
DEQ,669458754062337,22,1028,531839998,64
DEQ,669458761056555,22,1028,538832191,79
DEQ,669458768059466,22,1028,545833136,78
DEQ,669458775055483,22,1028,552827136,77
DEQ,669458782049499,22,1028,559818993,76
DEQ,669458789053139,22,1028,566820531,75
DEQ,669458796051105,22,1028,573816515,74
DEQ,669458803060707,22,1028,580824083,73
DEQ,669458810046941,22,1028,587808223,72
DEQ,669458817056390,22,1028,594815650,71
DEQ,669458824047473,22,1028,601804769,70
DEQ,669458831046936,22,1028,608802252,69
DEQ,669458838063513,22,1028,615816823,68
DEQ,669458845068077,22,1028,222943634,67
DEQ,669458852058640,22,1028,229925614,66
DEQ,669458859055656,22,1028,236920356,65
DEQ,669458866054602,22,1028,243917183,64
DEQ,669458873054863,22,1028,250915174,63
DEQ,669458880056137,22,1028,257913098,62
DEQ,669458887050475,22,1028,264905347,61
DEQ,669458894053551,22,1028,271906291,60
DEQ,669458901060555,22,1028,278911154,59
DEQ,669458908055272,22,1028,285903707,58
DEQ,669458915056991,22,1028,292903318,57
DEQ,669458922053334,22,1028,299897631,56
DEQ,669458929061807,22,1028,306904035,55
DEQ,669458936076651,22,1028,313916677,54
DEQ,669458943058813,22,1028,320896722,53
DEQ,669458950051124,22,1028,327886991,52
DEQ,669458957042733,22,1028,334876361,51
DEQ,669458964048948,22,1028,341880488,50
DEQ,669458971053483,22,1028,348883022,49
DEQ,669458978063093,22,1028,355890552,48
DEQ,669458985058033,22,1028,362883491,47
DEQ,669458992043348,22,1028,369866794,46
DEQ,669458999061651,22,1028,376883101,45
DEQ,669459006054498,22,1028,383873958,44
DEQ,669459013040296,22,1028,390857777,43
DEQ,669459020052697,22,1028,397868129,42
DEQ,669459027038845,22,1028,404851656,41
DEQ,669459034043821,22,1028,411854673,63
DEQ,669459041060652,22,1028,418869528,62
DEQ,669459048054287,22,1028,425861216,61
DEQ,669459055055068,22,1028,432859959,60
DEQ,669459061988878,22,1028,439791700,59
DEQ,669459069051077,22,1028,446851713,58
DEQ,669459076065599,22,1028,453864241,57
DEQ,669459083053256,22,1028,460849833,56
DEQ,669459090042527,22,1028,467837109,55
DEQ,669459097043125,22,1028,474835718,54
DEQ,669459104050729,22,1028,481841327,53
DEQ,669459111057168,22,1028,488845712,52
DEQ,669459118056997,22,1028,495843574,51
DEQ,669459125049789,22,1028,502834269,50
DEQ,669459132058378,22,1028,509840361,49
DEQ,669459139060593,22,1028,516840574,48
DEQ,669459146050974,22,1028,523828969,47
DEQ,669459153056388,22,1028,530832350,46
DEQ,669459160057841,22,1028,537831712,45
DEQ,669459167047716,22,1028,544819587,88
DEQ,669459174057664,22,1028,551827069,87
DEQ,669459181060569,22,1028,558827906,86
DEQ,669459188055109,22,1028,564874985,85
DEQ,669459195063714,22,1028,569692616,84
DEQ,669459202051887,22,1028,574482261,83
DEQ,669459209054673,22,1028,450935163,82
STATS,669459209192906,82,83352,5936,5854,0,0,0
DEQ,669459216054159,22,1028,457926152,81
DEQ,669459223042673,22,1028,464912516,80
DEQ,669459230052659,22,84,471920451,79
DEQ,669459237056432,22,1028,478922109,78
DEQ,669459244046800,22,1028,485910475,77
DEQ,669459251056263,22,1028,492917919,76
DEQ,669459258051782,22,1028,499911438,75
DEQ,669459265052243,22,1028,506909832,74
DEQ,669459272060122,22,1028,513915520,73
DEQ,669459279053871,22,1028,520907289,72
DEQ,669459286056005,22,1028,527907432,71
DEQ,669459293054642,22,1028,534904076,70
DEQ,669459300059242,22,1028,541906559,69
DEQ,669459307056416,22,1028,548901726,68
DEQ,669459314062084,22,1028,555905297,67
DEQ,669459321061430,22,1028,290948047,66
DEQ,669459328059249,22,1028,297929727,65
DEQ,669459335059653,22,1028,304927878,64
DEQ,669459342056616,22,1028,311921302,63
DEQ,669459349057149,22,1028,318919507,62
DEQ,669459356051754,22,1028,325911923,61
DEQ,669459363064639,22,1028,332922573,60
DEQ,669459370052786,22,1028,339908328,59
DEQ,669459377056299,22,1028,346909049,58
DEQ,669459384061759,22,1028,353912374,57
DEQ,669459390997011,22,1028,360845402,56
DEQ,669459398056718,22,1028,367902988,55
DEQ,669459405067961,22,1028,374912052,54
DEQ,669459412055914,22,1028,381897892,53
DEQ,669459419061641,22,1028,388898829,52
DEQ,669459426054722,22,1028,395889861,51
DEQ,669459433061360,22,1028,402894448,50
DEQ,669459440054294,22,1028,409885311,49
DEQ,669459447059588,22,1028,416888544,48
DEQ,669459454046728,22,1028,423873684,47
DEQ,669459461060428,22,1028,430885317,46
DEQ,669459468065013,22,1028,437053789,45
DEQ,669459475046240,22,1028,441836997,44
DEQ,669459482055031,22,1028,315930640,43
DEQ,669459489054667,22,1028,322921618,42
DEQ,669459496035937,22,1028,329900113,41
DEQ,669459503056687,22,1028,336917555,40
DEQ,669459510039623,22,1028,343898308,39
DEQ,669459517060382,22,1028,350917031,38
DEQ,669459524055128,22,1028,357909741,37
DEQ,669459531053664,22,1028,364906127,36
DEQ,669459538067936,22,1028,371918371,35
DEQ,669459545046427,22,1028,378894862,34
DEQ,669459552070118,22,1028,385916302,33
DEQ,669459559062944,22,1028,392907130,32
DEQ,669459566057203,22,1028,399899253,31
DEQ,669459573045024,22,1028,406885091,82
DEQ,669459580042500,22,1028,413880493,81
DEQ,669459587056213,22,1028,420892217,80
DEQ,669459594055854,22,1028,427889854,79
DEQ,669459601056360,22,1028,434888332,78
DEQ,669459608046687,22,1028,441876544,77
DEQ,669459615057995,22,1028,448885499,76
DEQ,669459622061712,22,1028,455887049,75
DEQ,669459629056234,22,1028,462879499,74
DEQ,669459636054110,22,1028,469875378,73
DEQ,669459643056258,22,1028,476875575,72
DEQ,669459650053468,22,1028,483870039,71
DEQ,669459657056239,22,1028,490870560,70
DEQ,669459664058313,22,1028,497870568,69
DEQ,669459671056703,22,1028,504866900,68
DEQ,669459678053456,22,1028,511861450,67
DEQ,669459685052928,22,1028,518858777,66
DEQ,669459692054028,22,1028,525857826,65
DEQ,669459699062382,22,1028,532864229,64
DEQ,669459706075233,22,1028,539874972,78
DEQ,669459713057783,22,1028,546855403,77
DEQ,669459720052767,22,1028,553848163,76
DEQ,669459727060186,22,1028,560853357,75
DEQ,669459734055067,22,1028,567846031,74
DEQ,669459741060261,22,1028,574849171,73
DEQ,669459748055007,22,1028,581841649,72
DEQ,669459755060402,22,1028,588844992,71
DEQ,669459762054840,22,1028,595837288,70
DEQ,669459769052040,22,1028,602832367,69
DEQ,669459776051869,22,1028,609830142,68
DEQ,669459783052372,22,1028,616828422,67
DEQ,669459790056565,22,1028,223931751,66
DEQ,669459797057129,22,1028,230922670,65
DEQ,669459804055831,22,1028,237919099,64
DEQ,669459811057084,22,1028,244918146,63
DEQ,669459818048260,22,1028,251907116,62
DEQ,669459824996832,22,1028,258853660,61
DEQ,669459832055756,22,1028,265910427,60
DEQ,669459839056742,22,1028,272909420,59
DEQ,669459846053757,22,1028,279904467,58
DEQ,669459853051626,22,1028,286900339,57
DEQ,669459860054278,22,1028,293900989,56
DEQ,669459867062516,22,1028,300907095,55
DEQ,669459874044095,22,1028,307886667,54
DEQ,669459881050346,22,1028,314890934,53
DEQ,669459888063224,22,1028,321901758,52
DEQ,669459895058657,22,1028,328895130,51
DEQ,669459902043140,22,1028,335877597,50
DEQ,669459909053678,22,1028,342886161,49
DEQ,669459916042835,22,1028,349873288,48
DEQ,669459923062842,22,1028,356891310,47
DEQ,669459930045763,22,1028,363872204,46
DEQ,669459937037007,22,1028,370861417,45
DEQ,669459944050678,22,1028,377872610,44
DEQ,669459951003046,22,1028,384822988,43
DEQ,669459958055667,22,1028,391873593,42
DEQ,669459965052199,22,1028,398867992,41
DEQ,669459972048197,22,1028,405861944,60
DEQ,669459979054402,22,1028,412866106,59
DEQ,669459986058834,22,1028,419868430,58
DEQ,669459993063799,22,1028,426871349,57
DEQ,669460000056522,22,1028,433861772,56
DEQ,669460007047301,22,1028,440850535,55
DEQ,669460014040341,22,1028,447841601,54
DEQ,669460021071372,22,1028,454870667,53
DEQ,669460028060309,22,1028,461857560,52
DEQ,669460035048562,22,1028,468843597,51
DEQ,669460042044423,22,1028,475837465,50
DEQ,669460049056318,22,1028,482847226,49
DEQ,669460056056540,22,1028,489845388,48
DEQ,669460062930122,22,1028,496716986,47
DEQ,669460070061767,22,1028,503846581,46
DEQ,669460077049582,22,1028,510832225,45
DEQ,669460084051829,22,1028,517832428,44
DEQ,669460091058162,22,1028,524836242,43
DEQ,669460098056997,22,1028,531833100,42
DEQ,669460105068261,22,1028,538841250,88
DEQ,669460112050571,22,1028,545821487,87
DEQ,669460119056024,22,1028,552824780,86
DEQ,669460125994415,22,1028,559761068,85
DEQ,669460133060201,22,1028,564775073,84
DEQ,669460140049826,22,1028,569577839,83
DEQ,669460147042607,22,1028,574383569,82
DEQ,669460154044698,22,1028,451918639,81
DEQ,669460161060221,22,1028,458925458,80
DEQ,669460168050665,22,1028,465913348,79
DEQ,669460175056005,22,1028,472915720,78
DEQ,669460182053939,22,1028,479911357,77
DEQ,669460189056815,22,1028,486911833,76
DEQ,669460196053785,22,1028,493906669,75
DEQ,669460203060155,22,1028,500910910,74
DEQ,669460210061592,22,1028,507909982,73
STATS,669460210190762,73,75044,6070,5997,0,0,0
DEQ,669460217060929,22,1028,514907316,72
DEQ,669460224055568,22,1028,521899893,71
DEQ,669460231058674,22,1028,528900927,70
DEQ,669460238046656,22,1028,535886793,69
DEQ,669460245055201,22,1028,542893255,68
DEQ,669460252059696,22,1028,549895608,67
DEQ,669460259054238,22,1028,292929629,66
DEQ,669460266060533,22,1028,299927539,65
DEQ,669460273054228,22,1028,306919016,64
DEQ,669460280055637,22,1028,313918303,63
DEQ,669460287056664,22,1028,320917234,62
DEQ,669460294058106,22,1028,327916577,61
DEQ,669460301056023,22,1028,334912470,60
DEQ,669460308053863,22,1028,341908175,59
DEQ,669460315062842,22,1028,348914889,58
DEQ,669460322062161,22,1028,355912095,57
DEQ,669460329061621,22,1028,362909455,56
DEQ,669460336056429,22,1028,369902128,55
DEQ,669460343054379,22,1028,376898075,54
DEQ,669460350054905,22,1028,383895476,53
DEQ,669460357050989,22,1028,390889523,52
DEQ,669460364055548,22,1028,397892040,51
DEQ,669460371055944,22,1028,404890183,50
DEQ,669460378053056,22,1028,410657400,49
DEQ,669460385050954,22,1028,415458869,48
DEQ,669460392016470,22,1028,420226275,47
DEQ,669460399051831,22,1028,296931597,46
DEQ,669460406059664,22,1028,303930713,45
DEQ,669460413054286,22,1028,310923076,44
DEQ,669460420056394,22,1028,317923056,43
DEQ,669460427023421,22,1028,324887505,42
DEQ,669460434053007,22,1028,331914940,41
DEQ,669460441052703,22,1028,338912537,40
DEQ,669460448054535,22,1028,345912269,39
DEQ,669460455050837,22,1028,352906494,38
DEQ,669460462053910,22,1028,359907531,37
DEQ,669460469053353,22,1028,366904961,36
DEQ,669460476046348,22,1028,373895791,35
DEQ,669460483044933,22,1028,380892321,34
DEQ,669460490053822,22,1028,387899050,33
DEQ,669460497055838,22,1028,394898971,32
DEQ,669460504055521,22,1028,401896574,31
DEQ,669460511045441,22,1028,408884412,82
DEQ,669460518051376,22,1028,415888209,81
DEQ,669460525064160,22,1028,422898845,80
DEQ,669460531974476,22,1028,429807085,79
DEQ,669460539055082,22,1028,436885611,78
DEQ,669460546043705,22,1028,443872174,77
DEQ,669460553068301,22,1028,450894773,76
DEQ,669460560053883,22,1028,457878381,75
DEQ,669460567043800,22,1028,464866295,74
DEQ,669460573995412,22,1028,471815932,73
DEQ,669460581050813,22,1028,478869271,72
DEQ,669460588055345,22,1028,485871768,71
DEQ,669460595045924,22,1028,492859943,70
DEQ,669460602047465,22,1028,499859246,69
DEQ,669460609055805,22,1028,506865600,68
DEQ,669460616055409,22,1028,513863214,67
DEQ,669460623051688,22,1028,520857519,66
DEQ,669460630048846,22,1028,527852527,65
DEQ,669460637062532,22,1028,534864055,64
DEQ,669460644055348,22,1028,541854721,78
DEQ,669460651054237,22,1028,548851575,77
DEQ,669460658053767,22,1028,555848898,76
DEQ,669460665067520,22,1028,562860507,75
DEQ,669460672077589,22,1028,569868498,74
DEQ,669460679059846,22,1028,576848639,73
DEQ,669460686057521,22,1028,583844302,72
DEQ,669460693063027,22,1028,590847824,71
DEQ,669460700047581,22,1028,597830401,70
DEQ,669460707055857,22,1028,604836512,69
DEQ,669460714053805,22,1028,611832463,68
DEQ,669460721055707,22,1028,618832352,67
DEQ,669460728042617,22,1028,217920567,66
DEQ,669460735059125,22,1028,224928388,65
DEQ,669460742057099,22,1028,231924173,64
DEQ,669460749056515,22,1028,238921417,63
DEQ,669460756059247,22,1028,245922083,62
DEQ,669460763054279,22,1028,252914775,61
DEQ,669460770045418,22,1028,259903759,60
DEQ,669460777054120,22,1028,266910479,60
DEQ,669460784057104,22,1028,273911348,59
DEQ,669460791055792,22,1028,280908019,58
DEQ,669460798056581,22,1028,287906787,57
DEQ,669460805052467,22,1028,294900387,56
DEQ,669460812054942,22,1028,301900815,55
DEQ,669460819062110,22,1028,308905859,54
DEQ,669460826064250,22,1028,315905868,53
DEQ,669460833062704,22,1028,322902240,52
DEQ,669460840058630,22,1028,329896084,51
DEQ,669460847060208,22,1028,336895658,50
DEQ,669460854058983,22,1028,343892396,49
DEQ,669460861057702,22,1028,350889081,48
DEQ,669460868062399,22,1028,357891312,47
DEQ,669460875060778,22,1028,364887676,46
DEQ,669460882057353,22,1028,371882267,45
DEQ,669460889062854,22,1028,378885777,44
DEQ,669460896064991,22,1028,385885877,43
DEQ,669460903053602,22,1028,392872518,42
DEQ,669460910049939,22,1028,399866749,41
DEQ,669460917045658,22,1028,406860427,63
DEQ,669460924055584,22,1028,413868400,62
DEQ,669460931062130,22,1028,420872910,61
DEQ,669460938053940,22,1028,427862729,60
DEQ,669460945043961,22,1028,434850757,59
DEQ,669460952046808,22,1028,441851565,58
DEQ,669460959058025,22,1028,448860704,57
DEQ,669460966053639,22,1028,455854259,56
DEQ,669460973052426,22,1028,462850894,55
DEQ,669460980041083,22,1028,469836535,54
DEQ,669460987043652,22,1028,476837059,53
DEQ,669460994059417,22,1028,483850783,52
DEQ,669461001063876,22,1028,490853246,51
DEQ,669461008057117,22,1028,497844528,50
DEQ,669461015043009,22,1028,504828374,49
DEQ,669461022053800,22,1028,511837077,48
DEQ,669461029069059,22,1028,518850375,47
DEQ,669461036060644,22,1028,525839888,46
DEQ,669461043061833,22,1028,532839104,45
DEQ,669461050061154,22,1028,539836389,88
DEQ,669461057065522,22,1028,546838787,87
DEQ,669461063989491,22,1028,553760728,86
DEQ,669461071059562,22,1028,560828628,85
DEQ,669461077993970,22,1028,567760571,84
DEQ,669461085054025,22,1028,574343707,83
DEQ,669461092051033,22,1028,453927230,82
DEQ,669461099059839,22,1028,460927293,81
DEQ,669461106052776,22,1028,467918170,80
DEQ,669461113059875,22,1028,474923226,79
DEQ,669461120069356,22,1028,481930680,78
DEQ,669461127058956,22,1028,488918283,77
DEQ,669461134056945,22,1028,495914206,76
DEQ,669461141050750,22,1028,502905947,75
DEQ,669461148058719,22,1028,509911846,74
DEQ,669461155053147,22,1028,516904138,73
DEQ,669461162041870,22,1028,523890788,72
DEQ,669461169055592,22,1028,530902346,71
DEQ,669461176056856,22,1028,537901616,70
DEQ,669461183052323,22,1028,544895023,69
DEQ,669461190057061,22,1028,551897766,68
DEQ,669461197049044,22,84,422928337,67
DEQ,669461204047495,22,1028,293895231,66
DEQ,669461211061122,22,1028,300899364,65
STATS,669461211196805,65,66820,6205,6140,0,0,0
DEQ,669461218068242,22,1028,307904315,64
DEQ,669461225062022,22,1028,314895970,63
DEQ,669461232041524,22,1028,321872951,62
DEQ,669461239061795,22,1028,328891188,61
DEQ,669461246076101,22,1028,335903487,60
DEQ,669461253051962,22,1028,342877311,59
DEQ,669461260068450,22,1028,349891813,58
DEQ,669461267056106,22,1028,356877319,57
DEQ,669461274061542,22,1028,363880758,56
DEQ,669461281052738,22,1028,370869868,55
DEQ,669461288057760,22,1028,377872805,54
DEQ,669461295058901,22,1028,384871973,53
DEQ,669461302005853,22,1028,391816854,52
DEQ,669461309046464,22,1028,398855387,51
DEQ,669461316056850,22,1028,405863758,50
DEQ,669461323055566,22,1028,412860228,49
DEQ,669461330060090,22,1028,419862577,48
DEQ,669461337053957,22,1028,426854390,47
DEQ,669461344058648,22,1028,432130789,46
DEQ,669461351057303,22,1028,436935993,45
DEQ,669461358045978,22,1028,441724115,44
DEQ,669461365059777,22,1028,319054304,43
DEQ,669461372047651,22,1028,326033492,42
DEQ,669461379061340,22,1028,333044948,41
DEQ,669461386044083,22,1028,340023369,40
DEQ,669461393042391,22,1028,347006282,39
DEQ,669461400053471,22,1028,354013770,38
DEQ,669461407058950,22,1028,361017070,37
DEQ,669461414060160,22,1028,368016110,36
DEQ,669461421009516,22,1028,374961514,35
DEQ,669461427929230,22,1028,381878074,34
DEQ,669461435054233,22,1028,389000998,33
DEQ,669461442062723,22,1028,396007410,32
DEQ,669461449059720,22,1028,403002434,79
DEQ,669461456042669,22,1028,409982868,78
DEQ,669461463060866,22,1028,416998886,77
DEQ,669461470047700,22,1028,423983676,76
DEQ,669461477059672,22,1028,430993681,75
DEQ,669461484054500,22,1028,437986463,74
DEQ,669461491037940,22,1028,444967853,73
DEQ,669461498051765,22,1028,451979626,72
DEQ,669461505055436,22,1028,458981303,71
DEQ,669461512058532,22,1028,465969849,70
DEQ,669461519055618,22,1028,472961437,69
DEQ,669461526058525,22,1028,479962220,68
DEQ,669461533059653,22,1028,486961240,67
DEQ,669461540060170,22,1028,493959648,66
DEQ,669461547056015,22,1028,500952876,65
DEQ,669461554064465,22,1028,507959080,64
DEQ,669461561062371,22,1028,514953013,63
DEQ,669461568056625,22,1028,521943800,62
DEQ,669461575069253,22,1028,528954358,61
DEQ,669461582052660,22,1028,535935697,60
DEQ,669461589068852,22,1028,542949872,78
DEQ,669461596062180,22,1028,549941214,77
DEQ,669461603054645,22,1028,556931618,76
DEQ,669461610054853,22,1028,563929849,75
DEQ,669461617058595,22,1028,570931596,74
DEQ,669461624057374,22,1028,577928312,73
DEQ,669461631058638,22,1028,584927579,72
DEQ,669461638054287,22,1028,591921136,71
DEQ,669461645056274,22,1028,598921138,70
DEQ,669461652049288,22,1028,605912151,69
DEQ,669461659049792,22,1028,612910668,68
DEQ,669461666047736,22,1028,619906599,67
DEQ,669461673059636,22,1028,226939804,66
DEQ,669461680055076,22,1028,233925570,65
DEQ,669461687053831,22,1028,240921932,64
DEQ,669461694064846,22,1028,247930297,63
DEQ,669461701050453,22,1028,254913893,62
DEQ,669461708055079,22,1028,261916294,61
DEQ,669461715062141,22,1028,268921222,60
DEQ,669461722045090,22,1028,275902073,60
DEQ,669461728995503,22,1028,282850387,59
DEQ,669461736055047,22,1028,289907338,58
DEQ,669461743051958,22,1028,296902006,57
DEQ,669461750056051,22,1028,303903972,56
DEQ,669461757071809,22,1028,310917568,55
DEQ,669461764070042,22,1028,317913651,54
DEQ,669461771066087,22,1028,324907573,53
DEQ,669461778056286,22,1028,331895527,52
DEQ,669461785056836,22,1028,338894027,51
DEQ,669461792059265,22,1028,345894347,50
DEQ,669461799051151,22,1028,352884187,49
DEQ,669461806052603,22,1028,359883605,48
DEQ,669461813055441,22,1028,366884304,47
DEQ,669461820051517,22,1028,373878329,46
DEQ,669461827041971,22,1028,380866735,45
DEQ,669461834054927,22,1028,387877542,44
DEQ,669461841059497,22,1028,394879946,43
DEQ,669461848053826,22,1028,401872185,42
DEQ,669461855044168,22,1028,408860425,61
DEQ,669461862033799,22,1028,415848006,60
DEQ,669461869059502,22,1028,422871659,59
DEQ,669461876054155,22,1028,429864345,58
DEQ,669461883044560,22,1028,436852690,57
DEQ,669461890053265,22,1028,443859350,56
DEQ,669461897051514,22,1028,450855518,55
DEQ,669461904055036,22,1028,457856729,54
DEQ,669461911043626,22,1028,464843261,53
DEQ,669461918037205,22,1028,471834785,52
DEQ,669461925053917,22,1028,478849512,51
DEQ,669461932048676,22,1028,485841086,50
DEQ,669461939058319,22,1028,492848647,49
DEQ,669461946056408,22,1028,499844753,48
DEQ,669461953061030,22,1028,506847307,47
DEQ,669461959988394,22,1028,513772616,46
DEQ,669461967051560,22,1028,520833778,45
DEQ,669461974045722,22,1028,527825894,44
DEQ,669461981060309,22,1028,534838481,43
DEQ,669461988053955,22,1028,541830120,89
DEQ,669461995056158,22,1028,548830349,88
DEQ,669462002050791,22,1028,555113757,87
DEQ,669462009054596,22,1028,426900651,86
DEQ,669462016054961,22,1028,433892552,85
DEQ,669462023060275,22,1028,440895691,84
DEQ,669462030058272,22,1028,447891643,83
DEQ,669462037053642,22,1028,454885015,82
DEQ,669462044055728,22,1028,461885106,81
DEQ,669462051059389,22,1028,468886678,80
DEQ,669462058051538,22,1028,475876482,79
DEQ,669462065062309,22,1028,482885094,78
DEQ,669462072040633,22,1028,489861320,77
DEQ,669462078986595,22,1028,496805163,76
DEQ,669462086042024,22,1028,503858608,75
DEQ,669462092929566,22,1028,510744192,74
DEQ,669462100058825,22,1028,517871484,73
DEQ,669462107046460,22,1028,524857154,72
DEQ,669462114057224,22,1028,531865913,71
DEQ,669462120930269,22,1028,538736935,70
DEQ,669462128046321,22,1028,545851011,69
DEQ,669462134931057,22,1028,552733700,68
DEQ,669462142056463,22,84,423922228,67
DEQ,669462149055344,22,1028,294927544,66
DEQ,669462156058320,22,1028,301921923,65
DEQ,669462163053791,22,1028,308915159,64
DEQ,669462170051661,22,1028,315910458,63
DEQ,669462177055660,22,1028,322912316,62
DEQ,669462184048973,22,1028,329903591,61
DEQ,669462191055253,22,1028,336907826,60
DEQ,669462198055905,22,1028,343906374,59
DEQ,669462205059597,22,1028,350907823,58
DEQ,669462212053129,22,1028,357899141,57
STATS,669462212192820,57,58596,6340,6283,0,0,0
DEQ,669462219059572,22,1028,364903416,56
DEQ,669462226054952,22,1028,371896623,55
DEQ,669462233053648,22,1028,378893340,54
DEQ,669462240053303,22,1028,385890863,53
DEQ,669462247055811,22,1028,392891003,52
DEQ,669462254053891,22,1028,399886956,51
DEQ,669462261054792,22,1028,406885809,50
DEQ,669462268049261,22,1028,413878172,49
DEQ,669462275062590,22,1028,420889433,48
DEQ,669462282073745,22,1028,427403561,47
DEQ,669462289049557,22,1028,306924714,46
DEQ,669462296055415,22,1028,313922133,45
DEQ,669462303049915,22,1028,320914413,44
DEQ,669462310041546,22,1028,327904039,43
DEQ,669462317063506,22,1028,334923902,42
DEQ,669462324053183,22,1028,341911496,41
DEQ,669462331028441,22,1028,348884741,40
DEQ,669462338041279,22,1028,355895306,39
DEQ,669462345055270,22,1028,362907209,38
DEQ,669462352030225,22,1028,369880168,37
DEQ,669462359029978,22,1028,376877936,36
DEQ,669462366041286,22,1028,383887105,35
DEQ,669462373043925,22,1028,390887578,34
DEQ,669462380058787,22,1028,397900392,75
DEQ,669462387065505,22,1028,404905107,74
DEQ,669462394048606,22,1028,411886108,73
DEQ,669462401050361,22,1028,418885831,72
DEQ,669462408053506,22,1028,425886905,71
DEQ,669462415058808,22,1028,432890111,70
DEQ,669462422053222,22,1028,439882568,69
DEQ,669462429046522,22,1028,446873707,68
DEQ,669462436048609,22,1028,453873649,67
DEQ,669462443055907,22,1028,460878814,66
DEQ,669462450059211,22,1028,467879780,65
DEQ,669462457055243,22,1028,474873781,64
DEQ,669462464057329,22,1028,481873798,63
DEQ,669462471053559,22,1028,488868021,62
DEQ,669462478055708,22,1028,495867986,61
DEQ,669462485056078,22,1028,502866364,60
DEQ,669462492053110,22,1028,509861280,59
DEQ,669462499057707,22,1028,516863871,58
DEQ,669462506055311,22,1028,523858933,57
DEQ,669462513060772,22,1028,530860371,81
DEQ,669462520059078,22,1028,537856392,80
DEQ,669462527052586,22,1028,544847980,79
DEQ,669462534058894,22,1028,551852193,78
DEQ,669462541048830,22,1028,558840115,77
DEQ,669462548057219,22,1028,565846431,76
DEQ,669462555055275,22,1028,572842499,75
DEQ,669462562058956,22,1028,579844189,74
DEQ,669462569043136,22,1028,586826375,73
DEQ,669462576055730,22,1028,593836828,72
DEQ,669462583053613,22,1028,600832721,71
DEQ,669462590051734,22,1028,607828874,70
DEQ,669462597059370,22,1028,614834431,69
DEQ,669462604052651,22,1028,621825674,68
DEQ,669462611054384,22,1028,628825410,67
DEQ,669462618052284,22,1028,243912308,66
DEQ,669462625053579,22,1028,250903523,65
DEQ,669462632049686,22,1028,257897360,64
DEQ,669462639055119,22,1028,264900605,63
DEQ,669462646053057,22,1028,271896200,62
DEQ,669462653050016,22,1028,278890964,61
DEQ,669462660055627,22,1028,285892680,60
DEQ,669462667055560,22,1028,292890448,59
DEQ,669462674057552,22,1028,299890374,58
DEQ,669462681055379,22,1028,306886012,57
DEQ,669462688056767,22,1028,313885220,56
DEQ,669462695060703,22,1028,320887106,55
DEQ,669462702052280,22,1028,327876551,54
DEQ,669462709056311,22,1028,334878439,53
DEQ,669462716047018,22,1028,341867002,52
DEQ,669462723053484,22,1028,348871276,51
DEQ,669462730054870,22,1028,355870551,50
DEQ,669462737059272,22,1028,362872230,49
DEQ,669462744058134,22,1028,369869078,48
DEQ,669462751055142,22,1028,376863920,47
DEQ,669462758055624,22,1028,383862080,46
DEQ,669462765045889,22,1028,390850269,45
DEQ,669462772041317,22,1028,397843558,44
DEQ,669462779050096,22,1028,404850280,43
DEQ,669462786062268,22,1028,411860398,56
DEQ,669462793053445,22,1028,418849497,55
DEQ,669462800054861,22,1028,425848769,54
DEQ,669462807057603,22,1028,432848915,53
DEQ,669462814069473,22,1028,439858830,52
DEQ,669462821063859,22,1028,446851165,51
DEQ,669462828057228,22,1028,453842384,50
DEQ,669462835046895,22,1028,460829925,49
DEQ,669462842043388,22,1028,467824359,48
DEQ,669462849053938,22,1028,474832916,47
DEQ,669462856059142,22,1028,481836076,46
DEQ,669462863056659,22,1028,488831611,45
DEQ,669462870057160,22,1028,495829990,44
DEQ,669462877046566,22,1028,502817314,43
DEQ,669462884051380,22,1028,509819949,42
DEQ,669462891059300,22,1028,516825841,41
DEQ,669462898053024,22,1028,521630834,40
DEQ,669462905048478,22,1028,526429667,39
DEQ,669462912053066,22,1028,401929974,38
DEQ,669462919053940,22,1028,408922418,91
DEQ,669462926050594,22,1028,415916860,90
DEQ,669462933048370,22,1028,422912528,89
DEQ,669462940045551,22,1028,429907511,88
DEQ,669462947036442,22,1028,436896399,87
DEQ,669462954055588,22,1028,443912305,86
DEQ,669462961060255,22,1028,450914544,85
DEQ,669462968064818,22,1028,457916955,84
DEQ,669462975061505,22,1028,464911547,83
DEQ,669462982053054,22,1028,471901026,82
DEQ,669462989063472,22,1028,478909382,81
DEQ,669462996053928,22,1028,485897549,80
DEQ,669463003055152,22,1028,492896694,79
DEQ,669463010054803,22,1028,499894107,78
DEQ,669463017055142,22,1028,506892183,77
DEQ,669463024052998,22,1028,513887942,76
DEQ,669463031055683,22,1028,520888558,75
DEQ,669463038053024,22,1028,527883852,74
DEQ,669463045055047,22,1028,534883837,73
DEQ,669463052053848,22,1028,541880602,72
DEQ,669463059049178,22,1028,548873746,71
DEQ,669463066050224,22,1028,555872669,70
DEQ,669463073052162,22,1028,562872546,69
DEQ,669463079978720,22,1028,569796944,68
DEQ,669463087058114,22,84,304933827,67
DEQ,669463094046321,22,1028,311913647,66
DEQ,669463101049204,22,1028,318913159,65
DEQ,669463108041241,22,1028,325903016,64
DEQ,669463115046394,22,1028,332906019,63
DEQ,669463122054764,22,1028,339912232,62
DEQ,669463129050092,22,1028,346905277,61
DEQ,669463136054689,22,1028,353907653,60
DEQ,669463143054887,22,1028,360905545,59
DEQ,669463150054489,22,1028,367902871,58
DEQ,669463157042512,22,1028,374888936,57
DEQ,669463164051252,22,1028,381895640,56
DEQ,669463171055020,22,1028,388826636,55
DEQ,669463178049642,22,1028,393630963,54
DEQ,669463185059523,22,1028,266936917,53
DEQ,669463192055513,22,1028,273924337,52
DEQ,669463199054944,22,1028,280921510,51
DEQ,669463205994074,22,1028,287858511,50
DEQ,669463213056915,22,1028,294919152,49
STATS,669463213191291,49,50372,6475,6426,0,0,0
DEQ,669463220055687,22,1028,301915818,48
DEQ,669463227057357,22,1028,308915310,47
DEQ,669463234056320,22,1028,315912168,46
DEQ,669463241044153,22,1028,322897839,45
DEQ,669463248056482,22,1028,329908038,44
DEQ,669463255054058,22,1028,336903576,43
DEQ,669463262054767,22,1028,343900966,42
DEQ,669463269060117,22,1028,350904129,41
DEQ,669463276032907,22,1028,357874831,40
DEQ,669463283048029,22,1028,364887758,39
DEQ,669463290053254,22,1028,371890902,38
DEQ,669463297045450,22,1028,378881111,37
DEQ,669463304073159,22,1028,385906811,36
DEQ,669463311007054,22,1028,392838306,35
DEQ,669463318061989,22,1028,399891142,34
DEQ,669463325052928,22,1028,406880098,75
DEQ,669463332059651,22,1028,413884799,74
DEQ,669463339055507,22,1028,420878673,73
DEQ,669463346069389,22,1028,427890480,72
DEQ,669463353061346,22,1028,434880435,71
DEQ,669463360058390,22,1028,441875388,70
DEQ,669463367057098,22,1028,448872062,69
DEQ,669463374056592,22,1028,455869422,68
DEQ,669463381056371,22,1028,462867105,67
DEQ,669463388063646,22,1028,469872425,66
DEQ,669463395063896,22,1028,476870581,65
DEQ,669463402069230,22,1028,483873846,64
DEQ,669463409068163,22,1028,490870213,63
DEQ,669463416052928,22,1028,497852969,62
DEQ,669463423055088,22,1028,504853136,61
DEQ,669463430045345,22,1028,511841272,60
DEQ,669463437062482,22,1028,518856428,59
DEQ,669463444047089,22,1028,525838995,58
DEQ,669463451059223,22,1028,532849055,57
DEQ,669463458058863,22,1028,539846723,81
DEQ,669463465053332,22,1028,546838590,80
DEQ,669463472049573,22,1028,553832833,79
DEQ,669463479064224,22,1028,560845423,78
DEQ,669463486053712,22,1028,567832851,77
DEQ,669463493048275,22,1028,574825434,76
DEQ,669463500055378,22,1028,581830414,75
DEQ,669463507054944,22,1028,588827968,74
DEQ,669463514056924,22,1028,595827891,73
DEQ,669463521058051,22,1028,602827028,72
DEQ,669463528064522,22,1028,609831353,71
DEQ,669463535055961,22,1028,616820412,70
DEQ,669463542064405,22,1028,623826898,69
DEQ,669463549061173,22,1028,630821618,68
DEQ,669463556058374,22,1028,637816207,67
DEQ,669463563067253,22,1028,244919763,66
DEQ,669463570054367,22,1028,251897195,65
DEQ,669463577060494,22,1028,258900888,64
DEQ,669463584057147,22,1028,265895210,63
DEQ,669463591051840,22,1028,272887504,62
DEQ,669463597998723,22,1028,279832155,61
DEQ,669463605067580,22,1028,286898771,60
DEQ,669463612055285,22,1028,293884239,59
DEQ,669463619057973,22,1028,300884666,58
DEQ,669463626060604,22,1028,307885146,57
DEQ,669463632995388,22,1028,314817726,56
DEQ,669463640057994,22,1028,321874270,55
DEQ,669463647054915,22,1028,328869135,54
DEQ,669463654052868,22,1028,335864765,53
DEQ,669463661052408,22,1028,342862135,52
DEQ,669463668052771,22,1028,349860466,51
DEQ,669463675053239,22,1028,356858859,50
DEQ,669463682058633,22,1028,363862100,49
DEQ,669463689059052,22,1028,370860041,48
DEQ,669463696054424,22,1028,377853413,47
DEQ,669463703050416,22,1028,384846512,46
DEQ,669463710045398,22,1028,391839284,45
DEQ,669463717045698,22,1028,398837586,44
DEQ,669463724054456,22,1028,405844386,53
DEQ,669463731049078,22,1028,412836881,52
DEQ,669463738058661,22,1028,419844466,51
DEQ,669463745053250,22,1028,426836977,50
DEQ,669463752053190,22,1028,433834867,49
DEQ,669463759051971,22,1028,440831538,48
DEQ,669463766057745,22,1028,447835262,47
DEQ,669463773058237,22,1028,454833698,46
DEQ,669463780050509,22,1028,461823895,45
DEQ,669463787049837,22,1028,468821211,44
DEQ,669463794060989,22,1028,475830231,43
DEQ,669463801056352,22,1028,482823558,42
DEQ,669463808055289,22,1028,489820528,41
DEQ,669463815053196,22,1028,496816450,40
DEQ,669463822039439,22,1028,503800604,39
DEQ,669463829049091,22,1028,510808203,38
DEQ,669463836052001,22,1028,516915189,37
DEQ,669463843054862,22,1028,521838099,36
DEQ,669463850058739,22,1028,526763256,35
DEQ,669463857062353,22,1028,402940505,92
DEQ,669463864052756,22,1028,409921792,91
DEQ,669463871061481,22,1028,416928275,90
DEQ,669463878059589,22,1028,423923948,89
DEQ,669463885045648,22,1028,430907928,88
DEQ,669463892056670,22,1028,437916440,87
DEQ,669463899051477,22,1028,444908946,86
DEQ,669463906055427,22,1028,451910611,85
DEQ,669463913054852,22,1028,458907846,84
DEQ,669463920058696,22,1028,465909505,83
DEQ,669463927057413,22,1028,472906095,82
DEQ,669463934032809,22,1028,479878980,81
DEQ,669463941059000,22,1028,486903017,80
DEQ,669463948050318,22,1028,493892121,79
DEQ,669463955054872,22,1028,500894467,78
DEQ,669463962053472,22,1028,507890675,77
DEQ,669463969006549,22,1028,514841342,76
DEQ,669463976046960,22,1028,521879428,75
DEQ,669463983049002,22,1028,528879335,74
DEQ,669463990047773,22,1028,535875550,73
DEQ,669463997045661,22,1028,542871242,72
DEQ,669464004059322,22,1028,549882676,71
DEQ,669464011043311,22,1028,556864474,70
DEQ,669464018047984,22,1028,563867013,69
DEQ,669464025062589,22,1028,570879387,68
DEQ,669464031930242,22,1028,313812884,67
DEQ,669464039056750,22,1028,320930855,66
DEQ,669464046057475,22,1028,327929455,65
DEQ,669464053061683,22,1028,334931575,64
DEQ,669464060062880,22,1028,341930726,63
DEQ,669464067045608,22,1028,348910076,62
DEQ,669464074055000,22,1028,355916995,61
DEQ,669464081050412,22,1028,362546151,60
DEQ,669464088045721,22,1028,367343602,59
DEQ,669464095059543,22,1028,372163088,58
DEQ,669464101986177,22,1028,247856120,57
DEQ,669464109069334,22,1028,254930759,56
DEQ,669464116060388,22,1028,261919696,55
DEQ,669464123061286,22,84,268918489,54
DEQ,669464130062666,22,1028,275917792,53
DEQ,669464137058966,22,1028,282912039,52
DEQ,669464144052748,22,1028,289886650,51
DEQ,669464151053599,22,1028,296885344,50
DEQ,669464158055293,22,1028,303884760,49
DEQ,669464165060601,22,1028,310887510,48
DEQ,669464172054299,22,1028,317879123,47
DEQ,669464179054839,22,1028,324877522,46
DEQ,669464185987605,22,1028,331808154,45
DEQ,669464193050571,22,1028,338868930,44
DEQ,669464200052841,22,1028,345864943,43
DEQ,669464207055686,22,1028,352865730,42
DEQ,669464214059333,22,1028,359867140,41
STATS,669464214078854,41,42148,6610,6569,0,0,0
DEQ,669464221048986,22,1028,366854588,40
DEQ,669464228051517,22,1028,373854771,39
DEQ,669464235047757,22,1028,380848506,38
DEQ,669464242061041,22,1028,387859651,37
DEQ,669464249032020,22,1028,394828489,36
DEQ,669464256056860,22,1028,401851347,35
DEQ,669464263041931,22,1028,408834403,73
DEQ,669464270045245,22,1028,415835736,72
DEQ,669464277059246,22,1028,422847571,71
DEQ,669464284049314,22,1028,429835542,70
DEQ,669464291043807,22,1028,436827950,69
DEQ,669464298040558,22,1028,443822431,68
DEQ,669464305058841,22,1028,450838665,67
DEQ,669464312053584,22,1028,457830421,66
DEQ,669464319044781,22,1028,464819583,65
DEQ,669464326045598,22,1028,471818407,64
DEQ,669464333053112,22,1028,478823879,63
DEQ,669464340051837,22,1028,485820413,62
DEQ,669464347063919,22,1028,492830416,61
DEQ,669464354044332,22,1028,499808753,60
DEQ,669464361060537,22,1028,506822827,59
DEQ,669464368056015,22,1028,513816232,58
DEQ,669464375044959,22,1028,520802815,57
DEQ,669464382053651,22,1028,527809484,56
DEQ,669464389049499,22,1028,534803196,55
DEQ,669464396062674,22,1028,541814327,82
DEQ,669464403064230,22,1028,548813846,81
DEQ,669464410051032,22,1028,555798523,80
DEQ,669464417048909,22,1028,562794233,79
DEQ,669464424054360,22,1028,569797634,78
DEQ,669464431060587,22,1028,576801835,77
DEQ,669464438055944,22,1028,583795141,76
DEQ,669464445055588,22,1028,590792167,75
DEQ,669464452059238,22,1028,597793553,74
DEQ,669464459054696,22,1028,604786943,73
DEQ,669464466058478,22,1028,611788539,72
DEQ,669464473048933,22,1028,618776951,71
DEQ,669464480035647,22,1028,625761626,70
DEQ,669464487049732,22,1028,632773561,69
DEQ,669464494051001,22,1028,639772714,68
DEQ,669464501061413,22,1028,646780895,67
DEQ,669464508045290,22,1028,245929284,66
DEQ,669464515061342,22,1028,252935052,65
DEQ,669464522044202,22,1028,259915587,64
DEQ,669464529058877,22,1028,266927909,63
DEQ,669464536040616,22,1028,273907340,62
DEQ,669464543054698,22,1028,280919271,61
DEQ,669464550058761,22,1028,287921082,60
DEQ,669464557062176,22,1028,294922252,59
DEQ,669464564053410,22,1028,301911345,58
DEQ,669464571061368,22,1028,308917198,57
DEQ,669464578045988,22,1028,315899712,56
DEQ,669464585060526,22,1028,322912207,55
DEQ,669464592052586,22,1028,329902199,54
DEQ,669464599053026,22,1028,336900566,53
DEQ,669464606052587,22,1028,343898070,52
DEQ,669464613066346,22,1028,350909736,51
DEQ,669464620057690,22,1028,357899034,50
DEQ,669464627054982,22,1028,364894346,49
DEQ,669464634054765,22,1028,371892040,48
DEQ,669464641057592,22,1028,378892561,47
DEQ,669464648057235,22,1028,385889897,46
DEQ,669464655042464,22,1028,392872652,45
DEQ,669464661929469,22,1028,399757376,44
DEQ,669464669055566,22,1028,406881311,53
DEQ,669464676055116,22,1028,413878680,52
DEQ,669464683054907,22,1028,420876430,51
DEQ,669464690042884,22,1028,427862132,50
DEQ,669464697042145,22,1028,434859199,49
DEQ,669464704055098,22,1028,441869948,48
DEQ,669464711055380,22,1028,448867848,47
DEQ,669464718045037,22,1028,455855078,46
DEQ,669464725045584,22,1028,462853329,45
DEQ,669464732042074,22,1028,469847718,44
DEQ,669464739049271,22,1028,476852540,43
DEQ,669464746060073,22,1028,483861151,42
DEQ,669464753051375,22,1028,490850283,41
DEQ,669464760050135,22,1028,497846667,40
DEQ,669464767055093,22,1028,504849384,39
DEQ,669464774053014,22,1028,511844967,38
DEQ,669464781061824,22,1028,390954837,37
DEQ,669464788040198,22,1028,397915654,36
DEQ,669464795055016,22,1028,404928325,35
DEQ,669464802067867,22,1028,411939070,91
DEQ,669464809059592,22,1028,418928603,90
DEQ,669464816052532,22,1028,425919371,89
DEQ,669464823044642,22,1028,432909417,88
DEQ,669464830051759,22,1028,439914243,87
DEQ,669464837051336,22,1028,446911724,86
DEQ,669464844053369,22,1028,453911582,85
DEQ,669464851054666,22,1028,460910697,84
DEQ,669464858058326,22,1028,467912178,83
DEQ,669464865058703,22,1028,474910474,82
DEQ,669464872054336,22,1028,481904032,81
DEQ,669464879046251,22,1028,488893842,80
DEQ,669464886052525,22,1028,495898050,79
DEQ,669464893060449,22,1028,502903838,78
DEQ,669464900060818,22,1028,509902136,77
DEQ,669464907054478,22,1028,516893694,76
DEQ,669464914052694,22,1028,523889913,75
DEQ,669464921060984,22,1028,530895973,74
DEQ,669464928058253,22,1028,537891156,73
DEQ,669464935055073,22,1028,544885745,72
DEQ,669464942048314,22,1028,551877003,71
DEQ,669464949058719,22,1028,558885287,70
DEQ,669464956052645,22,1028,565877048,69
DEQ,669464963062129,22,1028,572884130,68
DEQ,669464970054387,22,1028,579873922,67
DEQ,669464977049586,22,1028,315041309,66
DEQ,669464984055813,22,1028,322039930,65
DEQ,669464991052925,22,1028,329034843,64
DEQ,669464998054973,22,1028,336034340,63
DEQ,669465005058622,22,1028,343035901,62
DEQ,669465012053437,22,1028,350028628,61
DEQ,669465019054588,22,1028,357027699,60
DEQ,669465026059112,22,1028,362532868,59
DEQ,669465033059760,22,1028,367338856,58
DEQ,669465040056820,22,1028,372142293,57
DEQ,669465047057234,22,1028,248948874,56
DEQ,669465054055724,22,1028,255927828,55
DEQ,669465061038965,22,1028,262908531,54
DEQ,669465068047775,22,1028,269914122,53
DEQ,669465075061220,22,1028,276925338,52
DEQ,669465082060454,22,1028,283922481,51
DEQ,669465089062570,22,1028,290922476,50
DEQ,669465096057308,22,1028,297914948,49
DEQ,669465103057784,22,1028,304913332,48
DEQ,669465109995797,22,1028,311849271,47
DEQ,669465117062811,22,1028,318914189,46
DEQ,669465124039151,22,1028,325888469,45
DEQ,669465131034579,22,1028,332881794,44
DEQ,669465138053372,22,1028,339898367,43
DEQ,669465145062082,22,1028,346904985,42
DEQ,669465152045130,22,1028,353885949,41
DEQ,669465159012119,22,1028,360850367,40
DEQ,669465166040782,22,1028,367876829,39
DEQ,669465173066180,22,1028,374900161,38
DEQ,669465180054118,22,1028,381886026,37
DEQ,669465187044806,22,1028,388874555,36
DEQ,669465194041707,22,1028,395869410,35
DEQ,669465201051061,22,1028,402876697,73
DEQ,669465208052431,22,1028,409875857,72
DEQ,669465215052916,22,1028,416874199,71
STATS,669465215189414,71,72988,6783,6712,0,0,0
DEQ,669465222038273,22,1028,423857463,70
DEQ,669465229046849,22,1028,430863836,69
DEQ,669465236045448,22,1028,437860093,68
DEQ,669465243052810,22,1028,444865380,67
DEQ,669465250053601,22,1028,451864000,66
DEQ,669465257069483,22,1028,458877670,65
DEQ,669465264044936,22,1028,465850673,64
DEQ,669465271056177,22,1028,472859835,63
DEQ,669465278051502,22,1028,479852759,62
DEQ,669465285058651,22,1028,486857908,61
DEQ,669465292054890,22,1028,493852026,60
DEQ,669465299054433,22,1028,500849487,59
DEQ,669465306053121,22,1028,507846015,58
DEQ,669465313058516,22,1028,514849342,57
DEQ,669465320057339,22,1028,521846008,56
DEQ,669465327056895,22,1028,528843504,55
DEQ,669465334053153,22,1028,535837678,54
DEQ,669465341054503,22,1028,542836979,81
DEQ,669465348054014,22,1028,549834569,80
DEQ,669465355054413,22,1028,556832982,79
DEQ,669465362058119,22,1028,563834514,78
DEQ,669465369058583,22,1028,570832994,77
DEQ,669465376057289,22,1028,577829641,76
DEQ,669465383059362,22,1028,584829646,75
DEQ,669465390055726,22,1028,591823756,74
DEQ,669465397058583,22,1028,598824628,73
DEQ,669465404045299,22,1028,605809184,72
DEQ,669465411054229,22,1028,612816106,71
DEQ,669465418052516,22,1028,619812392,70
DEQ,669465425058601,22,1028,626816472,69
DEQ,669465432054001,22,1028,633809778,68
DEQ,669465439056896,22,1028,640810722,67
DEQ,669465446054112,22,1028,247936326,66
DEQ,669465453048613,22,1028,254922094,65
DEQ,669465460060682,22,1028,261932060,64
DEQ,669465467046940,22,1028,268916193,63
DEQ,669465474051986,22,1028,275919042,62
DEQ,669465481060925,22,1028,282925888,61
DEQ,669465488058942,22,1028,289921837,60
DEQ,669465495060020,22,1028,296920717,59
DEQ,669465502057864,22,1028,303916469,58
DEQ,669465509069630,22,1028,310926236,57
DEQ,669465516057049,22,1028,317911554,56
DEQ,669465523049493,22,1028,324901885,55
DEQ,669465530067444,22,1028,331917601,54
DEQ,669465537060235,22,1028,338908331,53
DEQ,669465544060637,22,1028,345906548,52
DEQ,669465551048939,22,1028,352892681,51
DEQ,669465558049016,22,1028,359890759,50
DEQ,669465565060519,22,1028,366900174,49
DEQ,669465572060679,22,1028,373898084,48
DEQ,669465579064105,22,1028,380899489,47
DEQ,669465586052538,22,1028,387885920,46
DEQ,669465593050270,22,1028,394881656,45
DEQ,669465600046908,22,1028,401875255,44
DEQ,669465607060742,22,1028,408887026,53
DEQ,669465614053944,22,1028,415878256,52
DEQ,669465621060810,22,1028,422882915,51
DEQ,669465628045205,22,1028,429865287,50
DEQ,669465635049677,22,1028,436867663,49
DEQ,669465642049876,22,1028,443865885,48
DEQ,669465649052751,22,1028,450866787,47
DEQ,669465656044832,22,1028,457856732,46
DEQ,669465663041929,22,1028,464851705,45
DEQ,669465670048619,22,1028,471856390,44
DEQ,669465677055201,22,1028,478860483,43
DEQ,669465684054800,22,1028,485858009,42
DEQ,669465691045328,22,1028,492846581,41
DEQ,669465698047411,22,1028,499846520,40
DEQ,669465705045036,22,1028,506842030,39
DEQ,669465712052316,22,1028,511872812,38
DEQ,669465719054723,22,1028,384908860,37
DEQ,669465726054045,22,1028,391899302,36
DEQ,669465733053648,22,1028,398896765,35
DEQ,669465740057059,22,1028,405898104,91
DEQ,669465747062581,22,1028,412901466,90
DEQ,669465754060241,22,1028,419895309,89
DEQ,669465761068503,22,1028,426901477,88
DEQ,669465768055953,22,1028,433886807,87
DEQ,669465775043891,22,1028,440872632,86
DEQ,669465781932912,22,1028,447759644,85
DEQ,669465789055174,22,1028,454879899,84
DEQ,669465796056387,22,1028,461879064,83
DEQ,669465803067244,22,1028,468887934,82
DEQ,669465810064065,22,1028,475882763,81
DEQ,669465817057562,22,1028,482874228,80
DEQ,669465824053993,22,1028,489868676,79
DEQ,669465831056540,22,1028,496869257,78
DEQ,669465838044998,22,1028,503855677,77
DEQ,669465845049723,22,1028,510858393,76
DEQ,669465852059627,22,1028,517866326,75
DEQ,669465859060822,22,1028,524865454,74
DEQ,669465866054701,22,1028,531857150,73
DEQ,669465873049320,22,1028,538849792,73
DEQ,669465880043221,22,1028,545841638,72
DEQ,669465887054363,22,1028,552850737,71
DEQ,669465894054897,22,1028,559849117,70
DEQ,669465901053640,22,1028,566845320,69
DEQ,669465908053154,22,1028,573842208,68
DEQ,669465915058532,22,1028,308941300,67
DEQ,669465922058057,22,1028,315932345,66
DEQ,669465929058437,22,1028,322930511,65
DEQ,669465936055553,22,1028,329925527,64
DEQ,669465943053109,22,1028,336920995,63
DEQ,669465950051451,22,1028,343917251,62
DEQ,669465957058570,22,1028,350922341,61
DEQ,669465964055636,22,1028,357917398,60
DEQ,669465971061835,22,1028,364921578,59
DEQ,669465977992911,22,1028,371850607,58
DEQ,669465985060760,22,1028,250944005,57
DEQ,669465992066251,22,1028,257940934,56
DEQ,669465999069143,22,1028,264941617,55
DEQ,669466006059775,22,1028,271930160,54
DEQ,669466013052621,22,1028,278920890,53
DEQ,669466020052267,22,1028,285918365,52
DEQ,669466027062075,22,1028,292926151,51
DEQ,669466034051748,22,1028,299913783,50
DEQ,669466041054333,22,1028,306914349,49
DEQ,669466048038257,22,1028,313895760,48
DEQ,669466054990586,22,1028,320845901,47
DEQ,669466061930996,22,1028,327784226,46
DEQ,669466068985547,22,1028,334836794,45
DEQ,669466075978582,22,1028,341827829,44
DEQ,669466083042766,22,1028,348889666,43
DEQ,669466090021345,22,1028,355866148,42
DEQ,669466096978254,22,1028,362821059,41
DEQ,669466104016608,22,1028,369857340,40
DEQ,669466111042893,22,1028,376881566,39
DEQ,669466118049890,22,1028,383886543,38
DEQ,669466124994750,22,1028,390829413,37
DEQ,669466132055445,22,1028,397886975,36
DEQ,669466139044641,22,1028,404874059,35
DEQ,669466146052300,22,1028,411879709,77
DEQ,669466152995634,22,1028,418820969,76
DEQ,669466160061413,22,1028,425884769,75
DEQ,669466167043786,22,1028,432865056,74
DEQ,669466174052298,22,1028,439871581,73
DEQ,669466180994066,22,1028,446811335,72
DEQ,669466188059608,22,1028,453874786,71
DEQ,669466195048489,22,1028,460861665,70
DEQ,669466202058921,22,1028,467870043,69
DEQ,669466209056409,22,1028,474865501,68
DEQ,669466216047961,22,1028,481854996,67
STATS,669466216068665,67,67932,6922,6855,0,0,0
DEQ,669466223053128,22,1028,488858158,66
DEQ,669466230050607,22,1028,495853579,65
DEQ,669466237046852,22,1028,502847690,64
DEQ,669466244059599,22,1028,509858223,63
DEQ,669466251060171,22,1028,516856774,62
DEQ,669466258051393,22,1028,523845887,61
DEQ,669466265052607,22,1028,530845106,60
DEQ,669466272055601,22,1028,537846122,59
DEQ,669466279041565,22,1028,544830104,82
DEQ,669466286051815,22,1028,551838373,81
DEQ,669466293053521,22,1028,558838009,80
DEQ,669466300046430,22,1028,565828768,79
DEQ,669466307052674,22,1028,572833016,78
DEQ,669466314052382,22,1028,579830734,77
DEQ,669466321061123,22,1028,586837506,76
DEQ,669466328062118,22,1028,593836510,75
DEQ,669466335052628,22,1028,600824946,74
DEQ,669466342056503,22,1028,607826668,73
DEQ,669466349060117,22,1028,614828298,72
DEQ,669466356050582,22,1028,621816253,71
DEQ,669466363058393,22,1028,628822021,70
DEQ,669466370053047,22,1028,635814597,69
DEQ,669466377054224,22,1028,642813684,68
DEQ,669466384053955,22,84,513938242,67
DEQ,669466391004417,22,1028,248860692,66
DEQ,669466398044689,22,1028,255889284,65
DEQ,669466405047473,22,1028,262889669,64
DEQ,669466412052139,22,1028,269891951,63
DEQ,669466419058340,22,1028,276895900,62
DEQ,669466426052988,22,1028,283888204,61
DEQ,669466433056152,22,1028,290889103,60
DEQ,669466440052262,22,1028,297882993,59
DEQ,669466447052589,22,1028,304881094,58
DEQ,669466454052111,22,1028,311877983,57
DEQ,669466461060840,22,1028,318884581,56
DEQ,669466468052281,22,1028,325873883,55
DEQ,669466475046748,22,1028,332863972,54
DEQ,669466482050511,22,1028,339865570,53
DEQ,669466489058402,22,1028,346871319,52
DEQ,669466496053886,22,1028,353864751,51
DEQ,669466503061651,22,1028,360870222,50
DEQ,669466510044632,22,1028,367851069,49
DEQ,669466517052492,22,1028,374856701,48
DEQ,669466524056332,22,1028,381858358,47
DEQ,669466531054196,22,1028,388854093,46
DEQ,669466538039404,22,1028,395837086,45
DEQ,669466545058930,22,1028,402854459,51
DEQ,669466552067440,22,1028,409860554,50
DEQ,669466558995358,22,1028,416786321,49
DEQ,669466566036408,22,1028,423825226,48
DEQ,669466573053795,22,1028,430840425,47
DEQ,669466580048342,22,1028,437832282,46
DEQ,669466586994113,22,1028,444775969,45
DEQ,669466594010349,22,1028,451790069,44
DEQ,669466601041656,22,1028,458819315,43
DEQ,669466608053765,22,1028,465829433,42
DEQ,669466614993921,22,1028,472767537,41
DEQ,669466622065495,22,1028,479836603,40
DEQ,669466629045078,22,1028,486814162,39
DEQ,669466636045992,22,1028,493813027,38
DEQ,669466643048326,22,1028,500813330,37
DEQ,669466649992583,22,1028,507755544,36
DEQ,669466657052482,22,1028,514813515,35
DEQ,669466664052601,22,1028,521811655,34
DEQ,669466671057362,22,1028,528814168,33
DEQ,669466678057072,22,1028,535369619,32
DEQ,669466685058317,22,1028,540176410,91
DEQ,669466692055288,22,1028,413945022,90
DEQ,669466699058246,22,1028,420929213,89
DEQ,669466706062797,22,1028,427931499,88
DEQ,669466713058276,22,1028,434924832,87
DEQ,669466720056932,22,1028,441921377,86
DEQ,669466727054290,22,1028,448916630,85
DEQ,669466734052001,22,1028,455912272,84
DEQ,669466741045449,22,1028,462903655,83
DEQ,669466748053543,22,1028,469909667,82
DEQ,669466755058167,22,1028,476912212,81
DEQ,669466762052868,22,1028,483904791,80
DEQ,669466769058246,22,1028,490907999,79
DEQ,669466776039097,22,1028,497886721,78
DEQ,669466783043640,22,1028,504889137,77
DEQ,669466790051144,22,1028,511894592,76
DEQ,669466797067061,22,1028,518908447,75
DEQ,669466804052474,22,1028,525891711,74
DEQ,669466811058491,22,1028,532895678,73
DEQ,669466818053875,22,1028,539888864,72
DEQ,669466825058252,22,1028,546891220,71
DEQ,669466832055302,22,1028,553885501,70
DEQ,669466839042838,22,1028,560871038,69
DEQ,669466846044365,22,1028,567870553,68
DEQ,669466853052207,22,1028,574876364,67
DEQ,669466860047124,22,1028,317922873,66
DEQ,669466867055233,22,1028,324921426,65
DEQ,669466874057895,22,1028,331921614,64
DEQ,669466881052526,22,1028,338913965,63
DEQ,669466888052088,22,1028,345911501,62
DEQ,669466895054968,22,1028,352912274,61
DEQ,669466902057793,22,1028,357982127,60
DEQ,669466909053231,22,1028,230896905,59
DEQ,669466916056242,22,1028,237891400,58
DEQ,669466923045824,22,1028,244878843,57
DEQ,669466930065735,22,1028,251896647,56
DEQ,669466937060224,22,1028,258888842,55
DEQ,669466944053882,22,1028,265880386,54
DEQ,669466951042135,22,1028,272866460,54
DEQ,669466958052142,22,1028,279874449,53
DEQ,669466965058297,22,1028,286878509,52
DEQ,669466972052835,22,1028,293870937,51
DEQ,669466979055082,22,1028,300870783,50
DEQ,669466986050478,22,1028,307863971,49
DEQ,669466993058186,22,1028,314869410,48
DEQ,669467000055769,22,1028,321864860,47
DEQ,669467007043230,22,1028,328850212,46
DEQ,669467014059340,22,1028,335864297,45
DEQ,669467020997134,22,1028,342799827,44
DEQ,669467027994668,22,1028,349795280,43
DEQ,669467035049217,22,1028,356847710,42
DEQ,669467042040419,22,1028,363836833,41
DEQ,669467049059938,22,1028,370853942,40
DEQ,669467056056681,22,1028,377848415,39
DEQ,669467062930256,22,1028,384719847,38
DEQ,669467069986943,22,1028,391774502,37
DEQ,669467076995250,22,1028,398780677,36
DEQ,669467083993384,22,1028,405776497,74
DEQ,669467091055131,22,1028,412835883,73
DEQ,669467098048370,22,1028,419826660,72
DEQ,669467104993096,22,1028,426768963,71
DEQ,669467112078219,22,1028,433851341,70
DEQ,669467119050652,22,1028,440821506,69
DEQ,669467126043290,22,1028,447812093,68
DEQ,669467133049625,22,1028,454816330,67
DEQ,669467139996606,22,1028,461761264,66
DEQ,669467146983295,22,1028,468745904,65
DEQ,669467154054687,22,1028,475815194,64
DEQ,669467160994479,22,1028,482752981,63
DEQ,669467168057660,22,1028,489814171,62
DEQ,669467175057176,22,1028,496811547,61
DEQ,669467182054543,22,1028,503806942,60
DEQ,669467189050506,22,1028,510800754,59
DEQ,669467196056752,22,1028,517805036,58
DEQ,669467203053473,22,1028,524799702,57
DEQ,669467210063450,22,1028,531807608,56
DEQ,669467217055500,22,1028,538797246,83
STATS,669467217196286,83,84380,7081,6998,0,0,0
DEQ,669467224052560,22,1028,545792300,82
DEQ,669467231055639,22,1028,552793181,81
DEQ,669467238068757,22,1028,559804271,80
DEQ,669467245050311,22,1028,566783863,79
DEQ,669467252054817,22,1028,573786204,78
DEQ,669467259060086,22,1028,580789475,77
DEQ,669467266043620,22,1028,587770902,76
DEQ,669467273050830,22,1028,594776140,75
DEQ,669467280040003,22,1028,601763325,74
DEQ,669467287052371,22,1028,608773638,73
DEQ,669467294056961,22,1028,615776091,72
DEQ,669467301058182,22,1028,622775262,71
DEQ,669467308051931,22,1028,629766965,70
DEQ,669467315058230,22,1028,636771253,69
DEQ,669467322058000,22,1028,643768893,68
DEQ,669467329061392,22,84,378939105,67
DEQ,669467336056968,22,1028,257929696,66
DEQ,669467343052362,22,1028,264916518,65
DEQ,669467350065338,22,1028,271927213,64
DEQ,669467357058491,22,1028,278918250,63
DEQ,669467364054357,22,1028,285912014,62
DEQ,669467371066120,22,1028,292921649,61
DEQ,669467378048337,22,1028,299901451,60
DEQ,669467385056381,22,1028,306907416,59
DEQ,669467392050635,22,1028,313899622,58
DEQ,669467399060742,22,1028,320907634,57
DEQ,669467406065286,22,1028,327910143,56
DEQ,669467413054926,22,1028,334897810,55
DEQ,669467420052805,22,1028,341893706,54
DEQ,669467427060623,22,1028,348899550,53
DEQ,669467434058800,22,1028,355895665,52
DEQ,669467441058192,22,1028,362892854,51
DEQ,669467448057812,22,1028,369890299,50
DEQ,669467455057380,22,1028,376887644,49
DEQ,669467462052778,22,1028,383880880,48
DEQ,669467469052179,22,1028,390878289,47
DEQ,669467476052816,22,1028,397876774,46
DEQ,669467483039089,22,1028,404861014,45
DEQ,669467490067561,22,1028,411887365,51
DEQ,669467497059062,22,1028,418876889,50
DEQ,669467503992523,22,1028,425808171,49
DEQ,669467511049979,22,1028,432863576,48
DEQ,669467518041423,22,1028,439852884,47
DEQ,669467525057987,22,1028,446866912,46
DEQ,669467531927816,22,1028,453734629,45
DEQ,669467539011148,22,1028,460815943,44
DEQ,669467546060092,22,1028,467862846,43
DEQ,669467553050920,22,1028,474850479,42
DEQ,669467559990134,22,1028,481787714,41
DEQ,669467567027393,22,1028,488822948,40
DEQ,669467574046442,22,1028,495840008,39
DEQ,669467581060091,22,1028,502851524,38
DEQ,669467587994572,22,1028,509784001,37
DEQ,669467594995141,22,1028,515272742,36
DEQ,669467602053141,22,1028,520138671,35
DEQ,669467609042787,22,1028,394918559,34
DEQ,669467616052602,22,1028,401919796,33
DEQ,669467623053729,22,1028,408918170,92
DEQ,669467630055679,22,1028,415917615,91
DEQ,669467637054785,22,1028,422914083,90
DEQ,669467644052826,22,1028,429909836,89
DEQ,669467651048105,22,1028,436902566,88
DEQ,669467658051003,22,1028,443902950,87
DEQ,669467665060079,22,1028,450909703,86
DEQ,669467672051887,22,1028,457899213,85
DEQ,669467679052305,22,1028,464897245,84
DEQ,669467686055040,22,1028,471897670,83
DEQ,669467693060405,22,1028,478900709,82
DEQ,669467700050202,22,1028,485888051,81
DEQ,669467707053855,22,1028,492889258,80
DEQ,669467714050211,22,1028,499883441,79
DEQ,669467721063887,22,1028,506894449,78
DEQ,669467728055201,22,1028,513883436,77
DEQ,669467735059356,22,1028,520885156,76
DEQ,669467741992528,22,1028,527815734,75
DEQ,669467749060579,22,1028,534881466,74
DEQ,669467756049329,22,1028,541867924,73
DEQ,669467763061071,22,1028,548877324,72
DEQ,669467770053241,22,1028,555867285,71
DEQ,669467777051122,22,1028,562862879,70
DEQ,669467784056006,22,1028,569865370,69
DEQ,669467791057218,22,1028,576864373,68
DEQ,669467798056011,22,1028,583860825,67
DEQ,669467805060900,22,1028,318937350,66
DEQ,669467812056061,22,1028,325923756,65
DEQ,669467819059220,22,1028,332924753,64
DEQ,669467826065958,22,1028,339929383,63
DEQ,669467833054275,22,1028,346915551,62
DEQ,669467840057610,22,1028,353281359,61
DEQ,669467847058292,22,1028,358088292,60
DEQ,669467854057078,22,1028,231929590,59
DEQ,669467861056881,22,1028,238920805,58
DEQ,669467868057451,22,1028,245919250,57
DEQ,669467875060322,22,1028,252919982,56
DEQ,669467882052068,22,1028,259909640,55
DEQ,669467889061431,22,1028,266916907,55
DEQ,669467896057868,22,1028,273911201,54
DEQ,669467903058660,22,1028,280909923,53
DEQ,669467910054115,22,1028,287903388,52
DEQ,669467917053027,22,1028,294900184,51
DEQ,669467924058473,22,1028,301903611,50
DEQ,669467931058045,22,1028,308900956,49
DEQ,669467938051758,22,1028,315892439,48
DEQ,669467945048840,22,1028,322887301,47
DEQ,669467952048832,22,1028,329885213,46
DEQ,669467959041878,22,1028,336876080,45
DEQ,669467966052677,22,1028,343884744,44
DEQ,669467972995741,22,1028,350825255,43
DEQ,669467980026505,22,1028,357853956,42
DEQ,669467986987266,22,1028,364812638,41
DEQ,669467994052423,22,1028,371875793,40
DEQ,669468000994053,22,1028,378815432,39
DEQ,669468008021532,22,1028,385840915,38
DEQ,669468015052917,22,1028,392870145,37
DEQ,669468022047804,22,1028,399863046,36
DEQ,669468029056798,22,1028,406870023,74
DEQ,669468035993583,22,1028,413804740,73
DEQ,669468042929331,22,1028,420738443,72
DEQ,669468050053765,22,1028,427860736,71
DEQ,669468057061646,22,1028,434866330,70
DEQ,669468063988029,22,1028,441790306,69
DEQ,669468071049825,22,1028,448850142,68
DEQ,669468078053912,22,1028,455852063,67
DEQ,669468085058439,22,1028,462854623,66
DEQ,669468092057564,22,1028,469851663,65
DEQ,669468099052131,22,1028,476844239,64
DEQ,669468106054260,22,1028,483844220,63
DEQ,669468113054611,22,1028,490842519,62
DEQ,669468120058394,22,1028,497844097,61
DEQ,669468127053836,22,1028,504837345,60
DEQ,669468134057563,22,1028,511838972,59
DEQ,669468141053806,22,1028,518833140,58
DEQ,669468148038435,22,1028,525815775,57
DEQ,669468155053770,22,1028,532829095,56
DEQ,669468162042547,22,1028,539815818,83
DEQ,669468169057989,22,1028,546829047,82
DEQ,669468176053329,22,1028,553822059,81
DEQ,669468183061734,22,1028,560828464,80
DEQ,669468190057788,22,1028,567822054,79
DEQ,669468197061363,22,1028,574823421,78
DEQ,669468204056621,22,1028,581816566,77
DEQ,669468211059371,22,1028,588817206,76
DEQ,669468218052516,22,1028,595808348,75
STATS,669468218180856,75,76156,7216,7141,0,0,0
DEQ,669468225057003,22,1028,602810488,74
DEQ,669468232058208,22,1028,609809700,73
DEQ,669468239057327,22,1028,616806589,72
DEQ,669468245993034,22,1028,623740108,71
DEQ,669468253052747,22,1028,630797752,70
DEQ,669468260053993,22,1028,637796824,69
DEQ,669468267062618,22,1028,644803427,68
DEQ,669468274044691,22,84,387927415,67
DEQ,669468281060584,22,1028,258917645,66
DEQ,669468288053480,22,1028,265902110,65
DEQ,669468295055435,22,1028,272901937,64
DEQ,669468302052036,22,1028,279896439,63
DEQ,669468309052173,22,1028,286894256,62
DEQ,669468316052538,22,1028,293892604,61
DEQ,669468323051553,22,1028,300889627,60
DEQ,669468330050845,22,1028,307886769,59
DEQ,669468337057926,22,1028,314891862,58
DEQ,669468344008202,22,1028,321840132,57
DEQ,669468351052051,22,1028,328881842,56
DEQ,669468358051688,22,1028,335879394,55
DEQ,669468365059689,22,1028,342885393,54
DEQ,669468372054212,22,1028,349877883,53
DEQ,669468379054554,22,1028,356876097,52
DEQ,669468386058364,22,1028,363877899,51
DEQ,669468393057945,22,1028,370875471,50
DEQ,669468400057155,22,1028,377872680,49
DEQ,669468407068457,22,1028,384881932,48
DEQ,669468414052056,22,1028,391863567,47
DEQ,669468421046298,22,1028,398855698,46
DEQ,669468428009032,22,1028,405816357,49
DEQ,669468435055058,22,1028,412860220,48
DEQ,669468442057491,22,1028,419860543,47
DEQ,669468448993574,22,1028,426794495,46
DEQ,669468456001300,22,1028,433800147,45
DEQ,669468463044508,22,1028,440841170,44
DEQ,669468470050723,22,1028,447845346,43
DEQ,669468476993081,22,1028,454785672,42
DEQ,669468483995581,22,1028,461786134,41
DEQ,669468491048790,22,1028,468837367,40
DEQ,669468498046446,22,1028,475832923,39
DEQ,669468505053711,22,1028,482838139,38
DEQ,669468511994239,22,1028,489776680,37
DEQ,669468519024500,22,1028,496804879,36
DEQ,669468526046637,22,1028,503824751,35
DEQ,669468533055255,22,1028,509921152,34
DEQ,669468540001387,22,1028,514672596,33
DEQ,669468547081752,22,1028,519614260,32
DEQ,669468554045758,22,1028,395929066,31
DEQ,669468561039933,22,1028,402914750,91
DEQ,669468568044339,22,1028,409917049,90
DEQ,669468575052052,22,1028,416922673,89
DEQ,669468582054213,22,1028,423922761,88
DEQ,669468589057826,22,1028,430924259,87
DEQ,669468596031195,22,1028,437895419,86
DEQ,669468603048285,22,1028,444910502,85
DEQ,669468610052836,22,1028,451913042,84
DEQ,669468617063703,22,1028,458921799,83
DEQ,669468624059612,22,1028,465915753,82
DEQ,669468631057178,22,1028,472911297,81
DEQ,669468638055910,22,1028,479908044,80
DEQ,669468645052939,22,1028,486902951,79
DEQ,669468652055807,22,1028,493903819,78
DEQ,669468659061446,22,1028,500907508,77
DEQ,669468666057480,22,1028,507901545,76
DEQ,669468673048655,22,1028,514890640,75
DEQ,669468680051971,22,1028,521891885,74
DEQ,669468687057796,22,1028,528895718,73
DEQ,669468694068216,22,1028,535902917,72
DEQ,669468701047009,22,1028,542879603,73
DEQ,669468708057454,22,1028,549887957,72
DEQ,669468715057813,22,1028,556886251,71
DEQ,669468722049929,22,1028,563876337,70
DEQ,669468729048055,22,1028,570872374,69
DEQ,669468736053300,22,1028,577875639,68
DEQ,669468743054324,22,1028,584874171,67
DEQ,669468750049913,22,1028,327926392,66
DEQ,669468757045932,22,1028,333799019,65
DEQ,669468764062287,22,1028,338619254,64
DEQ,669468771066390,22,1028,343435590,63
DEQ,669468778048934,22,1028,219922970,62
DEQ,669468785055490,22,1028,226920939,61
DEQ,669468792057389,22,1028,233920715,60
DEQ,669468799073733,22,1028,240935038,59
DEQ,669468806055709,22,1028,247914955,58
DEQ,669468813061732,22,1028,254918922,57
DEQ,669468820055879,22,1028,261911005,56
DEQ,669468827055624,22,1028,268908715,55
DEQ,669468834052412,22,1028,275903384,54
DEQ,669468841066006,22,1028,282914889,53
DEQ,669468848056284,22,1028,289903123,52
DEQ,669468855068419,22,1028,296913070,51
DEQ,669468862053960,22,1028,303896128,50
DEQ,669468869057730,22,1028,310897913,49
DEQ,669468876054015,22,1028,317892214,48
DEQ,669468883051935,22,1028,324888156,47
DEQ,669468890049924,22,1028,331884113,46
DEQ,669468897044449,22,1028,338876582,45
DEQ,669468904051525,22,1028,345881599,44
DEQ,669468910992808,22,1028,352820860,43
DEQ,669468918003154,22,1028,359829080,42
DEQ,669468925045733,22,1028,366869670,41
DEQ,669468932041972,22,1028,373863775,40
DEQ,669468939056647,22,1028,380876436,39
DEQ,669468945987867,22,1028,387805646,38
DEQ,669468953021810,22,1028,394837492,37
DEQ,669468960046652,22,1028,401860165,36
DEQ,669468967043576,22,1028,408855096,72
DEQ,669468973991960,22,1028,415801419,71
DEQ,669468981080858,22,1028,422888184,70
DEQ,669468988037523,22,1028,429842763,69
DEQ,669468995043699,22,1028,436846842,68
DEQ,669469002051255,22,1028,443852278,67
DEQ,669469008993862,22,1028,450792807,66
DEQ,669469016038454,22,1028,457835409,65
DEQ,669469023035354,22,1028,464830246,64
DEQ,669469030054881,22,1028,471847616,63
DEQ,669469037059547,22,1028,478850231,62
DEQ,669469044051523,22,1028,485840075,61
DEQ,669469051057754,22,1028,492844174,60
DEQ,669469058051571,22,1028,499835999,59
DEQ,669469065066841,22,1028,506849179,58
DEQ,669469072038237,22,1028,513818571,57
DEQ,669469079048080,22,1028,520826440,56
DEQ,669469086052346,22,1028,527828670,55
DEQ,669469093059450,22,1028,534833706,54
DEQ,669469100051555,22,1028,541823837,84
DEQ,669469107053576,22,1028,548823895,83
DEQ,669469114051058,22,1028,555819388,82
DEQ,669469121053609,22,1028,562819933,81
DEQ,669469128051514,22,1028,569815749,80
DEQ,669469135051762,22,1028,576814025,79
DEQ,669469142044064,22,1028,583804249,78
DEQ,669469149052700,22,1028,590810873,77
DEQ,669469156064131,22,1028,597819866,76
DEQ,669469163059885,22,1028,604813616,75
DEQ,669469170063936,22,1028,611815685,74
DEQ,669469177053477,22,1028,618803076,73
DEQ,669469184048129,22,1028,625795542,72
DEQ,669469191053570,22,1028,632798993,71
DEQ,669469198056489,22,1028,637941914,70
DEQ,669469205049443,22,1028,510887839,69
DEQ,669469212052282,22,1028,517882260,68
DEQ,669469219051823,22,84,252925897,67
STATS,669469219191996,67,68876,7351,7284,0,0,0
DEQ,669469226044825,22,1028,259909947,66
DEQ,669469233057743,22,1028,266920675,65
DEQ,669469240051462,22,1028,273912166,64
DEQ,669469247052306,22,1028,280910871,63
DEQ,669469254048958,22,1028,287905438,62
DEQ,669469261046943,22,1028,294901411,61
DEQ,669469268046341,22,1028,301898541,60
DEQ,669469275043500,22,1028,308893719,59
DEQ,669469282050663,22,1028,315898769,58
DEQ,669469289057881,22,1028,322903927,57
DEQ,669469296058822,22,1028,329902816,56
DEQ,669469303061772,22,1028,336903764,55
DEQ,669469310043921,22,1028,343883884,54
DEQ,669469317050340,22,1028,350888023,53
DEQ,669469324047297,22,1028,357882642,52
DEQ,669469331057656,22,1028,364890702,51
DEQ,669469338057130,22,1028,371888018,50
DEQ,669469345063451,22,1028,378892277,49
DEQ,669469352053195,22,1028,385880027,48
DEQ,669469359054360,22,1028,392879120,47
DEQ,669469366053169,22,1028,399875813,46
DEQ,669469373053097,22,1028,406873687,49
DEQ,669469380051081,22,1028,413869678,48
DEQ,669469387054413,22,1028,420870968,47
DEQ,669469393992032,22,1028,427806324,46
DEQ,669469401048519,22,1028,434860732,45
DEQ,669469408052301,22,1028,441862454,44
DEQ,669469415048752,22,1028,448856791,43
DEQ,669469421992191,22,1028,455798246,42
DEQ,669469429012595,22,1028,462816596,41
DEQ,669469436050736,22,1028,469852682,40
DEQ,669469443058639,22,1028,476858601,39
DEQ,669469450055385,22,1028,483852416,38
DEQ,669469457053585,22,1028,490848520,37
DEQ,669469464058929,22,1028,497851887,36
DEQ,669469471039660,22,1028,504830515,35
DEQ,669469478059005,22,1028,383935255,34
DEQ,669469485052643,22,1028,390920278,33
DEQ,669469492050694,22,1028,397916127,32
DEQ,669469499032609,22,1028,404895904,31
DEQ,669469506040258,22,1028,411901477,91
DEQ,669469513051744,22,1028,418910720,90
DEQ,669469520053870,22,1028,425910815,89
DEQ,669469527049317,22,1028,432904235,88
DEQ,669469534050522,22,1028,439903047,87
DEQ,669469541058501,22,1028,446909032,86
DEQ,669469548051677,22,1028,453900094,85
DEQ,669469555057680,22,1028,460904061,84
DEQ,669469562049747,22,1028,467894140,83
DEQ,669469569059275,22,1028,474901615,82
DEQ,669469576058925,22,1028,481899082,81
DEQ,669469583053509,22,1028,488891477,80
DEQ,669469590050483,22,1028,495886411,79
DEQ,669469597059545,22,1028,502893418,78
DEQ,669469604053090,22,1028,509884900,77
DEQ,669469611057551,22,1028,516887247,76
DEQ,669469618045904,22,1028,523873623,75
DEQ,669469625051794,22,1028,530877484,74
DEQ,669469632053039,22,1028,537876728,73
DEQ,669469639042150,22,1028,544863785,74
DEQ,669469645993548,22,1028,551813101,73
DEQ,669469653045979,22,1028,558863566,72
DEQ,669469660052288,22,1028,565867458,71
DEQ,669469667059350,22,1028,572872154,70
DEQ,669469674051447,22,1028,579861594,69
DEQ,669469681059210,22,1028,586867247,68
DEQ,669469688048868,22,1028,593854896,67
DEQ,669469695051822,22,1028,328898525,66
DEQ,669469702060374,22,1028,333932026,65
DEQ,669469709059689,22,1028,338852737,64
DEQ,669469716055208,22,1028,343643047,63
DEQ,669469723061211,22,1028,220934625,62
DEQ,669469730053732,22,1028,227918303,61
DEQ,669469737053452,22,1028,234914638,60
DEQ,669469744052894,22,1028,241911953,59
DEQ,669469751047619,22,1028,248904566,58
DEQ,669469758053096,22,1028,255908006,57
DEQ,669469765041465,22,1028,262894227,56
DEQ,669469772045529,22,1028,269896226,55
DEQ,669469779057695,22,1028,276906372,54
DEQ,669469786053082,22,1028,283899760,53
DEQ,669469793057520,22,1028,290902176,52
DEQ,669469800048821,22,1028,297891246,51
DEQ,669469807054184,22,1028,304894563,50
DEQ,669469814053838,22,1028,311892179,49
DEQ,669469821065419,22,1028,318901690,48
DEQ,669469828059431,22,1028,325893537,47
DEQ,669469835060804,22,1028,332892681,46
DEQ,669469842039358,22,1028,339869217,45
DEQ,669469849055763,22,1028,346883646,44
DEQ,669469856054999,22,1028,353880808,43
DEQ,669469863059987,22,1028,360883703,42
DEQ,669469870066754,22,1028,367888458,41
DEQ,669469877032907,22,1028,374852616,40
DEQ,669469884043811,22,1028,381860806,39
DEQ,669469891048017,22,1028,388862937,38
DEQ,669469898050467,22,1028,395863402,37
DEQ,669469905068287,22,1028,402879115,68
DEQ,669469912053170,22,1028,409862006,67
DEQ,669469919061684,22,1028,416868476,66
DEQ,669469926040878,22,1028,423845543,65
DEQ,669469933053394,22,1028,430856063,64
DEQ,669469940054747,22,1028,437855454,63
DEQ,669469946983313,22,1028,444781672,62
DEQ,669469954039698,22,1028,451836077,61
DEQ,669469961057917,22,1028,458852158,60
DEQ,669469968051359,22,1028,465843597,59
DEQ,669469975053407,22,1028,472843383,58
DEQ,669469982039661,22,1028,479827636,57
DEQ,669469989054156,22,1028,486840180,56
DEQ,669469995991421,22,1028,493775351,55
DEQ,669470003053329,22,1028,500835188,54
DEQ,669470009985887,22,1028,507765767,53
DEQ,669470017054312,22,1028,514831743,52
DEQ,669470024057309,22,1028,521832628,51
DEQ,669470031054970,22,1028,528827611,50
DEQ,669470038002428,22,1028,535772978,49
DEQ,669470045055884,22,1028,542824465,84
DEQ,669470052054707,22,1028,549821228,83
DEQ,669470059055066,22,1028,556819586,82
DEQ,669470066041701,22,1028,563804135,81
DEQ,669470073057293,22,1028,570817628,80
DEQ,669470080052815,22,1028,577810998,79
DEQ,669470087048278,22,1028,584804488,78
DEQ,669470094053703,22,1028,591807948,77
DEQ,669470101064943,22,1028,598817130,76
DEQ,669470108056220,22,1028,605806345,75
DEQ,669470115047432,22,1028,612795563,74
DEQ,669470122050513,22,1028,619796666,73
DEQ,669470129046616,22,1028,626790775,72
DEQ,669470136055399,22,1028,633015544,71
DEQ,669470143054270,22,1028,637816501,70
DEQ,669470150055465,22,1028,511932951,69
DEQ,669470157052508,22,1028,518921072,68
DEQ,669470164050226,22,1028,261933928,67
DEQ,669470171057390,22,1028,268932528,66
DEQ,669470178062921,22,1028,275935877,65
DEQ,669470185059988,22,1028,282930678,64
DEQ,669470192048734,22,1028,289916646,63
DEQ,669470199043004,22,1028,296908813,62
DEQ,669470206049562,22,1028,303913368,61
DEQ,669470213053354,22,1028,310915168,60
DEQ,669470220056508,22,1028,317916174,59
STATS,669470220075697,59,59708,7486,7427,0,0,0
DEQ,669470227053348,22,1028,324911035,58
DEQ,669470234057083,22,1028,331912776,57
DEQ,669470241057484,22,1028,338910985,56
DEQ,669470248051258,22,1028,345902771,55
DEQ,669470255051618,22,1028,352901151,54
DEQ,669470262056157,22,1028,359903603,53
DEQ,669470269057680,22,1028,366903153,52
DEQ,669470276052057,22,1028,373895298,51
DEQ,669470283051849,22,1028,380892853,50
DEQ,669470290057082,22,1028,387896098,49
DEQ,669470297057458,22,1028,394894509,48
DEQ,669470304047842,22,1028,401882872,47
DEQ,669470311048296,22,1028,408881350,50
DEQ,669470318049115,22,1028,415880116,49
DEQ,669470325066608,22,1028,422895604,48
DEQ,669470332070431,22,1028,429897302,47
DEQ,669470339055274,22,1028,436880169,46
DEQ,669470346045219,22,1028,443868078,45
DEQ,669470353049739,22,1028,450870418,44
DEQ,669470360059518,22,1028,457878096,43
DEQ,669470367057442,22,1028,464873784,42
DEQ,669470374043756,22,1028,471858018,41
DEQ,669470381045618,22,1028,477872501,40
DEQ,669470388038626,22,1028,350025348,39
DEQ,669470395065612,22,1028,357042333,38
DEQ,669470402053822,22,1028,364014615,37
DEQ,669470409040505,22,84,370999045,36
DEQ,669470416056374,22,1028,378012606,35
DEQ,669470423055363,22,1028,385009338,34
DEQ,669470430032435,22,1028,391984119,33
DEQ,669470437053248,22,1028,399002676,32
DEQ,669470444037941,22,1028,405985135,92
DEQ,669470451053346,22,1028,412998333,91
DEQ,669470458053651,22,1028,419996193,90
DEQ,669470465057451,22,1028,426997853,89
DEQ,669470472051188,22,1028,433989394,88
DEQ,669470479053233,22,1028,440989109,87
DEQ,669470486052053,22,1028,447985729,86
DEQ,669470493057372,22,1028,454988716,85
DEQ,669470500054561,22,1028,461983758,84
DEQ,669470507051543,22,1028,468978593,83
DEQ,669470514057063,22,1028,475981931,82
DEQ,669470521062358,22,1028,482985043,81
DEQ,669470528065271,22,1028,489985775,80
DEQ,669470535057644,22,1028,496975947,79
DEQ,669470542053257,22,1028,503969378,78
DEQ,669470549043990,22,1028,510957796,77
DEQ,669470556050323,22,1028,517961789,76
DEQ,669470563057412,22,1028,524966676,75
DEQ,669470570052324,22,1028,531959261,74
DEQ,669470577053229,22,1028,538957879,74
DEQ,669470584051367,22,1028,545953891,73
DEQ,669470591060629,22,1028,552960913,72
DEQ,669470598052869,22,1028,559950946,71
DEQ,669470605057343,22,1028,566953014,70
DEQ,669470612048673,22,1028,573942075,69
DEQ,669470619053167,22,1028,580944330,68
DEQ,669470626057398,22,1028,587946242,67
DEQ,669470633063140,22,1028,594949668,66
DEQ,669470640052785,22,1028,329947150,65
DEQ,669470647053197,22,1028,336932616,64
DEQ,669470654058554,22,1028,343935762,63
DEQ,669470661051651,22,1028,350287831,62
DEQ,669470668051490,22,1028,229942536,61
DEQ,669470675047361,22,1028,236925060,60
DEQ,669470682056952,22,1028,243932441,59
DEQ,669470689057623,22,1028,250931002,58
DEQ,669470696051184,22,1028,257922476,57
DEQ,669470703054774,22,1028,264923877,56
DEQ,669470709991747,22,1028,271858750,55
DEQ,669470717059822,22,1028,278924756,54
DEQ,669470724045148,22,1028,285907987,53
DEQ,669470731053143,22,1028,292913907,52
DEQ,669470738056929,22,1028,299915612,51
DEQ,669470745053987,22,1028,306910614,50
DEQ,669470752054425,22,1028,313909060,49
DEQ,669470759053843,22,1028,320906498,48
DEQ,669470766058229,22,1028,327908664,47
DEQ,669470773059678,22,1028,334908048,46
DEQ,669470780048309,22,1028,341894280,45
DEQ,669470787055589,22,1028,348899458,44
DEQ,669470794046830,22,1028,355888617,43
DEQ,669470801047296,22,1028,362887025,42
DEQ,669470808052735,22,1028,369890485,41
DEQ,669470815042242,22,1028,376877912,40
DEQ,669470822043690,22,1028,383877268,39
DEQ,669470829053211,22,1028,390884696,38
DEQ,669470836049411,22,1028,397878544,37
DEQ,669470843051497,22,1028,404878646,36
DEQ,669470850040811,22,1028,411865859,71
DEQ,669470857053151,22,1028,418876117,70
DEQ,669470864049466,22,1028,425870428,69
DEQ,669470871054644,22,1028,432873548,68
DEQ,669470878054707,22,1028,439871545,67
DEQ,669470885043844,22,1028,446858635,66
DEQ,669470892040179,22,1028,453852899,65
DEQ,669470899053167,22,1028,460863911,64
DEQ,669470906056926,22,1028,467865659,63
DEQ,669470913061022,22,1028,474867711,62
DEQ,669470920055159,22,1028,481859805,61
DEQ,669470927061680,22,1028,488864327,60
DEQ,669470934064433,22,1028,495864990,59
DEQ,669470941059213,22,1028,502857761,58
DEQ,669470948043993,22,1028,509840473,57
DEQ,669470955051918,22,1028,516846276,56
DEQ,669470962056957,22,1028,523849269,55
DEQ,669470969059255,22,1028,530849604,54
DEQ,669470976052722,22,1028,537841022,53
DEQ,669470983041157,22,1028,544827488,83
DEQ,669470990052717,22,1028,551836971,82
DEQ,669470997049861,22,1028,558831804,81
DEQ,669471004057728,22,1028,565837539,80
DEQ,669471011051351,22,1028,572829127,79
DEQ,669471018043517,22,1028,579819119,78
DEQ,669471025050597,22,1028,586823964,77
DEQ,669471032056144,22,1028,593827540,76
DEQ,669471039043085,22,1028,600812410,75
DEQ,669471046049492,22,1028,607816851,74
DEQ,669471053054254,22,1028,614819372,73
DEQ,669471060054193,22,1028,621817170,72
DEQ,669471067041118,22,1028,628801990,71
DEQ,669471074048449,22,1028,634621512,70
DEQ,669471081061373,22,1028,639434697,69
DEQ,669471088056264,22,1028,644232459,68
DEQ,669471095053991,22,1028,520933511,67
DEQ,669471102049331,22,1028,255947885,66
DEQ,669471109057057,22,1028,262929869,65
DEQ,669471116049367,22,1028,269919890,64
DEQ,669471123051367,22,1028,276919681,63
DEQ,669471130056907,22,1028,283922946,62
DEQ,669471137057262,22,1028,290921183,61
DEQ,669471144051064,22,1028,297912839,60
DEQ,669471151051319,22,1028,304910929,59
DEQ,669471158055176,22,1028,311912573,58
DEQ,669471165061053,22,1028,318916334,57
DEQ,669471172060738,22,1028,325913932,56
DEQ,669471179065143,22,1028,332916266,55
DEQ,669471186050469,22,1028,339899517,54
DEQ,669471193056278,22,1028,346903244,53
DEQ,669471200050875,22,1028,353895771,52
DEQ,669471207065937,22,1028,360908865,51
DEQ,669471214054287,22,1028,367895004,50
DEQ,669471221054038,22,1028,374892603,49
STATS,669471221074185,49,50372,7619,7570,0,0,0
DEQ,669471228067938,22,1028,381904308,48
DEQ,669471235062370,22,1028,388896689,47
DEQ,669471242058872,22,1028,395891206,46
DEQ,669471249038806,22,1028,402869040,49
DEQ,669471256032681,22,1028,409860921,48
DEQ,669471263056319,22,1028,416882494,47
DEQ,669471270053527,22,1028,423877627,46
DEQ,669471277052281,22,1028,430874401,45
DEQ,669471284047613,22,1028,437867646,44
DEQ,669471291053106,22,1028,444871044,43
DEQ,669471298051803,22,1028,451867738,42
DEQ,669471305058854,22,1028,458872785,41
DEQ,669471312048486,22,1028,465860354,40
DEQ,669471319051868,22,1028,472861689,39
DEQ,669471326050941,22,1028,479858566,38
DEQ,669471333052235,22,1028,486857757,37
DEQ,669471340056855,22,1028,492426052,36
DEQ,669471347057325,22,1028,497289317,35
DEQ,669471354032797,22,1028,371922310,34
DEQ,669471361042631,22,1028,378918665,33
DEQ,669471368056363,22,1028,385929781,32
DEQ,669471375055473,22,1028,392925906,31
DEQ,669471381991421,22,1028,399859779,30
DEQ,669471389042529,22,1028,406908750,92
DEQ,669471396055939,22,1028,413920001,91
DEQ,669471403052897,22,1028,420914795,90
DEQ,669471410058927,22,1028,427918733,89
DEQ,669471417054460,22,1028,434912250,88
DEQ,669471424068185,22,1028,441923918,87
DEQ,669471431081098,22,1028,448934754,86
DEQ,669471438059584,22,1028,455911172,85
DEQ,669471445044325,22,1028,462893838,84
DEQ,669471451992307,22,1028,469839752,83
DEQ,669471459051436,22,1028,476896731,82
DEQ,669471465986023,22,1028,483829222,81
DEQ,669471473051872,22,1028,490893117,80
DEQ,669471480080931,22,1028,497920119,79
DEQ,669471487056126,22,1028,504893213,78
DEQ,669471494055356,22,1028,511890206,77
DEQ,669471501047256,22,1028,518879798,76
DEQ,669471508055959,22,1028,525886311,75
DEQ,669471515057212,22,1028,532885428,74
DEQ,669471522039842,22,1028,539865996,73
DEQ,669471529059009,22,1028,546883032,72
DEQ,669471536055338,22,1028,553876978,71
DEQ,669471543053895,22,1028,560873324,70
DEQ,669471550052878,22,1028,567870171,69
DEQ,669471557050598,22,1028,574865801,68
DEQ,669471564043407,22,1028,581856518,67
DEQ,669471571051419,22,1028,324913655,66
DEQ,669471578056839,22,1028,331910020,65
DEQ,669471585059074,22,1028,338480410,64
DEQ,669471592055387,22,1028,343278174,63
DEQ,669471599040991,22,1028,217035601,62
DEQ,669471606054953,22,1028,224041237,61
DEQ,669471613039744,22,1028,231023793,60
DEQ,669471620048404,22,1028,238030311,59
DEQ,669471627052968,22,1028,245032787,58
DEQ,669471634051722,22,1028,252029441,57
DEQ,669471641051347,22,1028,259026902,56
DEQ,669471648053369,22,1028,266026723,55
DEQ,669471655048486,22,1028,273019469,54
DEQ,669471662049535,22,1028,280018382,53
DEQ,669471669052951,22,1028,287019574,52
DEQ,669471676051795,22,1028,294016424,51
DEQ,669471683057149,22,1028,301019710,50
DEQ,669471690039265,22,1028,307999818,49
DEQ,669471697057222,22,1028,315015548,48
DEQ,669471704050911,22,1028,322007133,47
DEQ,669471711051281,22,1028,329005494,46
DEQ,669471718048568,22,1028,336000765,45
DEQ,669471725045413,22,1028,342995562,44
DEQ,669471732052763,22,1028,350000835,43
DEQ,669471739059857,22,1028,357005870,42
DEQ,669471746050749,22,1028,363994798,41
DEQ,669471753042177,22,1028,370984215,40
DEQ,669471760039109,22,1028,377979167,39
DEQ,669471767048790,22,1028,384986846,38
DEQ,669471774052460,22,1028,391988415,37
DEQ,669471781060524,22,1028,398994321,36
DEQ,669471788047509,22,1028,405979242,71
DEQ,669471795036983,22,1028,412966665,70
DEQ,669471802042486,22,1028,419970109,69
DEQ,669471809057115,22,1028,426982673,68
DEQ,669471816052487,22,1028,433975983,67
DEQ,669471823049498,22,1028,440970943,66
DEQ,669471829982993,22,1028,447902377,65
DEQ,669471837056955,22,1028,454974293,64
DEQ,669471844052456,22,1028,461967721,63
DEQ,669471851052870,22,1028,468966080,62
DEQ,669471858053525,22,1028,475964763,61
DEQ,669471865051483,22,1028,482960448,60
DEQ,669471872056547,22,1028,489963191,59
DEQ,669471879052901,22,1028,496957343,58
DEQ,669471886064320,22,1028,503966786,57
DEQ,669471893057106,22,1028,510957522,56
DEQ,669471900057571,22,1028,517955986,55
DEQ,669471907058684,22,1028,524955121,54
DEQ,669471914049184,22,1028,531943647,53
DEQ,669471921058024,22,1028,538950512,83
DEQ,669471928052554,22,1028,545942998,82
DEQ,669471935048802,22,1028,552937178,81
DEQ,669471941980348,22,1028,559866670,80
DEQ,669471948926960,22,1028,566811160,79
DEQ,669471955926725,22,1028,573807004,78
DEQ,669471962926836,22,1028,580790550,77
DEQ,669471969925686,22,1028,587786887,76
DEQ,669471977054711,22,1028,594913628,75
DEQ,669471984050915,22,1028,601907675,74
DEQ,669471991053367,22,1028,608907825,73
DEQ,669471998051039,22,1028,615899154,72
DEQ,669472004991400,22,1028,622837519,71
DEQ,669472012039409,22,1028,629883333,70
DEQ,669472019038713,22,1028,636826880,69
DEQ,669472026056865,22,1028,641640997,68
DEQ,669472033057156,22,1028,646449039,67
DEQ,669472040050981,22,1028,257934405,66
DEQ,669472047051331,22,1028,264925138,65
DEQ,669472053991766,22,1028,271863297,64
DEQ,669472061032574,22,1028,278901993,64
DEQ,669472068058829,22,1028,285926041,63
DEQ,669472075067655,22,1028,292932687,62
DEQ,669472082054149,22,1028,299917178,61
DEQ,669472089057914,22,1028,306918858,60
DEQ,669472096057079,22,1028,313915710,59
DEQ,669472103051283,22,1028,320907772,58
DEQ,669472110050032,22,1028,327904239,57
DEQ,669472117053722,22,1028,334905868,56
DEQ,669472124045866,22,1028,341896044,55
DEQ,669472131057144,22,1028,348905042,54
DEQ,669472138050173,22,1028,355896012,53
DEQ,669472145051267,22,1028,362894983,52
DEQ,669472152064154,22,1028,369905808,51
DEQ,669472159051126,22,1028,376890644,50
DEQ,669472166056618,22,1028,383893943,49
DEQ,669472173059542,22,1028,390894771,48
DEQ,669472180050947,22,1028,397884103,47
DEQ,669472187048149,22,1028,404879170,46
DEQ,669472194057147,22,1028,411885926,52
DEQ,669472201053019,22,1028,418879789,51
DEQ,669472207991098,22,1028,425815798,50
DEQ,669472215010117,22,1028,432832756,49
DEQ,669472222050444,22,1028,439871031,48
STATS,669472222188268,48,48400,7761,7713,0,0,0
DEQ,669472229045304,22,1028,446863658,47
DEQ,669472235990721,22,1028,453807000,46
DEQ,669472243009210,22,1028,460823431,45
DEQ,669472250034570,22,1028,467846658,44
DEQ,669472257067017,22,1028,474877038,43
DEQ,669472263994589,22,1028,481802484,42
DEQ,669472271034268,22,1028,487627141,41
DEQ,669472278049159,22,1028,492448689,40
DEQ,669472285045521,22,1028,497252334,39
DEQ,669472292050765,22,1028,373929124,38
DEQ,669472298992153,22,1028,380862370,37
DEQ,669472306008960,22,1028,387876862,36
DEQ,669472313056990,22,1028,394922706,35
DEQ,669472320054121,22,1028,401917719,34
DEQ,669472327055728,22,1028,408917195,93
DEQ,669472334054123,22,1028,415913503,92
DEQ,669472341059643,22,1028,422916910,91
DEQ,669472348067392,22,1028,429922565,90
DEQ,669472355051677,22,1028,436904522,89
DEQ,669472362068059,22,1028,443918804,88
DEQ,669472369058307,22,1028,450907062,87
DEQ,669472376065952,22,1028,457912630,86
DEQ,669472383054785,22,1028,464899385,85
DEQ,669472390052148,22,1028,471894657,84
DEQ,669472397058300,22,1028,478898767,83
DEQ,669472404054245,22,1028,485892644,82
DEQ,669472411054423,22,1028,492890706,81
DEQ,669472418056402,22,1028,499890511,80
DEQ,669472425053573,22,1028,506885686,79
DEQ,669472432049648,22,1028,513879626,78
DEQ,669472439051156,22,1028,520879030,77
DEQ,669472446054889,22,1028,527880633,76
DEQ,669472453043679,22,1028,534867370,75
DEQ,669472460054056,22,1028,541875677,74
DEQ,669472467046968,22,1028,548866511,73
DEQ,669472474049901,22,1028,555867397,72
DEQ,669472481049311,22,1028,562864822,71
DEQ,669472488054265,22,1028,569867689,70
DEQ,669472495055297,22,1028,576866539,69
DEQ,669472502051614,22,1028,583860779,68
DEQ,669472509066697,22,84,455061106,67
DEQ,669472516055656,22,1028,325940120,66
DEQ,669472523052740,22,1028,332928124,65
DEQ,669472530059530,22,1028,339932714,64
DEQ,669472537050892,22,1028,346921787,63
DEQ,669472544052329,22,1028,353920956,62
DEQ,669472551054336,22,1028,360257040,61
DEQ,669472558054726,22,1028,365043081,60
DEQ,669472565057912,22,1028,238938390,59
DEQ,669472572049864,22,1028,245921387,58
DEQ,669472579058650,22,1028,252927970,57
DEQ,669472586060715,22,1028,259927875,56
DEQ,669472593056926,22,1028,266921974,55
DEQ,669472600050711,22,1028,273913555,54
DEQ,669472607053557,22,1028,280914325,53
DEQ,669472614050675,22,1028,287909082,52
DEQ,669472621056933,22,1028,294913331,51
DEQ,669472628052377,22,1028,301906663,50
DEQ,669472635056699,22,1028,308908991,49
DEQ,669472642056487,22,1028,315906736,48
DEQ,669472649059394,22,1028,322907264,47
DEQ,669472656058199,22,1028,329903544,46
DEQ,669472663056002,22,1028,336899366,45
DEQ,669472670050253,22,1028,343891184,44
DEQ,669472677059329,22,1028,350898200,43
DEQ,669472683993147,22,1028,357829804,42
DEQ,669472691041087,22,1028,364875680,41
DEQ,669472698040563,22,1028,371873025,40
DEQ,669472705060239,22,1028,378890488,39
DEQ,669472711991253,22,1028,385819389,38
DEQ,669472719044983,22,1028,392870867,37
DEQ,669472726040273,22,1028,399863734,36
DEQ,669472733056914,22,1028,406878307,71
DEQ,669472739991090,22,1028,413810336,70
DEQ,669472747009184,22,1028,420824370,69
DEQ,669472754046229,22,1028,427859359,68
DEQ,669472761059154,22,1028,434870194,67
DEQ,669472767990974,22,1028,441799954,66
DEQ,669472775056865,22,1028,448863807,65
DEQ,669472782052606,22,1028,455857438,64
DEQ,669472789042494,22,1028,462845264,63
DEQ,669472796052700,22,1028,469853420,62
DEQ,669472803059008,22,1028,476857720,61
DEQ,669472810066390,22,1028,483863047,60
DEQ,669472817061500,22,1028,490856183,59
DEQ,669472824051658,22,1028,497844376,58
DEQ,669472831052666,22,1028,504843404,57
DEQ,669472838053182,22,1028,511841959,56
DEQ,669472845050203,22,1028,518836985,55
DEQ,669472852051426,22,1028,525836040,54
DEQ,669472859061018,22,1028,532843654,53
DEQ,669472866048947,22,1028,539829518,83
DEQ,669472873056823,22,1028,546835427,82
DEQ,669472880051085,22,1028,553827598,81
DEQ,669472887046898,22,1028,560821250,80
DEQ,669472894058122,22,1028,567829981,79
DEQ,669472901053388,22,1028,574823179,78
DEQ,669472908052952,22,1028,581820742,77
DEQ,669472915052667,22,1028,588818476,76
DEQ,669472922056389,22,1028,595820118,75
DEQ,669472929053473,22,1028,602815217,74
DEQ,669472936064708,22,1028,609824468,73
DEQ,669472943066003,22,1028,616823690,72
DEQ,669472950056315,22,1028,623811941,71
DEQ,669472957048507,22,1028,630802089,70
DEQ,669472964056659,22,1028,637808258,69
DEQ,669472971058599,22,1028,644807660,68
DEQ,669472978058490,22,1028,651805437,67
DEQ,669472985048619,22,1028,258910492,66
DEQ,669472992048802,22,1028,265901995,65
DEQ,669472999048095,22,1028,272898943,65
DEQ,669473006051408,22,1028,279900147,64
DEQ,669473013056694,22,1028,286903264,63
DEQ,669473020052189,22,1028,293896583,62
DEQ,669473027053470,22,1028,300895794,61
DEQ,669473034043834,22,1028,307883979,60
DEQ,669473041056879,22,1028,314892861,59
DEQ,669473048052372,22,1028,321886302,58
DEQ,669473055056801,22,1028,328888686,57
DEQ,669473061984686,22,1028,335814462,56
DEQ,669473069056757,22,1028,342884514,55
DEQ,669473076052262,22,1028,349878008,54
DEQ,669473083059115,22,1028,356882868,53
DEQ,669473090051524,22,1028,363873135,52
DEQ,669473097051167,22,1028,370870792,51
DEQ,669473104052240,22,1028,377869802,50
DEQ,669473111054883,22,1028,384870431,49
DEQ,669473118053768,22,1028,391867214,48
DEQ,669473125060314,22,1028,398871686,47
DEQ,669473132008880,22,1028,405818250,50
DEQ,669473139053298,22,1028,412860663,49
DEQ,669473146056453,22,1028,419861724,48
DEQ,669473152992589,22,1028,426795822,47
DEQ,669473159953326,22,1028,433754467,46
DEQ,669473167050809,22,1028,440849970,45
DEQ,669473173985516,22,1028,447782694,44
DEQ,669473180993699,22,1028,454788876,43
DEQ,669473187994644,22,1028,461787274,42
DEQ,669473195047637,22,1028,468837703,41
DEQ,669473202052987,22,1028,475841030,40
DEQ,669473209052621,22,1028,482838671,39
DEQ,669473215991298,22,1028,488712315,38
DEQ,669473223041725,22,1028,493574054,37
STATS,669473223178069,37,37092,7893,7856,0,0,0
DEQ,669473230051647,22,1028,498456168,36
DEQ,669473237056754,22,1028,374931480,35
DEQ,669473243991346,22,1028,381857274,34
DEQ,669473251047830,22,1028,388911265,33
DEQ,669473258038964,22,1028,395900246,32
DEQ,669473265052590,22,1028,402911754,92
DEQ,669473272065314,22,1028,409922333,91
DEQ,669473279052581,22,1028,416907546,90
DEQ,669473286051337,22,1028,423904234,89
DEQ,669473293056764,22,1028,430907423,88
DEQ,669473300055391,22,1028,437903733,87
DEQ,669473307056623,22,1028,444902829,86
DEQ,669473314044749,22,1028,451888499,85
DEQ,669473321059243,22,1028,458900912,84
DEQ,669473328050416,22,1028,465890093,83
DEQ,669473335052623,22,1028,472890233,82
DEQ,669473342062503,22,1028,479898080,81
DEQ,669473349060160,22,1028,486893744,80
DEQ,669473356051318,22,1028,493881256,79
DEQ,669473363056739,22,1028,500884501,78
DEQ,669473370050428,22,1028,507876030,77
DEQ,669473377052591,22,1028,514876109,76
DEQ,669473384050374,22,1028,521871858,75
DEQ,669473391052514,22,1028,528871840,74
DEQ,669473398050981,22,1028,535868314,73
DEQ,669473405052627,22,1028,542867895,74
DEQ,669473412060499,22,1028,549873717,73
DEQ,669473419048386,22,1028,556859548,72
DEQ,669473426052083,22,1028,563861014,71
DEQ,669473433048006,22,1028,570854894,70
DEQ,669473440047173,22,1028,577851983,69
DEQ,669473447055035,22,1028,584857728,68
DEQ,669473454051316,22,84,455929097,67
DEQ,669473461060438,22,1028,334936462,66
DEQ,669473468065383,22,1028,340805266,65
DEQ,669473475062086,22,1028,345600007,64
DEQ,669473482056194,22,1028,350404467,63
DEQ,669473489050853,22,1028,226960494,62
DEQ,669473496052116,22,1028,233953270,61
DEQ,669473503054207,22,1028,240953114,60
DEQ,669473510057152,22,1028,247953949,59
DEQ,669473517049949,22,1028,254944638,58
DEQ,669473524043018,22,1028,261935116,57
DEQ,669473531052597,22,1028,268942679,56
DEQ,669473538051334,22,1028,275939307,55
DEQ,669473545052818,22,1028,282938693,54
DEQ,669473552052141,22,1028,289935950,53
DEQ,669473559052845,22,1028,296934643,52
DEQ,669473566054573,22,1028,303934365,51
DEQ,669473573068849,22,1028,310946642,50
DEQ,669473580051259,22,1028,317927050,49
DEQ,669473587059549,22,1028,324933359,48
DEQ,669473594058967,22,1028,331930358,47
DEQ,669473601050829,22,1028,338919998,46
DEQ,669473608022588,22,1028,345889602,45
DEQ,669473615053564,22,1028,352918587,44
DEQ,669473622050058,22,1028,359912960,43
DEQ,669473628984931,22,1028,366845897,42
DEQ,669473636007711,22,1028,373866609,41
DEQ,669473643053861,22,1028,380910773,40
DEQ,669473650051297,22,1028,387906176,39
DEQ,669473656992891,22,1028,394845674,38
DEQ,669473664055380,22,1028,401906165,37
DEQ,669473671042057,22,1028,408890683,69
DEQ,669473678052079,22,1028,415898611,68
DEQ,669473685058252,22,1028,422902792,67
DEQ,669473691994480,22,1028,429836992,66
DEQ,669473699044883,22,1028,436884804,65
DEQ,669473706038312,22,1028,443876086,64
DEQ,669473713058300,22,1028,450894064,63
DEQ,669473719991721,22,1028,457825443,62
DEQ,669473727010450,22,1028,464842129,61
DEQ,669473734039216,22,1028,471868855,60
DEQ,669473741045739,22,1028,478873405,59
DEQ,669473748056161,22,1028,485881858,58
DEQ,669473755050769,22,1028,492874508,57
DEQ,669473762056261,22,1028,499877937,56
DEQ,669473769052418,22,1028,506872121,55
DEQ,669473776051922,22,1028,513869655,54
DEQ,669473783054956,22,1028,520870599,53
DEQ,669473790050449,22,1028,527864114,52
DEQ,669473797053337,22,1028,534864960,51
DEQ,669473804052080,22,1028,541861696,84
DEQ,669473811050776,22,1028,548858410,83
DEQ,669473818050337,22,1028,555855905,82
DEQ,669473825052440,22,1028,562855951,81
DEQ,669473832053617,22,1028,569855051,80
DEQ,669473839046615,22,1028,576846072,79
DEQ,669473846050296,22,1028,583847755,78
DEQ,669473853055277,22,1028,590850741,77
DEQ,669473860048562,22,1028,597842054,76
DEQ,669473867060715,22,1028,604852204,75
DEQ,669473874058680,22,1028,611848137,74
DEQ,669473881068144,22,1028,618855548,73
DEQ,669473888064122,22,1028,625849541,72
DEQ,669473895055727,22,1028,632839168,71
DEQ,669473902051369,22,1028,639832785,70
DEQ,669473909061518,22,1028,645335308,69
DEQ,669473916049517,22,1028,517905528,68
DEQ,669473923050754,22,1028,524898334,67
DEQ,669473930056287,22,1028,259931178,66
DEQ,669473937056569,22,1028,266922773,65
DEQ,669473944052054,22,1028,273916099,64
DEQ,669473951052437,22,1028,280914005,63
DEQ,669473958050308,22,1028,287909820,62
DEQ,669473965050756,22,1028,294908302,61
DEQ,669473972055361,22,1028,301910890,60
DEQ,669473979056625,22,1028,308910135,59
DEQ,669473986043691,22,1028,315895177,58
DEQ,669473993059374,22,1028,322908640,57
DEQ,669474000050440,22,1028,329897722,56
DEQ,669474007039575,22,1028,336884760,55
DEQ,669474013985702,22,1028,343828897,54
DEQ,669474021051531,22,1028,350892735,53
DEQ,669474028052892,22,1028,357892087,52
DEQ,669474035059124,22,1028,364896201,51
DEQ,669474042058224,22,1028,371893229,50
DEQ,669474049052328,22,1028,378885165,49
DEQ,669474056050316,22,1028,385881075,48
DEQ,669474062989874,22,1028,392818653,47
DEQ,669474070064644,22,1028,399891430,46
DEQ,669474077043241,22,1028,406868031,50
DEQ,669474084041349,22,1028,413864085,49
DEQ,669474091053555,22,1028,420874244,48
DEQ,669474097990616,22,1028,427809240,47
DEQ,669474105026554,22,1028,434843107,46
DEQ,669474112042832,22,1028,441857352,45
DEQ,669474119056370,22,1028,448868845,44
DEQ,669474125990952,22,1028,455800946,43
DEQ,669474133057291,22,1028,462865008,42
DEQ,669474140042754,22,1028,469848347,41
DEQ,669474147039417,22,1028,476842956,40
DEQ,669474154053627,22,1028,483635339,39
DEQ,669474160992223,22,1028,362864237,38
DEQ,669474168005930,22,1028,369869566,37
DEQ,669474175041631,22,1028,376903157,36
DEQ,669474182054470,22,1028,383913906,35
DEQ,669474188992811,22,1028,390850142,34
DEQ,669474196055709,22,1028,397911035,33
DEQ,669474203037317,22,1028,404890537,32
DEQ,669474210056975,22,1028,411908182,92
DEQ,669474217052805,22,1028,418902005,91
DEQ,669474224055213,22,1028,425902258,90
STATS,669474224183924,90,91576,8089,7999,0,0,0
DEQ,669474231052424,22,1028,432897481,89
DEQ,669474238055981,22,1028,439898629,88
DEQ,669474245053187,22,1028,446893728,87
DEQ,669474252051099,22,1028,453889618,86
DEQ,669474259053089,22,1028,460889536,85
DEQ,669474266056106,22,1028,467889377,84
DEQ,669474273059692,22,1028,474890877,83
DEQ,669474280053643,22,1028,481882418,82
DEQ,669474287054893,22,1028,488881394,81
DEQ,669474294054386,22,1028,495878699,80
DEQ,669474301059854,22,1028,502881707,79
DEQ,669474308050076,22,1028,509869824,78
DEQ,669474315056517,22,1028,516874237,77
DEQ,669474322046066,22,1028,523861723,76
DEQ,669474329047292,22,1028,530860873,75
DEQ,669474336045925,22,1028,537857408,74
DEQ,669474343052686,22,1028,544862149,75
DEQ,669474350051336,22,1028,551858727,74
DEQ,669474357045522,22,1028,558850895,73
DEQ,669474364051872,22,1028,565855302,72
DEQ,669474371050608,22,1028,572852028,71
DEQ,669474378051014,22,1028,579850455,70
DEQ,669474385053016,22,1028,586850453,69
DEQ,669474391991148,22,1028,593786601,68
DEQ,669474399058825,22,84,328909026,67
DEQ,669474406055863,22,1028,335897350,66
DEQ,669474413051500,22,1028,340789625,65
DEQ,669474420066956,22,1028,345727048,64
DEQ,669474427066669,22,1028,350540053,63
DEQ,669474434056149,22,1028,227938203,62
DEQ,669474441052245,22,1028,234925586,61
DEQ,669474448052780,22,1028,241923933,60
DEQ,669474455047391,22,1028,248916301,59
DEQ,669474462051046,22,1028,255917804,58
DEQ,669474469056399,22,1028,262921079,57
DEQ,669474476042598,22,1028,269905192,56
DEQ,669474483046440,22,1028,276907021,55
DEQ,669474490050211,22,1028,283908229,54
DEQ,669474497050628,22,1028,290906619,53
DEQ,669474504051882,22,1028,297905859,52
DEQ,669474511052162,22,1028,304904154,51
DEQ,669474517990844,22,1028,311840769,50
DEQ,669474525051431,22,1028,318899286,49
DEQ,669474531983838,22,1028,325829652,48
DEQ,669474539052336,22,1028,332896156,47
DEQ,669474546043510,22,1028,339885284,46
DEQ,669474553050440,22,1028,346890224,45
DEQ,669474560061229,22,1028,353899018,44
DEQ,669474566997980,22,1028,360833770,43
DEQ,669474573994439,22,1028,367828192,42
DEQ,669474581017784,22,1028,374849539,41
DEQ,669474588053501,22,1028,381882812,40
DEQ,669474595045570,22,1028,388872695,39
DEQ,669474601990564,22,1028,395815686,38
DEQ,669474609054243,22,1028,402877313,67
DEQ,669474616039963,22,1028,409861013,66
DEQ,669474623056312,22,1028,416875377,65
DEQ,669474629991899,22,1028,423808810,64
DEQ,669474637023347,22,1028,430838265,63
DEQ,669474644039501,22,1028,437852439,62
DEQ,669474651068113,22,1028,444879068,61
DEQ,669474657985913,22,1028,451794823,60
DEQ,669474665070299,22,1028,458876866,59
DEQ,669474672039192,22,1028,465843761,58
DEQ,669474679037537,22,1028,472840128,57
DEQ,669474686064656,22,1028,479865138,56
DEQ,669474693049953,22,1028,486848430,55
DEQ,669474700051693,22,1028,493848189,54
DEQ,669474707053249,22,1028,500847692,53
DEQ,669474714049249,22,1028,507841669,52
DEQ,669474721060505,22,1028,514850587,51
DEQ,669474728058445,22,1028,521846477,50
DEQ,669474735053678,22,1028,528839662,49
DEQ,669474742049111,22,1028,535833112,48
DEQ,669474749058912,22,1028,542840920,84
DEQ,669474756045177,22,1028,549825184,83
DEQ,669474763056340,22,1028,556834279,82
DEQ,669474770050159,22,1028,563826028,81
DEQ,669474777053051,22,1028,570826917,80
DEQ,669474784050127,22,1028,577822015,79
DEQ,669474791052844,22,1028,584822812,78
DEQ,669474798060891,22,1028,591828786,77
DEQ,669474805052165,22,1028,598817991,76
DEQ,669474812052552,22,1028,605816376,75
DEQ,669474819056367,22,1028,612818118,74
DEQ,669474826055944,22,1028,619815722,73
DEQ,669474833047139,22,1028,626804727,72
DEQ,669474840051703,22,1028,633807292,71
DEQ,669474847052134,22,1028,640282445,70
DEQ,669474854051686,22,1028,645094196,69
DEQ,669474861053048,22,1028,518932087,68
DEQ,669474868050933,22,1028,525921454,67
DEQ,669474875049452,22,1028,268923187,66
DEQ,669474882050073,22,1028,275914923,65
DEQ,669474889059553,22,1028,282922282,64
DEQ,669474896056347,22,1028,289916615,63
DEQ,669474903054281,22,1028,296912213,62
DEQ,669474910056908,22,1028,303912740,61
DEQ,669474917054615,22,1028,310908431,60
DEQ,669474924059257,22,1028,317910906,59
DEQ,669474931049563,22,1028,324899161,58
DEQ,669474938057655,22,1028,331905185,57
DEQ,669474945057320,22,1028,338902799,56
DEQ,669474952052159,22,1028,345895556,55
DEQ,669474959050540,22,1028,352891842,54
DEQ,669474966053518,22,1028,359892751,53
DEQ,669474973052099,22,1028,366889261,52
DEQ,669474980051845,22,1028,373886867,51
DEQ,669474987046359,22,1028,380879378,50
DEQ,669474994042564,22,1028,387873591,49
DEQ,669475001058053,22,1028,394887093,48
DEQ,669475008050047,22,1028,401877116,47
DEQ,669475015043511,22,1028,408868506,46
DEQ,669475022037568,22,1028,415860556,45
DEQ,669475029052625,22,1028,422873584,44
DEQ,669475036051079,22,1028,429870037,43
DEQ,669475042991633,22,1028,436808537,42
DEQ,669475050022609,22,1028,443836600,41
DEQ,669475057042173,22,1028,450854054,40
DEQ,669475063985844,22,1028,457795699,39
DEQ,669475070985088,22,1028,464647720,38
DEQ,669475078004814,22,1028,469472105,37
DEQ,669475085052908,22,1028,342915108,36
DEQ,669475092051732,22,1028,349905359,35
DEQ,669475098996624,22,1028,356848038,34
DEQ,669475105979031,22,1028,363828437,33
DEQ,669475113045546,22,1028,370892895,32
DEQ,669475120052539,22,1028,377897663,31
DEQ,669475126990922,22,1028,384833842,30
DEQ,669475134073491,22,1028,391914406,29
DEQ,669475141056153,22,1028,398894965,28
DEQ,669475148033835,22,1028,405870593,90
DEQ,669475155056251,22,1028,412891058,89
DEQ,669475162039040,22,1028,419871815,88
DEQ,669475169057339,22,1028,426888120,87
DEQ,669475176047517,22,1028,433876295,86
DEQ,669475183074519,22,1028,440901234,85
DEQ,669475190053777,22,1028,447878478,84
DEQ,669475197054326,22,1028,454877036,83
DEQ,669475204050938,22,1028,461871660,82
DEQ,669475211046432,22,1028,468864074,81
DEQ,669475218054468,22,1028,475870093,80
DEQ,669475225052091,22,1028,482865604,79
STATS,669475225176957,79,80268,8221,8142,0,0,0
DEQ,669475232059940,22,1028,489871386,78
DEQ,669475239073537,22,1028,496882966,77
DEQ,669475246062710,22,1028,503870116,76
DEQ,669475253051261,22,1028,510856651,75
DEQ,669475260053822,22,1028,517857223,74
DEQ,669475267059571,22,1028,524860930,73
DEQ,669475274056740,22,1028,531856086,72
DEQ,669475281052095,22,1028,538849375,76
DEQ,669475288053393,22,1028,545848690,75
DEQ,669475295047477,22,1028,552840765,74
DEQ,669475302037928,22,1028,559829198,73
DEQ,669475309032563,22,1028,566821869,72
DEQ,669475316052498,22,1028,573839830,71
DEQ,669475323051232,22,1028,580836521,70
DEQ,669475330056644,22,1028,587839956,69
DEQ,669475337056416,22,1028,594837742,68
DEQ,669475344054118,22,1028,201936913,67
DEQ,669475351053712,22,1028,208928033,66
DEQ,669475358044176,22,1028,215915143,65
DEQ,669475365051777,22,84,222920595,64
DEQ,669475372059957,22,1028,229926659,63
DEQ,669475379056202,22,1028,236920903,62
DEQ,669475386049129,22,1028,243911725,61
DEQ,669475393036108,22,1028,250896595,60
DEQ,669475400043005,22,1028,257901467,59
DEQ,669475407053087,22,1028,264909530,58
DEQ,669475413991303,22,1028,271845757,57
DEQ,669475421056229,22,1028,278908594,56
DEQ,669475428050884,22,1028,285901260,55
DEQ,669475435052097,22,1028,292900490,54
DEQ,669475442041774,22,1028,299888171,53
DEQ,669475449051991,22,1028,306896266,52
DEQ,669475456049823,22,1028,313892092,51
DEQ,669475463056140,22,1028,320896358,50
DEQ,669475470055875,22,1028,327894023,49
DEQ,669475477048594,22,1028,334884728,48
DEQ,669475484050721,22,1028,341884772,47
DEQ,669475491047836,22,1028,348879912,46
DEQ,669475498003983,22,1028,355834058,45
DEQ,669475505050870,22,1028,362878432,44
DEQ,669475512049986,22,1028,369875455,43
DEQ,669475518926435,22,1028,376749881,42
DEQ,669475526002270,22,1028,383823628,41
DEQ,669475533052377,22,1028,390871754,40
DEQ,669475540053403,22,1028,397870797,39
DEQ,669475546992064,22,1028,404807471,38
DEQ,669475554011631,22,1028,411825052,67
DEQ,669475561042056,22,1028,418853511,66
DEQ,669475568055848,22,1028,425865244,65
DEQ,669475574991430,22,1028,432798763,64
DEQ,669475582051550,22,1028,439856842,63
DEQ,669475589050376,22,1028,446853544,62
DEQ,669475596061799,22,1028,453862861,61
DEQ,669475602991372,22,1028,460790350,60
DEQ,669475609991960,22,1028,467788957,59
DEQ,669475617045904,22,1028,474840910,58
DEQ,669475624052484,22,1028,481845433,57
DEQ,669475631059496,22,1028,488850488,56
DEQ,669475638056582,22,1028,495845110,55
DEQ,669475645057079,22,1028,502843592,54
DEQ,669475652050765,22,1028,509834694,53
DEQ,669475659050417,22,1028,516832221,52
DEQ,669475666049215,22,1028,523828906,51
DEQ,669475673058690,22,1028,530835838,50
DEQ,669475680052504,22,1028,537827476,49
DEQ,669475687054140,22,1028,544827049,85
DEQ,669475694048579,22,1028,551819409,84
DEQ,669475701049494,22,1028,558818329,83
DEQ,669475708059126,22,1028,565825950,82
DEQ,669475715056059,22,1028,572820907,81
DEQ,669475722041563,22,1028,579804442,80
DEQ,669475729046084,22,1028,586806988,79
DEQ,669475736047389,22,1028,593806220,78
DEQ,669475743047770,22,1028,600804636,77
DEQ,669475750049858,22,1028,607804633,76
DEQ,669475757056059,22,1028,614808794,75
DEQ,669475764050676,22,1028,621435712,74
DEQ,669475771056043,22,1028,626253593,73
DEQ,669475778048830,22,1028,631055692,72
DEQ,669475785062230,22,1028,506946270,71
DEQ,669475792048180,22,1028,513923746,70
DEQ,669475799054496,22,1028,520927941,69
DEQ,669475806050284,22,1028,527921591,68
DEQ,669475813051949,22,1028,534921216,67
DEQ,669475820051492,22,1028,269930924,66
DEQ,669475827050212,22,1028,276921025,65
DEQ,669475834050746,22,1028,283919405,64
DEQ,669475841060232,22,1028,290926802,63
DEQ,669475848056808,22,1028,297921294,62
DEQ,669475855055563,22,1028,304917941,61
DEQ,669475861991912,22,1028,311852196,60
DEQ,669475869056148,22,1028,318914395,59
DEQ,669475876050942,22,1028,325907170,58
DEQ,669475883056123,22,1028,332910237,57
DEQ,669475890052365,22,1028,339904409,56
DEQ,669475897051945,22,1028,346902024,55
DEQ,669475904056617,22,1028,353904710,54
DEQ,669475911053679,22,1028,360899754,53
DEQ,669475918048050,22,1028,367891590,52
DEQ,669475925051915,22,1028,374893445,51
DEQ,669475932006135,22,1028,381845679,50
DEQ,669475939000396,22,1028,388837775,49
DEQ,669475946042041,22,1028,395877425,48
DEQ,669475953056692,22,1028,402889995,47
DEQ,669475960052130,22,1028,409883061,46
DEQ,669475967050805,22,1028,416879601,45
DEQ,669475974048806,22,1028,423875515,44
DEQ,669475981058976,22,1028,430883704,43
DEQ,669475988051295,22,1028,437873834,42
DEQ,669475995057467,22,1028,444877954,41
DEQ,669476002028260,22,1028,451846687,40
DEQ,669476009040795,22,1028,458857208,39
DEQ,669476016051477,22,1028,464325963,38
DEQ,669476022991143,22,1028,469061520,37
DEQ,669476030055753,22,1028,343939137,36
DEQ,669476037033507,22,1028,350908151,35
DEQ,669476044042926,22,1028,357915415,34
DEQ,669476051057788,22,1028,364928008,33
DEQ,669476058052333,22,1028,371920503,32
DEQ,669476064984336,22,1028,378850407,31
DEQ,669476072055753,22,1028,385919771,30
DEQ,669476079041553,22,1028,392903503,29
DEQ,669476085991445,22,1028,399851161,28
DEQ,669476093050336,22,1028,406907941,88
DEQ,669476100048142,22,1028,413903714,87
DEQ,669476107044295,22,1028,420897804,86
DEQ,669476114048927,22,1028,427900350,85
DEQ,669476121056011,22,1028,434905424,84
DEQ,669476128055781,22,1028,441903215,83
DEQ,669476135051851,22,1028,448897188,82
DEQ,669476142056530,22,1028,455899801,81
DEQ,669476149052725,22,1028,462893927,80
DEQ,669476156056353,22,1028,469895558,79
DEQ,669476163056085,22,1028,476893229,78
DEQ,669476170049828,22,1028,483884910,77
DEQ,669476177052706,22,1028,490885808,76
DEQ,669476184053166,22,1028,497884177,75
DEQ,669476191056750,22,1028,504885774,74
DEQ,669476198053107,22,1028,511880142,73
DEQ,669476205049349,22,1028,518874321,72
DEQ,669476212053207,22,1028,525876101,71
DEQ,669476219047667,22,1028,532868599,70
DEQ,669476226047268,22,1028,539866201,75
STATS,669476226185274,75,77100,8360,8285,0,0,0
DEQ,669476233052661,22,1028,546869621,74
DEQ,669476240049749,22,1028,553864701,73
DEQ,669476247050155,22,1028,560862657,72
DEQ,669476254051445,22,1028,567861825,71
DEQ,669476261051880,22,1028,574860231,70
DEQ,669476268066537,22,1028,581872758,69
DEQ,669476275047615,22,1028,588851562,68
DEQ,669476282055636,22,1028,595857518,67
DEQ,669476289052757,22,1028,203048485,66
DEQ,669476296051459,22,1028,210038945,65
DEQ,669476303051834,22,1028,217036800,64
DEQ,669476310047216,22,1028,224029544,63
DEQ,669476317056000,22,1028,231036161,62
DEQ,669476324049587,22,1028,238027569,61
DEQ,669476331053492,22,1028,245029372,60
DEQ,669476338051445,22,1028,252025150,59
DEQ,669476345047684,22,1028,259019147,58
DEQ,669476352051509,22,1028,266020774,57
DEQ,669476359038390,22,1028,273005449,56
DEQ,669476366043040,22,1028,280007908,55
DEQ,669476373051873,22,1028,287014479,54
DEQ,669476380053967,22,1028,294014415,53
DEQ,669476387045949,22,1028,301004210,52
DEQ,669476394055590,22,1028,308011779,51
DEQ,669476401056886,22,1028,315010894,50
DEQ,669476408054391,22,1028,322006270,49
DEQ,669476415059164,22,1028,329008937,48
DEQ,669476422053089,22,1028,336000724,47
DEQ,669476429052628,22,1028,342998224,46
DEQ,669476436007103,22,1028,349950574,45
DEQ,669476443052169,22,1028,356993478,44
DEQ,669476450048879,22,1028,363988042,43
DEQ,669476456990949,22,1028,370928042,42
DEQ,669476464007837,22,1028,377942932,41
DEQ,669476471048462,22,1028,384981481,40
DEQ,669476478058690,22,1028,391989645,39
DEQ,669476484992000,22,1028,398920852,38
DEQ,669476492079912,22,1028,406006636,67
DEQ,669476499056369,22,1028,412981040,66
DEQ,669476506044577,22,1028,419967236,65
DEQ,669476513058392,22,1028,426978868,64
DEQ,669476519926441,22,1028,433844827,63
DEQ,669476527039258,22,1028,440955340,62
DEQ,669476534038542,22,1028,447952548,61
DEQ,669476540992226,22,1028,454904112,60
DEQ,669476548054665,22,1028,461964555,59
DEQ,669476555044215,22,1028,468952100,58
DEQ,669476562043401,22,1028,475949057,57
DEQ,669476569050009,22,1028,482953671,56
DEQ,669476576049783,22,1028,489951405,55
DEQ,669476583057492,22,1028,496957079,54
DEQ,669476590052177,22,1028,503949733,53
DEQ,669476597046723,22,1028,510942179,52
DEQ,669476604051322,22,1028,517944765,51
DEQ,669476611051814,22,1028,524943192,50
DEQ,669476618048799,22,1028,531937951,49
DEQ,669476625055847,22,1028,538943003,85
DEQ,669476632049866,22,1028,545935015,84
DEQ,669476639055713,22,1028,552938843,83
DEQ,669476645990426,22,1028,559871589,82
DEQ,669476653049991,22,1028,566929174,81
DEQ,669476660051233,22,1028,573928394,80
DEQ,669476667055638,22,1028,580930792,79
DEQ,669476674051291,22,1028,587924519,78
DEQ,669476681058184,22,1028,594929411,77
DEQ,669476688057851,22,1028,601926915,76
DEQ,669476695047221,22,1028,608279619,75
DEQ,669476702044662,22,1028,613084685,74
DEQ,669476709050033,22,1028,617883585,73
DEQ,669476716058019,22,1028,493938195,72
DEQ,669476723050806,22,1028,500922442,71
DEQ,669476730050454,22,1028,507919878,70
DEQ,669476737055902,22,1028,514923245,69
DEQ,669476744049599,22,1028,521914829,68
DEQ,669476751039857,22,1028,528902977,67
DEQ,669476758050475,22,1028,271930649,66
DEQ,669476765061500,22,1028,278933264,65
DEQ,669476772063631,22,1028,285933263,64
DEQ,669476779049973,22,1028,292917532,63
DEQ,669476786040406,22,1028,299905902,62
DEQ,669476793052666,22,1028,306916162,61
DEQ,669476800042421,22,1028,313903894,60
DEQ,669476807052366,22,1028,320911646,59
DEQ,669476814052955,22,1028,327910128,58
DEQ,669476821044961,22,1028,334900003,57
DEQ,669476828053816,22,1028,341906880,56
DEQ,669476835055832,22,1028,348906904,55
DEQ,669476842055427,22,1028,355904399,54
DEQ,669476849055739,22,1028,362902473,53
DEQ,669476856047816,22,1028,369892572,52
DEQ,669476863039228,22,1028,376881972,51
DEQ,669476870050362,22,1028,383891090,50
DEQ,669476877052644,22,1028,390891381,49
DEQ,669476884050388,22,1028,397887131,48
DEQ,669476891053371,22,1028,404888013,47
DEQ,669476898055605,22,1028,411888268,46
DEQ,669476905038316,22,1028,418868983,45
DEQ,669476912051933,22,1028,425880498,44
DEQ,669476919058474,22,1028,432884965,43
DEQ,669476925993465,22,1028,439817815,42
DEQ,669476933049178,22,1028,446870643,41
DEQ,669476940045031,22,1028,453864481,40
DEQ,669476946985066,22,1028,459348766,39
DEQ,669476954055770,22,1028,464223714,38
DEQ,669476961051513,22,1028,469069852,37
DEQ,669476968057936,22,1028,345940676,36
DEQ,669476975046692,22,1028,352920996,35
DEQ,669476981992346,22,1028,359864525,34
DEQ,669476989042398,22,1028,366912398,33
DEQ,669476996046804,22,1028,373914575,32
DEQ,669477003063978,22,1028,380928824,31
DEQ,669477009990867,22,1028,387853667,30
DEQ,669477017042474,22,1028,394903277,29
DEQ,669477024052678,22,1028,401911465,28
DEQ,669477031042080,22,1028,408898861,89
DEQ,669477037992377,22,1028,415847178,88
DEQ,669477045044042,22,1028,422896796,87
DEQ,669477052050363,22,1028,429901149,86
DEQ,669477059059216,22,1028,436908017,85
DEQ,669477065984355,22,1028,443831139,84
DEQ,669477073051619,22,1028,450896320,83
DEQ,669477080052949,22,1028,457895568,82
DEQ,669477087055784,22,1028,464896356,81
DEQ,669477094051332,22,1028,471889883,80
DEQ,669477101055757,22,1028,478892230,79
DEQ,669477108049615,22,1028,485884088,78
DEQ,669477115059104,22,1028,492891493,77
DEQ,669477122055344,22,1028,499885651,76
DEQ,669477129049928,22,1028,506878205,75
DEQ,669477136051256,22,1028,513877542,74
DEQ,669477143049315,22,1028,520873555,73
DEQ,669477150053016,22,1028,527874726,72
DEQ,669477157044149,22,1028,534863847,71
DEQ,669477164047949,22,1028,541865644,76
DEQ,669477171051677,22,1028,548867338,75
DEQ,669477178055407,22,1028,555868497,74
DEQ,669477185050000,22,1028,562861077,73
DEQ,669477192049501,22,1028,569858526,72
DEQ,669477199051847,22,1028,576858903,71
DEQ,669477206046217,22,1028,583851284,70
DEQ,669477213055669,22,1028,590858657,69
DEQ,669477220050294,22,1028,597851286,68
DEQ,669477227046659,22,1028,196920290,67
STATS,669477227180222,67,67932,8495,8428,0,0,0
DEQ,669477234043682,22,1028,203908849,66
DEQ,669477241055730,22,1028,210918809,65
DEQ,669477248049555,22,1028,217910611,64
DEQ,669477255054925,22,1028,224913878,63
DEQ,669477262042000,22,1028,231898901,62
DEQ,669477269057402,22,1028,238912291,61
DEQ,669477276052111,22,1028,245904911,60
DEQ,669477283057453,22,1028,252908256,59
DEQ,669477290047829,22,1028,259896472,58
DEQ,669477297059100,22,1028,266905188,57
DEQ,669477304046218,22,1028,273890322,56
DEQ,669477311053219,22,1028,280895348,55
DEQ,669477318050425,22,1028,287890557,54
DEQ,669477325051628,22,1028,294889722,53
DEQ,669477332047747,22,1028,301883737,52
DEQ,669477339057318,22,1028,308891303,51
DEQ,669477346055290,22,1028,315887255,50
DEQ,669477353055730,22,1028,322885663,49
DEQ,669477360049506,22,1028,329877435,48
DEQ,669477367049861,22,1028,336875813,47
DEQ,669477373994326,22,1028,343818283,46
DEQ,669477381043756,22,1028,350865740,45
DEQ,669477388049525,22,1028,357869422,44
DEQ,669477394991036,22,1028,364808875,43
DEQ,669477402010199,22,1028,371825762,42
DEQ,669477409046504,22,1028,378859873,41
DEQ,669477416053755,22,1028,385865131,40
DEQ,669477422997443,22,1028,392806570,39
DEQ,669477429999417,22,1028,399806288,38
DEQ,669477437043397,22,1028,406848302,70
DEQ,669477444046080,22,1028,413849025,69
DEQ,669477451052447,22,1028,420853336,68
DEQ,669477457991371,22,1028,427790194,67
DEQ,669477465047110,22,1028,434843728,66
DEQ,669477472038257,22,1028,441832791,65
DEQ,669477479057375,22,1028,448849907,64
DEQ,669477485990359,22,1028,455780757,63
DEQ,669477492986214,22,1028,462774630,62
DEQ,669477500041931,22,1028,469828359,61
DEQ,669477507055646,22,1028,476840121,60
DEQ,669477514056936,22,1028,483839439,59
DEQ,669477521033869,22,1028,490814387,58
DEQ,669477528056184,22,1028,497834639,57
DEQ,669477535054686,22,1028,504831172,56
DEQ,669477542047857,22,1028,511822380,55
DEQ,669477549044906,22,1028,518817366,54
DEQ,669477556055397,22,1028,525825750,53
DEQ,669477563051546,22,1028,532819737,52
DEQ,669477570056161,22,1028,539822333,85
DEQ,669477577071133,22,1028,546835189,84
DEQ,669477584050626,22,1028,553812527,83
DEQ,669477591055616,22,1028,560815559,82
DEQ,669477598047814,22,1028,567805773,81
DEQ,669477605048220,22,1028,574804215,80
DEQ,669477612051960,22,1028,581805916,79
DEQ,669477619049902,22,1028,588801907,78
DEQ,669477626055380,22,1028,595805235,77
DEQ,669477633049831,22,1028,602797711,76
DEQ,669477640051087,22,1028,609796969,75
DEQ,669477647047401,22,1028,616791231,74
DEQ,669477654048589,22,1028,623790352,73
DEQ,669477661063097,22,1028,502939990,72
DEQ,669477668047808,22,1028,509915949,71
DEQ,669477675057427,22,1028,516923431,70
DEQ,669477682055246,22,84,523918712,69
DEQ,669477689062319,22,1028,530923579,68
DEQ,669477696063593,22,1028,537922654,67
DEQ,669477703051878,22,1028,272926519,66
DEQ,669477710055525,22,1028,279921631,65
DEQ,669477717046663,22,1028,286910424,64
DEQ,669477724052730,22,1028,293914355,63
DEQ,669477731057716,22,1028,300917256,62
DEQ,669477738046892,22,1028,307904358,61
DEQ,669477745046412,22,1028,314901857,60
DEQ,669477752051080,22,1028,321904503,59
DEQ,669477759052289,22,1028,328903643,58
DEQ,669477766054437,22,1028,335903807,57
DEQ,669477773055648,22,1028,342903049,56
DEQ,669477780056086,22,1028,349901484,55
DEQ,669477787042272,22,1028,356885569,54
DEQ,669477794051022,22,1028,363892262,53
DEQ,669477801055675,22,1028,370894946,52
DEQ,669477808050948,22,1028,377888223,51
DEQ,669477815059768,22,1028,384895051,50
DEQ,669477822049417,22,1028,391882731,49
DEQ,669477829055644,22,1028,398886972,48
DEQ,669477836049455,22,1028,405878797,47
DEQ,669477843049863,22,1028,412877125,46
DEQ,669477850009286,22,1028,419834492,45
DEQ,669477857042163,22,1028,426865360,44
DEQ,669477864051782,22,1028,433872925,43
DEQ,669477870990641,22,1028,440809775,42
DEQ,669477878017303,22,1028,447834475,41
DEQ,669477885054124,22,1028,454869341,40
DEQ,669477892050647,22,1028,461863819,39
DEQ,669477898991376,22,1028,468802571,38
DEQ,669477906073016,22,1028,475880841,37
DEQ,669477913036712,22,1028,480864860,36
DEQ,669477920051917,22,1028,485802485,35
DEQ,669477927051781,22,1028,490600680,34
DEQ,669477933990736,22,1028,367859168,33
DEQ,669477941042255,22,1028,374901924,32
DEQ,669477948049828,22,1028,381907349,31
DEQ,669477955049742,22,1028,388905038,30
DEQ,669477961989684,22,1028,395842942,29
DEQ,669477969013070,22,1028,402864164,87
DEQ,669477976042306,22,1028,409891239,86
DEQ,669477983046372,22,1028,416893258,85
DEQ,669477990051846,22,1028,423896761,84
DEQ,669477997057080,22,1028,430899965,83
DEQ,669478004054238,22,1028,437895119,82
DEQ,669478011050005,22,1028,444888777,81
DEQ,669478018060890,22,1028,451897556,80
DEQ,669478025051512,22,1028,458886129,79
DEQ,669478031991230,22,1028,465822318,78
DEQ,669478039040912,22,1028,472869932,77
DEQ,669478046049299,22,1028,479876277,76
DEQ,669478053057128,22,1028,486882085,75
DEQ,669478060046853,22,1028,493869764,74
DEQ,669478066984077,22,1028,500804892,73
DEQ,669478074044328,22,1028,507863140,72
DEQ,669478081049757,22,1028,514866590,71
DEQ,669478088049259,22,1028,521863837,70
DEQ,669478095049614,22,1028,528862212,69
DEQ,669478101995242,22,1028,535805700,68
DEQ,669478109053847,22,1028,542861819,76
DEQ,669478116049392,22,1028,549855269,75
DEQ,669478123055572,22,1028,556859381,74
DEQ,669478130056713,22,1028,563858465,73
DEQ,669478137046611,22,1028,570846366,72
DEQ,669478144051740,22,1028,577849381,71
DEQ,669478151051448,22,1028,584846431,70
DEQ,669478158049263,22,1028,591842106,69
DEQ,669478165060570,22,1028,598851334,68
DEQ,669478172050458,22,1028,205932435,67
DEQ,669478179060548,22,1028,212932574,66
DEQ,669478186055199,22,1028,219925035,65
DEQ,669478193049996,22,1028,226917792,64
DEQ,669478200049312,22,1028,233915085,63
DEQ,669478207045548,22,1028,240909132,62
DEQ,669478214054277,22,1028,247915832,61
DEQ,669478221057232,22,1028,254916795,60
DEQ,669478228058054,22,1028,261915516,59
STATS,669478228196061,59,59708,8630,8571,0,0,0
DEQ,669478235058893,22,1028,268914384,58
DEQ,669478242052863,22,1028,275906270,57
DEQ,669478249055377,22,1028,282906759,56
DEQ,669478256051036,22,1028,289900405,55
DEQ,669478263054694,22,1028,296902087,54
DEQ,669478270053530,22,1028,303898952,53
DEQ,669478277055559,22,1028,310898913,52
DEQ,669478284050174,22,1028,317891538,51
DEQ,669478291045560,22,1028,324884855,50
DEQ,669478298042494,22,1028,331879794,49
DEQ,669478305058005,22,1028,338893227,48
DEQ,669478312049317,22,1028,345882563,47
DEQ,669478319038813,22,1028,352869992,46
DEQ,669478326047606,22,1028,359876148,45
DEQ,669478332990669,22,1028,366817238,44
DEQ,669478339991193,22,1028,373815358,43
DEQ,669478347047890,22,1028,380869939,42
DEQ,669478354055079,22,1028,387875071,41
DEQ,669478361046327,22,1028,394864340,40
DEQ,669478367989738,22,1028,401805633,39
DEQ,669478375037798,22,1028,408851151,68
DEQ,669478382042172,22,1028,415853531,67
DEQ,669478389055706,22,1028,422865074,66
DEQ,669478395989848,22,1028,429797063,65
DEQ,669478403009520,22,1028,436814684,64
DEQ,669478410039763,22,1028,443842855,63
DEQ,669478417058718,22,1028,450859801,62
DEQ,669478423991287,22,1028,457790411,61
DEQ,669478431071315,22,1028,464868389,60
DEQ,669478438057767,22,1028,471852878,59
DEQ,669478445057552,22,1028,478850561,58
DEQ,669478452050981,22,1028,485841880,57
DEQ,669478459057087,22,1028,492845922,56
DEQ,669478466051720,22,1028,499838568,55
DEQ,669478473055433,22,1028,506839746,54
DEQ,669478480050909,22,1028,513833153,53
DEQ,669478487011169,22,1028,520791411,52
DEQ,669478494048358,22,1028,527826601,51
DEQ,669478501050667,22,1028,534826874,50
DEQ,669478508049026,22,1028,541823119,86
DEQ,669478515055480,22,1028,548827498,85
DEQ,669478522050043,22,1028,555820066,84
DEQ,669478529049650,22,1028,562817672,83
DEQ,669478536041776,22,1028,569807799,82
DEQ,669478543049974,22,1028,576814015,81
DEQ,669478550064049,22,1028,583826097,80
DEQ,669478557045316,22,1028,590805267,79
DEQ,669478564054239,22,1028,597812225,78
DEQ,669478571038315,22,1028,604587340,77
DEQ,669478578054944,22,1028,609416584,76
DEQ,669478585055458,22,1028,482937990,75
DEQ,669478592055888,22,1028,489929921,74
DEQ,669478599049639,22,1028,496921483,73
DEQ,669478606051003,22,84,503920646,72
DEQ,669478613043768,22,1028,510910224,71
DEQ,669478620049152,22,1028,517913433,70
DEQ,669478627055392,22,1028,524917638,69
DEQ,669478634047520,22,1028,531907282,68
DEQ,669478641055392,22,1028,538913072,67
DEQ,669478648052537,22,1028,273926380,66
DEQ,669478655056292,22,1028,280921316,65
DEQ,669478662051185,22,1028,287913851,64
DEQ,669478669055525,22,1028,294915832,63
DEQ,669478676041746,22,1028,301899857,62
DEQ,669478683056279,22,1028,308912181,61
DEQ,669478690050810,22,1028,315904574,60
DEQ,669478697055453,22,1028,322907058,59
DEQ,669478704050824,22,1028,329900116,58
DEQ,669478711054884,22,1028,336901851,57
DEQ,669478718048321,22,1028,343893139,56
DEQ,669478725052178,22,1028,350894817,55
DEQ,669478732050887,22,1028,357891445,54
DEQ,669478739056982,22,1028,364895077,53
DEQ,669478746051782,22,1028,371887487,52
DEQ,669478753041712,22,1028,378875279,51
DEQ,669478760047163,22,1028,385878642,50
DEQ,669478767033566,22,1028,392862540,49
DEQ,669478774048138,22,1028,399874823,48
DEQ,669478781055372,22,1028,406879163,47
DEQ,669478788053383,22,1028,413874968,46
DEQ,669478795050266,22,1028,420869746,45
DEQ,669478802054956,22,1028,427872087,44
DEQ,669478809056196,22,1028,434870996,43
DEQ,669478816044930,22,1028,441857650,42
DEQ,669478823042887,22,1028,448853516,41
DEQ,669478830048507,22,1028,455857021,40
DEQ,669478837055348,22,1028,462861486,39
DEQ,669478843993515,22,1028,469797415,38
DEQ,669478851051462,22,1028,476571226,37
DEQ,669478858044022,22,1028,355924219,36
DEQ,669478865057072,22,1028,362928844,35
DEQ,669478871983773,22,1028,369853065,34
DEQ,669478879005042,22,1028,376872302,33
DEQ,669478886047162,22,1028,383912308,32
DEQ,669478893055359,22,1028,390918491,31
DEQ,669478899990013,22,1028,397851172,30
DEQ,669478906950452,22,1028,404809553,29
DEQ,669478914039906,22,1028,411896916,87
DEQ,669478921042009,22,1028,418897024,86
DEQ,669478928051588,22,1028,425904604,85
DEQ,669478935039084,22,1028,432889751,84
DEQ,669478942056409,22,1028,439905031,83
DEQ,669478949031679,22,1028,446878286,82
DEQ,669478956050077,22,1028,453894695,81
DEQ,669478963051161,22,1028,460893783,80
DEQ,669478970049902,22,1028,467890512,79
DEQ,669478977049484,22,1028,474888104,78
DEQ,669478984052424,22,1028,481889003,77
DEQ,669478991049293,22,1028,488883846,76
DEQ,669478998047485,22,1028,495879864,75
DEQ,669479005045278,22,1028,502875600,74
DEQ,669479012055799,22,1028,509884028,73
DEQ,669479019055294,22,1028,516881409,72
DEQ,669479026051159,22,1028,523875204,71
DEQ,669479033052022,22,1028,530874053,70
DEQ,669479040048910,22,1028,537868993,69
DEQ,669479047046581,22,1028,544864717,76
DEQ,669479054049186,22,1028,551865332,75
DEQ,669479060987851,22,1028,558802007,74
DEQ,669479068032600,22,1028,565844613,73
DEQ,669479075032498,22,1028,572842327,72
DEQ,669479081985056,22,1028,579792877,71
DEQ,669479089034388,22,1028,586840228,70
DEQ,669479095981029,22,1028,593784793,69
DEQ,669479103049573,22,1028,600851236,68
DEQ,669479110056570,22,1028,607856194,67
DEQ,669479117036482,22,1028,206914665,66
DEQ,669479124038782,22,1028,213908520,65
DEQ,669479130925725,22,1028,220793315,64
DEQ,669479138036260,22,1028,227901586,63
DEQ,669479145055598,22,1028,234918899,62
DEQ,669479152049299,22,1028,241910551,61
DEQ,669479159053692,22,1028,248912736,60
DEQ,669479166047589,22,1028,255904552,59
DEQ,669479173058018,22,1028,262912990,58
DEQ,669479180044167,22,1028,269897086,58
DEQ,669479187045500,22,1028,276896380,57
DEQ,669479194051241,22,1028,283900119,56
DEQ,669479201063597,22,1028,290910401,55
DEQ,669479208050926,22,1028,297895613,54
DEQ,669479215054421,22,1028,304897125,53
DEQ,669479222056021,22,1028,311896588,52
DEQ,669479229055476,22,1028,318893666,51
STATS,669479229190510,51,51484,8765,8714,0,0,0
DEQ,669479236050645,22,1028,325886806,50
DEQ,669479243056438,22,1028,332890452,49
DEQ,669479250049328,22,1028,339881089,48
DEQ,669479257055568,22,1028,346885335,47
DEQ,669479264005069,22,1028,353832830,46
DEQ,669479271046670,22,1028,360872458,45
DEQ,669479277986882,22,1028,367810566,44
DEQ,669479284992111,22,1028,374813802,43
DEQ,669479292007532,22,1028,381827248,42
DEQ,669479299032778,22,1028,388850428,41
DEQ,669479306055261,22,1028,395870932,40
DEQ,669479312994120,22,1028,402807739,65
DEQ,669479320051024,22,1028,409862677,64
DEQ,669479327039420,22,1028,416848969,63
DEQ,669479334050161,22,1028,423857746,62
DEQ,669479341058691,22,1028,430864300,61
DEQ,669479347996186,22,1028,437799696,60
DEQ,669479355049420,22,1028,444850952,59
DEQ,669479362053994,22,1028,451853557,58
DEQ,669479369065199,22,1028,458862779,57
DEQ,669479376010889,22,1028,465806401,56
DEQ,669479383060287,22,1028,472853680,55
DEQ,669479390049520,22,1028,479840925,54
DEQ,669479396985836,22,1028,486775182,53
DEQ,669479404056963,22,1028,493844346,52
DEQ,669479411051549,22,1028,500837006,51
DEQ,669479418048810,22,1028,507832248,50
DEQ,669479425057422,22,1028,514838868,49
DEQ,669479432045350,22,1028,521824750,48
DEQ,669479438985588,22,1028,528763027,88
DEQ,669479446054461,22,1028,535829957,87
DEQ,669479453055819,22,1028,542829346,86
DEQ,669479460055606,22,1028,549827137,85
DEQ,669479467055771,22,1028,556825360,84
DEQ,669479474042945,22,1028,563810576,83
DEQ,669479481056002,22,1028,570821576,82
DEQ,669479488052929,22,1028,577816537,81
DEQ,669479495046323,22,1028,584807958,80
DEQ,669479502049617,22,1028,591809264,79
DEQ,669479509050667,22,1028,598808326,78
DEQ,669479516060975,22,1028,604860830,77
DEQ,669479523055758,22,1028,609661637,76
DEQ,669479530051299,22,1028,483925644,75
DEQ,669479537051614,22,1028,490916971,74
DEQ,669479544051328,22,1028,497914326,73
DEQ,669479551048196,22,1028,504909060,72
DEQ,669479558052113,22,1028,511910811,71
DEQ,669479565055869,22,1028,518912421,70
DEQ,669479572055622,22,1028,525910122,69
DEQ,669479579050133,22,1028,532902589,68
DEQ,669479585990621,22,84,411869977,67
DEQ,669479593050154,22,1028,282935104,66
DEQ,669479600051388,22,1028,289927879,65
DEQ,669479607051816,22,1028,296926033,64
DEQ,669479614051978,22,1028,303923812,63
DEQ,669479621052608,22,1028,310922268,62
DEQ,669479628044690,22,1028,317912096,61
DEQ,669479635051779,22,1028,324917124,60
DEQ,669479642055579,22,1028,331918785,59
DEQ,669479649052786,22,1028,338913920,58
DEQ,669479656051406,22,1028,345910536,57
DEQ,669479663051876,22,1028,352908398,56
DEQ,669479670052200,22,1028,359905305,55
DEQ,669479677049254,22,1028,366900266,54
DEQ,669479684050608,22,1028,373899526,53
DEQ,669479691056764,22,1028,380903684,52
DEQ,669479698055721,22,1028,387900585,51
DEQ,669479705055974,22,1028,394898532,50
DEQ,669479712049841,22,1028,401890421,49
DEQ,669479719052651,22,1028,408891169,48
DEQ,669479726055846,22,1028,415892379,47
DEQ,669479733047734,22,1028,422882334,46
DEQ,669479740009727,22,1028,429842232,45
DEQ,669479747049845,22,1028,436880224,44
DEQ,669479754056596,22,1028,443884958,43
DEQ,669479760991503,22,1028,450817890,42
DEQ,669479768011052,22,1028,456715163,41
DEQ,669479775034763,22,1028,336921930,40
DEQ,669479781996407,22,1028,343868030,39
DEQ,669479788993365,22,1028,350862792,38
DEQ,669479796044874,22,1028,357912042,37
DEQ,669479803039094,22,1028,364904078,36
DEQ,669479810053345,22,1028,371915954,35
DEQ,669479817051865,22,1028,378911515,34
DEQ,669479823990247,22,1028,385846321,33
DEQ,669479831041610,22,1028,392895493,32
DEQ,669479838050743,22,1028,399902309,31
DEQ,669479845045215,22,1028,406894626,82
DEQ,669479851990535,22,1028,413837870,81
DEQ,669479859039417,22,1028,420884587,80
DEQ,669479866048932,22,1028,427891852,79
DEQ,669479873056961,22,1028,434897462,78
DEQ,669479880049915,22,1028,441888272,77
DEQ,669479887055324,22,1028,448891548,76
DEQ,669479894063704,22,1028,455897862,75
DEQ,669479901051204,22,1028,462883148,74
DEQ,669479908043226,22,1028,469872811,73
DEQ,669479915056333,22,1028,476883787,72
DEQ,669479922041511,22,1028,483866770,71
DEQ,669479929056274,22,1028,490879056,70
DEQ,669479936051673,22,1028,497872412,69
DEQ,669479943049493,22,1028,504868140,68
DEQ,669479950047513,22,1028,511864125,67
DEQ,669479957047932,22,1028,518862496,66
DEQ,669479964053452,22,1028,525865881,65
DEQ,669479971050366,22,1028,532860306,64
DEQ,669479978058303,22,1028,539866177,78
DEQ,669479985056249,22,1028,546861923,77
DEQ,669479992056777,22,1028,553860277,76
DEQ,669479999052132,22,1028,560853594,75
DEQ,669480006048563,22,1028,567847956,74
DEQ,669480013051502,22,1028,574848829,73
DEQ,669480020055151,22,1028,581850492,72
DEQ,669480027058613,22,1028,588851980,71
DEQ,669480034041440,22,1028,595832848,70
DEQ,669480040992774,22,1028,602782038,69
DEQ,669480048051807,22,1028,609839081,68
DEQ,669480055052219,22,1028,616837513,67
DEQ,669480062044829,22,1028,223896056,66
DEQ,669480069048917,22,1028,230891728,65
DEQ,669480076051019,22,1028,237891714,64
DEQ,669480083058057,22,1028,244896694,63
DEQ,669480090056052,22,1028,251892610,62
DEQ,669480097058164,22,1028,258892576,61
DEQ,669480104055201,22,1028,265887406,60
DEQ,669480111040986,22,1028,272871190,59
DEQ,669480118047684,22,1028,279875220,58
DEQ,669480125051434,22,1028,286876879,57
DEQ,669480132056965,22,1028,293880355,56
DEQ,669480139050676,22,1028,300871912,55
DEQ,669480146051046,22,1028,307869953,54
DEQ,669480152991956,22,1028,314808779,53
DEQ,669480160056964,22,1028,321871299,52
DEQ,669480167053161,22,1028,328865438,51
DEQ,669480174051098,22,1028,335861237,50
DEQ,669480181056497,22,1028,342864670,49
DEQ,669480188056186,22,1028,349862295,48
DEQ,669480195050663,22,1028,356854736,47
DEQ,669480202053915,22,1028,363855820,46
DEQ,669480209042001,22,1028,370841920,45
DEQ,669480216049016,22,1028,377846878,44
DEQ,669480222992240,22,1028,384788119,43
DEQ,669480229993457,22,1028,391787304,42
STATS,669480230133904,42,43176,8899,8857,0,0,0
DEQ,669480237032006,22,1028,398823762,41
DEQ,669480244057848,22,1028,405847479,61
DEQ,669480251056537,22,1028,412844215,60
DEQ,669480257998870,22,1028,419784483,59
DEQ,669480265051135,22,1028,426834514,58
DEQ,669480272036643,22,1028,433817864,57
DEQ,669480279052443,22,1028,440831643,56
DEQ,669480286051227,22,1028,447828341,55
DEQ,669480293043270,22,1028,454818176,54
DEQ,669480300043624,22,1028,461816548,53
DEQ,669480307047990,22,1028,468818716,52
DEQ,669480314049660,22,1028,475818256,51
DEQ,669480321050761,22,1028,482816270,50
DEQ,669480328042930,22,1028,489806214,49
DEQ,669480335052980,22,1028,496814187,48
DEQ,669480342043367,22,1028,503802521,47
DEQ,669480349051106,22,1028,510808292,46
DEQ,669480356054665,22,1028,517809790,45
DEQ,669480363056651,22,1028,524809729,44
DEQ,669480370056296,22,1028,531807413,43
DEQ,669480377050806,22,1028,538799955,89
DEQ,669480384052087,22,1028,545799197,88
DEQ,669480391063344,22,1028,552808312,87
DEQ,669480398053773,22,1028,559796777,86
DEQ,669480405051948,22,1028,565895100,85
DEQ,669480412047912,22,1028,570698857,84
DEQ,669480419052464,22,1028,575573441,83
DEQ,669480426053004,22,1028,451929769,82
DEQ,669480433056762,22,1028,458923838,81
DEQ,669480440058040,22,1028,465922977,80
DEQ,669480447060040,22,1028,472922717,79
DEQ,669480454043094,22,1028,479903627,78
DEQ,669480461050162,22,1028,486908615,77
DEQ,669480468053923,22,1028,493910173,76
DEQ,669480475056842,22,1028,500910999,75
DEQ,669480482048893,22,1028,507900958,74
DEQ,669480489052672,22,1028,514902324,73
DEQ,669480496054751,22,1028,521902159,72
DEQ,669480503049312,22,1028,528894619,71
DEQ,669480510054755,22,1028,535897852,70
DEQ,669480517045132,22,1028,542886161,69
DEQ,669480524048966,22,1028,549887983,68
DEQ,669480531056782,22,84,292931879,67
DEQ,669480538056404,22,1028,299922807,66
DEQ,669480545050925,22,1028,306915150,65
DEQ,669480552054703,22,1028,313916803,64
DEQ,669480559054427,22,1028,320914154,63
DEQ,669480566049797,22,1028,327906164,62
DEQ,669480573052737,22,1028,334906968,61
DEQ,669480580057403,22,1028,341909410,60
DEQ,669480587005876,22,1028,348855796,59
DEQ,669480594056503,22,1028,355904344,58
DEQ,669480601057696,22,1028,362903482,57
DEQ,669480608050730,22,1028,369894362,56
DEQ,669480615059411,22,1028,376901008,55
DEQ,669480622050447,22,1028,383889997,54
DEQ,669480629045322,22,1028,390882761,53
DEQ,669480636049920,22,1028,397885192,52
DEQ,669480643047871,22,1028,404881128,51
DEQ,669480650042374,22,1028,411873589,50
DEQ,669480657059383,22,1028,418458230,49
DEQ,669480664045678,22,1028,423258565,48
DEQ,669480671055224,22,1028,428070361,47
DEQ,669480678051526,22,1028,303936236,46
DEQ,669480685037797,22,1028,310914103,45
DEQ,669480692053788,22,1028,317927919,44
DEQ,669480699058660,22,1028,324930652,43
DEQ,669480706044489,22,1028,331914321,42
DEQ,669480713052929,22,1028,338920648,41
DEQ,669480720058995,22,1028,345924627,40
DEQ,669480727051743,22,1028,352915364,39
DEQ,669480734055795,22,1028,359917428,38
DEQ,669480741047230,22,1028,366906848,37
DEQ,669480748051652,22,1028,373907997,36
DEQ,669480755045377,22,1028,380899708,35
DEQ,669480762044781,22,1028,387897019,34
DEQ,669480769060383,22,1028,394910634,33
DEQ,669480776051146,22,1028,401899396,32
DEQ,669480783051727,22,1028,408897878,79
DEQ,669480790055295,22,1028,415899322,78
DEQ,669480797040173,22,1028,422882015,77
DEQ,669480804043419,22,1028,429883147,76
DEQ,669480811058773,22,1028,436895545,75
DEQ,669480818050931,22,1028,443885703,74
DEQ,669480825038226,22,1028,450870920,73
DEQ,669480832060126,22,1028,457890755,72
DEQ,669480839054679,22,1028,464883167,71
DEQ,669480846054228,22,1028,471880685,70
DEQ,669480853052168,22,1028,478876639,69
DEQ,669480860051000,22,1028,485873413,68
DEQ,669480867050559,22,1028,492870965,67
DEQ,669480874042760,22,1028,499861171,66
DEQ,669480881057161,22,1028,506873476,65
DEQ,669480888064120,22,1028,513878366,64
DEQ,669480895049219,22,1028,520860815,63
DEQ,669480902051836,22,1028,527861227,62
DEQ,669480909053120,22,1028,534860396,61
DEQ,669480916052690,22,1028,541857811,79
DEQ,669480923060622,22,1028,548863519,78
DEQ,669480930057944,22,1028,555858779,77
DEQ,669480937051486,22,1028,562850277,76
DEQ,669480944051034,22,1028,569847780,75
DEQ,669480951053100,22,1028,576847700,74
DEQ,669480958051916,22,1028,583844413,73
DEQ,669480965034743,22,1028,590825172,72
DEQ,669480972045285,22,1028,597833576,71
DEQ,669480979058023,22,1028,604844275,70
DEQ,669480986053659,22,1028,611837830,69
DEQ,669480993057317,22,1028,618839379,68
DEQ,669481000054401,22,1028,625834246,67
DEQ,669481007051496,22,1028,224938109,66
DEQ,669481014050546,22,1028,231928515,65
DEQ,669481021051528,22,1028,238927291,64
DEQ,669481028045228,22,1028,245918814,63
DEQ,669481035058915,22,1028,252929861,62
DEQ,669481042057192,22,1028,259925740,61
DEQ,669481049057381,22,1028,266923814,60
DEQ,669481056051142,22,1028,273915499,59
DEQ,669481063041142,22,1028,280903439,58
DEQ,669481070047821,22,1028,287908047,57
DEQ,669481077057564,22,1028,294915666,56
DEQ,669481084054542,22,1028,301910458,55
DEQ,669481091060782,22,1028,308914409,54
DEQ,669481098052913,22,1028,315904408,53
DEQ,669481105057456,22,1028,322906805,52
DEQ,669481112053135,22,1028,329900344,51
DEQ,669481119051676,22,1028,336896907,50
DEQ,669481126052913,22,1028,343895992,49
DEQ,669481133052614,22,1028,350893567,48
DEQ,669481140050409,22,1028,357888962,47
DEQ,669481147053344,22,1028,364889821,46
DEQ,669481154046218,22,1028,371880562,45
DEQ,669481161052144,22,1028,378884447,44
DEQ,669481168053095,22,1028,385883289,43
DEQ,669481175053868,22,1028,392881913,42
DEQ,669481182065948,22,1028,399891934,41
DEQ,669481189045909,22,1028,406869597,61
DEQ,669481196044337,22,1028,413865842,60
DEQ,669481203053737,22,1028,420873195,59
DEQ,669481210050547,22,1028,427867883,58
DEQ,669481217053248,22,1028,434868467,57
DEQ,669481224048258,22,1028,441861506,56
DEQ,669481231038041,22,1028,448849256,55
STATS,669481231176044,55,55596,9055,9000,0,0,0
DEQ,669481238052680,22,1028,455861848,54
DEQ,669481245057617,22,1028,462864735,53
DEQ,669481252049940,22,1028,469854929,52
DEQ,669481259046442,22,1028,476849187,51
DEQ,669481266043938,22,1028,483844637,50
DEQ,669481273042199,22,1028,490840837,49
DEQ,669481280053092,22,1028,497849596,48
DEQ,669481287054261,22,1028,504848815,47
DEQ,669481294044425,22,1028,511837021,46
DEQ,669481301050180,22,1028,518840785,45
DEQ,669481308050662,22,1028,525839211,44
DEQ,669481315057957,22,1028,532844389,43
DEQ,669481322047350,22,1028,539831747,89
DEQ,669481329042652,22,1028,546825066,88
DEQ,669481336051447,22,1028,553831803,87
DEQ,669481343053411,22,1028,432933717,86
DEQ,669481350045661,22,1028,439917615,85
DEQ,669481357051854,22,1028,446921609,84
DEQ,669481364052315,22,1028,453919838,83
DEQ,669481371049396,22,1028,460914814,82
DEQ,669481378053258,22,1028,467916588,81
DEQ,669481385057742,22,1028,474918863,80
DEQ,669481391992179,22,1028,481851199,79
DEQ,669481399055170,22,1028,488912168,78
DEQ,669481406054016,22,1028,495908936,77
DEQ,669481413046195,22,1028,502899014,76
DEQ,669481420052260,22,1028,509903069,75
DEQ,669481427054459,22,1028,516903279,74
DEQ,669481434042084,22,1028,523888823,73
DEQ,669481441058063,22,1028,530902802,72
DEQ,669481448060700,22,1028,537903424,71
DEQ,669481455041518,22,1028,544882168,70
DEQ,669481462056752,22,1028,551895318,69
DEQ,669481469050369,22,1028,558886947,68
DEQ,669481476057431,22,1028,293894636,67
DEQ,669481483057889,22,1028,300885313,66
DEQ,669481490057249,22,1028,307882479,65
DEQ,669481497053637,22,84,314876713,64
DEQ,669481504061644,22,1028,321882704,63
DEQ,669481511053710,22,1028,328872654,62
DEQ,669481518056614,22,1028,335873556,61
DEQ,669481525060390,22,1028,342875030,60
DEQ,669481531986475,22,1028,349799136,59
DEQ,669481539052008,22,1028,356862515,58
DEQ,669481546057290,22,1028,363865724,57
DEQ,669481553050317,22,1028,370856781,56
DEQ,669481560053284,22,1028,377857778,55
DEQ,669481567055449,22,1028,384857818,54
DEQ,669481574053716,22,1028,391854111,53
DEQ,669481581057540,22,1028,398855912,52
DEQ,669481588054293,22,1028,405850360,51
DEQ,669481595052090,22,1028,412845887,50
DEQ,669481602052720,22,1028,417688482,49
DEQ,669481609058791,22,1028,422499440,48
DEQ,669481616048403,22,1028,427296226,47
DEQ,669481623049516,22,1028,304921000,46
DEQ,669481630044312,22,1028,311907146,45
DEQ,669481637047642,22,1028,318906978,44
DEQ,669481644051003,22,1028,325908209,43
DEQ,669481651057985,22,1028,332913121,42
DEQ,669481658061780,22,1028,339914416,41
DEQ,669481665038025,22,1028,346888594,40
DEQ,669481672048129,22,1028,353896272,39
DEQ,669481679042558,22,1028,360888478,38
DEQ,669481686053616,22,1028,367897511,37
DEQ,669481693061407,22,1028,374903195,36
DEQ,669481700078527,22,1028,381918286,35
DEQ,669481707047682,22,1028,388885324,34
DEQ,669481714048592,22,1028,395884206,33
DEQ,669481721060610,22,1028,402894175,77
DEQ,669481728053548,22,1028,409885021,76
DEQ,669481735052421,22,1028,416881866,75
DEQ,669481742048285,22,1028,423875771,74
DEQ,669481749058116,22,1028,430883610,73
DEQ,669481756056120,22,1028,437879626,72
DEQ,669481763061592,22,1028,444883101,71
DEQ,669481770043107,22,1028,451862416,70
DEQ,669481777061970,22,1028,458879231,69
DEQ,669481784056842,22,1028,465870665,68
DEQ,669481791052410,22,1028,472864149,67
DEQ,669481798044465,22,1028,479854174,66
DEQ,669481805058103,22,1028,486865699,65
DEQ,669481812057800,22,1028,493863336,64
DEQ,669481819061423,22,1028,500864833,63
DEQ,669481826057835,22,1028,507859145,62
DEQ,669481833048213,22,1028,514847405,61
DEQ,669481840053645,22,1028,521850814,60
DEQ,669481847060740,22,1028,528855820,59
DEQ,669481854044530,22,1028,535837532,58
DEQ,669481861058210,22,1028,542849232,79
DEQ,669481868051240,22,1028,549840230,78
DEQ,669481875060915,22,1028,556847838,77
DEQ,669481882057869,22,1028,563842810,76
DEQ,669481889060754,22,1028,570843600,75
DEQ,669481896053620,22,1028,577834299,74
DEQ,669481903056583,22,1028,584835208,73
DEQ,669481910052106,22,1028,591828691,72
DEQ,669481917061636,22,1028,598836229,71
DEQ,669481924052030,22,1028,605824644,70
DEQ,669481931054111,22,1028,612823813,69
DEQ,669481938057913,22,1028,619825562,68
DEQ,669481944928594,22,1028,626694190,67
DEQ,669481951931320,22,1028,233809509,66
DEQ,669481958928905,22,1028,240798447,65
DEQ,669481965926999,22,1028,247794411,64
DEQ,669481972927863,22,1028,254793155,63
DEQ,669481980060021,22,1028,261923218,62
DEQ,669481987058619,22,1028,268919795,61
DEQ,669481994050727,22,1028,275909817,60
DEQ,669482001054360,22,1028,282911051,59
DEQ,669482008055173,22,1028,289908726,58
DEQ,669482015053572,22,1028,296905023,57
DEQ,669482022053979,22,1028,303903292,56
DEQ,669482029053401,22,1028,310900653,55
DEQ,669482036050569,22,1028,317895772,54
DEQ,669482043058486,22,1028,324901620,53
DEQ,669482049992747,22,1028,331833819,52
DEQ,669482057058393,22,1028,338897337,51
DEQ,669482064048999,22,1028,345885605,50
DEQ,669482071044983,22,1028,352879387,49
DEQ,669482078055051,22,1028,359886586,48
DEQ,669482085058628,22,1028,366887990,47
DEQ,669482092058112,22,1028,373885381,46
DEQ,669482099049362,22,1028,380874581,45
DEQ,669482106053763,22,1028,387876649,44
DEQ,669482113060238,22,1028,394880869,43
DEQ,669482120054030,22,1028,401872481,42
DEQ,669482127041568,22,1028,408857773,57
DEQ,669482134056464,22,1028,415870372,56
DEQ,669482141047437,22,1028,422859196,55
DEQ,669482148054962,22,1028,429864686,54
DEQ,669482155054528,22,1028,436861790,53
DEQ,669482162039200,22,1028,443844310,52
DEQ,669482169053759,22,1028,450856815,51
DEQ,669482176047920,22,1028,457848918,50
DEQ,669482183059464,22,1028,464858309,49
DEQ,669482190054116,22,1028,471850853,48
DEQ,669482197058722,22,1028,478853341,47
DEQ,669482204045677,22,1028,485838172,46
DEQ,669482211044185,22,1028,492834582,45
DEQ,669482218058446,22,1028,499846750,44
DEQ,669482225052991,22,1028,506838846,43
DEQ,669482232048310,22,1028,513831717,42
STATS,669482232187107,42,43176,9185,9143,0,0,0
DEQ,669482239044892,22,1028,520826138,41
DEQ,669482246055767,22,1028,527834987,40
DEQ,669482253058780,22,1028,534835947,39
DEQ,669482260054387,22,1028,540593170,89
DEQ,669482267061970,22,1028,412929940,88
DEQ,669482274047159,22,1028,419906741,87
DEQ,669482281055424,22,1028,426912887,86
DEQ,669482288056725,22,1028,433912109,85
DEQ,669482295057044,22,1028,440910296,84
DEQ,669482302054216,22,1028,447905293,83
DEQ,669482309052076,22,1028,454900971,82
DEQ,669482316049215,22,1028,461896027,81
DEQ,669482323054645,22,1028,468899292,80
DEQ,669482330050101,22,1028,475892611,79
DEQ,669482337058668,22,1028,482899108,78
DEQ,669482344051013,22,1028,489889413,77
DEQ,669482351052878,22,1028,496889168,76
DEQ,669482358052550,22,1028,503886675,75
DEQ,669482365058675,22,1028,510890731,74
DEQ,669482372055948,22,1028,517886010,73
DEQ,669482379059681,22,1028,524886670,72
DEQ,669482386058365,22,1028,531883312,71
DEQ,669482393059206,22,1028,538882146,70
DEQ,669482400048490,22,1028,545869339,69
DEQ,669482407061204,22,1028,552879938,68
DEQ,669482414058479,22,1028,559875094,67
DEQ,669482421054682,22,1028,294930885,66
DEQ,669482428053359,22,1028,301919304,65
DEQ,669482435041676,22,1028,308905334,64
DEQ,669482442048760,22,1028,315910234,63
DEQ,669482449058896,22,1028,322918229,62
DEQ,669482456052706,22,1028,329909774,61
DEQ,669482463053098,22,1028,336907108,60
DEQ,669482470055999,22,1028,343907758,59
DEQ,669482477060505,22,1028,350909969,58
DEQ,669482484057700,22,1028,357904946,57
DEQ,669482491062234,22,1028,364907337,56
DEQ,669482498052828,22,1028,371895685,55
DEQ,669482505058904,22,1028,378899670,54
DEQ,669482512048620,22,1028,385887194,53
DEQ,669482519042751,22,1028,392879239,52
DEQ,669482526054361,22,1028,399887774,51
DEQ,669482533059166,22,1028,278930902,50
DEQ,669482540055134,22,1028,285914644,49
DEQ,669482547063342,22,1028,292920525,48
DEQ,669482554058498,22,1028,299912405,47
DEQ,669482561050558,22,1028,306902347,46
DEQ,669482568046892,22,1028,313896501,45
DEQ,669482575051184,22,1028,320898728,44
DEQ,669482582056034,22,1028,327900986,43
DEQ,669482589060642,22,1028,334903426,42
DEQ,669482596051887,22,1028,341892519,41
DEQ,669482603044933,22,1028,348883357,40
DEQ,669482610036529,22,1028,355872901,39
DEQ,669482617048125,22,1028,362882280,38
DEQ,669482624054528,22,1028,369886610,37
DEQ,669482631049862,22,1028,376879820,36
DEQ,669482637929327,22,1028,383757167,35
DEQ,669482645046151,22,1028,390871805,34
DEQ,669482652047008,22,1028,397870507,33
DEQ,669482659058960,22,1028,404880375,32
DEQ,669482666054489,22,1028,411873788,79
DEQ,669482673045333,22,1028,418862256,78
DEQ,669482680045852,22,1028,425860509,77
DEQ,669482687057477,22,1028,432869866,76
DEQ,669482694050259,22,1028,439860560,75
DEQ,669482701051623,22,1028,446859802,74
DEQ,669482708055056,22,1028,453860889,73
DEQ,669482715059938,22,1028,460863728,72
DEQ,669482722051248,22,1028,467853052,71
DEQ,669482729062420,22,1028,474862147,70
DEQ,669482736057088,22,1028,481854772,69
DEQ,669482743057502,22,1028,488852978,68
DEQ,669482750050489,22,1028,495843860,67
DEQ,669482757052741,22,1028,502843976,66
DEQ,669482764058001,22,1028,509847101,65
DEQ,669482771060070,22,1028,516847117,64
DEQ,669482778052855,22,1028,523837847,63
DEQ,669482785059201,22,1028,530842173,62
DEQ,669482792054652,22,1028,537835495,61
DEQ,669482799051289,22,1028,544830093,79
DEQ,669482806054176,22,1028,551830686,78
DEQ,669482813053525,22,1028,558827796,77
DEQ,669482820056887,22,1028,565828949,76
DEQ,669482827055026,22,1028,572824981,75
DEQ,669482834044674,22,1028,579812369,74
DEQ,669482841055064,22,1028,586820586,73
DEQ,669482848056914,22,1028,593820259,72
DEQ,669482855056874,22,1028,600818095,71
DEQ,669482862056362,22,1028,607815207,70
DEQ,669482869059298,22,1028,614816082,69
DEQ,669482876037068,22,1028,621791794,68
DEQ,669482882930487,22,1028,628682945,67
DEQ,669482889928758,22,1028,227806231,66
DEQ,669482897054264,22,1028,234922840,65
DEQ,669482904059811,22,1028,241925780,64
DEQ,669482911055276,22,1028,248919063,63
DEQ,669482918057313,22,1028,255918897,62
DEQ,669482925042031,22,1028,262901435,61
DEQ,669482932050642,22,1028,269907963,60
DEQ,669482939060972,22,1028,276915973,59
DEQ,669482946046000,22,1028,283898870,58
DEQ,669482953038881,22,1028,290889559,57
DEQ,669482960058564,22,1028,297907162,56
DEQ,669482967051597,22,1028,304896583,55
DEQ,669482974054084,22,1028,311896822,54
DEQ,669482981067015,22,1028,318907472,53
DEQ,669482988056250,22,1028,325894643,52
DEQ,669482995060113,22,1028,332896247,51
DEQ,669483002052407,22,1028,339886388,50
DEQ,669483009062747,22,1028,346894585,49
DEQ,669483016058245,22,1028,353888010,48
DEQ,669483023062792,22,1028,360890504,47
DEQ,669483030071387,22,1028,367897007,46
DEQ,669483037049430,22,1028,374873000,45
DEQ,669483044055446,22,1028,381876907,44
DEQ,669483051049514,22,1028,388868847,43
DEQ,669483058059155,22,1028,395876455,42
DEQ,669483065066231,22,1028,402881141,57
DEQ,669483072053801,22,1028,409866560,56
DEQ,669483079056988,22,1028,416867668,55
DEQ,669483086045786,22,1028,423854335,54
DEQ,669483093059494,22,1028,430865922,53
DEQ,669483100054118,22,1028,437858370,52
DEQ,669483107043452,22,1028,444845646,51
DEQ,669483114059239,22,1028,451859378,50
DEQ,669483121061222,22,1028,458859075,49
DEQ,669483128053268,22,1028,465848953,48
DEQ,669483135053798,22,1028,472847348,47
DEQ,669483142046333,22,1028,479837890,46
DEQ,669483149037954,22,1028,486827433,45
DEQ,669483156053404,22,1028,493840787,44
DEQ,669483163059680,22,1028,500844935,43
DEQ,669483170076833,22,1028,507859949,42
DEQ,669483177049335,22,1028,514830410,41
DEQ,669483184058583,22,1028,521837596,40
DEQ,669483191053705,22,1028,528830044,39
DEQ,669483198058404,22,1028,535832562,38
DEQ,669483205059576,22,1028,542831658,88
DEQ,669483212061742,22,1028,549831854,87
DEQ,669483219055530,22,1028,555112861,86
DEQ,669483226060983,22,1028,427931543,85
DEQ,669483233061284,22,1028,434923264,84
STATS,669483233199472,84,86352,9370,9286,0,0,0
DEQ,669483240053465,22,1028,441913276,83
DEQ,669483247058787,22,1028,448916515,82
DEQ,669483254061826,22,1028,455916221,81
DEQ,669483261059748,22,1028,462911999,80
DEQ,669483268056730,22,1028,469906970,79
DEQ,669483275060545,22,1028,476908775,78
DEQ,669483281929729,22,1028,483775946,77
DEQ,669483289059768,22,1028,490903997,76
DEQ,669483296053540,22,1028,497895781,75
DEQ,669483303055604,22,1028,504895831,74
DEQ,669483310056888,22,1028,511894851,73
DEQ,669483317059551,22,1028,518895497,72
DEQ,669483324052710,22,1028,525886667,71
DEQ,669483331059801,22,1028,532891772,70
DEQ,669483338045225,22,1028,539875224,70
DEQ,669483345061469,22,1028,546889487,69
DEQ,669483352051414,22,1028,553877419,68
DEQ,669483359053920,22,1028,296949140,67
DEQ,669483366058498,22,1028,303938409,66
DEQ,669483373063105,22,1028,310940871,65
DEQ,669483380056177,22,1028,317931770,64
DEQ,669483387059884,22,1028,324933377,63
DEQ,669483394054492,22,1028,331925875,62
DEQ,669483401061841,22,1028,338929386,61
DEQ,669483408057029,22,1028,345922392,60
DEQ,669483415056588,22,1028,352919860,59
DEQ,669483422056990,22,1028,359917675,58
DEQ,669483429064060,22,1028,366922654,57
DEQ,669483436054417,22,1028,373910941,56
DEQ,669483443055732,22,1028,380910102,55
DEQ,669483450051040,22,1028,387903172,54
DEQ,669483457059917,22,1028,394909904,53
DEQ,669483464055611,22,1028,401124798,52
DEQ,669483471057074,22,1028,272900027,51
DEQ,669483478046698,22,1028,279881310,50
DEQ,669483485059912,22,1028,286892342,49
DEQ,669483492058744,22,1028,293888966,48
DEQ,669483499056678,22,1028,300884819,47
DEQ,669483506055453,22,1028,307881459,46
DEQ,669483513060436,22,1028,314884349,45
DEQ,669483520057143,22,1028,321878947,44
DEQ,669483527062441,22,1028,328882212,43
DEQ,669483534048923,22,1028,335866646,42
DEQ,669483541049655,22,1028,342865285,41
DEQ,669483548046700,22,1028,349860184,40
DEQ,669483555058624,22,1028,356869508,39
DEQ,669483562055468,22,1028,363864250,38
DEQ,669483569048431,22,1028,370855212,37
DEQ,669483576046791,22,1028,377851548,36
DEQ,669483583056423,22,1028,384858928,35
DEQ,669483590055593,22,1028,391856011,34
DEQ,669483597061620,22,1028,398859980,33
DEQ,669483604050511,22,1028,405846788,80
DEQ,669483611047180,22,1028,412841338,79
DEQ,669483618038422,22,1028,419830559,78
DEQ,669483625060023,22,1028,426850154,77
DEQ,669483632050513,22,1028,433838662,76
DEQ,669483639035743,22,1028,440821815,75
DEQ,669483646046878,22,1028,447830912,74
DEQ,669483653053465,22,1028,454835434,73
DEQ,669483660055512,22,1028,461835341,72
DEQ,669483667060146,22,1028,468837893,71
DEQ,669483674060477,22,1028,475836262,70
DEQ,669483681054388,22,1028,482828142,69
DEQ,669483688055560,22,1028,489827177,68
DEQ,669483695061043,22,1028,496830558,67
DEQ,669483702063874,22,1028,503831049,66
DEQ,669483709056023,22,1028,510820991,65
DEQ,669483716047931,22,1028,517810851,64
DEQ,669483723054318,22,1028,524815137,63
DEQ,669483730044695,22,1028,531803541,62
DEQ,669483737060229,22,1028,538816991,80
DEQ,669483744054017,22,1028,545808709,79
DEQ,669483751060212,22,1028,552812885,78
DEQ,669483758053977,22,1028,559804560,77
DEQ,669483765061713,22,1028,566810332,76
DEQ,669483772049840,22,1028,573796281,75
DEQ,669483779051532,22,1028,580795786,74
DEQ,669483786043059,22,1028,587785271,73
DEQ,669483793047316,22,1028,594787451,72
DEQ,669483800046855,22,1028,601784707,71
DEQ,669483807065249,22,1028,608801112,70
DEQ,669483814051439,22,1028,615785244,69
DEQ,669483821049373,22,1028,622781132,68
DEQ,669483828054828,22,84,493931326,67
DEQ,669483835052146,22,1028,236928201,66
DEQ,669483842051576,22,1028,243919025,65
DEQ,669483849056071,22,1028,250921339,64
DEQ,669483856059984,22,1028,257922975,63
DEQ,669483863067278,22,1028,264927981,62
DEQ,669483870052593,22,1028,271911147,61
DEQ,669483877060265,22,1028,278916663,60
DEQ,669483884047124,22,1028,285901526,59
DEQ,669483891060401,22,1028,292912800,58
DEQ,669483898059987,22,1028,299910234,57
DEQ,669483905054524,22,1028,306902639,56
DEQ,669483912055858,22,1028,313901712,55
DEQ,669483919056296,22,1028,320900157,54
DEQ,669483926068571,22,1028,327910190,53
DEQ,669483933060391,22,1028,334898887,52
DEQ,669483940057525,22,1028,341893894,51
DEQ,669483947054583,22,1028,348888854,50
DEQ,669483954056048,22,1028,355888320,49
DEQ,669483961056298,22,1028,362886445,48
DEQ,669483968055608,22,1028,369883693,47
DEQ,669483975056460,22,1028,376882422,46
DEQ,669483982062590,22,1028,383886310,45
DEQ,669483989047665,22,1028,390869336,44
DEQ,669483996058388,22,1028,397877987,43
DEQ,669484003056292,22,1028,404873301,42
DEQ,669484010050292,22,1028,411865120,57
DEQ,669484017055103,22,1028,418867888,56
DEQ,669484024049739,22,1028,425860390,55
DEQ,669484031052179,22,1028,432860793,54
DEQ,669484038053414,22,1028,439859960,53
DEQ,669484045048926,22,1028,446853500,52
DEQ,669484052039043,22,1028,453841569,51
DEQ,669484058989854,22,1028,460790420,50
DEQ,669484066040663,22,1028,467839261,49
DEQ,669484073056338,22,1028,474852867,48
DEQ,669484080042620,22,1028,481837099,47
DEQ,669484087044356,22,1028,488836848,46
DEQ,669484094047325,22,1028,495837868,45
DEQ,669484101060472,22,1028,502848905,44
DEQ,669484108054287,22,1028,509840681,43
DEQ,669484115077179,22,1028,516861521,42
DEQ,669484122045681,22,1028,523828078,41
DEQ,669484129057309,22,1028,530837738,40
DEQ,669484136056079,22,1028,537834466,39
DEQ,669484143043607,22,1028,544819913,89
DEQ,669484150055319,22,1028,551829211,88
DEQ,669484157054035,22,1028,557384416,87
DEQ,669484164051816,22,1028,562187896,86
DEQ,669484171056699,22,1028,436929850,85
DEQ,669484178052674,22,1028,443917328,84
DEQ,669484185049824,22,1028,450912247,83
DEQ,669484192059403,22,1028,457919593,82
DEQ,669484199059783,22,1028,464917924,81
DEQ,669484206060234,22,1028,471916362,80
DEQ,669484213063149,22,1028,478917274,79
DEQ,669484220055227,22,1028,485907325,78
DEQ,669484227055717,22,1028,492905742,77
DEQ,669484234056883,22,1028,499904887,76
STATS,669484234191568,76,78128,9505,9429,0,0,0
DEQ,669484241064004,22,1028,506910014,75
DEQ,669484248054519,22,1028,513898522,74
DEQ,669484255056623,22,1028,520898618,73
DEQ,669484262059441,22,1028,527899387,72
DEQ,669484269054960,22,1028,534892917,71
DEQ,669484276057905,22,1028,541893872,71
DEQ,669484283054904,22,1028,548888881,70
DEQ,669484290053595,22,1028,555885567,69
DEQ,669484297060656,22,1028,562890543,68
DEQ,669484304052046,22,1028,297943416,67
DEQ,669484311054746,22,1028,304924127,66
DEQ,669484318053957,22,1028,311921132,65
DEQ,669484325060777,22,1028,318925775,64
DEQ,669484332048980,22,1028,325911863,63
DEQ,669484339061655,22,1028,332922511,62
DEQ,669484346056351,22,1028,339915119,61
DEQ,669484353060676,22,1028,346917530,60
DEQ,669484360056326,22,1028,353911159,59
DEQ,669484367058315,22,1028,360911111,58
DEQ,669484374055430,22,1028,367906156,57
DEQ,669484381055905,22,1028,374904571,56
DEQ,669484388047269,22,1028,381893872,55
DEQ,669484395055010,22,1028,388899073,54
DEQ,669484402046391,22,1028,395888392,53
DEQ,669484409057503,22,1028,401174621,52
DEQ,669484416057876,22,1028,273935815,51
DEQ,669484423055075,22,1028,280924376,50
DEQ,669484430050158,22,1028,287917241,49
DEQ,669484437055952,22,1028,294920989,48
DEQ,669484444059964,22,1028,301922950,47
DEQ,669484451060994,22,1028,308921823,46
DEQ,669484458035199,22,1028,315894002,45
DEQ,669484465056901,22,1028,322912450,44
DEQ,669484472055116,22,1028,329908566,43
DEQ,669484479058459,22,1028,336909850,42
DEQ,669484486049774,22,1028,343899167,41
DEQ,669484493044776,22,1028,350892155,40
DEQ,669484500056825,22,1028,357902219,39
DEQ,669484507056028,22,1028,364899414,38
DEQ,669484514057354,22,1028,371898700,37
DEQ,669484521046836,22,1028,378886165,36
DEQ,669484528039478,22,1028,385876704,35
DEQ,669484535060148,22,1028,392895320,34
DEQ,669484542057354,22,1028,399890531,33
DEQ,669484549061903,22,1028,406893108,80
DEQ,669484556054863,22,1028,413884004,79
DEQ,669484563052108,22,1028,420879265,78
DEQ,669484570065639,22,1028,427890809,77
DEQ,669484577060973,22,1028,434884100,76
DEQ,669484584056515,22,1028,441877659,75
DEQ,669484591039900,22,1028,448859052,74
DEQ,669484598055810,22,1028,455872945,73
DEQ,669484605049467,22,1028,462864531,72
DEQ,669484612057349,22,1028,469869900,71
DEQ,669484619057025,22,1028,476867531,70
DEQ,669484626046498,22,1028,483854373,69
DEQ,669484633054354,22,1028,490860221,68
DEQ,669484640058279,22,1028,497861991,67
DEQ,669484647061172,22,1028,504862744,66
DEQ,669484654059910,22,1028,511859430,65
DEQ,669484661056933,22,1028,518854385,64
DEQ,669484668056639,22,1028,525852111,63
DEQ,669484675061096,22,1028,532854526,62
DEQ,669484682053223,22,1028,539844574,80
DEQ,669484689057007,22,1028,546846281,79
DEQ,669484696057447,22,1028,553844671,78
DEQ,669484703059533,22,1028,560844761,77
DEQ,669484710050722,22,1028,567833657,76
DEQ,669484717061214,22,1028,574842167,75
DEQ,669484724060732,22,1028,581839529,74
DEQ,669484731052722,22,1028,588829232,73
DEQ,669484738063274,22,1028,595837813,72
DEQ,669484745061254,22,1028,602833851,71
DEQ,669484752057581,22,1028,609828100,70
DEQ,669484759057365,22,1028,616825429,69
DEQ,669484766060043,22,1028,623826062,68
DEQ,669484773049555,22,84,502921770,67
DEQ,669484780055702,22,1028,237909016,66
DEQ,669484787057042,22,1028,244902002,65
DEQ,669484794055873,22,1028,251898752,64
DEQ,669484801061435,22,1028,258902153,63
DEQ,669484808055268,22,1028,265893861,62
DEQ,669484815051935,22,1028,272888367,61
DEQ,669484822051782,22,1028,279886064,60
DEQ,669484829061371,22,1028,286893522,59
DEQ,669484836057652,22,1028,293887747,58
DEQ,669484843067950,22,1028,300895966,57
DEQ,669484850055172,22,1028,307880633,56
DEQ,669484857053065,22,1028,314876524,55
DEQ,669484864052653,22,1028,321874107,54
DEQ,669484871062207,22,1028,328881671,53
DEQ,669484878056023,22,1028,335873257,52
DEQ,669484885061444,22,1028,342876708,51
DEQ,669484892055092,22,1028,349868384,50
DEQ,669484899057193,22,1028,356868493,49
DEQ,669484906053810,22,1028,363862711,48
DEQ,669484913057210,22,1028,370864048,47
DEQ,669484920056915,22,1028,377861741,46
DEQ,669484927048059,22,1028,384850917,45
DEQ,669484934048185,22,1028,391849047,44
DEQ,669484941061432,22,1028,398860301,43
DEQ,669484948055212,22,1028,405852067,55
DEQ,669484955040400,22,1028,412835087,54
DEQ,669484962043027,22,1028,419835742,53
DEQ,669484969052005,22,1028,426842748,52
DEQ,669484976055164,22,1028,433843894,51
DEQ,669484983057249,22,1028,440843896,50
DEQ,669484990031076,22,1028,447815576,49
DEQ,669484997051970,22,1028,454834490,48
DEQ,669485004049930,22,1028,461830332,47
DEQ,669485011058207,22,1028,468836426,46
DEQ,669485018053558,22,1028,475829795,45
DEQ,669485025044274,22,1028,482818435,44
DEQ,669485031980108,22,1028,489752270,43
DEQ,669485039046979,22,1028,496817136,42
DEQ,669485046042492,22,1028,503810582,41
DEQ,669485053061637,22,1028,510827648,40
DEQ,669485060044621,22,1028,517808615,39
DEQ,669485067057952,22,1028,524819977,38
DEQ,669485074056280,22,1028,531816194,37
DEQ,669485081036794,22,1028,538794654,90
DEQ,669485088052035,22,1028,545807807,89
DEQ,669485095065755,22,1028,552452064,88
DEQ,669485102056199,22,1028,557248725,87
DEQ,669485109057368,22,1028,562043298,86
DEQ,669485116064591,22,1028,437941582,85
DEQ,669485123062514,22,1028,444931043,84
DEQ,669485130061382,22,1028,451927762,83
DEQ,669485137061712,22,1028,458926032,82
DEQ,669485144060462,22,1028,465922460,81
DEQ,669485151061657,22,1028,472921469,80
DEQ,669485158068785,22,1028,479926572,79
DEQ,669485165056667,22,1028,486912459,78
DEQ,669485172057957,22,1028,493911738,77
DEQ,669485179061664,22,1028,500913434,76
DEQ,669485186048852,22,1028,507898565,75
DEQ,669485193053306,22,1028,514901023,74
DEQ,669485200058783,22,1028,521904497,73
DEQ,669485207053388,22,1028,528897090,72
DEQ,669485213995937,22,1028,535837579,71
DEQ,669485221056749,22,1028,542896328,70
DEQ,669485228057242,22,1028,549894774,69
DEQ,669485235061790,22,1028,556897204,68
STATS,669485235081390,68,69904,9640,9572,0,0,0
DEQ,669485242047185,22,1028,563880601,67
DEQ,669485249057376,22,1028,306963113,66
DEQ,669485256058129,22,1028,313955536,65
DEQ,669485263058438,22,1028,320953367,64
DEQ,669485269997176,22,1028,327890054,63
DEQ,669485277061789,22,1028,334952547,62
DEQ,669485284057390,22,1028,341945892,61
DEQ,669485291051874,22,1028,348938371,60
DEQ,669485298061510,22,1028,355945954,59
DEQ,669485305061802,22,1028,362944041,58
DEQ,669485312057359,22,1028,369937520,57
DEQ,669485319058421,22,1028,376936546,56
DEQ,669485326066679,22,1028,381923368,55
DEQ,669485333061665,22,1028,386718236,54
DEQ,669485340048766,22,1028,261919100,53
DEQ,669485347055234,22,1028,268917117,52
DEQ,669485354064019,22,1028,275923622,52
DEQ,669485361058421,22,1028,282915895,51
DEQ,669485368057260,22,1028,289912390,50
DEQ,669485375061931,22,1028,296915041,49
DEQ,669485382041980,22,1028,303892838,48
DEQ,669485389048778,22,1028,310897534,47
DEQ,669485396041493,22,1028,317888226,46
DEQ,669485403052411,22,1028,324897067,45
DEQ,669485410044530,22,1028,331887111,44
DEQ,669485417062786,22,1028,338903297,43
DEQ,669485424060669,22,1028,345899197,42
DEQ,669485431054920,22,1028,352891460,41
DEQ,669485438053741,22,1028,359888265,40
DEQ,669485445053641,22,1028,366886028,39
DEQ,669485452055721,22,1028,373885854,38
DEQ,669485459001917,22,1028,380830009,37
DEQ,669485466061937,22,1028,387888054,36
DEQ,669485473055356,22,1028,394879369,35
DEQ,669485480055762,22,1028,401877544,34
DEQ,669485486991207,22,1028,408810724,78
DEQ,669485494048667,22,1028,415866098,77
DEQ,669485501043377,22,1028,422858801,76
DEQ,669485508058211,22,1028,429871648,75
DEQ,669485515051956,22,1028,436863414,74
DEQ,669485522039449,22,1028,443848903,73
DEQ,669485529055830,22,1028,450863079,72
DEQ,669485536051314,22,1028,457856285,71
DEQ,669485543057841,22,1028,464860786,70
DEQ,669485550057325,22,1028,471858112,69
DEQ,669485557048650,22,1028,478847216,68
DEQ,669485564055754,22,1028,485852196,67
DEQ,669485571055347,22,1028,492849494,66
DEQ,669485578061469,22,1028,499853497,65
DEQ,669485585056192,22,1028,506846217,64
DEQ,669485592059283,22,1028,513847187,63
DEQ,669485599059685,22,1028,520845465,62
DEQ,669485606053544,22,1028,527837136,61
DEQ,669485613062092,22,1028,534842515,60
DEQ,669485620055297,22,1028,541833578,81
DEQ,669485627059011,22,1028,548835020,80
DEQ,669485634055935,22,1028,555829807,79
DEQ,669485641058006,22,1028,562829837,78
DEQ,669485648057590,22,1028,569827080,77
DEQ,669485655046791,22,1028,576814288,76
DEQ,669485662059278,22,1028,583824153,75
DEQ,669485669058050,22,1028,590820863,74
DEQ,669485676050119,22,1028,597810961,73
DEQ,669485683056816,22,1028,604815655,72
DEQ,669485690061880,22,1028,611818612,71
DEQ,669485697054226,22,1028,618808935,70
DEQ,669485704057673,22,1028,625810420,69
DEQ,669485711060531,22,1028,632811268,68
DEQ,669485718056048,22,84,367946555,67
DEQ,669485725055637,22,1028,238942695,66
DEQ,669485732058554,22,1028,245931920,65
DEQ,669485739057951,22,1028,252929122,64
DEQ,669485746050273,22,1028,259919334,63
DEQ,669485753053056,22,1028,266919923,62
DEQ,669485760053548,22,1028,273918233,61
DEQ,669485767062330,22,1028,280924933,60
DEQ,669485774062774,22,1028,287923262,59
DEQ,669485781062306,22,1028,294920718,58
DEQ,669485788056068,22,1028,301912433,57
DEQ,669485795065668,22,1028,308919855,56
DEQ,669485802057295,22,1028,315909436,55
DEQ,669485809059030,22,1028,322909087,54
DEQ,669485816057838,22,1028,329905832,53
DEQ,669485823056896,22,1028,336902838,52
DEQ,669485830062590,22,1028,343906393,51
DEQ,669485837066611,22,1028,350908361,50
DEQ,669485844056997,22,1028,357896334,49
DEQ,669485851062304,22,1028,364899601,48
DEQ,669485858049517,22,1028,371884820,47
DEQ,669485865063256,22,1028,378896468,46
DEQ,669485872044454,22,1028,385875303,45
DEQ,669485879046874,22,1028,392875539,44
DEQ,669485885998613,22,1028,399825207,43
DEQ,669485893055022,22,1028,406879554,55
DEQ,669485900053729,22,1028,413876114,54
DEQ,669485907041096,22,1028,420861438,53
DEQ,669485914044149,22,1028,427862357,52
DEQ,669485921059478,22,1028,434875232,51
DEQ,669485928057842,22,1028,441871538,50
DEQ,669485935056738,22,1028,448868330,49
DEQ,669485942048712,22,1028,455858053,48
DEQ,669485949057974,22,1028,462865219,47
DEQ,669485956067077,22,1028,469872152,46
DEQ,669485963056601,22,1028,476859555,45
DEQ,669485970056195,22,1028,483857009,44
DEQ,669485977059756,22,1028,490858365,43
DEQ,669485984049231,22,1028,497845775,42
DEQ,669485991060001,22,1028,504854424,41
DEQ,669485998058847,22,1028,511851133,40
DEQ,669486005033270,22,1028,518823466,39
DEQ,669486012045178,22,1028,525833287,38
DEQ,669486019071391,22,1028,532857155,37
DEQ,669486026055518,22,1028,539839184,90
DEQ,669486033071205,22,1028,546852883,89
DEQ,669486040056363,22,1028,425940218,88
DEQ,669486047058352,22,1028,432932728,87
DEQ,669486054059683,22,1028,439931810,86
DEQ,669486061046637,22,1028,446916654,85
DEQ,669486067999303,22,1028,453867214,84
DEQ,669486075062793,22,1028,460928524,83
DEQ,669486082062235,22,1028,467925960,82
DEQ,669486089062626,22,1028,474924298,81
DEQ,669486096056453,22,1028,481915985,80
DEQ,669486103060101,22,1028,488917467,79
DEQ,669486110054958,22,1028,495910218,78
DEQ,669486117062585,22,1028,502915669,77
DEQ,669486124049080,22,1028,509900091,76
DEQ,669486131052610,22,1028,516901559,75
DEQ,669486138057157,22,1028,523903942,74
DEQ,669486145056772,22,1028,530901488,73
DEQ,669486152058118,22,1028,537900749,72
DEQ,669486159046575,22,1028,544887118,71
DEQ,669486166061513,22,1028,551899909,70
DEQ,669486173058492,22,1028,558894648,69
DEQ,669486180058472,22,1028,565892498,68
DEQ,669486187052671,22,1028,572884700,67
DEQ,669486194056528,22,1028,308035367,66
DEQ,669486201058641,22,1028,315029642,65
DEQ,669486208065818,22,1028,322034660,64
DEQ,669486215055562,22,1028,329022247,63
DEQ,669486222058244,22,1028,336022751,62
DEQ,669486229059447,22,1028,343021765,61
DEQ,669486236058298,22,1028,350018545,60
STATS,669486236077687,60,61680,9775,9715,0,0,0
DEQ,669486243051120,22,1028,357009256,59
DEQ,669486250059018,22,1028,364015109,58
DEQ,669486257062717,22,1028,371016723,57
DEQ,669486264058314,22,1028,376975056,56
DEQ,669486271056997,22,1028,381778077,55
DEQ,669486278064406,22,1028,386592077,54
DEQ,669486285062831,22,1028,262955696,53
DEQ,669486292062487,22,1028,269940796,52
DEQ,669486299057085,22,1028,276933000,51
DEQ,669486306057356,22,1028,283931134,50
DEQ,669486313058681,22,1028,290930277,49
DEQ,669486320056720,22,1028,297926237,48
DEQ,669486327058675,22,1028,304926077,47
DEQ,669486334055319,22,1028,311920645,46
DEQ,669486341045385,22,1028,318908648,45
DEQ,669486348052204,22,1028,325913396,44
DEQ,669486355058737,22,1028,332917924,43
DEQ,669486362058356,22,1028,339915471,42
DEQ,669486369064554,22,1028,346919576,41
DEQ,669486376049361,22,1028,353902328,40
DEQ,669486383060070,22,1028,360910959,39
DEQ,669486390057555,22,1028,367906219,38
DEQ,669486397064614,22,1028,374911072,37
DEQ,669486404060854,22,1028,381905304,36
DEQ,669486411049035,22,1028,388891430,35
DEQ,669486418048094,22,1028,395888432,34
DEQ,669486425052370,22,1028,402890639,76
DEQ,669486432059909,22,1028,409895893,75
DEQ,669486439058826,22,1028,416892728,74
DEQ,669486446049243,22,1028,423881060,73
DEQ,669486453059258,22,1028,430888924,72
DEQ,669486460051469,22,1028,437879153,71
DEQ,669486467057175,22,1028,444882744,70
DEQ,669486474055078,22,1028,451878431,69
DEQ,669486481052167,22,1028,458873448,68
DEQ,669486488058577,22,1028,465877789,67
DEQ,669486495053871,22,1028,472871027,66
DEQ,669486502057997,22,1028,479873185,65
DEQ,669486509058887,22,1028,486871989,64
DEQ,669486516061777,22,1028,493872861,63
DEQ,669486523058919,22,1028,500867993,62
DEQ,669486530062726,22,1028,507869751,61
DEQ,669486537063059,22,1028,514868014,60
DEQ,669486544056903,22,1028,521859767,59
DEQ,669486551053528,22,1028,528854427,58
DEQ,669486557998130,22,1028,535797017,57
DEQ,669486565063335,22,1028,542860025,81
DEQ,669486572061135,22,1028,549855738,80
DEQ,669486579058960,22,1028,556851484,79
DEQ,669486586064439,22,1028,563854972,78
DEQ,669486593058922,22,1028,570847460,77
DEQ,669486600057081,22,1028,577843520,76
DEQ,669486607057459,22,1028,584841646,75
DEQ,669486614059621,22,1028,591841736,74
DEQ,669486621063492,22,1028,598843522,73
DEQ,669486628056710,22,1028,605834673,72
DEQ,669486635059053,22,1028,612834975,71
DEQ,669486642056990,22,1028,619830885,70
DEQ,669486649059981,22,1028,626831874,69
DEQ,669486656059542,22,1028,633829391,68
DEQ,669486663059107,22,84,240945015,67
DEQ,669486670045390,22,1028,247923024,66
DEQ,669486677059019,22,1028,254934407,65
DEQ,669486684058717,22,1028,261932031,64
DEQ,669486691059088,22,1028,268930381,63
DEQ,669486698062930,22,1028,275932152,62
DEQ,669486705066584,22,1028,282933479,61
DEQ,669486712057038,22,1028,289921826,60
DEQ,669486719059155,22,1028,296921819,59
DEQ,669486726057040,22,1028,303917647,58
DEQ,669486733063309,22,1028,310921871,57
DEQ,669486740056720,22,1028,317913207,56
DEQ,669486747057561,22,1028,324912078,55
DEQ,669486754057210,22,1028,331909652,54
DEQ,669486761064174,22,1028,338914477,53
DEQ,669486768057268,22,1028,345905518,52
DEQ,669486775061679,22,1028,352907672,51
DEQ,669486781932887,22,1028,359776826,50
DEQ,669486789058404,22,1028,366900246,49
DEQ,669486796057095,22,1028,373896864,48
DEQ,669486803059256,22,1028,380896946,47
DEQ,669486810058838,22,1028,387894422,46
DEQ,669486817047479,22,1028,394880979,45
DEQ,669486824050113,22,1028,401881531,44
DEQ,669486831048799,22,1028,408878161,53
DEQ,669486838067457,22,1028,415894751,52
DEQ,669486845063405,22,1028,422888613,51
DEQ,669486852053868,22,1028,429876901,50
DEQ,669486859052165,22,1028,436873222,49
DEQ,669486866059681,22,1028,443878609,48
DEQ,669486873057484,22,1028,450874361,47
DEQ,669486880053904,22,1028,457868563,46
DEQ,669486887047646,22,1028,464860329,45
DEQ,669486894059371,22,1028,471869965,44
DEQ,669486901059348,22,1028,478867837,43
DEQ,669486908058793,22,1028,485865231,42
DEQ,669486915067165,22,1028,492871635,41
DEQ,669486922045007,22,1028,499847217,40
DEQ,669486929063852,22,1028,506863959,39
DEQ,669486936057254,22,1028,513855251,38
DEQ,669486943059358,22,1028,520855281,37
DEQ,669486950037259,22,1028,527831211,36
DEQ,669486957050672,22,1028,533116846,35
DEQ,669486964060928,22,1028,406052314,91
DEQ,669486971063538,22,1028,413045228,90
DEQ,669486978056488,22,1028,420036037,89
DEQ,669486985064702,22,1028,427042129,88
DEQ,669486992064012,22,1028,434039327,87
DEQ,669486999048158,22,1028,441021457,86
DEQ,669487006056599,22,1028,448027795,85
DEQ,669487013060216,22,1028,455029315,84
DEQ,669487020020407,22,1028,461987412,83
DEQ,669487027064091,22,1028,469029006,82
DEQ,669487034043729,22,1028,476006320,81
DEQ,669487041063625,22,1028,483024157,80
DEQ,669487048060794,22,1028,490019193,79
DEQ,669487055063611,22,1028,497019955,78
DEQ,669487062065347,22,1028,504019619,77
DEQ,669487069069877,22,1028,511022168,76
DEQ,669487076046323,22,1028,517996433,75
DEQ,669487083063713,22,1028,525011796,74
DEQ,669487090064377,22,1028,532010363,73
DEQ,669487097059571,22,1028,539003549,72
DEQ,669487104063137,22,1028,546005145,71
DEQ,669487111063045,22,1028,553003070,70
DEQ,669487118057747,22,1028,559995632,69
DEQ,669487125063677,22,1028,566999512,68
DEQ,669487132058327,22,1028,573992091,67
DEQ,669487139057848,22,1028,308954682,66
DEQ,669487146056140,22,1028,315936049,65
DEQ,669487153059468,22,1028,322937174,64
DEQ,669487160057520,22,1028,329932831,63
DEQ,669487167067090,22,1028,336940051,62
DEQ,669487174058204,22,1028,343929055,61
DEQ,669487181059583,22,1028,350928250,60
DEQ,669487188045851,22,1028,357912510,59
DEQ,669487195066211,22,1028,364930809,58
DEQ,669487202058722,22,1028,371921268,57
DEQ,669487209059574,22,1028,250937477,56
DEQ,669487216059441,22,1028,257928605,55
DEQ,669487223054546,22,1028,264921506,54
DEQ,669487229998451,22,1028,271863239,53
DEQ,669487237066298,22,1028,278928957,52
STATS,669487237085360,52,53456,9910,9858,0,0,0
DEQ,669487244057576,22,1028,285917981,51
DEQ,669487251059695,22,1028,292917934,50
DEQ,669487258054367,22,1028,299910491,49
DEQ,669487265054671,22,1028,306908741,48
DEQ,669487272060116,22,1028,313912125,47
DEQ,669487279063056,22,1028,320912720,46
DEQ,669487286041864,22,1028,327889445,45
DEQ,669487293058505,22,1028,334903744,44
DEQ,669487300060042,22,1028,341903081,43
DEQ,669487307058025,22,1028,348899049,42
DEQ,669487314049408,22,1028,355888361,41
DEQ,669487321058062,22,1028,362895047,40
DEQ,669487328045687,22,1028,369880555,39
DEQ,669487335058063,22,1028,376890818,38
DEQ,669487342057655,22,1028,383888403,37
DEQ,669487349064783,22,1028,390893454,36
DEQ,669487356064855,22,1028,397891467,35
DEQ,669487363047682,22,1028,404871809,34
DEQ,669487370063406,22,1028,411885504,76
DEQ,669487377065581,22,1028,418885497,75
DEQ,669487384056698,22,1028,425874485,74
DEQ,669487391049901,22,1028,432865697,73
DEQ,669487398055726,22,1028,439869360,72
DEQ,669487405063863,22,1028,446875525,71
DEQ,669487412059378,22,1028,453869055,70
DEQ,669487419059824,22,1028,460867276,69
DEQ,669487426072429,22,1028,467877650,68
DEQ,669487433064990,22,1028,474867857,67
DEQ,669487440053763,22,1028,481854051,66
DEQ,669487447061651,22,1028,488859770,65
DEQ,669487454061429,22,1028,495857516,64
DEQ,669487461067684,22,1028,502861696,63
DEQ,669487468058658,22,1028,509850544,62
DEQ,669487475057413,22,1028,516847306,61
DEQ,669487482064490,22,1028,523852298,60
DEQ,669487489064092,22,1028,530849879,59
DEQ,669487496059701,22,1028,537843502,58
DEQ,669487503049571,22,1028,544831273,82
DEQ,669487510059583,22,1028,551839316,81
DEQ,669487517064172,22,1028,558841815,80
DEQ,669487524061171,22,1028,565836731,79
DEQ,669487531060788,22,1028,572834356,78
DEQ,669487538064708,22,1028,579836107,77
DEQ,669487545055029,22,1028,586824377,76
DEQ,669487552062932,22,1028,593830055,75
DEQ,669487559058325,22,1028,600823370,74
DEQ,669487566057982,22,1028,607821023,73
DEQ,669487573060903,22,1028,614821838,72
DEQ,669487580065308,22,1028,621824185,71
DEQ,669487587047161,22,1028,628804034,70
DEQ,669487594059093,22,1028,635813955,69
DEQ,669487601064369,22,1028,642817163,68
DEQ,669487608064755,22,1028,241954385,67
DEQ,669487615063361,22,1028,248934949,66
DEQ,669487622058012,22,1028,255927474,65
DEQ,669487629053347,22,84,262920703,64
DEQ,669487636057953,22,1028,269923132,63
DEQ,669487643065900,22,1028,276929043,62
DEQ,669487650063693,22,1028,283924742,61
DEQ,669487657064165,22,1028,290923112,60
DEQ,669487664059748,22,1028,297916672,59
DEQ,669487671060973,22,1028,304915872,58
DEQ,669487678055890,22,1028,311908721,57
DEQ,669487685064324,22,1028,318915054,56
DEQ,669487692058047,22,1028,325906713,55
DEQ,669487699064294,22,1028,332910918,54
DEQ,669487706065527,22,1028,339910140,53
DEQ,669487713060183,22,1028,346902803,52
DEQ,669487720058042,22,1028,353898585,51
DEQ,669487727066020,22,1028,360904365,50
DEQ,669487734056403,22,1028,367892615,49
DEQ,669487741064333,22,1028,374898316,48
DEQ,669487748061451,22,1028,381893361,47
DEQ,669487755064307,22,1028,388894151,46
DEQ,669487762053262,22,1028,395880830,45
DEQ,669487769049968,22,1028,402875302,51
DEQ,669487776058152,22,1028,409881388,50
DEQ,669487782997975,22,1028,416819153,49
DEQ,669487790034755,22,1028,423853866,48
DEQ,669487797057322,22,1028,430874076,47
DEQ,669487804058489,22,1028,437873242,46
DEQ,669487810999433,22,1028,444812081,45
DEQ,669487818067396,22,1028,451878052,44
DEQ,669487825064855,22,1028,458873442,43
DEQ,669487832064068,22,1028,465870668,42
DEQ,669487839000569,22,1028,472805127,41
DEQ,669487846059874,22,1028,479862274,40
DEQ,669487853051547,22,1028,486851895,39
DEQ,669487860059922,22,1028,493858232,38
DEQ,669487866999227,22,1028,500795467,37
DEQ,669487874055852,22,1028,507850108,36
DEQ,669487881050180,22,1028,514842333,35
DEQ,669487888051281,22,1028,521841241,34
DEQ,669487894994182,22,1028,528334808,33
DEQ,669487901998905,22,1028,533137300,32
DEQ,669487909057083,22,1028,406947705,91
DEQ,669487916065795,22,1028,413942704,90
DEQ,669487923061107,22,1028,420935567,89
DEQ,669487930052516,22,1028,427924792,88
DEQ,669487937060450,22,1028,434930616,87
DEQ,669487944045824,22,1028,441913878,86
DEQ,669487951029862,22,1028,448895841,85
DEQ,669487958002345,22,1028,455866255,84
DEQ,669487965064861,22,1028,462926603,83
DEQ,669487972058336,22,1028,469917997,82
DEQ,669487979057941,22,1028,476915628,81
DEQ,669487986061047,22,1028,483916661,80
DEQ,669487993060460,22,1028,490913911,79
DEQ,669488000060039,22,1028,497911319,78
DEQ,669488007068898,22,1028,504917962,77
DEQ,669488014059301,22,1028,511906228,76
DEQ,669488021065478,22,1028,518910372,75
DEQ,669488028060122,22,1028,525902969,74
DEQ,669488035060462,22,1028,532901268,73
DEQ,669488042061504,22,1028,539899891,72
DEQ,669488049058788,22,1028,546895167,71
DEQ,669488056059993,22,1028,553894399,70
DEQ,669488063059346,22,1028,560891704,69
DEQ,669488070051036,22,1028,567881276,68
DEQ,669488077003483,22,1028,574831552,67
DEQ,669488084060201,22,1028,317914802,66
DEQ,669488091066351,22,1028,324912808,65
DEQ,669488098064310,22,1028,331908584,64
STATS,669488098083952,64,65792,10045,9981,0,0,0
